time,e0,e1,e2,e3,wx,wy,wz,x,y,z,xp,yp,zp,input1,input2,input3,input4
0,0.999754,-0.0159696,-0.0111861,-0.0105935,0.00112596,-0.000820194,0.00303457,-0.0169194,0.0172714,0.0389293,-0.0153127,0.00288526,-0.00671321,2.99464,-0.0123885,-0.00486936,-0.0195532
0.02,0.999754,-0.0159626,-0.0111794,-0.0105985,0.0020173,0.00143411,-0.000759332,-0.0168234,0.0172508,0.0389253,-0.0159278,0.00300144,-0.00545722,4.24718,0.00632482,-0.0122691,0.0230936
0.04,0.999754,-0.0159587,-0.0111795,-0.0105949,0.00591888,0.00236161,0.00201116,-0.0166521,0.0172238,0.0389132,-0.0163474,0.00339045,-0.00526573,6.79972,-0.0187216,0.0116373,0.0118266
0.06,0.999754,-0.0159563,-0.0112116,-0.0105879,0.00559541,-0.00195802,-0.00155157,-0.0163847,0.017167,0.0389044,-0.0157329,0.00356153,-0.00648951,9.51333,-0.0177874,-0.0134758,0.00577821
0.08,0.999754,-0.0159578,-0.0112125,-0.0105967,0.000160327,-9.59561e-05,-0.00250581,-0.0159986,0.0170413,0.0389105,-0.0158602,0.00359951,-0.00553403,11.2479,-0.0282741,0.0257405,-0.00842249
0.1,0.999753,-0.015971,-0.0112271,-0.0105906,-0.00712892,0.00376375,-0.00329678,-0.0157207,0.0169799,0.038899,-0.0146876,0.00431819,-0.00689405,12.7918,0.02759,0.00342399,0.00763391
0.12,0.999753,-0.015985,-0.0112612,-0.0105937,-0.000408034,0.00563924,-0.000528841,-0.0151568,0.0168078,0.038898,-0.01452,0.00325322,-0.00568715,14.5855,0.0172736,-0.0281996,0.0241294
0.14,0.999752,-0.0160165,-0.0112634,-0.0105918,-0.000989638,0.00361474,0.00110863,-0.0148871,0.0166899,0.0389071,-0.0143154,0.00318312,-0.00571589,16.5293,-0.00134729,-0.0181968,-0.0204417
0.16,0.999752,-0.016036,-0.0112837,-0.0105732,-0.00844999,-0.00273261,0.00147593,-0.0146381,0.016589,0.0389074,-0.013856,0.0031071,-0.00593193,19.3387,-0.0208804,0.000501795,0.0225834
0.18,0.999752,-0.0160445,-0.011303,-0.0105542,-0.00873362,0.00504505,-0.000409833,-0.0142136,0.0164147,0.0388855,-0.0131976,0.00266972,-0.00690908,19.6626,0.0284337,0.00495135,-0.0285455
0.2,0.999752,-0.0160364,-0.011328,-0.0105587,0.00030413,-0.00439843,0.00157728,-0.0139453,0.0162905,0.0388756,-0.0126914,0.0021229,-0.006848,23.7908,-0.00699158,-0.028978,-0.0373323
0.22,0.999751,-0.0160489,-0.0113307,-0.0105551,0.00249697,0.00738313,-0.00983341,-0.0134788,0.0160521,0.0388616,-0.0133977,0.00145134,-0.00544247,24.6916,0.0115347,0.0117629,0.0376516
0.24,0.999752,-0.0160355,-0.0113485,-0.0105365,0.00632048,-0.00346186,-0.00372516,-0.0133375,0.0159785,0.0388564,-0.0126427,0.00174755,-0.00663549,26.2691,-0.0195259,-0.0237109,-0.00580405
0.26,0.999751,-0.0160735,-0.0113578,-0.010523,-0.0011023,-0.0027497,0.00183386,-0.0130616,0.0158433,0.0388453,-0.0121074,0.00138737,-0.00637723,26.5549,0.0236497,-0.0104652,0.0563064
0.28,0.999751,-0.0160775,-0.0113559,-0.0104956,0.00891123,-0.00988505,0.00409091,-0.012812,0.0157163,0.0388224,-0.012592,0.00118582,-0.00580121,29.6654,0.00945462,0.0128784,0.0103148
0.3,0.999751,-0.0161158,-0.0113723,-0.0104666,0.00219634,-0.00402497,0.00594387,-0.0125545,0.0155949,0.0388078,-0.0119049,0.000830128,-0.00563753,29.7341,0.00644392,-0.0298767,0.0108962
0.32,0.99975,-0.0161448,-0.0114063,-0.0104603,-0.00377745,0.00398483,-0.00105776,-0.012038,0.015346,0.0387748,-0.0106981,0.000781739,-0.00681973,31.4464,-0.000171419,-0.00395642,-0.114659
0.34,0.999749,-0.0161665,-0.0114059,-0.0104684,0.00509435,-0.00475712,-0.00657302,-0.0118498,0.0152543,0.0387632,-0.0111166,-9.14996e-05,-0.00592896,32.0096,-0.00854504,0.0166069,-0.0270857
0.36,0.999749,-0.0161707,-0.0114397,-0.0104669,0.00143167,-0.0090492,-0.000274852,-0.0113174,0.014985,0.038716,-0.010002,-0.000321951,-0.00698772,36.3934,-0.0288586,-0.000391502,0.0281147
0.38,0.999749,-0.0161733,-0.0114469,-0.0104909,0.0018119,-0.00288471,-0.00522322,-0.0109963,0.0148261,0.0386681,-0.00955586,0.000243356,-0.00662692,38.5483,-0.00576349,-0.0171475,0.0462748
0.4,0.999748,-0.0161949,-0.0114875,-0.0105009,0.0039652,-0.0111178,0.000337565,-0.0106742,0.0146973,0.0386215,-0.00940618,0.000765192,-0.00657935,36.2761,0.00841653,0.0202881,-0.132034
0.42,0.999747,-0.016204,-0.0115079,-0.0105064,0.00645388,-0.00935296,0.000510478,-0.0102853,0.0145326,0.0386058,-0.00879935,0.00125708,-0.00678785,36.2996,0.00277708,0.00516337,0.00679623
0.44,0.999747,-0.0162357,-0.0115425,-0.0104839,0.00060524,-0.00391215,-0.00226492,-0.00974554,0.0143315,0.0385601,-0.00844138,0.00209933,-0.00779892,39.2439,-0.00140301,-0.00776055,-0.0290732
0.46,0.999747,-0.0162448,-0.0115279,-0.0104904,-0.0102698,-0.00164111,0.00302715,-0.00941903,0.0142118,0.0385213,-0.00845428,0.00146464,-0.00773178,41.1937,-0.0141115,0.0114371,-0.0665996
0.48,0.999746,-0.0162619,-0.0115257,-0.0105065,-0.00418743,-0.000986343,0.000324556,-0.00911275,0.0140956,0.0384795,-0.00802145,0.00094313,-0.0078466,41.1948,-0.0175973,-0.0054311,0.00177214
0.5,0.999746,-0.0162638,-0.0115012,-0.0105304,-0.00331625,-0.00409698,0.00217302,-0.00882061,0.0139809,0.0384246,-0.00828077,-8.23988e-05,-0.00758709,40.7753,-0.0169927,0.000995947,0.0757109
0.52,0.999745,-0.0163007,-0.0114911,-0.0105506,-0.00690407,-0.00258531,-0.000245397,-0.00851131,0.0138533,0.038406,-0.00795893,-0.000259407,-0.00736251,42.1054,-0.00353647,-0.0222005,-0.0024336
0.54,0.999745,-0.0163001,-0.0114839,-0.0105995,-0.00415625,0.00281715,-0.00911761,-0.0080472,0.0136635,0.0384084,-0.00702865,0.000584148,-0.00781305,43.198,-0.0040834,-0.0245888,0.0341555
0.56,0.999744,-0.0163135,-0.0114777,-0.0106552,-0.00091184,0.00745504,-0.00621815,-0.0077551,0.0135556,0.0384001,-0.00633327,0.000245085,-0.00793619,43.2839,0.00763524,0.000863435,0.0970636
0.58,0.999743,-0.0162944,-0.0114979,-0.0107642,-0.000385708,-0.0040223,-0.0104517,-0.00747369,0.0134508,0.0383875,-0.00598118,-0.000165978,-0.00763332,41.3591,-0.0172972,-0.0120807,0.103302
0.6,0.999741,-0.0163131,-0.0115747,-0.0108241,0.00447551,-0.00502989,-0.00398108,-0.00720832,0.0133635,0.038373,-0.00564607,0.000843946,-0.0076852,41.2017,0.0302852,0.0359314,0.134816
0.62,0.999742,-0.0162836,-0.0116115,-0.0108066,0.00565607,-0.0071507,0.00305162,-0.00694659,0.0132997,0.0383919,-0.00615247,0.00110323,-0.00691974,43.5131,0.0144578,0.0211597,-0.0616217
0.64,0.999741,-0.0163008,-0.0116487,-0.0107796,-0.000570994,0.00263982,-0.0033755,-0.00657676,0.0132294,0.038501,-0.00685413,0.00216964,-0.00626905,43.2602,-0.0077268,0.00457049,-0.0666655
0.66,0.999741,-0.0163068,-0.011621,-0.0108455,-0.00800967,0.0038775,-0.0099905,-0.00636905,0.0132025,0.038561,-0.00732417,0.00204132,-0.00754529,38.6199,0.00185139,-0.0211197,0.138035
0.68,0.999741,-0.0162637,-0.0115832,-0.0108988,0.00291147,0.00651672,-0.00816297,-0.00618517,0.0131681,0.0386054,-0.00729346,0.000441727,-0.00706109,39.2425,-0.00142729,0.0191564,-0.0941926
0.7,0.999743,-0.0162617,-0.011528,-0.010843,0.00378322,0.00293182,0.00834369,-0.00590692,0.0130893,0.0386671,-0.00649189,-0.00122068,-0.00704991,39.698,-0.0467651,-0.0145827,-0.00963558
0.72,0.999742,-0.016282,-0.0115078,-0.0108476,-0.00208533,0.00335739,-0.000436442,-0.00572427,0.0130372,0.0387852,-0.00565563,-0.000466163,-0.00664702,41.0532,-0.00503312,0.011796,-0.0156968
0.74,0.999742,-0.0162947,-0.0114974,-0.0108905,-0.00384393,0.00278509,-0.00745532,-0.00554146,0.0130099,0.03891,-0.00495382,0.000319212,-0.0066682,39.0479,0.0780571,-0.0214063,-0.0305326
0.76,0.999742,-0.01627,-0.0115134,-0.0109239,0.000171761,0.00639504,0.000541242,-0.00536366,0.012998,0.0390214,-0.00431661,0.000558904,-0.0066011,38.3944,-0.00442522,-0.00871033,-0.0418429
0.78,0.999741,-0.0162698,-0.0115602,-0.0109126,-0.0111549,-0.000858294,-0.000475235,-0.00518735,0.0129925,0.0391276,-0.00320499,0.000193451,-0.00665377,38.2348,-0.00347768,0.0110591,0.0379114
0.8,0.999741,-0.0162864,-0.0115724,-0.0109032,0.00587101,-0.00165351,-0.00784899,-0.00493189,0.0129813,0.0392751,-0.0043063,-0.00106238,-0.00577805,37.9451,0.0541133,0.0222766,-0.127203
0.82,0.99974,-0.0162933,-0.0115941,-0.0109558,0.0164892,-0.000808614,-0.0098039,-0.00478161,0.0129681,0.0394162,-0.00392351,-0.000692466,-0.00532343,37.1162,-0.0197807,0.013505,-0.23574
0.84,0.999739,-0.0163105,-0.0116331,-0.0110192,0.0100253,-0.00568195,-0.00705157,-0.00464828,0.0129805,0.0395619,-0.00462925,0.000765083,-0.00551604,37.8717,0.00609555,0.00884588,-0.00219744
0.86,0.999739,-0.016292,-0.011616,-0.010992,-0.00166336,0.01065,0.00425756,-0.00453342,0.0130147,0.0396742,-0.00476794,0.000995154,-0.0064468,35.6511,0.073288,0.0238696,-0.226035
0.88,0.99974,-0.0162798,-0.0116061,-0.0109568,0.00151219,-0.000669421,0.0115408,-0.00448383,0.0130335,0.0397288,-0.00516982,0.000579858,-0.00669866,36.9421,-0.0121209,0.0116392,-0.0692632
0.9,0.999741,-0.0162721,-0.0115542,-0.0109519,0.0154386,0.00707697,-0.00848973,-0.00431987,0.0130759,0.0399224,-0.00597198,-0.00159952,-0.00641017,36.2878,-0.0099496,-0.0223639,-0.0151183
0.92,0.999739,-0.0163261,-0.011551,-0.0110161,0.00130785,-0.00694639,-0.00372815,-0.00422133,0.013087,0.0400564,-0.00528763,-0.00164828,-0.00545953,39.2494,-0.0261174,-0.00704724,0.0104127
0.94,0.999739,-0.0163584,-0.0115409,-0.011002,-0.0018227,0.00662842,0.00916265,-0.00412712,0.0131102,0.0401695,-0.00462879,-0.000612963,-0.00542381,38.965,0.00128491,0.00779939,-0.10294
0.96,0.99974,-0.0163624,-0.0115418,-0.0109346,-0.00319383,0.00430899,0.00749685,-0.00403552,0.0131483,0.0402741,-0.00448412,-0.000386523,-0.00521498,36.1889,-0.0159096,-7.72341e-05,-0.0482459
0.98,0.99974,-0.0163366,-0.0115904,-0.0109402,-0.000734383,-0.00343738,-0.00694706,-0.00391568,0.0131997,0.0404181,-0.0041687,-0.00142566,-0.00629907,39.3278,0.0165705,0.0139431,-0.0943722
1,0.999739,-0.0163058,-0.0115976,-0.0109908,0.0133803,-0.00374002,-0.0048104,-0.00384198,0.0132337,0.040501,-0.00428836,-0.00140643,-0.0056069,35.2748,-0.00175529,0.00959201,-0.131742
1.02,0.999739,-0.0163081,-0.0116262,-0.0109979,0.00247071,-0.00634076,-0.00448831,-0.00374259,0.0132485,0.0406187,-0.00417727,-0.00133214,-0.00560508,36.3754,0.0394513,-0.0265406,-0.0487299
1.04,0.99974,-0.0163008,-0.0116078,-0.0109696,0.00113625,-0.000928767,0.00336231,-0.00365365,0.0132736,0.0407228,-0.00435407,-0.00046094,-0.00523311,37.7865,-0.017756,-0.0188783,-0.128957
1.06,0.999739,-0.0163608,-0.0114472,-0.0110934,-0.0143226,0.0306457,-0.0266125,-0.00355018,0.0134137,0.0408723,-0.00317323,0.00662346,-0.0059078,40.1607,0.00469013,0.0210128,-0.197806
1.08,0.999737,-0.016251,-0.011309,-0.011549,0.0330632,-0.0200367,-0.052741,-0.00346768,0.0135884,0.0409319,-0.00282001,0.00589534,-0.00714184,33.1975,0.0226809,0.00887002,-0.100223
1.1,0.999737,-0.0159991,-0.0116453,-0.0116159,0.00885217,-0.0333068,0.0184348,-0.00337839,0.0136905,0.0410079,-0.000553426,-0.00164499,-0.00362777,38.8693,0.00809401,0.00745401,0.117573
1.12,0.999738,-0.0162422,-0.0116637,-0.0111483,-0.0308361,0.00283017,0.0584118,-0.00318221,0.013618,0.0411166,-0.00020489,-0.00696984,-0.00384744,38.3779,0.00287587,0.000873022,-0.0361884
1.14,0.999738,-0.0163941,-0.0117486,-0.0108125,0.00348518,-0.019095,0.0139158,-0.00303756,0.0135227,0.0412044,-0.00419594,-0.00466042,-0.00430765,37.7914,0.0168062,-0.016068,-0.0249976
1.16,0.999733,-0.0164375,-0.0115494,-0.0113869,0.00482828,0.0215129,-0.0556783,-0.0029441,0.0135748,0.0413109,-0.00640869,0.00572197,-0.00559772,38.1087,-0.0191913,-0.00506483,0.0602859
1.18,0.999735,-0.0162327,-0.0114733,-0.0116177,0.0198863,4.2002e-05,0.00592791,-0.00290004,0.0137233,0.0413557,-0.00423609,0.00744409,-0.00562163,36.737,0.00721732,-0.011339,0.0648792
1.2,0.99974,-0.0162084,-0.0114414,-0.0112574,-0.0124279,0.00430849,0.0572293,-0.00281113,0.0138614,0.041404,-0.00122193,0.00301647,-0.00461401,41.6332,0.000266312,0.011776,-0.0837409
1.22,0.999742,-0.0162622,-0.0114979,-0.0108816,-0.00523381,-0.0223101,0.0260143,-0.00265912,0.0138925,0.041448,-0.00121259,-0.00114693,-0.00395003,38.9714,0.00976165,-0.00320891,-0.104024
1.24,0.999738,-0.0163463,-0.0115739,-0.0110996,-0.012673,0.00981133,-0.0437116,-0.00242303,0.0138448,0.0415129,-0.00248163,-0.00103164,-0.00316218,41.2137,-0.0153565,0.0191877,-0.116842
1.26,0.999736,-0.016337,-0.0115717,-0.0113096,-0.00533414,0.00190523,-0.00456127,-0.0023057,0.0138531,0.0415393,-0.00320541,0.00204609,-0.00434418,36.4184,-0.0157449,-0.0131808,-0.135334
1.28,0.999738,-0.0163224,-0.0115448,-0.0111305,-0.0104865,0.00495007,0.0387448,-0.00220728,0.013912,0.0415518,-0.00368841,0.00315149,-0.00452312,37.0982,-0.0105642,0.00732507,-0.122128
1.3,0.999742,-0.0163645,-0.0114581,-0.0107821,-0.00284062,0.00618198,0.0363074,-0.00214256,0.01397,0.0415512,-0.00544113,0.00121853,-0.00485573,37.4607,-0.0113086,0.00126756,-0.101323
1.32,0.999743,-0.0163957,-0.0113866,-0.0107107,-0.00658636,0.00897437,0.016796,-0.00212025,0.0139883,0.0415522,-0.00624775,0.000416662,-0.00357844,37.9028,0.0116041,0.00190793,-0.210934
1.34,0.999742,-0.0164108,-0.0111553,-0.011042,-0.00717726,0.0130255,-0.0196041,-0.00190685,0.0140298,0.0415145,-0.00384091,-0.000656266,-0.00334989,37.1907,0.000402124,0.00329241,0.116152
1.36,0.999743,-0.0164156,-0.011107,-0.0110277,-0.00741116,0.00680762,0.00849421,-0.00176944,0.014064,0.0414966,-0.00137945,0.00058266,-0.00313591,41.0805,-0.0120636,0.00233068,-0.0247981
1.38,0.999744,-0.0164061,-0.0111501,-0.0108454,0.00171961,-0.00384347,0.0210973,-0.001601,0.0141168,0.0414806,0.000558167,0.000836893,-0.00270536,37.1924,0.0032144,-0.00295487,0.0841656
1.4,0.999744,-0.0164098,-0.0112449,-0.0107873,-0.00217099,-0.0105212,-0.00365027,-0.00141435,0.0141687,0.0414682,0.0018524,0.000304963,-0.00259482,38.7814,0.0138197,0.0126262,-0.296567
1.42,0.999741,-0.0163723,-0.0113573,-0.0109962,0.00910672,-0.00402113,-0.0205193,-0.00104444,0.0142174,0.0414389,0.00251148,-0.00139722,-0.00290202,39.5045,0.00749078,0.0335978,0.0451187
1.44,0.999739,-0.0163914,-0.0114466,-0.0110544,-0.00286106,-0.00958248,-0.00029643,-0.000781349,0.0142353,0.0414139,0.00223721,-0.00121968,-0.00236786,37.4984,0.0193554,0.0135398,-0.0348482
1.46,0.999739,-0.016414,-0.0115125,-0.0109696,0.00177485,-0.00285539,0.0134613,-0.000545991,0.0142693,0.0413874,0.00103049,-0.000165317,-0.00286499,39.807,0.00700553,0.00367761,-0.186917
1.48,0.99974,-0.01642,-0.0115138,-0.0108829,-0.00209517,0.00997315,0.00925741,-0.000348579,0.0143202,0.0413484,-0.000590711,0.00026894,-0.00338008,42.6331,-0.0275526,-0.0201752,-0.179135
1.5,0.999739,-0.0164247,-0.0114357,-0.0109764,0.00498882,0.00502468,-0.0118503,-0.000125845,0.0144048,0.0412828,-0.00210765,-0.000259699,-0.00413219,37.8032,0.00922493,-0.00787272,0.0696235
1.52,0.99974,-0.0164375,-0.0113302,-0.0110358,0.00838534,0.00289556,-0.00691596,6.38305e-05,0.0144343,0.0412251,-0.00158304,-0.00120466,-0.00316639,37.3614,0.0142668,-0.0127804,-0.0827128
1.54,0.999741,-0.0164583,-0.0112688,-0.0109991,0.000324219,0.0116896,0.0026428,0.000264127,0.0144529,0.0411719,-5.94384e-05,-0.00171472,-0.00322026,37.827,-0.00616158,0.00414565,0.0714541
1.56,0.999741,-0.0165041,-0.011261,-0.0109167,-0.00085386,0.001571,0.0054507,0.000473011,0.014472,0.0411149,0.000797495,-0.00130881,-0.00334489,40.6348,0.0309806,0.000309732,-0.13488
1.58,0.99974,-0.0165174,-0.0112849,-0.0109133,0.00101815,-0.00168956,-0.00650752,0.00068155,0.0145013,0.0410555,0.0016398,-0.000915572,-0.00340484,40.5402,-0.000400453,-1.94938e-05,0.105849
1.6,0.999739,-0.016495,-0.0113665,-0.0110099,0.00274295,-0.00694952,-0.00831333,0.00100119,0.0145567,0.040966,0.00269817,-0.000858824,-0.00409398,35.8072,0.0148907,0.00900549,0.0749504
1.62,0.999738,-0.0165095,-0.011415,-0.010989,-0.00232097,-0.00668915,0.00828261,0.00125679,0.0145796,0.0409357,0.00311393,-0.00112607,-0.00417262,38.0555,0.015359,0.0236593,-0.046295
1.64,0.999738,-0.0165211,-0.011478,-0.010938,0.00337857,-0.0042744,0.00716005,0.0015102,0.0145988,0.0408891,0.00273634,-0.00160167,-0.00375422,42.6335,-0.00441188,0.00211355,-0.0720715
1.66,0.999738,-0.0165314,-0.0114786,-0.0109153,0.00124159,0.00197402,-0.00331183,0.00173261,0.0146126,0.040843,0.00176336,-0.00190903,-0.00375684,41.152,-0.0285585,0.00994006,0.00742317
1.68,0.999737,-0.0165365,-0.0114702,-0.0109904,0.00155082,0.00241419,-0.00799463,0.00201566,0.0146324,0.0407658,0.00108367,-0.00175937,-0.0052426,37.7576,0.00244487,0.000528211,-0.0436264
1.7,0.999737,-0.0165425,-0.0114226,-0.0110371,-0.000728968,0.00352296,-0.00639062,0.00218609,0.0146558,0.0407067,0.00124897,-0.00153598,-0.00500763,38.5585,0.0215118,0.00914772,-0.0336619
1.72,0.999738,-0.0165429,-0.0114082,-0.0109895,0.00678108,0.00164963,0.00637671,0.00237471,0.0146808,0.0406906,0.00166297,-0.00147204,-0.00541745,40.4267,0.00575449,-0.00978849,0.169846
1.74,0.999738,-0.0165579,-0.0113826,-0.010961,0.00180698,-0.00268189,-0.00102582,0.00256479,0.014708,0.040667,0.00241534,-0.00146195,-0.00500399,39.037,0.00603883,0.0045849,-0.00722333
1.76,0.999737,-0.0166009,-0.011385,-0.0110022,-0.00553686,0.000309384,-0.00519754,0.00286316,0.0147493,0.04062,0.00375606,-0.00130682,-0.00496591,38.7091,-0.0158627,0.00183845,-0.156209
1.78,0.999736,-0.0166052,-0.0114168,-0.0110243,-0.00517598,-0.00318345,-0.00656046,0.00306028,0.0147884,0.0405957,0.00463418,-0.000582836,-0.00497104,37.9867,0.0211297,0.0253712,0.180664
1.8,0.999736,-0.016614,-0.0114663,-0.0109781,0.00693101,-0.00894244,0.00669144,0.00326679,0.0148393,0.0405704,0.00515737,-0.000231225,-0.00478925,41.4582,0.000658056,0.00988407,0.173798
1.82,0.999736,-0.0166283,-0.0115022,-0.0109518,0.000358274,-0.00909602,0.00162955,0.00347477,0.0149114,0.0406028,0.00490163,-0.000314028,-0.00498974,37.2545,-0.00803891,-0.00554886,0.0240466
1.84,0.999736,-0.0166129,-0.011522,-0.0109456,0.00618299,-0.0128589,-0.00538228,0.00366932,0.0149756,0.0406295,0.00466948,-0.00126745,-0.00438905,39.2067,0.0023889,0.0395804,-0.0357998
1.86,0.999735,-0.0166651,-0.0115188,-0.010984,-0.00801521,0.00254326,-0.00411282,0.0039346,0.0150468,0.0406596,0.00382431,-0.00151732,-0.00431597,41.8263,-0.00589255,-0.00199755,-0.190375
1.88,0.999735,-0.0166581,-0.0115115,-0.0109657,-0.000769905,0.00192551,0.00372427,0.00409022,0.0150943,0.0406761,0.00401934,-0.00184618,-0.00472704,41.8099,-0.00929654,0.00977186,0.110878
1.9,0.999735,-0.0166507,-0.0114996,-0.0109547,0.00211611,-0.00113042,0.000849661,0.00424013,0.0151366,0.040685,0.0038445,-0.00216958,-0.00464682,35.5229,-0.00629508,0.00480236,0.0654259
1.92,0.999735,-0.0166681,-0.0114708,-0.010952,-0.00472598,-0.000482902,-0.000892166,0.00437709,0.0151479,0.0407345,0.00382195,-0.00245386,-0.00517934,38.647,-0.0160048,0.00406989,-0.0535391
1.94,0.999735,-0.0166676,-0.0114531,-0.0109909,-0.0027262,0.005638,-0.00483761,0.00457609,0.0151508,0.0407895,0.00429637,-0.00335591,-0.00364544,40.5022,-0.0102025,0.0128825,0.292824
1.96,0.999735,-0.0166864,-0.0114419,-0.0109993,-0.011373,0.00580487,-0.00385459,0.0047137,0.0151502,0.0408204,0.00467523,-0.00316607,-0.00378176,40.8616,0.00106436,0.0145692,0.00298038
1.98,0.999735,-0.0166745,-0.011453,-0.0110277,-0.00194295,0.0087266,-0.00895584,0.00485566,0.0151496,0.0408392,0.00508312,-0.0029326,-0.00492947,38.5568,0.00456469,-0.0128829,-0.0291158
2,0.999734,-0.0166963,-0.0114859,-0.0110421,-0.0114581,-0.00794283,-0.00250402,0.00498794,0.0151566,0.0408541,0.00538705,-0.00306307,-0.00519594,38.4838,0.00824344,0.0251467,0.154178
2.02,0.999733,-0.0167027,-0.0114898,-0.0111111,0.00431181,0.00236609,-8.37922e-05,0.00516549,0.0151359,0.0409283,0.00499899,-0.00350126,-0.00364121,42.3267,-0.000485121,-0.0021323,-0.00581144
2.04,0.999732,-0.0167126,-0.0115106,-0.0111098,-0.00251209,0.00628777,-0.001996,0.00527338,0.0151146,0.0409887,0.00559367,-0.00355972,-0.00364634,39.8868,0.0140929,0.0175209,0.126047
2.06,0.999733,-0.0167099,-0.0115157,-0.0110892,-0.00202949,0.00230469,0.00603051,0.00538123,0.0150941,0.0410393,0.00518045,-0.00346103,-0.00335081,36.8214,0.00886459,0.00558608,0.0416606
2.08,0.999732,-0.0166918,-0.0115123,-0.0111366,0.00484659,0.0035589,-0.00269827,0.00548134,0.0150721,0.0410789,0.00494142,-0.00337541,-0.00447523,39.0584,-0.0036542,0.0146374,0.0965398
2.1,0.999732,-0.0166876,-0.0115028,-0.0111737,-0.00728099,0.00554651,-0.00818746,0.00556521,0.0150499,0.0411146,0.00521513,-0.00392564,-0.00492758,41.2204,0.0202437,-0.0330726,0.1107
2.12,0.999732,-0.016687,-0.011495,-0.0111652,0.00560662,-0.00127637,-0.000588684,0.0056628,0.0149601,0.0411598,0.00450062,-0.00464891,-0.00409675,41.3055,-0.00145209,-0.00500623,0.203732
2.14,0.999732,-0.0167086,-0.0114811,-0.0111527,-0.0055181,0.003959,0.00278428,0.00571127,0.0148827,0.0411875,0.00431355,-0.00489547,-0.00346391,36.9569,-0.00384792,-0.000699436,-0.00549571
2.16,0.999733,-0.0166897,-0.0114799,-0.0111529,0.00783309,0.00315321,0.00208607,0.00575339,0.0148072,0.0412139,0.00388294,-0.00492911,-0.00317435,42.1832,0.0194584,-0.00411063,0.0340247
2.18,0.999732,-0.016716,-0.0114639,-0.0111959,0.000676096,0.00693505,-0.00611823,0.00578654,0.0147363,0.0412402,0.00370824,-0.00477705,-0.00291535,37.6115,0.00479734,-0.0218121,0.250157
2.2,0.999732,-0.0166893,-0.0114814,-0.0112001,0.00654806,-0.00526784,0.00061864,0.00583933,0.0146247,0.0412581,0.00396904,-0.00530486,-0.00384884,39.4413,-0.0129872,-0.00722226,0.133065
2.22,0.999732,-0.0167164,-0.0114795,-0.0111784,0.00332859,-0.00759662,0.00302432,0.00584494,0.0144519,0.0412666,0.00415498,-0.00514082,-0.00401359,38.0092,0.0115752,0.00221369,0.0690272
2.24,0.999732,-0.0167085,-0.0114823,-0.0111844,0.00598895,-0.00298249,-0.0034692,0.00584984,0.0142824,0.0412695,0.00417289,-0.00576668,-0.00361848,38.8948,-0.00199815,0.019939,-0.026705
2.26,0.999732,-0.0167034,-0.0114849,-0.0112024,0.00172248,0.00243017,-0.00223349,0.00586117,0.0141054,0.0412653,0.00457758,-0.00593004,-0.00405917,40.7178,-0.00907417,0.0181047,0.175659
2.28,0.999731,-0.0167289,-0.0114839,-0.0112026,-0.00141627,0.00815094,0.00584214,0.00586976,0.0139436,0.0412425,0.00408416,-0.00570445,-0.0043729,42.0299,0.00578419,-0.0136916,0.057365
2.3,0.999732,-0.016709,-0.0115004,-0.0111793,0.00171651,-0.00646548,0.00638298,0.0058739,0.0137051,0.0411943,0.00416187,-0.00618564,-0.00594206,37.7807,0.0118885,-0.0248227,0.0329295
2.32,0.999732,-0.0167062,-0.0114898,-0.0111937,0.0115272,-0.00269509,-0.00120195,0.00583964,0.013438,0.0411416,0.00391711,-0.00633481,-0.00598161,42.3814,0.000794039,0.00692583,0.0704262
2.34,0.999731,-0.0167231,-0.0114898,-0.011219,0.00303214,-0.00206488,-0.00864043,0.00581289,0.0131713,0.0410762,0.00382213,-0.00675946,-0.00518618,38.838,0.0125959,0.0147585,0.00548056
2.36,0.999731,-0.0167497,-0.0114925,-0.0112137,0.00204182,-0.00232979,0.0036613,0.00578411,0.0129161,0.0410117,0.00395795,-0.00689941,-0.00520032,39.3414,0.0118087,-0.00722271,0.133671
2.38,0.999731,-0.0167149,-0.0115269,-0.0112277,-0.00079652,-7.45404e-05,0.00088982,0.005745,0.0125437,0.0409068,0.00444264,-0.00711535,-0.00665727,37.8157,0.001953,0.00266645,0.0621646
2.4,0.999731,-0.0166943,-0.011546,-0.0112326,0.00371127,-0.00909703,0.000162116,0.00571594,0.0123066,0.0408404,0.00435352,-0.0077288,-0.00624765,41.6917,-0.0065886,0.00623507,0.210627
2.42,0.999731,-0.0166999,-0.0115438,-0.0112625,-0.000540759,-0.00799757,-0.00447853,0.00564032,0.0120004,0.040752,0.00428671,-0.0079353,-0.00620863,40.6833,0.0144428,0.0169664,0.296453
2.44,0.99973,-0.016709,-0.0115539,-0.0112594,0.00298587,-0.00657631,-0.00303062,0.00556517,0.0117007,0.0406606,0.00404164,-0.00852043,-0.00639931,38.8347,-0.0101738,0.000364861,0.155896
2.46,0.99973,-0.0167271,-0.0115489,-0.0112661,0.0092796,-0.00199316,-0.00228869,0.00550433,0.0113876,0.0405531,0.00394902,-0.00924769,-0.00535596,37.8156,0.00381806,-0.00141036,-0.0473464
2.48,0.99973,-0.0167292,-0.0115765,-0.0112669,-8.56835e-05,-0.0054355,0.004252,0.005399,0.0109409,0.0404074,0.00364421,-0.00913855,-0.00626327,42.9406,0.0342814,0.0102243,-0.0705299
2.5,0.999729,-0.0167469,-0.0115725,-0.0112966,-0.00452056,0.000300824,-0.000420147,0.00532418,0.0106546,0.0403087,0.00369712,-0.00927066,-0.00633806,38.3986,-0.0187905,0.0258198,0.0719453
2.52,0.999729,-0.0167739,-0.0115669,-0.0112928,-0.00166895,-0.00491324,0.00254693,0.00522657,0.0103704,0.040186,0.00383222,-0.00936282,-0.00661092,40.5397,0.0341792,-0.0054038,0.137344
2.54,0.999728,-0.0167824,-0.0115818,-0.0112934,0.000708135,-0.00407024,-0.000184211,0.00513463,0.0100957,0.0400601,0.00377885,-0.00949736,-0.00640721,39.3306,-0.00509602,-0.0041415,0.129775
2.56,0.999728,-0.0168148,-0.0115769,-0.0113209,-0.00748274,0.00838763,-0.0091954,0.00501214,0.00966459,0.0398655,0.00383518,-0.0102305,-0.00586214,38.7101,0.0263909,-0.01012,0.170233
2.58,0.999727,-0.0168352,-0.0115821,-0.0113232,-0.00795366,0.0100694,0.00215318,0.00492804,0.00939184,0.0397452,0.00349711,-0.0102653,-0.00570338,41.7526,-0.00876533,0.0181965,0.230161
2.6,0.999727,-0.0168379,-0.0115803,-0.0113365,-0.00687331,0.00227432,0.00441287,0.00483844,0.009122,0.0396278,0.00302175,-0.0105727,-0.0057678,36.7999,-0.0195932,0.00850335,0.0284761
2.62,0.999727,-0.0168417,-0.0115826,-0.0113527,-0.00751234,-0.00123272,0.00242095,0.00474747,0.00889529,0.0394719,0.00303589,-0.0108501,-0.00611148,39.5989,0.0145399,0.00814901,0.349461
2.64,0.999726,-0.0168666,-0.0115599,-0.0113576,0.00526555,0.00390124,-0.00663757,0.00461619,0.00856113,0.0392446,0.00229371,-0.0116767,-0.00449483,41.2718,0.010989,-0.00297751,0.0782769
2.66,0.999726,-0.0168819,-0.0115755,-0.0113458,-0.00188373,6.7264e-05,0.00265857,0.00454283,0.00831474,0.0390883,0.00308778,-0.0119778,-0.00528564,41.9452,0.00651493,-0.000465767,0.144807
2.68,0.999725,-0.0169039,-0.0115823,-0.0113669,-0.00922227,0.00406776,-0.0053678,0.00446544,0.0080809,0.0389379,0.00271958,-0.01218,-0.00554678,39.9244,-0.025057,-0.00566636,0.136495
2.7,0.999725,-0.0169123,-0.0116039,-0.0113589,0.000856494,0.00412214,0.00246477,0.00438714,0.00784809,0.0387826,0.00290165,-0.0122195,-0.0061769,38.1431,0.00105616,-0.00494867,-0.0409446
2.72,0.999725,-0.0169326,-0.0115986,-0.0113691,-0.00594303,0.00156935,-0.00022687,0.00431553,0.00761521,0.038626,0.00317407,-0.0126761,-0.00648734,42.1058,-0.00396851,-0.00977202,0.195865
2.74,0.999725,-0.0169204,-0.0115956,-0.0113587,0.00678353,0.00574562,0.00505516,0.00420948,0.00732628,0.0383557,0.00237462,-0.0127961,-0.00609691,36.2891,0.00455164,-0.00888332,0.0967414
2.76,0.999725,-0.0169132,-0.0115928,-0.0113678,0.000556235,0.00450044,-0.00197825,0.00414581,0.00713594,0.0381717,0.00278845,-0.0128148,-0.00613627,41.8777,0.0126642,-0.000498775,0.310529
2.78,0.999725,-0.0169156,-0.0115976,-0.0113706,-3.03232e-05,0.00243355,-0.000636692,0.00409115,0.00693179,0.0379763,0.00291096,-0.0122993,-0.00642501,40.6787,0.00273793,-0.00424382,0.134592
2.8,0.999725,-0.0169164,-0.0115819,-0.0113715,-0.00318604,0.00886164,0.00408191,0.00402898,0.00674957,0.0378012,0.00290687,-0.0121925,-0.00653995,38.9781,0.00212679,-0.00876616,0.149086
2.82,0.999725,-0.0169268,-0.0115958,-0.0113711,-0.00772371,0.00349461,0.00296866,0.00398648,0.0066044,0.0376097,0.00311074,-0.0120715,-0.00697197,40.2257,-0.0214597,-0.0160954,0.0278786
2.84,0.999725,-0.016942,-0.011586,-0.0113879,0.00732004,0.00158677,-0.00723166,0.00396246,0.00644608,0.0373004,0.00316231,-0.0119647,-0.00659124,38.1027,0.0103284,0.0104936,0.142822
2.86,0.999725,-0.0169365,-0.0115889,-0.0113894,0.00335801,0.000375476,-0.00235438,0.00395901,0.00634127,0.0370899,0.00347131,-0.0122354,-0.00669749,41.673,-0.0126188,0.00696407,0.189558
2.88,0.999725,-0.0169247,-0.0115878,-0.0113781,0.000194147,0.00338411,-0.00023059,0.00395754,0.00623223,0.0368839,0.00316962,-0.0123173,-0.00661521,41.7656,-0.00524789,0.0013798,0.116298
2.9,0.999725,-0.0169186,-0.0116003,-0.0113883,-0.00717583,0.00437449,-0.000398298,0.00395585,0.00610236,0.0366728,0.00366895,-0.0120652,-0.00663581,37.0193,0.0106006,-0.0157947,0.136195
2.92,0.999725,-0.0168892,-0.0116062,-0.0114047,0.00442973,-0.0048338,-0.00316225,0.00396209,0.00590527,0.0363387,0.00363948,-0.0122978,-0.00695781,40.1496,-0.00449648,0.00759329,0.310593
2.94,0.999725,-0.0169011,-0.0116154,-0.0113997,0.0044171,-0.00689949,0.000614579,0.00397811,0.00576501,0.0361011,0.00363366,-0.0122991,-0.00755455,41.1461,0.0116865,0.00518959,0.201213
2.96,0.999724,-0.0169379,-0.0116238,-0.0113873,0.00823144,-0.0120673,-0.00352094,0.00399831,0.00562405,0.0358555,0.00400783,-0.0127184,-0.00791861,40.181,-0.00528669,0.000974251,0.0658834
2.98,0.999724,-0.0169376,-0.0116105,-0.0114126,0.00653199,0.000577126,-0.00141193,0.00402369,0.00547644,0.0356087,0.00397611,-0.013019,-0.00798047,39.0834,0.00708256,-0.0195928,0.105868
3,0.999725,-0.016912,-0.011613,-0.011403,-0.0012483,-0.00397676,0.00278349,0.00406446,0.00523331,0.0352395,0.00405593,-0.0129874,-0.00851486,42.0485,0.0247601,-0.00708607,0.323324
3.02,0.999725,-0.0168977,-0.0116166,-0.0114237,0.00538899,-0.000120809,-0.00525503,0.00408707,0.00511033,0.0350043,0.00415718,-0.0135935,-0.00832789,40.4694,-0.00423757,0.0192645,0.420059
3.04,0.999724,-0.0168886,-0.011626,-0.0114346,0.0112856,-0.00456885,0.00332302,0.00410431,0.005012,0.034773,0.0040839,-0.0134883,-0.00875198,37.6595,-0.0074943,0.00608894,0.187265
3.06,0.999724,-0.0168941,-0.0116381,-0.0114269,0.00994414,-0.0068383,0.00479541,0.00412779,0.0049114,0.0345393,0.00463638,-0.0136159,-0.00889821,41.3577,0.000334535,-0.00753344,0.201458
3.08,0.999725,-0.0168657,-0.0116448,-0.0114216,0.00123733,0.0024609,0.00175988,0.00417383,0.00474944,0.0341786,0.00487355,-0.0133123,-0.00926895,36.3227,-0.00157726,0.0123464,0.448157
3.1,0.999725,-0.0168694,-0.0116485,-0.0114255,-0.00304012,-0.00383772,-0.00214763,0.00419821,0.00463786,0.0339441,0.00476221,-0.0133995,-0.00937217,38.4114,0.00365884,0.0204719,0.370663
3.12,0.999725,-0.0168697,-0.0116511,-0.0114126,0.000316045,-0.00162087,0.00205458,0.00422073,0.00450496,0.033702,0.00468567,-0.0141444,-0.00930288,40.9854,-0.0109256,-0.0145971,0.271379
3.14,0.999725,-0.0168587,-0.0116618,-0.011414,0.00290632,-0.0101891,0.000552938,0.00423028,0.00439053,0.0334754,0.0044837,-0.0140836,-0.00914745,40.4434,0.0106202,0.00997875,0.263569
3.16,0.999725,-0.0168538,-0.0116498,-0.0114252,0.00802917,-0.0104165,0.00290396,0.00423822,0.00427628,0.0332556,0.00446115,-0.0142024,-0.0088082,37.9916,0.00282634,0.0188908,0.176463
3.18,0.999725,-0.0168675,-0.0116298,-0.0114428,-0.0120652,0.0066986,-0.00315571,0.00426746,0.00409537,0.0329197,0.00519358,-0.0140151,-0.00894728,41.0919,0.00537497,0.0093064,0.166636
3.2,0.999724,-0.0168683,-0.0116387,-0.011444,-0.00533673,0.000814423,0.000481777,0.00428548,0.0039703,0.0326984,0.00520993,-0.0139909,-0.00938931,41.6126,0.00346613,0.00311947,0.107201
3.22,0.999725,-0.0168672,-0.011633,-0.0114405,-0.00281078,-0.00402591,0.00324869,0.00429408,0.00384324,0.0324646,0.0048816,-0.0145614,-0.00979333,39.3353,0.0258088,0.0243496,0.279421
3.24,0.999724,-0.0168949,-0.0116273,-0.011443,-0.00321096,-0.0047589,2.13524e-07,0.00430103,0.0037593,0.0322556,0.00528998,-0.0144115,-0.00974535,40.967,0.0033193,0.0136116,0.28812
3.26,0.999724,-0.0169086,-0.0116227,-0.0114312,-0.00860775,-0.00126062,0.00513631,0.00431587,0.00362801,0.0319395,0.00517487,-0.0144324,-0.0097233,39.6988,0.022472,-0.00643267,0.259249
3.28,0.999725,-0.0169042,-0.0116238,-0.0114078,-0.00291664,0.00188078,0.00843162,0.00432646,0.00352976,0.0317246,0.0050629,-0.0146644,-0.00975421,36.3838,-0.0161917,0.0102138,0.0642763
3.3,0.999724,-0.0169316,-0.0116192,-0.0113972,-0.0084728,0.00570588,0.00380315,0.00433781,0.00342407,0.0315094,0.00506912,-0.0148246,-0.00993096,41.863,0.00384998,0.00715859,0.399398
3.32,0.999724,-0.016958,-0.0116415,-0.0113879,-0.0120393,0.000413305,0.00401621,0.00434249,0.00329111,0.0312913,0.00501849,-0.0148421,-0.0104045,35.9996,0.0299466,0.00626272,0.0964436
3.34,0.999724,-0.0169505,-0.0116275,-0.0113836,-0.0065455,0.00158983,-0.00292646,0.0043548,0.00311029,0.031064,0.00531168,-0.0149089,-0.0107237,42.1752,-0.00258398,0.0109848,0.325843
3.36,0.999724,-0.0169575,-0.0116144,-0.0113678,0.00124062,0.00776319,-0.00419796,0.00437316,0.0028741,0.0307373,0.00527812,-0.0152843,-0.00989301,41.3175,-0.00744355,-0.00703099,0.172665
3.38,0.999724,-0.0169444,-0.0116363,-0.0113693,-0.00142594,0.00124716,0.00317132,0.00439391,0.00270403,0.0305171,0.00547727,-0.0157159,-0.00998487,37.6513,0.012816,0.00382926,0.227177
3.4,0.999724,-0.016955,-0.0116459,-0.0113923,-0.0025112,0.00359009,-0.00872061,0.0044155,0.00252869,0.0302982,0.00554584,-0.0157478,-0.0102491,38.1841,-0.00644727,0.00622272,0.13982
3.42,0.999723,-0.0169552,-0.0116591,-0.0113959,-0.0114523,0.00274712,-0.00207953,0.00443939,0.00231556,0.0300945,0.00570881,-0.016211,-0.00977224,41.1377,0.00117595,0.00786415,0.0650878
3.44,0.999723,-0.0169501,-0.0116554,-0.0113994,0.0113727,-0.00229548,-0.00252053,0.00447166,0.00197958,0.0298595,0.00526816,-0.0168799,-0.00968634,38.1754,0.0081003,-0.0113708,0.0846717
3.46,0.999723,-0.0169534,-0.0116587,-0.0114,0.00473773,-0.000865693,0.00142169,0.00449249,0.00176135,0.0297005,0.00539565,-0.0174499,-0.00932036,42.6732,0.0163871,0.00485265,0.168085
3.48,0.999723,-0.0169586,-0.011653,-0.0114184,0.000263705,0.00384871,-0.00047132,0.00452698,0.00150841,0.0295198,0.00571341,-0.017314,-0.00978069,38.6693,0.000900446,0.0108347,0.0328812
3.5,0.999723,-0.0169724,-0.0116527,-0.0114214,-0.00365406,0.0106955,-0.00033786,0.00454918,0.00128063,0.0293515,0.00555711,-0.0172003,-0.00985686,37.8726,0.000805277,0.0039075,0.0707614
3.52,0.999723,-0.0169523,-0.0116775,-0.0114225,0.00606409,-0.0089276,-0.00407566,0.00455924,0.00116569,0.0292697,0.00510213,-0.0174211,-0.0104727,37.6901,-0.00939753,0.0171885,0.155825
3.54,0.999722,-0.0169694,-0.0116807,-0.0114377,0.000709281,-0.00070717,0.00142231,0.0046066,0.000633442,0.0290337,0.00468003,-0.0177823,-0.0101034,39.8541,0.00536907,-0.00944678,0.130764
3.56,0.999723,-0.0169581,-0.0116764,-0.011446,0.00461226,0.000700739,0.00082529,0.00463321,0.000353798,0.0289279,0.00463607,-0.0181308,-0.00965735,42.0306,-0.00333232,0.000149779,0.068171
3.58,0.999723,-0.0169532,-0.0116684,-0.0114496,0.00221789,-0.000190823,-0.000984649,0.00466683,6.88867e-05,0.0288204,0.00506678,-0.0184241,-0.00949835,40.5605,0.00159169,-0.00132953,0.271683
3.6,0.999723,-0.0169285,-0.0116789,-0.0114432,0.00322332,0.00123737,0.0049799,0.00471144,-0.000248625,0.0286949,0.00523729,-0.0183124,-0.0091794,39.8196,0.0142856,-0.00094076,0.283676
3.62,0.999722,-0.0169369,-0.0117085,-0.0114516,0.00301393,-0.010161,0.000706133,0.00481737,-0.000689203,0.0285927,0.00525237,-0.0187143,-0.00985171,40.0237,-0.00230526,0.00472721,0.192771
3.64,0.999722,-0.0169458,-0.0117054,-0.0114742,0.00541201,-0.0106555,-0.00212626,0.00490599,-0.000969784,0.0285501,0.00553209,-0.0188483,-0.00957165,40.2811,0.025719,-0.0174635,0.109217
3.66,0.999722,-0.0169735,-0.0116844,-0.0114591,0.00303139,-0.00984677,0.00102079,0.00498823,-0.00123252,0.0285096,0.00548013,-0.0191609,-0.00948815,40.0993,0.0278868,-0.0108217,0.142859
3.68,0.999722,-0.017005,-0.0116756,-0.0114482,0.00336944,0.00125699,0.00180298,0.0050748,-0.00150369,0.0284644,0.00577283,-0.0195399,-0.00916668,38.2374,0.0118826,-0.00821138,0.251064
3.7,0.999721,-0.0170079,-0.0117013,-0.0114696,-0.00372323,0.00277593,0.0042217,0.00520381,-0.00195047,0.0283739,0.00552611,-0.0196431,-0.0101468,40.0414,0.0158215,-0.00369615,0.171473
3.72,0.999721,-0.0170063,-0.0117199,-0.0114535,-0.00949082,-0.00372248,0.000447964,0.00529918,-0.00223289,0.0284081,0.00546974,-0.0197656,-0.00982567,37.8795,0.0215648,0.00298073,0.0571937
3.74,0.999722,-0.016988,-0.0117019,-0.0114598,0.0018845,0.00331744,0.00481114,0.00539517,-0.00251944,0.028439,0.00562097,-0.0200198,-0.00933178,39.5225,0.0224595,0.0108615,0.184461
3.76,0.999722,-0.0169786,-0.0117057,-0.0114613,0.00149872,-0.00196859,0.00238244,0.00549428,-0.00280601,0.0284625,0.00579042,-0.0200177,-0.00928261,40.5962,0.0315502,0.00590707,0.0523537
3.78,0.999721,-0.0169833,-0.0116995,-0.0114815,0.00731531,0.00146744,-0.00433081,0.00559703,-0.00309779,0.0284795,0.00597064,-0.0207021,-0.00860449,38.4686,-0.004398,0.00669576,0.061012
3.8,0.999721,-0.0169907,-0.0117122,-0.0114674,-0.00210158,0.00300558,-0.00110471,0.0057638,-0.00358231,0.0284796,0.00645084,-0.020585,-0.00885318,40.1679,0.0180766,-0.0140563,0.207466
3.82,0.999722,-0.0169736,-0.0117073,-0.0114699,-0.00551622,-0.00265061,0.00178359,0.00588752,-0.00385628,0.0285249,0.00624921,-0.0206395,-0.00881439,40.0251,-0.00587623,0.0186066,0.253379
3.84,0.999722,-0.0169374,-0.0117123,-0.011472,0.007523,-0.00766429,-0.00526481,0.00603194,-0.00410727,0.028595,0.00671705,-0.0207882,-0.00863573,41.6079,0.00341102,-0.0172141,0.141011
3.86,0.999722,-0.016965,-0.0117166,-0.0114546,0.00255366,-0.00855031,0.00180384,0.00616714,-0.00431911,0.028666,0.00663247,-0.0205102,-0.00856605,38.5701,0.0298453,-0.00479834,0.194211
3.88,0.999721,-0.017015,-0.0116973,-0.0114346,-0.0100818,0.00132567,0.000340541,0.00637489,-0.00463671,0.0287525,0.00765069,-0.0203689,-0.0078285,39.0522,-0.0080063,0.0216229,0.037697
3.9,0.999721,-0.017029,-0.0116958,-0.0114449,-0.00594299,0.00191075,0.000488441,0.00652059,-0.00485514,0.0287993,0.00782858,-0.0203225,-0.00777178,39.0543,0.0234056,-8.03414e-05,0.0904999
3.92,0.999721,-0.0170124,-0.0117056,-0.0114554,-0.00299136,0.00840833,-0.00220121,0.00668434,-0.0050879,0.0288581,0.00791981,-0.0205236,-0.00881392,43.3333,0.0261155,-0.00609337,0.154993
3.94,0.999721,-0.0170118,-0.0117108,-0.0114601,-0.00491848,0.000974383,-0.00252714,0.00684811,-0.0052686,0.0289517,0.00797885,-0.0203671,-0.00911407,36.1909,0.0051511,0.0102272,0.134381
3.96,0.999721,-0.0170201,-0.0116929,-0.0114456,0.00169882,0.000818794,-0.00320533,0.00709907,-0.00554089,0.0290614,0.00762251,-0.0201925,-0.00785809,41.1675,0.00328153,0.0186284,0.132727
3.98,0.999721,-0.0170282,-0.0116831,-0.0114459,-0.00442355,0.000676452,0.00455913,0.00726256,-0.00572705,0.0291206,0.00802408,-0.020133,-0.00800353,38.6578,-0.00873356,-0.000714905,0.245464
4,0.999721,-0.017035,-0.0116911,-0.0114332,-0.00181428,0.00397573,0.00468432,0.00742508,-0.00592019,0.0291735,0.00789676,-0.0202042,-0.00758213,37.7952,0.0220839,0.00582516,0.256341
4.02,0.999722,-0.0170045,-0.0116805,-0.0114527,-0.00075913,0.00792377,-0.00220654,0.00757786,-0.00606032,0.0292626,0.00793942,-0.0202643,-0.00770672,39.6928,-0.00553451,0.0109346,0.103252
4.04,0.999722,-0.0170009,-0.0116832,-0.0114541,-0.00581616,0.00305444,-0.000194375,0.00773882,-0.00617789,0.0293699,0.00822558,-0.0203441,-0.00854544,41.159,-0.000456309,0.00711311,0.121609
4.06,0.999722,-0.0169979,-0.0116747,-0.0114567,0.00407472,0.00627127,-2.99859e-05,0.00794223,-0.00628655,0.0295286,0.00725583,-0.0202877,-0.007224,40.9313,0.00132836,0.00255863,-0.055852
4.08,0.999722,-0.017015,-0.011674,-0.0114516,-0.00510573,0.00251805,0.000594951,0.00806425,-0.00636003,0.0296192,0.00742622,-0.0204997,-0.00747855,40.5065,0.0142479,0.00562299,0.212696
4.1,0.999721,-0.0170219,-0.0116913,-0.011454,-0.00487781,0.00133722,0.00293551,0.00818371,-0.00644604,0.0296978,0.00711492,-0.0204438,-0.00759012,38.5633,1.90633e-05,0.00646351,0.0711556
4.12,0.999721,-0.0170413,-0.0116897,-0.0114579,-0.00758243,0.00840161,-0.00469743,0.00830058,-0.00654156,0.0297608,0.00723557,-0.020386,-0.00766847,39.8384,0.000991003,0.0240346,0.054782
4.14,0.999721,-0.0170115,-0.0117044,-0.0114655,0.0067935,-0.00476439,-0.00556601,0.0084346,-0.00653164,0.0298888,0.00689485,-0.0207395,-0.0078508,39.326,0.0121468,0.0121757,0.0105379
4.16,0.999721,-0.0170112,-0.0117155,-0.0114587,-8.45713e-05,-0.00783458,-0.00199461,0.00851664,-0.00652466,0.0299677,0.00680626,-0.0206359,-0.00748603,39.7375,0.0256418,-0.00145966,0.225508
4.18,0.999721,-0.0169772,-0.0117196,-0.0114721,0.0112866,-0.00283667,-0.00276791,0.00859641,-0.00653635,0.0300458,0.00679765,-0.0211662,-0.00656386,39.1987,0.00480218,0.0151244,0.0519639
4.2,0.999721,-0.0169946,-0.0117177,-0.0114739,-0.00193448,0.00204815,-0.00406565,0.0086816,-0.00656819,0.0301211,0.0072129,-0.0212036,-0.00642371,38.3876,0.0298683,-0.00988934,-0.0131093
4.22,0.999721,-0.0169691,-0.0117428,-0.0114685,0.00304968,0.00125681,-0.00831212,0.00872357,-0.00652414,0.0301874,0.00727054,-0.0208112,-0.00655019,38.926,-0.00448012,0.0190807,0.12452
4.24,0.999721,-0.016955,-0.0117493,-0.0114827,-0.000870046,-0.00626476,-0.00414,0.00872004,-0.00639137,0.0302613,0.00696888,-0.0209769,-0.0072767,42.941,0.0151698,-0.0131597,0.213301
4.26,0.999722,-0.016939,-0.0117322,-0.0114821,0.00803187,-0.00163449,-0.00307381,0.008717,-0.00628964,0.030304,0.00719954,-0.0207276,-0.00751466,41.1631,0.00722192,0.0104169,0.171217
4.28,0.999722,-0.0169258,-0.0117128,-0.0114885,0.00774949,-0.00105526,-0.00149396,0.00870979,-0.00619057,0.0303405,0.00708512,-0.0208566,-0.00743755,40.6376,0.02263,-0.0232752,0.103571
4.3,0.999722,-0.0169326,-0.0117196,-0.0114827,0.00390047,-0.00840047,0.00321248,0.00870709,-0.0061118,0.0303638,0.00672508,-0.0208035,-0.00744513,38.4385,0.00673943,-0.00503701,0.139694
4.32,0.999722,-0.0169356,-0.0117345,-0.0114677,-0.00821715,-0.00689824,0.00200205,0.00852808,-0.00591132,0.0304058,0.00659655,-0.020194,-0.00843531,41.8592,0.00431454,0.00326379,0.0815536
4.34,0.999722,-0.0169367,-0.0117262,-0.0114762,0.00374487,-0.00453204,0.000706615,0.00836202,-0.0057624,0.0304314,0.006505,-0.020142,-0.00840361,37.2555,0.0068836,0.00485772,0.134036
4.36,0.999722,-0.0169246,-0.0117309,-0.0114773,0.0145846,-0.00690864,0.00110606,0.00821815,-0.0056568,0.0304277,0.00599298,-0.0197191,-0.00839114,38.8126,0.00687236,0.0113311,0.192044
4.38,0.999723,-0.0169054,-0.0117139,-0.0114842,0.00355736,-0.000106006,0.00215413,0.00807371,-0.00553782,0.0304261,0.0059577,-0.0201666,-0.00779488,41.7604,0.00406383,-0.000923217,0.18504
4.4,0.999723,-0.0168822,-0.0117302,-0.0114839,-0.00279934,0.000854464,0.00440478,0.00786444,-0.00541158,0.0304043,0.00592493,-0.0201058,-0.00887492,39.5889,-0.00949516,0.012775,0.252705
4.42,0.999723,-0.0168803,-0.0117082,-0.0114862,-0.00837523,0.00156081,-0.00228126,0.00754162,-0.00524,0.0303886,0.00555068,-0.0199233,-0.00907902,39.0365,0.0229285,0.00467154,0.0837452
4.44,0.999723,-0.0168907,-0.0116958,-0.0114763,-0.00582712,-0.00234526,0.00716436,0.00722871,-0.00508796,0.0303657,0.00481579,-0.0200952,-0.00894535,38.3047,0.00946628,0.000504447,0.227001
4.46,0.999723,-0.0168791,-0.0116945,-0.0114919,0.00668383,-0.0053423,-0.00253883,0.00692548,-0.00495901,0.0303393,0.00488029,-0.0199996,-0.00887569,39.9986,0.00115355,0.0159352,-0.0145015
4.48,0.999723,-0.016853,-0.0116977,-0.0115001,0.00460368,-0.00291857,0.00144248,0.00664627,-0.00484545,0.0303021,0.00417892,-0.020324,-0.00811167,40.2581,0.0292511,-0.00700697,0.175719
4.5,0.999723,-0.0168757,-0.0116797,-0.0114943,-0.00106101,0.00133073,0.00183649,0.00624814,-0.00467078,0.0302474,0.00492566,-0.0198298,-0.00856068,40.8316,-0.0156592,-0.00496675,-0.0248845
4.52,0.999723,-0.0168686,-0.0116731,-0.011506,-0.00628369,0.00131726,-0.00433014,0.00580478,-0.00448315,0.0302187,0.00429059,-0.0196004,-0.00861518,40.5615,0.0180046,-0.0224663,0.0511997
4.54,0.999724,-0.0168548,-0.0116629,-0.0115098,-0.00518299,-0.00425931,0.000667632,0.00537301,-0.00431033,0.0301782,0.00406771,-0.0191276,-0.0092943,38.3005,0.0169126,0.0172695,0.0936977
4.56,0.999724,-0.0168501,-0.0116353,-0.0115122,-0.00802998,-0.000714112,0.00551731,0.00495743,-0.00415392,0.030132,0.00368537,-0.0188882,-0.00876237,42.5049,-0.00681023,0.00234747,0.0669923
4.58,0.999724,-0.0168359,-0.0116332,-0.0115253,-0.000493373,-0.00288119,0.00181778,0.00455497,-0.00404537,0.0300751,0.00240866,-0.0191233,-0.00817181,39.896,0.0094871,-0.0178342,0.182108
4.6,0.999724,-0.0168396,-0.0116245,-0.0115279,0.000106818,-0.000913103,0.0021586,0.00415519,-0.00393919,0.0300265,0.00158745,-0.0193478,-0.00705286,39.7048,0.0287503,-0.0100705,-0.0132646
4.62,0.999724,-0.0168386,-0.0116302,-0.011538,-0.00487995,0.00204492,0.00113526,0.00349842,-0.0037339,0.029973,0.00130596,-0.0185417,-0.00760936,40.0621,0.0228532,0.0143003,0.280926
4.64,0.999724,-0.0168471,-0.0116231,-0.011538,-0.00616037,0.00317079,0.00195441,0.00297763,-0.00352528,0.0299482,0.000898789,-0.0180494,-0.00794244,38.9283,-0.00466252,-0.0294417,0.180273
4.66,0.999724,-0.0168256,-0.0116264,-0.0115377,-0.00119895,-0.00314243,0.00135851,0.00247227,-0.003332,0.0299204,0.000468114,-0.0176858,-0.00764024,40.738,0.0198419,-0.00254015,0.147227
4.68,0.999725,-0.0167987,-0.0116015,-0.0115534,-0.00197403,0.00591153,-0.0023687,0.00175124,-0.00303687,0.0298798,-0.000641311,-0.0172875,-0.00628436,40.4006,0.00213655,-0.0070041,0.281708
4.7,0.999725,-0.016792,-0.011587,-0.0115549,-0.00318227,0.0106866,-0.00675036,0.00129493,-0.002852,0.0298483,-0.000550723,-0.017149,-0.00661022,38.451,-0.00993892,0.00888394,0.10643
4.72,0.999725,-0.0167537,-0.0116057,-0.0115601,-0.00164668,0.00176976,0.00211409,0.000759439,-0.00258605,0.02984,-0.000814782,-0.0169419,-0.00663264,37.4731,0.0171285,-0.00396153,0.111148
4.74,0.999725,-0.0167574,-0.0115939,-0.0115826,-0.00141851,0.000850821,-0.00344331,0.000236243,-0.00236877,0.0298205,-0.000548835,-0.0163575,-0.0071423,41.2128,0.00519346,-0.0043821,0.109597
4.76,0.999726,-0.0167469,-0.0115858,-0.0115822,0.0113767,-0.00579243,0.00227521,-0.000500427,-0.00203973,0.0298,-0.00103498,-0.016653,-0.00608144,38.0587,0.0192106,-0.0108753,0.319858
4.78,0.999726,-0.01673,-0.0115868,-0.0115865,0.00993616,-0.00369141,-0.00182982,-0.00096557,-0.00184266,0.0297833,-0.00123515,-0.0162923,-0.00552582,44.3661,-0.00914881,0.00799305,0.315545
4.8,0.999726,-0.0167198,-0.0115791,-0.0115953,-0.00490338,0.00110992,-0.00295821,-0.00141177,-0.0016699,0.0297661,-0.000981236,-0.016578,-0.00530037,37.4942,0.0298728,0.0144882,0.101569
4.82,0.999726,-0.0167125,-0.0115737,-0.0115927,-0.00357005,0.00101836,0.00800789,-0.00183803,-0.00151607,0.0297479,-0.00124587,-0.0162123,-0.00493165,40.9869,0.00962433,-0.0126976,0.260171
4.84,0.999726,-0.0166978,-0.0115699,-0.0116197,0.00313244,-0.00265097,0.00107026,-0.00256982,-0.00124414,0.0298078,-0.00190608,-0.0157338,-0.00585392,40.3995,-0.0015888,-0.0247556,0.176805
4.86,0.999726,-0.0167026,-0.0115595,-0.0116261,0.00152184,-0.00829018,-0.000657554,-0.00303815,-0.00106642,0.0298377,-0.00214812,-0.0153185,-0.00562481,40.3306,0.00942018,0.00102684,0.111881
4.88,0.999726,-0.0167065,-0.0115561,-0.0116346,0.0044375,-0.00144644,0.000277613,-0.0034861,-0.000886347,0.0298696,-0.00281365,-0.0149669,-0.0055843,38.3664,0.0286486,0.00635929,0.164337
4.9,0.999725,-0.0167295,-0.0115505,-0.0116545,-0.000745249,0.000570968,0.000475924,-0.00390889,-0.000711787,0.0298977,-0.00231167,-0.0149368,-0.00541838,42.4842,0.0107858,-0.00498828,-0.0470175
4.92,0.999726,-0.0167335,-0.0115323,-0.0116579,0.00247185,0.00578267,-0.00467789,-0.00431663,-0.000528113,0.0299538,-0.00279268,-0.0150062,-0.00519322,38.7814,0.00517409,-0.0221958,-0.023863
4.94,0.999726,-0.0167102,-0.0115287,-0.0116495,0.00649614,-0.00165523,0.00605637,-0.00492933,-0.000264769,0.0300702,-0.00364469,-0.0145349,-0.00594406,38.1382,0.017407,0.0101415,0.240311
4.96,0.999726,-0.0167129,-0.0115348,-0.0116646,0.00427573,-0.0050911,-0.000639881,-0.00531527,-9.2217e-05,0.0301337,-0.0034751,-0.0142423,-0.00572742,38.2754,0.00187434,-0.0130374,-0.0312433
4.98,0.999726,-0.0167192,-0.0115173,-0.0116672,0.00215922,-0.00517312,-0.00106217,-0.00568824,7.16622e-05,0.0301938,-0.00361019,-0.0135649,-0.00545955,43.3884,0.0056777,-0.0240952,0.0767736
5,0.999726,-0.0167088,-0.011503,-0.0116751,0.00734937,0.00312488,-0.00310624,-0.00604856,0.000222012,0.0302437,-0.00368679,-0.0136601,-0.00518503,37.361,0.00989587,-0.00342031,-0.0771772
5.02,0.999726,-0.0167226,-0.0114985,-0.0116999,0.000515697,0.00229782,-0.00598858,-0.00643021,0.000396838,0.0303284,-0.00418489,-0.0137038,-0.00517339,40.7757,0.00536325,0.0105084,0.144553
5.04,0.999726,-0.0167009,-0.0115249,-0.0117166,0.00311337,-0.00354378,-0.00100225,-0.00704362,0.000690103,0.0304954,-0.00435241,-0.0133409,-0.00624922,39.6336,0.00918663,-0.0248495,0.107022
5.06,0.999726,-0.0166768,-0.0115314,-0.01173,0.0089943,-0.00485779,-0.00172499,-0.00744886,0.000838065,0.0305892,-0.0053987,-0.0136985,-0.00555788,38.4509,0.0250622,-0.0326408,0.0939614
5.08,0.999725,-0.0166991,-0.0115264,-0.0117268,0.00567492,-0.0018822,0.00180858,-0.00783272,0.000993716,0.0306724,-0.00534921,-0.013386,-0.00578176,41.4739,0.00458343,0.00780809,0.0930834
5.1,0.999725,-0.0167096,-0.0115199,-0.0117265,0.00447427,-0.000385685,0.00224833,-0.00818724,0.00115887,0.0307483,-0.0055142,-0.0132138,-0.00573571,39.4045,-0.000139598,0.0100824,-0.11716
5.12,0.999726,-0.0166854,-0.0115357,-0.0117136,-0.00140486,-0.00179397,-0.0002194,-0.00872405,0.00146611,0.0309007,-0.00496368,-0.0125213,-0.00612419,37.5922,0.0143481,-0.00486577,0.128345
5.14,0.999726,-0.0166741,-0.0115311,-0.0117229,0.00289102,-0.00529361,0.00294308,-0.00908188,0.00167764,0.031012,-0.00559717,-0.0126025,-0.00593689,39.8878,0.0368148,-0.00987418,0.179374
5.16,0.999726,-0.016678,-0.0115349,-0.0117172,-0.00221951,-0.00511738,0.00724373,-0.00944374,0.00184956,0.0311111,-0.00624786,-0.012934,-0.00547776,39.8314,0.0264443,0.00580949,0.184729
5.18,0.999726,-0.0166562,-0.011536,-0.0117217,0.0103412,0.00107306,0.00278756,-0.00978536,0.0020175,0.0312073,-0.00662136,-0.0131196,-0.0056345,38.8224,0.00131917,0.0193858,-0.0267021
5.2,0.999726,-0.0166596,-0.0115285,-0.0117209,-0.0112878,0.00358045,0.00136117,-0.0102897,0.0022365,0.0313319,-0.00655032,-0.0125444,-0.00555558,41.7773,-0.00940748,0.00244887,-0.0591546
5.22,0.999726,-0.0166602,-0.0115421,-0.0117412,-0.0108093,0.0047105,-0.00250587,-0.0106137,0.00243614,0.0314616,-0.00691107,-0.0123201,-0.00519392,38.5038,0.0130349,-0.00630386,-0.0691703
5.24,0.999726,-0.0166247,-0.0115527,-0.0117345,0.00213481,0.000169702,0.00130904,-0.0109314,0.00261894,0.0315781,-0.00694374,-0.0120562,-0.00565562,41.0734,0.0200075,0.0303679,-0.0876926
5.26,0.999727,-0.0165978,-0.0115611,-0.0117204,-0.00280129,-0.00372937,0.00197314,-0.011239,0.00278719,0.0316821,-0.00671171,-0.0119236,-0.00584647,42.5915,0.0279806,-0.012819,-0.0317883
5.28,0.999727,-0.0166022,-0.0115506,-0.0117386,-0.000202237,0.00258583,0.000665431,-0.0116957,0.00299162,0.0318092,-0.00743739,-0.0117969,-0.00511068,40.5869,0.00905778,0.00797255,-0.0725258
5.3,0.999727,-0.0165585,-0.011558,-0.0117275,-0.00104992,0.0022541,0.00600477,-0.0119679,0.00313788,0.0318904,-0.00738378,-0.0119612,-0.00539741,38.0689,-0.0173992,-0.00498922,0.00309442
5.32,0.999727,-0.0165653,-0.0115594,-0.0117275,-0.0104567,0.00526949,0.000350474,-0.0122324,0.00333961,0.0319692,-0.00753837,-0.0116589,-0.00513399,39.11,0.0116922,-0.00849949,0.0735539
5.34,0.999727,-0.0165595,-0.0115567,-0.0117317,-0.0074643,0.00653354,0.0033151,-0.0124979,0.00352486,0.0320365,-0.00795168,-0.0115454,-0.00554901,39.418,0.0180234,0.00248163,0.0669694
5.36,0.999728,-0.0165346,-0.0115706,-0.0117235,-0.00256909,0.00182839,-0.00202014,-0.0127582,0.00369286,0.0320916,-0.00790357,-0.0113328,-0.0057639,38.1116,0.0325552,-0.006376,-0.0890482
5.38,0.999728,-0.0165419,-0.0115604,-0.0117227,-0.000450577,0.00850204,0.00106183,-0.0131473,0.00390161,0.0321596,-0.00810147,-0.0109723,-0.00473207,41.0932,-0.000804727,0.00436849,-0.0842483
5.4,0.999728,-0.0165383,-0.0115641,-0.0117047,0.00323008,0.00538638,0.00155674,-0.0133861,0.00403689,0.0321981,-0.00796364,-0.0109696,-0.00470385,38.9648,0.0130071,0.00582614,0.00304096
5.42,0.999727,-0.016541,-0.0115794,-0.0117273,-0.00402803,0.00385381,-0.00508161,-0.0136332,0.00418565,0.0322356,-0.00788492,-0.011067,-0.00467403,40.049,0.0245231,-0.0202245,-0.139182
5.44,0.999727,-0.0165407,-0.0115879,-0.0117435,-0.000809189,0.00531977,-0.00584071,-0.0138927,0.00434788,0.0322687,-0.00822118,-0.0105906,-0.00480171,41.2006,0.00491937,-0.0152115,-0.0610826
5.46,0.999727,-0.016527,-0.0115902,-0.0117327,0.00382348,0.00218685,0.00190251,-0.0142789,0.00456465,0.032308,-0.00867338,-0.0111882,-0.00505439,41.5906,0.00876173,-0.00725391,-0.167351
5.48,0.999727,-0.0165381,-0.0115928,-0.0117277,0.00787795,-0.00352324,-0.00164043,-0.0145216,0.00468808,0.0323267,-0.00838376,-0.0107811,-0.00476235,39.1471,-0.00418255,-0.0107035,-0.139568
5.5,0.999727,-0.0165722,-0.0115854,-0.0117185,0.00474187,-0.00168648,0.0002071,-0.0147551,0.00479594,0.032333,-0.00815819,-0.0105706,-0.0040265,38.5885,0.000428615,-0.00261219,-0.0616304
5.52,0.999726,-0.0165874,-0.0115886,-0.0117331,-0.000232591,-0.00193683,-0.00344849,-0.0149875,0.00497619,0.03235,-0.00796389,-0.0107614,-0.0043453,39.5425,0.0147438,0.0142667,-0.0849191
5.54,0.999726,-0.0165907,-0.0115784,-0.0117427,0.00361616,0.00542164,0.000233113,-0.0152179,0.00513895,0.0323587,-0.0082468,-0.0104847,-0.00429057,41.2007,0.0200731,0.00610076,0.018901
5.56,0.999726,-0.0165885,-0.0115952,-0.0117568,0.00538452,-0.00436637,-0.0036557,-0.0155619,0.00535725,0.0323691,-0.00867273,-0.0102521,-0.00463556,40.1173,-0.0121332,-0.0302108,-0.100209
5.58,0.999726,-0.016592,-0.0116046,-0.0117633,0.00179293,-0.00668725,-0.00137447,-0.015781,0.00548942,0.0323686,-0.00842878,-0.00991709,-0.00458514,40.6321,0.0262512,-0.0248857,-0.190415
5.6,0.999726,-0.016601,-0.0116084,-0.011766,0.00310323,-0.00591459,0.00205632,-0.0159951,0.00561616,0.0323602,-0.00880566,-0.00950499,-0.00454315,37.6304,0.00210381,-0.0181883,-0.0207382
5.62,0.999726,-0.0165879,-0.0116001,-0.011765,0.00406028,0.000175378,0.003101,-0.0162151,0.00571722,0.0323423,-0.00833341,-0.00919844,-0.00356422,40.8793,-0.0271008,-0.000937927,0.0201772
5.64,0.999726,-0.0165756,-0.0116216,-0.0117774,0.000742005,-0.00658615,0.0041317,-0.016484,0.00594953,0.0322846,-0.00844971,-0.00869638,-0.00519224,38.6442,0.0158887,-0.0180943,-0.0897956
5.66,0.999726,-0.0165834,-0.0116035,-0.0117786,-0.00274768,-0.00276899,-0.00412492,-0.0166586,0.00609217,0.0322347,-0.00820706,-0.00850009,-0.00527856,40.641,-0.00469618,-0.00141262,-0.0499719
5.68,0.999726,-0.0165767,-0.0115986,-0.0117975,0.0136963,-0.00431654,0.00125837,-0.0168271,0.00622415,0.0321779,-0.00854513,-0.00824385,-0.00529347,42.4209,-0.00858896,0.00930043,0.0150467
5.7,0.999725,-0.0165985,-0.0116189,-0.0117969,0.00470368,-0.00658696,-0.00271278,-0.0169942,0.006352,0.0321121,-0.00857794,-0.00770609,-0.00556631,39.4536,-0.000287646,-0.00793747,-0.142442
5.72,0.999725,-0.0165927,-0.0116404,-0.0117919,-0.00762577,-0.000189926,0.00414251,-0.0171837,0.0065713,0.0320259,-0.00775991,-0.00729769,-0.00562909,39.8259,0.0205767,0.00328776,-0.0760651
5.74,0.999725,-0.0166032,-0.0116411,-0.0118067,-0.000385127,-0.00134096,0.00220022,-0.0172632,0.00674724,0.0319859,-0.00774951,-0.00695201,-0.00575121,40.1964,0.000800615,-0.00348739,0.101364
5.76,0.999725,-0.0166062,-0.0116471,-0.011799,0.00100578,-0.00222977,0.000766225,-0.0173315,0.00691738,0.0319405,-0.00747768,-0.00692205,-0.00557222,39.2973,0.0311599,0.0114661,-0.0715173
5.78,0.999725,-0.0165961,-0.0116567,-0.0118208,0.0031844,-0.000494576,0.0007219,-0.0173981,0.00707486,0.0318937,-0.0075139,-0.00672853,-0.00512064,39.7767,0.0360409,0.000640054,0.0393691
5.8,0.999725,-0.0165853,-0.0116566,-0.0118171,0.00544099,-0.00325304,0.000581085,-0.0174641,0.00722502,0.0318458,-0.00765718,-0.00623451,-0.00516524,38.0134,-0.00742528,-0.00853347,-0.0279725
5.82,0.999724,-0.0165905,-0.0116641,-0.0118292,-0.00688769,0.00254299,-0.00581432,-0.0175148,0.00743046,0.0317811,-0.00662464,-0.00589831,-0.00529709,38.7544,0.000227941,1.79732e-05,0.0423317
5.84,0.999725,-0.0165701,-0.0116828,-0.0118189,-0.000306895,-0.00335495,0.00260791,-0.0174841,0.00754863,0.0317616,-0.00671424,-0.00601343,-0.00507277,41.7139,-0.00114749,-0.00289201,-0.104762
5.86,0.999725,-0.0165523,-0.0116826,-0.0118356,-0.00478447,-0.0026188,4.11547e-05,-0.0174768,0.00764266,0.0317369,-0.00696351,-0.00619973,-0.00561405,42.0144,0.0100446,-0.0113876,0.0338043
5.88,0.999725,-0.0165559,-0.0116812,-0.0118229,-0.00555362,-0.00290006,0.00660785,-0.0174607,0.00773508,0.0317132,-0.0068886,-0.00657022,-0.00513647,39.6806,0.0038997,0.0161556,-0.167976
5.9,0.999725,-0.0165621,-0.0116701,-0.0118341,-0.00584352,0.00302234,0.00319794,-0.0174372,0.00785218,0.031661,-0.00648404,-0.00625113,-0.00465122,38.4796,0.00714237,-0.00540468,0.0922505
5.92,0.999724,-0.0165729,-0.0116633,-0.0118495,-0.00967224,0.00338385,-0.00169042,-0.0173072,0.00797043,0.0316455,-0.00611784,-0.00664255,-0.00529095,39.3259,0.0112922,0.0144073,-0.00933949
5.94,0.999724,-0.0165824,-0.0116741,-0.0118464,-0.0108313,0.00335986,0.00053686,-0.017184,0.00807212,0.0316215,-0.0058713,-0.00660423,-0.00528229,38.0832,0.0010453,-0.0188404,-0.0840002
5.96,0.999724,-0.0165521,-0.011683,-0.0118581,-0.00489099,0.000937111,-0.00217392,-0.0170685,0.00816154,0.0315948,-0.00573952,-0.00653338,-0.00512742,40.8214,0.00279649,-0.0389946,0.0332642
5.98,0.999724,-0.0165529,-0.0117016,-0.0118521,-0.00129785,-0.00541656,0.00091419,-0.0169663,0.0082258,0.0315664,-0.00544219,-0.00695331,-0.00582227,41.3157,-0.00535696,-0.00368013,0.0205439
6,0.999724,-0.0165612,-0.0116829,-0.01187,0.00340194,0.00404826,-0.00319168,-0.0167949,0.00833023,0.0315181,-0.00527313,-0.0063291,-0.0044205,40.2356,0.00217334,0.00701136,-0.0661234
6.02,0.999724,-0.0165705,-0.0116766,-0.0118578,-0.000812469,0.00565043,-0.00415573,-0.0165671,0.00839305,0.0314991,-0.00445511,-0.0065777,-0.00460674,39.9866,0.0113017,-0.0162317,0.219443
6.04,0.999724,-0.0165426,-0.0116874,-0.0118749,0.00733559,0.00891024,-0.00454473,-0.0163411,0.00844259,0.031481,-0.00401774,-0.00681868,-0.00429146,38.2815,0.00237195,-0.0189304,0.0979807
6.06,0.999724,-0.0165474,-0.0117031,-0.0118705,-0.00771507,0.00462217,0.000737915,-0.0161246,0.0084792,0.0314597,-0.00406271,-0.00666219,-0.00443226,41.1011,0.0199689,0.00647649,0.158373
6.08,0.999724,-0.0165491,-0.0117082,-0.011885,0.00575412,0.000745004,0.000119892,-0.0158138,0.00851272,0.0314174,-0.00317066,-0.00667876,-0.00396196,40.2115,0.012558,-0.0171313,-0.0483531
6.1,0.999724,-0.0165507,-0.0117051,-0.0118862,0.00424977,-0.00284754,0.00488524,-0.0155976,0.00853619,0.0313875,-0.00292238,-0.00636993,-0.00401004,37.7395,0.0170349,-0.0164192,0.0779654
6.12,0.999723,-0.0165735,-0.0116999,-0.0119009,-0.000116359,0.00679935,-0.00318522,-0.0152598,0.00857332,0.0313571,-0.00210331,-0.00681408,-0.00399445,37.4229,-0.00370038,-8.17814e-05,-0.0324723
6.14,0.999723,-0.0165845,-0.0117147,-0.0119078,-0.00181354,0.00162389,-0.00313878,-0.0149258,0.00859861,0.0313305,-0.00155222,-0.00713727,-0.00417334,40.6553,-0.00885448,0.00319199,-0.176856
6.16,0.999723,-0.01658,-0.0117264,-0.0118958,0.00438459,-0.000531935,-0.00395464,-0.0144532,0.00861583,0.0312756,-0.00176634,-0.0071511,-0.00521477,41.1012,-0.0213563,0.0321618,0.253847
6.18,0.999723,-0.0165882,-0.0117415,-0.011874,0.00644574,-0.0061098,0.00183058,-0.0141538,0.0086199,0.031238,-0.00187527,-0.00719329,-0.00452764,38.2145,-0.00361844,0.00383493,0.0439327
6.2,0.999723,-0.01659,-0.0117359,-0.0118789,-0.00330096,-0.00172077,0.000202029,-0.0138631,0.00861137,0.0311915,-0.00180905,-0.00663764,-0.00352022,39.665,0.00277556,-0.0258952,-0.104735
6.22,0.999723,-0.016593,-0.0117493,-0.0118686,0.00976761,0.00428032,0.00415846,-0.0134949,0.00859833,0.0311498,-0.00101843,-0.00663993,-0.00341816,39.8662,0.0274032,0.015471,0.00143569
6.24,0.999723,-0.0165889,-0.0117406,-0.0118778,0.00535169,0.00632296,0.00534532,-0.0131344,0.00857329,0.0311031,-0.000660166,-0.00681242,-0.00379318,41.6299,-0.0208656,-0.00094502,0.064764
6.26,0.999723,-0.0165557,-0.0117769,-0.011887,0.0053151,-0.00803891,0.00309669,-0.0126194,0.00851794,0.0310246,-0.000190419,-0.00691941,-0.00500174,42.3438,0.00814675,-0.0038413,0.101346
6.28,0.999723,-0.0165512,-0.0117883,-0.0118779,0.00784555,-0.00434093,0.0029022,-0.0122831,0.0084747,0.030969,0.00034332,-0.00706953,-0.00511345,39.862,-0.00225832,0.00173064,-0.126385
6.3,0.999723,-0.0165558,-0.0117837,-0.0118842,0.00438636,-0.0056881,0.00541127,-0.0119504,0.00841713,0.0309016,0.000526449,-0.00679712,-0.00420791,38.6669,0.00358957,-0.00268164,0.222475
6.32,0.999723,-0.0165662,-0.0117778,-0.0118861,0.00601789,-0.00178074,-0.00454039,-0.0116048,0.00836864,0.0308431,0.000853445,-0.00660061,-0.00407872,40.2733,-0.00376762,0.0268542,-0.147991
6.34,0.999722,-0.0165922,-0.0117895,-0.0118831,-0.00567164,0.00203012,4.08077e-05,-0.0110702,0.00830753,0.0307683,0.00254028,-0.00603318,-0.0052639,39.9872,-0.00250719,0.00677554,0.0211043
6.36,0.999722,-0.0166072,-0.0118013,-0.0118826,0.000431497,-0.00479052,-0.000894579,-0.0107226,0.00826615,0.0307137,0.00257097,-0.00597276,-0.00554439,40.7,0.0142891,-0.0141386,0.0688166
6.38,0.999722,-0.0165976,-0.0118003,-0.0118867,0.0114495,-0.00886193,0.00641102,-0.0103825,0.00821883,0.0306561,0.00278371,-0.00623904,-0.00578632,36.5136,-0.00452308,-0.0200976,0.0952722
6.4,0.999722,-0.0166175,-0.0117834,-0.0118888,0.00225059,-0.00463995,-0.000789637,-0.0100517,0.00816674,0.0305914,0.00293204,-0.00592985,-0.00553149,40.6925,-0.0095037,0.00266063,-0.0645051
6.42,0.999722,-0.0166254,-0.0117838,-0.0118832,0.00607556,-0.0060594,-0.00437341,-0.00969986,0.00809711,0.0305191,0.00280878,-0.006074,-0.00475279,38.5191,-0.00973363,0.027715,0.242903
6.44,0.999721,-0.0166656,-0.0117956,-0.0118672,-0.00761307,0.00112893,0.000109733,-0.00915271,0.00796965,0.0304142,0.00452323,-0.00598868,-0.00578739,37.8198,0.0130493,0.00858465,0.247236
6.46,0.999721,-0.0166619,-0.0118036,-0.0118685,-0.00955484,-0.00214594,0.000844403,-0.00879391,0.00788,0.0303371,0.0046645,-0.00600855,-0.00645032,42.2189,-0.0105154,0.0168558,0.180025
6.48,0.999721,-0.0166462,-0.0118116,-0.0118614,-0.00135257,-0.00348925,0.00933675,-0.00844648,0.00778835,0.0302532,0.00475929,-0.00583738,-0.00633999,40.1252,-0.00955011,0.0078046,0.151782
6.5,0.999722,-0.0166324,-0.0118191,-0.0118606,0.0058283,-0.00675988,0.00228154,-0.0081049,0.00769425,0.0301709,0.00504863,-0.00599947,-0.00614293,41.0835,0.00806417,0.0168894,0.133947
6.52,0.999721,-0.0166485,-0.011819,-0.0118663,-0.000614233,0.00460928,0.000786015,-0.00763687,0.00753509,0.0300763,0.00555506,-0.00615927,-0.00587896,38.0329,0.00749351,-0.00502229,0.0565879
6.54,0.999721,-0.0166564,-0.011802,-0.0118719,-0.00793716,0.00209025,-0.00390702,-0.0073565,0.00744128,0.0300357,0.00588778,-0.00661475,-0.00581473,40.856,-0.00675457,0.00183059,0.0652903
6.56,0.999721,-0.0166554,-0.0118216,-0.0118707,-0.00469467,-0.0019677,0.00100447,-0.00708229,0.00734286,0.0299891,0.00590274,-0.00647129,-0.00615764,36.0116,0.013189,0.00748921,0.185643
6.58,0.999721,-0.0166294,-0.0118293,-0.0118722,-0.000900015,-0.000932218,-0.00433798,-0.00681592,0.00724024,0.0299403,0.00613247,-0.0064999,-0.00607678,42.4255,-0.00255154,0.0240272,0.140092
6.6,0.999721,-0.0166281,-0.0118341,-0.0118518,-0.0038165,-0.00655427,0.00228293,-0.00655027,0.00713395,0.0298915,0.00636061,-0.00654673,-0.00616421,38.8942,0.0160391,-0.0125624,0.0621134
6.62,0.999721,-0.0166322,-0.0118281,-0.0118681,0.000399031,0.00632282,-0.00297311,-0.00620389,0.0069756,0.0298576,0.00627182,-0.00679567,-0.00493779,42.0947,0.00231053,0.0165651,0.279132
6.64,0.999721,-0.0166845,-0.0118256,-0.0118648,-0.0122992,0.00809714,0.00298921,-0.0059784,0.00684744,0.0298444,0.00692379,-0.00676095,-0.00516938,39.1306,0.00239907,0.00550984,-0.118797
6.66,0.999721,-0.0166652,-0.0118398,-0.0118508,-0.000335029,0.00537584,0.00220593,-0.00576672,0.00672802,0.0298337,0.00699539,-0.00670588,-0.00529945,39.5257,0.0115369,-0.0001433,0.0102947
6.68,0.999721,-0.0166786,-0.0118483,-0.0118464,-0.00745339,-0.00253251,-0.000775,-0.00555706,0.00660698,0.0298164,0.00723825,-0.0066443,-0.0057222,39.4466,0.000231104,-0.0064205,0.136984
6.7,0.999721,-0.0166573,-0.0118285,-0.0118471,0.00619275,0.00361695,0.00119682,-0.00523614,0.00642134,0.0297775,0.00749997,-0.00701454,-0.00507489,38.8298,0.0035377,-0.00582265,0.0692887
6.72,0.999721,-0.0166518,-0.0118253,-0.0118569,0.00702146,0.00597841,-0.00421318,-0.00507485,0.00632851,0.0297807,0.00716621,-0.00693122,-0.00493171,39.1871,0.0042394,0.00759888,-0.108543
6.74,0.999721,-0.0166644,-0.0118294,-0.0118623,-0.00264343,0.00711122,-0.000873971,-0.00491135,0.00623005,0.0297669,0.0084527,-0.00666909,-0.00583639,41.9063,0.0167979,-0.00181021,0.075755
6.76,0.99972,-0.0166902,-0.0118224,-0.0118631,-0.00591552,-0.00108916,-0.000693228,-0.00475665,0.00614663,0.0297588,0.00833548,-0.00670766,-0.00564792,38.8841,0.00652366,0.00990169,0.0772754
6.78,0.999721,-0.0166752,-0.0118231,-0.0118596,0.010538,0.00195202,-0.00303104,-0.00453404,0.00601589,0.0297396,0.00777863,-0.00718766,-0.0055711,42.2646,-0.00144767,0.0195155,0.223876
6.8,0.999721,-0.0166967,-0.0118149,-0.0118557,0.0114298,0.00115226,-0.00812494,-0.00438026,0.00592577,0.0297213,0.00829256,-0.00707042,-0.00519473,41.9466,0.00977155,0.0194411,-0.0426122
6.82,0.99972,-0.01671,-0.0118187,-0.0118551,0.0030491,0.002991,-0.00194908,-0.0042465,0.00590214,0.0297797,0.00826644,-0.00700832,-0.00531286,40.2079,0.0216256,0.00502248,-0.0483326
6.84,0.99972,-0.0167328,-0.011801,-0.0118615,-0.00118503,0.00879666,-0.00283206,-0.00411291,0.00587034,0.029828,0.00835775,-0.007149,-0.00481663,37.378,-0.00559174,0.00344984,-0.0506639
6.86,0.99972,-0.0167282,-0.0117963,-0.011852,-0.000630595,0.00659597,0.000333803,-0.00397071,0.00581596,0.0298673,0.00860295,-0.00696731,-0.00469111,38.9298,-0.00268904,0.0217862,0.169296
6.88,0.99972,-0.0167073,-0.0118139,-0.0118438,0.00373676,-0.00712325,0.00145281,-0.00378322,0.00573873,0.0299207,0.00798698,-0.00759066,-0.00548882,40.6296,-0.0130491,-0.0216588,0.0631895
6.9,0.999721,-0.0167079,-0.011817,-0.0118345,0.00559052,-0.00828405,-0.000907294,-0.00365298,0.00567215,0.0299369,0.00792057,-0.00801806,-0.00544851,37.2615,0.0229685,0.0131159,0.112647
6.92,0.99972,-0.0167296,-0.0118044,-0.0118405,0.00714651,-0.000763893,-0.00347187,-0.00355524,0.00566912,0.02999,0.00801706,-0.00804663,-0.0052275,40.979,-0.00703644,-0.00354671,0.0094748
6.94,0.99972,-0.0167386,-0.0118139,-0.0118434,0.00897361,0.000119785,-0.00129957,-0.00345314,0.00565382,0.0300294,0.00828836,-0.00830349,-0.00543133,39.6638,0.00522381,0.00107532,0.178639
6.96,0.99972,-0.0167222,-0.011825,-0.0118648,0.00275247,-0.00409892,-0.00213582,-0.00332775,0.00562852,0.0300817,0.00833981,-0.00811626,-0.00665538,40.676,0.00719287,-0.00454284,0.0529964
6.98,0.99972,-0.0167173,-0.0118045,-0.0118524,0.0114772,0.000841184,-0.00115469,-0.00324797,0.00560227,0.0301059,0.00808969,-0.00847726,-0.00674744,40.0366,0.0263494,0.00307714,0.0016834
7,0.99972,-0.0167212,-0.0117968,-0.0118478,0.00172239,-0.000415275,0.00481898,-0.00315143,0.00554905,0.0301142,0.00793854,-0.00926165,-0.00584372,40.4913,-0.0142398,0.0219868,0.0174864
7.02,0.99972,-0.0167269,-0.0117863,-0.0118526,0.00836985,-0.00210778,-0.00101177,-0.00307579,0.0055978,0.0301749,0.00786839,-0.00905795,-0.00576397,41.3311,0.0127287,0.00871914,0.06355
7.04,0.999721,-0.0167317,-0.0117799,-0.011839,0.000502879,-0.000612905,0.00437065,-0.00300056,0.00563321,0.0302268,0.00794285,-0.00968658,-0.00556461,40.0313,0.0167595,0.0220394,0.030094
7.06,0.99972,-0.0167485,-0.0117944,-0.0118346,-0.00889958,-0.0073094,0.00109481,-0.00288034,0.0056554,0.0302834,0.00810338,-0.00917593,-0.00663568,41.0368,-0.00601077,0.00763526,-0.0122675
7.08,0.99972,-0.0167425,-0.0117917,-0.0118387,-0.00580042,-0.00508059,0.00587874,-0.00280445,0.00565994,0.0303119,0.00820674,-0.00922374,-0.00665201,41.1275,-0.0166569,0.00597997,-0.119085
7.1,0.99972,-0.0167498,-0.0117768,-0.0118252,0.000196055,-0.00313841,0.00195228,-0.00271728,0.0056424,0.0303284,0.00750371,-0.00952014,-0.00581123,38.9114,-0.0208753,0.00120196,-0.0317985
7.12,0.999721,-0.0167389,-0.0117813,-0.0118205,-0.00165056,-0.00745367,0.00185023,-0.00263799,0.00563433,0.0303485,0.00771542,-0.00917289,-0.00560007,37.184,0.00196611,-0.00724361,0.0587934
7.14,0.999721,-0.0167489,-0.0117834,-0.0118186,-0.00397183,0.00323001,-0.00294901,-0.00256892,0.00567309,0.030411,0.00846072,-0.00922802,-0.00561964,40.0392,-0.000812128,-0.0139514,0.203933
7.16,0.999721,-0.0167259,-0.0117875,-0.011813,-0.00353004,0.0013485,0.00216226,-0.00253294,0.00569361,0.0304528,0.00844151,-0.00936155,-0.00573172,37.9806,-0.0258899,0.021511,0.170434
7.18,0.99972,-0.0167494,-0.0117971,-0.011816,-0.0013594,-0.00108197,-0.00684422,-0.00249297,0.00570352,0.0304893,0.00832944,-0.00938341,-0.00547005,41.175,0.0173504,0.000289188,0.0923678
7.2,0.999721,-0.0167187,-0.0117951,-0.011815,0.00438256,-0.00298713,0.00181403,-0.00245184,0.00570573,0.0305228,0.00832556,-0.0093837,-0.00572547,38.9991,-0.000874614,0.0103968,0.369301
7.22,0.999721,-0.0167185,-0.0117908,-0.0118219,0.00503581,-0.00063549,-0.00350217,-0.00238927,0.00568535,0.0305464,0.00825407,-0.00961399,-0.00499908,42.4646,0.0128082,0.016452,0.0712048
7.24,0.999721,-0.0167307,-0.0117913,-0.0118108,0.000395027,-0.00133683,0.00325615,-0.00234443,0.00568377,0.0306495,0.00856175,-0.0100925,-0.00446217,39.6663,0.00979517,0.0130318,0.145595
7.26,0.999721,-0.0167293,-0.0118003,-0.0118042,-0.0104157,0.00459373,0.00368034,-0.00230879,0.00565871,0.030713,0.00840766,-0.0102453,-0.00443144,39.547,0.00904805,-0.00534196,0.0533045
7.28,0.999721,-0.0167134,-0.0118051,-0.0118232,-0.00936657,-0.00168657,-0.00255362,-0.00227085,0.00562692,0.0307681,0.00848355,-0.00999756,-0.00453312,41.6318,0.025302,0.028294,0.130103
7.3,0.999721,-0.0167229,-0.0117998,-0.0118071,-0.00561053,-0.000875661,0.00168898,-0.00223118,0.00559113,0.0308157,0.00837339,-0.0099216,-0.00463968,36.7618,0.0213695,0.0180025,0.121695
7.32,0.999721,-0.016731,-0.0117938,-0.0118098,-0.0037666,0.000526846,-0.00283798,-0.00218768,0.00552723,0.030885,0.0078864,-0.00961197,-0.00380536,40.9906,-0.00354299,-0.0285211,-0.0324359
7.34,0.999721,-0.0167211,-0.011791,-0.0117988,-0.00318118,0.00719947,-0.010615,-0.00217059,0.00549499,0.0309287,0.00840858,-0.00963264,-0.00391719,40.4198,0.0163039,-0.0213322,0.0927269
7.36,0.999721,-0.0167095,-0.011791,-0.0118092,-0.00403184,0.0110442,-0.00587256,-0.0021507,0.00546236,0.0309759,0.00822398,-0.00976856,-0.00371109,38.1361,0.0151695,0.0013351,0.144533
7.38,0.999722,-0.0166867,-0.0117966,-0.0117925,-0.000788093,0.0106411,-0.0037078,-0.00214168,0.00543231,0.0310185,0.00787653,-0.00943862,-0.00386019,39.0042,0.0123415,0.0359388,0.209617
7.4,0.999721,-0.0167194,-0.011793,-0.0117937,-0.00445546,-0.00357058,0.00559218,-0.00212084,0.00538066,0.0310772,0.00744172,-0.00974293,-0.00354455,40.3947,0.00879204,0.0166661,0.227109
7.42,0.999721,-0.0167473,-0.0117984,-0.0117996,-0.00343816,0.0062019,-0.000614452,-0.0021212,0.00535055,0.0311255,0.00780068,-0.00937881,-0.00347255,39.299,-0.00859247,0.00397102,0.200906
7.44,0.999721,-0.0167542,-0.0117876,-0.0117925,-0.00191451,0.00724544,1.25372e-05,-0.00213221,0.00531113,0.031179,0.00803191,-0.00908069,-0.0029721,37.6063,0.00267763,0.0213931,0.103246
7.46,0.999721,-0.0167437,-0.0117936,-0.0117846,0.00308408,0.00619655,-0.0028238,-0.00214074,0.00527635,0.0312339,0.00843347,-0.00920143,-0.00293753,38.748,0.00602431,0.0082595,0.155667
7.48,0.999721,-0.0167387,-0.0118037,-0.0117756,0.0016051,0.00734947,-0.00738787,-0.00214623,0.00523394,0.0312844,0.00815682,-0.00889709,-0.00288137,44.084,-0.00317443,0.0159042,0.214779
7.5,0.999721,-0.0167294,-0.0117898,-0.01179,0.00688254,-0.00128887,-0.00654082,-0.00214404,0.00516379,0.0313597,0.00802064,-0.00935523,-0.00248602,40.2038,0.00928485,0.0126239,0.0775172
7.52,0.999721,-0.0167256,-0.0117863,-0.0117836,0.00565831,0.00378805,-0.000180019,-0.00214238,0.00514511,0.031443,0.00843089,-0.00910343,-0.00248796,42.2365,0.00357861,0.003338,0.0185007
7.54,0.999721,-0.0167161,-0.0117861,-0.0118,0.00696597,-4.31201e-05,0.000545993,-0.00211424,0.00511036,0.0315174,0.00835564,-0.00897123,-0.00144277,39.4487,-0.00213279,0.000677455,0.0651255
7.56,0.999721,-0.0167539,-0.0117764,-0.0117876,-0.000261271,0.00669022,0.00134287,-0.00209549,0.00507303,0.0315912,0.00865137,-0.00928073,-0.00190768,36.9098,-0.00380004,0.0192263,-0.000715518
7.58,0.999721,-0.0167392,-0.0117752,-0.0117718,-0.00639051,0.00161571,0.00444378,-0.00207954,0.00503001,0.0317004,0.00856837,-0.00944333,-0.00254948,41.3982,0.00373786,0.0298203,0.126322
7.6,0.999722,-0.0167119,-0.0117731,-0.0117835,0.014003,-0.00179839,-0.000547381,-0.00206738,0.00499039,0.0317613,0.00788345,-0.00970005,-0.00251748,37.3315,0.0245824,-0.000426537,0.206421
7.62,0.999721,-0.0167173,-0.0117804,-0.0117802,0.00501977,-0.00096766,0.00426888,-0.0020739,0.00497406,0.0318438,0.00804449,-0.00977942,-0.00244687,39.7179,0.00225327,-0.00490855,0.157269
7.64,0.999722,-0.0167075,-0.0117667,-0.0117893,0.00376187,0.00471328,-0.00291102,-0.00207712,0.00494954,0.0319182,0.00749962,-0.0100361,-0.00259612,40.5542,0.0202271,0.00133188,0.188017
7.66,0.999722,-0.0166974,-0.011767,-0.0117822,0.0104544,0.000640057,0.000430222,-0.00205985,0.00489569,0.0319755,0.00802649,-0.0103121,-0.00187989,41.6832,0.0111139,-0.00839748,0.254481
7.68,0.999722,-0.016707,-0.0117838,-0.0117859,-0.000346158,-0.00486765,-0.00435301,-0.00205085,0.00481017,0.0320621,0.0073811,-0.010091,-0.00314324,39.4402,0.00904401,0.00185404,0.178124
7.7,0.999722,-0.0166903,-0.0117768,-0.0117783,0.000876254,-0.00621679,-0.00394843,-0.00204441,0.00474969,0.03211,0.00757384,-0.010237,-0.00306361,38.8055,0.000663887,-0.00826925,0.0664038
7.72,0.999722,-0.0166859,-0.0117752,-0.0117602,0.00194138,-0.00530967,0.00215633,-0.00202846,0.00465071,0.0321932,0.00717926,-0.0104923,-0.002452,40.2203,0.00559101,0.0055774,0.112804
7.74,0.999722,-0.0167032,-0.0117669,-0.0117574,0.00268966,0.000719908,-0.00154923,-0.00201134,0.00455078,0.0322722,0.00672836,-0.0101174,-0.00244666,40.2085,0.00743245,0.00933766,0.0966182
7.76,0.999722,-0.0167075,-0.0117739,-0.0117528,-0.00468321,-0.00165214,-0.00186779,-0.00196911,0.00437486,0.0323818,0.00757157,-0.01021,-0.00251896,40.2948,-0.00115557,-0.0216943,0.0887157
7.78,0.999722,-0.0167013,-0.0117774,-0.0117557,-0.0045682,-0.00293404,-0.00292128,-0.00195886,0.00428281,0.0324479,0.0071357,-0.010178,-0.00286729,38.7244,0.0240165,0.0199869,-0.13115
7.8,0.999722,-0.0167092,-0.0117881,-0.0117547,-0.00101542,-0.00108043,0.000970781,-0.00194507,0.00418835,0.0325081,0.00705787,-0.0101711,-0.002779,40.7934,-0.00418272,-0.00527935,0.0235774
7.82,0.999722,-0.0167246,-0.0117895,-0.0117546,0.00242913,-0.00657683,-9.25601e-05,-0.00192812,0.00408499,0.0325916,0.00671915,-0.0100172,-0.00277821,40.3036,0.00125008,0.00281493,0.188479
7.84,0.999721,-0.0167413,-0.0117782,-0.0117528,-0.0046488,0.00253999,0.00130372,-0.00188248,0.00392413,0.0327481,0.00713971,-0.010017,-0.00159162,40.1536,0.0172532,-0.0111892,0.0288544
7.86,0.999721,-0.0167513,-0.0117809,-0.0117643,0.000517801,0.00443296,-0.000321518,-0.00183427,0.0037846,0.0328404,0.00751708,-0.0105445,-0.0022124,40.5057,-0.00127312,-0.00710395,0.161508
7.88,0.999721,-0.016776,-0.011784,-0.0117597,-0.00723881,0.0065954,0.00430273,-0.00178877,0.0036498,0.0329371,0.00791726,-0.0107181,-0.00199921,40.1475,0.00747126,0.00607426,0.179194
7.9,0.999721,-0.0167853,-0.011779,-0.0117482,-0.0064547,-0.000402986,0.00639219,-0.00173841,0.00350869,0.0330345,0.00742882,-0.0107366,-0.00159439,40.7602,0.0116979,0.00752554,0.293162
7.92,0.99972,-0.0168004,-0.0117931,-0.0117569,-0.00405143,-0.0073305,0.0012014,-0.00169939,0.00334916,0.0331762,0.00735404,-0.0108889,-0.0010907,39.2073,0.00790609,0.0154567,0.171954
7.94,0.99972,-0.016838,-0.0117614,-0.0117518,-0.00208125,0.00511792,-0.00446456,-0.00163643,0.00308938,0.0334342,0.00720661,-0.0107078,0.000455103,39.0491,-0.0132474,0.00669492,0.165288
7.96,0.99972,-0.016851,-0.0117642,-0.0117322,-0.00377643,0.00570872,0.00244582,-0.00158598,0.00290743,0.0335988,0.00780142,-0.0111099,0.000280221,39.053,-0.00613939,0.0112488,0.15117
7.98,0.99972,-0.0168552,-0.0117582,-0.0117447,0.00137088,0.00933037,0.00389025,-0.00153048,0.00271207,0.0337506,0.00745741,-0.0113811,-0.000273405,39.8127,0.0158332,0.0250374,0.0306564
8,0.99972,-0.0168421,-0.0117829,-0.0117334,-0.00174861,-0.00124328,0.00047524,-0.00149579,0.00253909,0.0339023,0.0073271,-0.0116827,-0.000380046,37.9496,-0.00743471,6.85525e-05,0.0210927
8.02,0.99972,-0.016811,-0.0117809,-0.0117346,0.00946119,-0.00141637,-0.000877567,-0.00144684,0.00231399,0.0341778,0.00683841,-0.0121391,0.000733334,41.4405,0.0180222,0.000523727,0.185312
8.04,0.99972,-0.016814,-0.0117868,-0.0117299,0.00546462,-0.00137314,0.000907171,-0.00141034,0.00217359,0.0343693,0.00685803,-0.0120311,0.000963685,40.846,-0.0037248,0.0246285,0.100014
8.06,0.99972,-0.0168273,-0.0117758,-0.011728,-0.00590168,0.00535228,0.00575589,-0.00136892,0.00202443,0.0345526,0.00730557,-0.0122653,0.00110546,39.7291,0.0172059,-0.00677909,0.18253
8.08,0.99972,-0.0168226,-0.0117767,-0.0117409,-0.00121234,0.00981479,-0.0083854,-0.00131574,0.00186809,0.0347221,0.00730205,-0.0113515,-2.93873e-06,37.9534,-0.00124009,-0.00752455,0.195804
8.1,0.99972,-0.0168277,-0.0117759,-0.0117414,-0.00156666,-0.00215203,-0.00354691,-0.0012475,0.00163804,0.0349528,0.00676378,-0.0121932,-4.78875e-06,40.7679,0.00897114,0.00902389,-0.0104888
8.12,0.999721,-0.0167886,-0.0117774,-0.0117322,0.0100632,-0.00573033,0.00145381,-0.00122498,0.0015558,0.0351659,0.00699174,-0.0126395,0.000365672,40.012,-0.00492629,0.0110949,0.308688
8.14,0.999721,-0.0167734,-0.0117657,-0.0117488,0.00422955,0.000117283,-0.0066699,-0.00119419,0.00146172,0.035373,0.00701232,-0.0123902,0.000618288,35.9803,0.0325446,0.024816,-0.00740399
8.16,0.999721,-0.0167829,-0.0117723,-0.0117287,-0.00647165,-0.00247114,0.00211869,-0.00114309,0.00134218,0.0355658,0.00774118,-0.0127241,0.000726885,41.0411,0.0102392,-0.00851639,0.235787
8.18,0.999722,-0.0167547,-0.0117761,-0.0117295,0.00366909,0.00398865,0.000721382,-0.00109378,0.00122315,0.0357525,0.00808289,-0.0129241,0.000858112,39.1829,0.0180861,0.00641767,0.210301
8.2,0.999722,-0.0167131,-0.0117648,-0.0117251,0.00715544,-0.00233383,-0.00318237,-0.00104028,0.00107195,0.0360197,0.00748371,-0.0132132,0.000594373,44.3047,-0.00142046,-0.00363823,0.129164
8.22,0.999722,-0.0167283,-0.0117638,-0.011724,0.00164295,-0.00164028,-9.1264e-05,-0.00102422,0.0010679,0.0362068,0.00755784,-0.01327,0.000816,38.4028,0.0156972,0.000486086,0.276406
8.24,0.999722,-0.0167525,-0.0117728,-0.011721,-0.00766733,0.00155138,0.004407,-0.00101304,0.0010606,0.0362945,0.00808524,-0.0128125,0.000734679,42.9431,0.00296879,-0.0120481,0.189884
8.26,0.999722,-0.0167511,-0.0117668,-0.011729,0.0021181,-0.000913976,-0.00107636,-0.000973731,0.00102068,0.0365593,0.00748717,-0.0135565,0.00118787,39.8738,0.020096,0.00364325,0.10411
8.28,0.999722,-0.0167298,-0.0117832,-0.0117308,0.00310274,0.00206785,-0.001061,-0.000917133,0.00092598,0.0368001,0.00751628,-0.0135554,0.000870352,39.0651,0.00656864,0.0123992,0.0154055
8.3,0.999722,-0.0167177,-0.011789,-0.0117242,0.00534334,-0.00651717,0.00729916,-0.000883295,0.000867065,0.0369562,0.00718911,-0.0133477,0.000935031,38.8863,0.0170058,0.00418528,0.126811
8.32,0.999722,-0.0167194,-0.0117796,-0.0117237,0.00517964,-0.0040958,0.000991448,-0.000897493,0.000897846,0.0371273,0.00691451,-0.0134383,0.00117931,40.215,-0.00877217,-0.0225616,0.0657163
8.34,0.999722,-0.0167307,-0.0117762,-0.011725,0.00619418,-0.00842868,0.000426456,-0.000902624,0.000918968,0.0372936,0.00713773,-0.0128772,0.00152528,39.8488,-0.00389195,0.0178832,0.0721511
8.36,0.999722,-0.0167145,-0.011761,-0.0117164,0.00679629,-0.00134623,-0.0018927,-0.000899163,0.000934888,0.0374541,0.0073238,-0.0130266,0.00200198,41.3106,-0.00196268,-0.00536065,0.163896
8.38,0.999723,-0.0167076,-0.0117725,-0.0117045,0.00140768,-0.00208122,0.00444119,-0.000862096,0.000904757,0.0376857,0.00747709,-0.0132264,0.00132943,39.0749,-0.00376404,0.010678,0.219431
8.4,0.999722,-0.0167158,-0.0117672,-0.011713,-0.0046646,-0.000942677,-0.00210381,-0.00086212,0.000907386,0.0378289,0.00725982,-0.0130878,0.000982712,39.8104,0.0179459,-0.0127948,0.124188
8.42,0.999722,-0.0167227,-0.0117734,-0.0117359,-0.00392642,-0.00385812,-0.00620066,-0.000882901,0.000966592,0.0379592,0.00725482,-0.0131679,0.00103336,41.9433,0.0102354,0.00666433,0.128563
8.44,0.999722,-0.0167248,-0.0117673,-0.0117241,0.00313767,-0.000908554,0.00562202,-0.000895311,0.00101109,0.0380835,0.00718705,-0.0131302,0.00130037,39.8466,0.0328911,0.00286074,0.177376
8.46,0.999722,-0.016749,-0.0117611,-0.011731,-0.00502039,-0.00202651,0.000553218,-0.000902971,0.00106193,0.0382485,0.007403,-0.0125315,0.00131755,39.0037,0.00132485,0.00772817,0.0864774
8.48,0.999722,-0.0167415,-0.0117473,-0.0117295,-0.00692256,0.00153114,0.00248951,-0.000891585,0.00105934,0.0383478,0.00736325,-0.0126597,0.000219599,39.0103,0.0199587,-0.0103885,0.0837622
8.5,0.999722,-0.0167212,-0.011755,-0.0117364,-0.0023888,-0.00281855,-0.0032428,-0.000889541,0.00106472,0.0384393,0.00707217,-0.0125267,0.00020427,42.0259,-0.00525393,-0.0142631,0.212593
8.52,0.999722,-0.0167226,-0.011762,-0.011745,-0.00625187,-0.00456682,0.000447215,-0.000881303,0.00106222,0.0385245,0.0072833,-0.0123587,1.4903e-05,39.7038,0.0070315,0.0139305,0.262832
8.54,0.999722,-0.0167545,-0.011744,-0.011748,-0.00123325,0.00419272,-0.00250173,-0.000976421,0.00116595,0.0386412,0.00775409,-0.0112776,0.00151044,40.3604,0.0137894,0.0180511,0.0928096
8.56,0.999722,-0.0167575,-0.0117425,-0.011764,-0.00802947,0.00691601,0.000506778,-0.00102562,0.00122759,0.0387136,0.00768364,-0.0112415,0.00110641,38.8262,0.028478,-0.0199106,0.0939937
8.58,0.999722,-0.0167406,-0.0117512,-0.0117659,0.0026951,-0.00273595,-0.00390607,-0.00104833,0.00125135,0.03875,0.00756002,-0.0116472,0.000589284,40.9917,0.00948904,0.000283055,0.231054
8.6,0.999721,-0.0167779,-0.0117535,-0.0117404,-0.00736124,0.00443645,0.00125925,-0.00109105,0.00129504,0.0388408,0.00817312,-0.0114841,-0.000203135,38.8744,0.000902482,-0.00913568,0.277429
8.62,0.999722,-0.0167736,-0.0117534,-0.0117179,-0.00358528,0.00165806,0.00475451,-0.00116078,0.00138527,0.0389018,0.00780882,-0.0113575,-0.000491618,37.9866,0.0163236,-0.0247823,0.242769
8.64,0.999722,-0.016752,-0.0117435,-0.0117315,-0.00411334,0.000699032,-0.00170683,-0.00128508,0.00156031,0.0389892,0.00771294,-0.0112123,0.000265407,40.8294,0.000747039,-0.00876034,-0.107305
8.66,0.999722,-0.0167489,-0.0117465,-0.0117294,0.0034319,0.000545732,0.00229477,-0.00135746,0.0016644,0.0390373,0.00756496,-0.011005,0.0004532,37.9423,8.61672e-05,0.00538758,0.000887523
8.68,0.999721,-0.016757,-0.0117463,-0.0117622,-0.00457882,-0.000447459,-0.00359945,-0.00141966,0.00175355,0.0390889,0.0077518,-0.0108604,0.000665623,40.5711,-0.0184669,0.00959555,0.0882002
8.7,0.999722,-0.0167392,-0.0117323,-0.0117637,-0.000256045,0.0061018,0.00142257,-0.00147412,0.00183412,0.0391377,0.0076642,-0.0105882,0.000695843,39.2842,0.0180984,0.0116041,0.146389
8.72,0.999722,-0.0167143,-0.0117409,-0.0117642,0.0042389,-0.00119281,-0.00195172,-0.00157574,0.00199958,0.039224,0.00722993,-0.0108277,0.00130347,41.4566,0.0318091,-0.0124451,-0.0263419
8.74,0.999722,-0.0167199,-0.0117178,-0.0117758,0.000700112,0.00863585,-0.00621521,-0.00165127,0.00213028,0.0392796,0.00759917,-0.010618,0.00124704,40.6502,0.0102573,-0.0109044,0.118949
8.76,0.999722,-0.0167075,-0.0117231,-0.0117769,0.00684165,0.000808493,0.00253681,-0.00171363,0.00224771,0.0393282,0.00762007,-0.0106017,0.000906319,38.7963,-0.00310106,0.0121722,0.0922864
8.78,0.999722,-0.0167002,-0.0117331,-0.0117878,-0.00717987,0.0022509,-0.00429566,-0.0017666,0.00234702,0.0393656,0.00787032,-0.0107339,0.000522218,42.3559,0.0155399,-0.0127885,0.0630127
8.8,0.999722,-0.0166868,-0.0117375,-0.0117864,0.000509628,4.32645e-05,-0.00688204,-0.00181259,0.00242895,0.0393991,0.00743391,-0.0108786,0.000721074,40.1711,0.0196298,0.0120858,0.223727
8.82,0.999723,-0.0166709,-0.0117592,-0.0117793,0.0103428,-0.00883972,0.00164381,-0.00190775,0.00257312,0.0394781,0.00667181,-0.0109334,0.000774204,40.2215,0.00792894,-0.0196138,0.17207
8.84,0.999723,-0.0166617,-0.0117505,-0.011794,0.00968999,0.00128712,-0.0045986,-0.00199447,0.00269868,0.0395596,0.00665502,-0.0109001,0.000762385,41.0924,0.00121148,0.00686857,0.126077
8.86,0.999722,-0.0166764,-0.011747,-0.0118012,-0.000156289,0.000460648,0.00201256,-0.00207213,0.00280889,0.0396368,0.00657964,-0.0107991,0.000811377,41.123,-0.00870604,0.00729314,-0.071227
8.88,0.999722,-0.0166962,-0.0117473,-0.0118027,0.00212363,0.000889513,0.00448994,-0.00214064,0.00290078,0.0397078,0.00706773,-0.0110194,0.000531836,38.1692,0.0173298,0.00192271,-0.0780604
8.9,0.999722,-0.0167134,-0.0117299,-0.0118099,0.00280358,0.000536007,-0.00292737,-0.00222516,0.00300693,0.0398006,0.00701473,-0.0109203,-0.000632106,38.07,-0.0146477,-0.000100184,-0.0533635
8.92,0.999721,-0.016718,-0.011733,-0.0118295,0.00409761,-0.00230655,-0.00542478,-0.00229288,0.00307129,0.0398858,0.00660148,-0.0107427,-0.000422975,39.6719,0.012176,-0.00060799,-0.111181
8.94,0.999722,-0.016708,-0.0117304,-0.0118264,0.00558314,-0.000517849,0.000134448,-0.00236065,0.00312172,0.0399854,0.00611494,-0.0107168,0.00059685,43.1112,-0.00103206,-0.00619217,0.0019336
8.96,0.999722,-0.0166884,-0.0117436,-0.0118429,0.0109429,-0.00170057,-0.0026089,-0.00243103,0.00317517,0.0400806,0.0058232,-0.0108803,0.000360776,42.1071,-0.00115048,-0.0209103,0.0656488
8.98,0.999722,-0.0166646,-0.0117481,-0.0118432,-0.00130288,0.00123271,0.00314573,-0.00252253,0.00321897,0.0402106,0.00649684,-0.0113409,-0.000323495,36.665,0.00756647,-0.0146767,0.154226
9,0.999722,-0.0166707,-0.011749,-0.01185,-0.000331168,-0.00108289,-0.00216699,-0.00257553,0.00322376,0.0402925,0.00628315,-0.0114198,-0.000551718,39.6833,-0.00699264,0.016349,0.117141
9.02,0.999722,-0.0166459,-0.0117505,-0.0118711,0.00533092,-0.00153861,-0.00385341,-0.00263686,0.00328101,0.0404262,0.00583161,-0.0114982,-0.000506477,41.5396,0.0188043,-0.0186592,0.13295
9.04,0.999722,-0.0166649,-0.0117504,-0.0118596,0.000727768,-0.0041845,0.000526721,-0.00268186,0.00330573,0.0405503,0.00529531,-0.0121142,0.000300077,39.6546,0.0041154,0.0053706,0.179847
9.06,0.999722,-0.0166264,-0.0117504,-0.0118695,0.0144292,0.00124641,0.00189949,-0.00272961,0.00333466,0.0406666,0.00537447,-0.0118332,0.000641053,40.2645,0.0165307,0.0196254,0.312418
9.08,0.999722,-0.0166263,-0.0117538,-0.0118738,-0.0051257,-0.000517536,0.00406189,-0.00277919,0.00335608,0.0408307,0.00646372,-0.0116015,-0.000107929,38.8714,0.00229247,0.00165925,0.154371
9.1,0.999722,-0.0166508,-0.0117515,-0.0118678,-0.00759098,-0.0036047,0.00450449,-0.00280102,0.00335236,0.0409369,0.00632816,-0.0114262,0.000227665,41.2468,0.0154216,-0.00503971,0.0761899
9.12,0.999722,-0.0166648,-0.0117503,-0.0118736,-0.00447094,0.00479323,0.00166819,-0.00282335,0.00338998,0.0410455,0.00603736,-0.0111551,-1.35805e-05,42.3048,-0.0101507,-0.0126304,-0.00556043
9.14,0.999722,-0.0166649,-0.0117315,-0.0118812,0.00162433,-0.000891231,0.00470214,-0.00283413,0.00340056,0.0411571,0.0054608,-0.0115253,0.000996109,40.2839,0.00957127,-0.00596793,-0.0153828
9.16,0.999722,-0.0166646,-0.0117247,-0.011893,-0.00496532,0.0128172,4.12615e-06,-0.00284782,0.00342105,0.0413022,0.00611957,-0.0107585,0.00092835,39.3586,0.00708639,0.0107482,-0.0301991
9.18,0.999722,-0.0166674,-0.0117271,-0.0118767,-0.00338667,0.000191278,0.00502074,-0.00284881,0.00342285,0.0413965,0.00600902,-0.0107627,0.000508624,40.626,-0.00312192,-0.0142446,0.0474645
9.2,0.999722,-0.0166719,-0.0117268,-0.0118764,-0.00696576,0.00503341,0.00463749,-0.00284506,0.00341283,0.0414843,0.00597788,-0.0110077,0.000864652,38.4629,0.0168698,-0.00625938,-0.0275658
9.22,0.999721,-0.016684,-0.0117341,-0.0118785,-0.003698,-0.00260314,0.00383972,-0.00282745,0.00347042,0.0415574,0.00558287,-0.010745,0.000481723,39.9999,-0.00262481,0.0297506,0.000466929
9.24,0.999722,-0.0166761,-0.0117228,-0.0118845,0.00253332,-0.00199725,-0.00178063,-0.00280918,0.0035238,0.0416431,0.00575841,-0.0107581,0.00138971,42.9007,0.0107455,-0.0132738,-0.0523942
9.26,0.999722,-0.0166847,-0.0117138,-0.0118887,-0.0083309,0.00648672,-0.00309176,-0.00276468,0.00359025,0.0417672,0.00567826,-0.010571,0.00263884,39.9805,0.0164714,0.0176774,-0.00147258
9.28,0.999721,-0.0166794,-0.0117199,-0.0118973,0.00601631,0.00224155,0.000706283,-0.00272782,0.00362079,0.0418411,0.00596176,-0.0107794,0.00237106,39.1348,0.00946803,0.0200976,0.109765
9.3,0.999721,-0.0166639,-0.0117366,-0.0119174,-0.00106713,0.00178552,0.000676812,-0.00267459,0.00361611,0.0419183,0.0063691,-0.010858,0.00146979,40.0318,0.00934279,-0.00186492,0.0791812
9.32,0.999721,-0.0166885,-0.0117383,-0.0118906,0.00121436,0.000550086,-0.000963904,-0.00261411,0.00364865,0.0419595,0.00612135,-0.0107726,0.0011673,38.8838,-0.00418866,0.0286226,0.110127
9.34,0.999721,-0.0166856,-0.0117265,-0.0118992,0.00264064,0.00538765,-0.000372539,-0.0025013,0.00371967,0.0419895,0.00563546,-0.011263,0.00221138,41.4019,-0.0216003,0.0163509,-0.0557759
9.36,0.999721,-0.0166609,-0.0117437,-0.0119073,0.0014359,-0.000711809,0.00152187,-0.00242259,0.00375036,0.0420036,0.00537909,-0.0110424,0.00207175,41.0312,-0.004122,-0.014729,0.0759981
9.38,0.999721,-0.0166677,-0.0117393,-0.0118986,-0.00317944,0.0045536,0.00133282,-0.00234118,0.00376751,0.0420139,0.00590771,-0.0113888,0.00199317,38.7253,0.0260432,0.00944276,-0.0775816
9.4,0.999721,-0.016661,-0.0117542,-0.0119003,-0.00579817,0.00574014,0.00299739,-0.00224462,0.00374949,0.0420183,0.00611208,-0.0112794,0.000951946,42.3413,0.000778365,0.00328262,-0.0409952
9.42,0.999721,-0.0166456,-0.0117544,-0.0119149,-0.00348804,0.0019582,0.00107668,-0.00215127,0.00374534,0.0420066,0.00597834,-0.0112531,0.000962299,38.2106,-6.23614e-05,-0.00520221,0.0536167
9.44,0.999721,-0.0166482,-0.0117546,-0.011936,0.00581835,0.00331351,-0.00161465,-0.00202036,0.00376289,0.0419682,0.00566411,-0.0114744,0.00103531,41.9632,-0.000991431,0.0170775,0.141402
9.46,0.999721,-0.0166306,-0.0117587,-0.0119314,-0.00272243,-0.00143596,0.00657153,-0.00192164,0.00376181,0.0419373,0.00614636,-0.0113009,0.00108041,39.6835,0.000156703,0.0271951,0.0632847
9.48,0.999722,-0.0166155,-0.0117629,-0.0119275,-0.00104857,0.00402537,0.0073644,-0.0018177,0.00375194,0.0419092,0.00613881,-0.0111232,0.0014441,38.237,-0.00794428,0.00288435,0.115239
9.5,0.999721,-0.0166154,-0.0117753,-0.011931,0.000916797,-0.00289529,-0.000293947,-0.00170527,0.00373147,0.0418793,0.00685644,-0.0112254,0.00138109,39.3995,0.00545616,-0.0250233,0.099915
9.52,0.999721,-0.0166176,-0.0117768,-0.0119431,3.745e-05,-0.0044583,-0.00235167,-0.00151817,0.00364848,0.0418092,0.00690462,-0.0111159,0.000486519,41.4522,-0.00260384,0.00472625,0.292359
9.54,0.999722,-0.0166069,-0.0117697,-0.0119319,0.00691077,-0.00428513,0.00609406,-0.00139953,0.00359158,0.0417515,0.0067994,-0.0109204,0.000682902,40.4042,0.000196694,0.0152551,0.254142
9.56,0.999722,-0.0166047,-0.0117825,-0.0119316,0.00531876,-0.00838454,0.000183731,-0.00127456,0.00352678,0.0416898,0.00744016,-0.0107687,0.00065091,41.5123,0.00363621,0.00870715,0.180534
9.58,0.999722,-0.0166144,-0.011773,-0.0119367,0.00823332,0.00229762,-0.00666023,-0.00114067,0.00346026,0.0416326,0.0075662,-0.0105047,0.000406049,40.9271,0.0285254,-0.00719061,0.0501905
9.6,0.999721,-0.0165985,-0.0117885,-0.0119377,-0.00460284,-0.00528433,0.00286381,-0.000931776,0.00334459,0.0415402,0.00846458,-0.0102353,-0.000287555,40.8006,-0.00356254,0.00962548,0.0966934
9.62,0.999721,-0.0165932,-0.0118021,-0.0119457,0.00311276,-0.00754309,-0.00294355,-0.000797959,0.00324895,0.0414754,0.00774551,-0.010719,2.57385e-05,40.7309,-0.00337193,0.0063059,0.0406882
9.64,0.999722,-0.0165743,-0.0117856,-0.0119414,-0.000170669,0.000856588,-0.000971528,-0.000716565,0.00319414,0.0413979,0.00726427,-0.0104399,0.000224328,38.8297,0.0064539,0.00565051,0.189367
9.66,0.999722,-0.0165798,-0.0117817,-0.0119536,0.00278507,0.00266615,-0.00697385,-0.000633873,0.0031344,0.0413175,0.00748909,-0.0103407,0.000238456,38.4191,0.0141581,-0.0118339,0.253559
9.68,0.999722,-0.0165805,-0.0117858,-0.0119437,0.00339157,-0.000377205,-0.000509857,-0.000548735,0.00306803,0.0412437,0.00716309,-0.0105522,0.00035585,39.2913,0.00665778,0.0157838,0.165844
9.7,0.999722,-0.016544,-0.0118056,-0.0119477,0.00389741,0.00223071,-0.000316497,-0.000410556,0.00294352,0.04113,0.00825035,-0.0105576,-0.000168049,41.3239,-0.00814317,0.0152553,0.193302
9.72,0.999722,-0.0165413,-0.0118031,-0.0119534,-0.00158966,-0.00337548,0.00155108,-0.000327816,0.002833,0.0410326,0.00740055,-0.0108468,-0.000460746,37.5532,0.0148928,-0.0124178,0.023947
9.74,0.999722,-0.016556,-0.0117964,-0.0119723,0.00426281,-0.00755444,-0.000540577,-0.000278225,0.00273922,0.0409058,0.00717957,-0.0109351,-0.000228732,42.746,0.0121525,0.00512052,0.0411456
9.76,0.999722,-0.0165518,-0.011787,-0.0119459,0.00756188,-0.00670067,0.00701545,-0.000225689,0.00263274,0.040783,0.00691737,-0.0111469,-0.000265726,40.3937,-0.0112498,0.00862714,0.200625
9.78,0.999722,-0.0165734,-0.0117847,-0.0119542,-0.00149503,0.00704201,-0.00356148,-0.000143572,0.00246251,0.0405932,0.00755261,-0.0107743,-0.000734125,39.7052,0.000122605,0.0248037,0.224952
9.8,0.999721,-0.0165875,-0.0118055,-0.0119625,-0.0136213,0.0003984,0.00282734,-8.11156e-05,0.00233731,0.0404691,0.00757629,-0.0108307,-0.000786275,38.0634,0.0110327,-0.00445647,0.0353775
9.82,0.999722,-0.0165457,-0.01181,-0.0119648,-0.00214307,0.00300164,-0.000701862,-4.15886e-05,0.00223336,0.0403333,0.00725879,-0.0106364,-0.00106767,38.9727,-6.09023e-05,-0.022235,0.31259
9.84,0.999722,-0.0165472,-0.0118094,-0.0119635,0.00290739,-0.00575128,-0.00155575,-2.56237e-05,0.00214177,0.0401996,0.00681962,-0.0110762,-0.00125227,41.8153,0.0174714,0.0146032,0.102456
9.86,0.999722,-0.0165737,-0.0117969,-0.0119238,-0.000789212,0.00139142,0.00929807,-1.96872e-05,0.00203046,0.0400003,0.00713459,-0.0109012,-0.000722863,42.298,-0.0216176,0.00851979,0.107681
9.88,0.999722,-0.0165886,-0.0117876,-0.011943,-7.72049e-05,0.00971136,0.000613763,-1.10759e-05,0.00194478,0.03987,0.00682136,-0.0107995,-0.000947597,37.2936,-0.00524846,-0.00303649,0.024058
9.9,0.999722,-0.0165744,-0.0118047,-0.0119294,0.00118464,-0.00211791,0.00240581,1.98676e-06,0.00184796,0.0397407,0.00704874,-0.0112676,-0.00143791,38.4344,-0.00908665,0.000716731,0.125186
9.92,0.999722,-0.0165375,-0.0117981,-0.0119517,0.00686161,-0.00375671,-0.000505561,-1.19758e-06,0.00182849,0.0396691,0.00656177,-0.0115838,-0.00154556,42.9613,0.00475124,-0.0133559,0.0947247
9.94,0.999722,-0.0165447,-0.0118032,-0.0119412,0.0043534,0.00309292,-0.00502367,5.85827e-06,0.00173752,0.0394468,0.00662099,-0.0114005,-0.00195692,36.9381,0.00429077,0.00513476,0.13571
9.96,0.999722,-0.0165411,-0.011788,-0.0119397,0.00226917,0.00788515,0.000962506,1.67599e-05,0.00164787,0.0392431,0.00673632,-0.0112603,-0.00108138,40.0365,-0.00191298,0.00231027,0.162517
9.98,0.999722,-0.016557,-0.0117881,-0.0119372,-0.00364828,0.000714629,0.00134607,2.72392e-05,0.00158255,0.0391118,0.00616323,-0.0108214,-0.000863564,43.4029,0.00846237,0.0279058,0.0350971
10,0.999722,-0.0165518,-0.0117974,-0.0119284,-0.00882564,0.00633015,0.00337602,4.00798e-05,0.00150418,0.0389841,0.00656706,-0.0113812,-0.0012649,39.4292,0.0148571,0.00879254,-0.0591281
10.02,0.999723,-0.0165106,-0.0117976,-0.0119403,-0.00252341,0.0022683,-0.00135778,7.40734e-07,0.00148671,0.038822,0.00617786,-0.0114832,-0.00106685,39.9422,0.028268,-0.00271198,0.11295
10.04,0.999723,-0.0165045,-0.0118156,-0.0119323,0.000825257,-0.00823183,0.00362413,-5.35764e-05,0.00143916,0.0385945,0.00584608,-0.0112497,-0.000975174,39.2007,0.00566081,0.0161103,0.177774
10.06,0.999723,-0.0165043,-0.0118009,-0.0119259,-0.000511226,0.00412328,-0.00410571,-8.66148e-05,0.00142744,0.038444,0.00594793,-0.0109833,-0.00108696,40.8457,0.00902112,0.000938782,0.0229016
10.08,0.999723,-0.0165145,-0.0118044,-0.0119412,0.00155469,0.00264566,0.00139305,-0.000112627,0.00141271,0.0383,0.0060159,-0.0106022,-0.00096201,40.8856,-0.00172125,0.0222483,0.148432
10.1,0.999722,-0.0165499,-0.011808,-0.0119272,-0.00348854,0.00186337,-0.0023453,-0.000130882,0.00138765,0.0381583,0.0063194,-0.0107532,-0.00161524,38.9823,0.000235193,0.00453309,0.089275
10.12,0.999723,-0.0165179,-0.0118229,-0.0119174,-0.00215962,0.00381576,0.00545217,-0.000165129,0.00140141,0.0379912,0.00645408,-0.0107575,-0.00142635,41.8721,-0.00605814,0.020628,0.0196606
10.14,0.999723,-0.0164972,-0.0118176,-0.0119277,0.00768932,-0.00266882,-0.000192503,-0.000248061,0.00147958,0.0377177,0.00564684,-0.0108203,-0.00246085,38.618,0.00962876,-0.000687019,0.159098
10.16,0.999723,-0.0165172,-0.0118055,-0.011929,0.00148083,0.000704604,-0.00638021,-0.000286705,0.00150288,0.0375396,0.00558219,-0.0107759,-0.00136201,41.724,0.00475301,0.00545953,0.0706922
10.18,0.999723,-0.0165099,-0.0118151,-0.0119146,-0.0001897,-0.00061381,0.00604812,-0.000327144,0.00153215,0.0373626,0.00567466,-0.0104068,-0.0017923,37.8232,0.0117749,0.00507424,-0.0461569
10.2,0.999723,-0.0164835,-0.0118087,-0.0119179,0.00783534,-0.000666338,0.00334914,-0.000358294,0.00155914,0.0371885,0.00602317,-0.00985735,-0.00211498,41.3152,-0.0107539,0.0178036,0.0115649
10.22,0.999723,-0.0164768,-0.0118174,-0.0119344,0.000614642,-0.00556302,-0.00633421,-0.000399044,0.00162274,0.0369118,0.00660904,-0.00961552,-0.00357572,37.7677,-0.00110497,0.0193511,0.0546224
10.24,0.999723,-0.0164961,-0.0118189,-0.0119329,0.00622929,-0.00980868,-0.00119179,-0.000445883,0.00170869,0.0367182,0.00643346,-0.00954488,-0.00386867,39.497,0.0132262,-0.00496133,-0.178205
10.26,0.999723,-0.0164988,-0.0118033,-0.011928,-0.00578895,0.0100588,0.000362091,-0.000470228,0.0017578,0.0366226,0.00641185,-0.00919344,-0.00280636,38.7238,0.00570383,0.000816761,0.1497
10.28,0.999723,-0.0164902,-0.0118219,-0.0119328,0.0113125,-0.00478814,-0.00301449,-0.000531929,0.00187757,0.0363535,0.00597898,-0.008948,-0.00251839,43.1636,0.00132826,0.0193933,-0.196385
10.3,0.999723,-0.0164946,-0.0118017,-0.0119418,-0.0116178,0.00449303,-0.0012956,-0.000587486,0.00199382,0.0361076,0.00642719,-0.00827062,-0.00337235,40.3517,-0.00573627,0.00453086,-0.00376429
10.32,0.999723,-0.0164881,-0.0118227,-0.0119092,-0.00621279,0.00110869,0.00649789,-0.000635095,0.00215048,0.0359198,0.00657239,-0.00804855,-0.00340117,39.5405,-0.00128045,-0.0108831,0.0787119
10.34,0.999724,-0.0164658,-0.0118217,-0.011915,0.00622545,-0.00366544,0.00438419,-0.000675267,0.00229678,0.0357387,0.00628241,-0.00793728,-0.00366125,39.6217,0.000357354,-0.00582414,-0.0649872
10.36,0.999724,-0.0164497,-0.0118391,-0.0119213,0.00797271,-0.00447885,0.00436538,-0.000712783,0.00243353,0.0355585,0.0059566,-0.00754491,-0.00380685,39.5319,-0.0096903,-0.000817474,-0.0994612
10.38,0.999723,-0.0164684,-0.0118336,-0.0119384,0.00986766,-0.00217517,-0.00290246,-0.000730918,0.00255021,0.0353783,0.00597367,-0.00746603,-0.00277541,39.9169,-0.00518907,-0.0138095,-0.0170728
10.4,0.999723,-0.0164694,-0.0118309,-0.0119199,0.00740393,-0.00469795,-0.0016142,-0.000756193,0.00266475,0.0352075,0.00502618,-0.00734118,-0.00217941,39.9708,0.0148797,0.014078,-0.131259
10.42,0.999723,-0.0164652,-0.0118253,-0.0119227,-0.00496688,0.00453927,-0.00224033,-0.000812933,0.0029178,0.0349818,0.00521528,-0.00720148,-0.00333341,38.626,-0.011914,0.0228247,0.0988848
10.44,0.999724,-0.0164459,-0.0118394,-0.0119124,-0.00297808,-0.00740579,0.00489445,-0.000852777,0.00310852,0.034843,0.00468076,-0.00696667,-0.00325777,39.0632,0.0144534,-0.0166693,0.144778
10.46,0.999724,-0.0164404,-0.0118417,-0.0119069,0.000384592,-0.0079525,-0.00173207,-0.000897128,0.003292,0.0347095,0.00457689,-0.00693143,-0.00337258,39.5234,0.00372733,0.0154493,0.220705
10.48,0.999724,-0.0164539,-0.0118175,-0.0119198,-0.00660426,0.00317475,-0.00190437,-0.000957302,0.00354793,0.0345181,0.0047726,-0.00644623,-0.00263461,42.2415,0.00457988,-0.0134527,-0.00180063
10.5,0.999724,-0.0164238,-0.0118288,-0.0119235,0.00225823,-0.00100698,-0.00370043,-0.000990002,0.0037016,0.0343933,0.00503992,-0.00664754,-0.00280539,39.8954,-0.00496073,-1.8056e-05,0.0703177
10.52,0.999724,-0.0164116,-0.0118206,-0.0119315,-0.00330281,0.00100417,-0.00557742,-0.00101631,0.00389495,0.0343133,0.00511534,-0.00674597,-0.00310402,38.4959,0.00852275,-0.0104258,-0.166094
10.54,0.999724,-0.0163882,-0.011838,-0.0119315,-0.000578372,-0.00308427,0.00256285,-0.0010336,0.00406462,0.0342261,0.00477798,-0.00629644,-0.00411686,40.455,0.00670054,0.000156573,0.131472
10.56,0.999724,-0.0163908,-0.0118366,-0.0119459,-0.000764964,-0.0087073,-0.00461937,-0.0010562,0.00423941,0.0341393,0.00446881,-0.00584643,-0.00421608,38.1236,0.00488472,0.00774661,-0.100033
10.58,0.999724,-0.0163918,-0.0118294,-0.0119544,-0.00869352,0.0090253,0.00126078,-0.00107757,0.00448391,0.0340084,0.00471248,-0.00545053,-0.0030099,42.9722,0.0113934,3.43638e-05,0.188931
10.6,0.999724,-0.0164009,-0.0118378,-0.0119569,-0.00818731,-0.000209399,0.00103939,-0.00108395,0.00463574,0.0339229,0.00471051,-0.00513832,-0.00298775,39.9173,-0.00424051,-0.00238518,0.0348199
10.62,0.999724,-0.0163826,-0.0118215,-0.0119638,-0.00543634,0.00160155,-0.0008607,-0.00110286,0.00480011,0.0338604,0.00509269,-0.00511054,-0.00311964,39.6899,-0.0051223,-0.0125246,0.192452
10.64,0.999724,-0.0163966,-0.0118336,-0.0119592,-0.0168496,0.00155828,-0.00217574,-0.00110798,0.00494277,0.0338,0.00533953,-0.0048988,-0.00364584,39.818,-0.0161455,-0.0023373,0.269387
10.66,0.999724,-0.0163801,-0.0118338,-0.0119695,0.0013803,0.00235634,0.000781693,-0.00111424,0.00516122,0.0337199,0.00490742,-0.00487827,-0.00222615,41.4585,-0.00524604,0.00230724,0.0639956
10.68,0.999724,-0.0163581,-0.0118411,-0.0119797,0.00157365,-0.00190488,0.00191193,-0.00111596,0.00530131,0.0336718,0.00514101,-0.00451653,-0.00227581,37.801,-0.00233932,0.00391104,0.156978
10.7,0.999724,-0.0163643,-0.0118435,-0.0119827,0.00321725,0.00374428,0.00112986,-0.00111095,0.00543713,0.0336201,0.00516058,-0.00425732,-0.00252764,40.5261,0.0124497,0.00559667,0.279208
10.72,0.999724,-0.0163476,-0.011836,-0.0119951,-0.00502534,0.00711774,-0.00283093,-0.00109908,0.00555672,0.033569,0.00536927,-0.00457536,-0.00265156,37.4156,0.00362427,-0.00960288,0.290259
10.74,0.999725,-0.0163135,-0.0118378,-0.0119905,0.0116344,-0.000440404,0.00320464,-0.00113276,0.00570481,0.0334833,0.00478088,-0.004765,-0.00307989,41.8063,0.00588419,0.00985368,0.183295
10.76,0.999724,-0.0163402,-0.0118231,-0.0120143,-9.2215e-05,-0.000532098,-0.00308085,-0.00115201,0.00579624,0.0334246,0.00501074,-0.00451655,-0.0028679,38.7878,0.00796654,0.00343606,0.237776
10.78,0.999724,-0.0163398,-0.0118375,-0.0120007,0.00580994,-0.00164113,0.00270273,-0.00116124,0.00587862,0.0333635,0.00544411,-0.0043791,-0.00300249,39.4685,0.0149426,0.01193,0.227731
10.8,0.999724,-0.0163476,-0.0118143,-0.012006,-0.00104054,0.00810655,-0.00195504,-0.00116056,0.00595662,0.0332998,0.00543159,-0.0042581,-0.0031631,40.9841,-0.00484728,0.00744591,0.0242909
10.82,0.999725,-0.0163345,-0.0118294,-0.0119944,0.000291969,0.0070695,0.00233535,-0.00116926,0.00603633,0.0332358,0.00593121,-0.00440895,-0.00334216,42.0312,0.00263837,0.0113701,0.0378244
10.84,0.999725,-0.0162868,-0.0118383,-0.012009,0.00831922,-0.00372838,-0.000484492,-0.00119784,0.00616007,0.0331469,0.00559771,-0.00437415,-0.00466634,38.4235,-0.00262336,-0.00241588,0.205462
10.86,0.999725,-0.0162581,-0.0118472,-0.0120235,0.00787276,-0.00357053,-0.00296995,-0.00120332,0.00622421,0.0330695,0.00546626,-0.00468786,-0.00398673,37.2863,-0.00982355,0.0191985,0.0456878
10.88,0.999725,-0.0162806,-0.011836,-0.0120151,0.00342018,0.00197846,-0.00492759,-0.00122072,0.00629179,0.033,0.00511288,-0.00468686,-0.00434784,39.1639,0.012364,0.00551341,0.270683
10.9,0.999725,-0.0163231,-0.0118471,-0.0120111,0.00602263,0.000180155,-0.00655102,-0.00123445,0.00635643,0.0329286,0.0051762,-0.00397317,-0.00410603,40.6794,0.00538561,0.0111467,0.0927726
10.92,0.999724,-0.0163487,-0.0118377,-0.0120243,-0.00426167,-0.00217245,0.000249465,-0.00129555,0.00649265,0.032869,0.00641765,-0.00362148,-0.00536613,40.7077,-0.000754246,0.00642687,0.163374
10.94,0.999724,-0.016351,-0.0118253,-0.0120361,0.00210375,-0.00631727,0.00123222,-0.00134438,0.0065891,0.0328452,0.00619859,-0.00337718,-0.00523968,37.9877,-0.00861714,0.00981107,0.17824
10.96,0.999725,-0.0163403,-0.0117903,-0.0120324,0.00341178,-0.000717044,-0.000932852,-0.00137718,0.00667869,0.0328172,0.00561107,-0.00340815,-0.00421098,39.0249,0.017457,0.00220833,0.177416
10.98,0.999725,-0.0163433,-0.0117927,-0.0120265,0.00424088,-0.00463941,0.00291109,-0.001413,0.00676792,0.0327887,0.00556034,-0.00299275,-0.00428424,37.4408,-0.000388846,0.00975731,0.107788
11,0.999725,-0.01635,-0.0117858,-0.0120321,0.00735047,-0.00653792,-0.00157306,-0.0014389,0.00685207,0.0327558,0.00565667,-0.0028509,-0.00455094,42.6952,-0.0173651,-0.000427812,0.0840981
11.02,0.999724,-0.016361,-0.0118088,-0.0120267,-0.00777969,-0.00744522,0.00686986,-0.00152588,0.00703374,0.0327404,0.00657063,-0.00252066,-0.00560686,42.3099,0.0091828,0.0185809,0.227801
11.04,0.999724,-0.0163616,-0.0117994,-0.0120414,0.00055834,-0.00497142,-0.00429028,-0.00158954,0.00716715,0.0327424,0.00640691,-0.00245494,-0.00540583,41.3623,0.016379,-0.00926525,0.0895943
11.06,0.999725,-0.0163294,-0.0117777,-0.0120383,0.00765116,-0.00147246,-0.00092393,-0.00165037,0.00728824,0.0327441,0.00606461,-0.00258578,-0.00541144,38.3763,-0.000257907,0.0136288,0.274353
11.08,0.999725,-0.0163234,-0.0117866,-0.0120425,0.00510264,-0.0097824,0.00269897,-0.00170117,0.00739918,0.0327315,0.00541841,-0.00316866,-0.00485704,40.4493,-0.00444117,0.0212087,-0.0733976
11.1,0.999725,-0.0163116,-0.0117749,-0.0120469,0.00199128,0.00171895,0.000181856,-0.0017845,0.00756224,0.0327154,0.00571891,-0.00185108,-0.00531243,38.3393,0.0199469,0.0290909,0.207953
11.12,0.999725,-0.0163074,-0.0117611,-0.0120522,-0.00216525,0.00663965,0.000180264,-0.00188496,0.00777167,0.0327702,0.00623643,-0.00216465,-0.00510913,39.6126,0.00209998,-0.00780259,0.193494
11.14,0.999726,-0.0162783,-0.0117573,-0.0120499,-0.000415785,0.00183764,-6.1082e-05,-0.00197381,0.00796769,0.0328218,0.00579614,-0.00189888,-0.00489563,43.3705,0.00989364,0.00653218,0.125192
11.16,0.999726,-0.0162622,-0.0117611,-0.0120717,0.00136451,-0.000512804,-0.00536558,-0.0020608,0.00815544,0.0328719,0.00551103,-0.00160107,-0.00498056,37.1053,0.00193925,-0.0139659,0.062319
11.18,0.999726,-0.016223,-0.0117631,-0.0120808,0.00719786,-0.0031041,-0.000423259,-0.00213283,0.00833188,0.0329033,0.00505456,-0.00188005,-0.00487989,40.3585,0.0103036,0.00384197,0.154012
11.2,0.999726,-0.0162275,-0.0117353,-0.012089,0.000685372,0.00139671,-0.00245818,-0.00222871,0.00858652,0.0329411,0.0057159,-0.00082803,-0.00508766,36.6081,-0.01447,0.00256665,0.0128153
11.22,0.999726,-0.0162211,-0.0117437,-0.012098,-0.00177626,0.00218974,-0.00768967,-0.00231336,0.00890096,0.0330101,0.00580534,-0.000904931,-0.00492304,40.3195,-0.00879471,-0.010161,-0.010007
11.24,0.999727,-0.0162102,-0.0117384,-0.0120721,-0.00883168,0.00852048,0.00236569,-0.00238778,0.00919959,0.0330734,0.00560357,-0.000616011,-0.00513646,40.255,0.00900909,0.0134574,0.136
11.26,0.999726,-0.0162252,-0.0117519,-0.0120739,-0.00203736,9.14593e-06,0.000122267,-0.00245954,0.00948398,0.0331254,0.00522766,-0.0005656,-0.00535978,39.8704,0.00230601,0.0130464,0.0326442
11.28,0.999727,-0.0161961,-0.0117322,-0.0120801,0.00301056,0.00365907,-0.000638334,-0.00255195,0.00989449,0.0331879,0.00503422,0.000304931,-0.00479672,41.2678,0.0077649,0.0183255,0.0276703
11.3,0.999727,-0.0161945,-0.0117197,-0.0120697,0.00409776,0.0034601,0.00496578,-0.0026415,0.0102131,0.033258,0.00524838,0.000627323,-0.0045887,39.791,0.00658192,0.00611346,0.167676
11.32,0.999727,-0.0162221,-0.0117294,-0.0120823,-0.0100713,0.0035535,-0.00613122,-0.00274915,0.0105727,0.0333485,0.0050845,0.000798734,-0.00469881,44.1188,-0.00432288,0.0204568,-0.0135509
11.34,0.999726,-0.0162397,-0.0117362,-0.0120805,-0.00899949,0.00704473,0.00156355,-0.00284439,0.0109169,0.0334305,0.00534883,0.00105323,-0.00468793,36.93,0.0190739,0.00125264,0.143708
11.36,0.999726,-0.0162401,-0.0117083,-0.0120888,0.00359737,-0.00196379,5.34086e-05,-0.00297498,0.0114144,0.0335401,0.00414123,0.00126928,-0.00419762,41.4058,-0.0077581,0.0121744,0.0253532
11.38,0.999727,-0.0162605,-0.0116972,-0.0120686,0.000296484,0.00352085,0.0039361,-0.00305849,0.0117345,0.0336046,0.00393937,0.00164215,-0.00416375,38.2954,-0.0172969,0.0156213,0.228408
11.4,0.999727,-0.0162542,-0.0116994,-0.0120711,-0.00350555,0.00379398,-0.00287512,-0.00312629,0.0120462,0.033656,0.00448078,0.00227146,-0.00377565,41.6778,0.0057061,0.00474037,0.224336
11.42,0.999727,-0.0162775,-0.0116839,-0.0120516,-0.00591706,0.0069152,0.00271099,-0.00320195,0.0123957,0.03375,0.00418927,0.00257671,-0.00383169,40.2156,-0.00166784,0.00619829,0.118283
11.44,0.999727,-0.0162624,-0.011682,-0.0120502,-0.000297124,0.00744236,-0.00138781,-0.00327388,0.0127291,0.0338376,0.00411423,0.00254055,-0.00405006,41.6869,0.00712773,-0.00504595,0.113913
11.46,0.999727,-0.0162577,-0.0116868,-0.0120537,0.00846164,-0.00122642,0.000359628,-0.00337406,0.0132029,0.0339513,0.00324864,0.00230273,-0.00441751,39.0034,-0.0180213,0.00295509,0.212846
11.48,0.999727,-0.0162695,-0.011686,-0.012037,-0.00253767,-0.00495211,0.00379665,-0.0034353,0.0135062,0.0340128,0.00308704,0.00264554,-0.00431614,37.9958,-0.00269059,-0.00411465,0.175625
11.5,0.999727,-0.0162589,-0.0116872,-0.012035,0.00411685,0.00400718,0.00637902,-0.00349569,0.0137885,0.0340685,0.00377716,0.00303634,-0.00458953,40.114,-0.0135819,-0.00293527,0.0106945
11.52,0.999727,-0.0162364,-0.0116886,-0.0120457,0.000836904,-0.00229876,-0.00321813,-0.00355456,0.0141399,0.0341428,0.00374525,0.00347093,-0.0039526,39.08,-0.0112534,0.00911444,0.0028987
11.54,0.999728,-0.0162305,-0.0116854,-0.0120275,0.00539046,-0.00476771,0.00952414,-0.00363378,0.0146337,0.0342569,0.00390007,0.00330634,-0.00458235,40.2497,0.00490679,0.00900507,0.076767
11.56,0.999728,-0.0162387,-0.0116822,-0.0120327,0.00748217,-0.00443225,-0.00333555,-0.00367553,0.0149486,0.0343179,0.0038878,0.00343459,-0.00480693,39.6828,0.00885538,0.00753718,0.115304
11.58,0.999727,-0.0162614,-0.0116752,-0.0120298,0.00485236,-0.00451909,0.00179812,-0.00370854,0.0152491,0.0343693,0.00398021,0.00329068,-0.00491497,37.9429,-0.00227082,0.00192191,0.106174
11.6,0.999727,-0.0162724,-0.0116778,-0.0120245,0.00324064,-0.00792738,0.010998,-0.0037342,0.0155338,0.0344061,0.00413912,0.00356692,-0.00530864,41.2288,-0.00934788,-0.00433373,0.0445964
11.62,0.999727,-0.0162611,-0.0116723,-0.0120313,-0.00143404,0.000569595,0.0022246,-0.00377042,0.0158184,0.0344496,0.00404915,0.00394396,-0.00528099,37.5947,-0.00191343,0.00371405,0.180788
11.64,0.999727,-0.0162603,-0.0116865,-0.0120329,0.00254123,-0.00634449,-0.00407756,-0.00384303,0.0162303,0.0345261,0.0044491,0.00430665,-0.00552695,42.0036,0.00634952,0.00470149,0.0709035
11.66,0.999727,-0.0162626,-0.011691,-0.0120232,-0.000327332,-0.00156837,0.00131287,-0.00387469,0.0164994,0.0345645,0.00396261,0.00391075,-0.00533752,38.7179,-0.000462439,3.16929e-05,-0.059161
11.68,0.999727,-0.0162643,-0.0116911,-0.0120266,0.00259199,-0.00616109,0.0032093,-0.00391147,0.0167517,0.0346025,0.00343962,0.00432682,-0.00503749,39.0656,-0.014395,-0.00281681,0.0502436
11.7,0.999727,-0.0162655,-0.0116907,-0.0120347,0.0132613,-0.00383197,-0.0016805,-0.00394728,0.016991,0.0346372,0.00380597,0.00431371,-0.00482502,41.7759,0.0187319,0.0048526,0.10934
11.72,0.999726,-0.016292,-0.011696,-0.0120432,-0.00169077,-0.000204335,-0.000183688,-0.00402682,0.0173163,0.0347062,0.00373659,0.00457414,-0.00485433,40.3158,-0.000353486,-0.00170468,0.2084
11.74,0.999726,-0.0162858,-0.01169,-0.0120564,-0.0044064,2.11016e-05,-0.00164512,-0.00408748,0.017509,0.0347522,0.00376413,0.003962,-0.00511243,40.0391,0.0209214,0.00452512,0.16491
11.76,0.999726,-0.0162924,-0.0116975,-0.0120575,0.00118204,-0.00258998,-6.49102e-05,-0.0041448,0.0176935,0.0347821,0.00268348,0.00375153,-0.00513851,39.0001,0.00175843,-0.00493089,0.0834052
11.78,0.999726,-0.0163196,-0.0116947,-0.0120621,0.00198733,-0.00406311,-8.92666e-05,-0.00420732,0.0178671,0.0348145,0.00236082,0.00389142,-0.00489274,39.1885,0.00610613,-0.00906331,0.088597
11.8,0.999726,-0.0163204,-0.0116842,-0.0120669,-0.00510722,0.00658177,-0.00349938,-0.00428868,0.0181186,0.0348498,0.00256403,0.00472177,-0.0045323,39.0863,0.0142873,0.0143736,0.104808
11.82,0.999726,-0.0163095,-0.0116863,-0.0120747,-0.00704405,0.00084994,-0.000365729,-0.00435135,0.018333,0.0349007,0.00276912,0.00470505,-0.00463605,40.6282,0.00228863,0.00446976,-0.102464
11.84,0.999726,-0.0162954,-0.0116886,-0.0120975,-0.000417255,0.00230054,-0.00445243,-0.00440546,0.0185327,0.034948,0.00243825,0.00416859,-0.00445258,38.214,0.00304366,-0.000614787,0.0100552
11.86,0.999726,-0.0163086,-0.011683,-0.0120707,-0.00938713,0.00261852,0.00598379,-0.00446179,0.0187192,0.0349908,0.00192113,0.00444126,-0.00424612,42.2054,-0.00158391,-0.0132651,0.0448569
11.88,0.999726,-0.0163004,-0.0116913,-0.0120835,0.00221228,-0.00107862,0.000217238,-0.00451432,0.0189065,0.0350285,0.00180926,0.00420714,-0.00444038,39.2108,-0.00568006,-0.0135974,0.287565
11.9,0.999726,-0.0163367,-0.0116549,-0.0120914,-0.00639788,0.00744388,-0.000798634,-0.00458562,0.019162,0.035082,0.00199459,0.00455138,-0.00368101,39.7854,0.0170052,-0.00865235,-0.0221705
11.92,0.999725,-0.0163457,-0.0116564,-0.0120838,-0.00249127,0.00672616,0.00214218,-0.0046553,0.0193446,0.0351238,0.00208182,0.00460953,-0.00386397,39.9366,-0.00479052,0.0208841,0.00828016
11.94,0.999725,-0.0163264,-0.0116734,-0.0120972,-0.00355961,0.00250352,-0.00222515,-0.00472341,0.0195175,0.0351593,0.00198216,0.00460955,-0.0043442,38.2828,-0.00607041,0.00525805,0.0605458
11.96,0.999726,-0.0163302,-0.0116734,-0.0120717,0.00386638,-0.00311641,0.0105676,-0.0047551,0.0196006,0.0351773,0.00164989,0.00407412,-0.00403767,41.02,0.0193821,-0.00640458,-0.124705
11.98,0.999725,-0.0163909,-0.0116518,-0.0120936,0.00223067,0.00325193,-0.00264227,-0.00486246,0.0199217,0.0352196,0.00133901,0.00464341,-0.00311212,40.8892,0.0160463,-0.0166683,0.118431
12,0.999725,-0.0163732,-0.0116361,-0.012099,0.0109402,0.00640247,-0.00230871,-0.0049165,0.0200737,0.0352422,0.00134222,0.00480228,-0.00326311,39.8115,-0.00480635,0.00615962,-0.0695493
12.02,0.999725,-0.016376,-0.0116477,-0.012098,-0.00799393,0.00167356,-0.000414526,-0.00500567,0.0202814,0.0352708,0.00107344,0.00511198,-0.00332213,40.8539,0.00348058,0.000683258,0.093849
12.04,0.999725,-0.0163685,-0.0116407,-0.012109,0.00440995,0.00945076,-0.00545643,-0.00509363,0.0204779,0.0352947,0.00132175,0.00477868,-0.00338629,39.3949,0.00840288,0.00782294,0.0289081
12.06,0.999725,-0.0163733,-0.0116531,-0.0121003,-0.00216628,-0.0047986,0.00570621,-0.00521564,0.0207554,0.0353268,0.000189271,0.00488819,-0.00363705,40.6275,-0.0170036,0.000510911,0.0563923
12.08,0.999725,-0.0163717,-0.0116532,-0.0121159,0.00149037,-0.00303861,-0.00529749,-0.0052984,0.0209379,0.0353422,0.000259367,0.00514844,-0.00342163,40.7018,-0.0119965,-0.00480338,0.191178
12.1,0.999725,-0.0163952,-0.0116339,-0.0121141,-0.000421675,0.0053803,0.00201905,-0.00536979,0.0211268,0.0353428,0.00072509,0.00556289,-0.0031204,39.4481,0.0100027,-0.00413684,0.0604566
12.12,0.999724,-0.0164017,-0.0116489,-0.012115,-0.00135136,-1.64281e-05,-0.00132755,-0.00545236,0.0213034,0.0353302,0.000807653,0.00614706,-0.00325827,39.8175,-0.00705671,-0.00089242,0.127132
12.14,0.999725,-0.0164105,-0.0116251,-0.0121036,-0.00318919,0.0112285,0.000365346,-0.00552911,0.0214753,0.0353078,0.000919399,0.00578521,-0.00349,38.4204,-0.0232742,0.00895952,0.00262465
12.16,0.999724,-0.0164091,-0.0116363,-0.0121035,-0.000422735,-0.000809351,-0.00374378,-0.00563782,0.0217118,0.0352685,0.000399804,0.00560367,-0.00467022,41.4505,-0.0204421,-0.0235314,0.11649
12.18,0.999725,-0.0163676,-0.0116475,-0.0121116,0.015223,-0.0116143,-0.00885023,-0.00571031,0.0218615,0.0352392,1.78888e-05,0.00535505,-0.00408943,39.637,-0.009782,0.00550224,-0.144
12.2,0.999725,-0.0163717,-0.0116433,-0.0121044,0.0098949,-0.00157529,-0.00233336,-0.00577723,0.0220109,0.0352002,9.93862e-05,0.00493392,-0.00347672,40.0951,-0.00397307,0.0108026,0.09633
12.22,0.999724,-0.016415,-0.0116336,-0.012101,0.00297932,0.00211407,-0.00388817,-0.00583728,0.0221391,0.0351655,0.000198896,0.00514444,-0.00337367,40.3331,-0.00653866,0.0069031,0.177684
12.24,0.999724,-0.0164354,-0.0116398,-0.0121096,-0.00215986,-0.00437952,-0.000877279,-0.0059519,0.0223374,0.0351051,0.000975052,0.0052131,-0.00473291,42.9589,-0.033051,0.00820424,-0.0593696
12.26,0.999724,-0.0164302,-0.0116405,-0.0120862,0.00651352,-0.00171631,0.00233467,-0.0060128,0.0224636,0.035058,0.00100706,0.00542856,-0.00476363,37.4769,-0.0165402,-0.0112915,-0.0736442
12.28,0.999724,-0.0164373,-0.0116411,-0.0120771,-0.00493471,0.000936318,0.00468827,-0.00604012,0.0225272,0.0350332,0.00100578,0.00548313,-0.00358691,37.6801,-0.00374232,0.00186535,0.0632545
12.3,0.999724,-0.0164394,-0.0116477,-0.0120872,0.00425177,-0.00771546,-0.00244425,-0.00611696,0.0227062,0.0349604,0.00105572,0.00520053,-0.0043369,40.9327,-0.011573,0.005226,0.183582
12.32,0.999724,-0.0164663,-0.0116252,-0.0120859,0.00214753,-0.00136877,-0.00168982,-0.00613974,0.0228158,0.034901,0.0011045,0.00505431,-0.00324922,42.1384,-0.0119888,0.00690182,-0.039027
12.34,0.999724,-0.016458,-0.0116348,-0.012081,-0.0049049,-0.0015263,0.00420489,-0.00617647,0.0229494,0.0348295,0.00166289,0.00499627,-0.00449771,39.1124,0.00774314,0.00864983,0.04502
12.36,0.999723,-0.0164675,-0.0116436,-0.0120951,0.00127804,-0.00409844,-0.00227539,-0.00619107,0.0230292,0.034778,0.00184516,0.0049556,-0.0045754,39.6554,-0.0180855,0.00871795,-0.0779971
12.38,0.999723,-0.0164615,-0.011643,-0.0121173,0.000525664,-0.0110419,0.00104308,-0.00620416,0.0231058,0.034723,0.00138987,0.0050709,-0.00471994,37.8947,0.0262475,0.00110403,0.124138
12.4,0.999723,-0.0164875,-0.0116277,-0.0121373,-0.00454458,-0.00188948,-0.00448304,-0.00622022,0.0231835,0.034662,0.00126244,0.0051792,-0.00492665,40.2963,0.00789194,-0.0151188,-0.022828
12.42,0.999722,-0.0165216,-0.0116207,-0.0121296,-0.00534116,0.00310671,0.0042151,-0.00621125,0.0232677,0.0345925,0.0020414,0.00573162,-0.00475314,40.4869,-0.00590332,-0.0158632,0.134704
12.44,0.999722,-0.0165275,-0.0116317,-0.0121398,-9.7573e-06,-0.00137391,0.000921261,-0.00619545,0.0233019,0.0345646,0.00227645,0.00504592,-0.00466543,41.9042,0.00749,0.0110322,-0.0546142
12.46,0.999722,-0.01653,-0.011632,-0.0121466,-0.000726276,-0.00405154,-0.00133895,-0.00616977,0.0233257,0.0345303,0.00236372,0.00473855,-0.00510686,39.0925,0.00645003,-0.0005073,-0.01332
12.48,0.999722,-0.0165476,-0.0116358,-0.0121466,-0.0046341,-0.0016104,0.000265615,-0.00614712,0.0233452,0.0344911,0.00196385,0.00452204,-0.00523982,36.9032,0.0099664,0.0137078,-0.0283502
12.5,0.999722,-0.0165445,-0.0116315,-0.012157,-0.000955755,0.0034684,-0.000663883,-0.00611275,0.0233714,0.0344248,0.00155122,0.00426486,-0.00396516,40.5585,-0.0242537,-0.0129795,-0.0143649
12.52,0.999721,-0.0165663,-0.0116081,-0.0121614,-0.00484156,0.0106306,0.000795762,-0.00609733,0.0233619,0.0343959,0.00185436,0.00494506,-0.00484338,40.1794,-0.00293829,-0.00979645,-0.0569056
12.54,0.999722,-0.0165517,-0.011616,-0.0121583,-0.00272479,0.000486407,0.00113411,-0.00608351,0.0233432,0.0343724,0.00205185,0.00444027,-0.00516816,41.3366,0.00205046,-0.0257124,0.0405835
12.56,0.999722,-0.0165405,-0.0116174,-0.01216,-0.0033169,0.00349865,0.00295516,-0.00606736,0.023319,0.0343434,0.00177025,0.00408565,-0.00541028,38.396,0.0176579,0.000732653,-0.102985
12.58,0.999722,-0.0165284,-0.01162,-0.0121666,0.000594725,0.00202882,-0.00383448,-0.00605315,0.0232909,0.0343088,0.00146583,0.00383111,-0.00543719,40.5847,0.000121137,-0.00954964,0.102753
12.6,0.999721,-0.0165474,-0.0116086,-0.0121915,-0.00697366,0.00401031,-0.0124309,-0.00603642,0.0232446,0.0342471,0.000483747,0.00311341,-0.00448077,40.0452,-0.0134154,0.00996186,-0.122632
12.62,0.999722,-0.0165286,-0.0116092,-0.0121775,0.000740715,0.00734229,-0.000584343,-0.00603673,0.0231665,0.0342071,0.000899204,0.00317462,-0.00466953,39.2889,-0.0429714,0.00040068,0.0209619
12.64,0.999721,-0.0165689,-0.0116018,-0.0121785,-0.00761372,0.00753647,-0.00294699,-0.00604139,0.0230586,0.0341506,0.00115682,0.00348468,-0.00558225,40.1245,-0.00859882,0.00564105,0.0459919
12.66,0.999721,-0.0165563,-0.0116123,-0.0121905,-0.00280622,0.00160434,0.0020964,-0.00604454,0.0229475,0.0341071,0.001687,0.00332839,-0.00559106,43.0552,0.014798,-0.00809447,-0.0876678
12.68,0.999721,-0.0165657,-0.0115895,-0.0121931,-6.81981e-05,0.00114141,0.00274957,-0.0060378,0.0227887,0.0340322,0.000648425,0.00277485,-0.00506543,39.3272,0.00875777,0.0109759,0.136422
12.7,0.999721,-0.0165861,-0.0115929,-0.0122005,-0.00123486,0.00103106,-0.00230766,-0.00603348,0.0226833,0.0339805,0.0010968,0.00238997,-0.00466364,37.9159,0.00773638,0.00840529,0.12365
12.72,0.999721,-0.0165836,-0.0115846,-0.0122085,-0.0010268,0.00444185,-0.00515347,-0.00604292,0.0225129,0.0339265,0.00151832,0.00237131,-0.00520739,40.8663,-0.000875835,0.00151912,0.0719901
12.74,0.999721,-0.0165985,-0.0115726,-0.0122193,0.0014878,0.00668301,-0.00791729,-0.00605543,0.0223519,0.0338745,0.00141732,0.00236032,-0.00549152,38.9175,-0.00563302,-0.0017285,0.163204
12.76,0.999721,-0.0165972,-0.0115824,-0.0122208,-0.00617355,0.00354234,0.00528441,-0.00606041,0.0221906,0.0338133,0.00212709,0.00189326,-0.00601243,40.8207,-0.00287033,-0.0156245,0.0044174
12.78,0.999721,-0.016574,-0.0115928,-0.012222,0.00953029,-0.005243,-0.00223389,-0.0060631,0.0219474,0.0337102,0.000973892,0.00105083,-0.00580741,36.9514,-0.00349086,0.015024,0.100709
12.8,0.999721,-0.0165981,-0.0115814,-0.0122185,0.00328851,-0.000716077,-0.000702205,-0.00606585,0.0217838,0.0336465,0.00115122,0.000949114,-0.00512797,43.4604,0.00379591,0.0148755,0.0865473
12.82,0.99972,-0.0166336,-0.0115669,-0.0122079,-0.00150606,0.00634737,0.00174359,-0.00606602,0.0216114,0.0336037,0.00173642,0.000695673,-0.00536477,41.6053,0.001923,0.00470289,0.238794
12.84,0.99972,-0.0166242,-0.011575,-0.0122251,-0.003688,0.00333344,-0.00361498,-0.00606164,0.0214317,0.033573,0.00143861,0.000556352,-0.00543185,40.8281,-0.0116065,0.00695648,0.0738031
12.86,0.999721,-0.0165725,-0.0115857,-0.012207,0.00879014,-0.00659703,0.000493479,-0.00605196,0.0211568,0.0335164,0.0020685,-0.000372866,-0.0067857,38.8857,0.00913135,-0.00655156,-0.110199
12.88,0.999721,-0.0165873,-0.0115677,-0.0121968,0.00548483,0.00118347,0.00618952,-0.0060423,0.020969,0.0334716,0.00166453,-0.000537667,-0.006914,38.1797,-0.00216154,-0.0124338,0.000259303
12.9,0.999721,-0.0166047,-0.0115626,-0.0121908,0.00518468,-0.00378683,0.0029695,-0.00602743,0.0207886,0.0334112,0.00158457,-0.000697264,-0.00627394,37.0597,-0.019777,0.00312168,0.119057
12.92,0.999721,-0.0166126,-0.0115784,-0.0121747,0.00264098,-0.00796182,0.004489,-0.00601004,0.0206101,0.0333498,0.00183747,-0.000832396,-0.00611412,41.0731,-0.00913616,0.00362462,0.0161854
12.94,0.999721,-0.0166289,-0.0115721,-0.0121874,0.00170513,0.000267682,-0.000840542,-0.00601244,0.0204184,0.0333153,0.00211223,-0.000925032,-0.00599957,42.3024,-0.0242705,-0.00994915,0.134333
12.96,0.99972,-0.0166126,-0.0115879,-0.0122009,-0.000878152,-0.00273094,-0.00468726,-0.00600232,0.0201383,0.0332591,0.00318334,-0.00129164,-0.00734596,40.0831,0.0135348,-0.0117199,0.267688
12.98,0.99972,-0.0166303,-0.0115933,-0.0121944,0.00804413,-0.00594585,-0.00216942,-0.00598962,0.0199482,0.0332122,0.00274083,-0.00164286,-0.00765362,36.4138,0.00320597,0.0140417,0.0318269
13,0.99972,-0.016646,-0.0115942,-0.0121905,0.00284199,-0.00936477,0.0016451,-0.00598139,0.0197593,0.0331614,0.00236697,-0.00189618,-0.00734522,39.9188,-0.00531481,0.00167018,-0.0234588
13.02,0.99972,-0.0166495,-0.0115931,-0.0121755,0.00347264,-0.00401763,0.00315645,-0.00597451,0.0195599,0.03311,0.00191384,-0.00238031,-0.00630549,40.9605,0.0164818,-0.00841266,-0.00574864
13.04,0.999719,-0.0166925,-0.0115932,-0.0121889,-0.0110491,0.00226399,-0.00623599,-0.00596679,0.0192684,0.0330605,0.00293207,-0.00135688,-0.00731795,40.5482,-0.00159056,0.0140092,-0.0801966
13.06,0.999719,-0.0166999,-0.0115904,-0.0121834,-0.00422657,-0.00373843,-0.00154503,-0.005956,0.0190835,0.0330189,0.00314405,-0.00182976,-0.00758795,37.8343,-0.0247586,-0.00533635,-0.0587406
13.08,0.999719,-0.0166966,-0.011581,-0.012193,-0.00243004,0.00292041,0.00142685,-0.00593735,0.0188956,0.032975,0.00306649,-0.00219436,-0.00708381,39.7691,0.0235347,-0.0043588,0.0951064
13.1,0.999719,-0.0167127,-0.0115807,-0.012185,-0.00515621,-0.00389336,-0.000396786,-0.00592441,0.0187095,0.0329324,0.0024566,-0.00227724,-0.00729384,39.6817,-0.0257627,0.0139613,0.132396
13.12,0.999719,-0.0167444,-0.0115722,-0.0121547,-0.000777196,0.00486775,0.000806558,-0.00594361,0.0184379,0.0328841,0.00230153,-0.00228786,-0.00625843,40.4276,-0.00292616,-0.0145992,0.0611833
13.14,0.999719,-0.0167612,-0.0115763,-0.0121591,-0.00566154,0.00116402,0.00458581,-0.00596601,0.0182716,0.0328691,0.00243045,-0.00207898,-0.00608932,40.7982,-0.00357617,-0.0123565,-0.111927
13.16,0.999719,-0.0167526,-0.0115782,-0.0121612,-0.0046846,0.00312713,0.000759569,-0.0059874,0.0181094,0.0328585,0.00261781,-0.00280305,-0.00609754,37.1463,0.00840814,-0.0139147,0.207904
13.18,0.999719,-0.016746,-0.0115623,-0.0121793,0.000428942,-0.000894658,-0.00233787,-0.00600701,0.0179406,0.0328466,0.0022704,-0.00331092,-0.00570494,39.3565,0.00453035,-0.0087549,0.0240921
13.2,0.999719,-0.0167313,-0.0115656,-0.0121873,0.00291794,-0.00515082,-0.00498773,-0.00602646,0.017771,0.0328307,0.00208857,-0.00329837,-0.00619308,40.6155,0.0226477,0.00014683,0.143887
13.22,0.99972,-0.0166993,-0.0115529,-0.0121792,0.00778751,0.0026343,-0.00721619,-0.00609701,0.0175166,0.0328265,0.00129815,-0.00389197,-0.00522528,38.6876,-0.000919517,0.0176206,0.00498619
13.24,0.99972,-0.0167092,-0.0115403,-0.0121701,-0.00790314,0.00444574,0.0030896,-0.00614956,0.0173421,0.0328207,0.0021532,-0.00333759,-0.00591976,41.7128,-0.00624032,0.000373541,-0.0683757
13.26,0.999719,-0.0167287,-0.01154,-0.0121668,-0.0128454,0.00260684,0.00387749,-0.00619993,0.017174,0.0328138,0.00194431,-0.00399799,-0.00621466,40.9173,0.0125006,0.00312363,-0.0957979
13.28,0.99972,-0.0167101,-0.0115516,-0.0121747,-0.00391613,0.00153711,-0.00125285,-0.00624418,0.0169997,0.0328006,0.00214646,-0.00431396,-0.00630203,39.4148,0.00402785,0.0132142,-0.0131147
13.3,0.999719,-0.0167455,-0.011537,-0.0121586,-0.00430491,0.00268427,0.00789151,-0.00630868,0.0167387,0.0327722,0.00134203,-0.00515394,-0.00575369,35.8501,0.00611762,-0.011331,0.0544796
13.32,0.999719,-0.0167573,-0.0115395,-0.0121568,0.00012905,0.00266942,-0.000455327,-0.00636362,0.0165629,0.0327445,0.0012831,-0.00573803,-0.00539803,40.5455,-0.000198074,0.0109345,-0.104719
13.34,0.999719,-0.0167531,-0.0115394,-0.0121484,-0.00439413,-0.000574841,0.00666106,-0.00641315,0.0163723,0.0327054,0.00161764,-0.00560785,-0.005627,40.495,-0.00815379,-0.00323266,0.0371145
13.36,0.999719,-0.0167527,-0.0115469,-0.0121464,-0.0121494,0.00038162,0.00318655,-0.00646888,0.0162028,0.0326844,0.00159901,-0.00592442,-0.00577624,39.3149,-0.00316872,-0.0200864,0.121185
13.38,0.99972,-0.016733,-0.011545,-0.0121552,0.00456915,-0.00266531,-0.00122918,-0.00654023,0.0159386,0.0326461,0.000784855,-0.00674032,-0.00570405,40.5848,-0.00172934,0.0245005,-0.124371
13.4,0.99972,-0.0167425,-0.0115393,-0.0121484,0.0041717,0.00437603,0.00192489,-0.00659468,0.0157915,0.0326178,0.00087229,-0.00674182,-0.00563808,40.2369,0.0068372,0.0061133,-0.0713749
13.42,0.99972,-0.0167478,-0.011548,-0.0121322,0.00506351,0.00289975,-0.00139615,-0.00664472,0.0156718,0.0325861,0.00118311,-0.00681503,-0.00557834,39.2593,0.018218,0.00672807,-0.133205
13.44,0.999719,-0.016775,-0.0115441,-0.0121458,-0.00654208,0.0029229,0.00104335,-0.00668973,0.01555,0.0325528,0.00122343,-0.00664533,-0.00542577,40.9054,-0.00350084,-0.00517941,-0.0094858
13.46,0.999719,-0.0167829,-0.011549,-0.012145,-0.00351443,-0.000178078,0.00223606,-0.00672799,0.015421,0.0325044,0.00170029,-0.00626321,-0.00579286,40.641,-0.00508184,-0.00149469,0.0992138
13.48,0.999719,-0.0167896,-0.0115354,-0.01215,0.00521237,-0.000847159,-0.00236684,-0.00678396,0.0152233,0.0324394,0.000982892,-0.00766499,-0.00626496,41.8344,0.0189241,0.0069229,-0.199705
13.5,0.999719,-0.0167836,-0.0115563,-0.0121506,0.012435,-0.00832568,-0.00338126,-0.00682085,0.0150819,0.0323816,0.000842095,-0.00778476,-0.00661268,39.0693,0.0154416,0.00448188,-0.123264
13.52,0.999719,-0.0167842,-0.0115459,-0.012158,-0.00138272,1.6286e-05,0.00184575,-0.00687113,0.0150157,0.0323473,0.000499336,-0.00770058,-0.00670924,37.67,0.0121291,-0.0163737,-0.104381
13.54,0.999719,-0.0167709,-0.0115464,-0.0121628,0.00973325,-0.00116086,-0.000364407,-0.00691298,0.014949,0.0323039,0.00113062,-0.00770525,-0.00648501,39.9222,-0.00361061,-0.00520571,-0.260985
13.56,0.999719,-0.0167807,-0.0115461,-0.0121547,-0.0071299,0.00480028,0.00252534,-0.00694736,0.0148764,0.0322611,0.0010525,-0.00733357,-0.00575355,39.5724,-0.0230866,0.0318898,-0.0641273
13.58,0.999719,-0.0167696,-0.0115472,-0.0121646,0.0027531,-0.00060688,-0.000417675,-0.00700127,0.0147687,0.0322152,0.00109577,-0.00839554,-0.00663893,39.601,0.000751158,-0.0148798,-0.225702
13.6,0.999719,-0.0167337,-0.011551,-0.012178,0.0110932,-0.00609624,-0.00497491,-0.00704229,0.0147305,0.0321928,0.000549239,-0.00829506,-0.00659151,40.8645,0.00265597,0.00108005,-0.366751
13.62,0.999719,-0.0167477,-0.0115402,-0.0121652,0.00661251,-8.19738e-05,0.000453937,-0.00709584,0.0147286,0.0321797,2.28519e-05,-0.00834073,-0.00639453,40.4717,-0.0113321,-0.000555025,-0.415063
13.64,0.999719,-0.0167434,-0.0115397,-0.0121594,0.00369886,-0.000437793,0.00157007,-0.00714771,0.0147192,0.0321558,0.00016738,-0.00822886,-0.00652691,41.7125,0.00200436,0.0114007,-0.136062
13.66,0.999719,-0.0167776,-0.011552,-0.0121613,-0.00930377,0.00454337,0.0039285,-0.00721885,0.0146949,0.0321049,0.000876931,-0.00804886,-0.00691637,39.9905,0.027938,0.00636821,-0.0598769
13.68,0.999719,-0.0167725,-0.0115399,-0.0121839,-0.00326351,0.00516168,-0.00768315,-0.00725482,0.0146528,0.0320576,0.000353446,-0.00860879,-0.00694273,36.5282,-0.000348494,-0.0101526,-0.191509
13.7,0.999718,-0.0167927,-0.011548,-0.0121625,0.00216782,-0.0037583,-0.00275639,-0.00729991,0.0146115,0.0320199,-0.000436745,-0.00897247,-0.00686912,40.4558,0.000720753,0.0106678,-0.287913
13.72,0.999718,-0.0168049,-0.0115531,-0.0121461,-0.000101774,-0.00867264,0.00796502,-0.00741421,0.014547,0.0320423,-0.00076384,-0.00922743,-0.00670121,40.1798,-0.0337696,-0.0016256,-0.288743
13.74,0.999718,-0.0168068,-0.0115351,-0.0121543,-0.00739856,0.00662566,0.000154357,-0.00757052,0.0144412,0.0320543,-3.74287e-05,-0.00857814,-0.0067064,38.7934,0.0111027,-0.000139456,-0.122404
13.76,0.999718,-0.0168312,-0.0115356,-0.0121502,-0.00371952,-0.000749489,0.00219129,-0.00766842,0.0143803,0.0320576,-0.000294982,-0.00840978,-0.00672447,40.867,0.00167402,0.00752953,-0.0427353
13.78,0.999718,-0.0168238,-0.0115395,-0.0121595,-0.000161022,-0.00163581,-0.00439358,-0.00776476,0.0143056,0.032043,-0.000238128,-0.00889671,-0.00753095,40.6575,-0.00466109,0.004716,-0.20905
13.8,0.999718,-0.0168245,-0.0115321,-0.0121435,-0.00129228,0.00160485,0.00246394,-0.0078491,0.0142396,0.0320312,-0.000169327,-0.008831,-0.00767207,34.6249,0.00999288,-0.00954731,-0.247765
13.82,0.999718,-0.0168472,-0.011516,-0.0121323,-7.86628e-05,0.000793681,0.000214258,-0.00796014,0.014193,0.0320388,-0.000568782,-0.00887562,-0.00781071,42.2318,-0.0208605,-0.0189468,-0.0488397
13.84,0.999718,-0.0168791,-0.0115085,-0.0121423,-0.0104238,0.00207376,0.000712871,-0.00815758,0.0141386,0.0320713,-0.000556041,-0.008798,-0.00713526,41.8035,0.0132356,0.0151146,0.0451955
13.86,0.999718,-0.0168829,-0.0114996,-0.0121459,0.00249645,0.00330984,-0.00128708,-0.00828488,0.014092,0.0320853,-0.000636011,-0.00870716,-0.0068983,39.5522,-0.00202045,0.0207219,-0.0813137
13.88,0.999717,-0.0168838,-0.0115148,-0.0121427,-0.00553185,-0.0014247,-0.0021238,-0.00841482,0.0140333,0.0320972,-0.00100646,-0.00886791,-0.00698831,40.8918,0.00857696,0.00282482,-0.113431
13.9,0.999717,-0.0169186,-0.011514,-0.0121265,-0.00797816,-0.00468725,0.00812151,-0.00854562,0.0139709,0.0321091,-0.00161891,-0.00897664,-0.00657007,39.3995,0.0247722,0.00695378,-0.226172
13.92,0.999717,-0.0169193,-0.0115149,-0.0121299,-0.0036367,-0.00447793,0.00204265,-0.00875976,0.0138673,0.0321695,-0.00259894,-0.00964486,-0.00581899,39.0102,-0.0116038,0.00149566,-0.191066
13.94,0.999717,-0.016904,-0.0115067,-0.0121248,0.00153995,0.00651453,0.000722762,-0.00891389,0.0137704,0.0322091,-0.00216597,-0.00975057,-0.0061398,40.6576,0.0104155,0.0041471,-0.1014
13.96,0.999717,-0.0169211,-0.0115208,-0.0121191,-0.00500284,0.00172089,0.00278517,-0.00905933,0.0136824,0.0322508,-0.00249752,-0.00991437,-0.00595861,40.6752,-0.00088223,-0.0138701,-0.18917
13.98,0.999717,-0.0169032,-0.0115345,-0.0121305,-0.00764377,0.0020041,-0.00118015,-0.00919787,0.0136003,0.0322967,-0.00189249,-0.0102494,-0.00609026,38.2193,0.0231238,-0.00696121,-0.143828
14,0.999718,-0.0168607,-0.0115297,-0.0121408,0.0096857,0.000286652,-0.00345717,-0.00939286,0.0134575,0.0323562,-0.00311838,-0.0112234,-0.00566314,40.6203,0.0180458,0.00115622,-0.107655
14.02,0.999718,-0.0168459,-0.0115316,-0.0121301,0.00267174,0.000801929,-0.00486036,-0.00955353,0.0134147,0.0324218,-0.0035081,-0.0113012,-0.00550632,38.674,0.0146329,-0.00329715,-0.178909
14.04,0.999718,-0.0168342,-0.0115288,-0.0121359,0.000927062,0.00284978,-0.000890873,-0.00971088,0.0133454,0.0324652,-0.00292701,-0.0112589,-0.00576087,39.2361,0.00181111,0.000583839,0.00519022
14.06,0.999718,-0.0168274,-0.0115295,-0.0121431,0.00582458,0.0085942,-0.000851877,-0.00986065,0.0132827,0.0325074,-0.00321615,-0.0109817,-0.00570028,41.3217,0.0299476,-0.0229106,-0.145781
14.08,0.999718,-0.0168473,-0.0115487,-0.0121366,-0.00374948,0.00302088,0.000259488,-0.0100072,0.0132128,0.0325417,-0.00290191,-0.0113454,-0.00610008,39.7457,0.00602472,-0.00247334,-0.0596309
14.1,0.999718,-0.0168277,-0.0115455,-0.0121373,0.00786339,-0.00187355,-0.00243604,-0.0102099,0.0130883,0.0325835,-0.00333253,-0.0118409,-0.00598298,39.2726,0.00679941,0.00869408,-0.0486418
14.12,0.999718,-0.0168567,-0.0115252,-0.0121179,-0.00266534,-0.00051811,0.00201044,-0.0103439,0.0130357,0.0326111,-0.00331882,-0.0117395,-0.00530562,42.0129,0.0129757,-0.0045657,-0.0792241
14.14,0.999718,-0.0168663,-0.0115338,-0.012122,0.00139373,-0.000141895,0.00179606,-0.0104773,0.0130104,0.0326436,-0.00324002,-0.0117044,-0.00498556,39.8826,-0.0057607,-0.0279093,-0.0870638
14.16,0.999718,-0.0168756,-0.011533,-0.0121158,-0.000665509,0.00907955,0.00562027,-0.0106054,0.0129583,0.0326588,-0.00256309,-0.0116235,-0.00463164,38.3063,0.0298933,-0.0133006,-0.0391563
14.18,0.999718,-0.0168397,-0.0115541,-0.0121239,0.00683754,-0.00610217,-3.94398e-05,-0.010774,0.0129057,0.032698,-0.00267661,-0.0122901,-0.0053388,38.517,0.00957008,-6.96957e-05,-0.361548
14.2,0.999719,-0.0168134,-0.0115504,-0.0121128,0.0115791,-0.00481533,0.00437807,-0.0108742,0.0128627,0.0327193,-0.00301378,-0.0122144,-0.0050537,41.1623,-0.00280743,-0.0154628,0.0534626
14.22,0.999718,-0.0168194,-0.0115485,-0.0121214,0.00115712,-0.00207972,-0.00156912,-0.0109682,0.012862,0.0327727,-0.00298075,-0.0120775,-0.00459379,38.6095,0.00613858,0.00843371,-0.132392
14.24,0.999718,-0.0168288,-0.0115395,-0.0121356,0.00673928,-0.00461998,-0.00617452,-0.0110639,0.0128511,0.0328203,-0.00327259,-0.012125,-0.00425643,40.8678,0.00880401,-0.00233181,-0.10069
14.26,0.999718,-0.0168113,-0.011541,-0.0121305,0.00244758,-0.00108897,0.000729767,-0.011154,0.0128316,0.0328604,-0.00304093,-0.0117463,-0.0045639,39.77,-0.0164234,0.0113647,-0.0970642
14.28,0.999719,-0.0168018,-0.0115505,-0.0121157,0.0067783,-0.00244214,-0.00173525,-0.0112903,0.0127666,0.0328965,-0.00256853,-0.012107,-0.00516936,41.0357,0.00125366,-0.00938416,-0.0731949
14.3,0.999718,-0.016815,-0.0115582,-0.0121253,-0.00656531,-0.00752291,-0.00057911,-0.0113696,0.0127174,0.0329128,-0.00305873,-0.0123948,-0.00536446,35.7315,0.0014349,-0.00290854,-0.0475881
14.32,0.999718,-0.0168172,-0.0115535,-0.0121182,0.00649715,-0.0041461,0.00563283,-0.0114514,0.0126822,0.0329559,-0.00341205,-0.012611,-0.00531556,43.5542,0.00202904,0.00507384,-0.205348
14.34,0.999718,-0.0168432,-0.0115249,-0.0121099,0.00437563,0.00064778,-0.00107059,-0.011529,0.012655,0.0330292,-0.00338882,-0.0129011,-0.00491556,39.2983,0.000887524,-0.017408,-0.14208
14.36,0.999718,-0.0168459,-0.0115423,-0.0120999,-0.00841912,-0.00189502,-0.000407129,-0.0116443,0.0125767,0.033114,-0.00295975,-0.0123166,-0.00503055,38.9706,0.030011,-0.0164463,-0.118465
14.38,0.999718,-0.0168433,-0.011546,-0.012089,-0.00176896,-0.0037724,0.00336826,-0.0117102,0.0125408,0.0331784,-0.00276121,-0.0125359,-0.00473654,40.7116,0.0118082,-0.00972359,-0.117303
14.4,0.999718,-0.0168497,-0.0115507,-0.0120904,-0.0093997,-0.00303721,0.000711953,-0.0117701,0.0125053,0.0332423,-0.00295336,-0.0125142,-0.00458281,38.6361,-0.0066042,-0.0155372,-0.118018
14.42,0.999718,-0.0168617,-0.0115301,-0.012094,0.000367922,-0.00378143,0.00240401,-0.0118307,0.0124567,0.0333003,-0.0031841,-0.0129349,-0.00435972,39.3189,0.00130405,0.00307534,0.0531163
14.44,0.999718,-0.0168991,-0.0115057,-0.0121086,-0.014458,0.00684066,2.77946e-05,-0.0118603,0.0124073,0.0335325,-0.00359985,-0.0129108,-0.00323151,39.3973,0.00573452,0.0102525,-0.0612221
14.46,0.999718,-0.0168907,-0.0115153,-0.0121056,-0.00163838,0.00391549,-0.00332453,-0.0118857,0.0123571,0.0336764,-0.00362556,-0.01303,-0.00300376,41.9318,0.0146634,-0.0115166,-0.0157348
14.48,0.999718,-0.0168812,-0.0115162,-0.0120935,-0.00921501,0.0015477,0.00437344,-0.0119242,0.0122744,0.0338122,-0.00357074,-0.013287,-0.00351581,40.4484,0.00775556,0.00124656,-0.147208
14.5,0.999718,-0.0168628,-0.0115119,-0.0121011,-0.00185915,0.00412274,-0.000434491,-0.0119491,0.0121996,0.033945,-0.00334615,-0.0135379,-0.00323328,36.5008,0.0146632,-0.0110013,-0.197475
14.52,0.999718,-0.0168635,-0.0115196,-0.0121099,-0.00242845,-0.00592214,-0.0059347,-0.0119373,0.0121273,0.0341196,-0.00327954,-0.0136636,-0.00362048,40.9157,0.0117963,0.00660066,-0.0978842
14.54,0.999718,-0.0168885,-0.01151,-0.0120928,-0.00405064,0.00760174,0.00274483,-0.0118703,0.0120305,0.0344214,-0.00324247,-0.0136183,-0.00269061,37.2344,0.0139239,0.00440548,-0.0815711
14.56,0.999718,-0.0168781,-0.0115213,-0.0120935,-0.00221786,0.00100361,-0.00611029,-0.0118245,0.0119542,0.0346098,-0.00302056,-0.0131719,-0.00241325,41.7576,0.0131082,0.00163859,-0.0196522
14.58,0.999718,-0.016869,-0.011514,-0.0120875,-0.00118851,0.0067224,0.00437847,-0.0117831,0.0118765,0.0347858,-0.00299776,-0.013077,-0.00229414,40.4835,0.0128483,-0.00350889,-0.112581
14.6,0.999718,-0.0168593,-0.0115235,-0.0120988,-0.00436013,0.00413207,0.00190149,-0.011746,0.0117914,0.0349593,-0.00268111,-0.0136183,-0.00310042,38.972,0.0110782,-0.00566866,-0.0609623
14.62,0.999719,-0.0168448,-0.0115227,-0.0120908,0.00769892,-0.00284559,0.0021868,-0.0116545,0.0117381,0.0352843,-0.00366562,-0.0138646,-0.00163999,39.9169,-0.0139349,-0.0152474,-0.140427
14.64,0.999719,-0.0168134,-0.0115288,-0.0120783,0.00409629,-0.00254444,0.00610154,-0.0115916,0.0117127,0.0355145,-0.00346185,-0.0136784,-0.00125441,41.9591,0.0117519,0.00930479,-0.154047
14.66,0.999719,-0.0168059,-0.0115252,-0.0120969,-0.00790346,0.00535606,-0.00527899,-0.0115266,0.0116785,0.0357382,-0.00271311,-0.0134415,-0.00127234,39.4169,0.00343387,0.00817903,-0.155371
14.68,0.999719,-0.0168117,-0.0115376,-0.0120916,-0.00998873,0.00321963,0.000791102,-0.0114559,0.011637,0.0359478,-0.00229287,-0.0134516,-0.00118013,39.7875,-0.0114242,-0.0235404,-0.15354
14.7,0.999719,-0.0168026,-0.0115427,-0.0121001,-0.00964971,0.00251697,0.00265035,-0.0113814,0.0115566,0.0361428,-0.00156356,-0.0139771,-0.00171806,38.2397,0.0103565,-0.00596554,-0.220116
14.72,0.999719,-0.0167957,-0.0115438,-0.0121163,0.00351246,-0.00343126,-0.00416902,-0.0112665,0.0115266,0.036467,-0.00223439,-0.0146622,-0.000679043,40.0504,-0.00343974,-0.019234,-0.185381
14.74,0.999719,-0.0168076,-0.0115456,-0.0121164,-0.0017873,-0.00526852,0.00040254,-0.0111921,0.0115162,0.0366804,-0.00193601,-0.0145973,-0.000337178,40.3149,0.0142544,-0.012406,-0.0724117
14.76,0.999719,-0.0168088,-0.0115416,-0.0121093,-0.000235001,-0.000727846,-0.00208258,-0.011118,0.0114935,0.0368835,-0.00169095,-0.0144907,-0.00043308,40.1771,0.0159113,0.01031,-0.121683
14.78,0.999719,-0.0168118,-0.0115289,-0.0121024,0.00270693,0.00641364,-0.00296517,-0.0110383,0.0114622,0.0370741,-0.00110004,-0.0140097,-0.000361595,40.5268,0.00558345,-0.00268333,-0.279763
14.8,0.999719,-0.0168101,-0.0115337,-0.0121039,0.0071538,-0.00303988,0.00156409,-0.0109151,0.01143,0.0373345,-0.000858448,-0.0141647,-0.0017981,40.7962,0.00429513,-0.00182471,-0.124447
14.82,0.999719,-0.0168195,-0.011533,-0.0121026,0.00405925,-0.00775348,0.00224692,-0.0108548,0.0114419,0.0374947,-0.00112773,-0.0143359,-0.000966748,42.7661,0.00562382,-0.001892,-0.197005
14.84,0.999719,-0.0168029,-0.0115275,-0.0120999,0.00303019,0.00232077,0.00800987,-0.0107965,0.0114656,0.0376498,-0.00130025,-0.0138051,-0.000470931,40.3847,0.00868751,-0.00166435,-0.291753
14.86,0.999719,-0.0167917,-0.0115319,-0.0121004,0.00790531,0.00312901,0.00227656,-0.0107411,0.0114842,0.0377965,-0.0010462,-0.0134128,-0.00054061,38.169,0.00856657,0.0273014,-0.144245
14.88,0.999719,-0.0167805,-0.0115457,-0.0120986,-0.00287828,-0.00267986,5.17985e-05,-0.0106595,0.0114983,0.0380042,-0.000594843,-0.0128397,-0.00139866,40.3937,-0.027353,0.0218302,-0.0760962
14.9,0.99972,-0.0167564,-0.0115505,-0.0120927,0.000701915,-0.00501908,0.00320783,-0.0106053,0.0114924,0.0381321,-0.000429819,-0.0131672,-0.00157763,38.0272,0.018497,-0.00475418,-0.0770251
14.92,0.99972,-0.016741,-0.011548,-0.012084,0.00615415,-0.00845082,0.00647082,-0.0105873,0.0115095,0.0382657,-0.00127994,-0.0129799,-0.000765841,43.5637,0.00537309,-0.0213693,-0.0952357
14.94,0.999721,-0.0167073,-0.0115487,-0.0120931,0.00710275,-0.00773984,0.00359717,-0.0105744,0.0115417,0.0383896,-0.00146646,-0.0124882,-0.000345285,37.7436,-0.00203081,0.015069,-0.351615
14.96,0.999721,-0.0167096,-0.0115496,-0.0120833,0.00700297,6.18352e-05,0.00314283,-0.0105571,0.0115675,0.0385066,-0.00104059,-0.0125054,-2.63742e-05,40.4646,0.0158304,0.0157322,-0.16394
14.98,0.99972,-0.0167107,-0.0115687,-0.0120826,-0.00413492,-0.000412699,0.00214068,-0.0105285,0.0115886,0.0386665,-0.000645813,-0.0117195,-0.000920351,39.4553,-0.00131054,0.0289815,-0.013344
15,0.999721,-0.016718,-0.0115536,-0.0120846,-0.0027639,0.000890517,-0.000136805,-0.0105086,0.0115999,0.0387665,-0.000190664,-0.0122178,-0.00113989,39.7932,-0.000116804,-0.0228345,-0.15142
15.02,0.999721,-0.0167038,-0.011552,-0.0120941,0.00732786,-0.00247343,-0.0032016,-0.0105324,0.0116582,0.0388824,-0.000458864,-0.0123569,-0.00106856,39.7465,0.00769843,-0.00152674,-0.2544
15.04,0.999721,-0.0167036,-0.0115557,-0.0120959,0.00247135,-0.00285258,-0.00442786,-0.0105601,0.0116937,0.0390001,-0.000794541,-0.0126863,-9.38628e-05,40.9564,0.00459199,-0.00604263,-0.148479
15.06,0.999721,-0.0166829,-0.0115529,-0.0120922,0.00390565,0.00370046,1.45879e-05,-0.0106038,0.0117106,0.0391594,-0.000756584,-0.0125007,-0.000609201,42.5765,0.0126017,0.021942,-0.173854
15.08,0.999721,-0.0166687,-0.011562,-0.0120947,0.0036225,-0.000368476,-0.00312694,-0.0106304,0.0117206,0.0392531,-0.000801689,-0.0124061,-0.000814635,39.9591,0.0171022,0.00592919,-0.299822
15.1,0.999721,-0.016666,-0.0115645,-0.012073,-0.00679286,-0.00266779,0.00528704,-0.0106573,0.0117189,0.0393436,-0.000778635,-0.0125303,-0.000603012,38.4783,0.0208223,-0.00164222,-0.116308
15.12,0.999722,-0.0166525,-0.0115579,-0.0120727,0.000266067,0.000178371,-0.00456073,-0.0106977,0.0117444,0.0394338,-0.000752772,-0.0125868,-0.000954049,40.5959,0.00892144,-0.00432382,-0.190269
15.14,0.999722,-0.0166309,-0.0115577,-0.0120911,0.0015875,-0.00323661,-0.00173685,-0.0107393,0.0117606,0.0395165,-0.00103692,-0.0125087,-0.000879687,41.0293,0.0127371,0.0183165,-0.262207
15.16,0.999722,-0.0166725,-0.0115401,-0.0120656,-0.0110059,0.00325734,0.0052583,-0.0108024,0.0117628,0.0396326,-0.00107118,-0.0124776,0.000483372,39.4832,0.0159597,0.00370648,-0.0700764
15.18,0.999722,-0.0166511,-0.0115381,-0.0120901,-0.00963291,0.0056789,-0.00352643,-0.0108457,0.0117335,0.0397059,-0.000994187,-0.0116814,-0.000355639,40.0921,0.00757202,0.0124309,-0.29848
15.2,0.999722,-0.0166458,-0.0115503,-0.0120926,-0.00550662,-0.000955611,-0.00235148,-0.0108867,0.0117157,0.0397738,-0.000841883,-0.0121694,-0.000317343,40.3312,0.0136351,-0.0133179,-0.295174
15.22,0.999722,-0.01663,-0.0115536,-0.0120845,-0.000291469,-0.00456648,-0.00596511,-0.0109173,0.0117036,0.0398528,-0.000884943,-0.0122404,-0.000223786,39.9076,-0.00926214,-0.00392979,-0.120109
15.24,0.999722,-0.0166361,-0.01156,-0.012098,0.00388679,-0.00497362,-0.000133963,-0.0109588,0.0116605,0.0399876,-0.00170681,-0.0121234,0.000927015,40.4596,0.0137287,0.00774935,-0.161849
15.26,0.999722,-0.0165996,-0.0115509,-0.0120913,0.00228132,0.00708637,0.00916742,-0.010987,0.0116241,0.0400685,-0.00147603,-0.011889,0.00102712,39.4826,0.0124881,-0.0098858,-0.0924639
15.28,0.999722,-0.016611,-0.0115487,-0.0121006,-0.0048527,0.00505176,-0.00431184,-0.0110145,0.0115836,0.040144,-0.00153799,-0.0114134,0.000823821,41.1174,-0.00737817,-0.0099014,-0.170408
15.3,0.999722,-0.0166063,-0.0115433,-0.0121086,-0.00923641,0.00459643,-0.00634875,-0.0110451,0.0115175,0.0402109,-0.00100665,-0.0114768,-0.000407708,41.8303,0.0259837,-0.00769407,-0.257219
15.32,0.999723,-0.0166122,-0.0115267,-0.0120878,-0.000365507,-5.44935e-05,0.00375183,-0.0110567,0.0114897,0.0402434,-0.00145169,-0.0118786,0.000404018,39.8422,0.010012,0.00495463,-0.294041
15.34,0.999722,-0.0166312,-0.0115266,-0.0121111,-0.0012344,0.000337698,0.00116182,-0.0111501,0.0113855,0.0403986,-0.00196487,-0.0119697,0.000937698,37.8872,-0.0235823,0.0199074,-0.216855
15.36,0.999722,-0.0166224,-0.0115284,-0.0121129,-0.00574096,-0.00341299,0.00184102,-0.0111968,0.0113171,0.0404716,-0.0019632,-0.0123538,0.000897299,39.774,-0.00753795,-0.00189538,-0.0369099
15.38,0.999722,-0.0166262,-0.0115282,-0.0121172,-0.0050612,0.00443465,-0.00312684,-0.0112434,0.0112347,0.0405401,-0.00197567,-0.0122843,0.000958758,40.965,0.00319151,0.000609884,-0.284711
15.4,0.999722,-0.0166211,-0.0115387,-0.0121375,-0.0110219,0.00056246,-0.00150585,-0.0112892,0.0111293,0.0406,-0.00136184,-0.0119496,0.000205638,41.0986,0.0041531,-0.00821334,-0.387104
15.42,0.999722,-0.0166022,-0.0115389,-0.0121397,-0.00155548,-0.00418571,-0.00013671,-0.0113406,0.0109794,0.0407123,-0.00148006,-0.0127373,0.000337754,39.5896,-0.00143899,-0.0103145,-0.22195
15.44,0.999722,-0.0166025,-0.0115491,-0.0121469,0.000706018,-0.00565889,-0.00560958,-0.0113679,0.0108741,0.0407842,-0.00125701,-0.0126885,0.000545319,39.7361,-0.0171701,0.00713557,-0.438955
15.46,0.999722,-0.0166173,-0.0115327,-0.0121327,0.00365272,0.00173145,0.00391038,-0.0113947,0.0107618,0.0408509,-0.00163212,-0.0128306,0.000685659,41.961,-0.018571,0.000968249,-0.100276
15.48,0.999722,-0.0166231,-0.0115127,-0.0121438,0.000669257,0.00482152,-0.00331805,-0.0114215,0.0106391,0.0409132,-0.00136829,-0.0128616,0.000697346,38.1292,0.00259666,0.00303215,-0.226133
15.5,0.999722,-0.0165887,-0.0115561,-0.0121247,0.00207012,-0.0116099,0.00419994,-0.0114663,0.0104209,0.0409919,-0.00143827,-0.0133611,-2.48465e-05,38.0384,0.00254434,0.0292624,-0.1828
15.52,0.999722,-0.0165773,-0.0115603,-0.0121334,0.0111672,-0.00582976,0.000941287,-0.0114638,0.0103172,0.0410601,-0.00135523,-0.013132,-0.000107805,40.9486,-0.0147766,-0.0117061,-0.0423272
15.54,0.999722,-0.0165862,-0.0115547,-0.0121177,0.00700024,-0.0027936,-0.00126149,-0.0114636,0.0102122,0.0411213,-0.00153509,-0.0129456,-8.00054e-05,38.3809,-0.0060414,-0.00211854,-0.0822623
15.56,0.999722,-0.0166032,-0.0115448,-0.0121222,0.00332914,-0.00262116,0.00273076,-0.0114626,0.0101023,0.0411775,-0.00146598,-0.012852,0.000172959,41.8266,0.00833417,0.00226689,0.0558254
15.58,0.999722,-0.0165959,-0.0115533,-0.0121135,0.011342,-0.00272889,-0.000107731,-0.0114566,0.00998464,0.0412314,-0.000968349,-0.0128655,0.000357397,38.0087,0.00389772,-0.00337936,-0.0625608
15.6,0.999722,-0.0165802,-0.01158,-0.0121216,0.00287638,-0.00592726,-0.00235081,-0.0114511,0.0098004,0.0413033,-0.00067479,-0.0123341,-0.00083208,41.4313,0.0188957,0.00646615,-0.0172611
15.62,0.999722,-0.0165841,-0.0115777,-0.0121158,0.00746769,-0.00478395,0.00337351,-0.0113858,0.00970149,0.0413509,-0.000805473,-0.0128485,-0.000798535,39.8989,-0.00149984,0.012535,0.0218394
15.64,0.999722,-0.0165694,-0.0115759,-0.0121172,0.0095139,-0.00545831,0.00372337,-0.0113238,0.00962524,0.0413866,-0.00116841,-0.0128282,-0.000725305,39.8967,0.00460726,-0.0343138,-0.037115
15.66,0.999722,-0.0165739,-0.0115806,-0.012121,0.00346517,-0.00691346,0.00314341,-0.0112655,0.00954269,0.0414191,-0.00112225,-0.0126756,-0.000244106,39.309,0.0316071,0.0147317,-0.263564
15.68,0.999722,-0.0165958,-0.0115886,-0.0121338,-0.0128586,-0.00390283,-0.00178976,-0.0111738,0.00940447,0.0414588,-0.000111064,-0.0122055,-0.000954716,40.4201,-0.0101874,0.000818665,-0.360047
15.7,0.999722,-0.0165882,-0.0115935,-0.012137,-0.000283075,-0.00165372,-0.000944652,-0.0111138,0.00930084,0.0414781,1.81957e-05,-0.0126836,-0.00150131,41.0744,-0.0126698,-0.0109854,-0.23457
15.72,0.999722,-0.0165865,-0.0115987,-0.0121312,-0.00145383,-0.00249787,-0.00282003,-0.0110421,0.0092054,0.0414829,0.000405911,-0.012966,-0.00171598,40.797,0.00281537,0.00895217,-0.170533
15.74,0.999722,-0.0165727,-0.0116048,-0.0121282,-0.00302237,-0.00698096,-0.000461293,-0.0109575,0.00910207,0.0414741,-5.20603e-05,-0.0134765,-0.00163934,40.4535,0.0430886,-0.0112655,-0.125229
15.76,0.999722,-0.0165846,-0.0115937,-0.0121243,0.00052933,0.0100738,-0.00236285,-0.0108339,0.00896249,0.0414458,0.000421031,-0.0128398,-0.00173413,38.2482,0.0174313,0.00443621,-0.320075
15.78,0.999722,-0.0165669,-0.0116007,-0.0121198,0.000976168,0.00373148,-0.00503653,-0.0107565,0.00886253,0.0414266,0.0006806,-0.0127336,-0.00162503,41.045,-0.00840174,0.012115,-0.0628608
15.8,0.999722,-0.016549,-0.0116128,-0.0121286,-0.00313374,0.000438558,-0.00375226,-0.0106757,0.00875815,0.0414026,0.000929968,-0.0125063,-0.00197301,40.2213,0.00428032,-0.000665398,-0.258478
15.82,0.999722,-0.0165367,-0.0116116,-0.0121331,-0.00630602,0.00313506,-0.00204691,-0.0105624,0.00865193,0.0413688,0.00145012,-0.0127662,-0.0022538,39.6314,0.0207608,0.0216688,-0.226197
15.84,0.999722,-0.0165389,-0.0116113,-0.0121447,-0.00459994,0.000482971,-0.00442035,-0.0104489,0.00854373,0.0413286,0.000845467,-0.013194,-0.00235927,40.1514,-0.0030539,-0.00561816,-0.100529
15.86,0.999722,-0.0165289,-0.0115943,-0.0121501,-0.00210789,0.00894865,-0.00550805,-0.0102915,0.00840334,0.0412627,0.00106265,-0.0126267,-0.00187992,40.4732,-0.00897967,0.0205172,-0.138038
15.88,0.999722,-0.0165243,-0.0116084,-0.0121499,-0.00661014,0.00249275,-0.00118987,-0.0101891,0.00830162,0.0412194,0.00123191,-0.0124105,-0.00206903,38.6397,-0.0011563,-0.00784736,-0.189589
15.9,0.999722,-0.0165282,-0.0116309,-0.0121411,-0.011379,0.00103141,0.00330938,-0.0100909,0.00820099,0.0411758,0.00101109,-0.0120644,-0.00178074,40.15,0.010601,0.0246073,-0.138608
15.92,0.999722,-0.0165164,-0.0116266,-0.0121444,-0.00851881,0.00149257,0.00391243,-0.0099968,0.00809519,0.0411328,0.00135394,-0.0118185,-0.00211058,39.3971,0.0130657,0.00790282,-0.163659
15.94,0.999722,-0.0165324,-0.0116183,-0.012142,0.00253744,-0.00136558,-0.00209838,-0.0098607,0.00798999,0.0410655,0.000522688,-0.0121256,-0.00210703,41.2204,-0.00443685,-0.00155082,-0.0547639
15.96,0.999722,-0.0165492,-0.011615,-0.012138,-0.00499706,0.00681247,0.00220781,-0.00977195,0.00789585,0.0410072,0.00115873,-0.0115252,-0.00193731,39.2886,0.0161165,-0.00885729,-0.167653
15.98,0.999722,-0.0165407,-0.0116342,-0.0121331,-0.00252086,0.00513199,0.00220003,-0.00968763,0.00781745,0.0409512,0.000952068,-0.0111752,-0.00238927,38.5624,0.00951199,0.0151957,-0.174996
16,0.999722,-0.0165463,-0.0116451,-0.0121196,-0.00111746,0.00424502,0.00633533,-0.0096043,0.00774021,0.0408927,0.00126581,-0.0105244,-0.00240651,40.3397,0.00146195,-0.0104249,0.0950678
16.02,0.999722,-0.0165491,-0.0116479,-0.0121216,-0.00448526,0.00569005,-0.00106381,-0.0095226,0.00765983,0.0408325,0.00124778,-0.010514,-0.00271474,41.8335,0.00318287,-0.0123926,-0.0482685
16.04,0.999722,-0.0165375,-0.0116365,-0.0121023,0.00685833,-0.000981854,0.00511517,-0.00943563,0.00762406,0.0407994,0.000323502,-0.0111272,-0.00260318,43.0451,0.002009,0.0162955,-0.00632228
16.06,0.999722,-0.0165365,-0.0116393,-0.0120898,0.000297244,-0.00288095,0.00372975,-0.00938755,0.00758792,0.040772,4.82873e-05,-0.0106343,-0.00208307,37.6533,-0.00363497,-0.00253783,0.0891112
16.08,0.999723,-0.0165128,-0.0116311,-0.0120936,0.00811164,0.00807561,0.00456808,-0.00934222,0.00755532,0.0407407,0.000677058,-0.0108488,-0.00241293,39.7169,0.00299691,0.00437142,-0.327817
16.1,0.999723,-0.0165136,-0.0116297,-0.0121039,-0.00331979,0.00615,-0.00738731,-0.00928993,0.00751447,0.0407064,0.00095384,-0.0104957,-0.00255709,39.8588,-0.0128525,0.0142102,-0.179256
16.12,0.999723,-0.0164874,-0.0116265,-0.0121059,0.000554475,-0.00135074,-0.00418535,-0.00922987,0.00754958,0.0406904,0.000960691,-0.011183,-0.00344093,39.3496,-0.0197022,-0.00818062,-0.169202
16.14,0.999723,-0.0164882,-0.0116144,-0.0121234,0.0112731,0.00178951,-0.00892821,-0.00919028,0.00759392,0.0406848,0.000777134,-0.0109526,-0.0033037,43.7777,0.00555328,0.021846,-0.113732
16.16,0.999723,-0.0165041,-0.0116264,-0.0121177,0.00148203,-0.00253268,0.00224671,-0.00915391,0.00763334,0.0406761,0.000716978,-0.0107151,-0.00327385,38.3591,0.00955575,-0.003232,0.0566056
16.18,0.999723,-0.0165018,-0.0116215,-0.0121337,0.00540752,-0.00125926,0.00158485,-0.00911139,0.00764721,0.0406539,0.00112524,-0.0104717,-0.0023478,37.6553,0.0150082,0.0207937,-0.195227
16.2,0.999722,-0.0165146,-0.0116235,-0.0121391,-0.00372902,0.0022879,-0.00606394,-0.0090705,0.00765907,0.0406374,0.00116209,-0.0104329,-0.00281471,39.8984,-0.0119437,0.00200299,-0.0238728
16.22,0.999722,-0.016558,-0.0116374,-0.0121356,-0.00204422,-0.00850284,-0.000239697,-0.00905292,0.00776993,0.0406333,0.000895954,-0.0107389,-0.00323429,39.3218,0.00279046,0.00504825,-0.176688
16.24,0.999722,-0.0165616,-0.0116236,-0.0121418,-0.00478653,0.00579064,-0.000172802,-0.00904898,0.00781989,0.0406302,0.00137741,-0.0101228,-0.00306264,40.9223,-0.00272532,-0.00459791,-0.201014
16.26,0.999722,-0.0165082,-0.0116401,-0.0121464,0.0088896,-0.00499842,-0.00181201,-0.00904475,0.00798583,0.0406355,0.000690955,-0.00990396,-0.00313466,41.4042,0.00412271,0.0193894,-0.131354
16.28,0.999722,-0.0164926,-0.0116271,-0.0121603,0.0160855,0.00158917,-0.00404664,-0.00903841,0.00808558,0.0406329,0.000908416,-0.00976765,-0.00276306,38.9629,0.0168068,-0.013395,-0.219564
16.3,0.999722,-0.0164779,-0.011653,-0.0121596,0.0025574,-0.00867859,-0.00132483,-0.00901788,0.00821205,0.0406216,0.00191973,-0.00890066,-0.00319308,39.312,0.000599081,0.00416272,-0.116961
16.32,0.999723,-0.0164711,-0.0116365,-0.0121554,-0.00858907,-0.00566074,-0.000559229,-0.00906114,0.00839102,0.0405769,0.0018236,-0.00948993,-0.0035782,38.566,0.0140718,0.00924836,-0.196952
16.34,0.999723,-0.0164585,-0.0116397,-0.0121573,0.00539573,-0.00343406,0.00170133,-0.00910119,0.00856556,0.0405325,0.00137121,-0.00971083,-0.00347534,42.1682,-0.00100692,-0.00630612,-0.20786
16.36,0.999723,-0.0164383,-0.0116384,-0.0121601,0.0049855,-0.00343821,0.00249644,-0.00914736,0.00872232,0.0404899,0.000731831,-0.00954422,-0.00331666,42.6728,-0.00579688,0.00581284,-0.0122445
16.38,0.999723,-0.0164601,-0.0116354,-0.0121735,-0.00639553,0.00231312,0.00136205,-0.00917016,0.00879737,0.0404648,0.00125703,-0.00886282,-0.00309947,38.4486,0.00734034,-0.00446844,-0.299246
16.4,0.999723,-0.0164201,-0.0116521,-0.0121793,-0.00797558,0.00177177,-0.00215849,-0.00925914,0.00907468,0.0403633,0.00154943,-0.00810961,-0.00355724,40.4065,0.014774,-0.0092185,-0.200187
16.42,0.999724,-0.0163792,-0.0116666,-0.0121629,0.00315994,-0.000451443,-0.00285539,-0.00930803,0.00934458,0.0402809,0.0018954,-0.00809967,-0.00423202,40.6855,0.0200586,-0.00770342,-0.189529
16.44,0.999724,-0.0163768,-0.01166,-0.0121724,-0.00667172,-0.00138719,0.00137048,-0.00934273,0.00957799,0.040189,0.00180547,-0.0087452,-0.00434761,41.2917,0.00451988,-0.0140541,-0.115434
16.46,0.999724,-0.0163609,-0.0116573,-0.0121705,-0.000206121,-0.00259555,0.00514691,-0.00938123,0.00981393,0.04011,0.00138654,-0.00865718,-0.00425262,37.9957,0.00930732,0.00864973,-0.0259712
16.48,0.999724,-0.0163552,-0.0116411,-0.0121693,-0.00524255,0.00888469,0.00103542,-0.00944142,0.0101433,0.0399835,0.00141721,-0.00781976,-0.00402216,38.4542,-0.0304256,-0.00575769,-0.146342
16.5,0.999725,-0.0163439,-0.0116439,-0.0121683,0.000610409,0.00699677,0.00225988,-0.00947899,0.010347,0.0398998,0.00149551,-0.00727154,-0.0037845,40.7975,0.0123774,0.00755366,-0.144829
16.52,0.999724,-0.0163485,-0.0116577,-0.0121758,-0.0101981,-0.000243968,0.00219281,-0.00954435,0.01066,0.0398102,0.00161875,-0.00661635,-0.00391485,40.4472,-0.00524209,-0.00171431,-0.051952
16.54,0.999724,-0.0163776,-0.0116587,-0.0121761,-0.00965979,-0.00350402,-0.000345621,-0.0095966,0.0109493,0.0397127,0.0017232,-0.00628967,-0.00463419,39.2704,0.00808231,0.00958827,0.0760275
16.56,0.999724,-0.0163735,-0.0116433,-0.012183,0.000716666,0.00295811,0.0077512,-0.00967448,0.0113797,0.0395757,0.00124477,-0.00547057,-0.00347567,39.3253,0.0137153,0.0308147,-0.166124
16.58,0.999724,-0.0163819,-0.0116427,-0.0121854,-0.000234304,0.00455654,0.00195825,-0.00971834,0.0116512,0.0394822,0.00178469,-0.00534827,-0.00360573,39.187,-0.00676099,0.00501963,-0.0425748
16.6,0.999724,-0.0163701,-0.0116451,-0.0121916,0.000816869,0.00449017,0.00523238,-0.0097593,0.0119078,0.0393882,0.00175771,-0.00486216,-0.00403564,42.1513,-0.00292555,-0.00164768,-0.169095
16.62,0.999724,-0.0163882,-0.0116351,-0.0122053,-0.00539937,0.00595336,0.00173202,-0.00978955,0.0122514,0.0393077,0.00199238,-0.00448791,-0.00390848,38.9987,0.0099009,-0.006188,-0.173093
16.64,0.999724,-0.0163856,-0.0116268,-0.0121982,0.00731188,-0.000134664,0.00151462,-0.00983072,0.012723,0.0391809,0.00116277,-0.00455095,-0.00392214,37.4297,-0.0223724,-0.00610418,-0.219869
16.66,0.999723,-0.0164026,-0.0116479,-0.0121976,-0.00235805,-0.00102295,-0.00275695,-0.00986134,0.01303,0.0390971,0.0010976,-0.00416547,-0.00406657,42.6155,0.000818974,0.00341913,-0.236252
16.68,0.999724,-0.0163816,-0.0116287,-0.0121891,0.00039145,0.00432633,0.00205076,-0.00988609,0.0133272,0.039012,0.00128459,-0.00362336,-0.00412757,37.0329,-0.00517706,0.0170591,-0.422163
16.7,0.999724,-0.0163589,-0.0116255,-0.0121876,0.00282574,0.00468661,0.00992975,-0.00991146,0.0136115,0.0389222,0.00143021,-0.00325594,-0.00442759,40.8293,0.00823323,-0.0182343,-0.248445
16.72,0.999725,-0.0163315,-0.0116148,-0.0122141,0.00302002,0.00949901,-0.00923561,-0.00992049,0.0139084,0.0388506,0.00143353,-0.00286628,-0.00443794,39.7125,0.018384,-0.00383071,-0.101924
16.74,0.999725,-0.016289,-0.0116557,-0.0121991,0.0112691,-0.00418703,-0.00547393,-0.00991492,0.0143547,0.0387721,0.00152323,-0.00344365,-0.00476262,41.2139,-0.00672787,-0.00212824,-0.224355
16.76,0.999725,-0.0162881,-0.0116478,-0.0121812,0.00379128,-0.000276767,0.00242337,-0.009902,0.0146283,0.0387162,0.00110753,-0.00309972,-0.00390795,39.0435,0.00928657,0.00393217,-0.137077
16.78,0.999726,-0.0162783,-0.0116412,-0.0121776,0.00102542,0.00308009,0.0058013,-0.00989518,0.0148914,0.038663,0.00147238,-0.00292005,-0.00374453,38.6955,0.00408275,-0.00348629,-0.11321
16.8,0.999725,-0.0162862,-0.0116351,-0.0122062,0.000144426,0.00685729,-0.00442014,-0.00987938,0.015138,0.0386123,0.00168887,-0.00286872,-0.00362814,42.7483,-0.00699551,0.0106154,-0.143407
16.82,0.999725,-0.0162881,-0.0116572,-0.0121933,0.00337159,-0.00626157,0.00300492,-0.00981458,0.0155399,0.0386108,0.00186779,-0.00239215,-0.00469825,38.835,0.00575281,0.00208631,0.0692882
16.84,0.999725,-0.0162892,-0.0116695,-0.012192,0.00209178,-0.00756397,0.00204854,-0.0097506,0.0158029,0.0386328,0.00196725,-0.0024684,-0.00397134,38.622,-0.000952778,-0.00119584,-0.0637731
16.86,0.999725,-0.0162878,-0.0116652,-0.0122057,0.00972584,-0.00183336,-0.00284388,-0.00969226,0.0160537,0.0386565,0.00142736,-0.00217978,-0.00404255,41.9557,-0.0117468,0.00769936,-0.180205
16.88,0.999725,-0.0162979,-0.011653,-0.012214,0.00470394,0.000462702,-0.00598327,-0.00963943,0.0162906,0.0386703,0.00126686,-0.0020812,-0.00291329,40.2655,-0.00556912,-0.00437942,-0.158525
16.9,0.999725,-0.0162959,-0.0116493,-0.0122,0.00450693,-0.004124,0.00416904,-0.00959003,0.0165171,0.0386906,0.00142642,-0.00195608,-0.00269346,38.9386,-0.0122201,-0.00985652,-0.0997819
16.92,0.999725,-0.0163123,-0.0116527,-0.012203,-0.00353534,0.00082878,0.00315672,-0.0094453,0.0168359,0.0387506,0.00242841,-0.0010551,-0.00433072,40.8638,0.0128368,-0.0101195,-0.00678729
16.94,0.999724,-0.016304,-0.0116647,-0.0122191,-0.00131814,-0.00868939,-0.00352569,-0.0093281,0.0170344,0.0387954,0.00248303,-0.00122241,-0.00414074,39.6553,0.00762941,-0.00719047,-0.23643
16.96,0.999725,-0.0162899,-0.0116584,-0.0122105,0.00473701,-0.00707299,0.00416309,-0.009208,0.0172174,0.0388328,0.00266307,-0.00133167,-0.00426077,39.9305,0.00568345,0.00136364,-0.075849
16.98,0.999725,-0.016287,-0.0116563,-0.012223,0.00272926,-0.00431892,0.00521041,-0.00908144,0.0173938,0.0388577,0.00287056,-0.000923453,-0.00346666,38.8095,-0.00634951,-0.00394121,-0.283517
17,0.999725,-0.0162747,-0.0116478,-0.0122228,-0.00238667,0.00546872,-0.00320024,-0.00889303,0.0176471,0.0388943,0.00364028,-0.000448678,-0.00389642,38.0011,0.00179588,0.02144,-0.189029
17.02,0.999725,-0.0162671,-0.0116655,-0.0122247,-0.00847168,-0.00213264,0.0050332,-0.00874264,0.017816,0.0389537,0.00376467,-0.000388836,-0.00368647,42.5791,0.0166032,0.0183432,-0.168727
17.04,0.999725,-0.0162432,-0.0116652,-0.0122183,0.00298649,-0.000974086,0.00389279,-0.00856617,0.0179832,0.0390415,0.00401459,-0.000679073,-0.00349757,40.7506,0.0045764,0.00832574,-0.399896
17.06,0.999726,-0.0162329,-0.0116597,-0.0122211,0.000986917,-2.61997e-05,0.00396981,-0.00838818,0.0181386,0.0391229,0.00431024,-0.00039141,-0.00379285,39.5411,-0.00101628,0.0138019,-0.0964878
17.08,0.999725,-0.0162343,-0.0116708,-0.0122237,-0.00260301,0.00558686,0.000430133,-0.00813214,0.0183625,0.039219,0.00440771,-8.29808e-05,-0.00342927,38.611,-0.00256025,0.00134526,-0.190192
17.1,0.999725,-0.0162568,-0.0116816,-0.012221,-0.0124179,-0.00231356,0.00424159,-0.0079673,0.0185013,0.0392823,0.00477258,0.000111034,-0.00318274,40.8723,-0.028667,0.0010161,-0.0752543
17.12,0.999725,-0.0162645,-0.0116942,-0.0122108,-0.0112758,-0.00223389,0.00236998,-0.00778089,0.0186639,0.0393946,0.00495193,0.000339894,-0.00354577,39.5147,0.000457708,-0.0129125,-0.204748
17.14,0.999725,-0.0162563,-0.0116908,-0.0122009,-0.00154209,0.00325326,0.00180557,-0.00759547,0.0188127,0.0394997,0.0051953,-0.00014332,-0.0036513,40.7962,-0.000556805,0.00843743,-0.191725
17.16,0.999725,-0.0162368,-0.0116964,-0.0122156,0.00143421,-0.00302487,-0.004397,-0.00741152,0.0189457,0.0395971,0.00510356,-0.000271241,-0.00353553,40.0196,0.00202213,0.0151115,-0.0486895
17.18,0.999725,-0.0162544,-0.0116871,-0.01219,-0.009022,0.00590975,-0.00215212,-0.00715295,0.0191264,0.0397352,0.00413106,-0.000551844,-0.00214536,41.6235,0.000685602,-0.00538462,-0.178386
17.2,0.999726,-0.0162412,-0.0116993,-0.0121721,-0.00145253,0.000923569,-0.0021715,-0.00698448,0.0192319,0.0398121,0.00461455,-0.000436945,-0.00294299,39.1512,-0.00492039,0.015073,-0.165384
17.22,0.999726,-0.0162514,-0.0116858,-0.0121723,-0.00310024,0.00485698,-0.000310012,-0.00682849,0.0193351,0.0399085,0.00450482,-6.41303e-05,-0.00286782,41.5758,-0.0117845,-0.00763515,-0.252642
17.24,0.999725,-0.0162703,-0.0116987,-0.0121543,-0.00668724,0.00272267,0.00464372,-0.00667777,0.0194378,0.0400204,0.00490838,-0.000177915,-0.00317875,40.2653,-0.00985376,0.0104427,-0.313108
17.26,0.999725,-0.0162969,-0.0116652,-0.0121521,-0.00160795,0.00291049,0.00220522,-0.00645062,0.0195705,0.0401725,0.00416148,-0.00078315,-0.00269203,39.5242,-0.0225335,0.0114506,-0.45489
17.28,0.999725,-0.0162934,-0.0116764,-0.0121312,0.000350986,-5.32994e-05,0.00194881,-0.00632295,0.0196508,0.04026,0.00397467,-0.000450209,-0.00229405,36.4243,-0.00281456,-0.0201135,-0.118043
17.3,0.999726,-0.0162841,-0.0116538,-0.0121479,0.00087042,0.00724483,-0.00608837,-0.00619917,0.0197449,0.0403464,0.00394863,-0.000432186,-0.00227369,39.7619,0.00584724,0.0106733,-0.0945588
17.32,0.999726,-0.0162996,-0.0116512,-0.0121271,-0.00650744,0.00859875,0.00274346,-0.00607159,0.0198468,0.0404288,0.00466014,0.000135872,-0.00289555,42.6246,-0.0117147,0.024357,-0.207978
17.34,0.999726,-0.0162893,-0.0116505,-0.0121227,-0.00241519,0.00525788,0.00226868,-0.00595102,0.0199457,0.0405047,0.00453419,0.000138006,-0.00305187,40.1014,0.00200739,0.0104408,-0.125892
17.36,0.999726,-0.0162933,-0.0116586,-0.0121401,0.000215043,-0.000699674,-0.00419822,-0.00576565,0.0200808,0.0405986,0.00444907,-0.000314013,-0.00301115,37.7881,-0.0107764,-0.00655238,-0.335451
17.38,0.999725,-0.016297,-0.0116691,-0.012145,0.00139466,-0.000942836,-0.00381286,-0.00564297,0.0201594,0.0406485,0.00417008,-6.02764e-05,-0.00265069,39.7888,0.00820994,0.00143181,-0.154809
17.4,0.999726,-0.0162866,-0.0116696,-0.012145,0.00437708,0.0107738,0.000641341,-0.00552664,0.0202387,0.040695,0.00430062,0.000294069,-0.00251419,40.7245,-0.00930864,-0.000677955,-0.0231512
17.42,0.999726,-0.0162702,-0.01169,-0.0121375,-0.00445479,0.0011443,0.00208749,-0.00542644,0.0203674,0.0407549,0.00455026,0.000458098,-0.00237383,41.1079,0.013004,0.0155566,-0.410682
17.44,0.999726,-0.0162281,-0.0116934,-0.0121481,0.0102714,-0.00221037,0.00169496,-0.00527965,0.0205532,0.040836,0.0051212,0.000328977,-0.0032657,37.7259,0.00677701,-0.00575465,-0.170174
17.46,0.999726,-0.0162508,-0.0116908,-0.0121392,0.00495613,-0.00195782,-0.00314823,-0.00516747,0.0206601,0.0408785,0.00436517,-0.000175586,-0.00254559,42.2981,-0.00866999,0.00149826,-0.299989
17.48,0.999726,-0.0162632,-0.0116858,-0.0121495,0.0109331,-0.00309052,-0.00338014,-0.00507892,0.0207589,0.0409196,0.00409394,0.000163567,-0.00251747,37.1212,-0.000689697,-0.0111277,-0.21216
17.5,0.999725,-0.0162742,-0.0116834,-0.0121522,0.00183628,-0.00533358,0.00515906,-0.00499533,0.0208549,0.0409531,0.00438757,0.000264201,-0.00246992,40.5638,-0.0100167,-0.0184746,-0.0462775
17.52,0.999725,-0.0162662,-0.011696,-0.0121603,-0.00544622,-0.00658449,0.00253125,-0.00489716,0.0210181,0.0410365,0.00489758,0.000659438,-0.00354989,40.2523,-0.00473984,0.0132596,0.012174
17.54,0.999725,-0.0162612,-0.0116794,-0.0121757,-0.00210881,-0.00369434,-0.00279346,-0.00483446,0.021134,0.0411027,0.0052564,0.000541422,-0.00345018,39.0286,0.0161605,-0.0109221,-0.234576
17.56,0.999726,-0.0162686,-0.0116809,-0.0121484,0.012233,-0.00528836,0.00774822,-0.00476959,0.0212378,0.0411587,0.00473287,0.000127774,-0.00353116,40.9403,0.00975446,0.0181269,-0.126862
17.58,0.999725,-0.0162753,-0.0116864,-0.0121524,0.00670663,-0.00659118,-0.00354516,-0.00470515,0.0213307,0.041199,0.00398218,-4.18731e-05,-0.00276572,39.4206,-0.000485034,0.00916046,-0.102742
17.6,0.999726,-0.0162729,-0.0116827,-0.0121524,0.0122441,-0.00169196,-0.000169043,-0.00465092,0.0214175,0.0412415,0.00375982,0.000111437,-0.00238278,41.201,0.0155959,0.00270135,-0.204288
17.62,0.999726,-0.01628,-0.01169,-0.0121321,-0.00422547,-0.00400227,0.00910321,-0.00457218,0.0214867,0.0413221,0.00475131,0.000479613,-0.00299086,40.2192,-0.000392057,0.00132695,0.0414389
17.64,0.999726,-0.0162721,-0.0116882,-0.0121367,-0.000739358,0.000756466,0.000488299,-0.00451749,0.0215127,0.0413772,0.00457261,0.000574233,-0.00325676,39.2135,-0.00492759,0.00289292,-0.0811505
17.66,0.999726,-0.0162811,-0.0116914,-0.0121344,0.00474191,-0.00827726,-0.00230789,-0.00445897,0.0215371,0.0414259,0.00497678,0.000500017,-0.00321992,40.8029,-0.00615061,0.00650705,-0.0689663
17.68,0.999725,-0.0162781,-0.0116942,-0.0121514,-0.00511571,-0.00707191,-0.00313851,-0.00438616,0.0215586,0.0414736,0.00473485,0.000394854,-0.00251559,40.4995,-0.0077386,0.0181455,-0.330832
17.7,0.999725,-0.0163043,-0.0117039,-0.0121651,-0.00406191,0.00061071,-0.0051089,-0.00429726,0.0215987,0.041531,0.00552954,0.00147674,-0.00286092,39.0466,-0.00131209,-0.0133766,-0.197023
17.72,0.999725,-0.0163104,-0.0117096,-0.0121431,-0.000821642,0.00451178,0.00277135,-0.00424246,0.0216042,0.0415975,0.00574267,0.00145127,-0.0024917,39.2774,0.00983205,-0.00743009,-0.100655
17.74,0.999724,-0.016331,-0.0117188,-0.0121564,-0.0152562,-0.00249126,0.00355126,-0.00418584,0.0216101,0.0416557,0.00554471,0.00161045,-0.00276055,40.5185,-0.0073602,-0.000414022,-0.115748
17.76,0.999724,-0.0163458,-0.0117129,-0.0121466,8.95709e-05,-9.37625e-05,-0.000779028,-0.00412753,0.0216133,0.0417084,0.00589505,0.00147325,-0.00326932,40.3279,-0.00797549,0.00528774,-0.12051
17.78,0.999724,-0.0163201,-0.0117277,-0.0121467,0.00438803,-0.00366509,-0.000441939,-0.00406619,0.021614,0.0417491,0.00572905,0.00148126,-0.00346398,37.4205,-0.0104543,0.000838359,-0.131734
17.8,0.999724,-0.016341,-0.0117106,-0.0121392,-0.00425866,0.00349743,-0.00103807,-0.00396064,0.0216152,0.0417923,0.00589536,0.00161489,-0.00281545,39.568,-0.0182697,0.00983962,-0.056044
17.82,0.999724,-0.0163341,-0.011723,-0.0121598,-0.00566234,0.00666229,-0.00364511,-0.00388618,0.0216139,0.0418161,0.00608172,0.00165417,-0.00312037,38.7918,0.0161635,0.0128224,-0.137939
17.84,0.999724,-0.0163479,-0.0117226,-0.0121502,-0.0102516,0.00392003,-0.00168717,-0.00380236,0.0216173,0.0418238,0.00603886,0.00193093,-0.00358114,41.857,0.00240817,0.00689704,-0.182179
17.86,0.999724,-0.0163441,-0.0117237,-0.012136,-0.0109289,0.000714601,0.00879865,-0.00371778,0.0216123,0.0418276,0.00622432,0.00124025,-0.00352603,38.5617,-0.0137489,0.014197,-0.0571181
17.88,0.999724,-0.0163718,-0.0117219,-0.0121415,-0.00261198,-0.0010205,-0.00258514,-0.00359047,0.0215888,0.0418322,0.00536383,0.000314509,-0.00248021,41.1474,-0.00440176,-0.0168959,-0.212853
17.9,0.999724,-0.0163706,-0.0117158,-0.0121358,-0.0047434,0.00953639,-0.00126475,-0.00351761,0.0215707,0.0418286,0.00572974,0.000973264,-0.00305483,43.0879,-0.00801382,0.00509566,-0.317439
17.92,0.999724,-0.0163526,-0.011735,-0.0121322,-0.00123894,5.33898e-05,-0.00255011,-0.0034631,0.021565,0.0417935,0.00590346,0.000848141,-0.00314829,39.4546,-0.00864264,-0.00596418,-0.205538
17.94,0.999724,-0.0163568,-0.0117304,-0.0121399,-0.00849575,0.00207737,0.00340011,-0.00340375,0.0215594,0.0417535,0.00590045,0.00113058,-0.00324048,40.7414,-0.0109951,0.0171296,-0.26915
17.96,0.999724,-0.0163518,-0.0117157,-0.0121389,0.00501998,-0.00178085,-0.00253859,-0.00331202,0.0215464,0.0416861,0.00540435,0.000274238,-0.00318979,36.8533,0.00322077,0.016599,-0.229148
17.98,0.999724,-0.0163434,-0.0117148,-0.0121373,0.000866152,-0.00140986,0.000317525,-0.00324959,0.0215317,0.0416387,0.00528002,0.000230382,-0.00310008,40.6005,0.0253408,0.00283725,-0.122988
18,0.999724,-0.0163592,-0.0117157,-0.0121391,0.000259178,0.00154781,-0.000331233,-0.00317665,0.0215203,0.0415813,0.00549462,0.000990725,-0.00327299,40.5554,0.01788,0.0292437,-0.201341
18.02,0.999723,-0.0163851,-0.0117035,-0.0121491,-0.00776179,0.0048009,-0.000245245,-0.00315115,0.0214797,0.0414855,0.00566278,0.00128194,-0.00359907,40.9796,0.00100432,-0.00162651,-0.228765
18.04,0.999724,-0.0163861,-0.0116994,-0.0121474,-0.00925575,0.00579906,-0.00234167,-0.00312159,0.0214449,0.0413899,0.00566928,0.0015377,-0.00354902,39.6552,0.00885785,-0.00611735,-0.341528
18.06,0.999724,-0.0163552,-0.0117202,-0.0121494,0.00959856,-0.00441392,-0.00201695,-0.00306878,0.0213844,0.0412496,0.00539445,0.000294155,-0.00381968,40.3103,0.00542641,0.00549118,-0.151476
18.08,0.999724,-0.0163512,-0.0117233,-0.0121573,0.00729021,-0.00339438,-0.00234052,-0.00302828,0.0213335,0.041149,0.00530948,0.000123824,-0.00409272,38.4029,0.0240372,0.00711308,-0.235213
18.1,0.999724,-0.0163576,-0.0117174,-0.0121458,-0.000454426,-0.000258564,0.00310302,-0.0030005,0.0212836,0.0410523,0.00452209,-9.25776e-05,-0.00364281,39.9397,-0.00489104,-0.014226,-0.277221
18.12,0.999724,-0.0163514,-0.0117095,-0.0121521,0.00161505,0.00620764,-0.00477688,-0.00300748,0.0212606,0.0409375,0.00509935,0.000242091,-0.00363093,40.2686,0.0138626,-0.0192222,-0.176681
18.14,0.999724,-0.016357,-0.0117205,-0.0121451,-0.00643571,-0.00504365,-0.00283136,-0.00301409,0.0212466,0.0408874,0.00494514,0.000217197,-0.00415489,38.1316,0.00612149,0.0102942,-0.227612
18.16,0.999724,-0.0163501,-0.0116953,-0.0121516,0.00497448,0.000514686,-0.00239026,-0.00302042,0.0211952,0.0406878,0.0051287,-0.000221705,-0.00372159,40.0754,0.0176521,0.0277182,-0.162702
18.18,0.999724,-0.016328,-0.011704,-0.0121491,0.0099597,-0.00304175,0.00517983,-0.00301623,0.0211616,0.0405893,0.00489148,-0.000157883,-0.00374603,42.119,0.00575983,0.00875702,-0.157619
18.2,0.999724,-0.0163591,-0.0116837,-0.0121687,0.00605446,0.00364954,-0.00407411,-0.00301101,0.0211287,0.0404921,0.00468824,-0.000285126,-0.00346735,39.3563,0.0049099,0.00439159,-0.205902
18.22,0.999724,-0.0163797,-0.0116727,-0.0121616,0.00343011,0.00321454,-5.42039e-05,-0.00300438,0.0210932,0.0403989,0.00452864,-0.000313416,-0.00313212,41.1359,-0.00856884,0.00755965,-0.016463
18.24,0.999725,-0.0163507,-0.0116705,-0.0121471,0.00541394,0.000584021,0.00201559,-0.0030231,0.0210828,0.0402506,0.00494345,-3.97091e-05,-0.00455465,40.8222,1.50909e-05,0.00237109,-0.0801229
18.26,0.999724,-0.0163646,-0.0116769,-0.0121442,0.000752181,-0.00788741,0.0012292,-0.003033,0.0210752,0.0401542,0.00483515,-0.000406832,-0.00425742,40.7752,0.0105342,-0.0122789,-0.167878
18.28,0.999724,-0.0163843,-0.0116651,-0.012134,0.00277573,-0.00734395,0.000584975,-0.00303732,0.0210599,0.0400587,0.00485703,-0.000503937,-0.00440677,38.0714,-0.0155151,0.00769587,-0.317225
18.3,0.999724,-0.0163873,-0.0116565,-0.0121149,0.00316313,-0.00328708,0.00135914,-0.0030373,0.0210415,0.0399599,0.00469748,-0.000652107,-0.00448975,39.1697,0.00864037,0.00945238,-0.309499
18.32,0.999724,-0.0164253,-0.0116672,-0.0121143,-0.00579165,-0.00402277,-0.00191898,-0.00306568,0.0209896,0.0398341,0.00527886,-0.000441735,-0.00454305,40.2299,-0.017721,-0.0140354,-0.236859
18.34,0.999724,-0.016438,-0.0116679,-0.0121111,-0.0126124,-0.00135261,-0.000382555,-0.00307585,0.0209412,0.0397502,0.00518879,-0.000519496,-0.00515859,40.5524,-0.00831871,0.026507,-0.217461
18.36,0.999724,-0.0164279,-0.0116606,-0.0121043,0.00609903,-0.00290101,-0.00280748,-0.00308877,0.0208956,0.0396723,0.00511219,-0.000822647,-0.00518867,38.6667,0.0105757,-0.00953893,-0.0571303
18.38,0.999724,-0.0164381,-0.0116746,-0.0121011,0.000351972,-0.00622409,-0.00565295,-0.00309361,0.0208448,0.0395893,0.00490858,-0.000958651,-0.00500515,39.3584,0.00421641,-0.0246652,-0.291107
18.4,0.999723,-0.0164404,-0.0116774,-0.012098,0.00600163,-0.00302755,0.00167388,-0.00309742,0.0207948,0.0395033,0.00470018,-0.000833179,-0.00542013,42.0425,0.00972913,0.014081,-0.113388
18.42,0.999723,-0.0164663,-0.0116642,-0.0120778,-0.00187906,0.00904088,-0.0011122,-0.00311096,0.0207176,0.0393807,0.00521456,-0.000740568,-0.00524899,36.3782,-0.0116596,0.00156134,-0.13829
18.44,0.999724,-0.0164516,-0.0116613,-0.0120758,-0.0068244,0.000260873,0.00636504,-0.00312071,0.0206628,0.039303,0.00502968,-0.000397862,-0.00561255,42.3749,-0.0167922,-0.0144321,-0.363909
18.46,0.999724,-0.0164554,-0.0116653,-0.0120821,-0.00522817,0.000567227,0.000223678,-0.00312054,0.0206088,0.0392099,0.00506856,-0.00104778,-0.00646582,42.107,-0.000488049,0.00759324,-0.062637
18.48,0.999723,-0.0164743,-0.0116755,-0.012078,-0.00638733,0.00181222,-0.00200836,-0.00312409,0.0205484,0.0391173,0.00465512,-0.00119437,-0.00654664,38.0446,0.00697884,-0.0124569,-0.109024
18.5,0.999723,-0.0165121,-0.011654,-0.0120793,-0.00409818,0.00591869,-0.00285666,-0.00313577,0.020452,0.0389702,0.00423289,-0.00136614,-0.00553309,39.2671,-0.0150714,-0.0117656,-0.0188065
18.52,0.999723,-0.0165092,-0.0116516,-0.0120691,-0.00384421,0.00466548,0.000725076,-0.00316423,0.0203955,0.0388793,0.00410965,-0.00147634,-0.00559264,42.1856,-0.0055909,-0.00349538,-0.262605
18.54,0.999723,-0.0165115,-0.0116483,-0.0120539,-0.00326495,0.00400326,0.00887419,-0.00320156,0.0203427,0.0387974,0.0042391,-0.00150158,-0.0054597,38.8492,-0.0144911,0.0212474,-0.247821
18.56,0.999723,-0.0164925,-0.0116418,-0.0120728,-0.00300903,0.00443559,0.00201558,-0.00323168,0.020286,0.0387151,0.00440672,-0.00167302,-0.00547743,40.0583,-0.00235333,-0.000774869,-0.0932724
18.58,0.999724,-0.0164311,-0.0116394,-0.0120729,0.0147764,-0.000402912,-0.00111733,-0.00325724,0.020188,0.0385905,0.00429151,-0.002545,-0.00564882,38.4248,0.012928,-0.00568406,-0.134174
18.6,0.999724,-0.0164528,-0.011638,-0.0120782,0.00167653,0.0003296,-0.00490905,-0.0032584,0.0201204,0.0384846,0.00468753,-0.00210682,-0.00543046,38.5541,-0.00796195,0.00726938,-0.285517
18.62,0.999724,-0.0164581,-0.0116502,-0.0120678,-0.00212969,0.00637349,0.0038526,-0.00330914,0.0200119,0.0383759,0.0045465,-0.00237448,-0.00571708,41.5959,0.0147035,-0.0157449,-0.336585
18.64,0.999724,-0.0164356,-0.0116666,-0.0120643,-0.00509385,0.000684929,0.00759563,-0.00335261,0.0198986,0.0382662,0.00486349,-0.00239368,-0.00589772,39.2524,-0.00353266,0.0161499,-0.325952
18.66,0.999724,-0.0164409,-0.011646,-0.0120748,-0.00547525,0.00891203,0.00331305,-0.00338889,0.0197899,0.0381561,0.00496573,-0.00214151,-0.00550092,39.6921,0.00416343,0.00813103,-0.248302
18.68,0.999725,-0.0164265,-0.0116564,-0.0120541,0.00506746,-0.00374182,0.00641359,-0.0034288,0.0196266,0.0380022,0.00447762,-0.00298385,-0.00575759,41.0537,0.0213752,0.0144274,-0.303499
18.7,0.999724,-0.0164472,-0.0116438,-0.0120565,0.00831931,7.66097e-05,0.00423804,-0.00344167,0.0195135,0.0378833,0.00428729,-0.00280098,-0.00555046,38.7193,-0.00676092,-0.00214065,-0.380488
18.72,0.999724,-0.0164429,-0.0116477,-0.0120856,-0.00108559,0.00447717,-0.0051381,-0.00349187,0.0194017,0.0377697,0.0045094,-0.00267806,-0.00565019,40.1972,0.0125949,0.0328702,-0.170792
18.74,0.999724,-0.0164323,-0.0116648,-0.0120915,-0.00395854,-0.0031706,-0.00178129,-0.00355739,0.0192879,0.0376577,0.00489775,-0.00263339,-0.00558747,40.0713,0.00286447,0.00794566,-0.0920573
18.76,0.999724,-0.0164077,-0.0116662,-0.0120926,0.00723761,-0.00427522,-0.00182999,-0.00364081,0.0191246,0.0374926,0.00459382,-0.00289595,-0.00643177,39.7789,0.0148829,0.00540509,-0.240637
18.78,0.999725,-0.0163962,-0.0116592,-0.0120906,0.0116586,-0.00329468,-0.00263889,-0.00368342,0.0190102,0.0373797,0.00494623,-0.00340339,-0.00618407,39.2898,0.00686896,0.013279,-0.333455
18.8,0.999724,-0.0164015,-0.0116652,-0.0120975,0.0060815,-0.000899554,0.0012832,-0.00372387,0.0188928,0.0372629,0.00422746,-0.0035343,-0.0064652,36.7844,0.00841718,0.00266871,-0.261243
18.82,0.999725,-0.0163839,-0.0116602,-0.0120944,0.00781589,0.000706089,0.000230278,-0.00376326,0.0187475,0.0371134,0.00424792,-0.00335502,-0.0057248,45.4752,0.0114268,-0.0091019,-0.347618
18.84,0.999725,-0.01639,-0.0116544,-0.0121006,-0.000243877,0.00353565,-0.00148722,-0.00380399,0.0186011,0.0369799,0.00441926,-0.0038068,-0.00578314,35.3401,0.0141102,0.0128218,-0.353515
18.86,0.999724,-0.0164113,-0.0116566,-0.0121011,-0.00292394,-0.00375896,-0.0033497,-0.00385707,0.0183809,0.0367854,0.00456663,-0.003996,-0.00665678,40.3546,-0.0294336,0.00636634,-0.272759
18.88,0.999724,-0.0164109,-0.0116546,-0.012101,0.00195261,-0.00652318,0.00225936,-0.00388326,0.0182317,0.0366583,0.00431712,-0.0043663,-0.00613325,40.1553,-0.0073962,0.0268971,-0.225169
18.9,0.999724,-0.0164005,-0.0116545,-0.0120996,0.00504839,-0.00828414,0.00541898,-0.00390512,0.0180817,0.0365369,0.00404883,-0.00438726,-0.00616528,39.1625,-0.00554766,0.0058496,-0.118437
18.92,0.999724,-0.0164208,-0.0116365,-0.0121219,-0.00206648,0.000992043,-0.00489364,-0.00392694,0.017935,0.0364124,0.00393471,-0.00422314,-0.00616711,41.8649,0.000478996,0.0120093,-0.22008
18.94,0.999724,-0.0164069,-0.0116421,-0.0121248,-0.00373958,-0.00480602,0.00206822,-0.00395155,0.0176956,0.036213,0.00443583,-0.00443267,-0.00672715,42.352,-0.00538842,0.0146695,-0.271345
18.96,0.999724,-0.0164017,-0.0116402,-0.0121347,-0.00273305,-0.00155955,0.00141686,-0.00396028,0.0175409,0.0360862,0.00457486,-0.00433342,-0.00695223,40.0654,0.0115322,0.0160066,-0.149521
18.98,0.999724,-0.0164171,-0.0116394,-0.012112,0.0012351,-0.00207952,-0.00228346,-0.00396269,0.017384,0.0359612,0.00472831,-0.00487532,-0.00656148,40.6486,0.0127592,0.0225331,-0.0402733
19,0.999725,-0.0163923,-0.0116256,-0.0121196,0.0101593,-0.00228847,-0.00196355,-0.00395641,0.0172225,0.0358367,0.00480307,-0.00524246,-0.00654342,39.8462,0.0115008,-0.0290913,-0.261391
19.02,0.999725,-0.0164099,-0.0116168,-0.0121045,-0.00562191,0.00744746,0.000675013,-0.00395185,0.0169878,0.0356718,0.00478376,-0.0050709,-0.00574592,36.8552,0.0105895,0.00156616,-0.0469996
19.04,0.999724,-0.0164448,-0.0116204,-0.0121069,-0.0110209,0.00127011,-0.00226863,-0.00394951,0.0168225,0.0355858,0.00509112,-0.00544462,-0.00658275,38.6654,0.00989931,0.0115981,-0.0601775
19.06,0.999724,-0.0164432,-0.0116115,-0.0120987,-0.00418279,0.000759949,0.00193761,-0.00394811,0.0166718,0.0354989,0.00495571,-0.00499643,-0.00696287,43.0003,-0.00886717,-0.00480914,-0.2399
19.08,0.999724,-0.0164195,-0.0116167,-0.0121089,0.00513501,-0.00222032,0.000997151,-0.00393938,0.0165225,0.0354123,0.0051877,-0.0055044,-0.00673336,39.6632,-0.00794831,0.0128401,-0.285361
19.1,0.999725,-0.0164156,-0.0116224,-0.0121001,0.00037229,-0.00748297,0.00465364,-0.00392453,0.0163699,0.0353136,0.0047531,-0.00547008,-0.00749539,41.2922,0.00836001,-0.018644,-0.291497
19.12,0.999725,-0.016427,-0.0115931,-0.0121081,0.000239023,0.0057079,-0.0024148,-0.00392953,0.0161766,0.0352076,0.0045559,-0.00526434,-0.00644304,42.7571,-0.00667066,0.0189738,-0.305632
19.14,0.999725,-0.0164113,-0.0115967,-0.0121201,0.00351881,0.00197363,0.00117291,-0.00394243,0.0160686,0.0351596,0.00477026,-0.00541834,-0.00677449,39.5218,-0.00859292,0.0155729,-0.222101
19.16,0.999725,-0.0164005,-0.0116042,-0.0121175,-0.00196841,-0.00142712,0.000967726,-0.00393798,0.015952,0.0350971,0.00520883,-0.00510356,-0.00781498,42.2294,0.00155598,-0.0261658,-0.182054
19.18,0.999725,-0.0163895,-0.0115931,-0.0120997,-0.00382741,0.00226015,0.00816214,-0.0039394,0.0158417,0.0350351,0.00479295,-0.00571787,-0.0079175,39.8472,-0.00755395,-0.00264164,-0.191772
19.2,0.999726,-0.016368,-0.0115791,-0.0121199,0.00112171,0.00488834,-0.0032992,-0.00393517,0.0156605,0.0349423,0.00426196,-0.0064937,-0.00633668,37.5705,0.0318575,0.0136892,-0.142221
19.22,0.999726,-0.0163322,-0.0116006,-0.0120924,0.00918113,-0.00405883,0.00421799,-0.0039406,0.0155216,0.0349427,0.00414771,-0.00640534,-0.00632212,40.1284,-0.00180026,-0.000272592,-0.406132
19.24,0.999726,-0.0163227,-0.0116049,-0.0121121,-0.00258668,0.000750263,-0.00256033,-0.00394458,0.0153872,0.0349373,0.00432323,-0.00602942,-0.00647591,36.5741,0.0204805,0.0152604,-0.19096
19.26,0.999727,-0.0162802,-0.011604,-0.0121173,0.00175167,0.00205646,-0.00249459,-0.0039343,0.0152485,0.0349163,0.00465341,-0.00584046,-0.00690569,42.0827,-0.0054619,-0.000315018,-0.205487
19.28,0.999727,-0.0162627,-0.0116089,-0.0121322,0.00674681,0.000508388,-0.00339381,-0.00392235,0.0150506,0.0349022,0.00444627,-0.00629814,-0.00592164,40.2892,0.00558349,0.00137922,-0.186809
19.3,0.999727,-0.0162595,-0.0116133,-0.0121247,0.00633553,-0.00250221,0.00428918,-0.00390581,0.014917,0.0348875,0.00412907,-0.00635196,-0.00572651,39.0893,0.00366596,-0.00838449,-0.404438
19.32,0.999727,-0.0162727,-0.0115928,-0.0121283,-0.00515142,0.00183085,0.000190903,-0.00393873,0.0148236,0.0349254,0.00383979,-0.0061108,-0.00559867,41.0074,0.00607279,-0.0240472,-0.275508
19.34,0.999727,-0.0162569,-0.0115943,-0.0121324,-0.000670642,0.00611032,0.00374882,-0.00397377,0.0147381,0.0349589,0.00399857,-0.00617751,-0.00574842,42.0869,0.0308,0.0298305,-0.130133
19.36,0.999727,-0.0162687,-0.0115882,-0.0121418,0.00163094,0.010309,-0.00251053,-0.00400356,0.0146579,0.0349903,0.00425554,-0.00566746,-0.00582382,38.8183,0.00583601,0.00440512,-0.0832093
19.38,0.999727,-0.0162358,-0.0115848,-0.0121333,0.0127912,-0.0095315,0.00535556,-0.00402621,0.0145342,0.0350085,0.00458217,-0.00566296,-0.00620177,37.8364,0.00608599,-0.0098679,-0.0657406
19.4,0.999728,-0.0162148,-0.0115882,-0.0121185,0.00840488,-0.00612244,0.00255186,-0.00403163,0.0144584,0.035019,0.0045396,-0.00561537,-0.00622128,40.367,0.00560739,0.0114079,-0.224622
19.42,0.999728,-0.0162014,-0.0115835,-0.0121321,0.00998725,0.0019179,-0.00704482,-0.00408552,0.0143899,0.035092,0.00404788,-0.00550477,-0.00556902,40.5998,0.00186797,-0.00910438,-0.347538
19.44,0.999728,-0.0162045,-0.0115848,-0.0121364,0.00214561,0.00285288,0.00122742,-0.00413611,0.0143229,0.0351595,0.0039557,-0.00514418,-0.00542247,40.9504,-0.000869729,-0.00457123,-0.357548
19.46,0.999728,-0.0161967,-0.0116248,-0.0121429,0.00559307,-0.00357141,-0.000125512,-0.00419891,0.014226,0.0352399,0.00484354,-0.00443788,-0.00698061,39.9862,0.00865542,-0.0097209,-0.090478
19.48,0.999728,-0.0161954,-0.0116202,-0.0121499,0.0061655,-0.00143036,-0.00405319,-0.00422119,0.014161,0.0352832,0.00434593,-0.00490609,-0.00565491,37.8433,-0.000108689,-0.0076869,-0.153682
19.5,0.999727,-0.0162066,-0.011621,-0.0121464,0.0136016,-0.00424814,-0.00233627,-0.0042412,0.014094,0.0353233,0.00455932,-0.00512819,-0.00570989,39.3636,-0.0218678,0.000874571,-0.31676
19.52,0.999727,-0.0162129,-0.0116179,-0.0121463,0.00456952,0.00187373,0.00399927,-0.00427588,0.0140499,0.0353678,0.00431898,-0.00493077,-0.00574401,38.6786,-0.0289165,0.00767333,-0.264089
19.54,0.999728,-0.0161997,-0.0115879,-0.0121533,0.00742518,0.00862835,0.00330763,-0.00432045,0.0140317,0.0354105,0.00447002,-0.00463078,-0.00563778,43.4168,-0.017877,-0.00853043,-0.3826
19.56,0.999728,-0.016202,-0.0115907,-0.0121601,-0.00784722,-0.00125841,0.000285991,-0.00438353,0.0140194,0.0354779,0.00522591,-0.0039674,-0.00624728,41.157,-0.00415489,-0.00613599,-0.263271
19.58,0.999727,-0.0162102,-0.0115941,-0.0121682,0.00673349,-0.0039267,-0.0002172,-0.00441864,0.0140104,0.0355167,0.00513175,-0.00413594,-0.00658058,39.5625,-0.017417,0.00133703,-0.30111
19.6,0.999727,-0.0162148,-0.0115872,-0.012169,0.0052829,-0.00459365,0.00281276,-0.0044337,0.013991,0.0355281,0.00484265,-0.00437613,-0.00628716,39.4539,-0.00551267,0.0103427,-0.326545
19.62,0.999728,-0.0161833,-0.0115701,-0.0121784,0.0142212,-0.00148528,-0.00116726,-0.00449756,0.0140367,0.0355384,0.00450391,-0.00395399,-0.0064809,40.68,-0.00584828,0.00754049,-0.456233
19.64,0.999728,-0.0162041,-0.0115659,-0.0121789,-0.00429151,-0.000498246,0.000531057,-0.00458837,0.0140991,0.0355443,0.00488781,-0.00344369,-0.00672468,39.7637,0.01864,-0.00709973,-0.287496
19.66,0.999727,-0.0162076,-0.0115773,-0.0121786,-0.0134064,-0.00584379,0.00213119,-0.00464284,0.0141343,0.0355427,0.00467212,-0.00330463,-0.0067305,39.587,0.0158376,-0.00669783,-0.375395
19.68,0.999727,-0.0162227,-0.0115633,-0.0121847,-0.00446955,0.00272532,0.00178954,-0.0046949,0.0141648,0.0355321,0.00437634,-0.00319879,-0.00704444,40.9837,-0.0170502,0.00896007,-0.401922
19.7,0.999727,-0.0162137,-0.0115598,-0.0121847,0.00229895,-0.0018263,0.00535914,-0.00473859,0.0141919,0.0355177,0.00468583,-0.00360029,-0.00706664,39.369,0.000584994,0.00180932,-0.331891
19.72,0.999728,-0.0162087,-0.0115685,-0.0121824,5.72472e-05,-0.00413367,0.00164632,-0.00477682,0.0142317,0.0354993,0.00418757,-0.00350143,-0.00732733,42.0247,-0.00592906,-0.0121869,-0.273074
19.74,0.999728,-0.0162003,-0.0115657,-0.0121817,0.0015313,-0.000848515,-3.40827e-05,-0.00482926,0.0143048,0.0354621,0.00447644,-0.00311213,-0.00702885,37.7201,-0.00396056,-0.00609579,-0.481813
19.76,0.999728,-0.0161676,-0.0115794,-0.0121785,-0.00322873,-0.00160194,0.00211799,-0.00486576,0.0143572,0.0354485,0.00465015,-0.00299666,-0.00685432,38.9965,0.00661317,0.00156136,-0.307175
19.78,0.999728,-0.0161747,-0.0115735,-0.0121813,-9.99061e-05,0.000762469,-0.00298309,-0.00489611,0.0144113,0.0354338,0.00453287,-0.00257689,-0.00653394,40.6965,-0.00161881,0.0163137,-0.30218
19.8,0.999728,-0.0161713,-0.0115725,-0.0121684,-0.0018021,-0.00378851,0.00162901,-0.00491969,0.0144635,0.0354203,0.00460191,-0.0028288,-0.00647849,40.2177,-0.00573941,0.00344931,-0.259466
19.82,0.999728,-0.0161674,-0.0115506,-0.0121837,0.00306924,0.0046009,-0.00337172,-0.00495235,0.0145467,0.03543,0.00391162,-0.00279689,-0.005108,40.9043,-0.0166325,0.0257587,-0.236396
19.84,0.999729,-0.0161664,-0.0115379,-0.0121826,-0.00515721,0.0075473,-0.00117553,-0.00496611,0.0146012,0.0354294,0.00425686,-0.00213392,-0.00608992,38.569,0.0225881,-0.000387762,-0.283217
19.86,0.999729,-0.0161535,-0.0115501,-0.0121942,-0.00331617,0.00115904,-0.00141963,-0.00498543,0.0146595,0.0354311,0.00439869,-0.00176202,-0.00608103,38.9496,-0.0281652,0.00699724,-0.375884
19.88,0.999729,-0.0161279,-0.0115667,-0.012192,0.0022831,0.00212882,0.00143799,-0.00499804,0.0147198,0.0354255,0.00424987,-0.0015888,-0.00615585,41.3445,0.00866836,-0.0088857,-0.205684
19.9,0.999729,-0.0161338,-0.0115565,-0.0122047,0.00253145,-0.0023103,-0.00345097,-0.0050053,0.0147975,0.0354072,0.00399456,-0.00236597,-0.00541951,39.0948,-0.00367331,0.00493322,-0.304646
19.92,0.999729,-0.0161131,-0.0115593,-0.0121997,0.00194534,0.00532766,-0.00201753,-0.00501548,0.014861,0.0354007,0.00360421,-0.00228753,-0.00531092,37.7982,-0.0163605,0.0169723,-0.433797
19.94,0.999729,-0.0161113,-0.0115608,-0.0121879,-0.00610337,0.00621066,0.000567835,-0.00504219,0.0149433,0.0354009,0.00330783,-0.00192294,-0.00530632,41.6092,0.0117348,-0.0188886,-0.419165
19.96,0.999729,-0.0161031,-0.0115553,-0.0121967,-0.00712157,0.00359884,-0.00496118,-0.00506122,0.0150207,0.0353876,0.00423237,-0.001534,-0.00605398,40.3945,-0.00100364,0.00885378,-0.471117
19.98,0.99973,-0.0160873,-0.0115489,-0.0121951,-0.0045657,0.00294994,0.000745292,-0.00508223,0.0151026,0.0353809,0.00396714,-0.00100517,-0.00601535,37.7539,0.010764,0.004559,-0.428116
20,0.99973,-0.0160828,-0.0115341,-0.012203,0.00153656,0.000789725,-0.00121822,-0.00510246,0.015221,0.0353667,0.00369958,-0.00143723,-0.00540965,42.5886,-0.0224431,0.00394434,-0.412329
20.02,0.999729,-0.0160951,-0.0115368,-0.0122058,0.00201021,-0.00130198,-0.00355766,-0.00513732,0.0153666,0.0353759,0.00320218,-0.00118882,-0.00530337,36.838,0.0279325,0.000546047,-0.352743
20.04,0.999729,-0.0161081,-0.0115197,-0.0122184,0.000758737,0.00373314,4.25376e-05,-0.00517278,0.0155041,0.0353755,0.00298116,-0.00119302,-0.00506494,41.5759,0.00733523,-0.00423563,-0.454433
20.06,0.999729,-0.0161073,-0.0115313,-0.0122295,0.000680536,-0.000105439,-0.00489332,-0.00520195,0.0156324,0.03537,0.00314285,-0.0012001,-0.00507572,39.4632,-0.0187935,0.0340109,-0.420733
20.08,0.99973,-0.016084,-0.0115336,-0.0122168,-0.00312726,-0.00279412,0.00809013,-0.00523172,0.0158078,0.0353443,0.00325125,-0.00121746,-0.00581046,41.4313,0.0103196,-0.0125954,-0.356908
20.1,0.99973,-0.0160598,-0.0115401,-0.012233,0.00885189,-0.00641349,0.00378121,-0.00524659,0.0159183,0.0353212,0.00330332,-0.00130193,-0.00573379,39.4683,0.0148078,-0.00782766,-0.410591
20.12,0.99973,-0.0160535,-0.011534,-0.0122393,0.00667706,-0.000780245,-0.00389625,-0.00525656,0.0160222,0.0353192,0.00344942,-0.00135161,-0.00607743,41.8656,0.0116784,0.00856715,-0.363494
20.14,0.99973,-0.0160359,-0.0115415,-0.0122479,0.00973233,-0.00214402,-0.00558575,-0.00526432,0.0161258,0.0353341,0.00336497,-0.000782253,-0.00597713,38.0631,0.00956853,0.000614237,-0.540423
20.16,0.99973,-0.0160226,-0.0115465,-0.0122332,0.00538139,0.00437941,-0.000133661,-0.00527113,0.0162243,0.0353421,0.00335705,-0.00102265,-0.00581532,39.8945,0.00708908,0.00520871,-0.404223
20.18,0.99973,-0.0160003,-0.0115407,-0.0122492,0.000515447,-0.00534995,-0.000514213,-0.00528354,0.01635,0.0353485,0.00330856,-0.000958984,-0.00680865,40.2536,0.00188692,-0.00294726,-0.269083
20.2,0.99973,-0.0160067,-0.0115421,-0.0122374,0.00598093,-0.00429727,0.00757471,-0.00528757,0.0164323,0.0353417,0.00370074,-0.00107253,-0.00670618,39.3918,0.00227207,-0.00724716,-0.348695
20.22,0.99973,-0.0160306,-0.011541,-0.0122384,0.00153599,-0.00831519,0.00674773,-0.00529387,0.0164918,0.0353523,0.00338754,-0.000999916,-0.00678095,38.6938,0.0175065,0.00451818,-0.549621
20.24,0.99973,-0.0160365,-0.0115347,-0.0122472,0.00352461,-0.00506408,-0.000624664,-0.00530756,0.0165376,0.0353793,0.00292282,-0.000801226,-0.00645281,42.0924,0.0123123,0.00984777,-0.578666
20.26,0.99973,-0.0160322,-0.0115399,-0.0122465,-0.00716209,-0.000553756,-0.00299383,-0.00532012,0.0166043,0.0353996,0.00385059,-9.76823e-05,-0.00733357,39.1698,-0.0186039,-0.014075,-0.425395
20.28,0.99973,-0.0160161,-0.0115374,-0.0122523,-0.0027082,-0.00166426,0.000576524,-0.00532218,0.0166508,0.0354049,0.0038224,0.000418961,-0.00712538,40.0154,-0.00921385,0.0141045,-0.449782
20.3,0.999731,-0.0159839,-0.0115446,-0.0122556,0.00816552,-0.00874335,-0.00530038,-0.00531221,0.0166956,0.0353972,0.00357019,-0.000331355,-0.00652805,36.3563,0.00313556,0.0210284,-0.496022
20.32,0.99973,-0.0160131,-0.0115422,-0.0122412,-0.00382124,-0.00142564,0.00634359,-0.00530238,0.016728,0.0353965,0.00334479,-0.000818244,-0.00648193,40.632,-0.000486988,0.00561191,-0.541216
20.34,0.99973,-0.0160265,-0.0115603,-0.0122389,-0.0019934,-0.00114246,0.0118107,-0.00531442,0.0167581,0.0354679,0.00321769,0.000201013,-0.00671873,40.0779,-0.0157631,0.00138395,-0.674134
20.36,0.99973,-0.0160115,-0.0115503,-0.0122489,-0.00903072,0.00203414,0.00567511,-0.00532172,0.016778,0.0355071,0.00340291,0.000119533,-0.00673878,41.0945,0.00455095,-0.0119202,-0.523833
20.38,0.99973,-0.016015,-0.0115614,-0.0122499,-0.00910207,-0.00224892,0.000529334,-0.00532938,0.0168023,0.0355432,0.003489,0.000460427,-0.00667874,39.2762,0.016387,0.0105099,-0.563408
20.4,0.99973,-0.0160058,-0.0115484,-0.012266,0.00341044,-0.0027795,-0.00112721,-0.00532855,0.0168279,0.0355645,0.0034343,0.000305339,-0.0068559,40.0514,0.00725476,0.00620595,-0.41767
20.42,0.99973,-0.0160061,-0.0115567,-0.0122614,0.00224378,-0.00503462,0.00102538,-0.0053321,0.0168385,0.0355956,0.00349409,0.000211068,-0.00639171,40.6979,7.83186e-05,0.00670285,-0.526872
20.44,0.999729,-0.0160286,-0.0115522,-0.0122879,-0.00364873,0.0008988,-0.00211824,-0.00534044,0.0168313,0.0356339,0.00388381,0.000694603,-0.00613202,39.929,-0.00845741,0.0191339,-0.607559
20.46,0.999729,-0.0160306,-0.0115543,-0.0123015,-0.00840412,0.00972295,-0.00900057,-0.00534523,0.0168273,0.0356509,0.00371017,0.00098168,-0.00642328,39.7204,0.010939,0.00225204,-0.597772
20.48,0.999729,-0.0160249,-0.0115725,-0.0122954,-0.00284729,0.00121658,-0.00416348,-0.00534551,0.0168293,0.0356585,0.00392072,0.00142704,-0.00637093,42.5443,-0.00605515,0.00297701,-0.376253
20.5,0.999729,-0.0160067,-0.0115826,-0.0122902,-0.00225804,-0.00248896,-0.00352667,-0.00533852,0.0168356,0.035658,0.00406843,0.00166231,-0.00669379,37.3618,-0.000729085,-0.0131541,-0.74945
20.52,0.999729,-0.0160207,-0.011578,-0.0122882,0.00264131,0.00332265,-0.00469782,-0.00534811,0.016802,0.0356546,0.00397452,0.00190406,-0.0059363,38.2409,-0.0209564,0.00330664,-0.553047
20.54,0.999729,-0.0160329,-0.0115771,-0.0122826,-0.000926917,0.00714948,-0.00583601,-0.00536515,0.0167702,0.0356541,0.00359291,0.002329,-0.00597565,42.8671,-0.00135868,0.00451084,-0.454062
20.56,0.999729,-0.0160199,-0.0115891,-0.0122729,-0.00212156,0.00569083,0.000572087,-0.00538438,0.016745,0.0356481,0.00363905,0.00268373,-0.00615117,40.9271,0.0194313,-0.00432886,-0.599383
20.58,0.999729,-0.0160155,-0.0115963,-0.0122794,-0.00856952,0.00507375,0.00425581,-0.0053977,0.0167312,0.0356409,0.00411933,0.00334338,-0.00629018,40.6095,0.000591529,0.0186638,-0.619403
20.6,0.999729,-0.0160161,-0.0115896,-0.012285,-0.00769013,0.0054097,-0.00148113,-0.00540453,0.0167269,0.035632,0.00442928,0.00341633,-0.0062668,39.2302,0.00322265,0.0240038,-0.530665
20.62,0.999729,-0.0160222,-0.011592,-0.0122844,0.000913851,0.00328616,-0.0042969,-0.00540414,0.0167276,0.0356059,0.00466576,0.00318047,-0.00586424,40.144,-0.0203619,-0.00820458,-0.575275
20.64,0.999729,-0.0160383,-0.0115899,-0.0122843,-0.0020746,-0.000497308,0.00320016,-0.00540707,0.0167281,0.0355832,0.00417863,0.00331912,-0.00621394,37.6516,-0.0319702,0.00599667,-0.483897
20.66,0.999729,-0.0160259,-0.0115937,-0.0122956,0.00495159,0.00400531,-0.00571865,-0.00540942,0.01673,0.0355501,0.00420998,0.00346495,-0.00640653,41.7921,0.00241305,0.0059088,-0.423094
20.68,0.999729,-0.0160121,-0.0115895,-0.0122992,-0.00112812,0.00792682,-0.00480927,-0.00541244,0.0167298,0.0355143,0.00399489,0.00319195,-0.00650745,41.7863,0.00157601,0.0162234,-0.492579
20.7,0.999729,-0.0160176,-0.011583,-0.0122967,-0.000449719,-0.00514482,-0.00176496,-0.00541888,0.0167305,0.0354581,0.00334178,0.00270683,-0.00660801,35.9164,0.0126242,0.0101587,-0.380366
20.72,0.999729,-0.0160286,-0.0115698,-0.0122927,0.0021076,0.00209066,-2.82228e-05,-0.00544066,0.0167361,0.0354246,0.00329428,0.0024742,-0.00632487,41.593,-0.0188966,0.0152108,-0.490682
20.74,0.999729,-0.0160288,-0.0115727,-0.0123091,0.00788211,-0.00110387,0.00138464,-0.00547678,0.0167571,0.0353747,0.00301991,0.00282116,-0.00591847,39.603,-0.0184663,0.00967794,-0.535387
20.76,0.999729,-0.0160141,-0.0115616,-0.0122937,0.00182265,0.00178785,0.00283234,-0.00551993,0.0167764,0.0353331,0.00286863,0.00295362,-0.00589779,39.4692,-0.0151347,-0.00425739,-0.501903
20.78,0.999729,-0.0160028,-0.0115771,-0.0122933,-0.00172951,-0.00224927,0.00443091,-0.0055756,0.016799,0.0352718,0.0033152,0.00286468,-0.0065565,39.9013,-0.0193204,-0.00283518,-0.504941
20.8,0.99973,-0.0159898,-0.0115763,-0.0123,0.0128559,-0.00480061,0.00124639,-0.00561459,0.0168159,0.0352378,0.0028208,0.00304395,-0.00654678,42.7824,0.0073147,7.35604e-05,-0.466486
20.82,0.99973,-0.0159822,-0.0115773,-0.0123064,0.0113615,-0.000982029,-0.00411576,-0.00567605,0.0168277,0.035201,0.0033985,0.00271477,-0.00629909,36.7461,-0.00863244,-0.0277833,-0.448549
20.84,0.99973,-0.0159923,-0.0115829,-0.0122838,0.00742445,-0.00549657,-0.00180975,-0.00572762,0.0168368,0.0351625,0.00308921,0.00255042,-0.00487258,40.4757,0.0199555,-0.00096986,-0.44611
20.86,0.999729,-0.015996,-0.0115831,-0.0123006,-0.00173993,0.00316374,-0.00467544,-0.00575229,0.0168425,0.035147,0.00346014,0.00345586,-0.0051613,38.9673,-0.0257978,-0.0273505,-0.403017
20.88,0.99973,-0.0159624,-0.0115741,-0.0122996,-0.00111758,-0.00494933,-0.000555788,-0.00583754,0.0168885,0.0350754,0.00316198,0.00348707,-0.0055579,39.705,0.0161364,0.0131047,-0.55167
20.9,0.999731,-0.015932,-0.0115555,-0.0122874,0.00240897,-0.00221115,0.00416719,-0.00587592,0.0169159,0.0350348,0.00294877,0.00367344,-0.00561028,42.0495,-0.0155486,-0.0148362,-0.531397
20.92,0.999731,-0.0159503,-0.0115587,-0.0122728,-0.00394837,-0.00105704,0.00646989,-0.00590631,0.0169488,0.0350123,0.00302028,0.00337475,-0.00541493,38.8603,-0.0104429,-0.00417438,-0.593501
20.94,0.999731,-0.0159351,-0.0115605,-0.0122809,0.00828127,-0.0038162,0.00158328,-0.00593491,0.0169805,0.0349837,0.00276661,0.00339548,-0.00548008,40.069,-0.0103741,-0.000957524,-0.580722
20.96,0.999731,-0.0159386,-0.0115629,-0.0122699,-0.00730972,0.00238884,0.00266888,-0.00596951,0.0170334,0.0349379,0.00350175,0.00404448,-0.0049342,39.8022,-0.00790486,0.00232007,-0.472646
20.98,0.999731,-0.0159546,-0.0115664,-0.0122745,-0.0115013,-0.00375557,0.00305433,-0.00598696,0.017071,0.034909,0.0035444,0.00432971,-0.00497052,37.8874,-0.00205915,0.00607061,-0.53646
21,0.999731,-0.0159326,-0.0115643,-0.0122729,0.00594027,-0.00182697,0.00182504,-0.00599447,0.0171175,0.0348799,0.00369268,0.00425162,-0.00556031,39.7547,0.00444402,0.0129542,-0.563637
21.02,0.999731,-0.0159205,-0.0115799,-0.01229,0.0134225,-0.00691952,-0.00155936,-0.00601556,0.0171973,0.034901,0.00363204,0.00379834,-0.00536021,40.4233,-0.00164831,0.0213287,-0.604147
21.04,0.999731,-0.0159143,-0.0115862,-0.0122889,0.00672701,-0.00760169,-0.00121107,-0.0060311,0.017268,0.0349157,0.0036024,0.00346669,-0.00527398,39.7159,-0.0284983,-0.00648272,-0.557706
21.06,0.99973,-0.0159571,-0.0115687,-0.0122905,-0.00680072,0.00808578,-0.000880923,-0.0060423,0.0173742,0.0349223,0.00409719,0.0041313,-0.00475912,43.8807,-0.00313629,-0.0030366,-0.41052
21.08,0.99973,-0.0159564,-0.0115716,-0.0122916,0.00249439,-0.00306485,0.00116291,-0.00604575,0.0174467,0.0349283,0.00423077,0.00424485,-0.00452714,41.115,-0.0227016,-0.00495592,-0.399754
21.1,0.99973,-0.0159902,-0.011575,-0.0122886,-0.0165552,-0.00110338,0.00115819,-0.00603687,0.0175266,0.0349208,0.00399725,0.00418984,-0.00518898,35.215,0.0192707,-0.00898163,-0.272675
21.12,0.99973,-0.0160007,-0.0115717,-0.0122816,-0.00815044,-0.00222843,0.00483065,-0.00602868,0.0176018,0.0349164,0.00433106,0.00411336,-0.00531745,39.586,-0.00383501,0.00120288,-0.418723
21.14,0.99973,-0.0160054,-0.0115465,-0.0122878,0.00139034,0.00408337,-0.00428415,-0.0060252,0.0176675,0.034938,0.00440211,0.00427658,-0.00399984,38.367,0.0116517,0.00378258,-0.24433
21.16,0.999729,-0.0160113,-0.0115641,-0.0122913,-0.00205593,-0.00132905,-0.0022018,-0.00601813,0.0177981,0.0349834,0.00433969,0.00463693,-0.0039038,42.0068,-0.00930235,0.00295876,-0.319097
21.18,0.999729,-0.0160217,-0.011568,-0.0122926,-0.00277342,0.00307051,0.00161607,-0.00601067,0.017927,0.0350225,0.00419637,0.00481401,-0.00396059,42.1965,0.000179418,0.00212137,-0.190502
21.2,0.999729,-0.0160232,-0.0115878,-0.012286,-0.00792584,0.00342406,-0.000450812,-0.00600084,0.0180555,0.0350565,0.00436369,0.00496688,-0.00425537,38.2042,-0.023615,-0.0106127,-0.465012
21.22,0.999729,-0.0160181,-0.011585,-0.0122677,0.00609856,-0.00333321,0.00365535,-0.00597978,0.0182468,0.0351011,0.00391782,0.0049856,-0.00376687,40.9469,0.0180524,0.00046914,-0.386491
21.24,0.999729,-0.0160356,-0.0115904,-0.0122647,-0.000938479,-0.00330066,0.00572785,-0.00595414,0.0185163,0.0351794,0.00404945,0.00501855,-0.00393289,37.0938,0.00108255,0.00397089,-0.390268
21.26,0.999729,-0.0160216,-0.0116112,-0.0122712,0.0018455,-0.00502032,0.00515197,-0.00593314,0.0187253,0.0352282,0.00406392,0.0051368,-0.00518256,42.1699,-0.00794472,-0.0024315,-0.341246
21.28,0.999729,-0.0160369,-0.0116002,-0.0122635,-0.00661042,0.0069299,0.00285326,-0.00592262,0.018795,0.0352379,0.00419162,0.00533759,-0.00437131,38.4531,0.0149995,-0.00538223,-0.419713
21.3,0.99973,-0.0159775,-0.0115875,-0.0122691,0.0140116,0.000196321,-0.0051112,-0.0058923,0.0189987,0.0352655,0.00368593,0.00532081,-0.00515481,38.8237,0.0203393,0.021818,-0.243063
21.32,0.99973,-0.015963,-0.0115962,-0.012265,0.00649368,-0.00266605,0.00169826,-0.00586241,0.0191384,0.0352946,0.00382319,0.00495565,-0.00425394,42.44,0.00343228,0.00899275,-0.556625
21.34,0.99973,-0.0159787,-0.0115727,-0.0122701,0.0109854,0.00472993,-0.00308577,-0.00583746,0.0192613,0.0353224,0.00369826,0.00517106,-0.00438352,41.2246,-0.00120224,0.00351046,-0.286841
21.36,0.99973,-0.0159917,-0.0115931,-0.0122637,-0.00645291,-0.00514225,0.000524517,-0.00582591,0.0193225,0.0353314,0.00409182,0.00541239,-0.00595711,40.9279,0.00397694,-0.0198596,-0.151403
21.38,0.999729,-0.0160425,-0.0115809,-0.0122755,-0.00464797,-0.00111046,-0.00243643,-0.00576671,0.019575,0.0353489,0.00410794,0.00553732,-0.00582104,37.6988,0.00688851,0.017163,-0.272563
21.4,0.999729,-0.0160277,-0.0115841,-0.0122846,0.00719112,-0.00540529,-0.00694026,-0.00573434,0.019697,0.0353507,0.00417081,0.00591325,-0.0059666,38.5701,0.0135663,-0.0124643,-0.385004
21.42,0.999729,-0.0160389,-0.0115686,-0.0122779,-0.00271744,-0.00186747,0.00108367,-0.00571777,0.0197935,0.035406,0.00437023,0.00543173,-0.00606284,38.2722,0.00378584,0.0206917,-0.462932
21.44,0.999729,-0.0160406,-0.0115745,-0.0122954,0.0042283,-0.00242233,-0.00223935,-0.00568247,0.0198911,0.0354383,0.00446805,0.00505899,-0.00511461,41.317,0.0100955,-0.00569548,-0.454012
21.46,0.999729,-0.016043,-0.0115746,-0.0122927,0.000560613,0.00139176,-0.00824907,-0.00566914,0.0199334,0.0354563,0.00489852,0.00557223,-0.00611503,39.3202,-0.024341,-0.000340822,-0.195231
21.48,0.999729,-0.0160117,-0.011582,-0.0123072,0.00173177,-0.00621196,-0.00756367,-0.0056083,0.0201218,0.0355184,0.00479897,0.00599464,-0.00613013,39.5954,-0.023017,-0.00617579,-0.454832
21.5,0.999729,-0.0160006,-0.0115763,-0.0123322,0.00342959,0.0057544,0.00183575,-0.00556526,0.020228,0.0355413,0.0050474,0.00708462,-0.00583648,39.1412,0.0157746,-0.00789939,-0.288131
21.52,0.99973,-0.0159945,-0.0115884,-0.0122163,0.00477993,-0.00906255,0.00330306,-0.00554108,0.0203451,0.0355706,0.00513109,0.00795558,-0.00618495,42.1554,-0.011586,0.0165102,-0.127988
21.54,0.99973,-0.0159763,-0.0115532,-0.0122902,-0.00851245,0.0141259,-0.0149161,-0.00549818,0.0205365,0.0355887,0.00496674,0.008368,-0.00588533,37.758,0.00364455,0.0059085,-0.300594
21.56,0.999729,-0.0159569,-0.0115511,-0.0123816,-0.0054879,0.00681462,-0.00140268,-0.00546818,0.020673,0.0355983,0.00601602,0.00945261,-0.00582723,40.5302,0.00851461,-0.0102655,-0.421928
21.58,0.999729,-0.015982,-0.0115463,-0.0123784,0.00194427,0.000900924,0.000860495,-0.00544276,0.0207489,0.0356014,0.0057878,0.00989722,-0.00487292,42.325,-0.0125672,0.000702476,-0.267728
21.6,0.99973,-0.0159899,-0.0115594,-0.0122432,-0.000937851,0.00690826,0.00551233,-0.00534593,0.0210125,0.0355955,0.00691105,0.0122383,-0.00651999,40.5124,0.0180792,-0.0061581,-0.255681
21.62,0.99973,-0.0160032,-0.0115389,-0.0122429,-0.000873568,0.00406621,0.00323162,-0.00531369,0.0211042,0.0355969,0.00695151,0.0122426,-0.00464008,38.4937,-0.00807841,-0.00450081,-0.329322
21.64,0.999729,-0.0159913,-0.0115455,-0.0123639,-0.000260307,0.00329834,-0.00505352,-0.00523602,0.0215697,0.0356578,0.00845856,0.0160688,-0.00497718,40.9291,-0.00849053,-0.00770154,-0.199607
21.66,0.99973,-0.0159915,-0.0115492,-0.0122911,0.000471468,-0.000818459,0.0112206,-0.00515248,0.0218795,0.0356705,0.0102575,0.0177454,-0.00560461,39.9179,-0.0111267,-0.0172509,-0.44837
21.68,0.99973,-0.0159983,-0.0115674,-0.0122536,-0.00296688,0.00255709,0.00207644,-0.00505595,0.0221843,0.0356818,0.0109076,0.0192471,-0.00581863,38.7137,-0.00243004,0.0173189,-0.346794
21.7,0.999729,-0.0160097,-0.0115648,-0.0123286,-0.0131747,-0.000384818,-0.005801,-0.00494659,0.0225201,0.0356868,0.0109716,0.0211857,-0.00602248,39.7319,-0.00963365,0.0118742,-0.337463
21.72,0.999729,-0.0160007,-0.0115346,-0.0123535,0.00726316,0.0045461,0.00165004,-0.00488757,0.0227038,0.0356883,0.0108016,0.0225712,-0.00459625,38.1991,-0.00833901,0.00265174,-0.241971
21.74,0.99973,-0.0160361,-0.0115318,-0.0122631,-0.000748138,0.00648703,0.0048713,-0.00461725,0.023488,0.0356963,0.0121278,0.024278,-0.00417692,42.1142,-0.0180146,0.0069694,-0.200894
21.76,0.999729,-0.0160346,-0.0115393,-0.0122865,0.000771232,0.00286772,-0.00599528,-0.00454026,0.0236905,0.0356945,0.0128748,0.0248548,-0.00621776,36.8541,-0.0247561,0.0144886,-0.414515
21.78,0.999729,-0.0160406,-0.0115297,-0.0123221,-0.00336292,0.00328089,-0.000294668,-0.0042556,0.0243909,0.0356607,0.0151882,0.0273556,-0.00586223,40.5755,-0.0103668,-0.0108087,-0.227889
21.8,0.999729,-0.0160508,-0.011534,-0.0123152,0.00758355,-0.00430195,0.00310926,-0.00415217,0.0246239,0.0356538,0.0150253,0.0277306,-0.00484999,42.2107,-0.00645453,-0.0116903,-0.288982
21.82,0.999729,-0.0160504,-0.0115186,-0.0123368,0.00353109,-0.000163382,0.00206359,-0.00375948,0.0255983,0.0356343,0.0158786,0.0311437,-0.00493905,35.4666,-0.0209522,0.015118,-0.419893
21.84,0.999728,-0.0161062,-0.0115464,-0.0122883,-0.00432365,-0.00190432,0.00978017,-0.00354568,0.0261132,0.0356326,0.0170162,0.0320899,-0.00522482,42.0927,-0.0107285,0.00294814,-0.28541
21.86,0.999727,-0.0161155,-0.0115457,-0.0123286,-0.00392669,0.000775883,-0.00776525,-0.00331747,0.026652,0.0356286,0.0171163,0.0336879,-0.00460507,40.6166,-0.014422,0.00586944,-0.162458
21.88,0.999727,-0.0161292,-0.011521,-0.0123477,-0.0135872,0.00936298,0.00557724,-0.00304844,0.0272813,0.0356194,0.0189785,0.0371363,-0.00576022,41.7678,0.00807804,0.0052032,-0.316738
21.9,0.999727,-0.016129,-0.0115474,-0.0123177,-0.00860918,-0.00280101,0.00222832,-0.00278642,0.0278941,0.0356056,0.0196308,0.038996,-0.00557102,38.7151,-0.0336719,-0.00938769,-0.400252
21.92,0.999727,-0.0161397,-0.0115319,-0.0123302,-0.00795801,0.00706139,-0.0019623,-0.00251687,0.0285227,0.0355897,0.0203983,0.0404543,-0.0064408,37.7553,-0.00952677,0.0146366,-0.315493
21.94,0.999728,-0.0161285,-0.011524,-0.0123271,-0.00306154,-0.00106793,0.00619751,-0.00223584,0.0291786,0.0355725,0.021607,0.0423819,-0.00625961,40.2489,-0.0258806,0.0189597,-0.112231
21.96,0.999727,-0.016163,-0.0114935,-0.0123599,0.000143693,0.0101284,-0.00732799,-0.00178613,0.0301927,0.0355429,0.0211246,0.043037,-0.00535475,38.1267,-0.0342653,0.0215654,-0.101939
21.98,0.999727,-0.0161346,-0.0115076,-0.012373,0.000488283,-0.00646074,-0.0018158,-0.00163039,0.0305442,0.0355286,0.0232806,0.0447181,-0.00618157,42.9869,-0.0323626,0.0101546,-0.315248
22,0.999727,-0.0161779,-0.0115139,-0.0123375,0.00444356,-0.00661545,-0.00711728,-0.000899995,0.0321217,0.0354726,0.0238168,0.0466635,-0.00349679,37.4185,-0.0310671,0.0161146,-0.229568
22.02,0.999726,-0.0162055,-0.0114951,-0.0123507,-0.0133909,0.00670219,-0.00452486,-0.000746294,0.0324738,0.0354899,0.0241355,0.0480668,-0.00460041,40.3386,-0.0208757,0.0168614,-0.281031
22.04,0.999726,-0.0162002,-0.0115051,-0.0123425,0.010046,-0.0112939,0.00468947,-0.000319132,0.0334689,0.0355651,0.0238919,0.048916,-0.00257903,39.0127,-0.0212749,0.00977499,-0.306063
22.06,0.999726,-0.0162292,-0.0115085,-0.012344,-0.0099794,0.000919295,-0.00280813,-0.000172815,0.0338087,0.0355895,0.0253257,0.0499521,-0.00438472,41.9214,-0.0352822,-0.000438669,-0.178451
22.08,0.999726,-0.0162254,-0.0114844,-0.0123471,-0.00165344,-0.010005,0.00711905,0.000297313,0.0348865,0.0356495,0.0252254,0.0520309,-0.00261005,41.5992,-0.020162,-0.00295902,-0.150484
22.1,0.999726,-0.0162338,-0.0114923,-0.0123183,0.0109376,0.0051802,-0.00527509,0.000801872,0.0360213,0.0357082,0.0260227,0.0529442,-0.00379784,37.4742,-0.0490897,-0.0156074,-0.203363
22.12,0.999727,-0.0162252,-0.0114593,-0.0123469,-0.00226675,-0.00861642,-0.00224525,0.0011108,0.0367139,0.0357597,0.0276527,0.056189,-0.0043431,40.0496,-0.0114066,0.000591486,-0.212546
22.14,0.999726,-0.016243,-0.0114876,-0.0123389,0.00516635,-0.00108454,0.00114325,0.0014897,0.0375281,0.035801,0.0276591,0.0564165,-0.00261074,38.1482,-0.0355416,0.004075,-0.291045
22.16,0.999727,-0.0162403,-0.0114482,-0.012334,-0.00693089,0.0094513,-0.00156828,0.00204027,0.0386745,0.0358505,0.0305031,0.0587595,-0.00384094,37.2873,-0.0313237,0.0336216,-0.340251
22.18,0.999726,-0.0162451,-0.0115052,-0.0123492,-0.000566543,-0.00617554,-0.0126874,0.0024376,0.039473,0.0358817,0.0307415,0.0596215,-0.00424322,44.9435,-0.0288345,-0.00409061,-0.290602
22.2,0.999726,-0.0162324,-0.0114831,-0.0123607,0.0100137,0.00174629,-0.0049773,0.00264454,0.0398848,0.0358939,0.0306308,0.0600188,-0.00296479,40.965,-0.0129463,0.00183735,-0.259452
22.22,0.999726,-0.0162485,-0.011459,-0.0123895,-0.00281746,-0.00725403,0.00413806,0.0032197,0.0410543,0.0359872,0.0325009,0.0624865,-0.00408293,39.5402,-0.0159384,0.00199944,-0.310727
22.24,0.999725,-0.016273,-0.0114903,-0.0123807,0.00983865,-0.00415319,0.00241882,0.00360383,0.041829,0.0360679,0.0324761,0.0627146,-0.00347063,37.1629,-0.0204853,0.00843739,-0.330751
22.26,0.999726,-0.0162699,-0.0114278,-0.012397,0.00494685,0.00696448,-0.000926248,0.00396677,0.042549,0.036138,0.0332971,0.0644093,-0.00366129,40.8775,-0.0252419,0.00528903,-0.246459
22.28,0.999725,-0.0163083,-0.0114557,-0.0123766,-0.00505336,0.0116335,-0.00224458,0.00453836,0.0436803,0.036241,0.0342136,0.0650164,-0.00357608,39.54,-0.0406321,0.0117498,-0.379184
22.3,0.999725,-0.0162936,-0.0114358,-0.0123947,0.00666513,0.00388529,-0.00161518,0.00473874,0.0440653,0.0362727,0.033746,0.0649986,-0.00340161,37.436,-0.0496171,0.00178908,-0.338748
22.32,0.999725,-0.0163019,-0.0114102,-0.0124104,0.000847455,-0.00924112,-0.00318278,0.00530361,0.0451653,0.0364096,0.0357262,0.067435,-0.00304544,40.4081,-0.0191575,0.0251417,-0.0935455
22.34,0.999725,-0.0163069,-0.0113771,-0.0123991,0.00404766,-0.00565978,-0.000252975,0.00568566,0.045898,0.0365251,0.0356013,0.0678687,-0.00426349,42.5063,-0.0332629,0.0199549,-0.227442
22.36,0.999726,-0.0163216,-0.011291,-0.0124167,-0.00865818,0.00108521,-0.00415842,0.00635449,0.0471761,0.0366697,0.0369009,0.0698633,-0.00202508,41.8054,-0.0376211,0.00650567,-0.426748
22.38,0.999727,-0.0162925,-0.0112685,-0.0123953,0.000549662,0.00254601,-0.00442066,0.00680029,0.0480036,0.0367679,0.0388439,0.0713068,-0.00271666,40.9806,-0.0431292,-0.000276522,-0.364508
22.4,0.999728,-0.0162598,-0.0112227,-0.0124085,-0.00147294,-0.0131804,0.00119983,0.00727576,0.0488689,0.0368521,0.0389878,0.0726632,-0.00272373,37.5606,-0.0451928,-0.00313324,-0.391699
22.42,0.999728,-0.016282,-0.0112137,-0.0124043,0.00106532,-0.0014342,0.00447727,0.0075201,0.049319,0.0368987,0.0386458,0.0731216,-0.0018098,38.6908,-0.0215299,-0.0157438,-0.335921
22.44,0.999728,-0.0163227,-0.0111706,-0.0123769,-0.0106824,0.0112752,-0.0133578,0.00812499,0.0504131,0.0370992,0.0396802,0.0745062,-0.00275779,40.3373,-0.0202938,0.0114749,-0.288012
22.46,0.999728,-0.0163267,-0.0111555,-0.012353,-0.00464946,-0.00570393,0.00976384,0.00877053,0.0515847,0.0372829,0.0408188,0.0764344,-0.000917439,39.4817,-0.0127702,0.00157468,-0.208867
22.48,0.999727,-0.0163783,-0.0111278,-0.0123838,-0.0111274,0.000878127,-0.00846446,0.00918066,0.0523326,0.0374065,0.0413293,0.0768737,-0.00219714,40.0552,-0.0326489,0.0199968,-0.042922
22.5,0.999728,-0.0163719,-0.0111121,-0.0123625,0.00865111,0.0100938,0.0114179,0.00939303,0.052722,0.037466,0.0404052,0.0768785,-0.00134797,39.9815,-0.0323111,0.00132255,-0.289847
22.52,0.999727,-0.0164228,-0.011078,-0.0123666,-0.00104105,0.0098395,-0.00331928,0.0102655,0.0542568,0.0376923,0.042626,0.0788286,-0.00151888,40.7264,-0.0364605,0.0187188,-0.21193
22.54,0.999729,-0.016353,-0.011058,-0.0123406,0.0106397,-0.00676166,-0.00372635,0.0107002,0.0549148,0.0377813,0.0422547,0.078815,-0.00150234,38.15,-0.0232985,0.0219847,-0.236685
22.56,0.999727,-0.0164691,-0.0110408,-0.0123442,-0.0163111,0.00760658,-0.00488879,0.0111471,0.0556419,0.0378824,0.0439844,0.0806858,-0.00178497,41.0276,-0.0326597,-0.00453228,-0.455714
22.58,0.999729,-0.0164056,-0.0110266,-0.0123357,0.0133931,-0.00196378,-0.00306415,0.0116998,0.0565232,0.0379462,0.0446221,0.083549,-0.00159689,39.6758,-0.0417318,0.0148625,-0.268922
22.6,0.999728,-0.0164239,-0.0110097,-0.0123531,-0.00581025,0.0122947,-0.010524,0.0121998,0.0573407,0.0380226,0.0449055,0.0836987,-0.000637764,37.7482,-0.0576722,0.00745384,-0.100942
22.62,0.999728,-0.0164691,-0.0110034,-0.0123012,0.001282,0.0107364,0.0114954,0.0127217,0.0582013,0.0380914,0.0448508,0.0846829,-0.00356662,39.2382,-0.0288793,-0.0044889,-0.310705
22.64,0.999729,-0.0164322,-0.0109789,-0.0123073,-0.0100765,0.0054998,0.00588886,0.0131539,0.0588248,0.0381419,0.04647,0.0862226,-0.00156293,39.4743,-0.0489455,0.0290744,-0.376466
22.66,0.999728,-0.0164592,-0.0109751,-0.0123395,0.014035,0.00353137,-0.0115085,0.0137336,0.0596328,0.0381907,0.046851,0.0835722,-0.00425759,40.2755,-0.0248906,0.0133774,-0.372516
22.68,0.999729,-0.0164513,-0.0109671,-0.0122948,-0.00629183,-0.00924122,0.0146438,0.0139517,0.0599246,0.0381861,0.0471465,0.0890776,-0.00613821,40.5293,-0.0428647,0.0283763,-0.257292
22.7,0.999728,-0.0165319,-0.0109393,-0.0122882,0.000177684,0.0232653,0.0033382,0.0146769,0.0610322,0.0382187,0.0470213,0.089135,-0.00508963,40.7575,-0.0551034,0.0128843,-0.379927
22.72,0.999729,-0.0165277,-0.0109124,-0.0122601,0.0052962,-0.0139532,0.00208923,0.0153511,0.0620342,0.0381859,0.049753,0.0892022,-0.004791,42.3753,-0.0349189,-0.00510674,-0.407528
22.74,0.999729,-0.0165639,-0.0108783,-0.0122524,0.00376321,-0.0115715,0.00404416,0.0157501,0.0626317,0.0381446,0.0496244,0.089056,-0.00463468,37.4464,-0.0564435,0.0294976,-0.290956
22.76,0.999729,-0.0165806,-0.0108458,-0.0122579,0.000369337,0.0108709,0.000765326,0.0161943,0.0632876,0.0380954,0.0486584,0.090654,-0.00533013,41.112,-0.0475281,-0.0117466,-0.323833
22.78,0.999727,-0.0166332,-0.0108678,-0.0122543,0.00464376,0.00369228,-0.00862485,0.0166628,0.0640109,0.0380356,0.0499574,0.0914293,-0.00524807,40.6373,-0.0452628,0.0177719,-0.266751
22.8,0.999728,-0.0166198,-0.010816,-0.0122444,0.00323557,0.00621989,-0.0107128,0.0174205,0.065246,0.0379474,0.0514078,0.0946547,-0.00467059,41.7211,-0.0527396,0.00832448,-0.180632
22.82,0.999729,-0.0166559,-0.0108034,-0.0121989,0.00524508,-0.00447847,0.00114676,0.0178236,0.0659169,0.0378859,0.0520372,0.0933382,-0.00402342,40.0672,-0.0499422,0.0146279,-0.388923
22.84,0.999728,-0.0166733,-0.0107778,-0.0122479,0.00528165,-0.0190187,0.00510937,0.0182688,0.0666451,0.0378142,0.0510253,0.0960683,-0.00587223,38.9264,-0.036633,0.0434082,-0.102974
22.86,0.999728,-0.0166941,-0.0107175,-0.0122354,-0.00031681,0.0268174,-0.00169064,0.0184516,0.0669392,0.0377769,0.0518508,0.093659,-0.00482812,40.4197,-0.0475223,-0.0101837,-0.303921
22.88,0.999726,-0.0167868,-0.0108021,-0.0122032,-0.00339697,-0.0194778,-0.00526427,0.0192841,0.0682801,0.0376581,0.0558422,0.0965582,-0.00474105,39.9989,-0.0322229,0.0164515,-0.169626
22.9,0.999727,-0.0167651,-0.0107673,-0.0122106,-0.00100867,-0.0434902,0.00281451,0.0198275,0.0691779,0.0376043,0.0559277,0.0988476,-0.00443316,39.1446,-0.0582652,0.0346866,-0.206289
22.92,0.999728,-0.0167868,-0.0106438,-0.0122052,-0.00442919,-0.020838,0.00349212,0.0202029,0.0698397,0.0375281,0.0574772,0.0999149,-0.0067457,41.3751,-0.0449928,0.00934314,-0.121737
22.94,0.999729,-0.0167741,-0.0105859,-0.0121905,-0.00543207,0.00426612,0.00644903,0.0205859,0.0705303,0.0374499,0.0551194,0.0978208,-0.00660574,38.2281,-0.0471979,0.0185738,-0.0521231
22.96,0.999726,-0.0168188,-0.0107673,-0.0122134,0.00863214,-0.0596284,-0.0125321,0.0212633,0.0716744,0.0373072,0.0589097,0.100537,-0.00515319,43.8939,-0.050115,0.0330768,-0.212827
22.98,0.999726,-0.0168679,-0.0107236,-0.0121803,-0.00601384,-0.117531,0.000404091,0.0217288,0.0725063,0.0372067,0.0585974,0.101168,-0.0080962,36.6757,-0.0564286,-0.000390584,-0.219503
23,0.999728,-0.0168555,-0.0105707,-0.0122042,0.0103936,0.0386597,-0.000666626,0.0219666,0.0729324,0.0371552,0.0555707,0.0982579,-0.00699348,41.4842,-0.0812277,0.0224413,-0.31536
23.02,0.999729,-0.0168801,-0.0104818,-0.0121332,0.00395282,-0.0083655,0.0118523,0.022681,0.0741775,0.0369882,0.0587784,0.0979003,-0.0070534,39.1938,-0.0400778,0.012412,-0.0744609
23.04,0.999727,-0.0169209,-0.0105864,-0.0121448,0.00334679,-0.0396248,-0.00203409,0.022891,0.0745221,0.036921,0.0523613,0.100096,-0.00639423,39.4127,-0.0499105,0.0259565,-0.124789
23.06,0.999728,-0.0169371,-0.0104211,-0.0121549,-0.0163632,0.0535731,0.000490211,0.0236999,0.0758651,0.0366944,0.0571924,0.102682,-0.0040748,40.3435,-0.0478941,0.0123957,-0.182814
23.08,0.999729,-0.0169074,-0.01043,-0.0121035,0.014883,0.0525057,0.0175785,0.0241123,0.0765234,0.0365693,0.0573247,0.10302,-0.00616349,39.1645,-0.0598413,0.0563093,-0.168319
23.1,0.999728,-0.0169659,-0.010461,-0.0120884,-0.0115463,0.0487362,0.0147867,0.0245533,0.0772441,0.0364343,0.0576524,0.102881,-0.00690677,40.3588,-0.0552237,0.0116766,-0.165938
23.12,0.999728,-0.0169695,-0.0104464,-0.0121201,-0.0069943,-0.059667,-0.0166889,0.0247766,0.0776245,0.0363769,0.0624533,0.10141,-0.00866286,41.8287,-0.0458054,0.0255713,-0.277614
23.14,0.999729,-0.0170033,-0.0103016,-0.0121023,0.00176754,0.0413091,-0.00890313,0.025466,0.078886,0.0361897,0.0564387,0.104099,-0.00774274,39.5975,-0.0626483,0.0232495,-0.0874766
23.16,0.999729,-0.0170399,-0.0103377,-0.0120616,-0.00735378,0.0220428,-0.0082352,0.0258384,0.0796182,0.0360643,0.0547911,0.109154,-0.0101989,37.4625,-0.0669426,0.00700313,-0.238246
23.18,0.999729,-0.0170647,-0.0102952,-0.0120495,-0.0106918,0.0164509,0.000551969,0.0261415,0.0803917,0.0359164,0.0544966,0.108103,-0.0102942,43.6255,-0.0425999,0.0199555,-0.118679
23.2,0.999729,-0.0170959,-0.0102778,-0.0120399,-0.0130375,-0.0146102,0.00568405,0.0264908,0.0812033,0.0357785,0.0554787,0.105271,-0.0110478,38.8744,-0.049696,0.051522,0.0585704
23.22,0.999728,-0.0170903,-0.0103037,-0.0120384,-0.0167258,-0.077988,-0.0133275,0.0267603,0.0818656,0.0356558,0.059363,0.104255,-0.0107482,39.603,-0.0519772,0.00581349,-0.294899
23.24,0.99973,-0.0170853,-0.0101644,-0.0120564,-0.000861697,0.0507992,-0.00133594,0.0270883,0.0827123,0.035529,0.0522755,0.10754,-0.00838115,41.3348,-0.0615517,0.0278543,-0.0868842
23.26,0.999728,-0.0171194,-0.0102727,-0.0120651,-0.0277696,-0.0462126,-0.00469372,0.0272273,0.083023,0.035485,0.0562569,0.109086,-0.0109524,37.2696,-0.0473278,0.0136571,-0.292772
23.28,0.99973,-0.0171012,-0.0101938,-0.0120061,0.0119753,-0.0315087,-0.0010676,0.0277485,0.0842376,0.035332,0.0554677,0.108358,-0.0105017,40.4996,-0.0485291,0.0225972,-0.123225
23.3,0.99973,-0.0170841,-0.0102072,-0.0120111,0.0162926,-0.0109098,-0.0238055,0.028247,0.0854333,0.0351924,0.0540509,0.104415,-0.00861399,39.3344,-0.0446167,0.0169089,-0.153355
23.32,0.99973,-0.0170807,-0.0101639,-0.0120039,-0.00538153,0.0143778,0.0034439,0.0283663,0.0858648,0.035101,0.0523007,0.110958,-0.00840813,40.0811,-0.0468931,0.0363734,-0.172862
23.34,0.99973,-0.017122,-0.0101584,-0.011964,-0.00760331,-0.0376567,-0.00393247,0.0284536,0.0861018,0.035057,0.0582621,0.10658,-0.00911872,39.0587,-0.0492224,0.0132273,-0.29798
23.36,0.999731,-0.0171394,-0.0101358,-0.0119168,0.0095607,-0.0833043,-0.00379064,0.0287551,0.0869389,0.034938,0.0592696,0.10574,-0.00922678,39.9857,-0.063402,0.0317543,-0.229653
23.38,0.999733,-0.0171242,-0.00994729,-0.0119012,0.000404374,0.0834075,0.0114713,0.0288684,0.0872589,0.0348757,0.0523411,0.113489,-0.00814411,41.7758,-0.0589764,0.0136326,-0.351503
23.4,0.999731,-0.0171767,-0.0100037,-0.0119295,-0.0172707,-0.0323989,0.00111943,0.0291959,0.0880714,0.0347345,0.0582555,0.103694,-0.0135057,40.5436,-0.0145889,0.0222909,-0.337842
23.42,0.999732,-0.0172823,-0.009778,-0.011913,0.000165187,0.0585571,0.00896327,0.0295428,0.0890562,0.0344751,0.0563082,0.112773,-0.0107654,41.9881,-0.041573,0.00470061,-0.214836
23.44,0.999731,-0.0173476,-0.0098209,-0.0118802,-0.0252275,-0.00388253,-0.00303427,0.0296054,0.089213,0.0343966,0.0534797,0.112517,-0.00700149,39.1834,-0.0578166,-0.00788638,-0.329706
23.46,0.999731,-0.0173419,-0.00976193,-0.0118922,0.00457638,0.0119128,-0.00683439,0.0298313,0.0897999,0.0342175,0.0560605,0.110628,-0.00800752,39.15,-0.0467439,-0.000685272,-0.157656
23.48,0.999731,-0.0173677,-0.00976376,-0.0118904,0.00205409,0.0303132,0.0155353,0.0299402,0.0900359,0.0341493,0.0549992,0.106792,-0.00768285,35.8918,-0.0589608,0.0287803,-0.160832
23.5,0.999734,-0.0172991,-0.00968308,-0.0117562,0.0537344,0.0333313,0.0161678,0.0304021,0.0910247,0.0339341,0.0562323,0.110055,-0.0101051,40.2186,-0.0596534,-0.0090698,-0.352555
23.52,0.999734,-0.0172673,-0.00972806,-0.0117726,-0.00153163,-0.0184883,-0.00261616,0.0304163,0.0913182,0.0336632,0.058519,0.110673,-0.0128312,41.8076,-0.051516,0.00774187,-0.370183
23.54,0.999736,-0.0172915,-0.00956922,-0.0117278,-0.017138,0.0796514,0.0103002,0.0304726,0.0916187,0.0334859,0.0527282,0.114667,-0.00900973,38.3112,-0.0661623,0.00753657,-0.148508
23.56,0.999735,-0.0172992,-0.00968423,-0.0117129,-0.000628043,-0.0260727,-0.00339359,0.0305342,0.0917841,0.0333906,0.0490288,0.115171,-0.00692382,42.5765,-0.0599943,0.0236413,-0.0485238
23.58,0.999736,-0.0172286,-0.00967245,-0.0116895,-0.00368598,-0.0276869,0.00206973,0.030937,0.0928139,0.0329807,0.050729,0.116194,-0.00930404,38.048,-0.0603177,0.0172957,-0.129006
23.6,0.999737,-0.0173443,-0.00956186,-0.0115924,-0.025447,0.00903049,0.0271942,0.0311678,0.0933624,0.0327847,0.0600648,0.106939,-0.0118071,41.9427,-0.0586802,0.0241251,-0.256057
23.62,0.999737,-0.0172521,-0.00958819,-0.0116749,-0.00159704,-0.00299585,-0.0175436,0.0311456,0.0934,0.0325821,0.0553139,0.111362,-0.00885027,39.7743,-0.058354,0.00527438,-0.139986
23.64,0.999737,-0.0173241,-0.00951797,-0.0116232,0.0119871,0.0117131,0.0348288,0.0311538,0.093551,0.0323966,0.0535066,0.104565,-0.00993427,40.3851,-0.0347579,0.0206102,-0.258019
23.66,0.999738,-0.0172821,-0.00947431,-0.0116141,0.00140942,-0.0145117,-0.0079386,0.0312133,0.0937445,0.032171,0.052657,0.114872,-0.0111563,40.3244,-0.0605772,0.0258451,-0.314729
23.68,0.999738,-0.017379,-0.0093802,-0.0115972,-0.0137119,-0.0114192,0.0044121,0.031321,0.0942376,0.0318184,0.0510061,0.10359,-0.0139411,40.2996,-0.0439255,0.0331795,-0.25983
23.7,0.999739,-0.0173506,-0.00928887,-0.0116028,0.00232765,0.0344422,0.0099698,0.0313781,0.0944177,0.0317023,0.0514636,0.10969,-0.0136825,39.6628,-0.0430348,0.00512593,-0.332132
23.72,0.99974,-0.0173452,-0.00920184,-0.0115473,0.000440188,-0.0695325,-0.0126877,0.0314997,0.0947112,0.0312775,0.0591666,0.111466,-0.0140626,38.7394,-0.0756276,0.0232888,-0.206598
23.74,0.999741,-0.0173238,-0.00921474,-0.0115416,0.0330569,-0.0653247,-0.00191395,0.0314598,0.0947092,0.03114,0.054743,0.107407,-0.0176144,40.3992,-0.064758,0.0369847,-0.158134
23.76,0.999744,-0.0173607,-0.00906843,-0.0112999,-0.0112276,-0.0571527,0.00528576,0.0315564,0.0949914,0.030514,0.0576658,0.112897,-0.0197904,38.9133,-0.0645524,-0.0199667,-0.307142
23.78,0.999744,-0.0173467,-0.00911676,-0.0113497,-0.0136447,-0.0826068,-0.0263117,0.031576,0.0951236,0.0303095,0.056648,0.115428,-0.0207633,40.9936,-0.0665113,-0.00893512,-0.428928
23.8,0.999746,-0.0173544,-0.00890639,-0.0113055,0.00879329,0.0645988,0.018089,0.0317452,0.0957454,0.0297269,0.055519,0.110531,-0.0219733,38.6937,-0.0608066,0.0156428,-0.234317
23.82,0.99975,-0.0172103,-0.00893271,-0.0111613,0.00426918,0.0131016,0.0228636,0.031824,0.0961807,0.0292516,0.0511015,0.112588,-0.0240855,40.6398,-0.0713739,0.00661103,-0.212887
23.84,0.999754,-0.0169782,-0.00889197,-0.0111569,0.0569438,-0.0407459,-0.00347494,0.0316645,0.0963953,0.0285338,0.0574299,0.121931,-0.0298591,37.7479,-0.0492274,0.00641231,-0.216037
23.86,0.999762,-0.0167351,-0.00858856,-0.0110245,0.0322895,-0.0243606,0.0177699,0.031631,0.0966747,0.0279569,0.0572079,0.123651,-0.0323117,40.1991,-0.0232513,0.0307879,-0.155088
23.88,0.999766,-0.016709,-0.00845223,-0.0108637,-0.00100638,-0.0187036,0.0270537,0.031629,0.0968518,0.0276424,0.0559095,0.126786,-0.0362872,39.2568,-0.0760441,0.0196393,-0.255935
23.9,0.999778,-0.0166631,-0.00777134,-0.0102576,0.0297572,0.0507422,0.0441247,0.0316149,0.0976648,0.0266427,0.051693,0.12844,-0.0383596,38.3501,-0.0752563,0.0120776,-0.163831
23.92,0.999785,-0.0165878,-0.00744317,-0.00997347,0.0166141,0.0571978,0.0526544,0.0314632,0.0977064,0.026284,0.0500371,0.129439,-0.0430706,41.0232,-0.0778035,0.00634388,-0.408123
23.94,0.999801,-0.0173497,-0.00592193,-0.00781698,-0.0774267,0.0585392,0.166757,0.0310137,0.0986419,0.0246559,0.0458792,0.13987,-0.0447247,40.288,-0.0739453,0.0365349,-0.334276
23.96,0.999801,-0.0178492,-0.00556847,-0.00699895,-0.121774,0.0205045,0.194298,0.030937,0.0989535,0.0242469,0.0501055,0.142274,-0.0468663,38.0367,-0.0691826,0.0152494,-0.202278
23.98,0.99979,-0.0195474,-0.00468033,-0.00394143,-0.103382,0.0277416,0.257984,0.0308338,0.100074,0.0228608,0.0499207,0.148406,-0.0616462,38.0147,-0.0910088,-0.00345837,-0.213235
24,0.999786,-0.0202275,-0.00412478,-0.00153066,-0.0287379,0.0350077,0.284808,0.0308194,0.101047,0.0216226,0.0475034,0.156273,-0.0794831,39.107,-0.0880059,0.0171009,-0.173565
24.02,0.999776,-0.0207821,-0.0031476,0.00261694,-0.0436845,0.0129493,0.333949,0.0304833,0.102297,0.0192196,0.0474072,0.164078,-0.104346,39.7657,-0.0754479,0.0339069,-0.194612
24.04,0.999758,-0.0211061,-0.00245273,0.00575689,-0.0234773,-0.00317659,0.372251,0.0302681,0.103338,0.0170344,0.0441115,0.162399,-0.130106,37.9186,-0.120807,0.0133017,-0.181222
24.06,0.999733,-0.0211925,-0.00228956,0.00894409,0.0367031,-0.0610858,0.357006,0.0299799,0.104347,0.0144412,0.0397738,0.169194,-0.168263,36.9543,-0.10476,0.0436944,0.0054648
24.08,0.999692,-0.0215262,-0.00238816,0.0121369,-0.0608277,-0.0927527,0.376775,0.0296897,0.105449,0.011247,0.0395515,0.173654,-0.193453,38.1652,-0.123673,0.0124591,-0.198312
24.1,0.999658,-0.0220221,-0.00242817,0.0138811,-0.130044,-0.071565,0.391182,0.0295589,0.10607,0.00943599,0.0374587,0.172475,-0.213037,35.5712,-0.136682,0.0274703,-0.21396
24.12,0.999505,-0.0228548,-0.00208639,0.0215416,0.0191177,0.018302,0.448359,0.0287506,0.108228,0.00103915,0.0359122,0.186192,-0.266169,35.622,-0.16294,0.00747868,-0.147709
24.14,0.999411,-0.0228984,-0.00180318,0.0255031,-0.0201944,-0.0473105,0.427951,0.0282641,0.109278,-0.00387272,0.0382506,0.187377,-0.289475,35.9271,-0.130604,0.0255342,-0.142948
24.16,0.99931,-0.0225427,-0.00170682,0.0294691,0.0274341,-0.0334041,0.4277,0.0278337,0.110768,-0.00983722,0.0299542,0.192161,-0.335813,30.0359,-0.1352,-0.0227527,-0.209069
24.18,0.999253,-0.0223561,-0.00166173,0.0314906,0.0509727,0.0102948,0.440618,0.0275904,0.111438,-0.0128218,0.0363212,0.188407,-0.34765,32.4551,-0.162633,-0.0345357,-0.315736
24.2,0.998964,-0.0220234,-0.0022389,0.0397529,-0.0620483,-0.0193427,0.485996,0.0267335,0.11447,-0.0261372,0.0308545,0.194921,-0.409817,32.1828,-0.163969,-0.0734458,-0.264648
24.22,0.998877,-0.0220652,-0.00211161,0.0418753,-0.0193287,0.0523143,0.493201,0.0263513,0.115018,-0.0297836,0.0279668,0.197512,-0.432191,28.7799,-0.176869,0.0189502,-0.0894064
24.24,0.998565,-0.02326,-0.00159544,0.0482126,-0.161225,0.0312473,0.455072,0.0251748,0.116806,-0.0414532,0.0190544,0.198414,-0.458129,29.1086,-0.143943,0.0371742,-0.299288
24.26,0.998319,-0.024671,-0.000615097,0.0524365,-0.100851,0.162258,0.463189,0.02446,0.11845,-0.0503796,0.0197387,0.194563,-0.48378,30.9552,-0.241908,-0.0547943,-0.196539
24.28,0.998044,-0.026497,0.000518952,0.0566164,-0.213877,0.146083,0.470086,0.0237346,0.119937,-0.0590537,0.0177884,0.194655,-0.510181,28.5529,-0.144942,-0.0982658,-0.379056
24.3,0.997635,-0.0277486,0.00321973,0.0628078,-0.0171249,0.25636,0.474739,0.0225682,0.122474,-0.0729788,0.0107712,0.206224,-0.537991,29.5755,-0.256114,0.0216058,-0.0847722
24.32,0.997363,-0.0276448,0.00525177,0.0669032,0.0215815,0.196809,0.451445,0.0214068,0.123794,-0.0828759,0.00188443,0.198298,-0.56091,28.1253,-0.302956,-0.0835789,-0.258779
24.34,0.99709,-0.0271709,0.00707763,0.0708723,0.0774909,0.156152,0.427896,0.0202199,0.125005,-0.0927482,0.000230564,0.197804,-0.572801,23.6217,-0.0225152,-0.0128744,-0.333965
24.36,0.996671,-0.0264895,0.0089717,0.0765768,0.0476821,0.124064,0.429782,0.0184176,0.127039,-0.107913,-0.00668195,0.195018,-0.581711,26.8514,-0.229971,-0.207127,-0.459841
24.38,0.996397,-0.0262773,0.00893993,0.0801462,0.0193456,-0.0711348,0.376754,0.0172414,0.128491,-0.118189,-0.00784437,0.195812,-0.587865,26.1869,-0.339494,0.0225546,-0.0937504
24.4,0.996254,-0.0262795,0.00871384,0.0819188,0.016099,-0.138042,0.384862,0.016647,0.129259,-0.123368,-0.00645894,0.198771,-0.595867,22.4366,-0.146995,-0.00504094,-0.257149
24.42,0.995828,-0.0270148,0.00706644,0.086872,-0.110316,-0.13017,0.349531,0.0143904,0.131325,-0.139799,-0.018075,0.194548,-0.593458,24.1875,-0.17047,-0.0265504,-0.332764
24.44,0.99569,-0.0272698,0.00644984,0.0884074,-0.0416188,-0.170731,0.331709,0.0135826,0.131862,-0.145007,-0.0229454,0.195648,-0.595085,24.8742,-0.17353,-0.278206,-0.450722
24.46,0.995121,-0.028269,0.00461006,0.0944186,-0.03047,-0.0588071,0.312596,0.0102142,0.134337,-0.16619,-0.0339525,0.196595,-0.604466,23.4139,-0.108469,-0.000546048,-0.242821
24.48,0.994841,-0.0285618,0.00433077,0.0972457,-0.00905495,-0.0152873,0.302638,0.00850307,0.135718,-0.176895,-0.0296778,0.191465,-0.613393,22.8829,-0.266943,-0.168019,-0.327895
24.5,0.994708,-0.0286811,0.00436412,0.0985658,-0.0487979,0.030383,0.309516,0.00761433,0.13645,-0.18228,-0.0378828,0.18572,-0.621694,24.4931,-0.146442,-0.193439,-0.378793
24.52,0.994449,-0.0289268,0.00439609,0.101066,0.0014725,-0.0313361,0.256207,0.00557008,0.13794,-0.193974,-0.0470421,0.197968,-0.614214,23.986,-0.177402,-0.142693,-0.218711
24.54,0.994077,-0.0292332,0.00479993,0.10456,-0.012135,0.0692567,0.258834,0.00223004,0.139507,-0.210222,-0.052848,0.18679,-0.613407,21.6089,-0.311799,-0.101852,-0.245567
24.56,0.993748,-0.0293347,0.0048995,0.107608,0.0293805,0.0439221,0.228879,-0.00108924,0.141241,-0.226445,-0.0483676,0.177687,-0.625767,23.346,-0.252693,0.146639,-0.286079
24.58,0.993544,-0.0295504,0.00433677,0.109444,-0.0653878,-0.108969,0.180753,-0.00327278,0.142524,-0.237218,-0.0584728,0.193884,-0.604704,24.6702,-0.334397,-0.276345,-0.216108
24.6,0.993342,-0.0297076,0.0039679,0.111233,0.0132616,0.00303208,0.200631,-0.00547444,0.143868,-0.247867,-0.0549717,0.176726,-0.609749,25.8385,-0.187692,0.073909,-0.363847
24.62,0.993165,-0.0300172,0.00305595,0.112749,-0.0739577,-0.139903,0.140133,-0.00806302,0.144753,-0.258496,-0.0627872,0.193658,-0.601202,25.4109,-0.120022,-0.30172,-0.371418
24.64,0.992913,-0.0304916,0.0017271,0.114849,-0.0496345,-0.103383,0.154687,-0.0120064,0.146515,-0.275147,-0.074976,0.177195,-0.592304,23.5384,-0.146139,-0.077892,-0.173794
24.66,0.992838,-0.0307171,0.00125146,0.115444,-0.0871656,-0.137547,0.110663,-0.0132702,0.147044,-0.280393,-0.0695838,0.186332,-0.591865,22.7314,-0.244099,-0.149176,-0.39672
24.68,0.992635,-0.0312211,0.000112458,0.117053,-0.0567783,-0.0701366,0.107807,-0.0171026,0.148786,-0.295916,-0.0829346,0.178586,-0.582664,23.5867,-0.206075,-0.402205,-0.305417
24.7,0.992515,-0.0316146,-0.00048563,0.117955,-0.045501,-0.0567247,0.0942533,-0.0196289,0.150027,-0.306176,-0.0678156,0.174519,-0.585827,24.8805,-0.209753,0.00834967,-0.0969557
24.72,0.992418,-0.0319192,-0.000952111,0.11869,-0.0343701,-0.0239828,0.0785628,-0.0223283,0.151106,-0.316306,-0.0804973,0.176026,-0.571623,22.7849,-0.124693,-0.0694031,-0.321631
24.74,0.992291,-0.0323166,-0.00139467,0.119632,-0.0766306,-0.0108573,0.0663419,-0.0267616,0.152729,-0.332069,-0.0834027,0.168802,-0.566954,21.9606,-0.16858,-0.198685,-0.151135
24.76,0.992266,-0.0323577,-0.00155491,0.119831,-0.0101497,-0.0459787,0.035592,-0.0281493,0.153217,-0.336993,-0.0844657,0.171985,-0.555263,27.9412,-0.399216,-0.0205157,-0.0299197
24.78,0.992186,-0.0327049,-0.00194233,0.120387,-0.100792,-0.0179772,0.0318472,-0.0323181,0.154831,-0.351469,-0.09032,0.172791,-0.543209,25.5998,-0.0490061,-0.136668,-0.225395
24.8,0.99216,-0.032558,-0.00203572,0.120644,0.0825838,0.0134241,0.0239011,-0.0350376,0.155976,-0.360974,-0.0803703,0.165477,-0.54111,22.2834,-0.14186,-0.201835,-0.338685
24.82,0.99214,-0.0324966,-0.00258778,0.120816,0.00240793,-0.0945376,-0.0099777,-0.0394106,0.157391,-0.374868,-0.0814066,0.166574,-0.529312,22.5067,-0.115536,0.0512992,-0.357591
24.84,0.992139,-0.0324065,-0.00259662,0.120846,0.105675,0.00668286,0.0122163,-0.0409116,0.15782,-0.37938,-0.0806997,0.158855,-0.524246,23.1877,-0.229337,-0.221502,-0.231588
24.86,0.992145,-0.0321849,-0.00327568,0.120836,0.00485847,-0.0991018,-0.012899,-0.0454102,0.159476,-0.393524,-0.0839782,0.164795,-0.516186,23.6102,-0.216044,-0.231577,-0.219908
24.88,0.992149,-0.0321589,-0.00337678,0.12081,0.0516622,-0.00110148,0.00838782,-0.0468502,0.159987,-0.397926,-0.084006,0.155264,-0.505377,25.1025,-0.192881,-0.0173852,-0.422116
24.9,0.992188,-0.0320576,-0.00414815,0.120492,0.0169517,-0.0773509,-0.0318193,-0.0510656,0.16159,-0.410936,-0.0843934,0.157266,-0.497838,25.2107,-0.225715,-0.0965486,-0.362591
24.92,0.992233,-0.0321805,-0.00497961,0.120058,-0.0234867,-0.0949536,-0.0553457,-0.0555105,0.162841,-0.423404,-0.0889699,0.158155,-0.481566,22.9022,-0.0526275,-0.333134,-0.473816
24.94,0.992273,-0.0322855,-0.00533864,0.119682,-0.0340989,0.0147111,-0.0348942,-0.0585319,0.163607,-0.431487,-0.0942451,0.152827,-0.47869,25.754,-0.122377,-0.22685,-0.433071
24.96,0.99233,-0.0324168,-0.00602058,0.119138,-0.0243505,-0.103575,-0.0706063,-0.0615993,0.164658,-0.440163,-0.0917363,0.155695,-0.466384,26.5133,-0.0574953,-0.185383,-0.338146
24.98,0.992377,-0.0327705,-0.00640532,0.118626,-0.0863052,-0.00426835,-0.0483316,-0.0644916,0.165553,-0.447986,-0.0956746,0.148171,-0.463632,25.8425,-0.248302,-0.0161994,-0.245578
25,0.992443,-0.0329338,-0.00682278,0.118009,0.0195486,-0.0553382,-0.0774502,-0.0673104,0.1665,-0.45572,-0.0886341,0.147359,-0.452459,24.4001,-0.0571096,-0.24235,-0.317483
25.02,0.992507,-0.0333138,-0.00716507,0.117344,-0.0916782,-0.0235666,-0.0806193,-0.0702793,0.167259,-0.463164,-0.100096,0.150387,-0.443728,26.631,-0.296591,-0.15732,-0.398818
25.04,0.992619,-0.0337041,-0.00738726,0.116263,-0.0288501,0.0570456,-0.0805997,-0.0749006,0.168128,-0.473866,-0.0894381,0.140228,-0.4343,26.9169,-0.071516,-0.155854,-0.118401
25.06,0.992759,-0.0337702,-0.00739828,0.115037,0.0544525,0.0101226,-0.0826953,-0.0793035,0.16913,-0.48442,-0.0864302,0.137164,-0.436593,24.5463,-0.147961,-0.210383,-0.293464
25.08,0.992855,-0.0338984,-0.00758319,0.114157,-0.0275167,-0.0031269,-0.109798,-0.0822897,0.17012,-0.491996,-0.0942349,0.141704,-0.4137,25.4008,-0.15589,-0.0989426,-0.239687
25.1,0.992906,-0.0338491,-0.0076239,0.11373,-0.0253841,-0.0925709,-0.122337,-0.0836772,0.170517,-0.495435,-0.0910424,0.145009,-0.419392,26.337,-0.0803938,-0.139745,-0.351381
25.12,0.993064,-0.0336952,-0.00783756,0.112374,-0.0230955,-0.0426366,-0.110046,-0.0881401,0.171396,-0.505271,-0.0957736,0.140569,-0.402046,26.3155,-0.183676,-0.0634754,-0.22536
25.14,0.99316,-0.0334799,-0.00804563,0.111565,0.00945346,-0.0549504,-0.0896029,-0.091141,0.171902,-0.511619,-0.0826741,0.135038,-0.408493,24.9914,0.112358,-0.213336,-0.568852
25.16,0.993209,-0.0333916,-0.00811538,0.111156,0.060501,0.0265107,-0.067494,-0.0926034,0.17221,-0.514766,-0.0863507,0.128166,-0.402831,26.412,-0.178393,-0.175366,-0.305582
25.18,0.993422,-0.0330293,-0.00926225,0.109256,0.0452275,0.00037774,-0.0892636,-0.098306,0.173731,-0.527732,-0.0773396,0.123455,-0.385119,26.8915,-0.148317,0.0198587,-0.182807
25.2,0.993469,-0.0330493,-0.00975589,0.108778,-0.0297993,-0.0601889,-0.0935751,-0.0996397,0.174101,-0.530781,-0.089773,0.133141,-0.380707,27.8035,-0.00167301,-0.250841,-0.418857
25.22,0.993615,-0.0331042,-0.0104451,0.10735,0.00353921,0.00985345,-0.0895121,-0.103868,0.174857,-0.539492,-0.0770884,0.121029,-0.378125,27.5557,-0.161949,-0.169319,-0.434822
25.24,0.993665,-0.0331551,-0.0107593,0.106842,-0.0352601,-0.00466051,-0.103507,-0.105296,0.17508,-0.542295,-0.0819597,0.12811,-0.369791,25.6699,-0.0654431,-0.0410159,-0.244619
25.26,0.993865,-0.0336122,-0.0111678,0.104773,-0.0648387,0.0369699,-0.102884,-0.110809,0.176113,-0.553421,-0.0866215,0.127161,-0.363196,27.9421,-0.0520882,-0.256663,-0.334853
25.28,0.993967,-0.033928,-0.0111848,0.1037,0.0167531,-0.0183938,-0.137364,-0.113428,0.176713,-0.558901,-0.0698553,0.12429,-0.359344,27.5568,-0.170599,-0.0789068,-0.344805
25.3,0.994067,-0.0343888,-0.011057,0.1026,-0.0936455,0.0494709,-0.116722,-0.116098,0.17758,-0.564866,-0.0788347,0.115844,-0.356488,26.4207,-0.0855496,-0.150526,-0.312162
25.32,0.994119,-0.034482,-0.0109979,0.102065,-0.0206922,-0.024796,-0.12962,-0.117303,0.177937,-0.567583,-0.0784147,0.123992,-0.348682,24.7779,-0.102461,-0.202532,-0.201689
25.34,0.99433,-0.0349996,-0.0105239,0.099863,-0.0282061,0.0233422,-0.130522,-0.122699,0.178591,-0.577446,-0.0784546,0.122891,-0.345093,28.3,-0.1314,-0.147116,-0.360616
25.36,0.994436,-0.0350132,-0.0102343,0.0988288,0.0373134,0.0568442,-0.112374,-0.125255,0.179015,-0.582368,-0.0641458,0.107557,-0.340386,28.3887,-0.141275,-0.164742,-0.294615
25.38,0.994544,-0.0349374,-0.0102821,0.0977534,-0.0199656,-0.0117993,-0.128424,-0.127655,0.179519,-0.587249,-0.0737946,0.118748,-0.332283,26.2139,-0.0334329,-0.157557,-0.343092
25.4,0.994604,-0.0347541,-0.0103644,0.0972032,0.0841541,-0.0484256,-0.14131,-0.128838,0.179778,-0.589718,-0.062272,0.120109,-0.336083,26.9281,-0.10005,-0.0496747,-0.28257
25.42,0.994772,-0.0343863,-0.0105113,0.0955814,0.0370915,0.013557,-0.113082,-0.132662,0.180455,-0.597084,-0.0640884,0.112321,-0.328836,30.6441,-0.105024,-0.166965,-0.433322
25.44,0.994936,-0.0337918,-0.0110614,0.0940146,0.0428157,-0.0244715,-0.11451,-0.136283,0.180866,-0.603764,-0.0543356,0.0997542,-0.327271,27.1723,-0.193116,-0.0903588,-0.181766
25.46,0.995042,-0.033385,-0.0115722,0.092972,0.0353542,-0.0831672,-0.116428,-0.138559,0.181227,-0.60819,-0.0603319,0.110256,-0.322856,26.6549,-0.110747,-0.0991105,-0.173332
25.48,0.995147,-0.0331506,-0.0119432,0.0918746,0.0446253,-0.0402909,-0.133877,-0.140745,0.181687,-0.612796,-0.0472205,0.100051,-0.313264,27.1339,-0.031259,-0.141469,-0.494715
25.5,0.995194,-0.0331477,-0.0121332,0.0913396,0.000329969,-0.013486,-0.119293,-0.141761,0.181943,-0.614984,-0.0441453,0.0984606,-0.304856,26.5975,-0.016201,-0.0833787,-0.403683
25.52,0.99538,-0.0332266,-0.0125309,0.0892082,-0.0161686,0.0334303,-0.120632,-0.145995,0.182618,-0.62316,-0.0426364,0.097748,-0.303191,27.5754,-0.110495,-0.12367,-0.145712
25.54,0.995422,-0.033394,-0.0126065,0.0886629,-0.0629414,-0.0272272,-0.112168,-0.147012,0.182807,-0.625178,-0.0459052,0.0994518,-0.30121,28.2613,-0.189702,-0.0902215,-0.130838
25.56,0.995555,-0.0338556,-0.0123946,0.0870145,-0.00640212,0.0703484,-0.123173,-0.150017,0.18357,-0.631682,-0.0375178,0.0944659,-0.303637,24.5253,-0.111291,-0.036183,-0.198899
25.58,0.995629,-0.034299,-0.0123126,0.0859913,-0.0983028,-0.0405605,-0.100143,-0.151817,0.184021,-0.63577,-0.0431823,0.0980121,-0.305099,27.6533,-0.104387,-0.129005,-0.294041
25.6,0.995723,-0.0343824,-0.0118943,0.0849285,0.0505488,0.0802635,-0.120645,-0.15351,0.184499,-0.639901,-0.0356695,0.0946171,-0.298625,27.3457,-0.0565517,0.0168264,-0.237137
25.62,0.995856,-0.0343717,-0.0115934,0.0834,-0.00502334,0.0118818,-0.110713,-0.156058,0.185091,-0.645752,-0.0304181,0.101556,-0.301887,24.8713,-0.105826,-0.110859,-0.389733
25.64,0.995944,-0.0341511,-0.0115913,0.0824255,0.0187051,0.00469163,-0.110143,-0.15768,0.185464,-0.649562,-0.0268685,0.0923099,-0.285337,28.4639,-0.133328,-0.164415,-0.389391
25.66,0.996033,-0.0337863,-0.0116189,0.0814935,0.0175914,-0.043415,-0.0940663,-0.159238,0.186048,-0.653826,-0.0262386,0.0925751,-0.300338,27.8413,-0.0509218,-0.0405917,-0.521929
25.68,0.996168,-0.0332226,-0.0118954,0.0800212,0.0307878,-0.0470755,-0.127505,-0.161316,0.186826,-0.659663,-0.0194761,0.0918377,-0.284137,27.0898,-0.116754,-0.140361,-0.382047
25.7,0.996253,-0.032967,-0.012042,0.079051,0.0587193,0.0324709,-0.0983104,-0.162689,0.187324,-0.663369,-0.0171167,0.0902115,-0.287341,26.7751,-0.0746856,0.0475051,-0.217425
25.72,0.996291,-0.032913,-0.0122498,0.0785604,0.00299307,-0.0113969,-0.101036,-0.163388,0.18752,-0.665131,-0.0229775,0.0942116,-0.280061,29.626,-0.0367523,-0.14088,-0.331958
25.74,0.996397,-0.0330616,-0.0124438,0.0771002,-0.0160612,0.0157863,-0.103168,-0.165357,0.188241,-0.670497,-0.0137204,0.0866891,-0.283265,28.0031,-0.191883,-0.0994643,-0.298243
25.76,0.996434,-0.0331518,-0.0124168,0.0765898,-0.0148557,0.0429389,-0.0986644,-0.165961,0.188479,-0.67229,-0.0178221,0.0901241,-0.280476,29.6167,-0.053186,-0.183646,-0.238913
25.78,0.996527,-0.0336577,-0.0125369,0.0751205,-0.0489289,-0.0100055,-0.0991216,-0.167639,0.189465,-0.678114,-0.00694965,0.0852193,-0.27917,26.2791,-0.0806142,-0.0126191,-0.228894
25.8,0.996591,-0.0340048,-0.012355,0.0741425,-0.0539926,0.0412543,-0.112616,-0.168601,0.190085,-0.68172,-0.0123055,0.0893566,-0.271334,23.7069,-0.103275,-0.0890817,-0.402467
25.82,0.996681,-0.0343902,-0.0119727,0.0728076,-0.0282184,0.0367005,-0.07429,-0.170168,0.190921,-0.686697,-0.00177771,0.0837479,-0.275352,28.6178,-0.146144,-0.114299,-0.427992
25.84,0.996752,-0.0343773,-0.0117346,0.0718739,0.00105322,0.0620012,-0.114371,-0.171077,0.191528,-0.690111,-0.00331222,0.0907561,-0.260474,30.0134,-0.0661804,-0.068646,-0.317411
25.86,0.996853,-0.0340848,-0.011286,0.0706728,0.0439458,0.0641397,-0.0630494,-0.172281,0.192539,-0.695324,0.00210529,0.0793545,-0.278958,28.3728,-0.0920907,-0.140759,-0.445097
25.88,0.996916,-0.0338644,-0.0114476,0.0698552,0.0244207,-0.00756079,-0.105507,-0.172911,0.193403,-0.699248,0.00363253,0.0878443,-0.255645,30.876,-0.0695537,-0.12813,-0.462907
25.9,0.996946,-0.033682,-0.0116335,0.0694935,-0.00493641,-0.149635,-0.100247,-0.17321,0.193773,-0.701033,0.00514655,0.0882551,-0.268808,25.6544,-0.115791,-0.102884,-0.581227
25.92,0.997044,-0.0333351,-0.0118153,0.0682105,0.000597442,0.00536669,-0.0995346,-0.174148,0.194763,-0.705818,0.0076645,0.0821393,-0.25265,27.4337,-0.0143915,-0.00982344,-0.327705
25.94,0.997102,-0.0331924,-0.0120251,0.0673908,0.018187,-0.0629754,-0.108569,-0.174626,0.195473,-0.709064,0.0191953,0.0848967,-0.263586,27.3203,-0.133715,-0.0491011,-0.317816
25.96,0.997177,-0.0333904,-0.012199,0.066134,-0.0840954,-0.0253232,-0.102965,-0.175173,0.196635,-0.713979,0.0126634,0.0871749,-0.254327,29.6663,-0.103782,-0.0771144,-0.424361
25.98,0.997201,-0.0334289,-0.0122237,0.0657559,-0.0397035,-0.0913811,-0.107358,-0.175322,0.197018,-0.715658,0.0242005,0.0848454,-0.258852,26.625,-0.044605,-0.0420056,-0.457782
26,0.997267,-0.0339964,-0.0119721,0.0644965,-0.0889216,0.0453738,-0.09936,-0.175591,0.198395,-0.721059,0.0201404,0.075953,-0.250273,29.1104,-0.103383,-0.0558466,-0.299513
26.02,0.997316,-0.0341977,-0.011633,0.0636932,0.0183059,0.0174995,-0.102008,-0.175743,0.199195,-0.72419,0.0301831,0.081499,-0.255839,25.9167,-0.156805,-0.0808668,-0.317244
26.04,0.997359,-0.0344328,-0.0111439,0.0629677,-0.0200194,0.0938338,-0.0616043,-0.175879,0.200005,-0.727126,0.0250056,0.0748151,-0.2486,29.3209,-0.0569565,-0.034613,-0.349987
26.06,0.997412,-0.0344186,-0.0108529,0.0621899,0.0123289,-0.0249198,-0.103253,-0.175909,0.200825,-0.730142,0.0318137,0.0857888,-0.252277,28.1237,-0.108562,-0.100858,-0.389368
26.08,0.997463,-0.0343457,-0.0103498,0.0614868,0.0519772,0.0954133,-0.0618653,-0.175871,0.201694,-0.733208,0.0353514,0.0669513,-0.253505,27.1821,-0.00461494,0.0071494,-0.367544
26.1,0.997535,-0.0341831,-0.0102054,0.0604219,0.0103577,-0.0253805,-0.0825209,-0.17556,0.203165,-0.738283,0.0394864,0.0857954,-0.250739,28.7032,-0.149847,-0.0636809,-0.223543
26.12,0.99758,-0.0340294,-0.0101363,0.0597711,0.0459164,0.080554,-0.0595164,-0.175343,0.20402,-0.741159,0.0415547,0.0707218,-0.246672,26.9247,-0.0555912,-0.0185223,-0.416215
26.14,0.997622,-0.0340172,-0.0103737,0.0590355,-0.0498698,-0.108744,-0.0893089,-0.175062,0.204814,-0.743851,0.0395118,0.0857819,-0.243813,26.0904,-0.132187,-0.0852753,-0.341202
26.16,0.997668,-0.0339951,-0.0101903,0.0583099,0.0636303,0.0703581,-0.0807238,-0.174717,0.205601,-0.746594,0.0486296,0.066114,-0.242286,28.6053,-0.161964,-0.0369108,-0.206335
26.18,0.997716,-0.0343974,-0.0103184,0.0572187,-0.067367,-0.0467175,-0.0860887,-0.174067,0.20686,-0.7508,0.0526078,0.084036,-0.245857,30.1377,-0.139926,0.0599885,-0.254177
26.2,0.997736,-0.0344345,-0.0101425,0.0568759,0.0574253,0.0635345,-0.0778845,-0.173806,0.207306,-0.752225,0.0552431,0.0690728,-0.24292,26.6946,-0.0757106,-0.0427642,-0.0839878
26.22,0.997761,-0.034846,-0.0100901,0.0561922,-0.0707102,0.00185901,-0.0639523,-0.173141,0.208296,-0.755495,0.0520926,0.0632791,-0.233864,30.081,-0.0576107,-0.0699248,-0.425671
26.24,0.997838,-0.0350471,-0.00940623,0.0547946,-0.0521857,0.0476304,-0.0585476,-0.17197,0.209619,-0.760437,0.0589885,0.0653903,-0.238621,26.3546,-0.145558,-0.0476329,-0.218275
26.26,0.997881,-0.0348766,-0.00907457,0.0541687,0.0114274,0.02516,-0.0735037,-0.171246,0.210345,-0.76303,0.0610206,0.0811794,-0.245655,27.8605,-0.0817758,-0.0380869,-0.36601
26.28,0.99792,-0.0347519,-0.00882195,0.0535813,0.0107592,0.0197653,-0.074208,-0.170473,0.21112,-0.765721,0.0647266,0.0677038,-0.234026,27.5911,-0.0226588,-0.00147512,-0.391254
26.3,0.997963,-0.0345377,-0.00867486,0.0529396,0.0092461,-0.0333304,-0.0684865,-0.169631,0.211932,-0.768482,0.0612976,0.0800199,-0.241629,29.76,-0.062831,-0.0368039,-0.328359
26.32,0.998015,-0.0343866,-0.00846697,0.0520703,0.00376528,0.0354932,-0.0765304,-0.168172,0.213089,-0.772554,0.0727213,0.0676533,-0.228521,27.295,-0.0886601,0.041706,-0.291592
26.34,0.998029,-0.0343918,-0.00848268,0.051809,-0.00280896,-0.0320557,-0.0538052,-0.167686,0.213414,-0.773725,0.0665153,0.0643205,-0.235922,27.9717,-0.0977094,0.00809674,-0.155246
26.36,0.998071,-0.0346433,-0.00832713,0.0508466,-0.0306143,0.0250368,-0.0861158,-0.166166,0.214404,-0.777361,0.0718419,0.066055,-0.226038,28.8822,-0.215229,-0.0595936,-0.335698
26.38,0.998097,-0.0352409,-0.00795277,0.0499811,-0.0492161,0.0737848,-0.0562301,-0.164509,0.215459,-0.781099,0.0743299,0.06864,-0.231534,28.8276,-0.0521441,0.0583676,-0.0451702
26.4,0.998116,-0.0356124,-0.00765388,0.0493677,-0.0116048,0.0813636,-0.0779297,-0.163372,0.216187,-0.783695,0.0762062,0.0608206,-0.22338,27.5,-0.108327,-0.0813917,-0.240974
26.42,0.998137,-0.0359178,-0.0072357,0.0487923,-0.0228854,0.0476872,-0.056349,-0.162273,0.216719,-0.785818,0.0738796,0.0692497,-0.234306,28.6908,-0.0760515,0.123815,0.0229927
26.44,0.998163,-0.0360856,-0.00683538,0.048186,0.00230609,0.0894406,-0.0822625,-0.160999,0.217379,-0.788361,0.0795368,0.0676514,-0.218577,29.1013,-0.104197,0.0107825,-0.168688
26.46,0.998192,-0.0360466,-0.00649549,0.0476636,-0.00951873,-0.0109107,-0.0448565,-0.159769,0.217966,-0.79066,0.0795415,0.0604817,-0.232544,26.5906,-0.0997939,-0.0543,-0.449121
26.48,0.998208,-0.0359925,-0.00613399,0.0474071,0.0506858,0.112985,-0.0314733,-0.159138,0.218269,-0.791817,0.0818626,0.0608766,-0.228754,29.9723,-0.155533,0.0325223,-0.338088
26.5,0.998271,-0.0356649,-0.0058212,0.0463689,0.1008,0.0673014,-0.0479855,-0.156606,0.219442,-0.796426,0.0812942,0.057622,-0.229857,25.6911,-0.0644174,0.000344115,-0.206792
26.52,0.998282,-0.035677,-0.00583704,0.0461092,0.0254239,0.04891,-0.038327,-0.155985,0.219664,-0.797423,0.0787411,0.0593514,-0.219805,28.3849,-0.0355926,0.0010183,-0.346443
26.54,0.998326,-0.0354949,-0.00598517,0.0452699,0.0676892,-0.0119019,-0.0633749,-0.15395,0.220441,-0.80083,0.0868196,0.0549262,-0.218806,27.0849,-0.218924,0.096356,-0.0672728
26.56,0.998335,-0.035587,-0.00588832,0.0450217,0.0305809,0.0532274,-0.0284482,-0.153278,0.220664,-0.801859,0.0838692,0.0499096,-0.215293,28.4678,-0.101915,-0.00966238,-0.105183
26.58,0.998376,-0.0357961,-0.00590133,0.043929,0.0402568,0.0327824,-0.0395537,-0.150564,0.221619,-0.806256,0.0918712,0.0511606,-0.2181,27.9727,-0.071035,0.0402374,-0.157387
26.6,0.998381,-0.0360211,-0.00584431,0.0436336,-0.0569871,0.0391249,-0.0450941,-0.149859,0.22189,-0.807408,0.0833748,0.0486062,-0.213492,29.8955,-0.132433,0.0195884,-0.364543
26.62,0.998417,-0.0360535,-0.00543171,0.042819,0.0506848,0.003063,-0.0579333,-0.147884,0.222341,-0.810133,0.0918985,0.0522319,-0.218087,27.8642,-0.078936,0.00631931,-0.148883
26.64,0.998424,-0.0361626,-0.00511648,0.0425997,0.00674714,0.0942882,-0.0322028,-0.147208,0.222516,-0.811092,0.0895782,0.0431901,-0.218676,28.8991,-0.129719,-0.0637108,-0.276318
26.66,0.998473,-0.0359751,-0.00447919,0.0416933,0.0604769,0.0448679,-0.0455991,-0.144333,0.223256,-0.815426,0.0969106,0.0453191,-0.224519,25.6107,-0.0387596,0.0372628,-0.0812929
26.68,0.998494,-0.0359338,-0.00427325,0.0412447,-0.0324567,0.0448235,-0.034049,-0.142865,0.223651,-0.817674,0.087653,0.049576,-0.211648,28.0262,-0.0648954,-0.00612371,-0.236445
26.7,0.998507,-0.0358339,-0.00424955,0.040999,-0.0196508,-0.0372955,-0.0518575,-0.141987,0.223951,-0.819135,0.0873747,0.0523382,-0.217767,27.8018,-0.162313,0.0922627,-0.23699
26.72,0.99855,-0.0354634,-0.00397127,0.0402976,0.0278202,0.064646,-0.0451057,-0.139913,0.22426,-0.821798,0.0940833,0.0391152,-0.215989,28.0815,-0.024299,0.0858975,-0.151343
26.74,0.998573,-0.0353761,-0.00405344,0.0397993,0.00441436,-0.0652824,-0.0628132,-0.138479,0.224501,-0.823678,0.0895665,0.0484638,-0.215478,27.9458,-0.124173,-0.0639154,-0.255263
26.76,0.99859,-0.0357292,-0.00395556,0.0390539,-0.0912221,0.0168506,-0.0424557,-0.136275,0.22486,-0.826618,0.0934154,0.0335074,-0.202677,29.7864,-0.100012,0.0803651,0.0361885
26.78,0.998608,-0.0357877,-0.00380373,0.0385552,0.00263981,-0.0115975,-0.0648344,-0.134792,0.225118,-0.828687,0.0950143,0.0516878,-0.21591,27.1054,-0.0519375,0.0876212,-0.0949543
26.8,0.998615,-0.0361393,-0.00358682,0.0380717,-0.0606593,0.0270308,-0.0544778,-0.133192,0.22534,-0.830814,0.0984858,0.0340754,-0.210235,25.9693,-0.124511,0.0403055,-0.0811354
26.82,0.99864,-0.0363435,-0.00306422,0.0372583,0.0250618,0.0672308,-0.0673273,-0.131081,0.225533,-0.833307,0.0921041,0.0503291,-0.203218,29.0276,-0.0601103,0.0271071,-0.138474
26.84,0.998654,-0.0363784,-0.00270119,0.0368698,-0.0486668,0.0538894,-0.0394034,-0.129651,0.22571,-0.835102,0.0945523,0.0317845,-0.208265,29.1707,-0.107546,0.0770395,0.00207501
26.86,0.998676,-0.0361948,-0.0024929,0.0364587,0.0380815,0.00805057,-0.0354968,-0.12818,0.225903,-0.836981,0.0972017,0.0449901,-0.205762,27.3961,0.029673,-0.00331296,0.0220738
26.88,0.9987,-0.0360073,-0.00234705,0.0360047,-0.00988047,0.00919103,-0.0658832,-0.126682,0.226112,-0.838942,0.096001,0.0338315,-0.20323,27.8046,-0.139571,0.0872514,-0.0689427
26.9,0.998724,-0.0357406,-0.00238358,0.0356012,0.0691128,-0.0325514,-0.0207787,-0.125153,0.226342,-0.840968,0.0961839,0.0357865,-0.208972,26.54,-0.11829,0.00547474,-0.182777
26.92,0.99873,-0.0357924,-0.00238158,0.0353664,-0.00895069,0.00997103,-0.0456753,-0.124303,0.22644,-0.841991,0.0957443,0.0364579,-0.204539,29.7837,-0.0674422,0.0868875,-0.258363
26.94,0.998762,-0.0354962,-0.00258972,0.0347403,0.0635736,-0.0337267,-0.0456525,-0.122158,0.226486,-0.844247,0.0938367,0.0280876,-0.203455,28.8291,-0.0705371,0.0208187,-0.145034
26.96,0.998773,-0.0356765,-0.00263511,0.0342554,-0.0393555,0.0123523,-0.0540264,-0.12071,0.226553,-0.845865,0.0905289,0.0292565,-0.201573,26.7763,-0.0844402,0.0390297,-0.0466809
26.98,0.998792,-0.0357725,-0.00269778,0.0335802,0.0260015,-0.0217381,-0.0290674,-0.118512,0.22665,-0.848443,0.0952787,0.0261095,-0.201512,27.6444,-0.0795898,0.00741069,-0.150289
27,0.998794,-0.035949,-0.00250063,0.0333374,-0.0055224,0.0762658,-0.0364093,-0.117764,0.226688,-0.849325,0.0904348,0.0264407,-0.1987,28.8009,-0.0835147,0.0901,-0.122438
27.02,0.998819,-0.0360147,-0.00189923,0.0325505,0.0637884,0.0783672,-0.0256749,-0.114791,0.226624,-0.852381,0.092796,0.0251321,-0.194635,29.3835,-0.0824634,0.00404875,-0.206946
27.04,0.998824,-0.0360809,-0.00167602,0.0323449,-0.0057127,0.0795259,-0.0329471,-0.114088,0.226613,-0.853061,0.0920636,0.0239357,-0.195563,27.3715,-0.0397695,0.0534398,-0.218222
27.06,0.998854,-0.0357099,-0.00136436,0.0318277,0.106104,-0.0173104,-0.0304151,-0.11193,0.22659,-0.855264,0.0954454,0.0239908,-0.19531,29.1194,-0.0855864,0.086241,-0.124525
27.08,0.998865,-0.0356889,-0.00117276,0.0315369,-0.0538083,0.0152913,-0.0123404,-0.110471,0.226595,-0.856849,0.0898619,0.0216633,-0.191926,28.8102,0.000638594,-0.0484797,-0.185224
27.1,0.998901,-0.0351518,-0.00115804,0.0309743,0.0899152,0.0123557,-0.0448576,-0.108264,0.226551,-0.859057,0.094585,0.0193003,-0.193638,25.9892,-0.0808197,0.0237118,-0.287387
27.12,0.998912,-0.0351693,-0.00129808,0.030614,-0.0581886,0.0260498,-0.0346999,-0.106673,0.226443,-0.860522,0.0904218,0.0153243,-0.195166,30.9643,-0.0340712,0.053605,-0.0165155
27.14,0.998921,-0.0350524,-0.00136201,0.0304429,0.0314083,0.0097362,-0.0439398,-0.10593,0.226396,-0.861141,0.0897075,0.0205174,-0.189676,27.1826,-0.13702,0.0317369,-0.20867
27.16,0.998928,-0.0353019,-0.00155725,0.0299211,-0.0547173,0.0115933,-0.0381108,-0.103715,0.226238,-0.863173,0.0883429,0.0113969,-0.195749,29.2988,-0.0149733,-0.0186007,-0.21856
27.18,0.998933,-0.0353135,-0.00156919,0.0297154,-0.0126599,0.0510393,-0.038093,-0.102985,0.226213,-0.863895,0.0874423,0.0175297,-0.191227,28.5558,-0.122711,0.0472599,-0.233684
27.2,0.998943,-0.0356341,-0.00135523,0.0290065,-0.0168842,0.0924159,-0.0220635,-0.100053,0.226123,-0.867044,0.0855425,0.0112131,-0.191152,28.2296,-0.106258,0.080774,-0.0853365
27.22,0.998944,-0.0357487,-0.00123933,0.0288189,-0.0194559,0.0521824,-0.0255051,-0.0993316,0.226025,-0.867609,0.0848886,0.0186036,-0.187553,23.9006,0.0274311,-0.0250547,-0.237013
27.24,0.998958,-0.0357692,-0.00072236,0.0283355,0.0129123,0.0622416,-0.0322831,-0.0970353,0.225813,-0.86976,0.0913979,0.00670717,-0.194516,30.8482,-0.00766344,0.0577854,-0.224453
27.26,0.998962,-0.0357926,-0.000634554,0.0281599,-0.00862753,0.0759288,-0.017112,-0.096302,0.225729,-0.870423,0.0868272,0.00417438,-0.188441,29.9837,-0.0038202,0.0471347,-0.0247434
27.28,0.998989,-0.0355383,-0.000246781,0.0275264,0.0285506,0.0382109,-0.0183265,-0.0933861,0.225417,-0.873424,0.0858938,0.0077319,-0.19709,29.0051,-0.0840221,0.0513808,-0.144615
27.3,0.998995,-0.0354726,-0.000205241,0.0273856,0.0467029,0.0363224,-0.0115484,-0.0926411,0.225378,-0.874251,0.0824102,0.00460717,-0.188711,27.4243,-0.0926328,0.00993238,-0.143515
27.32,0.999025,-0.0349728,-0.000349595,0.0269566,0.0376716,-0.00452166,-0.0412846,-0.0904523,0.225151,-0.876374,0.086316,0.00948755,-0.191705,27.0102,-0.0162245,0.00310006,-0.101059
27.34,0.999042,-0.0346845,-0.00058187,0.0266865,0.0725457,-0.0402094,-0.022089,-0.088849,0.225042,-0.878068,0.0829613,0.00409781,-0.187399,28.2282,-0.0528788,0.0425792,-0.347947
27.36,0.999065,-0.0343062,-0.000812032,0.0262993,0.0506167,0.0184605,-0.0417104,-0.0866108,0.224894,-0.880386,0.0855661,0.00985742,-0.195865,25.7527,-0.0213575,0.0637658,-0.190379
27.38,0.999074,-0.0342229,-0.00115002,0.0260705,-0.00576566,-0.0832784,-0.01012,-0.085113,0.224844,-0.88208,0.0835092,0.00808903,-0.1901,28.862,-0.14969,-0.0284558,-0.273343
27.4,0.999076,-0.0342764,-0.001146,0.0259113,-0.0720919,-0.0348228,-0.0256885,-0.0843661,0.224823,-0.882941,0.083697,0.0157207,-0.193761,26.3254,-0.0319538,0.0389834,-0.219867
27.42,0.999084,-0.0342582,-0.00117792,0.0256258,0.0285415,0.0516581,-0.0463584,-0.0829102,0.224746,-0.884524,0.0849698,0.00680323,-0.181856,27.9735,0.00308264,-0.00465731,-0.178349
27.44,0.999078,-0.0346413,-0.00120488,0.0253323,-0.114824,-0.0768028,-0.0261722,-0.0814933,0.224662,-0.885984,0.0843219,0.00980787,-0.186894,28.7684,-0.0409669,0.152355,-0.165206
27.46,0.999066,-0.0354367,-0.000738335,0.0247248,-0.095964,-0.0684829,-0.0197506,-0.0785317,0.224537,-0.889389,0.0804243,0.00361536,-0.192547,28.6839,-0.0893257,0.0363467,-0.180026
27.48,0.999065,-0.0355947,-0.000330874,0.0245391,-0.03229,0.0832579,-0.021275,-0.0778283,0.224526,-0.890218,0.0814621,0.00848074,-0.191809,26.8549,-0.0843774,-0.0278359,-0.169601
27.5,0.999065,-0.0359129,0.000270558,0.0240595,-0.0138095,0.00773393,-0.0357558,-0.0757087,0.224476,-0.892874,0.0808982,0.00305509,-0.185037,26.6728,-0.00932484,0.0565118,-0.258043
27.52,0.999074,-0.0358465,0.000828412,0.0238034,0.0277893,0.098462,-0.0145539,-0.0743703,0.224464,-0.894499,0.0782198,0.00611205,-0.189961,27.5921,-0.0484922,0.0587272,-0.136857
27.54,0.999092,-0.0355823,0.00110602,0.0233943,0.0433698,-0.0533779,-0.038208,-0.0724457,0.224422,-0.896835,0.0814227,0.00418547,-0.187234,29.6224,0.0209278,0.0594982,-0.225301
27.56,0.999103,-0.0354075,0.00132233,0.0231992,0.0143122,0.0264725,-0.00406589,-0.0710582,0.22443,-0.898772,0.0732772,0.00143392,-0.188935,29.0909,-0.0926017,0.0260579,-0.191827
27.58,0.999125,-0.0349336,0.00115039,0.022973,0.0442895,-0.104315,-0.034722,-0.0697681,0.224432,-0.900522,0.0736443,0.00829608,-0.185315,28.7769,-0.00907723,0.0682549,-0.15315
27.6,0.999142,-0.03457,0.001104,0.0227807,0.0428797,0.00495726,-0.00878371,-0.0684798,0.224462,-0.902355,0.0774306,-0.00425273,-0.192832,27.6138,0.04111,0.048567,-0.0765329
27.62,0.999159,-0.0342475,0.000600946,0.0225266,0.00178926,-0.0817439,-0.0383792,-0.0672468,0.224479,-0.904042,0.0733923,0.00744617,-0.180304,26.6343,-0.0463966,0.0316551,-0.129365
27.64,0.99918,-0.0337959,4.77233e-05,0.0222815,0.0250083,0.0100288,-0.0154901,-0.0655283,0.224498,-0.906365,0.0704992,-0.00220149,-0.180239,27.4941,-0.178383,-0.07531,-0.301517
27.66,0.999191,-0.0336033,-0.00044821,0.0220837,-0.0230464,-0.125351,-0.0329814,-0.0643731,0.224558,-0.908065,0.0694262,0.0134429,-0.177516,28.3146,-0.0332824,0.010833,-0.200761
27.68,0.999199,-0.0334483,-0.000387457,0.0219494,0.0574395,0.0431753,-0.0107179,-0.0631379,0.224612,-0.910071,0.0763598,0.00174793,-0.184938,30.1537,-0.104742,0.0755816,-0.307922
27.7,0.999198,-0.0335371,-0.00050884,0.0218607,-0.0191606,0.0640195,-0.00580166,-0.0625809,0.224644,-0.911008,0.069306,-0.00455697,-0.182109,28.6859,0.0109529,0.0855872,-0.0830347
27.72,0.999197,-0.033725,-0.000378529,0.0216422,0.0317212,0.0499238,-0.0244495,-0.060948,0.224753,-0.913705,0.0734131,0.00457537,-0.188748,28.2287,-0.0418028,0.0585039,-0.137218
27.74,0.999182,-0.0343415,-4.58705e-07,0.0213629,-0.0577361,-0.010295,-0.033606,-0.0594784,0.224869,-0.916137,0.0626667,0.00925743,-0.184002,29.9523,-0.0503846,0.047864,-0.208526
27.76,0.999172,-0.0347243,0.000550026,0.0212166,0.0252522,0.107109,-0.0149027,-0.0585203,0.224961,-0.917843,0.0696489,-0.00468763,-0.183162,25.2495,-0.10779,0.0328541,-0.335587
27.78,0.999157,-0.0352363,0.000844456,0.0210368,-0.0961602,0.0453675,-0.0131814,-0.0574322,0.225048,-0.91993,0.059785,0.00249317,-0.184662,26.7576,-0.0805561,-0.0109115,-0.18654
27.8,0.999152,-0.0355198,0.0012407,0.0207779,0.0196509,0.0769493,-0.0363299,-0.0564797,0.225136,-0.921787,0.0663434,0.00649953,-0.181241,30.008,-0.0249699,-0.0505349,-0.245441
27.82,0.999153,-0.0356823,0.00164058,0.0204355,0.0490364,0.0160408,-0.0257741,-0.0555274,0.225205,-0.924257,0.0446285,0.00855996,-0.181667,25.7417,-0.0246832,0.0888045,-0.270138
27.84,0.999152,-0.0358092,0.00171446,0.0202374,-0.00424632,-0.0244043,-0.0406634,-0.0549639,0.225229,-0.925968,0.0513057,-0.00767422,-0.176016,29.6817,-0.0420819,0.0601792,-0.166308
27.86,0.999166,-0.0355567,0.00159254,0.0200357,0.0557307,-0.0292815,-0.0073842,-0.0542975,0.225319,-0.928043,0.0442539,-0.00633827,-0.177211,28.0726,-0.0314696,0.0839432,-0.087271
27.88,0.999172,-0.0354573,0.00138766,0.0199198,0.0382781,-0.0636942,-0.024,-0.0540162,0.22534,-0.928957,0.0442842,0.00753917,-0.17471,26.0584,-0.0490476,-0.0233767,-0.0551587
27.9,0.999204,-0.0346895,0.000841606,0.0196748,0.109692,-0.0260327,-0.0138159,-0.0531219,0.225468,-0.931845,0.0440153,-0.00767037,-0.182658,29.4873,-0.0571935,-0.0889741,-0.250132
27.92,0.999236,-0.0339436,5.37929e-05,0.0193677,0.0201735,-0.0679073,-0.0377833,-0.0524057,0.225499,-0.934512,0.0454728,-0.0010635,-0.180121,31.2263,-0.0830397,0.10676,-0.218618
27.94,0.999254,-0.0334628,-0.000487845,0.0192551,0.102452,-0.0940829,0.00269606,-0.0519757,0.225542,-0.936264,0.0448369,-0.00275755,-0.179478,25.8065,-0.0422013,0.00792433,-0.244461
27.96,0.999256,-0.0334495,-0.000718674,0.0191874,-0.0220426,-0.0710881,-0.00372472,-0.0517548,0.225567,-0.93716,0.0440451,0.00511237,-0.176613,27.4364,-0.0290548,-0.0131066,-0.295642
27.98,0.99927,-0.033178,-0.0015619,0.0188937,-0.035746,-0.0632774,0.00392426,-0.0508318,0.225648,-0.941192,0.0420233,-0.00363837,-0.177776,30.0116,-0.059806,-0.0127929,-0.341181
28,0.999268,-0.0333388,-0.0017664,0.0187005,-0.0603304,-0.0104142,-0.0354393,-0.0503813,0.225706,-0.943151,0.0408863,0.00370272,-0.176578,27.6143,-0.133488,0.0355858,-0.225811
28.02,0.999262,-0.0335896,-0.00195566,0.0185462,0.0154209,-0.018052,0.000337081,-0.0500773,0.225696,-0.944793,0.0377428,-0.00766905,-0.175437,27.997,0.0109441,0.0617845,-0.205678
28.04,0.999247,-0.0341187,-0.00193594,0.018358,-0.10273,-0.00325716,-0.0238648,-0.0497605,0.225686,-0.946497,0.0409934,0.000433321,-0.175432,29.1984,0.00994312,0.0691928,-0.236022
28.06,0.999237,-0.0344922,-0.00171866,0.0182204,0.0246708,0.0415764,-0.00167949,-0.0494295,0.225691,-0.948273,0.0417807,-0.0107055,-0.175312,25.5324,-0.0735884,-0.0452436,-0.172271
28.08,0.99922,-0.0351776,-0.00129211,0.0179174,-0.0773603,0.0302193,-0.0243734,-0.0488743,0.225695,-0.951328,0.038041,0.00460875,-0.176208,27.8795,-0.0748158,0.0110225,0.0578627
28.1,0.999219,-0.0352586,-0.000999913,0.0178148,0.0303451,0.075391,-0.027221,-0.0486921,0.22571,-0.952292,0.0405049,-0.00466953,-0.167596,27.8687,-0.0641239,0.0254608,-0.197953
28.12,0.999205,-0.0358469,-0.000494268,0.0174574,-0.100928,0.0104586,-0.034313,-0.0482538,0.225694,-0.95487,0.0360525,0.0050647,-0.169852,29.5488,-0.0758687,-0.0119353,-0.159421
28.14,0.999206,-0.0358742,-0.000211813,0.0173034,0.012578,0.0770259,-0.0452888,-0.0481217,0.22568,-0.955703,0.0381159,-0.00245995,-0.167412,23.6136,-0.116448,0.0659992,-0.0843037
28.16,0.999204,-0.0362087,0.000119638,0.0167501,-0.0189844,0.0336873,-0.0487703,-0.0475297,0.225637,-0.959106,0.0374277,-0.000835469,-0.165314,30.7818,0.00578616,-0.00452954,-0.257127
28.18,0.999205,-0.0363028,0.000138284,0.016494,-0.0240552,0.00789855,-0.0198165,-0.0471528,0.225583,-0.961174,0.0375865,-0.00714745,-0.163407,28.0617,0.00070388,0.0542244,-0.1988
28.2,0.999216,-0.0361302,0.000165047,0.0161721,-0.0208655,0.00684554,-0.0440314,-0.0468185,0.225536,-0.962992,0.0319099,-0.00275449,-0.164755,28.5167,0.0189183,-0.00298194,-0.432261
28.22,0.999227,-0.035939,7.37472e-05,0.0159464,0.0355677,-0.0377523,-0.028621,-0.0465778,0.225434,-0.964611,0.0388694,-0.00960885,-0.160181,27.7452,-0.0671884,-0.0128704,-0.165814
28.24,0.999244,-0.0355863,2.06613e-05,0.0156466,0.0122421,0.018651,-0.0299015,-0.0463271,0.225343,-0.966262,0.0295166,-0.00619606,-0.1644,27.2011,-0.0775647,0.0137259,-0.264328
28.26,0.999267,-0.0350996,-0.000264193,0.0152993,0.0154175,-0.0271241,-0.0238411,-0.0459014,0.225199,-0.968895,0.0372063,-0.0138921,-0.160224,27.8471,0.0221035,0.0220118,-0.251277
28.28,0.999288,-0.0345845,-0.000543514,0.0150475,0.0679062,0.012243,-0.0283034,-0.045527,0.225081,-0.970907,0.0325971,-0.0100504,-0.153093,28.4267,-0.0432938,0.098221,-0.132205
28.3,0.999299,-0.0343719,-0.000946455,0.0148348,0.00537706,-0.059273,-0.0339302,-0.0452409,0.224976,-0.972783,0.0380865,-0.00497842,-0.159263,26.2308,-0.0771691,0.0112679,-0.0798049
28.32,0.999305,-0.0342362,-0.0012172,0.0146625,-0.0212858,0.0146863,-0.0102343,-0.0449647,0.224885,-0.974512,0.0326707,-0.014494,-0.155893,29.6102,0.000934749,-0.0367488,-0.296273
28.34,0.999309,-0.0342678,-0.00170177,0.0143229,-0.000846944,-0.0184414,-0.0287531,-0.0445671,0.224665,-0.976971,0.0380254,-0.0148944,-0.1547,26.1024,-0.0538646,0.00619472,-0.149094
28.36,0.999306,-0.034433,-0.0019153,0.0141105,-0.0231911,0.0138668,-0.00712448,-0.0443115,0.224534,-0.978685,0.0279101,-0.0111118,-0.147825,29.1772,-0.0307967,0.0431844,-0.266917
28.38,0.999299,-0.0346995,-0.001922,0.013897,-0.0132674,-0.00375264,-0.0318636,-0.0440222,0.224363,-0.980454,0.0371235,-0.0155425,-0.151383,28.4452,-0.0143146,0.0102407,-0.176307
28.4,0.999299,-0.0347571,-0.00178062,0.0138195,-0.0270966,0.0419804,-0.0102037,-0.0438874,0.224282,-0.981352,0.0297132,-0.022211,-0.158,29.6989,-0.0123619,0.0706464,-0.0934863
28.42,0.999286,-0.0353091,-0.00143757,0.0133353,-0.0200819,0.0321603,-0.0269989,-0.0432591,0.223937,-0.98497,0.0351711,-0.0169694,-0.148809,28.4176,-0.0238746,-0.051919,-0.248402
28.44,0.999285,-0.0354699,-0.00119837,0.0130802,-0.00838861,0.045166,-0.016599,-0.0429628,0.223802,-0.986587,0.025606,-0.0145145,-0.143653,28.582,0.0742204,0.0714824,-0.207556
28.46,0.999281,-0.0356888,-0.00102373,0.0127813,-0.0182002,-0.000778122,-0.0397715,-0.0426522,0.223633,-0.988232,0.035359,-0.0157725,-0.146185,26.8336,-0.0318808,-0.000860297,-0.0363018
28.48,0.999275,-0.0359219,-0.000871473,0.0125611,-0.0318552,0.0550159,-0.00760364,-0.0423308,0.22354,-0.98993,0.0277663,-0.0176451,-0.143336,29.0345,-0.0765148,0.01618,-0.102517
28.5,0.999269,-0.0362096,-0.000835195,0.0122437,-0.0503473,-0.0225366,-0.0496191,-0.0419918,0.223403,-0.991658,0.0338479,-0.0141236,-0.142421,28.2347,-0.0199329,0.00705031,-0.248543
28.52,0.999273,-0.0362387,-0.000656299,0.0118162,0.0261113,0.00345638,-0.0259492,-0.0412998,0.223167,-0.994174,0.0233935,-0.0183912,-0.139096,29.0039,-0.0324806,0.0805257,-0.126124
28.54,0.999271,-0.0363542,-0.000721761,0.011654,-0.0393766,-0.0465312,-0.0474603,-0.0410739,0.223077,-0.994993,0.0300239,-0.00604967,-0.136822,30.934,0.00822269,-0.0698493,-0.258007
28.56,0.999287,-0.036051,-0.000482134,0.01125,0.087312,0.0475996,-0.00906948,-0.040429,0.222841,-0.997442,0.0235829,-0.0246421,-0.137371,26.9092,-0.050033,0.0346353,-0.252322
28.58,0.99929,-0.0359985,-0.000603797,0.011076,0.00901437,-0.0519276,-0.0344137,-0.040211,0.222744,-0.9983,0.0273185,-0.0100969,-0.137442,27.8127,-0.0233078,0.0221733,-0.225077
28.6,0.999325,-0.0351771,-0.000581224,0.0105763,0.0544985,-0.0535614,-0.0079339,-0.03929,0.222426,-1.0018,0.0251403,-0.0112987,-0.13661,27.6826,-0.0598545,-0.0426674,-0.20958
28.62,0.999344,-0.0347263,-0.00049715,0.010266,0.0375219,0.005886,-0.0387196,-0.0387324,0.222259,-1.00356,0.0294892,-0.0157506,-0.14396,31.5016,-0.0166235,0.00602837,-0.0919371
28.64,0.999358,-0.0343835,-0.000704131,0.0100672,0.0673992,-0.05691,-0.0016455,-0.0382047,0.222117,-1.00515,0.0247507,-0.0247323,-0.13115,26.4673,-0.0648447,0.0243115,-0.252577
28.66,0.999367,-0.0341794,-0.000693118,0.00980888,-0.00178866,-0.00554434,-0.044858,-0.0376723,0.221949,-1.00681,0.0270393,-0.0125386,-0.140602,26.9736,-0.00837101,0.0189896,-0.186936
28.68,0.999377,-0.0339586,-0.000872545,0.00960069,0.0758951,-0.000440482,-0.0209879,-0.0371475,0.22179,-1.00852,0.0278643,-0.0278015,-0.131442,28.3288,-0.00360002,0.0344931,0.0287535
28.7,0.999386,-0.0337746,-0.00104632,0.00927846,0.0155625,0.00938509,-0.0371462,-0.0363425,0.221545,-1.01111,0.0291495,-0.0163771,-0.141028,28.3838,-0.0347442,0.0092858,0.0524347
28.72,0.99939,-0.0336854,-0.00129852,0.00910029,0.015418,-0.0691148,-0.0071477,-0.0357397,0.221379,-1.01303,0.0275208,-0.025551,-0.140476,29.1478,-0.0154019,-0.0305141,-0.216936
28.74,0.999397,-0.0335636,-0.00129499,0.00884377,0.00311245,0.0138386,-0.0329405,-0.0351544,0.221247,-1.01478,0.0302741,-0.0163798,-0.141868,28.229,-0.0122314,0.0375105,0.00601791
28.76,0.999402,-0.0334403,-0.00140194,0.00871764,0.0517387,-0.00569034,-0.0170281,-0.0345686,0.221108,-1.01658,0.0300761,-0.0245504,-0.13489,29.4263,-0.0385247,0.0717938,-0.135197
28.78,0.999406,-0.0333947,-0.00137045,0.00841172,-0.0137622,0.0222517,-0.0340757,-0.0336971,0.22091,-1.01935,0.0281175,-0.0124196,-0.13851,28.4552,-0.0506268,-0.0230007,-0.157847
28.8,0.999409,-0.0333442,-0.00133187,0.00830591,0.0394657,0.0491397,-0.0310523,-0.0333899,0.220858,-1.02028,0.0310629,-0.0235597,-0.132056,27.7198,-0.0293474,0.00476137,-0.168429
28.82,0.999401,-0.0336345,-0.00119355,0.00805089,-0.0655996,0.00719051,-0.0123968,-0.0324221,0.220687,-1.02281,0.0271361,-0.0108995,-0.13324,28.4211,0.0106961,0.0204082,-0.0834718
28.84,0.999397,-0.0338247,-0.0010283,0.00782783,0.0112016,0.0200465,-0.0268628,-0.0317528,0.220558,-1.02469,0.0295162,-0.0220912,-0.127423,26.9239,-0.0143385,-0.0213628,-0.0951379
28.86,0.999382,-0.0343233,-0.000896067,0.00755343,-0.0891239,0.00244076,-0.0202978,-0.0311192,0.220419,-1.02641,0.0249366,-0.0169635,-0.133611,26.8685,-0.0309813,0.0898907,-0.0109133
28.88,0.999361,-0.0350156,-0.000699397,0.00720845,-0.0448556,0.00647821,-0.0251205,-0.030165,0.220199,-1.02898,0.0278025,-0.0253902,-0.125921,29.9631,-0.0730343,-0.0280564,-0.0164915
28.9,0.999352,-0.0352959,-0.000563606,0.00707005,-0.0980496,-0.0021404,-0.0234937,-0.0298362,0.220109,-1.02984,0.0256293,-0.0207632,-0.123929,27.9377,0.0722,-0.0984403,-0.0509368
28.92,0.999343,-0.0356332,-0.000281972,0.00667197,0.0117385,-0.00508996,-0.0398722,-0.0288381,0.219883,-1.03229,0.0275913,-0.0238198,-0.119214,27.9748,-0.0733968,0.0851102,-0.233364
28.94,0.999334,-0.0358884,-0.000172591,0.00655537,-0.0767434,-0.0138768,-0.0121134,-0.0284875,0.219825,-1.03308,0.0282153,-0.0228342,-0.116738,28.6596,0.0187905,0.0550118,-0.0537058
28.96,0.999335,-0.0359581,0.000410753,0.00606842,-0.028257,0.0167171,-0.0208971,-0.0271105,0.219501,-1.03659,0.028079,-0.0254951,-0.11989,29.8856,0.0636757,0.0290604,-0.0782613
28.98,0.999337,-0.035914,0.000600168,0.00593746,-0.0498146,0.0237965,-0.0117926,-0.026797,0.219402,-1.03741,0.0230839,-0.0312035,-0.128364,28.3067,-0.104315,-0.0699651,-0.0586437
29,0.99935,-0.0356262,0.000849264,0.00550757,0.0292005,-0.020724,-0.0362027,-0.025829,0.219103,-1.0399,0.0265528,-0.0248968,-0.115162,27.446,-0.0151138,0.028849,-0.132194
29.02,0.999354,-0.0355097,0.00101366,0.00539839,-0.0106084,0.0125603,-0.00878211,-0.0254795,0.219017,-1.04065,0.0226985,-0.0333137,-0.122821,30.2668,-0.0240928,0.0170671,-0.133896
29.04,0.999376,-0.0349769,0.00107075,0.00489543,-0.0081337,-0.0170017,-0.0212735,-0.0241735,0.218678,-1.04379,0.0273828,-0.0305431,-0.115216,28.7175,0.0519776,-0.000694877,-0.197382
29.06,0.999385,-0.0347409,0.00100332,0.00463774,0.0604638,0.0499943,-0.0226301,-0.0235338,0.218516,-1.04533,0.0173187,-0.0192344,-0.111041,24.2985,-0.0856704,0.0342354,-0.108388
29.08,0.999389,-0.034654,0.000714142,0.00444826,-0.00153004,-0.0554747,-0.0381957,-0.0228526,0.218321,-1.04706,0.0277862,-0.0205469,-0.111388,31.302,0.0272517,0.0528635,-0.0553545
29.1,0.999396,-0.0344963,0.000560564,0.00426374,-0.00141817,0.037758,-0.0170992,-0.0222417,0.218167,-1.0486,0.0188637,-0.0326912,-0.106521,28.5988,0.0431129,-0.0429992,-0.384627
29.12,0.999397,-0.03448,0.000209614,0.00405,-0.0223689,-0.0802988,-0.0424605,-0.0215465,0.218079,-1.05,0.0217197,-0.0163853,-0.107615,28.2106,-0.103158,-0.0380603,-0.109667
29.14,0.999398,-0.0344691,-6.03892e-05,0.00386682,0.00447421,-0.0137409,-0.00449957,-0.0205349,0.21801,-1.05213,0.0174207,-0.0232077,-0.10376,26.4249,-0.02125,0.112824,-0.0670851
29.16,0.999398,-0.0344929,-0.000329142,0.0037794,-0.0348148,-0.130049,-0.0280381,-0.0202028,0.217979,-1.05288,0.0166255,-0.0115204,-0.103837,28.8169,-0.0352769,0.00262593,-0.0659399
29.18,0.999399,-0.0344815,-0.000381625,0.00354825,0.00715105,0.0296171,-0.0114572,-0.0192358,0.217912,-1.05512,0.0175561,-0.0243995,-0.104242,28.578,0.0899795,-0.0109642,-0.22385
29.2,0.999399,-0.0344887,-0.000576158,0.00350589,-0.00452202,-0.0629874,-0.00673132,-0.018915,0.217884,-1.05588,0.0165955,-0.0138736,-0.102625,32.9798,-0.0685009,-0.0288808,-0.013376
29.22,0.999393,-0.0346692,-0.000709024,0.00323692,0.00885792,-0.00512231,4.50874e-05,-0.0173953,0.217849,-1.05884,0.0136742,-0.0287895,-0.103182,28.4381,-0.0517611,0.0149616,-0.171021
29.24,0.99939,-0.0347793,-0.000779255,0.00313928,-0.0307271,-0.031087,-0.0207373,-0.0170341,0.217843,-1.05954,0.0155923,-0.0169701,-0.10199,30.8981,0.0260044,0.0277033,-0.326634
29.26,0.999384,-0.0349757,-0.000566173,0.00297603,0.0181775,0.0775551,0.00093766,-0.0159222,0.217877,-1.06161,0.0161299,-0.0258442,-0.102093,25.8321,0.0253326,-0.00562332,-0.235045
29.28,0.99938,-0.0350927,-0.000619539,0.00290206,0.00144666,-0.00124492,-0.00655955,-0.015558,0.217868,-1.06234,0.0125629,-0.0179997,-0.102242,30.2291,-0.0925443,0.0114804,-0.0882084
29.3,0.999371,-0.0353745,-0.000275109,0.00261341,-0.0201037,0.054794,-0.0248686,-0.0145144,0.217848,-1.06448,0.018819,-0.0237267,-0.0989574,29.1079,-0.0672952,-0.0183476,-0.111849
29.32,0.999348,-0.0360222,3.83655e-05,0.00236883,-0.109788,-0.014608,-0.0278896,-0.0132741,0.217863,-1.06642,0.0175587,-0.0173732,-0.0980822,27.7849,-0.0132122,-0.0305362,-0.204624
29.34,0.999344,-0.0361398,0.000124371,0.00226611,-0.069782,0.0357368,-0.0352129,-0.012903,0.217869,-1.06703,0.0169306,-0.0214288,-0.103273,27.2219,-0.0335825,-0.0256905,-0.258423
29.36,0.999325,-0.0366905,0.000476009,0.00189528,-0.0884464,0.000493434,-0.0292737,-0.0117463,0.217864,-1.06893,0.0179928,-0.018745,-0.0932581,29.9275,-0.0311396,0.0613805,-0.142988
29.38,0.999312,-0.0370486,0.000791041,0.00164198,0.0394314,0.0220319,-0.00253934,-0.0106412,0.217818,-1.07084,0.0182604,-0.028886,-0.0941267,29.1069,-0.0139838,0.0142918,-0.169646
29.4,0.999296,-0.0374826,0.000966964,0.00136298,-0.114165,-0.0293221,-0.0309635,-0.00987785,0.217715,-1.07213,0.0138339,-0.0209818,-0.0973889,29.2175,0.0135217,0.0345545,-0.443041
29.42,0.999296,-0.0374913,0.00119808,0.00120769,-0.0233772,0.0369232,-0.0507662,-0.00948349,0.217691,-1.07262,0.0181366,-0.0225391,-0.0891639,30.3472,-0.00925728,0.0072486,-0.287575
29.44,0.999286,-0.0377388,0.00140783,0.000998973,-0.0102493,0.0697881,-0.0123969,-0.00870522,0.217615,-1.07358,0.0192708,-0.031455,-0.082266,29.8122,-0.0240671,0.0131148,-0.223435
29.46,0.999283,-0.0378062,0.00165789,0.000707856,-0.0671272,0.0456605,-0.0479057,-0.00795422,0.217516,-1.07457,0.013266,-0.0196099,-0.0831038,28.0537,-0.045802,-0.0446147,-0.373627
29.48,0.999286,-0.0377297,0.00209011,0.000353461,-0.0264463,0.00929176,-0.00606197,-0.00691054,0.217335,-1.07609,0.013611,-0.0322263,-0.0844205,29.0468,-0.00510845,0.0536388,-0.255064
29.5,0.999302,-0.0372994,0.00224853,-3.0349e-05,0.0798568,-0.0197279,-0.0345749,-0.00590659,0.217062,-1.07764,0.0180768,-0.0303061,-0.0831496,27.7107,-0.0418317,-0.0211979,-0.395681
29.52,0.999305,-0.0372076,0.00243985,-0.000285847,-0.036287,0.0455751,-0.0187569,-0.00522999,0.216855,-1.07845,0.0098238,-0.0358679,-0.0858769,28.1987,-0.0184922,0.0128662,-0.329163
29.54,0.999319,-0.0368304,0.00235654,-0.000490301,0.0767224,-0.0559997,-0.025828,-0.00459074,0.216701,-1.0792,0.0125106,-0.0260721,-0.0788598,29.4182,-0.0375682,-0.0113697,-0.290673
29.56,0.999325,-0.0366567,0.0023109,-0.000679164,0.0041517,0.00380185,-0.0157108,-0.00397176,0.216508,-1.07998,0.0104243,-0.042244,-0.0844631,29.2535,-0.0248222,-0.0136811,-0.279844
29.58,0.999337,-0.0363439,0.00194989,-0.00101887,0.0456307,-0.0495199,-0.0269221,-0.00306813,0.216163,-1.08119,0.0161557,-0.0282729,-0.0770431,30.1416,0.0248397,0.0344973,-0.376057
29.6,0.999342,-0.0362103,0.00165555,-0.00112942,-0.0246513,-0.0116432,-0.00225707,-0.00248469,0.215948,-1.08186,0.00847261,-0.0408934,-0.0697095,29.8057,-0.0578602,-0.0156803,-0.390828
29.62,0.999351,-0.0359784,0.00123048,-0.0013225,0.0265253,-0.100433,-0.0303131,-0.00191578,0.21572,-1.08244,0.0103711,-0.0263696,-0.0773061,28.3827,-0.0596957,-0.0461624,-0.0852465
29.64,0.999355,-0.0358712,0.00122511,-0.0013988,0.0859077,0.0138561,-0.0247482,-0.00162674,0.215573,-1.08285,0.0120696,-0.0302861,-0.0733305,31.8134,0.0517608,0.0755803,-0.204336
29.66,0.999371,-0.0354222,0.000562713,-0.00156594,0.057843,-0.0202259,-0.0175641,-0.000528922,0.215097,-1.08417,0.0107547,-0.0293131,-0.0731395,25.8083,0.00539434,-0.0223451,-0.271864
29.68,0.999376,-0.0352747,0.00037754,-0.00161154,0.00733306,0.0119888,-0.0116731,-3.03462e-05,0.214807,-1.08489,0.0127627,-0.0438581,-0.0717392,32.1388,-0.000404996,-0.00385227,-0.337468
29.7,0.999383,-0.0350819,0.00020729,-0.00168603,0.0433555,-0.0393382,0.0157041,0.000444556,0.214489,-1.08566,0.00799516,-0.0331798,-0.079592,29.1681,-0.0167685,0.0660536,-0.274307
29.72,0.999381,-0.0351259,0.000185097,-0.00178864,-0.0046992,0.00358585,-0.0176988,0.000930717,0.214236,-1.08615,0.00779109,-0.0405918,-0.0739431,27.9995,-0.0318311,-0.00982723,-0.372833
29.74,0.999383,-0.0350849,0.000176655,-0.00179515,0.00211486,-0.027739,0.0119474,0.00141763,0.213919,-1.08683,0.00418262,-0.0444089,-0.0816583,30.2487,-0.0604399,-0.0882544,-0.185426
29.76,0.999372,-0.0353698,0.00021523,-0.00199426,-0.0694634,-0.011122,-0.0184239,0.00207005,0.213478,-1.08778,0.00857645,-0.0387943,-0.0700489,27.9373,-0.0166207,0.0824379,-0.257886
29.78,0.999371,-0.0354178,0.00030773,-0.00201215,-0.0380111,0.00888091,0.000915873,0.00228083,0.213333,-1.0881,0.00575183,-0.0441701,-0.0806219,30.9187,0.0136032,0.015737,-0.205209
29.8,0.999348,-0.0360382,0.000448258,-0.00218862,-0.103826,-0.000317893,-0.0272863,0.00289991,0.212831,-1.08891,0.00570332,-0.0354185,-0.0666951,30.5742,-0.0333526,0.00382663,-0.235735
29.82,0.999345,-0.0361087,0.000584489,-0.00222288,-0.0488267,0.0312206,-0.0221028,0.00310742,0.212666,-1.08909,0.00484416,-0.042595,-0.0757538,27.6937,0.0371171,0.0126152,-0.280135
29.84,0.999319,-0.0368042,0.000910326,-0.00254482,-0.0733238,0.027361,-0.0227027,0.00383449,0.211832,-1.0899,0.00170073,-0.0375643,-0.0663567,28.0786,-0.00283731,0.0435776,-0.461799
29.86,0.999319,-0.0368008,0.00104844,-0.00258423,0.0403479,0.0369629,-0.0138666,0.00399938,0.211622,-1.09009,0.00422759,-0.0471169,-0.0678571,30.1766,-0.00564484,0.0697273,-0.200168
29.88,0.999305,-0.0371559,0.00129007,-0.00285067,-0.0793909,0.0264817,-0.0371949,0.0044848,0.21094,-1.09074,0.00357705,-0.0421099,-0.0639278,27.755,0.0287303,-0.0923754,-0.331845
29.9,0.999307,-0.0370743,0.00140989,-0.00292285,0.0214601,0.03661,-0.0327484,0.00463845,0.210697,-1.09097,0.00181172,-0.0416883,-0.0644221,29.9563,-0.059417,-0.00507908,-0.296137
29.92,0.999308,-0.0370164,0.00173557,-0.00317502,-0.0076805,0.036364,-0.0314273,0.00510343,0.209816,-1.09146,0.000191255,-0.0426576,-0.0631824,31.7721,0.104413,-0.0303955,-0.206456
29.94,0.999319,-0.0367094,0.00183064,-0.00327441,0.0731816,0.0295619,0.000835993,0.00529055,0.209356,-1.09167,0.00109071,-0.0514275,-0.0679311,30.4213,-0.0464555,0.0803813,-0.388321
29.96,0.999325,-0.0365352,0.00182256,-0.00344057,-0.0133788,0.0384809,-0.0178016,0.0054755,0.208787,-1.09199,-0.0022629,-0.0470782,-0.056966,28.9074,0.0437751,-0.020178,-0.0915507
29.98,0.999339,-0.0361367,0.00182223,-0.00352896,0.0883773,-0.0192614,-0.0122781,0.00562784,0.208265,-1.09227,0.00269631,-0.0470228,-0.060426,29.8126,0.00288338,0.0212232,-0.282476
30,0.999345,-0.0359613,0.00184247,-0.00366227,-0.00344187,0.035164,-0.0115644,0.00576373,0.207737,-1.09258,-0.00536063,-0.0514015,-0.0554195,28.7808,0.00641848,0.0153618,-0.20492
30.02,0.999357,-0.0355961,0.00175491,-0.00381194,0.0565541,0.00817181,-0.00246917,0.00592036,0.207061,-1.0926,0.00160318,-0.056509,-0.0642016,31.9541,-0.032724,-0.0530694,-0.343176
30.04,0.999357,-0.0356155,0.00159895,-0.00387421,-0.0560972,-0.00618907,0.00802227,0.00597743,0.206599,-1.09267,-0.00591801,-0.051684,-0.0538051,29.5163,0.0469092,-0.015262,-0.397689
30.06,0.999366,-0.0353596,0.00143529,-0.00395125,0.0628139,-0.0415823,-0.0189401,0.00602102,0.206024,-1.09291,-0.00413748,-0.0447048,-0.0592789,27.5545,-0.0391629,0.0386559,-0.343883
30.08,0.999367,-0.0353319,0.00141229,-0.00393173,0.0713808,0.0265975,0.000462638,0.00603883,0.205775,-1.093,-0.0040623,-0.055032,-0.0628362,31.1799,0.0333215,-5.66762e-06,-0.378456
30.1,0.999372,-0.0351855,0.000964136,-0.00398943,0.0325282,-0.0685958,-0.00533529,0.00608045,0.205007,-1.09344,-0.00798411,-0.0433207,-0.0626506,30.1365,0.0223341,-0.0334529,-0.225056
30.12,0.999372,-0.0351933,0.000953596,-0.00399095,0.0667164,0.0170645,-0.00822022,0.00604969,0.20478,-1.09343,-0.00419042,-0.0463712,-0.0634538,29.6247,0.00712949,0.0167019,-0.416263
30.14,0.999381,-0.0349665,0.000401896,-0.00388738,0.0521325,-0.0383853,-0.00414217,0.00589976,0.20377,-1.09353,-0.00803896,-0.0458515,-0.0575713,29.3877,-0.0151362,-0.0071336,-0.263789
30.16,0.99938,-0.0350017,0.000351519,-0.00387643,0.0206784,0.00701398,-0.00259837,0.00583993,0.203497,-1.09356,-0.00854439,-0.0530771,-0.0541553,29.3581,0.056722,0.00874756,-0.33394
30.18,0.999394,-0.0345948,-2.24788e-05,-0.00375027,0.0833871,-0.0490968,0.0253439,0.00566177,0.202689,-1.09377,-0.0105197,-0.0473922,-0.0628138,29.0176,-0.0649567,-0.0196318,-0.241524
30.2,0.999401,-0.0344092,-0.000350773,-0.00366159,0.0062917,0.0119513,-0.00405899,0.0054386,0.201858,-1.09407,-0.0072065,-0.0551979,-0.0633056,31.202,0.0333709,-0.0367846,-0.40838
30.22,0.999408,-0.0342222,-0.000496333,-0.00361278,0.109103,-0.00673119,0.0209244,0.00534351,0.201641,-1.09405,-0.0101983,-0.0636856,-0.0574335,28.8299,0.0514292,0.0460017,-0.345878
30.24,0.999409,-0.0341701,-0.000973423,-0.00347523,-0.0250219,-0.0387846,-0.00103563,0.00502696,0.200955,-1.09418,-0.0105341,-0.0477577,-0.0649192,31.1797,0.00610846,-0.056646,-0.39653
30.26,0.999418,-0.0339145,-0.00133444,-0.0033225,0.0586352,-0.0920753,0.0333977,0.00481898,0.200509,-1.09438,-0.0127822,-0.0555569,-0.0628379,28.3696,0.0445335,-0.00529605,-0.302386
30.28,0.999424,-0.0337583,-0.00151431,-0.00320923,0.0437975,0.0296802,-0.00111545,0.00448487,0.199793,-1.09478,-0.0104078,-0.053346,-0.0618069,29.3047,-0.0136745,0.00852129,-0.337355
30.3,0.999427,-0.0336696,-0.00161545,-0.00311613,0.0764633,-0.0419124,0.0257393,0.00437218,0.199533,-1.09495,-0.0109492,-0.056733,-0.067388,31.3291,0.0496914,-0.0331804,-0.197219
30.32,0.999421,-0.0338484,-0.00175888,-0.00297489,-0.0599068,0.0150195,-0.00976301,0.00390501,0.198721,-1.09518,-0.0113511,-0.049403,-0.0686128,30.4706,0.0516238,0.0560632,-0.513815
30.34,0.999422,-0.0338348,-0.00175001,-0.00291652,0.0312687,0.012439,0.00336626,0.00376109,0.198468,-1.09525,-0.00835039,-0.0567207,-0.0604324,27.9816,-0.0300579,-0.0167563,-0.316849
30.36,0.999403,-0.0343925,-0.00169081,-0.0027509,-0.0368806,0.0324945,-0.00723353,0.00317688,0.197394,-1.09571,-0.0110952,-0.0485366,-0.0625747,28.3018,0.0277498,0.0502395,-0.392339
30.38,0.999396,-0.0346134,-0.00159773,-0.0026955,0.00333455,0.0241605,0.00606554,0.00289015,0.196834,-1.09603,-0.00967134,-0.0563238,-0.068024,27.9535,-0.0960406,-0.0551603,-0.406093
30.4,0.999382,-0.0350062,-0.00145722,-0.00268441,-0.105608,0.0205251,-0.00589436,0.00262485,0.196249,-1.09642,-0.00978093,-0.0477524,-0.0611231,30.3476,0.0433674,-0.0174204,-0.390608
30.42,0.99938,-0.0350708,-0.00130429,-0.0026806,0.00547207,0.0206194,-0.00427932,0.00246722,0.195943,-1.09646,-0.00954027,-0.0548117,-0.0682767,29.3507,0.010697,-0.0124646,-0.305997
30.44,0.999358,-0.0357065,-0.00104154,-0.00262157,-0.115078,0.0207666,0.00354901,0.00198229,0.194971,-1.09678,-0.0138658,-0.0557294,-0.0774758,29.0792,0.0344491,-0.0521356,-0.179475
30.46,0.999346,-0.0360578,-0.000671486,-0.00264642,-0.0297093,0.0202586,0.000214047,0.00151818,0.193988,-1.09714,-0.00706928,-0.058788,-0.0652479,30.9175,0.00837459,-0.0223338,-0.188259
30.48,0.99934,-0.0362386,-0.000526282,-0.00265195,-0.106259,0.0310267,0.015137,0.00136007,0.193663,-1.09728,-0.0154723,-0.0583838,-0.07283,29.9286,0.0211496,0.035798,-0.270024
30.5,0.999331,-0.0364667,-0.000249339,-0.00273414,-0.00147821,-0.00702872,-0.0192582,0.000882243,0.192641,-1.09778,-0.00634733,-0.0600485,-0.062481,32.0165,0.0365479,-0.00870073,-0.366922
30.52,0.99933,-0.0364865,-3.45021e-05,-0.00283486,-0.0127226,0.0728909,0.00203968,0.000554035,0.19197,-1.098,-0.0167645,-0.0574148,-0.0629924,27.1943,0.0788279,0.00992944,-0.485412
30.54,0.999334,-0.0363833,1.69045e-05,-0.00296451,-0.0116382,-0.0135999,-0.00778167,6.23769e-05,0.190853,-1.09825,-0.00800946,-0.0627015,-0.068582,30.25,0.0283465,0.0225951,-0.36932
30.56,0.999336,-0.0363032,-1.95712e-05,-0.00299413,0.000825825,0.0596193,0.00204522,-0.000118264,0.190511,-1.09834,-0.0146678,-0.0638109,-0.0719339,29.1738,-0.0398008,-0.0150127,-0.304084
30.58,0.999346,-0.0360295,-0.000163342,-0.0031794,0.0268146,-0.0189581,-0.0251684,-0.000590528,0.189438,-1.09872,-0.00823681,-0.0586068,-0.0648738,30.7323,0.0666727,-0.01517,-0.469737
30.6,0.999351,-0.0358754,-0.000192711,-0.00316053,0.0214149,0.0187898,0.00194388,-0.000747174,0.189066,-1.09888,-0.0115323,-0.0618709,-0.0685781,30.1501,-0.0406306,0.0161146,-0.363667
30.62,0.999364,-0.0355047,-0.000428243,-0.00327543,0.0164752,-0.035427,-0.0249193,-0.00118278,0.188024,-1.09914,-0.00926181,-0.0534891,-0.0629752,26.9784,0.00604307,-0.0359737,-0.186764
30.64,0.999384,-0.034929,-0.000638889,-0.0032695,0.0589414,-0.0222783,0.0162778,-0.00160445,0.186891,-1.0995,-0.0179904,-0.0689019,-0.0636297,28.2871,0.00443562,0.0504903,-0.376854
30.66,0.999392,-0.0346959,-0.000794143,-0.00328848,0.0110566,-0.0287642,-0.00749721,-0.00188498,0.186131,-1.09979,-0.0102628,-0.0559985,-0.0680279,28.4619,0.0250729,-0.0325448,-0.216348
30.68,0.999404,-0.0343679,-0.000978893,-0.00323247,0.0649146,0.00739025,0.0113239,-0.00215933,0.185366,-1.10014,-0.0099823,-0.0693696,-0.0678176,29.8835,0.0406181,0.0330479,-0.147
30.7,0.999407,-0.0342529,-0.00118243,-0.00321667,0.0558331,-0.048882,0.00683464,-0.00229103,0.184976,-1.10035,-0.0156807,-0.0628639,-0.0641358,28.852,0.0019819,-0.0154231,-0.0416291
30.72,0.999426,-0.0336738,-0.00158922,-0.00320852,0.078691,-0.00969672,0.0112572,-0.00275916,0.183434,-1.10097,-0.0153214,-0.0696698,-0.0696879,32.6554,-0.0332482,-0.0234768,-0.174962
30.74,0.999425,-0.0337174,-0.00174022,-0.00321973,0.022662,-0.0310436,0.0055837,-0.00286651,0.183064,-1.10107,-0.0121333,-0.0580454,-0.0673131,32.3063,-0.0127787,-0.00599294,-0.306631
30.76,0.999429,-0.0335653,-0.00198906,-0.00326066,0.0779714,0.0126204,-0.0060443,-0.00315159,0.181798,-1.10158,-0.00950272,-0.0645808,-0.0614121,28.1083,0.0238152,0.0463151,-0.352576
30.78,0.999422,-0.033773,-0.00215001,-0.00326263,0.00353903,-0.0289936,0.0123789,-0.00324331,0.181412,-1.10176,-0.0113847,-0.066162,-0.0624408,27.7242,0.0448464,-0.0737577,-0.171463
30.8,0.999402,-0.034337,-0.00221841,-0.00330829,0.0240324,0.0110914,0.00572765,-0.00357355,0.179818,-1.10249,-0.0115964,-0.0663067,-0.0605532,27.7441,-0.00466614,0.00970202,-0.418392
30.82,0.999388,-0.0347486,-0.00209064,-0.00335801,-0.102238,0.00215347,0.00446715,-0.00366338,0.179077,-1.10264,-0.0128406,-0.05745,-0.0695764,29.7344,0.0891227,0.0438882,-0.36551
30.84,0.999381,-0.0349612,-0.00189125,-0.00340502,0.0159383,0.0423258,-0.00502732,-0.00376414,0.178331,-1.10284,-0.00756298,-0.0694767,-0.0611605,29.5553,0.0302364,-0.0705462,-0.333573
30.86,0.99937,-0.035277,-0.00153816,-0.00348109,-0.0801834,0.00248591,0.000131534,-0.00388533,0.177478,-1.10316,-0.0132921,-0.0616081,-0.0724291,28.3081,0.031083,0.0396861,-0.467763
30.88,0.999371,-0.0352738,-0.00121574,-0.00355429,0.0350088,0.0523776,-0.00707295,-0.00398376,0.176671,-1.10349,-0.00942802,-0.0628051,-0.0595205,30.5193,-0.0230094,-0.000777679,-0.172256
30.9,0.999371,-0.0352543,-0.000843459,-0.00364296,-0.00941905,0.046044,-0.00726809,-0.0041274,0.175464,-1.10409,-0.0134211,-0.0592526,-0.0702665,30.4079,0.0101999,0.0103461,-0.518486
30.92,0.99938,-0.0349926,-0.000748943,-0.00373569,0.0562805,-0.0443518,-0.0206811,-0.00415512,0.174748,-1.1042,-0.0103664,-0.0618132,-0.0610852,29.5159,0.0781004,-0.0345834,-0.367712
30.94,0.999386,-0.0348386,-0.000586212,-0.00376812,-0.0125951,0.00156259,0.0123631,-0.00418151,0.174027,-1.10435,-0.010107,-0.0635361,-0.0686546,28.4406,-0.0139235,-0.0188435,-0.308442
30.96,0.999393,-0.03462,-0.000635707,-0.0038472,0.00687486,0.0210454,-0.0171273,-0.00418479,0.173654,-1.10444,-0.0112449,-0.0601849,-0.0609789,31.0291,0.0320495,0.00324574,-0.246575
30.98,0.999409,-0.0341385,-0.000778322,-0.00396516,-0.0152419,0.00194245,0.015911,-0.00424498,0.171961,-1.10506,-0.0101217,-0.064534,-0.0661492,28.6546,0.0228966,0.0370776,-0.219918
31,0.999416,-0.0339204,-0.000819707,-0.00403882,0.0491966,0.000846835,-0.0103097,-0.00423654,0.171557,-1.10521,-0.0109007,-0.0614767,-0.060747,29.2229,-0.0529934,-0.0122967,-0.248889
31.02,0.999421,-0.0337669,-0.00101222,-0.00403424,-0.0320724,0.0119473,0.0161538,-0.00415462,0.170487,-1.10519,-0.00998747,-0.0693475,-0.0646949,28.0984,0.06159,-0.00608155,-0.316312
31.04,0.999432,-0.0334289,-0.00112675,-0.00408317,0.0728242,-0.0386808,-0.0078288,-0.00408994,0.169765,-1.10531,-0.0114575,-0.0544488,-0.0576703,30.5151,-0.0327527,0.00865582,-0.346672
31.06,0.999435,-0.0333406,-0.00111455,-0.00399838,-0.0288907,-0.0208438,0.0216495,-0.00404458,0.169036,-1.10548,-0.00664873,-0.0698523,-0.0670192,28.2031,0.0317495,-0.0125464,-0.209457
31.08,0.999443,-0.0330937,-0.00139745,-0.00403787,0.0164422,-0.0610608,-0.0220949,-0.00396122,0.167809,-1.10599,-0.00646399,-0.0543535,-0.0577626,29.1145,-0.00205068,0.00673064,-0.487146
31.1,0.999445,-0.0330348,-0.00135665,-0.00402603,-0.0254192,-0.0573664,-0.00717713,-0.00392721,0.167413,-1.10616,-0.0034704,-0.0624304,-0.0753853,28.8709,0.0703184,-0.0132413,-0.363998
31.12,0.999452,-0.0328216,-0.00174593,-0.00400253,-0.000365406,-0.104045,0.00261565,-0.00381255,0.166347,-1.10636,-0.0105822,-0.0564854,-0.0596321,32.1838,0.052757,-0.0678711,-0.346011
31.14,0.999454,-0.0327434,-0.00175539,-0.00400267,0.0222488,0.0169544,-0.00998851,-0.00371851,0.165662,-1.10644,-0.00239889,-0.0676346,-0.0721904,30.7683,0.0776918,0.101484,-0.344567
31.16,0.999445,-0.032973,-0.00228998,-0.00405406,-0.0519408,-0.088429,-0.0151361,-0.00357411,0.164583,-1.10668,-0.00304944,-0.0520277,-0.0667213,30.0239,-0.00155545,-0.110175,-0.527207
31.18,0.999446,-0.0329503,-0.00228034,-0.00403879,-0.00878957,-0.013429,-0.0128761,-0.00352531,0.164211,-1.10678,-0.00290231,-0.0637605,-0.0698753,26.0964,-0.0723018,-0.00821872,-0.291556
31.2,0.999442,-0.0330729,-0.00248934,-0.00400054,-0.0174069,-0.0396893,0.00588654,-0.00334171,0.163076,-1.10706,-0.00548162,-0.0580048,-0.067281,28.9134,0.0389317,0.0285526,-0.470715
31.22,0.999442,-0.033085,-0.00238192,-0.00405153,-0.0426735,-0.017026,-0.02005,-0.00326221,0.162751,-1.10703,-0.000925496,-0.0478399,-0.070751,31.7241,0.0500592,0.00492909,-0.297038
31.24,0.999433,-0.0333583,-0.00213759,-0.00406907,-0.0252539,0.0154777,0.00219719,-0.0030524,0.161759,-1.10698,-0.00529985,-0.0648121,-0.061189,29.8194,0.0175512,0.132301,-0.455614
31.26,0.999447,-0.0328778,-0.00155411,-0.00482036,0.0831693,0.0879804,-0.0284767,-0.0028584,0.160709,-1.10707,-0.00153501,-0.0595574,-0.0657157,30.7656,0.0368743,-0.00321336,-0.458712
31.28,0.999461,-0.032365,-0.001303,-0.00528985,0.0652445,0.0633765,-0.0898968,-0.00271915,0.160037,-1.10714,-0.00825526,-0.0551811,-0.0605364,31.8642,0.0476834,-0.0565723,-0.291044
31.3,0.999508,-0.03057,-0.000284505,-0.00703461,0.286424,0.14834,-0.228611,-0.00274149,0.15938,-1.10699,-0.0098414,-0.0577395,-0.0360355,25.8306,0.0236292,0.0148141,-0.485236
31.32,0.999552,-0.0283388,0.000882658,-0.00957456,0.268007,0.178363,-0.289658,-0.0028039,0.158871,-1.10629,-0.0171584,-0.0441072,-0.0120759,30.0333,0.00880389,-0.022099,-0.320899
31.34,0.999578,-0.0260462,0.00191017,-0.0127593,0.117244,0.137933,-0.237818,-0.00288048,0.158115,-1.10438,-0.00954275,-0.0497326,0.0204292,31.2905,0.0491613,-0.00783323,-0.500117
31.36,0.999544,-0.0255585,0.00189998,-0.0159465,0.020425,-0.0628068,-0.463486,-0.00294796,0.157575,-1.10278,-0.0109507,-0.0564813,0.0306571,31.1989,-0.0279318,-0.0383707,-0.317561
31.38,0.999479,-0.0242049,0.00236436,-0.0212276,0.234181,0.117664,-0.634836,-0.00313687,0.156923,-1.10097,-0.0232053,-0.0586845,0.0448321,30.6496,0.0369872,0.00190897,-0.23732
31.4,0.999435,-0.0231184,0.00306526,-0.0241935,0.353999,0.204725,-0.677095,-0.0032856,0.156637,-1.10002,-0.0243267,-0.0521998,0.056595,32.3409,0.0449882,0.0350032,-0.343919
31.42,0.999211,-0.01534,0.00892631,-0.0355201,0.748645,0.580823,-0.9519,-0.00408867,0.156002,-1.09666,-0.0450229,-0.0409028,0.0615043,31.5227,0.0469386,-0.0412373,-0.486747
31.44,0.998902,-0.00807035,0.014121,-0.0439419,0.879391,0.626089,-0.917393,-0.00484918,0.155747,-1.09395,-0.043138,-0.0385752,0.0880262,33.6108,-0.000801603,-0.00675137,-0.46078
31.46,0.998083,0.00232222,0.0195469,-0.0586847,0.730758,0.353704,-1.1267,-0.00601591,0.15555,-1.08933,-0.0462894,-0.0279295,0.130547,37.3785,0.000646749,-0.0187807,-0.446091
31.48,0.997342,0.00733302,0.0207573,-0.0694604,0.487539,0.0974287,-1.25289,-0.00682254,0.155466,-1.0856,-0.0581855,-0.0260631,0.161105,33.1244,0.0132962,-0.0304308,-0.402089
31.5,0.996394,0.0106936,0.0199474,-0.0817713,0.347588,-0.168152,-1.41923,-0.00765893,0.155395,-1.08138,-0.049867,-0.0205681,0.193878,33.4425,0.0183949,-0.0169589,-0.39066
31.52,0.9954,0.0125539,0.016965,-0.0934509,0.173261,-0.435646,-1.20617,-0.0084274,0.155573,-1.07624,-0.0442847,-0.00869471,0.226527,35.4074,-0.00858001,-0.00532312,-0.398439
31.54,0.99452,0.0128629,0.0117786,-0.103077,0.0758822,-0.634171,-0.994365,-0.0090135,0.155973,-1.07063,-0.0333509,0.00655676,0.259971,37.9541,-0.00452189,-0.0418752,-0.382806
31.56,0.993003,0.0134155,0.00353686,-0.117272,0.239801,-0.491083,-1.12845,-0.00991279,0.157051,-1.06135,-0.0371986,0.0257707,0.265766,39.8436,-0.0429777,-0.00458717,-0.338615
31.58,0.992364,0.0140035,0.00136025,-0.12254,0.286503,-0.368535,-1.19205,-0.0102512,0.157547,-1.05837,-0.0401354,0.0352013,0.278179,38.6159,-0.0197144,-0.0370983,-0.328277
31.6,0.98916,0.0187366,-0.00398907,-0.145585,0.334008,-0.151742,-1.32574,-0.0116929,0.160302,-1.04647,-0.0446968,0.069257,0.264639,38.3171,-0.0507947,-0.0161309,-0.322942
31.62,0.987358,0.0203345,-0.00549023,-0.157102,0.129888,-0.21299,-1.26121,-0.0124138,0.162209,-1.04031,-0.0363346,0.090084,0.271578,37.7152,-0.0493645,-0.0192713,-0.393839
31.64,0.985518,0.0206591,-0.0068486,-0.168168,-0.00532824,-0.161952,-1.22427,-0.012982,0.164368,-1.03415,-0.0292083,0.10114,0.275719,38.9251,-0.0500999,-0.04125,-0.448019
31.66,0.982707,0.0188237,-0.00896532,-0.18399,-0.174831,-0.201227,-1.15613,-0.0136099,0.168247,-1.02467,-0.0147126,0.128075,0.273349,37.7075,-0.0698978,-0.0388627,-0.446155
31.68,0.980807,0.0162764,-0.0103038,-0.194029,-0.270164,-0.263366,-1.11674,-0.0137632,0.171071,-1.01876,-0.00877824,0.144659,0.267286,39.9818,-0.0635087,-0.0222215,-0.236537
31.7,0.979858,0.0145472,-0.0110689,-0.198857,-0.377466,-0.288431,-1.07833,-0.0137591,0.172572,-1.0159,0.00467716,0.15685,0.256744,36.5782,-0.111549,-0.0447126,-0.254299
31.72,0.977186,0.00787012,-0.0133258,-0.211823,-0.591051,-0.223825,-0.894153,-0.0134021,0.177796,-1.00712,0.0219363,0.174137,0.238481,36.188,-0.0783233,-0.0437848,-0.537975
31.74,0.976341,0.00520808,-0.0138297,-0.215734,-0.614074,-0.318197,-0.871612,-0.0131326,0.179633,-1.00446,0.0291368,0.192306,0.208142,36.981,-0.0696499,-0.00588346,-0.281326
31.76,0.9747,-0.000949458,-0.0146163,-0.223037,-0.676773,-0.24718,-0.816019,-0.0125002,0.183528,-0.999752,0.0322207,0.191645,0.172066,39.657,-0.130954,-0.00749142,-0.359533
31.78,0.97104,-0.0148107,-0.0150072,-0.237985,-0.791431,-0.0998637,-0.885044,-0.0107653,0.19196,-0.991955,0.0570667,0.206248,0.12182,37.1135,-0.146351,-0.0228298,-0.286574
31.8,0.969967,-0.0182192,-0.0148224,-0.242101,-0.797825,-0.146483,-0.922715,-0.0102148,0.194032,-0.990429,0.0601817,0.208348,0.0893921,39.3335,-0.15674,-0.00855142,-0.375363
31.82,0.966494,-0.028368,-0.0150667,-0.25467,-0.687342,-0.230506,-0.883355,-0.00831455,0.200617,-0.986533,0.0752361,0.209986,0.0410168,34.3871,-0.173858,-0.0449607,-0.435676
31.84,0.963843,-0.0380589,-0.0163196,-0.263234,-0.668069,-0.253729,-0.516899,-0.00560695,0.207365,-0.98392,0.112866,0.210983,-0.0109675,31.8065,-0.179178,-0.0278768,-0.482255
31.86,0.962161,-0.0449305,-0.0180709,-0.268143,-0.740037,-0.381449,-0.672457,-0.00326257,0.21209,-0.983068,0.115304,0.197578,-0.0232404,31.646,-0.205706,0.00613622,-0.311374
31.88,0.959964,-0.0516703,-0.0203436,-0.274565,-0.644031,-0.34272,-0.674567,-0.00114212,0.216235,-0.982589,0.114527,0.193117,-0.0490025,34.262,-0.197879,-0.0237469,-0.53537
31.9,0.957982,-0.0581666,-0.0218558,-0.280016,-0.681312,-0.371772,-0.613002,0.00119894,0.220216,-0.982502,0.129371,0.189873,-0.0757331,34.0208,-0.1448,0.0134875,-0.362226
31.92,0.956092,-0.0647789,-0.0226706,-0.284918,-0.640419,-0.235181,-0.529058,0.00355492,0.22395,-0.983096,0.128916,0.169675,-0.103289,31.5122,-0.177728,0.032612,-0.389609
31.94,0.954402,-0.0723685,-0.0223281,-0.288757,-0.936544,-0.191205,-0.395629,0.00623924,0.22765,-0.983627,0.138489,0.149613,-0.11234,31.7684,-0.25607,-0.0130301,-0.410779
31.96,0.951366,-0.0860424,-0.0202854,-0.295108,-1.19756,-0.132899,-0.539427,0.0104445,0.232454,-0.985336,0.148567,0.123097,-0.154251,28.1996,-0.253524,0.068595,-0.383759
31.98,0.948719,-0.0966832,-0.0187709,-0.300386,-1.24583,-0.189391,-0.664711,0.0134145,0.235131,-0.987342,0.138587,0.0880908,-0.174154,32.0947,-0.126486,0.0364812,-0.412789
32,0.94581,-0.108624,-0.0170763,-0.305536,-1.40835,-0.196091,-0.522622,0.0161778,0.237148,-0.989303,0.142745,0.0546494,-0.174878,28.9296,-0.0607698,0.153997,-0.324961
32.02,0.944387,-0.115009,-0.0163917,-0.307632,-1.43475,-0.26173,-0.467342,0.0175858,0.237954,-0.990329,0.14117,0.0398818,-0.178673,25.5292,-0.218695,-0.0135033,-0.459534
32.04,0.939305,-0.134495,-0.0135278,-0.315332,-1.46008,-0.150697,-0.734905,0.021925,0.239841,-0.992903,0.132637,-0.0134248,-0.166227,29.3091,-0.0540827,0.106801,-0.416371
32.06,0.935758,-0.14617,-0.0108813,-0.320737,-1.26772,-0.0692162,-0.568386,0.0247531,0.240346,-0.994791,0.139396,-0.0283203,-0.169001,28.6002,-0.103534,0.100362,-0.396409
32.08,0.931419,-0.158129,-0.00513435,-0.32776,-0.851027,0.321504,-0.485439,0.0287805,0.239933,-0.998049,0.123832,-0.0910481,-0.185552,29.2075,0.0173682,0.143233,-0.353096
32.1,0.930143,-0.160867,-0.00302262,-0.330072,-0.772479,0.333925,-0.474207,0.0302229,0.239298,-0.999501,0.116767,-0.100763,-0.189017,27.5611,-0.0553988,0.0232493,-0.327088
32.12,0.925182,-0.170631,0.00827823,-0.338902,-0.769897,0.559182,-0.444813,0.0349713,0.235762,-1.00351,0.0892275,-0.176446,-0.150087,27.9067,0.078044,0.111289,-0.257759
32.14,0.92322,-0.172794,0.0159054,-0.342861,-0.404891,0.907428,-0.285177,0.0370899,0.233002,-1.00524,0.076306,-0.229095,-0.15261,27.4777,0.136963,0.13225,-0.340087
32.16,0.922358,-0.172619,0.0201502,-0.345039,-0.299064,1.04818,-0.354558,0.0380182,0.231378,-1.00614,0.0614918,-0.245865,-0.138632,28.3667,0.0432636,0.150732,-0.531817
32.18,0.919525,-0.169448,0.0329939,-0.353092,-0.0416817,1.04109,-0.452069,0.0400815,0.225686,-1.00816,0.0362077,-0.291762,-0.100609,27.6529,0.105334,0.0984934,-0.375425
32.2,0.918622,-0.167871,0.0369072,-0.355796,0.0431261,1.05777,-0.432546,0.0406796,0.223051,-1.00871,0.0263186,-0.311449,-0.0698141,30.7142,0.127022,0.0800366,-0.512494
32.22,0.916418,-0.154821,0.0520392,-0.365378,0.624568,1.26193,-0.259431,0.0421476,0.213143,-1.00958,-0.0131445,-0.357742,-0.0413518,33.1367,0.204595,0.083661,-0.388269
32.24,0.916214,-0.14296,0.0596465,-0.369535,1.06319,1.26427,-0.235688,0.0423927,0.207646,-1.00971,-0.0230466,-0.359994,-0.0309924,29.5808,0.167273,0.0583713,-0.465088
32.26,0.916455,-0.128138,0.0667786,-0.373138,1.33221,1.36291,-0.0989842,0.0423972,0.201865,-1.00947,-0.0400361,-0.384211,-0.00898651,32.9497,0.189033,0.102673,-0.538778
32.28,0.916747,-0.11984,0.0695464,-0.37467,1.55926,1.25618,-0.0910548,0.0422602,0.198864,-1.00924,-0.0542757,-0.388986,0.00745737,31.3138,0.172965,0.0192568,-0.377939
32.3,0.917725,-0.0902715,0.0764669,-0.379189,2.11527,1.36872,-0.0585061,0.0415431,0.189627,-1.00786,-0.0629829,-0.380131,0.0367806,35.1779,0.20329,0.0896615,-0.465689
32.32,0.917085,-0.0539297,0.0834657,-0.386108,2.40452,1.49209,-0.267715,0.0398625,0.179916,-1.00548,-0.104093,-0.378203,0.0952867,34.8571,0.186738,0.00255758,-0.288724
32.34,0.915926,-0.0288712,0.0885192,-0.390397,2.30324,1.65694,-0.24248,0.0384562,0.173988,-1.00326,-0.117697,-0.361233,0.115896,36.5292,0.178625,0.0313677,-0.482233
32.36,0.913854,-0.00508242,0.0929345,-0.395232,2.22187,1.45077,-0.321469,0.0365357,0.168368,-1.00037,-0.134753,-0.359106,0.162426,34.8672,0.16496,0.0225049,-0.45095
32.38,0.911475,0.0177115,0.0958407,-0.399643,2.17796,1.2693,-0.352387,0.0346126,0.163005,-0.996864,-0.142814,-0.309051,0.197795,34.5501,0.142026,-0.0352808,-0.22726
32.4,0.907176,0.0483178,0.0963795,-0.406703,2.06329,0.86411,-0.458101,0.0312322,0.155517,-0.990212,-0.145901,-0.276032,0.246541,36.7887,0.128046,-0.0295675,-0.475989
32.42,0.903948,0.0662756,0.0940882,-0.411866,1.98579,0.446077,-0.409676,0.0285792,0.150659,-0.984693,-0.145007,-0.254868,0.272754,38.7022,0.0963433,-0.0460801,-0.216615
32.44,0.901202,0.0825296,0.0899718,-0.415847,1.85333,0.276883,-0.28576,0.0261992,0.146799,-0.979117,-0.146601,-0.229519,0.305393,41.6078,0.0895281,-0.0550358,-0.153817
32.46,0.899836,0.0899149,0.087186,-0.417864,1.76498,0.103328,-0.322989,0.0249503,0.144781,-0.975992,-0.150798,-0.256574,0.334698,39.9228,0.0981084,-0.0234589,-0.346618
32.48,0.895079,0.115612,0.0743297,-0.424195,1.55533,-0.166671,-0.26386,0.0203235,0.138196,-0.963514,-0.149437,-0.170095,0.339944,38.5713,0.0798467,-0.0300879,-0.407596
32.5,0.893854,0.120763,0.0710726,-0.425899,1.37017,-0.193751,-0.285066,0.0191886,0.137056,-0.960317,-0.139248,-0.141494,0.350124,40.7048,0.03479,-0.0405073,-0.361458
32.52,0.890613,0.133448,0.0614403,-0.430378,1.05272,-0.241408,-0.135984,0.0155464,0.135072,-0.94993,-0.114975,-0.0517325,0.350005,41.395,0.0325286,-0.0390326,-0.364645
32.54,0.88949,0.138763,0.0547467,-0.43192,0.747572,-0.410379,-0.0972018,0.0134877,0.134856,-0.942897,-0.118252,-0.0108783,0.357321,39.2749,0.000973299,-0.0510921,-0.432634
32.56,0.888718,0.140532,0.0435367,-0.434206,0.273965,-0.856784,0.122543,0.0105275,0.136315,-0.931644,-0.082999,0.0713676,0.374646,42.9337,-0.0216581,-0.0592689,-0.555831
32.58,0.890206,0.137839,0.0350407,-0.432788,-0.0153222,-1.00266,0.462198,0.00939054,0.138401,-0.924427,-0.0520198,0.122573,0.358182,44.6503,-0.0640888,-0.0174528,-0.485962
32.6,0.892201,0.132085,0.026697,-0.431067,-0.2968,-1.05847,0.345935,0.00851406,0.141539,-0.917423,-0.0330206,0.190405,0.342929,38.9162,-0.0807777,-0.0571824,-0.406964
32.62,0.894061,0.12501,0.0189163,-0.429732,-0.374879,-1.04514,0.290249,0.00787835,0.145803,-0.910446,-0.00182939,0.247323,0.31617,39.5369,-0.101187,-0.0203904,-0.385351
32.64,0.894916,0.121249,0.0154601,-0.429169,-0.382142,-1.01205,0.262171,0.00769255,0.148293,-0.907176,-0.00726047,0.271728,0.307797,38.2893,-0.109926,-0.0498464,-0.380165
32.66,0.898222,0.106458,0.00418872,-0.426435,-0.504938,-0.850087,0.318154,0.00806478,0.161344,-0.895386,0.0545675,0.396062,0.210943,41.4539,-0.172932,-0.067858,-0.460674
32.68,0.899089,0.102488,0.00170071,-0.425597,-0.588661,-0.856528,0.293732,0.008529,0.16512,-0.893137,0.0685117,0.418244,0.191864,41.7531,-0.182263,-0.0904564,-0.597518
32.7,0.901262,0.0889814,-0.00570986,-0.424001,-0.82418,-0.976628,0.198579,0.0104248,0.177424,-0.887115,0.0990277,0.468541,0.172318,41.2857,-0.228234,-0.0892376,-0.464095
32.72,0.902349,0.0777016,-0.0107754,-0.423808,-0.949537,-1.10219,0.109039,0.0122414,0.18646,-0.883025,0.129714,0.504861,0.150865,40.0055,-0.251857,-0.0882139,-0.526986
32.74,0.903525,0.0562959,-0.0188968,-0.4244,-1.28366,-1.17021,0.0642229,0.0155196,0.201215,-0.877103,0.161947,0.5311,0.129895,38.7138,-0.244895,-0.0498047,-0.410715
32.76,0.903915,0.0481604,-0.0213746,-0.424454,-1.41995,-1.28856,0.110927,0.0168611,0.206293,-0.875381,0.167886,0.548863,0.101876,36.545,-0.250506,-0.0826389,-0.515706
32.78,0.905129,0.0213599,-0.0283087,-0.423655,-1.70916,-1.3556,0.183442,0.0217393,0.222776,-0.870929,0.214357,0.56979,0.06183,40.4676,-0.282911,-0.0107932,-0.409577
32.8,0.905827,0.00279839,-0.0312799,-0.422482,-1.73435,-1.15295,0.179006,0.0253409,0.233405,-0.868781,0.228586,0.571625,0.0405264,37.4228,-0.314085,-0.0459045,-0.420606
32.82,0.905978,-0.00675286,-0.0323811,-0.422031,-1.84768,-1.17276,0.172756,0.0273632,0.238738,-0.867837,0.255476,0.574632,0.0398202,39.7577,-0.341991,-0.0112267,-0.387182
32.84,0.90458,-0.0466949,-0.0370343,-0.422118,-1.95286,-1.18481,-0.0339687,0.0360536,0.260685,-0.864141,0.27342,0.555676,-0.0192429,37.2686,-0.362756,-0.0304816,-0.421716
32.86,0.903737,-0.0574461,-0.0387184,-0.422446,-2.06034,-1.39267,-0.0877993,0.0383638,0.266035,-0.863493,0.281762,0.55007,-0.0232392,37.336,-0.321843,0.0291301,-0.323365
32.88,0.899905,-0.0912957,-0.0436163,-0.424186,-2.1565,-1.45579,-0.162447,0.0456703,0.28131,-0.861709,0.291705,0.50188,-0.0362602,37.3555,-0.326385,0.0276364,-0.321633
32.9,0.898371,-0.103084,-0.0456513,-0.424523,-2.1722,-1.51915,-0.134922,0.048684,0.286844,-0.861369,0.299611,0.488162,-0.0427664,34.1841,-0.323969,0.0835498,-0.238035
32.92,0.891459,-0.147538,-0.0521983,-0.425217,-1.98305,-1.29355,0.00733734,0.0595596,0.304309,-0.860479,0.326643,0.40948,-0.0958225,37.4946,-0.364939,0.0573045,-0.429173
32.94,0.889904,-0.157674,-0.0530806,-0.424727,-1.99267,-1.12853,0.0596248,0.062387,0.30828,-0.860372,0.348703,0.381933,-0.0980141,36.5526,-0.332393,0.0857951,-0.354354
32.96,0.885526,-0.184839,-0.0519301,-0.423062,-1.86312,-0.665902,0.140726,0.0710974,0.318517,-0.861301,0.332543,0.283831,-0.171718,31.0978,-0.40283,0.0321272,-0.493483
32.98,0.88411,-0.193398,-0.0510517,-0.422304,-1.87357,-0.628316,0.184344,0.0739318,0.321328,-0.862,0.33398,0.249001,-0.177735,35.0475,-0.31797,0.156649,-0.382246
33,0.87775,-0.227298,-0.043422,-0.41953,-1.94187,-0.367014,0.236965,0.0858382,0.329443,-0.865816,0.32564,0.0808868,-0.211516,32.5349,-0.3575,0.038552,-0.624741
33.02,0.874557,-0.244545,-0.0386745,-0.416956,-1.9463,-0.405499,0.344813,0.0910786,0.331292,-0.86784,0.311427,0.00568345,-0.241688,31.602,-0.0564683,0.205789,-0.425246
33.04,0.871771,-0.260232,-0.0327612,-0.413789,-1.77747,-0.184547,0.46377,0.0960877,0.33168,-0.870079,0.312783,-0.0759504,-0.254828,30.0947,-0.219374,0.332735,-0.448051
33.06,0.869719,-0.273827,-0.025993,-0.409794,-1.59275,-0.0110715,0.538768,0.100962,0.330394,-0.872683,0.287421,-0.15884,-0.267349,30.7614,-0.181915,0.0762056,-0.539678
33.08,0.866689,-0.290156,-0.0144181,-0.405526,-1.35536,0.361032,0.443551,0.10711,0.325592,-0.877372,0.228039,-0.29857,-0.269257,28.7005,-0.0214934,0.296783,-0.511444
33.1,0.864887,-0.298276,-0.005009,-0.403704,-1.21927,0.54267,0.354972,0.110784,0.319835,-0.881033,0.17885,-0.391555,-0.268114,26.752,0.167953,0.265944,-0.395527
33.12,0.863693,-0.301927,4.12632e-06,-0.403577,-1.25897,0.595564,0.224181,0.111944,0.316585,-0.882462,0.154871,-0.434366,-0.270838,27.3927,0.268413,0.211603,-0.359505
33.14,0.85969,-0.312191,0.0166466,-0.403971,-1.25205,0.945448,0.200124,0.114332,0.304467,-0.886278,0.0911564,-0.570906,-0.226962,32.3486,0.211222,0.302394,-0.551399
33.16,0.856329,-0.317876,0.0293082,-0.405952,-1.17375,1.08858,0.111382,0.114843,0.294467,-0.888451,0.0437523,-0.659278,-0.199779,29.5074,0.278215,0.172726,-0.311288
33.18,0.854048,-0.318706,0.0449809,-0.408662,-0.644923,1.83273,0.245813,0.11451,0.283168,-0.890353,-0.0103551,-0.717863,-0.191632,30.0184,0.334035,0.129737,-0.289522
33.2,0.853459,-0.316414,0.0540707,-0.410569,-0.350254,2.16763,0.272591,0.114039,0.277082,-0.891258,-0.0334811,-0.74175,-0.193974,32.4873,0.38934,0.0636225,-0.243888
33.22,0.852704,-0.290479,0.0990039,-0.422749,0.774653,3.39508,0.25603,0.108128,0.24885,-0.894252,-0.18813,-0.84642,-0.146637,32.9819,0.387522,0.0957639,-0.354225
33.24,0.852721,-0.267329,0.124383,-0.431196,1.38247,4.01822,0.311661,0.103479,0.234113,-0.895081,-0.222294,-0.888236,-0.135896,30.2703,0.36362,0.181829,-0.54998
33.26,0.853277,-0.236399,0.150395,-0.43979,2.08289,4.40092,0.479536,0.0980465,0.218834,-0.895893,-0.294988,-0.886124,-0.123392,36.2716,0.416131,0.0848522,-0.499891
33.28,0.853856,-0.198055,0.1745,-0.448613,2.86612,4.50896,0.378379,0.0916253,0.203471,-0.896575,-0.329642,-0.890596,-0.126744,32.8423,0.420738,0.157015,-0.567903
33.3,0.852739,-0.153032,0.196482,-0.459143,3.62729,4.67615,0.227589,0.0842495,0.188292,-0.897155,-0.427928,-0.862002,-0.0985427,35.1553,0.515175,-0.116219,-0.235854
33.32,0.849697,-0.0789593,0.22166,-0.471855,4.15476,3.99897,0.606072,0.0693219,0.164598,-0.896512,-0.48293,-0.789752,-0.0531834,33.5067,0.563847,0.217974,-0.629044
33.34,0.848391,-0.0535369,0.227805,-0.474839,4.29448,3.77347,0.665697,0.064251,0.157453,-0.896086,-0.476467,-0.814249,-0.0215493,37.562,0.605248,0.113182,-0.532011
33.36,0.843615,0.0409763,0.233657,-0.481704,4.26842,2.34147,0.769714,0.041095,0.132787,-0.891139,-0.561988,-0.630243,0.0953357,35.1313,0.514386,0.0320596,-0.593009
33.38,0.840002,0.0812053,0.22786,-0.485677,4.15629,1.47593,0.394924,0.0288854,0.121456,-0.887419,-0.6393,-0.622513,0.173293,37.1143,0.44881,-0.158893,-0.393264
33.4,0.835163,0.117205,0.219294,-0.490587,3.88419,0.973269,0.250972,0.015386,0.111275,-0.882383,-0.652919,-0.527615,0.229481,34.0355,0.448445,-0.00586253,-0.632194
33.42,0.832561,0.133541,0.214612,-0.492901,3.7705,0.863209,0.222043,0.00832802,0.106713,-0.879487,-0.6744,-0.472359,0.213838,33.0588,0.395027,-0.178297,-0.497408
33.44,0.821509,0.192702,0.190614,-0.501653,3.50438,0.385232,0.153542,-0.0213785,0.0910627,-0.866526,-0.682531,-0.331149,0.296662,36.7432,0.377945,-0.163461,-0.592663
33.46,0.815254,0.22002,0.177267,-0.505498,3.38634,0.199699,0.17705,-0.0356871,0.0859941,-0.859742,-0.685416,-0.225644,0.318993,34.1158,0.218218,-0.306678,-0.266159
33.48,0.808458,0.246456,0.164118,-0.508646,3.18168,0.270934,0.167,-0.049727,0.0826954,-0.852699,-0.663872,-0.111419,0.334958,38.2893,0.289649,-0.254018,-0.590261
33.5,0.80142,0.271401,0.151579,-0.510971,3.08935,0.325722,0.1922,-0.0634352,0.0814297,-0.845421,-0.667145,0.00254699,0.350318,37.6957,0.146976,-0.346713,-0.33437
33.52,0.79464,0.293634,0.140492,-0.512433,2.69082,0.363359,0.213267,-0.0778217,0.0824867,-0.83663,-0.624114,0.102228,0.391463,38.1261,0.102627,-0.318684,-0.341409
33.54,0.785547,0.32169,0.127507,-0.513004,2.05453,0.346948,0.182026,-0.0990223,0.088218,-0.821891,-0.582777,0.285867,0.428687,37.9395,0.0866528,-0.284235,-0.605343
33.56,0.782938,0.329398,0.123994,-0.512962,1.88749,0.341338,0.191018,-0.105532,0.0910859,-0.816932,-0.57872,0.345398,0.453713,37.3811,0.0227199,-0.3001,-0.490938
33.58,0.776709,0.347667,0.116131,-0.512215,1.26547,0.321833,0.175898,-0.124171,0.1028,-0.801106,-0.52421,0.517993,0.51693,40.1134,-0.0705402,-0.272819,-0.464079
33.6,0.775154,0.352301,0.11435,-0.511805,1.08745,0.319363,0.176721,-0.13,0.10767,-0.795461,-0.509379,0.568318,0.548583,39.0957,-0.100739,-0.262853,-0.386679
33.62,0.770606,0.366037,0.108739,-0.510254,0.652908,0.170348,0.151579,-0.152358,0.133782,-0.770117,-0.432951,0.823664,0.613128,38.9712,-0.160914,-0.221658,-0.386335
33.64,0.769783,0.368678,0.107546,-0.509848,0.640747,0.12086,0.154771,-0.157542,0.141755,-0.763188,-0.400584,0.889867,0.634957,41.2042,-0.153928,-0.267858,-0.502967
33.66,0.767653,0.37555,0.104153,-0.508747,0.573492,0.156547,0.130656,-0.171538,0.169,-0.741381,-0.321304,1.07945,0.699821,43.0794,-0.198777,-0.177456,-0.351811
33.68,0.766345,0.379708,0.101625,-0.508144,0.517116,0.0414604,0.155587,-0.179547,0.190026,-0.726006,-0.267074,1.21345,0.755789,44.8902,-0.23192,-0.194223,-0.401771
33.7,0.764955,0.38394,0.0989367,-0.507588,0.581162,0.0224356,0.13319,-0.186765,0.215241,-0.708699,-0.205299,1.35107,0.816772,43.4494,-0.191537,-0.21221,-0.576209
33.72,0.762957,0.389964,0.0948039,-0.506792,0.53633,0.0715658,0.158179,-0.195424,0.255406,-0.681432,-0.119975,1.53857,0.882909,45.9493,-0.294176,-0.123927,-0.310255
33.74,0.761802,0.393342,0.0919747,-0.50644,0.447136,-0.00161079,0.121595,-0.199991,0.285258,-0.661846,-0.0673758,1.67114,0.942002,44.7263,-0.283813,-0.136349,-0.394165
33.76,0.760869,0.396217,0.0893359,-0.506073,0.425655,-0.055065,0.125123,-0.203439,0.317199,-0.641452,-0.00607356,1.79047,0.991127,47.0596,-0.305432,-0.102166,-0.230796
33.78,0.760568,0.397351,0.0882182,-0.505831,0.34011,-0.0497466,0.146589,-0.204726,0.334001,-0.630957,0.0174865,1.86419,1.02081,51.3197,-0.289346,-0.185914,-0.505763
33.8,0.760024,0.400249,0.084399,-0.505016,0.177738,-0.0732391,0.113239,-0.206743,0.409619,-0.585293,0.14572,2.11488,1.12949,49.9871,-0.338322,-0.0427316,-0.176085
33.82,0.760146,0.400377,0.0835758,-0.504868,0.060369,-0.116979,0.133628,-0.206634,0.429846,-0.572916,0.169737,2.19282,1.15457,51.0267,-0.317277,-0.108144,-0.332796
33.84,0.760632,0.400745,0.0818794,-0.504121,0.0372434,-0.157852,0.119307,-0.204526,0.49355,-0.534648,0.262354,2.37544,1.24545,50.4314,-0.316345,-0.0969096,-0.301941
33.86,0.760851,0.400818,0.0814197,-0.503807,0.0119206,-0.0257992,0.12202,-0.203231,0.51586,-0.521505,0.307535,2.4366,1.26295,48.4315,-0.307697,-0.119329,-0.423234
33.88,0.76242,0.399407,0.0788956,-0.502957,-0.115749,-0.366327,0.169663,-0.195039,0.610305,-0.467155,0.416634,2.66011,1.39447,52.3663,-0.315219,-0.0775101,-0.299459
33.9,0.764882,0.393287,0.0736489,-0.504834,-0.480669,-1.27149,0.147373,-0.188646,0.663549,-0.436109,0.456729,2.70293,1.48678,52.1199,-0.313303,-0.0314669,-0.231796
33.92,0.766836,0.387486,0.0693657,-0.506957,-0.738649,-1.68261,0.160253,-0.185526,0.689199,-0.420141,0.465054,2.71834,1.53415,52.1479,-0.311321,-0.0444587,-0.278384
33.94,0.776476,0.354265,0.0495589,-0.518774,-1.841,-3.50033,0.0520437,-0.175443,0.766342,-0.369748,0.487223,2.73775,1.70418,52.6239,-0.295332,-0.0524933,-0.312463
33.96,0.790826,0.296608,0.0248945,-0.534788,-3.22283,-4.58112,0.055108,-0.164489,0.844026,-0.315554,0.518325,2.80054,1.85811,52.5316,-0.281786,-0.056735,-0.338337
33.98,0.801043,0.246455,0.00812728,-0.545458,-3.99482,-4.93249,0.101535,-0.156704,0.896666,-0.277999,0.554205,2.86108,1.89514,52.8825,-0.274268,-0.0723583,-0.390716
34,0.810065,0.190315,-0.00636871,-0.554558,-4.45981,-4.86827,0.107882,-0.148112,0.950179,-0.240067,0.601761,2.91036,1.93834,52.7631,-0.289131,-0.02247,-0.240021
34.02,0.81678,0.13265,-0.0183618,-0.561193,-4.62431,-4.63442,0.126111,-0.136124,1.01079,-0.197178,0.706122,2.98695,1.93867,52.8917,-0.291913,-0.079182,-0.434226
34.04,0.819088,0.104746,-0.0233261,-0.563542,-4.42063,-4.2814,0.133785,-0.130047,1.03937,-0.177336,0.757888,2.98464,1.90814,52.8825,-0.287939,0.0755778,-0.0254203
34.06,0.816052,0.0533554,0.00960519,-0.575431,-0.213545,7.27345,-2.4404,-0.10682,1.14849,-0.11679,0.508908,2.53881,-0.00159795,51.6865,-0.469745,0.0165519,-0.19791
34.08,0.79004,0.146073,0.0584566,-0.592522,7.82519,10.9995,-3.50155,-0.0996085,1.19646,-0.121758,0.508676,2.49613,-0.938735,51.0836,-0.785597,-0.133153,-0.311313
34.1,0.751822,0.261871,0.0795461,-0.599883,10.3521,8.41003,-2.16864,-0.0922364,1.24362,-0.133984,0.530607,2.46717,-0.928938,50.6897,-0.813458,-0.118446,-0.273879
34.12,0.708886,0.358325,0.0753756,-0.602829,9.15276,5.49308,-2.40651,-0.0787685,1.29474,-0.147245,0.922852,2.40987,-1.00326,50.995,-0.82575,0.0421652,-0.150764
34.14,0.654726,0.430377,0.0660365,-0.617858,8.88837,3.63492,-4.2798,-0.061653,1.33976,-0.160484,1.07358,2.16096,-1.05416,49.812,-0.77787,-0.127279,-0.363718
34.16,0.569915,0.507902,0.0375762,-0.644841,6.92211,0.916521,-3.21637,-0.0347541,1.4051,-0.178719,0.998768,2.29688,-0.863615,51.3388,-0.741921,0.00552859,-0.2409
34.18,0.528574,0.543144,0.0155706,-0.652197,5.10186,0.641929,-1.72788,-0.0178156,1.45016,-0.186517,0.94943,2.26926,-0.708361,50.3079,-0.693915,0.0289707,-0.266602
34.2,0.494093,0.571751,-0.00595425,-0.654933,4.67115,0.992716,-1.00398,-0.000269363,1.49461,-0.19281,0.976579,2.23678,-0.552646,49.5529,-0.669498,-0.0322195,-0.34624
34.22,0.480616,0.584748,-0.0140303,-0.653361,4.24924,1.22874,-0.718483,0.00823139,1.51656,-0.195153,0.946915,2.24381,-0.513216,50.3568,-0.63478,-0.0956125,-0.42141
34.24,0.454412,0.642571,-0.0121547,-0.616818,1.09049,4.61028,0.242958,0.0394182,1.60953,-0.195276,0.723879,2.25108,-0.114681,51.9737,-0.534051,0.112016,-0.125118
34.26,0.453784,0.656922,-0.00495315,-0.602087,0.41821,4.82143,0.371684,0.045719,1.63193,-0.193302,0.671298,2.26435,-0.0267653,49.4581,-0.518392,0.00941803,-0.280301
34.28,0.463107,0.699825,0.0308652,-0.542977,-1.31756,6.89199,0.773589,0.0620689,1.69889,-0.182672,0.531093,2.27049,0.255582,47.7207,-0.463748,0.0472939,-0.167197
34.3,0.46878,0.712559,0.0450239,-0.520074,-1.46545,6.82337,0.957859,0.0669082,1.72087,-0.17763,0.520895,2.24787,0.35042,51.7916,-0.436322,0.0190173,-0.199556
34.32,0.501573,0.752298,0.110348,-0.412668,-2.98021,7.46605,1.54592,0.0847015,1.80917,-0.150713,0.398396,2.16258,0.632852,51.0379,-0.378187,-0.0107348,-0.231428
34.34,0.511216,0.759075,0.126728,-0.382628,-3.20416,7.23891,1.72631,0.0894625,1.83427,-0.141351,0.39498,2.1264,0.713219,49.1859,-0.347581,-0.031067,-0.235811
34.36,0.532256,0.768054,0.156108,-0.320043,-3.57679,7.1272,2.46419,0.0978244,1.87679,-0.122891,0.421869,2.02269,0.848693,48.298,-0.332556,0.0352087,-0.0975417
34.38,0.567741,0.770112,0.185022,-0.22442,-3.94612,5.33924,3.34185,0.111589,1.93611,-0.0922803,0.487806,1.83381,0.934752,50.4483,-0.323898,0.00889229,-0.207495
34.4,0.611301,0.756159,0.189187,-0.136907,-4.59554,3.41936,4.26752,0.128616,1.99047,-0.0597973,0.644633,1.59483,1.03351,50.3451,-0.289011,0.0127866,-0.272765
34.42,0.640769,0.741504,0.176733,-0.0913851,-4.17863,2.10567,4.35773,0.142626,2.02528,-0.0367014,0.710951,1.37515,1.09222,51.7769,-0.26273,0.0253617,-0.227359
34.44,0.666293,0.727706,0.147848,-0.0681027,-2.61397,-1.83995,3.75127,0.159997,2.05675,-0.0112064,0.866679,1.07366,1.13136,51.7053,-0.22249,0.0991134,-0.117258
34.46,0.68574,0.716161,0.10535,-0.0759976,-1.82417,-5.69927,2.07485,0.177796,2.07937,0.0117,0.926324,0.68515,1.03073,52.7286,-0.230118,0.0935678,-0.349698
34.48,0.693079,0.710309,0.0801377,-0.0931711,-1.4179,-7.17849,1.18578,0.186678,2.08837,0.0225807,0.848127,0.500729,1.00342,52.3609,-0.17827,0.136612,-0.177071
34.5,0.723756,0.664298,0.00818575,-0.186596,-3.19509,-6.9231,-1.97778,0.216225,2.10975,0.0591091,0.649789,-0.0740069,0.650054,50.7152,-0.175715,0.170976,-0.355177
34.52,0.739632,0.631137,-0.00976051,-0.233484,-3.47641,-4.96051,-2.10963,0.228867,2.11705,0.0718068,0.649311,-0.237686,0.407212,48.6743,-0.156667,0.240677,-0.218794
34.54,0.756203,0.598054,-0.0196039,-0.264772,-3.64883,-3.0478,-0.476023,0.242039,2.12091,0.0800749,0.67253,-0.390446,0.217842,49.6993,-0.151626,0.362889,-0.297836
34.56,0.77575,0.565212,-0.0327594,-0.278701,-3.42669,-2.6551,0.387432,0.257528,2.11992,0.0872181,0.728875,-0.631687,0.239138,44.1318,-0.113605,0.313965,-0.511508
34.58,0.783975,0.549924,-0.0394312,-0.285327,-3.25105,-3.02346,0.244425,0.264944,2.11862,0.090891,0.748422,-0.683048,0.257664,47.825,0.0866533,0.338668,-0.185569
34.6,0.80793,0.502837,-0.0582554,-0.301679,-1.38476,-1.8385,0.602253,0.295081,2.11097,0.108727,0.830915,-0.742159,0.386111,45.5343,0.157223,0.294374,0.0167227
34.62,0.810354,0.497757,-0.0656531,-0.302081,-0.454053,-1.78323,1.12377,0.303418,2.11028,0.113032,0.8903,-0.736486,0.359331,45.4178,0.0720984,0.299086,-0.0887796
34.64,0.807982,0.500781,-0.103118,-0.292831,1.93567,-2.00638,2.20201,0.331119,2.10842,0.124361,1.01026,-0.656955,0.283018,45.6324,0.0451294,0.360626,-0.181452
34.66,0.805571,0.505181,-0.116012,-0.287035,2.05027,-1.2486,2.20142,0.340562,2.10794,0.127785,0.972789,-0.65906,0.290261,46.3263,0.0481368,0.341614,-0.1389
34.68,0.801752,0.51629,-0.139362,-0.266864,1.1039,0.282909,1.54341,0.368145,2.10509,0.138727,0.83374,-0.639353,0.288769,47.8233,0.00664863,0.343014,-0.268269
34.7,0.80006,0.528734,-0.136784,-0.248262,0.902468,1.48712,0.362812,0.390346,2.10498,0.147294,0.68803,-0.591898,0.223511,44.6477,0.029744,0.337946,-0.189231
34.72,0.798405,0.537577,-0.128291,-0.23896,0.383414,1.14401,0.282862,0.403563,2.10719,0.151177,0.637889,-0.606379,0.109423,41.29,0.0655954,0.359339,-0.188223
34.74,0.800197,0.537502,-0.126793,-0.233879,-0.376631,0.859192,0.914922,0.409822,2.10781,0.152228,0.62196,-0.631192,0.0676813,40.8874,0.115265,0.347259,-0.0696846
34.76,0.803524,0.538165,-0.12582,-0.221127,0.192294,0.25222,0.469606,0.433943,2.11045,0.153638,0.497879,-0.465314,-0.0326216,41.3577,0.0494358,0.399952,-0.0879813
34.78,0.804867,0.536125,-0.128804,-0.219472,-0.471769,-0.453387,0.317811,0.443872,2.11376,0.152669,0.435658,-0.349875,-0.0981394,40.2955,0.182868,0.398488,0.134564
34.8,0.809268,0.528727,-0.130737,-0.220092,-1.08511,-0.371734,0.182489,0.452843,2.12108,0.150331,0.395419,-0.184812,-0.153896,37.9608,0.00713336,0.464424,0.038038
34.82,0.814065,0.520241,-0.130316,-0.222858,-1.02667,-0.236973,-0.181301,0.461571,2.1325,0.14669,0.373247,-0.0411513,-0.191005,35.1374,-0.12937,0.360185,-0.0988631
34.84,0.81699,0.514249,-0.125825,-0.228568,-0.348307,0.00759454,-0.573711,0.473614,2.15195,0.141703,0.321182,0.0567859,-0.106451,34.8441,-0.202436,0.319626,-0.0417635
34.86,0.817017,0.513427,-0.124444,-0.23106,-0.318085,-0.13407,-0.579673,0.477318,2.1586,0.140686,0.309321,0.0814053,-0.0530362,35.594,-0.193481,0.223215,-0.0939443
34.88,0.817443,0.511461,-0.120882,-0.235762,-0.438654,-0.0125683,-0.557777,0.484359,2.17207,0.139659,0.295176,0.118122,0.00752885,35.9351,-0.179419,0.247984,0.0695564
34.9,0.817784,0.510534,-0.113528,-0.240201,-0.0208275,0.464738,-0.533445,0.494752,2.19337,0.139605,0.293749,0.253762,0.0552825,35.4376,-0.192961,0.216088,0.0374757
34.92,0.815553,0.514862,-0.107675,-0.241238,0.492624,0.49709,-0.564235,0.502218,2.21321,0.139599,0.313263,0.355954,0.0709774,36.5036,-0.273487,0.145465,-0.135038
34.94,0.811845,0.52173,-0.102272,-0.241342,0.723355,0.496861,-0.445842,0.509416,2.23341,0.140039,0.324128,0.417251,0.119256,35.9141,-0.265997,0.124617,-0.246605
34.96,0.807139,0.531371,-0.0981992,-0.237758,0.531623,0.163057,0.498215,0.520911,2.26398,0.142068,0.385785,0.428062,0.106279,35.2446,-0.311645,0.135038,-0.184564
34.98,0.808283,0.532792,-0.101965,-0.228942,0.369486,0.346846,0.913055,0.529658,2.28313,0.142664,0.427108,0.41863,0.0722337,36.8941,-0.283813,0.237324,-0.00873287
35,0.8079,0.537006,-0.101691,-0.220413,0.476367,0.660661,0.661863,0.538613,2.30185,0.143207,0.422949,0.410692,0.0810246,40.6366,-0.325278,0.185358,-0.162961
35.02,0.808061,0.53843,-0.102183,-0.216078,0.259501,0.544031,0.841659,0.542968,2.31252,0.143098,0.436505,0.379599,0.0727416,36.6534,-0.34148,0.144873,-0.26324
35.04,0.808219,0.540872,-0.102006,-0.209364,0.307713,0.392364,0.390215,0.552333,2.33335,0.1428,0.432369,0.35057,0.0381269,39.2454,-0.313411,0.190174,-0.14562
35.06,0.808448,0.543029,-0.100071,-0.203757,0.139643,0.10144,0.142874,0.569579,2.36997,0.14026,0.425344,0.274463,0.00975693,41.2876,-0.322149,0.232936,-0.141591
35.08,0.808199,0.543611,-0.100235,-0.203111,0.119445,-0.0796028,0.00374505,0.578085,2.38641,0.138918,0.420651,0.231186,-0.00422154,37.3189,-0.366803,0.196051,-0.303082
35.1,0.808012,0.543815,-0.100395,-0.20323,-0.00737177,-0.0532761,-6.61255e-05,0.582288,2.39423,0.138205,0.413779,0.224993,-0.00360449,40.4358,-0.310214,0.2523,-0.0934293
35.12,0.808625,0.542954,-0.0998838,-0.203347,-0.157462,0.0491269,-0.0892164,0.597193,2.42744,0.135432,0.386868,0.221865,-0.0122842,38.8004,-0.30673,0.23731,-0.126457
35.14,0.808943,0.542515,-0.0995919,-0.203397,-0.150099,0.0373556,0.0151637,0.601263,2.43613,0.13464,0.379919,0.239243,-0.020067,38.5106,-0.3691,0.163555,-0.308265
35.16,0.808937,0.542451,-0.0982908,-0.20422,-0.0735282,0.099633,-0.114546,0.61142,2.46084,0.132019,0.353076,0.254733,-0.0364269,38.3901,-0.311009,0.223885,-0.08995
35.18,0.808893,0.542452,-0.0978507,-0.204605,-0.0455113,0.0029419,-0.120568,0.61467,2.46883,0.131103,0.351442,0.255047,-0.0280461,37.3506,-0.352351,0.192311,-0.137605
35.2,0.809895,0.541002,-0.0954311,-0.205623,-0.0909552,0.172694,-0.108412,0.627011,2.50002,0.127794,0.345229,0.26741,-0.0284778,38.2593,-0.346122,0.183066,-0.230041
35.22,0.810096,0.540596,-0.0946911,-0.206239,-0.020248,0.0150204,-0.0983617,0.632521,2.51604,0.126316,0.34659,0.27462,-0.0303857,36.9478,-0.286933,0.251771,0.0527118
35.24,0.810196,0.540356,-0.0938345,-0.206867,-0.116035,-0.0571629,-0.109084,0.63851,2.53207,0.124824,0.34234,0.281249,-0.0316272,37.5085,-0.367164,0.0990703,-0.402765
35.26,0.810464,0.540033,-0.092913,-0.207075,-0.05037,0.0321563,-0.0644419,0.644027,2.54729,0.12344,0.346542,0.28741,-0.0220422,37.8979,-0.332243,0.199393,-0.16784
35.28,0.810398,0.540105,-0.0928942,-0.207154,0.0542274,0.00753736,0.0493596,0.652705,2.56945,0.12165,0.364266,0.306064,-0.00675629,34.9285,-0.304322,0.194299,-0.135485
35.3,0.810187,0.540496,-0.0931671,-0.206838,0.0156095,-0.0601752,0.0234153,0.658033,2.58402,0.120873,0.371503,0.318412,-0.00898098,38.4964,-0.364895,0.209113,-0.136694
35.32,0.810259,0.540531,-0.0931773,-0.206459,0.0160249,0.0711674,0.0943109,0.660327,2.59127,0.120588,0.365243,0.318314,-0.00852491,37.7749,-0.374387,0.104444,-0.387423
35.34,0.810137,0.541178,-0.0935879,-0.205051,0.134933,-0.0889996,0.0535276,0.667276,2.61235,0.119758,0.366962,0.325154,-0.0135877,36.9545,-0.366786,0.15413,-0.238852
35.36,0.809839,0.541467,-0.0943381,-0.205123,0.130771,-0.0831772,0.0747373,0.669627,2.61924,0.119499,0.36052,0.330051,-0.0090738,37.2303,-0.375969,0.174399,-0.216881
35.38,0.808926,0.542719,-0.0954097,-0.204917,-0.0195851,0.0617617,0.0446963,0.679152,2.64648,0.118199,0.342565,0.334122,-0.0105215,39.6566,-0.342765,0.212608,-0.0537324
35.4,0.809152,0.542578,-0.0956269,-0.2043,-0.00853364,0.0255951,0.112026,0.683548,2.6592,0.117603,0.332604,0.330159,-0.00678888,39.5062,-0.369478,0.152398,-0.213155
35.42,0.808961,0.54284,-0.0957861,-0.204285,0.0310506,-0.0215178,-0.0219968,0.686009,2.67106,0.117591,0.315744,0.339629,-0.0177655,36.2664,-0.388401,0.126626,-0.276185
35.44,0.808898,0.542864,-0.0960702,-0.204335,0.0510118,-0.0624833,0.0325605,0.687171,2.67692,0.117517,0.307961,0.336093,-0.0216599,39.5858,-0.342018,0.233106,-0.0449646
35.46,0.808599,0.543114,-0.0961421,-0.204819,-0.00457186,-0.0529906,-0.00763188,0.690469,2.69399,0.11714,0.290893,0.333419,-0.0230843,38.4527,-0.372657,0.1921,-0.152365
35.48,0.80893,0.542865,-0.0958307,-0.20432,-0.117082,0.0526408,-4.38699e-05,0.694067,2.71079,0.116813,0.279686,0.339331,-0.024704,35.3517,-0.348875,0.205126,-0.0273269
35.5,0.809186,0.542583,-0.0955451,-0.204191,-0.0908674,0.060592,0.0228951,0.695112,2.7161,0.116639,0.271098,0.340337,-0.0234078,40.7365,-0.372559,0.146883,-0.191224
35.52,0.808994,0.542593,-0.095458,-0.204963,0.0294084,-0.156129,-0.033812,0.695058,2.73016,0.1171,0.256251,0.336982,-0.0240741,37.7028,-0.379639,0.148128,-0.179161
35.54,0.808893,0.542408,-0.0950378,-0.206043,-0.105244,0.0183152,-0.0115535,0.694915,2.74361,0.117363,0.232985,0.333224,-0.0297559,35.9054,-0.381295,0.148668,-0.158555
35.56,0.809441,0.541733,-0.0939539,-0.206163,-0.114024,-0.0476622,-0.0164257,0.694816,2.7523,0.117481,0.232825,0.330961,-0.0269173,38.8165,-0.394787,0.137189,-0.153139
35.58,0.809672,0.541472,-0.0938405,-0.205995,-0.0374561,0.0938026,0.0592056,0.695151,2.757,0.117523,0.224024,0.327764,-0.0220711,36.9963,-0.366206,0.0997272,-0.223554
35.6,0.809773,0.541419,-0.0933046,-0.205981,0.0165605,0.141651,-0.0589362,0.694188,2.76875,0.118199,0.219389,0.338651,-0.0252113,37.3453,-0.342116,0.191252,-0.0195465
35.62,0.80972,0.54132,-0.0934411,-0.206387,-0.00815428,-0.0195199,-0.0444337,0.693147,2.77213,0.118595,0.213378,0.343557,-0.0201562,39.2726,-0.358879,0.158861,-0.130345
35.64,0.809231,0.541643,-0.0943058,-0.20706,0.0713428,-0.14391,0.0661153,0.689418,2.78521,0.120427,0.217096,0.336059,-5.24726e-05,38.7007,-0.380302,0.0979288,-0.253383
35.66,0.809096,0.54194,-0.0940463,-0.206929,-0.0248457,0.174436,0.0603521,0.687782,2.79166,0.121305,0.199274,0.342864,-0.0101236,37.9875,-0.379081,0.122068,-0.175609
35.68,0.809339,0.541732,-0.0943723,-0.206377,-0.00160322,0.152228,0.0360355,0.686218,2.79798,0.122233,0.194573,0.33678,0.00131234,33.1917,-0.32715,0.045148,-0.275967
35.7,0.809456,0.541564,-0.0953816,-0.205892,0.0574376,-0.101015,0.125075,0.685108,2.80456,0.123179,0.202053,0.336207,0.00795563,37.8193,-0.257918,0.171962,0.0387031
35.72,0.80851,0.542752,-0.0964135,-0.206001,0.0211528,-0.0700313,0.0198965,0.679378,2.81024,0.125471,0.172612,0.334212,-0.00883098,36.6892,-0.275895,0.0306403,-0.276646
35.74,0.808198,0.543199,-0.096905,-0.205816,0.0050213,-0.00147903,0.0979731,0.67567,2.81393,0.126896,0.162439,0.323936,-0.00100105,34.3469,-0.23776,0.0444774,-0.215248
35.76,0.808358,0.542993,-0.0970018,-0.205683,-0.0467336,0.0398282,0.0475041,0.673856,2.81569,0.127564,0.159018,0.320183,-0.000388376,34.3566,-0.256705,0.0112154,-0.310009
35.78,0.808146,0.543174,-0.0976099,-0.205753,0.0279453,-0.00416341,-0.0181706,0.668411,2.82089,0.129517,0.134779,0.31741,-0.00746639,36.7423,-0.247961,0.116037,-0.0693423
35.8,0.807972,0.5434,-0.0978266,-0.205738,0.0853418,-0.00149195,0.0442942,0.666593,2.82263,0.130095,0.128029,0.320404,-0.00313036,34.1044,-0.240285,0.0415099,-0.202982
35.82,0.807814,0.543359,-0.0979521,-0.206407,-0.0477859,0.104121,-0.00681633,0.655452,2.82526,0.133187,0.0794974,0.296832,-0.0140861,35.1596,-0.24853,0.0575192,-0.0117061
35.84,0.808476,0.542407,-0.0974409,-0.206561,-0.0820703,-0.0256186,-0.0106952,0.649125,2.82544,0.134766,0.0678488,0.285906,-0.0081918,33.1808,-0.232936,0.0203823,-0.255993
35.86,0.808632,0.542262,-0.0970067,-0.206533,-0.0496259,0.103006,-0.0108782,0.645977,2.82553,0.135541,0.0607939,0.283349,-0.00823352,34.7602,-0.240461,-0.00597789,-0.178737
35.88,0.808508,0.541971,-0.0969331,-0.207815,-0.0419286,0.00191777,-0.147843,0.639702,2.82576,0.136864,0.0368662,0.284226,-0.0248195,35.6306,-0.220166,0.030467,-0.0817115
35.9,0.808605,0.541382,-0.0959872,-0.209402,-0.143327,0.086542,-0.088935,0.630105,2.82629,0.13855,0.0158433,0.265914,-0.0126881,32.7586,-0.221054,0.0155151,-0.229195
35.92,0.809299,0.540371,-0.0947963,-0.209876,-0.051972,0.152727,-0.020753,0.617151,2.8213,0.141593,0.0114865,0.258701,-0.0063876,35.6359,-0.215729,-0.0110246,-0.175326
35.94,0.809368,0.540016,-0.0946392,-0.210592,0.0310588,-0.0287499,-0.0208556,0.608881,2.81821,0.143508,0.00412416,0.256288,-0.00895426,33.679,-0.203537,-0.0327394,-0.143941
35.96,0.809191,0.540082,-0.0943752,-0.211221,-0.009531,-0.0104978,-0.042583,0.600763,2.81519,0.145343,-0.00679674,0.246805,-0.00386578,34.2875,-0.203506,0.010486,-0.0500339
35.98,0.809349,0.539611,-0.094631,-0.211708,-0.0222705,-0.0774992,0.0536197,0.589138,2.81068,0.148202,-0.00106805,0.236476,0.010786,32.4746,-0.180072,0.0366444,0.0992455
36,0.809297,0.539749,-0.0948437,-0.211458,0.0518575,0.0186948,0.0281755,0.581766,2.80795,0.15013,-0.010202,0.239396,0.00902542,34.0733,-0.207553,-0.0260186,-0.106026
36.02,0.809227,0.539709,-0.0952218,-0.211659,0.0359254,-0.0908761,0.015233,0.576902,2.80435,0.151402,-0.0159347,0.228448,0.00692927,34.5006,-0.189111,-0.0377668,-0.153989
36.04,0.809042,0.539834,-0.0958157,-0.211778,-0.000345441,0.0463814,0.0125715,0.562435,2.79378,0.155154,-0.0373833,0.20679,0.0149111,35.2012,-0.197045,-0.0163859,-0.0671818
36.06,0.808986,0.53985,-0.0963993,-0.211686,0.0628182,-0.0187927,0.0692539,0.553118,2.78701,0.157608,-0.0477883,0.202534,0.0201311,32.9291,-0.164544,-0.0427398,-0.192319
36.08,0.808915,0.539974,-0.0965127,-0.211589,0.0623599,-0.028324,0.0532668,0.548448,2.78404,0.158854,-0.0519241,0.199059,0.0204314,37.4334,-0.160445,-0.0335927,-0.0487688
36.1,0.80868,0.540144,-0.0974539,-0.211623,-0.0200543,0.0863668,0.0144904,0.52899,2.76894,0.163729,-0.0873089,0.172439,0.0199497,35.046,-0.169747,-0.0778723,-0.1923
36.12,0.808781,0.540022,-0.0974329,-0.211558,0.0316112,-0.0823019,0.0476613,0.523185,2.76338,0.16517,-0.0914211,0.165941,0.0227705,36.3208,-0.115821,-0.0468247,-0.112479
36.14,0.808516,0.540139,-0.098359,-0.211843,0.0508455,-0.0902423,0.0359841,0.506053,2.74733,0.169375,-0.114978,0.153805,0.0240187,31.8302,-0.135217,-0.0711782,-0.00778623
36.16,0.808324,0.540391,-0.0983257,-0.211951,0.0999824,0.0670128,-0.0663534,0.50041,2.74214,0.170675,-0.128781,0.142757,0.0170692,36.4851,-0.108387,-0.0915043,-0.193308
36.18,0.808978,0.539262,-0.0977797,-0.212579,-0.0741689,-0.0879548,0.00445687,0.477575,2.72201,0.175538,-0.162804,0.104535,0.0223356,32.0771,-0.0787657,-0.0694264,-0.0519046
36.2,0.808963,0.539159,-0.0978065,-0.212886,0.0547266,-0.0263781,-0.0306937,0.465167,2.70945,0.178251,-0.173841,0.10192,0.0199509,35.1761,-0.105948,-0.132328,-0.0767196
36.22,0.808898,0.538981,-0.0976184,-0.213669,-0.0310227,-0.00827724,-0.041618,0.451552,2.69461,0.180961,-0.19835,0.0894739,0.0106595,35.7917,-0.120466,-0.0781889,0.0188526
36.24,0.809091,0.538677,-0.0973507,-0.213824,-0.0605763,0.0724802,-0.0322447,0.444788,2.68737,0.182306,-0.212692,0.0762841,0.0240621,33.9865,-0.0317683,-0.125797,9.84673e-05
36.26,0.80992,0.537714,-0.0966734,-0.21342,0.190383,0.182233,0.0208796,0.418365,2.65913,0.187971,-0.23355,0.0514664,0.0323941,35.4708,-0.0390506,-0.125463,-0.130462
36.28,0.809559,0.537917,-0.0970917,-0.214087,-0.00881883,-0.0872703,0.00804312,0.405611,2.6458,0.19054,-0.230166,0.0439445,0.0232082,36.2273,-0.0806775,-0.137034,-0.101308
36.3,0.809681,0.537738,-0.0967394,-0.214235,-0.00664682,-0.0643276,-0.0523165,0.391335,2.62988,0.193513,-0.242764,0.0209005,0.0403694,35.0775,-0.0659169,-0.174195,0.0669183
36.32,0.809986,0.537264,-0.0969163,-0.214191,-0.0273652,0.0497601,0.0461476,0.376251,2.61128,0.196818,-0.258413,0.000859318,0.0447008,34.5256,-0.0205665,-0.161675,-0.100924
36.34,0.810063,0.537009,-0.0970296,-0.214487,-0.0697001,-0.0282593,-0.0125869,0.36148,2.59327,0.200058,-0.2715,-0.00899101,0.0454103,35.5891,-0.00691011,-0.127795,-0.056754
36.36,0.809953,0.537077,-0.0973124,-0.214604,0.0284647,-0.0271626,-0.043588,0.339742,2.56718,0.204725,-0.287733,-0.0363042,0.0494955,36.037,0.0312257,-0.158315,-0.12884
36.38,0.80986,0.537147,-0.0979341,-0.214499,0.052818,-0.0277322,0.0740791,0.325518,2.55028,0.207801,-0.299917,-0.0520224,0.0522242,35.4611,-0.00569988,-0.145538,-0.138864
36.4,0.809958,0.536925,-0.0977863,-0.214748,0.00128993,-0.0177255,0.0690271,0.309595,2.5305,0.211112,-0.32168,-0.067275,0.0484919,36.3225,0.057527,-0.197793,-0.0673326
36.42,0.810014,0.536849,-0.0980464,-0.214609,0.0199024,0.0107663,0.0398195,0.301225,2.51935,0.21288,-0.33573,-0.0761871,0.0555952,35.9732,0.0304695,-0.170076,-0.04698
36.44,0.810414,0.536317,-0.0978085,-0.214538,0.0541566,0.060108,0.0273287,0.276468,2.48654,0.218071,-0.35494,-0.110201,0.062789,37.3732,0.0634182,-0.211554,-0.134987
36.46,0.810253,0.536419,-0.0981205,-0.214748,0.0855297,-0.0936623,-0.0346531,0.268349,2.47587,0.219781,-0.355294,-0.117717,0.0578237,35.7984,0.0244712,-0.175971,0.0220338
36.48,0.810231,0.536372,-0.0980201,-0.214995,0.0311539,0.0372171,0.00485032,0.244198,2.44482,0.224694,-0.386539,-0.132291,0.0613086,36.1423,0.0654014,-0.205324,-0.149956
36.5,0.810364,0.536071,-0.0982401,-0.215145,-0.0208775,-0.0858317,0.0297787,0.236228,2.43469,0.226271,-0.393325,-0.153787,0.0586091,39.9328,0.081427,-0.235728,-0.105445
36.52,0.810661,0.535755,-0.098052,-0.2149,-0.0295753,-0.0109505,0.0731984,0.220425,2.41466,0.229435,-0.405271,-0.171441,0.0630232,38.0651,0.102083,-0.207996,-0.120769
36.54,0.81095,0.535024,-0.0975271,-0.215867,-0.0335271,-0.0809888,-0.0325836,0.174587,2.35123,0.238491,-0.459499,-0.22382,0.0593821,34.9832,0.160578,-0.222497,-0.165076
36.56,0.811256,0.53455,-0.0972892,-0.215997,-0.0476502,-0.0364847,-0.00868284,0.156854,2.32687,0.242003,-0.455854,-0.248567,0.0731958,35.9084,0.156578,-0.227745,-0.165244
36.58,0.811756,0.533775,-0.0969983,-0.216166,-0.0442192,-0.068022,-0.00216523,0.139447,2.30308,0.245513,-0.471846,-0.258604,0.0720503,38.8506,0.137706,-0.187602,-0.190361
36.6,0.811653,0.533928,-0.0966716,-0.21632,0.0353718,-0.00149162,-0.0740853,0.130823,2.29146,0.247184,-0.476773,-0.257657,0.0606748,39.5535,0.0884877,-0.201446,-0.0611162
36.62,0.811677,0.533685,-0.0971368,-0.216622,-0.0501569,-0.0557885,0.0698902,0.0936012,2.23927,0.25456,-0.494639,-0.304821,0.0734211,39.2879,0.111593,-0.208489,-0.098689
36.64,0.811977,0.533308,-0.0969618,-0.216504,-0.0491368,0.0273728,0.0393596,0.0841277,2.22506,0.256513,-0.502817,-0.317188,0.0829071,38.5369,0.111736,-0.237973,-0.0337652
36.66,0.812001,0.533228,-0.0970142,-0.216589,0.0841648,-0.140531,0.0931506,0.0558896,2.18355,0.262167,-0.532145,-0.339037,0.0833539,38.5988,0.166126,-0.22025,-0.0936223
36.68,0.81187,0.533289,-0.0975097,-0.216708,0.000432182,-0.141061,0.00505587,0.0281874,2.14336,0.267781,-0.53698,-0.372304,0.0912768,39.3557,0.130087,-0.203573,-0.0193969
36.7,0.812131,0.533147,-0.0969498,-0.216332,-0.0899622,0.21388,-0.0110989,0.00990696,2.11726,0.271341,-0.571176,-0.387962,0.0906998,38.8329,0.133956,-0.229145,-0.00814357
36.72,0.812633,0.532516,-0.0973245,-0.215827,-0.0137549,0.00641102,0.0905256,-0.0104453,2.08497,0.275274,-0.577642,-0.418965,0.106239,39.9936,0.202837,-0.185156,-0.233295
36.74,0.812607,0.53281,-0.0973228,-0.215202,0.00532415,0.0140939,0.0279032,-0.0312557,2.05287,0.279393,-0.586518,-0.433431,0.099731,37.1514,0.112241,-0.243579,0.145733
36.76,0.812348,0.53293,-0.0973472,-0.215869,0.0582682,-0.072906,-0.0930423,-0.0510761,2.02212,0.283033,-0.617275,-0.4556,0.084822,42.565,0.216605,-0.266317,-0.082218
36.78,0.812493,0.532635,-0.0974655,-0.215997,-0.00490935,-0.0867519,-0.032704,-0.0708841,1.99192,0.286614,-0.633786,-0.489325,0.0998535,39.4799,0.217449,-0.207234,-0.131733
36.8,0.813071,0.531928,-0.0970859,-0.215737,-0.02738,0.102726,0.00049376,-0.100106,1.94754,0.292092,-0.646338,-0.509032,0.109094,39.3646,0.23647,-0.184668,-0.181067
36.82,0.813054,0.532056,-0.0969232,-0.21556,0.0488765,-0.0208963,-0.0196624,-0.109726,1.93314,0.293903,-0.643948,-0.515341,0.101793,40.709,0.222359,-0.206434,-0.190699
36.84,0.813335,0.531624,-0.0968565,-0.215596,-0.0537769,-0.0173335,0.0515616,-0.138434,1.8907,0.299065,-0.677067,-0.553857,0.106395,41.0303,0.228234,-0.236172,-0.0776059
36.86,0.813701,0.531274,-0.0964095,-0.215274,-0.0844589,0.107497,0.00681284,-0.148975,1.87592,0.301006,-0.681554,-0.563638,0.113029,40.264,0.24993,-0.231355,-0.157717
36.88,0.813627,0.531311,-0.0967452,-0.215314,0.111142,-0.114897,-0.0594108,-0.177202,1.83503,0.306154,-0.692924,-0.5745,0.102802,40.9929,0.258888,-0.204604,-0.208866
36.9,0.813482,0.53151,-0.0964608,-0.215499,0.0473036,0.090919,-0.0998394,-0.186557,1.82171,0.307772,-0.709363,-0.58196,0.105046,42.6455,0.254258,-0.226851,-0.103526
36.92,0.813941,0.530791,-0.09634,-0.215591,-0.0636788,-0.0470191,0.0973196,-0.223876,1.76919,0.314186,-0.727481,-0.626969,0.118562,40.0612,0.295666,-0.18759,-0.313793
36.94,0.814043,0.530793,-0.0961388,-0.21529,0.0122826,-0.0369726,-0.00821157,-0.24232,1.74362,0.317434,-0.735949,-0.630289,0.110256,44.6439,0.304478,-0.211007,-0.224438
36.96,0.81396,0.530956,-0.0959514,-0.215285,0.0383143,-0.0185516,-0.0517659,-0.260655,1.7186,0.320435,-0.753387,-0.644379,0.109532,43.1963,0.230509,-0.281908,0.0109096
36.98,0.814322,0.53039,-0.0959447,-0.215317,-0.0221152,-0.0941518,-0.00688758,-0.289117,1.68064,0.325125,-0.764169,-0.674247,0.125504,42.3222,0.268746,-0.23979,-0.124936
37,0.814442,0.530364,-0.0958728,-0.214959,0.0169564,0.0750026,0.0884832,-0.298185,1.66851,0.326658,-0.772053,-0.674594,0.124585,44.1076,0.237045,-0.281611,-0.0393759
37.02,0.814392,0.530475,-0.0954098,-0.215078,-0.0448566,0.00142046,-0.0522027,-0.325275,1.63284,0.330839,-0.790687,-0.690618,0.102858,43.0766,0.23922,-0.2795,0.0100398
37.04,0.814418,0.530351,-0.0953458,-0.215315,-0.0475937,0.116365,-0.0530296,-0.343443,1.60946,0.33352,-0.809888,-0.715701,0.116506,44.7556,0.258716,-0.244932,-0.0573705
37.06,0.814451,0.530205,-0.0956306,-0.215424,0.103797,-0.0899242,-0.0348154,-0.370348,1.57488,0.337728,-0.806564,-0.719298,0.128059,41.55,0.26939,-0.233337,-0.0864646
37.08,0.814471,0.530099,-0.0957489,-0.215556,-0.0286715,-0.0502212,-0.0030122,-0.380428,1.56257,0.339245,-0.812884,-0.728487,0.113525,45.548,0.262278,-0.28122,-0.0137439
37.1,0.814579,0.529973,-0.0954716,-0.215581,-0.0192351,0.00813789,0.0347065,-0.407596,1.52874,0.343033,-0.83588,-0.755737,0.125527,44.73,0.304265,-0.236468,-0.151242
37.12,0.81457,0.529985,-0.0953934,-0.215619,0.0449777,-0.0635664,-0.0294719,-0.416434,1.51767,0.34423,-0.825049,-0.759105,0.134415,45.3465,0.20057,-0.340233,0.138931
37.14,0.813969,0.530706,-0.0967282,-0.215518,0.133113,-0.161337,0.0206437,-0.442486,1.48519,0.34792,-0.821353,-0.756787,0.13204,42.3485,0.278863,-0.241604,-0.160378
37.16,0.813821,0.531144,-0.0968333,-0.214953,0.0105905,-0.0830651,0.0603827,-0.459777,1.46404,0.350256,-0.839172,-0.767168,0.133995,41.0229,0.229706,-0.296965,0.0217432
37.18,0.813847,0.531262,-0.0977995,-0.214123,0.0618952,-0.0722199,0.0943365,-0.485625,1.43248,0.353983,-0.84783,-0.792132,0.141477,47.9387,0.302912,-0.224848,-0.144178
37.2,0.813216,0.532071,-0.0989581,-0.213981,0.193782,-0.112234,0.00417246,-0.502729,1.41181,0.35647,-0.851743,-0.789865,0.135608,47.4225,0.251527,-0.303738,0.0504489
37.22,0.81281,0.532699,-0.0993856,-0.213762,0.0460576,-0.0926061,0.0276221,-0.521202,1.39033,0.358515,-0.870034,-0.799199,0.131488,45.1105,0.210046,-0.328878,0.156169
37.24,0.812711,0.533042,-0.100202,-0.212903,0.0420311,-0.0312002,0.0779122,-0.547044,1.36005,0.361536,-0.880877,-0.822501,0.141262,43.8002,0.280933,-0.278794,-0.0214141
37.26,0.812488,0.533375,-0.100923,-0.212579,0.0995762,-0.0174985,0.0299961,-0.564289,1.34009,0.363572,-0.890762,-0.824655,0.129913,47.8359,0.287082,-0.287005,-0.0284859
37.28,0.812141,0.533784,-0.101432,-0.212635,0.084425,-0.171445,0.0485461,-0.581685,1.3204,0.36536,-0.907658,-0.830304,0.130075,46.9895,0.288514,-0.256901,-0.135449
37.3,0.811929,0.534084,-0.101772,-0.212526,0.115082,-0.00398036,0.0213455,-0.590419,1.31063,0.366309,-0.913747,-0.837355,0.127666,45.5392,0.262196,-0.306228,0.0781596
37.32,0.811831,0.534296,-0.102006,-0.212259,0.0270417,-0.165205,-0.00935215,-0.625284,1.27164,0.369277,-0.929635,-0.861434,0.120843,45.384,0.292967,-0.280733,-0.0619427
37.34,0.811832,0.534301,-0.102273,-0.212115,0.0452257,-0.0624196,0.0359562,-0.644347,1.25106,0.370707,-0.954497,-0.869268,0.12156,45.8331,0.308912,-0.268622,-0.114568
37.36,0.811704,0.53438,-0.102222,-0.212425,-0.00959447,-0.0383029,-0.0928961,-0.653217,1.24144,0.371336,-0.956495,-0.874386,0.12494,47.1942,0.281209,-0.308673,0.00871486
37.38,0.811683,0.534475,-0.102157,-0.212301,0.0446755,-0.0124508,-0.0262929,-0.67991,1.21285,0.373251,-0.967958,-0.88487,0.116817,44.0649,0.308767,-0.292433,-0.0366445
37.4,0.81172,0.53444,-0.101971,-0.212336,-0.00470234,0.0624032,-0.0155095,-0.697794,1.19392,0.374434,-0.985674,-0.891375,0.118392,51.0108,0.288218,-0.285799,-0.0341295
37.42,0.812047,0.53391,-0.101502,-0.212644,-0.0520389,0.0603486,-0.0332275,-0.724889,1.16563,0.375468,-0.998547,-0.908625,0.122901,41.9938,0.364037,-0.218792,-0.253522
37.44,0.812147,0.533628,-0.101633,-0.212907,-0.0408627,-0.16617,0.0222933,-0.744445,1.14547,0.37635,-0.999366,-0.914535,0.121205,50.5123,0.36897,-0.219994,-0.23913
37.46,0.811901,0.533935,-0.101627,-0.213078,0.0341877,0.0571528,-0.0392498,-0.762474,1.12686,0.377218,-0.998142,-0.916917,0.121882,43.6167,0.28626,-0.306444,0.0252581
37.48,0.811913,0.533852,-0.101731,-0.21319,0.0351691,-0.0178229,0.0257489,-0.780527,1.10845,0.378076,-1.00898,-0.91267,0.119555,47.0771,0.286737,-0.332464,0.01809
37.5,0.812045,0.533788,-0.101426,-0.212993,-0.0232433,-0.0949723,0.0278889,-0.79862,1.0901,0.378987,-1.0161,-0.92776,0.122587,50.6917,0.323335,-0.269671,-0.126284
37.52,0.811891,0.534021,-0.101844,-0.212794,0.0942752,-0.0918564,0.0252241,-0.816705,1.07173,0.379527,-1.0177,-0.939651,0.120477,45.336,0.327263,-0.278241,-0.126037
37.54,0.811807,0.534163,-0.102012,-0.212681,0.0113576,0.0986182,0.0215804,-0.843926,1.04437,0.380373,-1.03602,-0.934963,0.122146,49.256,0.354548,-0.235711,-0.227189
37.56,0.811849,0.534141,-0.101918,-0.212621,-0.00197347,-0.0516378,-0.0150131,-0.853051,1.03531,0.380646,-1.03276,-0.943343,0.117463,46.9479,0.341876,-0.256697,-0.142566
37.58,0.811794,0.53433,-0.102184,-0.212226,0.0556637,0.0187138,0.0714939,-0.872914,1.01578,0.381469,-1.04543,-0.951464,0.124924,46.4712,0.332016,-0.250059,-0.160867
37.6,0.811593,0.534621,-0.102648,-0.212039,-0.0127432,0.0178322,0.00420384,-0.909805,0.979495,0.382653,-1.05392,-0.96552,0.118559,49.4777,0.2963,-0.315762,-0.00400251
37.62,0.811528,0.534701,-0.103032,-0.2119,0.064477,-0.0119211,0.0547523,-0.928288,0.961423,0.38306,-1.06636,-0.966578,0.123319,46.2178,0.327312,-0.299287,-0.0247199
37.64,0.811392,0.534915,-0.103289,-0.211754,0.00810709,-0.0148899,0.0322128,-0.946869,0.943415,0.383509,-1.07076,-0.972368,0.119398,50.6683,0.331275,-0.258641,-0.139292
37.66,0.811116,0.535335,-0.103705,-0.211548,0.0423813,-0.0556149,0.0187318,-0.965555,0.925419,0.384014,-1.07854,-0.978985,0.119246,45.928,0.344489,-0.259893,-0.159731
37.68,0.811006,0.535533,-0.10393,-0.211357,0.0490072,-0.0161583,0.027017,-0.985991,0.905938,0.384723,-1.08986,-0.984771,0.119341,47.7603,0.273519,-0.32413,0.0221782
37.7,0.81092,0.535717,-0.104183,-0.211098,0.0255649,-0.00316672,0.0216584,-1.0145,0.878867,0.385478,-1.1073,-0.996944,0.116488,48.7839,0.313161,-0.285646,-0.0888089
37.72,0.810863,0.535815,-0.10433,-0.210994,0.00339905,-0.00484357,0.00212496,-1.03369,0.86078,0.385875,-1.1166,-1.00459,0.113971,49.1468,0.341666,-0.263878,-0.147811
37.74,0.810813,0.535876,-0.104429,-0.210983,0.024198,-0.0189096,0.0116664,-1.04334,0.851722,0.386084,-1.12211,-1.00726,0.113261,49.5575,0.386934,-0.207637,-0.286432
37.76,0.810761,0.53596,-0.104515,-0.210926,0.000292053,-0.0160881,0.00270446,-1.08233,0.815444,0.386993,-1.1415,-1.02073,0.110496,50.2929,0.285874,-0.337126,0.0213116
37.78,0.810801,0.535914,-0.104493,-0.210902,-0.0264252,0.00796327,0.00647778,-1.09216,0.80635,0.387244,-1.14525,-1.02408,0.110646,45.6268,0.329358,-0.291653,-0.104772
37.8,0.810808,0.535904,-0.104503,-0.210892,-0.0102175,0.00877401,0.00371776,-1.11366,0.786597,0.38795,-1.15522,-1.0298,0.110013,46.6361,0.338165,-0.279145,-0.152226
37.82,0.810805,0.535902,-0.104483,-0.210921,0.00429271,-0.00449748,-0.000282414,-1.13358,0.768331,0.388528,-1.16389,-1.03538,0.109567,50.6152,0.251933,-0.357791,0.131335
37.84,0.810866,0.535844,-0.104351,-0.210901,-0.0141719,0.0177929,-0.00803815,-0.739736,-1.00817,0.389431,-1.17783,-1.04545,0.109467,49.2035,0.416102,-0.218061,-0.187913
37.86,0.810908,0.535777,-0.104302,-0.210934,-0.0221824,0.0156033,-0.00192693,-0.759414,-1.02602,0.39008,-1.18674,-1.052,0.108636,47.6908,0.337004,-0.292849,0.0563773
37.88,0.810935,0.535722,-0.104221,-0.211011,-0.0216683,0.00882109,-0.0103939,-0.779273,-1.04395,0.390763,-1.19527,-1.05774,0.108003,47.0882,0.403822,-0.219925,-0.125389
37.9,0.811008,0.53562,-0.104036,-0.211078,-0.00924283,0.00282722,-0.00941143,-0.811187,-1.07258,0.392008,-1.20906,-1.06796,0.107278,50.6509,0.431047,-0.174512,-0.226267
37.92,0.81101,0.5356,-0.10402,-0.211129,-0.0161243,-0.00238026,-0.0118898,-0.820022,-1.08461,0.39245,-1.21162,-1.0697,0.107449,48.0722,0.357451,-0.304729,0.0172018
37.94,0.811053,0.535541,-0.103887,-0.211177,0.00128495,-0.00415319,-0.0024084,-0.856124,-1.13201,0.394316,-1.22667,-1.08058,0.10752,51.1521,0.330247,-0.329184,0.0705454
37.96,0.811067,0.535532,-0.103821,-0.211181,0.01327,-0.00707649,-0.0044575,-0.874629,-1.15532,0.395297,-1.23477,-1.08718,0.107742,48.4855,0.403548,-0.231114,-0.10368
37.98,0.811093,0.535495,-0.103777,-0.211195,0.00651033,-0.00406237,-0.0048115,-0.893429,-1.17843,0.396315,-1.2429,-1.0934,0.107887,51.7311,0.330324,-0.30802,0.0695365
38,0.811119,0.53546,-0.103761,-0.211192,-0.0162609,0.00970633,-0.00484647,-0.902933,-1.18991,0.396836,-1.24706,-1.0968,0.108214,51.5738,0.381808,-0.286712,0.00418118
38.02,0.811158,0.535418,-0.103698,-0.21118,-0.000505242,-0.00178643,-0.00116881,-0.930531,-1.23146,0.39884,-1.25898,-1.1085,0.108495,47.031,0.366054,-0.303056,0.0490976
38.04,0.811181,0.535418,-0.103669,-0.211107,0.00254606,-0.00334734,0.000583931,-0.955574,-1.27332,0.400867,-1.26717,-1.11755,0.109045,52.7701,0.361274,-0.316963,0.0166658
38.06,0.811199,0.535417,-0.103662,-0.211043,0.00492378,-0.00736373,0.00106008,-0.972775,-1.30068,0.402247,-1.27428,-1.12462,0.109371,48.5618,0.382986,-0.28003,-0.0195766
38.08,0.811226,0.535405,-0.103638,-0.210982,0.001872,0.00725236,0.00429063,-0.981522,-1.3142,0.402946,-1.27865,-1.12874,0.109804,50.707,0.408458,-0.248961,-0.109065
38.1,0.811233,0.535418,-0.103641,-0.210922,-0.00577296,0.00481806,0.00418186,-0.999303,-1.34099,0.404359,-1.28559,-1.13615,0.110492,52.6232,0.448032,-0.180977,-0.239851
38.12,0.811265,0.535423,-0.103682,-0.210765,0.00599439,-0.0135055,0.00260335,-1.02518,-1.38783,0.407027,-1.29524,-1.15012,0.111439,50.0502,0.446213,-0.182009,-0.219912
38.14,0.811335,0.535414,-0.103694,-0.210513,0.00448203,0.000893776,0.0128614,-1.0485,-1.4346,0.40973,-1.30189,-1.1624,0.112823,50.8942,0.398105,-0.245145,-0.0964964
38.16,0.811347,0.535431,-0.103688,-0.210424,0.0213101,-0.00347544,0.00670907,-1.05651,-1.44995,0.410637,-1.3059,-1.16863,0.11281,50.3638,0.357863,-0.308231,0.0481189
38.18,0.811383,0.535456,-0.103752,-0.21019,0.00912979,-0.0109858,0.0115724,-1.08121,-1.49527,0.413364,-1.31291,-1.18085,0.113489,52.2969,0.399262,-0.285346,-0.00480788
38.2,0.811412,0.535479,-0.103756,-0.210018,0.00902267,-0.0104776,0.00484861,-1.09822,-1.52497,0.415189,-1.3192,-1.19048,0.113657,50.2257,0.341315,-0.314695,0.0774976
38.22,0.811543,0.535432,-0.103706,-0.209657,-0.0127906,0.00344692,0.000122122,-1.12047,-1.57875,0.418699,-1.32434,-1.21135,0.115059,51.1206,0.341425,-0.333751,0.10396
38.24,0.811642,0.535396,-0.103664,-0.209388,-0.010513,0.00895863,0.00176041,-1.13466,-1.61279,0.420912,-1.32767,-1.22446,0.115197,51.3071,0.357478,-0.317425,0.0740766
38.26,0.811731,0.535369,-0.10362,-0.209134,-0.00433896,0.0093788,-0.00649199,-1.15002,-1.64694,0.423166,-1.33023,-1.23796,0.114945,52.3418,0.349827,-0.332988,0.102432
38.28,0.81179,0.535335,-0.103582,-0.209005,0.000335729,0.00268214,0.00358716,-1.15754,-1.66355,0.424258,-1.33362,-1.2455,0.115058,50.7191,0.383149,-0.311343,0.0322414
38.3,0.811952,0.535244,-0.103466,-0.208669,-0.00465359,0.000710634,-0.00124195,-1.1808,-1.71277,0.427521,-1.33923,-1.26323,0.115937,52.274,0.42359,-0.254161,-0.087812
38.32,0.812098,0.535153,-0.103344,-0.208394,-0.00390606,-0.0092893,-0.00830259,-1.19224,-1.75094,0.430068,-1.3385,-1.28159,0.116201,52.5876,0.305881,-0.375076,0.199221
38.34,0.812379,0.534987,-0.103111,-0.207838,-0.0169974,0.00794011,-0.00507324,-1.21038,-1.80725,0.433851,-1.33818,-1.3073,0.118068,52.6504,0.389039,-0.260279,-0.0120599
38.36,0.812543,0.5349,-0.102968,-0.207493,-0.0135444,0.0104775,-0.0109404,-1.22312,-1.84422,0.436354,-1.33767,-1.32343,0.118832,52.3178,0.317155,-0.357249,0.19193
38.38,0.812819,0.534721,-0.102751,-0.206981,-0.00825124,0.000360437,-0.00872925,-1.2451,-1.90089,0.440263,-1.33985,-1.34811,0.120273,51.918,0.357104,-0.310212,0.0730574
38.4,0.812894,0.534682,-0.1027,-0.206812,-0.00865691,0.00419492,-0.00866633,-1.25199,-1.91894,0.441503,-1.33867,-1.35443,0.120858,48.7922,0.365712,-0.338335,0.114701
38.42,0.813212,0.534525,-0.102478,-0.206077,-0.0076333,0.00718187,-0.00425763,-1.26543,-1.98115,0.445764,-1.33165,-1.38821,0.123636,52.0711,0.378982,-0.328127,0.103986
38.44,0.813432,0.534427,-0.102357,-0.205524,-0.0098619,0.00529822,-0.00331574,-1.27503,-2.02208,0.448584,-1.32633,-1.40908,0.124851,52.624,0.397063,-0.287615,0.0461291
38.46,0.813705,0.534353,-0.102224,-0.204699,0.0118306,-0.000719335,-0.00139321,-1.29032,-2.08275,0.452786,-1.31938,-1.4385,0.126443,52.2126,0.423849,-0.228136,-0.080182
38.48,0.813906,0.534276,-0.102157,-0.204134,0.0087916,-0.00534221,0.0099232,-1.30305,-2.12487,0.455753,-1.31683,-1.4587,0.127557,51.097,0.438915,-0.201821,-0.137898
38.5,0.81399,0.534253,-0.102138,-0.203868,-0.00542173,0.00170692,0.00459512,-1.3086,-2.14473,0.457136,-1.31371,-1.46658,0.128211,53.0176,0.391166,-0.282538,0.0231597
38.52,0.814184,0.534219,-0.102089,-0.203206,-0.00334363,0.0015456,0.00893096,-1.31438,-2.18993,0.460231,-1.30328,-1.49295,0.129792,52.6531,0.376096,-0.31145,0.0856256
38.54,0.814535,0.534136,-0.101988,-0.202065,0.00216803,-0.000737386,0.0123932,-1.32401,-2.25696,0.464816,-1.29137,-1.53107,0.130958,52.7478,0.446889,-0.213445,-0.107676
38.56,0.814769,0.534065,-0.101904,-0.201352,-0.00554357,0.00542212,0.00364601,-1.331,-2.30126,0.467832,-1.2837,-1.55475,0.131813,53.1385,0.448046,-0.185115,-0.119862
38.58,0.814988,0.533996,-0.101839,-0.200676,0.000409841,0.00142695,0.00259059,-1.33848,-2.34521,0.470815,-1.27629,-1.57734,0.132244,52.5721,0.447879,-0.183876,-0.147589
38.6,0.815335,0.533854,-0.101697,-0.199717,-0.000784272,-0.00949922,0.00412485,-1.34935,-2.4158,0.475555,-1.26489,-1.61603,0.133341,50.7811,0.434255,-0.228522,-0.0488009
38.62,0.815491,0.533791,-0.1016,-0.199298,-0.0121078,0.012811,-0.00803404,-1.35055,-2.44028,0.47713,-1.2563,-1.62929,0.133891,52.1518,0.454813,-0.193547,-0.076282
38.64,0.81592,0.53363,-0.10136,-0.198089,-0.00556958,0.00275516,-0.00292334,-1.35491,-2.5132,0.481807,-1.23852,-1.67264,0.134662,53.0251,0.424505,-0.276813,0.0770327
38.66,0.816359,0.533422,-0.10112,-0.19696,-0.012504,-0.00244357,-0.001057,-1.36033,-2.58543,0.486399,-1.22035,-1.71094,0.13532,52.8871,0.406531,-0.289685,0.10658
38.68,0.816653,0.533278,-0.10093,-0.196231,-0.00550835,0.00137338,-0.00777484,-1.36454,-2.6332,0.489419,-1.21014,-1.73642,0.13594,52.4878,0.473413,-0.18725,-0.063316
38.7,0.816917,0.533144,-0.100762,-0.195581,0.00464279,-0.0107281,-0.0184581,-1.3692,-2.6807,0.492408,-1.20065,-1.76049,0.136615,51.4022,0.464046,-0.179023,-0.0912725
38.72,0.81706,0.533064,-0.100673,-0.195242,-0.0191014,0.0100858,-0.00700657,-1.37018,-2.70964,0.494172,-1.19146,-1.77623,0.137545,52.921,0.429388,-0.266687,0.0569884
38.74,0.817369,0.532941,-0.100506,-0.194372,-0.0100013,0.00620061,-0.00442454,-1.36898,-2.76207,0.49727,-1.1739,-1.80618,0.138463,52.4804,0.44835,-0.205853,-0.0395638
38.76,0.817805,0.532771,-0.100288,-0.193112,-0.000939731,-0.00299992,0.00119005,-1.36815,-2.84009,0.501875,-1.1506,-1.85014,0.139973,53.0227,0.463093,-0.192771,-0.0458976
38.78,0.818193,0.532633,-0.100151,-0.191918,0.000914483,-0.00489223,0.00321219,-1.36839,-2.91743,0.506424,-1.1268,-1.8889,0.14108,52.8872,0.417236,-0.254396,0.0906016
38.8,0.818449,0.532537,-0.100053,-0.191142,-0.000730381,-0.00645,0.00210264,-1.36915,-2.96861,0.50943,-1.11322,-1.91442,0.142113,52.8677,0.425691,-0.198227,0.0293738
38.82,0.818826,0.532453,-0.0999501,-0.18981,0.00086265,0.00860408,0.00729843,-1.36306,-3.05529,0.514236,-1.08197,-1.96187,0.143966,52.7544,0.4745,-0.15173,-0.0976333
38.84,0.81909,0.532379,-0.0999006,-0.188902,-0.00668711,0.000762443,0.00317721,-1.35864,-3.11071,0.517276,-1.06261,-1.99247,0.145011,52.8804,0.442142,-0.216908,0.043666
38.86,0.819317,0.532344,-0.0998804,-0.188025,-0.00561052,0.000787192,0.00557396,-1.35479,-3.16581,0.520295,-1.04528,-2.02157,0.145683,52.7255,0.484888,-0.131164,-0.147588
38.88,0.819432,0.532328,-0.0998566,-0.187581,0.0128691,-0.00411252,0.00782264,-1.35305,-3.19326,0.521798,-1.03807,-2.03711,0.145645,52.9573,0.474526,-0.188723,-0.0301106
38.9,0.819667,0.532265,-0.0998313,-0.186744,-0.000211068,0.00136411,0.00726031,-1.34995,-3.24792,0.524778,-1.02246,-2.06466,0.146073,53.079,0.385286,-0.324053,0.26751
38.92,0.820143,0.532135,-0.0997254,-0.185075,-0.00142651,0.0130697,0.00328127,-1.33636,-3.36236,0.530692,-0.982759,-2.12467,0.147265,52.863,0.473538,-0.188931,0.00449535
38.94,0.820256,0.532113,-0.0997157,-0.184645,0.0096105,-0.00240923,-0.00153465,-1.33408,-3.39441,0.532373,-0.973325,-2.14098,0.147414,52.6972,0.501326,-0.0999039,-0.12533
38.96,0.820504,0.532025,-0.0996615,-0.18382,0.0112532,-0.00782,0.00591576,-1.32702,-3.45195,0.535288,-0.954082,-2.16978,0.14763,52.7909,0.400337,-0.284682,0.249748
38.98,0.820966,0.531868,-0.0995069,-0.182291,0.00219464,0.000929929,-0.000737712,-1.3147,-3.56608,0.54107,-0.919854,-2.22445,0.148751,52.6266,0.463589,-0.211445,0.0843103
39,0.821176,0.531791,-0.09945,-0.181598,0.00611775,0.00242715,-0.00281339,-1.30935,-3.62272,0.543934,-0.903705,-2.25108,0.149616,53.0774,0.497203,-0.10272,-0.102969
39.02,0.821391,0.53172,-0.0993807,-0.180872,-0.00522663,0.0101088,0.0053334,-1.2988,-3.68165,0.546771,-0.881483,-2.27912,0.150528,52.9026,0.489089,-0.120773,-0.0435977
39.04,0.821603,0.531648,-0.0993501,-0.180133,-0.00578489,0.0011385,0.00080008,-1.28891,-3.74025,0.549597,-0.86031,-2.30609,0.151212,52.9384,0.482281,-0.12925,-0.0379985
39.06,0.821692,0.531634,-0.0993543,-0.17977,-0.0015179,-0.00246723,0.00951885,-1.28549,-3.77285,0.551231,-0.850549,-2.32047,0.151251,52.881,0.460701,-0.229981,0.164094
39.08,0.821968,0.531555,-0.0993096,-0.178762,-0.000775056,0.00284343,0.000191406,-1.27236,-3.85991,0.555451,-0.821626,-2.35793,0.152865,52.7931,0.483057,-0.137242,-0.0211543
39.1,0.822201,0.531514,-0.0992934,-0.177816,0.00782695,-0.00831442,0.00375469,-1.25812,-3.94715,0.559617,-0.795051,-2.39723,0.153082,52.8587,0.447752,-0.244827,0.163339
39.12,0.822373,0.531479,-0.0992866,-0.177131,0.00647203,-0.00061407,0.00698596,-1.24614,-4.00607,0.562338,-0.77354,-2.42306,0.153518,53.006,0.485262,-0.161032,0.0341149
39.14,0.822533,0.531443,-0.0992808,-0.176496,-0.00797606,0.00339556,0.00584201,-1.23484,-4.06468,0.565052,-0.753806,-2.44817,0.153974,52.99,0.48465,-0.135781,0.0209439
39.16,0.822591,0.531447,-0.099308,-0.1762,0.00133736,-0.00374353,0.00638095,-1.22946,-4.09387,0.566404,-0.743034,-2.45886,0.154024,52.9419,0.51612,-0.0587431,-0.137947
39.18,0.822861,0.531398,-0.0993039,-0.175088,0.00996485,-0.00379922,0.00825778,-1.21072,-4.21357,0.572028,-0.711138,-2.50716,0.154128,53.1338,0.489295,-0.129525,0.0204755
39.2,0.822948,0.531347,-0.0992751,-0.174846,-0.0215541,0.00871707,-0.00148811,-1.20618,-4.24241,0.573371,-0.702522,-2.51735,0.154813,52.964,0.504279,-0.0690658,-0.0890669
39.22,0.823135,0.531297,-0.099255,-0.174128,-0.00188346,-0.00272109,-0.00800199,-1.18907,-4.32899,0.577249,-0.676632,-2.55219,0.154887,53.1203,0.471416,-0.174934,0.0767417
39.24,0.823183,0.5313,-0.0992659,-0.173888,0.000397449,0.00477111,-0.00120514,-1.18295,-4.35781,0.578516,-0.665958,-2.56122,0.15555,53.0348,0.46748,-0.197337,0.145305
39.26,0.823413,0.531223,-0.09929,-0.173014,0.00110411,-0.00801267,-0.00388016,-1.1603,-4.47242,0.583592,-0.630929,-2.60306,0.156011,52.7199,0.503308,-0.115701,-0.00633997
39.28,0.823489,0.531178,-0.0992612,-0.172807,-0.0145238,0.00310394,0.000669795,-1.15599,-4.50477,0.585096,-0.62344,-2.61397,0.156289,52.8198,0.480945,-0.126806,0.0516234
39.3,0.823592,0.531195,-0.0993174,-0.172233,0.00298751,-0.00456351,0.00709888,-1.14129,-4.58993,0.588919,-0.601882,-2.64315,0.156542,53.1476,0.510517,-0.0376376,-0.114012
39.32,0.82365,0.531161,-0.0993157,-0.172063,-0.0134531,0.00523505,0.00334492,-1.13484,-4.61787,0.590123,-0.591518,-2.65127,0.157259,52.9038,0.503042,-0.0062048,-0.171786
39.34,0.823765,0.531196,-0.0994348,-0.171332,-0.00739934,0.00348983,0.00645225,-1.11074,-4.72915,0.59496,-0.556612,-2.68548,0.157577,52.9599,0.504142,-0.0375322,-0.117484
39.36,0.823803,0.531229,-0.0995134,-0.171,0.0080656,-0.00133357,0.003757,-1.09972,-4.78451,0.597393,-0.540897,-2.70239,0.15808,53.0142,0.461164,-0.208799,0.205002
39.38,0.823829,0.531239,-0.0995214,-0.170842,0.00440294,0.00531797,-0.000427604,-1.09447,-4.81212,0.598616,-0.534541,-2.712,0.157767,53.0321,0.498713,-0.127874,0.0726663
39.4,0.823867,0.531286,-0.0997004,-0.170406,0.00204533,-0.00874548,0.0109911,-1.08049,-4.89872,0.602516,-0.513124,-2.73564,0.15754,53.1354,0.471814,-0.201257,0.203125
39.42,0.823884,0.531303,-0.0997105,-0.170266,-0.00292678,0.00908497,0.00429378,-1.0742,-4.92543,0.603645,-0.504542,-2.74233,0.158057,52.9176,0.511087,-0.101731,-0.0106879
39.44,0.823886,0.531362,-0.099824,-0.170006,-0.00371278,0.00427132,-7.813e-05,-1.06276,-4.98149,0.606078,-0.492152,-2.75918,0.158525,52.9389,0.456416,-0.230239,0.242146
39.46,0.823896,0.531467,-0.100025,-0.169508,-0.00158453,0.00150924,0.00951636,-1.04093,-5.08797,0.610669,-0.464594,-2.7875,0.158426,52.9686,0.524673,-0.00217222,-0.11092
39.48,0.8239,0.53151,-0.100107,-0.169309,-0.00633019,-0.0029443,0.00325426,-1.03102,-5.14108,0.612981,-0.452434,-2.80146,0.158235,52.9469,0.501321,-0.112806,0.0560612
39.5,0.82392,0.531508,-0.100134,-0.169198,-0.0040512,0.00274424,0.00892464,-1.02631,-5.1676,0.614143,-0.447323,-2.80907,0.158506,52.9915,0.520001,-0.0476749,-0.052926
39.52,0.823872,0.531661,-0.100296,-0.168854,0.002253,0.0168518,-0.00355297,-1.00473,-5.27033,0.618568,-0.420621,-2.83235,0.15888,52.9167,0.524351,-0.0473401,-0.0511605
39.54,0.823872,0.531689,-0.100397,-0.16871,-0.0130121,0.00753841,0.00025245,-0.994222,-5.32115,0.620766,-0.407645,-2.84299,0.159046,52.7961,0.509202,-0.110605,0.0721308
39.56,0.823843,0.531754,-0.100501,-0.168583,-0.00510817,0.00331325,0.0054227,-0.984358,-5.37195,0.622981,-0.395782,-2.85348,0.158786,52.8368,0.492748,-0.108324,0.0494578
39.58,0.823812,0.53182,-0.100582,-0.168481,-0.00307293,0.0111151,-0.00231806,-0.975724,-5.42699,0.625443,-0.384332,-2.86426,0.158644,52.7921,0.511913,-0.0744392,0.0362917
39.6,0.823786,0.53187,-0.100694,-0.168379,-0.000728364,-0.00454409,0.0054427,-0.967085,-5.47781,0.627686,-0.373757,-2.87456,0.15856,52.8936,0.483866,-0.186584,0.194294
39.62,0.823761,0.531933,-0.10082,-0.16823,-0.0141117,0.00398028,0.0126364,-0.951685,-5.54995,0.63081,-0.356767,-2.88698,0.158713,52.7009,0.505244,-0.130402,0.107762
39.64,0.823708,0.532013,-0.100951,-0.168156,-0.0139764,0.00386803,0.00518164,-0.942203,-5.59817,0.632917,-0.345252,-2.89439,0.158607,53.1242,0.486714,-0.152471,0.168836
39.66,0.823649,0.532102,-0.101065,-0.168095,-0.00600541,0.0046166,0.00225135,-0.933341,-5.64649,0.635043,-0.334211,-2.90227,0.158549,53.0791,0.511173,-0.0785239,0.0234599
39.68,0.823564,0.532229,-0.101211,-0.168018,0.00391709,-0.0059267,0.00413654,-0.92163,-5.72347,0.638508,-0.321179,-2.91525,0.157905,53.065,0.513282,-0.0538854,-0.013252
39.7,0.823543,0.532263,-0.101254,-0.167989,-0.00481465,0.00543627,0.0028805,-0.917859,-5.74775,0.63959,-0.315818,-2.91818,0.157999,52.8841,0.524187,-0.00819329,-0.0702922
39.72,0.823498,0.532318,-0.101355,-0.167976,-0.00779071,-0.00121551,-0.000998175,-0.908846,-5.7931,0.641519,-0.30612,-2.92275,0.157442,53.0768,0.515367,-0.0174085,-0.0390745
39.74,0.823418,0.532421,-0.101491,-0.167958,-0.0038933,0.00614826,-0.000553341,-0.896425,-5.86151,0.644463,-0.293657,-2.93203,0.157578,52.8434,0.528695,-0.0358456,-0.0266508
39.76,0.823359,0.532492,-0.10157,-0.167976,-0.00832327,0.00249727,9.43298e-06,-0.888852,-5.90737,0.64646,-0.28482,-2.93763,0.157703,52.8428,0.510684,0.0331871,-0.118885
39.78,0.823333,0.53252,-0.101631,-0.16798,-0.00295896,-0.00239417,0.00869505,-0.885261,-5.93038,0.647467,-0.279896,-2.93971,0.157269,52.9734,0.514606,-0.0563966,0.0222689
39.8,0.823239,0.532632,-0.101789,-0.167989,0.00447364,-0.00758209,0.00465282,-0.871935,-6.02534,0.651653,-0.26601,-2.95052,0.156784,52.71,0.511511,-0.093537,0.0734328
39.82,0.823198,0.532679,-0.101836,-0.168014,-0.0083186,0.00401925,0.00185651,-0.868279,-6.0467,0.652551,-0.260356,-2.95008,0.157111,52.9783,0.519418,-0.0953127,0.105636
39.84,0.823092,0.532801,-0.101987,-0.16805,0.00558815,0.0012452,0.00342038,-0.858133,-6.11128,0.655309,-0.250261,-2.95593,0.156796,53.037,0.512437,-0.0964483,0.106823
39.86,0.823047,0.532851,-0.102068,-0.168065,0.001245,-0.00414926,0.00267685,-0.855003,-6.13295,0.656241,-0.245511,-2.95644,0.156657,53.1798,0.515828,-0.0812082,0.0789734
39.88,0.822878,0.533047,-0.102326,-0.168116,0.00964874,-0.0101632,0.00935234,-0.843691,-6.22036,0.660044,-0.232617,-2.96421,0.156269,52.9165,0.487888,-0.0980017,0.0849026
39.9,0.82285,0.533076,-0.102367,-0.168132,-0.00813634,-0.00164205,0.00526306,-0.841157,-6.2424,0.661014,-0.230856,-2.9668,0.156396,52.9173,0.520229,-0.0671908,0.0661713
39.92,0.822707,0.533251,-0.10255,-0.168167,0.010614,-0.00578882,0.0124651,-0.833433,-6.30858,0.663873,-0.222175,-2.97062,0.155072,52.9391,0.520163,-9.9503e-05,-0.0750935
39.94,0.82266,0.5333,-0.102628,-0.168191,-0.00181194,0.00484397,0.00616251,-0.830784,-6.32858,0.664712,-0.217656,-2.96936,0.155509,53.1662,0.514358,-0.0381144,0.00203132
39.96,0.822529,0.533444,-0.102796,-0.168278,0.00140743,-0.00421162,0.00637575,-0.823514,-6.38922,0.667292,-0.210581,-2.97222,0.154851,53.1372,0.512103,-0.0641659,0.0464248
39.98,0.822368,0.533618,-0.103015,-0.168379,0.00308633,-0.0130715,0.00590356,-0.817222,-6.45074,0.669941,-0.201944,-2.9734,0.154235,52.9791,0.519696,-0.0411583,0.0247519
40,0.822276,0.533728,-0.103117,-0.168418,0.00236836,-0.00690199,0.00993528,-0.813536,-6.49226,0.671742,-0.197473,-2.97563,0.15358,53.0163,0.509785,-0.0317208,-0.00252188
40.02,0.822252,0.533748,-0.103141,-0.168452,-0.0031928,0.00437373,0.00378126,-0.811678,-6.51489,0.672736,-0.195104,-2.97497,0.153504,53.0242,0.531376,-0.0555303,0.0191078
40.04,0.822134,0.533872,-0.103269,-0.168559,-0.00929061,0.00306319,0.00721969,-0.807695,-6.55179,0.674294,-0.1903,-2.97297,0.153246,52.998,0.52061,-0.0255953,-0.0280161
40.06,0.821935,0.534102,-0.103403,-0.168717,0.00120117,-0.00279711,0.00528512,-0.801855,-6.59938,0.676338,-0.18419,-2.95906,0.151584,52.8724,0.512662,-0.00601359,-0.0190645
40.08,0.821736,0.534354,-0.103473,-0.168845,0.00243167,-0.000823433,0.00374495,-0.798243,-6.6289,0.677625,-0.179379,-2.94526,0.15048,52.9678,0.500502,-0.129934,0.177479
40.1,0.821436,0.534731,-0.103597,-0.16904,0.00442773,-0.00404511,0.00728132,-0.793514,-6.6742,0.679617,-0.171812,-2.92621,0.149603,52.9402,0.522373,-0.0572656,0.0395527
40.12,0.821147,0.535091,-0.103661,-0.16926,-0.00750803,0.00965458,-0.00157344,-0.789162,-6.71917,0.681443,-0.165614,-2.906,0.148787,52.9394,0.506466,-0.0572602,0.0255687
40.14,0.820936,0.535347,-0.103764,-0.169414,-0.00458301,0.00633607,0.00282494,-0.786542,-6.74713,0.682576,-0.161489,-2.89369,0.147916,52.7755,0.505877,-0.09399,0.106915
40.16,0.820815,0.535498,-0.103807,-0.169496,0.0100337,-0.0100021,-0.000378041,-0.785357,-6.76134,0.683157,-0.160979,-2.88943,0.146874,53.0112,0.519303,-0.0992505,0.101972
40.18,0.820511,0.535881,-0.10392,-0.169688,-0.00619439,0.000867688,0.009207,-0.782256,-6.80482,0.684959,-0.154304,-2.87252,0.146329,52.9563,0.497362,-0.114037,0.139034
40.2,0.82041,0.536007,-0.103951,-0.16976,0.0083809,-0.0055088,0.00765331,-0.781382,-6.81959,0.685581,-0.154039,-2.86902,0.145452,52.8267,0.518924,-0.0313443,0.0230731
40.22,0.820227,0.536239,-0.104001,-0.169879,-0.00110532,0.00440696,0.00666896,-0.779752,-6.84736,0.686693,-0.151506,-2.85838,0.144773,53.0874,0.508486,-0.0981255,0.0770864
40.24,0.819892,0.53664,-0.104142,-0.170145,-0.00461441,-0.00937202,0.00315754,-0.777926,-6.89118,0.688415,-0.147468,-2.84181,0.142909,53.1429,0.51302,-0.0481987,0.0373925
40.26,0.819703,0.536878,-0.104177,-0.170285,0.0102279,-0.00512743,-0.00413197,-0.776649,-6.91475,0.689317,-0.144914,-2.82614,0.141625,53.098,0.504875,-0.113217,0.126454
40.28,0.819328,0.537376,-0.104185,-0.170511,-0.00755295,0.0153055,-0.00117305,-0.774829,-6.94587,0.690504,-0.13949,-2.7955,0.139919,53.1275,0.509245,-0.0548362,0.00432341
40.3,0.818976,0.537839,-0.104178,-0.170746,0.00335779,-0.00374972,0.00216645,-0.773646,-6.97686,0.691647,-0.137794,-2.76853,0.13795,52.9395,0.529932,-0.0202214,-0.00533899
40.32,0.818725,0.538164,-0.104205,-0.170911,0.00788488,-0.00295122,0.00520716,-0.773227,-6.99623,0.692288,-0.136128,-2.74939,0.13667,53.1523,0.50356,-0.111069,0.142102
40.34,0.818584,0.538342,-0.104231,-0.171011,-0.00177034,-0.000929479,2.74847e-05,-0.77311,-7.0062,0.692626,-0.134135,-2.73923,0.136501,53.0175,0.490708,-0.133975,0.174794
40.36,0.818236,0.538799,-0.10422,-0.171244,-0.00394271,0.0102438,0.000617958,-0.773308,-7.04131,0.693917,-0.131719,-2.71511,0.134862,52.9607,0.512195,-0.0230381,-0.0107712
40.38,0.818104,0.538968,-0.10424,-0.171329,0.0125839,-0.00582298,0.0022176,-0.773416,-7.05205,0.694305,-0.131092,-2.70842,0.133848,53.0177,0.540652,0.0226108,-0.098603
40.4,0.817782,0.539382,-0.104284,-0.171537,-0.00654345,0.0103183,0.00137802,-0.774031,-7.08531,0.695536,-0.127723,-2.68597,0.133187,53.1494,0.52362,-0.00667691,-0.0175439
40.42,0.817448,0.539809,-0.104328,-0.171761,0.00249862,-0.00431595,0.00416158,-0.775414,-7.11588,0.696586,-0.126938,-2.66397,0.131103,52.872,0.522198,-0.0781404,0.0637099
40.44,0.817234,0.540082,-0.104365,-0.171892,-0.00309123,-0.00078693,0.00101773,-0.776653,-7.13583,0.697249,-0.12636,-2.64954,0.130049,52.9637,0.515856,-0.0805359,0.084754
40.46,0.817019,0.540356,-0.104416,-0.172025,-0.0039608,0.00976575,0.00487195,-0.777992,-7.15726,0.698019,-0.124606,-2.63055,0.129513,52.8978,0.51102,0.0737531,-0.172519
40.48,0.816743,0.54074,-0.104412,-0.172129,-0.00238699,0.00677402,0.0130916,-0.779051,-7.17239,0.698505,-0.123331,-2.60844,0.128085,53.0965,0.506201,-0.00755914,-0.0278193
40.5,0.816489,0.541088,-0.104419,-0.172239,-0.00684667,0.0119741,0.000620865,-0.780277,-7.18833,0.699039,-0.121988,-2.58769,0.127007,53.1637,0.504357,-0.0600238,0.0649718
40.52,0.816095,0.541614,-0.104465,-0.172423,0.00882266,-0.0106849,0.00338277,-0.783248,-7.20912,0.699562,-0.122192,-2.55609,0.124548,52.8631,0.510494,-0.139727,0.160601
40.54,0.815974,0.541778,-0.104462,-0.172484,-0.00962504,0.00485752,0.00796005,-0.784303,-7.21645,0.699764,-0.121281,-2.54533,0.124673,53.1246,0.507208,-0.113179,0.12463
40.56,0.815722,0.542107,-0.104484,-0.172628,-0.00307142,-0.00342445,0.00473527,-0.786531,-7.23182,0.700211,-0.120972,-2.52636,0.123412,52.9994,0.510477,-0.0929114,0.0929246
40.58,0.815288,0.542689,-0.104478,-0.172854,0.00601729,-7.79284e-05,0.00737298,-0.791602,-7.27003,0.7015,-0.122332,-2.49371,0.12045,52.8709,0.50821,0.0947907,-0.202642
40.6,0.815105,0.542927,-0.10446,-0.172981,-0.00278362,-0.00728415,-0.00209483,-0.794527,-7.2859,0.701942,-0.122703,-2.47707,0.119443,53.1304,0.522966,-0.0403228,0.0246627
40.62,0.814888,0.543214,-0.104442,-0.173111,0.00614831,-0.00669585,0.000216659,-0.797862,-7.30064,0.702283,-0.122953,-2.4598,0.118083,52.9885,0.499859,-0.0748291,0.084918
40.64,0.814792,0.543343,-0.104428,-0.173168,-0.00505252,0.00969418,-0.00157994,-0.799566,-7.30831,0.702473,-0.122406,-2.4505,0.118276,52.8358,0.507547,0.137798,-0.26071
40.66,0.814507,0.543707,-0.104439,-0.17336,0.00448699,-0.00506802,0.00648609,-0.804817,-7.33267,0.703136,-0.124262,-2.42947,0.116668,52.9008,0.507832,0.101694,-0.219616
40.68,0.81417,0.544158,-0.104416,-0.173541,-0.0070417,-0.00264859,0.00612999,-0.809415,-7.35022,0.703541,-0.121803,-2.39348,0.114916,53.0616,0.502493,0.0638858,-0.157315
40.7,0.814073,0.5443,-0.104354,-0.173588,-0.00642773,0.00787836,0.00146276,-0.810987,-7.35651,0.703705,-0.123338,-2.38422,0.114239,52.8807,0.512812,0.0254363,-0.071537
40.72,0.813703,0.544794,-0.104356,-0.173773,0.00946354,-0.0155025,0.00510537,-0.817192,-7.37502,0.703957,-0.124324,-2.34972,0.111878,52.8414,0.513433,0.137949,-0.270618
40.74,0.813473,0.545106,-0.104334,-0.173883,0.00781016,-0.008741,0.00627709,-0.821283,-7.3862,0.704095,-0.126059,-2.32919,0.110853,52.9782,0.507968,0.0186978,-0.107903
40.76,0.813147,0.545547,-0.104293,-0.174048,-0.00469509,0.00657747,0.000329516,-0.827533,-7.40456,0.704417,-0.126016,-2.29942,0.110078,53.0578,0.512476,0.045585,-0.10691
40.78,0.812945,0.545813,-0.104284,-0.174169,-0.00797372,-0.00110988,0.00142649,-0.831764,-7.4179,0.704708,-0.126994,-2.28221,0.109226,52.8967,0.52428,0.0304282,-0.111772
40.8,0.812736,0.54609,-0.104282,-0.174274,0.00574307,-0.00385351,0.00235962,-0.836374,-7.43004,0.704892,-0.128157,-2.264,0.108328,53.1289,0.526637,-0.0322923,-0.0188772
40.82,0.812649,0.546206,-0.104253,-0.17433,0.000110258,-0.00149169,0.00263119,-0.838857,-7.43545,0.704925,-0.130033,-2.25529,0.107052,53.0847,0.507917,0.113281,-0.243846
40.84,0.812269,0.546698,-0.104221,-0.17458,-0.00742743,0.0118934,0.00148588,-0.849059,-7.46267,0.705369,-0.132805,-2.22053,0.105685,52.9398,0.516314,-0.0119519,-0.03429
40.86,0.812086,0.546934,-0.104222,-0.174693,-0.00266575,0.0117257,0.00816543,-0.854106,-7.47597,0.705606,-0.134173,-2.20506,0.10475,52.8917,0.537806,0.031638,-0.113725
40.88,0.811897,0.547185,-0.104199,-0.174797,-0.00858451,0.000467995,0.00201313,-0.858598,-7.48484,0.705676,-0.134666,-2.18206,0.103458,53.035,0.516456,0.0397211,-0.142958
40.9,0.811689,0.547479,-0.104161,-0.174866,-0.00983997,0.000625456,0.00536527,-0.863121,-7.49452,0.7058,-0.13514,-2.16016,0.102564,53.0925,0.509455,-0.0465102,0.0247747
40.92,0.811474,0.547776,-0.104122,-0.174955,-0.00559344,0.0026836,0.0059214,-0.868359,-7.50118,0.705652,-0.136306,-2.13621,0.101022,52.934,0.524589,0.00346197,-0.0467192
40.94,0.811171,0.548194,-0.104054,-0.175092,0.00314066,0.00355327,0.00191358,-0.876419,-7.51606,0.705702,-0.139057,-2.10451,0.0991778,53.1647,0.519238,0.0566599,-0.140805
40.96,0.810967,0.548469,-0.104044,-0.175185,-0.00127594,0.00400105,0.0021633,-0.881666,-7.52507,0.705713,-0.139773,-2.08436,0.0980368,53.0752,0.522956,0.00673464,-0.0747148
40.98,0.81076,0.548748,-0.104019,-0.175281,-0.000177775,0.0036775,0.00203137,-0.886913,-7.53494,0.705784,-0.14097,-2.0657,0.0968147,53.1201,0.527488,0.0245721,-0.114668
41,0.810651,0.548898,-0.104023,-0.175318,0.00572089,-0.00346825,0.0058901,-0.889542,-7.54021,0.705842,-0.142521,-2.05768,0.0955961,52.9062,0.516522,0.0779578,-0.204513
41.02,0.810267,0.549416,-0.103959,-0.175502,0.00602974,-0.00371862,0.00145013,-0.901036,-7.55668,0.705654,-0.145431,-2.01966,0.0934818,52.9734,0.515853,-0.0100395,-0.0838787
41.04,0.810084,0.549658,-0.103942,-0.175601,0.0113471,0.00136841,-0.00483699,-0.906924,-7.56519,0.705567,-0.147497,-2.0016,0.0923509,53.0386,0.505836,0.137711,-0.280808
41.06,0.809917,0.549881,-0.103925,-0.175685,-0.0083672,0.009686,0.00506665,-0.913019,-7.57757,0.705684,-0.148935,-1.98468,0.0922076,53.0625,0.519717,0.0145335,-0.0753641
41.08,0.809753,0.550094,-0.103914,-0.17578,-0.00499265,0.00740822,0.0053651,-0.918574,-7.58547,0.705624,-0.149869,-1.96466,0.0910375,53.0697,0.514951,0.0105615,-0.10874
41.1,0.809421,0.55056,-0.103859,-0.175879,0.00279069,-0.00718408,0.00238299,-0.926742,-7.59332,0.705294,-0.151997,-1.9307,0.0887641,52.9239,0.530848,0.0394888,-0.114539
41.12,0.809204,0.550858,-0.103806,-0.175981,0.0116855,-0.00307659,-0.00094992,-0.932581,-7.59685,0.704875,-0.153038,-1.90697,0.0874459,53.1718,0.513162,0.0325234,-0.0918706
41.14,0.808997,0.551144,-0.103743,-0.176073,0.00535536,-0.00298185,0.00344263,-0.938396,-7.60136,0.704533,-0.154678,-1.88506,0.0861366,52.8928,0.521306,-0.0613672,0.0401478
41.16,0.808879,0.551303,-0.103737,-0.176119,0.00323671,0.00180338,0.000376105,-0.941292,-7.60396,0.704388,-0.154158,-1.87365,0.086393,52.9148,0.521587,-0.0269472,-0.0399016
41.18,0.808495,0.55183,-0.10367,-0.176273,0.00666832,-0.00709061,0.00988895,-0.953036,-7.61937,0.704107,-0.156332,-1.83522,0.0835741,52.6525,0.514032,-0.0822486,0.046741
41.2,0.808414,0.55195,-0.103621,-0.176295,0.000420896,0.0028795,0.00467805,-0.955894,-7.62307,0.704046,-0.157255,-1.82652,0.0837098,53.1493,0.510138,-0.0535876,-0.00907141
41.22,0.808232,0.5522,-0.103574,-0.176375,-0.0120004,0.00924304,0.00355016,-0.962167,-7.62634,0.703503,-0.159008,-1.80452,0.0826517,53.0072,0.518139,-0.00512961,-0.0779341
41.24,0.807931,0.552604,-0.103509,-0.17653,0.00436675,-0.00524127,0.00184611,-0.971527,-7.63297,0.702827,-0.162083,-1.77468,0.0801393,52.9925,0.524389,-0.0698743,0.0259088
41.26,0.807854,0.552704,-0.103485,-0.176582,-0.00516333,0.00983701,-0.000778217,-0.974623,-7.63562,0.702638,-0.162126,-1.76497,0.0802487,53.0187,0.499311,0.0674459,-0.162998
41.28,0.807501,0.553168,-0.103456,-0.17676,0.00556618,-0.00692762,0.006723,-0.986862,-7.64898,0.702103,-0.164111,-1.72739,0.0778105,53.0371,0.5034,0.0640169,-0.17723
41.3,0.807285,0.553473,-0.103412,-0.176816,0.000110382,-0.0072483,-0.00165488,-0.992619,-7.65017,0.701515,-0.164919,-1.70275,0.0766822,52.9046,0.515694,-0.0590492,-0.0010707
41.32,0.807056,0.553795,-0.103355,-0.176889,0.00935249,-0.00939547,0.00233735,-0.998634,-7.65006,0.700776,-0.166052,-1.67742,0.0751664,52.9589,0.52019,-0.00479169,-0.0550012
41.34,0.806824,0.554113,-0.103317,-0.176972,0.00971924,-0.0130606,0.00509991,-1.00462,-7.65083,0.700117,-0.16723,-1.65389,0.073969,52.8661,0.507588,-0.0346964,-0.0196654
41.36,0.806732,0.554248,-0.10327,-0.176998,-0.00408918,0.00993634,0.00675944,-1.00759,-7.65157,0.699816,-0.167658,-1.64255,0.0735585,53.0482,0.513871,0.00452925,-0.0967917
41.38,0.806329,0.554802,-0.103209,-0.177133,-0.00867143,0.00360739,0.00652835,-1.01964,-7.65913,0.698898,-0.169233,-1.60057,0.0711018,52.7886,0.521898,-0.0701409,0.03332
41.4,0.806246,0.55492,-0.10318,-0.177155,0.00300892,0.000862532,0.00791269,-1.02256,-7.66096,0.698688,-0.17098,-1.59168,0.0705125,52.4201,0.519594,0.00175819,-0.0808448
41.42,0.805925,0.555349,-0.103191,-0.177268,0.00334553,-0.010628,0.00520504,-1.03159,-7.66236,0.697714,-0.171738,-1.5586,0.0687711,52.6434,0.515666,-0.0287014,-0.0480255
41.44,0.805837,0.555472,-0.103159,-0.177298,-0.000995129,0.00171563,0.00540249,-1.03463,-7.66235,0.697356,-0.173503,-1.54821,0.0686036,53.2739,0.515596,-0.0311193,-0.049045
41.46,0.80545,0.555995,-0.103108,-0.17745,-0.00675482,0.0093603,-0.00394622,-1.04672,-7.66469,0.696117,-0.176209,-1.50787,0.0666439,53.126,0.511862,-0.0961981,0.0558038
41.48,0.805351,0.55613,-0.103108,-0.177478,0.0144512,-0.00203456,0.00157094,-1.04973,-7.66581,0.695853,-0.176936,-1.49872,0.0658261,52.8659,0.514163,-0.094226,0.073932
41.5,0.805066,0.556524,-0.103087,-0.17755,0.00402765,-0.000783749,0.000989906,-1.05849,-7.66655,0.694959,-0.177358,-1.4639,0.0648795,52.8138,0.516718,-0.032224,-0.0863966
41.52,0.80483,0.55685,-0.103052,-0.177615,0.0043,-4.44164e-05,0.00768292,-1.06415,-7.66222,0.694109,-0.178242,-1.43826,0.0634362,52.896,0.518582,-0.0755163,0.0375937
41.54,0.804605,0.55716,-0.103033,-0.177675,0.00622817,-0.0091295,0.00621716,-1.06979,-7.65887,0.693336,-0.178956,-1.41375,0.0619873,53.0084,0.533163,-0.0846994,0.0271749
41.56,0.804296,0.557598,-0.102952,-0.177746,-0.00312442,0.0107495,0.0015185,-1.07818,-7.65551,0.692319,-0.181088,-1.38026,0.0607892,53.1784,0.51568,0.0729846,-0.223504
41.58,0.804163,0.557776,-0.102954,-0.177787,0.0173049,-0.00515587,0.00280054,-1.08097,-7.65484,0.692017,-0.180585,-1.36885,0.059929,52.9413,0.5064,-0.0658178,0.0111247
41.6,0.803893,0.558153,-0.102895,-0.177862,-0.00203441,0.00890158,0.00248743,-1.08955,-7.6561,0.691303,-0.181234,-1.33706,0.0585762,52.9465,0.521404,0.00726574,-0.0950985
41.62,0.803703,0.558416,-0.102847,-0.177919,-0.00794482,0.00473035,0.00180437,-1.0953,-7.65094,0.69051,-0.182174,-1.31319,0.0573586,52.97,0.511439,-0.0696513,0.0104074
41.64,0.803405,0.558831,-0.102778,-0.178002,0.00855099,0.00767826,0.00705138,-1.10385,-7.64502,0.689457,-0.184194,-1.28011,0.0552507,52.7984,0.502673,-0.0145603,-0.046682
41.66,0.803224,0.559076,-0.102731,-0.178079,-0.00300819,0.00522974,0.0091261,-1.10952,-7.64215,0.688843,-0.184947,-1.25898,0.0544519,53.0324,0.507466,-0.0972474,0.0515289
41.68,0.803044,0.559321,-0.1027,-0.178138,-0.00973042,0.00621568,0.00496877,-1.11515,-7.64017,0.688299,-0.18567,-1.23911,0.0537064,52.7282,0.505348,-0.135214,0.110561
41.7,0.802941,0.559457,-0.102696,-0.178179,0.00777427,-0.00318205,0.0055122,-1.11796,-7.6395,0.688051,-0.185145,-1.22907,0.0530919,53.0456,0.515554,-0.0240263,-0.0709004
41.72,0.802674,0.559832,-0.102598,-0.178259,-0.0160343,0.0127286,-0.00317859,-1.1258,-7.63049,0.687042,-0.185142,-1.1892,0.0522726,53.0258,0.497418,0.0993235,-0.265337
41.74,0.80231,0.560332,-0.10254,-0.17836,0.010429,-0.00620653,0.000577217,-1.13349,-7.6197,0.686011,-0.185773,-1.15266,0.0506293,53.016,0.507455,0.0225843,-0.14975
41.76,0.802123,0.560589,-0.102494,-0.17842,-0.000941707,-0.00314195,0.00493476,-1.13853,-7.61329,0.685399,-0.185982,-1.12889,0.0501828,52.9436,0.51292,0.0556127,-0.216869
41.78,0.801921,0.560874,-0.102438,-0.178465,0.00436506,0.001856,0.000876456,-1.14354,-7.60775,0.68486,-0.185697,-1.10647,0.0497976,52.9723,0.524634,-0.000709679,-0.0939082
41.8,0.80182,0.561013,-0.102422,-0.17849,0.00170141,-0.00467297,0.0030921,-1.14604,-7.60529,0.684613,-0.184766,-1.09497,0.0489126,52.9896,0.497532,-0.0992491,0.0548974
41.82,0.801534,0.561414,-0.102349,-0.178559,0.000906215,0.0113085,0.00505626,-1.1534,-7.5935,0.683655,-0.185158,-1.05891,0.0483313,52.8568,0.498901,-0.0117123,-0.0824301
41.84,0.801212,0.561848,-0.102317,-0.178652,0.00746145,-0.00459265,-0.00178604,-1.16095,-7.58248,0.682759,-0.185947,-1.02308,0.0464775,52.7013,0.510374,0.00229984,-0.117593
41.86,0.801019,0.562113,-0.102281,-0.178706,0.00855602,-0.00615311,-0.00038695,-1.16578,-7.57526,0.682203,-0.18587,-1.00057,0.0458796,52.9452,0.510032,-0.0929353,0.0447431
41.88,0.800915,0.562252,-0.102291,-0.178729,-0.000555839,-0.00137912,0.00909207,-1.16819,-7.57196,0.681948,-0.18463,-0.988819,0.0457323,53.0046,0.511127,-0.100553,0.0599522
41.9,0.800553,0.562742,-0.102246,-0.178838,0.00394706,-0.0117401,-0.00297839,-1.17748,-7.5596,0.680889,-0.184268,-0.946727,0.0444295,53.1483,0.491163,-0.0798358,0.00789545
41.92,0.800341,0.563025,-0.102251,-0.178893,0.0141535,-0.01241,0.00405997,-1.18163,-7.55277,0.680165,-0.183319,-0.924151,0.0437119,52.9769,0.505478,-0.0937036,0.0300295
41.94,0.800152,0.563276,-0.102257,-0.178943,0.0125084,-0.012962,0.00346832,-1.18577,-7.54674,0.679513,-0.183055,-0.902801,0.0431002,52.9766,0.527208,0.0128913,-0.133572
41.96,0.800076,0.56338,-0.102239,-0.178964,-0.00644192,0.00715127,-0.000709022,-1.18811,-7.54533,0.67928,-0.18229,-0.891948,0.0432633,52.9149,0.490574,-0.088545,0.0563379
41.98,0.799728,0.563844,-0.102261,-0.179046,0.000737544,0.011854,-0.00186674,-1.19639,-7.53621,0.678256,-0.181576,-0.85385,0.0421395,52.8058,0.499039,0.0294086,-0.171337
42,0.799564,0.564058,-0.102282,-0.179091,0.0109547,-0.0037804,-0.000523508,-1.20053,-7.53271,0.677674,-0.18077,-0.836124,0.0415824,52.8132,0.505153,0.00604011,-0.110453
42.02,0.799503,0.564138,-0.102274,-0.17912,0.00707234,-0.00216599,-0.0063561,-1.2026,-7.53119,0.677324,-0.181961,-0.828428,0.0410439,52.813,0.513041,-0.0505203,-0.0197556
42.04,0.799268,0.564434,-0.102317,-0.179211,-0.00241852,-0.00425742,-7.55563e-06,-1.2088,-7.52763,0.676378,-0.180262,-0.802581,0.0399936,52.9405,0.504155,-0.0297043,-0.0523939
42.06,0.799216,0.564505,-0.102314,-0.179223,0.00216163,0.00843947,-0.00129682,-1.21087,-7.52675,0.676096,-0.180965,-0.795354,0.0397885,52.8143,0.495978,-0.0894355,0.0697289
42.08,0.799,0.564771,-0.10239,-0.179304,0.0114597,-0.00629583,0.0041806,-1.21733,-7.52617,0.675399,-0.18039,-0.773367,0.0384555,52.6428,0.500935,-0.0628258,-0.0479884
42.1,0.798901,0.564895,-0.102415,-0.179337,0.00498957,-0.00744043,0.0116111,-1.22145,-7.52576,0.674971,-0.180337,-0.759589,0.0380736,52.5179,0.496313,-0.110906,0.0379126
42.12,0.798739,0.565085,-0.102463,-0.179432,0.00169166,0.00499307,-0.000171064,-1.22684,-7.52325,0.673802,-0.177571,-0.734638,0.0374944,52.1631,0.509541,-0.0626429,-0.00909231
42.14,0.79861,0.565245,-0.102511,-0.179476,0.00504491,-0.00621945,0.00513336,-1.23018,-7.52131,0.673093,-0.176058,-0.718832,0.0368775,52.2313,0.487853,-0.114251,0.069449
42.16,0.798495,0.565378,-0.10255,-0.179544,0.00483903,-0.00649687,-0.00279407,-1.23352,-7.51991,0.672452,-0.174472,-0.703162,0.0362973,52.772,0.510475,-0.0496522,-0.0371956
42.18,0.798347,0.565561,-0.10258,-0.179611,-0.00291498,0.00602686,-0.00478612,-1.23881,-7.51989,0.671666,-0.172792,-0.681604,0.0358722,52.8934,0.498849,-0.120655,0.0828678
42.2,0.798253,0.565672,-0.102608,-0.179663,-0.00999738,0.0121351,0.000655965,-1.24218,-7.51983,0.670982,-0.17168,-0.667926,0.0350268,52.2331,0.501029,-0.0552423,-0.0604471
42.22,0.798151,0.565783,-0.102673,-0.179727,-0.00585878,0.00436569,-0.000713619,-1.24555,-7.52027,0.670168,-0.170614,-0.654924,0.0343308,52.7267,0.517498,-0.00287335,-0.0944297
42.24,0.7981,0.565843,-0.102691,-0.179757,0.0129448,-0.00143065,-0.000511519,-1.24724,-7.52066,0.669787,-0.171569,-0.649806,0.0332315,52.8774,0.49292,-0.0731114,-0.00870763
42.26,0.797933,0.566032,-0.102771,-0.179858,0.00284956,0.0101773,0.000371883,-1.25403,-7.52334,0.668425,-0.169419,-0.625718,0.0326177,52.9563,0.506402,-0.041572,-0.0659488
42.28,0.797872,0.566086,-0.102826,-0.179928,-0.00401373,0.0041304,-0.00215328,-1.25768,-7.52624,0.667888,-0.167447,-0.613739,0.0325312,53.0051,0.517488,-0.0452278,-0.0516298
42.3,0.797795,0.566169,-0.102872,-0.179983,-0.0059255,0.0128072,0.000308943,-1.26109,-7.52864,0.667184,-0.16664,-0.603207,0.0320973,52.5399,0.494348,-0.108936,0.0671795
42.32,0.797672,0.566295,-0.102951,-0.180087,0.0102957,-0.00773479,0.000625727,-1.26527,-7.52966,0.665936,-0.16565,-0.584918,0.0301339,51.8454,0.503177,-0.0889786,0.00368396
42.34,0.797579,0.566394,-0.103002,-0.180157,0.00831749,-0.00227955,-0.00353482,-1.26778,-7.52977,0.665169,-0.163979,-0.571104,0.0295365,51.995,0.477072,-0.147927,0.111616
42.36,0.797526,0.566452,-0.103031,-0.180195,0.00311376,0.00176437,-0.00283996,-1.26904,-7.52998,0.664809,-0.161542,-0.563673,0.0298741,52.857,0.501191,-0.0274581,-0.0708617
42.38,0.797418,0.56657,-0.103091,-0.180268,0.00448331,0.00400959,-0.00180055,-1.27287,-7.53121,0.663831,-0.160788,-0.546494,0.028703,52.5161,0.507916,-0.0225624,-0.0890365
42.4,0.797336,0.566661,-0.103142,-0.180311,-0.00523509,0.00954667,-0.00393419,-1.27569,-7.53332,0.663295,-0.157995,-0.533399,0.0288128,52.8114,0.505529,0.0246507,-0.193224
42.42,0.797273,0.56673,-0.103193,-0.180346,0.0105655,-0.00611491,0.00106695,-1.27699,-7.53411,0.662853,-0.157655,-0.528499,0.0279626,52.7315,0.500356,-0.0504905,-0.0276268
42.44,0.797135,0.566862,-0.103327,-0.180465,0.00780331,-0.00553029,0.00322066,-1.28223,-7.53814,0.661259,-0.155293,-0.506868,0.0266506,52.3886,0.505071,-0.0976278,0.0582153
42.46,0.797038,0.566961,-0.103392,-0.180543,0.0138758,-0.00860261,-0.000952173,-1.28489,-7.54062,0.660554,-0.153985,-0.496391,0.0260629,52.1444,0.49367,-0.0782103,0.00820532
42.48,0.79696,0.567042,-0.103449,-0.180599,0.00824408,-0.00221005,-0.000346778,-1.28756,-7.54342,0.659911,-0.152936,-0.487248,0.0256778,52.9574,0.506886,-0.0223469,-0.107667
42.5,0.796921,0.56708,-0.103498,-0.180625,0.00140562,-0.00229188,0.00419707,-1.2889,-7.54493,0.659612,-0.151034,-0.481179,0.026158,52.1181,0.518158,-0.0242042,-0.0822598
42.52,0.796765,0.567233,-0.103628,-0.180761,0.0146841,-0.0072166,-0.00131608,-1.29402,-7.55063,0.658072,-0.149347,-0.461771,0.0241136,52.681,0.50369,-0.0416583,-0.0694108
42.54,0.796731,0.56727,-0.103654,-0.180777,-0.00383073,0.0072222,0.00780428,-1.29487,-7.55076,0.657664,-0.14754,-0.454978,0.0243231,52.0225,0.496278,-0.0677442,0.00794718
42.56,0.796628,0.567384,-0.103735,-0.180825,-0.0038856,0.00423251,0.00806728,-1.2966,-7.55127,0.656888,-0.145928,-0.442131,0.0236054,52.5326,0.494011,-0.124291,0.0699323
42.58,0.796463,0.567569,-0.103849,-0.180909,0.0219632,-0.00692622,-0.00369367,-1.29929,-7.55264,0.655851,-0.144178,-0.426184,0.0227264,52.0204,0.492294,-0.0855925,0.0210056
42.6,0.796335,0.567701,-0.103978,-0.180981,0.00407,-0.00306894,0.00564956,-1.30228,-7.55529,0.654861,-0.141124,-0.409391,0.0222359,52.3081,0.496797,-0.0882806,0.0150783
42.62,0.796247,0.567788,-0.104052,-0.181052,0.00392816,-0.00619316,0.00123775,-1.30419,-7.55701,0.654095,-0.139666,-0.399319,0.0216216,51.98,0.501775,0.00279297,-0.182508
42.64,0.79618,0.567851,-0.104117,-0.181114,0.00929639,-0.00437061,-0.0017424,-1.30614,-7.55897,0.653388,-0.138383,-0.389774,0.0210003,48.5639,0.499678,-0.0133617,-0.0774699
42.66,0.796098,0.567931,-0.10419,-0.181182,0.0152188,-0.00972338,-0.000660794,-1.30811,-7.56119,0.652738,-0.136334,-0.380167,0.0203905,52.7306,0.499224,-0.0301843,-0.0490285
42.68,0.796079,0.567951,-0.104201,-0.181196,-0.00548538,0.00686908,0.00271917,-1.30911,-7.56238,0.652434,-0.135268,-0.375363,0.020886,52.5278,0.508829,-0.0699948,-0.023685
42.7,0.795968,0.568061,-0.104306,-0.181278,0.00436301,-0.00710411,0.00446033,-1.31215,-7.56629,0.651605,-0.134129,-0.362952,0.0197872,51.5198,0.509526,-0.0503081,-0.0429756
42.72,0.795914,0.568107,-0.104363,-0.181338,0.00378257,0.00321245,-0.00110743,-1.31441,-7.56969,0.650935,-0.132225,-0.353713,0.0197275,52.5871,0.483648,-0.13043,0.0671631
42.74,0.795787,0.568226,-0.104489,-0.18145,-0.00367998,-0.00743922,-0.00140964,-1.31644,-7.57102,0.649967,-0.128463,-0.337478,0.019031,50.553,0.501646,-0.0426209,-0.0720577
42.76,0.795674,0.568343,-0.104581,-0.181525,-0.000155154,0.0052013,0.00368382,-1.31803,-7.57125,0.649118,-0.125638,-0.3213,0.0191559,50.7861,0.479399,-0.146061,0.0947962
42.78,0.795586,0.56844,-0.104625,-0.181585,-0.00241814,0.0135031,-0.00326889,-1.31916,-7.57172,0.648622,-0.123654,-0.311028,0.0193602,53.0484,0.494827,-0.0393669,-0.0676876
42.8,0.795542,0.568482,-0.104666,-0.181623,0.00535265,-0.0073448,-0.00127958,-1.31976,-7.57205,0.648393,-0.123091,-0.306246,0.018513,52.079,0.49247,0.0497735,-0.209692
42.82,0.79544,0.568581,-0.104749,-0.181712,-0.00403262,0.00256692,0.00162822,-1.06966,-6.469,0.647541,-0.118863,-0.290623,0.018484,50.1131,0.479287,-0.135139,0.0763169
42.84,0.795355,0.568665,-0.104829,-0.181773,0.00425631,-0.00170771,-0.00234723,-1.07086,-6.46991,0.646936,-0.117205,-0.281552,0.0179651,52.4908,0.492848,-0.0618586,-0.0127709
42.86,0.795335,0.568685,-0.104847,-0.181788,-0.000652712,0.000374695,0.00419283,-1.07147,-6.47044,0.646654,-0.117211,-0.2772,0.0178845,52.7793,0.497682,-0.00708028,-0.11479
42.88,0.795181,0.568828,-0.104955,-0.181953,-0.00261946,0.00435263,-0.00548958,-1.07403,-6.47304,0.645641,-0.113396,-0.259269,0.0172188,52.058,0.476879,-0.0897167,0.00970205
42.9,0.795125,0.568888,-0.104999,-0.181985,0.0131847,-0.00239156,-0.00076436,-1.0747,-6.47382,0.645418,-0.111937,-0.255295,0.0168035,51.228,0.480215,-0.0217084,-0.0955137
42.92,0.79504,0.568959,-0.105087,-0.18208,-0.00800605,0.00463138,0.000155044,-1.07558,-6.47342,0.644409,-0.10938,-0.241691,0.0168967,50.772,0.485477,-0.132582,0.0790287
42.94,0.794974,0.569018,-0.105144,-0.182153,-0.00178472,0.00701058,-0.000314061,-1.0762,-6.47332,0.643787,-0.10729,-0.23205,0.0164176,51.5016,0.48344,-0.0710626,-0.0112452
42.96,0.794888,0.569103,-0.105218,-0.182221,0.00806198,0.00345493,0.00313869,-1.07684,-6.47329,0.643199,-0.105362,-0.220501,0.0157008,50.7421,0.483879,-0.0251352,-0.106223
42.98,0.794824,0.569159,-0.105288,-0.182284,-0.00256428,-0.00607082,0.000929145,-1.0777,-6.47375,0.642689,-0.103511,-0.209962,0.0151523,48.969,0.484766,-0.0101402,-0.137201
43,0.794728,0.569256,-0.105338,-0.182372,-0.00699431,0.00359941,0.00733433,-1.07846,-6.47334,0.641842,-0.0998141,-0.195345,0.0152053,51.4163,0.483324,-0.0508888,-0.056743
43.02,0.794667,0.569312,-0.105401,-0.182425,0.0124158,-0.00508489,0.00311791,-1.07849,-6.47272,0.641493,-0.0992754,-0.191006,0.0141995,51.8617,0.477209,-0.105842,0.0493985
43.04,0.794604,0.569365,-0.105462,-0.182499,0.00708666,-0.00597881,-0.000291203,-1.07862,-6.47166,0.640833,-0.0967837,-0.181419,0.01381,52.4833,0.488051,-0.07832,0.011081
43.06,0.794479,0.569483,-0.105581,-0.182609,0.00567579,0.00687851,0.000631251,-1.07896,-6.47048,0.639939,-0.0927061,-0.167002,0.0138759,48.9124,0.479695,0.00643531,-0.134275
43.08,0.794378,0.569577,-0.105683,-0.182693,0.0105259,0.0011751,-0.00363945,-1.0796,-6.46998,0.639182,-0.0907223,-0.154195,0.0134563,50.1437,0.480649,-0.0301183,-0.0661879
43.1,0.794315,0.569633,-0.10576,-0.182748,-0.00428791,0.00387768,-0.00530673,-1.08001,-6.4697,0.638717,-0.0886131,-0.145558,0.0132941,49.3842,0.474175,-0.00897953,-0.0966969
43.12,0.794228,0.569718,-0.105824,-0.182824,-0.00476186,0.00792136,0.0019679,-1.0798,-6.46796,0.637996,-0.0863269,-0.136305,0.0126193,50.9834,0.481264,-0.00145732,-0.132411
43.14,0.794168,0.569766,-0.105891,-0.182899,-0.00990259,0.0130612,-0.00307929,-1.07968,-6.46646,0.637328,-0.0845756,-0.128116,0.0124595,51.1603,0.483033,0.0182572,-0.163324
43.16,0.794068,0.569863,-0.106,-0.182967,0.00537135,0.00508162,-0.00126765,-1.0795,-6.46481,0.636699,-0.0814922,-0.117131,0.0120773,49.5962,0.48241,-0.0362071,-0.0739725
43.18,0.793949,0.569982,-0.10612,-0.183041,0.0105353,-0.00596761,0.00357959,-1.07935,-6.46263,0.635844,-0.0781595,-0.102576,0.0108567,51.1579,0.479863,-0.0789314,-0.0116092
43.2,0.793911,0.570017,-0.106154,-0.18308,-0.000737779,0.00608182,0.000259195,-1.07945,-6.46213,0.635596,-0.0759554,-0.0966953,0.0112056,46.0907,0.476643,0.0531289,-0.217669
43.22,0.793796,0.570126,-0.106254,-0.18318,0.00378581,0.00393764,-0.00446397,-1.07881,-6.45874,0.634587,-0.0730486,-0.0829353,0.010984,49.3418,0.474496,-0.0526693,-0.0683572
43.24,0.793672,0.57023,-0.106406,-0.183306,0.000796723,-0.01194,0.00521253,-1.07802,-6.45497,0.633541,-0.068687,-0.068301,0.0101894,51.7464,0.486958,-0.0291087,-0.0438602
43.26,0.793623,0.570273,-0.106449,-0.183355,0.00340499,-0.00324922,0.00240382,-1.0776,-6.45269,0.632911,-0.0662678,-0.0594985,0.00994303,51.0692,0.498847,-0.015223,-0.0978456
43.28,0.793543,0.570345,-0.106532,-0.18343,0.00732083,-0.0123649,0.003781,-1.07725,-6.45059,0.632331,-0.0640802,-0.0503544,0.00975094,47.28,0.479228,-0.00814553,-0.0995473
43.3,0.793491,0.570391,-0.106596,-0.183475,0.00833582,-0.00708632,-0.00346532,-1.07706,-6.44871,0.631816,-0.062276,-0.041944,0.00975264,47.675,0.469935,0.0102078,-0.15044
43.32,0.793361,0.570506,-0.106727,-0.183602,0.00750383,-0.00805939,-0.00174227,-1.07574,-6.44369,0.630656,-0.056851,-0.0274628,0.00893485,50.181,0.48628,-0.0147939,-0.139611
43.34,0.793332,0.570536,-0.10674,-0.183626,0.00495866,0.00116914,-0.000262407,-1.07534,-6.44212,0.630297,-0.0564678,-0.0234061,0.00881087,50.1012,0.457438,-0.140488,0.130336
43.36,0.793219,0.570634,-0.106862,-0.183743,-0.00117766,-0.0085254,-0.00422616,-1.0741,-6.43737,0.629282,-0.051305,-0.00791823,0.00791933,49.1312,0.472018,-0.00901064,-0.103431
43.38,0.793201,0.570651,-0.106881,-0.183757,-0.00484595,0.00750419,-0.000955675,-1.07369,-6.43581,0.628967,-0.0504141,-0.00342191,0.00822867,51.5121,0.473811,-0.0280578,-0.0647043
43.4,0.79305,0.570786,-0.107012,-0.183909,-0.00891087,0.00361809,-0.0032127,-1.07198,-6.42917,0.627695,-0.0436601,0.0172521,0.00791406,50.0759,0.473998,-0.0404909,-0.0709566
43.42,0.793025,0.570804,-0.107053,-0.183943,0.00243892,-0.00934741,0.00270863,-1.07135,-6.42707,0.627305,-0.0433529,0.0209879,0.00735649,49.5972,0.44666,-0.138956,0.132453
43.44,0.79289,0.570935,-0.10716,-0.184053,0.0036185,0.00344307,-0.00369825,-1.06956,-6.42102,0.626197,-0.0374325,0.0368044,0.00646165,49.2287,0.46464,-0.0946536,0.0425929
43.46,0.79287,0.570951,-0.107188,-0.184072,0.00628215,0.00225839,0.00825775,-1.069,-6.41908,0.625852,-0.0371197,0.0407292,0.00636185,48.7727,0.462098,-0.0463044,-0.017056
43.48,0.792731,0.571073,-0.10732,-0.184217,-0.00111304,0.00868391,-0.00205011,-1.06694,-6.41168,0.624589,-0.03227,0.0594686,0.00572879,48.6716,0.45784,-0.0722511,0.0185891
43.5,0.792661,0.571143,-0.107392,-0.184259,-0.00207305,0.00851672,0.00323743,-1.06566,-6.40748,0.623891,-0.0292656,0.068906,0.00548652,48.6159,0.464956,-0.0716344,-0.0173888
43.52,0.792608,0.571187,-0.10746,-0.184307,0.00935967,-0.0121575,0.00297586,-1.06488,-6.40509,0.623495,-0.0271709,0.0741202,0.00481282,48.1648,0.476519,-0.0202931,-0.106799
43.54,0.792493,0.571295,-0.107575,-0.184403,-0.000123594,-0.000131035,0.00336865,-1.06266,-6.39801,0.622388,-0.0217391,0.089782,0.00445042,49.0171,0.484726,-0.0427531,-0.0167401
43.56,0.792412,0.571365,-0.107658,-0.184488,0.0131281,0.00170703,-0.00229844,-1.0612,-6.39351,0.621703,-0.0191092,0.0990223,0.00420785,49.6908,0.465117,-0.0336067,-0.0420527
43.58,0.792319,0.571453,-0.107741,-0.184565,0.00673524,0.00418215,-0.00373343,-1.05904,-6.3869,0.620757,-0.0159069,0.112574,0.00401463,50.0512,0.459293,-0.0989828,0.0767253
43.6,0.792279,0.571479,-0.107816,-0.18461,-0.00748403,0.00993577,0.0018567,-1.05735,-6.38208,0.620102,-0.0126652,0.122465,0.00384751,48.3506,0.474704,-0.00951432,-0.0781342
43.62,0.792196,0.571553,-0.107894,-0.184692,-0.00891501,0.00948766,-0.00161778,-1.0554,-6.37683,0.619409,-0.00897577,0.132794,0.00358963,48.3691,0.47384,-0.0225498,-0.0534163
43.64,0.79215,0.571591,-0.10796,-0.184734,0.0114321,-0.00895706,0.00402862,-1.05447,-6.37405,0.619087,-0.00759271,0.137391,0.00332636,50.7058,0.478704,0.0132763,-0.120375
43.66,0.79206,0.571658,-0.108087,-0.184839,-0.00322675,0.00428551,0.00784449,-1.05173,-6.36649,0.618177,-0.00189113,0.152084,0.00346986,46.7118,0.449065,-0.0859323,0.0549125
43.68,0.791973,0.571739,-0.108164,-0.184914,0.00432412,-0.00150597,-0.00360278,-1.04999,-6.36157,0.617618,0.00104249,0.161798,0.00325772,49.8314,0.470526,-0.0346957,-0.0345283
43.7,0.791908,0.571786,-0.108263,-0.184988,-0.00447788,0.000840512,0.00487905,-1.04751,-6.35437,0.616861,0.00381157,0.173751,0.00279441,48.8793,0.466725,-0.0178493,-0.0360812
43.72,0.791857,0.571837,-0.10832,-0.185021,0.0139052,-0.000336536,-0.00287421,-1.04639,-6.35146,0.616554,0.00658826,0.179341,0.00296164,49.5136,0.460524,-0.0862427,0.0625288
43.74,0.791767,0.571908,-0.108429,-0.185121,-0.00646794,0.000960632,-0.000619061,-1.04311,-6.34258,0.615708,0.0118317,0.194116,0.00309119,45.5188,0.444379,-0.0786996,0.0135383
43.76,0.791675,0.571997,-0.108543,-0.185171,0.00398448,0.00377955,0.00323721,-1.04102,-6.33697,0.615196,0.0151806,0.203675,0.00304442,46.0983,0.465785,0.0298926,-0.142766
43.78,0.791616,0.572047,-0.10861,-0.185232,-0.00361118,0.00560738,-0.00151792,-1.03897,-6.33167,0.614712,0.0187554,0.212388,0.00292993,49.9313,0.461936,-0.0483886,-0.0409906
43.8,0.791529,0.572125,-0.108701,-0.185309,0.00938971,-0.000682236,-0.00297713,-1.036,-6.32389,0.614052,0.0221408,0.223854,0.00192896,44.7658,0.412608,-0.166457,0.209151
43.82,0.791486,0.572165,-0.108752,-0.185339,0.00109989,0.000133404,-0.000503922,-1.03478,-6.32089,0.613789,0.0250369,0.229446,0.00214989,49.3207,0.468135,-0.0793457,0.0075946
43.84,0.791359,0.572258,-0.10892,-0.185494,0.00555574,-0.00690104,-0.00413621,-1.03002,-6.30878,0.612837,0.0308507,0.24686,0.00124124,48.7547,0.428952,-0.154058,0.186619
43.86,0.791338,0.572279,-0.108939,-0.185508,0.00599493,0.00847906,3.94182e-05,-1.02887,-6.30588,0.612621,0.0332006,0.251541,0.00196394,50.8906,0.462746,0.00277616,-0.124407
43.88,0.791227,0.572374,-0.109068,-0.185612,0.0130902,-0.00454682,5.58795e-05,-1.02553,-6.29729,0.61203,0.0370043,0.263806,0.00123076,47.0687,0.449579,-0.137297,0.151421
43.9,0.791208,0.572381,-0.10912,-0.185643,-0.00600317,0.00725952,-0.00255829,-1.02444,-6.29445,0.611848,0.0394948,0.26885,0.00178509,47.2501,0.442409,-0.0450129,0.00817668
43.92,0.791091,0.572475,-0.109285,-0.185757,0.0101422,-0.000182966,0.00213215,-1.01939,-6.2822,0.611131,0.0462918,0.285547,0.00193628,45.9985,0.443326,-0.0338762,-0.0106819
43.94,0.791075,0.572481,-0.109314,-0.185786,0.00149367,0.00162274,-0.00129248,-1.0181,-6.27908,0.610967,0.0468138,0.288571,0.00141941,49.4795,0.439784,-0.123811,0.133755
43.96,0.791036,0.572501,-0.109388,-0.185844,0.00424686,0.000779539,0.00409353,-1.01548,-6.27246,0.610664,0.0509168,0.298175,0.00182897,49.91,0.426751,-0.124538,0.167425
43.98,0.790929,0.572589,-0.109527,-0.185948,0.00455558,-0.0105081,-0.00390103,-1.01186,-6.26381,0.610246,0.054681,0.309434,0.00128536,45.6804,0.441963,-0.0813416,0.0589096
44,0.790886,0.572622,-0.109593,-0.185989,0.00863043,-0.00879519,0.00623929,-1.00954,-6.25826,0.609998,0.0572269,0.316179,0.00110511,46.807,0.451263,-0.0622168,0.0100458
44.02,0.790839,0.572637,-0.109706,-0.18608,-0.00732911,0.00305848,0.0032009,-1.0056,-6.24948,0.609554,0.0629039,0.327719,0.00210727,46.9312,0.464045,-0.0233964,-0.00871827
44.04,0.790816,0.572651,-0.109726,-0.186121,0.00331806,-0.00338107,-0.00145419,-1.00431,-6.24657,0.609422,0.0630945,0.33024,0.00142151,49.1966,0.416275,-0.144137,0.155678
44.06,0.790753,0.572678,-0.109841,-0.186236,0.00779195,-0.00595507,0.000879873,-1.00048,-6.23772,0.609062,0.0693151,0.3421,0.0018334,45.8857,0.411911,-0.162089,0.209122
44.08,0.7907,0.57272,-0.109908,-0.186298,0.019088,-0.00928022,-0.0052278,-0.998005,-6.23195,0.608854,0.0717372,0.349333,0.00133485,45.9539,0.461836,-0.0173209,-0.0733164
44.1,0.790654,0.572751,-0.109972,-0.186358,0.0135426,-0.00423861,-0.000415446,-0.995471,-6.22566,0.608671,0.0737989,0.356512,0.00131624,46.7148,0.43957,-0.106008,0.123631
44.12,0.79065,0.572753,-0.109993,-0.186356,-0.00230196,0.0140104,0.00218547,-0.994152,-6.22275,0.608555,0.0763228,0.360699,0.00213629,45.5718,0.455591,-0.0115118,-0.0486039
44.14,0.790577,0.572777,-0.11014,-0.186502,-0.00183839,0.0126535,-0.00738442,-0.988997,-6.21113,0.608162,0.0822481,0.374479,0.00234263,48.3861,0.445448,-0.0975525,0.130381
44.16,0.790528,0.572807,-0.110228,-0.186571,0.00601535,-0.00133596,-0.00637689,-0.98648,-6.20531,0.608006,0.0848465,0.381252,0.00248185,47.7411,0.449299,0.000934155,-0.0665311
44.18,0.790531,0.572797,-0.110238,-0.18658,0.00280835,0.00865821,0.00209581,-0.985235,-6.2024,0.607938,0.0848905,0.383598,0.00217339,47.7399,0.44709,0.0168457,-0.10444
44.2,0.790491,0.572791,-0.110358,-0.186699,-0.00507568,0.0127681,-0.0003981,-0.980534,-6.19175,0.607626,0.0901015,0.395233,0.00275286,44.0272,0.472755,0.00154341,-0.0657634
44.22,0.790446,0.572815,-0.11044,-0.186766,0.0174778,-0.0103213,-0.00240274,-0.979377,-6.18925,0.607521,0.0901925,0.39687,0.00199524,48.5395,0.452997,-0.0209534,-0.0209403
44.24,0.790408,0.572813,-0.110553,-0.186862,0.00335651,0.00244105,0.00140346,-0.975945,-6.18173,0.607239,0.0950361,0.405795,0.00276113,44.8121,0.436268,-0.0168996,-0.0196392
44.26,0.790391,0.572819,-0.110596,-0.186891,0.00834773,-0.00910816,-2.50443e-05,-0.974815,-6.17921,0.607158,0.0952803,0.407801,0.0021857,44.474,0.434157,-0.0853071,0.15343
44.28,0.79035,0.572814,-0.110732,-0.187001,0.00639251,0.000774051,-0.00161763,-0.970352,-6.16904,0.606898,0.100401,0.418383,0.00275217,46.0902,0.459779,-0.0230044,-0.0514595
44.3,0.790335,0.572817,-0.110787,-0.187022,-0.00172936,-0.00576377,0.00337209,-0.969245,-6.16647,0.606846,0.102985,0.42248,0.00330246,50.2191,0.45228,0.0169176,-0.0752796
44.32,0.790288,0.572832,-0.110902,-0.187108,-0.000901059,0.00603872,-0.00509098,-0.965793,-6.15859,0.606495,0.106249,0.430304,0.00371154,46.6967,0.439711,-0.101181,0.128901
44.34,0.790245,0.572863,-0.110975,-0.18715,0.011078,-0.0105272,0.0025623,-0.964703,-6.15614,0.606391,0.106588,0.43244,0.00293585,47.3312,0.423664,0.016977,-0.0949975
44.36,0.790227,0.572823,-0.111116,-0.187267,0.00830029,-0.00902529,0.00152879,-0.960364,-6.14618,0.606037,0.110713,0.442255,0.00305286,45.0056,0.432396,-0.0228423,-0.022106
44.38,0.790205,0.57282,-0.111185,-0.187327,0.00940824,-0.00096848,-0.00570409,-0.958337,-6.14157,0.605888,0.112604,0.446359,0.00306577,44.4503,0.433846,-0.0325339,-0.0391165
44.4,0.790191,0.572816,-0.111242,-0.187366,-0.00423575,-0.003322,0.00144005,-0.957381,-6.13947,0.605814,0.114633,0.449002,0.0036866,45.8092,0.455087,-0.0357043,-0.0310987
44.42,0.790182,0.57278,-0.11132,-0.187464,0.00603638,0.00389627,-0.000577932,-0.954675,-6.13384,0.605427,0.115867,0.452314,0.00338504,46.9887,0.437677,0.036648,-0.15461
44.44,0.790167,0.572771,-0.111378,-0.18752,0.00596105,0.00894077,0.000357943,-0.952697,-6.12929,0.605207,0.119078,0.457097,0.00392458,47.3037,0.436914,-0.055868,0.0410743
44.46,0.790158,0.572752,-0.111443,-0.187579,-0.00621994,0.0102344,0.00228075,-0.950887,-6.12531,0.605006,0.120577,0.46093,0.00389439,48.9527,0.442831,0.0465401,-0.114222
44.48,0.790142,0.572742,-0.111497,-0.187648,-0.00174051,0.00690967,-0.00318449,-0.949078,-6.12122,0.604831,0.122772,0.464967,0.0040325,47.5432,0.433124,-0.0634472,0.0649239
44.5,0.79013,0.572711,-0.11158,-0.18774,0.0107378,-0.00735021,-0.000769369,-0.946531,-6.11541,0.604545,0.123831,0.470406,0.00300936,43.9459,0.456459,-0.00805203,-0.0664862
44.52,0.790125,0.572697,-0.11163,-0.187775,-0.00355859,0.00234529,-0.00387476,-0.945778,-6.11374,0.604419,0.125335,0.472718,0.00378029,43.8064,0.441302,0.000427711,-0.0326831
44.54,0.790093,0.572659,-0.111779,-0.187937,0.00506052,-0.0110296,0.00258159,-0.942547,-6.10602,0.603983,0.128038,0.47909,0.00304211,46.8746,0.445447,-0.0211961,0.0103528
44.56,0.790092,0.572633,-0.111827,-0.18799,0.0104214,-0.00367313,0.00101685,-0.940996,-6.10229,0.603797,0.129524,0.482968,0.00319553,44.259,0.439432,-0.0592171,0.0690091
44.58,0.790101,0.572613,-0.11182,-0.188019,0.00332045,0.0123879,-0.00625456,-0.940214,-6.10038,0.603713,0.130357,0.484963,0.00372858,44.6187,0.425057,-0.0987292,0.187775
44.6,0.790078,0.572592,-0.11191,-0.188123,0.014431,-0.00133139,-0.00237961,-0.9383,-6.09595,0.603402,0.130724,0.488216,0.00320213,45.6409,0.45314,0.0283773,-0.120613
44.62,0.7901,0.572525,-0.111959,-0.188209,0.0104019,-0.00155096,-0.00680833,-0.937314,-6.09384,0.603134,0.130891,0.489075,0.00296527,45.8036,0.42756,-0.0611431,0.0788036
44.64,0.790111,0.572451,-0.112065,-0.188325,-0.00160747,0.00228367,-0.000818404,-0.935584,-6.08963,0.602777,0.133146,0.492477,0.00284836,45.8447,0.412494,-0.154481,0.242873
44.66,0.790106,0.57242,-0.112112,-0.188408,0.0043509,-0.00502464,-0.00548593,-0.934517,-6.08707,0.602562,0.13421,0.494706,0.00300893,45.1381,0.433263,-0.0361963,0.0322838
44.68,0.790124,0.572397,-0.112105,-0.188411,0.00437783,0.00974245,-0.00470404,-0.933968,-6.08572,0.602465,0.134315,0.495499,0.00346434,43.3688,0.436157,-0.0766785,0.0915916
44.7,0.790126,0.572333,-0.112211,-0.188535,0.000353394,0.0109026,0.00137609,-0.931721,-6.07988,0.602116,0.135693,0.501406,0.00314092,46.1406,0.430976,-0.0823018,0.115045
44.72,0.790124,0.5723,-0.112267,-0.188608,-0.00163833,0.0113491,-0.000296292,-0.930978,-6.07811,0.601877,0.136204,0.502615,0.00330568,46.6005,0.439923,-0.0230742,-0.0167206
44.74,0.79011,0.572275,-0.112339,-0.188701,-0.00265242,0.00426808,-0.00266462,-0.930193,-6.07613,0.601662,0.137128,0.504413,0.00328425,48.193,0.44919,-0.0772908,0.0673933
44.76,0.790115,0.572254,-0.11234,-0.188741,0.0115673,-0.000151841,-0.00375054,-0.929583,-6.07431,0.601568,0.13642,0.504794,0.0030529,43.4414,0.427423,-0.0442913,0.0534862
44.78,0.790116,0.572224,-0.112393,-0.188795,0.00862945,0.00435771,-0.000197978,-0.928731,-6.072,0.601386,0.136916,0.506992,0.00318837,46.9365,0.44775,0.0217982,-0.0880412
44.8,0.790143,0.572128,-0.112485,-0.188919,-0.00843287,0.0125367,5.2328e-05,-0.927165,-6.06776,0.601059,0.13876,0.510675,0.00306497,45.9734,0.425147,-0.0879008,0.135324
44.82,0.790155,0.572071,-0.112555,-0.189,-0.00166913,0.00738078,0.00603901,-0.926885,-6.06734,0.600831,0.138701,0.510039,0.00322935,46.1311,0.442174,-2.05111e-05,-0.0113964
44.84,0.790166,0.572017,-0.112609,-0.189086,-0.00579721,0.00716702,0.00133712,-0.926546,-6.06666,0.600625,0.139316,0.510189,0.00332184,46.6115,0.418497,-0.145289,0.228446
44.86,0.790188,0.571961,-0.112656,-0.189132,-0.00629467,0.00815421,0.00820781,-0.926144,-6.06573,0.600438,0.139759,0.510669,0.00288112,45.6883,0.437174,-0.0465251,-0.0120511
44.88,0.790177,0.571936,-0.112739,-0.189206,0.00323142,0.00272403,0.00218095,-0.925474,-6.06378,0.600271,0.140139,0.511824,0.0025654,41.5453,0.425556,-0.0548361,0.055726
44.9,0.79017,0.571915,-0.112807,-0.189259,0.00680103,-0.00806235,0.00544785,-0.924951,-6.06233,0.600117,0.140807,0.512718,0.00225216,45.4097,0.44149,-0.013975,0.00192082
44.92,0.790166,0.571887,-0.112871,-0.189321,0.00986185,-0.00869711,0.00333296,-0.924988,-6.06233,0.599937,0.140583,0.512717,0.00197132,46.9618,0.425673,-0.0929115,0.115503
44.94,0.790199,0.571797,-0.11296,-0.189405,-0.00275184,0.00674773,0.00147629,-0.924912,-6.0618,0.599703,0.140225,0.512204,0.00256676,45.1016,0.410127,-0.105217,0.151467
44.96,0.790195,0.571779,-0.113008,-0.189445,0.0135103,-0.0091995,0.00418632,-0.924851,-6.06148,0.599634,0.140602,0.512547,0.0020129,48.0569,0.437786,-0.0641069,0.0955104
44.98,0.790205,0.571716,-0.113077,-0.189554,0.0060195,-0.00236823,-0.000642602,-0.924334,-6.05935,0.599459,0.141782,0.514639,0.00266168,44.3602,0.447615,-0.0410703,-0.00759424
45,0.790217,0.571658,-0.113154,-0.189631,0.00366934,-0.00151209,0.00138485,-0.924337,-6.05881,0.599302,0.140809,0.51399,0.00211757,45.8257,0.440155,0.00914554,-0.053876
45.02,0.790247,0.571587,-0.113212,-0.189686,-0.000397636,0.00470624,0.00445886,-0.924868,-6.06003,0.599186,0.139747,0.511929,0.00228403,43.3964,0.408779,-0.0765381,0.146866
45.04,0.790277,0.571514,-0.113266,-0.189752,-0.00399722,0.00558909,0.00384444,-0.92531,-6.06093,0.59909,0.139896,0.510559,0.00257785,44.9632,0.429359,-0.104267,0.160669
45.06,0.790296,0.571453,-0.113332,-0.189816,-0.00329187,0.00461911,0.0031328,-0.925659,-6.06152,0.599007,0.140069,0.509847,0.00244785,45.6243,0.443281,0.00106247,-0.120049
45.08,0.790347,0.571334,-0.113408,-0.189914,0.00685703,-0.00222844,0.00101203,-0.925796,-6.06105,0.598912,0.139757,0.509357,0.00223413,43.9298,0.416837,-0.116989,0.203235
45.1,0.790353,0.571306,-0.113443,-0.189952,-8.27862e-05,0.00431166,-0.000207675,-0.92587,-6.06099,0.598886,0.140507,0.510169,0.00250843,43.95,0.431915,-0.0603029,0.0620929
45.12,0.790384,0.57123,-0.113499,-0.190022,-0.00322224,0.0030251,-0.00308047,-0.926754,-6.06288,0.598798,0.139826,0.508473,0.00239814,47.9674,0.434314,-0.0679904,0.108645
45.14,0.790398,0.571169,-0.113564,-0.190104,-0.00361657,-0.00305831,0.000250882,-0.927525,-6.0644,0.598726,0.139305,0.506898,0.00252293,45.3049,0.421096,-0.0208874,-0.021397
45.16,0.790452,0.571034,-0.113662,-0.190228,0.0116065,-0.00839701,0.00335536,-0.928758,-6.06644,0.598624,0.138529,0.503921,0.00221535,47.4655,0.403039,-0.169713,0.255244
45.18,0.790485,0.570956,-0.113685,-0.190311,0.00343196,-0.00455871,-0.00529734,-0.929224,-6.06696,0.59859,0.138014,0.503524,0.00220582,43.9442,0.428865,-0.0833691,0.13328
45.2,0.790521,0.570878,-0.113721,-0.190372,0.00406277,-0.00937286,0.00357442,-0.929821,-6.06762,0.598541,0.135924,0.502415,0.00201879,45.4608,0.443953,-0.104904,0.152221
45.22,0.790547,0.570828,-0.113735,-0.190408,-0.00453305,0.00841513,0.00554325,-0.930483,-6.06915,0.598497,0.136465,0.501543,0.00251186,45.9203,0.415022,-0.121202,0.200636
45.24,0.790617,0.570662,-0.113831,-0.190558,7.04847e-05,-0.00226221,0.000102193,-0.932817,-6.07411,0.598354,0.132678,0.494818,0.00242815,44.664,0.427164,-0.066857,0.0328276
45.26,0.790632,0.570604,-0.113876,-0.190643,0.000807364,-0.00715159,-0.00509135,-0.933852,-6.07615,0.598306,0.132223,0.492714,0.00212262,44.4736,0.399031,-0.171103,0.263818
45.28,0.790666,0.570527,-0.113912,-0.190709,0.0125161,-0.00517861,-0.00287292,-0.934773,-6.07783,0.598263,0.131321,0.491262,0.00195236,48.1341,0.431872,-0.0659591,0.100602
45.3,0.790708,0.570438,-0.113959,-0.190774,0.0104499,-0.00623119,0.00893259,-0.935587,-6.07915,0.59823,0.130911,0.489959,0.00177213,41.448,0.425169,-0.120161,0.166884
45.32,0.790735,0.570392,-0.11396,-0.190802,-0.00572902,0.00964249,0.000179281,-0.936377,-6.08087,0.598193,0.130135,0.488313,0.00216892,45.3915,0.436572,-0.109497,0.190117
45.34,0.790792,0.570243,-0.114068,-0.190947,-0.000994857,0.00487454,0.0029906,-0.939026,-6.08598,0.598069,0.128955,0.48378,0.00191971,45.0578,0.445006,-0.0585237,0.0780248
45.36,0.790816,0.570195,-0.114087,-0.190973,0.00844087,-0.0047046,0.00161526,-0.939652,-6.08718,0.598045,0.127693,0.482023,0.00174524,46.028,0.423458,-0.118732,0.192622
45.38,0.790826,0.570126,-0.114174,-0.191087,0.00658747,-0.00702071,-0.00396819,-0.941363,-6.09025,0.597985,0.127779,0.479885,0.00179141,45.3604,0.415365,-0.143485,0.229826
45.4,0.790845,0.570072,-0.114217,-0.191148,0.0128496,-0.0079019,-0.00149118,-0.942354,-6.09183,0.597961,0.12754,0.478527,0.00166504,49.5806,0.417332,-0.121964,0.174914
45.42,0.790875,0.570001,-0.114268,-0.191201,0.00719978,-0.00245117,-0.00345128,-0.944128,-6.09573,0.597863,0.126259,0.474957,0.00150142,44.1077,0.430231,-0.0796578,0.171008
45.44,0.790906,0.569949,-0.114266,-0.191234,-0.0080378,0.0108789,-0.00566342,-0.944998,-6.09769,0.597815,0.125193,0.472456,0.00179997,45.8955,0.407874,-0.156001,0.258711
45.46,0.790978,0.569783,-0.114372,-0.191366,-0.00539944,0.00487764,1.48069e-05,-0.947953,-6.10376,0.597642,0.124021,0.467061,0.00148875,46.0438,0.40935,-0.146105,0.246689
45.48,0.791023,0.569686,-0.114419,-0.191438,-0.00356626,0.00310577,0.00305245,-0.949325,-6.10653,0.597572,0.123087,0.464624,0.00140337,44.4301,0.406756,-0.156445,0.26221
45.5,0.791042,0.569652,-0.114415,-0.191464,0.00605183,0.00455638,-0.00338345,-0.949962,-6.10776,0.597543,0.121657,0.46259,0.0013918,48.5613,0.396669,-0.151485,0.281193
45.52,0.791117,0.569483,-0.114532,-0.191587,-0.00047765,0.00541524,-0.000924663,-0.953382,-6.11513,0.597277,0.12002,0.45615,0.000977514,44.4584,0.434481,-0.0673843,0.128192
45.54,0.791105,0.569472,-0.114575,-0.191645,0.0146942,-0.0104732,-0.00160183,-0.95425,-6.11698,0.597203,0.120019,0.455402,0.000706606,41.9437,0.398093,-0.182709,0.291533
45.56,0.791165,0.569337,-0.114665,-0.191743,-0.00355373,-0.000567264,0.00022607,-0.956465,-6.12122,0.597003,0.119256,0.452229,0.000614505,44.4803,0.437395,-0.105369,0.144655
45.58,0.791178,0.569303,-0.114685,-0.191778,0.00350652,-0.00723292,-0.00159729,-0.95719,-6.12265,0.59694,0.11776,0.450025,-3.56425e-05,47.4671,0.414504,-0.156115,0.281157
45.6,0.791225,0.56919,-0.114765,-0.191871,0.00710039,0.00680515,-0.00684608,-0.960203,-6.12853,0.59666,0.115715,0.446583,-0.000341268,49.2151,0.389175,-0.257171,0.415468
45.62,0.791233,0.569155,-0.114814,-0.191915,0.0044423,-0.00289245,0.000409551,-0.9612,-6.13063,0.596557,0.11626,0.44562,-9.91614e-05,43.2219,0.397429,-0.195878,0.323852
45.64,0.791266,0.569076,-0.114855,-0.191986,0.00190956,-0.00524154,0.00117472,-0.963216,-6.13512,0.596354,0.11448,0.442016,-0.000479347,44.5331,0.415234,-0.118324,0.185868
45.66,0.791301,0.568996,-0.114909,-0.192047,0.00895089,-0.0091307,0.00308363,-0.965096,-6.13918,0.596164,0.112887,0.438039,-0.000429175,43.066,0.38957,-0.233063,0.378132
45.68,0.791394,0.568814,-0.11498,-0.192161,0.00528436,-0.00491939,0.000868497,-0.968245,-6.14533,0.595838,0.110452,0.432343,-0.000462867,47.1245,0.415036,-0.167351,0.253433
45.7,0.791416,0.568771,-0.114996,-0.192189,-0.00217352,0.00545298,0.00382272,-0.968992,-6.14677,0.595765,0.11102,0.432111,0.000165077,45.2212,0.403662,-0.216628,0.346707
45.72,0.791447,0.568692,-0.115044,-0.192264,0.00241353,0.00137024,-0.000664569,-0.971176,-6.15155,0.595558,0.109035,0.428552,3.07364e-05,45.0325,0.432717,-0.115986,0.205335
45.74,0.791537,0.568532,-0.115076,-0.19235,-0.00046646,0.00452851,0.00202995,-0.974185,-6.15788,0.595271,0.106059,0.422764,-0.000540565,44.9464,0.377196,-0.239425,0.428787
45.76,0.791571,0.568454,-0.115114,-0.192414,-0.000704227,0.00795649,0.0051355,-0.976014,-6.16155,0.595098,0.104793,0.419852,-0.000424457,47.5422,0.380669,-0.235361,0.377471
45.78,0.791573,0.568426,-0.11516,-0.192464,0.010079,-0.0089164,0.00319207,-0.976726,-6.16261,0.595016,0.104363,0.418875,-0.000685725,45.2858,0.415906,-0.167698,0.255136
45.8,0.791625,0.568316,-0.115203,-0.192552,-0.00902762,0.00451948,0.000633276,-0.979105,-6.16701,0.59479,0.10446,0.416575,8.51143e-05,46.1134,0.39222,-0.224736,0.364311
45.82,0.791662,0.568219,-0.115278,-0.192641,0.00432797,-0.00270071,0.00250285,-0.982241,-6.17367,0.594551,0.101016,0.41187,-0.000699642,45.8781,0.430546,-0.158578,0.247934
45.84,0.791678,0.568181,-0.115293,-0.192677,-0.00146822,0.00588478,0.00284764,-0.98328,-6.17598,0.594471,0.10174,0.411089,-0.000239129,46.2238,0.429802,-0.165095,0.224555
45.86,0.791742,0.568045,-0.115352,-0.192778,0.0105842,0.00278297,-0.00558069,-0.986172,-6.18222,0.594262,0.0986195,0.404823,-0.000215146,47.2496,0.416901,-0.177333,0.287825
45.88,0.791766,0.567981,-0.115394,-0.192843,3.93042e-05,0.0031392,-0.00188588,-0.98778,-6.18525,0.594142,0.0987009,0.402754,0.000356377,46.6734,0.352068,-0.269765,0.476819
45.9,0.791803,0.567884,-0.115468,-0.192932,0.0122287,-0.00341198,0.00746338,-0.990468,-6.19088,0.593939,0.0962036,0.397514,-0.000264096,46.1421,0.416012,-0.125703,0.175951
45.92,0.791828,0.567808,-0.115528,-0.193016,0.00694613,-0.0115627,-0.0021427,-0.992485,-6.19538,0.593749,0.0953089,0.393951,-0.00031356,45.9671,0.413571,-0.174086,0.284088
45.94,0.791906,0.567649,-0.115609,-0.193116,-0.00386262,-0.00648753,0.00299574,-0.995244,-6.20132,0.593489,0.0949984,0.390109,0.000189741,49.9533,0.408248,-0.195355,0.305922
45.96,0.79193,0.567588,-0.115659,-0.193169,0.000108582,0.00217142,0.00785507,-0.996918,-6.20476,0.593331,0.0941906,0.38773,8.84011e-05,43.321,0.430324,-0.15161,0.210568
45.98,0.791954,0.567547,-0.115653,-0.193192,-0.00478413,0.00721407,-0.000701659,-0.997704,-6.20632,0.593258,0.0923285,0.385665,-0.000655086,44.6409,0.417789,-0.153617,0.245788
46,0.791967,0.567496,-0.115707,-0.193257,9.39193e-05,0.00706446,-0.00181186,-0.999032,-6.20856,0.593114,0.0929632,0.385494,-0.00021728,45.8798,0.35929,-0.27606,0.464964
46.02,0.791993,0.567428,-0.115737,-0.193331,-0.00160938,0.0132593,-0.00476169,-1.00094,-6.21285,0.592887,0.0922337,0.382299,-5.71808e-05,46.1363,0.411699,-0.216567,0.356497
46.04,0.792015,0.567317,-0.115864,-0.193491,-0.000886454,0.00972901,-8.63945e-05,-1.00444,-6.2207,0.592484,0.0912543,0.377234,0.000115839,45.4172,0.348213,-0.295707,0.526771
46.06,0.79203,0.567257,-0.11592,-0.193572,-0.00135382,-0.00359776,-0.00949889,-1.00604,-6.22431,0.5923,0.0908368,0.374452,-0.000171804,48.1078,0.413178,-0.204247,0.283364
46.08,0.792038,0.567215,-0.115979,-0.193629,0.00504154,-0.0015007,0.00136508,-1.00751,-6.22751,0.592128,0.0901331,0.371842,-0.000328389,44.2118,0.339542,-0.312985,0.518121
46.1,0.792051,0.567188,-0.115987,-0.193649,0.0089877,9.9208e-06,-0.00464356,-1.00806,-6.22841,0.592048,0.0889739,0.370473,-0.000647112,47.3547,0.349028,-0.309675,0.508135
46.12,0.792085,0.567088,-0.116082,-0.193745,0.00244259,-0.00730509,0.00139362,-1.01039,-6.23388,0.591758,0.0878438,0.366582,-0.00141215,45.848,0.394757,-0.224137,0.346252
46.14,0.792129,0.566981,-0.116145,-0.193843,-0.00326266,0.00964403,-0.00377634,-1.01263,-6.23925,0.591476,0.0867986,0.362562,-0.000480523,49.665,0.375397,-0.219815,0.383221
46.16,0.792121,0.566967,-0.116209,-0.193876,0.013389,-0.0107414,0.00326728,-1.01332,-6.24085,0.59139,0.0859397,0.360692,-0.0011953,47.8711,0.424091,-0.161704,0.278136
46.18,0.792166,0.566863,-0.116278,-0.193957,0.00162961,0.00560395,0.00499816,-1.01521,-6.24506,0.591152,0.0865836,0.35821,-0.000788875,49.4373,0.353878,-0.275105,0.443579
46.2,0.792186,0.566805,-0.116325,-0.194017,-0.00272541,-0.00142736,0.00362623,-1.01618,-6.24686,0.591005,0.0860893,0.35742,-0.000980205,43.3258,0.395722,-0.22529,0.374976
46.22,0.792208,0.56673,-0.116385,-0.194108,-7.47337e-05,0.00672844,-0.00506128,-1.01822,-6.25217,0.590758,0.0844327,0.353754,-0.000941009,45.9373,0.360757,-0.262915,0.429405
46.24,0.792233,0.566663,-0.116442,-0.194168,0.00150416,0.00669664,0.00296366,-1.01949,-6.25548,0.590603,0.084003,0.35172,-0.00097698,47.6527,0.395629,-0.210732,0.350971
46.26,0.792243,0.566614,-0.116501,-0.194235,-0.00464084,0.00439438,-0.00152286,-1.02071,-6.25869,0.590457,0.0836877,0.349087,-0.000912302,46.4607,0.339138,-0.278935,0.498373
46.28,0.792243,0.566596,-0.116533,-0.194267,0.0118298,-0.00694419,-0.000960655,-1.02127,-6.26016,0.590388,0.0830655,0.347668,-0.00154457,41.5507,0.400572,-0.20828,0.353592
46.3,0.792281,0.56648,-0.11661,-0.194405,0.0117099,-0.00422744,-0.0027697,-1.02326,-6.26531,0.590152,0.0818676,0.342855,-0.00141218,45.7383,0.31627,-0.334547,0.554406
46.32,0.792306,0.566414,-0.116663,-0.194464,0.00311682,0.00296906,0.00244805,-1.02434,-6.26866,0.590068,0.081524,0.340936,-0.00125455,47.5794,0.389494,-0.234519,0.389066
46.34,0.792325,0.566352,-0.116705,-0.194543,0.00605228,0.00624446,-0.00493726,-1.02531,-6.2716,0.589998,0.0811684,0.338672,-0.00114731,44.303,0.375707,-0.25908,0.422324
46.36,0.792337,0.5663,-0.116761,-0.194611,0.0018913,0.00179143,0.00384063,-1.02618,-6.27416,0.589938,0.0806537,0.336834,-0.000848191,51.2322,0.408512,-0.206922,0.313569
46.38,0.792362,0.566235,-0.116804,-0.194671,-0.00658604,0.00862049,-0.00493488,-1.02695,-6.27638,0.589885,0.0804318,0.335672,-0.000894481,43.0237,0.397511,-0.240583,0.370583
46.4,0.792369,0.566185,-0.116872,-0.194748,0.0141902,-0.00274542,-0.00383382,-1.02792,-6.27948,0.589812,0.0809132,0.333783,-0.00169204,47.054,0.385082,-0.255986,0.401918
46.42,0.79238,0.56613,-0.116938,-0.194824,0.00628772,-0.0113374,-0.000635735,-1.02855,-6.28204,0.589775,0.0805175,0.33188,-0.00169009,49.1922,0.426157,-0.181821,0.232295
46.44,0.792391,0.566084,-0.116998,-0.194879,0.00453535,-0.00340468,0.00169209,-1.02908,-6.28421,0.589742,0.0811007,0.330763,-0.0016857,45.4042,0.426343,-0.183343,0.304196
46.46,0.792395,0.566059,-0.117035,-0.194912,0.00179159,-0.000320264,0.00410891,-1.02926,-6.28497,0.589718,0.0816497,0.330866,-0.00147411,45.5946,0.357536,-0.295641,0.494791
46.48,0.792425,0.565962,-0.117122,-0.195016,0.0137642,-0.00381372,-0.00517574,-1.03022,-6.28909,0.589667,0.0815401,0.326646,-0.00151875,47.2923,0.406937,-0.233951,0.374539
46.5,0.792439,0.565941,-0.11712,-0.195026,0.000463333,0.0114149,-0.0037514,-1.03039,-6.28991,0.589658,0.08191,0.326121,-0.000816867,46.7534,0.420475,-0.2243,0.335625
46.52,0.792443,0.565881,-0.117217,-0.195123,0.0154495,-0.00834562,-0.000505542,-1.03091,-6.29337,0.589614,0.0815645,0.322321,-0.000960892,44.6033,0.375539,-0.263075,0.443933
46.54,0.792447,0.565842,-0.117272,-0.195188,0.0123728,-4.04828e-05,-0.000731178,-1.03113,-6.29524,0.589598,0.0823627,0.32117,-0.000956131,44.2288,0.449759,-0.118509,0.150057
46.56,0.792457,0.56579,-0.117339,-0.195254,0.00729419,-0.00748804,0.00332177,-1.03114,-6.29629,0.58959,0.0825218,0.320208,-0.000384073,48.7772,0.405535,-0.235846,0.364264
46.58,0.792459,0.565732,-0.117439,-0.195356,0.000876974,-0.00998119,0.00132306,-1.03117,-6.29798,0.589589,0.0842002,0.31911,-0.000528691,48.1768,0.359387,-0.305263,0.522611
46.6,0.792487,0.56569,-0.117445,-0.195363,-0.00756404,0.00508524,0.00230586,-1.03114,-6.29838,0.589594,0.08409,0.318599,-0.000118265,45.6559,0.402757,-0.184589,0.310913
46.62,0.792471,0.56565,-0.117538,-0.195487,0.00956024,-0.00663795,-0.00559326,-1.03102,-6.30057,0.589469,0.0845528,0.317181,-0.000508797,48.6455,0.415639,-0.224112,0.357696
46.64,0.792486,0.565616,-0.117565,-0.195507,0.00058053,0.00532277,0.00217943,-1.03094,-6.30113,0.589434,0.0854207,0.317362,-6.35787e-05,46.3839,0.403422,-0.20715,0.323787
46.66,0.79247,0.565586,-0.117663,-0.195602,0.0154246,-0.0047815,0.00134396,-1.03067,-6.30266,0.589337,0.0854411,0.315416,-0.000512322,47.0399,0.368338,-0.266215,0.450924
46.68,0.792503,0.565512,-0.117706,-0.195655,0.00194682,-0.00153834,0.00608652,-1.03037,-6.30323,0.589284,0.0860028,0.314019,-4.95042e-05,46.1431,0.345128,-0.303349,0.52297
46.7,0.792508,0.565451,-0.117787,-0.195762,0.00678742,-0.000800926,-0.00425564,-1.02996,-6.30424,0.58921,0.087911,0.313321,-0.000392837,46.1656,0.367153,-0.255226,0.446049
46.72,0.792529,0.565418,-0.117794,-0.195767,0.00464431,0.00564126,0.00285171,-1.02979,-6.30443,0.589191,0.0874719,0.312176,2.92841e-06,46.2754,0.415761,-0.172133,0.268272
46.74,0.792533,0.565338,-0.117917,-0.195909,-0.00123047,0.00663892,0.00120834,-1.02897,-6.30602,0.588876,0.0882913,0.311347,-0.000123475,46.1814,0.402084,-0.203454,0.284176
46.76,0.792552,0.565275,-0.117988,-0.195973,-0.011235,0.00627273,0.00458712,-1.02846,-6.30637,0.588734,0.0888769,0.310764,1.68788e-06,45.2737,0.388479,-0.21502,0.342112
46.78,0.792549,0.565246,-0.118043,-0.196032,-0.00851442,0.00017272,0.0022658,-1.02776,-6.30599,0.588601,0.0897328,0.310575,-0.000366902,49.2622,0.412936,-0.168548,0.271351
46.8,0.792551,0.565214,-0.118105,-0.196082,-0.00497899,-0.00344751,0.00844456,-1.02712,-6.30578,0.588485,0.090622,0.310462,-0.000456385,45.5275,0.416892,-0.17203,0.235349
46.82,0.792546,0.565191,-0.118156,-0.196135,0.000974462,-0.00193652,0.0030126,-1.0264,-6.30568,0.588303,0.0913622,0.310255,-0.000240948,48.3182,0.39204,-0.245039,0.393678
46.84,0.792569,0.565114,-0.118232,-0.196221,-0.0066985,0.00211656,0.00711448,-1.02517,-6.30554,0.587951,0.0914105,0.309993,-1.03152e-05,43.9885,0.406164,-0.183519,0.265048
46.86,0.792558,0.565097,-0.118274,-0.196287,0.00769387,0.00938423,-0.000422285,-1.02439,-6.30544,0.587732,0.091932,0.309649,4.29116e-05,46.3628,0.401562,-0.205876,0.319773
46.88,0.792563,0.565054,-0.11834,-0.19635,-0.00404176,0.0125437,0.00312704,-1.02365,-6.30538,0.587526,0.0927207,0.309148,0.000182893,46.626,0.459731,-0.0457414,-0.00231055
46.9,0.792561,0.56504,-0.118365,-0.196383,0.00536671,-0.00670699,-0.00722418,-1.02313,-6.3048,0.587427,0.0922749,0.308968,-0.000570968,48.4186,0.406558,-0.205095,0.333659
46.92,0.792578,0.564955,-0.11846,-0.196502,-0.00110739,0.00379148,-0.00148698,-1.0213,-6.30456,0.586847,0.0934478,0.308155,-0.000887749,47.2918,0.43383,-0.1641,0.261211
46.94,0.792562,0.564946,-0.118508,-0.196563,0.00351089,-0.00141892,0.0019472,-1.02081,-6.30441,0.586691,0.0948637,0.30891,-0.00119479,48.1206,0.375362,-0.264264,0.453048
46.96,0.792581,0.564871,-0.118586,-0.196656,0.00330241,0.00246816,0.00453689,-1.01923,-6.30357,0.586247,0.0949681,0.308011,-0.00143035,44.7082,0.3656,-0.265515,0.452806
46.98,0.792575,0.564845,-0.118643,-0.19672,-0.0102702,0.0121019,0.00245743,-1.01813,-6.30271,0.585973,0.0958935,0.307992,-0.00109021,48.897,0.418566,-0.202931,0.302019
47,0.792578,0.564804,-0.118697,-0.196793,-0.0129617,0.00139688,-6.04941e-07,-1.01697,-6.30161,0.585718,0.0971953,0.308534,-0.000999107,44.456,0.401019,-0.228554,0.350222
47.02,0.792582,0.564744,-0.118814,-0.196878,0.00680505,-0.00784068,0.00573392,-1.01497,-6.30017,0.585272,0.0983199,0.30842,-0.00133933,49.4071,0.438749,-0.170608,0.283142
47.04,0.792571,0.564729,-0.118849,-0.196946,-0.000901803,0.00247866,-0.000602581,-1.01368,-6.2992,0.584996,0.0997311,0.308277,-0.00139008,46.3753,0.432325,-0.168377,0.257881
47.06,0.79255,0.564723,-0.118912,-0.197008,0.0108577,0.00447267,-0.00184632,-1.01232,-6.298,0.584735,0.100918,0.308792,-0.00145733,46.7526,0.42586,-0.161769,0.212128
47.08,0.79254,0.564672,-0.119026,-0.197125,0.00914712,-0.00638861,0.000226659,-1.01056,-6.29679,0.584367,0.102896,0.308284,-0.00147747,45.5763,0.462503,-0.0581554,0.0941366
47.1,0.79253,0.564653,-0.119083,-0.197187,0.0150075,-0.0142838,0.00123078,-1.00932,-6.29568,0.58414,0.103632,0.308355,-0.00180614,47.8952,0.428465,-0.188715,0.319558
47.12,0.792541,0.564632,-0.119082,-0.197201,-0.0057356,0.00747713,-0.00251814,-1.00854,-6.29495,0.583969,0.10465,0.308935,-0.00138808,46.4607,0.45312,-0.112651,0.163421
47.14,0.792537,0.564586,-0.119195,-0.197282,0.00539477,-0.00395426,-0.00234863,-1.00658,-6.29374,0.583498,0.104667,0.307643,-0.00185787,47.5622,0.450671,-0.131443,0.163298
47.16,0.792525,0.56458,-0.119247,-0.197315,0.000869201,-0.00104004,0.00157271,-1.0059,-6.29322,0.583348,0.106582,0.308869,-0.00155532,46.7418,0.412703,-0.225756,0.347038
47.18,0.792516,0.564555,-0.119328,-0.197376,0.00678612,-0.00551061,0.000688993,-1.00452,-6.29199,0.583062,0.107474,0.309014,-0.00177657,45.2555,0.443126,-0.108161,0.147623
47.2,0.792494,0.564554,-0.119368,-0.197442,0.00584246,-0.00280202,0.00245546,-1.00308,-6.29056,0.582791,0.108889,0.309211,-0.00188792,49.4217,0.423779,-0.194704,0.300818
47.22,0.792505,0.564477,-0.119477,-0.197552,0.00810963,-0.00472879,-0.0020017,-1.00006,-6.28785,0.582164,0.109479,0.30856,-0.00231421,44.3772,0.394043,-0.237991,0.40101
47.24,0.792492,0.564456,-0.119536,-0.197628,0.00725299,-0.0101885,0.000766066,-0.998598,-6.28659,0.581861,0.109732,0.308901,-0.00217705,48.1753,0.448892,-0.0907804,0.116889
47.26,0.792484,0.564436,-0.119594,-0.197686,0.0122851,-0.00823765,-0.0033745,-0.997097,-6.2851,0.581575,0.11073,0.30898,-0.00223257,49.579,0.420232,-0.186196,0.275653
47.28,0.792509,0.564351,-0.119675,-0.197776,-0.00208418,0.00120118,-0.00283424,-0.995025,-6.28316,0.581165,0.113104,0.309202,-0.00202724,45.3033,0.420682,-0.175856,0.305009
47.3,0.792516,0.564333,-0.119678,-0.1978,0.0014537,0.00113,-0.00288429,-0.994352,-6.28252,0.581038,0.112415,0.30829,-0.00239088,46.9338,0.395401,-0.262827,0.420017
47.32,0.792505,0.564285,-0.119791,-0.197908,0.00544179,-0.00617908,0.005933,-0.992495,-6.28117,0.580597,0.113381,0.307541,-0.00283909,46.7241,0.396331,-0.226252,0.348709
47.34,0.792515,0.564228,-0.119855,-0.197994,0.00156089,-0.00897473,0.000294486,-0.991299,-6.28027,0.580326,0.113533,0.307427,-0.00299339,45.1512,0.382704,-0.236632,0.385085
47.36,0.792553,0.56413,-0.119923,-0.198082,-0.0104684,0.00378331,0.00740607,-0.989416,-6.27847,0.57994,0.115535,0.308336,-0.00269477,48.508,0.432566,-0.143205,0.22876
47.38,0.792553,0.564111,-0.119943,-0.198122,0.00291644,-0.00864702,-0.00213973,-0.988765,-6.27776,0.579819,0.114569,0.307196,-0.00331961,44.6245,0.431121,-0.143652,0.20298
47.4,0.792555,0.56406,-0.120009,-0.19822,-0.000598312,-0.00151235,-0.00361152,-0.986944,-6.27588,0.579519,0.116395,0.307613,-0.00252267,48.5491,0.452338,-0.0215256,-0.0103164
47.42,0.79256,0.564015,-0.12007,-0.198289,0.00633315,-0.00205508,-0.00704973,-0.985934,-6.27507,0.579389,0.116578,0.306955,-0.00273209,46.8468,0.44748,0.0775,-0.190105
47.44,0.792592,0.563926,-0.120123,-0.198381,-0.00429798,0.00627049,-0.00217072,-0.984141,-6.27297,0.579207,0.117038,0.306741,-0.00257067,46.6179,0.439133,-0.0927484,0.0881111
47.46,0.792596,0.563889,-0.120177,-0.198437,-0.00470171,0.0122945,0.00347879,-0.982991,-6.27159,0.579098,0.117334,0.306445,-0.00247493,48.2063,0.425095,-0.152423,0.254084
47.48,0.79258,0.56389,-0.120214,-0.198479,0.00579881,-0.00619636,0.00439292,-0.9824,-6.27082,0.579048,0.116721,0.305905,-0.00305504,44.9457,0.449814,-0.108556,0.108962
47.5,0.792607,0.563804,-0.120284,-0.198573,-0.0049017,-0.00127241,0.00346975,-0.981154,-6.26975,0.578927,0.117875,0.304815,-0.00205844,49.0338,0.421048,-0.17512,0.231252
47.52,0.792625,0.563762,-0.120301,-0.19861,0.00649712,0.00110343,-0.00219267,-0.980853,-6.26962,0.578908,0.116652,0.303213,-0.00253044,48.7495,0.427162,-0.132891,0.207498
47.54,0.79266,0.563642,-0.120399,-0.198753,-0.00247251,0.00262313,-0.00306281,-0.979361,-6.26821,0.578843,0.118465,0.301376,-0.00133094,47.8466,0.434513,-0.133088,0.194235
47.56,0.792649,0.563626,-0.120451,-0.198809,0.00332024,-0.00763414,-0.00119186,-0.978965,-6.26779,0.578833,0.119194,0.301522,-0.0020139,46.3713,0.434197,-0.124947,0.210604
47.58,0.792692,0.563534,-0.120464,-0.19889,-0.0072634,0.0115065,0.000181946,-0.977664,-6.26617,0.578812,0.119108,0.300289,-0.00129035,45.5721,0.440369,-0.105038,0.14635
47.6,0.792689,0.563518,-0.120495,-0.198929,0.00678331,-0.0024917,9.5741e-05,-0.977204,-6.26553,0.578809,0.11932,0.300018,-0.0019037,46.587,0.440243,-0.141935,0.208135
47.62,0.792714,0.563412,-0.120588,-0.199072,0.00759567,-0.00274509,-0.00113669,-0.975792,-6.26388,0.578958,0.118592,0.297837,-0.00116217,44.8463,0.410412,-0.192404,0.351212
47.64,0.79272,0.563371,-0.120628,-0.199141,0.00656528,0.00303213,0.002725,-0.975196,-6.26323,0.579066,0.118645,0.296994,-0.000996696,46.731,0.430035,-0.138939,0.221929
47.66,0.792724,0.563335,-0.120676,-0.1992,0.0103997,0.00180926,0.00568309,-0.97453,-6.26236,0.579174,0.118727,0.29626,-0.000963073,44.7148,0.463533,-0.0563464,0.0190702
47.68,0.792708,0.563329,-0.120715,-0.199252,0.00733643,-0.00404346,0.00248712,-0.974174,-6.26184,0.579226,0.119791,0.296634,-0.000931213,46.625,0.466766,-0.0583752,0.0446713
47.7,0.792724,0.563273,-0.12076,-0.19932,0.00983401,-0.00920205,0.00429761,-0.973535,-6.26099,0.579333,0.119498,0.295532,-0.000911015,48.9955,0.467735,-0.018521,0.00200616
47.72,0.792741,0.563181,-0.120818,-0.199481,0.00755977,0.000249365,-0.00574397,-0.972982,-6.2608,0.579616,0.118192,0.291262,-0.000849913,46.3122,0.469117,-0.0885757,0.114179
47.74,0.792765,0.563114,-0.120857,-0.199548,0.011715,0.000727863,0.001559,-0.972809,-6.26087,0.57977,0.117385,0.289787,-0.000262326,49.9732,0.440671,-0.155163,0.269178
47.76,0.792762,0.563097,-0.120889,-0.199588,0.00530843,0.000512508,-0.000598051,-0.972699,-6.26082,0.579847,0.118077,0.289809,5.65084e-05,46.0239,0.419429,-0.165078,0.235775
47.78,0.792791,0.563007,-0.12094,-0.199695,0.00275692,0.00109601,-0.00167045,-0.97225,-6.2603,0.580088,0.115999,0.286881,0.000434652,45.6283,0.419863,-0.177169,0.285768
47.8,0.792799,0.562963,-0.120991,-0.199756,0.00183,0.00645918,-0.00138055,-0.971859,-6.25969,0.580251,0.116092,0.285897,0.000824166,47.4048,0.412916,-0.184068,0.325062
47.82,0.792816,0.562903,-0.121027,-0.199839,-0.00487215,0.00817181,-0.00771642,-0.972014,-6.26025,0.580494,0.116182,0.284348,0.000995685,46.0875,0.441917,-0.141891,0.218009
47.84,0.792845,0.562808,-0.121093,-0.199949,0.0072071,-0.00447132,0.00718584,-0.971889,-6.26018,0.580853,0.114915,0.281804,0.000818366,44.9328,0.46627,-0.0907867,0.0875054
47.86,0.792856,0.562762,-0.121137,-0.20001,0.00196342,-0.00601187,0.00326331,-0.971825,-6.2601,0.581087,0.113656,0.281005,0.00101506,46.0955,0.469113,-0.0985301,0.10786
47.88,0.792883,0.562696,-0.121172,-0.200068,0.000246752,-0.0012279,0.000989533,-0.971678,-6.25978,0.581315,0.113208,0.279924,0.0010677,46.9092,0.427553,-0.165879,0.303478
47.9,0.79289,0.56263,-0.121281,-0.200158,0.00784558,-0.00797821,0.00214434,-0.971562,-6.25955,0.581641,0.113594,0.277762,0.00167066,42.702,0.4393,-0.104246,0.15017
47.92,0.792898,0.562591,-0.1213,-0.200229,0.010594,-0.00416516,-0.00204619,-0.972109,-6.26082,0.581938,0.112682,0.275064,0.00188748,51.605,0.456192,-0.0719898,0.0698901
47.94,0.79294,0.562495,-0.121342,-0.200304,0.00432948,-0.00555653,0.00256576,-0.972558,-6.26182,0.582232,0.111464,0.27236,0.00216681,44.8212,0.424459,-0.144787,0.239132
47.96,0.792982,0.562388,-0.121381,-0.200417,-0.00663271,0.00232372,0.00101523,-0.97288,-6.26241,0.582666,0.110036,0.270623,0.00263667,48.1695,0.418044,-0.187178,0.283694
47.98,0.792992,0.562333,-0.121421,-0.200503,-0.0024346,0.00297919,-0.00050332,-0.973101,-6.26276,0.582945,0.109467,0.269387,0.0027203,47.9302,0.412613,-0.199646,0.334226
48,0.793013,0.562271,-0.121458,-0.200573,0.00289595,-0.00198767,0.000724375,-0.97356,-6.26368,0.58325,0.108283,0.267336,0.0027614,44.6971,0.448806,-0.0981856,0.141783
48.02,0.793047,0.562183,-0.1215,-0.200659,-0.00372842,-0.00621516,0.00135868,-0.974244,-6.26514,0.583581,0.107499,0.264519,0.00257027,49.6301,0.434653,-0.0805788,0.105102
48.04,0.793079,0.562103,-0.121533,-0.20074,0.00591113,-0.0140204,-0.00316343,-0.974826,-6.26633,0.583901,0.106216,0.262372,0.0026987,46.4124,0.449363,-0.126129,0.153506
48.06,0.793119,0.562003,-0.121553,-0.200851,-0.00757356,0.0110417,-0.000228309,-0.975353,-6.26722,0.584366,0.105119,0.260116,0.00290179,47.4124,0.428629,-0.0896532,0.124663
48.08,0.793107,0.561993,-0.121598,-0.200896,0.00925777,-0.00829705,-0.00156995,-0.975535,-6.26752,0.584516,0.10374,0.259041,0.00226618,45.4527,0.470543,-0.0579558,0.0332181
48.1,0.793122,0.561939,-0.121623,-0.20097,0.0121308,-0.0129521,8.82624e-05,-0.975824,-6.26792,0.584814,0.102859,0.257327,0.00233139,47.2187,0.463983,-0.08637,0.117846
48.12,0.793146,0.561841,-0.121712,-0.201098,-0.000367207,-0.00751642,0.00310105,-0.977319,-6.27135,0.585352,0.102094,0.253017,0.00329646,47.5874,0.455487,-0.0664817,0.0757785
48.14,0.793165,0.5618,-0.121713,-0.201135,-0.00102752,-0.00312505,0.00242698,-0.977761,-6.27234,0.585528,0.10033,0.25122,0.0028158,48.3631,0.440593,-0.150838,0.195818
48.16,0.793231,0.561657,-0.121742,-0.201256,-0.00768073,0.0117239,-0.00397366,-0.979129,-6.27527,0.586208,0.0984141,0.24658,0.00269281,47.2742,0.466468,-0.0647402,0.0663615
48.18,0.793255,0.561606,-0.121741,-0.201306,-0.00793086,0.00329487,-0.0031117,-0.979456,-6.27593,0.586362,0.0963364,0.244631,0.00170932,45.9492,0.444414,-0.0356059,-0.0126104
48.2,0.793398,0.561375,-0.121588,-0.201481,-0.0201963,0.0111353,-0.00907392,-0.980648,-6.2784,0.586837,0.0926734,0.239766,0.00102495,45.8433,0.45145,-0.100763,0.108928
48.22,0.793446,0.561283,-0.121526,-0.201585,-0.0123539,0.000996393,-0.0144281,-0.981225,-6.27966,0.587009,0.089371,0.237156,-1.70986e-05,49.2939,0.466224,-0.0604775,0.0494566
48.24,0.793715,0.560838,-0.121107,-0.202018,-0.0319572,0.0162154,-0.0267886,-0.983325,-6.284,0.58762,0.0845022,0.230612,-0.00186717,47.0114,0.430764,-0.138761,0.210612
48.26,0.793742,0.560731,-0.121114,-0.202202,-0.0132557,-0.0203888,-0.0227663,-0.983797,-6.28492,0.587761,0.0851576,0.231064,-0.000654814,48.2934,0.455518,-0.0459854,0.00795733
48.28,0.79395,0.560381,-0.120774,-0.20256,-0.0289695,0.0275051,-0.0189179,-0.984925,-6.28691,0.588167,0.0834332,0.228322,-0.000453474,45.8691,0.454853,-0.112524,0.14092
48.3,0.793979,0.560316,-0.120678,-0.202684,-0.0112895,-0.0069001,-0.028455,-0.985295,-6.28755,0.588303,0.0836089,0.22707,-0.000579904,50.614,0.417224,-0.188492,0.282378
48.32,0.794159,0.559994,-0.120381,-0.203043,-0.0249534,0.00671455,-0.02384,-0.987039,-6.29122,0.588708,0.0831675,0.222954,0.000768006,45.6897,0.459524,-0.0538323,0.0548734
48.34,0.794278,0.55978,-0.120199,-0.203275,-0.0148426,0.00778275,-0.0247549,-0.988317,-6.29402,0.588986,0.0824059,0.219151,0.00131235,47.5089,0.455622,-0.0711762,0.0749694
48.36,0.794411,0.559558,-0.120009,-0.203478,-0.0252938,0.0108099,-0.0203836,-0.989493,-6.29655,0.58926,0.0808413,0.216516,0.00182081,48.783,0.452121,-0.0881898,0.0775054
48.38,0.794615,0.559225,-0.119684,-0.20379,-0.0242689,0.00876504,-0.024797,-0.991063,-6.29979,0.589653,0.0771064,0.212015,0.000561868,46.9116,0.458445,-0.0429611,-0.0236905
48.4,0.79466,0.559131,-0.119624,-0.203908,-0.0260143,0.00845515,-0.021534,-0.99143,-6.30043,0.58978,0.0775748,0.210861,0.000760462,43.0691,0.454712,-0.0899295,0.131614
48.42,0.79496,0.558627,-0.11908,-0.204434,-0.0380622,0.00108316,-0.0293858,-0.994092,-6.30605,0.590172,0.0707194,0.202512,-0.00103561,48.4907,0.472347,-0.0499568,-0.0236443
48.44,0.795064,0.558464,-0.118866,-0.204602,-0.04973,0.0379897,-0.0468245,-0.994784,-6.3075,0.590249,0.0693962,0.201735,-0.00101313,44.033,0.446969,-0.172886,0.20141
48.46,0.795375,0.557962,-0.118249,-0.205117,-0.0509994,0.036121,-0.0704006,-0.996773,-6.31141,0.590452,0.0635943,0.195599,-0.00338603,46.8252,0.462372,-0.0262209,-0.0547002
48.48,0.795743,0.557361,-0.117513,-0.205749,-0.0649285,0.0389282,-0.0844712,-0.998528,-6.31442,0.590584,0.0606211,0.192927,-0.00466892,50.184,0.469327,-0.0742474,0.0897547
48.5,0.795903,0.5571,-0.117279,-0.205972,-0.0558507,-0.0214077,-0.0383646,-0.999076,-6.31539,0.590631,0.061624,0.192371,-0.00364621,46.7854,0.458,-0.0670445,0.0113651
48.52,0.796111,0.556791,-0.116682,-0.206342,-0.0776287,0.0455753,-0.0735294,-1.00084,-6.31882,0.590613,0.0586345,0.189543,-0.00524037,46.1013,0.447194,-0.109222,0.118449
48.54,0.796424,0.556205,-0.11612,-0.20703,-0.0598833,-0.0326238,-0.0553011,-1.00335,-6.32364,0.590597,0.060918,0.184632,-0.00367084,47.4808,0.467877,-0.0567109,0.0211604
48.56,0.796588,0.555927,-0.11578,-0.207336,-0.00234531,-0.0402224,-0.0258619,-1.00481,-6.32648,0.590627,0.0618729,0.183697,5.18496e-05,49.9708,0.472854,-0.00769295,-0.0439768
48.58,0.796769,0.555633,-0.11544,-0.207615,-0.0159098,-0.00316101,-0.0254255,-1.0061,-6.32902,0.590687,0.0653096,0.182631,0.00212105,47.4118,0.437083,-0.140039,0.222731
48.6,0.796843,0.555456,-0.115373,-0.207845,0.000806033,-0.0118396,0.00446922,-1.00784,-6.3327,0.59082,0.0734387,0.182706,0.00780721,46.8534,0.454401,-0.0769919,0.0675339
48.62,0.79686,0.555424,-0.115455,-0.20782,0.00757237,0.00684396,0.015251,-1.00855,-6.33434,0.590838,0.0741383,0.181149,0.0100743,46.5121,0.440952,-0.171948,0.213125
48.64,0.796769,0.555513,-0.115806,-0.207737,0.0410845,0.0055783,0.0229218,-1.01037,-6.33878,0.590978,0.0804853,0.17916,0.0137872,51.9124,0.426857,-0.181022,0.248641
48.66,0.796732,0.555531,-0.116001,-0.207722,0.019895,-0.0346539,0.0310205,-1.01087,-6.3401,0.591052,0.0825471,0.17906,0.0150042,43.5809,0.458698,-0.104566,0.102681
48.68,0.796344,0.556043,-0.117104,-0.207219,0.0632769,-0.0209823,0.0588078,-1.01246,-6.34466,0.591474,0.0891889,0.177525,0.0199739,47.7992,0.448687,-0.0459619,0.0639781
48.7,0.796221,0.556208,-0.117428,-0.207062,0.0736869,-0.0286454,0.0672078,-1.01276,-6.34563,0.591606,0.0875815,0.176636,0.0201174,49.8299,0.454098,-0.0587058,0.0513231
48.72,0.795832,0.556732,-0.118531,-0.206522,0.0801459,-0.0490667,0.0683217,-1.01425,-6.35011,0.591881,0.0923754,0.173954,0.0233351,51.0102,0.438538,-0.149706,0.255201
48.74,0.795526,0.557146,-0.119376,-0.206098,0.0939324,-0.0451797,0.0882212,-1.01507,-6.35278,0.592101,0.0932839,0.172528,0.0239967,48.7893,0.452465,-0.0665318,0.0556047
48.76,0.795187,0.557614,-0.120211,-0.205656,0.107361,-0.0368693,0.0863136,-1.01561,-6.3549,0.592379,0.092606,0.170912,0.0241818,45.6818,0.445095,-0.0991295,0.116512
48.78,0.794677,0.55833,-0.121522,-0.204912,0.0853677,-0.0267965,0.0867649,-1.01638,-6.35795,0.592779,0.0928796,0.168442,0.0254733,47.3838,0.432396,-0.130407,0.174062
48.8,0.794477,0.558611,-0.121953,-0.204665,0.100445,-0.0345102,0.0891835,-1.0166,-6.35885,0.592918,0.0910841,0.166854,0.0244692,45.8953,0.466298,-0.0282189,-0.00961507
48.82,0.793958,0.559312,-0.123202,-0.204016,0.0857948,-0.0318269,0.0758302,-1.01793,-6.36322,0.593149,0.088209,0.162614,0.0238917,45.9589,0.437429,-0.142685,0.225049
48.84,0.79363,0.55975,-0.123941,-0.20364,0.0765436,-0.0321405,0.0609663,-1.01872,-6.36581,0.59329,0.0849412,0.159197,0.0215427,47.2331,0.443548,-0.112175,0.133846
48.86,0.793347,0.560123,-0.124618,-0.203304,0.0721592,-0.0275397,0.0567499,-1.01933,-6.36791,0.593436,0.0795613,0.155529,0.0188887,50.5648,0.44919,-0.110139,0.180121
48.88,0.793029,0.560555,-0.125368,-0.202897,0.0457681,-0.0111319,0.0418995,-1.02037,-6.37098,0.593553,0.0725716,0.15036,0.0155484,51.9951,0.452414,-0.106606,0.111994
48.9,0.792872,0.560757,-0.125744,-0.202719,0.0329803,-0.00255953,0.0379803,-1.02134,-6.37348,0.593558,0.0671893,0.145941,0.0131608,50.4993,0.452483,-0.119926,0.151574
48.92,0.792797,0.56084,-0.12592,-0.202671,0.0406145,-0.0178619,0.0250946,-1.02197,-6.37502,0.593533,0.0641548,0.142931,0.0112382,45.8147,0.428194,-0.213113,0.272854
48.94,0.792736,0.560876,-0.126215,-0.202629,-0.000415531,-0.000194264,0.0104065,-1.02381,-6.37926,0.593412,0.0576207,0.137839,0.00791309,49.978,0.448604,-0.0839339,0.0555523
48.96,0.792741,0.560832,-0.126281,-0.20269,-0.00478067,0.00483351,-0.00327627,-1.02499,-6.38179,0.593289,0.0530347,0.134342,0.00553128,47.6557,0.44517,-0.0661992,0.0698654
48.98,0.792792,0.560725,-0.126248,-0.202805,-0.0200465,-0.00195042,-0.0132869,-1.02607,-6.3839,0.593141,0.0482704,0.130773,0.00272846,48.8575,0.471949,-0.0416726,-0.0079578
49,0.792943,0.560468,-0.12601,-0.203073,-0.0298177,0.0168668,-0.0221339,-1.0277,-6.38695,0.592884,0.0428067,0.12625,0.00109003,45.7603,0.467265,-0.06766,0.0145942
49.02,0.793081,0.560231,-0.125814,-0.203307,-0.0385633,0.0193961,-0.0252313,-1.0294,-6.39015,0.592668,0.0400702,0.122665,0.000141107,48.4372,0.456822,-0.140399,0.173856
49.04,0.793294,0.55985,-0.125466,-0.203742,-0.0329414,0.00160467,-0.0325797,-1.03178,-6.39447,0.592342,0.0371087,0.118069,-0.00121367,45.1139,0.476435,-0.0207536,-0.0351272
49.06,0.79345,0.559591,-0.125205,-0.204006,-0.0273302,0.00701535,-0.0290267,-1.03324,-6.39705,0.592135,0.0362974,0.115828,-0.00126779,48.5786,0.488068,0.0241112,-0.13622
49.08,0.793594,0.559344,-0.124972,-0.204267,-0.0259257,0.00572855,-0.02432,-1.03452,-6.3992,0.591937,0.0367083,0.114978,-0.000684773,46.1583,0.438233,-0.166811,0.249487
49.1,0.79373,0.559077,-0.124721,-0.204621,-0.0203037,0.00236957,-0.0149939,-1.03663,-6.40285,0.59165,0.0383467,0.113721,0.000218514,49.3358,0.479321,-0.0501182,-0.000982372
49.12,0.793811,0.558911,-0.124587,-0.204844,-0.00882797,-0.00199981,-0.0237681,-1.03827,-6.4058,0.59146,0.0387529,0.111615,0.00130976,50.8128,0.424806,-0.193082,0.265697
49.14,0.793879,0.558804,-0.124536,-0.204903,-0.0252128,0.0128988,-0.00370981,-1.03904,-6.40717,0.591378,0.0390065,0.111177,0.00234496,48.3531,0.454814,-0.121741,0.136228
49.16,0.793896,0.558714,-0.124536,-0.205084,0.0161674,-0.0141098,-0.000185993,-1.04116,-6.41093,0.59118,0.0399535,0.108904,0.00372833,44.4179,0.422146,-0.204606,0.265965
49.18,0.793902,0.558674,-0.124588,-0.205136,0.0119816,-0.00812781,0.00414775,-1.0424,-6.41312,0.591088,0.0410585,0.10821,0.00472006,49.0822,0.44826,-0.157777,0.187199
49.2,0.793883,0.558683,-0.124645,-0.205151,0.00391502,0.00140349,0.00388966,-1.04291,-6.41396,0.591059,0.0429002,0.108835,0.0055441,47.5439,0.427855,-0.15282,0.220765
49.22,0.793829,0.558717,-0.124808,-0.205167,0.0164697,-0.00647702,0.00945714,-1.04429,-6.41641,0.59098,0.0434668,0.107007,0.00595984,48.9961,0.47635,-0.0654991,0.0481203
49.24,0.793722,0.558786,-0.125149,-0.205184,0.021201,-0.0147303,0.011997,-1.04735,-6.42178,0.590832,0.0411304,0.102061,0.00592311,48.8115,0.436593,-0.153284,0.193725
49.26,0.793684,0.558814,-0.125299,-0.205165,0.0165997,-0.0125205,0.0133174,-1.04873,-6.42412,0.59077,0.0391829,0.100232,0.00582525,49.9249,0.449694,-0.106796,0.0992288
49.28,0.793659,0.55884,-0.125369,-0.205151,0.00993616,0.00225616,0.00996457,-1.04938,-6.42521,0.590744,0.0382981,0.0991354,0.00594543,49.7854,0.450156,-0.147622,0.190994
49.3,0.79362,0.558835,-0.125597,-0.205173,-0.00349126,0.00279473,-0.00107602,-1.05206,-6.42955,0.590653,0.0349756,0.0954989,0.00477968,48.5572,0.433111,-0.2065,0.285295
49.32,0.793614,0.558832,-0.125635,-0.20518,0.00961736,-0.00619218,0.00529318,-1.0529,-6.43101,0.59064,0.0323755,0.0929464,0.00435084,45.1042,0.463208,-0.128845,0.141103
49.34,0.793603,0.558788,-0.125752,-0.205273,0.0107321,0.000424472,0.00341572,-1.05529,-6.43508,0.590597,0.0315039,0.090049,0.0036147,45.1281,0.452289,-0.146865,0.201212
49.36,0.79363,0.558736,-0.125768,-0.2053,-0.0085518,0.00310373,0.004794,-1.05603,-6.43632,0.590584,0.0303601,0.0885879,0.00367416,49.7269,0.454246,-0.120292,0.129551
49.38,0.793635,0.558655,-0.125834,-0.205461,-0.0113359,0.00851335,-0.00201411,-1.05878,-6.44074,0.590538,0.028691,0.0862109,0.00345752,46.4641,0.429017,-0.175503,0.25893
49.4,0.79364,0.558607,-0.125892,-0.205535,-0.0115164,-0.00153526,0.00321615,-1.06019,-6.44305,0.590534,0.0288555,0.0852474,0.00326867,48.3277,0.47397,-0.0917979,0.103807
49.42,0.793636,0.558589,-0.125907,-0.205591,0.0130058,-0.0112184,-0.00249727,-1.06099,-6.44446,0.590537,0.0269489,0.083025,0.00320338,48.4341,0.453014,-0.126732,0.128215
49.44,0.793638,0.558519,-0.125991,-0.205721,0.00187471,0.000295003,-0.00419255,-1.06326,-6.44836,0.590555,0.0266627,0.0807152,0.0034881,48.2828,0.439221,-0.151796,0.198631
49.46,0.793626,0.558497,-0.126049,-0.205793,8.24871e-05,-0.00337878,0.00395483,-1.06465,-6.4507,0.590572,0.0258872,0.0790488,0.00324937,49.4637,0.48231,-0.0879651,0.0606759
49.48,0.793635,0.558442,-0.126093,-0.205881,-0.00752085,0.00650918,-9.68654e-05,-1.06657,-6.45382,0.590603,0.0231261,0.0764428,0.00316278,52.1116,0.463701,-0.100701,0.104323
49.5,0.793638,0.558405,-0.126122,-0.205952,-0.0039844,0.0109752,-0.00436015,-1.06789,-6.45618,0.590625,0.0219995,0.0748991,0.00289393,47.1415,0.458269,-0.146202,0.121983
49.52,0.793646,0.558351,-0.126163,-0.206043,-0.00829508,0.0117669,0.000262885,-1.06924,-6.45873,0.590644,0.0219953,0.0735745,0.00280902,48.9982,0.47539,-0.0734271,0.0191403
49.54,0.793652,0.558294,-0.126206,-0.206148,-0.00308095,-0.00534234,-0.0059842,-1.07052,-6.46118,0.590667,0.0207134,0.0716934,0.00285219,47.3936,0.441858,-0.170936,0.218069
49.56,0.793679,0.558215,-0.126214,-0.20625,-0.00223365,-0.00202277,0.00138487,-1.07231,-6.46449,0.590701,0.0183165,0.0682168,0.00198704,47.9313,0.429416,-0.197939,0.23298
49.58,0.793668,0.558206,-0.126219,-0.206317,-0.00975372,0.00155732,-0.0098657,-1.07286,-6.46549,0.590711,0.0191262,0.0684344,0.00220719,49.1877,0.42932,-0.216335,0.318712
49.6,0.793713,0.558104,-0.126192,-0.206437,-0.00454797,0.00559736,-0.00223732,-1.07451,-6.46871,0.590749,0.016625,0.0651458,0.00164744,51.7522,0.466242,-0.0568116,0.023704
49.62,0.793701,0.558092,-0.126218,-0.206498,0.00812081,-0.00390081,-0.00414535,-1.07508,-6.47002,0.59076,0.0175254,0.0650682,0.00165207,48.3971,0.467546,-0.0143597,-0.0635419
49.64,0.793722,0.558019,-0.126215,-0.206615,-0.00191393,-0.00816991,-0.00556445,-1.07613,-6.47238,0.590797,0.0157754,0.0622574,0.00179742,45.4582,0.478661,-0.082841,0.0399599
49.66,0.79377,0.55788,-0.12625,-0.206785,-0.000385323,-0.00355482,0.000109018,-1.07804,-6.47671,0.590891,0.0154371,0.0588169,0.0025109,46.3755,0.430938,-0.223818,0.321955
49.68,0.793771,0.557859,-0.126277,-0.206821,0.000918685,0.00088579,-0.00471655,-1.07847,-6.47768,0.590919,0.0168352,0.059235,0.00338636,47.913,0.460192,-0.115231,0.126184
49.7,0.793782,0.557802,-0.126319,-0.206904,-9.58568e-05,0.00381238,-0.00123496,-1.07972,-6.48072,0.59103,0.0156781,0.0564146,0.00349057,48.146,0.446038,-0.168974,0.174155
49.72,0.793776,0.557777,-0.126377,-0.206962,-0.000986371,-0.0111419,0.00198847,-1.08015,-6.48191,0.591073,0.0172981,0.0564333,0.00398361,47.4733,0.436489,-0.167982,0.230693
49.74,0.793754,0.557746,-0.126508,-0.207049,0.0138711,-0.0102028,0.00359608,-1.08165,-6.48611,0.59128,0.0157256,0.0526283,0.00396075,45.3411,0.432916,-0.202944,0.285568
49.76,0.793762,0.557718,-0.126553,-0.207068,-0.0011622,-0.00319311,0.00505265,-1.08198,-6.48706,0.591331,0.0170826,0.0531188,0.00453182,46.7383,0.481745,0.0104039,-0.118796
49.78,0.793759,0.557684,-0.126616,-0.20713,-0.00801893,0.00163644,0.00384774,-1.0826,-6.48883,0.591433,0.0169754,0.0522399,0.00446432,49.921,0.479535,-0.111057,0.111605
49.8,0.793719,0.557682,-0.126781,-0.207188,0.00545098,-0.0043077,0.00656551,-1.08373,-6.49221,0.591614,0.0164076,0.0499652,0.00417605,48.2364,0.462812,-0.0908463,0.0945122
49.82,0.793698,0.55768,-0.126856,-0.207228,0.0088585,-0.00735303,0.00328042,-1.08432,-6.49413,0.591675,0.0159755,0.0485658,0.00436445,50.8508,0.485277,-0.0336833,-0.0134906
49.84,0.793676,0.557675,-0.126922,-0.207284,0.0120443,-0.00804919,0.00105083,-1.08482,-6.49581,0.591749,0.0148768,0.0466187,0.00382742,49.4729,0.462849,-0.124972,0.136924
49.86,0.793709,0.557623,-0.126917,-0.207305,-0.0114039,0.00579266,-0.00193713,-1.08506,-6.49662,0.591783,0.015628,0.0468493,0.00428409,48.9244,0.471231,-0.101296,0.125762
49.88,0.793663,0.557637,-0.127025,-0.207377,0.00904928,-0.00146958,0.0016321,-1.0857,-6.49882,0.59189,0.0139156,0.043668,0.00388729,49.5573,0.464711,-0.134433,0.16393
49.9,0.793661,0.557617,-0.127044,-0.207427,-0.000980057,0.0049735,-0.00640022,-1.08589,-6.49948,0.591924,0.0148638,0.0445222,0.00424254,50.3552,0.446631,-0.186721,0.25272
49.92,0.793632,0.557583,-0.127165,-0.207554,0.00379604,-0.000244029,0.00481102,-1.08677,-6.5028,0.592047,0.014192,0.0422925,0.00419707,48.4745,0.455006,-0.157369,0.180373
49.94,0.793634,0.557576,-0.127164,-0.207566,0.00588782,0.0046253,0.00825757,-1.08698,-6.50361,0.59208,0.0128701,0.0406287,0.00430756,51.4067,0.480575,-0.0801757,0.0497071
49.96,0.793635,0.557544,-0.127222,-0.207613,-0.00552175,0.00710976,0.00723253,-1.08735,-6.50513,0.592148,0.0133838,0.0399301,0.00447114,47.5747,0.487717,-0.0876729,0.0270397
49.98,0.793596,0.557566,-0.12729,-0.207661,0.00320111,0.00428814,0.00286715,-1.08767,-6.5065,0.592216,0.0136295,0.0392551,0.00421044,47.7802,0.403808,-0.248334,0.36221
50,0.79353,0.557594,-0.127459,-0.207735,0.00441735,0.00742652,0.000757052,-1.08819,-6.50898,0.592338,0.0149914,0.0399157,0.00461259,48.3851,0.474385,-0.0827459,0.0540609
50.02,0.793509,0.557585,-0.127542,-0.207788,-0.00280067,-0.00141599,0.00123354,-1.08848,-6.51043,0.592359,0.0148696,0.0396105,0.00432823,47.8825,0.444983,-0.130518,0.111494
50.04,0.793473,0.557599,-0.127622,-0.207835,0.00231051,-0.000718336,0.00683064,-1.08873,-6.51174,0.592383,0.0147809,0.0384701,0.00416419,46.0637,0.457751,-0.156432,0.177763
50.06,0.793472,0.557564,-0.127696,-0.207891,-0.000407873,-0.00191112,0.00301318,-1.08893,-6.5129,0.592406,0.0147732,0.0377014,0.00372075,51.3202,0.4599,-0.11925,0.0979283
50.08,0.793476,0.557525,-0.127768,-0.207935,-0.00432065,-0.0102035,0.00520833,-1.08908,-6.51393,0.592428,0.0144153,0.0367529,0.0036237,48.8418,0.455079,-0.16749,0.200622
50.1,0.793501,0.557447,-0.127771,-0.208047,-0.0140786,0.00553179,-0.00165756,-1.08935,-6.51565,0.592406,0.0130174,0.0357094,0.00317131,49.0199,0.460143,-0.102293,0.0788407
50.12,0.793494,0.557417,-0.127807,-0.208131,-0.00359299,0.0105099,-0.00201642,-1.08955,-6.51697,0.59233,0.0125502,0.03473,0.00285094,51.6388,0.441517,-0.152123,0.216373
50.14,0.793501,0.557365,-0.127827,-0.208235,-0.0065427,0.00401073,0.00127486,-1.08972,-6.51817,0.592258,0.0124991,0.0338106,0.00253705,46.6131,0.477822,-0.113779,0.117208
50.16,0.793513,0.557334,-0.127814,-0.208278,0.00458362,0.000742247,-0.00343981,-1.08979,-6.51872,0.592225,0.011172,0.0325139,0.00193539,49.7529,0.467365,-0.138811,0.157256
50.18,0.793548,0.557216,-0.127799,-0.208468,-0.00928853,0.00195127,-0.00471212,-1.08995,-6.52059,0.592099,0.0116627,0.0320605,0.00179277,47.5794,0.465487,-0.0847404,0.041276
50.2,0.793542,0.557195,-0.127823,-0.208535,0.000956915,-0.00943294,-0.00152822,-1.08997,-6.52098,0.59207,0.0127317,0.0328854,0.00198514,47.9187,0.447714,-0.161057,0.206602
50.22,0.793555,0.55713,-0.127807,-0.208668,-0.00725303,0.00894577,-0.00337534,-1.09013,-6.52246,0.591895,0.0129603,0.0321745,0.00258924,50.7391,0.441725,-0.156407,0.236185
50.24,0.793552,0.557104,-0.127845,-0.208725,-7.24819e-05,-0.0086822,-0.00213325,-1.09017,-6.52291,0.591843,0.0124163,0.0312925,0.00209881,49.5676,0.440169,-0.183938,0.219095
50.26,0.793544,0.557051,-0.127903,-0.208862,0.00552385,-0.00365638,-0.00202764,-1.09019,-6.52438,0.591678,0.0141262,0.0311327,0.00299212,51.0417,0.453911,-0.144604,0.117578
50.28,0.793529,0.557045,-0.127953,-0.208904,0.0103649,-6.06935e-05,0.00407725,-1.09014,-6.52495,0.591615,0.0146943,0.0306716,0.00321145,49.4422,0.454859,-0.135337,0.165464
50.3,0.793522,0.557018,-0.12803,-0.208956,0.00656851,-0.00236483,0.0048634,-1.09019,-6.52569,0.59154,0.0155458,0.0304754,0.00326092,48.9066,0.419637,-0.182391,0.234993
50.32,0.793505,0.557004,-0.12811,-0.209007,0.00274591,0.000504827,0.00224106,-1.09028,-6.52642,0.59146,0.0169619,0.0310112,0.00386361,46.3166,0.419558,-0.200546,0.282727
50.34,0.793472,0.557011,-0.128198,-0.209061,0.000751363,0.00738079,0.000322627,-1.09034,-6.52707,0.591389,0.0172308,0.0307358,0.00391352,47.2077,0.468648,-0.119117,0.126148
50.36,0.793419,0.557037,-0.128345,-0.209102,0.0164351,-0.00828883,0.00581806,-1.09037,-6.52785,0.59129,0.0165191,0.029698,0.00296098,46.5531,0.466687,-0.113532,0.123513
50.38,0.793421,0.557015,-0.12838,-0.209131,-0.00606523,-0.000859534,0.00151237,-1.09036,-6.52806,0.591258,0.0176407,0.0301921,0.00332852,50.6612,0.452555,-0.181809,0.242083
50.4,0.79339,0.557019,-0.128483,-0.209177,0.00153612,-0.000652842,0.00255364,-1.09036,-6.5287,0.591164,0.0165618,0.0288041,0.00249414,50.0401,0.465741,-0.0824631,0.0719923
50.42,0.79336,0.556996,-0.128591,-0.209281,-0.00211438,-0.00721329,0.00331923,-1.09042,-6.52937,0.591067,0.0164054,0.0286974,0.00187721,48.6081,0.45664,-0.173782,0.198074
50.44,0.793344,0.556981,-0.128647,-0.209349,0.00555481,-0.00593184,0.00190604,-1.09045,-6.52973,0.590998,0.0159659,0.0280891,0.00154179,48.0882,0.438448,-0.198139,0.314628
50.46,0.793321,0.556978,-0.128692,-0.209418,0.0028147,-0.00857603,-0.00153004,-1.09044,-6.53,0.590931,0.0160266,0.02781,0.00104489,47.7554,0.465058,-0.159958,0.210854
50.48,0.793309,0.556961,-0.128725,-0.209486,0.00412793,-0.00642088,0.00184333,-1.0904,-6.53017,0.590864,0.0159864,0.0282182,0.000943806,49.9081,0.444464,-0.151988,0.194025
50.5,0.793281,0.556967,-0.128759,-0.209555,0.00629978,-0.00139134,9.10296e-05,-1.09036,-6.53031,0.590801,0.0160055,0.0288116,0.000928934,50.4163,0.46456,-0.154304,0.172465
50.52,0.793278,0.55694,-0.128789,-0.209622,0.00148857,0.00372815,-0.00185809,-1.09049,-6.53073,0.590721,0.0157246,0.0284278,0.000720639,47.6209,0.48329,-0.0307331,-0.0266205
50.54,0.793232,0.556937,-0.128896,-0.20974,0.00833694,-0.00367462,0.00135881,-1.09061,-6.53115,0.590616,0.0163068,0.0282714,0.000831332,47.3055,0.45225,-0.135121,0.132434
50.56,0.793202,0.556933,-0.128962,-0.209823,0.00253301,-0.00776612,0.00386613,-1.09066,-6.53135,0.590553,0.0163507,0.027946,0.000729192,45.5378,0.46606,-0.0706118,0.0483364
50.58,0.793187,0.556922,-0.129008,-0.209879,0.00204962,-0.00367374,-0.00264981,-1.09066,-6.53146,0.590492,0.0164396,0.0282131,0.000481168,48.9286,0.480881,-0.0505085,0.000261598
50.6,0.793186,0.556909,-0.129025,-0.209906,-0.00380575,0.00840224,0.00143126,-1.09065,-6.53149,0.590465,0.0166409,0.0280285,0.00120789,48.4464,0.471857,-0.108978,0.0944263
50.62,0.793142,0.556894,-0.129124,-0.210052,-0.00638523,0.00489885,-0.00486339,-1.09073,-6.53169,0.590269,0.0157502,0.0289026,0.000346541,50.7934,0.469724,-0.0646332,0.0263337
50.64,0.793143,0.556878,-0.129147,-0.210076,0.00367424,-0.00328687,0.00754388,-1.09075,-6.53172,0.590215,0.0147592,0.0281614,-0.000357301,50.236,0.47561,-0.0994352,0.0961822
50.66,0.793114,0.556858,-0.129204,-0.210204,-0.00443079,-0.000534327,-0.0028614,-1.09073,-6.53163,0.590055,0.0157635,0.0287693,-0.000691561,47.9101,0.46738,-0.107342,0.0864125
50.68,0.793109,0.556829,-0.129223,-0.210289,0.000571002,-0.00358064,-0.00583761,-1.09069,-6.5315,0.589951,0.0162541,0.0291646,-0.00111978,47.1227,0.430658,-0.219697,0.306154
50.7,0.793115,0.55678,-0.129233,-0.210389,-0.00758791,0.00459891,9.51514e-05,-1.09059,-6.53123,0.589792,0.0162652,0.0298198,-0.00132943,51.0526,0.475058,-0.0852987,0.0759734
50.72,0.793112,0.556747,-0.12925,-0.210476,-0.00441022,0.0100601,-0.000781524,-1.09064,-6.53117,0.589643,0.0160607,0.02951,-0.0015949,48.9369,0.484653,-0.0266802,-0.0530491
50.74,0.793111,0.55673,-0.12926,-0.210521,0.00715152,-0.00174849,-0.00134955,-1.09066,-6.53111,0.589569,0.0155028,0.0294756,-0.00234131,46.3395,0.454266,-0.192206,0.233999
50.76,0.7931,0.556681,-0.129313,-0.210656,-0.0106296,-0.000443608,0.00239125,-1.09061,-6.53077,0.589365,0.0171484,0.030317,-0.00175145,48.5691,0.465462,-0.117002,0.100286
50.78,0.793094,0.556676,-0.129311,-0.210694,0.00931199,-0.000757818,0.000809074,-1.09059,-6.53063,0.589303,0.0163287,0.0298097,-0.0014691,47.7273,0.478725,-0.109373,0.0834355
50.8,0.793057,0.556665,-0.129381,-0.210821,-0.00356928,0.00653873,-0.000891985,-1.09044,-6.52993,0.589063,0.017958,0.0306619,-0.000739807,47.5769,0.458104,-0.168003,0.16628
50.82,0.793029,0.556675,-0.129441,-0.210864,0.00563735,-0.00907268,0.00292895,-1.09042,-6.52974,0.588995,0.0188415,0.0309953,-0.00103345,49.6294,0.471079,-0.0591593,0.0232548
50.84,0.792993,0.556674,-0.129525,-0.210949,-0.00447267,0.00541677,0.00376289,-1.09028,-6.52903,0.588815,0.0193898,0.0319682,-0.000116994,47.4326,0.455864,-0.0955031,0.110729
50.86,0.792961,0.556672,-0.129618,-0.211016,-0.00553007,-0.00134476,0.00455296,-1.09012,-6.52843,0.588709,0.0204071,0.032987,-3.83169e-05,46.8111,0.451222,-0.182748,0.212155
50.88,0.792924,0.556674,-0.129695,-0.211106,0.00562346,-0.00291572,-0.00331978,-1.08984,-6.52747,0.588572,0.0203239,0.0333695,-0.000289727,50.3911,0.467279,-0.0691852,0.0509783
50.9,0.7929,0.556677,-0.129767,-0.211142,0.000202119,-0.00175112,0.00593207,-1.08968,-6.52675,0.588458,0.0204667,0.0339767,-0.000272426,49.1343,0.463684,-0.12141,0.122505
50.92,0.792859,0.556692,-0.129844,-0.21121,0.00275357,0.000273701,0.00244276,-1.0896,-6.52612,0.588327,0.020871,0.0342357,-0.000557946,49.7729,0.472656,-0.058366,0.00518492
50.94,0.792836,0.556692,-0.129907,-0.211255,-0.00397179,0.00465435,0.00265349,-1.08949,-6.52542,0.588201,0.0206455,0.0351398,-0.000374017,47.5409,0.458546,-0.0676316,0.0224576
50.96,0.79281,0.556702,-0.129957,-0.211298,0.0044173,-0.0138894,0.00240293,-1.08942,-6.52506,0.588141,0.0213422,0.0354621,-0.000591297,48.5524,0.481737,-0.0687174,0.0353274
50.98,0.792794,0.556672,-0.130048,-0.21138,-0.0021559,0.00396025,-0.0014314,-1.08914,-6.52383,0.587973,0.0226897,0.0361679,-0.000724446,49.0812,0.431447,-0.205507,0.274787
51,0.792763,0.556671,-0.13012,-0.211455,0.0103962,-0.00674627,-0.00267666,-1.08882,-6.52255,0.587814,0.0214256,0.0361535,-0.000861504,50.014,0.457599,-0.0783067,0.0651382
51.02,0.792758,0.55665,-0.130165,-0.211503,-0.00569259,0.00529768,0.00542484,-1.08867,-6.52155,0.587673,0.021496,0.0370194,-0.00119878,45.8106,0.465518,-0.130384,0.183302
51.04,0.792736,0.556639,-0.130205,-0.211589,-0.0034952,0.00505575,-0.00785399,-1.08849,-6.52048,0.587528,0.0212358,0.0380221,-0.00156316,47.8882,0.465175,-0.0937949,0.0616266
51.06,0.792715,0.556629,-0.130256,-0.211659,-0.00902697,0.00649636,0.00415892,-1.08831,-6.51939,0.58739,0.0211661,0.0386454,-0.00153368,49.2841,0.440107,-0.181197,0.221782
51.08,0.79268,0.55662,-0.130321,-0.211778,0.00388845,-0.00952978,-0.00198355,-1.08798,-6.51769,0.587189,0.0217626,0.0398929,-0.00234585,52.3153,0.465909,-0.12778,0.136428
51.1,0.792658,0.556618,-0.130359,-0.211839,0.00541105,-0.00304495,-0.000373195,-1.08772,-6.51642,0.587026,0.0211483,0.0409149,-0.00240539,48.8921,0.446527,-0.131679,0.163813
51.12,0.792646,0.556615,-0.130378,-0.211882,-0.000234627,0.00878335,-0.000624683,-1.08755,-6.51568,0.586924,0.0223758,0.0423853,-0.00241355,47.1217,0.456574,-0.126264,0.158761
51.14,0.792642,0.556581,-0.130424,-0.211958,-0.00342399,-0.00398611,0.000416643,-1.08733,-6.51444,0.586732,0.0219406,0.0433487,-0.00266456,49.0428,0.468823,-0.132177,0.128878
51.16,0.792617,0.556535,-0.130484,-0.212135,0.00838282,-0.00912287,-0.00245965,-1.08683,-6.51186,0.586372,0.0222631,0.0444329,-0.00292312,48.661,0.455745,-0.141613,0.151726
51.18,0.792627,0.556511,-0.130457,-0.212178,-0.0064374,0.0127155,-0.00940015,-1.08668,-6.51119,0.586288,0.0217091,0.0446794,-0.00239538,44.6991,0.434575,-0.167834,0.217166
51.2,0.792581,0.556522,-0.130507,-0.212288,0.00422504,-0.00830877,-0.00509412,-1.08621,-6.50914,0.586042,0.0223324,0.0460142,-0.00281134,45.9286,0.453132,-0.191177,0.221384
51.22,0.792559,0.556501,-0.130556,-0.212394,-0.00627217,0.0068393,-0.000943682,-1.08574,-6.50697,0.585776,0.0234809,0.0481994,-0.0026371,50.7271,0.462063,-0.144021,0.169802
51.24,0.792533,0.556494,-0.13062,-0.212473,9.84e-05,0.00230319,0.00236572,-1.08545,-6.50554,0.585595,0.0236111,0.0489645,-0.00286746,49.3404,0.474407,-0.10946,0.0690412
51.26,0.792521,0.556495,-0.130633,-0.212504,0.00827515,-0.00324819,-0.000415527,-1.08529,-6.50481,0.585509,0.0227581,0.0486085,-0.00292223,51.7814,0.466381,-0.13206,0.120381
51.28,0.792475,0.556496,-0.130727,-0.212617,-0.00196253,-0.00621711,0.00430366,-1.08478,-6.50257,0.585259,0.0246894,0.0513438,-0.00314991,46.9119,0.462471,-0.112027,0.122603
51.3,0.792474,0.556481,-0.130738,-0.212651,-0.00844397,0.00205983,-0.00475506,-1.08459,-6.50179,0.585181,0.024285,0.0516312,-0.00272364,46.9122,0.46677,-0.034056,-0.0194846
51.32,0.792396,0.55652,-0.130858,-0.21277,0.00125939,0.000950295,0.000152132,-1.08385,-6.49879,0.584844,0.0254352,0.0543711,-0.00248807,49.9472,0.427207,-0.230169,0.336315
51.34,0.792386,0.556514,-0.130903,-0.212796,0.00761926,-0.0104435,0.00779478,-1.0837,-6.49813,0.584755,0.0242076,0.0540592,-0.00314236,45.7397,0.443636,-0.163399,0.227628
51.36,0.792354,0.556521,-0.130971,-0.212852,0.00737193,-0.0115761,0.00545282,-1.08338,-6.49679,0.58458,0.0244884,0.0543973,-0.00319728,49.0563,0.465126,-0.133489,0.12803
51.38,0.792311,0.556534,-0.13105,-0.212928,0.00484983,-0.00244391,-0.00272257,-1.08284,-6.49471,0.58432,0.026635,0.0568636,-0.0036303,50.2177,0.445547,-0.159478,0.188609
51.4,0.79229,0.556533,-0.131103,-0.212979,0.0104767,-0.00683871,0.00186666,-1.08244,-6.49327,0.584154,0.0269857,0.0575649,-0.00334905,48.8141,0.467469,-0.116399,0.140518
51.42,0.792275,0.556511,-0.131152,-0.21306,0.00100035,0.0123595,-0.00528221,-1.08191,-6.49124,0.58389,0.0266846,0.0581137,-0.0035366,50.6178,0.443302,-0.166307,0.202763
51.44,0.792254,0.5565,-0.131209,-0.213133,-0.00357525,0.00417999,-0.00159881,-1.08152,-6.48982,0.583704,0.0278219,0.0590963,-0.00336736,46.8511,0.463154,-0.0852612,0.0778098
51.46,0.792225,0.5565,-0.131258,-0.213212,-0.00565305,-0.0028665,-0.000928334,-1.08115,-6.48846,0.583532,0.0279053,0.0594136,-0.00351518,48.4519,0.463079,-0.147713,0.182002
51.48,0.792208,0.556508,-0.131278,-0.213239,0.0115282,-0.00362947,-0.0010661,-1.08096,-6.48777,0.58345,0.0266392,0.0586043,-0.00389973,47.4134,0.481914,-0.0700296,0.051874
51.5,0.792184,0.556476,-0.131341,-0.213374,0.00441892,0.00562069,-0.00314418,-1.08016,-6.48505,0.583106,0.0270685,0.0597654,-0.00444969,49.1918,0.4262,-0.189654,0.270918
51.52,0.792158,0.556482,-0.131392,-0.213426,0.0037504,-0.0096994,0.0022066,-1.07998,-6.48444,0.583004,0.0281379,0.0607761,-0.0046538,44.9053,0.461182,-0.0907316,0.0822732
51.54,0.792166,0.556421,-0.131434,-0.213527,0.00189457,0.00776296,0.000509922,-1.07942,-6.48263,0.582702,0.0288611,0.0620547,-0.00468265,49.2416,0.458471,-0.115423,0.106251
51.56,0.792142,0.556414,-0.13147,-0.21361,-0.0079969,0.00687038,-0.00068114,-1.07907,-6.48149,0.582511,0.029489,0.0625488,-0.00478359,48.328,0.486261,-0.0482639,-0.0213907
51.58,0.792116,0.556412,-0.131514,-0.213686,-0.00742293,0.00463552,-0.00181967,-1.07869,-6.48031,0.582329,0.0300139,0.0632131,-0.00476938,48.4766,0.428811,-0.208862,0.325535
51.6,0.792126,0.556357,-0.13157,-0.213755,0.00417753,0.00199018,-0.00528605,-1.07806,-6.47846,0.582074,0.0296589,0.0632804,-0.00498661,49.4345,0.473718,-0.05217,-0.0117893
51.62,0.792097,0.556376,-0.13161,-0.213792,0.00686127,0.00222116,-0.00318849,-1.07787,-6.47793,0.581976,0.030958,0.0641207,-0.00471788,48.0142,0.448743,-0.174233,0.25843
51.64,0.792059,0.556381,-0.131701,-0.213865,0.0106502,-0.0130378,0.00108323,-1.07748,-6.47683,0.581791,0.0313069,0.0650243,-0.00454547,49.969,0.454206,-0.150133,0.173756
51.66,0.792035,0.556379,-0.131768,-0.213916,0.00686255,-0.00649989,-0.00315068,-1.07702,-6.47558,0.581609,0.0312219,0.0653813,-0.00464595,49.4668,0.453666,-0.196831,0.225881
51.68,0.791968,0.556424,-0.131967,-0.213926,0.018077,-0.0119421,0.00728052,-1.07608,-6.47315,0.581304,0.0328436,0.0661617,-0.00375319,45.6483,0.438898,-0.166653,0.219081
51.7,0.791919,0.55646,-0.132075,-0.213948,0.0126254,-0.0119158,0.00679405,-1.07557,-6.47198,0.581156,0.0341237,0.0673584,-0.00392893,49.628,0.468651,-0.116488,0.100343
51.72,0.791868,0.556496,-0.132196,-0.213967,0.01939,-0.00644045,0.00495192,-1.07504,-6.4709,0.581006,0.0346021,0.0680013,-0.00377652,48.9581,0.464067,-0.0821404,0.0305485
51.74,0.791834,0.556527,-0.132273,-0.213963,0.0112337,0.00262792,0.00764416,-1.07477,-6.47033,0.580931,0.0357765,0.0694539,-0.00343676,48.4949,0.463448,-0.0808294,0.0730111
51.76,0.791723,0.556614,-0.132553,-0.213974,0.018608,-0.0141035,0.0095872,-1.07375,-6.46821,0.580656,0.0346777,0.0691664,-0.00381165,50.2605,0.466575,-0.0714841,0.0413546
51.78,0.791684,0.556636,-0.132664,-0.213993,0.0193837,-0.0104389,0.00825607,-1.07323,-6.46714,0.580534,0.0349575,0.0693529,-0.00376191,48.2361,0.466118,-0.0499582,0.00259288
51.8,0.791625,0.55669,-0.132798,-0.213987,0.0197983,-0.0116984,0.0126241,-1.07269,-6.46612,0.580406,0.0357247,0.069733,-0.00380726,46.7698,0.460129,-0.124253,0.152732
51.82,0.79161,0.556698,-0.13286,-0.213985,0.0101607,0.000186262,0.0134056,-1.07241,-6.46564,0.580339,0.0370293,0.0706913,-0.00298284,45.2114,0.475868,-0.026229,-0.0518406
51.84,0.791523,0.556769,-0.133059,-0.213997,0.0212702,-0.000140046,0.00532527,-1.07155,-6.46411,0.580148,0.036369,0.0708096,-0.00370067,48.4961,0.463882,-0.0818406,0.0602275
51.86,0.791414,0.556865,-0.133295,-0.214005,0.0206036,-0.00352132,0.0065834,-1.07057,-6.46237,0.579958,0.0373051,0.0718339,-0.00390457,49.6247,0.438346,-0.215985,0.288635
51.88,0.791404,0.556871,-0.133327,-0.214008,0.00486555,0.00223701,0.00275288,-1.07026,-6.4618,0.579897,0.0374601,0.0719554,-0.00368805,47.2947,0.46206,-0.0460014,0.0173795
51.9,0.791323,0.55692,-0.133546,-0.214042,0.0159892,-0.00815258,0.00612309,-1.0693,-6.46004,0.579704,0.0367857,0.0718045,-0.00492775,46.6548,0.464023,-0.112667,0.123164
51.92,0.791322,0.556915,-0.133567,-0.214046,-0.00490027,0.00727873,0.00338657,-1.06898,-6.45943,0.579639,0.0368053,0.0720696,-0.00463647,49.3035,0.454779,-0.143781,0.177849
51.94,0.791271,0.556903,-0.133697,-0.214184,-0.0118944,0.00196416,-0.00778638,-1.06784,-6.45756,0.579315,0.0361756,0.0714688,-0.00612013,49.814,0.432222,-0.18636,0.290419
51.96,0.791262,0.556899,-0.133703,-0.21422,0.00641913,1.37811e-05,-0.00771784,-1.06759,-6.45714,0.579229,0.0347301,0.0709153,-0.00735381,44.7042,0.437646,-0.17687,0.226982
51.98,0.791265,0.556834,-0.133684,-0.214392,-0.0109451,-0.000540714,-0.00876723,-1.0668,-6.45571,0.578942,0.0332086,0.0706711,-0.00853676,50.0531,0.457979,-0.147424,0.14758
52,0.791297,0.556743,-0.133603,-0.214563,-0.0100238,-0.00305705,-0.02024,-1.06631,-6.45478,0.578742,0.0316803,0.0699861,-0.00965587,50.1349,0.486987,-0.0940354,0.0640787
52.02,0.791355,0.556622,-0.133481,-0.214739,-0.0123101,-0.00224357,-0.0219162,-1.06586,-6.45395,0.578534,0.0297412,0.0691735,-0.0101488,45.0873,0.476986,-0.0851454,0.03278
52.04,0.791485,0.556381,-0.133262,-0.215018,-0.0324219,0.0124843,-0.0196999,-1.06519,-6.45283,0.578242,0.031293,0.0694494,-0.00903397,48.8793,0.465245,-0.119336,0.128663
52.06,0.791515,0.556316,-0.133213,-0.215109,-0.0138033,-0.00540722,-0.018998,-1.06495,-6.45242,0.578149,0.0318705,0.069794,-0.00967441,45.9155,0.473184,-0.119433,0.152151
52.08,0.791601,0.556132,-0.13311,-0.215327,-0.00796314,0.000753988,-0.0213954,-1.06408,-6.45099,0.577888,0.0367383,0.0723771,-0.00745907,48.4943,0.475657,-0.135994,0.142615
52.1,0.79163,0.556084,-0.13308,-0.215364,-0.00666682,0.00636553,-0.00611908,-1.06377,-6.45051,0.577821,0.0372444,0.0724336,-0.00638531,47.2036,0.46168,-0.132613,0.152018
52.12,0.79159,0.556077,-0.133188,-0.215465,0.00349468,0.0110573,0.00405718,-1.06253,-6.44877,0.577641,0.04213,0.073453,-0.00434867,51.9153,0.472546,-0.0425991,0.00434328
52.14,0.791556,0.556104,-0.133277,-0.215462,0.0158279,-0.00618572,0.0135565,-1.06222,-6.44837,0.577617,0.0432152,0.0742853,-0.00429597,46.3855,0.43214,-0.214851,0.332903
52.16,0.791502,0.556149,-0.133426,-0.215453,0.0160387,-0.014701,0.0117497,-1.06161,-6.44762,0.57759,0.0447671,0.0752721,-0.00351809,47.0556,0.458449,-0.104599,0.104509
52.18,0.791352,0.556303,-0.133763,-0.215397,0.0225948,-0.00678314,0.0120165,-1.06035,-6.44605,0.577548,0.0451607,0.0752003,-0.00471228,48.7636,0.480399,-0.0647125,0.0116091
52.2,0.791274,0.556376,-0.133936,-0.215387,0.0166592,-0.00585043,0.013625,-1.05976,-6.44536,0.577544,0.0447645,0.0745467,-0.00493787,49.6767,0.463032,-0.0848255,0.0581633
52.22,0.791252,0.556386,-0.134021,-0.215392,0.00572643,-0.00534967,0.00954521,-1.05948,-6.44506,0.577557,0.0463535,0.0749289,-0.00418423,48.8903,0.438605,-0.162505,0.245936
52.24,0.791198,0.556421,-0.134167,-0.215409,0.0105508,0.00261013,-0.000453434,-1.05856,-6.44396,0.577573,0.043347,0.0760927,-0.00682062,44.5544,0.47385,-0.105568,0.0926884
52.26,0.791166,0.55643,-0.134166,-0.215506,-0.0102353,0.0100701,-0.0157433,-1.05804,-6.44321,0.577523,0.0390346,0.0754074,-0.00951323,49.9565,0.459005,-0.153484,0.190678
52.28,0.791141,0.556429,-0.134163,-0.215598,0.00136595,-0.00699223,-0.0186746,-1.0578,-6.44283,0.577483,0.0368676,0.0734375,-0.0103135,48.6486,0.479564,-0.0437283,0.016033
52.3,0.791279,0.556161,-0.133963,-0.215909,-0.0180763,0.00642668,-0.0158138,-1.05684,-6.44127,0.577339,0.0354201,0.0712175,-0.0104782,48.0413,0.467575,-0.123357,0.136791
52.32,0.791352,0.556022,-0.133802,-0.216097,-0.0202889,0.00755606,-0.0162566,-1.0565,-6.44069,0.577286,0.0352011,0.0730824,-0.0111267,49.1762,0.478731,-0.0921091,0.0657278
52.34,0.791376,0.555944,-0.133761,-0.216235,-0.0064612,0.00319376,-0.00896863,-1.05602,-6.43992,0.577247,0.040774,0.0732154,-0.00690061,49.3377,0.473043,-0.0780661,0.0419971
52.36,0.791358,0.555924,-0.133849,-0.2163,0.00589605,0.00765409,0.00643976,-1.05554,-6.4393,0.577281,0.0454411,0.0749597,-0.00439174,46.2718,0.469698,-0.0623265,0.0394953
52.38,0.791235,0.55606,-0.133988,-0.216313,0.0306881,-0.00754495,-0.0014029,-1.0548,-6.4383,0.577335,0.045344,0.0786965,-0.006589,48.4462,0.461842,-0.120625,0.123913
52.4,0.791207,0.556085,-0.134009,-0.216339,0.00806253,0.00615468,-0.00286426,-1.05454,-6.43793,0.577337,0.0439504,0.0777358,-0.00707368,49.7017,0.483652,-0.0762384,0.051624
52.42,0.791153,0.556092,-0.134004,-0.21652,-0.0216162,0.00133272,-0.0230831,-1.05424,-6.43746,0.577343,0.0377851,0.0723898,-0.00873631,47.0771,0.479324,-0.0801408,0.00493558
52.44,0.791332,0.555763,-0.133675,-0.216914,-0.0485007,0.0186022,-0.0405935,-1.05389,-6.43665,0.577244,0.0282011,0.0682838,-0.0130394,49.0306,0.461078,-0.0939596,0.0745036
52.46,0.791434,0.555588,-0.133513,-0.21709,-0.0599163,0.0075084,-0.0413521,-1.05382,-6.43639,0.577186,0.0280994,0.0685249,-0.0152189,48.825,0.464152,-0.170713,0.232235
52.48,0.791741,0.555082,-0.132768,-0.21772,-0.0605973,0.0197485,-0.0571751,-1.05366,-6.43555,0.576937,0.0213621,0.0672147,-0.0185092,46.9272,0.478759,-0.0647715,0.062576
52.5,0.791919,0.554741,-0.13234,-0.218204,-0.065983,0.0151571,-0.0520338,-1.05358,-6.43494,0.576748,0.0231432,0.0666283,-0.0164726,49.7177,0.475764,-0.132556,0.128046
52.52,0.792299,0.554169,-0.131631,-0.218709,-0.0506893,0.0128116,-0.0392131,-1.05352,-6.43425,0.576567,0.0279837,0.0684246,-0.0142158,45.0436,0.479003,-0.0328062,0.000123144
52.54,0.792438,0.553922,-0.131284,-0.219037,-0.0259207,0.00328768,-0.0381675,-1.05337,-6.43366,0.576463,0.0302506,0.0706405,-0.0135605,48.0074,0.476015,-0.0889397,0.0464654
52.56,0.7925,0.553704,-0.130995,-0.219535,-0.0270812,0.00715446,-0.0301608,-1.05301,-6.43262,0.576333,0.0362239,0.0721004,-0.0102292,49.8033,0.48226,0.0330118,-0.120011
52.58,0.792562,0.553614,-0.130847,-0.219629,-0.0290134,0.0133903,-0.0306587,-1.0529,-6.43234,0.576314,0.0354258,0.0713018,-0.00934967,49.2873,0.468334,-0.070619,0.0478234
52.6,0.792721,0.553342,-0.130591,-0.219893,-0.0235086,0.00290788,-0.0227319,-1.0526,-6.43154,0.576267,0.0380798,0.0717285,-0.00873002,47.8339,0.461271,-0.143454,0.204495
52.62,0.792759,0.553267,-0.130541,-0.219974,-0.0189069,0.00762588,-0.0149703,-1.0525,-6.4313,0.576259,0.0389824,0.0719079,-0.00787869,45.8217,0.466883,-0.150912,0.147459
52.64,0.79279,0.553174,-0.130476,-0.220134,-0.0176799,0.00861669,-0.00619131,-1.05227,-6.43075,0.576248,0.0411416,0.0732001,-0.00688393,50.5393,0.470175,-0.0293299,-0.0252122
52.66,0.792808,0.553079,-0.130503,-0.22029,-0.00752131,-0.00328215,0.00396976,-1.05154,-6.42931,0.576279,0.0463824,0.0760695,-0.00411539,46.6814,0.471496,-0.0559498,0.00704396
52.68,0.79274,0.553127,-0.130622,-0.220345,0.0120191,-0.00402127,0.00135772,-1.05111,-6.42853,0.576322,0.0477364,0.0771322,-0.00391045,47.7644,0.459394,-0.0982092,0.123411
52.7,0.792652,0.553204,-0.130721,-0.22041,0.0156885,-0.0064303,-0.00375388,-1.05065,-6.42768,0.576359,0.0466799,0.0780073,-0.00452916,47.3974,0.461412,-0.139669,0.213063
52.72,0.792683,0.553135,-0.130759,-0.220447,-0.0152811,0.010949,0.00628488,-1.05014,-6.42653,0.57642,0.0446946,0.0752835,-0.00323532,51.4737,0.475411,-0.0842749,0.0500507
52.74,0.792703,0.553077,-0.130831,-0.22048,-0.00957898,0.00382168,0.0027336,-1.04982,-6.42576,0.576482,0.046438,0.0769085,-0.00268629,48.0101,0.476103,-0.0513736,0.0182709
52.76,0.792672,0.553106,-0.130868,-0.220494,0.0187624,-0.0055137,9.70663e-05,-1.04964,-6.42535,0.576511,0.0467945,0.0787354,-0.00309357,48.6103,0.426045,-0.204358,0.307065
52.78,0.792594,0.553155,-0.130943,-0.22061,0.00287413,0.000156703,-0.00809686,-1.04903,-6.42386,0.576566,0.0442366,0.079489,-0.00400739,47.8938,0.45873,-0.073509,0.0262914
52.8,0.792573,0.553135,-0.130929,-0.220744,-0.020555,0.00249937,-0.00874099,-1.04868,-6.42292,0.576588,0.0417725,0.076934,-0.00462638,48.0813,0.46295,-0.0504305,-0.00253269
52.82,0.79264,0.553012,-0.130872,-0.220846,-0.0129839,0.0140512,-0.0103234,-1.04842,-6.4221,0.576602,0.0413538,0.0766783,-0.00491247,46.5133,0.451636,-0.134437,0.169906
52.84,0.792749,0.55284,-0.13073,-0.220965,-0.0157966,0.00155585,-0.00499107,-1.04824,-6.42134,0.5766,0.0401597,0.0786647,-0.00590008,45.9975,0.444376,-0.184742,0.26425
52.86,0.792764,0.552735,-0.130577,-0.221267,-0.0106748,0.0060557,-0.0207698,-1.04792,-6.42005,0.576565,0.0385299,0.078476,-0.0060514,49.1891,0.493577,-0.0619768,0.0671327
52.88,0.792755,0.552714,-0.130531,-0.221377,-0.00403175,-0.00133243,-0.0214113,-1.0478,-6.4196,0.576552,0.0389379,0.079036,-0.00634325,50.0168,0.480968,-0.102802,0.107038
52.9,0.792837,0.552548,-0.130337,-0.221615,-0.0245168,0.0181753,-0.0173156,-1.04733,-6.41803,0.576515,0.0402806,0.0806124,-0.00532181,46.7244,0.452616,-0.154156,0.193805
52.92,0.792912,0.552391,-0.130115,-0.221866,-0.00775907,-0.00295594,-0.02191,-1.04705,-6.41672,0.576497,0.0381908,0.0804172,-0.00639344,49.5638,0.481212,-0.109844,0.126561
52.94,0.79292,0.552333,-0.130103,-0.22199,-0.0163589,-0.00832919,-0.0188363,-1.04698,-6.41631,0.576489,0.0389713,0.0806773,-0.00594788,46.1765,0.475655,-0.0797774,0.0391129
52.96,0.792999,0.552143,-0.129908,-0.222294,-0.0256754,0.0200407,-0.024097,-1.04671,-6.41499,0.576474,0.0378655,0.0801108,-0.00534674,50.5314,0.448027,-0.108121,0.138914
52.98,0.793075,0.552011,-0.129774,-0.222429,-0.0228407,0.0199673,-0.015368,-1.04641,-6.41391,0.576465,0.040278,0.0815935,-0.00435382,46.4199,0.4639,-0.117412,0.122439
53,0.793112,0.551921,-0.129686,-0.22257,-0.0188331,0.0135631,-0.0109343,-1.04613,-6.4129,0.576473,0.0420201,0.0827907,-0.00337391,47.4752,0.456183,-0.137254,0.16019
53.02,0.793096,0.551871,-0.129691,-0.222751,0.00343453,-0.00524974,-0.0012651,-1.04587,-6.41172,0.576562,0.0436193,0.0834996,-0.00227166,47.2187,0.452467,-0.147279,0.189851
53.04,0.793071,0.551866,-0.129735,-0.222825,0.00767233,-0.00661584,0.00792671,-1.04561,-6.41084,0.576643,0.0457135,0.0840557,-0.000667435,50.5564,0.469253,-0.0783962,0.0756755
53.06,0.793059,0.551867,-0.129809,-0.222824,0.00804729,0.00774256,0.00307712,-1.04527,-6.4099,0.576746,0.0472049,0.0844138,0.000253376,46.5411,0.455176,-0.156516,0.15959
53.08,0.792979,0.55191,-0.129856,-0.222972,0.00242796,-0.0090539,-0.0160334,-1.04475,-6.40837,0.576858,0.0425341,0.0855384,-0.00326727,50.1509,0.487949,-0.0275082,-0.0205089
53.1,0.792986,0.551874,-0.129806,-0.223066,-0.0163529,0.0110478,-0.0175153,-1.04455,-6.40772,0.576863,0.0390516,0.0843934,-0.00419214,48.1763,0.46124,-0.133796,0.160689
53.12,0.793122,0.55161,-0.129583,-0.223367,-0.0283923,0.00496592,-0.0161939,-1.04437,-6.40669,0.576972,0.0363037,0.0800842,-0.00411437,48.8335,0.483701,-0.0685138,0.0618673
53.14,0.793246,0.551418,-0.129406,-0.223504,-0.0196526,0.0119339,-0.013098,-1.04419,-6.40592,0.577051,0.0388586,0.0828273,-0.00329258,47.3031,0.438371,-0.140675,0.20088
53.16,0.793274,0.551356,-0.129375,-0.223573,-0.0166018,0.00474376,-0.00689069,-1.04406,-6.4055,0.577095,0.0420697,0.0852412,-0.0020496,45.3905,0.468562,-0.0693333,0.0234257
53.18,0.793163,0.551381,-0.129505,-0.223828,0.0176563,-0.0143023,7.41504e-05,-1.04333,-6.40358,0.577335,0.0485138,0.0875758,0.00176675,47.8147,0.465973,-0.130954,0.165526
53.2,0.793138,0.551406,-0.129609,-0.223797,0.0176069,-0.0073139,0.0196743,-1.04285,-6.40263,0.577541,0.0496111,0.0874906,0.00303642,48.2175,0.457078,-0.122067,0.151059
53.22,0.793133,0.551412,-0.129724,-0.223733,0.0112143,-0.00381299,0.0138839,-1.04245,-6.40196,0.577789,0.0508508,0.0878738,0.00342349,51.8747,0.420547,-0.193994,0.300713
53.24,0.793122,0.551415,-0.129817,-0.223712,0.01284,-0.00414786,0.0210594,-1.04222,-6.4016,0.577913,0.0521578,0.0880828,0.00428297,48.7134,0.435607,-0.162292,0.223964
53.26,0.792968,0.551561,-0.130177,-0.223686,0.0311916,-0.0215487,0.0163102,-1.04149,-6.40042,0.578277,0.0516609,0.0882843,0.00361689,47.0016,0.456284,-0.137643,0.192813
53.28,0.792906,0.55163,-0.130373,-0.223625,0.0175772,-0.00865731,0.0141296,-1.04097,-6.39955,0.578509,0.0514481,0.0887219,0.0034993,46.9518,0.457267,-0.134452,0.157998
53.3,0.792832,0.551714,-0.13062,-0.223533,0.0147585,-0.00842433,0.00984845,-1.04022,-6.39842,0.578846,0.0513843,0.0887326,0.00408801,44.8707,0.45413,-0.114886,0.13155
53.32,0.792766,0.551766,-0.13077,-0.223552,0.0143137,-0.012274,0.00810163,-1.03973,-6.39785,0.57907,0.0491042,0.0879559,0.00266426,50.2901,0.450567,-0.103114,0.101177
53.34,0.792704,0.551811,-0.130879,-0.223596,0.0113507,-0.00962133,0.00347758,-1.03931,-6.39734,0.579264,0.0476674,0.0873471,0.00222338,47.6654,0.466791,-0.0714546,0.0548617
53.36,0.792678,0.5518,-0.130988,-0.223653,-0.00484056,0.0011439,0.0060938,-1.03862,-6.39641,0.579552,0.0475199,0.0876601,0.00344701,49.0848,0.478175,-0.0708894,0.0557857
53.38,0.792671,0.551802,-0.131003,-0.223663,0.00921504,-0.00305127,0.00384437,-1.03839,-6.39608,0.579648,0.0466957,0.0872432,0.00274092,47.8669,0.427276,-0.216986,0.300495
53.4,0.79264,0.551804,-0.13115,-0.223683,0.0046627,-0.00630102,0.0107074,-1.03769,-6.39527,0.579937,0.0492639,0.0884867,0.00408527,50.9789,0.480942,-0.0866914,0.067939
53.42,0.792637,0.551795,-0.13118,-0.223698,0.00922826,0.00234148,0.00465508,-1.03747,-6.39516,0.580043,0.0482747,0.0873138,0.00405597,48.4394,0.42281,-0.1994,0.300199
53.44,0.792548,0.551862,-0.131506,-0.223655,0.00929687,0.00396472,0.0141366,-1.03648,-6.39453,0.580485,0.0504194,0.0865665,0.00616534,49.2599,0.448997,-0.15577,0.235586
53.46,0.792512,0.551901,-0.131616,-0.223622,0.0230091,-0.00452523,0.0187411,-1.03613,-6.39421,0.580612,0.0508299,0.0866647,0.00623955,45.8447,0.398444,-0.239843,0.334787
53.48,0.792402,0.552017,-0.13191,-0.223554,0.017974,0.00146143,0.0162952,-1.03524,-6.39349,0.58097,0.0529376,0.087385,0.00713416,47.8852,0.453516,-0.167971,0.201468
53.5,0.792348,0.552072,-0.132031,-0.223538,0.0359241,-0.0113464,0.0118493,-1.03493,-6.39321,0.581085,0.0513982,0.0865725,0.00628742,49.4464,0.448789,-0.16852,0.229524
53.52,0.792253,0.552155,-0.132268,-0.22353,0.00636713,0.00190931,0.0114607,-1.03419,-6.39297,0.581349,0.0489208,0.0857097,0.00523021,46.2753,0.466337,-0.145264,0.166104
53.54,0.792244,0.552138,-0.132287,-0.223593,-0.00501382,0.00359018,-0.00124214,-1.03379,-6.39296,0.581475,0.0455371,0.0832473,0.00351762,47.4399,0.459111,-0.114174,0.129739
53.56,0.79231,0.551993,-0.132138,-0.223804,-0.0268926,0.016215,-0.0241556,-1.0332,-6.39272,0.581591,0.0388668,0.0807385,-0.000264395,49.7407,0.422344,-0.225689,0.315545
53.58,0.792381,0.551837,-0.131923,-0.224065,-0.032794,0.0189737,-0.0371088,-1.03289,-6.39257,0.581608,0.0355836,0.079111,-0.00209705,45.8365,0.464203,-0.121362,0.118101
53.6,0.792529,0.551575,-0.131614,-0.224367,-0.0525621,0.0205764,-0.0425908,-1.03261,-6.39237,0.581601,0.0335346,0.0778648,-0.00293901,50.6682,0.481097,-0.127925,0.135814
53.62,0.792697,0.551293,-0.13123,-0.224692,-0.0613557,0.022322,-0.0443001,-1.03249,-6.39246,0.581572,0.0325998,0.0775796,-0.00363668,45.6365,0.439369,-0.202096,0.269537
53.64,0.792851,0.551019,-0.130839,-0.225049,-0.0483947,0.0197361,-0.0432345,-1.03248,-6.39281,0.581535,0.0326812,0.0768914,-0.00334956,46.8312,0.470636,-0.137395,0.198992
53.66,0.792972,0.550779,-0.130536,-0.225387,-0.0319032,0.00415479,-0.0288302,-1.03241,-6.39308,0.581521,0.0358465,0.0767072,-0.000811886,48.6614,0.486754,-0.0935501,0.0741561
53.68,0.793072,0.550587,-0.130375,-0.225595,-0.0176062,0.00182405,-0.0134803,-1.03216,-6.39313,0.581571,0.0431726,0.077708,0.00338629,48.6796,0.42495,-0.215685,0.325968
53.7,0.793076,0.550564,-0.130512,-0.225558,0.0185297,0.00210709,0.0280904,-1.03147,-6.39313,0.581814,0.0591719,0.0821613,0.0120233,47.127,0.449556,-0.197069,0.233746
53.72,0.792926,0.550753,-0.130999,-0.22534,0.0468919,-0.0150979,0.0499536,-1.03105,-6.3937,0.58209,0.0701445,0.0843676,0.017583,46.6471,0.401904,-0.251635,0.393927
53.74,0.792488,0.551375,-0.132164,-0.224682,0.0975449,-0.0356734,0.0904214,-1.03019,-6.39454,0.582663,0.0803426,0.0868931,0.0229342,48.3867,0.464281,-0.121224,0.181397
53.76,0.792157,0.55187,-0.133083,-0.224087,0.107238,-0.0312225,0.095181,-1.02943,-6.39491,0.583107,0.0839077,0.0879334,0.0245828,48.7919,0.468081,-0.119911,0.159687
53.78,0.791764,0.552449,-0.134064,-0.223465,0.109622,-0.0307909,0.0972136,-1.02846,-6.39503,0.583602,0.0841599,0.0885712,0.0249857,51.3532,0.470692,-0.117997,0.151764
53.8,0.791376,0.553018,-0.135012,-0.222864,0.101758,-0.0256393,0.0997975,-1.02762,-6.39519,0.584044,0.081268,0.0869354,0.0236812,51.1096,0.435165,-0.188201,0.302617
53.82,0.791018,0.553522,-0.135878,-0.222355,0.090211,-0.0176117,0.0777494,-1.02708,-6.39606,0.584445,0.0769362,0.0835413,0.0217507,48.0254,0.443574,-0.170434,0.227727
53.84,0.790582,0.554115,-0.136942,-0.221775,0.0776399,-0.0300445,0.0583795,-1.02637,-6.39725,0.584952,0.0678661,0.079152,0.0161964,44.7245,0.456438,-0.120831,0.168348
53.86,0.790386,0.554377,-0.137455,-0.221499,0.0477035,-0.0242907,0.0424812,-1.02597,-6.39795,0.585222,0.0619339,0.0753172,0.0137287,49.2257,0.439923,-0.168216,0.258557
53.88,0.79016,0.554641,-0.13809,-0.22125,0.0406199,-0.0185311,0.0334037,-1.02536,-6.39879,0.585588,0.0575283,0.0728522,0.0118062,48.9385,0.425028,-0.199823,0.299309
53.9,0.790127,0.55469,-0.138235,-0.221157,0.033762,-0.0128855,0.0337781,-1.02519,-6.39907,0.585692,0.0556297,0.0717198,0.0112255,46.2534,0.428777,-0.199235,0.312774
53.92,0.789956,0.554885,-0.138679,-0.220999,0.0302324,-0.014871,0.0237281,-1.02491,-6.40095,0.585964,0.0542844,0.069983,0.00953676,49.0405,0.426119,-0.198468,0.296208
53.94,0.789839,0.555004,-0.138958,-0.220941,0.0385523,-0.0193201,0.020785,-1.02469,-6.40206,0.58613,0.0532643,0.0681413,0.00919203,49.5976,0.470964,-0.0605841,0.0617104
53.96,0.789685,0.555168,-0.139372,-0.220821,0.0285962,-0.00690328,0.0260481,-1.02429,-6.40355,0.586377,0.0538238,0.0663819,0.00963858,43.0279,0.465838,-0.11158,0.111972
53.98,0.789597,0.55527,-0.139617,-0.220724,0.0230279,-0.00143194,0.0182149,-1.02397,-6.40442,0.58654,0.0538136,0.0652095,0.00964209,47.9039,0.466772,-0.119599,0.136447
54,0.789559,0.555319,-0.139738,-0.220659,0.0336219,-0.0128813,0.0263751,-1.02372,-6.40473,0.586638,0.0527178,0.0643406,0.00948709,47.5053,0.466598,-0.0894238,0.0768936
54.02,0.789376,0.555502,-0.140193,-0.220564,0.0312995,-0.0176073,0.0209965,-1.02346,-6.40689,0.58688,0.0534308,0.0626733,0.00916483,49.2205,0.474831,-0.0924286,0.112673
54.04,0.789251,0.555648,-0.140467,-0.220469,0.0366981,-0.0116524,0.0241707,-1.02323,-6.40819,0.587034,0.0527951,0.0611001,0.00864282,49.9513,0.462285,-0.130758,0.173409
54.06,0.789136,0.555778,-0.140787,-0.220349,0.0130705,-0.00428006,0.017066,-1.02286,-6.40996,0.587239,0.0500397,0.0577379,0.00715427,50.6066,0.474069,-0.0968225,0.138152
54.08,0.789091,0.555822,-0.140873,-0.220346,0.0241054,-0.00942373,0.00701528,-1.02273,-6.41051,0.587292,0.0489389,0.0566823,0.00581408,49.1252,0.459015,-0.147174,0.188884
54.1,0.789071,0.555808,-0.140969,-0.220393,-0.0113692,0.00329886,-0.000217007,-1.02232,-6.41196,0.587395,0.043664,0.0532905,0.0025617,48.4066,0.461082,-0.105645,0.103617
54.12,0.789079,0.555774,-0.140935,-0.220468,-0.0076635,-0.00268188,-0.0145814,-1.02222,-6.41244,0.587411,0.0401702,0.0508039,0.00129941,47.8303,0.467265,-0.0742413,0.0907734
54.14,0.789188,0.55556,-0.140747,-0.220741,-0.0236938,0.00435087,-0.0230809,-1.02234,-6.41483,0.587401,0.0363041,0.0463921,-0.00133655,50.0712,0.464404,-0.145607,0.186913
54.16,0.789398,0.555197,-0.140377,-0.221138,-0.0392224,0.0199411,-0.0320618,-1.02246,-6.41702,0.587334,0.0313901,0.0433672,-0.00290769,48.1566,0.450733,-0.179066,0.219956
54.18,0.789527,0.554954,-0.140076,-0.221478,-0.0427487,0.0164412,-0.0407566,-1.02255,-6.41836,0.587267,0.03046,0.0420071,-0.00369673,47.7865,0.428119,-0.191165,0.252559
54.2,0.789678,0.554699,-0.139726,-0.221797,-0.0468068,0.0216743,-0.0391264,-1.02261,-6.41961,0.587185,0.0295731,0.0406009,-0.00453921,45.4468,0.464303,-0.124821,0.121328
54.22,0.789841,0.554409,-0.139369,-0.222168,-0.0545772,0.0172263,-0.0418797,-1.02287,-6.42134,0.587104,0.0299462,0.0390415,-0.00447743,46.6949,0.467454,-0.12142,0.127017
54.24,0.790103,0.55396,-0.138813,-0.222703,-0.039389,0.0146813,-0.0448736,-1.02324,-6.42382,0.586997,0.02888,0.0365656,-0.00477383,50.5278,0.48913,-0.0997686,0.0920933
54.26,0.79019,0.553802,-0.138665,-0.222878,-0.0548081,0.0096722,-0.0374887,-1.02334,-6.42459,0.586959,0.0303112,0.0371094,-0.00463845,47.2362,0.44648,-0.163985,0.202129
54.28,0.790429,0.553399,-0.138127,-0.223368,-0.0423854,0.0206477,-0.0420942,-1.02355,-6.42673,0.586859,0.029687,0.0356124,-0.00388126,46.6341,0.477331,-0.0874722,0.103223
54.3,0.790485,0.553283,-0.137987,-0.223542,-0.0351184,0.00604644,-0.0377599,-1.0236,-6.42739,0.586829,0.0313671,0.0355273,-0.00360858,48.6258,0.453206,-0.197662,0.243601
54.32,0.79073,0.552831,-0.137486,-0.224101,-0.0144771,-0.0043105,-0.0287418,-1.02404,-6.43065,0.586728,0.033077,0.0324259,-0.00197564,48.3846,0.456223,-0.145335,0.203271
54.34,0.79081,0.552669,-0.137297,-0.224336,-0.0191472,0.00759691,-0.0237361,-1.02423,-6.43228,0.586703,0.0353779,0.0321799,-0.000447563,49.1976,0.458466,-0.154526,0.189486
54.36,0.790833,0.5526,-0.137272,-0.224439,-0.018535,0.00292727,-0.0189295,-1.02429,-6.43305,0.5867,0.0381621,0.0329721,0.000687882,50.369,0.443252,-0.175979,0.23419
54.38,0.79088,0.552504,-0.137206,-0.224551,-0.0125529,0.00086397,-0.0029563,-1.02434,-6.4345,0.586719,0.0410631,0.0329959,0.00249603,49.5949,0.4293,-0.230931,0.330098
54.4,0.790857,0.552467,-0.137308,-0.22466,0.0163978,-0.00537815,0.00802581,-1.02434,-6.43732,0.586835,0.0455276,0.0334874,0.00517279,46.8944,0.462843,0.0232703,-0.100259
54.42,0.790854,0.552458,-0.137353,-0.224665,0.00742919,0.00267988,0.00118198,-1.02441,-6.43816,0.586876,0.044469,0.0319017,0.00589256,47.9084,0.444025,-0.183038,0.231564
54.44,0.790778,0.55252,-0.137531,-0.224671,0.0133203,0.00301084,0.015157,-1.02445,-6.43973,0.586975,0.0470193,0.0315131,0.00720001,47.5142,0.478315,-0.121369,0.136319
54.46,0.790679,0.552601,-0.137816,-0.224646,0.0153456,-0.0105015,0.0125306,-1.02448,-6.44195,0.587129,0.0457437,0.0295435,0.00648754,50.3746,0.466005,-0.177303,0.262643
54.48,0.790611,0.552661,-0.137979,-0.224639,0.0110022,-0.0071498,0.0100159,-1.02445,-6.44329,0.587231,0.0441676,0.0285537,0.00637494,49.9818,0.45197,-0.156514,0.227012
54.5,0.790534,0.552718,-0.138158,-0.224657,0.00961925,0.00168791,0.000511929,-1.02454,-6.44544,0.587363,0.0425377,0.0271674,0.00554974,47.2699,0.440475,-0.195017,0.280879
54.52,0.790512,0.552705,-0.138239,-0.224718,0.0040732,-0.0017011,0.00101174,-1.02476,-6.44712,0.58743,0.0394557,0.0242413,0.00440999,51.4677,0.464812,-0.0938313,0.0968888
54.54,0.790505,0.552673,-0.13829,-0.224788,0.0128917,-0.0112911,-0.00487877,-1.02498,-6.44874,0.587485,0.0377176,0.0223129,0.00399859,49.1938,0.455707,-0.122214,0.167583
54.56,0.790511,0.552645,-0.138289,-0.224837,-0.00472707,0.00175371,-0.00761665,-1.02507,-6.44951,0.587513,0.0368768,0.0211238,0.00444378,47.6244,0.434731,-0.173822,0.256455
54.58,0.790519,0.552547,-0.138352,-0.225011,-0.00446342,0.00519866,-0.00415744,-1.02531,-6.45233,0.587637,0.0378174,0.0205641,0.00486837,49.0081,0.474014,-0.114189,0.124884
54.6,0.79051,0.552529,-0.1384,-0.225059,0.000950801,0.00345951,-0.00130105,-1.02553,-6.45388,0.587705,0.038703,0.0199975,0.00511609,49.7711,0.455981,-0.169684,0.239271
54.62,0.79048,0.552524,-0.138499,-0.225117,0.00481755,-0.00468166,0.00693269,-1.02585,-6.45561,0.587785,0.0391027,0.0187471,0.00561845,46.6976,0.477859,-0.122144,0.150165
54.64,0.790433,0.552541,-0.138614,-0.225169,0.0191249,-0.0153083,0.00460146,-1.0261,-6.45724,0.587874,0.0396184,0.0175247,0.00585221,49.3232,0.450379,-0.111085,0.162876
54.66,0.790416,0.552534,-0.138707,-0.225188,0.0180945,-0.0118956,0.00407952,-1.02629,-6.45876,0.587968,0.0398454,0.0166577,0.00600646,49.0535,0.483355,-0.116211,0.144378
54.68,0.790382,0.552532,-0.138863,-0.225214,-0.00047698,-0.00580458,0.0137296,-1.02642,-6.46086,0.588121,0.0399145,0.015233,0.00618679,47.5293,0.464898,-0.113279,0.146783
54.7,0.790343,0.552577,-0.138908,-0.225213,0.0193466,-0.00309647,0.00707174,-1.02646,-6.46153,0.588167,0.0381018,0.013751,0.00524644,52.6049,0.481955,-0.0896873,0.0974394
54.72,0.790299,0.552595,-0.138999,-0.225269,0.0119638,-0.00721389,0.00882204,-1.02677,-6.46323,0.588263,0.036494,0.0123623,0.00478819,49.532,0.460981,-0.118341,0.123386
54.74,0.790302,0.552555,-0.139034,-0.225333,-0.00249732,0.00186065,0.00155451,-1.02707,-6.46484,0.588353,0.0344872,0.0104807,0.00460765,50.5834,0.474312,-0.0458606,0.00876341
54.76,0.790341,0.55243,-0.139031,-0.225506,-0.00794352,0.00567626,-0.00911592,-1.02757,-6.46784,0.588511,0.0323899,0.00754994,0.00397946,49.7933,0.411536,-0.257498,0.404585
54.78,0.790339,0.552402,-0.139046,-0.225571,-0.00567673,-0.0067212,-0.00321181,-1.02768,-6.46854,0.588546,0.0328066,0.00768523,0.00382866,47.2964,0.454625,-0.137145,0.168101
54.8,0.790386,0.552293,-0.138948,-0.225734,-0.0169579,0.0105799,-0.0107466,-1.02805,-6.47073,0.588643,0.0323696,0.00616517,0.00366938,46.6946,0.468774,-0.0900824,0.0907663
54.82,0.79043,0.552165,-0.138915,-0.225913,-0.00389524,-0.00519315,-0.00488539,-1.02867,-6.47319,0.588715,0.0318333,0.00387129,0.00392441,51.1519,0.444786,-0.191723,0.267414
54.84,0.790445,0.552103,-0.138919,-0.226011,0.00242877,0.0021517,-0.00662191,-1.02899,-6.47472,0.588782,0.0333076,0.0035112,0.00473679,46.0775,0.479464,-0.0857421,0.0700867
54.86,0.790433,0.552079,-0.138954,-0.226089,0.00531252,-0.000920993,-0.00373952,-1.02923,-6.47615,0.58886,0.0349714,0.00393634,0.00547234,51.657,0.425142,-0.231466,0.34634
54.88,0.790403,0.552089,-0.139019,-0.226129,0.00254491,-0.00953214,0.00519244,-1.02932,-6.47683,0.588904,0.0369369,0.00439361,0.00614836,48.0248,0.449425,-0.13817,0.183445
54.9,0.790367,0.552113,-0.139162,-0.22611,0.00394304,0.00387548,0.0127202,-1.02944,-6.47872,0.589081,0.0384044,0.00446744,0.00811004,48.572,0.472507,-0.027206,-0.0293787
54.92,0.790329,0.552143,-0.139255,-0.226111,0.0227276,-0.0075069,0.0110525,-1.02959,-6.4795,0.589119,0.0383674,0.00395505,0.00771165,49.5187,0.455638,-0.133218,0.181305
54.94,0.790201,0.55227,-0.139624,-0.22602,0.0277562,-0.00720272,0.0126752,-1.03005,-6.4824,0.589307,0.039111,0.00224067,0.00862121,47.1854,0.422738,-0.194107,0.288847
54.96,0.790153,0.552314,-0.139753,-0.226002,0.0154662,-0.00130578,0.0136572,-1.03012,-6.48308,0.589358,0.040387,0.00245974,0.00935607,48.5358,0.477345,-0.0162741,-0.0431895
54.98,0.790019,0.552447,-0.14008,-0.225943,0.0147445,-0.0108572,0.0154307,-1.0303,-6.485,0.589521,0.0374126,-0.000826006,0.00867851,48.3684,0.473413,-0.0442427,0.0335131
55,0.789958,0.552504,-0.140205,-0.225938,0.0212654,-0.0152957,0.0145298,-1.03035,-6.48562,0.589571,0.037604,-0.000834593,0.00855929,47.6158,0.448548,-0.160106,0.168254
55.02,0.789867,0.552545,-0.140482,-0.225986,0.0113158,-0.0144557,0.00450776,-1.03092,-6.48835,0.58964,0.0321397,-0.00421846,0.0058951,50.6869,0.445299,-0.145636,0.231084
55.04,0.789832,0.552548,-0.140573,-0.226041,0.0140942,-0.0092121,0.00183146,-1.03128,-6.48968,0.589632,0.0302099,-0.00560676,0.00497884,48.2001,0.471184,-0.10276,0.0997977
55.06,0.789808,0.552538,-0.14064,-0.226108,0.00262977,-0.00358696,-0.00439954,-1.03162,-6.49095,0.589617,0.0293508,-0.00612622,0.00476914,51.2579,0.462294,-0.153585,0.18465
55.08,0.7898,0.552505,-0.140702,-0.226178,-0.00388618,-0.0023296,0.00277451,-1.03192,-6.49215,0.589602,0.0288321,-0.00678919,0.00454634,48.0006,0.488393,-0.0344815,-0.0376744
55.1,0.789783,0.55249,-0.140734,-0.226255,0.000834604,0.00425241,-0.0113336,-1.03217,-6.49328,0.589588,0.0284765,-0.00700585,0.00429764,47.5675,0.44938,-0.15807,0.19833
55.12,0.789751,0.552454,-0.140839,-0.226389,0.0111503,-0.010526,-0.00468679,-1.03295,-6.49518,0.589418,0.027228,-0.0076734,0.00352703,51.6687,0.480164,-0.0690107,0.0376482
55.14,0.789769,0.552417,-0.140825,-0.226425,-0.00437658,0.0148967,-0.00173641,-1.0332,-6.49577,0.589362,0.0271324,-0.00810348,0.00393414,50.158,0.484172,-0.0228764,-0.0335398
55.16,0.789732,0.552383,-0.14088,-0.226607,0.0151409,-0.00876873,-0.0081765,-1.03391,-6.49748,0.589193,0.0248157,-0.00996647,0.00292859,48.1737,0.484217,-0.0502367,-0.00457097
55.18,0.789739,0.552333,-0.140873,-0.226707,0.00294621,-0.00670111,-0.00412569,-1.03435,-6.49854,0.589084,0.0230964,-0.0109733,0.00242381,46.2666,0.44877,-0.206369,0.293794
55.2,0.78975,0.552255,-0.140838,-0.22688,-0.0146743,-0.000854677,-0.0123219,-1.03494,-6.50003,0.588915,0.0231096,-0.0107653,0.00184039,48.3811,0.471892,-0.111209,0.112634
55.22,0.789769,0.552217,-0.140792,-0.226934,-0.00569833,0.00542904,-0.0130117,-1.03529,-6.50061,0.588836,0.0214849,-0.0115845,0.00105378,49.1146,0.456345,-0.137437,0.152824
55.24,0.789798,0.552094,-0.140717,-0.227181,-0.00451827,-0.00348037,-0.00994927,-1.03641,-6.5022,0.588583,0.0190773,-0.0127322,-0.000162951,46.7283,0.439979,-0.171003,0.236141
55.26,0.78984,0.55202,-0.140631,-0.227267,-0.0203166,0.00901643,-0.0168278,-1.03676,-6.5027,0.588498,0.0183572,-0.0130417,-0.000124236,47.7714,0.475752,-0.128908,0.135745
55.28,0.789922,0.55183,-0.140427,-0.22757,-0.0221524,0.00430559,-0.0232073,-1.03778,-6.50414,0.588233,0.0159016,-0.0141113,-0.0014456,51.1639,0.472155,-0.136819,0.161831
55.3,0.790024,0.551614,-0.140182,-0.22789,-0.0288328,0.00911304,-0.0236109,-1.0389,-6.50551,0.587956,0.0155369,-0.0144459,-0.00172751,47.9834,0.464603,-0.174529,0.228135
55.32,0.790114,0.551432,-0.140019,-0.228117,-0.033192,0.0039856,-0.0168361,-1.0398,-6.50645,0.587762,0.0149182,-0.0149801,-0.00180751,46.9197,0.449543,-0.214908,0.270535
55.34,0.790179,0.551285,-0.139874,-0.228336,-0.026156,-0.00237604,-0.0138891,-1.04067,-6.50733,0.587584,0.0149841,-0.0155489,-0.00161745,52.1555,0.479668,-0.115711,0.129448
55.36,0.790245,0.551124,-0.13969,-0.22861,-0.0123898,0.00907198,-0.0108743,-1.04182,-6.50855,0.58736,0.0162455,-0.0158511,0.000385296,46.7622,0.4764,-0.102645,0.0553268
55.38,0.790241,0.551101,-0.139682,-0.228682,-0.00461049,-0.00217499,-0.00568644,-1.04217,-6.50892,0.587296,0.0169683,-0.0154399,0.00049072,50.7562,0.461372,-0.110209,0.10761
55.4,0.790249,0.551043,-0.139655,-0.228812,0.0034057,-0.00404009,-0.00541724,-1.0428,-6.50963,0.587191,0.0187561,-0.0145024,0.00150533,47.6018,0.475948,-0.0318005,-0.0254144
55.42,0.790236,0.550994,-0.139697,-0.22895,-0.00515176,-0.000269833,-0.000912814,-1.04405,-6.51067,0.58704,0.0208213,-0.0132391,0.00361391,49.3023,0.468187,-0.12052,0.174191
55.44,0.790205,0.551016,-0.139745,-0.228974,0.0125011,-0.00371069,0.00559179,-1.0444,-6.51101,0.587007,0.0204705,-0.0136596,0.00361874,46.5665,0.46073,-0.12962,0.140742
55.46,0.790133,0.551068,-0.139868,-0.229023,0.0213911,-0.00803555,0.0129547,-1.04511,-6.51161,0.586946,0.0205793,-0.0139633,0.00450224,50.4601,0.468253,-0.112777,0.120857
55.48,0.790024,0.551151,-0.140103,-0.229055,0.0135161,-0.00770201,0.00879888,-1.04604,-6.51243,0.586877,0.0217792,-0.0125785,0.0043243,50.5929,0.437462,-0.189335,0.249066
55.5,0.789938,0.551236,-0.140304,-0.229023,-0.00078625,0.00228676,0.0106977,-1.04688,-6.51311,0.586838,0.0202967,-0.0122852,0.00463819,46.6418,0.470855,-0.0513094,0.0268204
55.52,0.789858,0.551308,-0.140482,-0.229018,0.0035222,0.00790422,0.00756746,-1.04766,-6.51352,0.586787,0.0191801,-0.0121993,0.0042619,46.6923,0.457356,-0.12113,0.162546
55.54,0.789773,0.551365,-0.140662,-0.229062,0.0106938,-0.00643094,0.00697126,-1.04873,-6.51409,0.58671,0.0161396,-0.0131223,0.00304591,47.4996,0.46601,-0.0886551,0.0662268
55.56,0.789723,0.551398,-0.140743,-0.229106,0.0119685,0.00115042,-0.00123386,-1.04943,-6.51441,0.586647,0.0145505,-0.0129955,0.00216496,51.1032,0.483791,-0.076263,0.0231639
55.58,0.789695,0.551404,-0.140808,-0.229147,0.0057276,-0.00711418,-0.000175291,-1.04977,-6.51457,0.586609,0.0146489,-0.0123222,0.00157713,50.7088,0.454417,-0.186934,0.23004
55.6,0.789671,0.551385,-0.140828,-0.229262,-0.00986177,0.00716336,-0.00584752,-1.05087,-6.515,0.586482,0.010972,-0.0132896,0.000953244,50.0628,0.467692,-0.10823,0.11946
55.62,0.789663,0.551368,-0.140851,-0.22932,-0.00112663,-0.00238689,-0.00597687,-1.0513,-6.51514,0.586431,0.011002,-0.0129647,0.000293241,44.637,0.433552,-0.177558,0.262864
55.64,0.78967,0.551267,-0.14083,-0.229549,0.00908128,-0.00829466,-0.00924058,-1.05291,-6.51565,0.586228,0.00760656,-0.013447,-0.000628349,48.9457,0.454276,-0.155852,0.198041
55.66,0.789671,0.551237,-0.140818,-0.229627,-0.0123877,0.00583989,-0.00822909,-1.0533,-6.51575,0.586174,0.00820495,-0.0123293,-0.000421051,49.0095,0.490086,-0.0501284,-0.0158404
55.68,0.789673,0.551178,-0.140792,-0.229778,-0.0120158,0.00293707,-0.0141914,-1.05404,-6.51594,0.586067,0.0059567,-0.012789,-0.000550112,46.5877,0.476018,-0.0998829,0.0974958
55.7,0.789686,0.551108,-0.140731,-0.229938,-0.0123604,-0.00179575,-0.0152407,-1.05479,-6.51611,0.585964,0.00459989,-0.0129664,-0.000859437,49.2902,0.47643,-0.119551,0.100791
55.72,0.789731,0.550933,-0.140573,-0.230299,-0.0103201,-0.00250968,-0.0142845,-1.05651,-6.51638,0.585714,0.00276119,-0.0122912,-0.00191366,50.6437,0.428329,-0.199619,0.294058
55.74,0.789767,0.550831,-0.140474,-0.230476,-0.00223855,-0.000739246,-0.011422,-1.05736,-6.51647,0.585582,0.00155207,-0.0126797,-0.00203667,48.5841,0.477554,-0.0345731,-0.00552107
55.76,0.789814,0.550744,-0.140406,-0.230569,-0.0257211,0.0131082,-0.0157289,-1.05777,-6.5165,0.585518,0.00181266,-0.0121191,-0.00163997,49.367,0.492189,-0.127688,0.11423
55.78,0.789868,0.550592,-0.140278,-0.230823,-0.0107451,-0.0029986,-0.0112141,-1.05893,-6.51657,0.585341,0.00187101,-0.0118705,-0.00151664,49.7346,0.47105,-0.133271,0.16917
55.8,0.789913,0.550499,-0.140204,-0.230934,-0.0122326,0.00310588,-0.00456067,-1.05962,-6.51661,0.585244,0.00233774,-0.0114102,-0.00051025,48.9069,0.494408,-0.0845148,0.0619982
55.82,0.789903,0.550435,-0.14019,-0.231129,-0.00347199,0.000140342,-0.00553944,-1.06078,-6.51641,0.585026,0.00493515,-0.00897431,0.000129403,49.716,0.412167,-0.253487,0.360724
55.84,0.789876,0.550432,-0.140219,-0.231214,0.00696241,-0.00725474,0.00436895,-1.06147,-6.51624,0.584902,0.00575818,-0.00831044,0.000617603,49.4309,0.454829,-0.164471,0.218053
55.86,0.789845,0.550433,-0.140267,-0.231286,0.0111519,-0.0134453,0.00208353,-1.06209,-6.51605,0.584793,0.00592056,-0.00809112,0.000907481,51.3471,0.463018,-0.161417,0.163762
55.88,0.789838,0.550433,-0.140279,-0.231305,-0.00227995,0.00704613,-0.000773794,-1.06238,-6.51595,0.584745,0.00630633,-0.00773776,0.00158539,47.4251,0.448653,-0.180869,0.243758
55.9,0.789747,0.550495,-0.140431,-0.231375,0.0039099,0.00154583,-0.000646815,-1.06349,-6.51548,0.584548,0.00704048,-0.00600022,0.00160246,48.798,0.46132,-0.119811,0.110241
55.92,0.789729,0.550504,-0.140482,-0.231386,0.0122887,-0.0087982,0.00739133,-1.06381,-6.51531,0.584488,0.00619454,-0.00647511,0.00161381,49.7547,0.470308,-0.0846174,0.0663534
55.94,0.78966,0.550541,-0.140659,-0.231424,0.00706983,-0.00870062,0.0119598,-1.06468,-6.5148,0.584327,0.00755277,-0.00451279,0.00240882,46.2582,0.490707,-0.057732,0.00928776
55.96,0.789599,0.550591,-0.140793,-0.231431,0.0123009,-0.00942429,0.0125276,-1.06519,-6.51444,0.584241,0.00785344,-0.00424907,0.00256309,51.0688,0.468384,-0.120336,0.122563
55.98,0.789548,0.55063,-0.140936,-0.231425,0.0210956,-0.0143362,0.0102402,-1.06566,-6.51406,0.584165,0.00798882,-0.00331843,0.00251591,48.3095,0.47765,-0.0428458,-0.0176089
56,0.789465,0.550699,-0.141138,-0.231422,0.0117739,-0.000290767,0.0099147,-1.06632,-6.51339,0.584046,0.00779947,-0.0021215,0.0030474,45.7616,0.484542,-0.0755305,0.0216441
56.02,0.789374,0.550786,-0.141311,-0.231421,0.0153851,0.000627555,0.00948494,-1.06676,-6.51286,0.583963,0.00823185,2.68578e-05,0.00299412,47.1224,0.479762,-0.0988014,0.104423
56.04,0.789285,0.550864,-0.141482,-0.231432,0.00747931,-0.00664262,0.00267167,-1.06718,-6.5123,0.583883,0.00768269,0.000582255,0.00279391,49.6605,0.459684,-0.136052,0.184163
56.06,0.789261,0.55089,-0.141543,-0.231415,0.0155659,-0.00476812,0.0127202,-1.06738,-6.51202,0.583847,0.00607618,-0.000133078,0.00282429,50.3476,0.483683,-0.0248296,-0.0369846
56.08,0.789145,0.551002,-0.141822,-0.231374,-0.00147881,0.00578426,0.0168425,-1.0681,-6.51088,0.583696,0.00562019,0.000942935,0.00191034,49.5423,0.491373,-0.0969862,0.0569623
56.1,0.789106,0.551033,-0.141902,-0.231385,0.015606,-0.0106704,0.0117671,-1.06826,-6.5106,0.583656,0.00614247,0.00164721,0.00163349,45.4338,0.471423,-0.0811678,0.0533332
56.12,0.78904,0.551087,-0.142044,-0.231392,0.00357907,0.00419371,0.00281749,-1.06878,-6.50966,0.583508,0.00454802,0.00340235,0.00153915,47.7737,0.459336,-0.111048,0.0853206
56.14,0.788991,0.551112,-0.142169,-0.231423,-0.000369262,-0.00017866,0.0118269,-1.06914,-6.509,0.583397,0.00322745,0.00369252,0.000908381,51.5555,0.46963,-0.105878,0.0805557
56.16,0.788979,0.551108,-0.142202,-0.231452,-0.0149047,0.00134189,0.0052472,-1.0695,-6.50834,0.583282,0.00142601,0.00326104,4.22267e-05,50.5767,0.46028,-0.0784071,0.0654494
56.18,0.78904,0.551017,-0.142106,-0.231522,-0.0173091,0.0269049,-0.0109391,-1.07004,-6.50736,0.583091,-0.0027422,0.00266569,-0.00181514,44.4078,0.444257,-0.142415,0.148958
56.2,0.789058,0.550968,-0.142098,-0.231581,-0.0169391,-0.00326937,-0.00308381,-1.07022,-6.50704,0.583019,-0.00239152,0.00331865,-0.00221958,49.8713,0.460598,-0.169489,0.188815
56.22,0.789255,0.550716,-0.141695,-0.231758,-0.0570645,0.0381054,-0.0220926,-1.07084,-6.50589,0.58272,-0.0100363,0.00255971,-0.00646737,47.1571,0.490305,-0.0897037,0.0544091
56.24,0.789684,0.550247,-0.140968,-0.231854,-0.122604,0.0868066,-0.0374487,-1.0714,-6.50515,0.582422,-0.0205557,0.000180809,-0.0121469,49.4597,0.472241,-0.102637,0.0439906
56.26,0.790974,0.548787,-0.138926,-0.232149,-0.196899,0.0954327,-0.0955514,-1.07264,-6.50425,0.581788,-0.0454197,-0.00930182,-0.0237874,45.6762,0.46909,-0.10169,0.0450087
56.28,0.791346,0.54825,-0.13823,-0.232565,-0.184975,0.0587411,-0.129086,-1.07318,-6.50399,0.581508,-0.0506124,-0.00903682,-0.0272594,50.1091,0.474854,-0.082796,0.0478764
56.3,0.791681,0.547241,-0.136618,-0.234743,-0.0957911,-0.00504067,-0.182748,-1.07498,-6.50316,0.580538,-0.0558628,-0.00622529,-0.0314799,49.7765,0.473427,-0.132217,0.130484
56.32,0.791786,0.546933,-0.136067,-0.235425,-0.133856,0.014408,-0.154619,-1.07558,-6.50286,0.580209,-0.0512519,-0.00342596,-0.0291995,45.7392,0.458614,-0.131973,0.113609
56.34,0.793208,0.545214,-0.133343,-0.236183,-0.246995,0.148414,-0.0939499,-1.07726,-6.50196,0.579312,-0.0452725,-0.00404438,-0.0236517,48.9287,0.48212,-0.12503,0.120914
56.36,0.793859,0.544119,-0.131649,-0.23747,-0.0276363,-0.0494281,-0.139538,-1.07867,-6.50101,0.578547,-0.0375215,0.00278953,-0.0219576,48.2588,0.462548,-0.135351,0.134495
56.38,0.793487,0.544178,-0.131409,-0.238706,0.00930658,-0.0339721,-0.106122,-1.07936,-6.50024,0.57812,-0.0229961,0.00874654,-0.0149068,49.291,0.485983,-0.0290424,-0.0609341
56.4,0.793632,0.54394,-0.130974,-0.239006,-0.0685797,0.0616715,-0.00570675,-1.07973,-6.49943,0.57788,-0.0058665,0.00901463,-0.00269835,49.1346,0.476081,-0.0902526,0.0512151
56.42,0.79426,0.543389,-0.130391,-0.238489,-0.0944631,0.0854167,0.0506793,-1.07983,-6.49857,0.577801,0.00682314,0.00922141,0.00585785,47.187,0.452224,-0.110182,0.113143
56.44,0.79441,0.543289,-0.130666,-0.238067,0.0618081,-0.0465693,0.0325499,-1.07963,-6.49719,0.57785,0.016187,0.0171005,0.00750404,46.0281,0.462827,-0.13358,0.158668
56.46,0.794213,0.54349,-0.130985,-0.23809,0.0766174,-0.0462217,0.0226883,-1.07952,-6.4967,0.577869,0.0184588,0.0193776,0.00831812,48.9338,0.474009,-0.121943,0.124912
56.48,0.793778,0.543979,-0.131845,-0.237951,0.0463015,-0.0100742,0.0480781,-1.07912,-6.49522,0.577956,0.0182329,0.0183095,0.00942951,51.6347,0.489403,-0.0246545,-0.064011
56.5,0.793737,0.544092,-0.132174,-0.237644,0.0260931,-0.0112208,0.0468682,-1.07885,-6.49425,0.578038,0.0176884,0.018898,0.00916502,46.7568,0.448344,-0.17775,0.233633
56.52,0.793583,0.544291,-0.132564,-0.237486,0.052173,-0.026478,0.0291791,-1.07859,-6.49328,0.578111,0.0145096,0.0203781,0.00721964,51.1385,0.469801,-0.060649,0.0276935
56.54,0.793376,0.544505,-0.132941,-0.237478,0.032748,-0.0164677,0.011003,-1.0784,-6.4923,0.578145,0.00933261,0.0209123,0.0048142,50.8866,0.476706,-0.0939593,0.0753537
56.56,0.79334,0.544534,-0.13307,-0.237457,-0.00824095,0.00338726,0.00690378,-1.07826,-6.49084,0.578135,0.000969392,0.0185677,0.0014318,48.7546,0.483641,-0.0449327,0.0148206
56.58,0.793424,0.544443,-0.132966,-0.237445,-0.0381382,0.0264139,-0.000157125,-1.07825,-6.49038,0.578113,-0.000608041,0.0185177,0.000556161,47.091,0.45895,-0.0990939,0.0870881
56.6,0.793496,0.544315,-0.13282,-0.237579,-0.0200883,0.0142406,-0.0167809,-1.0783,-6.48947,0.578034,-0.0040932,0.0197347,-0.00206467,48.1891,0.478251,-0.057078,-0.011981
56.62,0.793536,0.544104,-0.132478,-0.23812,-0.0282178,0.0139221,-0.0317578,-1.07847,-6.4877,0.57784,-0.00488328,0.0216764,-0.00287822,48.8175,0.481553,-0.0414062,-0.00174232
56.64,0.793554,0.54404,-0.132394,-0.238251,-0.0170998,-0.00256104,-0.0258558,-1.07851,-6.48727,0.577798,-0.00603189,0.0213592,-0.002966,48.8393,0.461605,-0.138286,0.142809
56.66,0.793587,0.543881,-0.132233,-0.238594,-0.018983,-0.00480885,-0.0145233,-1.07857,-6.48593,0.577711,-0.00107765,0.0227243,0.000229722,48.4006,0.473531,-0.0556423,-0.00927947
56.68,0.793592,0.543822,-0.132204,-0.238729,0.00098383,-0.013364,0.000690416,-1.07852,-6.48504,0.577707,0.00284976,0.0245965,0.00200724,51.6915,0.437063,-0.18107,0.211932
56.7,0.793454,0.543917,-0.132423,-0.238849,0.0242291,-0.0130525,0.00458667,-1.07828,-6.48373,0.577786,0.00942576,0.0269925,0.00648768,47.5764,0.457422,-0.0962797,0.100905
56.72,0.793285,0.544071,-0.132736,-0.238885,0.0214872,-0.0118829,0.0178964,-1.07804,-6.48292,0.577901,0.0132031,0.0283393,0.00900559,52.1708,0.450106,-0.128569,0.193343
56.74,0.793212,0.54417,-0.133013,-0.23875,0.0107666,0.00810962,0.0297922,-1.07774,-6.4821,0.578057,0.0151256,0.029339,0.0105913,49.0235,0.449301,-0.11799,0.143215
56.76,0.793151,0.544293,-0.133361,-0.23848,0.0185045,-0.0053792,0.0171109,-1.07726,-6.48079,0.578314,0.0110881,0.0291221,0.0088824,47.8268,0.476308,-0.0511087,0.00381548
56.78,0.793046,0.544399,-0.13357,-0.238468,0.0136155,-0.00374174,0.00827627,-1.07702,-6.47996,0.578439,0.00666889,0.0290809,0.00680809,45.2773,0.445645,-0.146645,0.18123
56.8,0.792981,0.544427,-0.133655,-0.238572,-0.00530379,0.0056928,-0.00461658,-1.07686,-6.47913,0.578525,0.00220223,0.0280375,0.00466931,46.2433,0.486166,-0.0637671,-0.00503158
56.82,0.792998,0.544355,-0.133603,-0.238709,-0.0264184,0.0155571,-0.0130559,-1.0768,-6.47849,0.578605,-0.000343334,0.0271662,0.0036738,48.6587,0.486571,-0.0716006,0.0337151
56.84,0.793037,0.544246,-0.133474,-0.238902,-0.0248529,0.0114311,-0.0223909,-1.07675,-6.47783,0.578663,-0.000692867,0.0281671,0.00215798,52.1565,0.474104,-0.12678,0.130764
56.86,0.793036,0.54422,-0.133421,-0.238992,-0.00238803,2.51626e-05,-0.0224564,-1.07674,-6.4775,0.578683,-0.00205572,0.0278691,0.00124336,49.7706,0.437452,-0.177159,0.206222
56.88,0.793158,0.543961,-0.133026,-0.239399,-0.0194647,0.00777983,-0.0215865,-1.07665,-6.47616,0.578769,-0.00182003,0.028566,0.00170367,46.9012,0.479664,-0.0821894,0.0704979
56.9,0.793171,0.54391,-0.132965,-0.239505,-0.01528,0.00564673,-0.0208087,-1.07661,-6.47581,0.578791,0.000138887,0.0302147,0.0023279,45.4041,0.430596,-0.209768,0.278939
56.92,0.793224,0.543764,-0.132682,-0.239818,-0.0228756,0.0152476,-0.0277406,-1.07655,-6.47486,0.578877,-0.000725611,0.0307771,0.00229301,47.3898,0.476145,-0.0111504,-0.0858144
56.94,0.793313,0.543608,-0.132435,-0.240012,-0.0419218,0.0264036,-0.0190789,-1.07655,-6.47431,0.578921,-0.00335059,0.0304529,0.000799285,48.1628,0.473435,-0.0420015,-0.0420269
56.96,0.793578,0.543223,-0.13178,-0.240367,-0.0477294,0.0181717,-0.041079,-1.07665,-6.47347,0.57893,-0.0100454,0.0291117,-0.00239434,50.2798,0.45422,-0.184499,0.233546
56.98,0.793718,0.542951,-0.131306,-0.240779,-0.0413464,0.0161432,-0.0561635,-1.07678,-6.47291,0.578903,-0.0120294,0.0283382,-0.00362862,47.8455,0.478443,-0.0912119,0.0961331
57,0.793819,0.542717,-0.130828,-0.241236,-0.0468989,0.0203465,-0.056812,-1.07692,-6.47234,0.578858,-0.0123138,0.0296301,-0.00433684,50.551,0.486708,-0.0455794,-0.0407861
57.02,0.793905,0.542567,-0.13056,-0.241434,-0.0645655,0.0260739,-0.0544162,-1.07703,-6.47215,0.578833,-0.0113739,0.030417,-0.00367366,47.9237,0.480878,-0.13326,0.136339
57.04,0.794138,0.542206,-0.129951,-0.241809,-0.0705678,0.0247692,-0.0481293,-1.07726,-6.47171,0.578781,-0.0119322,0.0304543,-0.00373316,49.5527,0.476016,-0.0184729,-0.0773113
57.06,0.794475,0.541608,-0.128873,-0.242614,-0.0378099,0.00910047,-0.0612883,-1.0776,-6.47083,0.578724,-0.008345,0.0321865,-0.001896,48.0575,0.461734,-0.186997,0.250557
57.08,0.794519,0.541514,-0.128674,-0.242787,-0.0423814,0.0191512,-0.0440337,-1.07764,-6.47059,0.578725,-0.00541097,0.0329595,-0.000202766,47.301,0.447964,-0.191267,0.248448
57.1,0.794608,0.541294,-0.128278,-0.243194,-0.0107232,0.0118226,-0.0193099,-1.07764,-6.46981,0.578819,0.00191831,0.0339948,0.00528138,48.8316,0.430069,-0.215277,0.262944
57.12,0.794601,0.541238,-0.128291,-0.243335,0.00881758,-0.00337494,0.00133861,-1.07741,-6.46919,0.579025,0.0139591,0.0376124,0.0117287,47.5323,0.47688,0.000298222,-0.0829824
57.14,0.794553,0.54128,-0.128502,-0.243287,0.0257016,-0.0216532,0.0197134,-1.07711,-6.46874,0.579247,0.0169039,0.0378054,0.0142516,45.8646,0.478105,-0.0738331,0.0542838
57.16,0.794541,0.541302,-0.128588,-0.243232,0.0116609,0.00373783,0.0214738,-1.07694,-6.46853,0.579366,0.0178632,0.0371657,0.0155805,52.0914,0.454306,-0.0948329,0.0543225
57.18,0.794431,0.541414,-0.129,-0.243125,0.0253776,-0.0223077,0.0119875,-1.07643,-6.46788,0.579733,0.0165376,0.0377872,0.0146615,49.6508,0.459868,-0.143762,0.158306
57.2,0.794411,0.541428,-0.129109,-0.243101,0.00943035,-0.00429458,0.0203631,-1.07627,-6.46765,0.579849,0.0158484,0.0379594,0.0142437,48.5277,0.471952,-0.112685,0.114274
57.22,0.79429,0.541512,-0.129347,-0.243181,0.0154109,-0.0190149,0.00190416,-1.07591,-6.46716,0.580115,0.0103576,0.037826,0.0114163,47.8666,0.438788,-0.136313,0.145015
57.24,0.794257,0.541517,-0.129412,-0.243247,0.00258872,-0.0108438,-0.00151653,-1.07581,-6.46703,0.580187,0.0103538,0.0381169,0.0118207,47.9944,0.469803,-0.12149,0.114651
57.26,0.79404,0.541622,-0.129595,-0.24362,0.0271099,-0.0301666,-0.0235102,-1.07547,-6.46632,0.580456,0.00747787,0.04096,0.00926869,48.6501,0.45433,-0.155294,0.168611
57.28,0.793706,0.5419,-0.129812,-0.243975,0.0591179,-0.0315728,-0.034773,-1.07532,-6.4659,0.58056,0.00700732,0.0434119,0.00825699,48.3462,0.471981,-0.0896439,0.0737889
57.3,0.793402,0.542208,-0.129971,-0.244196,0.0522283,-0.0251112,-0.00656216,-1.07511,-6.46539,0.580673,0.0129586,0.0468616,0.0106415,50.4817,0.454854,-0.188077,0.215582
57.32,0.793183,0.54253,-0.130093,-0.244128,0.0509311,-0.0127428,0.0133157,-1.07479,-6.46496,0.580841,0.019987,0.0483285,0.0141779,46.9993,0.446117,-0.145407,0.192935
57.34,0.79264,0.543246,-0.130659,-0.243996,0.0807171,-0.0137164,0.0244093,-1.0741,-6.46431,0.581153,0.0279584,0.056732,0.0156821,48.3629,0.481791,-0.0835724,0.0787152
57.36,0.792196,0.543946,-0.130969,-0.243711,0.10321,0.019684,0.0234954,-1.0735,-6.46361,0.581371,0.0303516,0.0632508,0.0131782,46.6737,0.4644,-0.052338,0.0221399
57.38,0.792,0.544289,-0.13106,-0.243533,0.10283,0.024152,0.0150591,-1.07321,-6.46326,0.581452,0.0268433,0.0628192,0.0113679,47.9671,0.446574,-0.138689,0.153791
57.4,0.79066,0.546406,-0.130571,-0.243411,0.189463,0.0969688,-0.126421,-1.07263,-6.46237,0.581044,-0.0104581,0.0350264,-0.0319555,48.2249,0.468855,-0.14314,0.134714
57.42,0.789977,0.5475,-0.129944,-0.243506,0.246063,0.15663,-0.170727,-1.07274,-6.46235,0.580673,-0.0225768,0.0298971,-0.0422145,46.5126,0.465524,-0.170997,0.168595
57.44,0.787711,0.551019,-0.127429,-0.244235,0.213338,0.181707,-0.239715,-1.0737,-6.46249,0.579207,-0.0592793,0.0189421,-0.055884,51.8357,0.468577,-0.136547,0.10956
57.46,0.786307,0.553159,-0.125407,-0.244967,0.186836,0.177538,-0.260719,-1.07491,-6.46255,0.578035,-0.0741275,0.0246904,-0.0581364,50.1876,0.411882,-0.260615,0.337167
57.48,0.785191,0.554952,-0.12319,-0.245617,0.129181,0.205439,-0.245908,-1.07624,-6.4625,0.576965,-0.0850962,0.0317494,-0.0540731,47.4228,0.438574,-0.199123,0.249318
57.5,0.78423,0.556928,-0.119253,-0.246156,0.0705764,0.276201,-0.207388,-1.07859,-6.46219,0.575469,-0.102575,0.0412043,-0.0516855,48.2493,0.40387,-0.276219,0.335561
57.52,0.783961,0.557654,-0.117863,-0.246041,0.0910276,0.301401,-0.178003,-1.07945,-6.46202,0.574954,-0.104957,0.0478883,-0.0539595,46.676,0.446362,-0.20799,0.236388
57.54,0.783361,0.560055,-0.113922,-0.244347,0.105068,0.375593,-0.0217791,-1.08216,-6.46117,0.573213,-0.109671,0.0619682,-0.0663251,48.0364,0.443302,-0.199893,0.29208
57.56,0.783317,0.560833,-0.11279,-0.243227,0.109247,0.38995,0.055645,-1.08305,-6.4608,0.572567,-0.104409,0.0664831,-0.0694647,47.4961,0.455349,-0.193808,0.179273
57.58,0.783953,0.563673,-0.109349,-0.236078,0.16245,0.421158,0.288663,-1.08619,-6.45886,0.569474,-0.0816282,0.0747266,-0.0947982,49.1653,0.488858,-0.151438,0.142448
57.6,0.78405,0.564564,-0.108907,-0.23382,0.176136,0.417159,0.337001,-1.08682,-6.45835,0.568548,-0.0758161,0.0759343,-0.105768,51.3859,0.508621,-0.0635644,-0.018274
57.62,0.784328,0.567352,-0.108115,-0.22639,0.178921,0.426461,0.415317,-1.08874,-6.45701,0.565127,-0.0750761,0.0636226,-0.140611,45.782,0.47374,-0.187679,0.174001
57.64,0.784876,0.568858,-0.107816,-0.220786,0.134291,0.451673,0.503306,-1.08997,-6.45626,0.562352,-0.0710584,0.056021,-0.16287,46.8501,0.503388,-0.122568,0.0769921
57.66,0.786148,0.569673,-0.10733,-0.2143,0.0125274,0.489653,0.586594,-1.09111,-6.4556,0.559252,-0.0654014,0.0522731,-0.176589,47.4354,0.494416,-0.137398,0.116149
57.68,0.788817,0.569777,-0.106891,-0.204196,-0.0367393,0.448383,0.616865,-1.09273,-6.45443,0.554058,-0.0601633,0.0562837,-0.18345,46.3846,0.468381,-0.247455,0.267339
57.7,0.790497,0.569634,-0.106988,-0.197953,-0.0229175,0.428033,0.585201,-1.09375,-6.45373,0.550711,-0.0576711,0.0502065,-0.185142,47.8396,0.521937,-0.130433,0.0448197
57.72,0.791679,0.57004,-0.107004,-0.191963,0.0777548,0.40665,0.53594,-1.09475,-6.4531,0.547337,-0.0512165,0.0513574,-0.185272,47.8087,0.502605,-0.157904,0.128982
57.74,0.791938,0.570705,-0.106892,-0.188954,0.168105,0.438735,0.506298,-1.09521,-6.45275,0.545651,-0.0436543,0.0555057,-0.185042,47.4354,0.500414,-0.187929,0.170935
57.76,0.791786,0.573974,-0.106324,-0.179787,0.304674,0.501443,0.478382,-1.09617,-6.45153,0.540619,-0.0240712,0.0587085,-0.183692,48.1312,0.497567,-0.176962,0.162682
57.78,0.791501,0.576365,-0.105817,-0.173587,0.265494,0.485749,0.479116,-1.09655,-6.45078,0.537269,-0.0180827,0.0470234,-0.185279,48.6004,0.520357,-0.0531586,-0.0333322
57.8,0.791732,0.578752,-0.105288,-0.164682,0.15725,0.440539,0.50083,-1.09703,-6.45008,0.531945,-0.0144008,0.0213732,-0.185445,49.0367,0.52083,-0.0933015,0.0449344
57.82,0.791959,0.579322,-0.105126,-0.161664,0.124985,0.448248,0.511416,-1.09714,-6.44998,0.530279,-0.00827697,0.0197522,-0.181971,45.5702,0.508123,-0.0936357,0.0686422
57.84,0.792246,0.582122,-0.105279,-0.149655,0.217948,0.381666,0.523264,-1.09746,-6.44942,0.523721,0.00116181,0.016373,-0.170023,46.549,0.502209,-0.0839526,0.0129712
57.86,0.792137,0.582974,-0.105445,-0.146773,0.242592,0.368647,0.50515,-1.09752,-6.44931,0.522131,-0.00101853,0.0103246,-0.170637,47.4452,0.531685,-0.0389914,-0.0166879
57.88,0.792099,0.585035,-0.105964,-0.138152,0.152128,0.372741,0.520111,-1.09766,-6.44923,0.517274,0.0034007,-0.0031911,-0.178494,45.012,0.511069,-0.085343,0.0364094
57.9,0.792358,0.585358,-0.106056,-0.135192,0.0818723,0.401629,0.543294,-1.09767,-6.4493,0.515602,0.00375808,-0.0122897,-0.182619,48.7877,0.524803,-0.115589,0.0832773
57.92,0.79376,0.585387,-0.106358,-0.126313,-0.0330323,0.359066,0.546037,-1.09777,-6.44981,0.509922,0.00274544,-0.0334289,-0.198636,44.5882,0.511596,-0.0881168,0.0203625
57.94,0.795595,0.584645,-0.106735,-0.117586,-0.0692908,0.392344,0.559546,-1.09799,-6.4506,0.504077,-0.001002,-0.0422071,-0.209273,49.4335,0.538115,-0.0322428,-0.0325158
57.96,0.796295,0.584303,-0.106745,-0.114501,-0.0791567,0.416782,0.578942,-1.09808,-6.45092,0.502096,-0.0021806,-0.0473015,-0.20951,48.2778,0.518708,-0.103993,0.0692533
57.98,0.798253,0.583519,-0.106806,-0.104353,0.00031323,0.464968,0.664763,-1.09827,-6.45196,0.496216,0.00296348,-0.0466932,-0.205962,47.0564,0.512609,0.134517,-0.327178
58,0.79871,0.584121,-0.107075,-0.0969464,0.194484,0.465223,0.684768,-1.09833,-6.45264,0.492241,0.00586796,-0.0433394,-0.205382,48.2216,0.532654,-0.0151133,-0.0734763
58.02,0.796878,0.588296,-0.107401,-0.0857864,0.612887,0.486085,0.573302,-1.09847,-6.45329,0.486306,0.00447743,-0.0476255,-0.199034,44.9263,0.525444,0.0168364,-0.121031
58.04,0.795291,0.590913,-0.107504,-0.0823212,0.810092,0.443902,0.520979,-1.09852,-6.45357,0.484403,0.00475428,-0.0512833,-0.192084,49.7414,0.529645,-0.0744235,0.00984761
58.06,0.787929,0.601895,-0.10784,-0.0725337,1.17294,0.421346,0.43521,-1.09864,-6.45484,0.479032,0.00600449,-0.077219,-0.156198,45.532,0.512607,0.0533546,-0.201785
58.08,0.784929,0.606128,-0.108013,-0.0694878,1.24288,0.361859,0.403988,-1.09867,-6.45543,0.477532,0.00402281,-0.0927247,-0.148501,48.2297,0.517037,-0.0218487,-0.06524
58.1,0.771697,0.623806,-0.1089,-0.0590736,1.26272,0.229507,0.277384,-1.09907,-6.45908,0.472038,-0.01106,-0.154381,-0.134127,47.8691,0.510628,-0.0497477,-0.0313762
58.12,0.768402,0.628006,-0.109186,-0.0569699,1.21681,0.231197,0.252767,-1.09927,-6.46026,0.470635,-0.015483,-0.171127,-0.131094,49.1567,0.511037,-0.0279399,-0.0737954
58.14,0.759162,0.639518,-0.109967,-0.0509558,1.08253,0.224288,0.258941,-1.09999,-6.46464,0.466658,-0.0170328,-0.21174,-0.117313,45.3941,0.497504,-0.0665102,0.0246643
58.16,0.756372,0.642921,-0.110263,-0.0489593,1.02208,0.211521,0.276111,-1.10022,-6.4663,0.465446,-0.0158039,-0.217859,-0.109859,49.3274,0.513554,-0.0161269,-0.0862056
58.18,0.748474,0.652319,-0.111384,-0.0431442,0.935396,0.150934,0.268257,-1.10088,-6.47189,0.461977,-0.0146293,-0.229029,-0.0989632,47.5148,0.474119,-0.128725,0.134736
58.2,0.740897,0.660837,-0.113384,-0.038853,0.819256,0.00791163,0.225383,-1.10151,-6.4774,0.458584,-0.0140299,-0.246023,-0.117394,50.2169,0.499699,-0.079227,0.0108923
58.22,0.73864,0.663273,-0.114207,-0.0379018,0.744158,-0.0237206,0.193148,-1.10175,-6.47929,0.4573,-0.0143113,-0.248551,-0.125006,46.603,0.480441,-0.127337,0.108156
58.24,0.733482,0.668643,-0.116512,-0.0366736,0.441777,-0.132011,0.0677647,-1.10252,-6.4852,0.452883,-0.0203535,-0.262391,-0.165098,43.9208,0.527777,-0.0292647,-0.0678738
58.26,0.731135,0.670904,-0.118032,-0.037382,0.294456,-0.220176,-0.00646472,-1.10315,-6.48934,0.449321,-0.0279925,-0.268606,-0.194161,50.164,0.531187,-0.0747545,0.00524538
58.28,0.728604,0.673079,-0.120377,-0.0401308,0.202251,-0.31964,-0.0790677,-1.10434,-6.49591,0.442933,-0.0362311,-0.257525,-0.220926,48.5104,0.541696,-0.0146367,-0.0788106
58.3,0.727887,0.673655,-0.121162,-0.0411035,0.174714,-0.267851,-0.0666643,-1.10475,-6.49789,0.440797,-0.0353167,-0.249106,-0.223719,47.9273,0.540614,0.00901988,-0.108162
58.32,0.725532,0.675762,-0.122912,-0.0429256,0.259137,-0.117676,-0.0169446,-1.10607,-6.50336,0.434304,-0.0310685,-0.224669,-0.232448,49.6779,0.508028,-0.197611,0.19721
58.34,0.723506,0.677851,-0.123431,-0.042672,0.385164,-0.0078884,0.0493855,-1.10694,-6.50663,0.42994,-0.0299903,-0.207202,-0.232137,48.2125,0.531379,-0.10756,0.0692889
58.36,0.720919,0.680638,-0.123755,-0.0411271,0.455007,0.12589,0.13147,-1.10777,-6.50954,0.425679,-0.0270271,-0.182447,-0.223045,48.7946,0.53261,-0.0496488,-0.0142497
58.38,0.716249,0.68575,-0.124001,-0.0368615,0.636608,0.203285,0.208363,-1.10889,-6.51336,0.419319,-0.0216551,-0.146729,-0.207822,48.468,0.538736,-0.0181424,-0.0984286
58.4,0.712082,0.690196,-0.124292,-0.0334742,0.792088,0.178833,0.218365,-1.10973,-6.51531,0.415561,-0.0169699,-0.130944,-0.197924,51.1749,0.528099,-0.0903338,0.0126899
58.42,0.706967,0.695503,-0.12476,-0.0301442,0.919288,0.153142,0.201718,-1.11071,-6.51707,0.411982,-0.0131736,-0.121517,-0.194373,50.6635,0.520879,-0.0710735,-0.00603899
58.44,0.698025,0.704515,-0.12561,-0.0253164,1.01124,0.151622,0.188922,-1.112,-6.51947,0.406609,-0.00608374,-0.109568,-0.197046,46.9525,0.514819,-0.0907307,0.0501848
58.46,0.692069,0.710399,-0.12605,-0.0220355,0.943483,0.17677,0.19751,-1.11268,-6.52099,0.402941,0.00283753,-0.108181,-0.204191,46.2176,0.521401,0.00452315,-0.100797
58.48,0.689332,0.713082,-0.12617,-0.0203898,0.890995,0.183232,0.178252,-1.11294,-6.52175,0.401052,0.00591704,-0.110755,-0.210736,51.5705,0.531366,-0.0624335,-0.0177142
58.5,0.6829,0.719341,-0.126277,-0.0158455,0.576664,0.18372,0.159443,-1.11377,-6.52436,0.394923,0.0171119,-0.117114,-0.223914,46.1252,0.535535,-0.053793,-0.00494665
58.52,0.681421,0.72078,-0.126225,-0.0144819,0.466828,0.204959,0.150427,-1.11416,-6.52524,0.392953,0.0210733,-0.117949,-0.227692,49.8391,0.511293,-0.168252,0.149333
58.54,0.67788,0.724236,-0.125994,-0.00931311,0.181615,0.182253,0.158037,-1.11523,-6.52904,0.384632,0.0376998,-0.13349,-0.24744,45.1517,0.532528,-0.0491656,0.0139095
58.56,0.677253,0.72484,-0.126018,-0.00737339,0.0925357,0.130098,0.131188,-1.11549,-6.53126,0.380186,0.0444568,-0.147041,-0.257976,49.5175,0.541141,-0.0867291,0.0638461
58.58,0.677062,0.72502,-0.126055,-0.00664261,0.0763069,0.101534,0.115422,-1.11556,-6.53245,0.377906,0.0477678,-0.154595,-0.262836,46.7435,0.535806,0.0581109,-0.180655
58.6,0.67651,0.725449,-0.126595,-0.00554465,0.0542379,-0.018057,0.0609554,-1.11533,-6.53653,0.370583,0.0635123,-0.166899,-0.266601,48.1055,0.510458,-0.206936,0.203485
58.62,0.676159,0.725665,-0.127229,-0.00567979,0.05048,-0.104861,0.0330644,-1.11566,-6.53952,0.366116,0.0710564,-0.179342,-0.27401,46.1623,0.548782,-0.0260993,-0.0254656
58.64,0.675502,0.725979,-0.128837,-0.00726642,0.027842,-0.202553,-0.00993181,-1.11574,-6.54441,0.359124,0.0843992,-0.196471,-0.283667,49.2561,0.546871,0.00107985,-0.0384803
58.66,0.675164,0.725989,-0.130436,-0.0089257,-0.0267308,-0.263143,0.0124313,-1.11548,-6.54791,0.354329,0.098278,-0.205284,-0.28637,47.8863,0.54565,0.0276028,-0.122563
58.68,0.675285,0.725507,-0.132332,-0.0108459,-0.118353,-0.303599,0.0167356,-1.11489,-6.55156,0.349478,0.11365,-0.213696,-0.290152,44.8543,0.529976,-0.117891,0.0856098
58.7,0.675584,0.725022,-0.13337,-0.0119023,-0.144376,-0.327986,0.0210699,-1.11448,-6.55346,0.347006,0.118354,-0.221223,-0.296522,44.5608,0.510548,-0.210289,0.23877
58.72,0.678192,0.721539,-0.138266,-0.0178782,-0.364907,-0.466004,-0.00732825,-1.11291,-6.56238,0.336396,0.13452,-0.252569,-0.322005,47.8667,0.552514,-0.0363765,-0.0100373
58.74,0.680204,0.718939,-0.141335,-0.0217664,-0.450471,-0.53626,0.00730028,-1.11225,-6.5672,0.331154,0.145189,-0.262699,-0.328221,49.1593,0.540684,-0.151324,0.154569
58.76,0.681295,0.717493,-0.143076,-0.0238706,-0.452791,-0.575205,0.0115874,-1.11183,-6.56967,0.328484,0.149693,-0.267643,-0.332331,47.0985,0.571672,-0.0675097,0.0583523
58.78,0.6843,0.713434,-0.147922,-0.0293893,-0.40975,-0.562448,0.0300866,-1.11032,-6.5772,0.320423,0.1547,-0.272826,-0.331505,51.5307,0.569708,-0.080788,0.0637538
58.8,0.687079,0.709587,-0.152379,-0.0344953,-0.402367,-0.43241,0.0190607,-1.10903,-6.58498,0.312362,0.155459,-0.266669,-0.337889,47.4714,0.546597,-0.135883,0.154646
58.82,0.689336,0.706668,-0.154933,-0.0378446,-0.462785,-0.423116,-0.00887828,-1.10846,-6.5908,0.306615,0.151037,-0.261289,-0.341405,46.9916,0.552658,-0.0995521,0.0785829
58.84,0.691805,0.703627,-0.156931,-0.0410966,-0.492508,-0.360905,-0.0391477,-1.10803,-6.59607,0.301232,0.152808,-0.251741,-0.347384,47.4363,0.55275,-0.119145,0.128831
58.86,0.694624,0.700324,-0.158364,-0.0443302,-0.542185,-0.276283,-0.0778255,-1.10749,-6.60113,0.295712,0.152221,-0.240618,-0.352779,48.6227,0.563109,-0.0795701,0.100079
58.88,0.696112,0.698622,-0.158899,-0.0459061,-0.544813,-0.279684,-0.0873752,-1.10718,-6.60358,0.29289,0.152321,-0.234444,-0.358076,45.6525,0.578976,-0.0566685,0.00994217
58.9,0.703617,0.690652,-0.159043,-0.0512729,-0.711546,-0.0563153,-0.1206,-1.10629,-6.61313,0.281206,0.146193,-0.215232,-0.384487,44.6559,0.579769,-0.0868755,0.0510048
58.92,0.705912,0.6883,-0.158672,-0.0524751,-0.785842,-0.0339654,-0.137284,-1.10642,-6.61568,0.278234,0.144314,-0.211045,-0.391194,48.8574,0.577281,0.00477173,-0.047907
58.94,0.713288,0.680824,-0.156808,-0.0557695,-0.836181,0.0279891,-0.153795,-1.10653,-6.62332,0.268179,0.139098,-0.195929,-0.416449,47.7954,0.599423,-0.055295,0.0029537
58.96,0.715879,0.678191,-0.15604,-0.0567885,-0.856505,0.0335154,-0.1514,-1.10659,-6.62563,0.264876,0.140677,-0.187121,-0.422435,45.0657,0.597286,0.063784,-0.111568
58.98,0.727897,0.665842,-0.152163,-0.0605532,-1.14909,0.102355,-0.143657,-1.10655,-6.63401,0.251077,0.137919,-0.15896,-0.44304,49.5755,0.586856,-0.0992011,0.103487
59,0.73579,0.65742,-0.149962,-0.0626332,-1.38743,0.0987209,-0.127978,-1.10641,-6.63788,0.243915,0.135542,-0.157666,-0.448089,51.0551,0.576808,-0.146513,0.139839
59.02,0.744601,0.647648,-0.147947,-0.0650668,-1.52037,0.0517803,-0.118754,-1.10738,-6.64252,0.237069,0.130965,-0.162874,-0.45348,41.9342,0.595516,-0.054092,-0.00614896
59.04,0.753404,0.637444,-0.146359,-0.0680174,-1.50639,-0.0364403,-0.12837,-1.10808,-6.64742,0.22938,0.126271,-0.168858,-0.461498,44.3651,0.592967,-0.0115486,-0.0113008
59.06,0.761448,0.627645,-0.145471,-0.0713925,-1.41848,-0.128633,-0.113496,-1.10888,-6.65206,0.222172,0.126432,-0.17126,-0.467223,47.0799,0.56565,-0.193862,0.219879
59.08,0.772445,0.613429,-0.145528,-0.0765196,-1.32821,-0.214121,-0.0319554,-1.10972,-6.65898,0.211245,0.134229,-0.174586,-0.462288,44.9477,0.603763,-0.0341663,0.00217744
59.1,0.779199,0.604203,-0.146433,-0.0796504,-1.26456,-0.277158,0.0313638,-1.1106,-6.66397,0.204231,0.139616,-0.181255,-0.453146,45.143,0.592722,-0.145827,0.127245
59.12,0.782347,0.599733,-0.147183,-0.0811829,-1.21963,-0.308428,0.0432118,-1.11125,-6.66668,0.200865,0.141723,-0.187333,-0.448899,44.9318,0.599006,0.0940053,-0.190209
59.14,0.787836,0.591562,-0.149324,-0.0840886,-1.03742,-0.367785,0.0993914,-1.11232,-6.67217,0.194185,0.15105,-0.196799,-0.44129,47.0558,0.60558,-0.00994834,-0.0419593
59.16,0.794281,0.581231,-0.153726,-0.0875083,-0.80798,-0.407386,0.192011,-1.11276,-6.68098,0.183264,0.173209,-0.206584,-0.42658,46.7501,0.584786,-0.159553,0.14234
59.18,0.799536,0.572051,-0.159208,-0.0902918,-0.752158,-0.464903,0.222507,-1.1127,-6.68932,0.173791,0.191964,-0.217126,-0.405548,46.9774,0.586593,-0.0429709,0.0421432
59.2,0.802867,0.565876,-0.163268,-0.0923767,-0.750328,-0.505987,0.219748,-1.11279,-6.69532,0.167908,0.201035,-0.230738,-0.389835,44.1138,0.595212,-0.106263,0.127948
59.22,0.806279,0.559466,-0.167243,-0.094559,-0.776615,-0.50421,0.209703,-1.11307,-6.70179,0.16246,0.213081,-0.243685,-0.371133,49.6108,0.582861,-0.0852476,0.10681
59.24,0.809598,0.553165,-0.170906,-0.0967012,-0.748135,-0.449954,0.18416,-1.11293,-6.70838,0.157292,0.226278,-0.256435,-0.35082,48.2729,0.527335,-0.246611,0.313656
59.26,0.814233,0.544032,-0.176084,-0.100237,-0.721394,-0.4571,0.129611,-1.11205,-6.71847,0.150111,0.238156,-0.274923,-0.318779,44.191,0.558602,-0.131008,0.167457
59.28,0.81566,0.541123,-0.177699,-0.101531,-0.696401,-0.454374,0.108412,-1.11162,-6.72192,0.147886,0.238963,-0.283699,-0.306844,45.7078,0.568932,-0.16812,0.205199
59.3,0.819068,0.533504,-0.182416,-0.105952,-0.529964,-0.498529,0.00783334,-1.10997,-6.73231,0.141828,0.247727,-0.287979,-0.266743,45.8096,0.585393,-0.0433792,0.0434621
59.32,0.820377,0.528516,-0.187334,-0.112069,-0.302173,-0.599888,-0.175601,-1.1093,-6.74393,0.137003,0.246933,-0.287035,-0.234825,44.0053,0.569016,-0.035546,0.0487615
59.34,0.820245,0.527548,-0.189041,-0.114693,-0.201289,-0.661397,-0.250871,-1.10913,-6.74761,0.135631,0.243319,-0.288926,-0.230096,48.797,0.542487,-0.161335,0.219635
59.36,0.819225,0.526475,-0.19253,-0.120941,-0.0680428,-0.749615,-0.405108,-1.10872,-6.75489,0.132928,0.236649,-0.289441,-0.225859,45.641,0.554562,-0.110255,0.135447
59.38,0.816738,0.525729,-0.197439,-0.132537,-0.109984,-0.805531,-0.594062,-1.10801,-6.76562,0.128752,0.222641,-0.291223,-0.230762,48.9559,0.47358,-0.301181,0.437677
59.4,0.816067,0.525131,-0.198812,-0.136912,-0.194013,-0.805255,-0.632552,-1.1078,-6.76919,0.127277,0.214213,-0.297581,-0.235742,47.065,0.569003,-0.0347596,0.0663514
59.42,0.815304,0.522971,-0.201005,-0.14621,-0.37785,-0.781726,-0.689629,-1.10804,-6.77676,0.124447,0.197293,-0.309775,-0.247064,46.1772,0.574081,-0.104947,0.130892
59.44,0.81478,0.518598,-0.203447,-0.16062,-0.421961,-0.737384,-0.703047,-1.10909,-6.78914,0.119721,0.181061,-0.313276,-0.266431,47.5203,0.552127,-0.156486,0.193558
59.46,0.814293,0.5143,-0.205532,-0.173723,-0.403141,-0.639266,-0.595296,-1.11024,-6.80077,0.114746,0.17462,-0.310696,-0.280245,47.2235,0.570274,-0.164194,0.207405
59.48,0.81399,0.511618,-0.206919,-0.18125,-0.350351,-0.58966,-0.501977,-1.1109,-6.80833,0.111131,0.1686,-0.306293,-0.288901,48.5292,0.592291,-0.0724588,0.0539653
59.5,0.813693,0.509194,-0.208391,-0.187612,-0.295003,-0.517947,-0.391872,-1.1115,-6.81569,0.107318,0.161479,-0.300508,-0.294354,48.6394,0.537422,-0.250596,0.294249
59.52,0.813417,0.506177,-0.210686,-0.194291,-0.185034,-0.368876,-0.174655,-1.11353,-6.82695,0.101858,0.148155,-0.295004,-0.302647,48.3909,0.571412,-0.127263,0.151231
59.54,0.813372,0.504624,-0.212261,-0.196787,-0.126692,-0.273132,-0.0456178,-1.11502,-6.83481,0.0977397,0.138819,-0.288264,-0.306178,47.5601,0.494841,-0.304364,0.375115
59.56,0.813326,0.503528,-0.214031,-0.197868,-0.047784,-0.213206,0.0785125,-1.11668,-6.84204,0.0939107,0.129891,-0.283878,-0.31126,44.8836,0.557953,-0.18043,0.218757
59.58,0.813267,0.503161,-0.215021,-0.197967,-0.00619185,-0.198976,0.129309,-1.11751,-6.84559,0.0919328,0.124779,-0.282438,-0.313455,46.9842,0.557829,-0.191178,0.218403
59.6,0.813061,0.502512,-0.219078,-0.196006,0.086119,-0.101925,0.268864,-1.12085,-6.85936,0.0836435,0.0986153,-0.277093,-0.321575,50.1299,0.600803,-0.0612502,0.0328219
59.62,0.813056,0.502348,-0.221174,-0.194085,0.096728,-0.0741945,0.313561,-1.12353,-6.86633,0.0799911,0.0844543,-0.273962,-0.323872,47.283,0.571614,-0.199729,0.21345
59.64,0.81322,0.502044,-0.223208,-0.191842,0.0551281,-0.0460247,0.348048,-1.12625,-6.87314,0.0762086,0.0713309,-0.272534,-0.324134,48.8048,0.549648,-0.24457,0.26651
59.66,0.813637,0.501495,-0.225139,-0.189237,0.0372015,-0.00748692,0.384801,-1.12885,-6.88021,0.0718396,0.0630251,-0.268889,-0.325551,48.9204,0.532353,-0.264329,0.294383
59.68,0.814529,0.500426,-0.22797,-0.184785,0.015497,0.00696611,0.42695,-1.13283,-6.8899,0.0657228,0.0511224,-0.259949,-0.33228,46.039,0.59644,-0.0578666,0.00522237
59.7,0.815321,0.499552,-0.229689,-0.1815,-0.00736722,0.0490809,0.450502,-1.1354,-6.89608,0.061444,0.0477223,-0.251184,-0.336161,45.824,0.562109,-0.169549,0.170786
59.72,0.81586,0.498966,-0.23043,-0.179742,-0.0473883,0.0808852,0.457686,-1.13708,-6.8991,0.0596046,0.0456241,-0.247141,-0.339114,45.4497,0.55104,-0.251187,0.25128
59.74,0.817957,0.49661,-0.232176,-0.174412,-0.135941,0.116574,0.463802,-1.14198,-6.9079,0.0537436,0.0377796,-0.238393,-0.349663,47.7691,0.587607,-0.142379,0.119642
59.76,0.818769,0.495637,-0.23269,-0.172675,-0.158458,0.11358,0.462276,-1.14355,-6.91073,0.051664,0.036642,-0.233404,-0.354644,48.9915,0.599622,-0.124133,0.121769
59.78,0.82273,0.49051,-0.234205,-0.166323,-0.328196,0.133636,0.42785,-1.14949,-6.92178,0.0421718,0.0303875,-0.216083,-0.37016,47.129,0.58564,-0.180307,0.166035
59.8,0.823962,0.488729,-0.234507,-0.165034,-0.377708,0.112935,0.409286,-1.15091,-6.92432,0.0397773,0.0260957,-0.213215,-0.375307,50.9427,0.547731,-0.257307,0.278393
59.82,0.827762,0.483009,-0.235301,-0.161697,-0.418746,0.0671338,0.379227,-1.15619,-6.93153,0.0333567,0.0248084,-0.200149,-0.382184,47.3378,0.483755,-0.37017,0.436044
59.84,0.830199,0.479137,-0.235926,-0.159802,-0.417335,0.0602524,0.358609,-1.15949,-6.93605,0.0288569,0.0245813,-0.189915,-0.383703,44.3364,0.588068,-0.166642,0.158524
59.86,0.832666,0.475136,-0.236523,-0.158019,-0.445573,0.0436475,0.353134,-1.16261,-6.94034,0.0242336,0.0221169,-0.182083,-0.38265,45.4365,0.588596,-0.153493,0.1156
59.88,0.836458,0.468977,-0.237216,-0.15533,-0.444431,0.05518,0.354601,-1.16697,-6.94664,0.0166309,0.0249724,-0.167832,-0.375266,46.0007,0.572049,-0.23439,0.212858
59.9,0.837697,0.466987,-0.237425,-0.154325,-0.424958,0.0678017,0.359082,-1.16832,-6.94854,0.0142815,0.0258029,-0.164601,-0.373358,43.882,0.592553,-0.194494,0.191772
59.92,0.841014,0.461776,-0.238001,-0.151039,-0.321506,0.0831354,0.361518,-1.1732,-6.9535,0.00821712,0.0299419,-0.150944,-0.365437,51.5156,0.601499,-0.108902,0.0522225
59.94,0.841994,0.460325,-0.23813,-0.149807,-0.283003,0.114933,0.362273,-1.17471,-6.95505,0.00617871,0.0320055,-0.145997,-0.36265,46.4546,0.592931,-0.167397,0.109817
59.96,0.844377,0.457036,-0.238513,-0.145795,-0.145628,0.11334,0.340858,-1.17884,-6.95937,-2.68593e-05,0.0357278,-0.131368,-0.359839,48.6844,0.516993,-0.319075,0.345074
59.98,0.846233,0.454739,-0.238566,-0.142087,-0.144245,0.148323,0.2722,-1.18259,-6.96349,-0.00699451,0.0312095,-0.123424,-0.360137,45.2032,0.603715,-0.12375,0.0890743
60,0.847545,0.453128,-0.238167,-0.14007,-0.180396,0.165312,0.225442,-1.18534,-6.9658,-0.0110806,0.0270091,-0.122572,-0.361484,47.1104,0.59343,-0.201107,0.199914
60.02,0.848245,0.452286,-0.2378,-0.139172,-0.1915,0.1743,0.20452,-1.18684,-6.96682,-0.0130053,0.0240896,-0.122675,-0.362685,44.1022,0.603877,-0.0686437,0.00422519
60.04,0.850824,0.449332,-0.235854,-0.136282,-0.171252,0.18361,0.112994,-1.19249,-6.97078,-0.0210686,0.0218165,-0.117401,-0.363358,47.2594,0.563143,-0.249825,0.23116
60.06,0.851334,0.448754,-0.235377,-0.135822,-0.147179,0.142606,0.0808248,-1.19382,-6.97174,-0.0231612,0.0202991,-0.116664,-0.363494,43.8088,0.523613,-0.307615,0.362412
60.08,0.852647,0.447252,-0.233861,-0.135159,-0.135301,0.133526,0.0145635,-1.19769,-6.97459,-0.0296103,0.0138202,-0.117778,-0.363876,45.8772,0.581215,-0.1874,0.11679
60.1,0.853424,0.44643,-0.232773,-0.134849,-0.13316,0.146519,0.0178416,-1.20039,-6.97643,-0.0342893,0.0134494,-0.121621,-0.364978,48.5813,0.58016,-0.243214,0.216805
60.12,0.855238,0.444387,-0.230579,-0.133872,-0.242016,0.225164,0.0847032,-1.20467,-6.97874,-0.0402559,0.00535676,-0.136867,-0.364503,44.9833,0.610874,-0.110824,0.0517757
60.14,0.856978,0.442263,-0.228808,-0.132812,-0.30764,0.257908,0.116115,-1.20745,-6.98055,-0.0443932,-0.000720383,-0.148978,-0.364446,47.8915,0.596773,-0.145745,0.0991886
60.16,0.857971,0.440989,-0.227919,-0.132164,-0.337702,0.250619,0.141837,-1.20882,-6.98153,-0.046493,-0.00199905,-0.153338,-0.362372,45.2323,0.549724,-0.281578,0.264559
60.18,0.861459,0.436422,-0.225205,-0.129256,-0.381313,0.302192,0.269579,-1.21276,-6.98478,-0.0528097,-0.00348487,-0.171334,-0.351367,42.5576,0.54244,-0.284228,0.267351
60.2,0.86258,0.435018,-0.224407,-0.127897,-0.314389,0.303468,0.301581,-1.21399,-6.98598,-0.0548997,-0.00103355,-0.176313,-0.347149,47.2642,0.583186,-0.216572,0.176332
60.22,0.863903,0.433977,-0.224106,-0.122933,0.257644,0.102058,0.370507,-1.21781,-6.98936,-0.0609513,0.00725668,-0.186657,-0.332417,44.2017,0.5756,-0.185381,0.157287
60.24,0.86313,0.436105,-0.225194,-0.11877,0.374375,0.114535,0.426432,-1.2202,-6.99138,-0.0641065,0.0124953,-0.19608,-0.303928,50.2733,0.591719,-0.179587,0.143466
60.26,0.861844,0.439481,-0.227139,-0.111758,0.33671,0.118259,0.464781,-1.22362,-6.99496,-0.068275,-0.00191209,-0.223505,-0.267606,46.5631,0.573539,-0.19614,0.168167
60.28,0.86175,0.440212,-0.227315,-0.109217,0.248989,0.264621,0.474095,-1.22478,-6.99633,-0.0695164,-0.00645704,-0.229307,-0.255327,47.7428,0.5736,-0.165305,0.134478
60.3,0.863194,0.439996,-0.226411,-0.100191,-0.0353543,0.374324,0.387794,-1.22987,-7.00256,-0.0739333,-0.0316468,-0.254775,-0.222371,46.5708,0.549344,-0.174719,0.160625
60.32,0.863846,0.439562,-0.225667,-0.0981362,-0.064726,0.350842,0.355063,-1.23135,-7.00404,-0.0747197,-0.0303357,-0.255335,-0.214853,49.4293,0.534973,-0.259161,0.241696
60.34,0.86483,0.439276,-0.224147,-0.0941457,0.0568714,0.357363,0.315429,-1.2342,-7.00679,-0.075987,-0.0311799,-0.251787,-0.20032,46.9376,0.539892,-0.23793,0.213162
60.36,0.865236,0.440737,-0.222085,-0.0882937,0.245715,0.339156,0.280839,-1.23815,-7.01085,-0.0774385,-0.0281472,-0.243894,-0.162618,47.9726,0.561598,-0.153376,0.109095
60.38,0.865074,0.442565,-0.220647,-0.0842526,0.310622,0.362717,0.278355,-1.24054,-7.01348,-0.0779573,-0.0218812,-0.238059,-0.135328,47.8687,0.525045,-0.190533,0.174573
60.4,0.86468,0.445877,-0.217979,-0.0775017,0.291112,0.46643,0.311107,-1.24378,-7.0171,-0.0776435,-0.00654352,-0.232342,-0.0901555,47.9529,0.489081,-0.244399,0.291528
60.42,0.864701,0.446784,-0.216872,-0.0751207,0.274427,0.454287,0.309277,-1.24484,-7.01811,-0.0771246,-0.00244094,-0.230275,-0.0777517,48.6639,0.537558,-0.167659,0.155167
60.44,0.864693,0.449804,-0.212997,-0.0679334,0.335146,0.505838,0.278377,-1.24766,-7.02115,-0.0752456,0.0107251,-0.219018,-0.0516698,48.7084,0.491117,-0.235362,0.267774
60.46,0.864558,0.451021,-0.211718,-0.0655405,0.344152,0.489217,0.274013,-1.24843,-7.0221,-0.0745357,0.0177447,-0.21229,-0.0425758,45.9964,0.513243,-0.202003,0.224392
60.48,0.862993,0.45693,-0.207713,-0.0575665,0.42653,0.3542,0.140608,-1.2508,-7.02593,-0.071502,0.0313381,-0.1941,-0.0245153,46.1304,0.51363,-0.19958,0.206469
60.5,0.86241,0.458531,-0.206967,-0.05624,0.419327,0.256442,0.0887347,-1.25129,-7.02676,-0.0707261,0.0315234,-0.19124,-0.0224472,50.8858,0.50032,-0.209007,0.25543
60.52,0.860641,0.462999,-0.204913,-0.0542085,0.321074,0.138144,-0.0728696,-1.25314,-7.02838,-0.0674958,0.0292952,-0.180629,-0.0206575,45.267,0.457649,-0.288117,0.363563
60.54,0.859294,0.466338,-0.202791,-0.0549344,0.186864,0.0894153,-0.236513,-1.2549,-7.03002,-0.0646786,0.0191628,-0.180713,-0.0335409,48.6157,0.524601,-0.158259,0.150125
60.56,0.858613,0.46805,-0.201193,-0.0568627,0.100996,0.0435744,-0.343719,-1.25614,-7.03156,-0.0633103,0.00634047,-0.187093,-0.050293,46.3414,0.491824,-0.248561,0.290032
60.58,0.858216,0.469175,-0.19941,-0.0597975,0.0127652,0.0171147,-0.428004,-1.25756,-7.03306,-0.0622764,-0.00786391,-0.197081,-0.0645796,52.2416,0.499701,-0.277551,0.329819
60.6,0.85815,0.469489,-0.198425,-0.061535,-0.0302732,0.00289252,-0.444191,-1.25832,-7.0339,-0.0618924,-0.0147928,-0.203449,-0.0715884,48.7711,0.51796,-0.198152,0.206451
60.62,0.858371,0.46968,-0.19519,-0.0670879,-0.13189,0.0324303,-0.466659,-1.26098,-7.03599,-0.0604631,-0.0273276,-0.210394,-0.0887095,47.1846,0.536261,-0.200376,0.171798
60.64,0.858572,0.469523,-0.194041,-0.0689192,-0.157823,0.042545,-0.450839,-1.26193,-7.03665,-0.0600165,-0.0322129,-0.21475,-0.093825,49.4096,0.555598,-0.090677,0.0273102
60.66,0.859732,0.468256,-0.189448,-0.0755351,-0.216712,0.0869613,-0.370238,-1.26583,-7.04016,-0.0592558,-0.0405137,-0.227811,-0.118667,49.8571,0.467475,-0.341268,0.356006
60.68,0.860153,0.467725,-0.188315,-0.0768605,-0.230233,0.0922809,-0.330902,-1.26678,-7.0411,-0.0592378,-0.0415596,-0.231915,-0.123788,50.9087,0.558713,-0.0806185,-0.00493818
60.7,0.861173,0.466336,-0.186126,-0.0791784,-0.266059,0.0985748,-0.273142,-1.26859,-7.0431,-0.0594153,-0.0404066,-0.235813,-0.132998,48.4696,0.527723,-0.235713,0.225562
60.72,0.862327,0.464594,-0.184224,-0.0812823,-0.295508,0.0710947,-0.235109,-1.27055,-7.04451,-0.0590887,-0.0375845,-0.23631,-0.139363,49.84,0.490237,-0.326846,0.342639
60.74,0.864149,0.461404,-0.182264,-0.0844562,-0.341951,-0.00909801,-0.200569,-1.2732,-7.04682,-0.0590229,-0.0272019,-0.232735,-0.144763,48.767,0.534744,-0.25049,0.258278
60.76,0.865366,0.458946,-0.181616,-0.0867496,-0.358227,-0.0792364,-0.183524,-1.27471,-7.04845,-0.0592019,-0.0211477,-0.229745,-0.145528,48.762,0.536393,-0.205638,0.186855
60.78,0.866937,0.455075,-0.181762,-0.0910474,-0.362339,-0.209621,-0.222114,-1.27668,-7.05128,-0.0599067,-0.013948,-0.222097,-0.142705,46.2793,0.519596,-0.203897,0.197414
60.8,0.867761,0.452459,-0.182544,-0.0946011,-0.372879,-0.279963,-0.244865,-1.27777,-7.05294,-0.0603226,-0.00968871,-0.216115,-0.139446,50.7031,0.514814,-0.239418,0.249854
60.82,0.868125,0.451115,-0.183086,-0.0966134,-0.368011,-0.331913,-0.275303,-1.27842,-7.05343,-0.0601936,-0.0099648,-0.215218,-0.138358,49.487,0.529432,-0.220928,0.220839
60.84,0.869709,0.444778,-0.185916,-0.105896,-0.440055,-0.436758,-0.31978,-1.28073,-7.0555,-0.0599826,-0.00846045,-0.207219,-0.139318,49.4206,0.514306,-0.278751,0.266401
60.86,0.870038,0.443105,-0.186829,-0.108565,-0.450699,-0.473167,-0.345384,-1.28127,-7.05604,-0.0600475,-0.00965498,-0.203629,-0.142735,46.7092,0.517065,-0.246375,0.27337
60.88,0.870783,0.437886,-0.190117,-0.117675,-0.485269,-0.582558,-0.428814,-1.28297,-7.05801,-0.0608454,-0.0216851,-0.197382,-0.15399,47.545,0.493265,-0.306826,0.297122
60.9,0.870985,0.436009,-0.191367,-0.121075,-0.508158,-0.627466,-0.459126,-1.28358,-7.05858,-0.0611665,-0.0266285,-0.196502,-0.157606,45.9547,0.531029,-0.233198,0.210272
60.92,0.872371,0.426455,-0.196346,-0.136213,-0.710305,-0.687121,-0.517212,-1.28685,-7.06026,-0.0620245,-0.0488647,-0.194684,-0.166443,48.8471,0.51274,-0.276663,0.27204
60.94,0.873481,0.420325,-0.198721,-0.144455,-0.836086,-0.687784,-0.531431,-1.28874,-7.06111,-0.0625923,-0.0581582,-0.195202,-0.168334,45.7657,0.51251,-0.250413,0.25264
60.96,0.874998,0.413094,-0.200914,-0.152857,-0.969928,-0.677431,-0.52174,-1.29071,-7.0621,-0.0633094,-0.0656717,-0.197547,-0.168279,48.42,0.510465,-0.297796,0.28149
60.98,0.876833,0.404959,-0.202957,-0.161185,-1.05058,-0.670687,-0.483873,-1.29271,-7.06321,-0.0641258,-0.0695015,-0.196465,-0.164906,49.0464,0.506277,-0.2865,0.297927
61,0.87873,0.396461,-0.204971,-0.169231,-1.06055,-0.66309,-0.455956,-1.29477,-7.06464,-0.0652369,-0.0669463,-0.187905,-0.161905,46.711,0.56822,-0.15062,0.0951588
61.02,0.8816,0.383279,-0.207948,-0.180653,-1.11369,-0.626155,-0.389722,-1.29801,-7.06549,-0.0659055,-0.0622752,-0.167076,-0.152271,46.5388,0.534944,-0.183049,0.161122
61.04,0.882702,0.378538,-0.208779,-0.184275,-1.16824,-0.599051,-0.367963,-1.29902,-7.0657,-0.0661172,-0.0604387,-0.159821,-0.146504,50.2691,0.55347,-0.196043,0.13711
61.06,0.886148,0.363832,-0.21113,-0.194401,-1.20318,-0.56721,-0.286595,-1.30185,-7.06611,-0.0665863,-0.054728,-0.138564,-0.123887,50.2163,0.516486,-0.252998,0.271215
61.08,0.889801,0.34848,-0.213277,-0.203295,-1.21788,-0.530942,-0.188313,-1.30431,-7.06614,-0.0665848,-0.0424528,-0.113223,-0.0938109,49.4113,0.517951,-0.249303,0.245536
61.1,0.892149,0.338369,-0.214827,-0.208388,-1.15343,-0.506036,-0.112498,-1.3059,-7.06591,-0.0661857,-0.0279797,-0.0962933,-0.074169,47.4513,0.468405,-0.283952,0.286649
61.12,0.893277,0.333514,-0.2156,-0.210573,-1.10516,-0.486529,-0.0755559,-1.30662,-7.06557,-0.0657426,-0.0198181,-0.0892203,-0.065478,47.2673,0.494729,-0.27764,0.313255
61.14,0.89642,0.319842,-0.218172,-0.215716,-0.958216,-0.445839,0.0413106,-1.30823,-7.06434,-0.0641454,0.00410303,-0.0703653,-0.0410983,48.0088,0.518581,-0.21125,0.207575
61.16,0.897417,0.31552,-0.21909,-0.217002,-0.948572,-0.427539,0.0843203,-1.30859,-7.06388,-0.0635193,0.0136269,-0.0650861,-0.0306819,48.4859,0.47379,-0.282138,0.338537
61.18,0.899454,0.307058,-0.220879,-0.218884,-0.914705,-0.383862,0.158705,-1.309,-7.06289,-0.0620388,0.0332243,-0.0566302,-0.00680077,48.4108,0.499353,-0.201694,0.244077
61.2,0.903042,0.291346,-0.225324,-0.22105,-0.73301,-0.431714,0.233107,-1.30894,-7.06066,-0.058018,0.0639018,-0.0426571,0.0336336,48.1278,0.49896,-0.189094,0.222101
61.22,0.903687,0.287866,-0.226828,-0.221432,-0.670237,-0.471614,0.238488,-1.30872,-7.06001,-0.0566801,0.0726946,-0.0376667,0.0429035,47.5857,0.507589,-0.17335,0.203163
61.24,0.904825,0.278747,-0.232456,-0.222613,-0.511894,-0.580442,0.203261,-1.30783,-7.0577,-0.0526104,0.0958558,-0.0194924,0.0623644,48.3314,0.441093,-0.27688,0.386652
61.26,0.90511,0.27309,-0.23697,-0.223705,-0.496163,-0.637647,0.184337,-1.30684,-7.05603,-0.0497027,0.109646,-0.0101285,0.079612,48.509,0.437891,-0.291754,0.432089
61.28,0.905414,0.264149,-0.2441,-0.225534,-0.532084,-0.665849,0.192446,-1.30468,-7.05342,-0.0449956,0.136079,-0.0013838,0.100422,48.646,0.511182,-0.158887,0.207693
61.3,0.905478,0.261152,-0.246517,-0.22614,-0.517166,-0.68122,0.188311,-1.30377,-7.05255,-0.0433515,0.146312,0.000703683,0.108634,46.2686,0.519735,-0.116332,0.121535
61.32,0.905709,0.251832,-0.253793,-0.227731,-0.531456,-0.678661,0.217797,-1.30032,-7.0495,-0.0375419,0.183504,0.00669169,0.132785,50.0458,0.493824,-0.138788,0.204333
61.34,0.905721,0.248749,-0.256312,-0.228247,-0.511202,-0.700145,0.212981,-1.29907,-7.04843,-0.0355155,0.191257,0.00761303,0.140447,46.9911,0.456714,-0.219142,0.28938
61.36,0.904945,0.236963,-0.267703,-0.230776,-0.468193,-0.820217,0.17429,-1.29318,-7.04438,-0.0272376,0.218524,0.00259632,0.156395,49.7926,0.456499,-0.236658,0.387981
61.38,0.904542,0.234014,-0.270928,-0.231599,-0.458025,-0.878468,0.165371,-1.29154,-7.04347,-0.0251333,0.224938,-3.49638e-05,0.160741,52.1122,0.493573,-0.138006,0.183824
61.4,0.903033,0.225332,-0.280928,-0.234171,-0.415522,-0.902314,0.159196,-1.28633,-7.04082,-0.0185158,0.246507,-0.0126891,0.1736,49.5291,0.50793,-0.130398,0.206001
61.42,0.902422,0.222623,-0.284377,-0.234954,-0.370301,-0.911271,0.165223,-1.28453,-7.03993,-0.0161484,0.253399,-0.0197105,0.177489,49.0417,0.485042,-0.0860086,0.165959
61.44,0.900395,0.215565,-0.294611,-0.236695,-0.234578,-0.84312,0.188156,-1.27826,-7.03788,-0.0087802,0.275441,-0.0455711,0.185427,47.4671,0.500919,-0.0790614,0.146253
61.46,0.898185,0.210037,-0.304469,-0.237588,-0.134667,-0.801598,0.176509,-1.27178,-7.03667,-0.00167613,0.286005,-0.0719365,0.190233,47.343,0.480428,-0.130716,0.224842
61.48,0.896484,0.20703,-0.310998,-0.238192,-0.100154,-0.799532,0.13835,-1.26712,-7.0364,0.00304791,0.288993,-0.0893053,0.18836,46.5128,0.48744,-0.0633365,0.106562
61.5,0.894527,0.204248,-0.317585,-0.239257,-0.0972556,-0.836075,0.0699073,-1.26259,-7.03646,0.0075665,0.283063,-0.105669,0.1858,47.1286,0.502239,-0.0355426,0.0411042
61.52,0.893418,0.202888,-0.320939,-0.240083,-0.0933122,-0.8541,0.0204526,-1.26047,-7.03652,0.00993619,0.27802,-0.113804,0.185077,48.1679,0.479241,-0.151042,0.268274
61.54,0.888367,0.197088,-0.334183,-0.245523,-0.147031,-0.911869,-0.146204,-1.2523,-7.03766,0.0191055,0.257651,-0.146116,0.180347,48.508,0.462315,-0.190465,0.323248
61.56,0.886941,0.195613,-0.337525,-0.247283,-0.194519,-0.926429,-0.165542,-1.25031,-7.03816,0.0213066,0.255048,-0.153026,0.177032,50.5047,0.497746,-0.111672,0.197721
61.58,0.882521,0.191012,-0.347162,-0.253277,-0.236798,-0.90214,-0.237728,-1.24413,-7.0404,0.027908,0.241947,-0.171301,0.169849,51.9149,0.494351,-0.0852182,0.132069
61.6,0.881001,0.189347,-0.350308,-0.255477,-0.262124,-0.934944,-0.253081,-1.24225,-7.04118,0.0299551,0.239231,-0.174045,0.168899,49.5669,0.464527,-0.181363,0.339155
61.62,0.876618,0.184366,-0.358878,-0.262216,-0.272637,-0.818651,-0.277379,-1.23681,-7.04376,0.0360189,0.230716,-0.177948,0.168476,51.9271,0.467927,-0.203038,0.340596
61.64,0.873719,0.181494,-0.364109,-0.266647,-0.235548,-0.766505,-0.295774,-1.23331,-7.04557,0.040014,0.231365,-0.177126,0.16599,49.4928,0.479041,-0.136103,0.235745
61.66,0.869714,0.178531,-0.370569,-0.272769,-0.150462,-0.575391,-0.312114,-1.22792,-7.04826,0.045793,0.233375,-0.165598,0.162475,48.7979,0.477399,-0.181891,0.306589
61.68,0.867545,0.177143,-0.373457,-0.276614,-0.153935,-0.42476,-0.323471,-1.22394,-7.05011,0.0497956,0.22833,-0.151753,0.166338,48.3041,0.479443,-0.146811,0.270062
61.7,0.865947,0.175821,-0.374947,-0.280425,-0.206081,-0.254184,-0.334508,-1.22033,-7.05149,0.0535832,0.225465,-0.133672,0.172501,50.0446,0.513132,-0.0343294,0.0348182
61.72,0.864443,0.173504,-0.374836,-0.286589,-0.354014,-0.110237,-0.384129,-1.21527,-7.05322,0.0594684,0.211758,-0.103588,0.184979,48.8715,0.495659,-0.137018,0.199314
61.74,0.863758,0.17185,-0.373704,-0.291094,-0.381226,-0.0494781,-0.421088,-1.21221,-7.05409,0.0635286,0.195363,-0.0853951,0.191344,51.5014,0.432154,-0.252336,0.416464
61.76,0.863046,0.170561,-0.372141,-0.295924,-0.353289,0.00135895,-0.480422,-1.20944,-7.05468,0.067653,0.177067,-0.0677161,0.198439,52.6963,0.47639,-0.159773,0.267735
61.78,0.862689,0.169994,-0.371218,-0.298441,-0.361322,0.0227586,-0.500431,-1.20815,-7.05487,0.0697428,0.164986,-0.059827,0.204712,50.2633,0.447515,-0.236713,0.367188
61.8,0.861447,0.16871,-0.366538,-0.308377,-0.341154,0.0938743,-0.527053,-1.20344,-7.05488,0.0785986,0.133118,-0.0166037,0.217876,49.2576,0.431504,-0.222025,0.370379
61.82,0.860804,0.168273,-0.364014,-0.313359,-0.31081,0.103325,-0.527527,-1.20194,-7.05472,0.0829398,0.116122,0.00150782,0.225953,50.9901,0.437025,-0.203666,0.319594
61.84,0.860144,0.168178,-0.361635,-0.317945,-0.240616,0.117353,-0.488943,-1.20065,-7.05427,0.0873714,0.103404,0.0178632,0.232161,47.6152,0.460319,-0.15207,0.221758
61.86,0.859272,0.168969,-0.35844,-0.323453,-0.113873,0.145827,-0.385848,-1.19898,-7.05315,0.0941416,0.0903063,0.0381326,0.243305,48.8752,0.449484,-0.180134,0.267228
61.88,0.859093,0.169434,-0.357443,-0.324787,-0.0790306,0.160995,-0.331606,-1.19842,-7.05266,0.0964407,0.0943212,0.045659,0.244876,48.2511,0.459075,-0.152156,0.249489
61.9,0.858903,0.170892,-0.354747,-0.327468,-0.0278483,0.161389,-0.183706,-1.19648,-7.0508,0.103912,0.100465,0.0654546,0.260374,51.0449,0.466916,-0.158539,0.198626
61.92,0.858959,0.171441,-0.353961,-0.327885,0.0265863,0.180222,-0.135923,-1.196,-7.05023,0.106226,0.0997398,0.0707059,0.265525,49.8265,0.43415,-0.19633,0.342894
61.94,0.859327,0.173284,-0.352405,-0.327629,0.138573,0.145407,0.0214939,-1.1943,-7.04823,0.113291,0.113167,0.0889727,0.272122,48.4219,0.379634,-0.304743,0.498486
61.96,0.859489,0.174233,-0.352172,-0.326949,0.247271,0.161844,0.0781061,-1.19365,-7.04748,0.115678,0.113472,0.0922074,0.27337,50.7086,0.427969,-0.213679,0.355609
61.98,0.859835,0.179582,-0.352924,-0.322302,0.401544,0.0720459,0.163601,-1.19063,-7.04407,0.125003,0.120373,0.108367,0.264466,51.2471,0.440713,-0.158704,0.247289
62,0.85984,0.180863,-0.353481,-0.320959,0.380062,0.0321255,0.187456,-1.18985,-7.04315,0.127283,0.119583,0.110477,0.262385,51.6664,0.470578,-0.139421,0.179709
62.02,0.859934,0.18343,-0.355546,-0.316945,0.280846,-0.0431626,0.247567,-1.18795,-7.04054,0.13403,0.107963,0.111524,0.260129,48.4412,0.384638,-0.29065,0.475679
62.04,0.859918,0.18403,-0.356478,-0.31559,0.298401,-0.0918792,0.253758,-1.18742,-7.03971,0.136139,0.10215,0.112221,0.260752,49.386,0.404838,-0.216864,0.370195
62.06,0.859829,0.185234,-0.358699,-0.312597,0.353032,-0.117762,0.298985,-1.18636,-7.038,0.140318,0.101534,0.115866,0.257194,50.0913,0.456946,-0.12933,0.141812
62.08,0.859475,0.188093,-0.364507,-0.305053,0.413779,-0.186308,0.401571,-1.18401,-7.03444,0.148365,0.100997,0.119222,0.242155,51.7545,0.42419,-0.231892,0.363365
62.1,0.859379,0.188693,-0.366198,-0.302921,0.40282,-0.199003,0.428949,-1.18341,-7.03353,0.150282,0.10364,0.120542,0.235997,49.3053,0.410034,-0.246889,0.391997
62.12,0.859354,0.189674,-0.371277,-0.296121,0.362389,-0.201458,0.520143,-1.18167,-7.03086,0.155705,0.109912,0.12009,0.221219,48.5308,0.374382,-0.300535,0.498377
62.14,0.859505,0.190439,-0.37464,-0.29091,0.385576,-0.177612,0.56049,-1.18051,-7.02927,0.158713,0.117783,0.120961,0.207001,50.3568,0.465197,-0.109599,0.183709
62.16,0.859575,0.191733,-0.379695,-0.283197,0.393162,-0.203974,0.49071,-1.17844,-7.02673,0.162693,0.122893,0.129663,0.178007,48.3783,0.476797,-0.133925,0.163285
62.18,0.859491,0.191937,-0.381355,-0.281075,0.309459,-0.223984,0.441406,-1.1777,-7.02581,0.163842,0.124508,0.133897,0.166399,50.0682,0.485025,-0.0990901,0.100233
62.2,0.858952,0.191207,-0.386146,-0.276647,0.103456,-0.301151,0.303188,-1.17544,-7.0229,0.166795,0.120684,0.141599,0.139482,49.8088,0.469421,-0.165657,0.247188
62.22,0.857857,0.189293,-0.391045,-0.274469,0.0676327,-0.376045,0.209188,-1.17318,-7.01976,0.16879,0.133079,0.154718,0.119026,51.1954,0.427947,-0.245043,0.373146
62.24,0.856955,0.188112,-0.394427,-0.273258,0.072231,-0.371223,0.206676,-1.17157,-7.01768,0.169602,0.146868,0.163141,0.10988,48.3377,0.468051,-0.192952,0.321075
62.26,0.856177,0.186716,-0.397546,-0.272133,0.0276733,-0.326405,0.221685,-1.16971,-7.01546,0.170309,0.157044,0.168009,0.101755,48.4596,0.46291,-0.178967,0.286975
62.28,0.855785,0.185058,-0.400062,-0.270806,-0.0182512,-0.2437,0.252727,-1.16755,-7.01315,0.170932,0.171596,0.172135,0.0972948,49.5618,0.476781,-0.206731,0.292418
62.3,0.855847,0.183224,-0.401877,-0.269164,-0.059815,-0.171794,0.286895,-1.16512,-7.01075,0.171538,0.180363,0.175741,0.0965949,46.5665,0.492361,-0.11063,0.207707
62.32,0.856048,0.182175,-0.402546,-0.268236,-0.102273,-0.128944,0.314315,-1.164,-7.00979,0.171607,0.188051,0.178681,0.0974845,47.5865,0.502752,-0.104139,0.149627
62.34,0.857723,0.177428,-0.404107,-0.26368,-0.109808,-0.0350319,0.379567,-1.15858,-7.00533,0.172386,0.207808,0.189933,0.106554,49.7559,0.495421,-0.0960473,0.13879
62.36,0.858257,0.176283,-0.404308,-0.262402,-0.110677,0.00204168,0.384296,-1.15715,-7.0042,0.172624,0.211936,0.192453,0.109079,45.8992,0.473535,-0.185505,0.287377
62.38,0.859741,0.173447,-0.404977,-0.258369,-0.040039,-0.0160331,0.370757,-1.15262,-7.00057,0.173587,0.218309,0.202464,0.120322,51.6647,0.456543,-0.201641,0.346915
62.4,0.860189,0.172573,-0.405242,-0.257047,-0.0581605,-0.00641102,0.362394,-1.15104,-6.99927,0.174009,0.221815,0.206952,0.125364,50.1583,0.424518,-0.270785,0.465542
62.42,0.861373,0.169457,-0.407035,-0.252276,-0.0382002,-0.0964325,0.287998,-1.14503,-6.99481,0.175299,0.222119,0.219579,0.14474,45.5068,0.463311,-0.162388,0.293296
62.44,0.861552,0.168644,-0.407516,-0.251431,-0.0569413,-0.0940097,0.244269,-1.14322,-6.99336,0.175898,0.217975,0.22268,0.147573,49.369,0.48554,-0.119449,0.20209
62.46,0.861931,0.167953,-0.407549,-0.250541,0.0203051,0.100845,-0.0613009,-1.13878,-6.98976,0.177051,0.218036,0.229499,0.135582,47.4835,0.463764,-0.157696,0.275532
62.48,0.862177,0.169472,-0.405853,-0.25142,0.0855629,0.241298,-0.243185,-1.13569,-6.98715,0.177739,0.220309,0.23644,0.131321,47.9403,0.45949,-0.152699,0.272657
62.5,0.862507,0.173028,-0.402252,-0.253648,0.0747281,0.270284,-0.305185,-1.13111,-6.98332,0.178717,0.218751,0.250731,0.144925,50.0275,0.453851,-0.180607,0.331234
62.52,0.862536,0.174297,-0.401135,-0.254448,0.110498,0.251159,-0.315503,-1.12969,-6.98224,0.179009,0.214824,0.255329,0.151718,46.6704,0.471437,-0.135256,0.235733
62.54,0.862195,0.178165,-0.398401,-0.257202,0.133573,0.158286,-0.351203,-1.12522,-6.97818,0.180646,0.202592,0.271673,0.174342,47.6423,0.462058,-0.149647,0.261457
62.56,0.861473,0.180931,-0.397509,-0.259066,0.189411,0.0703693,-0.331011,-1.1226,-6.97538,0.182032,0.192271,0.28203,0.191111,49.052,0.45731,-0.180061,0.290156
62.58,0.861032,0.182304,-0.397285,-0.259911,0.213633,0.0525065,-0.308114,-1.12133,-6.97388,0.182872,0.186033,0.286182,0.203291,49.8779,0.444174,-0.180862,0.316583
62.6,0.859395,0.188334,-0.396601,-0.262066,0.268346,0.0854833,-0.263747,-1.11634,-6.96714,0.187149,0.175649,0.311783,0.231263,48.0218,0.464371,-0.0459504,0.105177
62.62,0.859021,0.190015,-0.396305,-0.262526,0.28403,0.0997608,-0.279821,-1.11531,-6.96579,0.188129,0.172674,0.317225,0.233859,47.4129,0.474395,-0.105412,0.15392
62.64,0.857736,0.195588,-0.395167,-0.264344,0.317212,0.133138,-0.352162,-1.11225,-6.9611,0.191425,0.161302,0.336029,0.23774,47.959,0.470645,-0.0475901,0.0490931
62.66,0.85725,0.197813,-0.394734,-0.264911,0.38645,0.144795,-0.350097,-1.1113,-6.95942,0.192546,0.155514,0.341352,0.239218,48.9774,0.429145,-0.120022,0.250021
62.68,0.85559,0.20719,-0.392533,-0.266376,0.416509,0.229431,-0.30343,-1.10744,-6.95185,0.19734,0.150305,0.367762,0.242092,50.8104,0.442968,-0.108931,0.208655
62.7,0.854987,0.21181,-0.391113,-0.266765,0.38465,0.237602,-0.2831,-1.1053,-6.94695,0.200234,0.145862,0.385276,0.243961,48.3473,0.432851,-0.0709809,0.113872
62.72,0.854455,0.21631,-0.389714,-0.266907,0.39954,0.234944,-0.24168,-1.10376,-6.94338,0.202288,0.143858,0.400401,0.247598,47.8231,0.467485,-0.0322561,0.0427582
62.74,0.854191,0.218593,-0.389115,-0.266767,0.437842,0.237166,-0.211798,-1.10297,-6.94143,0.20339,0.145655,0.408708,0.248944,48.9921,0.439247,-0.14974,0.24024
62.76,0.853464,0.225095,-0.387949,-0.26538,0.447424,0.184071,-0.07117,-1.10043,-6.93488,0.207005,0.1487,0.43585,0.260346,52.2664,0.445811,-0.0816025,0.0991617
62.78,0.852851,0.23056,-0.388145,-0.262357,0.438426,0.0665851,0.0871437,-1.09769,-6.92736,0.210987,0.147747,0.460328,0.260167,47.5475,0.413632,-0.0944132,0.154613
62.8,0.85224,0.232979,-0.389736,-0.259833,0.411653,-0.105068,0.21377,-1.09574,-6.92166,0.213824,0.146899,0.475529,0.256967,46.35,0.408941,-0.194775,0.320838
62.82,0.851385,0.23438,-0.392891,-0.256605,0.393206,-0.245348,0.354742,-1.09409,-6.9168,0.216093,0.150879,0.487739,0.255465,50.2229,0.41985,-0.151146,0.256823
62.84,0.850947,0.234909,-0.394804,-0.25463,0.410241,-0.274565,0.41572,-1.09321,-6.91424,0.217263,0.15647,0.494268,0.253293,46.9899,0.440768,-0.10881,0.199512
62.86,0.850151,0.237408,-0.401344,-0.244547,0.47891,-0.0166047,0.518099,-1.0892,-6.90325,0.22211,0.167555,0.507663,0.251123,50.4028,0.399059,-0.195439,0.380741
62.88,0.850298,0.238202,-0.402237,-0.24178,0.427268,0.0606154,0.504398,-1.08811,-6.90034,0.223364,0.166137,0.510776,0.251321,48.9199,0.389293,-0.190784,0.370911
62.9,0.851539,0.240071,-0.403025,-0.234135,0.286621,0.20794,0.418541,-1.08472,-6.89052,0.227513,0.153316,0.518012,0.243547,49.9841,0.410619,-0.149521,0.287978
62.92,0.852693,0.24109,-0.402454,-0.229827,0.239916,0.277521,0.349126,-1.08294,-6.88476,0.229839,0.145398,0.526836,0.244903,48.9747,0.400037,-0.221158,0.390119
62.94,0.853835,0.242443,-0.401415,-0.225952,0.24802,0.301886,0.282966,-1.08148,-6.87926,0.232089,0.134124,0.536477,0.250698,49.2278,0.407721,-0.143399,0.277933
62.96,0.855045,0.244618,-0.400098,-0.221319,0.221309,0.179883,0.188566,-1.07966,-6.87037,0.235901,0.110524,0.551168,0.262933,45.4924,0.408296,-0.103484,0.190561
62.98,0.855295,0.245203,-0.399838,-0.220172,0.188554,0.160792,0.151341,-1.07914,-6.86725,0.237283,0.104363,0.555493,0.265651,46.1235,0.377244,-0.19396,0.382122
63,0.855558,0.246912,-0.399542,-0.217765,0.15681,0.0897444,0.0685492,-1.07785,-6.8575,0.241662,0.0874072,0.560931,0.271809,50.908,0.410601,-0.135778,0.254483
63.02,0.855609,0.24748,-0.399369,-0.217237,0.144171,0.104016,0.0351318,-1.07747,-6.85415,0.243194,0.084815,0.561875,0.271825,45.1272,0.359357,-0.218692,0.394609
63.04,0.855443,0.252308,-0.397868,-0.215081,0.398249,0.210515,-0.0635379,-1.07682,-6.84199,0.249054,0.0862078,0.56509,0.278897,47.4498,0.392074,-0.147858,0.269594
63.06,0.855117,0.256917,-0.39672,-0.213031,0.602082,0.277287,-0.0495635,-1.07634,-6.83601,0.252052,0.0919588,0.563569,0.283087,46.1873,0.40976,-0.137105,0.206539
63.08,0.854654,0.262906,-0.39549,-0.209846,0.758819,0.340866,0.0103553,-1.07568,-6.82992,0.25521,0.0986692,0.559839,0.286736,45.442,0.392965,-0.148238,0.31285
63.1,0.854289,0.269693,-0.393896,-0.205673,0.850356,0.434889,0.0558109,-1.07485,-6.82374,0.258482,0.104058,0.552388,0.285878,48.9576,0.401471,-0.13976,0.254769
63.12,0.854299,0.280829,-0.390146,-0.197725,0.875502,0.64669,0.119098,-1.07367,-6.81507,0.263241,0.113097,0.537938,0.279557,47.7435,0.402006,-0.171602,0.288059
63.14,0.854594,0.288036,-0.387123,-0.191937,0.83141,0.6423,0.171362,-1.07306,-6.81027,0.265922,0.111266,0.527112,0.271721,48.8666,0.412458,-0.0882523,0.116753
63.16,0.854912,0.294579,-0.384352,-0.186072,0.780209,0.579083,0.204624,-1.07239,-6.80543,0.268552,0.110094,0.518892,0.261764,45.1165,0.399502,-0.192813,0.398329
63.18,0.85517,0.299894,-0.382436,-0.180254,0.67446,0.441141,0.288517,-1.07165,-6.80053,0.271098,0.110643,0.512116,0.251533,51.3263,0.418601,-0.161957,0.300221
63.2,0.855183,0.30189,-0.382142,-0.177459,0.582823,0.295124,0.356181,-1.07126,-6.79804,0.272341,0.10726,0.507976,0.248111,46.9952,0.425724,-0.0820297,0.117182
63.22,0.854741,0.30512,-0.385853,-0.165641,0.278482,-0.12347,0.669158,-1.07023,-6.78991,0.276215,0.116672,0.500327,0.235366,48.3011,0.412859,-0.138306,0.216462
63.24,0.854747,0.303576,-0.389472,-0.159876,0.0908594,-0.216121,0.766411,-1.0695,-6.78527,0.278343,0.120827,0.49506,0.226578,46.4516,0.387251,-0.16391,0.313386
63.26,0.854897,0.300851,-0.39356,-0.15411,0.0304032,-0.245115,0.819374,-1.06879,-6.7812,0.280083,0.125994,0.495382,0.218236,46.567,0.415321,-0.114841,0.214432
63.28,0.854966,0.297014,-0.399914,-0.144519,0.155468,-0.214089,0.879144,-1.06729,-6.77461,0.282708,0.139861,0.499262,0.213174,48.0458,0.397843,-0.149095,0.317668
63.3,0.855067,0.29477,-0.403742,-0.137708,0.13275,-0.172045,0.847547,-1.06628,-6.77065,0.284089,0.143745,0.499494,0.205303,48.6051,0.424885,-0.113592,0.204215
63.32,0.855206,0.29359,-0.405391,-0.134486,0.0921124,-0.114201,0.819588,-1.06587,-6.76896,0.284577,0.143149,0.498958,0.199754,49.0573,0.433911,-0.0978819,0.182389
63.34,0.856282,0.289415,-0.408804,-0.126094,-0.0409094,0.00309921,0.66227,-1.06432,-6.76285,0.286195,0.142421,0.493876,0.179726,47.1415,0.445967,-0.071542,0.10754
63.36,0.856708,0.288235,-0.409463,-0.123747,-0.0137709,0.0379464,0.575713,-1.06384,-6.76098,0.286573,0.139783,0.490511,0.172514,48.3179,0.407948,-0.196107,0.350807
63.38,0.858688,0.287101,-0.408249,-0.11645,0.163265,0.321396,0.180526,-1.06169,-6.75329,0.287557,0.1391,0.469053,0.132163,43.0525,0.432608,-0.191322,0.329686
63.4,0.859214,0.287704,-0.407102,-0.115087,0.173588,0.379638,0.124175,-1.06114,-6.75138,0.287641,0.13794,0.46175,0.123702,50.7654,0.420575,-0.193759,0.360145
63.42,0.860696,0.288799,-0.403911,-0.112488,0.100447,0.50248,0.113989,-1.06072,-6.74924,0.286935,0.133738,0.441995,0.111369,47.9558,0.466112,-0.135532,0.229222
63.44,0.864191,0.288888,-0.397673,-0.107579,-0.0297008,0.649978,0.258592,-1.05964,-6.74552,0.285953,0.14211,0.416731,0.0991381,44.2735,0.468338,-0.109038,0.161199
63.46,0.866941,0.288025,-0.393375,-0.103493,-0.0595142,0.649422,0.335922,-1.05878,-6.74347,0.285196,0.150288,0.403626,0.0931307,45.8609,0.428809,-0.191901,0.332803
63.48,0.869565,0.287078,-0.389422,-0.0989577,-0.00340393,0.596961,0.383328,-1.05766,-6.74138,0.284474,0.161496,0.395595,0.0906067,49.8872,0.430891,-0.209756,0.340959
63.5,0.872278,0.286731,-0.38532,-0.0918937,0.167966,0.383705,0.375497,-1.05586,-6.73883,0.283254,0.171394,0.388253,0.0936767,46.9224,0.450007,-0.158298,0.288715
63.52,0.873088,0.28724,-0.384116,-0.0875519,0.200875,0.236447,0.346334,-1.0549,-6.73806,0.282189,0.174812,0.38146,0.098211,46.4075,0.453469,-0.177155,0.301497
63.54,0.873283,0.287548,-0.383866,-0.0856771,0.194275,0.162947,0.302665,-1.05437,-6.73762,0.281738,0.176157,0.37787,0.1003,48.3801,0.445169,-0.123237,0.209063
63.56,0.873826,0.288075,-0.383082,-0.0817888,0.0119414,0.0968395,0.03733,-1.05192,-6.73523,0.280369,0.163723,0.343955,0.0945109,45.2906,0.446905,-0.162646,0.297678
63.58,0.874106,0.287944,-0.382566,-0.0816687,-0.0609866,0.133807,-0.0115275,-1.05137,-6.73482,0.280031,0.162213,0.334002,0.0946519,45.6056,0.434149,-0.198557,0.360542
63.6,0.875433,0.287121,-0.379994,-0.0823629,-0.155386,0.195897,-0.109815,-1.05024,-6.73467,0.278901,0.149056,0.297956,0.104603,46.4053,0.447021,-0.189861,0.343506
63.62,0.875967,0.286757,-0.378942,-0.0827945,-0.165574,0.210229,-0.120312,-1.05019,-6.73528,0.278403,0.146,0.286311,0.109794,50.056,0.44461,-0.194265,0.307447
63.64,0.877447,0.285815,-0.375953,-0.0840009,-0.118995,0.188318,-0.0926467,-1.05003,-6.73725,0.277478,0.135958,0.253332,0.131606,45.0589,0.450516,-0.141684,0.266448
63.66,0.878227,0.28469,-0.374984,-0.0840044,-0.10175,-0.00504104,0.114111,-1.04955,-6.73904,0.277675,0.13258,0.223372,0.154833,48.9507,0.461151,-0.140464,0.245484
63.68,0.87822,0.28272,-0.376769,-0.0827291,-0.125796,-0.224858,0.344463,-1.04923,-6.74061,0.278109,0.132705,0.199353,0.163684,48.8044,0.429206,-0.169664,0.296441
63.7,0.877741,0.279553,-0.380807,-0.0800403,-0.133551,-0.417993,0.610561,-1.04883,-6.74235,0.278795,0.131457,0.175263,0.16883,45.3753,0.457275,-0.11348,0.168383
63.72,0.877466,0.277448,-0.383372,-0.0781211,-0.193947,-0.457234,0.727322,-1.04909,-6.74425,0.278846,0.132526,0.165441,0.168142,46.9607,0.422382,-0.200893,0.346208
63.74,0.877887,0.265488,-0.392738,-0.067736,-0.463034,-0.13559,0.944884,-1.04978,-6.75208,0.279276,0.130696,0.115686,0.162366,48.1204,0.375791,-0.251932,0.476925
63.76,0.879931,0.258806,-0.393535,-0.0622199,-0.460436,0.251382,0.803859,-1.05003,-6.75626,0.279628,0.123723,0.0891499,0.15916,49.1395,0.444161,-0.202509,0.328259
63.78,0.882821,0.252434,-0.392019,-0.0567884,-0.501168,0.412131,0.792385,-1.05009,-6.76041,0.280313,0.118631,0.0746959,0.159789,48.6862,0.45686,-0.112506,0.174327
63.8,0.884321,0.248966,-0.391259,-0.0539269,-0.519178,0.389028,0.855811,-1.05019,-6.7625,0.280608,0.114075,0.0699151,0.166081,50.5538,0.448095,-0.163769,0.279438
63.82,0.887067,0.241284,-0.390677,-0.047596,-0.567691,0.231547,1.00902,-1.05094,-6.76755,0.281248,0.105885,0.063822,0.179851,46.7976,0.438026,-0.170424,0.30641
63.84,0.890444,0.229345,-0.391368,-0.0366144,-0.479916,0.239478,1.10101,-1.05296,-6.77621,0.282423,0.0942022,0.0567613,0.208161,48.1609,0.382923,-0.281934,0.479467
63.86,0.89419,0.217617,-0.390385,-0.0258264,-0.583514,0.348658,1.01878,-1.05503,-6.78439,0.284599,0.0768256,0.0459718,0.226611,45.7343,0.425746,-0.170031,0.274626
63.88,0.896836,0.209007,-0.389399,-0.0192169,-0.656339,0.31604,1.00611,-1.05649,-6.78964,0.286351,0.0657557,0.0395834,0.227734,50.0233,0.452818,-0.185695,0.277406
63.9,0.899243,0.200019,-0.388825,-0.0130132,-0.692401,0.248067,0.992136,-1.05802,-6.79467,0.288254,0.0557774,0.0391871,0.231886,48.8981,0.445322,-0.148002,0.192568
63.92,0.902364,0.186821,-0.388349,-0.00470227,-0.663437,0.205606,0.867373,-1.06205,-6.80462,0.291034,0.034172,0.0389562,0.257315,50.812,0.383123,-0.242277,0.410378
63.94,0.90326,0.182682,-0.388257,-0.00220808,-0.634466,0.176997,0.833762,-1.06347,-6.80777,0.292101,0.0239407,0.038486,0.271266,51.1527,0.377218,-0.26825,0.450873
63.96,0.904984,0.170406,-0.3898,0.00459838,-0.650529,-0.0947724,0.854905,-1.06801,-6.81667,0.296374,-0.00566547,0.0421527,0.325577,50.0815,0.382303,-0.219484,0.361755
63.98,0.905205,0.166114,-0.391104,0.00689667,-0.665484,-0.178204,0.893525,-1.06962,-6.81947,0.298194,-0.0142422,0.0420238,0.343974,47.2609,0.424328,-0.129891,0.197046
64,0.906079,0.146713,-0.396528,0.016163,-0.86316,-0.0779805,0.914845,-1.07603,-6.82986,0.306977,-0.0289777,0.037526,0.38781,51.7221,0.387434,-0.185504,0.325433
64.02,0.907081,0.136319,-0.39776,0.0201752,-0.905656,0.0556322,0.851988,-1.0803,-6.83674,0.311935,-0.0333151,0.0333809,0.400814,51.0902,0.411535,-0.158962,0.251293
64.04,0.907682,0.131197,-0.398015,0.022017,-0.898451,0.0833506,0.827434,-1.08238,-6.84008,0.31427,-0.035502,0.0330852,0.408344,52.1954,0.392359,-0.185319,0.296464
64.06,0.909021,0.12093,-0.397992,0.0256662,-0.868937,0.141403,0.802051,-1.08641,-6.84643,0.319226,-0.0364973,0.0394773,0.422147,50.5654,0.373488,-0.185111,0.34088
64.08,0.910884,0.106726,-0.397455,0.0304738,-0.811008,0.124156,0.672135,-1.09232,-6.85511,0.327127,-0.0520064,0.0483169,0.419547,50.7896,0.380272,-0.194635,0.320153
64.1,0.91232,0.0937584,-0.397252,0.0327493,-0.813772,0.117279,0.414922,-1.09848,-6.86297,0.334765,-0.0782768,0.0457023,0.390294,51.7521,0.344828,-0.269509,0.438951
64.12,0.913462,0.0858119,-0.396446,0.0324578,-0.824086,0.177892,0.246772,-1.10383,-6.86991,0.339108,-0.0958152,0.0456288,0.381202,49.5804,0.394511,-0.204742,0.306509
64.14,0.914712,0.0783805,-0.395191,0.0313425,-0.799181,0.205757,0.166881,-1.10942,-6.87626,0.344033,-0.109595,0.0597984,0.377883,50.2895,0.342572,-0.252643,0.403011
64.16,0.915333,0.0749296,-0.394477,0.0306519,-0.755231,0.207645,0.132812,-1.11218,-6.87925,0.346254,-0.117269,0.0670063,0.377542,49.5862,0.346335,-0.254193,0.455973
64.18,0.917841,0.0655833,-0.390527,0.0274666,-0.722611,0.477475,-0.0580553,-1.12049,-6.88731,0.352917,-0.128975,0.0831364,0.356223,52.6936,0.3706,-0.237375,0.388499
64.2,0.922348,0.0582792,-0.381302,0.022064,-0.535086,0.905693,-0.323878,-1.12847,-6.89439,0.358832,-0.127516,0.0889867,0.314534,45.6342,0.393927,-0.254565,0.371142
64.22,0.925596,0.0558858,-0.37392,0.0182514,-0.301808,0.806126,-0.33114,-1.13461,-6.90049,0.362016,-0.137672,0.104663,0.315484,52.8238,0.372108,-0.275438,0.403161
64.24,0.927958,0.05547,-0.368167,0.0164487,-0.016814,0.608409,-0.137944,-1.14068,-6.90576,0.365526,-0.140889,0.135936,0.333907,51.9382,0.353502,-0.281492,0.387514
64.26,0.93003,0.0558472,-0.362843,0.0164254,0.0450478,0.678988,-0.0266901,-1.14687,-6.90992,0.370013,-0.148061,0.160716,0.351997,50.46,0.376098,-0.209767,0.309581
64.28,0.932717,0.0557102,-0.35589,0.0166705,-0.0573221,0.927476,-0.024374,-1.15284,-6.91365,0.374302,-0.159203,0.17238,0.35418,52.5156,0.364004,-0.256564,0.363906
64.3,0.937576,0.0529518,-0.343359,0.0158814,-0.351798,0.905381,-0.00252009,-1.16193,-6.91836,0.380628,-0.181522,0.179253,0.330686,51.1587,0.363852,-0.259955,0.362806
64.32,0.939759,0.0485175,-0.337993,0.0160952,-0.47732,0.456718,0.260499,-1.16909,-6.92285,0.384178,-0.199003,0.191455,0.33595,52.3026,0.403629,-0.192276,0.198368
64.34,0.940289,0.0460219,-0.336824,0.0169878,-0.44842,0.260153,0.381783,-1.17268,-6.92484,0.386069,-0.200903,0.202853,0.342211,50.5128,0.334816,-0.277375,0.401268
64.36,0.940888,0.0415444,-0.33557,0.0199385,-0.308882,0.172673,0.486809,-1.18006,-6.92797,0.390585,-0.202201,0.216302,0.346705,48.7179,0.335784,-0.287078,0.429479
64.38,0.942441,0.0357035,-0.331559,0.0244789,-0.33314,0.452819,0.42777,-1.19038,-6.93239,0.396659,-0.204828,0.207017,0.332065,50.6491,0.338611,-0.283253,0.435224
64.4,0.94467,0.0274583,-0.325552,0.0293311,-0.516362,0.546204,0.606938,-1.20025,-6.93635,0.402659,-0.195133,0.1971,0.328618,50.0519,0.340186,-0.27228,0.402858
64.42,0.945537,0.0240774,-0.323108,0.0313178,-0.559444,0.624462,0.641698,-1.20338,-6.93756,0.404705,-0.191347,0.193698,0.329089,50.3165,0.316461,-0.315175,0.457381
64.44,0.950487,0.0106247,-0.308184,0.0385217,-0.537581,1.13256,0.486411,-1.2171,-6.9456,0.411209,-0.186819,0.159371,0.284105,51.1208,0.374037,-0.266981,0.349444
64.46,0.953949,0.00479204,-0.297179,0.0405302,-0.515686,1.40062,0.311646,-1.22392,-6.94937,0.414105,-0.185111,0.13669,0.238406,52.6031,0.286491,-0.367006,0.553616
64.48,0.957923,-0.000963094,-0.284105,0.0408305,-0.562099,1.61031,0.132581,-1.2303,-6.9534,0.416131,-0.186133,0.117605,0.215428,51.9838,0.365412,-0.300781,0.380979
64.5,0.959964,-0.00395829,-0.277151,0.0405119,-0.586928,1.63685,0.0953968,-1.23343,-6.9554,0.417084,-0.187667,0.110396,0.215373,50.2297,0.38842,-0.269096,0.329914
64.52,0.965357,-0.0126141,-0.257531,0.0400584,-0.505918,1.42689,0.19148,-1.24289,-6.96195,0.419954,-0.168827,0.106143,0.234851,49.4186,0.400031,-0.254003,0.312958
64.54,0.969287,-0.019871,-0.241377,0.0427183,-0.338049,1.12604,0.44076,-1.25212,-6.96927,0.423357,-0.133432,0.114736,0.274415,48.2866,0.331817,-0.293337,0.463753
64.56,0.970355,-0.0218091,-0.236554,0.0444676,-0.254886,1.08618,0.504523,-1.25489,-6.9715,0.424751,-0.118978,0.11676,0.279926,51.6783,0.304017,-0.336317,0.528841
64.58,0.973052,-0.0262573,-0.223356,0.0509186,-0.104566,0.911326,0.547804,-1.26231,-6.97744,0.429682,-0.0811282,0.112786,0.277445,49.4808,0.349232,-0.293886,0.450769
64.6,0.974459,-0.0284503,-0.215917,0.0547758,-0.108566,0.811287,0.431871,-1.26647,-6.98131,0.432524,-0.0619481,0.0990813,0.250614,51.5161,0.427905,-0.187089,0.226206
64.62,0.975738,-0.0311305,-0.209189,0.0566316,-0.267146,0.79342,0.169934,-1.27059,-6.98592,0.43445,-0.0465218,0.0825727,0.206571,52.0554,0.401069,-0.248619,0.375846
64.64,0.977643,-0.0368523,-0.199817,0.0541187,-0.479575,0.686184,-0.260947,-1.27657,-6.99375,0.435535,-0.019418,0.0754455,0.144357,45.7428,0.425827,-0.252273,0.325884
64.66,0.97888,-0.0407222,-0.194079,0.0496916,-0.481228,0.714926,-0.45494,-1.27988,-6.9985,0.435613,0.0025547,0.0848567,0.115756,46.9167,0.377314,-0.318687,0.45608
64.68,0.979496,-0.0425442,-0.191265,0.0468598,-0.473256,0.672512,-0.548809,-1.28131,-7.00067,0.435526,0.0162678,0.0920035,0.103925,48.8798,0.366796,-0.343789,0.510015
64.7,0.981011,-0.0486102,-0.184005,0.0373605,-0.594179,0.447138,-0.578505,-1.28472,-7.00607,0.435102,0.0429769,0.122451,0.0823211,51.3319,0.415575,-0.317767,0.426221
64.72,0.981618,-0.0546515,-0.180373,0.0300774,-0.437958,0.275306,-0.305144,-1.288,-7.01149,0.43366,0.071709,0.155711,0.0666097,50.3885,0.478001,-0.218359,0.288017
64.74,0.981753,-0.056224,-0.179353,0.0288463,-0.365801,0.242641,-0.163254,-1.28897,-7.01318,0.433022,0.0826911,0.166795,0.0585662,50.7476,0.432258,-0.236377,0.319136
64.76,0.9819,-0.0588351,-0.177761,0.028494,-0.236498,0.128144,0.122913,-1.29057,-7.01605,0.431692,0.0915254,0.183743,0.0466488,50.8592,0.436525,-0.292009,0.367012
64.78,0.982023,-0.0624287,-0.174964,0.0334725,-0.0469949,0.244199,0.369967,-1.29307,-7.02011,0.428693,0.0792165,0.183209,0.01883,47.2439,0.480647,-0.196378,0.232244
64.8,0.982368,-0.0636941,-0.172017,0.0361367,-0.056248,0.356327,0.299969,-1.29483,-7.02275,0.426644,0.0637899,0.163445,0.00967117,50.866,0.409916,-0.312395,0.426848
64.82,0.982571,-0.0643976,-0.170374,0.03716,-0.104418,0.353258,0.256017,-1.29593,-7.02443,0.425403,0.0583012,0.152461,-0.0018896,48.4692,0.403654,-0.314647,0.439134
64.84,0.983196,-0.0675082,-0.165124,0.0387734,-0.282369,0.418386,0.148132,-1.29928,-7.02964,0.421582,0.0441057,0.116343,-0.0100982,48.4436,0.501475,-0.14362,0.13353
64.86,0.983549,-0.071864,-0.161069,0.0390304,-0.537971,0.502753,0.125944,-1.30141,-7.0332,0.419177,0.0403713,0.0953967,-0.00257959,46.673,0.412974,-0.312207,0.402987
64.88,0.983892,-0.0781932,-0.156034,0.0386825,-0.724934,0.626502,0.106839,-1.30345,-7.03683,0.41704,0.0354901,0.0753603,0.00579788,45.7553,0.40804,-0.32247,0.444572
64.9,0.984252,-0.0854231,-0.150004,0.0380638,-0.799004,0.744016,0.111907,-1.30537,-7.04044,0.415129,0.0316257,0.0559218,0.00429529,44.2785,0.420436,-0.312034,0.397891
64.92,0.984591,-0.0933319,-0.143064,0.0374398,-0.882248,0.829124,0.133097,-1.30806,-7.04543,0.4126,0.0250978,0.0430439,-0.000627814,46.9828,0.390041,-0.341404,0.468405
64.94,0.98484,-0.106286,-0.132009,0.0369729,-0.924758,0.856775,0.220208,-1.31196,-7.05256,0.408878,0.015922,0.0408108,-0.00852745,50.4582,0.344635,-0.400769,0.546302
64.96,0.984838,-0.114818,-0.124578,0.0372972,-0.864034,0.868669,0.260655,-1.31444,-7.05682,0.406382,0.0119331,0.0502663,-0.0141447,48.411,0.343074,-0.39513,0.544955
64.98,0.984911,-0.125938,-0.112571,0.0376538,-0.686216,0.959684,0.198432,-1.318,-7.0623,0.402501,0.0101887,0.072812,-0.0448023,46.9727,0.375758,-0.354341,0.479627
65,0.98499,-0.129077,-0.108295,0.0375126,-0.626467,0.989266,0.155568,-1.3191,-7.06386,0.401077,0.0123973,0.0811814,-0.0502266,47.3274,0.35667,-0.388685,0.523727
65.02,0.985505,-0.136061,-0.0947032,0.0360423,-0.348437,1.03991,0.0114587,-1.32284,-7.06901,0.395857,0.0270385,0.106249,-0.0775653,45.6919,0.390155,-0.357537,0.456124
65.04,0.985751,-0.137548,-0.0902555,0.035074,-0.272381,1.00922,-0.0765202,-1.32404,-7.07063,0.393984,0.0353706,0.118777,-0.0766693,48.4322,0.411456,-0.357892,0.462342
65.06,0.986881,-0.137858,-0.0787181,0.0294138,0.193774,0.791075,-0.45838,-1.32675,-7.07413,0.388562,0.0717323,0.15998,-0.0665968,49.5091,0.466241,-0.26027,0.315808
65.08,0.988461,-0.131666,-0.0717854,0.0213606,0.605503,0.418607,-0.585068,-1.32818,-7.07607,0.38391,0.106381,0.206606,-0.0505197,47.9475,0.441195,-0.296183,0.364882
65.1,0.989563,-0.124973,-0.0698662,0.0163271,0.791149,0.1878,-0.581842,-1.32853,-7.07637,0.381206,0.119475,0.234482,-0.0435699,48.9171,0.373591,-0.383762,0.511028
65.12,0.990575,-0.117355,-0.0696762,0.0115673,0.825272,0.000678201,-0.581091,-1.32956,-7.0773,0.378135,0.125937,0.25626,-0.0404695,43.8201,0.46263,-0.246252,0.320377
65.14,0.991482,-0.108609,-0.0716493,0.0057616,0.441839,-0.160215,-0.412065,-1.33017,-7.07708,0.373939,0.152696,0.283274,-0.0221442,46.8143,0.46206,-0.25807,0.352581
65.16,0.991687,-0.105402,-0.0737364,0.0033607,0.304987,-0.235122,-0.271832,-1.33006,-7.07654,0.371714,0.16982,0.293255,0.000226213,46.1535,0.430986,-0.278741,0.405741
65.18,0.991755,-0.103895,-0.0749791,0.00263161,0.342059,-0.26627,-0.196907,-1.32984,-7.0761,0.370798,0.177266,0.29843,0.0141859,45.9893,0.417725,-0.309553,0.435792
65.2,0.992095,-0.098299,-0.077987,0.00188261,0.461532,-0.151919,-0.0628278,-1.32851,-7.07418,0.368629,0.201398,0.308819,0.0270761,47.5088,0.456074,-0.248318,0.355545
65.22,0.992244,-0.0961871,-0.0787147,0.00194714,0.484969,-0.135161,-0.0284269,-1.32842,-7.07396,0.367746,0.204392,0.306323,0.0336524,47.7162,0.274598,-0.457561,0.683985
65.24,0.992689,-0.0911811,-0.0790303,0.00297094,0.244518,0.0470707,0.0915777,-1.32759,-7.07305,0.36533,0.218699,0.292984,0.0346434,48.9131,0.341877,-0.380345,0.594469
65.26,0.99293,-0.090149,-0.0770924,0.00456172,-0.000289741,0.179477,0.140856,-1.32573,-7.0718,0.363359,0.228635,0.257805,0.032908,49.5928,0.363,-0.363613,0.562589
65.28,0.993005,-0.0912372,-0.0747088,0.00599401,-0.172883,0.257411,0.213604,-1.32436,-7.07144,0.362077,0.237539,0.238909,0.0293243,44.1382,0.465881,-0.186055,0.284357
65.3,0.99303,-0.0921244,-0.0732016,0.00673313,-0.17636,0.335113,0.211254,-1.32354,-7.07129,0.361455,0.242313,0.227945,0.0304307,49.2881,0.460517,-0.235684,0.346494
65.32,0.993113,-0.0953751,-0.067622,0.00759125,-0.23,0.437308,0.033522,-1.32158,-7.07202,0.359306,0.257815,0.197521,0.0452425,44.9383,0.371617,-0.365043,0.564964
65.34,0.993185,-0.0972516,-0.0638584,0.00689923,-0.224749,0.405965,-0.0227767,-1.32014,-7.07295,0.358363,0.271366,0.178419,0.0744007,44.2644,0.443947,-0.239186,0.334683
65.36,0.992977,-0.100998,-0.0613055,0.00621375,-0.289697,-0.0101364,-0.0266843,-1.31674,-7.07419,0.357832,0.29028,0.160867,0.0889368,47.7182,0.419429,-0.27438,0.44844
65.38,0.992611,-0.103747,-0.062656,0.00591678,-0.307211,-0.266202,-0.0347315,-1.31435,-7.07507,0.357754,0.297367,0.154484,0.101883,46.786,0.428527,-0.268602,0.434967
65.4,0.992147,-0.106135,-0.0659239,0.00589105,-0.264385,-0.434959,-0.0230371,-1.31167,-7.07587,0.358002,0.302806,0.146166,0.112614,49.6669,0.446141,-0.263909,0.382164
65.42,0.991323,-0.109119,-0.0730533,0.0059216,-0.214962,-0.578137,-0.0657699,-1.30822,-7.07783,0.358207,0.300341,0.141635,0.114323,49.2982,0.441676,-0.257545,0.39763
65.44,0.990724,-0.111269,-0.0778178,0.00552758,-0.269356,-0.496861,-0.0984951,-1.30606,-7.0792,0.358237,0.296539,0.143221,0.108953,47.3366,0.398745,-0.308504,0.496613
65.46,0.990119,-0.113915,-0.0816495,0.0045835,-0.336663,-0.359046,-0.139849,-1.30382,-7.08032,0.35829,0.289779,0.143983,0.103966,48.3004,0.354648,-0.352897,0.573832
65.48,0.989826,-0.115409,-0.0831271,0.00399137,-0.349465,-0.30364,-0.14187,-1.30268,-7.08078,0.35831,0.288349,0.145572,0.097265,47.569,0.418775,-0.254052,0.426345
65.5,0.988788,-0.122579,-0.0852804,0.000549745,-0.415376,0.0240309,-0.188326,-1.2975,-7.08182,0.358216,0.279902,0.148084,0.0702925,48.3596,0.353758,-0.346074,0.562863
65.52,0.988583,-0.124443,-0.0849547,-0.000527387,-0.437839,0.118209,-0.19535,-1.29675,-7.08255,0.35785,0.280316,0.147504,0.0630831,46.7092,0.478512,-0.201254,0.308518
65.54,0.988058,-0.130167,-0.0823411,-0.00423139,-0.438043,0.266668,-0.216992,-1.29424,-7.08447,0.356733,0.277478,0.143519,0.0582469,48.1102,0.388369,-0.349917,0.525934
65.56,0.987734,-0.133901,-0.0800326,-0.00680229,-0.426895,0.291134,-0.204839,-1.29233,-7.0855,0.356078,0.28014,0.142871,0.0580857,48.4235,0.487541,-0.218165,0.303603
65.58,0.987474,-0.136921,-0.0778854,-0.00906473,-0.30736,0.241795,-0.174631,-1.29016,-7.0863,0.355479,0.287087,0.146608,0.0529371,49.1153,0.451919,-0.239258,0.386728
65.6,0.987289,-0.138955,-0.07633,-0.0112361,-0.0638538,0.0622795,-0.104595,-1.28585,-7.0867,0.354563,0.304206,0.156674,0.0398949,48.4238,0.500538,-0.107341,0.162993
65.62,0.987265,-0.139077,-0.0763483,-0.011669,-0.0145165,-0.00792135,-0.0918036,-1.28493,-7.08733,0.354019,0.308225,0.160226,0.035974,50.458,0.470211,-0.224564,0.332598
65.64,0.987284,-0.13832,-0.0773163,-0.0126783,0.0940518,-0.0981685,-0.0850795,-1.28179,-7.08871,0.352351,0.310172,0.168271,0.0235252,48.0622,0.466004,-0.235677,0.36533
65.66,0.987288,-0.137969,-0.0778384,-0.0129365,0.074213,-0.117939,-0.0735123,-1.28065,-7.08901,0.351767,0.310294,0.172161,0.0198736,48.0523,0.469869,-0.203633,0.303925
65.68,0.98741,-0.135876,-0.0798941,-0.0132628,0.169975,-0.092695,-0.0025186,-1.2756,-7.08937,0.349619,0.31538,0.185497,0.016543,48.3025,0.47121,-0.203834,0.324272
65.7,0.987498,-0.135085,-0.0801819,-0.0130846,0.196182,-0.0637507,0.0189375,-1.27372,-7.08897,0.349127,0.316653,0.190002,0.0142637,50.1194,0.444757,-0.258285,0.423364
65.72,0.987873,-0.132331,-0.0802311,-0.0125555,0.197436,0.0364589,0.00615382,-1.27051,-7.08937,0.347265,0.313072,0.197928,0.0091337,45.429,0.443572,-0.247444,0.4053
65.74,0.988115,-0.130903,-0.0795835,-0.012627,0.15088,0.0977074,-0.0251858,-1.26859,-7.08965,0.346002,0.310219,0.201768,0.0096024,43.9558,0.454828,-0.225585,0.357299
65.76,0.988427,-0.129594,-0.0777437,-0.0131506,0.0583264,0.16123,-0.0262176,-1.26541,-7.08953,0.344249,0.310137,0.20821,0.00716367,48.044,0.415053,-0.31948,0.4939
65.78,0.988581,-0.129292,-0.0762043,-0.0135904,-0.00147227,0.170876,-0.0183475,-1.26306,-7.08907,0.34317,0.310472,0.214672,0.00666431,49.7932,0.448555,-0.273186,0.415832
65.8,0.988679,-0.129269,-0.0749161,-0.0138264,-0.00598125,0.12558,0.00717633,-1.26051,-7.08829,0.342159,0.314634,0.223579,0.00441929,48.0654,0.444492,-0.293933,0.439979
65.82,0.988703,-0.129445,-0.0743365,-0.0135649,-0.0232943,0.015795,0.0524171,-1.25852,-7.08792,0.340881,0.318346,0.233737,0.00486902,44.0473,0.513181,-0.126749,0.20578
65.84,0.988671,-0.129714,-0.0743516,-0.0132274,-0.0487887,-0.028362,0.0827564,-1.25765,-7.08775,0.340276,0.320146,0.238841,0.00914489,46.6876,0.486163,-0.19153,0.28969
65.86,0.988329,-0.131813,-0.0755218,-0.0113454,-0.152469,-0.117915,0.0978562,-1.25354,-7.08618,0.338127,0.324011,0.253117,0.00624015,48.6262,0.446815,-0.277247,0.443386
65.88,0.988067,-0.133313,-0.0764364,-0.0104703,-0.16482,-0.131518,0.0825024,-1.25115,-7.0849,0.33712,0.326484,0.26031,0.00449329,49.1269,0.484681,-0.207263,0.318948
65.9,0.987837,-0.134506,-0.0774109,-0.009632,-0.106412,-0.12768,0.0813147,-1.24853,-7.08329,0.336167,0.330144,0.267305,0.0034714,49.4353,0.382598,-0.345885,0.570249
65.92,0.987756,-0.134877,-0.0778551,-0.00924129,-0.059253,-0.115491,0.0796288,-1.24712,-7.08237,0.335717,0.330208,0.270195,0.00395823,46.0352,0.381001,-0.34687,0.560786
65.94,0.98765,-0.135204,-0.0787449,-0.00818779,0.0198118,-0.0568192,0.0661769,-1.24431,-7.08052,0.333939,0.331051,0.276079,-0.00185097,45.8268,0.448867,-0.291913,0.454459
65.96,0.987689,-0.134851,-0.0789261,-0.00752623,0.0777717,-0.0281061,0.0707167,-1.24247,-7.07924,0.33277,0.331371,0.275192,-0.00657969,46.738,0.478309,-0.211143,0.330611
65.98,0.987859,-0.133695,-0.0788598,-0.00651457,0.114092,-0.00627323,0.0678114,-1.2393,-7.07702,0.331007,0.331939,0.267815,-0.00944858,49.0674,0.426467,-0.298916,0.486083
66,0.988051,-0.132401,-0.0786929,-0.00570478,0.171188,0.00498224,0.089422,-1.23691,-7.07546,0.329881,0.335145,0.257731,-0.011727,44.949,0.450424,-0.256075,0.419198
66.02,0.98832,-0.130539,-0.0784908,-0.00480523,0.241393,0.00362258,0.0871762,-1.23582,-7.07506,0.328529,0.33734,0.24284,-0.0136512,48.0302,0.479091,-0.269172,0.41474
66.04,0.988865,-0.126591,-0.07815,-0.00361265,0.345856,0.0131182,0.0470607,-1.23311,-7.07424,0.326585,0.34187,0.214562,-0.0132365,49.0304,0.508635,-0.136906,0.230499
66.06,0.989072,-0.125023,-0.0780676,-0.00336005,0.364735,0.00444244,0.0255146,-1.23223,-7.07415,0.325983,0.342691,0.204578,-0.0147712,46.4509,0.49998,-0.16666,0.248142
66.08,0.989738,-0.119854,-0.077731,-0.00330655,0.416009,0.0426935,-0.0597081,-1.22923,-7.07407,0.324337,0.342831,0.174843,-0.00684516,46.5488,0.479288,-0.222908,0.373541
66.1,0.990283,-0.115643,-0.0771463,-0.00388555,0.49262,0.102368,-0.11389,-1.22697,-7.0742,0.323399,0.342668,0.157902,-0.00680759,47.4119,0.475879,-0.233868,0.359968
66.12,0.99128,-0.107989,-0.0753146,-0.00554611,0.600529,0.190277,-0.179954,-1.22554,-7.07611,0.321684,0.337265,0.138476,-0.0101468,47.5719,0.459802,-0.266794,0.417169
66.14,0.991632,-0.105296,-0.0744221,-0.0063346,0.590057,0.225223,-0.204097,-1.22501,-7.07676,0.321133,0.337274,0.134037,-0.0102007,45.2775,0.480261,-0.199366,0.330394
66.16,0.992615,-0.0979981,-0.0708609,-0.00956762,0.482652,0.333924,-0.290141,-1.22309,-7.07859,0.319792,0.333432,0.122147,0.00764352,44.4182,0.490664,-0.20305,0.322559
66.18,0.992912,-0.0958624,-0.0694135,-0.0109135,0.442687,0.352299,-0.318827,-1.22234,-7.07916,0.319472,0.335939,0.121078,0.0100876,48.8351,0.464577,-0.242423,0.404779
66.2,0.993435,-0.0921834,-0.0662681,-0.0140988,0.355745,0.404274,-0.370264,-1.22008,-7.07997,0.319094,0.341324,0.122193,0.0254162,45.4236,0.415338,-0.325341,0.538626
66.22,0.994194,-0.0864917,-0.0600613,-0.0221486,0.274519,0.337531,-0.473573,-1.21729,-7.08229,0.318963,0.356537,0.139724,0.0514712,48.8175,0.455195,-0.258319,0.395546
66.24,0.994305,-0.0853544,-0.0590125,-0.0243008,0.224702,0.248402,-0.476676,-1.21677,-7.08294,0.319084,0.36304,0.147063,0.0620789,45.9986,0.490284,-0.139397,0.19121
66.26,0.994476,-0.0819536,-0.0583067,-0.0300371,0.232057,-0.0349939,-0.390686,-1.21438,-7.08419,0.320168,0.387751,0.166626,0.0976701,51.4565,0.450068,-0.242544,0.415264
66.28,0.994443,-0.0798439,-0.0602673,-0.0328147,0.233262,-0.277049,-0.313222,-1.21209,-7.08446,0.321433,0.40133,0.179271,0.119332,49.3552,0.432778,-0.248786,0.46921
66.3,0.994175,-0.0768741,-0.0664631,-0.0359089,0.226567,-0.526921,-0.267633,-1.20818,-7.08447,0.324224,0.408291,0.194272,0.141461,49.1742,0.457223,-0.185379,0.34166
66.32,0.993882,-0.0748733,-0.0717855,-0.0379314,0.241567,-0.588765,-0.299094,-1.2068,-7.08502,0.326291,0.403781,0.200706,0.15554,47.2729,0.430239,-0.227657,0.418231
66.34,0.993543,-0.0725487,-0.0773177,-0.0403814,0.299555,-0.580585,-0.365821,-1.20523,-7.08526,0.328619,0.3957,0.204565,0.166142,47.601,0.468655,-0.129141,0.246521
66.36,0.993199,-0.0696142,-0.0825892,-0.0434506,0.369833,-0.53019,-0.442192,-1.20355,-7.08521,0.331144,0.384772,0.207842,0.174534,46.0684,0.423455,-0.227164,0.407965
66.38,0.992797,-0.0639833,-0.0884384,-0.0493886,0.426041,-0.251023,-0.53447,-1.20097,-7.08463,0.33517,0.362964,0.215182,0.172784,44.6346,0.46882,-0.146772,0.277275
66.4,0.992783,-0.0595959,-0.0891097,-0.0537623,0.439414,0.102109,-0.521399,-1.19969,-7.08409,0.337911,0.3413,0.225981,0.148941,52.0516,0.392913,-0.30816,0.519912
66.42,0.992981,-0.0553989,-0.0870157,-0.0578664,0.403542,0.34618,-0.447443,-1.19991,-7.084,0.339973,0.320271,0.24195,0.120919,47.5903,0.441787,-0.245801,0.40997
66.44,0.993271,-0.051649,-0.0837294,-0.0611096,0.359241,0.390749,-0.322735,-1.20013,-7.08333,0.341562,0.307252,0.264356,0.0918281,47.8916,0.502208,-0.105112,0.155331
66.46,0.993404,-0.0501172,-0.0822397,-0.062235,0.298964,0.349731,-0.246475,-1.20019,-7.08275,0.342189,0.304268,0.277987,0.0817628,48.2882,0.420896,-0.294741,0.477237
66.48,0.993934,-0.0444977,-0.078898,-0.0623789,0.361046,0.136223,0.132693,-1.19981,-7.07878,0.343799,0.304088,0.328042,0.0375799,49.229,0.473134,-0.230902,0.363309
66.5,0.994123,-0.0427017,-0.0782573,-0.0614147,0.435599,0.149522,0.206823,-1.19956,-7.0774,0.344001,0.302508,0.337813,0.0307287,49.6533,0.49249,-0.177678,0.27541
66.52,0.994851,-0.0352459,-0.0760302,-0.056995,0.679184,0.186919,0.341281,-1.20067,-7.07363,0.344673,0.294444,0.36691,0.0317367,46.3658,0.502694,-0.10015,0.139765
66.54,0.995386,-0.028722,-0.0744325,-0.0533172,0.787392,0.224756,0.369087,-1.20145,-7.07077,0.345343,0.287824,0.383454,0.0462128,51.7656,0.45339,-0.211301,0.320564
66.56,0.996148,-0.0188919,-0.0706509,-0.0483766,0.685377,0.375922,0.253601,-1.20236,-7.06579,0.346704,0.26636,0.380619,0.0504434,47.7119,0.501159,-0.11959,0.175242
66.58,0.996369,-0.0159875,-0.0689604,-0.0473133,0.632873,0.40772,0.17621,-1.2027,-7.06413,0.347118,0.254604,0.370584,0.0432222,46.6901,0.470691,-0.175214,0.28876
66.6,0.99687,-0.00940228,-0.063543,-0.0460995,0.371435,0.433626,-0.00595748,-1.20385,-7.05948,0.347879,0.226966,0.326827,0.0117364,44.9934,0.497368,-0.108292,0.171982
66.62,0.997003,-0.0078244,-0.0616025,-0.0461367,0.331386,0.444142,-0.0288806,-1.20423,-7.05814,0.347951,0.221786,0.30731,0.001639,46.7425,0.395274,-0.329646,0.499031
66.64,0.997249,-0.00514871,-0.0575994,-0.0463678,0.269738,0.451614,-0.0349561,-1.20653,-7.05652,0.347876,0.21835,0.264216,-0.0131201,47.1898,0.46902,-0.218123,0.322955
66.66,0.997576,-0.00234977,-0.0521562,-0.0460153,0.139799,0.370281,0.0554403,-1.20977,-7.05558,0.347665,0.228549,0.213528,-0.00890854,46.3009,0.375106,-0.353086,0.541936
66.68,0.997835,-0.00140751,-0.0478039,-0.045157,0.0182964,0.290043,0.0499645,-1.2119,-7.05541,0.347806,0.247611,0.171663,0.00598601,46.4509,0.45972,-0.231105,0.339091
66.7,0.997948,-0.00154429,-0.0455315,-0.044996,-0.0640562,0.229579,0.00246281,-1.21267,-7.05559,0.348094,0.260313,0.15277,0.0111396,44.6263,0.472465,-0.180664,0.279617
66.72,0.998014,-0.00241724,-0.0437098,-0.0452863,-0.13994,0.17546,-0.0451245,-1.2139,-7.05632,0.348482,0.273374,0.140243,0.00940024,47.1762,0.510361,-0.12093,0.158327
66.74,0.998065,-0.00445216,-0.0414305,-0.0461545,-0.171601,0.129818,-0.0716642,-1.21574,-7.05779,0.34907,0.284839,0.132673,0.00638127,45.7675,0.47724,-0.192322,0.294393
66.76,0.99807,-0.00611166,-0.0400947,-0.0470177,-0.192426,0.156662,-0.0875014,-1.21677,-7.05865,0.349405,0.28414,0.137764,0.00326408,49.339,0.465308,-0.262256,0.405315
66.78,0.998077,-0.00680595,-0.0393435,-0.0474218,-0.157679,0.156786,-0.0782754,-1.21718,-7.05896,0.34955,0.282811,0.140728,-0.000185761,46.1895,0.463677,-0.238221,0.372042
66.8,0.998102,-0.00793221,-0.0376638,-0.0480799,-0.113081,0.163643,-0.0632606,-1.21787,-7.05938,0.349851,0.270752,0.145641,0.00502077,47.4761,0.512267,-0.104132,0.141871
66.82,0.998228,-0.00934078,-0.0332491,-0.0484483,-0.0322,0.324707,0.00757367,-1.22115,-7.06022,0.35044,0.235588,0.164275,-0.00799115,47.5716,0.436196,-0.274547,0.405422
66.84,0.99828,-0.00947984,-0.0317094,-0.0483963,-0.0470685,0.332442,0.0141428,-1.22245,-7.06042,0.35052,0.225284,0.169051,-0.00781422,46.3522,0.477255,-0.225508,0.315807
66.86,0.998451,-0.00955398,-0.0262993,-0.0480917,6.22449e-05,0.440274,0.0282958,-1.22612,-7.0603,0.350825,0.191505,0.175912,-0.00520316,45.6712,0.483859,-0.222351,0.261582
66.88,0.998567,-0.00945411,-0.0217969,-0.0479569,-0.00490954,0.526208,0.0108405,-1.22883,-7.06009,0.351011,0.170284,0.176231,-0.00736596,46.9032,0.47711,-0.220325,0.282457
66.9,0.998664,-0.00933622,-0.0168318,-0.0479559,-0.0164871,0.569271,0.000937489,-1.23163,-7.05971,0.351163,0.150207,0.175927,-0.0101069,45.7982,0.468046,-0.235453,0.326664
66.92,0.998775,-0.00870028,-0.00873582,-0.0479304,0.0488565,0.62333,0.0180375,-1.2377,-7.05968,0.351329,0.134742,0.182235,-0.0211438,48.5973,0.514102,-0.146566,0.154896
66.94,0.998803,-0.00849709,-0.00577729,-0.0478161,0.0111403,0.668574,0.0317408,-1.23993,-7.05968,0.351339,0.132558,0.185392,-0.0220419,50.2675,0.420717,-0.309481,0.391956
66.96,0.998841,-0.00785807,0.00307646,-0.047395,0.0502416,0.614975,0.0358954,-1.24603,-7.05894,0.351344,0.126113,0.192642,-0.0212524,44.4224,0.470515,-0.248121,0.305224
66.98,0.998836,-0.0074078,0.00578763,-0.0473114,0.0791834,0.600411,0.0229329,-1.24798,-7.05866,0.351336,0.127974,0.193654,-0.0264541,47.5927,0.470452,-0.234249,0.29573
67,0.998761,-0.00595829,0.0137165,-0.0474698,0.0684384,0.570286,-0.0361676,-1.25318,-7.0576,0.351092,0.139325,0.188108,-0.0359284,48.615,0.481175,-0.241106,0.307693
67.02,0.99867,-0.00526116,0.0183786,-0.0478779,0.055794,0.488326,-0.0515516,-1.25799,-7.05753,0.350877,0.1519,0.180408,-0.0362456,47.6728,0.501571,-0.149637,0.172472
67.04,0.998532,-0.0043179,0.0241266,-0.0483054,0.049935,0.371334,-0.0226932,-1.26396,-7.05736,0.350627,0.180046,0.167598,-0.0302437,44.6267,0.405776,-0.337677,0.467731
67.06,0.998456,-0.00404791,0.0270533,-0.0483381,0.0183458,0.27785,0.00754421,-1.26703,-7.05719,0.350578,0.201927,0.159389,-0.0237144,45.4997,0.473219,-0.211373,0.286675
67.08,0.998405,-0.00398604,0.0290965,-0.0482275,-2.07343e-05,0.180415,0.0155097,-1.26901,-7.05677,0.350596,0.227844,0.150993,-0.0165897,45.4372,0.436334,-0.267309,0.411817
67.1,0.998377,-0.00407314,0.0303452,-0.0480173,-0.00877143,0.101018,0.0230431,-1.27054,-7.05655,0.350739,0.251415,0.143309,-0.0119947,50.0117,0.513125,-0.185329,0.226563
67.12,0.99837,-0.00434828,0.0307777,-0.0478737,-0.0259116,0.00927227,0.00965108,-1.27337,-7.05693,0.351086,0.271826,0.136112,-0.0077964,44.5574,0.453795,-0.24761,0.382788
67.14,0.998388,-0.0048467,0.0300466,-0.047913,-0.0268831,-0.116198,-0.0186507,-1.27626,-7.05738,0.35171,0.299269,0.127318,-0.00381567,49.3483,0.469668,-0.264256,0.365766
67.16,0.9984,-0.0050632,0.0295165,-0.0479678,-0.0418594,-0.132956,-0.0174238,-1.27688,-7.0575,0.35194,0.306253,0.124802,-0.00104369,47.9143,0.426109,-0.329103,0.465153
67.18,0.99849,-0.00592103,0.026027,-0.0480087,-0.0430209,-0.232282,0.00193108,-1.2775,-7.05749,0.352974,0.328587,0.1213,0.00146025,45.7736,0.451397,-0.27756,0.417868
67.2,0.998518,-0.00615871,0.0249567,-0.0479689,-0.0295427,-0.263861,0.00236994,-1.27747,-7.05745,0.353236,0.330178,0.120279,0.00376181,47.4272,0.45484,-0.227405,0.33236
67.22,0.998598,-0.00681241,0.0214914,-0.0478888,-0.026506,-0.267245,-0.00124729,-1.2788,-7.05781,0.354114,0.329206,0.119539,0.00045252,45.362,0.465918,-0.253462,0.391853
67.24,0.998638,-0.00717956,0.0192426,-0.0479606,-0.0239126,-0.258057,-0.0145518,-1.27997,-7.05807,0.354693,0.322187,0.119491,-0.000796088,50.7584,0.513339,-0.150283,0.239329
67.26,0.998681,-0.0076651,0.0161904,-0.0481172,-0.0205972,-0.219216,-0.0192066,-1.28134,-7.05815,0.355505,0.306531,0.120609,0.000964362,48.0675,0.451142,-0.279122,0.409956
67.28,0.998703,-0.0079415,0.0144962,-0.0481538,-0.0202972,-0.180306,-0.00745734,-1.28191,-7.05792,0.356003,0.294462,0.122332,-0.00218098,49.3891,0.495811,-0.184015,0.268367
67.3,0.99872,-0.00818072,0.0131528,-0.0481547,-0.0252099,-0.139312,-0.0036113,-1.28255,-7.05758,0.356456,0.280262,0.123572,-0.00399806,45.4947,0.449521,-0.25779,0.390661
67.32,0.99873,-0.00835365,0.012211,-0.0481525,-0.0201514,-0.0977208,0.00156524,-1.28485,-7.05786,0.357031,0.264397,0.12395,-0.00554007,46.3663,0.452,-0.250989,0.357443
67.34,0.998733,-0.00851064,0.0116614,-0.0482061,-0.0181527,-0.0577225,-0.0096185,-1.28669,-7.05779,0.35756,0.247856,0.124729,-0.00785823,46.9396,0.52416,-0.0640941,0.0358394
67.36,0.998726,-0.00874614,0.0115368,-0.0483314,-0.00429439,0.00585885,-0.0122054,-1.28985,-7.05763,0.358287,0.226754,0.124369,-0.00581532,48.7261,0.458658,-0.242593,0.324336
67.38,0.998724,-0.00879202,0.0116511,-0.0483512,-0.0119772,0.0192516,-0.00757049,-1.29086,-7.05751,0.358521,0.221171,0.125253,-0.0096474,45.4657,0.520917,-0.10999,0.12518
67.4,0.99871,-0.0090197,0.0123686,-0.0484162,-0.0326822,0.0651297,0.00127893,-1.29447,-7.05731,0.359191,0.206296,0.125127,-0.00757326,49.2994,0.422047,-0.319697,0.468783
67.42,0.998704,-0.00904762,0.0127105,-0.0484502,-0.00110349,0.0741721,-0.00923867,-1.29613,-7.05744,0.359438,0.202079,0.124855,-0.00963274,47.7092,0.437602,-0.282262,0.405348
67.44,0.998673,-0.0092111,0.0142406,-0.0486207,0.00651903,0.0890639,-0.0087364,-1.30184,-7.05739,0.360317,0.192393,0.122894,-0.00606509,47.7787,0.503006,-0.237649,0.301048
67.46,0.998666,-0.00925957,0.0145957,-0.0486666,-0.0223486,0.0679143,-0.011388,-1.30315,-7.05733,0.360531,0.19168,0.12384,-0.010823,49.3758,0.487979,-0.203582,0.246526
67.48,0.998642,-0.0094765,0.015578,-0.04881,-0.00773179,0.0623935,-0.00924111,-1.30664,-7.05697,0.361171,0.192039,0.120686,-0.00448696,47.8065,0.506932,-0.1532,0.144527
67.5,0.998636,-0.00948242,0.0158266,-0.0488367,-0.0133504,0.0416344,-0.0065136,-1.30763,-7.05679,0.361386,0.192576,0.121465,-0.00940088,49.5711,0.503326,-0.197284,0.248653
67.52,0.998622,-0.00976579,0.0163474,-0.0489141,-0.0263341,0.0121795,-0.00608498,-1.31176,-7.05692,0.362166,0.194946,0.11798,-0.00234927,45.7695,0.443164,-0.270205,0.357855
67.54,0.998612,-0.00997851,0.0164857,-0.0490261,-6.04725e-05,-0.00447365,-0.00760049,-1.31586,-7.05717,0.36304,0.197034,0.116662,-0.00450028,50.4618,0.515105,-0.131367,0.137846
67.56,0.998609,-0.0101426,0.0164016,-0.0490683,-0.0410338,-0.0383479,-0.0115441,-1.31675,-7.05701,0.363306,0.198393,0.116774,-0.00430275,46.5633,0.478704,-0.223086,0.295314
67.58,0.998606,-0.0104036,0.0160236,-0.049207,0.00408129,-0.0351034,-0.0142639,-1.31977,-7.05687,0.364182,0.200087,0.113326,0.00233767,48.9172,0.482504,-0.225255,0.292755
67.6,0.998606,-0.0106598,0.0155941,-0.0492801,-0.01042,-0.051132,-0.0150203,-1.32138,-7.05662,0.36475,0.200567,0.112836,0.00270328,45.7776,0.466492,-0.21904,0.285653
67.62,0.99861,-0.0110032,0.0148216,-0.049379,-0.0178794,-0.0744478,-0.0158781,-1.3255,-7.05729,0.365735,0.19724,0.112436,-0.00275122,48.3869,0.494821,-0.194602,0.255905
67.64,0.998611,-0.0111732,0.0145308,-0.049404,-0.0257092,-0.0698204,-0.00680012,-1.32671,-7.05744,0.366055,0.196036,0.110208,0.00372541,48.3047,0.473331,-0.203187,0.302935
67.66,0.998612,-0.011485,0.0137213,-0.0495314,-0.00493063,-0.0592886,-0.00915563,-1.32968,-7.05752,0.367013,0.190726,0.110182,0.00197899,48.5189,0.475549,-0.219578,0.273394
67.68,0.998612,-0.0116669,0.0134113,-0.0495756,-0.0419977,-0.0777567,-0.0141047,-1.33064,-7.05752,0.367302,0.188905,0.111621,-0.00079886,48.9443,0.494121,-0.1901,0.241988
67.7,0.998612,-0.0120653,0.0124987,-0.0497196,-0.0290658,-0.0604028,-0.00644333,-1.33466,-7.05761,0.368539,0.178323,0.111969,-0.000743164,49.6592,0.445158,-0.290439,0.367096
67.72,0.998612,-0.0122653,0.0121587,-0.0497634,-0.0278868,-0.051534,-0.004767,-1.33741,-7.05808,0.369194,0.171917,0.111445,-0.00089271,49.7771,0.417211,-0.302682,0.396658
67.74,0.99861,-0.0124339,0.0119006,-0.0498192,-0.0126436,-0.0343053,-0.0138224,-1.33995,-7.05839,0.369831,0.165427,0.11118,-0.00103315,48.364,0.497268,-0.156864,0.169868
67.76,0.998608,-0.0126092,0.0117249,-0.0498631,-0.0134329,-0.0240203,-0.00496842,-1.34229,-7.05855,0.370447,0.159767,0.111349,-0.00102017,47.1525,0.361685,-0.379944,0.50799
67.78,0.998604,-0.0127828,0.0116379,-0.0499176,-0.00262396,-0.00808926,-0.00248777,-1.34419,-7.05839,0.37105,0.154052,0.109978,0.00283844,49.0931,0.475945,-0.193154,0.219791
67.8,0.998597,-0.0130332,0.0115675,-0.0500075,-0.0270651,-0.0152758,-0.00235388,-1.34772,-7.05856,0.371923,0.146842,0.1116,0.000211691,45.6322,0.474205,-0.218453,0.249916
67.82,0.998595,-0.0130834,0.0115935,-0.0500297,0.00156723,0.00759875,-0.00847551,-1.34923,-7.05882,0.372241,0.14411,0.109561,0.00401671,46.0106,0.439945,-0.269705,0.379695
67.84,0.998587,-0.0132724,0.011646,-0.0501175,-0.0243428,-0.00717664,-0.00646054,-1.35345,-7.05941,0.373145,0.137291,0.109166,0.000304484,46.8142,0.497853,-0.171775,0.189826
67.86,0.998585,-0.0133587,0.0116892,-0.0501351,-0.00982918,0.00987699,-0.00392231,-1.35473,-7.05954,0.37345,0.135794,0.107092,0.00624585,45.3153,0.506574,-0.159593,0.180221
67.88,0.998574,-0.0136088,0.0118148,-0.0502426,-0.0152746,-0.00627091,-0.00693739,-1.35911,-7.05956,0.374611,0.13038,0.106936,0.00443079,48.3456,0.447792,-0.266341,0.37638
67.9,0.998573,-0.0135986,0.01186,-0.0502737,0.00278577,0.00326035,-0.00268982,-1.3601,-7.05953,0.374916,0.129097,0.105563,0.00523632,48.7268,0.502733,-0.211182,0.248379
67.92,0.998564,-0.0138124,0.01188,-0.0503743,-0.0250868,-0.0129528,-0.0125452,-1.36405,-7.06017,0.375779,0.125341,0.10515,0.00423342,46.1975,0.435431,-0.304828,0.396086
67.94,0.998562,-0.0138422,0.0119237,-0.0503945,0.00648977,0.0121583,-0.00362318,-1.36545,-7.06048,0.376085,0.123539,0.102735,0.00750045,47.8977,0.424216,-0.304554,0.421846
67.96,0.998557,-0.0140359,0.0118738,-0.0504491,-0.0216515,-0.0202028,-0.0022784,-1.3693,-7.06118,0.376943,0.120186,0.102535,0.00398699,51.4293,0.472922,-0.245099,0.293636
67.98,0.998551,-0.0142393,0.0117746,-0.0505489,-0.013675,-0.0132378,-0.0154783,-1.37262,-7.06161,0.377787,0.117807,0.0984713,0.00973612,49.5182,0.440412,-0.307047,0.359684
68,0.998548,-0.0142622,0.0117449,-0.0506023,-0.0142175,-0.0138476,-0.011675,-1.37343,-7.06155,0.378074,0.117005,0.0987759,0.00639749,45.869,0.458889,-0.242519,0.27513
68.02,0.99854,-0.0145275,0.0115234,-0.0507433,-0.0269358,-0.0294648,-0.0170249,-1.37726,-7.06251,0.378894,0.113805,0.0974429,0.00748795,46.5524,0.463111,-0.206592,0.272999
68.04,0.998536,-0.0146589,0.0113857,-0.0508064,-0.0233942,-0.0305651,-0.00769401,-1.37991,-7.06327,0.379436,0.111434,0.0971995,0.00622894,46.9424,0.441374,-0.256797,0.334081
68.06,0.998533,-0.0148541,0.0111523,-0.0508578,0.00609622,-0.014924,-0.003752,-1.38346,-7.06414,0.380226,0.107721,0.094663,0.00869826,47.0001,0.483546,-0.205964,0.230457
68.08,0.998531,-0.0149877,0.0109836,-0.0508994,-0.000211556,-0.0124081,-0.00556071,-1.38555,-7.06455,0.380736,0.105112,0.0934699,0.0104866,47.2402,0.41274,-0.33486,0.442036
68.1,0.99853,-0.0150666,0.0108014,-0.050929,-0.00132423,-0.0224843,0.000319253,-1.38745,-7.06483,0.381246,0.102339,0.0935013,0.01089,48.9059,0.433812,-0.305496,0.385755
68.12,0.998529,-0.0151685,0.0106426,-0.0509625,-0.0112233,-0.0209257,-0.00465398,-1.38959,-7.0653,0.381795,0.0991414,0.0935084,0.0093751,50.2783,0.422627,-0.327326,0.418891
68.14,0.998528,-0.0152899,0.0104753,-0.0509777,0.0139595,-0.0201108,0.00326479,-1.39353,-7.06666,0.382622,0.092735,0.089674,0.00944203,46.5879,0.450623,-0.270907,0.333494
68.16,0.998526,-0.0153904,0.0103854,-0.050995,-0.0202333,-0.0317944,0.00144091,-1.39475,-7.06704,0.382878,0.09131,0.090284,0.0088394,48.8028,0.419037,-0.300208,0.39525
68.18,0.998522,-0.0155119,0.0103114,-0.0510578,0.00524342,-0.00566165,-0.00344269,-1.39812,-7.06801,0.383687,0.0852743,0.0865408,0.0112035,47.3555,0.432131,-0.301356,0.371067
68.2,0.998521,-0.0155604,0.0102703,-0.0510758,-0.0184904,-0.0186269,-0.00163214,-1.39916,-7.06828,0.383939,0.0839323,0.0877016,0.00820211,51.1022,0.435492,-0.261001,0.334505
68.22,0.998516,-0.0156563,0.0102393,-0.0511384,-0.00643892,-0.0145086,-0.0107439,-1.40111,-7.06871,0.384462,0.0810774,0.0859303,0.00771459,47.5385,0.437012,-0.295421,0.358214
68.24,0.998511,-0.0158392,0.0102005,-0.0511991,0.00364337,-0.00947852,0.00158263,-1.40641,-7.07094,0.385457,0.0745016,0.0814195,0.009997,49.1437,0.436943,-0.299828,0.397102
68.26,0.998507,-0.0159145,0.0101947,-0.0512413,0.010653,0.000974166,-0.00365572,-1.40883,-7.07191,0.385944,0.0717718,0.0805045,0.0102373,46.0592,0.454675,-0.258356,0.289211
68.28,0.998504,-0.0159068,0.0102719,-0.0512961,0.0164609,0.00602617,-0.00942551,-1.41107,-7.07273,0.386417,0.0682695,0.0800601,0.011035,43.552,0.447671,-0.269097,0.341632
68.3,0.998501,-0.0160589,0.0101974,-0.051315,-0.0434634,-0.0280749,-0.00493827,-1.41213,-7.07309,0.386642,0.0669939,0.0811785,0.0108555,47.2416,0.478903,-0.220237,0.231931
68.32,0.998499,-0.0160895,0.0103399,-0.0513211,-0.0509315,-0.0170887,0.00877566,-1.41677,-7.07499,0.387508,0.0594999,0.0780662,0.0104855,48.733,0.465106,-0.226945,0.236319
68.34,0.998498,-0.0162432,0.010306,-0.0512938,-0.0164487,-0.00290345,0.0109306,-1.41807,-7.07563,0.387709,0.0586225,0.0759496,0.0124493,49.3804,0.444384,-0.280249,0.320443
68.36,0.998499,-0.0161495,0.0106062,-0.051245,0.014316,0.0238008,0.00298337,-1.42171,-7.07741,0.388308,0.0537605,0.0721289,0.00887569,50.7556,0.471635,-0.227756,0.251215
68.38,0.998495,-0.0162934,0.0105757,-0.0512809,-0.0407002,-0.0063454,-0.0144911,-1.42285,-7.07794,0.388508,0.0520317,0.0714914,0.0133941,49.9376,0.514234,-0.124874,0.0629186
68.4,0.998481,-0.0164151,0.0107514,-0.0514779,0.0367803,0.0335267,-0.012366,-1.42598,-7.07935,0.389146,0.0501113,0.068361,0.0102424,50.3257,0.39938,-0.33492,0.434716
68.42,0.998473,-0.0166299,0.0108611,-0.0515562,-0.0334176,-0.0139393,-8.5999e-05,-1.42985,-7.08172,0.38971,0.0471238,0.0684317,0.0113404,46.337,0.432419,-0.261877,0.325857
68.44,0.998471,-0.0167311,0.0109007,-0.0515538,-0.0104899,0.0138826,0.0041175,-1.43104,-7.08244,0.38992,0.0464326,0.0660141,0.0132496,49.0801,0.509323,-0.103865,0.0176311
68.46,0.99847,-0.0167536,0.0110325,-0.0515368,-0.014756,-0.0056211,0.0079176,-1.43424,-7.08424,0.390538,0.0443502,0.0654606,0.0120838,46.7087,0.503207,-0.170559,0.158374
68.48,0.998467,-0.0168636,0.0109739,-0.0515561,-0.0142213,-0.018803,0.000434129,-1.43525,-7.0848,0.390726,0.0440668,0.065937,0.0139515,49.0386,0.461851,-0.224727,0.249435
68.5,0.998464,-0.0169381,0.0109723,-0.0516085,-0.0201151,-0.0162563,-0.00274233,-1.43925,-7.08718,0.391521,0.0408913,0.0637476,0.0128086,47.4226,0.506013,-0.171829,0.134957
68.52,0.998462,-0.0169298,0.0109584,-0.0516376,0.0144379,-0.00100152,-0.00273726,-1.44042,-7.08802,0.391737,0.0395821,0.0612705,0.0148106,50.2033,0.459988,-0.216231,0.236907
68.54,0.998462,-0.0170447,0.0109134,-0.051619,0.0158329,0.00246727,0.00226428,-1.44266,-7.08959,0.392139,0.0376955,0.0591049,0.0144453,47.1481,0.474936,-0.205841,0.216263
68.56,0.998462,-0.0170676,0.0108747,-0.0516111,0.0137398,-0.00394336,-0.000790216,-1.44473,-7.09103,0.392534,0.0351856,0.0568813,0.0156728,49.5205,0.492235,-0.151028,0.124803
68.58,0.998459,-0.0172347,0.0107499,-0.0516485,0.00279498,-0.00722547,-0.0062416,-1.44839,-7.09346,0.39332,0.0308671,0.054288,0.0149772,46.817,0.491609,-0.150072,0.110411
68.6,0.998453,-0.0173211,0.0106999,-0.0517338,-0.0177813,-0.0125886,-0.0042424,-1.45004,-7.09455,0.39372,0.0288653,0.0531676,0.015017,47.8867,0.468859,-0.228525,0.266211
68.62,0.99845,-0.0173954,0.0107037,-0.0517663,-0.0169911,-0.00184361,-0.000126749,-1.45227,-7.09633,0.394079,0.0241859,0.0506331,0.012987,48.0819,0.465319,-0.249154,0.255738
68.64,0.998446,-0.0174584,0.0108332,-0.0518052,-0.0212551,0.0104673,-0.00183273,-1.45442,-7.09801,0.39441,0.0166691,0.0456658,0.0121457,47.7457,0.454799,-0.253331,0.267149
68.66,0.99844,-0.0175177,0.0110011,-0.0518715,-0.00347063,0.0397798,-0.0114028,-1.45547,-7.09882,0.394593,0.0132084,0.0425211,0.0142667,46.3838,0.447304,-0.263222,0.293669
68.68,0.998412,-0.0179848,0.0117821,-0.0520762,-0.00932553,0.0573639,0.00318655,-1.4595,-7.10177,0.395304,0.00429013,0.040526,0.0156609,49.6184,0.4197,-0.329707,0.405075
68.7,0.998409,-0.0180411,0.0120324,-0.0520587,-0.0197273,0.050439,0.00593554,-1.46044,-7.10235,0.395488,0.00309765,0.0421584,0.011596,47.4929,0.47888,-0.187652,0.178118
68.72,0.998405,-0.0182571,0.0127538,-0.0518839,-0.00602375,0.0449948,0.0141775,-1.46368,-7.10475,0.395897,0.00214399,0.0440082,0.0128428,48.1615,0.504108,-0.117345,0.0257913
68.74,0.998405,-0.0181673,0.0130163,-0.0518487,0.0281226,0.0519065,0.00741552,-1.46477,-7.10559,0.396031,0.00239261,0.0436328,0.0112455,47.508,0.440784,-0.282596,0.311256
68.76,0.998396,-0.0180764,0.0136394,-0.0518904,0.0285918,0.0453319,0.00682321,-1.46872,-7.10854,0.396544,0.00266986,0.0424665,0.0130841,46.6405,0.470424,-0.249405,0.251641
68.78,0.998395,-0.0180329,0.0137652,-0.0518841,0.000552134,0.0157722,0.00360923,-1.46961,-7.10919,0.396663,0.00267366,0.0427136,0.0119726,49.665,0.488677,-0.204753,0.195866
68.8,0.99839,-0.0180151,0.0141714,-0.0518938,0.0125228,0.0321511,-0.00702998,-1.47234,-7.11128,0.397051,0.00170522,0.0369176,0.015452,46.586,0.381216,-0.361089,0.450209
68.82,0.998388,-0.0179989,0.0142962,-0.0518961,-0.00120686,0.0184178,0.00241659,-1.47336,-7.11215,0.39715,0.00104558,0.0358317,0.010626,52.0988,0.404244,-0.346288,0.42574
68.84,0.998382,-0.0180965,0.0145109,-0.0519147,-0.0107534,0.00397255,0.00277092,-1.47613,-7.11458,0.397426,0.00396788,0.0332731,0.0154393,46.7606,0.427657,-0.293942,0.291073
68.86,0.998385,-0.0180813,0.0144745,-0.0518662,0.0214932,-0.000378265,0.00166334,-1.47852,-7.11674,0.397758,0.0043759,0.0310825,0.0135726,49.9241,0.412522,-0.325041,0.397744
68.88,0.998385,-0.0181227,0.014361,-0.0518857,0.0125579,0.00132692,-0.00710708,-1.47996,-7.11805,0.398002,0.00232082,0.0288717,0.0151168,48.0472,0.429382,-0.286698,0.31206
68.9,0.99838,-0.0182201,0.0143322,-0.0519683,0.013024,0.0123191,-0.00760792,-1.48151,-7.11954,0.398231,-0.000362534,0.0248933,0.0160752,47.503,0.485319,-0.203186,0.178203
68.92,0.998373,-0.0184594,0.01433,-0.0520209,-0.022847,-0.00435268,0.0136623,-1.48398,-7.12193,0.398544,-0.00434758,0.0249727,0.0121851,49.3905,0.437453,-0.282601,0.347519
68.94,0.998374,-0.0185552,0.0143553,-0.0519561,-0.00810231,0.0101152,0.0214351,-1.48475,-7.12267,0.398631,-0.0044854,0.0248004,0.015793,48.3588,0.378819,-0.369143,0.456278
68.96,0.99838,-0.0185944,0.0144968,-0.0517834,0.00556587,0.0088385,0.0238053,-1.48621,-7.12403,0.3988,-0.00504332,0.0262526,0.014613,51.2633,0.413978,-0.314082,0.392792
68.98,0.998383,-0.0185241,0.0145634,-0.0517402,0.022633,0.0111659,0.00433665,-1.4882,-7.1258,0.399101,-0.00774346,0.0274245,0.0132508,48.5391,0.456821,-0.251733,0.272997
69,0.998379,-0.0183983,0.0147951,-0.0517821,0.00159859,0.00559296,-0.00166156,-1.49018,-7.12752,0.399361,-0.0116185,0.0260924,0.0138772,50.2979,0.419461,-0.302837,0.360108
69.02,0.998378,-0.018316,0.0150069,-0.0517789,-0.0135184,0.0208205,0.00747682,-1.49165,-7.12882,0.399519,-0.0146025,0.0238297,0.0101106,52.2412,0.461325,-0.263919,0.287235
69.04,0.998376,-0.0183233,0.0151765,-0.0517675,0.0122996,0.0390253,0.0126684,-1.49234,-7.12946,0.399575,-0.0153023,0.0211708,0.0142986,48.4696,0.43747,-0.276789,0.292095
69.06,0.998372,-0.0182742,0.0155122,-0.051761,0.00587339,0.0387724,0.000996546,-1.49368,-7.13069,0.399703,-0.017604,0.0175274,0.0157567,48.0082,0.470929,-0.244974,0.237933
69.08,0.99836,-0.0182961,0.0159363,-0.0518513,0.000593958,0.0353474,-0.00700225,-1.49555,-7.13243,0.399971,-0.020066,0.0135315,0.0126169,47.6387,0.449476,-0.269782,0.28968
69.1,0.998355,-0.0184044,0.0160756,-0.051876,-0.018587,0.0264297,-0.001598,-1.49613,-7.13297,0.400055,-0.0196796,0.0119856,0.0165472,47.6466,0.42675,-0.314139,0.346243
69.12,0.998338,-0.0186995,0.0167096,-0.0518862,-0.0346638,0.024591,0.0105803,-1.49859,-7.13555,0.400418,-0.0200178,0.0121005,0.0121112,48.3636,0.428516,-0.285382,0.329122
69.14,0.998338,-0.0187567,0.0170427,-0.0517683,-0.0182977,0.0257084,0.0174535,-1.49977,-7.13672,0.400607,-0.0212151,0.0143942,0.00879004,45.8063,0.455635,-0.244584,0.272634
69.16,0.998341,-0.0187272,0.0172431,-0.0516505,-0.00101413,0.0143614,0.00960169,-1.50084,-7.13777,0.400795,-0.0226767,0.0144922,0.0113587,48.462,0.486991,-0.233849,0.221465
69.18,0.998339,-0.0187314,0.0173521,-0.0516376,0.00514494,0.0311559,0.00147443,-1.50135,-7.13826,0.400903,-0.0228821,0.0133632,0.0168225,49.5112,0.422706,-0.308473,0.374049
69.2,0.998324,-0.0186809,0.0179315,-0.0517542,-0.00894107,0.0227232,-0.00320656,-1.50335,-7.14017,0.401352,-0.0258611,0.0107326,0.0139142,46.6383,0.455477,-0.24069,0.272285
69.22,0.998317,-0.0186369,0.0182259,-0.0518089,-0.0110006,0.0314663,0.00240684,-1.50445,-7.14127,0.401573,-0.0273334,0.00947032,0.0131939,52.3309,0.383047,-0.37307,0.458294
69.24,0.998311,-0.0186359,0.0185833,-0.051801,-0.016142,0.029377,0.00550821,-1.50549,-7.14229,0.401805,-0.0290492,0.00828272,0.0134623,50.5497,0.447228,-0.306362,0.337374
69.26,0.998303,-0.0186415,0.0189244,-0.0518248,-0.0157325,0.0166919,-0.000131778,-1.5065,-7.14322,0.402091,-0.029806,0.00646018,0.0104644,49.2678,0.408517,-0.351922,0.400471
69.28,0.998289,-0.0186574,0.0192367,-0.0519787,-0.0156609,0.0307903,-0.0168003,-1.50739,-7.14413,0.402346,-0.0293234,0.00370505,0.00992391,45.8396,0.396271,-0.315306,0.37977
69.3,0.998264,-0.0188701,0.0195165,-0.0522779,-0.0208026,0.0119526,-0.0196123,-1.50867,-7.14548,0.402823,-0.0271009,-0.00245541,0.0184693,49.8462,0.370642,-0.349672,0.46013
69.32,0.998254,-0.0190759,0.0195852,-0.0523519,-0.033259,0.00195601,0.000168378,-1.50957,-7.14644,0.403277,-0.0261102,-0.0043791,0.0209517,46.2652,0.310591,-0.394461,0.570361
69.34,0.998251,-0.0192826,0.0196207,-0.0523347,-0.0291068,-0.00608377,0.00701777,-1.51037,-7.14733,0.403753,-0.0250066,-0.00547228,0.0197779,49.2138,0.437342,-0.28453,0.310609
69.36,0.99825,-0.0193335,0.019694,-0.0523093,-0.0047111,0.00906862,0.0160826,-1.51074,-7.14776,0.403988,-0.0252129,-0.0056722,0.01446,52.2747,0.323255,-0.405679,0.532269
69.38,0.998231,-0.0197413,0.019554,-0.0525624,-0.00392125,-0.00110149,-0.0235873,-1.51206,-7.14932,0.404869,-0.0247995,-0.00811886,0.0198229,50.0576,0.469652,-0.244356,0.217094
69.4,0.998218,-0.0199944,0.0194605,-0.0527519,-0.00867134,-0.00261874,-0.0110626,-1.51274,-7.14996,0.405381,-0.0241175,-0.00683197,0.0215902,47.8818,0.43279,-0.2744,0.324852
69.42,0.998214,-0.0201535,0.0193068,-0.0528222,-0.0100415,-0.0069595,0.000126139,-1.51348,-7.1505,0.405969,-0.0222035,-0.0046137,0.0216733,46.956,0.455426,-0.241785,0.272598
69.44,0.998215,-0.0201659,0.0192713,-0.0528106,-0.0110845,-0.0123131,0.0114364,-1.51381,-7.15072,0.406253,-0.0218227,-0.00174544,0.0140902,48.5596,0.488827,-0.169962,0.109995
69.46,0.998218,-0.0202188,0.0188984,-0.0528725,0.0356874,-0.0264874,-0.00210427,-1.51492,-7.15137,0.407277,-0.0198865,0.000544649,0.0157235,48.2764,0.404072,-0.338676,0.43387
69.48,0.998219,-0.0202397,0.0187309,-0.0529051,-0.011516,-0.0382252,-0.00182632,-1.51515,-7.15147,0.407509,-0.0206168,0.00305237,0.0129573,47.1106,0.438065,-0.280481,0.321959
69.5,0.998218,-0.0201631,0.01861,-0.0529825,-0.0116794,-0.0249513,-0.0017159,-1.5156,-7.15164,0.408009,-0.0242962,0.00135509,0.0134364,47.9109,0.449485,-0.281549,0.307362
69.52,0.998211,-0.0201787,0.0186103,-0.0531106,-0.0034731,0.0199502,-0.00426589,-1.51664,-7.15192,0.409028,-0.0331274,-0.00501279,0.0196276,49.6097,0.445455,-0.286539,0.330762
69.54,0.998202,-0.0204169,0.0188258,-0.0531171,-0.0247638,0.0360525,0.0092616,-1.51738,-7.15209,0.409678,-0.0372032,-0.00560167,0.0182626,48.6804,0.40322,-0.316591,0.391779
69.56,0.998189,-0.0205718,0.0194315,-0.0530795,-0.00989076,0.0473011,0.0128696,-1.5185,-7.15223,0.410586,-0.0423917,-0.00173036,0.01044,51.2708,0.456621,-0.248634,0.237732
69.58,0.998179,-0.020648,0.0198582,-0.0530926,0.00970375,0.0492637,0.00198259,-1.51929,-7.15222,0.411169,-0.0440114,-0.00170326,0.0151765,49.3521,0.442988,-0.262714,0.267026
69.6,0.998163,-0.0206817,0.020307,-0.0531988,0.00566017,0.0591013,-0.00200687,-1.5201,-7.15219,0.411848,-0.0455733,-0.00278055,0.0176605,49.3097,0.389209,-0.341115,0.435701
69.62,0.998154,-0.0207649,0.0204749,-0.0532672,-0.037865,0.0308217,-0.00461181,-1.52057,-7.15218,0.412242,-0.0457941,-0.000931806,0.0156278,49.0055,0.393743,-0.332092,0.413021
69.64,0.998144,-0.0207439,0.0209738,-0.0532739,0.0140735,0.0357239,0.0229261,-1.52176,-7.15203,0.41344,-0.040718,0.00170992,0.0218337,47.7684,0.426409,-0.299103,0.320923
69.66,0.998148,-0.0207338,0.0212023,-0.0531229,0.00724966,0.0292138,0.0216812,-1.5224,-7.1518,0.414191,-0.0364282,0.00376213,0.0196374,47.4907,0.46225,-0.284341,0.302511
69.68,0.998149,-0.020508,0.0211927,-0.0531859,0.0203194,-0.00777446,-0.0114811,-1.52319,-7.15144,0.415295,-0.0350307,-0.000123365,0.0181956,46.7981,0.380315,-0.346098,0.449695
69.7,0.998139,-0.0204923,0.0210942,-0.05342,0.0114714,-0.00401277,-0.0197254,-1.52363,-7.15123,0.416081,-0.0344327,-0.00377324,0.0215837,50.4463,0.428379,-0.308919,0.367774
69.72,0.998137,-0.0206897,0.0209234,-0.0534451,-0.0312578,-0.0199586,0.0152477,-1.52448,-7.15106,0.417461,-0.0349838,-0.00506967,0.0203168,46.6688,0.456139,-0.249873,0.263677
69.74,0.998143,-0.020888,0.0210083,-0.0532217,-0.0362516,0.00301991,0.0372095,-1.52505,-7.15095,0.418339,-0.0376646,-0.00431213,0.0171446,50.3931,0.40761,-0.351771,0.3954
69.76,0.99814,-0.0210477,0.0211579,-0.0531674,-0.0227871,0.00616419,0.00376404,-1.52562,-7.15078,0.419139,-0.0393949,-0.00414973,0.0144361,46.5547,0.458651,-0.233038,0.214229
69.78,0.998124,-0.0211276,0.02134,-0.0533601,-0.015496,0.0140853,-0.0243104,-1.52617,-7.15059,0.419895,-0.0412567,-0.00394005,0.0142487,50.3049,0.398491,-0.338184,0.41419
69.8,0.99811,-0.0212191,0.021427,-0.0535462,-0.00920222,0.0211467,-0.0359089,-1.52644,-7.15047,0.420262,-0.0404166,-0.00504996,0.0192884,49.0208,0.390828,-0.362659,0.434776
69.82,0.998077,-0.0213663,0.021732,-0.053984,-0.0161031,0.00713759,0.00752764,-1.52764,-7.1502,0.421818,-0.0403078,-0.00580902,0.0205416,51.7648,0.429789,-0.304712,0.331035
69.84,0.998076,-0.0213377,0.0218148,-0.0539745,0.00481229,0.0175769,0.0118901,-1.52794,-7.15015,0.422231,-0.0422418,-0.00724934,0.019039,50.3758,0.392914,-0.343388,0.416056
69.86,0.998062,-0.0217179,0.0220973,-0.053975,-0.0482588,0.0214422,-0.00449534,-1.52891,-7.15006,0.423483,-0.0475856,-0.013755,0.0178664,47.458,0.399542,-0.337534,0.38566
69.88,0.998049,-0.0218828,0.0222502,-0.0540847,-0.0265291,0.037489,-0.0227608,-1.52923,-7.15005,0.423877,-0.0494697,-0.0166287,0.0225501,52.6822,0.408601,-0.344131,0.379405
69.9,0.997995,-0.0225989,0.0231448,-0.0543987,-0.0484281,0.0609258,-0.00356413,-1.53066,-7.15006,0.425329,-0.058708,-0.0171301,0.0193729,49.8074,0.390629,-0.339909,0.39153
69.92,0.997971,-0.0230113,0.0238178,-0.0543831,-0.0612907,0.0765044,0.00274672,-1.53149,-7.1501,0.426008,-0.0636364,-0.015852,0.0201953,48.7589,0.412654,-0.320447,0.375649
69.94,0.997944,-0.0233664,0.0245312,-0.0544125,-0.0610307,0.0823831,-0.0024984,-1.53235,-7.15009,0.426687,-0.0647982,-0.0155784,0.0197634,49.4052,0.461945,-0.230631,0.217838
69.96,0.997911,-0.0236932,0.0252664,-0.0545418,-0.0567295,0.0611806,-0.0117425,-1.53325,-7.15008,0.427379,-0.0613629,-0.0137644,0.0159415,45.6256,0.417113,-0.305216,0.362114
69.98,0.99789,-0.0239089,0.0256623,-0.0546465,-0.0299203,0.0225181,-6.92942e-05,-1.53391,-7.14997,0.428045,-0.0532949,-0.00847868,0.0193246,47.4535,0.420154,-0.32608,0.354504
70,0.997909,-0.0238731,0.0257031,-0.0542857,0.0210769,-0.00686083,0.0468555,-1.53449,-7.14951,0.429175,-0.0344584,0.00273489,0.0293184,46.1378,0.420247,-0.295061,0.342324
70.02,0.997924,-0.0237623,0.0255993,-0.0541124,0.0245122,-0.0329999,0.0330965,-1.53456,-7.14941,0.429547,-0.0294116,0.00760901,0.0231225,49.5184,0.421535,-0.316407,0.328563
70.04,0.997978,-0.0231444,0.0245857,-0.0538482,0.0662724,-0.0863093,0.00185832,-1.53441,-7.1489,0.430603,-0.0117685,0.0146774,0.0249307,49.3046,0.451922,-0.262378,0.314994
70.06,0.997994,-0.0227775,0.0241522,-0.0538978,0.0908992,-0.096079,-0.00832558,-1.53425,-7.14868,0.430934,-0.00749363,0.0164707,0.0194666,51.431,0.384163,-0.353073,0.433249
70.08,0.998059,-0.0215401,0.0217684,-0.0542268,0.0794277,-0.128149,-0.0115947,-1.53323,-7.14779,0.432275,0.00215553,0.00603994,0.0242125,50.7446,0.405969,-0.332499,0.426479
70.1,0.998074,-0.0213719,0.021114,-0.0542671,0.0285149,-0.147291,-0.00180888,-1.53295,-7.14763,0.432578,0.000893135,0.0020303,0.0201253,49.1576,0.414449,-0.328505,0.397956
70.12,0.998108,-0.0211045,0.0192314,-0.0544492,0.0154214,-0.131905,-0.0230476,-1.5321,-7.14782,0.433552,-0.00485877,-0.0217894,0.0316734,47.5538,0.415352,-0.328723,0.368956
70.14,0.99811,-0.0215109,0.0181658,-0.0546285,-0.0546452,-0.103589,-0.0141884,-1.53163,-7.1482,0.434272,-0.0111582,-0.0293136,0.032605,45.8603,0.345678,-0.374565,0.49134
70.16,0.998121,-0.0222163,0.0171764,-0.0544526,-0.0354824,-0.0612467,0.0293819,-1.53116,-7.14878,0.435248,-0.025956,-0.0261208,0.0209625,48.6601,0.469843,-0.24471,0.218892
70.18,0.998128,-0.022596,0.0169234,-0.0542541,-0.0219542,0.000724104,0.0198943,-1.53108,-7.14907,0.435855,-0.0361241,-0.0204086,0.0235377,49.282,0.498954,-0.184325,0.150203
70.2,0.998125,-0.0227709,0.0169219,-0.0542379,-0.0333628,-0.00254688,0.00132642,-1.5311,-7.14914,0.436128,-0.0419319,-0.0161854,0.0210171,49.789,0.383545,-0.347175,0.416045
70.22,0.998107,-0.0227244,0.0177928,-0.0543078,0.0197438,0.100125,-0.000423282,-1.53141,-7.14937,0.43695,-0.0615513,-0.00740073,0.0193199,50.741,0.400562,-0.334894,0.407464
70.24,0.998089,-0.0226339,0.0187567,-0.0543522,0.0275371,0.121881,0.00704402,-1.53183,-7.14942,0.437445,-0.0701814,-0.00245819,0.0185661,48.315,0.397749,-0.341724,0.408767
70.26,0.998068,-0.0220626,0.0205559,-0.0543144,0.0410911,0.136744,0.0189561,-1.53265,-7.14933,0.438188,-0.0757728,-0.001017,0.0174158,51.4679,0.421789,-0.335367,0.398757
70.28,0.998044,-0.0216733,0.0216955,-0.0544774,0.044787,0.122162,-0.0252405,-1.53331,-7.14934,0.43881,-0.0729062,-0.0124231,0.0266375,50.309,0.335219,-0.387327,0.504385
70.3,0.997999,-0.0215804,0.0226946,-0.0549384,-0.00473516,0.111903,-0.0510864,-1.53377,-7.14964,0.439498,-0.0661793,-0.0242629,0.0270461,48.1588,0.408571,-0.296398,0.351513
70.32,0.997975,-0.0217619,0.0230748,-0.0551383,-0.0562254,0.0745746,-0.0284211,-1.53396,-7.14989,0.439849,-0.0625059,-0.0265295,0.0246965,47.5931,0.410626,-0.314763,0.370873
70.34,0.997957,-0.0221121,0.0238419,-0.0549946,-0.00559653,0.0520383,0.0483298,-1.53426,-7.15069,0.440912,-0.0457665,-0.0289455,0.0270504,50.2662,0.418545,-0.290188,0.328748
70.36,0.997976,-0.0223737,0.0240426,-0.0544495,-0.0159281,0.00481384,0.0564165,-1.53419,-7.15114,0.441613,-0.0354205,-0.0258939,0.029515,49.626,0.471365,-0.227968,0.22851
70.38,0.997982,-0.0224906,0.0237121,-0.0544448,-0.00188212,-0.034491,-0.0323022,-1.53378,-7.15175,0.442698,-0.0226899,-0.0257715,0.023599,50.8474,0.459563,-0.235709,0.219823
70.4,0.99797,-0.0225861,0.0235412,-0.0547023,-0.00798209,-0.0429315,-0.0611928,-1.53356,-7.15194,0.443024,-0.0185836,-0.0263093,0.026004,48.236,0.382867,-0.357743,0.440668
70.42,0.997956,-0.022407,0.0224077,-0.055504,0.0319403,-0.102475,-0.0438228,-1.53287,-7.15265,0.444166,-0.00598406,-0.0299837,0.0266084,50.0973,0.413576,-0.303614,0.359385
70.44,0.997963,-0.0225803,0.0206718,-0.0559734,-0.0476608,-0.148234,-0.0310385,-1.5319,-7.15358,0.445484,0.00484535,-0.0443857,0.03512,47.9803,0.474256,-0.209759,0.211946
70.46,0.997963,-0.0227752,0.0200277,-0.0561223,-0.0265032,-0.150255,-0.0288747,-1.53152,-7.15397,0.445982,0.00615241,-0.0513223,0.0392494,47.546,0.381401,-0.320106,0.433234
70.48,0.997967,-0.0238116,0.0178418,-0.0563669,-0.0894547,-0.151454,0.00202027,-1.53035,-7.1553,0.447428,0.00389261,-0.0558121,0.0324324,47.4934,0.441439,-0.270916,0.298261
70.5,0.997979,-0.024586,0.0169157,-0.0560963,-0.0789972,-0.0921552,0.0471675,-1.52966,-7.15612,0.448236,-0.00351096,-0.0479163,0.0232651,50.686,0.448335,-0.261793,0.293868
70.52,0.998012,-0.024985,0.0163703,-0.055493,-0.0054329,-0.0482807,0.0742406,-1.52937,-7.15689,0.44914,-0.0184975,-0.0348817,0.0190376,50.5465,0.46464,-0.224116,0.259496
70.54,0.998036,-0.0248744,0.0162363,-0.0551486,0.0379113,0.0093085,0.0230977,-1.52933,-7.15736,0.449948,-0.0338297,-0.0257661,0.021553,47.5045,0.477493,-0.215182,0.219998
70.56,0.998001,-0.0244496,0.016673,-0.0558403,0.020846,0.0453734,-0.0725723,-1.52971,-7.15787,0.451297,-0.0518142,-0.0225107,0.0300543,50.9452,0.445154,-0.261058,0.304731
70.58,0.997965,-0.024144,0.0173742,-0.0564067,0.0127855,0.0856932,-0.0423694,-1.53014,-7.15819,0.452224,-0.0560729,-0.0253914,0.0264641,47.3389,0.442422,-0.256273,0.286424
70.6,0.997946,-0.0239555,0.0186362,-0.0564157,0.00921193,0.0927063,0.0263082,-1.53089,-7.15889,0.453569,-0.0583157,-0.0379116,0.0252567,48.4891,0.304793,-0.419528,0.552682
70.62,0.997936,-0.0241461,0.0194426,-0.0562296,-0.0327845,0.0888627,0.0242628,-1.53152,-7.15971,0.454559,-0.0538861,-0.0467408,0.0262488,51.2831,0.414586,-0.323734,0.357834
70.64,0.997925,-0.024301,0.0198245,-0.0562387,-0.0463242,0.0688537,0.00206999,-1.53175,-7.16014,0.455057,-0.0511447,-0.0509468,0.0244827,50.537,0.429928,-0.295733,0.326592
70.66,0.997875,-0.0249251,0.0202513,-0.0566873,-0.0503982,-0.00244148,-0.0390457,-1.53217,-7.1615,0.456529,-0.0347081,-0.053925,0.0296705,48.0847,0.455048,-0.249374,0.260547
70.68,0.997863,-0.0250431,0.020201,-0.056866,-0.0181515,-0.0152648,-0.0410773,-1.5322,-7.16195,0.457049,-0.0283959,-0.0538694,0.0314362,49.2445,0.418601,-0.314635,0.388677
70.7,0.997873,-0.025525,0.0191032,-0.056855,-0.000383946,-0.0894163,0.0183106,-1.53174,-7.16352,0.459125,-0.0061912,-0.0464652,0.0340797,49.9552,0.386637,-0.315777,0.411325
70.72,0.997887,-0.0255763,0.0186433,-0.0567498,-0.0199284,-0.114714,0.0230119,-1.53154,-7.16392,0.459693,-0.00227395,-0.0432834,0.0309341,48.2662,0.406869,-0.327651,0.426309
70.74,0.997914,-0.0255071,0.0170489,-0.0568097,0.0266745,-0.122556,-0.0243325,-1.53077,-7.16508,0.461399,0.00447712,-0.0412089,0.034247,48.3151,0.434266,-0.294588,0.319995
70.76,0.99792,-0.0253922,0.0164638,-0.056924,0.0231065,-0.133086,-0.0177715,-1.53048,-7.16544,0.461961,0.00468436,-0.0421048,0.0317499,49.6161,0.410596,-0.302828,0.385116
70.78,0.997936,-0.0252936,0.0141567,-0.0572996,0.0328788,-0.129597,0.003334,-1.52925,-7.16682,0.464107,0.00531054,-0.045628,0.0320068,50.3923,0.439871,-0.291043,0.330434
70.8,0.997945,-0.0252999,0.0136074,-0.0572817,0.00424415,-0.126534,0.011482,-1.52895,-7.16718,0.464623,0.00361351,-0.0459899,0.0335284,47.5927,0.362467,-0.352973,0.485495
70.82,0.997966,-0.025257,0.0126825,-0.0571448,-0.00743856,-0.0989721,0.0146727,-1.52841,-7.16809,0.465834,-0.00409912,-0.0487955,0.0303019,47.6602,0.444425,-0.276127,0.303703
70.84,0.997973,-0.0253809,0.0119032,-0.0571277,-0.000245112,-0.0364568,-0.00619161,-1.52788,-7.16939,0.467466,-0.0179552,-0.0531253,0.0322719,49.662,0.441129,-0.282839,0.304475
70.86,0.997962,-0.0254158,0.0116628,-0.0573628,-0.00157067,-0.00536667,-0.00764723,-1.52771,-7.17068,0.469028,-0.0316481,-0.0524851,0.0304749,50.5073,0.431122,-0.275194,0.298653
70.88,0.997958,-0.0254286,0.0118254,-0.0573974,0.0115085,0.0310697,0.014227,-1.52777,-7.17149,0.470082,-0.0381286,-0.0500775,0.0319524,46.4071,0.392174,-0.334064,0.421901
70.9,0.997961,-0.0253445,0.0122005,-0.057296,0.0253208,0.0557037,0.0215186,-1.52786,-7.17222,0.471127,-0.0436087,-0.047912,0.0318272,47.3827,0.408884,-0.310709,0.368751
70.92,0.997965,-0.0251579,0.0127039,-0.0571899,0.0311192,0.0742675,0.0167946,-1.52805,-7.17295,0.472184,-0.0480154,-0.0476294,0.0342123,50.2084,0.418151,-0.337531,0.384816
70.94,0.997963,-0.0251164,0.0130124,-0.0571757,-0.00117838,0.0659023,0.00889788,-1.52814,-7.17328,0.472663,-0.0496952,-0.0465602,0.028859,48.8121,0.435714,-0.264537,0.293368
70.96,0.997952,-0.0249316,0.0137325,-0.0572835,-0.00253905,0.0679859,-0.00855022,-1.52836,-7.17394,0.473611,-0.0522124,-0.047984,0.0282709,47.3885,0.45492,-0.255073,0.266381
70.98,0.997934,-0.0247831,0.0149356,-0.0573675,0.0066011,0.100596,0.0103984,-1.52875,-7.17491,0.474958,-0.0535936,-0.0485796,0.0305534,50.4961,0.438468,-0.288612,0.309183
71,0.997935,-0.0244966,0.0161844,-0.057129,0.0143168,0.0920145,0.0209176,-1.52908,-7.17575,0.476206,-0.0516161,-0.050063,0.0273725,47.0793,0.441259,-0.296871,0.316089
71.02,0.997928,-0.0244844,0.0165,-0.0571749,-0.00237308,0.0686857,-0.0106761,-1.52913,-7.17597,0.476606,-0.0489364,-0.0520739,0.0325432,52.3516,0.374017,-0.366963,0.474758
71.04,0.997876,-0.0243769,0.0172308,-0.0578915,-0.0165678,0.00679517,-0.0370647,-1.52912,-7.1772,0.478314,-0.0327372,-0.0632784,0.0319559,50.8519,0.417793,-0.318506,0.349257
71.06,0.997864,-0.024545,0.017102,-0.058064,-0.0365098,-0.0309179,0.00141822,-1.52884,-7.1779,0.479178,-0.0227821,-0.0664623,0.0336497,48.0834,0.407623,-0.316068,0.39578
71.08,0.997865,-0.0246735,0.0169728,-0.058039,-0.0197959,-0.0356155,0.0182876,-1.52864,-7.17826,0.479616,-0.0187085,-0.0683373,0.0383708,52.6205,0.410824,-0.304014,0.332716
71.1,0.99789,-0.0249338,0.0162758,-0.0577038,-0.0247396,-0.0593113,0.0306934,-1.5278,-7.17918,0.480904,-0.0100665,-0.0654297,0.0346853,48.0092,0.465953,-0.219457,0.212906
71.12,0.997895,-0.0250649,0.0159597,-0.0576473,-0.014638,-0.0738871,0.0102218,-1.52744,-7.17935,0.481301,-0.0078159,-0.0644606,0.0390283,48.3929,0.372339,-0.332505,0.440798
71.14,0.997906,-0.0249636,0.0146168,-0.0578524,0.00768324,-0.0821802,-0.0118248,-1.52593,-7.18,0.482868,-0.00551202,-0.0559387,0.033656,49.5136,0.429798,-0.293051,0.353557
71.16,0.997916,-0.0248094,0.0139767,-0.05791,0.0109435,-0.0731659,0.0109048,-1.5252,-7.18021,0.483622,-0.00777543,-0.0535471,0.034123,47.9681,0.326145,-0.376108,0.545663
71.18,0.997936,-0.0245464,0.0134959,-0.0577826,0.00998051,-0.052348,0.0234042,-1.52452,-7.18038,0.484385,-0.00955067,-0.0515533,0.0338398,47.9323,0.465321,-0.255291,0.242332
71.2,0.997945,-0.0244288,0.0133612,-0.0577053,0.0419632,-0.0197111,0.0224247,-1.52419,-7.18046,0.48476,-0.0109148,-0.0525657,0.0366909,50.7712,0.463659,-0.236798,0.24385
71.22,0.997965,-0.024021,0.0129178,-0.0576439,0.0326771,-0.024645,-0.00620144,-1.52326,-7.18033,0.485752,-0.0178244,-0.0543748,0.030605,47.182,0.465126,-0.247552,0.280277
71.24,0.997953,-0.0239229,0.0129512,-0.0578815,-0.0101753,0.0180795,-0.0301135,-1.52272,-7.18019,0.486368,-0.0226469,-0.0584646,0.0290219,51.8291,0.397579,-0.332929,0.420807
71.26,0.997925,-0.0240589,0.0131552,-0.0582498,-0.0231986,0.00789296,-0.0095683,-1.52214,-7.18032,0.487312,-0.0280033,-0.0664537,0.030614,48.2722,0.471456,-0.248154,0.271209
71.28,0.997912,-0.0242327,0.0134824,-0.0583314,-0.0542646,0.0302833,0.0043875,-1.52179,-7.18047,0.487922,-0.0294678,-0.0703065,0.0315192,49.9001,0.480232,-0.206979,0.183446
71.3,0.997897,-0.0245522,0.0137874,-0.0583906,-0.0564512,0.0163181,-0.00160902,-1.5215,-7.1807,0.488559,-0.031935,-0.0732473,0.0333213,50.0591,0.456582,-0.262093,0.265917
71.32,0.997864,-0.025094,0.0143647,-0.0585725,-0.0378626,0.0540834,-0.0125134,-1.52095,-7.18077,0.489088,-0.0288603,-0.072317,0.0330572,48.2683,0.410484,-0.314873,0.397198
71.34,0.99785,-0.0252868,0.0145744,-0.0586859,-0.0110942,0.0101273,-0.0123354,-1.52055,-7.1808,0.489402,-0.0257559,-0.070036,0.034972,51.2118,0.423789,-0.28525,0.355299
71.36,0.997841,-0.0253207,0.014539,-0.0588318,-0.0136793,-0.00579871,-0.0103739,-1.52012,-7.18093,0.489833,-0.0209112,-0.066855,0.0360538,51.0165,0.448932,-0.272807,0.282206
71.38,0.997834,-0.0253289,0.0145714,-0.0589289,-0.00592376,0.00548419,-0.00810883,-1.51986,-7.18094,0.490061,-0.0189444,-0.0672844,0.0377489,49.7693,0.436257,-0.27756,0.30231
71.4,0.997828,-0.025548,0.0145001,-0.0589639,-0.0185927,-0.0170939,0.014811,-1.51902,-7.18096,0.490634,-0.0138594,-0.0619996,0.0279896,49.8839,0.376269,-0.360551,0.477637
71.42,0.99784,-0.0254548,0.0143237,-0.058842,0.00166726,-0.0308016,0.00943548,-1.51836,-7.1808,0.490741,-0.0105188,-0.0596394,0.0259976,48.2017,0.375628,-0.353887,0.434168
71.44,0.997841,-0.0252413,0.0136417,-0.0590815,0.0246386,-0.0566354,-0.0358593,-1.51725,-7.1804,0.490803,-0.00942882,-0.0637911,0.041949,48.0769,0.459379,-0.239399,0.262415
71.46,0.997838,-0.0251633,0.0133889,-0.0592271,0.0118852,-0.0556518,-0.0266184,-1.51689,-7.18031,0.490895,-0.0102921,-0.0630895,0.0383442,50.6729,0.314104,-0.406452,0.57479
71.48,0.997837,-0.0253212,0.0131523,-0.0592296,-0.0211823,0.00222982,0.0288493,-1.51598,-7.18022,0.491158,-0.0187659,-0.066104,0.0308404,46.914,0.411768,-0.323043,0.386273
71.5,0.997842,-0.0254533,0.013374,-0.0590292,0.00231811,0.0255249,0.00671479,-1.5153,-7.18016,0.491203,-0.0243946,-0.0673392,0.0284423,49.686,0.471536,-0.232957,0.22852
71.52,0.997836,-0.0255113,0.013398,-0.0591084,-0.0198802,0.00349684,-0.0182044,-1.5151,-7.18005,0.491088,-0.0249111,-0.0658002,0.029709,49.6826,0.428595,-0.298181,0.352881
71.54,0.997811,-0.0254875,0.0134704,-0.0595189,-0.0169055,0.00539307,-0.0482831,-1.5147,-7.17984,0.490977,-0.0246608,-0.066983,0.033452,50.8073,0.401418,-0.320758,0.395117
71.56,0.99777,-0.0257298,0.0135688,-0.0600802,-0.0246993,-0.0137754,0.00441402,-1.51386,-7.17965,0.490838,-0.0194145,-0.0699063,0.0283973,51.1428,0.462996,-0.265345,0.299205
71.58,0.99778,-0.0259621,0.0137269,-0.0597766,-0.0236358,0.0241248,0.0459273,-1.51341,-7.17972,0.490742,-0.0170077,-0.0693189,0.0244671,46.777,0.453356,-0.227621,0.245718
71.6,0.997791,-0.0260169,0.0137293,-0.0595599,0.00843437,-0.00366744,0.00801159,-1.51286,-7.1796,0.490449,-0.0161597,-0.0697776,0.0274418,50.055,0.464397,-0.256602,0.25464
71.62,0.997788,-0.0260858,0.0135816,-0.0596161,-0.0111082,-0.0352517,-0.0137633,-1.51256,-7.17948,0.490242,-0.0143832,-0.0675211,0.0283542,48.7866,0.496503,-0.179896,0.153332
71.64,0.997771,-0.0261094,0.0133443,-0.0599528,-0.0100162,-0.0198544,-0.0385835,-1.51196,-7.17928,0.489928,-0.0124933,-0.0661298,0.0314453,48.5049,0.457181,-0.280905,0.305953
71.66,0.997765,-0.0260192,0.0131298,-0.060128,0.00608819,-0.0184596,0.00102003,-1.51134,-7.17907,0.489659,-0.0113364,-0.0620203,0.0291856,48.633,0.426546,-0.305559,0.348548
71.68,0.997806,-0.0257592,0.0128406,-0.0596192,0.0251061,-0.00556369,0.053198,-1.51044,-7.1787,0.489228,-0.0132638,-0.0586476,0.0266222,47.9019,0.420878,-0.297804,0.366447
71.7,0.997827,-0.0255076,0.012877,-0.0593659,0.0306644,0.0158523,0.0154842,-1.50992,-7.17847,0.488926,-0.0174057,-0.0591113,0.0254753,47.2227,0.380243,-0.357051,0.447794
71.72,0.997816,-0.025144,0.0130958,-0.0596693,0.0270997,0.0285276,-0.0260245,-1.50906,-7.178,0.487937,-0.0198607,-0.0602819,0.0199322,49.8633,0.43462,-0.31156,0.348086
71.74,0.997807,-0.024916,0.0132656,-0.0598719,0.0412484,0.0247286,-0.00442513,-1.5085,-7.17769,0.487268,-0.0184096,-0.0605726,0.0195665,48.8869,0.450198,-0.266939,0.273866
71.76,0.997809,-0.0246921,0.0134367,-0.0598879,-0.0189769,0.015472,0.00142583,-1.50768,-7.17741,0.486388,-0.0196052,-0.0685322,0.0218388,48.3233,0.439891,-0.292006,0.306264
71.78,0.997804,-0.0247079,0.0135557,-0.0599406,-0.00194829,0.0378783,-0.0108048,-1.50743,-7.1774,0.486142,-0.0206799,-0.0737268,0.0237073,50.8672,0.479581,-0.238875,0.222765
71.8,0.997774,-0.0250792,0.0138486,-0.0602208,-0.0465064,-0.0131819,-0.0103073,-1.50676,-7.17761,0.485393,-0.0217603,-0.0778234,0.0215979,50.8364,0.42687,-0.302032,0.341795
71.82,0.997769,-0.0253148,0.0139637,-0.06018,-0.0444896,0.0209677,0.0146615,-1.50653,-7.17775,0.485034,-0.0196172,-0.077359,0.0248127,50.8466,0.380152,-0.358207,0.460264
71.84,0.997776,-0.0254807,0.0142986,-0.0599091,5.86849e-05,0.0167026,0.0201643,-1.50563,-7.17781,0.483849,-0.013007,-0.0722145,0.019176,51.5445,0.437119,-0.300972,0.344759
71.86,0.997772,-0.0255274,0.0141466,-0.0599882,0.00595473,-0.0212874,-0.0199085,-1.50499,-7.17784,0.483124,-0.010356,-0.0697492,0.0202008,50.1316,0.447196,-0.278573,0.294042
71.88,0.997747,-0.0254555,0.0137603,-0.0605216,-0.000749213,-0.015667,-0.0282427,-1.50394,-7.1779,0.482177,-0.00421564,-0.0674976,0.0204946,49.201,0.445308,-0.277261,0.306824
71.9,0.99775,-0.0254244,0.0135232,-0.0605487,-0.00350444,-0.0469113,0.0199626,-1.50319,-7.17797,0.481585,-0.00224557,-0.066289,0.0186634,50.7017,0.436684,-0.290738,0.327924
71.92,0.997763,-0.0253893,0.0133334,-0.0603845,0.0143908,-0.0312683,0.0504516,-1.50284,-7.1779,0.481067,-0.00286788,-0.0660819,0.0193079,52.0922,0.436748,-0.28284,0.322686
71.94,0.997818,-0.0249406,0.013066,-0.0597204,0.0232892,-0.0231653,0.00646427,-1.50159,-7.17779,0.479114,-0.0116387,-0.0648894,0.0203549,48.7464,0.322085,-0.403752,0.54903
71.96,0.997816,-0.0248152,0.0130936,-0.0597952,0.0179469,0.00995304,-0.0154562,-1.50135,-7.17777,0.478688,-0.0143761,-0.0670054,0.0191867,47.8354,0.401491,-0.325448,0.422555
71.98,0.99778,-0.0247236,0.0134719,-0.0603453,-0.00992313,0.0326648,-0.030203,-1.50075,-7.17784,0.477347,-0.0178128,-0.0685916,0.0118921,47.9742,0.453371,-0.269127,0.299449
72,0.997774,-0.0246735,0.0137278,-0.0604167,-0.021969,0.0227806,0.0150775,-1.50039,-7.17796,0.476478,-0.016357,-0.0688747,0.0110783,47.5828,0.445455,-0.266289,0.278734
72.02,0.997794,-0.0245745,0.0140706,-0.0600371,0.0227467,0.0264911,0.0366943,-1.49989,-7.17774,0.474645,-0.0117332,-0.0697335,0.0158586,49.6099,0.41043,-0.321896,0.402384
72.04,0.997799,-0.0245245,0.0140914,-0.0599706,-0.00351313,-0.00700366,0.0126338,-1.49971,-7.17769,0.474076,-0.0107508,-0.0686004,0.0123113,48.6252,0.35149,-0.368303,0.515974
72.06,0.997779,-0.0245163,0.0140681,-0.0603188,0.011211,0.000145443,-0.0439591,-1.49913,-7.17767,0.47248,-0.00891924,-0.0731205,0.0151123,49.959,0.437014,-0.304069,0.343459
72.08,0.997769,-0.0244637,0.0140776,-0.0605049,0.00242917,3.43065e-06,-0.0376454,-1.49894,-7.17781,0.471985,-0.00791743,-0.0731574,0.0114606,47.3688,0.459535,-0.241027,0.250453
72.1,0.997754,-0.0245115,0.0139627,-0.0607639,0.0046046,-0.00869753,-0.00784374,-1.49852,-7.17791,0.470998,-0.0055129,-0.0731917,0.0119876,50.4865,0.379882,-0.35864,0.474667
72.12,0.997765,-0.0246083,0.013699,-0.0605971,-0.0150006,-0.0321289,0.0276927,-1.4979,-7.17785,0.469178,-0.00157235,-0.0714085,0.0102935,49.8857,0.471742,-0.257935,0.259068
72.14,0.997773,-0.0246575,0.0132859,-0.0605366,0.0141725,-0.0318377,-0.00759006,-1.49726,-7.17776,0.467312,-2.75723e-05,-0.0721414,0.0111973,49.9192,0.443235,-0.296934,0.318724
72.16,0.997768,-0.0246794,0.0129288,-0.0606845,0.015063,-0.0346192,-0.0179486,-1.49681,-7.17774,0.466145,0.00132523,-0.0713878,0.011481,50.1181,0.383847,-0.343277,0.456588
72.18,0.997766,-0.0246688,0.0125747,-0.0608021,0.00401348,-0.0401496,-0.00830686,-1.49635,-7.17775,0.465023,0.00246011,-0.0695052,0.0103173,44.918,0.39666,-0.340296,0.427941
72.2,0.99778,-0.0245184,0.0121012,-0.0607315,0.0187426,-0.0250371,0.0190782,-1.49576,-7.17779,0.463228,0.00118199,-0.0678694,0.0041881,49.4255,0.378785,-0.366154,0.474919
72.22,0.997788,-0.0244582,0.0119154,-0.0606498,0.0255982,-0.0157751,0.009605,-1.49552,-7.17765,0.461784,-0.00125182,-0.0686486,0.00405791,47.739,0.459438,-0.246213,0.270686
72.24,0.997787,-0.0243914,0.0117493,-0.0607361,0.0240601,-0.00330532,-0.0209877,-1.49534,-7.17758,0.460395,-0.00432081,-0.0702465,0.00333125,46.5278,0.417596,-0.314991,0.373376
72.26,0.997781,-0.0243994,0.0116978,-0.0608386,-0.0155716,-0.0125914,-0.0213813,-1.49527,-7.17757,0.459708,-0.00557782,-0.0699199,0.00180391,47.8805,0.336023,-0.395636,0.549303
72.28,0.99776,-0.0244509,0.0117046,-0.0611512,0.00948005,0.00742715,-0.0063875,-1.4951,-7.17765,0.457775,-0.00835539,-0.0720116,0.00311783,49.8295,0.486873,-0.211872,0.21403
72.3,0.997759,-0.0244619,0.0117503,-0.0611595,-0.00676342,0.00267131,0.0105645,-1.49507,-7.1778,0.457149,-0.00932464,-0.0715345,-0.00047323,50.6871,0.383763,-0.35924,0.4715
72.32,0.997758,-0.0245889,0.0120184,-0.061069,0.0014565,0.0219947,0.00106252,-1.49507,-7.17783,0.454341,-0.0113623,-0.0716187,-0.00131464,48.548,0.473305,-0.247776,0.237205
72.34,0.997753,-0.0246792,0.0120545,-0.0611152,-0.0281238,0.0116363,-0.0121905,-1.49512,-7.17778,0.453549,-0.0114412,-0.0702177,-0.000832679,50.9743,0.484064,-0.207965,0.202352
72.36,0.997738,-0.0246774,0.0122551,-0.0613102,0.0119386,0.0171889,-0.00245411,-1.49523,-7.1777,0.451308,-0.0108662,-0.0686937,-0.00248081,48.9696,0.4042,-0.362384,0.414577
72.38,0.997735,-0.02463,0.0123368,-0.0613682,-0.0162563,-0.0087401,0.00864588,-1.49528,-7.17765,0.449177,-0.00897161,-0.0653348,-0.0052131,50.8934,0.390219,-0.35901,0.448724
72.4,0.997735,-0.0246141,0.0123463,-0.0613745,0.0112065,0.00718951,0.00521613,-1.49529,-7.17765,0.448508,-0.00820762,-0.0667013,-0.00299528,49.2711,0.441193,-0.275674,0.334557
72.42,0.997733,-0.0245251,0.0123576,-0.0614313,-0.00622307,-0.00271298,0.00240709,-1.49552,-7.17747,0.445863,-0.00701192,-0.0679124,-0.00788992,50.2908,0.475954,-0.242468,0.245737
72.44,0.99773,-0.0245741,0.0122885,-0.0614872,-0.00318919,-0.0130075,-0.00617763,-1.49558,-7.17741,0.445004,-0.00613996,-0.0681861,-0.00528378,48.3323,0.377462,-0.362171,0.48161
72.46,0.997717,-0.0246646,0.0120794,-0.0617048,-0.0148245,-0.0247925,-0.00485438,-1.49576,-7.17736,0.441799,-0.00454254,-0.0697166,-0.00678948,49.1249,0.440474,-0.294101,0.343487
72.48,0.997718,-0.0246392,0.0120347,-0.0617026,0.0114721,-0.00710594,0.00332619,-1.49579,-7.17738,0.441053,-0.0042952,-0.0707856,-0.00750566,50.0544,0.396858,-0.353838,0.45013
72.5,0.997718,-0.0247644,0.0118245,-0.0616858,-0.0172518,-0.0205652,0.00588302,-1.49584,-7.17752,0.438855,-0.00415155,-0.069513,-0.00984165,47.6819,0.46423,-0.251821,0.276752
72.52,0.997717,-0.0247882,0.0117628,-0.0617026,0.00773633,-0.00392319,0.00199788,-1.49587,-7.1777,0.438153,-0.00439119,-0.0710309,-0.00720982,46.7599,0.505008,-0.14485,0.107408
72.54,0.99771,-0.0248495,0.0115502,-0.0618339,-0.00915061,-0.0147317,-0.00319586,-1.49618,-7.17772,0.435527,-0.00593718,-0.0700365,-0.0121944,52.329,0.421945,-0.345508,0.428025
72.56,0.997705,-0.024933,0.0113787,-0.0619172,-0.0101255,-0.0152701,0.00113925,-1.49649,-7.17782,0.433045,-0.00665172,-0.0691491,-0.0101759,45.7585,0.449645,-0.277115,0.30514
72.58,0.997706,-0.0248839,0.0113463,-0.0619316,0.0140115,-0.00431433,0.00200555,-1.49659,-7.17787,0.432265,-0.00715937,-0.0695636,-0.0125306,46.8089,0.491547,-0.197506,0.183493
72.6,0.997707,-0.024905,0.011262,-0.0619241,0.0069598,-0.00470999,-0.00011117,-1.49679,-7.178,0.430725,-0.00814366,-0.0692391,-0.0132802,52.2331,0.501287,-0.22358,0.232123
72.62,0.997701,-0.0249355,0.0112084,-0.0620077,-0.0158546,-0.00870423,-0.00276469,-1.49722,-7.17815,0.428173,-0.00981531,-0.0681304,-0.0147187,47.3496,0.463591,-0.268903,0.285442
72.64,0.99769,-0.0249746,0.0111853,-0.06217,0.00420982,0.0104741,-0.0114796,-1.49773,-7.17841,0.425578,-0.0106417,-0.0675558,-0.0150254,48.0783,0.454063,-0.296863,0.301156
72.66,0.99769,-0.0249338,0.0111724,-0.0621886,0.00588821,-9.85605e-05,0.00993635,-1.49803,-7.17856,0.42392,-0.00942266,-0.0660933,-0.016654,49.0374,0.458831,-0.250896,0.263936
72.68,0.997701,-0.0247398,0.0111027,-0.0621037,0.0150956,-0.00948059,0.0157655,-1.49829,-7.17876,0.422314,-0.00763157,-0.071944,-0.0160006,49.1241,0.383556,-0.362611,0.483967
72.7,0.997707,-0.0246877,0.0110878,-0.062033,-0.00246008,-0.0105122,0.0208992,-1.4984,-7.17894,0.421566,-0.00742501,-0.0763064,-0.0168409,49.0857,0.430367,-0.297525,0.327364
72.72,0.997697,-0.0253423,0.0107561,-0.0619952,-0.0473073,-0.0411908,-0.00757032,-1.49872,-7.17957,0.419273,-0.00511806,-0.0785038,-0.0165121,51.9893,0.386709,-0.367563,0.434428
72.74,0.997684,-0.0253633,0.0104678,-0.0622385,-0.0101633,-0.0476998,-0.0200674,-1.49895,-7.18003,0.417565,-0.00262944,-0.0676283,-0.0232772,48.2779,0.467872,-0.25536,0.263444
72.76,0.997683,-0.0251039,0.00992028,-0.0624499,0.0574578,-0.0418295,-0.000844611,-1.49914,-7.18029,0.415131,0.000787714,-0.0618427,-0.0205298,48.4524,0.506598,-0.204768,0.186447
72.78,0.997702,-0.0245815,0.00939056,-0.0624363,0.0103987,-0.0270484,-0.00352616,-1.49931,-7.18069,0.412823,-0.00519654,-0.0690306,-0.0252048,46.4843,0.415297,-0.301188,0.35862
72.8,0.997697,-0.024702,0.00921784,-0.0625007,-0.025608,-0.0428187,-0.014689,-1.49941,-7.18089,0.412068,-0.00712796,-0.0731733,-0.0223492,52.1897,0.413291,-0.321964,0.383407
72.82,0.997685,-0.0247956,0.0090788,-0.0626713,-0.0217514,-0.0209793,-0.00807522,-1.49967,-7.18133,0.410519,-0.0115575,-0.0787568,-0.020713,51.4854,0.396639,-0.345301,0.422423
72.84,0.997677,-0.0249041,0.00907207,-0.0627592,-0.0478025,-0.0110181,0.00158224,-1.50001,-7.18179,0.408972,-0.0159455,-0.0821246,-0.0201153,47.7211,0.463271,-0.257793,0.259464
72.86,0.997659,-0.0254874,0.00929647,-0.0627675,-0.0316277,0.0314542,0.00525099,-1.50069,-7.18276,0.406704,-0.0235894,-0.0839728,-0.0229687,49.6513,0.374247,-0.383851,0.454364
72.88,0.997644,-0.0257524,0.00994575,-0.0627979,-0.0181139,0.054453,-0.00466524,-1.5015,-7.18357,0.404491,-0.031533,-0.0739197,-0.0302998,50.5869,0.441571,-0.285286,0.297979
72.9,0.997627,-0.0257748,0.0105452,-0.0629648,0.00457941,0.0706527,-0.00954914,-1.50212,-7.184,0.403068,-0.0328985,-0.0681572,-0.0298061,49.6176,0.429693,-0.317268,0.360798
72.92,0.99762,-0.0255393,0.0112268,-0.0630592,0.0374511,0.0670496,-0.00374917,-1.50263,-7.18404,0.401558,-0.0312449,-0.0640316,-0.0292916,45.5668,0.462389,-0.266624,0.267613
72.94,0.997625,-0.0252548,0.011751,-0.0629929,0.0414714,0.0560601,0.0214536,-1.50311,-7.18409,0.4001,-0.0285808,-0.0635984,-0.0306228,46.7974,0.425677,-0.321428,0.356934
72.96,0.997627,-0.0251879,0.0119681,-0.0629456,0.00883118,0.0512833,0.0145442,-1.50332,-7.18413,0.399363,-0.0268136,-0.0639191,-0.0300187,49.0407,0.438568,-0.316414,0.354039
72.98,0.997631,-0.0247015,0.012613,-0.0629602,-0.00238637,0.00878476,-0.00797535,-1.504,-7.18461,0.396499,-0.0175821,-0.0696281,-0.0319409,46.453,0.448996,-0.304042,0.347929
73,0.997625,-0.0246603,0.0126435,-0.0630593,0.0151295,0.0113729,-0.0145433,-1.5041,-7.18477,0.395853,-0.0147536,-0.072643,-0.0251232,51.8484,0.451179,-0.299652,0.315675
73.02,0.997609,-0.0246229,0.0125148,-0.0633497,4.48919e-05,-0.0200381,-0.0143931,-1.50414,-7.18496,0.393815,-0.0075384,-0.0768407,-0.0328224,48.6957,0.470724,-0.268995,0.276048
73.04,0.997604,-0.0247146,0.0122231,-0.063452,-0.00671587,-0.030468,-0.00425298,-1.50407,-7.18523,0.392486,-0.00559965,-0.080135,-0.0330244,49.5118,0.378079,-0.380786,0.467874
73.06,0.997598,-0.0250327,0.0116848,-0.0635211,-0.0314722,-0.039105,0.0065981,-1.5039,-7.18579,0.390529,-0.00231668,-0.0838368,-0.0306027,48.5224,0.454957,-0.285134,0.322215
73.08,0.997601,-0.0250606,0.0115347,-0.0634984,0.00185129,-0.026977,0.00564824,-1.50383,-7.18615,0.389878,-0.0021807,-0.084941,-0.0279608,49.2675,0.41639,-0.342258,0.395488
73.1,0.997603,-0.0255509,0.0109046,-0.0633706,-0.0414746,-0.0552355,0.00418401,-1.5036,-7.18689,0.388128,-0.00170018,-0.078427,-0.0316577,46.3975,0.483987,-0.257327,0.225065
73.12,0.997599,-0.0255545,0.0105482,-0.0634971,0.00763322,-0.0424173,-0.0149628,-1.50333,-7.18693,0.386989,0.000283394,-0.0739913,-0.0318366,49.9367,0.448007,-0.304412,0.297054
73.14,0.997594,-0.0255472,0.0103039,-0.0636202,0.0161736,-0.0486428,-0.0270542,-1.50318,-7.18693,0.386433,0.00119234,-0.0726929,-0.0265093,45.0196,0.476944,-0.235399,0.237356
73.16,0.997586,-0.0254921,0.00974079,-0.063848,0.0102339,-0.0631548,-0.0172898,-1.50288,-7.18698,0.385358,0.0026783,-0.0722373,-0.0288382,50.7308,0.503485,-0.22425,0.179635
73.18,0.997594,-0.0255034,0.00877391,-0.0638658,-0.0324106,-0.0690007,0.0067768,-1.50222,-7.18735,0.383212,0.00159205,-0.0796582,-0.0299038,48.7726,0.459674,-0.292312,0.296511
73.2,0.997588,-0.0256467,0.00828624,-0.0639652,-0.0230852,-0.0583109,-0.0138972,-1.50193,-7.18771,0.382218,0.0015064,-0.0813889,-0.0310577,49.4115,0.465197,-0.291275,0.330734
73.22,0.997575,-0.0257414,0.0078151,-0.0641963,-0.0206194,-0.0661485,-0.0283669,-1.50162,-7.18807,0.38122,0.00277114,-0.075195,-0.03329,49.527,0.455224,-0.285977,0.298022
73.24,0.997562,-0.0257128,0.00726898,-0.0644634,0.018996,-0.0682383,-0.0305062,-1.50111,-7.18806,0.380212,0.00469645,-0.0677545,-0.0364733,45.9153,0.460299,-0.292232,0.318213
73.26,0.997564,-0.0253277,0.00645901,-0.06468,0.0311472,-0.0573013,-0.016664,-1.5003,-7.18787,0.378774,0.00745102,-0.0696626,-0.0325935,50.5188,0.472604,-0.274714,0.282235
73.28,0.997562,-0.0252627,0.00619538,-0.0647618,0.00892292,-0.0589267,-0.0157062,-1.50003,-7.18788,0.378329,0.00624177,-0.0730088,-0.034471,49.9428,0.475801,-0.227238,0.234418
73.3,0.997548,-0.0255042,0.00528431,-0.0649518,-0.0336379,-0.0537735,-0.0189739,-1.49927,-7.18811,0.377066,0.00492536,-0.0788335,-0.0305612,49.6588,0.438716,-0.32158,0.383887
73.32,0.997546,-0.0255485,0.00505015,-0.064985,-0.000895462,-0.051822,-0.00891784,-1.49903,-7.18824,0.37666,0.00316568,-0.0796664,-0.0330467,48.5431,0.423302,-0.344274,0.399945
73.34,0.99753,-0.0256955,0.00430756,-0.0652345,0.00550662,-0.0258757,-0.00784571,-1.49808,-7.18817,0.375015,-0.00508384,-0.0757723,-0.0424845,48.9562,0.320064,-0.431659,0.568191
73.36,0.997531,-0.0256394,0.004165,-0.0652508,-0.00117303,-0.00866137,0.00603522,-1.49771,-7.18815,0.37411,-0.00599873,-0.0768696,-0.0429495,49.1266,0.449402,-0.291705,0.351544
73.38,0.99753,-0.0257697,0.00409976,-0.0652154,-0.0213783,-0.0128937,0.0148257,-1.49735,-7.18819,0.37325,-0.00627511,-0.0746192,-0.0410144,49.7362,0.482915,-0.270639,0.28374
73.4,0.997521,-0.0258437,0.00395002,-0.0653295,-0.00319415,-0.0176487,-0.0182892,-1.497,-7.18822,0.372376,-0.00519373,-0.069452,-0.0469988,50.6112,0.461212,-0.280996,0.308105
73.42,0.997505,-0.0255098,0.0038207,-0.0657135,0.0387356,-0.010326,-0.0536889,-1.49654,-7.18784,0.371552,-0.00284859,-0.0629899,-0.05154,44.7453,0.399191,-0.340865,0.423102
73.44,0.997463,-0.0248914,0.00354708,-0.0666035,0.041894,-0.0202773,-0.0620637,-1.49579,-7.18731,0.370285,0.000562303,-0.0661768,-0.0517317,49.4206,0.459993,-0.285759,0.313097
73.46,0.997439,-0.0246418,0.00326473,-0.0670606,0.0259656,-0.0343602,-0.0318664,-1.49524,-7.1873,0.369346,0.00338275,-0.0774198,-0.0543083,48.3562,0.49875,-0.222091,0.202441
73.48,0.997439,-0.0246786,0.00295145,-0.0670718,-0.00280802,-0.0360814,0.0223135,-1.49465,-7.18743,0.368408,0.00763696,-0.0867308,-0.0587043,50.5366,0.452659,-0.323338,0.359923
73.5,0.997446,-0.0246836,0.00274859,-0.0669611,-0.0112024,-0.0473088,0.0302027,-1.49433,-7.18757,0.36791,0.009992,-0.0882839,-0.064347,49.1432,0.488878,-0.228723,0.246518
73.52,0.997492,-0.0244269,0.00154472,-0.066413,0.0299773,-0.0771595,0.0113897,-1.49294,-7.18794,0.365951,0.0186367,-0.0901269,-0.0664207,47.0828,0.462842,-0.260272,0.283468
73.54,0.997488,-0.0243923,0.00120852,-0.0664977,0.00917371,-0.0709972,-0.0212761,-1.49259,-7.18799,0.365467,0.0185589,-0.092535,-0.0647808,50.4847,0.535405,-0.0971239,0.02212
73.56,0.997436,-0.0241612,0.000498112,-0.0673625,0.0225936,-0.037473,-0.0864251,-1.49158,-7.18864,0.363779,0.0145341,-0.107825,-0.076663,48.3328,0.470548,-0.260888,0.287442
73.58,0.99734,-0.023708,0.00024838,-0.0689212,0.0575362,0.0154608,-0.127864,-1.49067,-7.18969,0.361806,0.0161759,-0.120959,-0.093908,49.47,0.482402,-0.247917,0.258417
73.6,0.997306,-0.0233266,0.000385853,-0.0695425,0.0909827,0.0455693,-0.139637,-1.49035,-7.19013,0.361064,0.0183471,-0.1247,-0.0961493,47.5858,0.458281,-0.29566,0.365429
73.62,0.997194,-0.0215557,0.00159093,-0.0716783,0.140912,0.147544,-0.163458,-1.48937,-7.1914,0.358801,0.0264575,-0.136068,-0.109279,48.7706,0.435694,-0.351136,0.421057
73.64,0.997106,-0.0200262,0.00328228,-0.0732719,0.159676,0.228915,-0.172889,-1.48866,-7.19238,0.357088,0.0303187,-0.143434,-0.124608,50.0307,0.500751,-0.27385,0.280655
73.66,0.997053,-0.0192188,0.00440804,-0.0741411,0.160546,0.277544,-0.185895,-1.48828,-7.19294,0.356114,0.031852,-0.14727,-0.132415,45.4939,0.497989,-0.276485,0.28194
73.68,0.996796,-0.0159062,0.00932877,-0.0778355,0.13349,0.276028,-0.204969,-1.48654,-7.19599,0.351258,0.0404421,-0.168672,-0.166425,49.253,0.488643,-0.29067,0.30454
73.7,0.996719,-0.0153288,0.0104364,-0.0787811,0.102135,0.247817,-0.202728,-1.48607,-7.19687,0.349912,0.0417354,-0.17622,-0.173216,45.3849,0.578491,-0.0659999,-0.0226795
73.72,0.996555,-0.0145461,0.0122001,-0.0807374,0.0497085,0.187294,-0.22345,-1.48518,-7.19871,0.346998,0.0407276,-0.190115,-0.195706,50.5209,0.501368,-0.284331,0.277278
73.74,0.996284,-0.0141854,0.0138374,-0.0838197,-0.00193808,0.0832248,-0.227663,-1.48402,-7.20181,0.341883,0.0366544,-0.209893,-0.235946,45.8039,0.54768,-0.185222,0.120731
73.76,0.996192,-0.0142865,0.0141888,-0.0848306,-0.0269258,0.0891147,-0.216783,-1.48366,-7.203,0.339974,0.0339917,-0.217958,-0.241914,48.3941,0.558476,-0.187832,0.145752
73.78,0.995948,-0.0149835,0.0149345,-0.08741,-0.067618,0.0442465,-0.162956,-1.48265,-7.20703,0.333904,0.0317302,-0.235647,-0.25964,49.0216,0.542338,-0.227424,0.214722
73.8,0.995803,-0.0156796,0.0156408,-0.0888039,-0.085607,0.105398,-0.146643,-1.48192,-7.21037,0.329185,0.0336311,-0.243864,-0.272022,48.6406,0.455408,-0.355201,0.374475
73.82,0.995552,-0.0169508,0.0182441,-0.09086,-0.127259,0.230671,-0.156747,-1.48083,-7.21483,0.322452,0.0395698,-0.250944,-0.286476,46.2373,0.508204,-0.305167,0.316829
73.84,0.995452,-0.017347,0.0196183,-0.0915998,-0.113913,0.317029,-0.157244,-1.48045,-7.21633,0.320173,0.0396569,-0.252905,-0.285515,46.8249,0.541479,-0.229412,0.2105
73.86,0.994926,-0.0177216,0.0272343,-0.0952139,0.00220271,0.534344,-0.223495,-1.47878,-7.2227,0.310884,0.0456174,-0.262952,-0.291671,50.3065,0.527647,-0.279368,0.25616
73.88,0.994746,-0.0173615,0.0297749,-0.096398,0.0416436,0.586518,-0.261581,-1.47833,-7.2244,0.308524,0.0478398,-0.266398,-0.29458,49.2,0.537377,-0.242597,0.228484
73.9,0.994303,-0.0160564,0.0355892,-0.0991785,0.131613,0.706495,-0.319453,-1.47739,-7.22793,0.303762,0.0493322,-0.273244,-0.295061,48.025,0.469493,-0.3487,0.339465
73.92,0.993364,-0.012598,0.0458458,-0.104727,0.235692,0.837025,-0.442812,-1.47589,-7.23371,0.296289,0.0460721,-0.284669,-0.290681,45.9363,0.495151,-0.319378,0.345757
73.94,0.99202,-0.00782599,0.0573755,-0.111993,0.304781,0.926377,-0.559532,-1.47466,-7.23937,0.289407,0.0333093,-0.29413,-0.28235,49.2309,0.54244,-0.265332,0.214004
73.96,0.990885,-0.00485944,0.0655719,-0.117572,0.242959,0.980173,-0.628955,-1.47406,-7.24335,0.284961,0.0213839,-0.300001,-0.271515,49.2601,0.486672,-0.324966,0.333382
73.98,0.990243,-0.00362883,0.069821,-0.120545,0.189727,0.984739,-0.659116,-1.47383,-7.2454,0.28281,0.0166714,-0.301902,-0.266566,45.9414,0.511302,-0.288166,0.293219
74,0.988064,-0.00111066,0.083106,-0.129702,0.058536,1.02247,-0.676489,-1.47342,-7.25173,0.276659,0.00167617,-0.306467,-0.247069,48.4851,0.460591,-0.364125,0.37549
74.02,0.987277,-0.000553904,0.087554,-0.132736,0.0422133,1.0061,-0.673653,-1.47342,-7.2542,0.274417,-0.00529688,-0.308574,-0.240323,47.5614,0.552934,-0.198737,0.134693
74.04,0.98408,0.000109347,0.104602,-0.143681,-0.0852197,0.900534,-0.566883,-1.47393,-7.26255,0.267381,-0.0281097,-0.315089,-0.215128,48.1162,0.549407,-0.220981,0.188621
74.06,0.982517,-0.000641512,0.112457,-0.14837,-0.191674,0.839068,-0.520645,-1.47443,-7.26693,0.26418,-0.0352851,-0.320007,-0.200942,51.2257,0.55169,-0.150534,0.0748086
74.08,0.981001,-0.00221734,0.119801,-0.152577,-0.270514,0.773285,-0.481177,-1.47504,-7.27147,0.26123,-0.040918,-0.327381,-0.184648,47.3702,0.425681,-0.385945,0.437335
74.1,0.979591,-0.00438098,0.126446,-0.156186,-0.318311,0.683715,-0.423582,-1.47575,-7.27624,0.258574,-0.0470838,-0.340704,-0.16568,48.874,0.537043,-0.182574,0.112774
74.12,0.978305,-0.00674558,0.132385,-0.159212,-0.333796,0.60224,-0.350139,-1.47662,-7.28115,0.256309,-0.0516164,-0.358991,-0.14692,45.7403,0.446682,-0.33983,0.361398
74.14,0.976776,-0.0108204,0.139484,-0.162281,-0.378636,0.39492,-0.213151,-1.47825,-7.28931,0.253512,-0.060269,-0.370239,-0.110114,48.4256,0.522887,-0.210191,0.152127
74.16,0.976407,-0.0124288,0.141273,-0.16284,-0.408959,0.32347,-0.161915,-1.47881,-7.29192,0.252864,-0.0630468,-0.370504,-0.0970461,50.2144,0.485556,-0.311395,0.295273
74.18,0.975666,-0.0183318,0.145131,-0.163334,-0.525349,0.145182,-0.0643149,-1.48063,-7.29989,0.251637,-0.0682941,-0.375096,-0.0548404,51.2965,0.487719,-0.275412,0.25597
74.2,0.975237,-0.0257359,0.147477,-0.162788,-0.588798,0.0419777,-0.0141526,-1.48236,-7.30834,0.251246,-0.0582653,-0.397319,-0.0333042,49.2964,0.485153,-0.245131,0.227942
74.22,0.975052,-0.0307644,0.148439,-0.162152,-0.566618,-0.0147869,0.000521793,-1.48348,-7.31402,0.251375,-0.0483602,-0.415604,-0.0208692,47.6432,0.506084,-0.206923,0.184603
74.24,0.974986,-0.033291,0.14871,-0.161798,-0.566853,-0.0402032,7.28412e-05,-1.48402,-7.31762,0.251492,-0.0421276,-0.423426,-0.0132014,49.9945,0.494005,-0.227063,0.192991
74.26,0.974963,-0.0398749,0.148178,-0.160934,-0.391367,-0.181625,-0.0147629,-1.48508,-7.32702,0.252052,-0.0214934,-0.429698,-0.0105401,49.8235,0.490559,-0.250781,0.255657
74.28,0.975071,-0.042755,0.146703,-0.160892,-0.21253,-0.242506,-0.0641984,-1.48548,-7.33349,0.252325,-0.0115223,-0.450513,-0.0183868,46.8697,0.527965,-0.160941,0.109982
74.3,0.975138,-0.0437428,0.145726,-0.16111,-0.163826,-0.247386,-0.0864271,-1.48561,-7.3369,0.252384,-0.00594482,-0.461921,-0.0262879,46.7021,0.48009,-0.245663,0.262456
74.32,0.975273,-0.0464286,0.141104,-0.163634,-0.0810457,-0.2761,-0.226778,-1.48583,-7.35111,0.252054,0.0208207,-0.492965,-0.0556466,51.3196,0.482686,-0.263538,0.280906
74.34,0.975223,-0.0472101,0.139997,-0.164659,-0.105039,-0.253376,-0.261155,-1.48577,-7.35475,0.251825,0.0295736,-0.498948,-0.0609069,50.9134,0.482631,-0.299669,0.288853
74.36,0.974845,-0.0497829,0.136997,-0.168612,-0.106812,-0.212506,-0.344556,-1.48499,-7.36607,0.250747,0.0665651,-0.511062,-0.0838365,50.2665,0.471902,-0.286956,0.304874
74.38,0.974477,-0.0510622,0.135647,-0.171428,-0.0361831,-0.12676,-0.325397,-1.48363,-7.37451,0.249501,0.101949,-0.506282,-0.100542,48.6628,0.53481,-0.171229,0.1481
74.4,0.973939,-0.0510441,0.135032,-0.174938,0.101949,0.0623003,-0.209607,-1.48073,-7.38602,0.247266,0.14054,-0.506089,-0.122416,49.6375,0.515722,-0.242985,0.254153
74.42,0.973763,-0.0503831,0.135405,-0.175818,0.164838,0.13929,-0.156915,-1.47975,-7.3898,0.246464,0.149721,-0.511117,-0.125137,49.5611,0.520045,-0.227021,0.249356
74.44,0.973315,-0.0469166,0.137864,-0.177345,0.256868,0.278021,-0.00636443,-1.47632,-7.40153,0.243909,0.174739,-0.527393,-0.128432,52.7257,0.570187,-0.156695,0.13365
74.46,0.97321,-0.0454752,0.13894,-0.177456,0.276727,0.297655,0.0381275,-1.47501,-7.40557,0.243048,0.183472,-0.532865,-0.1269,49.1353,0.516191,-0.23793,0.247261
74.48,0.972993,-0.0388668,0.143783,-0.176355,0.289607,0.356557,0.160027,-1.46882,-7.42239,0.239709,0.224602,-0.557848,-0.113357,50.0324,0.523361,-0.20448,0.226804
74.5,0.972851,-0.0354229,0.146567,-0.175566,0.306682,0.382955,0.145583,-1.46473,-7.43213,0.238125,0.249896,-0.578976,-0.102799,50.4646,0.544578,-0.152187,0.154441
74.52,0.972608,-0.031758,0.149342,-0.17528,0.35258,0.367775,0.0728025,-1.46076,-7.44139,0.236871,0.266372,-0.604291,-0.0978089,47.6278,0.53551,-0.18717,0.196892
74.54,0.972286,-0.0277159,0.151666,-0.175755,0.423021,0.312539,-0.0141766,-1.45669,-7.45104,0.235683,0.27901,-0.629024,-0.0978803,51.6911,0.503975,-0.274021,0.32538
74.56,0.971912,-0.0235479,0.153283,-0.17702,0.430894,0.2265,-0.098162,-1.45239,-7.46116,0.234448,0.287494,-0.650092,-0.0990953,51.6163,0.495367,-0.274753,0.364301
74.58,0.971247,-0.0186508,0.154246,-0.180386,0.32687,0.0917008,-0.259381,-1.44567,-7.47705,0.23262,0.293219,-0.675233,-0.0898101,50.3998,0.522932,-0.208036,0.251137
74.6,0.970998,-0.0175331,0.15421,-0.181864,0.285187,0.0421823,-0.294682,-1.44339,-7.48252,0.232074,0.293675,-0.682715,-0.0849156,51.0242,0.47985,-0.275124,0.363261
74.62,0.970216,-0.0156284,0.15332,-0.186895,0.145571,-0.0659036,-0.372597,-1.43636,-7.50027,0.230872,0.29122,-0.702801,-0.0587653,51.6167,0.56031,-0.0928357,0.106877
74.64,0.969975,-0.0154521,0.152752,-0.188617,0.107722,-0.11867,-0.378788,-1.43422,-7.50596,0.230691,0.28838,-0.70823,-0.0477716,52.2038,0.539104,-0.112992,0.11346
74.66,0.969228,-0.0170275,0.149268,-0.195004,-0.0519003,-0.265561,-0.333041,-1.42588,-7.52937,0.230837,0.268697,-0.732682,-0.00489727,48.823,0.519822,-0.163831,0.199137
74.68,0.969106,-0.0185403,0.146743,-0.197374,-0.0781426,-0.325155,-0.25342,-1.42197,-7.5415,0.231446,0.255673,-0.747463,0.01749,49.4073,0.516796,-0.190662,0.23827
74.7,0.96922,-0.0200597,0.143471,-0.199063,-0.060145,-0.419099,-0.180655,-1.41824,-7.55397,0.232431,0.244499,-0.763792,0.0390538,52.2564,0.478872,-0.264259,0.353841
74.72,0.969374,-0.0207044,0.141562,-0.199614,-0.0273028,-0.455378,-0.131751,-1.41657,-7.56033,0.233073,0.24205,-0.771026,0.0472499,52.2432,0.502822,-0.183298,0.253607
74.74,0.970229,-0.0221469,0.134793,-0.199992,0.0334819,-0.562516,0.0219642,-1.41129,-7.58099,0.235539,0.230351,-0.786637,0.0729715,50.2915,0.527569,-0.110021,0.153055
74.76,0.971642,-0.0223942,0.125935,-0.198872,0.160414,-0.724051,0.130749,-1.40667,-7.60085,0.238338,0.211461,-0.791881,0.0843132,51.5701,0.492518,-0.230456,0.291457
74.78,0.972214,-0.0221903,0.122487,-0.198257,0.184767,-0.767974,0.159163,-1.40522,-7.6075,0.239309,0.205439,-0.790876,0.0855092,51.661,0.504839,-0.204842,0.235995
74.8,0.974098,-0.0210115,0.111207,-0.195765,0.257126,-0.85287,0.232014,-1.40114,-7.62743,0.24237,0.187915,-0.782213,0.0990531,52.4326,0.520767,-0.166785,0.211243
74.82,0.975435,-0.0198334,0.103101,-0.193658,0.299636,-0.882321,0.269492,-1.39891,-7.64061,0.244723,0.177899,-0.769384,0.113073,52.396,0.516059,-0.138727,0.138746
74.84,0.977406,-0.0174879,0.0905739,-0.190179,0.334579,-0.893478,0.281516,-1.39559,-7.66117,0.248909,0.158949,-0.756549,0.136808,52.1539,0.486348,-0.204739,0.255723
74.86,0.978529,-0.0158962,0.0827116,-0.188113,0.311569,-0.830216,0.241273,-1.39377,-7.67408,0.251872,0.146379,-0.75477,0.148251,50.4562,0.472302,-0.249577,0.314302
74.88,0.979472,-0.0146296,0.0753621,-0.186391,0.261114,-0.78044,0.198097,-1.39213,-7.68696,0.254991,0.134697,-0.750967,0.157584,51.8697,0.514567,-0.125766,0.138934
74.9,0.979899,-0.0141444,0.0718028,-0.185588,0.231293,-0.758578,0.189314,-1.39136,-7.69339,0.256608,0.130185,-0.748571,0.162516,51.1252,0.492991,-0.151411,0.179803
74.92,0.981418,-0.0136414,0.0584266,-0.182263,0.0857217,-0.71201,0.201077,-1.38909,-7.71887,0.263748,0.116121,-0.729829,0.18492,52.6462,0.476458,-0.205993,0.275883
74.94,0.982069,-0.014223,0.0523413,-0.180549,0.0378629,-0.669687,0.190126,-1.38798,-7.73243,0.267819,0.107215,-0.717927,0.188788,51.6137,0.502014,-0.170943,0.186578
74.96,0.98262,-0.0150507,0.0467995,-0.179,0.00685541,-0.619031,0.170529,-1.38715,-7.74474,0.271624,0.0978809,-0.706677,0.190614,52.6646,0.498118,-0.165804,0.202911
74.98,0.982877,-0.0155502,0.0441599,-0.178215,-0.010567,-0.601661,0.175683,-1.38678,-7.75082,0.273536,0.093458,-0.69866,0.192943,52.1005,0.476382,-0.207058,0.261131
75,0.983959,-0.0174255,0.0330093,-0.174444,0.0078062,-0.653818,0.218925,-1.38555,-7.77442,0.281316,0.0782065,-0.664846,0.194593,50.4686,0.518015,-0.152256,0.135793
75.02,0.984431,-0.0183765,0.0273491,-0.172653,-0.0185164,-0.634181,0.178256,-1.38554,-7.78564,0.285296,0.0664716,-0.655828,0.180162,52.4153,0.469254,-0.188725,0.238987
75.04,0.984768,-0.0196277,0.0221306,-0.171336,-0.0687506,-0.583985,0.119363,-1.38567,-7.79676,0.289004,0.055209,-0.648968,0.169015,52.0005,0.500738,-0.159918,0.143294
75.06,0.985012,-0.0212245,0.0173935,-0.170287,-0.0896071,-0.537776,0.10219,-1.38586,-7.8087,0.292814,0.0458414,-0.637715,0.166782,52.6444,0.4978,-0.192357,0.201415
75.08,0.985124,-0.0220175,0.015166,-0.169752,-0.0857121,-0.506135,0.11143,-1.38602,-7.81412,0.294574,0.0425964,-0.62997,0.166742,52.443,0.504287,-0.151941,0.130941
75.1,0.985491,-0.0237359,0.00895871,-0.167819,-0.0106316,-0.454799,0.148891,-1.38663,-7.83003,0.299758,0.0308754,-0.609275,0.161342,52.603,0.524819,-0.0702329,0.0322799
75.12,0.985739,-0.0241917,0.00537237,-0.166444,0.0452127,-0.382927,0.143563,-1.38742,-7.84022,0.303246,0.0192313,-0.599056,0.156874,52.2089,0.435048,-0.307002,0.408097
75.14,0.986097,-0.0233393,0.00104649,-0.164521,0.163898,-0.251491,0.14098,-1.38933,-7.85503,0.308499,-0.00133498,-0.587016,0.151132,52.0841,0.480688,-0.185097,0.205585
75.16,0.98634,-0.0219649,-0.00100724,-0.163246,0.201087,-0.17389,0.148882,-1.39079,-7.86476,0.311916,-0.0100955,-0.577381,0.151487,52.556,0.478589,-0.230439,0.263596
75.18,0.98676,-0.019412,-0.00260133,-0.161001,0.210232,-0.0360582,0.189647,-1.39307,-7.87987,0.317297,-0.015997,-0.557476,0.15864,51.2749,0.49356,-0.159752,0.167322
75.2,0.987095,-0.0172742,-0.00283218,-0.159174,0.24279,0.045297,0.214839,-1.39456,-7.88913,0.320778,-0.0167982,-0.545098,0.159774,51.2551,0.478461,-0.252757,0.280284
75.22,0.98727,-0.0160692,-0.00274123,-0.158213,0.26675,0.062472,0.222829,-1.39555,-7.89344,0.322621,-0.0176627,-0.540182,0.157292,52.8108,0.483707,-0.193123,0.184481
75.24,0.987769,-0.0121661,-0.00182853,-0.155438,0.270954,0.124234,0.212965,-1.39848,-7.90622,0.327929,-0.0203814,-0.528324,0.14968,52.4036,0.425106,-0.326711,0.418486
75.26,0.987928,-0.0107987,-0.00145743,-0.154529,0.294727,0.116916,0.208242,-1.39944,-7.91044,0.329656,-0.022101,-0.524003,0.150752,51.3847,0.458474,-0.246252,0.30635
75.28,0.988261,-0.00803393,-0.00112731,-0.152561,0.311572,0.0521093,0.240504,-1.40133,-7.91875,0.333138,-0.0241647,-0.511501,0.156968,52.5799,0.437442,-0.28477,0.324598
75.3,0.988814,-0.00344852,-0.0022805,-0.1491,0.37187,-0.107548,0.275394,-1.4041,-7.93157,0.338744,-0.0233162,-0.489304,0.165397,51.1075,0.492929,-0.181511,0.195705
75.32,0.98917,-0.000104883,-0.00421376,-0.146713,0.419488,-0.201324,0.265318,-1.40632,-7.93882,0.34262,-0.020809,-0.478326,0.170035,52.1455,0.47845,-0.201664,0.19636
75.34,0.989468,0.00364442,-0.00695935,-0.144539,0.480812,-0.275169,0.235014,-1.40839,-7.94595,0.346514,-0.0165716,-0.469027,0.172546,50.5981,0.491016,-0.155893,0.152375
75.36,0.989823,0.0113254,-0.0139219,-0.141167,0.457348,-0.356171,0.152784,-1.41215,-7.9599,0.354232,-0.0135923,-0.448539,0.17098,52.4432,0.434809,-0.285439,0.346476
75.38,0.98986,0.0129599,-0.0157372,-0.140573,0.404707,-0.345026,0.131763,-1.41303,-7.9633,0.356113,-0.0136379,-0.441605,0.169486,51.606,0.510223,-0.136835,0.122413
75.4,0.98989,0.0164308,-0.0207983,-0.139342,0.235543,-0.3215,0.0706357,-1.41562,-7.97379,0.361962,-0.0140725,-0.415533,0.174612,52.6335,0.474552,-0.207139,0.228504
75.42,0.989884,0.0170351,-0.0223609,-0.139068,0.164407,-0.322195,0.0647871,-1.41669,-7.97675,0.364051,-0.0149463,-0.404848,0.179154,52.6844,0.515072,-0.0949414,0.0366602
75.44,0.989847,0.017615,-0.0250388,-0.138803,0.0719849,-0.275887,0.0242448,-1.41876,-7.98204,0.368144,-0.0162675,-0.384237,0.187216,52.6106,0.496607,-0.1442,0.124599
75.46,0.989706,0.0175114,-0.0280917,-0.139237,0.0111134,-0.0843783,-0.0457191,-1.42277,-7.99198,0.376392,-0.022461,-0.356896,0.186822,51.5287,0.49078,-0.150545,0.141542
75.48,0.98967,0.0174332,-0.0282351,-0.139469,-0.0202473,-0.0162252,-0.0443812,-1.42376,-7.99439,0.378411,-0.024535,-0.351111,0.18659,52.3156,0.497899,-0.14001,0.114257
75.5,0.989651,0.016971,-0.0271499,-0.13988,-0.0657185,0.128898,-0.00428228,-1.42682,-8.00133,0.384545,-0.0383362,-0.327475,0.198845,52.1511,0.480332,-0.167551,0.182127
75.52,0.989675,0.0166665,-0.0264036,-0.139889,-0.0979279,0.164397,0.00865784,-1.4279,-8.00352,0.386663,-0.0438773,-0.316765,0.204566,52.0762,0.431965,-0.285875,0.327728
75.54,0.989884,0.0151585,-0.0222652,-0.139302,-0.145291,0.236977,0.0682011,-1.43352,-8.01015,0.396208,-0.0791607,-0.26899,0.222335,52.2781,0.42946,-0.275223,0.3568
75.56,0.989981,0.0142254,-0.020993,-0.138902,-0.283764,0.240199,0.108103,-1.43505,-8.01153,0.398487,-0.0880805,-0.261248,0.209423,52.7776,0.451675,-0.247893,0.289989
75.58,0.99038,0.00585581,-0.0176346,-0.137118,-0.84183,0.1175,0.153401,-1.43994,-8.01577,0.403902,-0.106295,-0.27542,0.116924,52.2611,0.472458,-0.239535,0.217487
75.6,0.990492,0.00217828,-0.0165498,-0.136553,-0.846652,0.128127,0.142527,-1.4416,-8.01737,0.405148,-0.106463,-0.284209,0.0929871,51.4891,0.391337,-0.377567,0.444805
75.62,0.990718,-0.00689139,-0.0126953,-0.135165,-0.592111,0.202094,0.114872,-1.44673,-8.02173,0.408343,-0.105722,-0.293887,0.0777834,48.4436,0.485633,-0.200662,0.171704
75.64,0.990843,-0.0127752,-0.00994296,-0.134047,-0.416585,0.108931,0.0558813,-1.45168,-8.02589,0.411254,-0.0986834,-0.282529,0.0623759,52.0948,0.490151,-0.241149,0.236087
75.66,0.990827,-0.0145002,-0.00924792,-0.134038,-0.399466,0.0947337,-0.00862797,-1.45326,-8.02723,0.412062,-0.0980891,-0.272662,0.0498106,51.6457,0.432372,-0.30488,0.350445
75.68,0.990603,-0.0180333,-0.0071078,-0.13539,-0.205658,0.159856,-0.129017,-1.45798,-8.03094,0.413371,-0.0940258,-0.218228,-0.0147942,52.0998,0.392614,-0.371419,0.467243
75.7,0.990403,-0.0197319,-0.00444561,-0.136725,-0.13075,0.180306,-0.0482709,-1.46241,-8.03271,0.413879,-0.0882703,-0.178868,-0.000506821,51.8327,0.491851,-0.245798,0.229418
75.72,0.990404,-0.0200098,-0.00281188,-0.136721,-0.0429651,0.152742,0.0366969,-1.46536,-8.03291,0.414673,-0.0826199,-0.155392,0.0176893,52.3309,0.469595,-0.28013,0.288803
75.74,0.99044,-0.0198545,-0.00216379,-0.13649,0.0260521,0.143777,0.0648548,-1.46676,-8.03289,0.415154,-0.0781582,-0.143758,0.0219798,51.8924,0.494626,-0.213959,0.165347
75.76,0.990602,-0.0185945,-0.00058801,-0.135505,0.111496,0.109985,0.0718264,-1.47051,-8.0324,0.4165,-0.0570894,-0.111554,0.0175162,48.7284,0.491837,-0.216524,0.190822
75.78,0.990638,-0.0180149,-0.000245742,-0.13532,0.125472,0.0883139,0.0387444,-1.47167,-8.03231,0.416982,-0.0483704,-0.107594,0.0231876,52.0423,0.469721,-0.256904,0.269695
75.8,0.990674,-0.0159846,-0.000143883,-0.135311,0.147287,-0.00703936,-0.0160481,-1.47439,-8.03168,0.41849,-0.0259307,-0.108764,0.0312888,52.7929,0.453356,-0.281441,0.2954
75.82,0.990683,-0.0149061,-0.000622786,-0.135368,0.122662,-0.0484582,0.00749417,-1.47591,-8.03094,0.419544,-0.0128997,-0.111765,0.029739,50.2574,0.459714,-0.248807,0.289433
75.84,0.990725,-0.0140055,-0.0014297,-0.135149,0.118773,-0.0828863,0.0380205,-1.47727,-8.02988,0.42056,-0.0041523,-0.115467,0.0283311,51.5434,0.414823,-0.326022,0.413597
75.86,0.990778,-0.0131868,-0.00244373,-0.134831,0.110916,-0.0987752,0.0309994,-1.47844,-8.02903,0.42153,-0.000266384,-0.119162,0.0291455,49.7243,0.489889,-0.198011,0.163288
75.88,0.990745,-0.011955,-0.00465385,-0.135131,0.0474118,-0.114006,-0.0551672,-1.48064,-8.02831,0.42335,-0.00666175,-0.139195,0.0259356,52.2199,0.401949,-0.342912,0.452431
75.9,0.990682,-0.0119207,-0.00569444,-0.135551,0.0213703,-0.111937,-0.0433747,-1.48178,-8.02832,0.424167,-0.0135353,-0.148225,0.0239508,48.86,0.510026,-0.178275,0.128045
75.92,0.990666,-0.0118219,-0.00614336,-0.135657,0.0233761,-0.096278,-0.0135506,-1.48241,-8.02787,0.424572,-0.0171893,-0.149784,0.0207672,51.1547,0.501662,-0.204131,0.201247
75.94,0.990671,-0.0121232,-0.00707332,-0.135549,-0.0345612,-0.0590757,0.024512,-1.48438,-8.02676,0.425702,-0.0282144,-0.145832,0.0215293,49.4586,0.448476,-0.275412,0.298652
75.96,0.99068,-0.0121448,-0.00721879,-0.135476,0.00263133,-0.0294527,0.0169678,-1.48508,-8.02643,0.426069,-0.0327577,-0.143862,0.0187025,49.2915,0.435303,-0.285296,0.340657
75.98,0.99066,-0.0121423,-0.00721383,-0.135625,0.0132881,0.0370517,-0.0192533,-1.48814,-8.02518,0.427418,-0.04869,-0.128797,0.0197132,48.0364,0.457418,-0.274811,0.284577
76,0.990648,-0.0120617,-0.00707119,-0.135724,0.00650224,0.0273816,-0.0190498,-1.48903,-8.02507,0.427768,-0.0512209,-0.124205,0.0162921,50.4144,0.477927,-0.226371,0.239707
76.02,0.99065,-0.0116849,-0.006364,-0.135775,0.0121287,0.0637789,0.0102885,-1.49147,-8.02319,0.428702,-0.055358,-0.118205,0.0211986,47.9217,0.434814,-0.279356,0.30854
76.04,0.990664,-0.0115294,-0.00605783,-0.135699,0.0171435,0.068071,0.0204986,-1.49227,-8.02245,0.429019,-0.056198,-0.116923,0.0170227,50.8513,0.474074,-0.274514,0.273
76.06,0.990692,-0.0112658,-0.00526536,-0.135555,-0.0133553,0.0475561,0.0075541,-1.49464,-8.02046,0.429918,-0.0563364,-0.117291,0.0210248,50.5125,0.463815,-0.262673,0.287892
76.08,0.990675,-0.0110365,-0.00463007,-0.135718,0.0209199,0.0450314,-0.0169846,-1.49689,-8.01885,0.430844,-0.0528722,-0.117899,0.0199538,52.0166,0.496831,-0.176772,0.101044
76.1,0.990667,-0.0110221,-0.00450995,-0.135787,-0.014306,0.0174132,-0.0112868,-1.49758,-8.01838,0.431132,-0.0498109,-0.116989,0.0212964,51.0322,0.409916,-0.356265,0.446245
76.12,0.990653,-0.0108605,-0.0043339,-0.135903,0.00852738,0.00319878,0.00395225,-1.49955,-8.01646,0.432002,-0.0424197,-0.115134,0.0270682,50.5748,0.433136,-0.299845,0.33401
76.14,0.990668,-0.0108269,-0.00435493,-0.1358,0.0119883,-0.00612828,0.0152771,-1.50065,-8.01493,0.432528,-0.0379307,-0.113166,0.0248359,51.2613,0.431362,-0.280268,0.341813
76.16,0.990673,-0.0107026,-0.0047289,-0.135755,0.00279087,-0.0354996,-0.0012985,-1.50216,-8.01291,0.433331,-0.0351045,-0.110511,0.0232707,47.171,0.464964,-0.256932,0.248594
76.18,0.990663,-0.0107443,-0.00485865,-0.135824,-0.0049765,-0.036206,-0.0167355,-1.50262,-8.0123,0.433593,-0.034405,-0.109737,0.0262035,50.5265,0.44128,-0.332696,0.378894
76.2,0.990631,-0.0105976,-0.00528345,-0.136051,0.019189,-0.0224659,-0.00925046,-1.50399,-8.01065,0.434409,-0.0351356,-0.107449,0.0249225,50.825,0.466526,-0.245853,0.27637
76.22,0.990626,-0.0106397,-0.00541646,-0.136083,-0.0226518,-0.0340516,-0.00766013,-1.50444,-8.01015,0.434665,-0.0356555,-0.105301,0.0267615,51.9715,0.463949,-0.261053,0.290857
76.24,0.990624,-0.0105515,-0.00566529,-0.136088,0.0248678,-0.00769678,0.00411237,-1.50578,-8.00762,0.435434,-0.0385339,-0.101261,0.0275121,50.7367,0.41059,-0.341075,0.414429
76.26,0.990621,-0.0105409,-0.00576174,-0.136112,0.00921685,-0.00651403,-0.00466404,-1.50665,-8.00599,0.435905,-0.0407236,-0.098098,0.0274834,52.3369,0.474702,-0.20329,0.192113
76.28,0.99061,-0.0104836,-0.00575022,-0.136192,-0.00132191,0.00301263,-0.00766621,-1.50755,-8.00446,0.436368,-0.0429993,-0.0952029,0.0271072,50.0333,0.418265,-0.313736,0.395753
76.3,0.990601,-0.0103052,-0.00556993,-0.136284,0.0084223,0.0289769,0.00123336,-1.50891,-8.00239,0.437065,-0.0448159,-0.0917085,0.0230818,50.0963,0.461228,-0.26029,0.281314
76.32,0.990604,-0.0102116,-0.00543101,-0.136275,0.0242572,0.0284623,0.00729021,-1.50976,-8.00073,0.437485,-0.0453098,-0.0897265,0.0234791,48.4691,0.467322,-0.255468,0.25056
76.34,0.990602,-0.0101276,-0.00524538,-0.136296,-0.016028,0.000978408,0.00444551,-1.51099,-7.998,0.43809,-0.0444922,-0.0857443,0.0220192,50.3431,0.449023,-0.288853,0.3265
76.36,0.990596,-0.0100359,-0.00513679,-0.136354,-0.00821833,0.00425328,0.0018276,-1.51174,-7.99625,0.438482,-0.0431333,-0.0836713,0.0216698,50.8208,0.403271,-0.352861,0.397843
76.38,0.990585,-0.00994227,-0.0050769,-0.136444,-0.00252157,0.00521571,-0.00527974,-1.51245,-7.99464,0.438875,-0.0420539,-0.0822745,0.022547,47.9701,0.46406,-0.250685,0.281685
76.4,0.99058,-0.00996297,-0.00507592,-0.136478,-0.00346586,-0.000660583,-0.00416141,-1.51279,-7.99388,0.439073,-0.041222,-0.0827533,0.028284,51.4562,0.455277,-0.263012,0.273777
76.42,0.990574,-0.00988169,-0.00509222,-0.136531,-0.0144769,-0.0116865,0.00293997,-1.51387,-7.99,0.439757,-0.0380774,-0.0782136,0.027723,50.9584,0.441368,-0.293948,0.340111
76.44,0.990572,-0.00980946,-0.00512532,-0.136546,0.0147742,-0.00477585,0.0014135,-1.51411,-7.98903,0.439932,-0.0378044,-0.07706,0.0241359,47.7198,0.454065,-0.285869,0.305631
76.46,0.990562,-0.00979656,-0.00523384,-0.136614,-0.0153073,-0.0175695,0.00717107,-1.51484,-7.9864,0.440466,-0.0363877,-0.0731433,0.0234246,49.7945,0.408379,-0.332313,0.408465
76.48,0.990551,-0.00974565,-0.00529515,-0.136696,-0.00742541,-0.0110065,0.000800612,-1.51529,-7.98472,0.440814,-0.0365132,-0.0714134,0.0234831,50.0885,0.413474,-0.339492,0.430871
76.5,0.990544,-0.00968576,-0.00533953,-0.13675,0.00673128,-0.00993448,0.00069181,-1.51572,-7.98316,0.441158,-0.0367772,-0.069104,0.0228636,50.598,0.412473,-0.322502,0.386344
76.52,0.990538,-0.0096684,-0.00539263,-0.136792,-0.0082635,-0.00530259,7.16405e-05,-1.51621,-7.98029,0.441551,-0.0377465,-0.0666835,0.0279713,50.8313,0.420981,-0.325268,0.394497
76.54,0.990537,-0.00959517,-0.00536955,-0.136808,0.00713412,0.00636905,-0.000656747,-1.51636,-7.97927,0.441673,-0.037966,-0.0646024,0.0231487,51.3627,0.368264,-0.393602,0.490988
76.56,0.990525,-0.0095656,-0.0053447,-0.136895,-0.0142873,-0.00669929,-0.00296588,-1.51685,-7.9765,0.442086,-0.0373358,-0.0610838,0.0236812,49.4707,0.502307,-0.201138,0.180301
76.58,0.990521,-0.00949274,-0.00530312,-0.136929,0.0197579,0.0134323,0.000994574,-1.51699,-7.9756,0.442221,-0.0376813,-0.0616089,0.0282677,50.9297,0.418207,-0.315668,0.362143
76.6,0.990508,-0.0094215,-0.0051971,-0.137032,0.011569,0.010844,0.00236211,-1.51752,-7.97201,0.442632,-0.0365755,-0.0570632,0.0277112,49.8267,0.388128,-0.341119,0.434998
76.62,0.990504,-0.00936552,-0.00515653,-0.13707,0.00332582,0.00725054,-0.00210617,-1.51768,-7.96992,0.442689,-0.0356323,-0.0549056,0.027173,52.3997,0.436482,-0.314133,0.352125
76.64,0.990498,-0.00928819,-0.00512269,-0.137115,0.0043863,0.000679929,-0.000749371,-1.51783,-7.96796,0.442759,-0.034566,-0.0531216,0.0268032,50.299,0.312146,-0.421181,0.575458
76.66,0.990489,-0.00925144,-0.00510391,-0.137189,-0.0175424,-0.00836242,-0.00175117,-1.51797,-7.96613,0.442846,-0.0334968,-0.0514115,0.0261122,52.4983,0.42072,-0.320986,0.395121
76.68,0.990481,-0.00921619,-0.00509372,-0.137243,-0.0187379,-0.00722452,-0.00450697,-1.51811,-7.96441,0.44295,-0.032801,-0.0497426,0.0255041,46.374,0.443829,-0.262861,0.274489
76.7,0.990475,-0.00916435,-0.0051211,-0.13729,-0.0239404,-0.011551,0.00453067,-1.51824,-7.96281,0.443068,-0.0319557,-0.0481948,0.0253279,49.1937,0.448009,-0.254904,0.26715
76.72,0.990467,-0.00906873,-0.00516696,-0.137351,0.00882857,0.00376659,-0.0042485,-1.51837,-7.96022,0.443007,-0.0306512,-0.0461969,0.0266545,49.3057,0.495044,-0.19348,0.154885
76.74,0.990465,-0.00903036,-0.00515705,-0.137375,-0.00889055,-0.000753907,0.000108838,-1.51839,-7.95931,0.442927,-0.0303707,-0.0445147,0.0214519,48.0503,0.475783,-0.247303,0.2599
76.76,0.990457,-0.00897788,-0.00518691,-0.137432,0.00340336,-0.00111878,-0.000486098,-1.51841,-7.95758,0.442784,-0.0300761,-0.0432546,0.0221417,49.5273,0.489571,-0.200009,0.187844
76.78,0.990436,-0.00888798,-0.0052337,-0.137586,0.0138349,0.00587971,0.00241521,-1.51846,-7.95442,0.442573,-0.0289414,-0.0402751,0.0229774,47.4053,0.447116,-0.295473,0.300565
76.8,0.990433,-0.00890729,-0.005265,-0.137607,-0.00566308,-0.0167453,-0.00341299,-1.51848,-7.95368,0.442521,-0.0284573,-0.038902,0.0247973,49.5121,0.430903,-0.311249,0.363111
76.82,0.990424,-0.00877142,-0.00524151,-0.137682,0.0256641,0.0152396,-0.0141038,-1.51851,-7.95149,0.442286,-0.0280955,-0.0374763,0.0263158,50.9871,0.477707,-0.232861,0.224844
76.84,0.990417,-0.00873168,-0.00522915,-0.137733,0.0193722,0.00753676,-0.00116729,-1.51845,-7.94987,0.441886,-0.0273484,-0.0355349,0.0256907,52.0576,0.454543,-0.279509,0.320992
76.86,0.990407,-0.00866121,-0.00519837,-0.137811,0.000937906,0.00590652,0.00205701,-1.51836,-7.94762,0.441348,-0.0261135,-0.0321739,0.0197783,49.5469,0.418433,-0.324905,0.38536
76.88,0.990402,-0.00869922,-0.00520134,-0.137845,0.00179132,-0.000889566,-0.00158628,-1.51833,-7.94691,0.441175,-0.0252449,-0.0322509,0.0244848,49.5221,0.427742,-0.296752,0.336021
76.9,0.990393,-0.00859044,-0.00515927,-0.137916,0.0181858,0.0048074,-0.00174306,-1.51822,-7.94492,0.440724,-0.0239533,-0.0294607,0.0199574,51.2926,0.473815,-0.252198,0.256875
76.92,0.990387,-0.00857439,-0.00516126,-0.13796,0.0128077,0.0151655,0.000231598,-1.51807,-7.9434,0.440079,-0.0232359,-0.0286119,0.0203314,50.6858,0.420939,-0.319698,0.372216
76.94,0.990376,-0.00857287,-0.00518862,-0.138037,0.0112798,0.00435138,-0.00459351,-1.51796,-7.94201,0.439484,-0.0225562,-0.0277777,0.0234611,47.0766,0.496849,-0.188853,0.181004
76.96,0.99037,-0.00852765,-0.00520107,-0.138083,-0.0105305,-0.00337082,0.00819363,-1.51774,-7.94003,0.438636,-0.0209257,-0.0248074,0.0170015,51.4271,0.455973,-0.294723,0.350307
76.98,0.990365,-0.00845339,-0.00521877,-0.138127,0.00686384,0.00262727,0.000111121,-1.51758,-7.93882,0.438127,-0.0198741,-0.0233931,0.0174312,49.4878,0.48441,-0.22691,0.187987
77,0.990354,-0.00844196,-0.00523108,-0.138203,0.00965775,0.0047935,-0.00610847,-1.51743,-7.93768,0.437653,-0.0190197,-0.0226116,0.0173721,50.0215,0.48586,-0.236559,0.225314
77.02,0.990351,-0.00849523,-0.00526099,-0.138224,-0.0101007,-0.00617403,-0.00036463,-1.5173,-7.93701,0.437256,-0.0187421,-0.022987,0.0219079,49.8928,0.482457,-0.190848,0.171131
77.04,0.990333,-0.00843921,-0.00528841,-0.138354,-0.0170649,-0.0112913,-0.00223356,-1.51686,-7.93456,0.435828,-0.017555,-0.0197313,0.0159561,47.934,0.497256,-0.193856,0.17799
77.06,0.99033,-0.00838216,-0.00529154,-0.138374,0.0188061,0.00695026,0.00286529,-1.51674,-7.934,0.435499,-0.0181245,-0.0210907,0.0214135,51.8625,0.486726,-0.227335,0.19993
77.08,0.990321,-0.00833634,-0.00530002,-0.138444,-0.0133422,-0.00545499,6.19513e-05,-1.51641,-7.9324,0.434554,-0.0165435,-0.0176166,0.0150361,50.3588,0.432638,-0.299998,0.361074
77.1,0.990318,-0.0083477,-0.0053068,-0.138465,0.00614003,0.00817508,-0.00472181,-1.5163,-7.9319,0.434256,-0.0165608,-0.0185843,0.0204456,50.8602,0.451854,-0.285182,0.315407
77.12,0.99031,-0.00829535,-0.00527693,-0.138529,0.00544116,0.00484387,0.00011477,-1.51594,-7.93039,0.433282,-0.0155514,-0.0163257,0.014963,49.9897,0.457519,-0.249226,0.279276
77.14,0.990303,-0.00827064,-0.00527364,-0.138578,0.0160829,0.0110761,-0.00182956,-1.51564,-7.92931,0.432481,-0.015242,-0.0156017,0.0146735,48.7507,0.440896,-0.294512,0.336955
77.16,0.990295,-0.0082675,-0.00530179,-0.138635,-0.01494,-0.0111182,0.0022437,-1.51523,-7.92785,0.431401,-0.0132924,-0.0134262,0.014119,51.6422,0.481422,-0.230946,0.231092
77.18,0.990285,-0.00825804,-0.00529439,-0.13871,-0.0144407,-0.00513072,-0.0124339,-1.51495,-7.92694,0.430721,-0.0130065,-0.0127319,0.0137572,48.994,0.471217,-0.244546,0.271019
77.2,0.99028,-0.00823081,-0.00528586,-0.138744,-0.0134463,-0.0021016,-0.000791351,-1.51467,-7.92611,0.430087,-0.0126366,-0.0127299,0.0137218,50.8848,0.492057,-0.223994,0.205909
77.22,0.990271,-0.00822826,-0.00530993,-0.138808,0.0122565,-0.0018057,-0.00289075,-1.51415,-7.92478,0.428967,-0.012199,-0.013006,0.0187981,51.4741,0.470554,-0.225784,0.233123
77.24,0.990267,-0.00818049,-0.00528822,-0.138838,-0.00374462,0.0069772,-0.00428786,-1.51396,-7.92435,0.42858,-0.0116173,-0.0112354,0.0130987,47.5331,0.470963,-0.246895,0.266356
77.26,0.990259,-0.00814137,-0.00531075,-0.1389,0.0167369,0.00687366,-0.00303377,-1.51359,-7.92351,0.427831,-0.0108464,-0.0103118,0.0125714,48.7395,0.48577,-0.202246,0.190418
77.28,0.99025,-0.00812599,-0.00533198,-0.138959,0.0177365,0.00959793,-0.0031804,-1.51324,-7.92275,0.427164,-0.0107266,-0.011049,0.0168567,51.7013,0.446957,-0.268012,0.302385
77.3,0.990242,-0.00811076,-0.00538966,-0.139021,0.0209419,0.0130139,0.00220712,-1.51249,-7.92128,0.425757,-0.00889647,-0.00918153,0.0165735,49.849,0.472021,-0.230476,0.229871
77.32,0.990231,-0.00816122,-0.0054629,-0.139092,0.00541734,-0.00486131,-0.00483367,-1.51208,-7.92052,0.424955,-0.0092316,-0.0084141,0.0169853,50.4016,0.48112,-0.242794,0.230414
77.34,0.990221,-0.00816297,-0.00550241,-0.139158,0.00900478,0.00227061,-0.00489355,-1.51168,-7.91981,0.424196,-0.0086994,-0.00716846,0.01581,46.0387,0.459431,-0.256323,0.275784
77.36,0.990211,-0.00807761,-0.00541284,-0.139242,-0.00303318,0.00473838,-0.00957764,-1.5113,-7.91915,0.423469,-0.00861352,-0.0069395,0.0156452,47.9563,0.514262,-0.153031,0.120382
77.38,0.990199,-0.00802772,-0.00541217,-0.13933,-0.0116538,-0.0121339,-0.0119113,-1.51096,-7.91855,0.422802,-0.00842006,-0.0051486,0.0111821,51.7154,0.508652,-0.159596,0.140966
77.4,0.990187,-0.00789928,-0.00528538,-0.139423,0.0231293,0.0161862,0.000236762,-1.51042,-7.91775,0.421852,-0.00760937,-0.00639744,0.0133592,47.8994,0.488184,-0.205498,0.2169
77.42,0.990184,-0.00789923,-0.00526146,-0.139448,0.0154973,0.00532525,0.00108579,-1.51001,-7.91712,0.421048,-0.00694815,-0.0064035,0.0141475,49.8711,0.48659,-0.216679,0.247536
77.44,0.990176,-0.00788925,-0.0052303,-0.139503,0.0148821,0.0103887,-0.00615225,-1.50959,-7.91653,0.420283,-0.00548822,-0.00604242,0.0134399,49.329,0.425934,-0.314223,0.398417
77.46,0.990167,-0.00784215,-0.00518726,-0.139573,0.0114997,0.00273734,-0.0109504,-1.50917,-7.916,0.419568,-0.00497955,-0.00525577,0.0140785,49.9416,0.46864,-0.274889,0.317202
77.48,0.990152,-0.0077742,-0.00520426,-0.139685,0.0114659,0.00334054,0.00409609,-1.50854,-7.91527,0.418572,-0.00259582,-0.00304333,0.00752691,52.1286,0.487505,-0.219587,0.195979
77.5,0.990149,-0.00781921,-0.00521208,-0.139705,-0.0127941,-0.007319,-0.0053807,-1.50833,-7.91505,0.41826,-0.00184171,-0.00232274,0.00943019,47.0104,0.38068,-0.351425,0.442962
77.52,0.990141,-0.00775819,-0.00520727,-0.139764,0.0164384,0.00826458,0.00228701,-1.50764,-7.91424,0.417265,-0.00149967,-0.00370706,0.011672,49.2235,0.432604,-0.300119,0.335347
77.54,0.990138,-0.00777496,-0.00522641,-0.139781,-0.0130888,-0.00669116,0.00130755,-1.5074,-7.91396,0.416915,-0.000443207,-0.00197059,0.00750143,47.6131,0.514827,-0.162824,0.127317
77.56,0.990128,-0.00775969,-0.00523154,-0.139852,-0.020384,-0.0113031,-0.00410229,-1.50693,-7.91345,0.416262,9.0242e-05,-0.00223947,0.00744617,49.9917,0.474949,-0.255796,0.249906
77.58,0.990115,-0.00774186,-0.00524722,-0.139949,-0.000564959,0.00245206,-0.0040891,-1.50624,-7.91277,0.415363,0.000262323,-0.00271657,0.0120154,52.2669,0.49992,-0.142757,0.11145
77.6,0.990109,-0.0077546,-0.00523441,-0.13999,-0.00618863,-0.00152755,0.00359175,-1.50578,-7.91235,0.414806,0.00120349,-0.00189477,0.0118415,47.8606,0.507923,-0.158955,0.103671
77.62,0.990105,-0.0077438,-0.0052447,-0.14002,-0.0137716,-0.00780558,-0.000588276,-1.50529,-7.91191,0.414218,0.00239408,-0.000138684,0.00866479,49.633,0.520524,-0.121514,0.0403543
77.64,0.990093,-0.00761097,-0.00521556,-0.140113,0.0243855,0.00909196,-0.003929,-1.50454,-7.91123,0.413337,0.00232276,-0.0016375,0.0102004,51.3394,0.490174,-0.187202,0.171772
77.66,0.990082,-0.00759079,-0.00520346,-0.14019,0.019007,0.012532,-0.00442942,-1.50405,-7.91084,0.412787,0.002607,-0.00159021,0.0102171,46.8022,0.511287,-0.183388,0.14133
77.68,0.990071,-0.00758125,-0.00519297,-0.140266,-0.00590224,-0.00581902,0.000712279,-1.50332,-7.91032,0.412017,0.0047462,5.82609e-06,0.00592973,51.8475,0.489425,-0.214724,0.210929
77.7,0.990065,-0.00752392,-0.00517189,-0.140313,0.0163074,0.00171391,-0.00706895,-1.50283,-7.91003,0.411552,0.00521507,-0.000140434,0.0055467,48.8997,0.519041,-0.123311,0.0863385
77.72,0.990064,-0.007559,-0.0051936,-0.140319,0.00112952,-0.00860137,0.0013942,-1.50256,-7.90981,0.411287,0.00491124,-0.00119456,0.0103751,50.9081,0.518542,-0.0860232,0.0225193
77.74,0.990049,-0.00748692,-0.0051594,-0.140428,0.0188767,0.00903646,-0.0049605,-1.50174,-7.90923,0.410561,0.00517315,-0.00179792,0.0106266,51.4931,0.485321,-0.247478,0.252243
77.76,0.990041,-0.00745092,-0.00516818,-0.14049,0.0202094,0.0061152,0.000773946,-1.50121,-7.9089,0.410115,0.0055878,-0.00125162,0.010314,50.5015,0.519,-0.107623,0.0164908
77.78,0.990035,-0.00743581,-0.00516895,-0.140532,0.0188309,0.0122796,-0.00305145,-1.50069,-7.90859,0.409698,0.006036,-0.00125701,0.0108286,47.921,0.481613,-0.215992,0.21929
77.8,0.990027,-0.00739799,-0.00514148,-0.140588,0.0237925,0.0116327,-0.005993,-1.50018,-7.90833,0.409304,0.00674033,-0.0017044,0.0100031,50.579,0.528481,-0.0313205,-0.0977583
77.82,0.990014,-0.00736191,-0.00508939,-0.140683,0.00308329,-0.00239349,-0.00340778,-1.49934,-7.90783,0.408669,0.00861686,-0.000873493,0.00501371,48.1661,0.462186,-0.279181,0.288903
77.84,0.989986,-0.00743416,-0.00510952,-0.140879,-0.0133739,-0.000308263,-0.0168032,-1.49845,-7.90733,0.408032,0.0109562,-0.00317776,0.0085288,51.0404,0.43112,-0.302416,0.34916
77.86,0.989953,-0.00752037,-0.00512878,-0.141105,-0.0270406,-0.0124301,-0.0243758,-1.49784,-7.90706,0.407644,0.0129037,-0.00366486,0.00838538,49.992,0.52163,-0.149588,0.0943033
77.88,0.989938,-0.00750189,-0.00514059,-0.141206,0.00888106,-0.000317574,-0.0184034,-1.49751,-7.90696,0.407488,0.0137119,-0.00485712,0.00813392,48.9682,0.506154,-0.151176,0.0912308
77.9,0.9899,-0.00753855,-0.00516884,-0.141474,0.0134082,0.0160248,-0.0255643,-1.49685,-7.90677,0.407138,0.0172089,-0.00593351,0.00802788,48.6893,0.508879,-0.189702,0.186993
77.92,0.989829,-0.00742516,-0.00479406,-0.141987,0.00797149,0.0230541,-0.0383504,-1.49572,-7.90652,0.406614,0.0241658,-0.00923672,0.00401534,47.6336,0.463124,-0.264484,0.289359
77.94,0.989769,-0.007552,-0.00518873,-0.142385,-0.0235684,-0.0925543,-0.00893991,-1.49443,-7.90623,0.406162,0.0286603,-0.0104697,0.0115323,50.3382,0.53735,0.0126674,-0.121208
77.96,0.989771,-0.00780804,-0.00597135,-0.142324,-0.0132484,-0.0812895,0.0247163,-1.49352,-7.90605,0.405909,0.031546,-0.00691747,0.0101804,50.3955,0.539594,-0.114811,0.0282068
77.98,0.989785,-0.00780426,-0.00618911,-0.14222,0.00997479,-0.0428322,0.0321609,-1.49305,-7.90594,0.405784,0.0317609,-0.00365253,0.00516461,51.1596,0.476511,-0.222665,0.247728
78,0.989802,-0.0078061,-0.00688307,-0.142072,-0.00381815,-0.060996,0.00306784,-1.4917,-7.90557,0.405476,0.0260349,0.00162797,0.00784101,49.658,0.509345,-0.162853,0.138593
78.02,0.989763,-0.00768058,-0.00722729,-0.142328,0.016212,-0.00360173,-0.0169667,-1.49061,-7.905,0.405137,0.0168562,0.00236537,0.00879076,50.0005,0.498288,-0.162614,0.16731
78.04,0.989735,-0.00776255,-0.00727807,-0.14252,0.00603835,0.00882521,-0.0103574,-1.49002,-7.90457,0.40488,0.0117344,0.00448496,0.0085233,47.732,0.529612,-0.131658,0.068925
78.06,0.989735,-0.00770512,-0.00706022,-0.142534,0.00567626,0.0415608,0.00852156,-1.48952,-7.90414,0.404625,0.00900995,0.00657919,0.00714806,47.0892,0.48775,-0.202405,0.190157
78.08,0.989745,-0.00767604,-0.00673054,-0.142478,-0.0196563,0.0297853,0.00781793,-1.48907,-7.90371,0.40438,0.006369,0.00883679,0.00714012,50.7633,0.494197,-0.212179,0.200663
78.1,0.989747,-0.00752321,-0.00612531,-0.142501,0.0231405,0.048881,-0.00387724,-1.48844,-7.90305,0.40405,0.00712366,0.00995262,0.00529955,48.7199,0.496974,-0.189961,0.174513
78.12,0.989743,-0.00751688,-0.00592605,-0.14254,-0.00455802,0.0432418,-0.00261315,-1.48823,-7.9028,0.403896,0.00898219,0.0111059,0.00236406,51.1083,0.475871,-0.24193,0.269868
78.14,0.98973,-0.0074008,-0.00548689,-0.14265,0.0191089,0.0305672,-0.00119119,-1.48754,-7.90212,0.403507,0.0132795,0.00811607,0.00631516,50.4966,0.527053,-0.147837,0.0641992
78.16,0.98973,-0.00737116,-0.00538523,-0.142657,-0.0100068,0.0123522,0.0089169,-1.48728,-7.90193,0.403381,0.0161523,0.00839958,0.0022803,47.987,0.500246,-0.211125,0.197958
78.18,0.989722,-0.00736538,-0.00534432,-0.142715,0.00335757,-0.0108184,0.00269793,-1.48609,-7.90129,0.402978,0.0236882,0.00575688,0.00306171,48.3844,0.494918,-0.201551,0.163002
78.2,0.989717,-0.007414,-0.00542745,-0.142741,-0.0025686,-0.0158792,-0.00347468,-1.48575,-7.90115,0.40289,0.0252315,0.00441962,0.00810193,51.3323,0.454002,-0.282776,0.328946
78.22,0.989695,-0.0074052,-0.0057355,-0.142883,0.00959941,-0.0258454,-0.0130449,-1.48466,-7.90073,0.40264,0.0285725,0.00447451,0.00669065,48.0045,0.504051,-0.220539,0.22182
78.24,0.989683,-0.00743883,-0.00597467,-0.142954,0.0175183,-0.0157842,0.000621013,-1.48395,-7.9004,0.402456,0.0289522,0.00427742,0.00753619,51.9313,0.520548,-0.160473,0.103399
78.26,0.989671,-0.00746118,-0.00619,-0.14303,0.0164924,-0.00958542,-0.00472326,-1.48325,-7.9001,0.402293,0.0284468,0.00484177,0.00773666,46.9772,0.435334,-0.290223,0.357404
78.28,0.98967,-0.00743595,-0.00644749,-0.143027,0.00341178,-0.0143745,0.00621919,-1.48222,-7.89968,0.402056,0.0288122,0.00676843,0.00340639,50.7104,0.47345,-0.262189,0.296701
78.3,0.989664,-0.00747808,-0.00652495,-0.143061,0.00781122,-0.0129182,-0.00512944,-1.48189,-7.89955,0.401994,0.0274992,0.00586366,0.00792296,49.8034,0.432741,-0.312998,0.356406
78.32,0.989639,-0.00748187,-0.00664088,-0.143228,0.0107972,-0.00392776,-0.00844872,-1.48095,-7.89892,0.401711,0.02718,0.00850285,0.00412704,50.684,0.517789,-0.152088,0.0930749
78.34,0.989623,-0.00743712,-0.00669625,-0.143343,0.0139214,-0.000387855,-0.00548944,-1.48036,-7.89851,0.401527,0.0259845,0.00957286,0.0044514,48.8742,0.443845,-0.293851,0.368607
78.36,0.989618,-0.0074317,-0.00666034,-0.143376,-0.00736801,0.00589668,0.0162198,-1.47953,-7.89792,0.401265,0.0261036,0.0114171,0.00232412,50.0491,0.461772,-0.28223,0.306061
78.38,0.989628,-0.00733389,-0.00664308,-0.143313,-0.00656847,-0.0042063,0.00915541,-1.47898,-7.89756,0.401111,0.0257028,0.011045,0.00162276,49.6424,0.496435,-0.222756,0.252458
78.4,0.989627,-0.00734971,-0.00662434,-0.143323,0.00120378,0.00461991,0.00384292,-1.4787,-7.8974,0.401049,0.0248039,0.00911857,0.00571809,47.0678,0.500091,-0.209004,0.159316
78.42,0.989608,-0.00729474,-0.00656526,-0.143453,0.0123171,0.0132711,-0.020365,-1.47825,-7.89699,0.400887,0.0241064,0.00728525,0.00550065,50.4759,0.463929,-0.253732,0.297566
78.44,0.989583,-0.00726781,-0.00651769,-0.143632,-0.000799078,0.00362984,-0.0176964,-1.47777,-7.89662,0.400749,0.0248418,0.0076103,0.00467845,49.1457,0.511106,-0.163384,0.130709
78.46,0.98957,-0.00712069,-0.00633377,-0.14374,0.0205489,0.0339311,0.0073233,-1.47707,-7.89617,0.400547,0.0261084,0.00440841,0.00306699,52.2922,0.487735,-0.247311,0.258652
78.48,0.989547,-0.00710012,-0.00617842,-0.143904,-0.0114781,0.00398934,-0.0222654,-1.47633,-7.89583,0.400373,0.0278382,0.00433009,0.00394576,48.3322,0.489961,-0.201961,0.201553
78.5,0.989515,-0.00702304,-0.00617805,-0.144124,-0.0347486,-0.0187335,-0.0199395,-1.47581,-7.8956,0.400307,0.0297386,0.0104633,0.0042912,51.1362,0.518577,-0.179688,0.169873
78.52,0.989493,-0.0071391,-0.00627295,-0.144271,-0.00524929,-0.00674426,-0.00152574,-1.4753,-7.89522,0.400256,0.0319368,0.0168449,0.00242211,47.7992,0.505799,-0.172784,0.140003
78.54,0.989505,-0.00694531,-0.00641047,-0.144186,-0.0463383,-0.0414729,0.0249647,-1.47446,-7.89449,0.400162,0.0353532,0.0162405,0.00670268,48.419,0.447561,-0.257132,0.322265
78.56,0.98952,-0.0070759,-0.00655439,-0.144074,-0.0248623,-0.0404035,0.0293251,-1.47417,-7.8943,0.400163,0.0367125,0.0116912,0.00448106,51.721,0.480738,-0.256891,0.268176
78.58,0.989526,-0.00698407,-0.0069219,-0.144022,-0.0165312,-0.0478867,-0.0137798,-1.47328,-7.89391,0.400109,0.0361059,0.00720651,0.00625597,48.4353,0.440423,-0.292344,0.351433
78.6,0.989502,-0.00714363,-0.00708033,-0.144171,-0.0263018,-0.0441677,-0.0342362,-1.473,-7.89382,0.400132,0.0360113,0.00510419,0.00732316,48.1612,0.480724,-0.259069,0.257539
78.62,0.989427,-0.00728831,-0.00752732,-0.144654,0.0149392,-0.0146303,0.00716395,-1.47197,-7.89333,0.400071,0.0355211,0.0102809,0.00824117,51.4789,0.481963,-0.197177,0.182749
78.64,0.989442,-0.00748866,-0.0077228,-0.144528,0.00192605,-0.0104741,0.019001,-1.47151,-7.89303,0.400086,0.032514,0.0120146,0.00689526,48.9708,0.513705,-0.159854,0.150806
78.66,0.989453,-0.00741326,-0.00771706,-0.144457,0.0108297,0.00501482,0.0228008,-1.47125,-7.89287,0.400068,0.0306688,0.013219,0.00164066,47.6422,0.516616,-0.154547,0.115489
78.68,0.98942,-0.00733955,-0.0073694,-0.144705,0.0118667,0.0252656,-0.0212373,-1.47054,-7.89227,0.400047,0.0257348,0.0153315,0.00222947,47.8294,0.497095,-0.200307,0.197043
78.7,0.989377,-0.0073874,-0.00710067,-0.145011,-0.00790843,0.0327284,-0.0282443,-1.47021,-7.89199,0.399936,0.0337301,0.0143601,-0.00196899,48.705,0.433381,-0.30811,0.381638
78.72,0.989312,-0.00766993,-0.00710794,-0.145441,0.0117203,-0.0257397,-0.0470989,-1.46971,-7.89172,0.399823,0.0482119,0.0147029,0.0034863,51.3906,0.502813,-0.214113,0.213309
78.74,0.989262,-0.00738235,-0.00797353,-0.14575,0.0726319,-0.0878742,-0.0201743,-1.46897,-7.8915,0.399847,0.0597912,0.0111658,0.0109464,49.5491,0.465652,-0.26142,0.310259
78.76,0.989263,-0.00745141,-0.00894848,-0.145681,-0.0122695,-0.110323,0.0221571,-1.46798,-7.89137,0.39987,0.0732886,0.00522136,0.00453337,48.7039,0.484238,-0.22721,0.227299
78.78,0.989279,-0.00749119,-0.00951175,-0.145538,0.0116035,-0.138835,0.0394,-1.4673,-7.89136,0.399824,0.0782581,0.00102786,-0.00490043,50.7225,0.451435,-0.290302,0.353629
78.8,0.989296,-0.00751398,-0.0112877,-0.145293,0.0073949,-0.212125,0.0312274,-1.4661,-7.89146,0.399714,0.0778509,-0.00490065,0.00143923,48.371,0.503788,-0.221102,0.208101
78.82,0.989261,-0.008225,-0.0134299,-0.145312,-0.0250772,-0.123136,-0.0289312,-1.46459,-7.89178,0.399681,0.0644796,-0.00518892,0.00721164,49.174,0.503258,-0.169968,0.179276
78.84,0.989101,-0.00848082,-0.0144376,-0.146281,-0.0199091,-0.0423316,-0.0854182,-1.46351,-7.89208,0.399413,0.0552989,-0.0014991,-0.00827565,49.7658,0.468315,-0.248982,0.281469
78.86,0.989032,-0.00875273,-0.0146502,-0.146713,-0.0634753,-0.0565595,-0.0945847,-1.46316,-7.89215,0.399239,0.0568215,0.00122998,-0.0105874,50.3807,0.528509,-0.133544,0.0969282
78.88,0.988864,-0.00917402,-0.0157205,-0.147703,0.00301023,-0.0993081,-0.0494319,-1.46188,-7.89229,0.398654,0.0649292,0.00605307,-0.0113063,49.5946,0.512422,-0.153175,0.135921
78.9,0.988817,-0.00911422,-0.0173425,-0.147841,0.0370582,-0.11177,0.0183555,-1.46051,-7.89243,0.39825,0.0637619,0.00125143,0.00218722,48.2925,0.478886,-0.221911,0.248363
78.92,0.988824,-0.00910319,-0.0178269,-0.14774,0.0218271,-0.0979109,0.0314776,-1.46013,-7.89255,0.398177,0.0619456,-0.00258348,0.00397997,52.6869,0.533334,-0.113721,0.0473321
78.94,0.988827,-0.00955687,-0.018757,-0.147575,-0.0747529,-0.0730513,-0.00623814,-1.45904,-7.89324,0.398147,0.0585297,-0.0195591,0.00986107,49.2584,0.518021,-0.154944,0.140484
78.96,0.98874,-0.0105298,-0.0196072,-0.147981,-0.0606656,-0.111557,-0.0563088,-1.45832,-7.89386,0.398078,0.0575726,-0.0239954,0.00311071,50.1945,0.515457,-0.149517,0.147415
78.98,0.988525,-0.0115036,-0.0206951,-0.149193,-0.0733119,-0.0580642,-0.0838428,-1.4572,-7.8949,0.397814,0.0615447,-0.0262312,-0.00546368,48.0598,0.508829,-0.183745,0.184667
79,0.988379,-0.0121631,-0.0211634,-0.150038,-0.0823068,-0.0708137,-0.0979,-1.45642,-7.89571,0.39755,0.0670979,-0.0312894,-0.00852626,48.5466,0.520289,-0.142628,0.115365
79.02,0.988172,-0.0131974,-0.0217095,-0.151232,-0.127942,-0.082825,-0.154311,-1.45555,-7.89665,0.397179,0.0757771,-0.0370155,-0.0113013,48.3993,0.503233,-0.188379,0.183285
79.04,0.987827,-0.0144702,-0.0220777,-0.153302,-0.142805,-0.0376144,-0.266958,-1.45451,-7.89768,0.396766,0.0822346,-0.0414459,-0.0141146,47.6252,0.468495,-0.285041,0.364376
79.06,0.987291,-0.0158383,-0.0221104,-0.156579,-0.15038,0.000113904,-0.414025,-1.45338,-7.89876,0.396288,0.0830362,-0.0432616,-0.0205153,52.1171,0.438448,-0.338491,0.403546
79.08,0.986531,-0.0170776,-0.0212872,-0.161282,-0.158799,0.127866,-0.589273,-1.45213,-7.89997,0.395584,0.0805117,-0.0486048,-0.0309663,50.3048,0.478338,-0.281112,0.314791
79.1,0.984917,-0.018948,-0.0168894,-0.171158,-0.242762,0.447916,-0.821204,-1.45056,-7.90189,0.394233,0.0769253,-0.0569514,-0.0425634,51.2112,0.458024,-0.300094,0.337827
79.12,0.984254,-0.0196496,-0.0144928,-0.175064,-0.249664,0.526555,-0.871809,-1.45011,-7.90259,0.393699,0.0751247,-0.0591374,-0.0435655,50.3856,0.504564,-0.221013,0.245999
79.14,0.982785,-0.0210712,-0.00880412,-0.183337,-0.284013,0.671259,-0.938627,-1.44921,-7.90404,0.392572,0.0741941,-0.06553,-0.0497667,49.7728,0.506473,-0.211692,0.222497
79.16,0.98029,-0.0229311,0.00160094,-0.196223,-0.280692,0.793567,-0.953192,-1.4477,-7.90652,0.390675,0.0853938,-0.0819479,-0.0629169,51.123,0.539157,-0.12679,0.105209
79.18,0.97748,-0.0242387,0.0133399,-0.209205,-0.245915,0.86537,-0.972208,-1.44561,-7.9095,0.388354,0.101954,-0.0886082,-0.0765521,47.0075,0.497034,-0.257243,0.266192
79.2,0.975448,-0.0244029,0.020095,-0.217951,-0.108815,0.705155,-0.969561,-1.44408,-7.91139,0.386684,0.108703,-0.0842018,-0.0861364,49.5678,0.5251,-0.171219,0.151228
79.22,0.974426,-0.0239564,0.0227902,-0.222264,0.0144454,0.604653,-0.962796,-1.44326,-7.91231,0.385794,0.113072,-0.083079,-0.0905331,50.1922,0.529677,-0.177413,0.162328
79.24,0.970464,-0.0176695,0.0304728,-0.238661,0.429615,0.524627,-0.884671,-1.43941,-7.91595,0.381487,0.160204,-0.0811054,-0.119707,50.2415,0.523781,-0.216991,0.244106
79.26,0.969468,-0.015197,0.0321022,-0.242633,0.4831,0.505959,-0.890067,-1.43814,-7.91683,0.380249,0.17413,-0.0770224,-0.127823,49.7933,0.538655,-0.132061,0.115947
79.28,0.966269,-0.00667562,0.0365843,-0.254834,0.591066,0.477395,-0.908422,-1.43335,-7.91923,0.376135,0.209276,-0.0558713,-0.134024,47.6894,0.554641,-0.134711,0.123191
79.3,0.965137,-0.00359998,0.037803,-0.258975,0.633629,0.435966,-0.92561,-1.43164,-7.91988,0.374839,0.218861,-0.0503734,-0.131435,49.0429,0.551657,-0.109962,0.100811
79.32,0.960386,0.0088585,0.0424502,-0.27528,0.64155,0.454609,-0.905668,-1.42375,-7.92189,0.369695,0.281496,-0.0334684,-0.127703,51.8997,0.563771,-0.0671821,0.0630538
79.34,0.957884,0.0149852,0.044612,-0.283272,0.624041,0.393629,-0.900418,-1.41892,-7.92262,0.36711,0.312789,-0.0194168,-0.129379,48.9741,0.571791,-0.0425726,0.0392502
79.36,0.956616,0.0178306,0.0453507,-0.287247,0.589689,0.315963,-0.901651,-1.4163,-7.92287,0.365828,0.326214,-0.0107043,-0.128596,50.2945,0.540687,-0.0879601,0.108254
79.38,0.952893,0.0252479,0.0458105,-0.298762,0.528189,0.106019,-0.830778,-1.40781,-7.92327,0.362222,0.360249,0.0060936,-0.111608,50.8129,0.544378,-0.120481,0.167818
79.4,0.949636,0.03119,0.0442548,-0.308642,0.463547,-0.0420094,-0.678358,-1.39771,-7.92331,0.358922,0.402239,0.0102144,-0.0941058,50.5618,0.514728,-0.195606,0.276309
79.42,0.947862,0.0342172,0.042354,-0.313997,0.398958,-0.155922,-0.549464,-1.39076,-7.92315,0.35697,0.427408,0.0142092,-0.0865135,45.2961,0.518441,-0.162204,0.25325
79.44,0.947135,0.0354203,0.0409963,-0.316229,0.369038,-0.233059,-0.48152,-1.38712,-7.92304,0.356044,0.438444,0.0167956,-0.0841711,49.2472,0.545555,-0.0514463,0.0785813
79.46,0.945624,0.0379997,0.0352498,-0.321105,0.303336,-0.423056,-0.254989,-1.37567,-7.92259,0.353454,0.464773,0.0253969,-0.0750595,51.0842,0.546558,-0.0750299,0.128293
79.48,0.945315,0.0385878,0.0330182,-0.322182,0.279306,-0.430863,-0.209517,-1.37168,-7.9224,0.352648,0.475898,0.0269994,-0.0732246,50.5756,0.557671,-0.0919319,0.141382
79.5,0.944718,0.0396217,0.0271425,-0.324349,0.16933,-0.349733,-0.118659,-1.35913,-7.92173,0.350345,0.504132,0.0363727,-0.0693955,48.7281,0.529096,-0.133238,0.227523
79.52,0.944126,0.0397692,0.0226555,-0.326391,0.0963873,-0.291031,-0.151101,-1.34505,-7.92032,0.347878,0.524591,0.0569792,-0.0753309,50.7952,0.547147,-0.0942161,0.190877
79.54,0.943641,0.0394529,0.0204179,-0.327975,0.0389378,-0.234614,-0.178279,-1.33591,-7.91902,0.346174,0.53179,0.0726576,-0.0828974,49.6955,0.549447,0.0178252,0.0180374
79.56,0.943135,0.0386714,0.0192633,-0.32959,-0.0827473,-0.109862,-0.182093,-1.32663,-7.91747,0.344339,0.538677,0.087846,-0.090866,43.2674,0.557203,0.00586409,0.0301975
79.58,0.942661,0.0371791,0.0198266,-0.331081,-0.231613,0.0589201,-0.161159,-1.3172,-7.91568,0.3424,0.547121,0.101461,-0.096752,48.0112,0.524417,-0.178425,0.293445
79.6,0.942138,0.0338179,0.0238122,-0.332663,-0.387646,0.267982,-0.108862,-1.3026,-7.91248,0.33929,0.563538,0.11832,-0.104973,47.2689,0.55883,-0.047111,0.136917
79.62,0.942032,0.0325311,0.0257399,-0.33295,-0.416406,0.323674,-0.0843445,-1.29672,-7.91106,0.338038,0.571007,0.123093,-0.106901,48.8394,0.564836,-0.0510383,0.122077
79.64,0.941691,0.0284673,0.0328169,-0.333664,-0.485625,0.440584,-0.0924339,-1.28117,-7.90724,0.334684,0.594127,0.12866,-0.111338,51.138,0.535847,-0.154102,0.28565
79.66,0.941509,0.0269515,0.0356301,-0.334015,-0.525197,0.4867,-0.119704,-1.27584,-7.90595,0.333549,0.603011,0.129863,-0.112371,45.8454,0.547589,-0.0287614,0.121358
79.68,0.940182,0.0202625,0.0467043,-0.336847,-0.545106,0.40759,-0.251105,-1.25379,-7.90077,0.328914,0.633843,0.132121,-0.120494,48.2701,0.558365,-0.0236237,0.118166
79.7,0.939304,0.0169441,0.0512327,-0.338815,-0.481291,0.322909,-0.269184,-1.24238,-7.89824,0.326505,0.646847,0.128338,-0.124494,46.794,0.548616,0.0404521,0.0495094
79.72,0.9384,0.0140446,0.0549966,-0.340856,-0.401103,0.25837,-0.264067,-1.23049,-7.89551,0.324024,0.661486,0.123634,-0.124643,47.8992,0.520222,-0.218894,0.385984
79.74,0.937959,0.0128061,0.0566434,-0.341848,-0.360182,0.244859,-0.251793,-1.22346,-7.89401,0.322613,0.669227,0.120561,-0.122308,50.3519,0.54378,-0.161609,0.315894
79.76,0.937096,0.0107757,0.059313,-0.343828,-0.270862,0.190574,-0.252009,-1.21118,-7.89145,0.320232,0.682613,0.117087,-0.117407,48.9868,0.545827,-0.0803947,0.210076
79.78,0.935282,0.00812882,0.0616298,-0.348401,-0.10095,-0.0108096,-0.306953,-1.18623,-7.88645,0.315959,0.690087,0.121039,-0.094027,50.1702,0.557297,-0.0171914,0.108866
79.8,0.93478,0.00773519,0.0615481,-0.349768,-0.0433413,-0.0561814,-0.331789,-1.17998,-7.88519,0.315064,0.689701,0.122388,-0.0849769,45.2243,0.551055,0.0424137,0.0193649
79.82,0.933116,0.00702796,0.0602184,-0.354428,0.0377153,-0.133175,-0.388584,-1.1609,-7.88101,0.312758,0.695684,0.127694,-0.061272,49.3879,0.497787,-0.228844,0.424741
79.84,0.931837,0.00675942,0.058722,-0.358031,0.0584975,-0.178743,-0.433257,-1.14704,-7.87783,0.311535,0.694027,0.137658,-0.0417834,49.0117,0.530876,-0.105831,0.267207
79.86,0.929799,0.00612324,0.0563737,-0.363674,0.0238067,-0.147536,-0.430725,-1.12792,-7.87308,0.310465,0.68944,0.149904,-0.0144187,47.4143,0.534702,-0.0287955,0.14538
79.88,0.929133,0.00591421,0.0558198,-0.365459,0.0157693,-0.120432,-0.416836,-1.12157,-7.87146,0.310264,0.688442,0.1519,-0.00848122,48.08,0.541848,-0.102444,0.231881
79.9,0.927867,0.00559105,0.0553084,-0.368744,0.00703984,-0.0371209,-0.375285,-1.10891,-7.86822,0.309997,0.686193,0.153715,-0.000536202,48.3969,0.509727,-0.152439,0.302624
79.92,0.926744,0.00552304,0.0551748,-0.371579,0.0276263,-0.00861665,-0.311828,-1.09633,-7.86498,0.309832,0.680733,0.153891,0.00122465,47.5073,0.496884,-0.189406,0.38697
79.94,0.925083,0.00656262,0.0549235,-0.375715,0.0847741,0.0152616,-0.191633,-1.07021,-7.85779,0.309604,0.663761,0.155043,0.00257719,49.5231,0.535557,-0.0546047,0.211424
79.96,0.92479,0.00688791,0.0548148,-0.376447,0.0774547,0.00674039,-0.153094,-1.06406,-7.85606,0.309563,0.656402,0.156524,0.00165137,48.9618,0.525881,-0.0949947,0.2855
79.98,0.924338,0.00763583,0.0546249,-0.377567,0.0917174,0.00960247,-0.105656,-1.05201,-7.85259,0.309493,0.638084,0.158062,0.00280331,47.1647,0.537872,0.0284799,0.0654731
80,0.924083,0.00848194,0.0545219,-0.378188,0.109629,0.0236782,-0.0437182,-1.04031,-7.84915,0.309461,0.618142,0.157965,0.00498039,49.8822,0.540132,-0.0038665,0.0907988
80.02,0.923993,0.0100684,0.0547244,-0.37834,0.10181,0.0835063,0.020948,-1.02322,-7.84389,0.309617,0.588312,0.157809,0.0156398,48.1295,0.529301,-0.0376639,0.161124
80.04,0.924058,0.0118788,0.0556663,-0.37799,0.101635,0.136162,0.0522089,-1.00688,-7.83862,0.310317,0.559004,0.15709,0.0411422,51.0436,0.521892,-0.0714775,0.171527
80.06,0.924124,0.0125607,0.0561397,-0.377738,0.0932963,0.164189,0.0805947,-1.00078,-7.83668,0.310778,0.550551,0.153801,0.0502967,46.8805,0.513787,-0.116244,0.236545
80.08,0.924425,0.0151838,0.0578089,-0.376652,0.162877,0.194585,0.108931,-0.985124,-7.83173,0.312438,0.530317,0.141913,0.0724798,46.2466,0.531758,-0.080045,0.188208
80.1,0.924534,0.0162835,0.0581884,-0.37628,0.18768,0.168394,0.0934456,-0.980125,-7.83019,0.313103,0.524183,0.138685,0.0780733,48.5192,0.503847,-0.120472,0.281455
80.12,0.924656,0.0211318,0.059084,-0.375598,0.259684,0.116469,0.0165395,-0.960494,-7.82427,0.316327,0.507195,0.125633,0.0950935,47.8936,0.504633,-0.0375667,0.11228
80.14,0.924487,0.0239224,0.058986,-0.375862,0.318518,0.0856971,-0.0278963,-0.950907,-7.82151,0.318195,0.49716,0.116538,0.0983219,51.1067,0.515681,-0.0868191,0.219686
80.16,0.924151,0.0269755,0.0583656,-0.376577,0.36966,0.0402291,-0.0922173,-0.941514,-7.81894,0.320039,0.488308,0.11017,0.0937074,52.0265,0.50871,-0.0883374,0.198744
80.18,0.923896,0.0284712,0.057879,-0.377167,0.348251,0.0232142,-0.117952,-0.936882,-7.81769,0.320926,0.485409,0.108563,0.0908244,50.2804,0.529036,-0.0630461,0.160049
80.2,0.922881,0.0323988,0.0561388,-0.37959,0.302379,-0.0287666,-0.183502,-0.923233,-7.8141,0.323458,0.471562,0.103679,0.0846507,48.5028,0.511338,-0.0177714,0.0543856
80.22,0.921932,0.0353439,0.0540428,-0.381931,0.245577,-0.0836243,-0.146222,-0.909383,-7.81063,0.326161,0.450671,0.0917956,0.0803178,47.5694,0.514578,-0.0227418,0.0720578
80.24,0.921686,0.0360451,0.0534134,-0.382548,0.195649,-0.0715841,-0.12655,-0.905133,-7.80961,0.327031,0.444057,0.0884334,0.0803772,47.6709,0.499456,-0.129409,0.264293
80.26,0.921157,0.037236,0.0517455,-0.383935,0.0919524,-0.0895422,-0.0796387,-0.892783,-7.80676,0.32968,0.424104,0.078679,0.0845577,50.5427,0.507518,-0.0906522,0.196406
80.28,0.921034,0.037361,0.0506581,-0.384364,0.0494608,-0.128501,-0.0224235,-0.884878,-7.80505,0.331542,0.407218,0.071478,0.0924222,50.0064,0.5088,-0.0630647,0.145894
80.3,0.921254,0.0369764,0.048037,-0.384209,0.0260484,-0.220842,0.0415014,-0.873713,-7.80278,0.334594,0.377984,0.0599211,0.106034,47.6302,0.503814,-0.0977132,0.181614
80.32,0.921365,0.0365967,0.0471697,-0.384085,-0.015894,-0.217603,0.0359596,-0.870195,-7.80214,0.335774,0.369242,0.0573776,0.113558,51.4012,0.498682,-0.130797,0.247656
80.34,0.921604,0.0343423,0.0447592,-0.384008,-0.129398,-0.248963,0.00415629,-0.859583,-7.80025,0.339909,0.34336,0.0540084,0.140043,49.9549,0.485012,-0.0964924,0.191021
80.36,0.92168,0.0332453,0.0440364,-0.384007,-0.168705,-0.24081,0.00829723,-0.856381,-7.79968,0.341386,0.335917,0.0527746,0.151527,48.2667,0.51133,-0.0876591,0.153439
80.38,0.922361,0.0282302,0.0409542,-0.383114,-0.211445,-0.289476,0.106261,-0.844315,-7.79765,0.348363,0.306232,0.0432005,0.202157,47.9321,0.489854,-0.0968206,0.181873
80.4,0.922922,0.0253216,0.0386771,-0.382201,-0.21465,-0.402809,0.120347,-0.838709,-7.79687,0.35258,0.296444,0.0448192,0.226569,49.9583,0.470675,-0.14679,0.253221
80.42,0.923239,0.0237303,0.0370341,-0.3817,-0.187065,-0.502932,0.130655,-0.836005,-7.79653,0.354874,0.290835,0.0471809,0.238045,51.2882,0.479084,-0.0717954,0.125715
80.44,0.923941,0.0204888,0.0324696,-0.380603,-0.124329,-0.668436,0.157503,-0.830319,-7.79573,0.360147,0.279826,0.0492753,0.266712,50.6241,0.460582,-0.146474,0.287593
80.46,0.925655,0.014695,0.0200213,-0.377552,0.0276312,-0.82769,0.218532,-0.820413,-7.79434,0.3717,0.256164,0.0483065,0.336026,49.7978,0.449372,-0.0989611,0.154776
80.48,0.926433,0.012272,0.0119879,-0.37607,0.109905,-0.979851,0.180229,-0.815821,-7.79357,0.378271,0.243264,0.0561636,0.359478,51.0846,0.448158,-0.0220043,0.0218355
80.5,0.926911,0.00987249,0.00265768,-0.375141,0.140348,-1.07184,0.0866872,-0.811608,-7.79284,0.385258,0.227563,0.0598401,0.372274,51.6503,0.469292,0.00370754,-0.00723785
80.52,0.926862,0.00689668,-0.00543449,-0.375301,-0.096948,-0.824296,-0.0812023,-0.807883,-7.79243,0.39218,0.196812,0.0325121,0.336166,51.356,0.454441,-0.0512084,0.0719931
80.54,0.926529,0.00486924,-0.00789953,-0.37611,-0.246114,-0.635924,-0.223564,-0.806325,-7.79251,0.395189,0.162874,0.00258174,0.280236,50.9166,0.467824,-0.178673,0.258684
80.56,0.925247,-0.00108026,-0.00913685,-0.379254,-0.686031,-0.270185,-0.434134,-0.804162,-7.79362,0.39944,0.0672145,-0.0708001,0.113328,49.761,0.487895,-0.185155,0.285545
80.58,0.923021,-0.00996363,-0.00763985,-0.384545,-0.532363,-0.141017,-0.341861,-0.803594,-7.79694,0.401532,0.0103552,-0.116525,0.0272848,47.0812,0.50539,-0.138406,0.163665
80.6,0.921906,-0.0152265,-0.00845212,-0.387022,-0.254049,-0.248494,-0.0884242,-0.803128,-7.80092,0.403432,0.0351698,-0.130344,0.0734453,50.6486,0.47257,-0.225882,0.299516
80.62,0.921851,-0.0165843,-0.00900881,-0.387084,-0.243844,-0.224756,0.0121023,-0.803024,-7.80248,0.404473,0.0362406,-0.12774,0.0871461,51.6229,0.486937,-0.212402,0.264833
80.64,0.922329,-0.0210646,-0.00950864,-0.385715,-0.309294,-0.0835502,0.156195,-0.802829,-7.80674,0.407857,0.0192671,-0.0983318,0.0840967,48.2224,0.497577,-0.174099,0.259271
80.66,0.922676,-0.0230714,-0.00866498,-0.384788,-0.217024,0.05313,0.0916884,-0.803076,-7.80909,0.409709,-0.00324336,-0.0646966,0.049971,51.6757,0.525763,-0.0423445,0.00793951
80.68,0.922738,-0.0243382,-0.00694936,-0.384595,-0.202841,0.142836,-6.76228e-06,-0.803635,-7.81068,0.411036,-0.0147154,-0.0312541,0.035412,49.9627,0.483372,-0.230174,0.275707
80.7,0.922561,-0.0252324,-0.00312108,-0.385013,-0.116741,0.288643,-0.0115053,-0.804579,-7.81201,0.412724,-0.011684,0.00934308,0.0328496,51.0553,0.51655,-0.155848,0.16024
80.72,0.922641,-0.0248355,-0.000365813,-0.384859,-0.0571565,0.31036,0.0603625,-0.805609,-7.81279,0.413726,-0.00056073,0.0267459,0.0323244,51.4311,0.479008,-0.213723,0.274214
80.74,0.923016,-0.0236691,0.00348362,-0.384018,-0.0123151,0.293445,0.069466,-0.806648,-7.81355,0.415221,0.0214879,0.0318067,0.0289169,51.738,0.529137,-0.122102,0.131513
80.76,0.923081,-0.02334,0.00457387,-0.38387,-0.0214804,0.243134,0.0344375,-0.806796,-7.81375,0.41573,0.0309563,0.0284926,0.0285195,50.5647,0.501334,-0.195601,0.231356
80.78,0.923004,-0.0226449,0.00607342,-0.384076,0.0108161,0.144266,-0.0424254,-0.806939,-7.81433,0.416685,0.0449034,0.0171642,0.0287402,51.729,0.504774,-0.1341,0.115872
80.8,0.922779,-0.0218938,0.00686397,-0.384646,0.0333966,0.0857005,-0.065266,-0.806788,-7.81513,0.417615,0.0603263,0.00157967,0.028027,48.2081,0.497288,-0.162077,0.215127
80.82,0.922566,-0.021413,0.00674286,-0.385185,0.0277875,-0.0573672,0.0111421,-0.806621,-7.81792,0.419324,0.0823676,-0.031011,0.0321573,52.7002,0.434213,-0.292756,0.396909
80.84,0.922616,-0.0215033,0.00603686,-0.385071,0.0181197,-0.0842628,0.0241216,-0.806387,-7.81972,0.420147,0.0878618,-0.0430524,0.0323288,50.9816,0.45491,-0.25878,0.369513
80.86,0.922629,-0.0218734,0.00505585,-0.385034,0.0197325,-0.124694,-0.0045273,-0.805905,-7.82172,0.421062,0.0888552,-0.0508048,0.0393384,47.2567,0.497651,-0.1385,0.177242
80.88,0.922551,-0.0222352,0.00393728,-0.385214,0.0296909,-0.122777,-0.0209826,-0.805485,-7.82369,0.421931,0.0895629,-0.0541867,0.0391034,48.5198,0.487462,-0.170121,0.240822
80.9,0.922447,-0.0226634,0.00286614,-0.385448,0.00808167,-0.125282,-0.023663,-0.805004,-7.82567,0.422776,0.09045,-0.0548277,0.038654,48.553,0.448094,-0.260215,0.366291
80.92,0.9224,-0.0231807,0.00124078,-0.385538,0.0226551,-0.113084,0.0160166,-0.80482,-7.82863,0.42379,0.0898959,-0.0517264,0.0322157,49.9471,0.502449,-0.159807,0.213242
80.94,0.922409,-0.0233088,0.000762431,-0.385511,0.0222272,-0.100075,0.012682,-0.804846,-7.82959,0.424087,0.0874769,-0.0508099,0.036599,48.9663,0.448026,-0.267884,0.358264
80.96,0.922402,-0.0235465,-0.000431658,-0.385512,0.0276352,-0.078861,-0.00330597,-0.804928,-7.83232,0.424944,0.0815127,-0.0443137,0.0295667,51.418,0.503248,-0.138338,0.164404
80.98,0.922369,-0.0236017,-0.000986921,-0.385588,0.0324454,-0.0458755,-0.00296682,-0.804891,-7.83407,0.425549,0.0750594,-0.0417255,0.0320336,48.9141,0.44344,-0.249668,0.366439
81,0.922309,-0.0236471,-0.00141201,-0.385727,0.00851393,-0.0235135,-0.00486314,-0.805084,-7.83645,0.426329,0.0673758,-0.0372448,0.0285221,46.2157,0.529343,-0.0820649,0.0621748
81.02,0.922301,-0.0235955,-0.00144728,-0.38575,0.0258111,0.00459746,-0.000658577,-0.805446,-7.83722,0.426488,0.0628794,-0.0377159,0.0325647,51.2802,0.468346,-0.247346,0.314662
81.04,0.922283,-0.0236132,-0.0013157,-0.385792,-0.0201414,0.00960129,0.00788594,-0.806561,-7.83947,0.426924,0.0567128,-0.0363204,0.0262172,51.6766,0.482006,-0.212141,0.275731
81.06,0.922266,-0.0236113,-0.00122702,-0.385832,0.00448529,0.0249305,-0.0019646,-0.806932,-7.8402,0.427078,0.053659,-0.0370056,0.0318737,48.1685,0.475976,-0.169266,0.234759
81.08,0.922164,-0.023656,-0.000727392,-0.386075,-0.020266,0.0201092,-0.0175599,-0.808278,-7.84312,0.427753,0.0509508,-0.0369908,0.0286387,45.0665,0.475008,-0.201747,0.244852
81.1,0.922112,-0.0236521,-0.000454078,-0.3862,-0.0130831,0.0243244,-0.0132406,-0.809125,-7.8445,0.427963,0.0504052,-0.0375765,0.0261683,52.2658,0.490462,-0.220683,0.283256
81.12,0.922087,-0.0235881,-0.000301563,-0.386264,0.00699792,0.0421164,-0.0072665,-0.809624,-7.84518,0.428026,0.0491905,-0.0389373,0.0286982,49.59,0.496289,-0.209462,0.24748
81.14,0.922041,-0.0236469,2.91681e-05,-0.38637,-0.023812,0.00790968,0.00260887,-0.810984,-7.84719,0.428212,0.0517287,-0.0393982,0.0254241,50.6355,0.491952,-0.224986,0.303165
81.16,0.922012,-0.0236616,0.000252461,-0.386438,0.00330559,0.0123932,-0.00168713,-0.812121,-7.8492,0.428433,0.0525386,-0.0430164,0.0292846,48.5005,0.458036,-0.270727,0.368264
81.18,0.921993,-0.0237108,0.000295571,-0.38648,-0.00127089,-0.00153441,-0.00578643,-0.812757,-7.85055,0.428595,0.0539881,-0.044725,0.0295469,52.017,0.4862,-0.215261,0.280432
81.2,0.921977,-0.023663,0.0002871,-0.386521,0.00387139,-0.0101394,-0.00716664,-0.813042,-7.85123,0.428678,0.0556943,-0.0448186,0.024079,48.7686,0.510896,-0.146637,0.178437
81.22,0.921901,-0.0237491,0.000183466,-0.386696,-0.00761009,-0.0203106,-0.0122569,-0.814087,-7.85324,0.428762,0.0560282,-0.0468377,0.0234682,51.1069,0.479116,-0.203533,0.259041
81.24,0.921877,-0.0237114,0.000132333,-0.386757,0.0159872,-0.0125148,-0.0074139,-0.814506,-7.85386,0.428752,0.054977,-0.0483342,0.0266401,49.4125,0.496713,-0.139902,0.169411
81.26,0.921843,-0.0237514,-6.93074e-06,-0.386835,0.023323,-0.00965253,-0.00335269,-0.815278,-7.8551,0.428718,0.0551798,-0.0498314,0.0267792,47.8384,0.516454,-0.0792366,0.0621339
81.28,0.921808,-0.0238627,-0.00021185,-0.386911,-0.00796964,-0.0282617,-0.00682528,-0.816299,-7.85698,0.428696,0.0556443,-0.0499543,0.0210265,50.6976,0.497005,-0.156661,0.216335
81.3,0.921756,-0.0239568,-0.000413465,-0.38703,-0.00154879,-0.0136809,-0.00738767,-0.817171,-7.85885,0.428708,0.0538461,-0.0515024,0.025684,51.3454,0.520102,-0.0882267,0.0935696
81.32,0.921721,-0.0240062,-0.000499819,-0.387109,0.00640715,-0.0124649,-0.00719861,-0.818037,-7.85992,0.428494,0.053337,-0.0508153,0.024523,49.0448,0.48499,-0.222924,0.288434
81.34,0.921707,-0.024055,-0.000560908,-0.387139,-0.0135482,-0.0130713,0.00654348,-0.81883,-7.86097,0.428294,0.0527998,-0.0504175,0.0236574,50.9936,0.496024,-0.188522,0.25471
81.36,0.921687,-0.0240065,-0.000594149,-0.38719,0.0172562,0.00319436,0.00154056,-0.81982,-7.86261,0.428052,0.0512627,-0.0501276,0.0225422,49.6226,0.469049,-0.251761,0.318659
81.38,0.921678,-0.0240585,-0.000582947,-0.387208,-0.0197355,-0.00600867,-0.00333389,-0.820145,-7.86312,0.427967,0.0518155,-0.0491905,0.0178714,48.7591,0.448333,-0.28963,0.38906
81.4,0.921646,-0.0240711,-0.000540237,-0.387283,0.0120602,0.00555083,0.0014864,-0.82103,-7.86467,0.427759,0.0493055,-0.0505772,0.0225758,46.8697,0.492963,-0.159281,0.197713
81.42,0.921612,-0.0240479,-0.000465833,-0.387367,-0.00356032,0.0065718,0.00531651,-0.822342,-7.86589,0.427321,0.0489969,-0.0501851,0.0159963,51.4644,0.510481,-0.145931,0.204606
81.44,0.921591,-0.0240477,-0.000394745,-0.387417,0.00233234,0.0117043,0.000233521,-0.823126,-7.86671,0.427057,0.048486,-0.0504922,0.015267,45.9061,0.484564,-0.225951,0.303074
81.46,0.921578,-0.0241281,-0.000377795,-0.387443,-0.0173222,-0.00563784,-4.53202e-05,-0.823485,-7.86713,0.426927,0.0484315,-0.0514993,0.020738,50.7523,0.484413,-0.242054,0.305989
81.48,0.921547,-0.0241186,-0.000233586,-0.387517,0.0111623,0.0153675,-0.00221092,-0.824385,-7.86846,0.426632,0.0477728,-0.0517383,0.0200434,51.7519,0.509288,-0.177534,0.213655
81.5,0.921538,-0.0241922,-0.00023829,-0.387535,-0.0280609,-0.0138321,0.00149775,-0.824673,-7.86889,0.426524,0.0491798,-0.0507792,0.0153109,47.1716,0.473256,-0.214482,0.313262
81.52,0.921514,-0.0241625,-0.000191727,-0.387593,-0.00920725,-0.00433421,-0.000664719,-0.825201,-7.86974,0.42634,0.0487509,-0.0509246,0.0145849,44.9516,0.494048,-0.16139,0.200678
81.54,0.921471,-0.0241321,-0.000118401,-0.387698,0.00260594,0.00096744,0.00123712,-0.826548,-7.87094,0.42563,0.0488755,-0.051141,0.0129719,52.0584,0.507301,-0.194445,0.228126
81.56,0.921454,-0.024189,-0.000126334,-0.387733,-0.00648609,-0.0069967,-0.00773093,-0.826833,-7.87125,0.425466,0.0483357,-0.0523911,0.0187051,51.57,0.459651,-0.29111,0.37893
81.58,0.921428,-0.0241484,-0.000117804,-0.387798,0.0144588,0.00595924,-0.00593467,-0.827515,-7.8723,0.425046,0.0483897,-0.0527754,0.0163104,51.9555,0.485196,-0.265113,0.340059
81.6,0.921412,-0.0241532,-0.000128072,-0.387836,0.0126866,0.00363499,0.00247729,-0.827928,-7.87297,0.424771,0.0479186,-0.0530066,0.0161833,51.7599,0.386256,-0.356962,0.513112
81.62,0.921372,-0.0242292,-0.000148946,-0.387925,-0.0187604,-0.0141425,-0.00291435,-0.82869,-7.87374,0.424213,0.0493104,-0.0518467,0.0115928,49.0977,0.421902,-0.319319,0.445296
81.64,0.921352,-0.0242307,-0.000170031,-0.387974,-0.00644748,-0.0168037,0.000959444,-0.829196,-7.87419,0.423821,0.0488632,-0.0519659,0.010783,48.9914,0.423835,-0.324517,0.434759
81.66,0.921323,-0.0242208,-0.000184506,-0.388043,0.00747914,-0.00460369,-0.00826014,-0.829642,-7.87466,0.423456,0.0485267,-0.0521931,0.00995237,48.4507,0.480227,-0.242107,0.30872
81.68,0.921309,-0.024308,-0.000174594,-0.38807,-0.00520413,-0.00637896,-0.00608331,-0.829837,-7.87491,0.423283,0.0478559,-0.0529217,0.0156907,52.1166,0.50565,-0.161158,0.1937
81.7,0.921281,-0.0242937,-0.000159777,-0.388139,0.00309125,-8.50175e-05,6.16729e-05,-0.830271,-7.87575,0.422839,0.0470948,-0.0526684,0.0132001,49.1588,0.476447,-0.223709,0.276903
81.72,0.921247,-0.0243714,-0.000144221,-0.388213,-0.0161403,-0.00733364,-0.00988657,-0.830824,-7.87625,0.422175,0.0478368,-0.0512155,0.0097151,47.2435,0.483883,-0.220639,0.275893
81.74,0.921238,-0.024346,-0.000138263,-0.388238,0.014604,0.00900588,-0.00119324,-0.831007,-7.87638,0.421941,0.0464864,-0.0518689,0.012825,51.9605,0.467634,-0.262533,0.368499
81.76,0.921205,-0.0244003,-0.000111331,-0.388312,-0.0204197,-0.00978773,-0.00113173,-0.831464,-7.87681,0.421247,0.0479982,-0.0514597,0.00827217,49.0945,0.416827,-0.33459,0.487315
81.78,0.92119,-0.0244221,-0.000101266,-0.388347,-0.000117254,0.00794992,-0.00809294,-0.831583,-7.87697,0.421038,0.0467958,-0.0524328,0.0132168,47.1292,0.483502,-0.211988,0.244744
81.8,0.921156,-0.0244792,-9.42347e-05,-0.388423,-0.00757872,-0.0113162,-0.00235499,-0.831848,-7.87776,0.420249,0.048423,-0.0514117,0.00985428,49.8899,0.476819,-0.267011,0.364846
81.82,0.921136,-0.0245012,-6.35138e-05,-0.388469,-0.0139028,-0.0141992,0.00219524,-0.832137,-7.87785,0.419686,0.0482993,-0.0510838,0.00803849,47.348,0.479719,-0.228548,0.276327
81.84,0.921119,-0.0244963,-4.81718e-05,-0.38851,-0.0133632,-0.011684,-0.00124099,-0.832365,-7.87798,0.419142,0.0483709,-0.0509648,0.00719993,49.6494,0.476625,-0.247116,0.338651
81.86,0.921102,-0.0244352,-4.12685e-05,-0.388553,0.0225436,0.0118384,-0.00276124,-0.832459,-7.87806,0.418895,0.0467975,-0.0517776,0.00980318,50.3771,0.49868,-0.162526,0.163269
81.88,0.921075,-0.024447,-4.38736e-05,-0.388618,-0.0138573,-0.00538214,-0.00422755,-0.832653,-7.87833,0.418148,0.0485808,-0.0501309,0.00494849,51.2268,0.469568,-0.226079,0.28542
81.9,0.921048,-0.0244674,-3.63207e-05,-0.38868,-0.0131019,-0.00841634,-0.000854308,-0.832712,-7.87855,0.417689,0.0487324,-0.0503584,0.00484692,52.1532,0.449125,-0.300596,0.411945
81.92,0.921017,-0.0245247,-4.7364e-05,-0.388751,-0.0141814,-0.00720062,-0.00109877,-0.832915,-7.87872,0.416891,0.047608,-0.0496407,0.00693042,50.7677,0.486583,-0.195818,0.26052
81.94,0.920992,-0.0245239,-5.09505e-05,-0.38881,-0.0174774,-0.00892554,-0.00818623,-0.833127,-7.87874,0.416347,0.0475724,-0.0492418,0.00642351,47.1443,0.491847,-0.188016,0.224574
81.96,0.92097,-0.0245306,-4.61181e-05,-0.38886,-0.023403,-0.0119202,-0.00483311,-0.833282,-7.87879,0.415831,0.0479167,-0.048816,0.00496215,47.0707,0.491499,-0.190835,0.217339
81.98,0.920954,-0.0244945,-4.08874e-05,-0.3889,-0.0114178,-0.0099231,0.00440231,-0.833377,-7.87887,0.415337,0.0483294,-0.048786,0.00379202,49.7534,0.512424,-0.148897,0.169079
82,0.920921,-0.0244593,-4.26855e-05,-0.388981,0.012184,0.00850578,-0.00326211,-0.833414,-7.87906,0.414653,0.046668,-0.0497175,0.00687194,48.2499,0.466335,-0.261435,0.371573
82.02,0.920899,-0.0244541,-4.86228e-05,-0.389033,0.00934827,3.93926e-05,-0.00779048,-0.833713,-7.87898,0.4141,0.0463192,-0.0496079,0.00702367,47.5386,0.439953,-0.289763,0.381156
82.04,0.920873,-0.0244518,-5.30373e-05,-0.389094,-0.00193677,-0.00409933,-0.00440738,-0.833886,-7.87901,0.413569,0.0472564,-0.0486152,0.00481045,51.7804,0.456299,-0.271993,0.339693
82.06,0.920843,-0.0243869,-5.81678e-05,-0.38917,0.0167037,0.00734882,0.000906211,-0.834139,-7.87903,0.412853,0.0468349,-0.0491755,0.0040112,51.0505,0.466604,-0.259858,0.339453
82.08,0.920832,-0.0244659,-5.52881e-05,-0.389192,-0.0205576,-0.00544401,-0.000552248,-0.834191,-7.87906,0.412608,0.0481703,-0.048121,0.00306491,51.8809,0.499268,-0.184825,0.246781
82.1,0.920813,-0.0244439,-4.14011e-05,-0.389238,-0.0127511,-0.00304727,-0.007593,-0.834254,-7.87914,0.412163,0.0484704,-0.0478844,0.00172811,50.4693,0.475057,-0.234874,0.300666
82.12,0.920794,-0.024457,-3.39158e-05,-0.389283,-0.0137502,-0.0104434,-0.00337497,-0.834267,-7.87925,0.41173,0.0482207,-0.0482471,0.000896567,49.2184,0.504405,-0.157791,0.170074
82.14,0.920757,-0.0244963,1.8034e-05,-0.389366,-0.00591411,0.0036971,-0.00435825,-0.834646,-7.87916,0.410864,0.0467033,-0.0487712,0.00440315,50.1188,0.488149,-0.199777,0.272091
82.16,0.920731,-0.0244985,3.03498e-05,-0.389429,0.00201515,-0.00240907,-0.00940726,-0.834754,-7.87922,0.410322,0.0479527,-0.048005,0.00308128,49.6297,0.464031,-0.269626,0.336516
82.18,0.920699,-0.0244098,4.5471e-05,-0.38951,0.0138879,0.00328714,-0.00916012,-0.834918,-7.87928,0.409565,0.0469685,-0.0480931,0.000812306,46.8227,0.482776,-0.246716,0.302884
82.2,0.920693,-0.0244679,5.07927e-05,-0.38952,-0.0131614,-0.00448163,-0.00428528,-0.834944,-7.87932,0.409304,0.0481132,-0.0472888,0.000724643,47.8534,0.488196,-0.202158,0.273996
82.22,0.920665,-0.0244108,6.80341e-05,-0.38959,0.017286,0.0141248,0.00151983,-0.835098,-7.87938,0.408539,0.0463025,-0.0481176,0.0013388,48.2948,0.453772,-0.275532,0.378889
82.24,0.920636,-0.0244312,6.80417e-05,-0.389657,-0.00597384,-0.012585,0.00685806,-0.835417,-7.87932,0.407657,0.0478299,-0.0464388,-0.00163424,50.1568,0.461864,-0.277358,0.372581
82.26,0.920622,-0.0244423,7.49176e-05,-0.38969,0.0029207,0.00219309,-0.00285362,-0.835419,-7.87939,0.407395,0.0476041,-0.0471478,0.00174277,51.373,0.444883,-0.29799,0.389809
82.28,0.920594,-0.0244742,7.46834e-05,-0.389755,-0.00748179,0.00326376,-0.0111456,-0.835529,-7.87942,0.406866,0.0474507,-0.0466592,0.00155606,48.9376,0.497312,-0.196679,0.268832
82.3,0.920518,-0.0245316,0.000126181,-0.389928,-0.0193209,-0.00227699,-0.00943534,-0.835736,-7.87947,0.405829,0.0462705,-0.045955,-0.000553722,49.6158,0.472651,-0.245199,0.319533
82.32,0.920489,-0.0245547,0.000181937,-0.389996,-0.0180636,-0.00731514,-0.00584554,-0.835959,-7.87939,0.405251,0.0461833,-0.0454007,-0.00240811,52.1095,0.49603,-0.19654,0.245377
82.34,0.920491,-0.0245065,0.000211496,-0.389994,0.0221144,0.0184853,0.000582896,-0.836052,-7.87936,0.404982,0.0451642,-0.0459335,-0.00208714,51.1798,0.470908,-0.238405,0.306881
82.36,0.920504,-0.0245547,0.000278894,-0.38996,0.00645671,0.0102203,0.00565204,-0.836189,-7.87933,0.404434,0.0453629,-0.0457268,-0.00198813,49.232,0.458616,-0.251765,0.342745
82.38,0.920495,-0.0246006,0.000302143,-0.38998,0.00304058,0.00688125,-0.00489097,-0.836189,-7.8794,0.403883,0.0465721,-0.0455579,-0.000960394,46.4661,0.485597,-0.174566,0.207452
82.4,0.920467,-0.0245965,0.0003047,-0.390046,0.00727941,-0.0027193,-0.00993139,-0.836183,-7.87948,0.40336,0.0477629,-0.0448584,-0.00456373,49.7684,0.453619,-0.281874,0.381109
82.42,0.920428,-0.0245995,0.000310268,-0.390139,-0.0125614,-0.00611965,-0.0113952,-0.836143,-7.87957,0.402859,0.0477187,-0.0452236,-0.00433228,48.0842,0.455992,-0.250618,0.366209
82.44,0.920397,-0.0245622,0.000320554,-0.390212,0.0172882,0.00921187,0.00459964,-0.836396,-7.87939,0.402028,0.0459225,-0.0458389,-0.00470849,50.8221,0.477732,-0.245299,0.315389
82.46,0.9204,-0.0246454,0.000311767,-0.390201,-0.017446,-0.012374,0.00193044,-0.836524,-7.87932,0.401212,0.0482126,-0.0450088,-0.0078045,50.0784,0.506233,-0.204778,0.24582
82.48,0.920399,-0.02462,0.000310113,-0.390204,0.0150412,0.00584455,0.00514066,-0.836535,-7.87932,0.400966,0.0468909,-0.0458041,-0.00396375,50.5486,0.456511,-0.297883,0.398485
82.5,0.920358,-0.0246618,0.000197131,-0.3903,0.00192588,-0.010876,-0.00367364,-0.836569,-7.87927,0.399984,0.0487359,-0.0447943,-0.00399932,51.708,0.485253,-0.221366,0.289958
82.52,0.920339,-0.0246265,0.000189865,-0.390345,0.00446389,-0.00448751,-0.00161562,-0.836579,-7.87927,0.399753,0.0489569,-0.0448608,-0.00724151,46.3351,0.508368,-0.191006,0.238131
82.54,0.920297,-0.0246893,8.99966e-05,-0.39044,-0.014326,-0.0133373,-0.00371614,-0.836732,-7.87912,0.399052,0.0493216,-0.0440831,-0.0069206,49.3489,0.488227,-0.217744,0.286831
82.56,0.920296,-0.0246501,7.05736e-05,-0.390446,0.0175327,0.00238618,0.00411866,-0.836761,-7.8791,0.398844,0.0480507,-0.0451171,-0.00633244,47.2608,0.442652,-0.264866,0.375087
82.58,0.920278,-0.0247286,-1.7866e-05,-0.390483,-0.0277012,-0.0188516,0.00262258,-0.83678,-7.87909,0.398198,0.048651,-0.0443957,-0.00862267,49.8113,0.487296,-0.215801,0.270005
82.6,0.920261,-0.0247177,-6.30605e-05,-0.390524,-0.00693,-0.00817246,-0.000748421,-0.836743,-7.87914,0.397794,0.0482878,-0.0442452,-0.00958285,51.6398,0.536027,-0.077658,0.0509326
82.62,0.920251,-0.0247062,-8.17518e-05,-0.390548,-0.00957431,-0.00336527,0.00720436,-0.837003,-7.87903,0.397368,0.0476447,-0.0437374,-0.0107198,48.9557,0.457022,-0.287446,0.363264
82.64,0.9202,-0.024881,-6.65762e-05,-0.390657,-0.01933,-0.0100567,-0.0129056,-0.837274,-7.87898,0.3968,0.0425272,-0.0425415,-0.00447892,50.7199,0.488576,-0.235293,0.296964
82.66,0.920133,-0.0248715,2.38718e-06,-0.390816,-0.0174595,-0.00233148,-0.0106434,-0.837499,-7.87895,0.396426,0.041022,-0.0418265,-0.00875291,48.6932,0.492119,-0.229124,0.268833
82.68,0.9201,-0.0248783,0.000207811,-0.390892,0.00930989,0.021099,0.00978093,-0.837759,-7.87894,0.395879,0.0403016,-0.0408764,-0.0069735,49.3947,0.523778,-0.136947,0.153651
82.7,0.920116,-0.0248117,0.000317993,-0.39086,0.0206317,0.0275876,0.00612943,-0.837855,-7.87896,0.395525,0.0412016,-0.0404545,-0.00802617,50.9664,0.506856,-0.144551,0.181062
82.72,0.920118,-0.0247737,0.000428511,-0.390858,0.00940048,0.0167554,-0.00292806,-0.83823,-7.87882,0.395161,0.0410454,-0.0403192,-0.00682961,49.7903,0.481434,-0.256927,0.30857
82.74,0.9201,-0.0247918,0.000448517,-0.390899,-0.0125068,-0.00187447,-0.0025729,-0.838395,-7.87876,0.394979,0.0425067,-0.0391732,-0.0102126,50.9671,0.473509,-0.25562,0.327743
82.76,0.92002,-0.024673,0.000532357,-0.391093,0.000564312,-0.000852192,-0.00255766,-0.83883,-7.87872,0.394301,0.0419428,-0.0413034,-0.0093309,47.75,0.516462,-0.156601,0.179424
82.78,0.920008,-0.0247888,0.00052893,-0.391115,-0.0228222,-0.0122041,-0.00167732,-0.838916,-7.87873,0.394133,0.0429206,-0.0411138,-0.00774758,50.4882,0.453011,-0.285382,0.385408
82.8,0.920012,-0.0247388,0.000516739,-0.391108,0.0142687,0.00938402,-0.000290084,-0.839101,-7.87883,0.393679,0.0423157,-0.0425505,-0.0084042,49.3416,0.482038,-0.231178,0.303306
82.82,0.920005,-0.0248056,0.000496956,-0.391122,-0.0214233,-0.0194416,0.00169066,-0.839325,-7.87875,0.393519,0.043207,-0.0416048,-0.00902896,50.0284,0.462309,-0.263549,0.366713
82.84,0.919951,-0.0248609,0.000416459,-0.391244,0.0185674,-0.00138873,-0.00185895,-0.839917,-7.87861,0.393101,0.0414576,-0.0421135,-0.00755626,46.7391,0.485648,-0.218083,0.258712
82.86,0.919919,-0.0248814,0.000369437,-0.391319,-0.00815391,-0.0129864,0.00112677,-0.840316,-7.8786,0.392667,0.0417708,-0.0405563,-0.0104922,49.9019,0.502511,-0.207546,0.248415
82.88,0.919907,-0.0249295,0.000339868,-0.391343,-0.000472895,-0.00448082,-0.00267976,-0.84044,-7.8786,0.392527,0.0421652,-0.0404936,-0.00699079,50.3337,0.473338,-0.24517,0.321092
82.9,0.919905,-0.0249202,0.000311811,-0.391349,-0.0043087,-0.00959109,-0.00644911,-0.840655,-7.87861,0.392268,0.0416004,-0.0399229,-0.00815753,50.2712,0.482844,-0.228782,0.315865
82.92,0.919869,-0.0249183,0.00031722,-0.391433,0.0120056,0.00324406,-0.00432337,-0.841312,-7.87839,0.391848,0.03939,-0.0398859,-0.00952895,49.4177,0.531598,-0.0928471,0.09074
82.94,0.919837,-0.0248781,0.000331126,-0.391511,0.0312267,0.00977057,-0.0102185,-0.841819,-7.8782,0.391537,0.0383036,-0.0397055,-0.00931671,46.0673,0.48055,-0.23514,0.324633
82.96,0.919816,-0.024893,0.000387026,-0.391559,-0.00842294,-0.00184245,0.00507477,-0.842429,-7.87804,0.391073,0.0383421,-0.0384668,-0.0123771,52.2415,0.507707,-0.189292,0.213088
82.98,0.919811,-0.0248515,0.000431029,-0.391574,-0.00358169,0.0057301,0.00964672,-0.842802,-7.87795,0.39079,0.0378585,-0.0383401,-0.0113542,46.6705,0.51654,-0.147525,0.160681
83,0.919796,-0.0249146,0.000455913,-0.391606,-0.00645589,0.00422113,-0.00671829,-0.842964,-7.87792,0.390647,0.0383871,-0.0386407,-0.00698495,50.3231,0.44685,-0.304893,0.413259
83.02,0.919757,-0.0249221,0.000498305,-0.391696,-0.00557993,-0.0024421,-0.00722835,-0.844043,-7.87746,0.390076,0.037952,-0.0375658,-0.00783235,48.9688,0.501693,-0.193136,0.246711
83.04,0.919748,-0.0248689,0.000493903,-0.391721,0.0181761,0.00140311,-0.000930744,-0.844326,-7.87734,0.389949,0.0367589,-0.0380253,-0.00919411,48.7074,0.504225,-0.144291,0.167584
83.06,0.919724,-0.0249155,0.000514219,-0.391773,0.0101958,0.00356635,0.00362833,-0.844846,-7.87713,0.389679,0.0363613,-0.0379522,-0.00861594,47.2936,0.474431,-0.250767,0.32465
83.08,0.919714,-0.0249356,0.000506835,-0.391797,0.0123419,0.00727879,0.00212796,-0.845249,-7.87702,0.3894,0.0360778,-0.038171,-0.00589476,50.8196,0.449307,-0.298974,0.393752
83.1,0.919698,-0.0249535,0.000498816,-0.391833,-0.00962137,-0.00237592,0.000973928,-0.845843,-7.87688,0.389031,0.0363149,-0.0378741,-0.011135,48.255,0.495311,-0.217005,0.259817
83.12,0.919663,-0.0250091,0.000461914,-0.39191,-0.00706383,-0.00540824,0.000416343,-0.84657,-7.87653,0.388683,0.036603,-0.0377883,-0.00662898,52.0114,0.530184,-0.0904198,0.0860358
83.14,0.919638,-0.0250279,0.000426197,-0.391969,-0.0177661,-0.0114386,-0.00394797,-0.847085,-7.87625,0.388479,0.0355299,-0.0369448,-0.00703287,48.0532,0.484399,-0.227252,0.271258
83.16,0.919617,-0.025008,0.000421986,-0.39202,-0.0155069,-0.00819327,-0.00100523,-0.847549,-7.87602,0.388268,0.0351975,-0.0366278,-0.00911944,48.2136,0.485619,-0.211645,0.260893
83.18,0.919612,-0.0249681,0.00042436,-0.392032,0.0183909,0.00366115,0.0032658,-0.847762,-7.87592,0.388167,0.0347638,-0.0368025,-0.0107924,51.6737,0.531763,-0.0936216,0.0867149
83.2,0.91961,-0.0250205,0.00039891,-0.392036,-0.0266432,-0.0105917,-0.000412029,-0.848243,-7.87572,0.387834,0.0339594,-0.035895,-0.00905447,49.5797,0.484542,-0.216644,0.281633
83.22,0.919522,-0.0250566,0.000453251,-0.39224,-0.00215593,0.00557435,-0.0139434,-0.848927,-7.87527,0.387598,0.0309999,-0.0366865,-0.00789332,46.2507,0.498749,-0.180358,0.208561
83.24,0.919494,-0.0250033,0.000477849,-0.392308,0.00105376,0.00609683,-0.012227,-0.849175,-7.87509,0.387516,0.0306232,-0.0351971,-0.0127283,50.1202,0.50687,-0.215878,0.263573
83.26,0.91948,-0.0250744,0.000561512,-0.392335,0.0118327,0.0181863,0.00142623,-0.849619,-7.87477,0.387363,0.0308788,-0.0343583,-0.0109617,50.2385,0.483836,-0.239935,0.272231
83.28,0.919504,-0.0250571,0.000680111,-0.39228,-0.0173627,0.00288809,-0.000502194,-0.850174,-7.87434,0.387122,0.0309715,-0.0333382,-0.00841597,51.0354,0.465577,-0.289023,0.401942
83.3,0.919453,-0.0250467,0.000748714,-0.392402,0.0198047,0.0104769,-0.0141025,-0.850579,-7.87405,0.386888,0.0307117,-0.0335745,-0.0068824,47.9979,0.510346,-0.185043,0.211247
83.32,0.919429,-0.025021,0.000786475,-0.392459,-0.0134646,0.00229556,-0.00833263,-0.850772,-7.87381,0.386857,0.0316043,-0.0328173,-0.0121189,49.2318,0.461535,-0.274726,0.350037
83.34,0.919391,-0.0250234,0.000817106,-0.392548,-0.0201024,-0.00761749,-0.00480213,-0.85111,-7.87339,0.386794,0.031764,-0.0327989,-0.012077,48.7972,0.475918,-0.232561,0.288264
83.36,0.919391,-0.0249977,0.000832543,-0.392548,0.00656076,0.00106612,0.00589895,-0.851398,-7.87302,0.386729,0.031081,-0.033239,-0.0122597,50.3314,0.490125,-0.190594,0.238939
83.38,0.919393,-0.0250663,0.000828118,-0.392539,-0.0182602,-0.00838647,-0.00358294,-0.851753,-7.87256,0.386625,0.0302464,-0.0335991,-0.00653689,49.0212,0.498667,-0.203532,0.243222
83.4,0.919368,-0.0250778,0.000826174,-0.392598,-0.0141246,-0.00573502,-0.00667537,-0.851949,-7.87232,0.386569,0.0300022,-0.0334403,-0.00724548,47.3947,0.529553,-0.0716481,0.0730222
83.42,0.919315,-0.0250917,0.000837028,-0.392721,0.00464294,0.00710639,-0.00535291,-0.852343,-7.87164,0.386667,0.0294066,-0.0327237,-0.00599401,51.2212,0.512117,-0.178617,0.210888
83.44,0.919304,-0.0251023,0.000815255,-0.392745,0.0136219,0.00311313,0.00090452,-0.852574,-7.87121,0.386718,0.0287418,-0.0324011,-0.0055471,48.9968,0.488515,-0.205075,0.269192
83.46,0.919306,-0.0251396,0.000819572,-0.39274,-0.00714762,-0.00560724,0.00458087,-0.852771,-7.87082,0.386766,0.0284788,-0.0313576,-0.00544486,48.1466,0.457907,-0.283995,0.385441
83.48,0.919291,-0.0251942,0.000832581,-0.39277,-0.010059,-0.00459771,-0.00545322,-0.852935,-7.87047,0.386816,0.0278972,-0.0313894,-0.00535684,52.0786,0.546391,-0.0792266,0.0544289
83.5,0.91925,-0.025121,0.00083846,-0.392872,0.0102121,0.00858264,-0.0126048,-0.85312,-7.87003,0.386882,0.0276445,-0.0301439,-0.0101634,49.4451,0.469566,-0.26123,0.345754
83.52,0.919229,-0.0251313,0.000845443,-0.392921,0.018783,0.0110633,-0.00250949,-0.853263,-7.86954,0.386901,0.0264128,-0.0299753,-0.00585731,46.9235,0.499473,-0.159835,0.199295
83.54,0.919222,-0.0251834,0.00085003,-0.392932,-0.0270486,-0.0100628,0.000171491,-0.853344,-7.86929,0.386904,0.0277485,-0.0288839,-0.0102649,48.0767,0.51618,-0.10812,0.101421
83.56,0.919198,-0.0251658,0.000900866,-0.39299,-0.013805,0.00254074,-3.75465e-05,-0.853547,-7.86841,0.38688,0.0271491,-0.0275255,-0.0126331,48.7505,0.529821,-0.0710658,0.0477835
83.58,0.919175,-0.025151,0.000928934,-0.393044,-0.00177624,0.0042271,-0.00271869,-0.853599,-7.86802,0.386848,0.0270701,-0.0273476,-0.0127177,51.2776,0.519526,-0.11311,0.104197
83.6,0.919149,-0.0251081,0.000913826,-0.393107,0.0125883,0.000379454,-0.000885536,-0.85366,-7.86764,0.38682,0.027105,-0.0270838,-0.0123052,50.9166,0.52497,-0.1496,0.153205
83.62,0.919129,-0.0251181,0.000928226,-0.393153,0.00863497,0.00722848,-0.0027088,-0.853787,-7.86714,0.386814,0.02699,-0.0266767,-0.0114112,50.9289,0.501605,-0.202027,0.222927
83.64,0.919108,-0.0251639,0.000951406,-0.3932,-0.022377,-0.0089105,-0.00261536,-0.853999,-7.86627,0.386813,0.0268289,-0.0254083,-0.00951953,46.5372,0.513535,-0.105847,0.0888585
83.66,0.919101,-0.0251169,0.000943427,-0.393219,0.0198479,0.0115523,-0.00918398,-0.85406,-7.86601,0.38683,0.0254849,-0.026051,-0.0097016,46.877,0.538019,-0.0832425,0.0883255
83.68,0.919088,-0.0251077,0.000938663,-0.393252,0.0171827,0.00982808,0.00151817,-0.854112,-7.86555,0.386801,0.0254906,-0.025894,-0.0070284,50.4272,0.52732,-0.112085,0.127259
83.7,0.919051,-0.0250986,0.000927539,-0.393337,-0.00478644,-0.00207414,-0.00473739,-0.854197,-7.86491,0.386799,0.0255147,-0.0247047,-0.01252,49.3849,0.54158,-0.0960337,0.051461
83.72,0.919037,-0.025147,0.000929414,-0.393368,-0.0040618,0.000965401,-0.00818226,-0.85425,-7.86462,0.38679,0.0258267,-0.0247251,-0.00780314,51.6809,0.503753,-0.189776,0.216226
83.74,0.919002,-0.0251134,0.000911241,-0.393451,-0.0077274,-0.00785099,-0.00465171,-0.854388,-7.8636,0.386774,0.0253875,-0.023698,-0.00825873,48.7547,0.528371,-0.135184,0.134429
83.76,0.918985,-0.0251135,0.000933057,-0.393491,-0.0154293,-0.00519656,-1.87418e-05,-0.854422,-7.86316,0.38676,0.0245041,-0.0232532,-0.00930684,47.0489,0.504814,-0.189647,0.244038
83.78,0.918962,-0.0250858,0.000926162,-0.393546,-0.016561,-0.0010026,-0.00639545,-0.854399,-7.8628,0.386746,0.0247064,-0.0226924,-0.0123442,51.4957,0.532288,-0.121064,0.129856
83.8,0.918953,-0.0250738,0.000906111,-0.393569,0.012972,0.00238828,0.00188067,-0.854389,-7.86261,0.386739,0.0238504,-0.023124,-0.006802,51.3521,0.508012,-0.202273,0.225588
83.82,0.918918,-0.0250822,0.000929796,-0.393649,0.00225053,0.00293599,0.00123973,-0.854533,-7.8617,0.386726,0.024556,-0.0225272,-0.00746135,51.1273,0.534555,-0.121554,0.130919
83.84,0.918908,-0.0250597,0.00093848,-0.393674,-0.00560317,-0.00445126,-0.0024044,-0.854596,-7.86144,0.386733,0.0243066,-0.0215959,-0.0117908,50.3044,0.508772,-0.143253,0.163759
83.86,0.918885,-0.0251384,0.000960867,-0.393723,-0.0159814,-0.00752573,-0.00259321,-0.854729,-7.86075,0.386725,0.0240413,-0.0216197,-0.0079196,51.4784,0.537251,-0.0568351,-0.00590563
83.88,0.918875,-0.0250767,0.000969472,-0.39375,0.0138809,0.00781873,-0.00300639,-0.854764,-7.86054,0.386732,0.0233269,-0.0215005,-0.0109987,46.0509,0.539172,0.0178187,-0.115066
83.9,0.918846,-0.0251325,0.000970117,-0.393815,-0.013927,-0.0106161,0.00161555,-0.854777,-7.86,0.386706,0.0241952,-0.0209946,-0.0118802,52.0088,0.531708,-0.107624,0.100123
83.92,0.918815,-0.0251304,0.000975957,-0.393887,0.00355365,0.000260558,-0.00383336,-0.854928,-7.85932,0.386688,0.0234355,-0.0213287,-0.00627311,49.7727,0.530874,-0.0619685,0.00905131
83.94,0.918806,-0.0251093,0.000993418,-0.393909,-0.0106128,-0.00151715,-0.00415557,-0.854993,-7.85909,0.386683,0.0238354,-0.0207167,-0.011223,51.5461,0.518324,-0.1257,0.111724
83.96,0.918781,-0.0251503,0.000977179,-0.393964,-0.013787,-0.00372084,0.00039558,-0.855137,-7.85845,0.38665,0.022913,-0.0211694,-0.00681488,50.0195,0.5332,-0.0884542,0.0710641
83.98,0.918753,-0.0251188,0.000991378,-0.394031,0.0097409,0.00462339,-0.00547129,-0.855224,-7.85791,0.386617,0.0224422,-0.020699,-0.0109939,50.3006,0.524924,-0.111644,0.0996264
84,0.918734,-0.0251411,0.00100049,-0.394074,0.0228541,0.00436634,-0.00414419,-0.855278,-7.85751,0.386557,0.021785,-0.0215287,-0.00655268,50.9823,0.529686,0.0351905,-0.1265
84.02,0.918728,-0.0252092,0.00102845,-0.394085,-0.0307738,-0.0127115,-0.00404314,-0.855376,-7.85724,0.386536,0.0234408,-0.0206298,-0.0115922,45.608,0.516902,-0.0646659,0.0242336
84.04,0.918695,-0.0251908,0.00105183,-0.394161,0.0133795,0.00329906,-0.00929001,-0.855606,-7.85648,0.386489,0.0219063,-0.0209403,-0.00643217,49.592,0.517768,-0.114081,0.106463
84.06,0.918699,-0.0251807,0.00104273,-0.394154,-0.00533172,-0.00489077,0.00348847,-0.855672,-7.85626,0.386467,0.0224498,-0.0199064,-0.0116629,47.9422,0.540397,-0.0475031,-0.00937253
84.08,0.918665,-0.025139,0.00104684,-0.394235,0.0104397,0.00827091,-0.00164742,-0.855869,-7.85544,0.386385,0.0213466,-0.0193266,-0.0115086,47.0238,0.526713,-0.0128465,-0.0529512
84.1,0.918654,-0.0251982,0.00104069,-0.394257,-0.0153781,-0.00386185,-0.00570953,-0.855898,-7.85526,0.386359,0.0210169,-0.0199524,-0.00637039,50.0225,0.50677,-0.202266,0.241555
84.12,0.918641,-0.0252105,0.00106212,-0.394288,-0.0201438,-0.0019022,-0.00347672,-0.855995,-7.85484,0.38629,0.0217149,-0.0190098,-0.0105151,49.8524,0.527659,-0.00558614,-0.0571302
84.14,0.918614,-0.0251963,0.00109983,-0.39435,0.0137466,0.0109468,-0.00109253,-0.856238,-7.85407,0.386168,0.0196434,-0.0191071,-0.00680126,51.2561,0.527126,-0.0498526,0.0337715
84.16,0.918592,-0.0252238,0.00112719,-0.3944,0.00295197,0.00761288,-0.004339,-0.856366,-7.85361,0.386068,0.0194348,-0.01898,-0.00692193,51.4022,0.527855,-0.106866,0.104885
84.18,0.918574,-0.0251845,0.00113844,-0.394445,-0.000357999,-0.000555579,0.00361246,-0.856517,-7.85299,0.385901,0.0197819,-0.0179386,-0.012826,47.8113,0.529972,-0.0377345,0.0243487
84.2,0.918563,-0.0252275,0.00114222,-0.394467,0.000297282,0.000181642,-0.00431237,-0.856552,-7.85281,0.385845,0.0189332,-0.0187836,-0.00729544,47.7852,0.521567,-0.0622749,0.0360333
84.22,0.91855,-0.0252044,0.00116123,-0.3945,0.00606939,0.00665896,0.00607029,-0.856867,-7.85213,0.385676,0.0185616,-0.0183257,-0.00885622,49.7391,0.523102,0.0925802,-0.217061
84.24,0.918535,-0.0251845,0.00115566,-0.394536,0.0235894,0.00141917,0.00461595,-0.857158,-7.85162,0.38556,0.0185114,-0.0177824,-0.00844736,50.5875,0.523756,0.015774,-0.105744
84.26,0.918512,-0.02522,0.00116579,-0.394586,-0.0130606,-0.0113607,0.000285273,-0.857542,-7.85093,0.385382,0.0190682,-0.0169798,-0.0123383,45.6711,0.523304,-0.0242976,-0.0381637
84.28,0.9185,-0.0252066,0.0011705,-0.394615,-0.00725845,-0.00851008,0.00510463,-0.857759,-7.85053,0.385267,0.0187378,-0.0167954,-0.0123674,48.9565,0.509277,-0.164359,0.177819
84.3,0.918489,-0.0251995,0.00118379,-0.394641,-8.23569e-05,3.3955e-05,0.000405734,-0.857948,-7.85017,0.385158,0.01845,-0.0168911,-0.0124326,50.8007,0.522871,-0.146712,0.153172
84.32,0.918473,-0.0252457,0.00116829,-0.394677,-0.00265547,-0.00116614,-0.00891666,-0.858029,-7.85,0.385104,0.0173302,-0.0175373,-0.00693072,50.3055,0.530806,0.0599652,-0.176013
84.34,0.918459,-0.0252383,0.00116901,-0.394709,-0.00669584,0.000356501,-0.0030514,-0.858354,-7.84958,0.384965,0.0184461,-0.0161558,-0.0103508,49.8832,0.529196,0.110616,-0.242316
84.36,0.918425,-0.0252554,0.00119521,-0.394787,-0.0198931,-0.00394479,-0.000590589,-0.858963,-7.84882,0.384732,0.0174877,-0.0153652,-0.0115148,47.2008,0.544878,-0.0519052,-0.0210622
84.38,0.918404,-0.0252441,0.0011955,-0.394837,-0.0178211,-0.0104133,-0.00396238,-0.859228,-7.84849,0.384615,0.0171022,-0.0151331,-0.0114938,48.8606,0.541046,-0.0177942,-0.0598554
84.4,0.91839,-0.0252586,0.00121569,-0.394867,-0.0192917,-0.00466939,-0.00379718,-0.859466,-7.84819,0.384496,0.0166288,-0.0152647,-0.0119794,50.0427,0.550514,-0.0180619,-0.0426463
84.42,0.918384,-0.0252206,0.00122351,-0.394884,-0.00618079,-0.00324974,0.000916897,-0.859764,-7.84788,0.384378,0.0161428,-0.0152224,-0.0122347,50.3473,0.545069,-0.0413729,-0.0418661
84.44,0.91835,-0.0252867,0.00124038,-0.394959,-0.0134618,0.000234206,-0.0109098,-0.860305,-7.8474,0.384217,0.0154672,-0.0150354,-0.00878081,49.2459,0.530712,-0.11537,0.0870865
84.46,0.91835,-0.0252278,0.00124935,-0.394962,0.00197502,0.00628827,0.00366616,-0.860479,-7.84725,0.384178,0.0141205,-0.0156366,-0.00928239,48.3064,0.517343,-0.141732,0.12795
84.48,0.918332,-0.0252511,0.0012557,-0.395003,0.0191382,0.00714876,-0.000731578,-0.860805,-7.84697,0.384072,0.013212,-0.0157935,-0.00839688,52.8266,0.520871,-0.10173,0.0733428
84.5,0.918319,-0.0252675,0.00127747,-0.395032,0.0177769,0.0103819,-0.00106549,-0.861107,-7.84673,0.383964,0.0127887,-0.0153005,-0.00855074,49.5295,0.526191,-0.0998413,0.0931053
84.52,0.918294,-0.0252891,0.00129721,-0.395089,-0.0115388,-0.00805797,-0.0065228,-0.86165,-7.84632,0.383757,0.0133505,-0.0146258,-0.0111076,46.0886,0.516498,-0.0949234,0.073902
84.54,0.918264,-0.0253339,0.00131765,-0.395155,-0.00267121,0.00525448,-0.00835663,-0.86217,-7.84596,0.383531,0.0124664,-0.0144358,-0.00879568,47.858,0.514079,-0.166691,0.195681
84.56,0.918251,-0.0253606,0.00133161,-0.395183,-0.00834773,3.27041e-07,0.00285754,-0.862494,-7.84575,0.38338,0.0118043,-0.0144812,-0.00915669,50.5027,0.49323,-0.200505,0.237482
84.58,0.918239,-0.025285,0.00132476,-0.395216,0.0177038,0.00526932,0.000685631,-0.862651,-7.84566,0.383318,0.0105556,-0.0154888,-0.00966448,50.5378,0.539944,-0.105152,0.0654139
84.6,0.918213,-0.0253155,0.00132851,-0.395275,0.0116185,0.00653594,-0.00504739,-0.863206,-7.84538,0.383018,0.00979631,-0.0158635,-0.00887463,48.9855,0.511837,-0.161669,0.200309
84.62,0.918197,-0.0253591,0.00136837,-0.395309,0.0103966,0.0125153,-0.00495886,-0.863573,-7.84527,0.382789,0.00984693,-0.0160267,-0.00836913,47.5805,0.499999,-0.205476,0.239613
84.64,0.918192,-0.0253583,0.00136916,-0.39532,-0.0047434,-0.00451803,0.000771506,-0.863759,-7.84521,0.382674,0.0110605,-0.0151252,-0.0115298,48.8168,0.527416,-0.0739912,0.0719813
84.66,0.918157,-0.025397,0.00141874,-0.395398,0.00673828,0.0058012,-0.011416,-0.864245,-7.8451,0.382346,0.0104496,-0.0157799,-0.00779971,51.8498,0.540766,-0.108509,0.0882919
84.68,0.918159,-0.0253547,0.00142685,-0.395397,0.000628441,0.0070534,0.00752618,-0.864403,-7.84508,0.38226,0.00958275,-0.0158112,-0.0106648,49.1781,0.541799,0.0400999,-0.129944
84.7,0.918143,-0.0253677,0.00143353,-0.395435,0.0104612,0.00204919,0.00246123,-0.864693,-7.84504,0.382068,0.00953065,-0.016269,-0.0102636,52.6198,0.557237,-0.044673,-0.00960058
84.72,0.918111,-0.0253778,0.00142084,-0.395508,0.014826,0.00499016,0.00101353,-0.865364,-7.84512,0.381674,0.00939301,-0.0167912,-0.00675679,45.1657,0.518811,-0.079338,0.010796
84.74,0.918086,-0.0253963,0.00142913,-0.395565,0.0110529,0.00488673,-0.00712874,-0.865745,-7.84522,0.381472,0.00908625,-0.0168379,-0.00626364,49.9926,0.522582,-0.137133,0.135352
84.76,0.918079,-0.0254106,0.00143182,-0.39558,-0.0158295,-0.00967257,-0.00373576,-0.865926,-7.84528,0.381367,0.0103688,-0.0162158,-0.0107745,49.9469,0.537447,-0.0850215,0.0393357
84.78,0.918053,-0.025434,0.00144919,-0.395639,-0.00852071,0.00621982,-0.000332462,-0.866429,-7.84549,0.381083,0.00802527,-0.0170374,-0.00564321,47.9998,0.530215,-0.029424,-0.011941
84.8,0.918037,-0.0254147,0.00147848,-0.395676,0.00839838,-0.00268779,0.00205706,-0.866989,-7.84582,0.380808,0.00699286,-0.0182505,-0.00824298,49.1668,0.535006,-0.0468606,0.00843634
84.82,0.918016,-0.0254499,0.00149682,-0.395724,0.0112691,0.00312271,0.00335006,-0.867471,-7.84608,0.380638,0.00683998,-0.0183937,-0.00771856,50.3557,0.546298,-0.0597088,0.00779115
84.84,0.917994,-0.0254755,0.00149956,-0.395773,0.0152491,0.00965687,-0.00650604,-0.867922,-7.84634,0.380479,0.00681699,-0.0187622,-0.00710936,49.981,0.508718,-0.186634,0.211328
84.86,0.917981,-0.025501,0.00151763,-0.395802,0.0118822,0.0130334,-0.00298039,-0.86834,-7.8466,0.380329,0.00691435,-0.018957,-0.00701864,52.0224,0.51605,-0.132257,0.105391
84.88,0.917955,-0.0255203,0.00149617,-0.39586,-0.00805372,-0.0105843,0.00230571,-0.868913,-7.84701,0.380101,0.00748813,-0.0186878,-0.0112987,48.4356,0.516044,-0.163099,0.170577
84.9,0.917949,-0.0255603,0.00149565,-0.395872,0.00154462,0.00246525,0.00177202,-0.869091,-7.84716,0.380031,0.00591449,-0.019434,-0.00665025,47.2928,0.500827,-0.221643,0.289091
84.92,0.917924,-0.0255497,0.00151462,-0.39593,-0.00134072,0.000167498,0.00566738,-0.86979,-7.84772,0.379815,0.00559409,-0.0200324,-0.00883362,50.0831,0.521123,-0.122034,0.115721
84.94,0.917906,-0.0256295,0.00151195,-0.395966,-0.016394,-0.00641227,-0.010235,-0.870041,-7.84792,0.37973,0.00634305,-0.0194057,-0.00901716,47.5843,0.523136,-0.118371,0.0931847
84.96,0.917875,-0.0256276,0.00151225,-0.396039,-0.0220907,-0.0118063,-0.00506584,-0.870961,-7.84875,0.37944,0.00599718,-0.0206057,-0.00977721,49.5803,0.482919,-0.24137,0.260878
84.98,0.917869,-0.0255995,0.00151172,-0.396055,0.0137825,0.00248478,-1.73965e-05,-0.871175,-7.84897,0.37938,0.00445833,-0.0215265,-0.0073888,50.0081,0.422879,-0.33926,0.454471
85,0.917837,-0.0256499,0.00151067,-0.396125,-0.0122098,-0.0103314,-0.00246098,-0.871775,-7.84964,0.379157,0.00534629,-0.0214429,-0.0108594,51.2785,0.499089,-0.176655,0.175397
85.02,0.917819,-0.0256509,0.00153817,-0.396166,-0.000699637,0.00243834,-0.00526469,-0.872257,-7.85011,0.379003,0.00456814,-0.0218026,-0.0114269,51.9231,0.48993,-0.201332,0.232475
85.04,0.917797,-0.0256287,0.0015342,-0.396218,0.00504644,0.00472679,-0.00140847,-0.872708,-7.85062,0.378853,0.00301426,-0.0228259,-0.00943624,48.4846,0.476531,-0.250297,0.311363
85.06,0.91776,-0.0256998,0.0015483,-0.396299,-0.0112139,-0.00451502,-0.00893668,-0.873349,-7.85127,0.378632,0.00291418,-0.0226958,-0.00860273,48.189,0.493741,-0.15529,0.189811
85.08,0.917746,-0.0256934,0.00154752,-0.396334,-0.0187824,-0.0152637,0.00073761,-0.873761,-7.85172,0.378498,0.0021478,-0.0229535,-0.009686,51.7353,0.533778,-0.0604818,-0.0079759
85.1,0.917726,-0.0256906,0.00156649,-0.39638,-0.0177573,-0.000506841,-0.00281246,-0.874154,-7.85218,0.378364,0.00171694,-0.023654,-0.00960361,49.9808,0.542638,-0.137964,0.0998878
85.12,0.917717,-0.0256943,0.00158006,-0.396401,0.0103937,0.00951195,-0.00587677,-0.874439,-7.85242,0.378292,-0.000144705,-0.0248376,-0.00704173,48.3652,0.507204,-0.169333,0.221496
85.14,0.917683,-0.025772,0.00162026,-0.396474,-0.00699928,0.000451303,0.000359426,-0.875506,-7.85344,0.377923,0.000528527,-0.024908,-0.00755057,49.7365,0.509659,-0.161582,0.165943
85.16,0.917677,-0.0257028,0.00163421,-0.396491,0.0097661,0.0112116,0.00276116,-0.875756,-7.85369,0.377852,-0.000246698,-0.0254154,-0.00955562,48.7655,0.470214,-0.249055,0.344481
85.18,0.917648,-0.0257727,0.00159578,-0.396555,-0.00668613,-0.0043099,-0.00135127,-0.87645,-7.85448,0.377595,0.000623465,-0.0270289,-0.00880747,46.1471,0.496186,-0.21213,0.265873
85.2,0.917633,-0.0257399,0.0015862,-0.39659,0.012978,-0.0037178,0.00244869,-0.876663,-7.85477,0.377527,0.00037585,-0.0296225,-0.00828846,51.7924,0.526223,-0.0634282,0.0215588
85.22,0.917561,-0.0260031,0.00111954,-0.396742,-0.0153139,-0.0936508,-0.0131344,-0.877175,-7.85576,0.377322,0.0123193,-0.0423961,-0.0072444,48.8364,0.444177,-0.268289,0.351332
85.24,0.917528,-0.0266362,-0.000207988,-0.396778,0.016226,-0.0723061,0.00384715,-0.877533,-7.85689,0.37711,0.0126314,-0.0433226,-0.0062338,47.7222,0.453353,-0.25902,0.354337
85.26,0.917556,-0.026656,-0.000346395,-0.396711,0.00178328,-0.0301007,0.0210506,-0.877633,-7.85727,0.377053,0.0112633,-0.0387318,-0.00800609,48.1642,0.541323,-0.0903305,0.0629977
85.28,0.917553,-0.0268361,-0.000861468,-0.396705,0.00754582,-0.0430359,-0.0143826,-0.87808,-7.858,0.376884,0.0014973,-0.026016,-0.00750198,49.755,0.455563,-0.296215,0.381178
85.3,0.91751,-0.0266203,-0.000754887,-0.39682,0.00215524,0.0360977,-0.0124814,-0.878516,-7.85834,0.376717,-0.00670063,-0.019549,-0.00979277,48.7414,0.467968,-0.265712,0.335189
85.32,0.917434,-0.0262394,-0.00011388,-0.397022,0.0140301,0.0547125,-0.00222919,-0.879528,-7.85858,0.376542,-0.0174994,-0.0140636,-0.011076,50.1763,0.51796,-0.198825,0.188653
85.34,0.917432,-0.0261366,0.000141325,-0.397033,-0.00876882,0.0616501,0.00298748,-0.87992,-7.85864,0.376471,-0.0184835,-0.014051,-0.0120026,51.294,0.497047,-0.206619,0.250354
85.36,0.917471,-0.0258334,0.00112924,-0.396963,-0.0123935,0.0694481,0.0110545,-0.881165,-7.85892,0.37628,-0.0225237,-0.0193268,-0.00773071,50.9426,0.475653,-0.256732,0.324165
85.38,0.917455,-0.0257311,0.00189394,-0.397002,-0.00759726,0.0522764,-0.00796667,-0.882364,-7.85934,0.376175,-0.0222154,-0.0239792,-0.0103039,51.3359,0.488119,-0.236007,0.280546
85.4,0.917387,-0.0257487,0.00229989,-0.397157,-0.0107313,0.0272067,-0.0159562,-0.883081,-7.85969,0.376106,-0.0186498,-0.0265131,-0.00949752,48.728,0.489452,-0.196127,0.200077
85.42,0.917353,-0.0258363,0.00240977,-0.397229,-0.0217416,0.0172858,-0.0145327,-0.883452,-7.85985,0.376109,-0.0164212,-0.0272038,-0.00572567,50.1338,0.517182,-0.178319,0.154528
85.44,0.917328,-0.0258445,0.00250537,-0.397285,-0.022575,-0.00666591,-0.00162811,-0.884113,-7.86021,0.376134,-0.0110377,-0.0290384,-0.00661919,51.8875,0.466831,-0.272651,0.340775
85.46,0.917357,-0.0258526,0.0024468,-0.397217,0.0167618,-0.0102272,0.0108724,-0.884896,-7.86083,0.376181,-0.00598319,-0.0316268,-0.00634529,50.318,0.47488,-0.226119,0.27332
85.48,0.917362,-0.0259185,0.00233663,-0.397202,-0.0141101,-0.0387732,0.00909275,-0.885122,-7.8611,0.376177,-0.00393881,-0.031582,-0.0098436,47.8058,0.474376,-0.251124,0.326028
85.5,0.917292,-0.0259752,0.001845,-0.397362,0.00406587,-0.0302298,-0.00855693,-0.8859,-7.86209,0.37622,-0.0045013,-0.0344687,-0.00839167,48.8704,0.489271,-0.199631,0.254845
85.52,0.917269,-0.0260799,0.0016927,-0.397409,-0.00259471,-0.0330503,-0.00931117,-0.886113,-7.8623,0.37628,-0.00526439,-0.0353858,-0.00387449,50.0685,0.525143,-0.138846,0.1149
85.54,0.917254,-0.0260778,0.00133765,-0.397446,0.0171853,-0.018349,0.0053166,-0.886767,-7.86296,0.37647,-0.00783371,-0.0349778,-0.0076267,48.2863,0.478018,-0.209582,0.262121
85.56,0.917255,-0.0262107,0.00125195,-0.397435,-0.0142796,-0.0326755,-0.00108657,-0.886982,-7.86318,0.376514,-0.00815427,-0.0342184,-0.00495235,47.0709,0.51277,-0.110914,0.0439127
85.58,0.917216,-0.0262832,0.00107133,-0.39752,-0.00958996,-0.0104523,-0.00631347,-0.887875,-7.86408,0.376747,-0.00964389,-0.0284262,-0.00834676,51.6056,0.518975,-0.149828,0.172294
85.6,0.917201,-0.0262144,0.00105331,-0.397561,0.00848672,0.00985691,-0.000517412,-0.888283,-7.86443,0.376843,-0.00945532,-0.0254269,-0.00881278,49.3036,0.521332,-0.174925,0.159686
85.62,0.917247,-0.0259566,0.00107567,-0.39747,0.0219368,0.00923791,0.0264572,-0.88878,-7.86474,0.377037,-0.00971391,-0.028172,-0.00979419,51.7249,0.474914,-0.240187,0.292771
85.64,0.917282,-0.025895,0.0010733,-0.397395,0.0244983,0.00242773,0.0239095,-0.889019,-7.86492,0.377122,-0.0102959,-0.0301204,-0.00529177,50.8729,0.500089,-0.18492,0.181682
85.66,0.917239,-0.0257393,0.00107658,-0.397504,0.00990896,0.0118808,-0.0265439,-0.889821,-7.86553,0.377381,-0.0186653,-0.0321892,-0.00798152,49.372,0.533238,-0.117264,0.062015
85.68,0.917111,-0.0257151,0.00123901,-0.397799,0.00587075,0.0231837,-0.0376632,-0.89046,-7.86599,0.377551,-0.0245045,-0.0337454,-0.00687455,48.4428,0.55205,-0.00243108,-0.098361
85.7,0.91703,-0.0258682,0.00144972,-0.397976,-0.00932146,0.015886,0.00561778,-0.891185,-7.86652,0.377714,-0.0264596,-0.0332286,-0.0036754,48.7695,0.434994,-0.317424,0.408777
85.72,0.917118,-0.0258709,0.00186695,-0.397771,-0.0234145,0.021185,0.0417999,-0.892204,-7.86715,0.378067,-0.0229057,-0.0319704,-0.00811336,49.0413,0.521191,-0.141157,0.131615
85.74,0.917229,-0.0258846,0.00208291,-0.397514,-0.0217639,0.00288943,0.0342103,-0.892865,-7.86759,0.37839,-0.024248,-0.0345652,-0.00467486,50.8095,0.514982,-0.140482,0.10874
85.76,0.917213,-0.0260372,0.00229144,-0.397539,-0.0127563,0.00726361,-0.0249426,-0.893847,-7.86831,0.378826,-0.0245034,-0.0347854,-0.00475045,47.6694,0.517727,-0.120205,0.110905
85.78,0.917128,-0.0259339,0.00231908,-0.397741,0.0177077,0.00557408,-0.045453,-0.89415,-7.86856,0.378956,-0.0209894,-0.0366961,-0.00605315,51.4402,0.516164,-0.156757,0.1487
85.8,0.916857,-0.0260093,0.00165719,-0.398364,0.0111324,-0.0954668,-0.0306314,-0.894767,-7.86961,0.379341,-0.00726731,-0.0491751,-0.00499692,47.9622,0.477964,-0.21288,0.268311
85.82,0.916829,-0.0260745,0.00128331,-0.398426,0.0282927,-0.0832687,-0.0125506,-0.894913,-7.86993,0.379525,-0.00744913,-0.0515752,-0.00350712,50.9034,0.510655,-0.145287,0.186318
85.84,0.917009,-0.0264586,0.000148221,-0.397989,-0.00517473,-0.0479965,0.0369517,-0.895638,-7.87132,0.380247,-0.0220289,-0.0497869,0.000459075,48.9134,0.520892,-0.111608,0.0734903
85.86,0.91701,-0.0266401,-4.5453e-05,-0.397973,-0.00935484,-0.0064804,-0.0203529,-0.896256,-7.872,0.380616,-0.0324877,-0.0460107,-0.00162173,48.6263,0.501965,-0.188934,0.207076
85.88,0.916848,-0.0266601,4.99531e-05,-0.398345,-0.0044658,0.0105511,-0.0538266,-0.896994,-7.87259,0.380939,-0.0375422,-0.0424581,-0.00262662,51.4062,0.516148,-0.154116,0.183783
85.9,0.916763,-0.0266354,0.000106015,-0.398542,0.00142993,0.0152631,-0.043051,-0.897376,-7.87288,0.381094,-0.0373769,-0.0412306,-0.00373579,50.005,0.52774,-0.147031,0.146185
85.92,0.916723,-0.0266516,0.000107669,-0.398635,-0.00950701,-0.0105118,0.0231857,-0.898389,-7.87367,0.381557,-0.0298612,-0.0420703,-0.00324652,51.4317,0.525533,-0.126416,0.0868593
85.94,0.916899,-0.0264623,0.000115196,-0.398241,0.0215726,0.0186039,0.0276867,-0.899312,-7.87436,0.382139,-0.0353684,-0.0378283,-0.00110695,49.6062,0.475973,-0.227306,0.271259
85.96,0.916901,-0.0261779,0.000394259,-0.398255,0.0203991,0.0510033,-0.0204654,-0.900134,-7.8748,0.382475,-0.0441381,-0.0346984,-0.00265983,49.2754,0.443189,-0.290707,0.348691
85.98,0.916763,-0.0259963,0.000824326,-0.398583,0.00241096,0.0361334,-0.0493172,-0.900994,-7.8752,0.382799,-0.0475457,-0.0366255,-0.00196456,49.2863,0.492619,-0.214123,0.226948
86,0.916682,-0.0259305,0.000979096,-0.398775,-0.0093895,0.0386288,-0.040588,-0.901433,-7.87543,0.382961,-0.0479345,-0.0374287,-0.00362036,47.5223,0.508405,-0.14008,0.116815
86.02,0.916646,-0.0260029,0.00127684,-0.398851,-0.0117224,-0.0155268,0.0267225,-0.902936,-7.87644,0.383631,-0.0424791,-0.0525012,-0.000477941,48.3358,0.47533,-0.249898,0.332711
86.04,0.916702,-0.0260627,0.00129162,-0.398718,-0.0135991,0.00672355,0.0366153,-0.903248,-7.87674,0.383801,-0.0407872,-0.0551715,-0.00103972,49.6317,0.530994,-0.159228,0.151879
86.06,0.916736,-0.0260905,0.00100781,-0.39864,0.00695573,-0.0493186,-0.0201201,-0.90418,-7.87791,0.384252,-0.0380287,-0.0626691,-0.000690232,49.2873,0.520895,-0.135152,0.0982355
86.08,0.916618,-0.0263452,0.000515694,-0.398896,0.00482396,-0.0678147,-0.0350115,-0.904698,-7.87873,0.38459,-0.0340013,-0.064468,0.00392707,50.1373,0.497265,-0.175504,0.172914
86.1,0.916501,-0.0265402,-0.000130705,-0.39915,0.0165907,-0.0668501,-0.0236198,-0.905144,-7.87959,0.384924,-0.0313129,-0.064429,0.00192387,51.4073,0.510907,-0.139646,0.117978
86.12,0.91647,-0.0267048,-0.000752798,-0.39921,-0.00120059,-0.0701006,-0.00199492,-0.905539,-7.88035,0.385232,-0.0328285,-0.0653168,0.00241568,50.0574,0.509021,-0.13386,0.140638
86.14,0.916452,-0.027053,-0.00144704,-0.399226,0.00326345,-0.036588,0.00457629,-0.906251,-7.88134,0.385748,-0.0455462,-0.0625361,0.0026426,50.4415,0.498651,-0.207253,0.206045
86.16,0.916404,-0.0271746,-0.00154869,-0.399329,0.000473733,0.00114864,-0.00719071,-0.906916,-7.88195,0.386082,-0.052361,-0.056878,0.001849,48.5246,0.49386,-0.185113,0.184171
86.18,0.916391,-0.0272699,-0.0014739,-0.399351,-0.0371041,0.00738387,0.000103369,-0.907284,-7.88222,0.38622,-0.0556596,-0.0506353,0.00158015,50.8592,0.529221,-0.1423,0.14074
86.2,0.916372,-0.0268343,-0.000872516,-0.399426,0.0193999,0.0815768,-0.0144368,-0.908583,-7.88285,0.386536,-0.0519114,-0.0440228,-0.00158066,48.6988,0.524857,-0.14518,0.147673
86.22,0.916273,-0.0265503,-0.000751305,-0.399673,0.0232251,0.019941,-0.0198698,-0.909089,-7.88305,0.386722,-0.0474306,-0.0448376,-0.000887557,51.8127,0.524083,-0.131101,0.101802
86.24,0.916285,-0.0259501,-0.000612864,-0.399684,0.0409293,0.0464616,0.0240312,-0.90991,-7.8834,0.386972,-0.051637,-0.0469263,-0.00353869,49.5911,0.537198,-0.07668,0.0279915
86.26,0.916348,-0.0258135,-0.000489727,-0.39955,0.00038766,3.65983e-05,0.018134,-0.91052,-7.88376,0.387153,-0.0542772,-0.0535755,0.000697414,50.2876,0.479959,-0.233979,0.238744
86.28,0.916332,-0.0260063,-0.000676699,-0.399573,-0.0190515,-0.0236017,-0.00611958,-0.911607,-7.88472,0.387521,-0.0566682,-0.065961,0.00238656,51.6985,0.484463,-0.239774,0.27672
86.3,0.91626,-0.026311,-0.000764585,-0.399719,-0.0439731,-0.0381861,-0.0168056,-0.912328,-7.88546,0.387772,-0.0581094,-0.0680225,0.0020792,48.7708,0.459648,-0.244172,0.307785
86.32,0.91622,-0.0264872,-0.000888877,-0.399797,-0.01391,-0.0379889,-0.0216057,-0.912618,-7.8857,0.3879,-0.0584118,-0.0681707,0.00433248,49.6095,0.462372,-0.282477,0.334093
86.34,0.916147,-0.0268239,-0.00118778,-0.399943,-0.0194365,-0.0247382,-0.00102301,-0.913473,-7.88646,0.388242,-0.0551259,-0.0645183,0.000408933,48.9292,0.518344,-0.145932,0.100224
86.36,0.916133,-0.0269413,-0.00127737,-0.399966,-0.0125526,-0.0325918,-0.00346698,-0.913741,-7.8867,0.388349,-0.054393,-0.0632992,0.00386875,50.7505,0.504145,-0.171993,0.167196
86.38,0.916153,-0.0270349,-0.00172813,-0.399913,0.000101978,-0.0225889,0.00292968,-0.914805,-7.88765,0.388741,-0.0536879,-0.0585462,0.00239439,47.8686,0.514706,-0.177036,0.168353
86.4,0.916167,-0.0270401,-0.00176607,-0.39988,0.00638448,-0.00068775,0.0145673,-0.91518,-7.88795,0.388853,-0.0593827,-0.0532456,0.00404737,48.2506,0.48808,-0.220294,0.257478
86.42,0.916309,-0.0266955,-0.00125331,-0.399579,0.00897926,0.0677933,0.0233155,-0.916129,-7.88815,0.389119,-0.0659975,-0.0445355,-0.00129377,51.6295,0.530152,-0.159614,0.112567
86.44,0.916273,-0.0265288,-0.0010308,-0.399674,-0.0208046,0.0114181,-0.0241294,-0.916653,-7.88836,0.389293,-0.0585428,-0.0574466,0.00242598,51.002,0.473734,-0.237819,0.254194
86.46,0.916115,-0.0267622,-0.0013327,-0.400019,-0.00983311,-0.00868217,-0.0157798,-0.917446,-7.88899,0.389591,-0.0650924,-0.0628336,0.00397707,46.8235,0.513104,-0.157187,0.143591
86.48,0.916103,-0.0267826,-0.00128896,-0.400046,-0.0146518,0.0137289,0.0012069,-0.91776,-7.88923,0.389682,-0.0663015,-0.0632913,0.00171357,49.5289,0.483308,-0.25019,0.29235
86.5,0.91613,-0.027135,-0.00124502,-0.399961,-0.0335088,-0.0234432,0.00772854,-0.918726,-7.89002,0.389976,-0.0652088,-0.0630843,0.00655147,50.2988,0.505406,-0.177886,0.18917
86.52,0.916106,-0.0271845,-0.00134052,-0.400011,-0.0011259,-0.0242423,-0.0149736,-0.91914,-7.8904,0.390097,-0.0645398,-0.0637915,0.00594068,52.0464,0.475624,-0.272257,0.31085
86.54,0.916,-0.0273409,-0.00146537,-0.400242,-0.00679769,-0.0274516,-0.0264613,-0.919546,-7.89081,0.390323,-0.0624876,-0.0651984,0.0056388,49.6599,0.505115,-0.16152,0.158646
86.56,0.915884,-0.0276718,-0.00218803,-0.400483,0.00119503,-0.04291,0.00979896,-0.920348,-7.89185,0.390771,-0.0610348,-0.0697771,0.00563651,49.2466,0.457748,-0.281471,0.352444
86.58,0.915886,-0.0278422,-0.00254199,-0.400464,-0.00793613,-0.0432086,-9.34891e-05,-0.920811,-7.89248,0.390986,-0.0647799,-0.0700392,0.0065197,47.6521,0.439369,-0.279451,0.358279
86.6,0.915855,-0.027998,-0.00284519,-0.400521,-0.00385935,-0.018504,-0.0189662,-0.921382,-7.89312,0.391213,-0.0704345,-0.0671349,0.00752298,49.3819,0.459255,-0.26518,0.299415
86.62,0.915698,-0.0280007,-0.0029619,-0.400879,-0.0018801,-0.000417276,-0.0329223,-0.922418,-7.89399,0.391551,-0.075721,-0.0632828,0.00663852,47.9967,0.512656,-0.191622,0.174059
86.64,0.915609,-0.0279154,-0.00299548,-0.401088,0.0197834,0.000543068,-0.0112364,-0.922936,-7.89434,0.391731,-0.0766555,-0.0625921,0.00515955,47.4163,0.485593,-0.210586,0.206948
86.66,0.915591,-0.0278707,-0.0030077,-0.401132,0.00919825,0.0116796,-0.0060123,-0.923217,-7.89452,0.391807,-0.0770073,-0.0629114,0.00338106,51.0866,0.487758,-0.200744,0.227897
86.68,0.915592,-0.0277516,-0.0028199,-0.40114,-0.000408639,0.026151,0.00603477,-0.924235,-7.89514,0.392031,-0.0875732,-0.0626192,0.00582429,49.7506,0.467968,-0.221508,0.256398
86.7,0.915537,-0.0276652,-0.00248093,-0.401274,-0.0102457,0.0489928,-0.0148372,-0.925105,-7.8956,0.392207,-0.0939579,-0.0628373,0.00665409,52.6127,0.482573,-0.249553,0.265144
86.72,0.91548,-0.0276318,-0.00230713,-0.401406,-0.0125596,0.0413578,-0.0264658,-0.925452,-7.89575,0.39226,-0.0950407,-0.0630333,0.0050718,49.0361,0.48698,-0.207262,0.216036
86.74,0.915401,-0.0274822,-0.00186303,-0.4016,-0.000214566,0.0524668,-0.014726,-0.92635,-7.89611,0.39236,-0.0992653,-0.0551081,0.00438094,52.2748,0.510647,-0.16982,0.175334
86.76,0.915525,-0.0268328,-0.00059178,-0.401364,0.0121274,0.156408,0.037243,-0.927721,-7.89626,0.392416,-0.103548,-0.0452104,0.000246995,49.5901,0.44907,-0.300666,0.359133
86.78,0.915477,-0.0261871,0.000315896,-0.401518,0.0195586,0.037442,-0.0447279,-0.929045,-7.89664,0.39245,-0.0952924,-0.0607047,0.0025422,48.4467,0.467557,-0.267069,0.306651
86.8,0.915397,-0.0261223,0.00029708,-0.401705,0.0108105,0.00991729,-0.0446815,-0.92947,-7.89688,0.392468,-0.0946914,-0.0658338,0.00194099,49.5796,0.491603,-0.196373,0.208504
86.82,0.915166,-0.0263015,6.60298e-05,-0.402219,-0.0148654,-0.0569929,-0.0339353,-0.930823,-7.89824,0.392546,-0.0872727,-0.0933209,0.00977541,50.8325,0.490235,-0.202869,0.205958
86.84,0.915075,-0.0264769,-6.31475e-05,-0.402414,-0.0267363,-0.0304371,-0.0526458,-0.931101,-7.89867,0.392606,-0.0907116,-0.0954579,0.0141953,50.8056,0.46598,-0.265384,0.324587
86.86,0.914622,-0.0271634,-0.000512997,-0.403396,-0.0267228,-0.0466559,-0.0668582,-0.932356,-7.90013,0.392891,-0.100439,-0.0892847,0.0144725,49.5916,0.490613,-0.146226,0.150554
86.88,0.91453,-0.0272894,-0.000549603,-0.403596,-0.0183271,-0.0106401,-0.0302932,-0.932755,-7.90053,0.39297,-0.0952481,-0.0856069,0.0135022,50.9472,0.498135,-0.188707,0.201598
86.9,0.914577,-0.0272219,-0.000667411,-0.403493,0.0131714,-0.00852068,0.0182087,-0.933775,-7.90161,0.393104,-0.0891654,-0.0730733,0.00499113,49.0705,0.480542,-0.222053,0.244469
86.92,0.914486,-0.0269849,-0.000488277,-0.403717,0.00689919,0.0522924,-0.0565965,-0.934461,-7.90199,0.392984,-0.102312,-0.0660736,-0.000650169,49.4032,0.487383,-0.246474,0.273319
86.94,0.91409,-0.0266036,0.000117034,-0.404639,0.00107193,0.036952,-0.0668032,-0.935693,-7.90232,0.392653,-0.106961,-0.0718319,0.000594904,49.5016,0.483956,-0.226094,0.25985
86.96,0.913997,-0.0265284,0.000285113,-0.404853,-0.00115055,0.0426687,-0.0452597,-0.936271,-7.90263,0.392579,-0.105041,-0.0761558,0.0033171,51.4845,0.481362,-0.254091,0.271482
86.98,0.91398,-0.0264777,0.000533486,-0.404893,-0.0112968,0.0126521,0.0309668,-0.937652,-7.90344,0.39242,-0.112915,-0.0820967,0.00585374,48.3601,0.501035,-0.209079,0.156638
87,0.914356,-0.0266758,0.00118135,-0.404029,-0.0439781,0.0325273,0.0870461,-0.939176,-7.90421,0.392301,-0.117332,-0.0805307,0.00469333,48.7169,0.473023,-0.207583,0.209402
87.02,0.91448,-0.0267458,0.00138901,-0.403744,-0.0289034,0.0259072,0.0726601,-0.939606,-7.90433,0.392225,-0.117012,-0.0791607,0.00205087,50.0287,0.475451,-0.259551,0.276686
87.04,0.914511,-0.0268316,0.00169872,-0.403667,-0.0146912,0.00178604,-0.0368637,-0.940941,-7.90483,0.39189,-0.109552,-0.0842835,-0.00118732,49.6609,0.489807,-0.178684,0.143659
87.06,0.9143,-0.0268344,0.0014283,-0.404146,0.0161041,-0.050265,-0.0640159,-0.941698,-7.90537,0.391715,-0.100341,-0.0953258,0.00190712,49.8507,0.486314,-0.241398,0.271215
87.08,0.914026,-0.0270265,0.000360664,-0.404753,0.0157534,-0.0820461,-0.0193557,-0.942658,-7.9066,0.391514,-0.0916044,-0.104236,0.00410732,52.6792,0.464482,-0.271706,0.313204
87.1,0.914029,-0.0271525,-0.000414222,-0.404738,0.0260018,-0.062928,0.0143633,-0.943224,-7.90738,0.391408,-0.0927508,-0.0961089,0.00377233,48.9492,0.469495,-0.242241,0.27894
87.12,0.914161,-0.027188,-0.000892961,-0.404437,0.00338031,-0.0373403,0.0474132,-0.94363,-7.90768,0.391277,-0.101833,-0.0908406,0.000240973,50.8965,0.490783,-0.227856,0.240073
87.14,0.914251,-0.0272246,-0.00105965,-0.404231,0.0122507,-0.0438341,0.055096,-0.943909,-7.90785,0.391188,-0.105313,-0.0922046,-0.00117012,48.4822,0.483487,-0.259183,0.262536
87.16,0.914717,-0.0274944,-0.00224957,-0.403153,0.0212373,-0.079828,0.0532137,-0.945033,-7.90904,0.390862,-0.0952813,-0.108228,0.00685297,50.5506,0.509826,-0.119288,0.0903948
87.18,0.914698,-0.0274368,-0.00301309,-0.403194,0.0505413,-0.0617692,-0.0576644,-0.945589,-7.90978,0.390838,-0.0981306,-0.100248,0.00969746,50.6695,0.522436,-0.110448,0.0551706
87.2,0.914534,-0.0273368,-0.0033248,-0.403571,0.0455168,-0.0492542,-0.100309,-0.945923,-7.9101,0.390842,-0.101557,-0.0948571,0.0082472,49.7229,0.471762,-0.238359,0.26635
87.22,0.913712,-0.026909,-0.00388559,-0.405453,0.0362854,-0.0181299,-0.133633,-0.94683,-7.91059,0.390819,-0.107101,-0.0871303,0.00449525,48.2345,0.507094,-0.19781,0.210052
87.24,0.913443,-0.0266845,-0.00419788,-0.406069,0.0177305,-0.0275561,-0.0273223,-0.947281,-7.91072,0.390707,-0.107833,-0.089534,8.11101e-05,46.0003,0.501835,-0.17262,0.163046
87.26,0.913791,-0.0269239,-0.00466791,-0.405264,0.00759166,-0.0636513,0.128401,-0.948132,-7.91114,0.390455,-0.112415,-0.0918018,-0.0036007,50.6371,0.494599,-0.218337,0.237955
87.28,0.914353,-0.0271181,-0.00498979,-0.403977,-0.0052115,-0.033834,0.15827,-0.948846,-7.9115,0.390237,-0.116597,-0.0895413,-0.00365192,52.0741,0.462373,-0.277694,0.28811
87.3,0.914584,-0.0271988,-0.00504169,-0.403449,-0.0144743,-0.0204867,0.1204,-0.949257,-7.91167,0.39013,-0.118658,-0.0866304,-0.00489187,52.3838,0.515493,-0.136696,0.0929077
87.32,0.914743,-0.0266446,-0.00427813,-0.403135,0.00916113,0.120456,-0.0162211,-0.950754,-7.91128,0.389688,-0.143851,-0.0620734,-0.00917828,49.3059,0.48025,-0.209429,0.205207
87.34,0.914749,-0.0260034,-0.00294062,-0.403175,0.013943,0.194851,0.0185038,-0.95193,-7.91079,0.389363,-0.160439,-0.0502287,-0.0144075,49.0707,0.537127,-0.128475,0.0747708
87.36,0.914782,-0.0256236,-0.00202125,-0.403129,-0.0051381,0.239152,0.0192849,-0.95264,-7.91052,0.389175,-0.166123,-0.0476035,-0.0155497,49.7487,0.499521,-0.215285,0.20259
87.38,0.914748,-0.0243761,0.00121665,-0.403288,-0.0363398,0.264475,-0.0219197,-0.955147,-7.90977,0.388657,-0.180382,-0.0515362,-0.0112847,49.7276,0.536865,-0.11986,0.0171489
87.4,0.91465,-0.0238737,0.00328381,-0.403527,-0.0436592,0.232377,-0.020052,-0.957015,-7.90954,0.388357,-0.180233,-0.0662612,-0.0111411,51.5988,0.50733,-0.207474,0.164954
87.42,0.914625,-0.0237473,0.00418029,-0.403584,-0.0642962,0.187025,-0.00380501,-0.957947,-7.90956,0.388206,-0.175424,-0.0745468,-0.010839,50.5847,0.514496,-0.17804,0.116282
87.44,0.914783,-0.0241796,0.00654704,-0.403169,-0.0563138,0.0453721,0.0345601,-0.960386,-7.90937,0.387843,-0.144013,-0.0983973,-0.00145649,48.8726,0.467612,-0.268036,0.318016
87.46,0.914824,-0.0245383,0.00681751,-0.40305,-0.0350716,-0.00441984,0.00328118,-0.961145,-7.90956,0.387741,-0.126521,-0.102275,0.000588087,47.6461,0.534352,-0.0843376,-0.0140899
87.48,0.914747,-0.0248405,0.00651198,-0.40321,0.00934282,-0.0513386,-0.0290123,-0.961671,-7.90987,0.387668,-0.110317,-0.10303,0.00205531,50.7924,0.429613,-0.330353,0.399953
87.5,0.914634,-0.0250377,0.00525847,-0.403472,0.019943,-0.113628,-0.00607339,-0.962097,-7.91047,0.387572,-0.090595,-0.102529,0.00140776,49.1,0.519822,-0.103802,0.0742944
87.52,0.914648,-0.0250497,0.00417541,-0.403452,0.0429968,-0.124332,0.0106456,-0.961706,-7.91034,0.38755,-0.0842323,-0.101839,0.000209205,49.6135,0.50099,-0.21523,0.229864
87.54,0.91472,-0.0250428,0.00304464,-0.403299,0.0339238,-0.110872,0.0160366,-0.961356,-7.9103,0.387509,-0.0851134,-0.10194,-0.000940041,48.797,0.522913,-0.155879,0.110987
87.56,0.914741,-0.0251067,0.00250068,-0.403252,0.0322958,-0.108011,0.0100803,-0.961354,-7.91046,0.387475,-0.0880848,-0.102464,0.00224928,49.6615,0.493099,-0.209449,0.204749
87.58,0.914647,-0.0253978,0.000784028,-0.403455,-0.00052177,-0.0710455,-0.0213405,-0.961329,-7.91071,0.387397,-0.101139,-0.0991329,0.000990668,51.6049,0.524008,-0.138479,0.0926221
87.6,0.914614,-0.0254194,0.00050581,-0.403528,0.0196095,-0.0539058,-0.00894407,-0.961447,-7.9108,0.387386,-0.105397,-0.0979551,0.000423991,50.1006,0.512991,-0.165351,0.114996
87.62,0.914584,-0.0256792,0.000105872,-0.403581,-0.0154855,-0.0273464,0.0088533,-0.961538,-7.91044,0.387355,-0.112762,-0.0889319,-0.00169,50.8862,0.500705,-0.186363,0.168136
87.64,0.914592,-0.0256871,0.000103003,-0.403562,0.00234912,0.000777819,0.0117306,-0.961569,-7.91021,0.387358,-0.116041,-0.0865019,-0.000795713,48.9836,0.474457,-0.256334,0.273495
87.66,0.914614,-0.025695,0.000294598,-0.40351,0.00245525,0.0330966,0.00550298,-0.961752,-7.90973,0.387338,-0.119469,-0.0800827,-0.00101803,51.9492,0.519578,-0.189392,0.151121
87.68,0.914589,-0.025622,0.000643694,-0.403571,-0.00710542,0.0465394,-0.00694232,-0.962249,-7.90936,0.387287,-0.120873,-0.0740415,-0.00112143,50.4223,0.530397,-0.171954,0.146845
87.7,0.914511,-0.02524,0.0016669,-0.40377,-0.0106398,0.0555535,-0.00746459,-0.963165,-7.90845,0.387199,-0.120309,-0.0686336,-0.00325623,49.5678,0.486925,-0.219264,0.213309
87.72,0.914515,-0.0250766,0.00192281,-0.403771,0.0123328,0.0699811,0.00141492,-0.963148,-7.908,0.38719,-0.120173,-0.0691438,-0.00429109,52.3421,0.493475,-0.178916,0.152294
87.74,0.914531,-0.0248829,0.00262192,-0.403741,-0.028783,0.0387929,0.010137,-0.96317,-7.9068,0.387148,-0.115393,-0.0702182,-0.00264945,51.9299,0.504101,-0.160407,0.146155
87.76,0.914521,-0.0247884,0.00292389,-0.403768,-0.0165474,0.0210428,-0.00580048,-0.963242,-7.90616,0.387144,-0.112216,-0.0720472,-0.0019519,50.0686,0.529813,-0.124518,0.0565333
87.78,0.914461,-0.0247554,0.00313286,-0.403903,0.00505099,0.00502481,-0.0145895,-0.963566,-7.90554,0.387169,-0.106686,-0.0748914,0.00131835,49.2912,0.476773,-0.242184,0.265008
87.8,0.914446,-0.024747,0.00315781,-0.403938,-0.00524351,0.00612542,-0.00583513,-0.963626,-7.90536,0.387189,-0.105095,-0.0753286,-0.00120021,49.9257,0.487087,-0.211706,0.214341
87.82,0.91443,-0.0247669,0.00305207,-0.403974,0.0103333,-0.0145984,0.00287578,-0.963467,-7.90482,0.387205,-0.10082,-0.0759928,-0.000531733,48.2767,0.543722,-0.0097644,-0.121744
87.84,0.914428,-0.0248894,0.0027489,-0.403974,-0.011325,-0.0370883,0.00042151,-0.962876,-7.90381,0.387209,-0.0955607,-0.0742998,0.0014748,48.3407,0.491722,-0.229583,0.229207
87.86,0.914409,-0.024916,0.00251874,-0.404017,-0.012805,-0.0349483,-0.00842898,-0.962549,-7.90325,0.387221,-0.093989,-0.0734202,0.0015131,47.2516,0.51659,-0.175156,0.142684
87.88,0.914349,-0.0249247,0.00215703,-0.404153,0.0118637,-0.0188645,-0.0102043,-0.962336,-7.90264,0.387263,-0.0932609,-0.0713232,0.00299256,51.4663,0.503612,-0.19886,0.18446
87.9,0.914338,-0.0249254,0.0020887,-0.404179,-0.00373713,-0.0199335,-0.00130875,-0.96226,-7.90243,0.387272,-0.0931801,-0.0700052,-0.00138441,51.8638,0.51606,-0.106643,0.0586273
87.92,0.914319,-0.024934,0.00189333,-0.404223,0.00578811,-0.0111829,-0.00705757,-0.96159,-7.90144,0.387261,-0.0937003,-0.0668131,0.00195734,52.285,0.534997,-0.174926,0.151133
87.94,0.91432,-0.0248787,0.00187669,-0.404223,0.0024432,-0.00192678,0.00836486,-0.961332,-7.90107,0.387267,-0.0944436,-0.0656363,-0.00112704,47.4608,0.501841,-0.198338,0.181603
87.96,0.914296,-0.0248886,0.00192442,-0.404276,-0.0197073,0.00575685,0.00137894,-0.960707,-7.90004,0.38724,-0.0947371,-0.0617278,0.000574057,50.4677,0.492423,-0.23613,0.239926
87.98,0.914266,-0.024817,0.00203284,-0.404349,-0.0162766,0.0109614,-0.00655253,-0.960426,-7.89941,0.387222,-0.0948142,-0.0591983,-0.000148362,49.2917,0.48628,-0.213474,0.233557
88,0.914227,-0.0247358,0.00225099,-0.40444,-0.00440514,0.0224524,-0.00525872,-0.959972,-7.89847,0.387222,-0.09339,-0.0574101,0.001227,47.6128,0.462977,-0.293909,0.339389
88.02,0.914231,-0.0246776,0.00231671,-0.404436,-0.00606615,0.0159588,0.00810834,-0.959605,-7.89804,0.387243,-0.0925622,-0.0563206,-0.00256474,50.323,0.469212,-0.266895,0.327677
88.04,0.914223,-0.0245951,0.00245507,-0.404456,-0.00268776,0.0121003,0.00542451,-0.95893,-7.89724,0.38728,-0.0910743,-0.0547745,-0.00240943,51.1306,0.515467,-0.117953,0.0608187
88.06,0.91419,-0.0245906,0.00261542,-0.40453,-0.00842954,0.0070017,-0.00194852,-0.958058,-7.89616,0.387332,-0.087606,-0.0538728,0.00106368,50.8587,0.478975,-0.248302,0.28143
88.08,0.914152,-0.0245455,0.00260848,-0.40462,-0.00815117,-0.0107923,-0.00997273,-0.95754,-7.89555,0.387367,-0.0843054,-0.054373,0.0015259,45.9176,0.45196,-0.271938,0.318467
88.1,0.914131,-0.0245428,0.00254648,-0.404667,-0.0121873,-0.0203712,-0.00253252,-0.957062,-7.89504,0.387419,-0.080909,-0.0551478,0.00160356,48.6058,0.473733,-0.246693,0.265183
88.12,0.914125,-0.024577,0.00237883,-0.40468,-0.013897,-0.0263957,0.00153042,-0.956738,-7.8947,0.38747,-0.0781642,-0.0560147,-0.00130748,48.9503,0.46322,-0.268335,0.313845
88.14,0.914104,-0.0246695,0.00207477,-0.404725,0.00292616,-0.0166435,-0.00508993,-0.955208,-7.89369,0.387616,-0.0761461,-0.0550202,0.00395688,50.9943,0.532472,-0.0894996,0.0407401
88.16,0.91407,-0.0247095,0.00179945,-0.4048,0.00135249,-0.0128978,-0.00200772,-0.953893,-7.89282,0.387762,-0.0749349,-0.0516556,-0.00080851,50.6251,0.514926,-0.16913,0.14329
88.18,0.914054,-0.0247604,0.00172844,-0.404832,-0.00334408,-0.0145881,-0.00389269,-0.953495,-7.89255,0.3878,-0.0744217,-0.0508543,0.00289426,50.1366,0.498222,-0.180881,0.198132
88.2,0.914018,-0.0247231,0.00163717,-0.404916,0.0154658,0.00262012,-0.00608731,-0.952493,-7.89183,0.387917,-0.0746406,-0.0472389,0.000126877,51.0913,0.486082,-0.225329,0.262721
88.22,0.914003,-0.0247456,0.00163007,-0.404948,-0.0116454,-0.00266546,-0.00180224,-0.952193,-7.89159,0.387937,-0.073892,-0.0453183,-0.000100187,47.749,0.411931,-0.338816,0.420938
88.24,0.913963,-0.0246566,0.00168129,-0.405045,-0.0154623,-0.00581668,0.001348,-0.950011,-7.89022,0.38809,-0.0718974,-0.0437751,-0.00125097,49.2884,0.503591,-0.213272,0.201076
88.26,0.91395,-0.0246221,0.00169979,-0.405076,-0.00942366,0.0024949,-0.0025105,-0.949161,-7.88972,0.388157,-0.0706785,-0.0445854,-0.001238,51.5173,0.471738,-0.259367,0.284805
88.28,0.913938,-0.0246352,0.00164437,-0.405103,-0.00159309,-0.008557,0.00298833,-0.94828,-7.88923,0.388239,-0.0692103,-0.0443367,-0.000184113,50.5164,0.503718,-0.183489,0.199633
88.3,0.913908,-0.0247303,0.00157234,-0.405165,-0.0157817,-0.0101088,-0.00484935,-0.946792,-7.88849,0.388304,-0.0654393,-0.0423583,0.00123859,51.8418,0.495853,-0.223993,0.256269
88.32,0.913892,-0.0246926,0.00154506,-0.405203,-0.0132871,-0.00681472,-0.00397787,-0.945522,-7.88793,0.388303,-0.0637117,-0.0406554,0.0010066,46.9035,0.42087,-0.333304,0.425705
88.34,0.913879,-0.0246803,0.0015358,-0.405232,-0.0146943,-0.00839866,-0.000361136,-0.944343,-7.88741,0.388296,-0.0618384,-0.0390611,-0.000601478,52.2004,0.497219,-0.163675,0.144979
88.36,0.913855,-0.0246358,0.00153922,-0.40529,-0.00595142,-0.00140021,-0.00227842,-0.943241,-7.88694,0.388285,-0.0602506,-0.0380679,-0.000610884,44.9005,0.4818,-0.221934,0.23655
88.38,0.913828,-0.0245963,0.00153545,-0.405352,0.0108932,0.00717684,-0.0154064,-0.942807,-7.88678,0.388297,-0.059796,-0.0382907,0.00267154,51.2343,0.528478,-0.0915612,0.0406759
88.4,0.913774,-0.0245488,0.00152698,-0.405478,0.000173089,0.00351389,-0.0115279,-0.940655,-7.88593,0.388319,-0.0563871,-0.036642,0.00155344,51.0754,0.534237,-0.0940789,0.0566637
88.42,0.913774,-0.0244786,0.00151987,-0.405482,0.00836534,0.0065966,0.003359,-0.939986,-7.88567,0.388356,-0.0560156,-0.0363624,-0.000832048,47.8822,0.491186,-0.222717,0.215794
88.44,0.913762,-0.0245393,0.00149373,-0.405505,-0.00793951,-0.00310322,0.000496107,-0.938084,-7.88498,0.388426,-0.0525878,-0.035495,0.000913646,50.8017,0.518294,-0.0805846,0.0447825
88.46,0.913753,-0.0245011,0.001471,-0.405528,0.0113574,0.00473468,-0.00405153,-0.937493,-7.88478,0.388464,-0.0529096,-0.0360848,0.000388989,48.9802,0.520046,-0.141266,0.134937
88.48,0.913719,-0.0245779,0.00138695,-0.405601,-0.0152185,-0.0195323,-0.00449252,-0.935828,-7.88425,0.388528,-0.0492759,-0.0345099,3.96513e-05,50.9239,0.407142,-0.341201,0.459488
88.5,0.913692,-0.0245622,0.00131618,-0.405663,-0.00652901,-0.0116151,-0.00252025,-0.934863,-7.88402,0.388577,-0.0473998,-0.0342085,-0.00196003,49.1085,0.452195,-0.299428,0.361653
88.52,0.913657,-0.0245943,0.00119251,-0.40574,-0.000984156,-0.00725858,-0.00389379,-0.93302,-7.88336,0.388643,-0.0446298,-0.0325481,0.00167572,48.8998,0.528044,-0.131158,0.0911505
88.54,0.913641,-0.0245602,0.00116649,-0.405779,-0.00953471,-0.000629266,-0.0023507,-0.931762,-7.88286,0.388692,-0.0436017,-0.0304679,0.00137779,47.589,0.470099,-0.259966,0.329843
88.56,0.913605,-0.0245389,0.00118295,-0.405861,-0.0108097,-0.00324054,-0.00881608,-0.930591,-7.88239,0.388727,-0.043,-0.0285987,-0.000188363,51.3461,0.505615,-0.185293,0.202117
88.58,0.913566,-0.0244178,0.00122532,-0.405955,0.0199853,0.0163578,-0.00640343,-0.928988,-7.88177,0.388775,-0.0424692,-0.0288411,-0.000985221,49.5875,0.531688,-0.126215,0.101351
88.6,0.913571,-0.024405,0.00126876,-0.405944,0.00937464,0.00952375,0.011803,-0.928072,-7.88147,0.388783,-0.041331,-0.0291163,0.00247818,47.6841,0.488893,-0.185067,0.213605
88.62,0.913563,-0.0243873,0.00130755,-0.405962,0.00589758,0.00913408,-0.00696703,-0.926836,-7.88085,0.38877,-0.0407371,-0.0282176,0.00209148,50.407,0.504285,-0.209667,0.21404
88.64,0.913564,-0.0243492,0.00133472,-0.405963,-0.00183203,0.00638174,0.00762341,-0.926254,-7.88057,0.388768,-0.0400933,-0.0273953,-0.00249849,52.3951,0.518477,-0.161745,0.157112
88.66,0.913493,-0.0243173,0.00141322,-0.406125,0.0092275,0.0110601,-0.00420675,-0.924088,-7.87953,0.388748,-0.0371554,-0.0247898,-0.00123279,49.16,0.491852,-0.220823,0.236306
88.68,0.913486,-0.024356,0.00141634,-0.406138,-0.0122227,-0.0033163,-0.000501466,-0.923581,-7.87929,0.388735,-0.0359079,-0.0239373,0.00153855,50.8914,0.442957,-0.295003,0.393782
88.7,0.913486,-0.0243348,0.001464,-0.40614,-0.0125502,-0.00347957,0.00492777,-0.922612,-7.87884,0.388719,-0.0337403,-0.0228715,0.00011657,45.2953,0.505377,-0.162735,0.160632
88.72,0.913483,-0.0242616,0.0015353,-0.406151,0.0119317,0.0140107,0.00409077,-0.920833,-7.87774,0.388748,-0.0328327,-0.022218,0.00180934,48.4962,0.526474,-0.0171678,-0.0708845
88.74,0.913457,-0.0242584,0.00156646,-0.406208,0.00510704,0.0085327,-0.00326239,-0.919712,-7.87706,0.38877,-0.0319907,-0.0220966,0.00203795,49.3013,0.505732,-0.193464,0.216915
88.76,0.913411,-0.0242193,0.00158903,-0.406314,-0.00371354,0.00464751,-0.00277617,-0.91815,-7.87615,0.388797,-0.0293323,-0.0216489,-0.00231277,52.5083,0.506195,-0.157586,0.14699
88.78,0.91339,-0.0242453,0.00156012,-0.40636,0.00365852,-0.00101628,0.00507011,-0.917172,-7.87562,0.388819,-0.0275425,-0.021888,-0.00203529,48.5347,0.483964,-0.190445,0.196453
88.8,0.913381,-0.0242759,0.00150302,-0.406379,0.00885916,-0.00112715,0.0027321,-0.916232,-7.87515,0.388842,-0.0254307,-0.0219583,-0.00118996,50.5096,0.476595,-0.215237,0.248709
88.82,0.913374,-0.0243131,0.0014688,-0.406393,-0.00570515,-0.0195797,-0.00132546,-0.915616,-7.87477,0.388877,-0.0237365,-0.0209704,0.00111393,50.8437,0.481155,-0.173307,0.221951
88.84,0.91334,-0.0242614,0.00135481,-0.406473,0.00884042,0.000419681,-0.00022498,-0.913899,-7.87373,0.389027,-0.022388,-0.0196839,0.00256286,46.3703,0.535186,-0.0609296,0.019725
88.86,0.913305,-0.0242795,0.00128238,-0.40655,0.00565393,-0.00254901,-0.00355124,-0.912811,-7.87306,0.389104,-0.0216706,-0.0184482,0.00221735,49.6436,0.506564,-0.150144,0.180659
88.88,0.913288,-0.0241999,0.00122029,-0.406594,-0.00181856,0.00671811,-0.00222876,-0.911309,-7.87213,0.389218,-0.0205477,-0.0155623,-0.00244847,46.7336,0.481199,-0.198349,0.238127
88.9,0.913284,-0.0242282,0.00118692,-0.4066,-0.000975298,0.000772066,-0.00383737,-0.910836,-7.87184,0.389249,-0.0202714,-0.0156756,0.00227395,49.0693,0.49304,-0.181086,0.185436
88.92,0.913255,-0.024178,0.00122822,-0.406669,-0.0240501,-0.00317993,0.00482363,-0.908815,-7.87044,0.389492,-0.018778,-0.0128816,0.00129255,50.8803,0.506466,-0.152856,0.153463
88.94,0.913221,-0.0241456,0.00126023,-0.406746,-0.0159503,-0.00416112,-0.00609321,-0.907775,-7.86966,0.389667,-0.0178779,-0.011422,-0.001998,50.0797,0.520647,-0.156005,0.144096
88.96,0.913205,-0.0241081,0.0012894,-0.406785,0.00838384,0.0131543,-0.00587989,-0.907264,-7.86927,0.389754,-0.0184292,-0.0117686,0.00306404,47.3913,0.538346,-0.110897,0.0995398
88.98,0.913189,-0.0241002,0.00132127,-0.406821,0.00808073,0.0140473,-0.00205362,-0.906267,-7.86851,0.389914,-0.0168222,-0.0108702,0.00266972,50.8384,0.506043,-0.223631,0.252774
89,0.913177,-0.0240443,0.00135804,-0.40685,-0.00450023,0.00181495,0.000407172,-0.90483,-7.86743,0.390141,-0.01437,-0.0094007,-0.00179568,50.9341,0.506171,-0.188742,0.208259
89.02,0.913149,-0.02406,0.00133893,-0.406912,-0.00187612,-0.00994837,-0.0050839,-0.903069,-7.86601,0.390461,-0.0119517,-0.00847186,0.00223636,50.6402,0.540298,-0.159537,0.141273
89.04,0.913114,-0.0240416,0.00133179,-0.406992,-0.0107736,-0.00674784,-0.00541273,-0.901987,-7.86515,0.390675,-0.0105117,-0.00737647,-0.000578133,50.6188,0.523104,-0.12499,0.0897837
89.06,0.913095,-0.0240437,0.00133189,-0.407035,-0.0146927,-0.00980814,-0.0051832,-0.900937,-7.86433,0.390878,-0.00940965,-0.00660701,-0.000972786,49.4012,0.51728,-0.134374,0.101548
89.08,0.913087,-0.024019,0.00130974,-0.407054,0.0132055,0.000579393,-0.00122969,-0.900428,-7.86393,0.390983,-0.0101189,-0.00694948,0.00375524,49.3792,0.523159,-0.159358,0.138944
89.1,0.913082,-0.0240426,0.00127847,-0.407066,-0.00798366,-0.005447,0.00159088,-0.898999,-7.86279,0.391275,-0.00856357,-0.00444952,-0.00100104,49.3858,0.517334,-0.152502,0.143468
89.12,0.913056,-0.0240395,0.00124331,-0.407124,-0.00217564,-0.00101771,-0.0083998,-0.897813,-7.86178,0.391549,-0.00800276,-0.00291707,-0.000990201,49.723,0.508476,-0.110066,0.0910531
89.14,0.913013,-0.0240812,0.00121659,-0.407216,-0.00135501,-0.000232417,0.000698911,-0.896149,-7.86032,0.391931,-0.0069216,-0.0013804,0.00372453,49.1508,0.489466,-0.236225,0.266366
89.16,0.91301,-0.0240198,0.00121404,-0.407228,0.0103394,0.00824676,0.00398927,-0.895623,-7.85985,0.392058,-0.00632307,7.24032e-05,-0.0009335,47.0133,0.536756,-0.0208717,-0.0596797
89.18,0.912998,-0.0240376,0.0012094,-0.407254,-0.0128295,-0.0101256,-0.0021832,-0.894122,-7.85849,0.392384,-0.00472971,0.0016997,-0.00035374,47.3798,0.411122,-0.342274,0.450375
89.2,0.912976,-0.0239942,0.00122525,-0.407306,-0.00986922,-2.79669e-05,-0.00913073,-0.893177,-7.85763,0.392599,-0.00403888,0.0025647,-0.000712302,50.6645,0.534148,-0.106616,0.0499091
89.22,0.912951,-0.0239883,0.00125298,-0.407361,-0.00846548,0.00483061,-0.00754768,-0.892055,-7.8566,0.392869,-0.00326806,0.0034349,-0.000587003,47.8121,0.497795,-0.19165,0.219943
89.24,0.91292,-0.0239981,0.00125515,-0.407431,0.00362101,0.0009345,-0.000426818,-0.890466,-7.85513,0.393254,-0.00213165,0.00400581,0.00400867,50.6141,0.519062,-0.0622274,0.0176934
89.26,0.912915,-0.0239246,0.00125035,-0.407446,0.00349002,0.00329689,0.00113931,-0.889958,-7.85466,0.393375,-0.000981978,0.0054378,-0.000577606,52.4225,0.481752,-0.201215,0.2431
89.28,0.912899,-0.0239869,0.0012452,-0.407478,-0.01651,-0.00555966,-0.00582853,-0.888499,-7.85329,0.393742,0.000623974,0.00673746,0.00102968,50.3506,0.520938,-0.0937095,0.0571381
89.3,0.912882,-0.0239633,0.00123338,-0.407519,-0.0119312,-0.00580814,0.00453399,-0.887575,-7.85243,0.393969,0.00194451,0.0073167,0.000690812,48.0337,0.478794,-0.213815,0.281098
89.32,0.91285,-0.0239154,0.00119962,-0.407592,0.0185252,0.00413741,-0.00500731,-0.885944,-7.85093,0.39437,0.00233508,0.00771287,0.00472066,50.8547,0.526417,-0.108442,0.0828222
89.34,0.912843,-0.0239053,0.0011882,-0.407609,-0.00588372,0.000438601,-0.000428188,-0.885425,-7.85045,0.394492,0.00382232,0.00903799,0.000222994,50.9267,0.548047,-0.00896165,-0.0889918
89.36,0.912829,-0.0239052,0.00117603,-0.407641,-0.00941009,-0.00319376,-0.00347817,-0.884414,-7.84951,0.394737,0.004358,0.0100915,0.000314415,47.0634,0.502383,-0.195029,0.233444
89.38,0.912804,-0.0239362,0.00116703,-0.407693,-0.00605219,-0.00664677,-0.00226959,-0.882971,-7.84817,0.395035,0.00526766,0.0102531,0.00229019,47.1541,0.507106,-0.180145,0.194949
89.4,0.912779,-0.0239541,0.00115746,-0.407749,-0.0174791,-0.00374101,-0.0096016,-0.882075,-7.84735,0.395221,0.00613225,0.0103569,0.00283211,49.7694,0.528386,-0.0822744,0.0361547
89.42,0.91275,-0.0239601,0.0011032,-0.407813,-0.011522,-0.00969944,-0.00839892,-0.881013,-7.84641,0.395309,0.00779379,0.0111918,0.00189788,48.857,0.513002,-0.102059,0.0765037
89.44,0.912721,-0.0239841,0.00103093,-0.407879,-0.0166045,-0.011551,-0.00310213,-0.878971,-7.84463,0.395499,0.0101434,0.0123698,-0.00117701,51.4201,0.531017,-0.0670061,0.0289164
89.46,0.912715,-0.0239995,0.000984058,-0.40789,-0.00152356,-0.00712762,0.00204339,-0.878009,-7.84381,0.395588,0.0108357,0.0127843,-0.00123137,49.8215,0.523324,0.0307691,-0.0890784
89.48,0.9127,-0.0240494,0.000965217,-0.40792,-0.00227884,-0.00316867,-0.0069055,-0.877539,-7.84341,0.395627,0.0108107,0.0123323,0.00358487,52.3851,0.499965,-0.209324,0.243733
89.5,0.912691,-0.024076,0.000909291,-0.40794,-0.0135428,-0.00589069,0.00100299,-0.876637,-7.84264,0.395714,0.011263,0.0128409,0.0039824,48.5011,0.483887,-0.207599,0.241273
89.52,0.912667,-0.0241098,0.000853007,-0.407991,-0.0172958,-0.0126504,-0.00538677,-0.875668,-7.84188,0.395693,0.0126042,0.013569,0.00321992,47.7584,0.517019,-0.0392665,-0.000481652
89.54,0.912636,-0.0240832,0.00075306,-0.408063,0.00705016,0.000981126,-0.0062895,-0.874238,-7.84078,0.395663,0.0139603,0.014046,0.00425788,47.3189,0.514657,-0.0520372,-0.00598715
89.56,0.912623,-0.0240925,0.000713023,-0.408092,0.0110225,0.00641768,-0.00482425,-0.873338,-7.84009,0.395658,0.0141122,0.0147485,0.00396128,45.5352,0.500993,-0.136505,0.148209
89.58,0.912607,-0.0241082,0.000681835,-0.408126,-0.009741,-0.00651057,0.00808235,-0.872068,-7.8391,0.395628,0.0153324,0.0169566,-0.00125388,49.1686,0.520148,-0.108621,0.0655326
89.6,0.912576,-0.0240871,0.0006602,-0.408196,0.00223315,-0.000460687,-0.00314687,-0.871287,-7.83848,0.395606,0.0157001,0.017888,-0.00124234,47.9239,0.515304,-0.108001,0.106342
89.62,0.912546,-0.0240652,0.000672938,-0.408265,0.0110924,0.00779188,-0.00765006,-0.870508,-7.83787,0.395509,0.0155814,0.0180564,-0.00113585,51.9555,0.531297,-0.101406,0.0542365
89.64,0.912527,-0.0240982,0.00071003,-0.408307,-0.0121616,-0.00342638,0.0043141,-0.869374,-7.83696,0.395353,0.0171116,0.0186701,-0.000721536,50.7804,0.517556,-0.116986,0.11502
89.66,0.91252,-0.0240491,0.00070891,-0.408323,0.012606,0.0113007,0.00172728,-0.869016,-7.83668,0.395317,0.0160887,0.0180671,0.00284469,47.6893,0.504235,-0.104849,0.112514
89.68,0.912498,-0.0240742,0.000753853,-0.408372,0.0103157,0.0159194,-0.00358242,-0.868324,-7.83614,0.395228,0.0165612,0.0185527,0.00342926,47.9564,0.541035,-0.0381935,-0.0107564
89.7,0.912478,-0.024091,0.000768193,-0.408415,0.00606194,0.00536939,0.000140223,-0.867652,-7.83561,0.395143,0.0175492,0.0185585,0.0031651,51.0897,0.503421,-0.133202,0.13808
89.72,0.912436,-0.0240864,0.000797084,-0.408509,0.00049355,0.00216257,-0.00363798,-0.86642,-7.83468,0.394919,0.0191229,0.0189577,0.00353418,51.1619,0.511212,-0.144928,0.159332
89.74,0.912435,-0.0240391,0.000805291,-0.408515,0.00487402,0.0052008,-0.00103407,-0.86613,-7.83447,0.394868,0.0193978,0.0196627,-0.000960498,51.5428,0.527148,-0.0934988,0.0510154
89.76,0.912415,-0.0240854,0.000818079,-0.408556,-0.0145461,-0.00461622,0.000219792,-0.865253,-7.83382,0.394706,0.0205518,0.0198085,-0.000752973,47.7912,0.515455,-0.0746555,0.0538896
89.78,0.912406,-0.0240516,0.000825336,-0.408578,0.0119393,0.0117913,-0.00132854,-0.864978,-7.83362,0.39466,0.0195493,0.0188738,0.00253497,45.2034,0.529821,-0.0102408,-0.0683398
89.8,0.912362,-0.0241007,0.000867865,-0.408674,-0.0137464,-0.00578111,-0.00909427,-0.864207,-7.83306,0.394496,0.0210171,0.0203975,-0.00163268,49.8775,0.530226,0.0695966,-0.188768
89.82,0.912344,-0.0240834,0.000889957,-0.408714,-0.00543094,-0.00255044,0.00118936,-0.863752,-7.83276,0.394379,0.0211976,0.0204268,-0.00218526,51.3551,0.53534,-0.0416577,-0.0397784
89.84,0.912329,-0.0240738,0.000941212,-0.408748,-0.00309604,0.00694922,0.000149864,-0.863322,-7.83249,0.394247,0.0216743,0.0203614,-0.00235278,46.1482,0.519498,-0.105461,0.121586
89.86,0.912316,-0.0240703,0.000977066,-0.408777,0.00710543,0.00721188,0.00792961,-0.862906,-7.83224,0.394118,0.0217119,0.0206707,-0.00207186,51.3792,0.534734,0.0601649,-0.164925
89.88,0.912295,-0.0240528,0.00101181,-0.408825,0.01574,0.0112888,-0.00693157,-0.862462,-7.83197,0.394014,0.0217766,0.0195427,0.00123521,49.4783,0.52953,-0.0360889,-0.0483707
89.9,0.91226,-0.0240952,0.00105974,-0.408901,0.0148541,0.0106247,0.000200794,-0.861682,-7.83156,0.393767,0.0226572,0.0190953,0.00224976,50.0166,0.52188,-0.00824287,-0.0723882
89.92,0.912258,-0.0241387,0.00105284,-0.408903,-0.0137986,-0.0134386,0.00596211,-0.8615,-7.8315,0.393697,0.0248089,0.0197615,-0.00203273,49.5935,0.506797,-0.134461,0.142921
89.94,0.912226,-0.0241386,0.00101287,-0.408974,0.00596573,0.000579548,-0.00537885,-0.860948,-7.83134,0.393517,0.02426,0.019008,0.00235428,48.6191,0.520517,-0.0696912,0.0477904
89.96,0.912205,-0.0241059,0.00102215,-0.409024,0.00256781,0.0017545,-0.00241849,-0.86043,-7.83119,0.393339,0.024577,0.0203679,-0.00280801,48.9251,0.515713,-0.122031,0.12754
89.98,0.912189,-0.0241634,0.00101661,-0.409055,-0.0108529,-0.00301263,-0.00424889,-0.860221,-7.8311,0.393268,0.0248913,0.0203189,-0.001522,48.2653,0.512898,-0.127461,0.118956
90,0.912173,-0.024143,0.00103624,-0.409092,-0.00589193,-0.00587686,0.00128083,-0.859891,-7.831,0.393145,0.0254191,0.0204894,-0.00168699,51.9422,0.52165,0.0566455,-0.195206
90.02,0.91216,-0.0241606,0.00109297,-0.409121,-0.0155532,-0.00557697,0.00453098,-0.859601,-7.83098,0.392978,0.0254659,0.0202082,-0.0021341,44.4215,0.481909,-0.221052,0.288866
90.04,0.912141,-0.0241218,0.00115665,-0.409164,0.00905868,0.00958173,-0.00166295,-0.859179,-7.83096,0.392744,0.024366,0.0189675,0.000758943,49.1723,0.504013,-0.210364,0.218066
90.06,0.912136,-0.0241463,0.00119402,-0.409174,-0.0154153,-0.000726232,-0.00140152,-0.859043,-7.83096,0.39266,0.0254045,0.0195954,-0.0034851,49.3546,0.536465,-0.0332512,-0.0336788
90.08,0.912086,-0.0241477,0.00123939,-0.409285,0.00111556,0.00891815,-0.00363272,-0.858502,-7.83098,0.392352,0.0259172,0.0186008,-0.00383866,51.6737,0.536957,0.0511704,-0.142948
90.1,0.912075,-0.0241774,0.00122616,-0.409308,0.0112363,-0.000820404,0.00354773,-0.858188,-7.831,0.392169,0.0257321,0.017411,-0.00168372,47.8486,0.532689,-0.0477823,0.00983467
90.12,0.912062,-0.0241885,0.00119805,-0.409336,0.0147296,-0.00240952,0.00239623,-0.857916,-7.83108,0.391979,0.0258282,0.0167503,-0.000570147,51.6424,0.518372,-0.100801,0.0842177
90.14,0.912035,-0.0242657,0.00116292,-0.409393,-0.0172142,-0.0103219,0.000363507,-0.857505,-7.83121,0.3917,0.0274771,0.0174102,-0.00328,47.8732,0.499909,-0.176441,0.198746
90.16,0.912015,-0.0242627,0.00112015,-0.409438,-0.00699973,-0.00839833,-0.00104116,-0.857234,-7.83129,0.39152,0.0274881,0.0170938,-0.00349248,50.2735,0.512579,-0.069302,0.0330023
90.18,0.912003,-0.0242143,0.00111707,-0.409467,0.00548128,-0.0013451,0.00438569,-0.856971,-7.83138,0.391349,0.0269546,0.0172819,-0.00480367,46.6964,0.50995,-0.166178,0.191293
90.2,0.912004,-0.0242402,0.00111823,-0.409463,0.00277339,0.00243388,0.00341249,-0.85668,-7.83144,0.391179,0.0259297,0.016877,-0.00304641,49.8198,0.533428,0.0513195,-0.167102
90.22,0.911998,-0.0242776,0.00112658,-0.409474,-0.00507052,0.0025642,-0.0013151,-0.856576,-7.83148,0.391083,0.026519,0.0178021,-0.00229662,51.9075,0.511378,-0.151164,0.150021
90.24,0.911973,-0.0242778,0.00120511,-0.40953,-0.0164196,0.00808787,-0.0125277,-0.856353,-7.83157,0.390915,0.0260459,0.0179091,-0.0030986,48.3329,0.521678,-0.112906,0.100919
90.26,0.911943,-0.0242743,0.00128057,-0.409596,-0.0193895,0.000230755,-0.0079629,-0.856139,-7.83166,0.390753,0.0256115,0.0178096,-0.00407334,48.5867,0.541917,-0.0549423,0.00766273
90.28,0.911929,-0.0242028,0.0014677,-0.409632,-0.0156809,0.00460654,0.011391,-0.855749,-7.83184,0.390443,0.0245914,0.0167789,-0.00469643,51.924,0.527598,-0.106375,0.0622357
90.3,0.911931,-0.0241943,0.00152877,-0.409626,-0.00388609,0.0046439,0.0067563,-0.855568,-7.83194,0.390297,0.0244013,0.0158135,-0.00454439,47.9857,0.521798,-0.106259,0.0747385
90.32,0.911907,-0.0241964,0.00158388,-0.40968,0.00171347,0.0100872,0.000733387,-0.855317,-7.83205,0.390157,0.0240612,0.0140653,-0.00345676,49.6204,0.535195,0.00890599,-0.100948
90.34,0.911883,-0.0242226,0.00164098,-0.409731,0.00176648,0.00992977,0.000418781,-0.85509,-7.8322,0.390011,0.0243905,0.0128535,-0.00255728,49.2489,0.540321,-0.0480926,-0.000703251
90.36,0.911867,-0.0242726,0.00168221,-0.409763,0.00676928,0.0110915,0.00297267,-0.854858,-7.83235,0.389869,0.0246861,0.0119029,-0.00194364,49.722,0.534089,-0.0479871,0.00140011
90.38,0.911864,-0.0243482,0.00170757,-0.409767,-0.0144667,-0.00489979,0.00568948,-0.854515,-7.8326,0.389658,0.0257912,0.0122489,-0.00359915,50.3085,0.524187,-0.118913,0.120172
90.4,0.911857,-0.0243367,0.00170115,-0.409783,0.0176772,0.00635972,0.00268091,-0.854403,-7.83268,0.389602,0.0244953,0.0111973,-0.000933528,46.3067,0.490841,-0.224632,0.23879
90.42,0.911824,-0.0243356,0.00170106,-0.409857,-0.0100594,-0.0032052,0.00566303,-0.854113,-7.83296,0.389358,0.0253594,0.0115674,-0.00485162,51.292,0.549773,-0.00346018,-0.0784604
90.44,0.911792,-0.0243878,0.00175261,-0.409925,-0.0114971,-0.00160744,0.00245039,-0.853843,-7.83323,0.389117,0.0247754,0.0111926,-0.0020508,50.0455,0.514784,-0.138663,0.126435
90.46,0.911794,-0.0243296,0.00179842,-0.409922,0.0159371,0.0109552,0.00816888,-0.853772,-7.83333,0.389051,0.0232863,0.0103229,-0.00282849,49.5429,0.521415,-0.194613,0.25596
90.48,0.911765,-0.024367,0.00192851,-0.409984,0.00379086,0.00859414,-0.00424174,-0.853492,-7.83372,0.38876,0.022826,0.00856438,-0.00163952,49.3115,0.526018,-0.0198118,-0.046666
90.5,0.911757,-0.024415,0.00197887,-0.409998,-0.0260615,0.00213527,-0.00445552,-0.853422,-7.83383,0.388683,0.0241461,0.00884938,-0.00336474,48.8082,0.527937,-0.130339,0.119964
90.52,0.911703,-0.024408,0.00199579,-0.410119,0.00772863,0.00788018,-0.00606533,-0.853247,-7.83414,0.388404,0.0271075,0.00556996,-0.000636243,49.1527,0.528877,-0.0628953,0.0572371
90.54,0.91168,-0.0244522,0.00196992,-0.410168,0.0026826,-0.00519367,-0.00259276,-0.853096,-7.83438,0.388222,0.0284783,0.0047437,-0.000868018,48.0585,0.489748,-0.218426,0.263871
90.56,0.911671,-0.0245004,0.00187155,-0.410185,0.00589763,-0.0211057,-0.0027066,-0.85292,-7.83463,0.388045,0.0296058,0.00388017,-0.00115151,47.1073,0.528387,0.0342428,-0.103606
90.58,0.911679,-0.024469,0.00181938,-0.410171,0.0112599,-0.0109177,0.010517,-0.852828,-7.83476,0.387967,0.029446,0.00361759,-0.0049243,51.8128,0.547736,0.0143226,-0.0846254
90.6,0.911623,-0.0245611,0.00150709,-0.410291,0.0158113,-0.00949507,-0.00482851,-0.852433,-7.83531,0.387666,0.029495,0.00202088,-0.00330224,48.0394,0.504744,-0.17453,0.194484
90.62,0.911617,-0.0246376,0.00143609,-0.4103,-0.0180807,-0.0270921,-0.000929741,-0.852341,-7.83546,0.387576,0.0301117,0.00231739,-0.00411652,49.4134,0.506548,-0.137679,0.158198
90.64,0.911588,-0.0246811,0.0012793,-0.410361,0.0153744,-0.00250225,-0.00410152,-0.852259,-7.83593,0.387393,0.0279279,0.00185142,-2.11165e-05,47.5242,0.50167,-0.225002,0.250172
90.66,0.91159,-0.024713,0.00122594,-0.410356,-0.00135864,8.67331e-05,-0.0074953,-0.852214,-7.83623,0.387267,0.0267402,0.00255222,-0.000665727,51.6885,0.5248,-0.0824421,0.0600427
90.68,0.91157,-0.0247366,0.00123217,-0.410398,-0.00477202,0.00677017,-0.0138814,-0.852187,-7.83651,0.387143,0.0251587,0.00292476,-0.00063816,50.4575,0.540881,-0.1065,0.0630389
90.7,0.911531,-0.0247179,0.00126838,-0.410485,0.00867209,0.00821031,0.0019111,-0.852208,-7.83694,0.386973,0.0240835,0.00373082,-0.00473389,50.6677,0.519682,-0.121735,0.110922
90.72,0.911516,-0.0247728,0.00127117,-0.410515,-0.00559871,-0.010161,-0.000331575,-0.85223,-7.83709,0.38691,0.0246914,0.00349726,-0.00105814,51.9776,0.539966,-0.0768577,0.0648406
90.74,0.911489,-0.0247525,0.00129699,-0.410576,0.00985279,0.00834103,0.000919053,-0.852233,-7.83756,0.386728,0.0250252,0.00245208,-0.000846801,49.569,0.528192,-0.0632464,0.0422994
90.76,0.911489,-0.0247831,0.00131566,-0.410575,-0.0151038,-0.00564866,0.00133154,-0.852238,-7.83771,0.386668,0.0259383,0.00298189,-0.00566931,47.9691,0.506515,-0.126974,0.140266
90.78,0.911471,-0.024794,0.00132319,-0.410615,0.00936894,0.00743707,-0.00478653,-0.85223,-7.83819,0.386505,0.0249862,0.000984959,-0.00108265,50.8275,0.513713,-0.173766,0.195389
90.8,0.911454,-0.0248182,0.00132949,-0.410649,0.00130905,0.00078258,-0.00156159,-0.852226,-7.83851,0.386388,0.0239859,0.00111801,-0.00158812,47.1205,0.536334,-0.0456217,-0.000607888
90.82,0.911437,-0.0248361,0.0013679,-0.410688,-0.00984146,-0.00122459,0.000226693,-0.852338,-7.83889,0.386304,0.0230242,0.00127134,-0.00212218,49.5117,0.527284,-0.0968267,0.0828298
90.84,0.911428,-0.0248169,0.00145653,-0.410707,-0.0129841,0.00315235,0.00283119,-0.852477,-7.83924,0.386211,0.0216638,0.00194235,-0.00260133,50.9809,0.503199,-0.102825,0.0826123
90.86,0.911421,-0.0247673,0.00166215,-0.410727,0.0116204,0.0295096,-0.00236676,-0.852718,-7.83972,0.38608,0.0183167,0.00227139,-0.00299012,48.5393,0.520228,0.0153604,-0.0758749
90.88,0.911392,-0.0247676,0.00192453,-0.41079,-0.0201909,0.0112792,0.00293274,-0.852996,-7.8402,0.385926,0.0187243,0.0019359,-0.00741816,48.565,0.540234,-0.0219209,-0.0319699
90.9,0.911371,-0.0247437,0.00201297,-0.410836,0.00157166,0.0244193,-0.00532121,-0.853082,-7.84036,0.385877,0.017711,0.000939077,-0.00301943,48.1903,0.477657,-0.212049,0.277682
90.92,0.911349,-0.0247544,0.00225269,-0.410884,-0.00867627,0.00956261,-0.0015782,-0.853606,-7.84115,0.38578,0.0187087,-0.00227615,-0.00294904,45.6896,0.516333,-0.124408,0.13492
90.94,0.911343,-0.024691,0.00226833,-0.410901,0.00992205,0.00655961,0.00178754,-0.85372,-7.84136,0.385761,0.0196307,-0.00256494,-0.00692915,50.0994,0.544142,-0.0205298,-0.0435343
90.96,0.911304,-0.0247656,0.00223196,-0.410982,-0.0150819,-0.00959434,-0.00735019,-0.853967,-7.84203,0.385703,0.0215625,-0.00461928,-0.00572836,50.5564,0.544612,-0.0642115,0.00282698
90.98,0.91129,-0.0247474,0.00219062,-0.411015,0.0172311,-0.00381401,-0.00680459,-0.854043,-7.84225,0.385691,0.0208843,-0.0058273,-0.00257242,49.9757,0.518527,-0.115179,0.108571
91,0.911265,-0.0248173,0.00211313,-0.411067,0.00997394,-0.00373941,-0.00681692,-0.854174,-7.84271,0.385651,0.0214578,-0.0068545,-0.00217394,50.0175,0.539866,-0.068096,-0.00216905
91.02,0.911241,-0.0248684,0.00198431,-0.411118,0.0172589,-0.0144828,-0.0103113,-0.854387,-7.8432,0.385619,0.0215932,-0.00779665,-0.00227479,48.5593,0.532541,-0.0508194,-0.0303084
91.04,0.911206,-0.0249808,0.00171327,-0.411189,0.00229975,-0.0243897,-0.00138556,-0.854975,-7.84424,0.385589,0.0210778,-0.00899318,-0.00193771,51.2159,0.53704,0.00215989,-0.0666411
91.06,0.911178,-0.0250206,0.00161022,-0.411248,-0.0162048,-0.017281,-0.0026344,-0.855224,-7.84476,0.385558,0.020549,-0.00808288,-0.00515564,50.1186,0.519947,-0.123489,0.112734
91.08,0.911164,-0.0249934,0.00154559,-0.411282,0.0148541,-0.00805178,-0.0041215,-0.855366,-7.845,0.38556,0.0188062,-0.00878709,-0.00301508,47.9994,0.489044,-0.202111,0.254862
91.1,0.911151,-0.0250291,0.00147775,-0.41131,0.0164488,-0.000259917,0.00538818,-0.855651,-7.84549,0.385546,0.017332,-0.00857642,-0.00285464,48.2816,0.514486,-0.146398,0.128439
91.12,0.911117,-0.0251382,0.00140583,-0.411377,0.0108811,0.007172,-0.00205355,-0.856466,-7.84643,0.385669,0.0150152,-0.00804884,-0.0020402,48.1462,0.536472,-0.0490685,0.00931062
91.14,0.91109,-0.0251652,0.00139497,-0.411437,0.00109474,-0.000619166,-0.00574463,-0.856912,-7.84689,0.385751,0.0137706,-0.00801351,-0.0015608,49.0849,0.535921,0.0156806,-0.0626261
91.16,0.911076,-0.0251588,0.001407,-0.411467,-0.00694313,-0.00291028,-0.00539474,-0.857134,-7.84711,0.385791,0.014331,-0.00722923,-0.00677721,49.6786,0.53931,-0.0649467,0.00126997
91.18,0.911056,-0.0251393,0.00140742,-0.411514,0.00959671,0.00305051,0.00186649,-0.857566,-7.84756,0.385866,0.0133475,-0.0075271,-0.00652528,49.9375,0.525017,-0.143466,0.14039
91.2,0.911043,-0.0252133,0.00144148,-0.411537,-0.0181575,-0.00785089,0.00179274,-0.858172,-7.84824,0.385943,0.013005,-0.00838579,-0.00533385,50.5369,0.525641,-0.152114,0.162801
91.22,0.91101,-0.0251709,0.0014593,-0.411612,0.0250267,0.0105514,-0.00950871,-0.859002,-7.84884,0.386241,0.0103954,-0.0096386,-0.00274313,51.5323,0.541565,-0.0579831,0.0135213
91.24,0.910998,-0.025209,0.00145488,-0.411636,-0.0147904,-0.00586136,-0.00828682,-0.859272,-7.84904,0.386324,0.011653,-0.00915289,-0.00549367,48.9745,0.533682,-0.0884191,0.0699655
91.26,0.910962,-0.0252406,0.00145463,-0.411715,0.00174164,0.00066022,-0.00283537,-0.860051,-7.84959,0.386592,0.0112984,-0.0107251,-0.00147107,48.8725,0.538191,-0.0924122,0.0702163
91.28,0.910955,-0.0252136,0.00141521,-0.411732,-0.00589023,-0.0136907,-0.00652794,-0.860293,-7.84978,0.386671,0.0124905,-0.0106779,-0.0051211,51.8277,0.49389,-0.227847,0.278118
91.3,0.910915,-0.0252751,0.0012743,-0.411817,0.00189809,-0.0163072,-0.0112467,-0.860925,-7.85041,0.386912,0.0143299,-0.0135874,-0.00272606,48.2642,0.528687,-0.0209295,-0.0558257
91.32,0.910897,-0.0253708,0.00103209,-0.411852,-0.00756023,-0.032043,2.46703e-05,-0.861376,-7.85082,0.387101,0.0147404,-0.0160754,-0.00299696,48.1858,0.492457,-0.182356,0.214751
91.34,0.910861,-0.0254829,0.000636425,-0.411926,0.0147687,-0.0252291,0.000929851,-0.86209,-7.85141,0.387425,0.0134657,-0.0181892,-0.000311036,50.1572,0.489557,-0.199462,0.228523
91.36,0.91086,-0.0255444,0.000471546,-0.411924,-0.00309632,-0.0417853,0.000830291,-0.862318,-7.85162,0.387524,0.0145601,-0.0181002,-0.00283223,48.3314,0.531963,-0.0824862,0.0422709
91.38,0.910844,-0.0256684,0.000165533,-0.411953,0.00915783,-0.0231201,-0.00792328,-0.863012,-7.85222,0.387829,0.0097339,-0.016813,0.000227389,48.2861,0.549682,-0.0535905,-0.0043572
91.4,0.910817,-0.0256841,3.77951e-05,-0.41201,0.00170973,0.00388481,0.000512513,-0.863822,-7.85276,0.38816,0.00457152,-0.014774,-0.00168606,49.5181,0.547454,-0.00406526,-0.0492887
91.42,0.910807,-0.0257178,5.95408e-05,-0.412031,-0.00410302,0.00627077,-0.00481863,-0.864148,-7.8529,0.388279,0.00315002,-0.0140658,-0.00135068,51.8026,0.495472,-0.191162,0.232819
91.44,0.910809,-0.0257228,0.000243828,-0.412026,0.004232,0.0102785,0.00806955,-0.865182,-7.85331,0.388659,-0.00170089,-0.014676,-0.00136069,51.124,0.542534,-0.00436798,-0.0631787
91.46,0.910799,-0.0257724,0.000402832,-0.412045,0.000237944,0.0189744,1.32383e-05,-0.86588,-7.85355,0.388887,-0.00241366,-0.0148727,-0.000471255,48.5662,0.521737,-0.107138,0.0797665
91.48,0.91072,-0.0258218,0.000556127,-0.412216,-0.0120315,0.00557078,-0.00359328,-0.866864,-7.85393,0.389198,0.00012539,-0.0139866,-0.00324233,47.7134,0.513563,-0.165186,0.160723
91.5,0.9107,-0.0258379,0.000594077,-0.412259,0.00349303,0.011249,-0.00496166,-0.867173,-7.85406,0.389302,-0.000800802,-0.0144313,-0.000597715,51.4697,0.51898,-0.143869,0.163364
91.52,0.910724,-0.025816,0.000724456,-0.412208,-0.00211554,0.00669249,0.0130241,-0.868086,-7.85435,0.389663,-0.00148484,-0.0142613,-0.00350747,47.9281,0.521371,-0.0946148,0.0416583
91.54,0.91073,-0.0257614,0.000814847,-0.412198,0.0135425,0.0139885,-0.00345181,-0.868694,-7.85454,0.389895,-0.00298152,-0.0145051,-0.00314022,52.0558,0.527128,-0.0973667,0.0745039
91.56,0.910711,-0.0257687,0.000869968,-0.412238,-0.00780214,0.0100025,-0.011795,-0.868995,-7.85463,0.389994,-0.00264912,-0.0139396,-0.00271846,47.2485,0.524441,-0.114357,0.0976684
91.58,0.910614,-0.0256404,0.00097563,-0.412461,0.0098051,0.0134626,-0.0107363,-0.869883,-7.85496,0.390328,-0.00329329,-0.0164539,-0.000315021,50.0734,0.48619,-0.192382,0.207006
91.6,0.910567,-0.0255633,0.000970401,-0.412568,-0.00820644,-0.0108215,-0.00194611,-0.870715,-7.85534,0.3907,-0.00108115,-0.0190611,-0.00145525,48.5451,0.517404,-0.114006,0.0823196
91.62,0.910549,-0.0255307,0.000783853,-0.412611,0.00873146,-0.0350901,-0.0157322,-0.87123,-7.85566,0.391009,0.00379243,-0.0236652,0.00101538,51.5439,0.545814,0.0187836,-0.117265
91.64,0.910386,-0.0255236,0.000331072,-0.412971,0.028642,-0.0780564,-0.0585617,-0.871565,-7.85605,0.391359,0.0155307,-0.0301898,0.0032006,46.6496,0.519113,-0.153249,0.158885
91.66,0.910195,-0.0257552,-0.00118117,-0.413376,0.0175693,-0.113962,0.00761623,-0.871735,-7.85682,0.391852,0.0195507,-0.0371128,0.0029879,46.9708,0.50245,-0.173558,0.20017
91.68,0.910284,-0.0257888,-0.00156972,-0.413178,0.0310896,-0.0854345,0.0635832,-0.871802,-7.85712,0.392021,0.0132361,-0.0372513,0.00336215,50.948,0.53272,-0.10303,0.0738348
91.7,0.910743,-0.0262506,-0.00208889,-0.412132,-0.0402881,-0.0226748,0.0704178,-0.872414,-7.85785,0.392486,-0.0122458,-0.0297863,0.00175968,49.2303,0.511972,-0.196202,0.169848
91.72,0.910745,-0.026433,-0.00184966,-0.412119,-0.0395062,0.0371953,-0.031087,-0.873172,-7.85818,0.39283,-0.0265896,-0.0229615,0.00111129,50.0784,0.511555,-0.186896,0.185669
91.74,0.910461,-0.0264831,-0.00126701,-0.412745,-0.0377227,0.0569898,-0.0852137,-0.874105,-7.85839,0.393141,-0.0320738,-0.0148469,-0.00121457,49.2187,0.532821,-0.0799946,0.00728383
91.76,0.910156,-0.0262662,-0.000313696,-0.413433,0.000480593,0.0695075,-0.0116451,-0.875417,-7.85852,0.393527,-0.0218043,-0.00915336,7.56398e-06,50.3438,0.532683,-0.090646,0.065784
91.78,0.910172,-0.0260231,-8.6342e-05,-0.413413,0.0251367,0.0605541,0.0175437,-0.875771,-7.85856,0.393628,-0.0127031,-0.00992528,-0.00300601,50.6436,0.540914,-0.098999,0.0913849
91.8,0.910351,-0.0255002,-0.000111862,-0.41305,0.0329542,-0.00575597,0.0418867,-0.876368,-7.85879,0.393926,0.000418646,-0.0184139,-0.000238263,50.408,0.540052,-0.0875413,0.0118891
91.82,0.910429,-0.0253214,-0.000210318,-0.412889,0.0455085,-0.0106586,0.0447195,-0.876544,-7.85893,0.394055,-0.00377632,-0.0208463,0.00283765,49.7649,0.554477,-0.0659723,0.0245297
91.84,0.910493,-0.0251476,-0.000284029,-0.412759,-0.00497452,0.0118545,-0.0188459,-0.877229,-7.8594,0.394452,-0.0176695,-0.0242784,0.000193852,49.561,0.514325,-0.183347,0.187393
91.86,0.910349,-0.0250914,-0.000172407,-0.413081,-0.00493106,0.0183397,-0.0381717,-0.877868,-7.85976,0.394671,-0.0231618,-0.0245843,-0.00188738,46.5436,0.520365,-0.0756099,0.0525987
91.88,0.910217,-0.0251962,-5.69479e-05,-0.413364,-0.0151434,-0.00807905,0.00986081,-0.878837,-7.86039,0.395006,-0.0197447,-0.0323626,0.00480907,52.2559,0.532721,-0.0558441,0.0350279
91.9,0.910255,-0.0252267,-7.83276e-05,-0.413278,-0.00071383,-0.0100133,0.0282388,-0.879145,-7.86071,0.395151,-0.0169325,-0.0364471,0.00320072,50.1477,0.507426,-0.172589,0.199883
91.92,0.910452,-0.0258329,-0.000537732,-0.412807,-0.0178104,-0.0460067,0.00174749,-0.880131,-7.86203,0.395709,-0.0176424,-0.0421602,0.00560395,50.5575,0.510845,-0.160619,0.15263
91.94,0.910412,-0.0260358,-0.000635233,-0.412881,-0.0432606,-0.0433829,-0.0165958,-0.880385,-7.86237,0.395845,-0.0180782,-0.0409903,0.00430572,46.0534,0.49025,-0.146282,0.151989
91.96,0.910249,-0.0262034,-0.000830567,-0.413231,-0.019558,-0.0221126,-0.0478027,-0.880916,-7.86301,0.396122,-0.0192139,-0.0355446,0.00299122,49.0643,0.489216,-0.183144,0.171555
91.98,0.910163,-0.0262291,-0.000764674,-0.413419,0.00850049,0.025917,0.0122845,-0.881736,-7.86378,0.396486,-0.0227136,-0.0262804,0.0037063,50.4578,0.489891,-0.266294,0.323416
92,0.910244,-0.0260213,-0.00044745,-0.413254,0.00895813,0.0497063,0.0251639,-0.882366,-7.86419,0.396668,-0.026303,-0.0201845,0.00172147,47.6549,0.49738,-0.196501,0.222864
92.02,0.910276,-0.0255556,0.000368159,-0.413212,0.00779521,0.0795139,-0.00803806,-0.883394,-7.86467,0.396943,-0.0351195,-0.0173836,-0.000232148,49.6298,0.536137,-0.0895934,0.0378491
92.04,0.910242,-0.0254561,0.00072517,-0.413293,-0.0181212,0.0799933,-0.0126331,-0.883782,-7.86482,0.397013,-0.0371285,-0.0171841,-8.69258e-05,50.9727,0.517911,-0.151436,0.157562
92.06,0.910153,-0.0251869,0.00145683,-0.413504,-0.0266984,0.0781814,-0.0120012,-0.884608,-7.86515,0.397166,-0.0396381,-0.0190281,-0.000291312,49.7807,0.516103,-0.137562,0.134468
92.08,0.910124,-0.0249341,0.00254425,-0.413578,-0.00636258,0.0798808,0.00947629,-0.885865,-7.86575,0.397418,-0.0391183,-0.0247291,0.00276435,49.6849,0.525717,-0.102883,0.0713552
92.1,0.910163,-0.0248769,0.00310012,-0.413491,-0.00893861,0.0563573,0.00833078,-0.886632,-7.86623,0.397588,-0.033889,-0.028266,0.00465879,51.9628,0.520453,-0.161833,0.131428
92.12,0.910211,-0.0249008,0.00325296,-0.413383,0.00204081,-0.0119661,0.0112502,-0.887239,-7.86689,0.397766,-0.0174831,-0.0406691,0.00719064,49.8004,0.509967,-0.165101,0.137919
92.14,0.910195,-0.0250264,0.00280436,-0.413414,0.0125405,-0.0795151,-0.0119666,-0.887521,-7.86774,0.397959,-0.00817368,-0.0488645,0.00558516,47.7027,0.516592,-0.153688,0.135029
92.16,0.910115,-0.0251476,0.00210216,-0.413586,0.010367,-0.081052,-0.0240946,-0.887726,-7.86865,0.398129,-0.00729929,-0.0492409,0.00585108,48.5413,0.47525,-0.231906,0.293472
92.18,0.910031,-0.0252578,0.00122415,-0.413769,0.0437735,-0.0465608,-0.0055565,-0.888067,-7.87003,0.398399,-0.0119682,-0.0483147,0.00661995,49.8721,0.535248,-0.0261463,-0.0428684
92.2,0.910016,-0.0253715,0.000779233,-0.413795,0.0172672,-0.0471893,-0.0102871,-0.888382,-7.87091,0.398557,-0.0167477,-0.0474706,0.00568982,52.059,0.531593,-0.0256399,-0.0600793
92.22,0.910002,-0.0255105,0.000514199,-0.413819,-0.000312569,-0.022933,-0.00107926,-0.888703,-7.87173,0.398605,-0.0213991,-0.047478,0.00770256,49.6963,0.517383,-0.0955679,0.053098
92.24,0.909972,-0.0256609,0.000287325,-0.413876,-0.00528783,-0.0259259,-0.004084,-0.889121,-7.87263,0.398653,-0.024281,-0.0469065,0.00685471,47.0536,0.525128,-0.0673682,-0.00180006
92.26,0.909996,-0.0258312,0.000241695,-0.413812,-0.0146353,0.0035974,0.0133293,-0.889829,-7.87387,0.398716,-0.0296376,-0.0460735,0.0029789,49.6233,0.518541,-0.146875,0.119228
92.28,0.909974,-0.0259252,0.000334464,-0.413855,-0.0035663,0.00647937,-0.0122345,-0.890611,-7.87505,0.398733,-0.0293442,-0.0416118,0.00349622,50.6924,0.531478,-0.156866,0.133669
92.3,0.909916,-0.0258193,0.000455432,-0.413988,-0.00473873,0.0176241,-0.0176719,-0.891068,-7.87575,0.398686,-0.0279488,-0.0386589,0.0032401,48.7825,0.491347,-0.223328,0.238827
92.32,0.909872,-0.0256337,0.000572238,-0.414097,-0.000447611,0.0105522,-0.00657126,-0.891467,-7.87639,0.398566,-0.0274318,-0.0369252,0.00188317,48.5721,0.542312,-0.0448872,-0.0363737
92.34,0.909889,-0.0253896,0.000690427,-0.414073,0.00753548,0.0293697,0.00418647,-0.891911,-7.87709,0.398465,-0.027926,-0.0385175,0.00124259,49.8371,0.49386,-0.234842,0.246736
92.36,0.909888,-0.0252474,0.000873984,-0.414084,-0.00157508,0.00893635,-0.0118797,-0.892558,-7.87813,0.398297,-0.0305822,-0.0417985,0.00428695,51.5553,0.511155,-0.164696,0.173396
92.38,0.909869,-0.0251713,0.000907863,-0.414131,0.00897433,0.0162192,-0.00863111,-0.89279,-7.8785,0.398262,-0.0305984,-0.0438835,0.00310429,48.992,0.516727,-0.136034,0.119116
92.4,0.909789,-0.0252398,0.00075414,-0.414302,-0.0117654,-0.0330495,-0.00727856,-0.893413,-7.87977,0.398147,-0.0252628,-0.0526942,0.0054602,46.9473,0.511321,-0.136082,0.114907
92.42,0.90978,-0.0252745,0.00062518,-0.414321,0.00701954,-0.0346314,0.00142798,-0.893538,-7.8802,0.398035,-0.0249779,-0.0561581,0.00584551,48.3818,0.522937,-0.100916,0.0777354
92.44,0.909798,-0.0256497,0.000219961,-0.414258,-0.0272772,-0.0370015,0.0094587,-0.89398,-7.88156,0.3977,-0.0304644,-0.0554397,0.00480182,48.6068,0.517766,-0.119516,0.0807054
92.46,0.909723,-0.0259071,0.000227911,-0.414406,-0.00368822,0.0127672,-0.0208457,-0.894701,-7.88288,0.397363,-0.0375699,-0.0481295,0.00293615,51.7172,0.485384,-0.243706,0.263279
92.48,0.909697,-0.0259375,0.000244648,-0.414462,-0.00452179,0.00529554,-0.012144,-0.894964,-7.88326,0.397238,-0.0395044,-0.0466617,0.00146491,49.3608,0.536289,-0.0332692,-0.0137775
92.5,0.909688,-0.0259352,0.000610201,-0.414483,-0.0176378,0.0332773,0.012632,-0.895834,-7.88437,0.396861,-0.0425286,-0.0450921,0.00193492,50.9899,0.480958,-0.258902,0.295732
92.52,0.909716,-0.0258892,0.000809845,-0.414422,-0.00654443,0.0194254,0.0100499,-0.89638,-7.88504,0.396549,-0.0419119,-0.0485662,0.00139389,51.2137,0.492743,-0.18506,0.211845
92.54,0.909698,-0.0258199,0.000966748,-0.414466,0.00153368,0.0123009,-0.00602113,-0.897103,-7.88603,0.395991,-0.0431256,-0.0520817,0.00190723,48.6651,0.537041,-0.0623024,0.00431083
92.56,0.90964,-0.0258104,0.00104563,-0.414593,0.000236822,0.00452468,-0.0118913,-0.897701,-7.88682,0.395629,-0.0447629,-0.0538629,0.00105679,49.9731,0.523322,-0.120883,0.091424
92.58,0.90961,-0.0257881,0.00102767,-0.414661,0.00153667,-0.0036281,-0.014247,-0.897979,-7.88721,0.395452,-0.0445357,-0.0564001,-0.00030681,47.7787,0.504458,-0.182791,0.171298
92.6,0.909561,-0.0259267,0.000945097,-0.41476,-0.0130831,-0.0344995,-0.0146195,-0.898541,-7.88805,0.395121,-0.044622,-0.0614301,0.00195479,49.7781,0.498416,-0.179547,0.191373
92.62,0.909525,-0.0262012,0.000662485,-0.414821,-0.00599242,-0.0162832,-0.00639321,-0.899281,-7.88922,0.394586,-0.0432031,-0.0642156,0.0021038,50.2112,0.472017,-0.229716,0.285056
92.64,0.9095,-0.0262186,0.00042474,-0.414875,0.00343323,-0.0148387,-0.00467592,-0.899755,-7.88994,0.394177,-0.0444321,-0.0611661,-0.00055282,49.6067,0.504638,-0.173357,0.178733
92.66,0.90946,-0.0261024,0.000245996,-0.414972,0.0209136,-0.000243556,-0.00553624,-0.90068,-7.89103,0.393545,-0.0514606,-0.0577997,-0.00157707,47.9322,0.510104,-0.140855,0.130943
92.68,0.909458,-0.026045,0.000250341,-0.414979,0.00152608,0.00885879,-0.000424831,-0.901013,-7.89136,0.393338,-0.0533962,-0.0581641,-0.00305676,48.9699,0.49084,-0.207294,0.212569
92.7,0.909496,-0.0260287,0.00031976,-0.414897,-0.0105015,0.00128595,0.0198161,-0.902128,-7.89245,0.392738,-0.0587589,-0.06193,-0.00123825,48.8815,0.50678,-0.18138,0.174117
92.72,0.909531,-0.0260833,0.000339354,-0.414817,-0.0137737,0.003337,0.0137406,-0.902894,-7.89308,0.392349,-0.0624514,-0.0637252,-0.000268051,50.3685,0.501558,-0.17536,0.149575
92.74,0.90951,-0.0261313,0.00044702,-0.414861,-0.014912,0.0178825,-0.00303529,-0.903667,-7.89358,0.391953,-0.0654734,-0.0627127,-0.00109197,49.1313,0.522946,-0.157098,0.136034
92.76,0.909426,-0.0260182,0.000647038,-0.41505,0.00597656,0.0138818,-0.0122454,-0.90495,-7.89433,0.391359,-0.0691766,-0.0609018,-0.00321006,49.3907,0.509871,-0.175702,0.175563
92.78,0.909388,-0.0259766,0.000762328,-0.415137,-0.0099634,0.0338386,-0.0198892,-0.905403,-7.89459,0.391155,-0.0699961,-0.0606955,-0.00323247,49.2704,0.502667,-0.211443,0.22259
92.8,0.909324,-0.0258755,0.00107846,-0.415283,-0.00238871,0.00550314,0.00207137,-0.907423,-7.89566,0.390399,-0.0732372,-0.0649562,-0.00285896,50.5961,0.496158,-0.20759,0.209594
92.82,0.90932,-0.0259043,0.00118509,-0.41529,-0.0112504,0.0181113,0.0054127,-0.907905,-7.89581,0.390205,-0.0751186,-0.0652742,-0.00171296,50.4104,0.463227,-0.259449,0.270355
92.84,0.909264,-0.0258977,0.00135985,-0.415412,0.000647043,0.0118127,-0.014932,-0.909499,-7.89634,0.389629,-0.0783058,-0.0637375,-0.00389777,49.6711,0.51181,-0.200101,0.192409
92.86,0.909239,-0.0258689,0.00146692,-0.415467,-0.00642572,0.0325334,-0.00978819,-0.910031,-7.89652,0.389434,-0.077526,-0.0642553,-0.00368216,52.022,0.518985,-0.169427,0.134402
92.88,0.909218,-0.0256978,0.00148353,-0.415524,0.00442235,-0.00195793,0.000448592,-0.912147,-7.89742,0.388719,-0.0752333,-0.0697007,-0.00325851,47.3313,0.518861,-0.103135,0.0646447
92.9,0.909242,-0.0256963,0.00140168,-0.415471,-0.0092786,-0.00994091,0.00298723,-0.913231,-7.89801,0.388393,-0.077476,-0.0725001,-0.00298288,51.3756,0.507757,-0.200882,0.213679
92.92,0.909249,-0.0257321,0.00138406,-0.415454,-0.00607359,-0.00980301,0.00233959,-0.91375,-7.89813,0.388233,-0.0804353,-0.0716297,-0.00219945,48.2468,0.538531,-0.0983875,0.0210378
92.94,0.909226,-0.0257083,0.00143995,-0.415506,-0.00828786,0.0297231,-0.000261884,-0.915002,-7.89847,0.387905,-0.0864517,-0.0670672,-0.00330066,51.0269,0.503401,-0.223674,0.215623
92.96,0.909164,-0.0254569,0.00177322,-0.415656,0.00580692,0.0259264,-0.00649497,-0.916917,-7.89875,0.387424,-0.0941715,-0.0611147,-0.00477486,50.0501,0.526611,-0.136899,0.0632227
92.98,0.909155,-0.025375,0.00201939,-0.415679,-0.00713834,0.0673361,-0.000520897,-0.917609,-7.89883,0.38726,-0.0969147,-0.0590629,-0.00455002,49.9226,0.480781,-0.222233,0.236875
93,0.909149,-0.0250455,0.00274516,-0.415709,0.00157929,0.0481745,0.00145459,-0.919834,-7.89912,0.386801,-0.102305,-0.0606253,-0.00402109,51.2595,0.41881,-0.349007,0.445264
93.02,0.909144,-0.0249642,0.00316094,-0.415722,-0.0049318,0.0338884,-0.00315841,-0.921187,-7.89901,0.386532,-0.101201,-0.0654074,-0.00346133,50.1767,0.525074,-0.132478,0.0717046
93.04,0.909109,-0.0249119,0.00340817,-0.4158,-0.00128193,0.0267875,-0.0124709,-0.922552,-7.89902,0.386272,-0.101895,-0.0672791,-0.0037806,49.1192,0.488109,-0.192692,0.204372
93.06,0.909047,-0.0248873,0.00356072,-0.415934,-0.00588266,0.0153423,-0.0149233,-0.924064,-7.89925,0.386011,-0.0967685,-0.0740807,-0.00295717,50.3852,0.528135,-0.164505,0.132763
93.08,0.908971,-0.0251798,0.00293933,-0.416087,-0.00815149,-0.0514699,-0.00045574,-0.926576,-7.90008,0.385596,-0.0919855,-0.0862999,-0.00175047,50.0294,0.523922,-0.166947,0.145853
93.1,0.908944,-0.0253874,0.0026082,-0.416136,-0.0224958,-0.0248661,-0.00448095,-0.927905,-7.90064,0.38541,-0.0966919,-0.085008,-0.0014792,50.7421,0.49195,-0.205224,0.217155
93.12,0.908922,-0.0255628,0.00234423,-0.416175,-0.0225511,-0.0300669,0.000616139,-0.929085,-7.90081,0.385302,-0.0998857,-0.0809588,-0.00150264,51.7221,0.471738,-0.233673,0.25267
93.14,0.908897,-0.0256302,0.00219816,-0.416228,-0.00108225,-0.0104755,0.000412286,-0.930337,-7.90095,0.385183,-0.101527,-0.0763665,-0.00323064,50.2763,0.499162,-0.207198,0.17591
93.16,0.908841,-0.0256064,0.00212854,-0.41635,-0.00529514,-0.00695788,-0.0131797,-0.931806,-7.90119,0.385045,-0.10394,-0.0722297,-0.00463154,48.3041,0.48927,-0.232158,0.265166
93.18,0.908785,-0.0255058,0.00205548,-0.416479,0.0156037,-0.00614092,-0.00998458,-0.933174,-7.90133,0.384904,-0.104644,-0.0721033,-0.00482507,47.9225,0.503793,-0.169184,0.156523
93.2,0.90866,-0.0253122,0.00185871,-0.416764,0.0159907,-0.0109157,-0.0186383,-0.935253,-7.9017,0.384692,-0.103281,-0.0770185,-0.00376028,49.2993,0.532017,-0.126164,0.0760621
93.22,0.908631,-0.0252667,0.0017019,-0.416831,0.0244089,-0.0258412,-0.0185023,-0.935764,-7.90169,0.384659,-0.104071,-0.0781002,-0.00428979,51.6445,0.508437,-0.188582,0.165884
93.24,0.908533,-0.0250688,0.00166841,-0.417057,-0.0120697,0.025668,-0.0165278,-0.937557,-7.90167,0.384519,-0.120273,-0.0668154,-0.00661854,51.6955,0.462601,-0.2665,0.314943
93.26,0.908511,-0.0249117,0.0019975,-0.417113,-0.00857098,0.0437456,-0.000229269,-0.938943,-7.90163,0.384431,-0.113917,-0.0738948,-0.00309643,47.9242,0.481061,-0.227911,0.226199
93.28,0.908495,-0.0248865,0.00181643,-0.41715,0.00460734,-0.0434516,-0.0126404,-0.940369,-7.90199,0.384376,-0.109039,-0.0854736,-0.00423465,48.5742,0.521023,-0.157199,0.165158
93.3,0.908426,-0.0250016,0.00143891,-0.417296,-0.00807477,-0.0265062,-0.0109329,-0.941694,-7.9024,0.384313,-0.115833,-0.0882925,-0.00385372,48.2608,0.502186,-0.139295,0.0850657
93.32,0.908373,-0.0253788,0.00126746,-0.417389,-0.031937,-0.0218487,0.00924245,-0.943509,-7.90286,0.384336,-0.122162,-0.0910576,0.00128816,50.5643,0.441439,-0.304594,0.326335
93.34,0.908345,-0.0256625,0.00111356,-0.417432,-0.0287771,0.00393665,-0.00708645,-0.944709,-7.90309,0.384378,-0.126505,-0.0822718,-0.00108052,50.5556,0.49922,-0.198275,0.207908
93.36,0.908108,-0.0253999,0.00171878,-0.417962,0.00561584,0.0646695,-0.0446903,-0.946732,-7.90315,0.384364,-0.136923,-0.0586577,-0.00673609,50.467,0.464542,-0.272172,0.302844
93.38,0.907939,-0.025074,0.00202171,-0.418347,0.0336485,0.112555,-0.0418921,-0.948294,-7.90322,0.384293,-0.115707,-0.0729179,-0.00239119,50.7063,0.478242,-0.252522,0.300764
93.4,0.907689,-0.0247589,0.0016361,-0.418909,0.0694362,-0.0313388,-0.0861986,-0.949337,-7.90354,0.384249,-0.104533,-0.0836082,-0.00477047,47.1282,0.499726,-0.209492,0.206508
93.42,0.907113,-0.0246047,0.000729802,-0.420167,0.0149746,-0.0185026,-0.0888903,-0.950283,-7.90376,0.384287,-0.111909,-0.0854635,-0.00224513,47.446,0.534051,-0.128793,0.072615
93.44,0.906924,-0.0246907,0.00047049,-0.420569,0.00209363,-0.0163575,-0.0146005,-0.951135,-7.90398,0.384388,-0.119039,-0.0841676,0.00106013,48.3118,0.478412,-0.229513,0.249933
93.46,0.907001,-0.0248258,0.000189447,-0.420396,0.000125529,-0.0252633,0.0448906,-0.952138,-7.90428,0.384506,-0.12337,-0.0865984,0.000486083,51.9326,0.537756,-0.127559,0.0995075
93.48,0.907094,-0.024952,0.000131529,-0.420189,-0.0311582,-0.0235327,0.0620112,-0.952691,-7.90447,0.384551,-0.125456,-0.0883025,-0.000271085,50.8131,0.508587,-0.182119,0.140181
93.5,0.907249,-0.0251882,7.21491e-05,-0.41984,-0.0227656,-0.0095153,0.038601,-0.954114,-7.90503,0.38462,-0.132232,-0.0870289,-0.00259155,50.849,0.523344,-0.125722,0.0952356
93.52,0.907321,-0.0253895,0.000262869,-0.419671,-0.0135008,0.0207573,0.0118332,-0.955747,-7.90528,0.384711,-0.137853,-0.0758686,-0.00266781,51.8134,0.48814,-0.2353,0.231231
93.54,0.907378,-0.0253174,0.000648806,-0.419553,-0.00918979,0.0482159,0.0202581,-0.956798,-7.90526,0.384748,-0.137726,-0.068719,-0.00367931,50.9853,0.511351,-0.1662,0.135694
93.56,0.90754,-0.0251567,0.000931652,-0.419211,0.00561086,0.04094,0.0598134,-0.957877,-7.9052,0.384768,-0.133895,-0.0650282,-0.00383998,49.4791,0.487433,-0.229491,0.239307
93.58,0.907917,-0.0246435,0.00131608,-0.418424,0.0282984,0.0412257,0.0712758,-0.959529,-7.90515,0.38476,-0.13505,-0.061869,-0.00891621,49.7792,0.52067,-0.115937,0.0381995
93.6,0.908181,-0.0242089,0.00183596,-0.417873,0.0236266,0.0784515,0.0640394,-0.961071,-7.90519,0.384645,-0.150685,-0.0555093,-0.0123885,51.8387,0.511848,-0.171227,0.146273
93.62,0.908377,-0.0233263,0.00384238,-0.417483,-0.0200076,0.211003,0.00730335,-0.963049,-7.90444,0.38451,-0.173523,-0.0427931,-0.0135893,49.8755,0.490501,-0.193769,0.164995
93.64,0.908279,-0.0225606,0.0055768,-0.41772,0.000833548,0.20331,-0.0337377,-0.964694,-7.9039,0.384388,-0.177461,-0.0423293,-0.0176108,50.7023,0.472826,-0.259855,0.273728
93.66,0.908134,-0.0217258,0.00741684,-0.418049,-0.0202387,0.210541,-0.0219734,-0.966428,-7.90349,0.384247,-0.176535,-0.0508217,-0.0155185,46.6277,0.477022,-0.205521,0.173839
93.68,0.908219,-0.0215061,0.00924378,-0.417841,-0.0562583,0.0820218,0.0505584,-0.968884,-7.90341,0.384164,-0.155648,-0.0724291,-0.00460513,49.6062,0.483862,-0.236604,0.23655
93.7,0.908331,-0.0215158,0.00951577,-0.417589,-0.0332259,0.0488114,0.0698368,-0.969589,-7.90354,0.384181,-0.147756,-0.0780226,-0.00474731,49.0996,0.423896,-0.310789,0.376393
93.72,0.90856,-0.0218274,0.00984812,-0.417068,-0.0343468,-0.0122265,0.0186389,-0.970929,-7.90369,0.384455,-0.133663,-0.0873973,-0.000464881,49.5097,0.4625,-0.281314,0.316643
93.74,0.908551,-0.0219599,0.00971659,-0.417082,-0.00838468,-0.0415535,-0.00631036,-0.971277,-7.90378,0.384561,-0.130182,-0.0899322,0.00178321,47.0852,0.487066,-0.233751,0.254379
93.76,0.908364,-0.0224123,0.00890778,-0.417485,-0.011719,-0.0841927,-0.0358355,-0.97217,-7.90427,0.384817,-0.1129,-0.0955709,-0.00102098,51.4455,0.453304,-0.287062,0.352245
93.78,0.908242,-0.0228611,0.00732774,-0.417757,0.0413459,-0.1311,-0.015001,-0.972766,-7.90503,0.385154,-0.0986016,-0.0986195,0.00581693,49.2991,0.480766,-0.22071,0.235684
93.8,0.908243,-0.0229463,0.00672021,-0.417759,0.0265982,-0.132153,-3.4388e-05,-0.972927,-7.90532,0.385257,-0.0950761,-0.0971043,0.000348798,51.5501,0.505901,-0.173448,0.163218
93.82,0.908265,-0.0230607,0.00549238,-0.417723,0.0411706,-0.127621,0.012276,-0.972728,-7.90549,0.385505,-0.0937414,-0.0945119,-0.000445824,46.8321,0.492478,-0.18631,0.199103
93.84,0.908302,-0.0233621,0.00385531,-0.417644,0.0123106,-0.104303,0.000184397,-0.972805,-7.90591,0.385812,-0.100862,-0.0888862,-0.000257046,50.0705,0.432702,-0.309653,0.364971
93.86,0.908262,-0.0234918,0.00287232,-0.417733,0.0174969,-0.0440835,-0.0130323,-0.97321,-7.90619,0.386104,-0.114509,-0.0832477,0.00218715,51.7091,0.481148,-0.260526,0.300572
93.88,0.90824,-0.0235841,0.00267855,-0.417777,-0.010406,-0.0478344,-0.0113902,-0.973453,-7.90628,0.386187,-0.116641,-0.0800334,-0.00133027,51.1087,0.452283,-0.310583,0.362508
93.9,0.90821,-0.0236585,0.00254353,-0.417837,-0.0180975,-0.0144879,-0.000434207,-0.974077,-7.90645,0.386354,-0.121992,-0.075163,-0.00270707,49.9287,0.438318,-0.315232,0.398631
93.92,0.908192,-0.0236939,0.00267331,-0.417874,-0.0202807,0.0192962,-0.00448675,-0.974314,-7.90622,0.386529,-0.125724,-0.0692917,-0.00322124,50.1841,0.510576,-0.205274,0.176079
93.94,0.908176,-0.0236366,0.00325087,-0.417908,-0.021135,0.055803,-8.74665e-06,-0.975119,-7.90593,0.386745,-0.128311,-0.0614408,-0.00155263,50.0342,0.443291,-0.311182,0.352525
93.96,0.908147,-0.0234311,0.00375823,-0.417979,-0.0177413,0.0562298,-0.00873359,-0.975657,-7.90566,0.386874,-0.128,-0.057528,-0.00259763,49.6015,0.460074,-0.261121,0.300977
93.98,0.90813,-0.0232208,0.00427417,-0.418023,-0.0158906,0.0541378,0.00454765,-0.976257,-7.90541,0.386991,-0.126133,-0.056273,-0.003095,49.3538,0.48054,-0.251946,0.291012
94,0.908121,-0.0229749,0.00474109,-0.41805,-0.0133062,0.0428262,0.0131731,-0.976896,-7.90522,0.3871,-0.123193,-0.0568066,-0.00321823,47.9633,0.49834,-0.205157,0.188574
94.02,0.908115,-0.022768,0.00524484,-0.418069,0.00519221,0.0319064,0.00620158,-0.977394,-7.90476,0.38739,-0.118593,-0.0609396,0.00254963,45.6959,0.487543,-0.246392,0.262579
94.04,0.908105,-0.0227141,0.00542836,-0.418091,-0.0035896,0.0125451,0.00304533,-0.977533,-7.90445,0.387617,-0.114365,-0.0629744,0.0031316,50.893,0.539805,-0.0844312,0.0294991
94.06,0.908079,-0.0227038,0.00543137,-0.418148,-0.0037859,-0.00892231,-0.0128304,-0.977694,-7.90425,0.387847,-0.110615,-0.065312,0.00413996,51.7409,0.519513,-0.173826,0.145331
94.08,0.908044,-0.0227089,0.0052403,-0.418227,0.00396448,-0.0161889,0.00189323,-0.978137,-7.90423,0.388221,-0.10526,-0.0665192,0.00399183,50.556,0.483425,-0.242385,0.230617
94.1,0.908041,-0.0227898,0.00513877,-0.418229,-0.0113292,-0.032421,-0.00245681,-0.978241,-7.90423,0.388327,-0.102459,-0.0656105,0.00108666,47.2746,0.475079,-0.26361,0.281798
94.12,0.908036,-0.022849,0.00476602,-0.418242,0.020583,-0.0227886,-7.09207e-05,-0.97831,-7.90409,0.388714,-0.100282,-0.0653736,0.00542425,51.9538,0.491423,-0.202556,0.181864
94.14,0.908014,-0.0228966,0.00451281,-0.41829,0.00585223,-0.018924,-0.00796671,-0.978048,-7.90378,0.389005,-0.09901,-0.0634962,0.00558484,47.6347,0.50401,-0.194836,0.183242
94.16,0.907985,-0.0229157,0.00422258,-0.418354,-0.0019126,-0.0178157,0.000694522,-0.977823,-7.90339,0.389427,-0.0981628,-0.0589444,0.00106781,52.1517,0.516026,-0.196618,0.184867
94.18,0.907968,-0.0229637,0.00414663,-0.418389,-0.00691311,-0.0103798,-0.00578094,-0.977792,-7.90327,0.38956,-0.0986572,-0.0585184,0.00572478,49.5322,0.470932,-0.241527,0.284238
94.2,0.907956,-0.0228993,0.00407136,-0.418419,0.0102201,0.00876821,0.00273483,-0.977989,-7.90304,0.389983,-0.0995409,-0.0552628,0.00478017,49.4676,0.462259,-0.259256,0.298863
94.22,0.907949,-0.0228819,0.0040973,-0.418436,0.01842,0.0161951,-0.00230939,-0.977786,-7.90262,0.39022,-0.0987461,-0.0526637,0.00497897,50.545,0.521264,-0.168996,0.127025
94.24,0.907909,-0.0228376,0.00423978,-0.418522,-0.0136044,0.0103251,-0.0081068,-0.977144,-7.90171,0.390546,-0.0964921,-0.0484056,0.000980479,47.8525,0.43107,-0.294933,0.361565
94.26,0.90789,-0.0227394,0.00435513,-0.418569,-0.00724969,0.0151422,0.000716868,-0.976831,-7.90115,0.390759,-0.0956271,-0.0465946,0.000556895,51.6863,0.504207,-0.169907,0.165557
94.28,0.907873,-0.0227496,0.00442564,-0.418604,-0.00577067,0.0177946,-0.00228533,-0.976701,-7.90089,0.39086,-0.0956327,-0.0470666,0.00531629,51.1189,0.506679,-0.170698,0.16052
94.3,0.907858,-0.0226138,0.00460881,-0.418643,-0.00228645,0.0165487,-0.000962151,-0.976411,-7.90019,0.391155,-0.0921974,-0.0439078,0.000965564,50.5341,0.480419,-0.203199,0.231654
94.32,0.907837,-0.0226037,0.00474849,-0.418686,-0.0195693,0.00728338,-0.000540679,-0.97534,-7.89902,0.391355,-0.0874181,-0.042904,0.00269223,50.5463,0.491246,-0.224467,0.209334
94.34,0.907826,-0.0225412,0.00474816,-0.418713,0.0146175,0.0110637,-0.000923255,-0.97497,-7.89864,0.391427,-0.0870374,-0.0432502,0.00590632,50.2038,0.454646,-0.288327,0.341631
94.36,0.907804,-0.0225356,0.00475462,-0.418761,0.0123914,0.00935432,0.00147372,-0.974278,-7.89793,0.391555,-0.0845285,-0.0429062,0.00571246,51.4838,0.49152,-0.215125,0.22651
94.38,0.90778,-0.0225873,0.00464239,-0.418812,-0.00449402,-0.00664571,0.00255049,-0.973074,-7.89672,0.391796,-0.0796145,-0.0418647,0.0070783,49.6671,0.376425,-0.363644,0.47943
94.4,0.907778,-0.022558,0.00459285,-0.418819,-0.00364089,-0.0117695,0.00242784,-0.972811,-7.89645,0.391855,-0.0774921,-0.0402682,0.00215901,47.0568,0.474237,-0.257881,0.287696
94.42,0.907761,-0.0225187,0.00448759,-0.418859,0.0095653,-0.00728757,0.000417115,-0.971957,-7.89575,0.391953,-0.0756118,-0.0390664,0.00276749,48.932,0.48417,-0.238234,0.28612
94.44,0.907744,-0.0225417,0.00440868,-0.418896,0.00912109,0.00275309,0.00194537,-0.970926,-7.89495,0.392015,-0.0746037,-0.0383768,0.00619269,47.7434,0.468344,-0.247623,0.323416
94.46,0.907718,-0.0225795,0.00431575,-0.418951,-0.0148521,-0.00744772,0.000318347,-0.969386,-7.89376,0.392096,-0.071656,-0.0349644,0.00352658,50.276,0.465647,-0.264563,0.309607
94.48,0.90769,-0.0225242,0.00428005,-0.419014,0.0143786,0.00926098,0.000671714,-0.968058,-7.89267,0.392193,-0.0713894,-0.0336436,0.00661753,49.6419,0.485717,-0.225117,0.253359
94.5,0.90767,-0.0225187,0.00429676,-0.419057,0.00618115,0.00407382,-0.00269548,-0.966898,-7.89182,0.392209,-0.069613,-0.0318465,0.00700321,49.6486,0.476023,-0.25987,0.317598
94.52,0.907665,-0.0224479,0.00430068,-0.419072,0.00457781,0.00451368,0.000971462,-0.966168,-7.89132,0.392194,-0.0675947,-0.029812,0.00211149,49.1604,0.447593,-0.286561,0.361413
94.54,0.907637,-0.0224076,0.00435492,-0.419136,0.000494282,0.0123716,-0.00592964,-0.964881,-7.8904,0.392187,-0.0662886,-0.0291039,0.00400746,50.133,0.502273,-0.223411,0.231839
94.56,0.907605,-0.022379,0.00439392,-0.419206,-0.012726,0.000811812,-0.0105175,-0.962947,-7.88906,0.392138,-0.0620116,-0.02673,0.00379329,48.2153,0.476641,-0.269763,0.300677
94.58,0.907596,-0.0223296,0.00442871,-0.419227,-0.00919759,-0.00467437,0.00154292,-0.961761,-7.88823,0.392122,-0.0596959,-0.0257193,0.00265977,47.8679,0.47952,-0.222637,0.228898
94.6,0.907585,-0.0222958,0.0044379,-0.419253,-0.0152834,-0.00511261,-0.00799414,-0.96064,-7.88746,0.392102,-0.0572647,-0.0251822,0.00257794,52.0851,0.482313,-0.241383,0.257188
94.62,0.907574,-0.0222633,0.00443407,-0.419278,-0.0124415,-0.00596195,-6.56879e-05,-0.959245,-7.88653,0.392042,-0.0553041,-0.0243884,0.00191825,49.2285,0.442731,-0.297198,0.378545
94.64,0.907536,-0.0222774,0.00441279,-0.41936,-0.00476078,-0.00332622,-0.00359688,-0.956788,-7.88493,0.391888,-0.0526561,-0.0238681,0.00618297,50.9017,0.44131,-0.295012,0.377434
94.66,0.907519,-0.0222405,0.00437634,-0.4194,-0.00436255,-0.00136631,-0.0054543,-0.955332,-7.88398,0.391785,-0.0495959,-0.0221063,0.00428854,52.0747,0.379951,-0.393458,0.515938
94.68,0.907506,-0.0222336,0.00434599,-0.419428,-0.0179668,-0.00943263,-0.00478513,-0.953885,-7.88305,0.391695,-0.0477079,-0.0207443,0.00344659,49.8122,0.5085,-0.148511,0.134094
94.7,0.907487,-0.0222305,0.00431457,-0.41947,-0.00532133,-0.00963251,0.00154846,-0.952519,-7.88216,0.39161,-0.0459078,-0.0193831,0.00347686,49.0081,0.490977,-0.22383,0.2555
94.72,0.907474,-0.0222118,0.00428317,-0.419498,-0.013513,-0.0058144,-0.00495673,-0.950933,-7.88111,0.391504,-0.0440923,-0.0177431,0.00279852,47.9027,0.461294,-0.249364,0.292663
94.74,0.907435,-0.0221639,0.00424203,-0.419587,-0.00163722,0.00293402,0.00571786,-0.947429,-7.87874,0.39125,-0.0399468,-0.0144208,0.00186381,49.6589,0.473043,-0.265798,0.303015
94.76,0.907423,-0.0222047,0.00423573,-0.419611,0.00181721,0.00119948,-0.00517536,-0.946665,-7.8782,0.391203,-0.0393516,-0.0141184,0.00514932,50.7318,0.490212,-0.235355,0.293411
94.78,0.90738,-0.0221558,0.00421763,-0.419706,0.0118652,0.00390628,-0.0040909,-0.944321,-7.8766,0.391028,-0.0367935,-0.012638,0.00243791,51.1686,0.372102,-0.371241,0.510617
94.8,0.907362,-0.0221937,0.0042137,-0.419743,-0.0066649,-0.00127693,-0.0083999,-0.943577,-7.87609,0.390957,-0.0348799,-0.0113483,0.00370403,49.097,0.424698,-0.3039,0.399911
94.82,0.907357,-0.0220838,0.00421608,-0.41976,0.00825335,0.00824084,-0.00403617,-0.941194,-7.87445,0.390772,-0.0327008,-0.00922356,0.00362027,48.5665,0.431638,-0.311733,0.407421
94.84,0.907352,-0.0220692,0.00419344,-0.419772,0.0275903,0.00641837,-0.000747526,-0.939358,-7.87318,0.390584,-0.0306351,-0.00768866,0.00254133,47.9884,0.522563,-0.160024,0.164963
94.86,0.907332,-0.0219987,0.00422594,-0.419817,0.0111449,0.00857028,-0.00275399,-0.937608,-7.87196,0.390396,-0.0285101,-0.00609409,0.00315293,50.483,0.470095,-0.249123,0.299787
94.88,0.907291,-0.021941,0.0042388,-0.41991,0.00603128,0.00512302,-0.00278736,-0.935174,-7.87024,0.39013,-0.0257124,-0.0043122,-0.000192181,49.3557,0.459272,-0.273718,0.31739
94.9,0.907278,-0.0218411,0.00423796,-0.419943,0.00775783,0.00553936,-0.00100184,-0.93362,-7.86915,0.389952,-0.0236612,-0.00350995,-0.000554842,50.2135,0.480136,-0.251016,0.325687
94.92,0.907258,-0.0219204,0.00424522,-0.419981,-0.0193631,-0.00588201,-0.00500062,-0.931022,-7.86735,0.389585,-0.0200851,-0.00164423,0.00109732,47.6157,0.412662,-0.336886,0.457698
94.94,0.907248,-0.0218642,0.00423771,-0.420005,-0.0139473,-0.00632837,-0.0034772,-0.929254,-7.86614,0.389324,-0.0181243,5.70327e-05,0.000470306,50.523,0.422709,-0.334153,0.438441
94.96,0.907222,-0.0218877,0.00423266,-0.420062,-0.0181595,-0.00836415,0.00160076,-0.92756,-7.86496,0.389081,-0.0158507,0.000972457,0.000458393,51.4484,0.456877,-0.2855,0.367681
94.98,0.907202,-0.0218658,0.00421837,-0.420105,0.0162141,0.00220281,-0.00464259,-0.92674,-7.86439,0.388977,-0.0162714,0.000701477,0.00279023,51.0761,0.468659,-0.279554,0.338783
95,0.907174,-0.0218572,0.00419905,-0.420166,-0.0102083,-0.00396616,0.00443601,-0.923455,-7.8621,0.388482,-0.0113004,0.00368947,0.00311147,49.2799,0.500275,-0.196139,0.19072
95.02,0.907166,-0.0217873,0.004208,-0.420188,0.0102312,0.00628467,-0.00314561,-0.922539,-7.86147,0.388353,-0.0105205,0.00427047,5.81874e-05,48.9445,0.421014,-0.326381,0.401556
95.04,0.907154,-0.0217582,0.00418633,-0.420216,0.0145218,0.00581663,-0.00387559,-0.920755,-7.86023,0.388075,-0.00872535,0.00566554,0.000216197,48.7794,0.351889,-0.390506,0.54652
95.06,0.907134,-0.0217978,0.00417622,-0.420257,-0.0190916,-0.00343607,-0.000906218,-0.918201,-7.85845,0.387666,-0.00540014,0.0078167,0.000567407,49.639,0.458707,-0.247395,0.333911
95.08,0.907112,-0.0217735,0.00418599,-0.420305,-0.0166562,-0.00507456,-0.000532889,-0.916591,-7.85732,0.387408,-0.00389177,0.00901708,-0.000513956,50.724,0.463842,-0.256175,0.318711
95.1,0.907095,-0.0217695,0.00416972,-0.420341,-0.0180092,-0.00806139,-0.0051251,-0.915051,-7.85621,0.387156,-0.00268859,0.0101026,-0.00237787,50.1076,0.43034,-0.296854,0.402002
95.12,0.907051,-0.0217563,0.0041632,-0.420437,-0.000112654,0.00126168,-0.0129686,-0.91232,-7.85446,0.386508,0.000574142,0.011691,0.00163434,52.0551,0.420968,-0.309174,0.40632
95.14,0.907035,-0.0217508,0.00409566,-0.420474,-0.00923987,-0.0145702,0.00497714,-0.910573,-7.85335,0.386097,0.00276496,0.011836,0.000949767,44.0708,0.452402,-0.24704,0.314791
95.16,0.90704,-0.0216922,0.00410778,-0.420464,0.00834502,0.000929365,0.00395043,-0.909728,-7.85281,0.385915,0.00292903,0.0121276,-0.0010168,46.1494,0.46736,-0.279922,0.344607
95.18,0.907048,-0.021789,0.00397243,-0.420445,0.00880682,-0.000801072,-0.00128132,-0.906503,-7.85081,0.385189,0.00563317,0.0110193,0.00072291,46.54,0.505511,-0.220636,0.256901
95.2,0.907033,-0.0218619,0.00392686,-0.420473,-0.0130266,-0.0244453,0.00226356,-0.905736,-7.85036,0.385008,0.00802128,0.0111305,-0.00211853,48.2035,0.467092,-0.258337,0.319571
95.22,0.907015,-0.022076,0.00362257,-0.420505,0.00180215,-0.0334029,-0.00252377,-0.903,-7.849,0.384364,0.0127544,0.00693887,0.00231659,50.9077,0.436894,-0.304939,0.388264
95.24,0.907021,-0.022166,0.00346808,-0.420488,-0.0185472,-0.0476851,0.00843113,-0.9021,-7.84859,0.384153,0.0159015,0.00658333,-0.00178709,49.8441,0.44387,-0.300924,0.418234
95.26,0.907001,-0.0225689,0.00283499,-0.420513,-0.0126881,-0.0670946,-0.00595223,-0.899385,-7.84748,0.383585,0.0222518,0.00411704,0.00123509,49.1667,0.46885,-0.247483,0.332438
95.28,0.906986,-0.0228169,0.00230568,-0.420537,-0.00988833,-0.0640719,-0.00322504,-0.89761,-7.84681,0.383227,0.0251308,0.0047123,0.000705099,50.3332,0.473173,-0.267369,0.321837
95.3,0.906978,-0.0231249,0.0015024,-0.42054,0.0127028,-0.0535708,0.00338952,-0.894872,-7.84583,0.382669,0.0267689,0.00645885,-4.52602e-05,47.7403,0.407558,-0.318202,0.429992
95.32,0.906975,-0.0232995,0.00101269,-0.420539,0.0195354,-0.0428271,0.00137118,-0.892918,-7.84515,0.382236,0.02643,0.0088327,0.000107801,47.207,0.383089,-0.361958,0.491504
95.34,0.906947,-0.0234299,0.000523059,-0.420592,0.00707377,-0.0244895,-0.00463848,-0.890175,-7.8441,0.381605,0.0256791,0.0154685,-0.0037385,51.175,0.428876,-0.320849,0.433853
95.36,0.9069,-0.0234473,0.000408783,-0.420693,0.0042019,0.00261893,-0.0104214,-0.888458,-7.84332,0.381201,0.0217068,0.0200448,-0.00420207,48.4558,0.411049,-0.300695,0.44738
95.38,0.906859,-0.0233494,0.000510026,-0.420786,0.00153272,0.0288323,-0.00205622,-0.886908,-7.84251,0.380788,0.0184656,0.0250777,-0.00436394,50.2651,0.433107,-0.310989,0.421268
95.4,0.90683,-0.0231758,0.000814166,-0.420858,0.0105959,0.0505769,-0.00276319,-0.885551,-7.84166,0.380382,0.0152846,0.0297925,-0.00488664,49.3138,0.430853,-0.330603,0.436346
95.42,0.906815,-0.0231043,0.00103468,-0.420894,-0.0112125,0.0527402,-0.00441619,-0.884785,-7.84122,0.380144,0.0149923,0.0325762,-0.00431741,51.327,0.4414,-0.324407,0.40485
95.44,0.906778,-0.0227911,0.00160009,-0.420989,-0.0132707,0.0646567,-0.00716856,-0.883346,-7.84032,0.379693,0.0130234,0.0360229,-0.00586414,48.4786,0.488369,-0.196883,0.249706
95.46,0.90672,-0.0223262,0.00263983,-0.421134,0.00728264,0.092878,-0.0150006,-0.881359,-7.83893,0.37904,0.0113881,0.0376776,-0.00490608,49.5822,0.469016,-0.226468,0.273416
95.48,0.906688,-0.0218467,0.00370228,-0.421219,-0.0109285,0.0806721,0.00208066,-0.879475,-7.83754,0.37839,0.0144047,0.0372028,-0.00743339,49.3252,0.456184,-0.286538,0.372223
95.5,0.906675,-0.0217834,0.00399319,-0.421248,-0.015493,0.0634867,-0.00359323,-0.878862,-7.83712,0.378177,0.0166613,0.0358383,-0.0052707,50.139,0.486421,-0.213631,0.287316
95.52,0.90666,-0.0214654,0.00463031,-0.42129,0.0121209,0.047957,-0.000604592,-0.876837,-7.83604,0.377582,0.0232539,0.0298606,-0.00658171,47.826,0.515098,-0.175347,0.183871
95.54,0.906631,-0.0213581,0.0048593,-0.421355,0.0145973,0.0264123,-0.00309227,-0.875405,-7.83545,0.37721,0.0276279,0.0265443,-0.00451672,47.5777,0.489876,-0.206486,0.26369
95.56,0.906599,-0.0213406,0.00487237,-0.421425,0.0171245,0.00653158,-0.00779012,-0.873959,-7.83493,0.376865,0.0318364,0.0238503,-0.00405796,47.0106,0.409346,-0.327648,0.47192
95.58,0.906569,-0.021352,0.00473992,-0.42149,-0.0047854,-0.0232158,0.00125125,-0.871716,-7.83421,0.376358,0.0378933,0.0223781,-0.00574194,50.3395,0.486644,-0.264924,0.336707
95.6,0.90656,-0.0214076,0.00460871,-0.421509,0.0114465,-0.0310407,-0.00639066,-0.870983,-7.834,0.376201,0.0391691,0.0214653,-0.00243915,49.2119,0.46346,-0.249883,0.313691
95.62,0.90655,-0.0214265,0.00423322,-0.421533,0.0149497,-0.0233745,0.000130905,-0.868801,-7.8335,0.375772,0.041423,0.0203686,-0.00571844,51.3104,0.430998,-0.308966,0.428935
95.64,0.906534,-0.0215996,0.00380081,-0.421563,-0.00876827,-0.038445,0.00171294,-0.866658,-7.83317,0.375369,0.0422175,0.0200818,-0.00473095,44.9104,0.517259,-0.11184,0.129182
95.66,0.906529,-0.0216058,0.00368916,-0.421575,0.0127288,-0.0186135,0.00266705,-0.865973,-7.83308,0.37525,0.0412573,0.0198929,-0.00489947,48.6919,0.489773,-0.1936,0.253923
95.68,0.906527,-0.0216896,0.00350476,-0.421577,0.0137735,-0.0135832,-0.00228426,-0.864641,-7.83286,0.374999,0.0404225,0.0211814,-0.00455808,49.2386,0.435029,-0.326325,0.420752
95.7,0.9065,-0.0218365,0.00334886,-0.421628,-0.013767,-0.0117421,0.000579622,-0.862713,-7.83248,0.374642,0.0393903,0.0242419,-0.00706802,50.0121,0.501712,-0.218751,0.247331
95.72,0.906485,-0.0218595,0.00330755,-0.421659,-0.00303209,-0.00352958,0.00361041,-0.861552,-7.83229,0.374439,0.0394562,0.0251469,-0.00727171,47.8916,0.493892,-0.200352,0.277339
95.74,0.90647,-0.0218844,0.00331292,-0.421689,-0.00147974,0.0051262,0.00364895,-0.86045,-7.83216,0.374271,0.0396587,0.0257797,-0.00689119,48.129,0.463196,-0.252958,0.345395
95.76,0.906458,-0.0219157,0.00338377,-0.421713,-0.0201962,0.000402844,-0.000437194,-0.858845,-7.83194,0.374005,0.0408812,0.0266577,-0.00555409,52.3144,0.482539,-0.227676,0.301623
95.78,0.906419,-0.0218776,0.00348457,-0.421799,0.0109769,0.014539,-0.000698549,-0.857303,-7.83172,0.373763,0.0408295,0.0266478,-0.00638842,49.3307,0.473105,-0.252578,0.351775
95.8,0.906409,-0.0218757,0.00352167,-0.421819,-0.0177471,0.0037889,0.000599092,-0.856801,-7.83163,0.373668,0.0417634,0.0275565,-0.00646839,49.2593,0.483801,-0.226279,0.275507
95.82,0.906378,-0.0218074,0.00360152,-0.421889,-0.00818654,0.00870776,-0.00544913,-0.855824,-7.8315,0.373574,0.0424591,0.0278448,-0.00813377,47.4457,0.447258,-0.297227,0.393015
95.84,0.906358,-0.0217395,0.00367045,-0.421935,0.00408207,0.00432143,-0.00124329,-0.85499,-7.83146,0.373521,0.0434679,0.0279652,-0.00866191,51.149,0.462354,-0.277596,0.347022
95.86,0.906351,-0.0216954,0.00375922,-0.421952,0.00324831,0.010535,-0.000733761,-0.854152,-7.83142,0.373458,0.0446553,0.0267886,-0.00831596,47.1666,0.445306,-0.302748,0.419538
95.88,0.906328,-0.0217235,0.00381531,-0.421999,0.0151813,0.0089145,0.00199687,-0.852479,-7.83139,0.373352,0.0465983,0.023986,-0.00665986,51.0933,0.431641,-0.299143,0.406278
95.9,0.906304,-0.0217953,0.00379861,-0.422047,-0.0146487,-0.0112061,-0.00947128,-0.852059,-7.83138,0.373315,0.047861,0.0242812,-0.00459861,49.984,0.485957,-0.228607,0.27438
95.92,0.906261,-0.0218016,0.00381501,-0.422138,-0.018906,-0.00659104,-0.0106496,-0.851305,-7.83145,0.373324,0.04851,0.0249186,-0.00493825,47.4535,0.446336,-0.299287,0.409369
95.94,0.906231,-0.0217891,0.00380762,-0.422204,-0.0127586,-0.00732588,-4.85128e-05,-0.850564,-7.83152,0.373382,0.048633,0.0266148,-0.00833631,47.6757,0.423505,-0.346913,0.468978
95.96,0.906218,-0.0216923,0.003862,-0.422235,-0.0013984,0.00974382,0.00487969,-0.849903,-7.8316,0.373429,0.0483984,0.0271457,-0.00814931,47.5148,0.50103,-0.212427,0.2942
95.98,0.90622,-0.0215742,0.00400215,-0.422238,0.0131483,0.014026,-0.000667724,-0.848649,-7.83172,0.373504,0.0463707,0.0256609,-0.00751013,50.6488,0.424019,-0.340845,0.4783
96,0.906211,-0.0216238,0.00403572,-0.422254,-0.0170198,0.0118433,-0.00449433,-0.848347,-7.83175,0.373515,0.0465613,0.024088,-0.00341833,47.2236,0.471524,-0.270179,0.363347
96.02,0.906187,-0.0216821,0.00405444,-0.422301,0.0144867,0.00877799,-0.0101076,-0.847592,-7.83199,0.373789,0.0481018,0.020762,-0.00505716,50.3564,0.502221,-0.157997,0.210691
96.04,0.906179,-0.0217727,0.00403186,-0.422314,-0.0250178,-0.0175672,-0.0019444,-0.847273,-7.83206,0.37388,0.04971,0.0208887,-0.00597618,50.5679,0.403948,-0.358539,0.490894
96.06,0.906126,-0.0218851,0.00389629,-0.422423,0.012833,-0.0109992,-0.00313979,-0.8465,-7.83234,0.374237,0.051523,0.0213116,-0.000369435,49.4947,0.390022,-0.355219,0.49116
96.08,0.906095,-0.0219184,0.00379923,-0.422489,0.00107478,-0.0106887,-0.000567042,-0.84595,-7.83248,0.374451,0.0530316,0.0221661,-0.00179498,47.9688,0.393996,-0.352852,0.510079
96.1,0.906124,-0.0219277,0.00361041,-0.422429,0.00954424,-0.0130419,0.0192369,-0.845179,-7.83273,0.3748,0.0536712,0.0207082,-0.00592902,48.4192,0.403181,-0.340097,0.48844
96.12,0.906148,-0.0220231,0.00355587,-0.422372,-0.0124474,-0.0208475,0.0236496,-0.844969,-7.83284,0.374949,0.0532292,0.0196701,-0.00132835,47.168,0.423907,-0.309397,0.430466
96.14,0.906127,-0.0221066,0.00337175,-0.422413,0.0147929,-0.00711593,-0.00463887,-0.844364,-7.8332,0.375436,0.0513163,0.0184386,-0.00291178,49.8582,0.332218,-0.43887,0.592898
96.16,0.906035,-0.0222798,0.00321081,-0.422603,-0.0175306,-0.0216193,-0.0132605,-0.843694,-7.83349,0.375874,0.0519249,0.0208443,-0.00461584,50.3562,0.43897,-0.314775,0.440115
96.18,0.90601,-0.0223192,0.00319338,-0.422656,0.00747511,0.000668464,-0.01464,-0.843489,-7.83357,0.376016,0.0514169,0.0207624,0.000535795,46.9883,0.390491,-0.354254,0.505467
96.2,0.906011,-0.0223663,0.00317739,-0.422651,0.00254803,0.00527182,0.00507272,-0.843072,-7.83371,0.37629,0.0519386,0.0222397,0.000466584,52.0672,0.486524,-0.242384,0.321475
96.22,0.906015,-0.0222849,0.00323177,-0.422646,0.00254263,0.0124765,0.00327608,-0.842624,-7.83395,0.376732,0.0514484,0.0249876,-0.00475095,47.9397,0.345163,-0.406381,0.582658
96.24,0.905955,-0.0222219,0.0033622,-0.422778,-0.006973,0.00620207,-0.0102926,-0.842262,-7.83417,0.377171,0.0502421,0.0257089,-0.000321156,48.1058,0.351451,-0.386228,0.567707
96.26,0.905923,-0.0221522,0.00351801,-0.422848,-0.0175927,0.00890023,-0.00330191,-0.841954,-7.83425,0.377459,0.0499478,0.0266646,-0.00468159,47.9261,0.39396,-0.370492,0.496992
96.28,0.90592,-0.0220744,0.00359552,-0.422857,0.0192985,0.027911,0.000492208,-0.841832,-7.8343,0.377595,0.0486948,0.025414,0.000213795,49.8543,0.438868,-0.302076,0.415576
96.3,0.905913,-0.0220329,0.00375714,-0.422873,0.00842703,0.0198749,0.00319332,-0.841583,-7.8344,0.377856,0.0485881,0.0242807,0.000456116,49.3736,0.416717,-0.324593,0.44784
96.32,0.905912,-0.0219936,0.00391048,-0.422876,-0.00829616,-0.000501932,0.00516314,-0.841254,-7.83459,0.378241,0.0500063,0.0230261,-0.00382902,48.103,0.43208,-0.312333,0.422442
96.34,0.905863,-0.022108,0.00391112,-0.422975,-0.00371791,-0.0103872,-0.0101523,-0.840951,-7.83481,0.378622,0.0520646,0.0208478,-0.000227414,49.9388,0.30442,-0.447945,0.632329
96.36,0.905854,-0.0220953,0.00389005,-0.422996,0.00282738,-0.00733456,-0.000849103,-0.840839,-7.8349,0.378762,0.0525009,0.0201286,-0.00257987,48.5485,0.449888,-0.338529,0.433164
96.38,0.905819,-0.0222221,0.0037439,-0.423066,-0.00810227,-0.0226224,0.00182437,-0.840427,-7.83512,0.379126,0.055082,0.0206034,-0.0012475,48.0384,0.0804367,-0.960127,0.992885
96.4,0.905822,-0.0222743,0.00358351,-0.423057,-0.0133877,-0.028422,0.00563347,-0.840031,-7.83524,0.379343,0.0555146,0.0194191,-0.00405407,46.2258,0.392889,-0.361414,0.500169
96.42,0.905836,-0.022334,0.00341717,-0.423027,-0.00620524,-0.0316766,0.00197548,-0.839797,-7.83546,0.379637,0.0553287,0.0185556,-0.00297985,46.4093,0.373488,-0.374595,0.551033
96.44,0.905839,-0.0223948,0.00331288,-0.423016,0.0129385,-0.0256638,0.00736912,-0.839674,-7.83557,0.37978,0.0548566,0.0176528,0.00200901,45.4208,0.436394,-0.31211,0.41456
96.46,0.905801,-0.0225335,0.00314602,-0.423092,-0.00360603,-0.0180189,-0.0059489,-0.839426,-7.83577,0.380062,0.0542279,0.0179764,0.00183416,46.6777,0.364146,-0.399887,0.580059
96.48,0.905746,-0.0226331,0.00300246,-0.423206,-0.0117635,-0.0193822,-0.0159527,-0.839177,-7.83595,0.380331,0.0535282,0.0192353,0.000896082,48.9423,0.397985,-0.34989,0.493347
96.5,0.905728,-0.0227712,0.0028329,-0.423238,-0.012445,-0.0169504,-0.00342738,-0.838652,-7.8362,0.380806,0.0525722,0.0214604,-0.000572433,46.4371,0.463489,-0.280889,0.358944
96.52,0.905729,-0.022757,0.00283483,-0.423236,0.00598653,0.00338115,0.00220265,-0.838573,-7.83625,0.380952,0.05098,0.0215737,-0.00179575,46.4881,0.362814,-0.401619,0.510114
96.54,0.905674,-0.0228038,0.00283519,-0.423351,0.00928722,0.00826094,-0.0139505,-0.838169,-7.83634,0.381453,0.0493146,0.0220967,0.00176227,47.8569,0.357204,-0.414034,0.573112
96.56,0.905658,-0.0227715,0.00282728,-0.423387,-0.000878363,-0.00753116,-0.00617114,-0.838086,-7.83636,0.381578,0.0492139,0.0226244,-0.00311055,45.9275,0.382927,-0.404965,0.516474
96.58,0.905647,-0.0228739,0.00282775,-0.423406,-0.0157475,-0.00870233,-0.00608431,-0.8378,-7.83644,0.381922,0.0493538,0.020665,0.00125626,45.4819,0.471691,-0.326326,0.371126
96.6,0.905661,-0.0229382,0.00278405,-0.423373,0.00171743,-0.000116888,-0.00151365,-0.837526,-7.83652,0.382333,0.0492644,0.019817,-0.000818868,51.4758,-0.0683821,-0.992292,0.995034
96.62,0.905643,-0.0230334,0.00273716,-0.423405,-0.0204714,-0.0213159,-0.00639634,-0.837456,-7.83653,0.382497,0.0501283,0.0202881,0.00154643,50.4546,0.446387,-0.305001,0.414334
96.64,0.905571,-0.0230712,0.00262658,-0.423558,0.0178049,-0.000455041,-0.00447041,-0.837125,-7.83652,0.383025,0.0506233,0.0201384,0.00333771,43.8887,0.429332,-0.266333,0.337094
96.66,0.905544,-0.0231129,0.00251808,-0.423615,0.0134863,-0.00853268,-0.00433128,-0.836909,-7.83652,0.383338,0.0513859,0.0201722,0.00306713,46.5788,0.385017,-0.342247,0.483668
96.68,0.905565,-0.0231768,0.00242177,-0.423567,0.000364492,-0.0131642,0.00673863,-0.836673,-7.83651,0.383638,0.0509178,0.0203363,0.00311816,45.0322,0.16646,-0.658775,0.951298
96.7,0.905567,-0.023224,0.00232554,-0.423561,-0.00296907,-0.0116755,-0.00272524,-0.836493,-7.83651,0.383929,0.0497376,0.0197982,0.00371683,47.9863,0.364203,-0.385365,0.538074
96.72,0.905539,-0.0232717,0.00223133,-0.423618,-0.00815532,-0.0157687,-0.0134256,-0.836455,-7.83652,0.384247,0.0487804,0.0206626,0.00355748,48.168,0.414548,-0.301886,0.446743
96.74,0.905493,-0.0233259,0.00217345,-0.423715,-0.0192522,-0.0136825,-0.0128292,-0.83649,-7.83652,0.384597,0.0481416,0.0209953,0.00344967,46.8344,0.440421,-0.273859,0.372924
96.76,0.905479,-0.0233449,0.002133,-0.423744,0.00962614,-0.000369804,0.00397132,-0.83643,-7.83645,0.385101,0.0468897,0.0213134,0.0043076,48.1551,0.449844,-0.25211,0.360487
96.78,0.905481,-0.0233378,0.0021471,-0.423739,0.0154407,0.0111868,0.00104306,-0.83642,-7.83638,0.385409,0.0457335,0.0234669,0.00449628,47.0485,0.427826,-0.284412,0.401315
96.8,0.905456,-0.0233112,0.00223661,-0.423793,0.00604426,0.0127034,-0.00593369,-0.836416,-7.83627,0.385705,0.0440449,0.0255218,0.00412932,46.4204,0.306165,-0.42269,0.62893
96.82,0.905417,-0.0232608,0.00237003,-0.423879,-0.00476619,0.00914685,-0.00425228,-0.836511,-7.83612,0.386032,0.0428627,0.0263644,0.00300859,48.1665,0.442669,-0.280914,0.389455
96.84,0.905435,-0.0232,0.00255028,-0.423842,0.00393272,0.0148833,0.0107422,-0.836748,-7.83591,0.386575,0.0436203,0.0237396,-0.000850756,46.8483,0.420688,-0.302654,0.451742
96.86,0.905453,-0.0232935,0.00257376,-0.423799,0.0084401,-0.000240951,0.00688354,-0.836775,-7.83578,0.386924,0.0440668,0.0200763,0.00458723,51.0893,0.368887,-0.388217,0.536779
96.88,0.905437,-0.0234384,0.00250333,-0.423825,0.00940175,-0.00939308,-0.0111928,-0.836826,-7.83573,0.387283,0.045588,0.0179215,0.00527683,45.7126,0.438593,-0.317438,0.436911
96.9,0.905388,-0.0235906,0.00234332,-0.423922,0.00577389,-0.0215839,-0.00508086,-0.836822,-7.83569,0.387634,0.0474417,0.0166558,0.00582024,46.3618,0.349744,-0.388993,0.556808
96.92,0.90535,-0.0237298,0.00210503,-0.423998,0.00878639,-0.028601,-0.00740181,-0.836965,-7.83573,0.387979,0.0490185,0.0166594,0.00672659,50.8695,0.384095,-0.361765,0.511942
96.94,0.905334,-0.0238168,0.00177117,-0.424028,0.0104255,-0.0212907,-0.000390192,-0.83725,-7.83578,0.388503,0.0497908,0.0190451,0.00145323,48.7067,0.395723,-0.333416,0.474914
96.96,0.905326,-0.0238394,0.00156476,-0.424046,0.0215492,-0.0113243,-0.00680079,-0.837405,-7.83578,0.38883,0.0484366,0.0203632,0.00118038,50.6253,0.418915,-0.319077,0.434215
96.98,0.905312,-0.0238432,0.00142157,-0.424075,0.0231981,-0.00207055,-0.00361412,-0.837479,-7.8357,0.389126,0.045689,0.0213171,0.00513807,49.4852,0.360538,-0.392318,0.538251
97,0.905278,-0.0237969,0.00142827,-0.42415,0.0190238,0.0184952,-0.00375599,-0.837641,-7.83561,0.389424,0.0424886,0.0237787,0.0057884,47.8636,0.454354,-0.260322,0.35768
97.02,0.905197,-0.0236458,0.00167995,-0.42433,-0.0095792,0.0347928,-0.0107956,-0.838181,-7.83544,0.389861,0.0377169,0.0292054,0.000966516,46.3568,0.422859,-0.317264,0.440769
97.04,0.905138,-0.0233491,0.00225309,-0.42447,0.00925417,0.0571592,-0.00692362,-0.838883,-7.83515,0.390272,0.0325401,0.0334357,0.00505405,49.1894,0.369691,-0.404761,0.544681
97.06,0.905123,-0.0231541,0.00249358,-0.424511,0.0138471,0.0661491,-0.00717871,-0.839123,-7.83502,0.390395,0.0319567,0.035867,-0.000763952,50.9328,0.397556,-0.347831,0.490727
97.08,0.905096,-0.0228583,0.00305443,-0.424582,0.0110751,0.0753136,-0.00566464,-0.839556,-7.83468,0.390635,0.0294742,0.0356724,0.00203257,48.3208,0.454357,-0.287925,0.340984
97.1,0.905063,-0.0223568,0.00410858,-0.424669,0.0124853,0.0590518,-0.00288255,-0.840598,-7.83418,0.391062,0.0284187,0.0304907,0.00416504,48.7231,0.366177,-0.36278,0.523346
97.12,0.905059,-0.0223415,0.00432267,-0.424678,-0.0229936,0.0370138,-0.00406522,-0.840941,-7.83413,0.391159,0.0305518,0.0290716,0.000321375,50.575,0.395567,-0.368672,0.504255
97.14,0.905052,-0.0222569,0.00460917,-0.424693,-0.0226656,0.00982878,0.00554772,-0.84156,-7.83408,0.391373,0.0329886,0.02454,0.00135503,47.9391,0.396443,-0.350493,0.478661
97.16,0.905035,-0.0222657,0.00470163,-0.424728,-0.00756786,-0.00567774,-0.00259015,-0.842082,-7.8341,0.391601,0.0365077,0.0205605,0.00191485,46.6088,0.393819,-0.355901,0.474059
97.18,0.904998,-0.0223634,0.0046445,-0.424803,-0.00222254,-0.0171637,-0.00515885,-0.842494,-7.83417,0.39183,0.0403232,0.0176523,0.00244882,49.3635,0.37501,-0.383845,0.535642
97.2,0.904969,-0.0224458,0.00440383,-0.424863,0.0096906,-0.030974,-0.00174603,-0.842734,-7.83424,0.392083,0.042919,0.0156248,0.0061378,52.3662,0.434572,-0.304212,0.427989
97.22,0.904906,-0.0225081,0.00378434,-0.424999,0.026923,-0.0230364,-0.00346428,-0.843295,-7.8344,0.392483,0.0423754,0.0182522,0.00609865,49.3045,0.446255,-0.298506,0.402556
97.24,0.904883,-0.0224623,0.00357925,-0.425052,0.0379675,-0.00834985,-0.00466113,-0.843617,-7.83443,0.39264,0.0396394,0.0201828,0.00638291,49.9507,0.415683,-0.350538,0.471532
97.26,0.904881,-0.0224133,0.00350701,-0.42506,0.0113548,5.67618e-05,0.0131924,-0.843962,-7.83442,0.392792,0.0355345,0.0217973,0.00687921,43.5488,0.428891,-0.307336,0.442374
97.28,0.904881,-0.0223607,0.00350397,-0.425062,-0.000153012,0.00224519,0.00464873,-0.84415,-7.83441,0.392859,0.034371,0.0226771,0.00184436,51.3873,0.248096,-0.506216,0.738118
97.3,0.904911,-0.0223018,0.00357306,-0.425001,0.00741658,0.0112991,0.0148395,-0.844554,-7.83437,0.392994,0.0299337,0.0218335,0.00169709,49.1987,0.381273,-0.382457,0.517885
97.32,0.904928,-0.0223806,0.00381782,-0.424959,-0.0187123,0.0155068,-0.00234469,-0.845313,-7.83434,0.393286,0.0248189,0.0209629,0.00470252,48.5552,0.352997,-0.399621,0.539045
97.34,0.904887,-0.0223985,0.00405357,-0.425043,-0.0221418,0.0210309,-0.0134578,-0.845899,-7.83435,0.393511,0.0238858,0.0214059,0.00348658,49.2855,0.286488,-0.482212,0.645187
97.36,0.904847,-0.0224312,0.00428059,-0.425123,-0.0309743,0.0116715,-0.00392171,-0.846443,-7.83434,0.393712,0.0249621,0.0214069,0.00264718,45.0054,0.316696,-0.453837,0.608588
97.38,0.904856,-0.0224019,0.00450727,-0.425104,0.00209313,0.0138473,0.0146181,-0.847136,-7.83432,0.394004,0.0269989,0.0193881,0.00633782,49.7345,-0.00446858,-0.993318,0.998027
97.4,0.904862,-0.022405,0.0045993,-0.42509,-0.0039587,0.00898903,0.00118846,-0.847511,-7.83432,0.394187,0.028339,0.0184032,0.00649744,48.8747,0.395676,-0.350274,0.468745
97.42,0.904824,-0.0224096,0.00456809,-0.425171,-0.00731842,-0.00519312,-0.0130423,-0.847935,-7.83431,0.394375,0.0292273,0.0168925,0.00497195,44.9976,0.32087,-0.409506,0.603612
97.44,0.904762,-0.0224001,0.0044709,-0.425306,-0.00300674,-0.0133983,-0.0180698,-0.848365,-7.83436,0.39457,0.0294173,0.0157949,0.00446932,44.3156,0.344523,-0.384006,0.546626
97.46,0.904739,-0.0224269,0.00429321,-0.425353,0.0136311,-0.0103134,0.00792533,-0.848933,-7.83445,0.394873,0.0285654,0.0130851,0.00610038,47.8428,0.455653,-0.292519,0.374784
97.48,0.904755,-0.0225516,0.00409725,-0.425316,-0.0175545,-0.0227738,-0.000397214,-0.849425,-7.83454,0.395142,0.0288171,0.0135928,0.00123553,49.7779,0.260521,-0.498575,0.723434
97.5,0.90475,-0.0225844,0.00403991,-0.425325,0.00376613,-0.0120366,0.000749099,-0.849579,-7.83457,0.395221,0.0272599,0.0132324,0.00611378,46.2185,0.376205,-0.359784,0.530277
97.52,0.904684,-0.0226002,0.00394279,-0.425464,0.000669506,-0.00593089,-0.00561834,-0.850226,-7.83461,0.395493,0.0258657,0.0159352,0.000950227,45.3068,0.356969,-0.381238,0.559347
97.54,0.904651,-0.022586,0.00392906,-0.425536,0.00779916,0.00256745,0.00211545,-0.850635,-7.8346,0.395661,0.0249852,0.0168473,0.00120258,47.2111,0.409582,-0.325951,0.437343
97.56,0.904653,-0.0226146,0.00397753,-0.42553,-0.011489,-0.00416938,-0.000654569,-0.851174,-7.83452,0.395881,0.0238215,0.0177198,0.00181126,47.3011,0.43816,-0.30435,0.435646
97.58,0.904663,-0.0225309,0.00400436,-0.425513,0.0248319,0.0133508,0.00707524,-0.85136,-7.83449,0.395964,0.0218683,0.0168958,0.00505697,46.9847,0.318957,-0.435007,0.613417
97.6,0.904649,-0.0225215,0.00408137,-0.425542,0.0207268,0.0194418,-0.00499976,-0.851728,-7.83443,0.396109,0.0206894,0.0169864,0.00547805,51.1581,0.375647,-0.37343,0.508466
97.62,0.904614,-0.0225159,0.00418191,-0.425616,0.0136314,0.0180318,-0.0190457,-0.852123,-7.83438,0.396285,0.0196438,0.0171806,0.00595222,48.4229,0.292231,-0.459114,0.665411
97.64,0.904569,-0.0224594,0.00430279,-0.425714,0.00093313,0.00617048,0.000848198,-0.85273,-7.83431,0.396577,0.0203918,0.0179141,0.000664283,49.5902,0.435864,-0.298692,0.422773
97.66,0.904584,-0.0224279,0.00439167,-0.425682,0.00072439,0.00949386,0.0163402,-0.853094,-7.83425,0.396761,0.0202844,0.0180007,0.000990919,50.3481,0.36302,-0.400054,0.557682
97.68,0.904583,-0.0224274,0.0044403,-0.425685,0.00642415,0.0018835,0.000738984,-0.853409,-7.83416,0.396962,0.018911,0.016874,0.0048474,47.0281,0.326597,-0.415588,0.596769
97.7,0.904535,-0.0224044,0.00443633,-0.425787,-0.00798478,-0.00850035,-0.0100961,-0.853876,-7.83408,0.397218,0.0198322,0.0163556,0.00193202,50.4896,0.424676,-0.347974,0.445249
97.72,0.90451,-0.0223808,0.004418,-0.425841,-0.00788326,-0.0170829,-0.00551269,-0.85422,-7.83403,0.397439,0.0194402,0.015313,0.00204683,49.4418,0.14757,-0.74637,0.969562
97.74,0.9045,-0.0223887,0.00440857,-0.425863,-0.0120834,-0.0051912,0.000684726,-0.854606,-7.83401,0.397712,0.0189064,0.0145669,0.00202959,48.3189,0.434602,-0.315454,0.435703
97.76,0.904481,-0.0224653,0.00434121,-0.4259,0.00914472,-0.0045033,-0.011326,-0.855139,-7.83398,0.39811,0.0174281,0.0129038,0.0073773,48.9362,0.383808,-0.369359,0.514735
97.78,0.904478,-0.0224305,0.00431744,-0.425908,0.0013067,-0.00429915,-0.00137251,-0.855308,-7.83397,0.398239,0.0181833,0.0138982,0.00251324,47.478,0.393529,-0.357022,0.513093
97.8,0.904449,-0.022473,0.00426384,-0.425967,0.00791163,-3.91936e-05,-0.005553,-0.855596,-7.83393,0.398526,0.0169592,0.0132102,0.00593002,49.6589,0.40079,-0.346097,0.469333
97.82,0.904417,-0.0225334,0.00419154,-0.426034,0.0161205,0.00303258,0.00523608,-0.856367,-7.83389,0.399109,0.0163507,0.0138818,0.00685284,46.2227,0.382582,-0.337558,0.482544
97.84,0.904415,-0.0225558,0.00418023,-0.426036,-0.0124111,-0.00839088,0.000388076,-0.856562,-7.83387,0.399247,0.0174443,0.0150775,0.00324176,45.9796,0.311709,-0.425268,0.592619
97.86,0.904397,-0.0225693,0.00416938,-0.426075,0.00897223,0.00411298,-0.00411259,-0.857111,-7.83381,0.399675,0.0154933,0.01468,0.00722938,47.7119,0.450562,-0.325548,0.377335
97.88,0.904383,-0.0225331,0.00416753,-0.426107,-0.00157577,-0.00486823,-0.00799289,-0.857287,-7.83378,0.399805,0.0163767,0.016204,0.00242108,48.2016,0.0517945,-0.978373,0.997225
97.9,0.904357,-0.0225059,0.00419126,-0.426163,0.0103878,0.00769208,-0.00857555,-0.857603,-7.83368,0.40008,0.0150224,0.0156263,0.004776,49.2959,0.435579,-0.2853,0.348127
97.92,0.904331,-0.0224639,0.00426855,-0.426219,0.00982052,0.00640915,-0.000840396,-0.858407,-7.8337,0.400647,0.0143243,0.0155938,0.00570126,46.5987,0.427905,-0.316968,0.431407
97.94,0.904321,-0.0224525,0.00432587,-0.426241,0.0134285,0.0124488,-0.007115,-0.858806,-7.83373,0.400926,0.0139191,0.0152377,0.00648635,44.9925,0.401472,-0.351285,0.486378
97.96,0.904317,-0.0224656,0.00433829,-0.426249,-0.0149537,-0.0043373,-0.00181342,-0.858998,-7.83374,0.401055,0.0146908,0.0158331,0.00378508,45.117,0.386647,-0.390551,0.503898
97.98,0.904287,-0.0224376,0.00437165,-0.426314,0.0132822,0.00227526,-0.00134915,-0.85954,-7.83378,0.401459,0.0134399,0.0144004,0.0074308,41.9748,0.301095,-0.451781,0.609135
98,0.904257,-0.0224634,0.00438936,-0.426375,0.00194546,0.00133107,-0.00357293,-0.859869,-7.83379,0.401715,0.0136579,0.0143805,0.00774121,47.712,-0.023258,-0.990971,0.9977
98.02,0.904247,-0.0224925,0.00438296,-0.426394,-0.011569,-0.00377401,-0.000277338,-0.860201,-7.83384,0.401975,0.0149434,0.0147704,0.00568511,50.0439,0.390537,-0.35052,0.482772
98.04,0.904235,-0.0225156,0.00436466,-0.42642,-0.0169247,-0.00632284,-0.00566144,-0.86059,-7.83398,0.402269,0.0151263,0.0144937,0.00565903,45.5931,0.302829,-0.415406,0.625519
98.06,0.904217,-0.0225207,0.00435097,-0.426458,-0.0129251,-0.00637474,-0.010029,-0.860954,-7.83411,0.402559,0.0148334,0.014232,0.00503588,47.122,0.361552,-0.393111,0.546351
98.08,0.904179,-0.0225213,0.00430787,-0.426539,0.0150558,-0.000293727,-0.00802843,-0.861462,-7.83428,0.402985,0.0128413,0.0130194,0.00777898,45.1496,0.40483,-0.340628,0.455243
98.1,0.904164,-0.0225305,0.0042555,-0.426569,-0.005492,-0.0013431,-0.00443391,-0.861996,-7.83449,0.403416,0.0140629,0.01399,0.00375632,44.4853,0.37115,-0.386293,0.512153
98.12,0.904156,-0.0225588,0.00425075,-0.426585,0.00778055,0.0011512,-0.00565975,-0.862207,-7.83459,0.403584,0.0126788,0.013258,0.00797042,47.5791,0.428375,-0.353728,0.442835
98.14,0.904139,-0.0226078,0.00426067,-0.426618,-0.00620986,-0.00859485,-0.00328737,-0.862604,-7.83476,0.403898,0.0124714,0.0137049,0.00679131,47.3586,-0.0521571,-0.989573,0.995531
98.16,0.904117,-0.0225583,0.00427484,-0.426667,0.00586864,0.0083651,-0.00428717,-0.863207,-7.83501,0.404382,0.0105571,0.0131725,0.00654423,48.3968,0.389952,-0.361085,0.483826
98.18,0.904088,-0.0225686,0.00427205,-0.426729,-0.0149192,-0.00979724,-0.00540289,-0.863766,-7.83523,0.404835,0.0112396,0.0136585,0.00617429,41.2882,0.31684,-0.432734,0.604189
98.2,0.904078,-0.0225524,0.00431569,-0.426749,-0.0174706,-0.00231472,0.00609187,-0.864114,-7.83537,0.405136,0.0110887,0.0136885,0.00558843,43.6202,0.12236,-0.94846,0.993533
98.22,0.90406,-0.0225349,0.00433925,-0.426789,-0.00814862,-0.0021696,0.000473647,-0.864553,-7.83558,0.405517,0.0103426,0.0134564,0.00546911,44.3286,0.282577,-0.458404,0.669871
98.24,0.904046,-0.0225302,0.00438301,-0.426819,-0.00605292,0.00796125,0.0027059,-0.86497,-7.83577,0.405918,0.00882535,0.0126687,0.00631036,47.3581,0.341033,-0.391837,0.539007
98.26,0.904021,-0.0225559,0.00441867,-0.426869,-0.000659615,0.00358748,-0.00166172,-0.865375,-7.83597,0.406278,0.00860592,0.0123344,0.00688518,51.6846,0.341746,-0.383531,0.564429
98.28,0.903985,-0.0226059,0.00443096,-0.426943,-0.0103468,-0.00461722,-0.00220026,-0.865937,-7.83623,0.406792,0.00946859,0.0124968,0.00800947,44.8286,0.434346,-0.287173,0.387814
98.3,0.903973,-0.022603,0.00442937,-0.426969,-0.012101,-0.00437252,0.000416787,-0.866299,-7.83642,0.407122,0.00921855,0.0125747,0.00752349,46.1503,0.328768,-0.418623,0.606163
98.32,0.903969,-0.0225984,0.00442276,-0.426977,0.0117775,0.00659285,-5.56016e-05,-0.866516,-7.83654,0.407319,0.00813031,0.0116314,0.00941016,49.3715,0.30485,-0.432124,0.61456
98.34,0.903952,-0.0226033,0.00439706,-0.427013,0.0165635,0.00243601,-0.00250914,-0.866935,-7.83678,0.407692,0.00743843,0.0114703,0.00982597,47.5896,0.298229,-0.455389,0.62635
98.36,0.903901,-0.0226648,0.00436032,-0.427118,-0.00196924,-0.00233521,-0.00879203,-0.867722,-7.83719,0.408435,0.00692304,0.011671,0.0112303,47.9232,0.16225,-0.570943,0.831882
98.38,0.903894,-0.0226239,0.00434528,-0.427135,0.00717124,-0.00392079,-0.0012168,-0.867916,-7.83729,0.408625,0.00618824,0.0116098,0.00827641,40.7461,0.3801,-0.400771,0.483649
98.4,0.903871,-0.0226212,0.0043215,-0.427185,0.0073532,0.00699781,-0.00634886,-0.86829,-7.83747,0.408973,0.00570655,0.011667,0.00858155,46.7874,-0.0591146,-0.992218,0.992456
98.42,0.903853,-0.0226598,0.00430418,-0.427221,-0.0103886,-0.00367592,-0.00292022,-0.868851,-7.83772,0.409475,0.00604257,0.012295,0.009281,50.7281,0.180879,-0.904542,0.991439
98.44,0.903818,-0.0226489,0.00432354,-0.427295,0.0057812,0.005761,-0.0012548,-0.869453,-7.83796,0.409997,0.00376354,0.0111276,0.0107109,45.017,0.321856,-0.377507,0.603702
98.46,0.90381,-0.0226156,0.00432154,-0.427314,-0.00277513,-0.00308591,-0.000705095,-0.869648,-7.83804,0.410156,0.00473746,0.0117205,0.00834078,39.6074,0.381094,-0.355112,0.495322
98.48,0.903781,-0.0226493,0.0043505,-0.427374,0.003647,-0.00137208,-0.00436729,-0.870206,-7.83823,0.410655,0.00355662,0.0106606,0.0115394,44.3376,0.249348,-0.484367,0.697226
98.5,0.903778,-0.0226149,0.00435788,-0.427381,0.00159548,-0.00301061,0.000358804,-0.870392,-7.8383,0.410826,0.00287254,0.0104928,0.00839779,46.9944,0.411828,-0.373926,0.491199
98.52,0.903734,-0.0226231,0.00439353,-0.427473,0.0209972,0.00407331,0.000947425,-0.871095,-7.83858,0.41138,0.00299443,0.0101216,0.00898524,45.3485,0.28795,-0.461948,0.617588
98.54,0.903709,-0.0226426,0.00440049,-0.427526,0.0136172,0.00185254,-0.0014281,-0.871434,-7.8387,0.411643,0.00213427,0.00978144,0.00980518,49.3977,-0.0113453,-0.993941,0.996747
98.56,0.903692,-0.0226314,0.0044003,-0.427561,0.0160427,0.00819418,0.00221229,-0.871761,-7.8388,0.411892,0.00210306,0.00993302,0.00982495,45.4145,0.339019,-0.393125,0.577671
98.58,0.903677,-0.0226378,0.00439382,-0.427594,0.0134049,0.0113056,-0.00622411,-0.872064,-7.83888,0.412127,0.00233681,0.00946398,0.0115762,43.7738,0.217847,-0.507404,0.736938
98.6,0.90366,-0.0226379,0.00439891,-0.427629,0.000894689,0.00164195,-0.00587379,-0.872381,-7.83896,0.412317,0.00246301,0.00948246,0.0114155,44.5793,0.100872,-0.897823,0.993654
98.62,0.90363,-0.0225784,0.00438798,-0.427695,0.0194216,0.00289533,-0.000992764,-0.872863,-7.83903,0.412527,0.00171422,0.00956861,0.00853574,45.933,0.366778,-0.381608,0.519543
98.64,0.903616,-0.0226155,0.00438051,-0.427723,-0.00461997,-0.00370411,-0.009219,-0.873015,-7.83905,0.412584,0.00192267,0.00965232,0.0105719,45.3407,0.178844,-0.646,0.943693
98.66,0.903589,-0.0225737,0.00438162,-0.427782,0.0191879,0.00822801,-0.00391218,-0.873441,-7.8391,0.412743,0.00186547,0.00939126,0.00750885,42.1058,0.335459,-0.378316,0.525602
98.68,0.903583,-0.022577,0.00438297,-0.427796,0.0226143,0.0050685,-4.44948e-05,-0.873704,-7.83912,0.412825,0.00150855,0.00920382,0.00788426,41.889,0.312803,-0.434195,0.580198
98.7,0.903561,-0.0225372,0.0044264,-0.427844,-0.00372748,-0.000106322,0.000481118,-0.874078,-7.83914,0.412928,0.00253327,0.0105282,0.00449733,44.6017,-0.0106144,-0.99075,0.998014
98.72,0.90355,-0.0225592,0.004423,-0.427867,0.00113574,-0.00290818,-0.00297205,-0.874183,-7.83913,0.412914,0.00088504,0.00996841,0.00882265,48.0954,0.376076,-0.345751,0.481784
98.74,0.903527,-0.0225406,0.00447138,-0.427914,-0.00655334,0.00462513,-0.00259727,-0.874389,-7.83909,0.412871,0.00173438,0.0104192,0.00696296,45.877,0.311694,-0.414414,0.585216
98.76,0.903517,-0.0225146,0.00449451,-0.427936,-0.00669058,-0.00426796,-0.0019469,-0.874589,-7.83907,0.41283,0.00177086,0.0104503,0.00587061,47.3194,0.396464,-0.369524,0.473623
98.78,0.903512,-0.0224933,0.0045514,-0.427947,-0.00831144,0.00272781,-0.00360357,-0.874781,-7.83903,0.412791,0.00123259,0.0103679,0.00577083,44.1394,0.307109,-0.432857,0.596422
98.8,0.903489,-0.0224194,0.0046246,-0.427999,0.016232,0.0143445,-0.00209101,-0.875065,-7.83898,0.412756,-0.000354605,0.00941664,0.00737445,45.7294,0.401784,-0.3875,0.474343
98.82,0.903469,-0.0224059,0.0046773,-0.428042,0.0127447,0.0125302,-0.0104408,-0.87523,-7.83894,0.412691,-0.000347591,0.00878262,0.00760354,47.8794,-0.0359616,-0.995155,0.996425
98.84,0.903442,-0.0223626,0.00471371,-0.4281,0.00253947,0.0021159,-0.00198579,-0.875441,-7.83888,0.412567,0.000362882,0.00862054,0.00438203,49.6175,0.198687,-0.610664,0.83766
98.86,0.903431,-0.0223446,0.00473398,-0.428124,0.0035225,0.00938295,-0.00117442,-0.875564,-7.83885,0.412474,0.000400806,0.00820227,0.00456889,45.5597,0.218474,-0.50204,0.766926
98.88,0.903407,-0.022405,0.00473026,-0.428171,-0.0177394,-6.91798e-05,0.00199988,-0.875726,-7.8388,0.412322,0.00147155,0.00789429,0.00514994,39.0486,0.367896,-0.353057,0.501135
98.9,0.903397,-0.0223553,0.00473505,-0.428195,0.0108944,0.005686,-0.00134861,-0.87578,-7.83879,0.412291,0.000360863,0.00719847,0.00535483,44.9374,0.324178,-0.407244,0.617408
98.92,0.903379,-0.0223895,0.00471732,-0.428231,-0.0100427,-0.00376969,-0.00442866,-0.875916,-7.83881,0.412086,0.00173661,0.00785602,0.00335969,47.7889,0.334079,-0.396718,0.574918
98.94,0.903371,-0.0223849,0.00471317,-0.42825,0.00668418,0.00140065,-0.00533971,-0.875955,-7.83883,0.412019,0.000544845,0.00698613,0.00583751,46.0488,0.282283,-0.446317,0.664727
98.96,0.90336,-0.0223993,0.00469765,-0.428271,0.0116554,0.00217241,-0.00682414,-0.876032,-7.83885,0.411885,0.00071066,0.00732566,0.0063138,45.7941,0.143086,-0.749029,0.972505
98.98,0.903339,-0.0223361,0.00471272,-0.42832,0.00393006,0.00189702,-0.00225742,-0.876167,-7.83888,0.41169,-0.000414459,0.00784882,0.00260779,46.3699,0.347434,-0.36821,0.527731
99,0.903327,-0.0223317,0.00471825,-0.428346,0.0111548,0.00925248,0.00221413,-0.876252,-7.83888,0.411558,-0.000857439,0.00829331,0.0036016,49.4544,0.311513,-0.392238,0.609586
99.02,0.903306,-0.0222983,0.00478918,-0.42839,0.0134204,0.0157041,0.000868278,-0.876343,-7.83886,0.411403,-0.00184873,0.00882507,0.00424932,48.0268,0.236929,-0.506889,0.761202
99.04,0.903262,-0.0223593,0.00483477,-0.428478,-0.021732,-0.00357443,-0.00548844,-0.876494,-7.83881,0.411106,-0.00209323,0.0083975,0.00425128,46.5159,0.260162,-0.462886,0.697546
99.06,0.903233,-0.0223395,0.00492841,-0.428541,0.00266025,0.0068801,0.00127326,-0.876664,-7.83878,0.410844,-0.00272152,0.0066299,0.00568837,46.3371,0.315036,-0.428579,0.600898
99.08,0.903231,-0.0223384,0.00496514,-0.428544,-0.0156097,0.00541625,-0.000342558,-0.876717,-7.83878,0.41077,-0.00244585,0.00780704,0.00276772,46.3947,0.335054,-0.424459,0.584844
99.1,0.903214,-0.0223759,0.00505615,-0.428577,-0.00139261,0.00779872,0.00219487,-0.87681,-7.83874,0.410622,-0.00230844,0.00874699,0.00227704,47.911,0.345112,-0.422186,0.584665
99.12,0.903168,-0.0223318,0.00508991,-0.428676,0.0116199,0.00741131,-0.0138742,-0.876873,-7.83866,0.410337,-0.000936728,0.00980957,0.00210846,46.4256,0.215513,-0.549773,0.798739
99.14,0.903152,-0.0223013,0.0051323,-0.428712,-0.011585,-0.00048867,0.00729436,-0.876917,-7.83854,0.409923,0.00131065,0.00918822,0.00318861,47.788,0.381212,-0.356803,0.491891
99.16,0.903176,-0.0222637,0.0051506,-0.428661,-0.0151988,-0.00940425,0.00371854,-0.876933,-7.83848,0.409667,0.00112667,0.00841654,0.00277329,47.5518,0.390442,-0.338352,0.486033
99.18,0.90317,-0.0223147,0.00515942,-0.428673,0.00814355,0.00296186,-0.00745505,-0.876972,-7.8384,0.409314,-0.000529955,0.00657075,0.00501804,51.8976,0.370562,-0.384676,0.554594
99.2,0.90316,-0.0222828,0.00516643,-0.428695,-0.00123428,-0.000666103,-0.00526285,-0.876992,-7.83838,0.409205,-0.000802159,0.00698524,0.000663734,48.5446,0.352936,-0.390904,0.547747
99.22,0.903138,-0.0223273,0.00517483,-0.428738,-0.00940165,-0.0048075,0.00297347,-0.877063,-7.83831,0.408704,-0.000688948,0.00727899,0.00369543,49.5715,0.307237,-0.446564,0.600217
99.24,0.903115,-0.0222527,0.00520461,-0.428791,0.0118872,0.0046111,-0.000737156,-0.877128,-7.8382,0.408151,-0.000849665,0.00857477,-7.54094e-05,46.1522,0.407747,-0.373306,0.452021
99.26,0.903101,-0.0222808,0.00521235,-0.428817,-0.0115002,-0.00510015,-0.00109079,-0.877145,-7.83816,0.407957,-0.000350864,0.00935174,0.00137345,46.4847,0.259838,-0.492374,0.668911
99.28,0.903073,-0.022281,0.00523697,-0.428876,-0.0143352,-0.000891244,-0.00513797,-0.877189,-7.83806,0.407599,-0.000501556,0.00942809,0.000261701,48.7572,-0.0131714,-0.994017,0.992212
99.3,0.903042,-0.0222562,0.00523868,-0.428943,0.00478564,0.00322176,-0.00504168,-0.877254,-7.83791,0.407089,-0.0014248,0.00848902,0.00211992,47.4808,0.116205,-0.805857,0.979764
99.32,0.903021,-0.0222929,0.00526095,-0.428987,-0.00839831,-0.00046025,-0.00331695,-0.877294,-7.83781,0.40665,-0.00146788,0.00855337,0.00166091,43.5927,0.285301,-0.457288,0.622499
99.34,0.902994,-0.0222832,0.00524482,-0.429042,-0.000191693,-0.00402715,-0.0106029,-0.877335,-7.83772,0.406128,-0.0011092,0.00854518,0.000368602,44.4662,0.232817,-0.519445,0.709854
99.36,0.902995,-0.0222286,0.0052209,-0.429044,-0.00261731,-0.00990392,0.00278326,-0.877366,-7.83764,0.405627,-0.000476441,0.00821691,0.000952956,46.4601,-0.0160058,-0.992174,0.995965
99.38,0.903013,-0.0222424,0.00520517,-0.429006,-0.0190688,-0.016511,0.0106685,-0.877386,-7.83755,0.405159,-0.000130357,0.00828489,0.000404812,47.2095,0.263286,-0.446488,0.659276
99.4,0.902991,-0.0222266,0.00513533,-0.429054,0.0165478,0.00130315,-0.0119986,-0.877419,-7.83744,0.404508,-0.00156188,0.00619074,0.00148068,42.6994,0.2798,-0.406517,0.6455
99.42,0.902939,-0.0222812,0.00504076,-0.429161,-0.0116609,-0.00987015,-0.0137996,-0.877551,-7.83739,0.403713,-0.000894978,0.00780257,-0.00405613,47.2781,0.303487,-0.42574,0.639062
99.44,0.902923,-0.0223188,0.00500582,-0.429193,0.00268142,-0.00493329,-0.010158,-0.877587,-7.83736,0.403448,-0.00102248,0.00710518,-0.000140046,44.9446,0.33457,-0.378594,0.581093
99.46,0.902926,-0.0223258,0.00499305,-0.429186,-0.00412599,0.00096256,-0.00315771,-0.87766,-7.83731,0.402938,-0.000969751,0.00780752,0.000154382,46.4497,0.32438,-0.395903,0.575289
99.48,0.902927,-0.022257,0.00497277,-0.429189,0.0115292,0.00582394,0.00251246,-0.877775,-7.8372,0.402217,-0.00173978,0.00862166,-0.00464924,47.9166,0.443093,-0.293275,0.350389
99.5,0.902905,-0.0222863,0.0049819,-0.429234,-0.0206984,-0.00777078,-5.30965e-07,-0.877914,-7.83708,0.401521,-0.00231327,0.0087082,-0.00523588,47.9302,0.176507,-0.721902,0.969225
99.52,0.902871,-0.0222722,0.00500686,-0.429304,-0.0091252,-0.0053053,-0.00416442,-0.878061,-7.83697,0.401002,-0.00290191,0.00870377,-0.0059825,44.0341,0.39915,-0.345624,0.47629
99.54,0.902846,-0.0222348,0.00505936,-0.429359,-0.0108949,0.00517434,-0.00137735,-0.878207,-7.83687,0.400501,-0.00351184,0.00921777,-0.00617366,48.0586,0.279335,-0.470868,0.670585
99.56,0.902835,-0.0222611,0.00509096,-0.42938,0.0039065,0.00830326,-0.00297439,-0.878278,-7.83682,0.400258,-0.0039977,0.00828985,-0.00173544,44.1375,0.384977,-0.363623,0.474828
99.58,0.902841,-0.0222041,0.0051338,-0.429371,0.0131131,0.00527111,0.001372,-0.878494,-7.83666,0.399545,-0.00379112,0.00909515,-0.00684472,48.178,0.34427,-0.401441,0.576726
99.6,0.902835,-0.0222021,0.00518556,-0.429382,0.0038269,0.00610702,-0.000859323,-0.878634,-7.83656,0.399091,-0.00416275,0.00853592,-0.00688878,47.3075,0.379728,-0.36754,0.51448
99.62,0.902806,-0.0221936,0.00519861,-0.429443,0.0115066,0.0117303,-0.000462784,-0.878816,-7.83646,0.398582,-0.00490747,0.00739167,-0.00353465,49.7432,0.442707,-0.311956,0.387141
99.64,0.902765,-0.0222131,0.0052233,-0.429528,-0.0197856,-0.00210486,-0.00226895,-0.879062,-7.83632,0.397839,-0.00267717,0.00845182,-0.0078226,49.8124,0.315389,-0.454623,0.606718
99.66,0.902764,-0.0222209,0.00522347,-0.429529,0.0122904,0.00426665,-0.00122887,-0.879132,-7.83627,0.397605,-0.00335924,0.00756119,-0.00364999,47.5155,0.39669,-0.378801,0.492952
99.68,0.902747,-0.0222768,0.00523996,-0.429563,-0.00118532,0.000321089,-0.00791825,-0.879415,-7.83607,0.396687,-0.00373687,0.00768072,-0.00373727,46.1594,0.297717,-0.485333,0.603869
99.7,0.902732,-0.0223123,0.00523826,-0.429594,-0.00923648,-0.00666395,-0.00244092,-0.879558,-7.83597,0.396252,-0.00406109,0.00764566,-0.00414256,49.0694,-0.0311235,-0.990827,0.997571
99.72,0.90272,-0.0222586,0.00522027,-0.429621,0.00734531,0.00098281,-0.0104997,-0.879649,-7.83596,0.396029,-0.0040764,0.00845365,-0.00863653,46.9572,0.284261,-0.458806,0.642586
99.74,0.902699,-0.0222892,0.00521483,-0.429663,0.00730515,0.000175076,0.00382534,-0.879821,-7.83592,0.39557,-0.00467557,0.00788045,-0.00497917,46.4197,0.360673,-0.387202,0.521728
99.76,0.902667,-0.0223572,0.00519457,-0.429726,-0.0184945,-0.00571326,-0.00196749,-0.880048,-7.8359,0.394933,-0.00337754,0.00846129,-0.00932334,48.3291,0.227794,-0.515567,0.777582
99.78,0.902656,-0.0223354,0.00517775,-0.429751,-0.00948197,-0.0086644,-0.00441763,-0.880196,-7.83588,0.394532,-0.00372942,0.00855097,-0.00948032,47.8446,0.297677,-0.417479,0.594957
99.8,0.902643,-0.0223139,0.00517051,-0.429779,-0.000777044,-0.00540366,-0.00291629,-0.880337,-7.83586,0.394138,-0.00344933,0.00827829,-0.00999669,46.4675,0.299144,-0.434441,0.589666
99.82,0.90263,-0.0222958,0.00517564,-0.429809,0.00387262,0.00346642,-0.000988289,-0.880473,-7.83583,0.393768,-0.00344065,0.00840324,-0.00941683,45.528,0.089118,-0.924837,0.994993
99.84,0.902614,-0.022283,0.00518064,-0.429842,0.0101754,0.00765508,-0.000456221,-0.880604,-7.8359,0.393413,-0.00328605,0.00829575,-0.00886488,46.0961,0.285408,-0.413077,0.618231
99.86,0.902592,-0.02235,0.00519027,-0.429885,-0.0142753,-0.00273445,0.00159581,-0.880787,-7.83598,0.392893,-0.00280321,0.00819557,-0.00594646,40.8786,0.214673,-0.533831,0.795947
99.88,0.902578,-0.0223385,0.00520327,-0.429916,-0.00966055,-0.000623375,0.00100501,-0.880924,-7.83602,0.392573,-0.00331095,0.00877452,-0.00975562,44.0806,0.398857,-0.38192,0.479997
99.9,0.90257,-0.0223329,0.00520609,-0.429931,-0.014066,-0.00927059,0.00817615,-0.881049,-7.83605,0.39225,-0.00336683,0.00865997,-0.0103968,44.6331,0.0206243,-0.969983,0.992432
99.92,0.902541,-0.0223615,0.00524294,-0.429992,0.00107752,-0.00453482,0.00119496,-0.881162,-7.83622,0.391812,-0.00370005,0.00691186,-0.00615204,46.6039,0.14954,-0.761583,0.963341
99.94,0.902519,-0.0223023,0.00526342,-0.430039,0.00687428,0.00523116,-0.00116064,-0.881229,-7.83645,0.391417,-0.003293,0.00712877,-0.00977293,44.6205,0.371999,-0.436614,0.522597
99.96,0.902518,-0.0223747,0.00527885,-0.430039,-0.0213068,-0.00343242,-0.0016018,-0.881243,-7.83653,0.39129,-0.00316807,0.0061975,-0.00592533,41.6864,-0.0199663,-0.981861,0.994358
99.98,0.902501,-0.0223784,0.00527905,-0.430074,-0.0222194,-0.00119128,-0.00406846,-0.881279,-7.83667,0.391054,-0.00288802,0.00649123,-0.00647576,48.8394,-0.10654,-0.986754,0.996348
100,0.902464,-0.022335,0.00524432,-0.430154,-0.00830412,-0.00516709,-0.00958776,-0.881331,-7.837,0.390619,-0.00233371,0.00693234,-0.0102357,44.7539,0.206579,-0.529749,0.763989
100.02,0.902462,-0.0223456,0.00523042,-0.430159,0.00889597,0.00317558,-0.000827327,-0.88133,-7.83712,0.390532,-0.0031855,0.00566553,-0.00505313,44.1542,0.0766604,-0.945607,0.994959
100.04,0.902428,-0.0223137,0.00523971,-0.43023,-0.000696502,0.00485531,-0.0048015,-0.881337,-7.83747,0.390281,-0.00252856,0.0064635,-0.00964273,42.0575,0.375783,-0.358318,0.496055
100.06,0.902417,-0.0223659,0.00520792,-0.430252,0.00234246,-0.00913814,-0.00595558,-0.881336,-7.83758,0.390194,-0.00281639,0.0052486,-0.00561389,41.2939,0.364503,-0.37715,0.528126
100.08,0.902406,-0.0223606,0.00519625,-0.430274,-0.00188796,-0.00664092,0.000199559,-0.88134,-7.83781,0.390022,-0.00290948,0.00484079,-0.00557555,41.5816,0.382524,-0.392995,0.529258
100.1,0.902401,-0.0223639,0.00519154,-0.430286,-0.0171376,-0.00882002,-0.0069355,-0.881358,-7.83801,0.389858,-0.00238301,0.0054148,-0.00889706,40.3365,0.314318,-0.470662,0.615288
100.12,0.902381,-0.0223378,0.00520384,-0.430329,0.0140757,0.0121291,-0.00878674,-0.881347,-7.83847,0.389652,-0.00410458,0.00524087,-0.00515745,42.3253,-0.08891,-0.990004,0.994863
100.14,0.902349,-0.0223253,0.00522891,-0.430396,0.00882063,0.0113497,-0.00489735,-0.881337,-7.8388,0.389523,-0.00401524,0.00605997,-0.00461627,47.0939,-0.123024,-0.992124,0.995232
100.16,0.902333,-0.0223075,0.00529174,-0.430429,-0.000928116,0.0119556,0.00503607,-0.88132,-7.83924,0.389344,-0.00328586,0.00617798,-0.00947968,46.5788,0.341146,-0.383916,0.544187
100.18,0.902328,-0.0222891,0.00532507,-0.430441,0.00297076,0.000132795,0.000412321,-0.881306,-7.83953,0.389232,-0.00303182,0.00563953,-0.00938797,37.1883,0.268657,-0.459717,0.681645
100.2,0.90233,-0.0223019,0.00535202,-0.430436,0.0124946,0.00581394,0.00326408,-0.881293,-7.83981,0.389128,-0.00366898,0.00416986,-0.00602369,43.0752,0.243272,-0.434828,0.658021
100.22,0.902309,-0.0222938,0.00534693,-0.43048,0.0232039,0.00356588,-0.000672742,-0.881264,-7.84024,0.389094,-0.00334362,0.00322813,-0.00522007,40.8179,0.202422,-0.549505,0.758589
100.24,0.90227,-0.0223926,0.00534088,-0.430556,-0.0137981,-0.0155433,0.000662879,-0.881209,-7.84087,0.38903,-0.00123954,0.0035373,-0.00894416,44.5787,0.276966,-0.470648,0.65787
100.26,0.902253,-0.0224127,0.00534477,-0.43059,0.00375177,0.00811482,-0.0038874,-0.881138,-7.84146,0.388974,-0.0022044,0.00232979,-0.00438613,47.9516,-0.106493,-0.992176,0.989913
100.28,0.902257,-0.022401,0.00533168,-0.430584,0.00514023,-0.00674501,-0.00145209,-0.881119,-7.84165,0.388949,-0.00126908,0.00340595,-0.00914444,44.6317,0.111399,-0.882777,0.976976
100.3,0.902267,-0.0224186,0.0053412,-0.430561,0.00841924,0.00274942,0.013998,-0.881077,-7.842,0.388899,-0.001461,0.0029339,-0.00951947,43.8731,-0.0114945,-0.976002,0.994172
100.32,0.902273,-0.0224589,0.00536726,-0.430546,0.00557675,0.00792183,0.00358297,-0.881037,-7.84255,0.388979,-0.00214684,0.00128188,-0.00648914,41.1606,0.226661,-0.480284,0.682894
100.34,0.902266,-0.0224865,0.00534819,-0.43056,0.0155848,0.00101536,-0.00111894,-0.880995,-7.84307,0.38906,-0.00171336,0.00141203,-0.00528301,42.7503,0.184792,-0.548586,0.822061
100.36,0.902271,-0.0225485,0.0053271,-0.430546,-0.0108264,-0.0152622,0.00755033,-0.880921,-7.84382,0.389166,-4.97077e-05,0.00106793,-0.00779901,41.5483,0.0518692,-0.980358,0.991974
100.38,0.902267,-0.0225975,0.00528141,-0.430553,-0.00952155,-0.0156064,-0.000874003,-0.880872,-7.8443,0.389238,-0.000532287,0.000168892,-0.00828227,41.9825,0.289259,-0.451564,0.631708
100.4,0.902269,-0.0226176,0.00523228,-0.430548,-0.000807331,-0.00430763,0.00358136,-0.880828,-7.84478,0.389304,-0.00051117,-0.000750874,-0.00815345,40.7913,0.110637,-0.675253,0.91632
100.42,0.902252,-0.0226041,0.00517853,-0.430585,0.00354889,-0.00155503,-0.00738773,-0.880791,-7.84532,0.389421,-0.000523747,-0.000790505,-0.00838479,44.357,-0.0501266,-0.980695,0.992549
100.44,0.90223,-0.0226175,0.00511476,-0.430631,0.0148995,-0.00362457,-0.00480437,-0.88077,-7.84592,0.389563,-0.00219399,-0.00168833,-0.0065989,41.8227,0.414568,-0.384009,0.463625
100.46,0.902213,-0.022629,0.00510166,-0.430667,0.0113789,0.00491921,0.00158196,-0.880755,-7.84649,0.3897,-0.00208411,-0.00192423,-0.00627723,40.4558,0.069031,-0.957905,0.986048
100.48,0.902271,-0.0227107,0.00509572,-0.430541,-0.0115228,-0.00438765,0.0112391,-0.880741,-7.84732,0.389874,-0.00145755,-0.00250083,-0.00752661,45.353,-0.122201,-0.992153,0.996937
100.5,0.902301,-0.0227883,0.00505209,-0.430474,0.00576936,-0.000305865,0.00642933,-0.880759,-7.8482,0.390125,-0.00325415,-0.00573181,-0.00362352,45.341,0.189118,-0.54982,0.775682
100.52,0.902271,-0.0229131,0.00499357,-0.43053,-0.00587114,-0.0105083,-0.0106977,-0.880798,-7.84888,0.390358,-0.00216561,-0.0057259,-0.00367556,45.3636,0.0689171,-0.883889,0.9928
100.54,0.902248,-0.0228824,0.00494833,-0.430581,0.00503909,-0.00840723,-0.0126162,-0.880817,-7.8492,0.390484,-0.00272673,-0.00587441,-0.00613971,37.4638,0.0660569,-0.747557,0.986036
100.56,0.902189,-0.023005,0.00482866,-0.430701,-0.00749131,-0.00713613,-0.00427398,-0.880854,-7.85013,0.390789,-0.00168273,-0.00523356,-0.00523417,39.1371,0.303411,-0.438769,0.622862
100.58,0.902192,-0.0230153,0.00477354,-0.430694,-0.013009,-0.0110608,0.00749667,-0.880887,-7.85069,0.390986,-0.00257433,-0.00470321,-0.00546975,43.0791,-0.0149009,-0.966291,0.989227
100.6,0.902187,-0.0229864,0.00474223,-0.430705,-0.0126502,-0.00715579,-0.00132472,-0.88094,-7.85122,0.391174,-0.00362365,-0.00429352,-0.0062568,45.3458,-0.0779407,-0.98046,0.990563
100.62,0.902182,-0.0229744,0.00476782,-0.430718,-0.0129102,-0.00484881,-0.00223553,-0.881008,-7.85177,0.391406,-0.00505918,-0.00405748,-0.0063447,40.9053,0.180532,-0.518396,0.754674
100.64,0.902159,-0.0229238,0.00481177,-0.430768,-0.00759452,0.00419769,-0.00748469,-0.881104,-7.85235,0.391664,-0.00689943,-0.00462353,-0.00726795,38.9716,0.0366951,-0.929791,0.987509
100.66,0.902149,-0.0229456,0.00492093,-0.430786,-0.00378855,0.00636387,-2.7142e-05,-0.881253,-7.85319,0.392031,-0.00685001,-0.00612476,-0.00410763,42.1935,-0.116621,-0.991079,0.993983
100.68,0.902148,-0.0229076,0.00499515,-0.430789,0.00644789,0.005706,0.000650566,-0.881416,-7.85402,0.392399,-0.00762158,-0.00753712,-0.00534994,44.6815,0.1807,-0.552997,0.806996
100.7,0.90212,-0.0229487,0.0050289,-0.430845,0.0136228,0.0127354,-0.0139372,-0.881512,-7.85456,0.392618,-0.00655166,-0.00813309,-0.00448634,38.2033,0.0781695,-0.893246,0.992252
100.72,0.902087,-0.0229788,0.00503817,-0.430913,0.0248994,0.00136681,-0.0121821,-0.881556,-7.85512,0.392928,-0.00553437,-0.00876192,-0.00376636,41.8169,0.264124,-0.47937,0.653351
100.74,0.902047,-0.0230074,0.00498646,-0.430995,0.0126135,0.000339228,-0.0113168,-0.881584,-7.85567,0.393196,-0.00390667,-0.00914714,-0.00234963,41.1784,-0.0161199,-0.977122,0.983683
100.76,0.902036,-0.0230009,0.00493322,-0.431019,0.0108296,-0.00288502,-0.00233114,-0.881599,-7.85621,0.393461,-0.00328176,-0.00965977,-0.00246764,41.4134,0.009348,-0.898662,0.9881
100.78,0.902035,-0.0230129,0.00486754,-0.431021,0.00346182,-0.0107246,0.0020053,-0.881607,-7.85673,0.393717,-0.003132,-0.0102958,-0.0020385,40.1651,-0.0403729,-0.988149,0.993223
100.8,0.902019,-0.0230334,0.0048206,-0.431054,-0.0138821,-0.0060033,-0.000676514,-0.881613,-7.85722,0.393964,-0.00340814,-0.0107054,-0.00242299,41.3479,0.0681735,-0.754545,0.973296
100.82,0.901974,-0.0230319,0.00476743,-0.431149,0.0112221,0.00639888,-0.00745902,-0.881613,-7.85798,0.394436,-0.00440001,-0.011557,-0.00420857,37.5889,0.245314,-0.479118,0.71463
100.84,0.901945,-0.0230765,0.00473924,-0.431207,-0.014282,-0.00909605,-0.00217252,-0.881617,-7.85871,0.394898,-0.00368224,-0.0105212,-0.00549047,45.5325,-0.0737006,-0.982841,0.995554
100.86,0.901941,-0.0230757,0.00474192,-0.431217,0.0138495,0.00913439,0.00462391,-0.881612,-7.85893,0.395049,-0.00379637,-0.0113268,-0.00069227,39.9013,0.147418,-0.714539,0.943029
100.88,0.90193,-0.0230622,0.00473836,-0.431241,0.00636533,0.0081381,-0.00304533,-0.881609,-7.85938,0.395339,-0.00377474,-0.0110558,-0.00100037,40.9032,-0.00671088,-0.967083,0.99036
100.9,0.901919,-0.0230227,0.00477829,-0.431266,0.00296502,0.00622379,-0.000918259,-0.881612,-7.86002,0.395746,-0.00382276,-0.0106202,-0.00496161,42.8261,0.352746,-0.4156,0.544959
100.92,0.901898,-0.0230776,0.00482515,-0.431305,-0.01082,-0.00522791,-0.00354863,-0.88158,-7.86063,0.396263,-0.00293449,-0.0115301,-0.00131568,42.6234,-0.153705,-0.988923,0.994324
100.94,0.901886,-0.0230859,0.00487565,-0.43133,-0.024677,-0.00626801,-0.00133323,-0.881554,-7.86103,0.396645,-0.00283531,-0.0112766,-0.00173785,43.2692,-0.0347936,-0.973847,0.993898
100.96,0.901867,-0.0230546,0.00490384,-0.43137,-0.019268,0.0009499,-0.00151256,-0.881537,-7.86144,0.397028,-0.00263825,-0.0111018,-0.00464016,41.823,0.325912,-0.415113,0.596258
100.98,0.901858,-0.0230466,0.00491923,-0.43139,0.014781,0.00842609,0.000654646,-0.881522,-7.86164,0.397211,-0.00291669,-0.0125759,0.00184091,38.8357,0.268345,-0.426344,0.659608
101,0.901845,-0.0230541,0.00492679,-0.431417,0.00591266,0.000202454,0.000292893,-0.881493,-7.862,0.397588,-0.0028172,-0.0130051,0.00231047,42.4682,-0.11321,-0.98638,0.991018
101.02,0.90183,-0.0229952,0.00492647,-0.431451,0.010212,-0.00361824,0.00184891,-0.88145,-7.86252,0.398193,-0.00285446,-0.0130722,-4.90364e-05,43.1991,0.0877257,-0.937091,0.995389
101.04,0.9018,-0.0230665,0.00492139,-0.43151,-0.015137,-0.00591687,-0.00541441,-0.881389,-7.86301,0.398834,-0.0016479,-0.0135171,0.00169105,39.63,0.226622,-0.489581,0.779348
101.06,0.901793,-0.0230056,0.00492002,-0.431528,0.0144948,0.00797461,-0.00356634,-0.881369,-7.86317,0.399051,-0.00256752,-0.0141544,0.000817478,41.7886,0.341521,-0.402598,0.566558
101.08,0.901769,-0.0230507,0.00487481,-0.431575,-0.0157708,-0.00998627,-0.00189314,-0.881306,-7.86365,0.399636,-0.00156633,-0.0138966,0.00156863,40.6598,0.110269,-0.962241,0.99436
101.1,0.901751,-0.0230634,0.0048336,-0.431613,-0.018961,-0.012433,0.00525814,-0.881274,-7.86396,0.400016,-0.00172293,-0.0137836,0.000673207,47.0926,0.295251,-0.418943,0.598207
101.12,0.901734,-0.0230581,0.00482397,-0.43165,-0.00277533,-0.00254915,-0.00887642,-0.881269,-7.86426,0.400435,-0.0025042,-0.0137499,-0.000157981,43.9519,0.17758,-0.651012,0.939211
101.14,0.901717,-0.0230562,0.00480628,-0.431685,0.00566819,-0.00171011,0.000229709,-0.881292,-7.8645,0.400891,-0.00313007,-0.0135037,9.80045e-05,45.0473,0.303387,-0.430479,0.624473
101.16,0.901683,-0.023147,0.00479216,-0.431751,-0.0152411,-0.00818988,-0.0025838,-0.881332,-7.86483,0.401523,-0.00240521,-0.0127175,0.00288982,41.4015,0.0949668,-0.91178,0.99646
101.18,0.901669,-0.0231573,0.00480963,-0.43178,-0.0189481,-0.00661048,-0.00461023,-0.88136,-7.86505,0.401929,-0.00273163,-0.0124644,0.00270709,45.4418,0.366517,-0.372251,0.511091
101.2,0.901664,-0.0231641,0.00480876,-0.431789,-0.0177046,-0.00946255,-0.00237694,-0.881391,-7.86523,0.402309,-0.0032144,-0.0125261,0.00240657,41.728,0.360603,-0.418887,0.489398
101.22,0.901655,-0.0231558,0.00481183,-0.431808,-0.0119253,-0.00781401,-0.000987682,-0.881447,-7.86538,0.402765,-0.00381267,-0.0122573,8.86155e-05,45.9387,0.0329845,-0.987415,0.994686
101.24,0.901637,-0.0231112,0.00482086,-0.431849,0.000905598,-0.00413615,-0.00080538,-0.881503,-7.86547,0.403241,-0.00417564,-0.0120671,-1.44662e-05,46.5582,0.267637,-0.464063,0.616089
101.26,0.901609,-0.0231439,0.00484817,-0.431905,0.00150251,0.00164849,-0.00782088,-0.881592,-7.8656,0.403918,-0.00412288,-0.0121189,0.00496767,47.14,0.0528373,-0.979019,0.996572
101.28,0.901603,-0.0231275,0.00486078,-0.431918,-0.0133672,-0.00240929,0.000335255,-0.881656,-7.86568,0.404355,-0.00416329,-0.0116736,0.00448542,42.7238,0.309019,-0.401599,0.60849
101.3,0.901582,-0.0231087,0.00486502,-0.431964,-0.00827242,-0.0086264,-0.0119296,-0.881718,-7.86576,0.40477,-0.00388721,-0.0115287,0.00452883,41.1328,0.327437,-0.386445,0.537375
101.32,0.901563,-0.0231104,0.00487319,-0.432003,-0.0250388,-0.00740258,-0.00510455,-0.881768,-7.86573,0.405304,-0.00363421,-0.011142,0.0038459,45.2763,0.290385,-0.471179,0.601812
101.34,0.90154,-0.0231175,0.00488778,-0.432051,0.00221073,0.00495762,0.00206111,-0.881837,-7.8657,0.406077,-0.00396251,-0.0117815,0.00654992,44.7489,0.0748789,-0.986469,0.990719
101.36,0.90153,-0.0231241,0.00489439,-0.43207,0.00483908,-0.00138987,-0.00124895,-0.881879,-7.86569,0.40656,-0.00377329,-0.0117647,0.00659146,46.838,0.342621,-0.431629,0.556976
101.38,0.90151,-0.0230678,0.00490591,-0.432116,0.00630829,0.0064292,-0.00542691,-0.881944,-7.86566,0.40725,-0.00371008,-0.0108884,0.00227638,43.3519,0.14175,-0.776246,0.964417
101.4,0.90148,-0.0230815,0.00490387,-0.432177,0.00904062,8.51413e-05,-0.00955641,-0.881979,-7.86563,0.407673,-0.00384075,-0.0108726,0.00279011,39.664,0.288842,-0.458103,0.651359
101.42,0.901472,-0.023112,0.00490396,-0.432191,-0.010122,-0.00513301,-0.00617561,-0.881962,-7.86557,0.40788,-0.00301458,-0.0108851,0.00549228,44.3407,-0.0864985,-0.989102,0.994233
101.44,0.901448,-0.0231232,0.00490744,-0.432242,-0.0216655,-0.0115064,-0.00439647,-0.881903,-7.86536,0.408706,-0.00235251,-0.010176,0.00168785,47.0419,0.408164,-0.38733,0.500899
101.46,0.901448,-0.0231335,0.00491792,-0.432241,0.00772894,0.00629377,-0.00438244,-0.881885,-7.86531,0.408901,-0.00291998,-0.0109463,0.00691199,41.5433,0.0192941,-0.968305,0.99139
101.48,0.901426,-0.023133,0.00491368,-0.432287,-0.00602247,-0.00204812,-0.00240563,-0.881836,-7.86516,0.409457,-0.00232065,-0.00982829,0.0020776,44.0916,-0.0657634,-0.99348,0.996746
101.5,0.901416,-0.0231716,0.00492663,-0.432306,-0.00253595,-0.00190013,-0.0022339,-0.881819,-7.86512,0.409634,-0.00275052,-0.0108304,0.00692567,44.5348,0.220755,-0.509178,0.748942
101.52,0.901393,-0.0231405,0.00490859,-0.432356,0.0158119,0.00273211,-0.000260039,-0.881756,-7.86487,0.41011,-0.00283359,-0.00954301,0.00273113,42.4468,0.30171,-0.47897,0.591993
101.54,0.901372,-0.0231596,0.00492615,-0.432397,0.0135391,0.00770118,-0.00445179,-0.881713,-7.86468,0.410417,-0.00362752,-0.0100251,0.00679186,42.1834,-0.0183797,-0.984643,0.989053
101.56,0.901359,-0.0231647,0.00492953,-0.432425,0.0141753,0.0127527,5.59077e-05,-0.881669,-7.86449,0.410697,-0.00331105,-0.00974428,0.00725071,41.8357,-0.0499481,-0.982586,0.991005
101.58,0.901346,-0.0231856,0.00494245,-0.43245,0.00591123,0.00646965,0.00231829,-0.881627,-7.8643,0.410968,-0.00327721,-0.00925351,0.00754086,42.3071,0.0701175,-0.898496,0.991501
101.6,0.901318,-0.0231532,0.00494446,-0.432511,-0.00112067,-0.00133665,-0.00818932,-0.881576,-7.86405,0.411358,-0.00263219,-0.00836421,0.00228784,42.9831,-0.0490205,-0.984391,0.991448
101.62,0.901324,-0.0231594,0.00495452,-0.432498,0.00465643,0.00609028,0.00339675,-0.881524,-7.86381,0.411564,-0.00295935,-0.00829445,0.00284601,39.1185,0.134416,-0.621636,0.851322
101.64,0.901307,-0.0231255,0.00494928,-0.432536,0.0158574,0.00332858,-0.00233692,-0.881453,-7.86351,0.411723,-0.00290144,-0.00803445,0.00269273,40.591,0.0230286,-0.955753,0.991934
101.66,0.901287,-0.023139,0.00497016,-0.432575,0.00841947,0.00843591,-0.00917393,-0.881381,-7.86324,0.411879,-0.00329309,-0.00853387,0.00671367,41.6974,0.00121832,-0.962789,0.986801
101.68,0.901263,-0.0231449,0.00499118,-0.432625,-0.0125839,-0.00787689,-0.00515536,-0.88128,-7.86285,0.412092,-0.00191712,-0.00737522,0.00261683,40.2274,0.0905218,-0.799099,0.981795
101.7,0.901259,-0.0231491,0.00499827,-0.432633,-0.0171835,-0.00677989,0.00601818,-0.881217,-7.8626,0.41223,-0.00224741,-0.0074427,0.00278537,42.284,-0.0489646,-0.983653,0.994701
101.72,0.901249,-0.0231303,0.00500335,-0.432656,-0.00462502,-0.00519787,0.00515053,-0.881132,-7.86225,0.412296,-0.00239363,-0.00716721,0.00284233,40.9675,0.215553,-0.4917,0.727035
101.74,0.901231,-0.0231369,0.00500343,-0.432693,0.00318689,-0.000418952,-0.00264075,-0.881054,-7.86192,0.412355,-0.00250127,-0.00668212,0.00264822,42.0363,-0.072436,-0.983649,0.995369
101.76,0.901195,-0.0231185,0.00500127,-0.432769,0.0169773,0.000375771,-0.00630397,-0.880918,-7.8613,0.412501,-0.00328583,-0.00676062,0.00679975,44.9574,0.247762,-0.474055,0.646327
101.78,0.901191,-0.0231668,0.00501388,-0.432773,-0.0186696,-0.00795652,-0.00170121,-0.880885,-7.86115,0.412527,-0.00216992,-0.00573619,0.00431231,36.6068,0.0671694,-0.780844,0.976785
101.8,0.901174,-0.023129,0.00502374,-0.43281,0.00672492,0.00895626,-0.00416615,-0.880793,-7.86072,0.412639,-0.0036542,-0.00680352,0.00778701,37.7539,-0.00220962,-0.966529,0.991721
101.82,0.901164,-0.0231339,0.0050071,-0.432831,-0.013013,-0.0091893,-0.00387858,-0.880756,-7.86055,0.412613,-0.00245793,-0.00551919,0.00359046,42.1493,-0.0544847,-0.98933,0.993225
101.84,0.901134,-0.023145,0.00502025,-0.432892,-0.00228918,0.00564591,-0.00412176,-0.880645,-7.86009,0.412568,-0.00347541,-0.00629057,0.0085829,40.9299,0.341489,-0.435852,0.586597
101.86,0.901126,-0.0231066,0.00501289,-0.432913,0.000262699,-0.00592388,-0.00121513,-0.880615,-7.85994,0.412551,-0.00267931,-0.00490808,0.00306857,43.6755,-0.0654694,-0.984665,0.982988
101.88,0.9011,-0.0231336,0.00499264,-0.432965,-0.00907755,-0.0015219,-0.0120669,-0.880531,-7.85951,0.412524,-0.00257713,-0.00424283,0.00488967,41.8993,-0.101341,-0.982548,0.990477
101.9,0.901083,-0.0230888,0.00501033,-0.433002,0.0177553,0.00540506,-0.00106574,-0.880465,-7.8591,0.412504,-0.00422448,-0.00457342,0.00662501,43.5708,-0.282287,-0.942684,0.991902
