time,e0,e1,e2,e3,wx,wy,wz,x,y,z,xp,yp,zp,input1,input2,input3,input4
0,0.999959,-0.00890055,0.00127536,-0.00149512,-0.000971532,0.00288643,-0.00185912,0.0522919,-0.00572789,0.0391724,0.00453433,0.00217224,0.0930768,2.55062,0.0120656,-0.00621871,-0.00164395
0.02,0.999959,-0.00889492,0.00127721,-0.00150607,0.00129215,0.000755894,-0.00265807,0.0524378,-0.00563793,0.0389673,0.00454162,0.00247548,0.092858,4.59371,-0.00579512,0.000361176,-0.0274743
0.04,0.999959,-0.00888928,0.00127443,-0.00150152,0.00129215,-0.000442526,0.00120351,0.0525812,-0.00554668,0.0387881,0.00463794,0.00288932,0.0924731,6.84409,-0.0145127,-0.00441615,0.0195263
0.06,0.999959,-0.00886475,0.00126719,-0.00150574,0.00342269,-0.000176203,-0.00119332,0.0528615,-0.00536359,0.0385086,0.0047289,0.00310364,0.0922642,8.5703,0.023761,0.0316598,0.0549758
0.08,0.999959,-0.00884902,0.00127401,-0.00150661,0.00382217,0.00195431,-0.000128071,0.0529989,-0.00527418,0.0384063,0.00506216,0.00309159,0.0922039,10.2826,-0.0679455,-0.0123897,-0.0319512
0.1,0.999959,-0.00885435,0.00126876,-0.00149212,-0.000705215,-0.00124147,0.00240194,0.0532739,-0.00510108,0.0382794,0.0056217,0.00307289,0.0921298,12.8159,0.0212992,0.0442853,0.0121191
0.12,0.999959,-0.00885229,0.00123759,-0.00150889,0.000759529,-0.00204042,5.09665e-06,0.0539276,-0.00468309,0.0383893,0.00553638,0.00390542,0.0923913,15.0057,-0.000719439,-0.0213654,-0.0142093
0.14,0.999959,-0.00885148,0.00123901,-0.0015082,-0.000439868,0.000622619,5.44983e-06,0.0541723,-0.00451899,0.0385976,0.00579817,0.00393145,0.0926338,16.2874,0.0149749,-0.0106846,0.0433424
0.16,0.999959,-0.00884282,0.00123559,-0.00149717,0.00209013,-0.000708966,0.00280177,0.0542924,-0.00443862,0.0387353,0.00571137,0.00401826,0.0927607,17.6763,0.0162363,0.0246923,0.052666
0.18,0.999959,-0.00885135,0.00123649,-0.00150448,-0.0108264,-0.00110924,-0.00199198,0.0549274,-0.00401477,0.0389706,0.00585013,0.00484205,0.0953437,21.522,-0.0187164,-0.00557311,0.00803458
0.2,0.999958,-0.00892353,0.00125035,-0.00152409,0.0036877,0.000888633,0.00120387,0.0555438,-0.00348375,0.0391146,0.00612534,0.00777013,0.0932296,22.5852,-0.0178117,0.0177593,0.0687341
0.22,0.999958,-0.00890917,0.00125021,-0.00152212,0.00355454,8.96861e-05,0.000538074,0.0556597,-0.00338513,0.0391828,0.0062569,0.00716394,0.0934462,23.4249,-0.00404681,0.0151048,0.0504239
0.24,0.999959,-0.00889055,0.00125014,-0.00151323,0.00461981,8.96849e-05,0.00226913,0.0557749,-0.00329262,0.0392754,0.00642506,0.00653866,0.0935946,27.8126,0.00282401,-0.0186936,-0.0722467
0.26,0.999959,-0.00890388,0.00123117,-0.0015293,-0.000839674,-0.00017663,0.000671236,0.0565741,-0.00276247,0.0402619,0.0072202,0.00508244,0.0943217,28.6216,-0.00797075,0.0147101,0.107305
0.28,0.999958,-0.00892126,0.00123659,-0.00153088,-0.00190523,0.00261901,-0.000394038,0.0569498,-0.00253282,0.040307,0.00721261,0.00647806,0.0943377,28.8812,-0.0100688,-0.031073,0.0800176
0.3,0.999958,-0.00891839,0.00123801,-0.00152597,0.000490753,0.00182014,0.00120239,0.05719,-0.00236925,0.0404549,0.00710922,0.00701016,0.0944038,31.3238,0.00152056,-0.0212127,-0.0325656
0.32,0.999958,-0.00891464,0.00125412,-0.00151338,0.00102321,0.00235225,0.00226765,0.0575863,-0.00210514,0.0401297,0.00740411,0.0078542,0.0942834,30.0872,-0.00141658,0.00726119,-0.0562325
0.34,0.999959,-0.00886684,0.00125659,-0.00148738,0.0026211,0.00181962,0.00200133,0.058323,-0.00155212,0.0401861,0.00741579,0.00890131,0.0948,33.0734,0.00402064,0.00960454,0.0452442
0.36,0.999959,-0.00885107,0.00125549,-0.00147743,0.00395268,-0.000177756,0.00253396,0.0584316,-0.0014665,0.0402137,0.00739029,0.00876764,0.0949049,31.2368,0.0193332,0.0194764,-0.0660043
0.38,0.999959,-0.00885243,0.00125403,-0.00147169,-0.000308622,-0.000310186,0.00146871,0.0585394,-0.00138147,0.0402647,0.0076945,0.00890111,0.0947691,31.3243,-0.0166081,0.0287795,0.0228579
0.4,0.999959,-0.00885244,0.00125449,-0.00146966,-4.25692e-05,-0.00217486,-0.0019934,0.0591078,-0.000940138,0.0403643,0.00838212,0.00974185,0.0949999,34.9013,-0.0259459,0.0283346,0.0920768
0.42,0.999959,-0.00885421,0.00127088,-0.00150085,-0.000841505,0.00195305,-0.00305867,0.0596905,-0.000511085,0.0403433,0.00848043,0.00973344,0.0953519,34.9645,0.00439345,0.0264334,-0.00712466
0.44,0.999959,-0.00885404,0.00127721,-0.00151541,9.05814e-05,0.00168672,-0.0035913,0.0598027,-0.000427182,0.0404138,0.00856199,0.00962471,0.0955463,33.1662,-0.0212971,-0.0129089,-0.00866867
0.46,0.999959,-0.0088512,0.00127511,-0.00152031,0.000756375,-0.000443805,-0.00119445,0.0599146,-0.000343609,0.0405078,0.00881056,0.00975265,0.0955907,30.9308,0.0219426,0.0173564,0.108531
0.48,0.999959,-0.00881415,0.00127084,-0.00155293,0.00222142,-0.00071059,-0.00106102,0.0606913,0.000252737,0.0412677,0.00909716,0.011269,0.0964139,30.69,0.0406849,-0.00860829,-0.0223517
0.5,0.999959,-0.00882134,0.00128971,-0.001534,0.000623526,-0.000843749,-0.000262063,0.0612288,0.000691599,0.0415836,0.00857419,0.0122863,0.09719,31.49,0.00786249,-0.0324682,0.0652115
0.52,0.999959,-0.00881692,0.00129303,-0.00153469,0.00115616,0.000887308,-0.000128913,0.0613209,0.000775085,0.041648,0.00867661,0.0125546,0.0968488,31.7032,-0.0082553,0.016065,0.147076
0.54,0.999959,-0.00880413,0.00130226,-0.00151849,0.00301976,0.00248611,0.00186847,0.0616015,0.00102708,0.041731,0.0090182,0.0129348,0.0967727,32.5725,0.0156057,-0.00451561,0.0959743
0.56,0.999959,-0.00878095,0.00130449,-0.0015139,0.000489523,0.000621804,-0.00119416,0.0621598,0.00153591,0.0415966,0.00914757,0.0140156,0.0965639,31.372,-0.000779077,-2.67029e-05,0.0449576
0.58,0.99996,-0.00875279,0.00130047,-0.00149769,0.00235374,0.00088812,0.000403737,0.0624246,0.00180634,0.0418511,0.0090528,0.0140902,0.0964013,31.7222,0.0139635,0.0618001,-0.117319
0.6,0.99996,-0.00875444,0.00131825,-0.00150596,-0.00164162,0.00368427,-0.000926694,0.0625939,0.00198938,0.0421288,0.00886408,0.0144196,0.0964852,31.7893,-0.00313861,0.0163692,-0.140162
0.62,0.999958,-0.00895214,0.00131951,-0.00151767,-0.0335996,-0.00244102,-0.000127707,0.0629935,0.00249196,0.0432192,0.0085227,0.017741,0.099249,33.4938,-0.0289901,0.0125908,-0.00190654
0.64,0.999958,-0.00889632,0.00128731,-0.00154651,0.00474954,-0.00110933,-0.00305722,0.0633604,0.00310875,0.0441915,0.00859512,0.0176074,0.0978941,32.7584,-0.0165901,-0.00613362,-0.192856
0.66,0.999959,-0.00888416,0.00128179,-0.00155728,0.00315164,-0.00137564,-0.00265775,0.0634334,0.00321276,0.0442778,0.00857975,0.0168401,0.0979572,30.4186,-0.017605,0.0233768,-0.00190481
0.68,0.999959,-0.00887304,0.00127532,-0.00155579,0.00288532,-0.00164196,0.000404891,0.0634964,0.0032989,0.0443175,0.00847546,0.0161739,0.097869,33.224,0.0262176,0.00128631,-0.127995
0.7,0.999959,-0.00888394,0.0012782,-0.00156347,-0.00151019,0.000755887,-0.00239141,0.0638921,0.00374079,0.0443121,0.00925361,0.0155981,0.0973097,33.607,-0.00432189,0.0160918,0.0900812
0.72,0.999959,-0.00887785,0.00124191,-0.00157011,0.000886645,-0.00217358,0.000138598,0.0641525,0.00405415,0.0442939,0.00907465,0.0169182,0.096796,34.9015,-0.00318873,0.0062583,-0.0917484
0.74,0.999959,-0.00886749,0.00123734,-0.00155743,0.00275085,-0.00124146,0.00320124,0.0642161,0.00413967,0.0443484,0.00926264,0.0170154,0.0967555,31.8525,-0.0145531,0.0324358,0.0606771
0.76,0.999959,-0.00883874,0.00125644,-0.00155028,0.0032834,0.000356033,0.000137675,0.0644688,0.00450417,0.0447831,0.00920785,0.0181317,0.0965035,33.087,0.00806007,0.00320388,-0.0297268
0.78,0.999959,-0.00885463,0.00126825,-0.0015577,-4.6046e-05,0.00222039,-0.0014602,0.0648172,0.00503258,0.0446434,0.00838931,0.0182678,0.0969679,34.1948,0.0163354,0.00394143,-0.103303
0.8,0.999959,-0.0088538,0.00126945,-0.00156388,0.00101868,0.00142154,0.0001377,0.0649287,0.00518437,0.044356,0.00869215,0.0184061,0.09659,33.6725,-0.00230441,-0.00221652,0.187565
0.82,0.999959,-0.00885459,0.00130893,-0.00157466,0.000219721,0.0050168,-0.00225915,0.065044,0.00534443,0.044175,0.00895355,0.01867,0.0965616,34.659,-0.0116531,0.0139186,-0.0446735
0.84,0.999959,-0.00885967,0.00129816,-0.00158744,0.000218642,0.00142243,0.000803501,0.0652889,0.00572032,0.0438637,0.00864562,0.0196003,0.0960719,32.0576,-0.0384169,0.0316239,-0.210831
0.86,0.999959,-0.00884537,0.00131147,-0.00158435,0.00194969,-0.000574946,-0.0001286,0.0655351,0.00616435,0.0441525,0.00909698,0.0203777,0.0961918,35.6711,-0.00491408,0.00784993,-0.110933
0.88,0.999959,-0.00883789,0.00131538,-0.00158448,0.00208285,0.000889793,4.5554e-06,0.065585,0.00625942,0.0442748,0.00910688,0.0205674,0.0962494,33.0945,-0.00727774,0.0237911,0.0778477
0.9,0.999959,-0.00883071,0.00132691,-0.00155069,0.00048504,0.00128979,0.00320098,0.0657288,0.00655599,0.0447681,0.00884762,0.0209356,0.0965515,33.4004,0.0165579,-0.0103079,0.068552
0.92,0.999959,-0.00882133,0.00133674,-0.00157233,-0.00137917,-0.00203917,-0.000660594,0.0660009,0.00718734,0.046319,0.00858429,0.021042,0.0978586,32.8081,0.00219349,-0.00450016,-0.00806491
0.94,0.999959,-0.00880083,0.00135759,-0.00156702,0.00234825,-0.000174716,-0.00252482,0.0661793,0.00753701,0.0466059,0.00841077,0.021742,0.0979786,33.5243,0.00879285,0.0127033,-0.0896396
0.96,0.999959,-0.00879654,0.00135128,-0.00157186,0.00128299,-0.00163946,-0.00119323,0.0662225,0.00763119,0.0467357,0.00847081,0.0219258,0.0981617,33.3519,-0.0138364,0.00123355,-0.153752
0.98,0.999959,-0.00876763,0.00135887,-0.00158724,0.00394451,-4.05924e-05,0.00173628,0.0663725,0.00797706,0.0472598,0.00835173,0.0225508,0.0981197,33.9792,0.00707772,0.0154719,0.153837
1,0.999959,-0.00878913,0.00137518,-0.00159254,-0.00111648,0.00182395,-0.0011932,0.0665501,0.00840333,0.0477583,0.00867798,0.0241034,0.0984838,34.998,0.00125758,0.0147209,0.195905
1.02,0.999959,-0.00879006,0.00137821,-0.00158466,8.19356e-05,0.000625524,0.00200259,0.0665871,0.00848493,0.0477655,0.00886345,0.0242364,0.0986596,33.7324,-0.0216073,0.0133793,-0.0516537
1.04,0.999959,-0.00880345,0.00137584,-0.00158485,0.00114685,-0.00177181,-0.000127608,0.066704,0.00875072,0.0479274,0.00899423,0.024872,0.098363,31.8896,0.00709518,0.00373609,0.0268566
1.06,0.999958,-0.00896481,0.00137001,-0.00161686,0.00367685,0.00155714,0.000804492,0.0668939,0.00930578,0.0486809,0.00862981,0.0284591,0.0988623,36.4271,-0.0254926,0.0103713,-0.0183627
1.08,0.999958,-0.00893887,0.00136142,-0.00162444,0.00341054,0.000491875,-0.00105972,0.0670082,0.00969153,0.0493577,0.00866653,0.0270198,0.0991561,33.9085,-0.0182907,0.0156663,-0.0485216
1.1,0.999958,-0.00892514,0.00136558,-0.0016177,0.00194453,0.00089164,0.00373398,0.0670839,0.00986862,0.0493413,0.00866369,0.0259698,0.0991219,33.8176,0.00710948,0.0233612,0.184387
1.12,0.999958,-0.00892855,0.00136885,-0.00161265,-0.00111812,-0.000306777,0.00053819,0.0671976,0.0100945,0.0492426,0.00879424,0.0245505,0.0988516,33.3583,-0.0116357,0.00276961,-0.000700714
1.14,0.999958,-0.00891683,0.00138644,-0.00160064,0.00100965,0.00222432,0.00013873,0.0674358,0.0104863,0.0483924,0.00882688,0.0264076,0.0983057,34.5465,-0.01304,0.0320015,0.0390648
1.16,0.999958,-0.00891102,0.00140021,-0.00161546,0.00100965,0.00209116,-0.00265759,0.0675055,0.0106394,0.048366,0.00878949,0.0268973,0.098183,33.8658,-0.00657615,-0.0218063,-0.0393139
1.18,0.999958,-0.00890703,0.00139508,-0.00162355,0.00140912,-0.00137095,-0.0019918,0.0675394,0.0107237,0.048387,0.00855574,0.0273125,0.0980548,35.1358,-0.0204018,0.0165944,-0.050631
1.2,0.999958,-0.00887676,0.00139082,-0.00164102,0.000478021,-0.00310215,-0.00105813,0.067705,0.0111621,0.0485751,0.00836643,0.027288,0.0982781,33.7862,-0.00206339,-0.0105276,-0.174999
1.22,0.999958,-0.00889902,0.00137897,-0.00163163,-0.00205323,-0.000438632,-0.000125992,0.0678611,0.0115239,0.0483237,0.00860306,0.0273529,0.0978943,34.3122,-0.0161003,-0.00153576,-0.0523688
1.24,0.999958,-0.00889148,0.00135272,-0.00160546,-0.000189006,9.39921e-05,-0.000658634,0.0679664,0.011772,0.0484566,0.00873482,0.0271948,0.0977923,33.5887,0.00254765,0.01988,-0.0287241
1.26,0.999958,-0.0088878,0.00136826,-0.00161789,0.00127572,0.00382241,-0.00305548,0.0680028,0.0118607,0.0485456,0.00885458,0.0274567,0.0978348,31.3717,-0.00753174,0.0060398,0.0612665
1.28,0.999958,-0.00888996,0.0013498,-0.00163388,-0.000724001,-0.00123658,-0.000392299,0.0682129,0.0123976,0.0493469,0.00896107,0.0282847,0.0990748,36.3489,-0.00332758,0.00524135,0.126295
1.3,0.999958,-0.0088996,0.00134235,-0.00161472,0.00113869,-0.00270097,0.00187141,0.0683255,0.0126161,0.0491406,0.00843142,0.0284773,0.0989067,33.9406,-0.00789077,0.0125016,0.113054
1.32,0.999958,-0.00889856,0.00134376,-0.00161529,0.000739221,0.000228506,-0.000125967,0.0683531,0.012678,0.0491514,0.00839734,0.0282144,0.0988887,36.1282,-0.0335393,0.0201702,0.0539223
1.34,0.999958,-0.00890016,0.00135207,-0.0016159,7.24374e-05,0.00195951,-0.000125689,0.0683807,0.0127419,0.0491865,0.00827332,0.0282929,0.0990226,35.1452,-0.0125526,0.0259532,0.0806877
1.36,0.999958,-0.00888626,0.00138524,-0.00163697,-0.000327033,-0.000304177,-0.00145727,0.0685828,0.0133182,0.050063,0.00811612,0.0294662,0.0995648,32.9062,-0.0298962,0.0224502,-0.0438384
1.38,0.999958,-0.00887253,0.00139332,-0.00164829,0.000603202,-0.00256738,-0.00065831,0.0687102,0.0136958,0.0505042,0.00796019,0.0298444,0.100203,32.5723,-0.00708741,0.027415,0.0419415
1.4,0.999958,-0.00888319,0.00137819,-0.00164658,-0.00219311,-0.00389896,0.000406951,0.0687348,0.0137646,0.050554,0.00782917,0.0298126,0.100381,37.1695,-0.0120325,0.0370338,0.169005
1.42,0.999958,-0.00886935,0.00138167,-0.00166326,0.00260057,-0.00243422,-0.00145726,0.0688327,0.0140318,0.050742,0.00766651,0.0302862,0.101007,32.8897,0.0045225,-0.00610486,-0.0802895
1.44,0.999959,-0.00883684,0.00136852,-0.00168976,0.00113183,-0.00190027,-0.000125652,0.0689101,0.014186,0.0503238,0.00758308,0.0300919,0.101101,35.7347,-0.0084472,-0.00417836,-0.104582
1.46,0.999959,-0.00883199,0.00136736,-0.00168665,0.00179762,-0.000435538,0.000806459,0.0689276,0.0142284,0.0503173,0.00768126,0.0299726,0.10106,33.5847,-0.00430208,0.00945728,0.00102429
1.48,0.999959,-0.0088303,0.00136141,-0.00168137,0.000998675,-0.00163396,0.00133909,0.0689465,0.0142738,0.0503352,0.00784367,0.0300258,0.101069,34.7933,0.00250585,-0.0168836,0.0697627
1.5,0.999957,-0.00899181,0.00132606,-0.00168882,0.00525782,0.000230764,7.61898e-06,0.0690544,0.0146048,0.0504689,0.00753947,0.0326149,0.100706,35.4021,-0.023032,0.0136161,-0.0579391
1.52,0.999958,-0.00895468,0.00128561,-0.00169646,0.000730453,0.000363929,-0.0027887,0.0691926,0.0148711,0.050483,0.00855901,0.0286829,0.101117,33.1048,-0.0219065,0.0143281,-0.10409
1.54,0.999958,-0.00894593,0.00128958,-0.00170671,0.00272782,0.00089657,-0.00252239,0.0692202,0.0149136,0.0505714,0.00850706,0.0284547,0.10126,35.5739,-0.0243034,0.034468,0.0665993
1.56,0.999958,-0.0089563,0.00129356,-0.00171693,-0.00206587,0.000896574,-0.00252239,0.0692474,0.0149579,0.0506817,0.00833035,0.0282231,0.101311,32.2916,-0.00873719,0.0311734,-0.110743
1.58,0.999957,-0.00896607,0.00133125,-0.00171597,-0.000201657,0.00249446,-0.00052502,0.0694009,0.0152352,0.0515722,0.00887857,0.0291241,0.102504,33.6308,-0.0179643,-0.0140418,-0.00340256
1.6,0.999957,-0.00898672,0.00131873,-0.00167568,-0.00247004,-0.000300682,0.0036029,0.0695114,0.0153458,0.051853,0.00892823,0.0300595,0.102518,36.2538,-0.0102441,-0.00190496,0.0379599
1.62,0.999957,-0.00898269,0.00131811,-0.001671,0.00165786,-0.000300662,0.00120607,0.0695402,0.0153649,0.0518487,0.00884417,0.0301699,0.102243,34.4494,-0.0183249,0.0251921,0.0234177
1.64,0.999958,-0.00896903,0.00130999,-0.00166786,0.0040547,-0.00216488,0.00080659,0.0695693,0.0153888,0.0518679,0.00892914,0.0301484,0.102277,33.0467,-0.0250597,-0.000339587,0.0617315
1.66,0.999958,-0.00894066,0.00135208,-0.00164679,-0.00180389,0.00249608,0.00227262,0.0698142,0.0156897,0.0526598,0.00975085,0.0301729,0.103341,32.9087,-0.0248114,0.019614,0.0176158
1.68,0.999958,-0.00892209,0.00135673,-0.00165402,0.00165597,-0.0026967,-0.00105632,0.0700213,0.0158548,0.053095,0.0102031,0.0302711,0.103664,36.9598,0.0101259,0.00372659,0.251983
1.7,0.999958,-0.00891889,0.00135171,-0.00165457,0.00138966,-0.00136511,-0.000124217,0.0700655,0.0158808,0.0531441,0.010211,0.0301974,0.103751,33.2714,-0.0141948,-0.00782376,-0.115133
1.72,0.999958,-0.00893578,0.00135066,-0.00166317,-0.000740866,-0.00216406,-0.00145579,0.0701546,0.0159441,0.0533192,0.0101711,0.0300433,0.104386,36.129,-0.00274046,-0.00280929,-0.136095
1.74,0.999958,-0.0089428,0.0013531,-0.00165169,0.00112334,0.000898571,0.000807892,0.0704,0.0161861,0.0541758,0.0106911,0.0308688,0.105709,31.9612,-0.0126645,-0.00969757,-0.0643875
1.76,0.999958,-0.00892637,0.00131239,-0.00165189,0.0019174,-0.00242899,-0.000789987,0.0706371,0.0162011,0.0541845,0.0114077,0.03064,0.105616,39.0925,-0.00224416,-0.00287382,-0.0546802
1.78,0.999958,-0.0089252,0.00131006,-0.00165952,0.00098446,-0.000697948,-0.00185622,0.0706868,0.0162085,0.0542089,0.0112579,0.0307019,0.105508,34.8806,-0.0285686,0.0204387,-0.0320256
1.8,0.999958,-0.00892402,0.00133544,-0.0016693,-0.000881646,-0.00282821,0.00120641,0.0709356,0.0160813,0.0535858,0.0112827,0.0297294,0.105524,35.0274,0.00494817,0.000975841,0.00901779
1.82,0.999958,-0.00896206,0.00133369,-0.00167644,-0.00261269,-0.000564521,-0.000657788,0.0711484,0.0160629,0.0535593,0.0114473,0.0295495,0.105031,31.3764,-0.0136825,0.0127044,0.0169999
1.84,0.999958,-0.00894077,0.0013396,-0.00168171,0.00524364,0.000101274,-0.000258308,0.0712561,0.0160824,0.0536894,0.0110326,0.029839,0.10527,35.0605,-0.0271545,0.0106124,0.0463329
1.86,0.999958,-0.0089367,0.00134467,-0.00168461,0.00164837,0.00116654,-0.000657781,0.0713077,0.0161015,0.0537899,0.0108417,0.0299788,0.105261,32.2548,-0.0194111,-0.00478468,-0.00617659
1.88,0.999958,-0.00893959,0.00135431,-0.00168721,5.04729e-05,0.000900221,0.000673798,0.0714102,0.016155,0.0540543,0.0107548,0.0300907,0.105141,35.6652,-0.00458553,-0.00342608,0.158916
1.9,0.999958,-0.00895093,0.0013373,-0.00167195,0.000314349,-0.00269461,0.00187223,0.071751,0.01615,0.0543606,0.0107863,0.0289373,0.106142,35.9811,-0.00437504,-0.00455934,-0.0634237
1.92,0.999958,-0.00894962,0.00131869,-0.00165912,0.00124401,-0.00189445,-0.000790917,0.0718826,0.0161033,0.054474,0.010975,0.0286028,0.106193,33.3006,-0.023119,0.0109695,0.00137069
1.94,0.999958,-0.00895798,0.00131854,-0.00166375,-0.00048753,-0.00056275,-0.00119011,0.0719713,0.0160994,0.0546633,0.010891,0.0291997,0.105927,37.1434,-0.00925029,0.00306834,0.0683941
1.96,0.999958,-0.00895247,0.00131416,-0.00166709,0.00204247,-0.00122854,-0.000790642,0.0720172,0.016108,0.0547913,0.0109776,0.0294467,0.105877,32.751,-0.0156174,-0.001917,-0.0502474
1.98,0.999956,-0.00911836,0.00131982,-0.00167484,0.00137431,0.00130183,-0.0043859,0.0722499,0.0161034,0.0547997,0.0109705,0.0321474,0.106149,36.7407,0.00175367,-0.00704552,-0.101794
2,0.999956,-0.0091475,0.00129953,-0.00168249,-0.0011557,-0.000562387,8.31645e-06,0.0724922,0.0161323,0.0551427,0.0112211,0.0288062,0.106584,36.8144,-0.0121221,0.00477848,-0.118507
2.02,0.999956,-0.00915356,0.00129991,-0.00168479,-0.000889385,-2.97537e-05,-0.000524316,0.072545,0.0161376,0.0552823,0.0114242,0.0283014,0.106651,32.8694,-0.00638734,0.00441246,0.0217188
2.04,0.999956,-0.00915794,0.00130239,-0.00168923,-0.000489913,0.000502878,-0.00105695,0.0726002,0.0161442,0.055444,0.0116859,0.0279192,0.106947,36.0023,-0.0358544,0.00973737,0.106397
2.06,0.999955,-0.00919649,0.00128088,-0.00168644,-9.31637e-05,-0.000695182,-0.000257992,0.0730032,0.0161385,0.0563867,0.0118705,0.0285017,0.107999,32.1488,-0.00196211,0.015092,0.0860505
2.08,0.999956,-0.00919428,0.00130205,-0.00168253,-0.000361961,0.00223551,0.000940442,0.0731561,0.0160638,0.0564533,0.0121608,0.0295628,0.107726,35.1,-0.0107835,-0.0163893,0.0715899
2.1,0.999955,-0.00920218,0.00130001,-0.00167607,0.000304839,-0.000960021,0.00133929,0.0732626,0.0160466,0.0566181,0.0120707,0.0292307,0.107752,33.8171,-0.0255254,0.0120425,0.175012
2.12,0.999956,-0.00918095,0.00131932,-0.00169286,0.00350064,0.000504718,0.00147244,0.0735512,0.0160718,0.0574307,0.0124649,0.0283255,0.108154,37.9175,-0.00436365,0.0153743,0.0301639
2.14,0.999955,-0.00919235,0.00132963,-0.00168789,-0.00155938,0.0027684,-0.000524923,0.0737891,0.0160934,0.0581713,0.0123169,0.0277686,0.108323,37.5013,-0.0273468,-0.00244339,0.121809
2.16,0.999955,-0.00920592,0.00133011,-0.00169148,-0.00129573,-0.000559944,0.000274045,0.0738956,0.0160403,0.0582375,0.0121848,0.0279656,0.108191,35.0383,-0.00748589,-0.0102689,0.0545028
2.18,0.999955,-0.00920889,0.00133321,-0.00169757,-9.73059e-05,0.000638476,-0.00145701,0.0739487,0.016023,0.0583072,0.0120005,0.0279595,0.108321,33.9198,-0.0245959,-6.70983e-05,-0.00969393
2.2,0.999955,-0.00922014,0.00134358,-0.00170105,0.000568474,0.00157058,-0.000524908,0.0741694,0.015997,0.0588182,0.0122555,0.0276385,0.108276,35.4588,-0.00628389,0.00978536,-0.0476202
2.22,0.999955,-0.00921637,0.00134636,-0.00171749,0.000565879,-0.000426072,0.000274053,0.0744178,0.0157918,0.0586314,0.0125553,0.0271399,0.107791,34.2235,-0.0146047,0.00342158,0.0458783
2.24,0.999955,-0.00919911,0.00135294,-0.00171087,0.00109434,0.00263837,0.000275153,0.0745282,0.0155333,0.0579607,0.0127251,0.0265278,0.107588,36.1066,0.00912829,-0.0173747,-0.0234667
2.26,0.999955,-0.00920544,0.00136656,-0.00171014,-0.000769883,0.003171,0.000275154,0.0745689,0.0154565,0.0577932,0.0129211,0.0263779,0.107176,32.1904,-0.0124156,-0.00962466,-0.0389499
2.28,0.999955,-0.00921265,0.00137243,-0.00170952,0.00122749,-0.000291107,0.000674624,0.0746571,0.0153209,0.0575368,0.013221,0.0263897,0.106838,35.5814,-0.0407836,0.00986063,-0.112628
2.3,0.999955,-0.00921739,0.00134742,-0.00166615,0.00122749,0.00104047,0.00213936,0.07495,0.0150461,0.0573808,0.0132741,0.025778,0.10643,33.0313,-0.00730668,0.00237081,-0.0029441
2.32,0.999955,-0.00921714,0.00137126,-0.00166618,0.0033559,0.00250576,-0.00092328,0.0750437,0.0148951,0.0570526,0.0136596,0.0252018,0.105762,36.1015,0.00573514,0.00740047,0.0853735
2.34,0.999955,-0.00921481,0.00136456,-0.00166683,0.00135853,-0.00188845,-0.000124329,0.0750933,0.0148256,0.0569275,0.0136078,0.0250585,0.105561,36.5693,-0.0255807,0.00559897,0.0521015
2.36,0.999955,-0.00920483,0.00137828,-0.00166565,0.00215748,0.00263892,-0.000257476,0.0753452,0.0145558,0.0566516,0.0132867,0.0245916,0.104197,33.3182,-0.0111608,0.0237622,-0.144725
2.38,0.999955,-0.00919668,0.00138653,-0.00168554,0.00069274,0.000242075,-0.00132274,0.0756323,0.0144005,0.0569706,0.0142384,0.0240803,0.103923,37.4795,0.00267002,-0.00473885,0.0592086
2.4,0.999955,-0.00919565,0.0013812,-0.0016872,0.000825901,-0.00148898,-0.000390637,0.0756961,0.0143818,0.0570992,0.014043,0.0240509,0.103945,34.1079,-0.0133074,0.0152535,-0.00282902
2.42,0.999955,-0.00920147,0.00137372,-0.00168989,-0.000905149,-0.00202161,-0.000656952,0.0757477,0.0143451,0.057176,0.0140461,0.024105,0.103745,34.6379,-0.0249314,-0.0175661,-0.189847
2.44,0.999955,-0.00925877,0.00135411,-0.00169238,-0.0114272,-0.00614833,0.00173946,0.0760357,0.0142479,0.0578808,0.0149841,0.0247845,0.105948,33.2797,-0.00860819,0.0160588,-0.146382
2.46,0.999954,-0.0093576,0.00134166,-0.00169383,0.00148655,-0.00122061,-0.00132298,0.0763014,0.0140745,0.0577639,0.0149256,0.0252314,0.102823,37.6678,-0.016026,-0.0159246,0.00924065
2.48,0.999954,-0.00933941,0.00133622,-0.00168978,0.00308444,-0.000821145,0.00213913,0.0764154,0.0140139,0.0578667,0.0148916,0.0235458,0.102366,32.2759,0.00750778,0.00964618,0.111216
2.5,0.999954,-0.0093358,0.00133532,-0.00168988,0.00148655,-0.00042166,8.59927e-06,0.0764747,0.0139815,0.0579513,0.015043,0.0227756,0.10239,34.049,-0.00545487,0.00616326,0.0754472
2.52,0.999954,-0.00934601,0.00131701,-0.00166142,0.000953912,-2.21913e-05,0.00293808,0.0767879,0.0138328,0.0586959,0.0147576,0.0211765,0.102438,36.2216,-0.0153861,0.00110571,-0.0250614
2.54,0.999954,-0.00934845,0.00129484,-0.00167866,-0.000913073,0.000511544,-0.00012455,0.0770914,0.0136819,0.0593483,0.0150205,0.0221103,0.102489,36.7183,-0.0170559,-0.0156265,-0.0897202
2.56,0.999954,-0.00936064,0.00132471,-0.00167816,-0.00277643,0.00330811,0.00240509,0.0772356,0.013536,0.0593968,0.0148861,0.0224797,0.102493,32.2003,0.007755,-0.00248781,-0.0892958
2.58,0.999954,-0.00937065,0.00131612,-0.00168087,-0.00184677,-0.00241614,-0.000657537,0.0772767,0.013483,0.0594137,0.0149631,0.0223185,0.102293,35.1502,0.0114932,-0.0319069,-0.152551
2.6,0.999954,-0.00938044,0.00131176,-0.00169671,-0.00144932,-0.00108381,-0.00372017,0.0773688,0.013209,0.0588484,0.014777,0.0213095,0.101229,34.4044,0.000839568,0.000567573,0.0959904
2.62,0.999954,-0.00939467,0.00132754,-0.00168872,-0.00118301,-1.85375e-05,-0.000124902,0.0776063,0.0126847,0.0583909,0.0146979,0.0195031,0.10006,33.5744,-0.0399595,0.0378466,-0.0695777
2.64,0.999954,-0.00939595,0.00132432,-0.00167815,0.000281732,-0.0010838,0.00267141,0.0776491,0.0126255,0.0584206,0.0147111,0.0194771,0.0999736,35.2379,-0.00212741,0.0062491,0.284377
2.66,0.999954,-0.00939558,0.00132367,-0.00167614,0.000681211,-0.000418013,0.000540885,0.0776931,0.0125709,0.0584723,0.0146348,0.0193935,0.0998729,36.6838,-0.00540305,0.0258797,0.0477347
2.68,0.999954,-0.00940697,0.00132894,-0.00168305,0.000412572,-1.77251e-05,-0.000790689,0.0778459,0.012296,0.0583541,0.0144288,0.0192997,0.0996243,35.6415,0.0178961,0.00697365,-0.0433097
2.7,0.999954,-0.00938631,0.00132212,-0.00167199,0.00174415,-0.000550356,0.000807209,0.0780261,0.0119303,0.0580975,0.0141581,0.0187247,0.0997979,34.4871,-0.0253805,0.00473522,0.00863274
2.72,0.999954,-0.00938915,0.0013282,-0.00166323,-0.00145164,0.00131385,-0.000124898,0.0781059,0.0118162,0.0581688,0.0139819,0.0185816,0.100419,33.2304,-0.00689772,0.00299302,-0.0882212
2.74,0.999954,-0.00937898,0.0013389,-0.00166143,0.00227614,0.000115809,0.000807447,0.0781732,0.0117011,0.0582667,0.013655,0.0183715,0.10023,35.7444,0.00536709,0.00411043,0.154145
2.76,0.999954,-0.0093752,0.00134748,-0.00165593,-0.00118774,0.000383553,0.00120693,0.0782305,0.0115842,0.0583857,0.0135906,0.0179677,0.100422,34.7595,0.00494558,-0.00612045,-0.0136359
2.78,0.999954,-0.00938186,0.0013386,-0.00165339,0.000540879,-0.00081397,0.00014167,0.078329,0.0111294,0.0580082,0.0134788,0.0163996,0.099956,34.2642,0.0106154,-0.0036026,0.024319
2.8,0.999954,-0.00939518,0.00133812,-0.00164955,-0.000923856,-0.000281339,-0.000257797,0.0783923,0.0108625,0.0579141,0.0129218,0.0160273,0.0998935,35.0144,-0.00512303,-0.0160038,0.0363469
2.82,0.999954,-0.0093986,0.00134444,-0.00165294,-0.000258066,0.00131656,-0.000790428,0.0784148,0.0107822,0.0579316,0.0130088,0.0158095,0.100023,32.1958,-0.00246134,0.00088706,0.0195413
2.84,0.999953,-0.0094154,0.00134677,-0.00165653,-0.00185597,-0.00108028,-0.000524127,0.0784904,0.0105655,0.058128,0.0129177,0.0153236,0.10056,34.9726,-0.00286865,0.0257484,-0.111952
2.86,0.999954,-0.0094042,0.00135885,-0.00164434,-0.000258064,-0.00068081,0.00173957,0.0785926,0.010267,0.0584048,0.0130654,0.014754,0.100128,35.975,-0.00663412,0.00350374,0.18959
2.88,0.999954,-0.00939772,0.00134973,-0.00162135,0.000804633,-0.00214449,8.5203e-06,0.0786664,0.00985709,0.0582016,0.0129008,0.0137338,0.100444,34.4909,0.0060777,0.0106192,0.105352
2.9,0.999954,-0.00938559,0.00134731,-0.00163585,0.00360096,-0.000812914,-0.00358673,0.0786876,0.0097624,0.0582146,0.0128228,0.0135008,0.100629,39.526,-0.0108636,0.0132034,0.0587774
2.92,0.999954,-0.00939,0.00134169,-0.00166157,0.000403401,-0.00320852,-0.00425392,0.0787577,0.00938228,0.0583603,0.01254,0.0123559,0.100736,33.2322,-0.0126393,0.00763882,0.177213
2.94,0.999952,-0.00952562,0.0013691,-0.00168179,0.00319971,-0.00041221,0.000672922,0.0788373,0.00903557,0.0589128,0.0121971,0.0142647,0.10125,36.4082,0.0106963,-0.00341984,0.067433
2.96,0.999952,-0.00952321,0.00134561,-0.00166993,0.000401163,-0.00134349,0.000939255,0.0788603,0.00871152,0.0586173,0.0124547,0.012072,0.101242,31.1764,0.0078217,-0.0173999,-0.0239833
2.98,0.999952,-0.00952121,0.00134509,-0.00166374,0.00106696,-0.000411378,0.00160504,0.0788726,0.00860298,0.0585703,0.0125061,0.0114993,0.101183,34.7267,-0.00430864,-0.00977108,0.0132783
3,0.999952,-0.00952181,0.0013354,-0.00168627,0.00239854,0.00158597,-0.00385444,0.0789431,0.00817333,0.058621,0.0126159,0.00971929,0.101161,34.5794,0.00120473,0.00135259,0.137229
3.02,0.999953,-0.00950984,0.00131886,-0.00168009,-0.00186251,-0.00240875,0.00067293,0.0790344,0.0076689,0.0589107,0.0122278,0.00985968,0.10127,34.901,0.00125855,0.0242547,0.203452
3.04,0.999952,-0.00952909,0.00131581,-0.00169071,0.000665321,0.00185329,-0.000392322,0.0790636,0.00730753,0.0586794,0.0122394,0.00944514,0.101342,33.6566,-0.000786856,-0.00231845,0.00778498
3.06,0.999952,-0.00952234,0.00133048,-0.00168052,0.00053301,0.00185348,0.00107284,0.0790902,0.00708594,0.058651,0.0119444,0.00910456,0.101324,37.4993,0.014472,0.00598267,0.124247
3.08,0.999952,-0.00951543,0.00132364,-0.00168022,0.00213091,-0.00200811,0.00067337,0.079108,0.00686503,0.0586491,0.0116706,0.00854798,0.10124,34.7077,-0.00852641,0.0132769,0.102753
3.1,0.999952,-0.00951193,0.00132638,-0.00169041,0.00212787,-0.000807496,0.000140751,0.0791361,0.00603061,0.0585881,0.0114082,0.0061952,0.101509,31.0005,-0.0173465,-0.00886328,0.184066
3.12,0.999953,-0.00950596,0.00131689,-0.00168477,0.00132894,-0.00227223,-0.000525042,0.0791309,0.00574922,0.0583999,0.0115996,0.0055138,0.101632,36.9127,-0.0197849,0.0123176,0.134212
3.14,0.999953,-0.00950584,0.0013131,-0.00169021,0.00052998,-0.00120697,-0.00132399,0.0791318,0.00561195,0.0583438,0.0116591,0.00536252,0.101488,31.4278,0.0170591,-0.000474512,0.193948
3.16,0.999952,-0.00950466,0.00130469,-0.00171663,0.000796292,-0.00160644,-0.00145715,0.079127,0.00518247,0.0580727,0.0114602,0.00445857,0.101446,36.5861,0.00592013,0.00105062,0.104469
3.18,0.999952,-0.00954212,0.00129249,-0.00169207,-0.00133579,0.000391855,-0.00145715,0.0790942,0.00440359,0.057322,0.011486,0.00345379,0.100908,34.1578,0.00156937,-0.0113641,0.162097
3.2,0.999952,-0.00953952,0.00129071,-0.00170454,0.0011942,-7.61326e-06,-0.000391875,0.0790928,0.0041177,0.0572051,0.0111176,0.00321234,0.101193,34.3531,0.0042834,0.0105654,-0.0688434
3.22,0.999952,-0.0095381,0.00129982,-0.00169141,0.00079473,0.00198976,0.00333654,0.0790923,0.00397912,0.0571858,0.0108941,0.00300624,0.101322,36.4655,0.00150243,0.00682101,0.240708
3.24,0.999952,-0.00952927,0.00131953,-0.00166809,-0.00280054,-0.00213814,0.000140752,0.0791017,0.00330902,0.0574522,0.0100889,0.00135433,0.101763,32.8508,-0.0156218,-0.005776,0.22593
3.26,0.999952,-0.00953843,0.00130262,-0.00167038,-0.000803167,0.000525022,-0.00025872,0.0791071,0.002651,0.0579905,0.00983639,0.000311978,0.102307,34.1293,-0.0114165,0.00351757,0.257273
3.28,0.999952,-0.00953738,0.00130493,-0.00167536,0.000260481,0.000925524,-0.00065819,0.0790874,0.00234668,0.0579045,0.0100502,-0.000210207,0.102189,34.4873,-0.00270205,0.0349689,0.0966719
3.3,0.999952,-0.00954956,0.00130847,-0.00167653,-0.002669,0.000659209,-0.000258719,0.0790828,0.00219826,0.0578985,0.0101307,-0.000415608,0.102235,38.8653,0.00269642,0.00174885,0.309859
3.32,0.999952,-0.00954627,0.00130862,-0.00167579,0.00172522,0.00199078,-0.00198977,0.0790904,0.0014914,0.0582362,0.0102716,-0.00141187,0.10251,31.603,0.00125423,-0.00118914,0.116155
3.34,0.999952,-0.00955616,0.00131436,-0.00168885,-0.00133741,0.00159132,-0.000525032,0.0791053,0.000805833,0.0588471,0.00983741,-0.00226687,0.103354,34.6444,0.0115704,-0.000570147,0.245632
3.36,0.999952,-0.00956012,0.00132324,-0.00168419,-0.000672969,0.00199199,0.00120602,0.0790934,0.000652913,0.0588063,0.00962471,-0.00256026,0.103393,36.6016,0.00916538,0.00704232,0.0502861
3.38,0.999952,-0.00956114,0.001341,-0.00168983,0.00092493,0.000527241,0.000273926,0.0790697,0.000204677,0.0588403,0.00962928,-0.00308883,0.103541,34.795,0.0102476,-0.00422746,0.247031
3.4,0.999952,-0.00955959,0.00134235,-0.00170551,-0.00400191,-0.000138554,-0.00132399,0.0790576,-0.000627555,0.0595524,0.00937409,-0.00394341,0.104713,34.4076,-0.00786321,0.0125045,0.122749
3.42,0.999951,-0.0096451,0.00136157,-0.00172912,-0.0174519,0.000528234,-0.000125598,0.0790216,-0.00122492,0.059641,0.00896388,-0.00492522,0.107772,33.2292,0.0108303,-0.000209734,0.0721925
3.44,0.999951,-0.00967489,0.00137038,-0.00172813,-0.00719876,0.001993,0.000273926,0.0789914,-0.00138654,0.0594219,0.00857737,-0.00433831,0.105057,39.4302,-0.000612649,0.026321,0.0508612
3.46,0.999951,-0.00968436,0.00138567,-0.00173965,0.00225462,-0.000136696,-0.00052501,0.078882,-0.00201044,0.0588125,0.00845493,-0.0061342,0.105662,33.5195,0.0180074,0.00351915,0.0724264
3.48,0.999951,-0.009691,0.00140595,-0.00174861,0.000789882,0.00066225,-0.00105764,0.0787615,-0.00298238,0.0587148,0.00761278,-0.00923932,0.105905,34.6999,0.00952525,0.00162488,0.121867
3.5,0.99995,-0.00970418,0.00139877,-0.00174483,-0.0030717,-0.00200091,0.000939725,0.0787448,-0.00314747,0.0587873,0.00763709,-0.00973955,0.105853,33.6023,0.0131402,0.000381036,0.272343
3.52,0.99995,-0.00971412,0.00139739,-0.00174484,-0.00227275,-0.000536175,7.62049e-06,0.07873,-0.00331348,0.0588825,0.00765442,-0.010133,0.105858,34.6708,0.0145584,-0.0147557,0.00311082
3.54,0.99995,-0.00971097,0.00137732,-0.0017544,0.000656727,-0.000403016,0.00107289,0.0786353,-0.00427126,0.0596525,0.00656112,-0.00990838,0.106776,35.5748,0.0199848,-0.00872805,0.265449
3.56,0.999951,-0.00967757,0.00139124,-0.00174552,0.00132177,0.000929613,0.00187185,0.0785187,-0.00491176,0.0596941,0.00657335,-0.0104233,0.106474,31.829,-0.00977406,0.00106264,0.0847692
3.58,0.999951,-0.00968599,0.00139543,-0.00174234,-0.00174087,-0.000801441,0.000806584,0.0784695,-0.00522634,0.0598584,0.00624414,-0.0110215,0.106649,35.5562,0.0177239,0.0143957,0.218491
3.6,0.999951,-0.00968259,0.00139369,-0.00173378,0.00118861,-0.000668284,0.000673428,0.078422,-0.00553819,0.0601196,0.00597003,-0.0114077,0.106874,36.0738,0.0203697,0.000569352,0.324788
3.62,0.999951,-0.00964464,0.00139379,-0.00175507,0.00385179,-0.000535126,-0.00358762,0.0783461,-0.00614602,0.0609205,0.00604549,-0.0119363,0.107789,35.3528,-0.00357351,-0.00103662,0.103032
3.64,0.999951,-0.00963618,0.00138021,-0.00175159,-0.0010755,-0.000534192,0.00120607,0.0782456,-0.00691492,0.0617823,0.00571588,-0.0134211,0.108161,32.0671,0.0224443,-0.00567355,0.22118
3.66,0.999951,-0.00962608,0.0013878,-0.00175321,0.00265293,0.0017295,-0.000391826,0.0782176,-0.00707554,0.0618367,0.0056976,-0.0137167,0.108309,37.2939,-0.00464406,0.0169438,0.124237
3.68,0.999951,-0.00961754,0.00140501,-0.00176496,-0.00080918,0.00186265,7.6536e-06,0.0781649,-0.00739764,0.0620221,0.00548375,-0.0143681,0.108491,36.4674,-0.00215735,-0.00673077,0.35371
3.7,0.999951,-0.00962807,0.00139187,-0.00177684,-0.00094234,0.0001316,-0.00159024,0.0780885,-0.0078771,0.0624793,0.00497104,-0.0146259,0.109228,32.0759,0.020889,-0.00546869,0.0783061
3.72,0.999951,-0.00965181,0.00136462,-0.00179259,-0.00174128,-0.00279788,-0.000258666,0.0779273,-0.00882695,0.0636998,0.00374843,-0.0161226,0.110099,35.1832,0.0209981,0.0132297,0.206367
3.74,0.999951,-0.00966509,0.00134797,-0.00179645,-0.0012087,-0.0011991,0.000273981,0.0777963,-0.0093053,0.0638258,0.0030808,-0.0162921,0.110443,37.9763,-0.00159145,0.00569508,0.227567
3.76,0.999951,-0.00966753,0.00134119,-0.00179311,-0.000542912,-0.00186489,0.000806613,0.0777535,-0.00946281,0.0639203,0.00295475,-0.0165721,0.110717,33.7419,-0.00238677,0.000514632,0.0830999
3.78,0.999951,-0.00969213,0.00134787,-0.00180476,-0.00174122,1.56435e-07,7.67571e-06,0.0774263,-0.0105855,0.0641241,0.00256903,-0.0183137,0.110736,34.8112,0.0206435,0.0109442,0.231747
3.8,0.999951,-0.0096905,0.00134988,-0.00181084,-0.000143331,0.000932261,-0.00145706,0.0772722,-0.0110648,0.0642204,0.00180953,-0.0186468,0.110506,35.9202,0.0287744,-0.0143417,0.063419
3.82,0.99995,-0.00969863,0.00135052,-0.00181393,-0.00200754,1.53258e-07,-0.000791276,0.0772216,-0.0112241,0.0643009,0.00175044,-0.0188137,0.110565,33.8308,0.0422106,-0.00682397,0.282837
3.84,0.99995,-0.00970538,0.00136301,-0.00182065,-0.00147491,0.00146489,-0.000125479,0.0770727,-0.0117075,0.0646874,0.00136445,-0.0197775,0.110743,33.1328,-0.00808856,0.0027323,0.138037
3.86,0.999954,-0.00932748,0.00132079,-0.00183821,0.0416687,-0.000265469,0.00107293,0.0767699,-0.0125667,0.0646022,0.000672445,-0.025997,0.106524,33.6561,0.0183472,0.0040674,-0.0272166
3.88,0.999965,-0.00808051,0.00130461,-0.0018498,0.0876083,-0.00412708,-0.00292184,0.0765249,-0.0136992,0.0644735,-0.000486165,-0.0501873,0.0919542,37.9592,0.0235016,0.00895716,0.270477
3.9,0.999968,-0.00774549,0.00127693,-0.00185095,0.0837467,-0.0069234,-0.000258866,0.0764589,-0.0141202,0.0644143,-0.00118094,-0.0576287,0.086445,35.3824,0.0204182,0.0140471,0.135735
3.92,0.99998,-0.0060261,0.00113137,-0.00183159,0.107316,-0.00399394,0.00373644,0.0760552,-0.0168468,0.0636482,-0.00506745,-0.0777301,0.0490159,30.9452,0.0449914,0.00243228,0.118021
3.94,0.999995,-0.00252678,0.000935853,-0.00183051,0.146065,-0.0121157,0.000806618,0.07547,-0.0208967,0.0600549,-0.00542802,-0.0959287,-0.0149117,31.9584,0.0465042,-0.0179374,0.0440992
3.96,0.999996,-0.00198758,0.000886981,-0.00183073,0.134747,-0.0121158,7.41028e-06,0.0753691,-0.0216343,0.0590633,-0.00586559,-0.0960142,-0.0272141,35.2316,0.0433181,-0.018028,0.364306
3.98,0.999998,-0.000555841,0.000772541,-0.00183076,0.116238,-0.00838722,7.60477e-06,0.0750474,-0.0237421,0.0556249,-0.00745721,-0.0850662,-0.0657099,32.2741,0.0364531,-0.0417086,0.256482
4,0.999996,0.00196074,0.00061798,-0.00183613,0.123162,-0.00559115,-0.00145727,0.0745093,-0.026413,0.0482105,-0.00672591,-0.057309,-0.134514,32.0681,0.0736663,-0.0114878,0.277224
4.02,0.999993,0.0032339,0.000462482,-0.00181485,0.0477959,-0.00865327,0.000806319,0.0741015,-0.0276343,0.039695,-0.00627413,-0.028029,-0.193989,29.9102,0.00407119,-0.0410279,0.334243
4.04,0.999993,0.00334405,0.00041375,-0.0018032,0.0274227,-0.0122485,0.00293709,0.0740006,-0.0277619,0.0372538,-0.00629621,-0.0174295,-0.208994,31.1245,0.0486405,0.0423082,0.191789
4.06,0.999992,0.00348858,0.000292621,-0.00175349,-0.00160573,-0.00146268,0.00333667,0.0735599,-0.027029,0.0235947,-0.0032776,0.0385405,-0.28483,26.0043,0.0107104,-0.0348778,0.186625
4.08,0.999996,0.00207242,0.000247521,-0.00177444,-0.106665,0.000934165,-0.00318839,0.0732497,-0.0235573,0.00285655,0.000293228,0.0889595,-0.378865,26.2169,-0.0668175,-0.0661875,0.183219
4.1,0.999997,0.00161164,0.000254587,-0.00177685,-0.115453,0.00146709,-0.000657862,0.0732153,-0.0227156,-0.00112524,0.000799699,0.098286,-0.394938,24.9876,-0.0951907,0.0102918,0.208899
4.12,0.999998,0.000171977,0.000302933,-0.00178239,-0.117181,0.00386389,-0.000524753,0.0731566,-0.0195745,-0.014589,0.00273911,0.121324,-0.443941,23.4135,-0.0832827,0.0468963,0.0168373
4.14,0.999994,-0.00282877,0.000442048,-0.00178213,-0.141815,0.00359715,-0.000524703,0.0731709,-0.0124585,-0.0442221,0.00492936,0.132317,-0.540035,24.3771,-0.0388158,-0.113422,0.0865191
4.16,0.999988,-0.004614,0.000508267,-0.00177103,-0.14581,0.00732548,0.00173859,0.0732304,-0.00875026,-0.0606435,0.0051833,0.134093,-0.580751,20.8673,-0.0949585,0.0974451,0.169594
4.18,0.999985,-0.00516864,0.0005306,-0.00177384,-0.139413,0.00532726,-0.00079096,0.0732603,-0.00744687,-0.0664864,0.00513635,0.133907,-0.592652,20.2107,-0.176746,0.0576384,0.112946
4.2,0.999972,-0.00729046,0.000741726,-0.00176811,-0.0866824,0.0107871,0.00160582,0.0734128,-0.00121559,-0.0964916,0.00530053,0.118067,-0.63968,18.8342,-0.0356244,-0.051405,-0.118469
4.22,0.999961,-0.00859768,0.000832269,-0.00177859,-0.0519281,-0.0005317,7.88168e-06,0.0735704,0.00386875,-0.127264,0.00382314,0.0858453,-0.666077,17.4664,-0.133986,0.0732221,0.0644486
4.24,0.99996,-0.00877397,0.000828256,-0.00178036,-0.0447376,-0.00106414,-0.000524837,0.0735926,0.00472661,-0.133447,0.0032812,0.0805156,-0.669108,15.0827,-0.0158571,-0.134678,0.0125908
4.26,0.999958,-0.00890767,0.000837484,-0.00178123,-0.0340849,0.00226473,-0.00025863,0.0736102,0.00553988,-0.139629,0.00257243,0.0753727,-0.671759,16.6337,-0.153934,0.141482,0.0475082
4.28,0.999957,-0.00902195,0.000890262,-0.00177473,0.00279985,0.00705843,-0.000658047,0.0736373,0.00772832,-0.158128,0.00113814,0.0607528,-0.676165,15.2723,0.0290768,-0.0431397,-0.00365288
4.3,0.999966,-0.00794804,0.000857716,-0.0017882,0.0540733,-0.00719038,-0.00145685,0.0737124,0.0120659,-0.20252,-0.00025485,0.0293966,-0.672753,17.2351,0.00492456,0.0420301,0.0136535
4.32,0.99997,-0.00747032,0.000799948,-0.00178411,0.0599323,-0.00692399,-0.000125341,0.0737192,0.0130832,-0.215104,-0.00128812,0.0259678,-0.669287,14.1005,-0.121884,-0.137467,0.0752331
4.34,0.999976,-0.0066986,0.000735025,-0.00177954,0.0653918,-0.00452709,-0.000924261,0.0737064,0.0145264,-0.233664,-0.00204823,0.0260596,-0.66276,15.2539,-0.183604,0.194752,0.0628556
4.36,0.999986,-0.00488188,0.000629257,-0.00177741,0.0504865,-0.00745718,-0.000791376,0.0737775,0.0189309,-0.277456,0.000997591,0.0441452,-0.642023,15.0911,0.326521,-0.102842,-0.0305742
4.38,0.999988,-0.00456271,0.000563678,-0.00177583,0.0354397,-0.00599242,-0.000258443,0.0738275,0.0204696,-0.289712,0.0011292,0.054054,-0.634877,15.7125,-0.263462,0.0830018,0.150219
4.4,0.999988,-0.00444661,0.000540304,-0.00177188,0.0278496,-0.00572619,0.000939926,0.0738528,0.0212937,-0.295754,0.00103145,0.0600254,-0.631243,15.9906,-0.15585,0.0782026,0.00751214
4.42,0.999989,-0.00429453,0.00051564,-0.00174449,-0.0043746,-0.00106561,0.00213836,0.0739695,0.0250194,-0.319355,0.00259202,0.0852247,-0.615808,19.4846,-0.00233498,0.0195871,0.0906122
4.44,0.999983,-0.00552365,0.000566586,-0.00171812,-0.0672233,0.00266262,0.000274264,0.0744477,0.03463,-0.364665,0.00748358,0.130778,-0.580458,14.6443,-0.0956781,-0.141227,0.011054
4.46,0.999981,-0.00581835,0.000577496,-0.00172152,-0.0746801,0.00266256,-0.000924404,0.0745289,0.0360215,-0.37025,0.00805253,0.13549,-0.576264,17.774,-0.184318,0.0368063,-0.0410742
4.48,0.999979,-0.00614351,0.000602828,-0.00172818,-0.0822701,0.00625792,-0.00172323,0.0746138,0.0374436,-0.375774,0.00842036,0.139847,-0.572173,16.2121,-0.0808099,0.0397517,0.161066
4.5,0.999967,-0.0079028,0.00075344,-0.00173343,-0.0942543,0.0102529,0.00067357,0.0750876,0.0448693,-0.402499,0.0108652,0.15288,-0.550508,15.4564,-0.154177,0.049898,0.0946242
4.52,0.999951,-0.00973466,0.000940571,-0.00176381,-0.0877289,0.00785462,0.000540716,0.0757461,0.0523499,-0.429856,0.0123938,0.15063,-0.529858,17.1094,-0.125354,-0.108635,0.0634085
4.54,0.999947,-0.0100796,0.000965245,-0.00175978,-0.08693,0.00612314,0.000939953,0.0758879,0.0538215,-0.43524,0.0123144,0.148447,-0.525938,18.0235,-0.13991,0.0437204,0.108288
4.56,0.999941,-0.0107044,0.0010315,-0.00175569,-0.0765437,0.0101179,-0.000125311,0.0761663,0.0566912,-0.445818,0.0118653,0.143147,-0.517579,17.7093,-0.087616,0.208421,0.164823
4.58,0.999929,-0.0117255,0.00118496,-0.00175017,-0.0564368,0.00985178,-0.000258686,0.0766826,0.062064,-0.4662,0.0105118,0.128691,-0.500023,16.3756,-0.0919735,-0.0391664,0.0890601
4.6,0.999922,-0.0123052,0.00131514,-0.00176467,-0.0266094,0.00412595,7.9805e-06,0.0771624,0.0668308,-0.485567,0.00976945,0.110665,-0.482003,20.239,-0.257625,0.0831852,0.0945568
4.62,0.99992,-0.0124242,0.00133929,-0.00177247,-0.0103626,0.00345932,0.00133944,0.0774156,0.0690264,-0.495364,0.00884365,0.101456,-0.473251,16.5941,-0.220603,-0.102746,-0.0457655
4.64,0.99992,-0.0124515,0.00136056,-0.00177237,-0.00277261,0.00479086,0.0008068,0.0776448,0.0710582,-0.504902,0.00735481,0.0928615,-0.464728,19.215,0.00354482,-0.0305751,0.247366
4.66,0.999923,-0.0122353,0.00142458,-0.00176756,0.0233264,0.00345925,-0.000657928,0.0780387,0.0747001,-0.523255,0.00548532,0.0790053,-0.448537,17.6419,-0.147016,0.0886071,0.0450702
4.68,0.999931,-0.0115348,0.00135745,-0.00176557,0.0403706,-0.00732648,0.00014098,0.0784257,0.0786453,-0.544876,0.0030377,0.0685175,-0.427775,20.6323,-0.00849932,-0.0955703,0.173153
4.7,0.999935,-0.0112293,0.00131911,-0.00177599,0.0387727,-0.00373119,-0.00225579,0.0785483,0.0801147,-0.55313,0.00189242,0.0675255,-0.419696,17.4413,-0.115596,0.0955078,0.203835
4.72,0.999938,-0.0109213,0.00127641,-0.00179756,0.0375743,-0.00453022,-0.00105727,0.0786521,0.0815711,-0.561172,0.000974017,0.0687568,-0.412047,18.1668,0.00387098,-0.0654803,-0.00849967
4.74,0.999942,-0.010535,0.00122321,-0.00180893,0.0299843,-0.00293232,-0.000125299,0.0787901,0.0838041,-0.572843,0.00105821,0.074125,-0.400517,20.2399,-0.236951,0.0596111,0.134292
4.76,0.999947,-0.0100588,0.000999051,-0.00183478,0.000431209,-0.00759467,0.000540463,0.079321,0.0905922,-0.600419,0.00111331,0.0939729,-0.376214,18.6347,-0.0916678,0.0556909,0.203772
4.78,0.999947,-0.0100869,0.000962814,-0.00182915,-0.00755829,-0.00892625,0.00133942,0.079392,0.0916367,-0.604152,0.00115062,0.0976458,-0.372948,20.1123,-0.052741,-0.0245934,0.142674
4.8,0.999946,-0.0102017,0.000932455,-0.00182893,-0.0167462,-0.00133626,-0.00119059,0.0795371,0.0937994,-0.611474,0.00220557,0.10537,-0.366604,19.1851,-0.0542692,-0.00952583,-0.0170533
4.82,0.999936,-0.0110906,0.000843537,-0.0018471,-0.0421794,-0.000137876,0.00133935,0.0801937,0.102145,-0.636001,0.00625533,0.125344,-0.345324,19.3944,-0.126026,0.0611307,0.023938
4.84,0.999932,-0.0114868,0.000848708,-0.00184642,-0.0514957,0.000926553,-0.000524828,0.0804395,0.104806,-0.643148,0.00747111,0.12872,-0.33968,19.7991,-0.188777,0.00206388,0.175043
4.86,0.99993,-0.0116934,0.000863348,-0.00184274,-0.0524278,0.00372278,0.000939888,0.0805676,0.106147,-0.646651,0.00805078,0.130268,-0.336881,18.2365,-0.130234,0.0507145,0.166493
4.88,0.999919,-0.0125692,0.000952422,-0.00182245,-0.0525572,0.00465452,0.00094013,0.0811388,0.111725,-0.661027,0.0103797,0.131667,-0.325979,19.8733,-0.125322,0.0758278,0.200936
4.9,0.999906,-0.0135524,0.00107451,-0.00182054,-0.0448341,0.0089156,-0.000791202,0.0819451,0.118495,-0.678251,0.0129006,0.12304,-0.312292,21.987,-0.0997739,-0.0615499,0.0569708
4.92,0.9999,-0.0139422,0.00121485,-0.00184124,-0.0291214,0.00958135,-0.000258472,0.0824518,0.122254,-0.688017,0.0140243,0.114111,-0.304012,20.589,-0.182132,0.0485732,0.00632221
4.94,0.999898,-0.0141117,0.00130462,-0.0018407,-0.0190014,0.0123777,0.000141002,0.082795,0.124597,-0.6943,0.0142633,0.106846,-0.298333,20.1651,-0.103317,0.0213171,0.0452963
4.96,0.999897,-0.0141184,0.00151668,-0.001863,0.0170842,0.00571973,-0.000791053,0.083918,0.131664,-0.716374,0.0121533,0.0818531,-0.279884,21.8565,-0.142869,0.0916274,0.0316368
4.98,0.999902,-0.0138127,0.0016193,-0.00186564,0.0285358,0.0075839,-0.000391598,0.0843472,0.134218,-0.725406,0.0113322,0.0725583,-0.272306,19.3358,-0.100206,-0.0683136,-0.0629026
5,0.999903,-0.0136825,0.00164537,-0.00186396,0.0319979,0.00665193,0.000540497,0.0844834,0.135011,-0.728329,0.0109828,0.0696105,-0.269759,21.4731,-0.0248779,0.141667,0.0330051
5.02,0.999908,-0.0133003,0.00169144,-0.00187818,0.0293347,0.00225764,-0.000524773,0.0848694,0.137241,-0.736843,0.0099328,0.0632799,-0.262077,21.4006,-0.0650848,-0.0169654,0.0721046
5.04,0.99992,-0.0123733,0.00172601,-0.00189064,0.0454485,0.000260492,0.000274163,0.0855093,0.141502,-0.754216,0.00673053,0.0602731,-0.248448,21.5416,-0.0364256,-0.0977265,-0.0868568
5.06,0.999926,-0.0119204,0.00171732,-0.00188412,0.0297358,-0.00346803,0.00200517,0.0857658,0.143572,-0.762473,0.00565494,0.0613351,-0.241666,23.2073,-0.0962049,0.101975,0.0195222
5.08,0.999927,-0.0118043,0.00168508,-0.00187888,0.0286706,-0.00799534,0.00120639,0.0858433,0.144263,-0.765143,0.00523494,0.0625767,-0.239424,22.4981,-0.116477,0.0742482,0.0964204
5.1,0.999931,-0.01147,0.00161748,-0.00187307,0.01136,-0.000139041,-0.000924126,0.0861895,0.147926,-0.777897,0.00449481,0.0759948,-0.228488,20.8528,-0.000321035,-0.0478024,0.19594
5.12,0.999931,-0.0114765,0.00155227,-0.00187222,-0.0102047,-0.00253618,0.00147278,0.0865343,0.152603,-0.790969,0.00504373,0.0901565,-0.218738,21.9183,-0.143745,0.00335197,0.261261
5.14,0.999928,-0.011791,0.0014963,-0.00187473,-0.0345726,-0.00373456,0.000407407,0.0867454,0.155679,-0.798522,0.00518005,0.0981801,-0.212958,21.108,-0.0235161,0.0786971,0.267516
5.16,0.999926,-0.0119414,0.00148959,-0.00187937,-0.0381679,-0.00173723,-0.0013236,0.0868155,0.156735,-0.800963,0.00527096,0.100975,-0.210987,20.1546,-0.0837797,0.0272752,0.188967
5.18,0.999913,-0.0129452,0.00145362,-0.00188274,-0.043361,-0.00653085,8.00368e-06,0.0872424,0.163347,-0.814852,0.00624218,0.111214,-0.200376,23.6884,-0.148512,-0.0360362,0.0413141
5.2,0.9999,-0.0139495,0.001448,-0.00189318,-0.0565373,0.00358914,-0.000125127,0.0876365,0.169331,-0.827047,0.0072791,0.10952,-0.19244,24.3229,-0.180204,0.0668089,0.197221
5.22,0.999897,-0.0141728,0.00145967,-0.00188995,-0.0566704,0.00278993,0.000673793,0.0877211,0.17052,-0.82945,0.00781423,0.108843,-0.190812,23.3108,-0.0613697,-0.0308301,0.0724671
5.24,0.999886,-0.0148764,0.00152566,-0.0019187,-0.035232,0.00252369,-0.00318762,0.0880793,0.175113,-0.838683,0.00890916,0.102248,-0.184409,19.5564,-0.101173,0.0345723,-0.138739
5.26,0.99988,-0.0152908,0.00157151,-0.00194135,-0.0172507,0.0029248,-0.00119025,0.0884191,0.18049,-0.851348,0.0080814,0.0839315,-0.17636,23.6562,-0.119542,0.0399155,-0.0514776
5.28,0.999878,-0.0153994,0.00162803,-0.00196943,-0.00659805,0.00412323,-0.00212235,0.088571,0.183387,-0.859159,0.00784332,0.0728655,-0.172347,22.8677,-0.0710233,0.0269409,0.112462
5.3,0.999878,-0.0153858,0.00164325,-0.00197705,0.0024567,0.00372375,-0.0019892,0.0886219,0.184282,-0.861677,0.00770767,0.0698053,-0.171042,22.8239,-0.0637806,-0.0218526,0.0596286
5.32,0.999885,-0.0149291,0.00165135,-0.00198616,0.0334825,-0.00266783,0.00133982,0.0888597,0.188254,-0.873624,0.00660631,0.0523086,-0.162884,20.0439,-0.144165,0.00666644,-0.0250012
5.34,0.999899,-0.0139534,0.00165844,-0.00199455,0.0436033,0.000794504,-0.000923753,0.0890739,0.191985,-0.887547,0.00527539,0.0367358,-0.152738,24.483,-0.166298,0.0392465,-0.0472466
5.36,0.999902,-0.0137744,0.00167408,-0.00199126,0.0440027,0.00385709,0.000807141,0.0891027,0.192539,-0.889878,0.00537977,0.0358446,-0.151055,21.0196,0.0444146,0.000765462,-0.0203908
5.38,0.99991,-0.0131762,0.00167742,-0.00200066,0.0497285,0.000528245,-0.00119017,0.0891893,0.194142,-0.896607,0.00478074,0.0348452,-0.145693,21.9892,-0.0345023,0.01986,0.100536
5.4,0.999923,-0.0121456,0.00162984,-0.00201353,0.0342822,-0.00120286,0.00160608,0.089288,0.197255,-0.908958,0.00229217,0.0398911,-0.136289,23.5748,-0.0766812,0.0508785,0.0620232
5.42,0.999927,-0.0118164,0.001603,-0.00202517,0.0244285,-0.00373283,-0.00145656,0.0893007,0.198917,-0.91462,0.00163142,0.0474252,-0.131513,21.5122,-0.107344,0.0280902,0.141463
5.44,0.999929,-0.0116672,0.00155446,-0.0020192,0.0165722,-0.00533074,0.00160608,0.0893037,0.20011,-0.918215,0.00149575,0.0530007,-0.128493,23.0601,-0.0527565,-0.0245533,-0.0817323
5.46,0.999929,-0.0116951,0.0014502,-0.00199504,-0.0160476,-0.0050648,-0.000258091,0.0893216,0.203653,-0.927716,0.00126117,0.0684401,-0.121014,21.86,-0.120098,0.038184,0.20304
5.48,0.999922,-0.0122641,0.00140918,-0.00198624,-0.034024,-0.00359999,-0.00119011,0.0893764,0.20784,-0.93703,0.00237899,0.0831258,-0.114387,23.0442,-0.120978,-0.000827546,0.156471
5.5,0.99992,-0.0124102,0.00138781,-0.00198271,-0.0369534,-0.00546429,0.000674028,0.0893931,0.208725,-0.938782,0.00261971,0.0849513,-0.113032,24.5356,-0.0255941,0.0347709,0.037781
5.52,0.999911,-0.0131364,0.00132338,-0.00200451,-0.0490708,-0.00306742,-0.00105697,0.089468,0.212327,-0.945439,0.00293289,0.089575,-0.107415,24.8301,-0.110301,-0.016781,0.0937831
5.54,0.999896,-0.0142011,0.00135017,-0.0020108,-0.0557245,0.0014595,8.33758e-06,0.0896284,0.216971,-0.953727,0.00535916,0.0893337,-0.0998063,22.2697,-0.154385,0.0707722,0.149041
5.56,0.999891,-0.0145823,0.00135447,-0.00201801,-0.0464035,-0.000670932,-0.000524332,0.0897315,0.218864,-0.957228,0.00630301,0.0865203,-0.0973118,24.053,-0.0927303,0.0098499,0.0280474
5.58,0.999886,-0.0149098,0.00138433,-0.00201558,-0.0422756,0.00372319,8.26463e-06,0.0898433,0.220673,-0.96058,0.00646787,0.0818168,-0.0946202,22.3427,-0.0969943,-0.0717694,0.0294457
5.6,0.99988,-0.0152958,0.0014325,-0.00199628,-0.0326854,0.00452183,-0.000124843,0.0900314,0.223339,-0.966295,0.00696361,0.0724886,-0.0914972,25.2099,-0.15654,0.0259547,0.0295826
5.62,0.999874,-0.0156939,0.00154708,-0.00200213,-0.00778486,0.00572038,0.00173939,0.0903702,0.227149,-0.975013,0.00756296,0.0559981,-0.0854045,22.1515,-0.0453526,0.0484325,-0.0765675
5.64,0.999874,-0.0156622,0.00157452,-0.00199845,0.0079299,0.00132619,-0.00119003,0.090501,0.228523,-0.978841,0.00715995,0.0486784,-0.0833615,21.6032,-0.138042,0.0581587,-0.00647524
5.66,0.999879,-0.0153762,0.00159696,-0.00199343,0.022311,0.0022583,0.000274766,0.090737,0.230826,-0.986,0.0062522,0.0330374,-0.0788654,24.932,-0.0761671,0.0130652,0.0286798
5.68,0.999886,-0.0148794,0.00165973,-0.00200497,0.0350942,0.00185877,-0.00119004,0.0909574,0.2326,-0.992535,0.00585787,0.0217863,-0.0743481,24.2107,-0.0514995,0.046331,0.105352
5.7,0.999896,-0.0141508,0.00169707,-0.00201241,0.0481436,0.0033236,0.000141582,0.0911451,0.234002,-0.998471,0.00444813,0.0143908,-0.0689629,23.6857,-0.0612058,0.0230984,0.151394
5.72,0.999899,-0.0139444,0.00171087,-0.00201574,0.0510731,0.00358985,-0.000790536,0.0911839,0.234307,-0.999865,0.0039566,0.0131595,-0.0677129,24.8768,-0.0525972,0.00931761,0.0350758
5.74,0.999912,-0.0130089,0.00167892,-0.00201799,0.0425535,-0.00280096,0.00120687,0.0912744,0.235846,-1.00736,0.00142637,0.0128897,-0.0621036,24.4077,-0.045244,-0.0224553,0.295541
5.76,0.999922,-0.0122369,0.0016392,-0.00203851,0.0338982,-0.00173579,-0.00292093,0.0912306,0.237521,-1.01465,-0.00113945,0.0211017,-0.0578347,23.6429,-0.0114577,0.0450549,0.0115881
5.78,0.999924,-0.012027,0.00159409,-0.00204873,0.0237782,-0.00786103,-0.00145632,0.0911884,0.238268,-1.01732,-0.00209161,0.0255322,-0.0560163,22.0911,-0.0707507,0.0378582,0.325389
5.8,0.999925,-0.0119515,0.00156206,-0.00205023,0.0184519,-0.00799412,-0.000524287,0.0911623,0.238663,-1.01861,-0.00253441,0.0280518,-0.054869,22.9196,-0.108272,-0.0395053,0.103014
5.82,0.999927,-0.0118709,0.00136798,-0.00205333,-0.00205449,-0.00706204,0.00360368,0.0909846,0.2409,-1.02456,-0.0040626,0.0423056,-0.0497445,26.2976,-0.010281,0.00458245,0.343858
5.84,0.999921,-0.0123219,0.00123146,-0.00200672,-0.0308126,-0.0103905,-0.000257875,0.0907681,0.244397,-1.03182,-0.00199754,0.05692,-0.0437225,23.6776,-0.0796747,0.0167371,0.236743
5.86,0.99992,-0.0124656,0.00119258,-0.00200843,-0.0364053,-0.00985785,-0.000657316,0.0907365,0.245064,-1.03311,-0.00183911,0.0588376,-0.0430977,24.9369,-0.117638,-0.0220243,0.141595
5.88,0.999914,-0.0129432,0.00110259,-0.00201869,-0.0388021,-0.00612943,-0.0023884,0.0906483,0.247117,-1.03677,-0.00141569,0.0631044,-0.0406909,23.7817,-0.0458753,-0.00601187,0.139446
5.9,0.999903,-0.013766,0.00115236,-0.00202418,-0.0423974,0.00478958,0.00107367,0.0905889,0.250546,-1.04224,0.00251637,0.0625071,-0.0363516,24.5527,-0.117732,0.016208,0.228002
5.92,0.999891,-0.0145772,0.00116694,-0.00204677,-0.0357371,-0.000270075,-0.00105669,0.0906462,0.253885,-1.04838,0.00439555,0.0560161,-0.0329421,25.919,-0.0591689,0.0532906,-0.0532208
5.94,0.999889,-0.0146921,0.00117501,-0.00204492,-0.0292124,0.00186054,0.000407892,0.0906617,0.254509,-1.04958,0.00436459,0.054147,-0.0322132,22.1916,-0.068938,-0.00778733,0.327379
5.96,0.999882,-0.0151625,0.00137256,-0.00205976,-0.00883728,0.00758682,-0.00185572,0.0907329,0.257859,-1.05735,0.00530525,0.0364219,-0.0288964,23.632,-0.0796327,0.00440839,0.0742038
5.98,0.999883,-0.0150913,0.00149449,-0.0020548,0.0127343,0.00359212,0.000274844,0.0908231,0.259875,-1.06339,0.00454597,0.0198683,-0.0251596,26.236,-0.0462083,0.0458424,0.26959
6,0.999885,-0.0149496,0.00151674,-0.00206243,0.0180606,0.00279319,-0.000657277,0.0908372,0.26047,-1.06557,0.003174,0.0137672,-0.0230437,24.413,-0.0757984,0.0563306,0.273738
6.02,0.99989,-0.0146314,0.00156938,-0.0020669,0.0265828,0.00265998,0.00107376,0.090808,0.261196,-1.06891,0.00156108,0.00559173,-0.020637,25.1045,0.0102604,-0.0355624,0.143239
6.04,0.9999,-0.0138702,0.00159571,-0.00205438,0.0448273,-0.00146724,8.461e-06,0.0906542,0.262069,-1.07486,-0.000834685,-0.00381226,-0.016582,23.1172,-0.0975818,0.04091,0.219567
6.06,0.999905,-0.0135137,0.00154615,-0.00204808,0.0437637,-0.00679286,-0.000790293,0.0905415,0.262368,-1.07754,-0.00222561,-0.00589891,-0.0157999,25.3512,-0.0695843,-0.00268349,0.0917589
6.08,0.99991,-0.0131714,0.00150506,-0.00205516,0.0424321,-0.00506187,-0.00132303,0.0904073,0.262623,-1.08008,-0.004019,-0.00673928,-0.0147605,24.4036,-0.0217919,-0.000827243,0.0793653
6.1,0.999923,-0.01217,0.00132645,-0.0020554,0.0291163,-0.00998877,-0.00212197,0.0898012,0.263531,-1.08785,-0.0072572,0.000731628,-0.0104316,22.764,-0.0250563,-0.0143245,0.35205
6.12,0.999926,-0.0119068,0.00120217,-0.00206502,0.0172653,-0.0119861,8.54449e-06,0.089511,0.264033,-1.0907,-0.00811416,0.00601089,-0.00848483,25.169,-0.0847263,0.0171909,0.117155
6.14,0.999927,-0.0118407,0.00115884,-0.00206606,0.0162,-0.0109208,-0.000390892,0.0894111,0.264222,-1.09159,-0.00852461,0.0081378,-0.00757531,22.8812,-0.0225785,-0.0319862,0.162899
6.16,0.999928,-0.011782,0.00102605,-0.00205194,0.0034168,-0.0106545,-0.00025772,0.0891024,0.264885,-1.09408,-0.00897579,0.0158086,-0.00570539,26.025,-0.0605701,-0.0379661,0.185636
6.18,0.999926,-0.0119591,0.000880926,-0.00205058,-0.0141601,-0.00825766,0.0001418,0.08863,0.266329,-1.09767,-0.0071473,0.0273726,-0.00189242,24.646,-0.0469456,-0.00425313,0.178983
6.2,0.999922,-0.0122944,0.000758511,-0.00205214,-0.0278715,-0.00612681,-0.00118998,0.0882983,0.267906,-1.10115,-0.00569691,0.0329027,0.00053224,23.7896,-0.0718072,-0.0325611,0.304335
6.22,0.99992,-0.0124244,0.000750087,-0.00205556,-0.0329316,-0.00226515,-0.000923453,0.0882216,0.268333,-1.10203,-0.00547678,0.0340067,0.00114173,24.4664,-0.0951012,0.0466633,0.156048
6.24,0.999913,-0.0129983,0.000729816,-0.00205716,-0.0365268,0.000397954,-0.000790281,0.0879517,0.270085,-1.10526,-0.00336913,0.0374815,0.00318649,25.4444,-0.0817559,0.0276979,0.293357
6.26,0.999905,-0.0136057,0.000763771,-0.00207751,-0.0312005,0.00319434,8.59748e-06,0.0877465,0.272222,-1.10903,-0.000446749,0.0326748,0.00616022,25.5402,-0.0121512,0.0735251,0.0654924
6.28,0.999902,-0.0138468,0.000788177,-0.00208857,-0.029201,0.00306126,-0.00145614,0.0876905,0.273036,-1.11092,0.000357723,0.0292392,0.00733997,23.0997,-0.103093,0.0145657,0.226987
6.3,0.9999,-0.0139475,0.000812618,-0.00209082,-0.0256057,0.00599076,-0.000524003,0.0876649,0.273458,-1.11213,0.000674356,0.0273573,0.00763652,26.5389,-0.0397346,-0.00770395,0.254273
6.32,0.999896,-0.0142573,0.000979265,-0.00207891,-0.00203448,0.00532505,0.00173974,0.0875612,0.275546,-1.11859,0.00147136,0.013574,0.00994531,25.4069,-0.0402583,-0.0188157,0.226899
6.34,0.999898,-0.0141134,0.00109696,-0.00210535,0.011814,0.00838767,-0.000124485,0.0874629,0.276592,-1.12335,0.000123068,-0.00131277,0.0124043,25.8776,-0.066776,0.0114772,-0.0146759
6.36,0.999898,-0.0140622,0.00112905,-0.00210667,0.0122152,0.00798841,-0.000257594,0.0874368,0.276747,-1.12445,-9.57191e-05,-0.00357956,0.0127111,23.7705,-0.0294302,0.0452366,0.311734
6.38,0.9999,-0.01391,0.00117494,-0.00211339,0.0211368,0.00386051,-0.000923447,0.0873814,0.276995,-1.12654,-0.000637137,-0.0075194,0.0136875,24.6416,0.000549787,0.0624302,0.0792074
6.4,0.999911,-0.0131542,0.00117513,-0.00211443,0.0360505,-0.00066681,-0.000390695,0.0871175,0.277285,-1.13199,-0.00501077,-0.0175611,0.0175788,24.9417,-0.0638166,0.00940142,0.164075
6.42,0.999917,-0.0126525,0.00117492,-0.0021024,0.027262,-0.00253107,-0.000523972,0.0868472,0.277215,-1.13497,-0.00673703,-0.0190314,0.020248,26.8724,-0.0320168,0.0169546,0.277249
6.44,0.999919,-0.0125237,0.0011609,-0.00210589,0.0317894,-0.00346324,-0.000923376,0.0867724,0.277189,-1.13563,-0.0071311,-0.018526,0.0209637,26.3323,-0.0496414,-0.0527581,0.239834
6.46,0.999925,-0.0120223,0.00102908,-0.00212797,0.0289931,-0.00878951,-0.00345353,0.0864382,0.277109,-1.138,-0.00936772,-0.0154289,0.0238026,24.0771,-0.0221962,0.0321996,0.375122
6.48,0.99993,-0.0116342,0.000848987,-0.00215887,0.012086,-0.0061258,-0.00278758,0.0858744,0.277507,-1.14206,-0.0114636,-0.00772621,0.0263129,25.1306,-0.0896061,0.0269671,0.0684887
6.5,0.99993,-0.0115756,0.000748291,-0.00218324,0.00103384,-0.00918846,-0.00132283,0.0854203,0.278017,-1.14475,-0.0106478,0.000941306,0.0270895,26.4597,0.0130453,0.0131715,0.0245387
6.52,0.99993,-0.0115783,0.000654954,-0.00218509,-0.00149614,-0.0110527,-0.0018555,0.0852046,0.278348,-1.14593,-0.0110408,0.00457563,0.0274586,21.6303,-0.0424888,-0.00663343,0.186574
6.54,0.999925,-0.012079,0.00041724,-0.00217965,-0.0278614,-0.00625894,0.00227239,0.0844212,0.279877,-1.14964,-0.0105065,0.0158121,0.0303783,26.7889,-0.0578448,0.0443907,0.347313
6.56,0.999922,-0.0122845,0.000389988,-0.00217037,-0.0247948,-0.00359576,0.000940892,0.0842267,0.280519,-1.15114,-0.00909198,0.0178647,0.0311581,23.9738,-0.0682319,0.011896,0.148203
6.58,0.999917,-0.0126731,0.000358429,-0.00218303,-0.0267922,-0.00279676,0.000141996,0.0838949,0.281775,-1.15378,-0.00736783,0.0172441,0.0321342,23.7817,-0.0537407,0.0132824,0.275171
6.6,0.999907,-0.0134564,0.00037028,-0.00219718,-0.0153386,0.00612483,-0.00252113,0.0833838,0.283953,-1.15848,-0.00437734,0.0112007,0.0357562,23.5164,-0.0757099,0.0400992,0.142748
6.62,0.999906,-0.0135092,0.000381155,-0.0022008,-0.0137408,0.00266272,-0.000923238,0.0833371,0.284201,-1.15923,-0.0036552,0.00971926,0.0361578,25.2298,-0.102087,0.00434853,0.22301
6.64,0.999906,-0.01356,0.000390236,-0.00221825,-0.0132081,0.00226321,-0.00438536,0.0832968,0.28443,-1.15994,-0.00297966,0.00771608,0.0364894,25.9942,-0.052817,0.018018,0.352288
6.66,0.999904,-0.0136545,0.000454847,-0.00224326,-0.0005563,0.00719017,-0.0022548,0.0831009,0.285425,-1.16431,-0.00189156,-0.00470367,0.0371898,26.1439,-0.0330477,-0.00397041,0.241876
6.68,0.999906,-0.0135097,0.000613887,-0.00224679,0.0150232,0.00452701,0.000142023,0.0830082,0.285862,-1.16825,0.000484911,-0.0124523,0.0382949,24.4606,-0.084414,0.0415126,0.281619
6.7,0.999907,-0.0134402,0.00063194,-0.00224841,0.0168874,0.00452701,-0.0003906,0.0830007,0.2859,-1.16894,0.000566196,-0.0140256,0.0384374,24.8083,0.0282192,0.0598646,0.219818
6.72,0.999909,-0.0132663,0.000673533,-0.0022331,0.0218143,0.00625809,0.0014736,0.0829812,0.285924,-1.17024,-9.96053e-05,-0.0176334,0.0391272,23.2469,-0.0692458,-0.000239506,0.283141
6.74,0.999916,-0.0127623,0.000825909,-0.00224014,0.0207517,0.00679087,0.00160677,0.0828779,0.28586,-1.17473,-0.00141306,-0.0223701,0.0408862,25.495,-0.084602,-0.00898741,0.15666
6.76,0.999921,-0.012376,0.000860512,-0.00225462,0.0254122,0.00199715,-0.000390522,0.0827797,0.285765,-1.17751,-0.00227624,-0.0216522,0.0428255,27.0264,-0.0365032,0.00754378,0.221236
6.78,0.999922,-0.0122751,0.000868378,-0.00225558,0.0247464,0.00199713,-0.000257408,0.082749,0.285736,-1.17813,-0.00280234,-0.0214344,0.0431624,24.5357,0.035508,-0.0161815,0.227561
6.8,0.999926,-0.0119358,0.000906764,-0.00227631,0.00836799,0.00119818,-0.000124209,0.0825449,0.285577,-1.18076,-0.00483047,-0.0183751,0.0447812,24.9438,-0.0440644,-0.017511,0.255669
6.82,0.999927,-0.0118093,0.000845787,-0.00230098,0.00238076,-0.00852288,-0.000656841,0.0822724,0.285751,-1.18345,-0.00772717,-0.0109204,0.04696,26.2661,-0.0851741,0.0241659,0.31515
6.84,0.999927,-0.0118049,0.000824845,-0.00231208,0.000516562,-0.00519394,-0.00292048,0.0822112,0.285864,-1.18412,-0.00821677,-0.0097337,0.0473303,25.239,-0.0613988,-0.00409889,0.19611
6.86,0.999927,-0.0118622,0.00074808,-0.0023166,-0.00867135,-0.004395,-0.00132265,0.0819319,0.286366,-1.18648,-0.00966398,-0.0046902,0.0488941,26.1036,-0.00683698,-0.0326842,0.0409587
6.88,0.999923,-0.0121491,0.000616795,-0.00232754,-0.0173266,-0.00972134,-0.000124072,0.0815895,0.287186,-1.1891,-0.00884034,0.00115148,0.0512524,24.9606,-0.0440298,0.0330879,0.174916
6.9,0.999921,-0.0123666,0.000504439,-0.00231547,-0.0183882,-0.00852355,0.000541641,0.0814192,0.28787,-1.19114,-0.00893418,0.00252282,0.0519825,23.0885,-0.0628137,0.0234681,0.31854
6.92,0.99992,-0.0124391,0.00049811,-0.00230687,-0.0187877,-0.00159932,0.00200638,0.0813631,0.288094,-1.19176,-0.008831,0.00260754,0.0524475,23.8042,-0.0592922,0.0128981,0.219772
6.94,0.999914,-0.012899,0.000429449,-0.00232477,-0.019054,-0.00199884,-0.00172198,0.0810964,0.289291,-1.19482,-0.00568965,-8.88272e-05,0.0537567,27.0751,0.014279,0.0381832,0.548603
6.96,0.99991,-0.0131951,0.000408315,-0.00231951,-0.011329,-0.000800537,-0.000390394,0.0809608,0.290065,-1.19732,-0.00450605,-0.00554677,0.0556145,24.6376,-0.0433787,0.0269841,0.0494192
6.98,0.999909,-0.013252,0.000448062,-0.00232921,-0.00520198,0.00479195,-0.00145561,0.080913,0.29047,-1.19971,-0.00360258,-0.0104569,0.0568835,23.0431,-0.0640658,-0.0209244,0.249593
7,0.999909,-0.0132599,0.000458468,-0.00232931,-0.00267198,0.00266142,-0.000124035,0.0809039,0.290579,-1.20053,-0.00312763,-0.0122438,0.0568921,26.092,-0.0422639,-0.0350793,0.389178
7.02,0.999911,-0.0131252,0.000511377,-0.0023397,0.0130407,0.0033272,-0.00065669,0.0808897,0.29084,-1.20474,-0.00190591,-0.0225399,0.0583044,24.8358,-0.0810818,0.0703765,0.377636
7.04,0.999915,-0.0128513,0.000588254,-0.00233153,0.0186333,0.00465881,-0.000656654,0.0808909,0.290665,-1.20688,-0.00148328,-0.028524,0.0598593,26.7046,-0.0146161,0.046679,0.172407
7.06,0.999916,-0.0127572,0.000613374,-0.00233307,0.0230275,0.00638981,-0.000390357,0.0808949,0.290582,-1.20733,-0.0013578,-0.0297057,0.0602861,25.7235,-0.0507964,0.00596538,0.344217
7.08,0.999919,-0.0124937,0.000660784,-0.00232141,0.0211633,0.00279459,0.00267226,0.0809089,0.290265,-1.20852,-0.00119649,-0.0321128,0.0619175,25.5587,0.0264904,-0.0174799,0.474131
7.1,0.999925,-0.0120313,0.00072373,-0.00231905,0.0210324,0.00372652,-0.000656623,0.0809233,0.289819,-1.21159,-0.00252902,-0.031525,0.0631982,25.079,-0.0531665,-0.00562953,0.401783
7.12,0.999929,-0.011699,0.000741637,-0.00233224,0.00918136,0.000131253,0.00174024,0.0808864,0.289363,-1.21386,-0.00339723,-0.0276353,0.0652622,26.7555,-0.0456031,0.0454728,0.231588
7.14,0.999929,-0.0116569,0.000748863,-0.00233035,0.0101135,0.00186229,0.000408649,0.080873,0.289282,-1.21422,-0.00372504,-0.0266658,0.0655552,25.1613,-0.0423282,-0.000548412,0.165126
7.16,0.99993,-0.0116149,0.000751265,-0.00233162,0.0101135,0.000663887,-0.000390312,0.0808571,0.289205,-1.21456,-0.00391406,-0.0255265,0.0658473,26.8973,0.0139852,0.0451947,0.360917
7.18,0.999931,-0.0114908,0.000714497,-0.00234979,0.000263187,-0.00293181,-0.000390227,0.0807724,0.289191,-1.21769,-0.00480535,-0.01805,0.0670685,24.1632,0.00627382,0.0226586,0.187821
7.2,0.99993,-0.0115665,0.000691433,-0.00232938,-0.0119874,-0.00173339,0.00187344,0.0807162,0.289284,-1.219,-0.00478745,-0.0144182,0.0681412,25.3768,-0.0681956,-0.00274345,0.248369
7.22,0.99993,-0.011619,0.000675477,-0.00232231,-0.0135852,-0.00399708,0.00160715,0.0806976,0.289327,-1.21938,-0.0046778,-0.0131185,0.0686308,26.2652,-0.0636817,-0.000491241,0.237298
7.24,0.999926,-0.0119336,0.000625894,-0.00231779,-0.01505,-0.00506231,-0.000257077,0.0806259,0.289646,-1.22081,-0.00340446,-0.00724779,0.0713229,23.0985,-0.0560975,0.0545391,0.10392
7.26,0.999921,-0.0123268,0.000628685,-0.00230957,-0.0218378,0.000795611,-0.00145542,0.0806777,0.290219,-1.22299,-0.00194909,-0.00721224,0.0728079,26.2798,-0.0312999,0.00202575,0.104053
7.28,0.99992,-0.0124248,0.000636618,-0.00230313,-0.0250336,0.00199406,0.00147402,0.0806973,0.290326,-1.2234,-0.00176572,-0.00781022,0.0731572,25.6961,-0.0323573,0.0389558,0.269753
7.3,0.999916,-0.0127054,0.000648834,-0.00231516,-0.0231694,0.00399136,-0.00225449,0.080766,0.290605,-1.22446,-0.000894085,-0.00906941,0.074065,24.8173,-0.0717629,0.00848769,0.211906
7.32,0.999913,-0.0129893,0.000713199,-0.00234345,-0.0105194,-0.000269678,0.00213985,0.0809537,0.290848,-1.2258,0.00106579,-0.0173077,0.0758089,28.6465,-0.00541905,-0.0531764,0.192267
7.34,0.999912,-0.0130651,0.000789334,-0.00234242,-0.00199502,0.00745224,0.00134094,0.0811784,0.290788,-1.22737,0.00159484,-0.0243986,0.07557,24.9891,-0.0657772,0.0912905,0.255638
7.36,0.999912,-0.0130546,0.000816398,-0.00234364,0.00213286,0.0069196,-0.000390103,0.0812428,0.290739,-1.22778,0.00204091,-0.0261127,0.0757216,25.2701,-0.0199722,-0.0137643,0.270878
7.38,0.999914,-0.0128905,0.000894636,-0.00234516,0.0138508,0.00572114,-0.00105585,0.081518,0.290363,-1.22915,0.0029091,-0.0333553,0.0767335,25.1342,-0.0137371,-0.0206725,0.1366
7.4,0.999918,-0.0125787,0.000977631,-0.0023357,0.0153178,0.00545428,-0.000922674,0.0819207,0.289743,-1.23224,0.00287559,-0.0403863,0.076818,25.0177,-0.0525321,-8.64112e-05,0.335357
7.42,0.99992,-0.0124012,0.00100923,-0.00233918,0.022377,0.00398902,0.00054211,0.0820865,0.289452,-1.2337,0.00285046,-0.0423216,0.0768008,26.5884,-0.0249377,0.0257895,0.0805012
7.44,0.999924,-0.0120693,0.0010676,-0.00233379,0.0287686,0.00598652,-0.000389965,0.0823252,0.288918,-1.23563,0.00275431,-0.0453037,0.0769858,25.9305,-0.00464018,0.0404832,0.153998
7.46,0.99993,-0.0115702,0.00114635,-0.0023539,0.0251733,0.00465488,-0.000922603,0.0827022,0.287847,-1.23817,0.00265676,-0.0463504,0.0778045,27.8905,0.00717562,-0.023294,0.284656
7.48,0.999934,-0.0111467,0.00119038,-0.00233066,0.0205156,0.000260304,0.000808555,0.0830328,0.286848,-1.24053,0.00126433,-0.0422488,0.0788499,26.0165,-0.0279143,0.00909218,0.252604
7.5,0.999935,-0.0110766,0.00120012,-0.00234009,0.0169203,0.00265722,-0.00252046,0.0830932,0.286689,-1.2411,0.000933658,-0.0412249,0.0790565,23.5089,-0.017084,0.00492385,0.306761
7.52,0.999937,-0.0109063,0.00120665,-0.00236555,0.0113276,0.000260277,-0.000789416,0.0832562,0.286241,-1.2426,0.000412786,-0.0378205,0.0792842,25.3221,-0.0352286,-0.0216828,0.3137
7.54,0.999938,-0.0108495,0.0011734,-0.00237465,-0.0059829,-0.00346812,-0.000389948,0.0835183,0.285518,-1.24471,-0.000669251,-0.0285703,0.081721,27.4907,-0.0654255,0.0517216,0.256096
7.56,0.999937,-0.0109295,0.00116149,-0.00237418,-0.0103771,-0.00213653,0.000142735,0.083593,0.28535,-1.24517,-0.000437989,-0.0255044,0.0827878,25.5811,-0.0654524,0.00866693,0.276133
7.58,0.999936,-0.0110221,0.00114144,-0.0023966,-0.0106434,-0.0016039,-0.00385202,0.0836659,0.285211,-1.24551,-0.00076082,-0.022964,0.0840119,24.4733,0.00565151,-0.0232852,0.384376
7.6,0.999933,-0.0113113,0.0011184,-0.00240291,-0.0181003,0.00105924,-0.000389894,0.083829,0.284999,-1.24626,-0.00073775,-0.0202366,0.0857495,27.0742,-0.0680105,0.0657023,0.369425
7.62,0.999926,-0.0118581,0.00104575,-0.00241053,-0.0195609,-0.00213721,0.00280595,0.0840723,0.285082,-1.24807,-0.000564364,-0.018632,0.0869383,24.724,-0.00922195,-0.00418133,0.0534131
7.64,0.999926,-0.0119158,0.00104714,-0.00240888,-0.0149003,0.00039278,0.000275906,0.0841111,0.285083,-1.24827,-0.000350501,-0.0190933,0.0871476,27.0036,-0.0714745,0.013143,0.204108
7.66,0.999924,-0.0120328,0.00107396,-0.0024043,-0.0142346,0.0035886,0.000941742,0.0841909,0.28505,-1.24858,0.000137758,-0.0217503,0.087647,24.5682,-0.0375189,-0.000673642,0.315361
7.68,0.99992,-0.0123633,0.00108397,-0.00239722,-0.00824244,0.00185751,-0.00132199,0.0845344,0.284529,-1.24926,0.00149908,-0.0306978,0.0890808,25.9419,-0.00437813,0.0079786,0.310219
7.7,0.99992,-0.0123715,0.00109306,-0.00240415,-0.0026459,0.00238933,-0.00185451,0.084597,0.284465,-1.24962,0.00150753,-0.0320902,0.0890766,23.3694,-0.00309649,0.00516856,0.218482
7.72,0.999921,-0.0122715,0.00113968,-0.00239075,0.0120015,0.0057183,0.00120809,0.0847767,0.284168,-1.25049,0.00184571,-0.0371964,0.0889374,27.9978,-0.018986,0.0202412,0.297583
7.74,0.999923,-0.0120962,0.00121289,-0.00240855,0.00481441,0.000524584,-0.00158813,0.0851553,0.283615,-1.25301,0.00280621,-0.0447342,0.0883494,23.3134,0.0452431,-0.0492154,0.401475
7.76,0.999929,-0.0116397,0.0012281,-0.00238447,0.0254539,0.00278838,0.000675612,0.08555,0.282565,-1.25498,0.00192872,-0.0482212,0.088956,29.6506,-0.0383588,0.0447717,0.341215
7.78,0.99993,-0.0115375,0.0012465,-0.0023943,0.0249213,0.00478564,-0.00252019,0.0856111,0.282352,-1.25521,0.00214068,-0.0491881,0.0892976,22.2289,-0.0597077,0.0219665,0.0171234
7.8,0.999932,-0.011335,0.00127992,-0.00239897,0.0124044,0.0034541,0.000808729,0.0858025,0.281661,-1.2557,0.00313043,-0.049717,0.0901745,27.201,-0.0259309,0.0592505,0.189748
7.82,0.999936,-0.0110204,0.00130609,-0.00239407,0.0153384,0.00172284,-0.000522733,0.0861247,0.280928,-1.25776,0.00205563,-0.0450545,0.0907836,23.4597,-0.0113042,-0.0460374,0.333424
7.84,0.999938,-0.0108182,0.00133286,-0.00238998,0.01667,0.00092395,-0.000789104,0.0862762,0.280507,-1.25862,0.000858134,-0.0429664,0.0906719,25.4173,0.00661359,-0.00256617,0.229958
7.86,0.999939,-0.0107372,0.00134371,-0.00239429,0.00601733,0.000258121,-0.000389637,0.0863615,0.280227,-1.25905,0.000596768,-0.0413839,0.0910105,26.4908,-0.0137637,0.0452901,0.296549
7.88,0.999939,-0.010746,0.00132462,-0.00240493,-0.0054294,-0.00200582,-0.00118849,0.0864864,0.280034,-1.26025,0.000199556,-0.036278,0.0914962,26.3902,0.055845,-0.0146714,0.274971
7.9,0.999937,-0.0108472,0.00128172,-0.00242207,-0.00556256,-0.000807407,-0.00145482,0.0866565,0.280025,-1.26224,-0.00056492,-0.0281009,0.0922219,25.5614,-0.0487455,0.031736,0.225571
7.92,0.999936,-0.0109782,0.00125572,-0.00242339,-0.0158157,-0.00333739,-0.000522721,0.0867504,0.280072,-1.26305,0.000248081,-0.0254431,0.093228,25.7602,-0.00748829,-0.00216567,0.298137
7.94,0.999935,-0.0110522,0.00125518,-0.00242001,-0.0192778,-0.000141603,0.000675682,0.0867851,0.280089,-1.26325,0.000445518,-0.0247589,0.0933876,23.5019,-0.0734504,0.0186536,0.194904
7.96,0.99993,-0.0115313,0.0012519,-0.00238741,-0.0236673,0.000257654,0.00307272,0.0869842,0.280472,-1.26498,0.0013016,-0.0201952,0.0946125,27.1003,-0.0316438,-0.0121925,0.221456
7.98,0.999926,-0.011855,0.00126097,-0.00236728,-0.0166099,0.00212183,-0.000256277,0.0872054,0.280952,-1.26664,0.00207877,-0.0219814,0.0953834,25.8672,-0.0409589,0.0325038,-0.0606914
8,0.999925,-0.0119313,0.00126835,-0.00237358,-0.0199389,0.00185548,-0.00172107,0.087252,0.281013,-1.26687,0.00230286,-0.0230512,0.0955955,24.7345,-0.0459084,-0.0103483,0.236434
8.02,0.999921,-0.0122457,0.00129633,-0.00240372,-0.0156778,-0.000541301,-0.0014547,0.0874456,0.281135,-1.26752,0.00275946,-0.0258965,0.0967881,25.6538,-0.0457818,0.00921219,0.269275
8.04,0.999919,-0.0123947,0.00132893,-0.00241318,-0.0064899,0.000790238,-0.00185417,0.0876816,0.281002,-1.26769,0.00269562,-0.0323624,0.0986235,24.893,-0.0131794,-0.000507061,0.248612
8.06,0.999919,-0.0123897,0.00137786,-0.00241494,3.96011e-05,0.00345306,-0.000655699,0.0878788,0.28085,-1.26862,0.00266987,-0.0383618,0.0994657,25.5123,-0.0269502,0.0366448,0.0374735
8.08,0.99992,-0.0123724,0.00139208,-0.00241245,0.0035017,0.00358622,0.000542726,0.0879272,0.280793,-1.26887,0.00259171,-0.0395309,0.0997615,25.5317,-0.0254277,0.00802358,0.283642
8.1,0.999921,-0.0122461,0.00144931,-0.00240649,0.0105591,0.00158881,0.000542697,0.0881058,0.28049,-1.26996,0.00208744,-0.0442508,0.0999128,27.3134,-0.0371054,0.036589,0.167158
8.12,0.999926,-0.0118222,0.00146159,-0.00238831,0.0169551,0.00292036,-0.00185402,0.0882976,0.279961,-1.27226,-0.000105679,-0.0492141,0.0999936,25.5275,0.0356628,-0.00961503,0.201683
8.14,0.999928,-0.0116329,0.00145228,-0.00238691,0.0137593,-0.00200649,0.00120857,0.0883582,0.279543,-1.27298,-0.000346518,-0.0501511,0.100212,26.2243,-0.0376001,0.0665615,0.351296
8.16,0.999929,-0.0115625,0.00144291,-0.0023896,0.0168219,-0.00227283,-0.000788769,0.0883752,0.279389,-1.27316,-0.000494475,-0.0499304,0.100441,24.7982,-0.0376499,0.0372937,0.30281
8.18,0.999931,-0.0114192,0.0014365,-0.00238877,0.0168219,-9.1183e-06,0.000143295,0.0884007,0.279172,-1.27379,-0.00109668,-0.0491274,0.100421,25.7013,0.0313397,-0.0458625,0.242855
8.2,0.999935,-0.011036,0.00139347,-0.00240769,0.00564175,-0.00240587,-0.00225345,0.0883976,0.27875,-1.27656,-0.00308815,-0.0438023,0.100694,25.9152,0.00868783,0.00290481,0.386384
8.22,0.999936,-0.0110195,0.00138269,-0.00241598,0.00298308,-0.00267212,-0.00225337,0.0883847,0.278765,-1.2771,-0.0033711,-0.0423654,0.100607,25.0235,-0.0496948,0.00877034,0.215366
8.24,0.999936,-0.0110126,0.00136719,-0.00241941,0.000586224,-0.00387055,-0.00105495,0.0883693,0.278784,-1.2776,-0.00357416,-0.0407239,0.100609,28.0189,0.0385418,0.0321477,0.242351
8.26,0.999936,-0.010981,0.00126072,-0.00241092,-0.00207694,-0.00746581,0.00134189,0.0882601,0.278942,-1.27959,-0.00460586,-0.0335503,0.101092,24.9717,-0.0330087,0.012029,-0.0540579
8.28,0.999934,-0.0111726,0.00115004,-0.00240349,-0.0159254,-0.00307157,-0.00238656,0.0881057,0.279179,-1.28075,-0.004734,-0.0272507,0.101904,25.175,-0.0554324,0.0104537,0.152685
8.3,0.999933,-0.0112391,0.00115029,-0.0023981,-0.0175233,-8.92974e-06,0.00120876,0.0880783,0.279236,-1.28089,-0.00435031,-0.0258874,0.102333,25.5796,-0.0171956,-0.039827,0.177868
8.32,0.999931,-0.0114746,0.00109236,-0.00239624,-0.0212517,-0.00307159,0.000143442,0.0880121,0.279425,-1.28113,-0.0032129,-0.0227394,0.103226,29.1015,-0.026796,0.0373616,0.233227
8.34,0.999927,-0.0118461,0.00101243,-0.00239701,-0.0193875,-0.00267211,-0.000522344,0.0879397,0.279715,-1.28098,-0.00235339,-0.021697,0.105127,25.3712,-0.000661372,0.02966,0.167125
8.36,0.999921,-0.0122656,0.00104862,-0.00240824,-0.0263065,0.00345309,0.000143548,0.0879219,0.280116,-1.2814,4.99141e-05,-0.0238116,0.106296,24.0067,0.00284368,0.00790818,0.1367
8.38,0.99992,-0.0123516,0.0010621,-0.00241531,-0.0223117,0.00331999,-0.00185379,0.0879299,0.280207,-1.28156,0.000389511,-0.0241894,0.106366,24.4335,-0.0616307,-0.00392158,0.102521
8.4,0.999918,-0.012545,0.00106904,-0.00241708,-0.0116591,0.00225467,-0.00251961,0.0879662,0.280414,-1.28187,0.0011432,-0.0261838,0.106726,25.2311,-0.0376709,0.0180192,0.193763
8.42,0.999917,-0.0126344,0.00117816,-0.00241459,-0.00473022,0.00438514,0.000942579,0.0880874,0.280472,-1.2824,0.00247411,-0.0371608,0.107648,26.8832,-0.0222233,0.00545214,0.299703
8.44,0.999916,-0.0126456,0.00118673,-0.0024153,-0.00366496,0.00212146,-0.000255852,0.0881128,0.28047,-1.28264,0.00250969,-0.0379991,0.107705,24.6489,-0.0358554,0.0672114,0.248889
8.46,0.999916,-0.0126575,0.00120637,-0.00242415,-0.00379811,0.00491778,-0.00225324,0.0881391,0.28053,-1.28318,0.00259191,-0.0386939,0.10765,27.7138,-0.0236923,-0.0301974,0.252748
8.48,0.999919,-0.0124345,0.00131541,-0.00240444,0.0160463,0.00718143,0.000942645,0.0882582,0.280605,-1.28536,0.00191779,-0.0430857,0.106509,25.7835,-0.0243245,-0.0105109,0.106352
8.5,0.999923,-0.0121236,0.00139924,-0.00242108,0.00965468,0.00078985,-0.000655257,0.0883695,0.280182,-1.28691,0.00128324,-0.0472416,0.105843,23.384,-0.0116948,0.064231,0.0801606
8.52,0.999923,-0.0120732,0.00140238,-0.00241647,0.0117852,0.000789812,0.00107579,0.0883813,0.280078,-1.28706,0.000758676,-0.0468503,0.105913,27.9931,-0.0341901,-0.0742075,0.298392
8.54,0.999924,-0.0120111,0.00140969,-0.00241674,0.0147147,0.00185514,-0.000122618,0.0883885,0.279971,-1.28719,0.000225152,-0.046204,0.106126,25.9188,0.0191294,0.0263247,0.0190116
8.56,0.999928,-0.0116879,0.00140906,-0.00244973,0.0144484,0.000257194,-0.00118789,0.0883769,0.27937,-1.28737,-0.00122578,-0.0456929,0.106995,26.3181,-0.0200144,0.0102671,0.160236
8.58,0.99993,-0.0115328,0.00140418,-0.00247766,0.0044677,-0.00360421,-0.000921526,0.0883066,0.279051,-1.28809,-0.00224367,-0.0409424,0.107685,24.8704,0.00173435,0.0360301,0.183783
8.6,0.99993,-0.0115305,0.00138174,-0.00248761,-0.000325987,-0.00560159,-0.00265257,0.0882873,0.279041,-1.2883,-0.00233793,-0.0396063,0.107869,25.1981,-0.00966047,-0.00975148,0.209385
8.62,0.99993,-0.0115287,0.00135779,-0.00248956,-0.000459165,-0.00600106,-0.0006552,0.0882663,0.279034,-1.28848,-0.00267339,-0.0383927,0.108002,25.5278,-0.0475609,0.0446967,-0.0168899
8.64,0.999929,-0.0115575,0.00130941,-0.00246193,-0.00365494,-0.00174001,0.000543239,0.0881132,0.279116,-1.2893,-0.00396337,-0.0340826,0.107899,27.9057,-0.028935,0.0104337,0.103956
8.66,0.999926,-0.0118454,0.00118159,-0.00245461,-0.0141691,-0.00613397,0.000410165,0.0878496,0.279709,-1.29121,-0.00436097,-0.0288479,0.107297,24.1022,-0.0185662,0.00261006,0.0657922
8.68,0.999926,-0.0118941,0.0011552,-0.00245434,-0.0131038,-0.00666664,-0.000122483,0.0878076,0.279787,-1.29136,-0.0046755,-0.0281865,0.107549,27.2977,-0.0204627,0.0348554,0.233816
8.7,0.999924,-0.0120077,0.00109163,-0.00246699,-0.016699,-0.00839769,-0.00198674,0.0877202,0.279932,-1.29157,-0.00464368,-0.0277405,0.107924,23.7807,-0.0258546,0.0445162,0.187052
8.72,0.999921,-0.0122518,0.00108575,-0.00247537,-0.012438,0.00105655,-0.00172036,0.0875411,0.280158,-1.29157,-0.00264207,-0.0290583,0.109445,27.6083,-0.0138476,-0.0289933,0.043758
8.74,0.999919,-0.0124692,0.00104374,-0.00247337,-0.0150963,-0.00373701,-0.00118771,0.0874448,0.280533,-1.29266,-0.00165935,-0.0305858,0.109596,22.5709,-0.045915,-0.0186304,0.296546
8.76,0.999918,-0.0125177,0.00103392,-0.00247061,-0.013099,-0.00253858,0.000543417,0.0874236,0.280597,-1.29285,-0.00165644,-0.0313058,0.109824,28.0707,0.0205102,0.00468659,0.00897386
8.78,0.999916,-0.0126484,0.00103636,-0.00247467,-0.00817212,0.00292091,-0.00172032,0.0873393,0.280714,-1.29329,-0.00129166,-0.0350274,0.110439,26.5306,-0.0502228,0.0341989,0.283955
8.8,0.999916,-0.0126569,0.00110974,-0.00249289,0.00248052,0.00318721,-0.000388715,0.0872951,0.280479,-1.29319,0.000706126,-0.0422258,0.112121,24.202,0.0291905,0.004722,0.186866
8.82,0.999917,-0.0125799,0.00112908,-0.00249901,0.00581402,0.00238861,-0.00105442,0.0872845,0.280303,-1.29362,0.000918805,-0.0455523,0.112398,29.1936,-0.0669402,0.00974281,0.0588108
8.84,0.999918,-0.0125021,0.0011556,-0.00248309,0.00847718,0.00332074,0.00107611,0.0872677,0.280166,-1.29402,0.000576456,-0.047657,0.112723,25.7131,-0.0122717,0.029212,0.0120181
8.86,0.999922,-0.0121677,0.00127697,-0.00245286,0.0168704,0.00625058,0.00240777,0.0872026,0.279737,-1.29588,0.000836627,-0.0517931,0.111803,22.0883,0.0469878,-0.0495133,0.062609
8.88,0.999925,-0.0119574,0.00132584,-0.00244533,0.0163378,0.00305477,0.00174197,0.0871618,0.279438,-1.29672,0.000105159,-0.0527691,0.111999,27.7695,-0.0436012,-0.0214204,0.0365883
8.9,0.999926,-0.0118826,0.001335,-0.00244294,0.0178025,0.00225585,0.000543514,0.0871428,0.279318,-1.29693,-0.000340614,-0.0529496,0.1122,27.8242,-0.0194252,-0.00529101,0.0931345
8.92,0.999929,-0.0115975,0.00133178,-0.00245585,0.0138125,0.00265561,-0.00198632,0.0869879,0.278824,-1.29819,-0.00251525,-0.0505659,0.112889,25.5353,-0.0256849,0.0112466,0.363769
8.94,0.999931,-0.0113988,0.00131638,-0.00246019,0.00475778,-0.00240436,-0.00278532,0.0867587,0.278538,-1.29963,-0.00314723,-0.0464651,0.112911,25.0054,0.0112542,0.0476771,0.152664
8.96,0.999931,-0.0113818,0.00130436,-0.0024633,0.00329301,-0.00307018,-0.000921106,0.0867113,0.278478,-1.29981,-0.00349404,-0.0454778,0.113039,25.7804,-0.0129351,-0.0360403,-0.00155816
8.98,0.999932,-0.0113508,0.00126641,-0.00246917,-0.00056434,-0.00413514,-0.000787874,0.086534,0.278553,-1.30114,-0.0044511,-0.0415559,0.112933,24.0193,-0.0520246,0.0412127,0.217163
9,0.999931,-0.011471,0.00116654,-0.00246821,-0.0105512,-0.0042683,-0.00038834,0.0861508,0.278706,-1.30284,-0.00529972,-0.0360966,0.113377,27.1353,-0.013691,0.00286035,0.0794587
9.02,0.999928,-0.0117023,0.00110454,-0.00245985,-0.0157443,-0.004002,-0.00078788,0.0859045,0.27878,-1.3033,-0.00448864,-0.0331413,0.114562,26.9646,-0.00925227,-0.0306316,0.200683
9.04,0.999927,-0.0117634,0.00109058,-0.00246126,-0.0161438,-0.00360249,-0.000521529,0.0858488,0.278793,-1.30334,-0.00418599,-0.0327302,0.114906,25.2489,-0.0285159,-0.00457958,0.272232
9.06,0.999924,-0.0120091,0.00101577,-0.00244286,-0.0160107,-0.00533358,-0.00185316,0.085649,0.278792,-1.30318,-0.00312257,-0.0327873,0.116763,25.6245,-0.00548335,0.0377461,0.16468
9.08,0.999921,-0.01229,0.00103056,-0.0024332,-0.0148077,0.00092509,0.00254116,0.0854743,0.27875,-1.30312,-0.000539075,-0.0359594,0.11846,26.7015,-0.022483,-0.0116901,0.00410905
9.1,0.99992,-0.012407,0.00101765,-0.00242291,-0.014275,-0.00333598,0.000543811,0.0854307,0.27875,-1.30336,0.00046383,-0.0371646,0.118662,25.0941,-0.00268038,-0.00358608,0.229216
9.12,0.999919,-0.0124727,0.00101558,-0.00242779,-0.00775028,-7.00349e-06,-0.000255156,0.0854013,0.278692,-1.30347,0.000911147,-0.039423,0.118894,24.7062,0.00243608,0.00759788,0.117162
9.14,0.999918,-0.0124888,0.0010886,-0.00242669,0.00117132,0.00585194,-0.00132042,0.0853707,0.278227,-1.30321,0.00289265,-0.0474713,0.11985,26.4622,-0.0187611,-0.000710388,0.121636
9.16,0.99992,-0.0123748,0.00124257,-0.00242705,0.00729658,0.00678406,-0.00105412,0.085441,0.277372,-1.30271,0.00517424,-0.054248,0.120163,24.8871,-0.0806201,0.0314501,0.221354
9.18,0.999921,-0.0122673,0.00129561,-0.00243124,0.0142255,0.00571938,1.12342e-05,0.0854669,0.277061,-1.30299,0.00504288,-0.056309,0.119835,27.9861,-0.0332856,-0.0320966,0.0944003
9.2,0.999922,-0.0121972,0.00132025,-0.00243069,0.0167555,0.00611887,0.000144394,0.0854735,0.276953,-1.30343,0.00508992,-0.0574568,0.119624,25.4243,-0.00277608,0.0194115,0.164564
9.22,0.999926,-0.0117914,0.0014817,-0.00245565,0.0202212,0.00785025,-0.00132021,0.0854974,0.276177,-1.30511,0.00444492,-0.0615085,0.118878,26.5898,0.0745345,-9.36762e-05,0.252329
9.24,0.99993,-0.0114363,0.00158162,-0.00245398,0.0172918,0.0051871,0.000943394,0.085499,0.275125,-1.30596,0.0027409,-0.060798,0.11825,26.4336,-0.107959,0.0483891,0.259821
9.26,0.999932,-0.0112833,0.00160265,-0.00245414,0.0178244,0.0015918,0.000277631,0.0854822,0.274674,-1.30608,0.00193966,-0.0599392,0.118524,24.9404,0.0212496,-0.0562238,0.11617
9.28,0.999934,-0.0111387,0.00161178,-0.00247016,0.0162265,0.000526573,-0.00478236,0.0854537,0.274208,-1.30609,0.000977187,-0.059188,0.118609,27.3791,0.00735689,0.00153207,0.125425
9.3,0.999936,-0.0109112,0.00160744,-0.0024912,0.00917424,-0.00613071,-0.000254884,0.085293,0.273328,-1.30677,-0.000626601,-0.0540589,0.118901,26.7147,-0.0180159,0.00285124,0.198931
9.32,0.999937,-0.0108637,0.00153734,-0.00252836,-0.00667157,-0.0020028,-0.000121721,0.0849479,0.272488,-1.30748,-0.00311784,-0.04468,0.119334,25.9905,0.0106209,-0.000155519,0.0448466
9.34,0.999936,-0.0108971,0.00151911,-0.00253143,-0.00906841,-0.00466597,-0.000920704,0.084892,0.272382,-1.30746,-0.00318135,-0.0434128,0.119512,25.8702,-0.0105275,-0.0409127,-0.0534758
9.36,0.999936,-0.0109501,0.00150418,-0.00252919,-0.0139953,-0.00386698,0.000410867,0.0848238,0.272377,-1.30779,-0.00341389,-0.0417996,0.119481,25.6892,-0.0302924,0.0529923,0.141553
9.38,0.999932,-0.0112947,0.00138804,-0.00254031,-0.0174524,-0.00559748,-0.00052111,0.084384,0.272399,-1.30904,-0.0054152,-0.0352785,0.119636,27.4126,-0.00841888,0.0218176,0.054262
9.4,0.999929,-0.0115631,0.0012975,-0.00253218,-0.0229119,-0.00759488,-0.00012164,0.0841446,0.272378,-1.30924,-0.00558579,-0.0348946,0.119797,25.8933,-0.0149395,-0.014934,0.00239832
9.42,0.999928,-0.0116478,0.00126452,-0.00253817,-0.0219798,-0.00839377,-0.0017195,0.0840646,0.272359,-1.30925,-0.00580947,-0.0346252,0.11998,25.4173,-0.0221391,-0.0126767,0.0510284
9.44,0.999926,-0.0118281,0.00121319,-0.00252849,-0.0237108,-0.00692905,0.00214211,0.0839017,0.272302,-1.30917,-0.00604028,-0.0348376,0.12038,26.8315,0.00937866,0.00755882,0.239674
9.46,0.999923,-0.0121508,0.00112611,-0.00250754,-0.0145229,-0.00639646,0.00187574,0.0835239,0.27207,-1.30891,-0.00423254,-0.0384212,0.12152,25.5155,0.0152684,-0.0226842,0.206847
9.48,0.99992,-0.0123447,0.00102524,-0.00251211,-0.00639545,-0.00106938,-0.00198575,0.0831694,0.271835,-1.30958,-0.00355614,-0.0444097,0.121786,23.7767,-0.0263734,-0.000221093,0.0264221
9.5,0.99992,-0.0123941,0.00103487,-0.00250753,-0.00519703,0.00239272,0.00134319,0.0830407,0.271623,-1.30963,-0.00292904,-0.0468521,0.121991,27.5663,-0.023199,-0.0571542,-0.034886
9.52,0.99992,-0.012311,0.0010314,-0.00252292,0.00798562,-0.000137308,1.16228e-05,0.0828149,0.271083,-1.30978,-0.00107006,-0.0522882,0.121545,24.0394,-0.0157428,0.0187397,0.0120081
9.54,0.999923,-0.0121243,0.00104515,-0.00254523,0.0118518,0.00212765,-0.00105352,0.0825582,0.270509,-1.31062,-0.00091999,-0.0573457,0.12106,26.2402,0.0348109,0.0260856,0.188661
9.56,0.999924,-0.0120183,0.00106425,-0.00254995,0.012917,0.0021276,0.000411201,0.0824426,0.270127,-1.31085,-0.000487198,-0.0590823,0.121061,28.1116,-0.0300204,0.0167125,0.103467
9.58,0.999926,-0.0118859,0.00108547,-0.00254677,0.0169118,0.00252707,0.000544344,0.0823371,0.269693,-1.31096,-0.000101631,-0.0602984,0.121189,24.1155,0.0399403,0.0258701,0.0789348
9.6,0.999931,-0.0114487,0.00113563,-0.00254866,0.017316,0.00439242,0.000144938,0.0819681,0.268542,-1.31202,-0.000194892,-0.0607552,0.121249,26.0383,-0.0094178,-0.0368448,-0.0288776
9.62,0.999933,-0.0112062,0.00117822,-0.00254283,0.0117272,0.00173014,0.000544578,0.0816626,0.26797,-1.31351,4.65201e-05,-0.0595115,0.120477,26.711,0.0364615,-0.00444581,-0.0866181
9.64,0.999934,-0.0111144,0.00117429,-0.00253044,0.00946348,-0.0010662,0.00107721,0.0815161,0.267699,-1.3142,5.98711e-05,-0.0574831,0.120087,25.7996,-0.0475018,-0.00985156,0.178842
9.66,0.999936,-0.0109844,0.00116567,-0.00253189,0.00879769,-0.00106621,-0.00158595,0.0813029,0.267287,-1.31498,-0.000244272,-0.054858,0.119745,29.2317,-0.0228686,0.00785928,-0.0809722
9.68,0.999937,-0.010918,0.00120974,-0.00250197,-0.001056,0.00346119,0.000145108,0.0809425,0.266609,-1.31561,-0.000931492,-0.0491494,0.120589,25.5725,0.02123,0.00616185,0.0676189
9.7,0.999936,-0.0109859,0.00122041,-0.00251883,-0.00850821,-0.00119845,0.000278362,0.0806321,0.266374,-1.31656,-0.000559803,-0.0440651,0.120312,23.8454,0.00495013,-0.0279911,0.0544375
9.72,0.999935,-0.0110264,0.00121937,-0.0025208,-0.0111714,-0.000532661,-0.000653731,0.0805531,0.266343,-1.3168,-0.000988496,-0.0428924,0.120568,25.6405,0.00632887,0.00178721,-0.241788
9.74,0.999933,-0.011225,0.001196,-0.00251789,-0.0123698,0.000798938,-0.00131951,0.0802234,0.266218,-1.3174,-0.00229085,-0.0395857,0.121751,24.322,-0.0292886,-0.00448239,-0.142636
9.76,0.99993,-0.0115116,0.00119104,-0.00254091,-0.0211582,-0.000399471,-0.00384959,0.0798263,0.266001,-1.31741,-0.00153374,-0.0376112,0.123082,28.4924,-0.0410875,-0.0166219,0.0848025
9.78,0.999928,-0.0116497,0.00119606,-0.0025425,-0.0174298,-0.00119844,0.00107732,0.0796861,0.265878,-1.3172,-0.00143999,-0.0376963,0.12362,26.3978,-0.0216669,-0.0357315,-0.0415492
9.8,0.999925,-0.011885,0.00116572,-0.00253891,-0.0179624,-0.00386159,-0.000387376,0.0794832,0.265648,-1.31667,-0.00164141,-0.0378382,0.124931,25.9014,0.00228588,0.0206304,0.0115849
9.82,0.999923,-0.0121046,0.00114412,-0.00251974,-0.0110333,-0.000398657,0.000944299,0.0791337,0.265251,-1.31606,-0.00140533,-0.0419639,0.126462,26.4806,-0.0424588,-0.0297409,0.137624
9.84,0.999922,-0.0121898,0.00114516,-0.00250384,-0.00623963,-0.0013308,0.00161008,0.078858,0.264882,-1.31601,-0.000774163,-0.0465047,0.12674,24.6925,-0.0248982,0.0414164,0.049399
9.86,0.999922,-0.0122007,0.00114159,-0.0025012,-0.00344332,-0.00106448,0.0005448,0.0787948,0.264752,-1.31592,-0.000592117,-0.0472314,0.126847,25.9071,0.0422317,-0.0108086,0.0459226
9.88,0.999922,-0.0122001,0.00114078,-0.00249273,0.00561143,0.00173183,0.000677977,0.0785001,0.263896,-1.31507,-0.00083828,-0.0520261,0.126961,24.2775,0.0634173,0.0601623,-0.0407365
9.9,0.999924,-0.0120057,0.00120542,-0.00248114,0.00827977,0.00120047,0.00200965,0.0781709,0.262853,-1.3144,-0.000859748,-0.0585883,0.127311,29.0723,0.0195736,-0.0111812,0.201073
9.92,0.999925,-0.011972,0.00120825,-0.00247805,0.00761398,0.0005347,0.000678097,0.0780939,0.262655,-1.31443,-0.00100224,-0.059572,0.127221,28.2357,-0.0597168,-0.0162824,0.122531
9.94,0.999925,-0.0119267,0.00120939,-0.0024787,0.0105435,0.000135217,-0.000254023,0.0780166,0.262444,-1.31442,-0.00131345,-0.0600104,0.127088,26.7442,0.0400946,0.0384252,0.234156
9.96,0.99993,-0.0115483,0.00115737,-0.00248082,0.0176049,-0.00172789,0.000145679,0.0773982,0.261419,-1.31581,-0.00349,-0.0623757,0.124685,23.9368,0.00868817,0.00343991,0.121041
9.98,0.999933,-0.0112528,0.00116749,-0.00248434,0.0150749,-0.00106212,-0.00025391,0.0769794,0.260527,-1.31611,-0.00375697,-0.0621474,0.124557,24.1734,-0.0574798,0.0239734,0.0864691
10,0.999935,-0.011105,0.00110035,-0.00248056,0.0112133,-0.00798635,-0.000387095,0.076678,0.259813,-1.31602,-0.00414181,-0.06026,0.124547,26.6279,0.050948,-0.00672499,-0.0733398
10.02,0.999935,-0.0110646,0.001068,-0.00248132,0.00934907,-0.00825266,-0.00038705,0.0765769,0.259575,-1.31593,-0.00451269,-0.0591916,0.124748,25.3992,-0.0301466,-0.0352433,0.0705554
10.04,0.999937,-0.0108826,0.000979131,-0.00249809,0.0102862,-0.00359064,-0.00145221,0.0760963,0.258835,-1.31604,-0.00588277,-0.0553291,0.125026,25.9592,-0.010872,0.00945549,0.0338482
10.06,0.999938,-0.0108221,0.00094756,-0.00249103,-0.00316277,-0.00465589,-0.000386933,0.075464,0.258142,-1.31642,-0.00458168,-0.0506828,0.124439,25.4646,-0.00522545,0.0391525,0.0364649
10.08,0.999937,-0.0109071,0.000864531,-0.00247455,-0.00808961,-0.00585432,0.000944629,0.0751161,0.257745,-1.3163,-0.00529779,-0.0468876,0.124209,27.0775,-0.0253085,0.00818554,-0.00864416
10.1,0.999937,-0.0109517,0.00084004,-0.00246946,-0.0119512,-0.00638694,0.00107782,0.0749981,0.257619,-1.3162,-0.00571938,-0.0455982,0.124434,26.1122,0.011562,0.0108063,0.0928065
10.12,0.999935,-0.0110924,0.000784238,-0.00245322,-0.00941633,-0.00239087,0.000678454,0.0743363,0.257278,-1.31642,-0.00525501,-0.0423485,0.124534,24.8554,0.00208452,-0.0349744,0.0970106
10.14,0.999933,-0.0113075,0.000766384,-0.00244306,-0.0184711,-0.000393542,0.000279021,0.0738492,0.257077,-1.31664,-0.00319412,-0.0408754,0.124378,27.0878,0.033097,0.00365093,0.213561
10.16,0.999932,-0.0113848,0.000751183,-0.00243695,-0.0202022,-0.00412183,0.00134428,0.0737433,0.257018,-1.31662,-0.00267918,-0.0403422,0.124317,24.3033,-0.0320648,-0.00905815,0.194782
10.18,0.999931,-0.0114516,0.00074497,-0.00243203,-0.017539,-0.00185829,0.0010779,0.0736425,0.256953,-1.31657,-0.00239298,-0.040272,0.124411,26.1578,-0.01983,0.0143968,-0.0330077
10.2,0.999928,-0.0117393,0.00074038,-0.00242185,-0.0114137,0.00280231,-0.00118578,0.0731592,0.256597,-1.31629,-0.00148845,-0.0420891,0.125168,27.1356,-0.00259961,0.0161701,0.213634
10.22,0.999926,-0.0119163,0.000831126,-0.00241564,-0.0099446,0.0048008,0.000412275,0.0726911,0.256242,-1.3168,-0.00027204,-0.0475474,0.125027,24.8376,0.0106905,0.00375054,0.0349039
10.24,0.999925,-0.0119554,0.000833769,-0.00241936,-0.00461827,-0.00172395,-0.00105245,0.0725218,0.255983,-1.31679,-0.000364193,-0.0498487,0.12502,25.1101,-0.0550225,0.0364115,0.132082
10.26,0.999925,-0.0119673,0.000834918,-0.00242087,-0.00115216,0.00133967,0.00107817,0.0723178,0.255822,-1.31736,-0.000762932,-0.0516071,0.12478,25.8378,-0.00957048,-0.0551241,-0.122262
10.28,0.999926,-0.0118889,0.000846793,-0.00241495,0.00763627,0.00227177,0.000945022,0.0720089,0.255453,-1.31797,-0.00145673,-0.0550115,0.123745,26.0024,-0.00714717,-0.0123299,0.213641
10.3,0.99993,-0.0115616,0.000911359,-0.00240412,0.0081689,-0.00238875,0.00254292,0.0713522,0.254065,-1.31831,-0.00112733,-0.0601837,0.123946,27.012,0.0510283,-0.00204477,0.207176
10.32,0.99993,-0.0115145,0.000911585,-0.00240899,0.0109652,-0.00012504,-0.00131865,0.0712664,0.253821,-1.31824,-0.00139891,-0.0604273,0.124184,25.5338,0.0188026,-0.0250266,0.0773571
10.34,0.999933,-0.0112923,0.000912773,-0.00241742,0.0144273,0.00160599,0.00107819,0.070905,0.25277,-1.31767,-0.00304888,-0.0606615,0.124967,23.6708,0.00494265,0.0465974,0.0768485
10.36,0.999936,-0.0110059,0.000914391,-0.00243036,0.0119032,-0.00238726,-0.00145172,0.0703693,0.251623,-1.31752,-0.00340468,-0.0598098,0.125627,28.5441,-0.0128012,-0.0439096,0.00573877
10.38,0.999937,-0.0109327,0.000888967,-0.00244102,0.00684692,-0.0046499,-0.00291633,0.0700935,0.251389,-1.31825,-0.00420571,-0.0583911,0.12539,26.4464,-0.017784,-0.00608324,0.121712
10.4,0.999937,-0.0108839,0.000850293,-0.00245145,0.00298534,-0.00132096,-0.000519454,0.0696681,0.251023,-1.31907,-0.00561146,-0.0555598,0.125119,25.9304,-0.00119215,-0.0150943,-0.100561
10.42,0.999938,-0.0108047,0.000763826,-0.00246993,0.000455341,-0.00518255,-0.00131842,0.0689823,0.250392,-1.31976,-0.0052822,-0.0516147,0.124606,27.015,0.0413135,-0.00173626,0.0240149
10.44,0.999937,-0.0109034,0.000664792,-0.00245542,-0.01073,-0.00438359,1.31798e-05,0.0683707,0.249708,-1.31969,-0.00442737,-0.0475657,0.124857,24.9296,-0.0526038,0.0834401,-0.0122571
10.46,0.999937,-0.010956,0.0006483,-0.00245309,-0.0139257,-0.00438363,0.000412613,0.0682573,0.249574,-1.31959,-0.00457157,-0.0464056,0.125067,28.6436,-0.0143782,-0.00128982,0.091938
10.48,0.999935,-0.0110916,0.000615359,-0.0024778,-0.0104636,-0.00238624,-0.00185101,0.0678998,0.249268,-1.3195,-0.00447151,-0.0443058,0.12519,22.0826,0.0278401,-0.0106507,0.0379957
10.5,0.999933,-0.0113079,0.00061517,-0.00246348,-0.0163179,-0.00145285,-0.00131829,0.0671845,0.24883,-1.32003,-0.00299988,-0.046105,0.124377,28.5223,-0.0544208,-0.0116976,0.142403
10.52,0.999931,-0.0114425,0.000580093,-0.00246994,-0.0185816,-0.0050481,-0.00091885,0.0669717,0.248604,-1.31996,-0.0032101,-0.0463838,0.124607,24.9107,-0.0108781,0.0232626,-0.011323
10.54,0.999931,-0.0115105,0.000563532,-0.0024772,-0.0177826,-0.00438239,-0.00198405,0.0668666,0.248479,-1.31989,-0.00332087,-0.0465469,0.124524,24.1998,-0.0258399,-0.00542946,-0.00192782
10.56,0.999929,-0.0116282,0.000582154,-0.00245345,-0.00233629,-0.00105339,0.00241014,0.0661668,0.247247,-1.31859,-0.00234854,-0.0543311,0.125859,25.5172,-0.0336684,-0.00134774,0.137913
10.58,0.999929,-0.0116328,0.000525749,-0.00243567,0.0031276,1.31911e-05,1.34398e-05,0.0656831,0.246138,-1.31817,-0.00295104,-0.0595298,0.126318,27.2337,0.00434797,0.0243888,-0.0830245
10.6,0.99993,-0.0115954,0.000537334,-0.00242893,0.00858708,0.00267634,0.00161133,0.0655761,0.245907,-1.31817,-0.00316101,-0.0606505,0.126231,26.1785,-0.0172844,-0.0124755,0.0237318
10.62,0.99993,-0.0115469,0.000559305,-0.00244045,0.0113834,0.00533956,-0.00291602,0.0654704,0.245659,-1.31815,-0.00304255,-0.0618863,0.125971,26.7358,-0.019144,0.0175598,0.174648
10.64,0.999934,-0.011196,0.000614045,-0.00246355,0.0167097,0.0030758,-0.00278286,0.0650024,0.24417,-1.3176,-0.00214756,-0.0676418,0.125544,26.5483,-0.00559786,-0.0171651,0.149636
10.66,0.999938,-0.0108896,0.000552145,-0.00246615,0.0196437,-0.000384753,-0.00131797,0.0644562,0.242663,-1.31768,-0.00392445,-0.0677586,0.124224,25.5163,0.0285613,-0.00249471,0.0280897
10.68,0.999939,-0.0107164,0.000562081,-0.00246467,0.0217777,0.00227947,-0.000652047,0.0641692,0.242231,-1.31856,-0.00428968,-0.0673001,0.122999,27.0227,-0.000144239,0.0446012,0.0436745
10.7,0.999941,-0.0105345,0.000597305,-0.00245536,0.0200467,0.00480949,0.000413178,0.0638907,0.241771,-1.3193,-0.00414198,-0.0669606,0.121959,24.862,-0.0012147,0.00452939,0.0031614
10.72,0.999944,-0.0102587,0.000557425,-0.00245051,0.00779615,-0.00650899,0.00214417,0.0632614,0.24054,-1.32059,-0.00382869,-0.0637343,0.120187,23.4355,0.00972715,-0.00507716,0.0238862
10.74,0.999945,-0.0101448,0.000476927,-0.00244884,0.0027401,-0.000648906,0.00121221,0.0625682,0.239585,-1.3221,-0.00550799,-0.0563507,0.11982,26.071,-0.0266244,-0.0279159,0.196271
10.76,0.999946,-0.010131,0.000481395,-0.00245089,0.00247379,0.000815842,-0.000651989,0.0624224,0.239437,-1.32243,-0.00545914,-0.0547522,0.120066,29.1395,0.0442847,-0.0182589,0.00450099
10.78,0.999945,-0.0101796,0.000487863,-0.00243452,-0.010842,-0.00064894,-0.000918289,0.0618845,0.238856,-1.32342,-0.00395976,-0.0510921,0.119745,24.2999,-0.00928638,0.0317595,0.0427254
10.8,0.999943,-0.0104176,0.000376624,-0.00242555,-0.0128394,-0.00424416,0.00121223,0.0612871,0.238158,-1.32393,-0.00471156,-0.0452606,0.120439,25.1189,-0.0172871,0.0384049,-0.0263418
10.82,0.999942,-0.0105282,0.00035489,-0.0024386,-0.0140378,-0.00277942,-0.00251624,0.0610507,0.23789,-1.32392,-0.00469965,-0.0440173,0.120857,26.3255,-0.0350114,-0.0980089,-0.0238551
10.84,0.99994,-0.0106581,0.000368852,-0.00244408,-0.0181657,0.00108214,-0.00185044,0.0608289,0.237608,-1.32379,-0.00394495,-0.0438749,0.121411,26.3893,0.0268292,0.0383462,0.0265678
10.86,0.999937,-0.010976,0.000372853,-0.00245637,-0.0214896,-0.00264531,-0.00185024,0.0604135,0.237161,-1.32397,-0.0021349,-0.0444077,0.122252,23.1375,-0.0348059,0.0181798,0.013616
10.88,0.999934,-0.0111961,0.000353488,-0.00245597,-0.00777427,1.78734e-05,-0.00051872,0.0599071,0.236623,-1.32444,-0.00280359,-0.0481613,0.123831,27.005,-0.00951027,0.0140137,0.0376586
10.9,0.999934,-0.0112575,0.000370862,-0.00246047,-0.00724164,0.00188208,-0.00131766,0.0597138,0.236303,-1.3244,-0.00258731,-0.0506912,0.124044,25.886,-0.032931,-0.0318012,-0.0177899
10.92,0.999933,-0.0112883,0.000378716,-0.00246167,-0.00844006,0.00174893,-0.000385544,0.0596224,0.236117,-1.32433,-0.00230938,-0.0521205,0.124416,26.9262,0.0133067,-0.00540525,0.179454
10.94,0.999933,-0.0113428,0.000417825,-0.00245234,0.00128048,0.00241472,-0.000651861,0.0593043,0.235212,-1.32376,-0.00101072,-0.0568392,0.126505,25.7655,0.0354974,-0.0353467,0.0423267
10.96,0.999934,-0.0111828,0.00046119,-0.00246469,0.00900878,0.00188298,1.40664e-05,0.0588326,0.233673,-1.32332,-0.00200891,-0.0649289,0.127447,26.7467,-0.00507464,-0.0347876,-0.108051
10.98,0.999935,-0.0111217,0.000466126,-0.0024648,0.0144683,0.00108402,-0.000119111,0.058745,0.233405,-1.32336,-0.00217974,-0.066106,0.127715,25.4399,-0.0462245,0.0333363,-0.271335
11,0.999937,-0.0109068,0.000483838,-0.00247008,0.015933,-0.000380737,-0.000518553,0.0584891,0.232508,-1.32328,-0.0021285,-0.0691244,0.127896,27.1581,0.0293766,-0.00456652,0.131502
11.02,0.999942,-0.0104808,0.000479771,-0.00242074,0.0205935,-0.00157911,0.00480778,0.0580846,0.230759,-1.32257,-0.00311064,-0.0716234,0.128483,24.8987,-0.0814049,-0.0240968,-0.16873
11.04,0.999946,-0.01013,0.000456448,-0.00239221,0.0200666,-0.00131189,0.00267736,0.0577025,0.229566,-1.32278,-0.00397923,-0.0703875,0.127855,24.2684,0.0408101,0.0128888,0.13167
11.06,0.999947,-0.010053,0.000451246,-0.00238528,0.0183355,-0.00144508,0.00161207,0.0576024,0.229286,-1.32286,-0.00426306,-0.0699797,0.127962,27.5348,0.0423887,0.00184984,-0.0182391
11.08,0.999949,-0.00978243,0.000400805,-0.00239896,0.011145,-0.00530664,-0.000252137,0.0570918,0.227954,-1.32319,-0.00471638,-0.0661405,0.127905,26.1847,-0.0139393,0.0221822,-0.0594099
11.1,0.999951,-0.00961958,0.000324351,-0.00240326,0.0068891,-0.00264276,0.000413811,0.0566622,0.227202,-1.3241,-0.00490776,-0.0625339,0.126929,29.7125,0.0610025,0.00555102,-0.206209
11.12,0.999951,-0.00959222,0.000313975,-0.00239459,0.00582383,-0.00277593,0.00201171,0.0565584,0.227011,-1.32424,-0.00483995,-0.0613987,0.126761,26.0281,-0.00826522,-0.0251977,-0.0431294
11.14,0.999951,-0.00957392,0.000310138,-0.00239448,-0.000967224,-0.00117803,-0.000385146,0.0563586,0.226634,-1.32444,-0.0045884,-0.0590436,0.126253,25.0425,-0.0362288,-0.00683936,0.0732921
11.16,0.99995,-0.00967736,0.000212405,-0.00241393,-0.00668809,-0.00437314,-0.000118696,0.0558734,0.226024,-1.32549,-0.00353427,-0.0522727,0.125488,25.7707,0.0178956,-0.0257666,0.156186
11.18,0.999947,-0.0100223,0.000178346,-0.00242976,-0.0194666,-0.00250836,-0.000784356,0.0552707,0.225684,-1.32724,-0.00139947,-0.0450579,0.125172,25.2782,-0.00841278,0.0279466,0.0450255
11.2,0.999946,-0.0101014,0.00016822,-0.00243051,-0.0210645,-0.00277474,-0.000384919,0.0551978,0.225695,-1.32759,-0.000837899,-0.0445484,0.125222,25.8785,-0.0542761,0.00584662,0.0751623
11.22,0.999945,-0.0102572,0.000152864,-0.00241559,-0.0210645,-0.00157631,0.00227823,0.0550729,0.225703,-1.32817,0.00023231,-0.043313,0.125225,25.9557,-0.0241365,0.014996,-0.0524309
11.24,0.999941,-0.0106228,0.000168935,-0.00240495,-0.0209314,0.0028179,-0.000384909,0.0548462,0.225611,-1.329,0.00230316,-0.0432488,0.126126,24.8113,0.0554675,0.0459605,-0.0728946
11.26,0.999939,-0.0108207,0.00023079,-0.0023931,-0.0182682,0.00534787,0.00134618,0.0547752,0.22544,-1.3291,0.0045757,-0.0443224,0.126596,28.1601,0.0254369,-0.0643137,-0.084331
11.28,0.999937,-0.0109348,0.000291528,-0.00239153,-0.0149393,0.00960895,0.000547163,0.0547693,0.225267,-1.32901,0.00625223,-0.0458596,0.127227,25.3571,-0.0485591,0.017899,-0.101634
11.3,0.999935,-0.0111733,0.000502239,-0.00239297,-0.00548499,0.0128048,0.00227825,0.0549218,0.224339,-1.32814,0.00885152,-0.05223,0.12987,26.0839,-0.00901857,0.0123791,-0.216532
11.32,0.999934,-0.0111795,0.000675081,-0.00239638,0.0013115,0.0137374,-0.000651084,0.055014,0.223983,-1.32831,0.0101526,-0.0559609,0.130098,27.5313,-0.0325136,0.0086123,-0.00739674
11.34,0.999935,-0.0111357,0.000758046,-0.00240693,0.00570571,0.00907688,-0.00158321,0.055097,0.223652,-1.32826,0.0106897,-0.058284,0.130548,25.1418,-0.000668113,0.0226136,-0.0558166
11.36,0.999937,-0.0109497,0.000910763,-0.0024213,0.0107657,0.00827794,-0.00211582,0.055301,0.222529,-1.32759,0.00849016,-0.0639036,0.131666,25.2965,0.0228499,-0.0198901,0.132589
11.38,0.999939,-0.0107124,0.00107324,-0.00243283,0.0163584,0.00787847,-0.000517963,0.0554248,0.221382,-1.32656,0.00742995,-0.066245,0.131939,25.4569,0.0108088,-0.000641724,-0.119187
11.4,0.999942,-0.010476,0.00112161,-0.00242628,0.0184952,0.00015583,-0.00264829,0.0554735,0.220778,-1.32668,0.00619847,-0.067493,0.13145,26.2273,0.0140606,0.00865655,-0.0403659
11.42,0.999942,-0.0104035,0.00112346,-0.00243438,0.0171636,0.000422078,-0.00211568,0.0554755,0.220648,-1.32697,0.00554507,-0.0674262,0.131352,23.5347,-0.00491038,-0.045689,-0.0980758
11.44,0.999946,-0.0100596,0.0010948,-0.00242957,0.0149045,-0.00117533,0.00161296,0.0554043,0.219882,-1.3279,0.00160333,-0.0646889,0.130871,26.7691,-0.0197867,0.0132357,-0.189385
11.46,0.999948,-0.00984234,0.00103026,-0.0024416,0.00784716,-0.00676798,-0.00011819,0.0552584,0.219053,-1.32801,0.00044058,-0.0595714,0.131042,27.8874,0.0282793,-0.0237191,-0.0799356
11.48,0.999949,-0.0097771,0.000947673,-0.0024342,0.00279212,-0.0075663,0.000680893,0.0551459,0.218753,-1.32833,4.60773e-05,-0.0561322,0.130914,25.4473,0.0200144,-0.00852398,-0.173142
11.5,0.999949,-0.00977553,0.000889747,-0.00244231,-0.00133578,-0.00729999,-0.00198225,0.0550604,0.218619,-1.32859,-0.000625701,-0.053787,0.130873,27.7448,-0.00703503,0.0044112,-0.214566
11.52,0.999948,-0.00991062,0.000764348,-0.00242848,-0.0114558,-0.0070337,0.000148256,0.0548471,0.218294,-1.32867,-0.000339541,-0.0479873,0.13098,25.7312,-0.017285,-0.0223272,-0.0473841
11.54,0.999946,-0.0100986,0.00066333,-0.00240992,-0.0129205,-0.00743315,0.00161306,0.0547272,0.21802,-1.3282,0.000673777,-0.0454169,0.131462,27.9088,-0.0243344,-0.00626371,-0.116258
11.56,0.999945,-0.0101482,0.000639367,-0.00241972,-0.01332,-0.00610161,-0.00264806,0.0547043,0.217941,-1.32801,0.000971662,-0.0451194,0.131844,25.1296,-0.0110762,-0.0191829,-0.163434
11.58,0.999943,-0.0104039,0.00057095,-0.00243478,-0.0169153,-0.00343839,-0.000783795,0.0546523,0.217565,-1.32697,0.00274076,-0.044631,0.133138,26.871,0.039787,0.0220683,-0.185226
11.6,0.99994,-0.0106958,0.000549862,-0.00245781,-0.0151787,-0.000508227,-0.00158261,0.0546564,0.217444,-1.32683,0.00649449,-0.0465005,0.132678,24.3208,0.0109851,0.0185905,-0.197004
11.62,0.999938,-0.0108297,0.000624249,-0.00246837,-0.00452609,0.00641598,-0.00264787,0.0547915,0.217083,-1.32619,0.00968202,-0.05136,0.13297,24.2473,-0.00584767,0.0235201,-0.133727
11.64,0.999938,-0.0108522,0.000647688,-0.00247337,-0.00652346,0.0057502,-0.00131626,0.0548439,0.216944,-1.32596,0.0105401,-0.0528826,0.133154,25.3654,-0.0416963,-0.0295588,-0.120028
11.66,0.999937,-0.0108791,0.00077684,-0.00249396,-0.000930822,0.00788072,1.52988e-05,0.0550916,0.216295,-1.32514,0.0125276,-0.0582876,0.133281,27.3843,0.0350793,0.0335828,0.00828551
11.68,0.99994,-0.0106449,0.00103225,-0.00248833,0.0159853,0.0140068,-0.00011765,0.0555143,0.215255,-1.3247,0.014026,-0.0654569,0.132343,27.2772,0.0160524,-0.0117959,-0.0711165
11.7,0.999941,-0.0105054,0.00113911,-0.00249164,0.0163848,0.0128084,0.000414932,0.0556745,0.21476,-1.32433,0.0141854,-0.067659,0.131786,26.2347,-0.005213,0.0247091,-0.0895467
11.72,0.999942,-0.010384,0.00123323,-0.0024906,0.0158522,0.0120094,0.000548076,0.05584,0.214206,-1.32387,0.0140883,-0.0690411,0.131654,25.1867,0.0255282,0.0372042,-0.143404
11.74,0.999946,-0.0100246,0.00136579,-0.00247076,0.0229096,0.00694947,0.00054807,0.0562173,0.212653,-1.3223,0.011064,-0.0696914,0.131494,26.3621,0.0120266,0.000647693,-0.0411713
11.76,0.999949,-0.00967781,0.00149149,-0.00246975,0.0166579,0.00588501,0.00108093,0.0563894,0.211685,-1.32179,0.00900178,-0.0690239,0.130394,25.8972,0.0230854,-0.0100484,-0.200859
11.78,0.999949,-0.00961994,0.00151751,-0.00248063,0.0134621,0.00641768,-0.00278068,0.0564229,0.211461,-1.3217,0.00853255,-0.0685417,0.130003,25.265,0.009731,0.032235,-0.23531
11.8,0.999951,-0.00945498,0.00149257,-0.00249772,0.00894047,-0.00343548,-0.00118261,0.0564827,0.210774,-1.32171,0.00473262,-0.0641069,0.128419,25.3954,-0.000769476,-0.0561044,-0.0578674
11.82,0.999953,-0.00928482,0.00141208,-0.00248362,0.000684672,-0.00343549,0.00254582,0.0563194,0.210216,-1.32217,-0.000537621,-0.0564672,0.126435,25.6453,-0.00843943,0.0336263,-0.111299
11.84,0.999953,-0.00927976,0.0013922,-0.00247985,-0.000109144,-0.00516595,0.000681781,0.0562658,0.210206,-1.32238,-0.00104096,-0.0552074,0.126177,25.91,-0.00301028,0.0246199,-0.0838442
11.86,0.999953,-0.00928655,0.00135784,-0.00248712,-0.00303865,-0.00876121,-0.00211455,0.0562095,0.210196,-1.32257,-0.00156561,-0.0536253,0.125848,27.1752,0.0234336,-0.0127605,-0.140441
11.88,0.999951,-0.00951994,0.00107065,-0.00248557,-0.0178192,-0.0160849,-0.000383469,0.0558549,0.210192,-1.32304,-0.00577765,-0.0449564,0.124569,28.6396,-0.00349651,-0.000883915,-0.0841665
11.9,0.999948,-0.00987537,0.000795812,-0.00246835,-0.0206155,-0.0142207,-0.000516642,0.0554051,0.210246,-1.32278,-0.00640596,-0.0397609,0.124398,24.3718,-0.00413433,-0.00509968,-0.132033
11.92,0.999947,-0.0100272,0.000672713,-0.00245087,-0.0202105,-0.0163508,0.00214671,0.0552305,0.210465,-1.32306,-0.00503001,-0.0391187,0.124183,26.5805,-0.0129499,-0.0016776,-0.0929042
11.94,0.999943,-0.0104111,0.000417166,-0.00246934,-0.0267353,-0.0160844,-0.00184797,0.0549286,0.210788,-1.32323,-0.00430948,-0.0390885,0.124192,23.7038,0.0476602,-0.0148998,-0.161668
11.96,0.99994,-0.0106667,0.000314066,-0.0024581,-0.0212758,-0.00476599,0.000948286,0.0547417,0.210929,-1.32306,-0.00247875,-0.0394015,0.124368,25.0633,-0.0200868,-0.00417286,-0.16908
11.98,0.999937,-0.0109451,0.00025575,-0.00244038,-0.0158163,-0.00223607,-0.000782795,0.0546008,0.21094,-1.32244,0.00177296,-0.0427881,0.124879,25.758,-0.00773671,0.00274905,0.0081846
12,0.999937,-0.0109947,0.000246902,-0.002439,-0.0134195,-0.00236914,0.000149352,0.0545914,0.210898,-1.32221,0.00298991,-0.0442591,0.125169,28.1795,-0.0123278,0.00162766,-0.0925075
12.02,0.999935,-0.0111501,0.000250522,-0.00244309,-0.00689473,0.00269082,-0.000117004,0.0546702,0.210397,-1.32073,0.00716852,-0.0518455,0.125986,24.382,-0.0409255,0.00545732,-0.100671
12.04,0.999936,-0.0110518,0.000511996,-0.00249746,0.00909068,0.0133443,0.000815293,0.0549464,0.209636,-1.31949,0.012158,-0.0611268,0.126662,26.0893,-0.0325557,-0.0187994,-0.00266644
12.06,0.999937,-0.0109468,0.000605066,-0.00250357,0.0130854,0.0109475,-0.00198107,0.0550843,0.209295,-1.3191,0.0133173,-0.0644724,0.126445,26.9652,0.000963209,0.0136767,-0.0837516
12.08,0.999937,-0.0108847,0.000642851,-0.00249858,0.0145502,0.00934957,0.00121479,0.0551596,0.209091,-1.31887,0.0134967,-0.0660307,0.126283,27.0905,0.00316133,-0.0267462,0.0763283
12.1,0.999942,-0.0104676,0.000894049,-0.00248266,0.0226728,0.0149422,-0.000116823,0.0555456,0.207788,-1.31734,0.0133545,-0.0715349,0.126502,23.0276,-0.00204419,-0.0261674,-0.236296
12.12,0.999947,-0.00992196,0.00117757,-0.0024994,0.0264087,0.0100164,0.000815477,0.0559134,0.20645,-1.31595,0.0126368,-0.0727614,0.12646,28.921,0.034726,0.0316107,-0.204906
12.14,0.999948,-0.00982407,0.00120368,-0.00249432,0.023346,0.00642121,0.00121489,0.0559692,0.206246,-1.31581,0.0118941,-0.0724127,0.126074,25.5968,-0.0116671,-0.00999587,-0.223891
12.16,0.999949,-0.00972737,0.00122168,-0.00250195,0.0230797,0.00442385,-0.00198085,0.0560194,0.206034,-1.31564,0.0110346,-0.0719627,0.125418,25.1481,0.0118487,0.0553685,0.154998
12.18,0.999953,-0.00922025,0.0013734,-0.00252063,0.0145631,0.00362533,1.66743e-05,0.0561305,0.205257,-1.3158,0.00541013,-0.0635987,0.121543,27.7356,0.039238,-0.0476191,-0.131009
12.2,0.999954,-0.00910096,0.00138057,-0.00253635,0.00404361,-0.00143463,-0.00277966,0.0561251,0.204923,-1.3155,0.00413903,-0.0590673,0.12031,26.3708,0.0182976,0.0215705,-0.178212
12.22,0.999955,-0.00908018,0.00129583,-0.00254002,-0.000883238,-0.00902465,-0.00158122,0.0560844,0.204616,-1.31499,0.0013185,-0.0539947,0.119824,26.5984,-0.0163934,0.0123222,-0.142752
12.24,0.999954,-0.00914856,0.00119854,-0.00253452,-0.0095385,-0.00782622,1.67011e-05,0.0559696,0.204357,-1.31427,-0.00188381,-0.048802,0.120015,22.134,0.0251385,-0.022442,-0.0776742
12.26,0.999952,-0.00937918,0.00106669,-0.0025157,-0.0173886,-0.0078262,0.00188111,0.0557724,0.204568,-1.31426,-0.00234089,-0.0425699,0.118668,26.8474,-0.00935018,0.00489695,-0.125265
12.28,0.999949,-0.00980539,0.000840487,-0.00247919,-0.0277749,-0.012753,0.00307957,0.0555691,0.204817,-1.31367,-0.00118024,-0.0381255,0.118211,26.2654,-0.000780902,0.0190944,-0.26348
12.3,0.999947,-0.0100143,0.000724409,-0.00247497,-0.029506,-0.0146173,-0.000382703,0.0555021,0.204887,-1.31327,-0.00107891,-0.0375039,0.118213,27.2254,-0.012513,0.00673798,-0.177711
12.32,0.999943,-0.0103233,0.000637552,-0.00249123,-0.0249787,-0.00662766,-0.00131474,0.0554173,0.205046,-1.31282,-0.000124983,-0.0380907,0.11808,26.6559,-0.0131056,-0.0697257,-0.151316
12.34,0.999938,-0.0108411,0.000569639,-0.00248076,-0.015119,-0.00396458,0.00201438,0.0554813,0.205426,-1.3124,0.00649018,-0.0455287,0.116881,23.5423,-0.0313376,-0.00542789,-0.247337
12.36,0.999938,-0.0108812,0.00056908,-0.002479,-0.0111242,-0.000236146,0.000283307,0.0555202,0.205401,-1.31225,0.00709425,-0.0469532,0.116808,25.5458,0.0322501,-0.0033322,0.0304556
12.38,0.999937,-0.0109222,0.000588111,-0.00247097,-0.00553159,0.00269332,0.00015017,0.0556104,0.205288,-1.31186,0.00775243,-0.0500953,0.116441,25.9039,-0.0531654,-0.000212478,-0.22226
12.4,0.999937,-0.0109282,0.0007396,-0.00245268,0.00312369,0.00935123,0.000416521,0.0559175,0.204759,-1.31086,0.0115658,-0.0580608,0.116374,23.9072,-0.0386664,0.0429067,-0.190202
12.42,0.99994,-0.0105952,0.00102835,-0.00246737,0.0188478,0.0134801,-0.0023796,0.0563975,0.204211,-1.31108,0.0131172,-0.0668172,0.114892,27.1809,0.0306711,0.0084542,-0.0780757
12.44,0.999941,-0.0105307,0.00106645,-0.00247293,0.0147199,0.00948529,-0.00144738,0.0564785,0.204112,-1.31122,0.013075,-0.0682222,0.114412,27.2511,0.00937991,0.0106981,-0.0886099
12.46,0.999943,-0.0102794,0.00119523,-0.00246008,0.0203126,0.00855316,0.00148206,0.0567155,0.203703,-1.31147,0.0118915,-0.0702754,0.113315,24.2582,0.0209656,-0.0283845,-0.0378733
12.48,0.999948,-0.00976642,0.00135348,-0.00244776,0.0271036,0.0101511,-0.00171373,0.0570327,0.202756,-1.31135,0.00860783,-0.0711226,0.113315,25.4904,-0.00297026,0.0143529,0.119147
12.5,0.99995,-0.00955834,0.00139046,-0.0024594,0.0243073,0.00442534,-0.00158058,0.0571257,0.202311,-1.31112,0.00737359,-0.0702698,0.113447,25.6299,0.0483176,-0.0486821,-0.111966
12.52,0.999953,-0.00927562,0.00138661,-0.0024585,0.0103257,-0.00462944,0.000683077,0.0572543,0.201383,-1.31036,0.00441348,-0.0663873,0.113961,28.9696,0.00573279,0.00476648,-0.080362
12.54,0.999955,-0.00912279,0.00131544,-0.00244477,0.00699674,-0.00476258,-0.00131424,0.0572724,0.200658,-1.30958,0.000799557,-0.0602007,0.114899,23.7166,-0.00396618,0.0498093,-0.17593
12.56,0.999956,-0.00902596,0.00122304,-0.00243278,0.0010188,-0.0086226,-0.000115547,0.0571123,0.200704,-1.31,-0.00186374,-0.0545242,0.114469,26.346,-0.0263774,-0.024845,-0.0983464
12.58,0.999956,-0.00902544,0.00117374,-0.00242997,-0.00137806,-0.0124842,0.000417062,0.0570584,0.200771,-1.31018,-0.00210682,-0.0532071,0.114229,26.6288,0.0618883,0.00144848,-0.101701
12.6,0.999955,-0.00916894,0.00099062,-0.0024263,-0.018156,-0.011552,-0.000648188,0.0568255,0.201032,-1.31058,-0.00358462,-0.0468709,0.113132,23.97,0.0350809,0.0170174,-0.0983818
12.62,0.999951,-0.00953699,0.000753226,-0.00242044,-0.0217512,-0.00982103,0.00108284,0.0565269,0.201412,-1.31049,-0.00309864,-0.0388397,0.112569,28.8424,-0.000574596,-0.0256119,-0.030563
12.64,0.999949,-0.00977932,0.000652198,-0.00239403,-0.0248138,-0.00982105,0.00214824,0.0563815,0.201744,-1.31043,-0.00144641,-0.0376651,0.112603,24.0112,0.00206671,0.0036836,-0.144835
12.66,0.999948,-0.00987035,0.000608441,-0.00239495,-0.0242751,-0.0111522,-0.000514917,0.0563385,0.201919,-1.31055,-0.000883709,-0.0375456,0.112295,25.7447,0.00779352,-0.00442302,-0.189929
12.68,0.999942,-0.0104547,0.000488033,-0.00239951,-0.0220114,-0.00276319,0.000816686,0.0562017,0.202722,-1.31072,0.00330301,-0.0382885,0.111973,25.6215,-0.0401832,0.000128357,-0.152895
12.7,0.999939,-0.0107805,0.000545476,-0.00239281,-0.0101603,0.00509309,-0.00118072,0.056316,0.20299,-1.31015,0.00857581,-0.0440122,0.112501,23.708,-0.0219008,-0.026943,-0.0978314
12.72,0.999938,-0.0108139,0.000567483,-0.00239251,-0.00949451,0.00535943,1.77782e-05,0.0563665,0.202979,-1.30996,0.00975654,-0.0457341,0.112647,26.9035,0.00681172,-0.0149467,-0.157603
12.74,0.999938,-0.0109,0.000654154,-0.00239192,-0.00629872,0.00868837,0.000683517,0.0565689,0.202813,-1.30925,0.0123511,-0.0506705,0.112952,27.2849,-0.0404551,0.00698607,-0.155592
12.76,0.999938,-0.0108565,0.000911348,-0.00236094,0.00582524,0.0146809,-0.000781065,0.0570023,0.202502,-1.30863,0.0151423,-0.0574666,0.11295,24.9666,0.00651332,0.0883014,-0.150683
12.78,0.999941,-0.0105532,0.00115569,-0.00237164,0.0183421,0.00815609,0.00201526,0.057533,0.201932,-1.30805,0.016316,-0.0647392,0.113131,23.7456,-0.00972131,0.0162792,-0.155046
12.8,0.999942,-0.0104836,0.00119709,-0.00236801,0.0163447,0.0102867,0.000949971,0.0576437,0.201753,-1.30787,0.0162021,-0.0659726,0.112987,28.0206,0.067308,-0.0256635,-0.0506448
12.82,0.999944,-0.0101867,0.00144719,-0.0023561,0.0187416,0.0152135,0.0010831,0.0580735,0.200884,-1.3069,0.0153245,-0.0679453,0.113145,25.2134,0.0286446,-0.00314801,-0.15198
12.84,0.999947,-0.00984356,0.00160243,-0.00236959,0.0231358,0.00642511,-0.00211273,0.0584498,0.200035,-1.30594,0.0127724,-0.0674811,0.112936,24.5079,-0.00894872,-0.000950273,-0.0403151
12.86,0.999949,-0.00967075,0.00164758,-0.00236571,0.0192825,0.0048281,-0.000115196,0.0585765,0.199807,-1.30588,0.0111022,-0.067049,0.1121,25.602,0.0248327,0.0249646,0.0410836
12.88,0.999951,-0.00946352,0.0016878,-0.00237052,0.0155541,0.0045618,-0.00157991,0.0587188,0.199407,-1.3056,0.00804794,-0.0652883,0.111498,28.0154,-0.0344278,0.0132072,-0.259951
12.9,0.999953,-0.009256,0.001696,-0.00238991,0.00783743,-0.00502502,-0.000914056,0.058757,0.199327,-1.30616,0.0034802,-0.0589374,0.109923,23.8182,0.0100089,0.0365662,-0.213173
12.92,0.999954,-0.00919337,0.00154398,-0.00238125,0.00238348,-0.0123482,-0.00118022,0.0586386,0.199572,-1.30696,-0.000804779,-0.0536216,0.107876,28.1906,0.0690148,-0.0957104,-0.187992
12.94,0.999954,-0.00918583,0.00145243,-0.00237348,-0.00214394,-0.0108835,0.00188239,0.0585342,0.199733,-1.30732,-0.00253652,-0.0509905,0.107107,26.7296,-0.0308967,0.00862406,-0.00352146
12.96,0.999953,-0.00935929,0.00125631,-0.00236241,-0.0155929,-0.0139461,-0.00237867,0.0582811,0.200051,-1.30774,-0.00365895,-0.0446764,0.106404,24.5242,-0.00363187,0.0213572,-0.206628
12.98,0.99995,-0.00964892,0.000915494,-0.00236122,-0.0167913,-0.0202045,-0.000114979,0.0579659,0.20045,-1.30768,-0.00398747,-0.0395596,0.105804,27.493,0.0560289,-0.00160499,-0.165089
13,0.999948,-0.00989533,0.000744331,-0.00237451,-0.0230497,-0.012215,-0.000780853,0.0577996,0.200625,-1.30737,-0.00252576,-0.038651,0.105751,25.0449,0.00297721,0.0634305,-0.187426
13.02,0.999946,-0.0100854,0.000681522,-0.00238303,-0.0243813,-0.00675554,-0.00157968,0.0577206,0.200704,-1.30705,-0.000564193,-0.0384544,0.106178,24.9489,-0.0246665,0.00570142,-0.121183
13.04,0.999944,-0.0103349,0.000606259,-0.00237187,-0.0195876,-0.00502448,0.00121661,0.0576755,0.200873,-1.30672,0.00281045,-0.0390075,0.106572,24.8278,-0.00532033,0.00792021,-0.275318
13.06,0.99994,-0.0107301,0.000600387,-0.00235238,-0.00972778,0.00323119,0.000684109,0.0578804,0.201288,-1.30658,0.00899072,-0.0458749,0.108206,23.3035,-0.0422286,-0.025878,-0.281325
13.08,0.999939,-0.0107624,0.000621647,-0.00235643,-0.00919514,0.00522859,-0.00104697,0.0579397,0.20127,-1.30645,0.00980499,-0.0470557,0.108475,27.0291,0.0787734,-0.0188029,-0.213059
13.1,0.999939,-0.0107823,0.000683766,-0.00236056,-0.00293669,0.00842439,-0.000247991,0.058079,0.201173,-1.30612,0.0114529,-0.0497648,0.108643,27.1382,-0.0371004,5.29682e-05,-0.258786
13.12,0.999939,-0.0106995,0.00105512,-0.0023734,0.00678383,0.0146828,-0.00224535,0.058802,0.200342,-1.30466,0.0165403,-0.0588234,0.108994,25.9949,-0.0165598,0.00282259,-0.382332
13.14,0.99994,-0.0106623,0.00110873,-0.00237628,0.00812192,0.0133518,-0.000647408,0.0589134,0.20026,-1.30467,0.0164115,-0.0600361,0.10871,25.8411,0.0200674,0.0333472,-0.382018
13.16,0.99994,-0.0105997,0.00116279,-0.00238027,0.0145135,0.0134849,-0.000913712,0.0590245,0.200158,-1.30466,0.0162422,-0.0611631,0.108463,24.7586,0.00403153,-0.0178802,-0.23597
13.18,0.999944,-0.0102355,0.00146345,-0.00237307,0.0193072,0.0145501,0.0018826,0.0595636,0.199382,-1.30424,0.0149351,-0.0656555,0.108282,28.763,-0.0425047,0.0414821,-0.205425
13.2,0.999947,-0.00990765,0.00166179,-0.00235648,0.0145135,0.00829171,0.00108371,0.0600201,0.198274,-1.30325,0.0109831,-0.0650727,0.1085,24.0399,-0.00141033,-0.0174053,-0.233386
13.22,0.999949,-0.0097093,0.00171098,-0.00234195,0.0157196,0.00176797,0.000950596,0.0601471,0.19801,-1.30345,0.00759913,-0.0630621,0.107836,24.8841,0.0188685,0.0152439,-0.10418
13.24,0.999949,-0.00964066,0.0017151,-0.00234762,0.0159859,0.00096912,-0.00144625,0.0601725,0.197909,-1.30347,0.00636294,-0.0626371,0.107747,27.2241,0.0137626,-0.0032928,-0.265709
13.26,0.999952,-0.00941616,0.00165748,-0.00234736,0.00467384,-0.00475611,0.000418079,0.0601465,0.197592,-1.30383,0.00109223,-0.0578535,0.105981,24.4771,0.00670592,0.00538781,-0.213614
13.28,0.999952,-0.0094352,0.00139238,-0.0023404,-0.0058456,-0.0168735,-0.00171244,0.0598581,0.197668,-1.30455,-0.00410088,-0.048223,0.103481,25.9953,-0.0130288,-0.00849405,-0.267758
13.3,0.999952,-0.00946593,0.00125784,-0.00235861,-0.0065115,-0.0170066,-0.000514088,0.0597213,0.197695,-1.3046,-0.00509408,-0.0463506,0.103058,27.0636,-0.0118962,0.0282347,-0.222891
13.32,0.999951,-0.00949952,0.00119047,-0.00235279,-0.00957404,-0.0170067,0.00121704,0.0596486,0.197703,-1.30458,-0.00556166,-0.0455465,0.103068,25.473,-0.0403447,-0.0198878,-0.205565
13.34,0.999949,-0.00977966,0.000918574,-0.00235915,-0.0176906,-0.0143434,0.00281499,0.0592901,0.19806,-1.30509,-0.00489494,-0.0412693,0.102519,23.7073,0.0482108,-0.0126502,-0.263968
13.36,0.999946,-0.0101128,0.000642117,-0.00234595,-0.0187509,-0.0126122,0.000950909,0.0590101,0.198735,-1.3061,-0.00254586,-0.0388427,0.101398,24.8741,-0.0277693,0.0439863,-0.276957
13.38,0.999945,-0.0101816,0.000596638,-0.00234229,-0.0187509,-0.011547,0.000684603,0.0589662,0.198901,-1.30638,-0.00216292,-0.0388621,0.101424,26.3382,0.0451949,-0.00790739,-0.109072
13.4,0.999943,-0.010433,0.00050046,-0.00236166,-0.0167535,-0.00169323,-0.00264434,0.0588603,0.19943,-1.30721,0.00186456,-0.0401418,0.101847,24.8652,-0.052287,-0.00210933,-0.21124
13.42,0.99994,-0.0106971,0.000518442,-0.00234518,-0.012093,0.00230147,-0.0014459,0.0589718,0.199749,-1.30757,0.00812596,-0.0434984,0.103214,25.3567,0.0228406,0.00968846,-0.280264
13.44,0.999939,-0.0107525,0.000547743,-0.00235318,-0.00623401,0.00389939,-0.000114337,0.0590801,0.199762,-1.30753,0.00970913,-0.0452215,0.103848,26.8773,0.0445689,-0.0597594,-0.251247
13.46,0.999939,-0.0107636,0.000584505,-0.00235104,-0.00397032,0.00909256,0.000551431,0.0591443,0.199743,-1.30746,0.0103773,-0.0463082,0.104277,27.1462,-0.0428197,0.0302084,-0.343242
13.48,0.999939,-0.010755,0.000843494,-0.00234937,0.00148918,0.0136199,1.88772e-05,0.0595616,0.19936,-1.30676,0.0137517,-0.0526222,0.106187,24.9786,-0.00233386,-0.002364,-0.0776232
13.5,0.999941,-0.0105264,0.00123262,-0.00234035,0.0102834,0.0120225,0.00201621,0.0602396,0.198452,-1.30584,0.0127216,-0.0586892,0.107291,25.0526,0.0194079,0.0338072,-0.20096
13.52,0.999942,-0.010464,0.00126866,-0.00233622,0.0145444,0.00895988,0.00108418,0.0603212,0.198326,-1.30581,0.0121565,-0.0593907,0.107221,24.2016,-0.000178606,-0.00225006,-0.277102
13.54,0.999942,-0.0104129,0.00132063,-0.00233864,0.0117481,0.0129546,-0.000513614,0.0603981,0.198185,-1.30576,0.0113607,-0.0598743,0.107218,27.0898,0.0125809,0.0417952,-0.213589
13.56,0.999945,-0.0101395,0.00152832,-0.00237702,0.0137455,0.00669614,-0.00384272,0.0607216,0.197291,-1.30514,0.008641,-0.0614204,0.106858,26.3851,0.00640127,0.0351821,-0.419829
13.58,0.999948,-0.00977127,0.0014869,-0.00236028,0.0128201,0.00190339,0.00121742,0.0608026,0.196448,-1.30531,0.000659141,-0.0591321,0.105796,24.4383,0.0427244,0.0357456,-0.293887
13.6,0.999949,-0.00973123,0.00147475,-0.00236199,0.00869719,-0.00315599,-0.000513594,0.0607652,0.196427,-1.30557,-0.000143438,-0.0582729,0.105344,25.4928,-0.0496684,-0.00330008,-0.214701
13.62,0.999949,-0.00968755,0.00146674,-0.00237441,0.0096293,-0.00209071,-0.00317671,0.0607243,0.196401,-1.3058,-0.00057418,-0.0574136,0.104995,26.7505,0.0120967,-0.00518812,-0.409294
13.64,0.99995,-0.00960462,0.00125745,-0.00239107,0.000308215,-0.0134092,0.00135064,0.0604637,0.196213,-1.30655,-0.00406331,-0.0526811,0.103441,24.564,0.0105031,-0.0845185,-0.178089
13.66,0.999951,-0.00959121,0.000981643,-0.00237237,-0.00341539,-0.0140745,-0.000513484,0.0600415,0.19626,-1.30746,-0.00734277,-0.0472522,0.103116,25.8963,-0.00553861,0.0162833,-0.212209
13.68,0.99995,-0.00962473,0.000929279,-0.0023704,-0.00967383,-0.0132755,0.000285382,0.0599457,0.1963,-1.30767,-0.00715119,-0.0461375,0.103082,25.8368,0.0550413,0.016168,-0.148738
13.7,0.999949,-0.0098374,0.000712942,-0.00237096,-0.0159322,-0.0142076,-0.000113974,0.059596,0.196438,-1.30822,-0.00568209,-0.0417201,0.10291,24.6971,-0.035282,-0.00069055,-0.348487
13.72,0.999946,-0.0100676,0.000473203,-0.00237319,-0.0132691,-0.00968028,-0.00144562,0.0592529,0.196548,-1.30831,-0.00327993,-0.0393053,0.103534,27.8602,0.00119546,-0.0325001,-0.226696
13.74,0.999944,-0.0102872,0.000412288,-0.00238276,-0.0189949,-0.00395446,-0.000380339,0.0591239,0.196516,-1.30806,-0.000503375,-0.039829,0.103844,28.8544,0.00592984,-0.0102357,-0.268174
13.76,0.999943,-0.0104263,0.000406998,-0.00238155,-0.0177965,-0.00155757,0.000418675,0.0590847,0.196448,-1.30778,0.00194434,-0.0397451,0.104165,24.2053,-0.0488483,-0.0307379,-0.444401
13.78,0.99994,-0.0106524,0.000473332,-0.00237635,-0.00740496,0.00470065,-0.00064653,0.0591714,0.196495,-1.30794,0.00689937,-0.042563,0.105759,23.4549,0.0059694,0.054262,-0.282587
13.8,0.999939,-0.0107799,0.000651662,-0.00239266,-0.00673916,0.0141549,0.00214978,0.0594222,0.196221,-1.30775,0.00944919,-0.0481519,0.105975,25.4103,0.0290108,0.0166002,-0.331372
13.82,0.999939,-0.0108006,0.000710221,-0.00239139,-0.00607338,0.0145543,0.000418739,0.0594866,0.196116,-1.30764,0.0101695,-0.048853,0.105822,28.0944,-0.0287547,0.0320407,-0.28367
13.84,0.999939,-0.0107741,0.000908941,-0.00238133,0.00391348,0.0137554,0.000152418,0.0597958,0.195549,-1.30697,0.011931,-0.0525239,0.106846,22.8702,0.0064987,0.00580562,-0.146634
13.86,0.99994,-0.0106491,0.00104122,-0.00238428,0.0119029,0.0118912,-0.00157867,0.0600419,0.194956,-1.30623,0.01113,-0.055923,0.107584,25.4298,-0.0346992,-0.0128552,-0.36559
13.88,0.999941,-0.0105293,0.00117672,-0.00239146,0.00924494,0.0112257,-0.000779623,0.0602436,0.194526,-1.30633,0.00928171,-0.0582449,0.1074,24.5493,0.0422106,-0.0194019,-0.0989953
13.9,0.999942,-0.0103896,0.001282,-0.00237811,0.0100439,0.00683146,0.00188354,0.0604084,0.193977,-1.30621,0.00768026,-0.0592711,0.107526,25.361,-0.00464444,0.0280047,-0.348455
13.92,0.999947,-0.00995514,0.00136967,-0.00238089,0.0196313,0.00217093,0.000285671,0.060603,0.19261,-1.3053,0.00248331,-0.0606884,0.108169,26.2771,0.0465799,0.00575753,-0.463267
13.94,0.999949,-0.00971087,0.0012919,-0.00239429,0.00898467,-0.00541838,1.94026e-05,0.0605147,0.191639,-1.30499,-0.00266246,-0.0572482,0.107866,26.0974,-0.0162269,0.00125924,-0.401548
13.96,0.99995,-0.00967181,0.00126726,-0.00239068,0.00885151,-0.00621733,0.000818332,0.0604687,0.191491,-1.30499,-0.003558,-0.056048,0.107335,23.1474,0.0046375,-0.0442556,-0.421127
13.98,0.99995,-0.00963925,0.00124034,-0.00240409,0.00725364,-0.00674992,-0.00344274,0.0604164,0.191344,-1.30497,-0.00434791,-0.0548394,0.106927,28.851,-0.00578495,0.00371771,-0.31996
14,0.999952,-0.00950651,0.000938786,-0.00239662,-0.0045926,-0.0140735,-0.00144531,0.0599887,0.190928,-1.30586,-0.00790122,-0.0485733,0.104913,23.6563,0.0176884,-0.0185628,-0.249692
14.02,0.999951,-0.00962531,0.000757308,-0.00239026,-0.0140469,-0.0180682,0.00201687,0.059732,0.190764,-1.3061,-0.00874205,-0.0442999,0.104551,24.8835,0.0262518,-0.0161677,-0.25634
14.04,0.99995,-0.00970827,0.000639208,-0.00238003,-0.0112505,-0.0151387,0.000152696,0.0595565,0.19067,-1.30614,-0.00885848,-0.0417077,0.10414,23.3417,-0.0489547,0.00834894,-0.300604
14.06,0.999948,-0.00992361,0.00037079,-0.0023689,-0.0121785,-0.00941319,-0.00277675,0.059176,0.190731,-1.30695,-0.0069358,-0.0391193,0.104015,28.4401,0.00438356,-0.0129085,-0.259272
14.08,0.999944,-0.0102896,0.00017759,-0.00235837,-0.0229643,-0.00861422,0.00228326,0.0589377,0.19077,-1.30766,-0.00337909,-0.037933,0.103371,24.7408,-0.0157721,0.00678677,-0.258867
14.1,0.999943,-0.0103665,0.000147676,-0.0023598,-0.0204305,-0.00754935,-0.000512921,0.0589135,0.190819,-1.30794,-0.00262804,-0.0374469,0.103168,26.3848,0.022739,-0.00906346,-0.263504
14.12,0.999943,-0.0104286,0.000115555,-0.00236441,-0.0167021,-0.00808193,-0.00131188,0.0588957,0.190862,-1.30819,-0.00187275,-0.0371293,0.102947,28.6288,-0.0310327,-0.0207184,-0.266933
14.14,0.999941,-0.0106509,0.000119408,-0.0023685,-0.00844633,0.00283702,-0.00117873,0.0589244,0.190891,-1.30898,0.0035163,-0.0405433,0.103642,25.5052,0.00190491,0.0625238,-0.214649
14.16,0.999939,-0.0108255,0.00028795,-0.00238407,-0.00764737,0.0100276,-0.00304295,0.0591989,0.190507,-1.30908,0.00911727,-0.0460311,0.104358,25.9808,-0.0177041,-0.0690988,-0.301429
14.18,0.999938,-0.0108522,0.000426571,-0.00237879,0.00233946,0.0136228,0.000818628,0.0594446,0.190086,-1.30884,0.0106241,-0.0489262,0.105049,23.5434,0.0213764,0.0330978,-0.171301
14.2,0.999938,-0.0108189,0.00053959,-0.0023933,0.00340477,0.0152207,-0.00211082,0.0596307,0.189723,-1.30855,0.0116542,-0.0522158,0.105957,24.4818,-0.0397801,0.0400991,-0.374891
14.22,0.999941,-0.0106104,0.000878745,-0.00238031,0.00992947,0.0174844,0.000818623,0.0601715,0.188561,-1.30774,0.0139198,-0.0591038,0.107392,28.1447,0.0193259,-0.0151371,-0.390583
14.24,0.999943,-0.0103551,0.00112954,-0.00237885,0.0175234,0.0153538,0.000818714,0.0606281,0.187578,-1.30772,0.0126046,-0.0627219,0.107651,26.2546,0.0334214,0.037995,-0.211122
14.26,0.999944,-0.0102697,0.00119126,-0.00237771,0.020586,0.015487,0.000419148,0.0607342,0.187298,-1.30765,0.0121264,-0.0633913,0.107496,26.0467,-0.000967304,0.0543682,-0.282168
14.28,0.999948,-0.00979224,0.00145789,-0.00239841,0.0220507,0.012957,0.000286031,0.0611877,0.185741,-1.30695,0.00843764,-0.0649035,0.107937,26.525,-0.0691156,-0.0124955,-0.0358669
14.3,0.999952,-0.00936119,0.00150893,-0.00243699,0.0143321,-0.000491877,-0.00224387,0.0614827,0.183978,-1.30634,0.00174757,-0.0605287,0.107929,25.8389,0.0477329,0.0537829,-0.275562
14.32,0.999953,-0.00924465,0.00146531,-0.00243517,0.0141989,-0.00635081,-0.000113309,0.0615029,0.183548,-1.30653,-0.000493526,-0.0586319,0.10729,23.8566,0.0186679,0.0287753,-0.40855
14.34,0.999954,-0.0091433,0.00141163,-0.00243203,0.0104738,-0.0068835,0.000818893,0.0614881,0.183189,-1.3069,-0.00294798,-0.0560635,0.106687,25.3982,0.030112,-0.0472905,-0.531507
14.36,0.999955,-0.00908157,0.00124391,-0.00244128,-0.00404047,-0.0135414,-0.000246421,0.0613326,0.182331,-1.30734,-0.00606456,-0.0489642,0.105211,25.1869,0.0469346,0.00983234,-0.312361
14.38,0.999954,-0.00925273,0.000886749,-0.00243743,-0.0105652,-0.0186014,-0.000379585,0.0610554,0.181592,-1.30716,-0.00929044,-0.041797,0.105258,25.6125,-0.0164286,-0.0348257,-0.427442
14.4,0.999953,-0.00930632,0.000817751,-0.00244393,-0.0140273,-0.0172699,-0.0018443,0.0609876,0.181456,-1.30706,-0.00930758,-0.0406597,0.105426,24.7697,-0.0196931,-0.0363545,-0.349879
14.42,0.999952,-0.00949392,0.000659658,-0.00242551,-0.0198863,-0.00954671,0.00334886,0.060804,0.181117,-1.3069,-0.0084839,-0.0385663,0.105581,24.4766,0.0371603,0.0258074,-0.13006
14.44,0.999948,-0.00988685,0.000411508,-0.00241741,-0.0200162,-0.0104795,0.00121848,0.0606498,0.180706,-1.30714,-0.00432632,-0.036836,0.105298,24.3163,0.00463428,0.00304394,-0.429012
14.46,0.999946,-0.0101245,0.00027689,-0.00241287,-0.0196167,-0.00941422,0.000153049,0.0606307,0.180398,-1.30698,-0.00220233,-0.0369184,0.105257,25.9944,-0.0295595,-0.017591,-0.205468
14.48,0.999944,-0.0102743,0.000234204,-0.00240698,-0.0184183,-0.00541949,0.000685806,0.0606491,0.180153,-1.30675,-0.000292338,-0.0378044,0.105355,27.3885,-0.0231257,-0.0454484,-0.318877
14.5,0.999943,-0.010386,0.000213377,-0.00239017,-0.0145567,-0.000359457,0.00215052,0.060701,0.179861,-1.30644,0.00202943,-0.0397086,0.105774,25.7756,0.0544951,-0.00847263,-0.394262
14.52,0.999941,-0.0105883,0.000332515,-0.00236086,-0.0101595,0.00789577,0.00108543,0.0610773,0.179159,-1.30672,0.00886517,-0.0456773,0.106198,25.7873,0.0137937,0.0255745,-0.316263
14.54,0.999941,-0.0105854,0.000482877,-0.00235311,0.00235734,0.0114911,-0.000113001,0.0615361,0.178309,-1.30647,0.0121385,-0.051025,0.106822,25.858,0.0179734,0.0321838,-0.128737
14.56,0.999941,-0.010557,0.000538039,-0.00235871,0.00648524,0.0138879,-0.00131144,0.0616624,0.178052,-1.30635,0.0125305,-0.0527145,0.106976,24.2115,-0.0103488,-0.0398393,-0.265848
14.58,0.999944,-0.0103244,0.000925444,-0.00234651,0.0118116,0.0180158,0.00135177,0.0623524,0.176511,-1.3054,0.0150644,-0.059161,0.107668,26.3561,-0.000951021,0.00882829,-0.175072
14.6,0.999947,-0.00999754,0.00126131,-0.0023386,0.0195376,0.0157524,2.01927e-05,0.0630209,0.174919,-1.3054,0.0126525,-0.0626329,0.107056,23.6479,0.0086381,-0.0366297,-0.357799
14.62,0.999948,-0.00980138,0.00138024,-0.00233303,0.0261954,0.0142877,0.000685946,0.0632457,0.17421,-1.30524,0.0105532,-0.0635034,0.107012,28.4996,0.0686506,0.042077,-0.197965
14.64,0.99995,-0.00958805,0.00146386,-0.00234262,0.0235323,0.0110919,-0.00157762,0.0634331,0.173466,-1.30498,0.00820966,-0.0643676,0.10747,26.7875,-0.00246724,0.0538834,-0.238814
14.66,0.999954,-0.00915881,0.0015747,-0.00238514,0.0182092,-0.00115857,-0.00184389,0.0637638,0.171333,-1.30454,0.00111449,-0.060516,0.10701,24.7118,-0.00470662,-0.0250736,0.0242171
14.68,0.999956,-0.0088986,0.00145147,-0.00239319,0.013016,-0.00981386,0.00241718,0.0637576,0.170102,-1.30436,-0.00492657,-0.0555199,0.106856,23.8194,-0.00487439,0.012838,-0.287451
14.7,0.999957,-0.00885831,0.00141322,-0.00238673,0.00955394,-0.00954753,0.0014851,0.0637256,0.169803,-1.30425,-0.0064408,-0.054505,0.106859,27.3876,-0.00439135,0.00261082,-0.411587
14.72,0.999957,-0.00881736,0.00132772,-0.00238113,0.00276286,-0.00994701,0.000419828,0.0636348,0.169274,-1.30425,-0.00849053,-0.0519311,0.10678,26.0767,0.0083646,-0.00841807,-0.239889
14.74,0.999957,-0.00890094,0.000922544,-0.00235651,-0.00495756,-0.0204667,-0.000112668,0.0632209,0.168027,-1.30447,-0.0121543,-0.0411691,0.105278,26.9734,0.00215735,0.00690591,-0.131176
14.76,0.999957,-0.00895398,0.000744115,-0.00234288,-0.00775151,-0.0212657,0.00188476,0.063053,0.167769,-1.30483,-0.012828,-0.0385971,0.104723,23.7838,-0.0189116,-0.0224422,-0.286972
14.78,0.999956,-0.00905186,0.000582844,-0.00232877,-0.0146757,-0.0184694,0.00108576,0.0628784,0.167522,-1.30509,-0.0128529,-0.0364354,0.104209,25.4505,-0.0048033,-0.024718,-0.0503745
14.8,0.999952,-0.00949362,0.00026621,-0.00231932,-0.0216,-0.0132762,-0.00184351,0.0624956,0.166951,-1.30529,-0.00942471,-0.0314646,0.103823,25.3944,0.0976222,-0.0104712,-0.202107
14.82,0.999949,-0.00983478,6.44146e-05,-0.00234986,-0.0229315,-0.0118115,-0.00171047,0.062322,0.166501,-1.30501,-0.00507436,-0.0305343,0.104115,27.6523,-0.0349841,-0.021678,-0.132845
14.84,0.999947,-0.0100136,2.95818e-06,-0.00233785,-0.0231979,-0.00701777,0.00241744,0.0622997,0.166288,-1.30499,-0.00264722,-0.0309527,0.104461,25.8968,-0.00821265,0.0303246,-0.226353
14.86,0.999946,-0.0101113,-1.48117e-05,-0.00232979,-0.02506,-0.00448832,0.00188481,0.0623082,0.166189,-1.30508,-0.0015788,-0.0316282,0.104349,23.9357,-0.00408544,0.0297131,-0.254399
14.88,0.999943,-0.0104244,2.52382e-05,-0.002352,-0.0184021,0.00616432,-0.00197678,0.0624313,0.165685,-1.30515,0.0034473,-0.0348724,0.104455,26.0386,-0.00918341,0.0184085,-0.285563
14.9,0.99994,-0.0106642,0.000300355,-0.00234895,-0.00588527,0.0112243,-0.00117775,0.062934,0.164521,-1.30454,0.0111227,-0.0430117,0.104868,26.4698,-0.0199014,-0.00150486,-0.201071
14.92,0.99994,-0.0106542,0.000460743,-0.00235076,0.0013053,0.0148196,0.000153791,0.0632859,0.163714,-1.30391,0.0126291,-0.0478074,0.106176,25.5335,0.0315829,-0.0179796,-0.223022
14.94,0.999941,-0.0106344,0.000539019,-0.00235183,0.00450102,0.0196133,-0.000112491,0.0634094,0.163411,-1.30366,0.0129873,-0.0494777,0.10638,22.5796,-0.0207862,0.00309282,-0.170495
14.96,0.999943,-0.0104133,0.000970488,-0.00236625,0.0154219,0.0214774,-0.00131091,0.064084,0.16173,-1.30268,0.0152522,-0.056452,0.106958,27.7266,0.0120882,0.0256533,-0.134446
14.98,0.999947,-0.009985,0.00126546,-0.00234687,0.0215471,0.0125559,0.000287042,0.0647566,0.159831,-1.30204,0.0126392,-0.0608417,0.107103,24.1835,0.0689592,0.0134076,-0.0833405
15,0.999948,-0.00988665,0.0013164,-0.00234775,0.0242103,0.0128222,-0.000112344,0.0648731,0.159422,-1.30185,0.0116736,-0.0611123,0.107266,26.1418,0.00803423,0.0180903,-0.0917414
15.02,0.999951,-0.00954218,0.00155087,-0.00233026,0.0196829,0.0138874,0.000686566,0.06527,0.157747,-1.30086,0.00895089,-0.0605256,0.107208,22.2485,0.00322525,-0.00163579,-0.0974069
15.04,0.999955,-0.00901715,0.00163279,-0.00231182,0.0199492,-0.00448837,-0.00184352,0.065661,0.155285,-1.29916,0.00166092,-0.0565678,0.106367,27.1101,-0.00251095,-0.035526,-0.101679
15.06,0.999956,-0.00894822,0.00160507,-0.00230925,0.0168889,-0.00688511,0.000553486,0.0656806,0.154923,-1.2991,2.52623e-05,-0.0554618,0.105901,28.7693,-0.0139374,-0.012872,-0.321604
15.08,0.999957,-0.00888943,0.00158319,-0.00231206,0.0143589,-0.00542032,-0.000778102,0.0656875,0.154567,-1.29902,-0.001534,-0.0541257,0.105409,24.4652,0.0470475,0.010207,-0.117595
15.1,0.999958,-0.00880689,0.00133305,-0.00229436,0.00117751,-0.0156737,2.09523e-05,0.0654961,0.152511,-1.29946,-0.00732415,-0.0414259,0.10317,27.5976,0.000921814,0.0171579,-0.235017
15.12,0.999957,-0.0089182,0.00101466,-0.0023013,-0.011872,-0.0206005,0.000287278,0.0652757,0.15155,-1.29934,-0.00977299,-0.0361311,0.102479,25.7955,-0.0333016,-0.0399813,-0.138465
15.14,0.999956,-0.00905206,0.00085656,-0.00229328,-0.0191957,-0.0191358,0.000819845,0.0651373,0.151111,-1.29915,-0.0104729,-0.0335211,0.102413,23.6635,-0.0080849,-0.0140535,-0.348757
15.16,0.999955,-0.00922006,0.000726652,-0.00229934,-0.0206605,-0.0156737,-0.00131058,0.0649984,0.150706,-1.29887,-0.00990643,-0.0303872,0.102035,24.6702,0.0472554,0.0466193,-0.170365
15.18,0.999951,-0.00959602,0.000479332,-0.00229931,-0.0203936,-0.013544,-0.000245209,0.0648351,0.149823,-1.29897,-0.004303,-0.0273552,0.101257,25.1935,0.000977781,0.0193322,-0.213569
15.2,0.999946,-0.0101261,0.000276774,-0.00228384,-0.0194615,0.00283437,-0.00131053,0.0648975,0.148685,-1.29868,0.000287283,-0.0290605,0.100865,26.6591,0.063123,-0.0200082,-0.117225
15.22,0.999945,-0.0102004,0.000281708,-0.00227981,-0.0187957,0.00123655,0.000953196,0.0649309,0.148476,-1.29855,0.00166688,-0.0295507,0.100582,24.0418,-0.0103804,-0.0410128,-0.209621
15.24,0.999944,-0.0103391,0.000364443,-0.0022738,-0.00827625,0.00642967,0.00148583,0.0651257,0.147804,-1.29834,0.00687073,-0.0320308,0.100428,26.1544,-0.0195697,0.0301785,-0.351231
15.26,0.999942,-0.0105027,0.000624553,-0.0022889,0.000645362,0.0164158,-0.00104411,0.0659804,0.145782,-1.29841,0.0125418,-0.0423414,0.099243,27.6203,0.00733799,-0.0169686,-0.179252
15.28,0.999942,-0.0104952,0.000710582,-0.00229055,0.00171068,0.021609,-0.000245222,0.0661172,0.145438,-1.29833,0.0132179,-0.0436908,0.0992416,25.7458,-0.0271421,-0.00668746,-0.292859
15.3,0.999942,-0.0104626,0.000805783,-0.00227634,0.00796908,0.0238727,0.00374953,0.0662593,0.145082,-1.29823,0.013979,-0.0450781,0.0991648,22.6217,0.048066,-0.0105849,-0.196003
15.32,0.999944,-0.0102516,0.00114825,-0.00225156,0.0135616,0.0176141,0.00241806,0.066881,0.143505,-1.29844,0.0160667,-0.051128,0.0987504,26.8808,-0.0185712,0.0071578,-0.185698
15.34,0.999947,-0.00990099,0.00142713,-0.0022509,0.0234152,0.0161495,0.000953384,0.0676081,0.141264,-1.29852,0.0117878,-0.0555127,0.0978229,25.3394,-0.0240293,-0.0312748,-0.26434
15.36,0.999948,-0.00980164,0.0014906,-0.00225452,0.0247469,0.0160162,-0.000777743,0.0677284,0.140797,-1.29846,0.0108191,-0.0559389,0.0980014,26.1678,-0.0253919,0.0615905,-0.320162
15.38,0.999952,-0.00939386,0.00169664,-0.00226438,0.0238148,0.011622,2.12597e-05,0.0681233,0.138888,-1.29803,0.00707262,-0.0567487,0.0985072,26.2642,0.0390195,0.0621732,-0.454407
15.4,0.999955,-0.00900595,0.00172232,-0.00226277,0.0166242,-0.0015606,-0.00170979,0.0684177,0.136513,-1.29704,0.000484811,-0.053235,0.0984199,24.2521,0.0114946,-0.000114726,-0.206869
15.42,0.999958,-0.00874298,0.00157259,-0.0022993,0.00970091,-0.0119466,-0.00304133,0.0683789,0.134366,-1.2965,-0.00676232,-0.0476639,0.0991651,25.8175,0.00456533,-0.00143699,-0.232458
15.44,0.999958,-0.00869767,0.00151558,-0.00229376,0.0112988,-0.0142103,0.00121979,0.0683353,0.133967,-1.29645,-0.0079445,-0.0462426,0.0990207,25.3527,-0.00106106,0.0265631,-0.149892
15.46,0.999959,-0.00865929,0.0013346,-0.00229132,0.00011349,-0.0154087,0.000820279,0.0681546,0.132827,-1.29645,-0.0107105,-0.0419492,0.0987681,27.5202,0.0136688,0.0257661,-0.246856
15.48,0.999959,-0.00876293,0.000839271,-0.00230232,-0.0100064,-0.0192704,-0.000111697,0.0676615,0.130855,-1.29691,-0.0134217,-0.032448,0.0973239,25.8209,0.039969,-0.0337339,-0.31258
15.5,0.999958,-0.00886478,0.00068461,-0.00231405,-0.0133353,-0.0175394,-0.00210909,0.0674783,0.130284,-1.29687,-0.0128478,-0.0298831,0.0969883,22.9187,0.0170031,-0.0317891,-0.41642
15.52,0.999957,-0.00898417,0.000545563,-0.00231474,-0.0178627,-0.0184715,0.000287699,0.0673073,0.129748,-1.29676,-0.0118455,-0.0277338,0.0968042,26.7121,0.00790006,-0.023485,-0.331797
15.54,0.999953,-0.00937345,0.000286418,-0.00230142,-0.0205268,-0.0108822,-0.000777351,0.0670273,0.128433,-1.29692,-0.00755211,-0.0253425,0.0966191,24.1454,-0.0375863,0.0234874,-0.362121
15.56,0.99995,-0.00975767,0.000146425,-0.00229008,-0.0207943,-0.00236071,0.000820596,0.0670019,0.127042,-1.29752,-0.00104464,-0.0266334,0.0965828,23.6702,-0.0158003,0.0413508,-0.236807
15.58,0.999949,-0.0098332,0.000143884,-0.00227628,-0.018797,-0.000629657,0.00335057,0.0670355,0.126738,-1.2977,8.30541e-05,-0.0274259,0.0966976,24.5672,-0.00935544,0.00585403,-0.112264
15.6,0.999948,-0.00990392,0.000152434,-0.00227113,-0.0175985,0.00216658,0.00122005,0.067077,0.126427,-1.29786,0.00121276,-0.0284367,0.0967506,26.564,-0.000838896,0.0281298,-0.15424
15.62,0.999947,-0.0100823,0.000247545,-0.00226347,-0.00521483,0.00869137,0.000154819,0.0673376,0.125089,-1.29825,0.00635424,-0.0334409,0.0963769,27.617,-0.0141799,-0.0241312,-0.218346
15.64,0.999946,-0.0101172,0.00048264,-0.00227138,0.000910443,0.0162814,0.0014864,0.0678583,0.123159,-1.29818,0.011089,-0.0415128,0.0973855,24.5635,0.0368294,0.0268703,-0.284333
15.66,0.999947,-0.0100689,0.000619017,-0.00227739,0.0078347,0.0161482,-0.00037786,0.068108,0.122301,-1.29798,0.012555,-0.0439873,0.0981319,25.9423,0.0556972,0.055328,-0.172611
15.68,0.999947,-0.00998008,0.000769396,-0.00226069,0.0118293,0.0216078,0.00175274,0.0683774,0.121404,-1.2977,0.0137313,-0.0464806,0.0983465,27.2721,-0.019005,0.0315983,-0.25118
15.7,0.99995,-0.00966711,0.00108507,-0.00225535,0.0227484,0.0194772,0.00055418,0.0689482,0.119505,-1.29688,0.0144792,-0.0505533,0.0990952,24.7787,0.015172,-0.000670098,-0.394243
15.72,0.999954,-0.009233,0.00137785,-0.00223208,0.0250102,0.0133523,-0.000644034,0.0695957,0.11692,-1.29604,0.0118827,-0.0523097,0.0994754,27.5339,0.0017808,0.0149707,-0.250741
15.74,0.999955,-0.00912457,0.00143517,-0.00222865,0.0272739,0.0144175,0.000953912,0.0697042,0.116381,-1.296,0.0112153,-0.0520328,0.099538,25.6914,0.0517836,0.0170674,-0.411826
15.76,0.999956,-0.00894022,0.00154332,-0.00224087,0.023146,0.0144175,-0.00224186,0.0699087,0.115315,-1.29585,0.0104068,-0.0510648,0.0994444,26.1491,0.00466167,-0.0435445,-0.552141
15.78,0.99996,-0.00845543,0.00169953,-0.00225163,0.0144907,0.000302801,-0.00330717,0.0703536,0.112287,-1.2949,0.00379421,-0.0450509,0.0988941,24.398,-0.0346909,0.0350379,-0.293123
15.8,0.999961,-0.0083271,0.00165074,-0.00224521,0.00490225,-0.00542275,0.000554539,0.0704154,0.110438,-1.29475,-0.00194955,-0.0378541,0.0979044,23.9347,0.0293292,0.0519019,-0.357096
15.82,0.999962,-0.00831675,0.00160203,-0.00225193,0.000506846,-0.00928414,-0.00184221,0.0703696,0.109552,-1.29517,-0.00415404,-0.033964,0.0972617,24.4565,-0.029486,-0.0127832,-0.25171
15.84,0.999961,-0.00841541,0.00142324,-0.00224094,-0.0105453,-0.0118141,-0.00157591,0.0701958,0.107986,-1.29572,-0.00699373,-0.0266104,0.0957596,28.6065,0.0441991,-0.0303187,-0.360657
15.86,0.999959,-0.0086866,0.0011532,-0.00224024,-0.0219969,-0.0163415,-0.000244337,0.0699337,0.106651,-1.2959,-0.00951502,-0.0206327,0.0953981,24.4213,-0.0271992,-0.0077688,-0.440248
15.88,0.999956,-0.00904538,0.000896914,-0.00222404,-0.0213323,-0.013412,0.00122055,0.0696196,0.105434,-1.29641,-0.00960268,-0.0164603,0.0947592,25.4491,-0.00518253,0.0742908,-0.211043
15.9,0.999955,-0.00913369,0.000837277,-0.00221707,-0.0217318,-0.0150099,0.00148688,0.0695431,0.105146,-1.29654,-0.00927719,-0.0160265,0.0943539,24.9952,-0.0517198,-0.0512414,-0.390505
15.92,0.999951,-0.00964256,0.000585395,-0.00220613,-0.0285228,-0.00888458,0.00122045,0.0692412,0.10374,-1.29681,-0.00544652,-0.0163049,0.0944485,27.9189,0.0336384,0.0293184,-0.411368
15.94,0.999948,-0.00997567,0.000483537,-0.00219683,-0.0138755,-0.00422402,-0.000111028,0.0691238,0.102597,-1.29661,-0.00177508,-0.0190574,0.0947503,24.0838,0.068959,0.0108716,-0.273725
15.96,0.999947,-0.0100295,0.000479797,-0.0021857,-0.0132097,-0.00102824,0.00268525,0.0691135,0.102299,-1.29651,-0.000693359,-0.0201009,0.0945531,25.0627,-0.0315709,-0.00797368,-0.329811
15.98,0.999947,-0.0100701,0.000474309,-0.0021863,-0.00988071,-0.00142772,-0.000244204,0.0691117,0.101991,-1.29639,0.00031986,-0.0217221,0.0947072,25.0983,-0.022929,0.0358144,-0.500165
16,0.999945,-0.0102034,0.000622525,-0.0022138,0.00369805,0.00829239,-0.000776755,0.0693711,0.0993105,-1.29579,0.00767973,-0.0327886,0.0957042,26.7337,-0.0217935,0.00288696,-0.216984
16.02,0.999948,-0.00990386,0.000960458,-0.00221034,0.0191444,0.0150834,0.000954272,0.0698824,0.0964032,-1.29535,0.0112693,-0.0415405,0.0964285,24.078,-0.0103021,0.00147245,-0.320025
16.04,0.999949,-0.00983066,0.00101693,-0.00220636,0.0186117,0.0141514,0.00108752,0.0699805,0.0958895,-1.2952,0.0115527,-0.0425503,0.0964719,28.2049,0.0624631,-0.0113768,-0.224931
16.06,0.99995,-0.00966602,0.00114942,-0.00220876,0.0223402,0.0160156,-0.000510472,0.0701801,0.0948458,-1.29484,0.0116914,-0.0443644,0.0964518,22.4534,0.0323536,0.0166847,-0.16169
16.08,0.999953,-0.00936192,0.00131904,-0.00220555,0.0244707,0.013752,-0.00104311,0.0704669,0.0932562,-1.29417,0.0107355,-0.0457976,0.0966626,26.1608,-0.0260377,-0.00565042,-0.318698
16.1,0.999957,-0.0088807,0.00150131,-0.00222115,0.0219372,0.00762727,2.23345e-05,0.0707988,0.090432,-1.29359,0.00663884,-0.044346,0.0976528,28.2179,0.0417839,0.00901687,-0.27899
16.12,0.999958,-0.00879535,0.00153276,-0.00222277,0.021804,0.00789358,-0.000377156,0.070841,0.0898598,-1.29354,0.00585931,-0.043591,0.0975894,26.9779,-0.0199291,0.0194317,-0.212064
16.14,0.999959,-0.00869879,0.00156042,-0.00222918,0.0246004,0.00696143,-0.00157556,0.0708791,0.0892975,-1.29346,0.00548799,-0.0426812,0.0975189,24.9565,0.0751197,0.0353824,-0.182322
16.16,0.999962,-0.00832818,0.00157024,-0.00220809,0.00728982,-0.00688697,0.000288636,0.0709807,0.0861889,-1.29258,-0.000531132,-0.0346275,0.0967729,24.4271,-0.00348083,0.0142595,-0.171116
16.18,0.999962,-0.00833939,0.00145958,-0.00223736,-0.00056942,-0.00768543,-0.0019749,0.0707981,0.0838648,-1.29228,-0.0047726,-0.0254162,0.0960221,26.0282,0.0516656,-0.0327629,-0.219606
16.2,0.999962,-0.00834867,0.00143171,-0.00223938,-0.00176785,-0.00701964,-0.000643344,0.0707415,0.0834302,-1.29228,-0.00523029,-0.0239993,0.0959323,26.3449,-0.00383822,-0.00421239,-0.317367
16.22,0.999962,-0.00836458,0.00133917,-0.00224792,-0.00150153,-0.014077,-0.000510192,0.0706186,0.0825999,-1.29223,-0.00607798,-0.0220233,0.0953945,25.9004,-0.017604,0.00282837,-0.298408
16.24,0.99996,-0.00864365,0.00102871,-0.00226101,-0.018815,-0.013944,-0.00264069,0.0702617,0.0805362,-1.29258,-0.00832933,-0.0171958,0.0941417,25.5124,0.0192283,0.0439445,-0.39995
16.26,0.999957,-0.00898534,0.000843954,-0.00223332,-0.0188151,-0.0131451,0.00135419,0.0699652,0.0790152,-1.29292,-0.00648584,-0.0133075,0.0929658,23.6396,-0.00351322,-0.0177433,-0.410445
16.28,0.999956,-0.00912476,0.000754199,-0.00224434,-0.0156193,-0.00928346,-0.00130901,0.0698566,0.0783073,-1.29295,-0.00440441,-0.0134942,0.092684,23.8657,-0.0671202,-0.0409755,-0.498328
16.3,0.999955,-0.00918214,0.000714118,-0.00224618,-0.0137551,-0.0100824,-0.000643181,0.069816,0.0779557,-1.29294,-0.00333498,-0.0141457,0.0927666,26.0798,-0.0187766,0.0647845,-0.374396
16.32,0.999952,-0.00951833,0.000620768,-0.00224118,-0.0192185,-0.000495755,-0.00144208,0.0697903,0.0757565,-1.29382,0.000907494,-0.0187308,0.0919004,24.4996,0.0463317,-0.0725439,-0.336084
16.34,0.99995,-0.00972747,0.000659969,-0.00228014,-0.00177842,0.00336531,-0.0010425,0.0699714,0.0733738,-1.29459,0.00621011,-0.0234381,0.0915507,26.7931,0.0184196,0.000214112,-0.401558
16.36,0.99995,-0.0097242,0.000695081,-0.00227571,0.00168367,0.00882479,0.00108803,0.0700383,0.0728408,-1.29481,0.00725363,-0.0250515,0.0914979,23.3641,-0.00584225,-0.0251458,-0.33473
16.38,0.99995,-0.00970917,0.000726295,-0.00228565,0.00461315,0.00789269,-0.00250723,0.0701135,0.0723003,-1.295,0.0081667,-0.0267887,0.0915443,25.6028,-0.0102109,-0.0219624,-0.346252
16.4,0.999951,-0.00960774,0.000900801,-0.00229936,0.00900735,0.0120206,-0.000376725,0.070476,0.0700552,-1.29551,0.0109572,-0.0337454,0.0916171,24.8354,0.0217414,0.00359127,-0.421176
16.42,0.999953,-0.00935792,0.00120313,-0.00231523,0.0191274,0.0160153,0.000555259,0.070994,0.0671277,-1.2956,0.0121415,-0.0386843,0.0928948,26.0372,-0.0196887,-0.00209627,-0.430857
16.44,0.999955,-0.00914901,0.00129621,-0.00231021,0.0271169,0.0118875,-0.0011756,0.0712133,0.0659426,-1.29546,0.0122207,-0.0402294,0.093501,25.5608,-0.00635263,0.0576639,-0.44042
16.46,0.999956,-0.00903884,0.00134803,-0.0023115,0.0281822,0.0130858,-0.000243528,0.0713196,0.0653477,-1.29536,0.0116257,-0.0410547,0.0937611,24.4471,0.0136364,0.0075534,-0.357625
16.48,0.999958,-0.00872647,0.00150742,-0.00229894,0.0233884,0.0144175,-0.000243489,0.0716134,0.0635639,-1.29494,0.00998228,-0.0422553,0.0942746,26.1806,0.00906258,-0.01168,-0.36405
16.5,0.999962,-0.00826501,0.00169777,-0.00231321,0.0179239,0.00296638,-0.000776017,0.0720035,0.0597842,-1.29469,0.00538158,-0.03747,0.0950211,25.687,0.0724627,0.0260606,-0.245993
16.52,0.999963,-0.0080994,0.00170453,-0.00229879,0.0216524,-9.62397e-05,0.00162083,0.0720689,0.0585635,-1.29462,0.00324043,-0.0357614,0.0951452,23.989,-0.000728245,-0.0312775,-0.318406
16.54,0.999964,-0.00795482,0.00169415,-0.00230447,0.0167255,-0.00129469,-0.000642861,0.0720961,0.0573937,-1.29447,0.000713403,-0.0339596,0.0951157,26.4794,-0.0421658,0.0291735,-0.272876
16.56,0.999965,-0.007823,0.00162538,-0.00232556,0.00114601,-0.00462364,0.000289277,0.0720377,0.0547218,-1.29374,-0.00333119,-0.0269943,0.0946624,25.9352,0.0219588,0.0355371,-0.247111
16.58,0.999965,-0.0078699,0.00138574,-0.00231988,-0.00378545,-0.0138107,0.000688965,0.0717638,0.0522495,-1.29347,-0.00724809,-0.0177506,0.0947232,24.806,-0.0176808,-4.01704e-05,-0.371175
16.6,0.999965,-0.00788936,0.00133711,-0.0023195,-0.00405174,-0.0122128,-0.000110042,0.0716847,0.0517768,-1.29347,-0.00803319,-0.016582,0.0947221,27.1732,0.0217047,-0.00292583,-0.375813
16.62,0.999964,-0.00802802,0.00117032,-0.0023301,-0.0132433,-0.013677,0.00055586,0.0713835,0.0502236,-1.2941,-0.00939798,-0.0139293,0.0944464,24.2059,0.0431816,0.04723,-0.442118
16.64,0.999961,-0.00846103,0.000890337,-0.00233715,-0.0191022,-0.0166065,0.000555987,0.070884,0.0479341,-1.29466,-0.0084647,-0.00918988,0.0938628,25.261,-0.0379345,-0.0562712,-0.331922
16.66,0.999959,-0.00878458,0.000612578,-0.00231047,-0.0153738,-0.00994856,-0.000109875,0.0704693,0.045906,-1.29463,-0.00596652,-0.0102011,0.0940417,24.6994,0.0382194,-0.00288883,-0.29348
16.68,0.999958,-0.00885662,0.000574439,-0.00230211,-0.017238,-0.00968224,0.0018875,0.0704007,0.0455073,-1.29455,-0.00538972,-0.01102,0.0942702,25.913,-0.0301962,0.0159345,-0.391602
16.7,0.999955,-0.00914336,0.000534098,-0.00228891,-0.014708,0.000704095,0.000156492,0.0702162,0.0438046,-1.29432,-0.00043826,-0.0136486,0.0945746,26.3841,0.0123649,-0.00343264,-0.364012
16.72,0.999955,-0.00922065,0.000541703,-0.00230412,0.00299658,0.00203554,-0.00343866,0.0702194,0.0412384,-1.29454,0.00499774,-0.0205301,0.095019,26.0287,-0.000637455,0.0171262,-0.306132
16.74,0.999955,-0.00918202,0.000609307,-0.00231914,0.0048608,0.00682923,-0.00117497,0.0703229,0.0396292,-1.2944,0.00784378,-0.0259978,0.0949376,23.681,0.00934112,0.015935,-0.409568
16.76,0.999955,-0.00915292,0.000656008,-0.00231588,0.00805658,0.0116229,0.000822411,0.0703736,0.0390792,-1.29431,0.00886028,-0.0272764,0.0951409,25.5237,0.0023394,0.0329726,-0.606231
16.78,0.999958,-0.00886601,0.000960664,-0.00233166,0.0225651,0.0172156,-0.00170743,0.0707462,0.0359613,-1.29437,0.0131652,-0.032412,0.0947355,25.8959,-0.00696866,0.038508,-0.413972
16.8,0.99996,-0.00849529,0.00122471,-0.00233958,0.0244294,0.0150851,-0.000642142,0.0711322,0.0332884,-1.29447,0.0144127,-0.0353779,0.0941692,23.8004,0.0397037,-0.00299063,-0.398467
16.82,0.999962,-0.00832793,0.00132192,-0.00233209,0.0225651,0.0114898,0.000822564,0.0713322,0.0319739,-1.29438,0.0139849,-0.0355981,0.0946854,25.1474,0.00150324,0.0419157,-0.407214
16.84,0.999963,-0.00823263,0.00138588,-0.00233544,0.0246957,0.0160172,-0.000775297,0.0714296,0.0313279,-1.2943,0.0137422,-0.0354102,0.0945809,27.248,0.0125328,0.0188587,-0.491607
16.86,0.999965,-0.00783238,0.00170226,-0.00231865,0.0179046,0.0152182,0.00162153,0.0718758,0.0282619,-1.29362,0.0118782,-0.0323386,0.0943636,24.933,0.0389308,-0.0232205,-0.305918
16.88,0.999967,-0.00754245,0.00181386,-0.00231029,0.0139043,0.00336804,0.000955929,0.0721275,0.0249694,-1.29391,0.00737466,-0.0269722,0.0946437,25.2691,0.00194057,-0.00430858,-0.499175
16.9,0.999968,-0.00746886,0.00185655,-0.00231601,0.00831162,0.0050991,-0.00117463,0.0721736,0.0237781,-1.29386,0.00522517,-0.02463,0.0946173,26.3504,0.0395687,0.0741608,-0.343729
16.92,0.999968,-0.00740391,0.00187746,-0.00231309,0.00737952,0.00230277,0.000822774,0.0721883,0.0226548,-1.29373,0.00334413,-0.0220779,0.0949078,25.2622,-0.0254362,-0.0119838,-0.291134
16.94,0.999968,-0.0074496,0.00181985,-0.00231067,-0.00593629,-0.00462143,0.000290122,0.0721037,0.0201801,-1.29304,-0.00138439,-0.0141845,0.095041,26.246,-0.0376815,-0.0128567,-0.257858
16.96,0.999967,-0.00766777,0.00161526,-0.00227785,-0.0106024,-0.0130096,0.00228768,0.0717636,0.0177348,-1.29315,-0.00650742,-0.00798985,0.0941015,24.0272,0.0438172,0.0280298,-0.594491
16.98,0.999966,-0.00772335,0.00155841,-0.00227675,-0.012866,-0.0143412,2.39798e-05,0.0716716,0.0172739,-1.29318,-0.00721354,-0.00719018,0.0939649,27.3958,0.0010019,0.00961319,-0.465995
17,0.999965,-0.00798079,0.0013105,-0.00227675,-0.0168658,-0.0167375,-0.00237264,0.0712363,0.0152506,-1.29388,-0.00860861,-0.00549821,0.09334,24.9587,0.0102573,-0.000925887,-0.430039
17.02,0.999962,-0.00833751,0.0010177,-0.00228298,-0.0139364,-0.0136748,-0.00197312,0.0706829,0.012741,-1.29479,-0.00780363,-0.00618878,0.0922832,25.1612,0.0259264,0.0269426,-0.451862
17.04,0.999961,-0.00847781,0.000827866,-0.00228382,-0.0103457,-0.0151391,-0.00144037,0.0703666,0.0110855,-1.29564,-0.00617914,-0.00855069,0.091721,24.8096,0.0597589,-0.0153268,-0.193317
17.06,0.999961,-0.00852066,0.000769531,-0.00228523,-0.00941363,-0.0147396,-0.000641448,0.0702725,0.0105388,-1.29587,-0.00544195,-0.00956959,0.0917725,24.3514,-0.0246913,0.00765477,-0.515482
17.08,0.99996,-0.00864547,0.000647069,-0.00229117,-9.25481e-05,-0.00115748,0.00095646,0.0698787,0.00725537,-1.29667,0.000887522,-0.0173883,0.0927673,24.9296,0.0445891,-0.0880708,-0.471891
17.1,0.999961,-0.00854783,0.000631418,-0.00227262,0.0125575,0.000573572,0.00122281,0.0698137,0.00490557,-1.29697,0.00495454,-0.0228729,0.0934614,27.8934,0.00764545,0.0343169,-0.554035
17.12,0.999961,-0.00849432,0.000651789,-0.00225824,0.0146825,0.00496809,0.00348667,0.0698124,0.00423051,-1.29718,0.00568505,-0.0243359,0.0932983,25.1168,0.0169224,0.0012155,-0.517707
17.14,0.999962,-0.00842099,0.000676801,-0.00225512,0.0196093,0.00616657,0.000690288,0.0698186,0.00355254,-1.29737,0.00666971,-0.026116,0.0933564,25.419,0.00430783,0.0304745,-0.562367
17.16,0.999964,-0.00812257,0.000849605,-0.00225244,0.0178783,0.0128244,0.000823449,0.0699316,0.000831852,-1.29786,0.0104654,-0.0305869,0.0936131,24.8773,0.0100301,0.0328143,-0.559423
17.18,0.999967,-0.00771071,0.0011209,-0.0022631,0.0238704,0.0142891,-0.000907632,0.0702249,-0.00245807,-1.29791,0.0130718,-0.0307618,0.0952437,26.7103,0.000349341,0.0227458,-0.592861
17.2,0.999969,-0.00741551,0.00126355,-0.0022469,0.0254683,0.0128244,0.000823486,0.0704296,-0.00432492,-1.29765,0.0124169,-0.0303805,0.0959431,24.8358,0.0591516,-0.00916065,-0.360838
17.22,0.99997,-0.00732077,0.00131015,-0.00224631,0.0245362,0.011626,0.000157669,0.0704955,-0.00492976,-1.29751,0.0121051,-0.0303586,0.0964475,23.6585,-0.00761239,-0.00280373,-0.436956
17.24,0.999972,-0.00691397,0.00160175,-0.00224283,0.0181446,0.0150881,-0.000374968,0.070794,-0.0078984,-1.29683,0.0117298,-0.026011,0.0979884,27.0391,0.0280622,0.0479012,-0.398772
17.26,0.999973,-0.00670694,0.00175104,-0.00224747,0.00668688,0.00523561,0.00135637,0.0709551,-0.0108662,-1.29679,0.00830617,-0.0170087,0.0989592,24.2278,-0.0163242,-0.0109273,-0.283564
17.28,0.999974,-0.00669287,0.00176818,-0.00224383,0.00442317,0.00417038,0.000823719,0.0709687,-0.011389,-1.29671,0.00709174,-0.0152158,0.0990968,26.4861,-0.0156744,0.0360254,-0.51978
17.3,0.999973,-0.00668144,0.00181461,-0.00225903,-0.00183525,0.0037709,-0.00290469,0.0709614,-0.0128274,-1.29634,0.00408917,-0.0103525,0.0995261,26.2007,-0.0422153,-0.0203011,-0.511703
17.32,0.999973,-0.00675491,0.00180791,-0.00227011,-0.00689527,-0.00421858,-0.00250521,0.0708979,-0.0140727,-1.29578,0.00173895,-0.00541686,0.0996103,24.7396,0.0111216,-0.00281278,-0.214117
17.34,0.999971,-0.00705055,0.00165197,-0.00227279,-0.0194184,-0.0103429,0.000158137,0.0706242,-0.016125,-1.29547,-0.00241909,0.00210329,0.09877,25.0628,0.0675779,-0.0299432,-0.361602
17.36,0.99997,-0.00720492,0.00157938,-0.00225697,-0.0168885,-0.00874495,0.00322081,0.0704586,-0.0169101,-1.29547,-0.00378858,0.00450797,0.0983089,24.6999,0.000282881,0.0486291,-0.487518
17.38,0.99997,-0.00729239,0.00154094,-0.00225277,-0.0208832,-0.00981024,0.000823901,0.070352,-0.0173784,-1.29571,-0.00427332,0.00531438,0.097923,28.8513,-0.0427671,-0.0097755,-0.568257
17.4,0.999969,-0.00748284,0.00143896,-0.00223642,-0.0236845,-0.0135378,0.00148986,0.0701367,-0.01827,-1.29611,-0.00454498,0.00580283,0.097371,23.7115,-0.0192256,0.00969831,-0.489107
17.42,0.999965,-0.00794843,0.0011973,-0.00223906,-0.0214209,-0.00754565,-0.000906938,0.0696363,-0.0203337,-1.29668,-0.00373868,0.00427032,0.0963118,26.8476,0.0947613,0.00104048,-0.490062
17.44,0.999964,-0.00816077,0.00108905,-0.00223179,-0.0140972,-0.0088772,0.000557826,0.0693832,-0.0215117,-1.29673,-0.0019691,0.0012929,0.0965478,25.4525,0.022348,-0.0532697,-0.501398
17.46,0.999963,-0.00821115,0.00104907,-0.0022212,-0.0115672,-0.0102088,0.00242204,0.069313,-0.0219043,-1.29671,-0.000971359,0.000194636,0.0965963,25.1741,0.0322317,0.0422321,-0.530589
17.48,0.999963,-0.00832234,0.000971283,-0.00222347,-0.00690665,-0.00554826,-0.00037429,0.0691495,-0.0230945,-1.29649,0.00121235,-0.00421907,0.0970308,24.5948,-0.0109552,0.0315394,-0.511899
17.5,0.999962,-0.00836974,0.000914068,-0.00221533,0.00400618,0.00204243,0.000291687,0.0689455,-0.0257609,-1.29711,0.00528834,-0.0117336,0.0967141,24.9349,-0.00190271,-0.0385264,-0.597576
17.52,0.999963,-0.00830534,0.000945008,-0.00220635,0.0113299,0.00510508,0.000824331,0.0689285,-0.0268379,-1.29719,0.00763824,-0.0144913,0.0967683,25.9129,0.081561,0.00832534,-0.586867
17.54,0.999963,-0.00825748,0.000976017,-0.00221507,0.0130609,0.00763507,-0.00223833,0.0689357,-0.0273794,-1.29719,0.0087389,-0.0159571,0.0966666,25.2273,-0.014326,0.0584612,-0.552436
17.56,0.999964,-0.0081353,0.00102949,-0.00222081,0.017322,0.00696918,0.00228907,0.0689792,-0.0284716,-1.29713,0.0106528,-0.0190689,0.09686,25.7762,-0.00613951,0.0167114,-0.762088
17.58,0.999967,-0.00769706,0.00120863,-0.00220092,0.0245068,0.00963353,0.00109082,0.0691465,-0.0315848,-1.29745,0.0135952,-0.0246072,0.0966012,25.7387,0.0666258,-0.00902529,-0.550094
17.6,0.99997,-0.00736484,0.00137088,-0.0022133,0.030499,0.0150929,2.55715e-05,0.0692794,-0.0335283,-1.2977,0.0145927,-0.0248447,0.0965227,25.4919,0.0509754,0.0746044,-0.470915
17.62,0.999972,-0.00693085,0.00161884,-0.00222434,0.0283684,0.0132287,-0.00210493,0.0694996,-0.0359592,-1.2977,0.0148465,-0.0231076,0.0969356,26.4372,-0.0187517,0.01173,-0.596931
17.64,0.999973,-0.00684589,0.00166746,-0.00221569,0.0222432,0.0120303,0.00215612,0.0695572,-0.0365332,-1.29763,0.0144985,-0.0223127,0.0972242,25.3842,0.044062,-0.00394709,-0.623433
17.66,0.999974,-0.00662018,0.00178385,-0.00220982,0.0191805,0.00989982,0.000291921,0.0697056,-0.0381525,-1.29732,0.0119579,-0.0183445,0.0973787,24.6215,-0.0235077,0.00460348,-0.625816
17.68,0.999976,-0.00634537,0.00192984,-0.00220717,0.00599259,0.00564071,0.000558504,0.0696365,-0.0409577,-1.29788,0.00792099,-0.0103592,0.0970442,25.1532,0.11713,0.0146334,-0.547741
17.7,0.999976,-0.00633266,0.00194547,-0.00219414,0.0014652,0.00217862,-0.000240444,0.0695805,-0.0419162,-1.29793,0.00628265,-0.00648332,0.0969102,26.4575,-0.0365609,-0.00864737,-0.552553
17.72,0.999976,-0.00635566,0.0019717,-0.00218862,-0.00252954,0.00257809,0.000957978,0.0695052,-0.0427716,-1.2979,0.00443118,-0.00223412,0.0971065,27.1319,0.00134977,-0.00819284,-0.564705
17.74,0.999975,-0.00637872,0.00197016,-0.00218684,-0.00479323,-0.0006177,0.000292201,0.0694575,-0.0431604,-1.29784,0.00339024,-0.000160731,0.096913,24.5755,0.0310182,0.00715562,-0.646931
17.76,0.999974,-0.00656063,0.00184195,-0.00217725,-0.0123833,-0.0107377,0.000558476,0.0691168,-0.0447729,-1.29727,-0.00193089,0.00764731,0.0969264,22.4464,-0.00369084,0.0177026,-0.420785
17.78,0.999972,-0.00698655,0.00158055,-0.00216731,-0.0251727,-0.0159289,0.00109137,0.0685003,-0.0462949,-1.29721,-0.00556617,0.0135872,0.0974609,26.7612,0.0366317,0.0116698,-0.33278
17.8,0.999971,-0.00708623,0.00152723,-0.00216977,-0.023841,-0.0136654,-0.000905949,0.0683538,-0.0465952,-1.29726,-0.0059382,0.0146327,0.0975097,22.9944,0.00438523,-0.0117622,-0.469036
17.82,0.999969,-0.0074443,0.00130197,-0.00216699,-0.0201127,-0.0149968,2.62007e-05,0.0677841,-0.0476598,-1.29723,-0.00558734,0.015616,0.0973361,27.6276,0.00310483,0.00171285,-0.42328
17.84,0.999966,-0.00785643,0.00101816,-0.00215523,-0.0214505,-0.0106013,-0.000772623,0.0670025,-0.0495014,-1.29818,-0.00468896,0.0109048,0.0964765,26.2496,-0.0405405,0.0142435,-0.688927
17.86,0.999965,-0.00809912,0.000894692,-0.00215639,-0.0104029,-0.0056731,0.0006924,0.0663695,-0.0512739,-1.2995,-0.00186372,0.00713885,0.095039,27.2408,0.035414,-0.0155329,-0.637109
17.88,0.999964,-0.00812694,0.000870904,-0.0021489,-0.00560923,-0.00633888,0.00162449,0.066236,-0.0517086,-1.29977,-0.000834336,0.00579194,0.0949211,25.6193,0.0126903,-0.00314224,-0.59639
17.9,0.999964,-0.00814516,0.000825667,-0.00215361,0.0035787,-0.00354257,-0.000239719,0.0657939,-0.0534709,-1.30055,0.00263404,-0.00097372,0.0947121,23.6834,0.000136457,0.015199,-0.566226
17.92,0.999965,-0.00806694,0.00084132,-0.00214074,0.00943764,0.00458008,0.00109189,0.0655573,-0.0548245,-1.30087,0.00434364,-0.00545542,0.0948992,26.2192,-0.0101136,0.0183245,-0.675088
17.94,0.999966,-0.00786784,0.000944087,-0.00213181,0.016495,0.00684373,0.00122503,0.0653456,-0.0566361,-1.30094,0.00740204,-0.00962506,0.0957869,26.284,0.00702074,0.00463642,-0.477852
17.96,0.999967,-0.00780059,0.000976811,-0.00211863,0.0178266,0.00790902,0.00322234,0.0653134,-0.0570848,-1.3009,0.00821224,-0.0100654,0.0960976,26.4577,0.0275139,0.031286,-0.597088
17.98,0.999969,-0.00755662,0.00105039,-0.00212221,0.0218214,0.00484635,0.00109179,0.065217,-0.0585088,-1.30093,0.0092655,-0.0119744,0.0969349,23.1208,-0.00597407,-0.0178724,-0.568449
18,0.999972,-0.00706624,0.00124249,-0.00212479,0.0248788,0.0119056,0.000559579,0.0650153,-0.0611138,-1.30147,0.0100982,-0.0125405,0.0981438,27.736,0.0594339,0.0130714,-0.778427
18.02,0.999973,-0.00687683,0.0013419,-0.00212314,0.0227483,0.0116393,-0.00090519,0.0649601,-0.0620773,-1.30151,0.0104026,-0.0114599,0.0982007,24.1723,0.0115314,0.0291301,-0.492142
18.04,0.999974,-0.00674018,0.00143006,-0.00212568,0.0172888,0.00844345,0.000958931,0.0649234,-0.0629807,-1.30145,0.0108204,-0.0093005,0.0986057,24.4361,0.0690855,-0.00561939,-0.527841
18.06,0.999974,-0.00667356,0.00145628,-0.00212206,0.0175551,0.0063129,0.000825787,0.0649093,-0.0634031,-1.30138,0.0108018,-0.00768699,0.09872,23.7606,-0.0266287,0.0710015,-0.387093
18.08,0.999976,-0.00642594,0.00161414,-0.00211653,0.0102314,0.00844345,-0.000905237,0.0648012,-0.0652016,-1.3007,0.00664366,0.000286308,0.0999894,26.4259,0.0156419,0.00147423,-0.351162
18.1,0.999976,-0.00643684,0.00168428,-0.00210553,-0.00295576,0.000723124,0.000293578,0.0643935,-0.0667521,-1.30049,0.00259053,0.00869546,0.100387,27.7373,-0.024533,0.0290947,-0.617964
18.12,0.999976,-0.00645805,0.00167852,-0.00210569,-0.0044205,-0.00180688,-0.000239051,0.0642761,-0.0670315,-1.30051,0.00174995,0.0105257,0.100252,25.8197,0.0185981,0.0235911,-0.471738
18.14,0.999975,-0.00649354,0.00165999,-0.00210363,-0.00801577,-0.00500267,0.000293595,0.0641543,-0.0672879,-1.3005,0.00070822,0.012244,0.100127,24.3898,0.0364491,-0.0360513,-0.618971
18.16,0.999973,-0.00692757,0.00141957,-0.0020754,-0.019201,-0.0121932,0.00322304,0.0631843,-0.0685045,-1.29986,-0.00451047,0.0219885,0.0997957,25.0654,0.0295316,-0.0545748,-0.455555
18.18,0.999972,-0.00710787,0.00131936,-0.00206702,-0.0222689,-0.01299,0.000560242,0.0628005,-0.0689137,-1.30017,-0.00521412,0.0231606,0.099996,25.8562,0.0158173,0.0272149,-0.487986
18.2,0.999971,-0.00719586,0.00126972,-0.00206407,-0.0210704,-0.0128569,0.000427015,0.0626101,-0.0690971,-1.30028,-0.00548482,0.0238656,0.0998524,24.9453,-0.0353648,0.0422971,-0.586778
18.22,0.999969,-0.00748032,0.00110545,-0.0020723,-0.0200087,-0.0171162,-0.000637872,0.061944,-0.0697814,-1.30127,-0.0054852,0.0248369,0.0988608,24.7443,-0.0464895,-0.0180859,-0.638264
18.24,0.999966,-0.00789827,0.000867087,-0.00206179,-0.0189434,-0.00859411,-0.00130373,0.0609609,-0.0707369,-1.3024,-0.00304978,0.0227896,0.0973157,26.2521,0.0171613,0.0104316,-0.580989
18.26,0.999964,-0.00820804,0.000740636,-0.00205739,-0.00603084,-0.00539677,-0.00183615,0.0598983,-0.0721641,-1.30413,0.00136369,0.0159656,0.097136,24.3284,0.0165434,0.0332948,-0.55441
18.28,0.999964,-0.00824326,0.000731658,-0.00206155,-0.00776191,-0.00273359,-0.0013035,0.0597514,-0.0724173,-1.30436,0.00227704,0.0147006,0.0972737,26.5823,0.00247506,-0.0845936,-0.540051
18.3,0.999963,-0.0082776,0.000728669,-0.00203709,0.00089337,0.000861668,0.00309073,0.0593668,-0.0731893,-1.30488,0.00429795,0.0107097,0.098047,25.4564,0.0145814,0.0236856,-0.657331
18.32,0.999964,-0.00815152,0.000852707,-0.00203289,0.0131439,0.00751957,-0.000770874,0.0588976,-0.0745122,-1.30518,0.0079862,0.0042102,0.0996856,25.3223,0.0541781,-0.0110318,-0.394076
18.34,0.999965,-0.00808623,0.0008853,-0.00202913,0.0171387,0.00778587,0.000827008,0.0588322,-0.0747851,-1.30516,0.00872677,0.00295838,0.100084,25.822,0.0402472,-0.0138921,-0.623232
18.36,0.999965,-0.00802031,0.000914561,-0.00203602,0.0172718,0.00698696,-0.00183611,0.0587747,-0.0750602,-1.30511,0.00923523,0.00177307,0.10024,25.0249,0.0322432,0.0672843,-0.643833
18.38,0.999968,-0.00762947,0.00109067,-0.0020338,0.0184702,0.0105822,0.000161288,0.0585688,-0.0764291,-1.30455,0.0104832,-0.000996354,0.101437,26.9292,0.00654691,-0.0135863,-0.38714
18.4,0.999972,-0.00714668,0.00140371,-0.00202037,0.0213955,0.00951878,0.00269153,0.0582193,-0.0783409,-1.30489,0.0105066,0.00107595,0.102035,25.2595,-0.0255509,-0.014798,-0.439903
18.42,0.999973,-0.00694208,0.00146358,-0.00199634,0.0178002,0.00312723,0.0006942,0.0580585,-0.0791321,-1.30471,0.00821636,0.00348985,0.102751,25.5076,0.0181771,0.0139197,-0.62518
18.44,0.999973,-0.00688575,0.00148419,-0.00198623,0.0147376,0.00485829,0.00242526,0.0579973,-0.0793654,-1.3046,0.00745789,0.00485493,0.102921,24.113,0.00924512,-0.044571,-0.413934
18.46,0.999974,-0.00678597,0.00155276,-0.0019661,0.00475073,0.0055241,-0.000237909,0.0577944,-0.0799547,-1.30415,0.00546279,0.00936201,0.103128,28.1593,0.0197971,0.0344597,-0.430688
18.48,0.999974,-0.00675327,0.00158922,-0.00196596,-0.000309269,-0.00286486,2.83875e-05,0.0573434,-0.08061,-1.3033,0.0020398,0.0184041,0.104102,26.4248,-0.0608808,0.0283804,-0.573818
18.5,0.999973,-0.00687221,0.00151247,-0.00198535,-0.0076368,-0.00938654,-0.00196858,0.0567109,-0.0810065,-1.30323,-0.00243481,0.0252267,0.104421,23.4995,0.019328,0.0249751,-0.565053
18.52,0.999973,-0.00692295,0.0014674,-0.0019895,-0.012031,-0.0116502,-0.00130287,0.0565392,-0.0810527,-1.30316,-0.00336784,0.027006,0.104254,24.0648,0.0646068,-0.0168498,-0.675179
18.54,0.999971,-0.00722523,0.0012859,-0.00200191,-0.0186889,-0.012316,-0.00183539,0.0558199,-0.0810382,-1.30263,-0.00623915,0.0332489,0.104483,26.9614,0.0327321,-0.00483363,-0.590395
18.56,0.999969,-0.00751349,0.00111852,-0.00199086,-0.026412,-0.0161777,0.00109406,0.05527,-0.0808521,-1.30202,-0.0073834,0.0362456,0.104547,24.6354,-0.00515804,-0.00862486,-0.639742
18.58,0.999966,-0.00793776,0.000840309,-0.00198353,-0.0250851,-0.017773,-0.000503553,0.0543522,-0.0808155,-1.30218,-0.00740854,0.0375501,0.103846,26.0196,-0.057889,0.0211759,-0.542292
18.6,0.999965,-0.00804314,0.000780186,-0.00197843,-0.0256178,-0.0155093,0.000961113,0.0541333,-0.0807832,-1.30216,-0.00736443,0.0376851,0.103715,26.911,0.0436786,-0.0252513,-0.816787
18.62,0.999964,-0.00825215,0.000655686,-0.00195756,-0.0257509,-0.0156425,0.00069481,0.0537126,-0.0807024,-1.30206,-0.00659008,0.0368141,0.103698,23.7713,0.00953993,0.0166373,-0.871737
18.64,0.99996,-0.00868732,0.000461296,-0.00195884,-0.0169667,-0.00751795,0.000295665,0.0526621,-0.0808189,-1.30252,-0.0025789,0.0322685,0.102588,26.383,0.00638813,-0.0358364,-0.507536
18.66,0.999959,-0.0088343,0.000384241,-0.00196295,-0.00831147,-0.00685216,-0.00116908,0.0521432,-0.0809628,-1.30266,0.000795784,0.0277565,0.102261,24.2202,-0.0493149,-0.0813712,-0.753956
18.68,0.999959,-0.00889163,0.00036325,-0.00197493,-0.00458305,-0.00232477,-0.00143542,0.0518586,-0.0810817,-1.30264,0.00259218,0.0248928,0.101967,27.8676,0.00329186,0.0408521,-0.80341
18.7,0.999958,-0.00889901,0.000375775,-0.00197082,0.00393906,0.00220261,0.00136092,0.0513784,-0.0814532,-1.30261,0.00631179,0.0194723,0.101377,28.6837,-0.0231724,0.0175888,-0.575374
18.72,0.99996,-0.00866215,0.000545456,-0.0019615,0.0199138,0.00939485,2.95922e-05,0.0509156,-0.0823399,-1.30306,0.0115575,0.0119925,0.101339,27.1602,0.0304576,-0.00921264,-0.637376
18.74,0.999962,-0.00842847,0.000704508,-0.0019649,0.023905,0.0172526,0.00029607,0.0506797,-0.083124,-1.30374,0.0135266,0.00849289,0.100887,25.4518,0.0307645,0.0121991,-0.487786
18.76,0.999963,-0.00834217,0.000758324,-0.00195643,0.0225734,0.0129915,0.00202722,0.0506183,-0.0833842,-1.30391,0.0140144,0.00776957,0.100712,23.6995,0.00433919,0.0180293,-0.800458
18.78,0.999966,-0.00792319,0.00106259,-0.00195143,0.0221739,0.0145895,0.00216033,0.050413,-0.084598,-1.30437,0.0151037,0.0075425,0.100278,24.438,-0.0145356,0.0175748,-0.426382
18.8,0.999969,-0.00747026,0.00133429,-0.00193866,0.0209755,0.0151221,0.000296138,0.0502829,-0.0855693,-1.30424,0.013779,0.0105646,0.100433,24.8141,0.0324759,0.0190592,-0.532341
18.82,0.99997,-0.00735117,0.00143925,-0.00193592,0.0144508,0.0127252,0.000695623,0.0502344,-0.0858651,-1.30403,0.0129821,0.0129,0.100978,26.2384,0.00326746,0.000974618,-0.533401
18.84,0.99997,-0.00727594,0.00151854,-0.00193195,0.0101897,0.00673314,-0.000502854,0.0501816,-0.0860906,-1.30372,0.0116285,0.0162089,0.101425,24.142,0.0263091,-0.00184388,-0.521141
18.86,0.999971,-0.00718495,0.00160085,-0.0019254,0.00366169,0.00260782,0.000429624,0.049851,-0.086417,-1.30312,0.00568542,0.0257975,0.102339,27.1404,0.0215444,-0.0320667,-0.598291
18.88,0.99997,-0.00728471,0.00156578,-0.00193665,-0.0113852,-0.00631377,-0.000103008,0.0493594,-0.0864554,-1.3029,0.00184382,0.0326931,0.102521,25.2733,0.00787889,0.0230107,-0.437499
18.9,0.99997,-0.00735431,0.00153307,-0.00193128,-0.0167115,-0.00857742,0.00109542,0.0492271,-0.0864138,-1.30278,0.00101722,0.0346536,0.102742,27.323,-0.00326138,0.0128948,-0.487643
18.92,0.999968,-0.00771329,0.00137531,-0.00191129,-0.0215052,-0.0109743,0.000429652,0.0486517,-0.0860336,-1.30209,-0.00331415,0.0420428,0.103616,27.293,-0.00472651,-0.0283442,-0.456138
18.94,0.999964,-0.00816597,0.00108375,-0.00188612,-0.0252336,-0.0192301,0.00256014,0.0477977,-0.0852817,-1.30103,-0.00626402,0.0450975,0.104029,22.9135,-0.00423911,0.014045,-0.462579
18.96,0.999963,-0.00838872,0.000924448,-0.00188735,-0.0280341,-0.0205593,-0.00116809,0.0473784,-0.0850614,-1.3009,-0.00651826,0.0450913,0.103922,25.5487,-0.027282,-0.0396184,-0.416093
18.98,0.999962,-0.00850689,0.000850397,-0.00188269,-0.0288331,-0.0189614,0.000829263,0.0471325,-0.0849953,-1.30102,-0.00664107,0.0453966,0.103677,25.145,-0.00491404,-0.00313178,-0.536509
19,0.999957,-0.00904883,0.000545829,-0.00186099,-0.0192485,-0.0123016,-0.000502013,0.0459714,-0.0845558,-1.30125,-0.00567035,0.0439231,0.103007,25.7767,0.00358953,-0.00280446,-0.562277
19.02,0.999955,-0.00934861,0.00028764,-0.00185465,-0.0140553,-0.0132337,0.00216113,0.0450305,-0.0841196,-1.30088,-0.00154547,0.0368589,0.10287,25.3381,0.0167864,0.00227421,-0.509477
19.04,0.999953,-0.00947542,0.000198646,-0.00184335,-0.00740043,-0.00417723,0.00149557,0.0444795,-0.0841169,-1.30103,0.000648562,0.0320751,0.103125,25.7782,-0.00275043,-0.0576843,-0.675318
19.06,0.999953,-0.00949722,0.000197875,-0.0018406,-0.000343061,0.00101593,3.08293e-05,0.0441685,-0.0841413,-1.301,0.00297987,0.029061,0.103063,23.6386,-0.00675508,0.0279062,-0.581649
19.08,0.999956,-0.00924574,0.000272263,-0.00185319,0.014837,0.00341276,-0.000634906,0.0435437,-0.0843766,-1.30039,0.00944075,0.0187586,0.102773,27.0004,0.0187838,0.00398831,-0.64541
19.1,0.999958,-0.0089494,0.000408546,-0.00186348,0.0218943,0.0098044,0.00162872,0.0433442,-0.0846479,-1.29957,0.0120174,0.0149997,0.10307,25.9307,-0.0277084,0.0381893,-0.368264
19.12,0.99996,-0.00876902,0.00050535,-0.00187113,0.0236254,0.012867,-0.000235419,0.0432928,-0.0847827,-1.29905,0.0132928,0.0141977,0.103334,26.0789,0.0245885,0.00401977,-0.535749
19.14,0.99996,-0.00867497,0.000560678,-0.00186625,0.0240249,0.0135327,0.00122922,0.0432334,-0.084905,-1.299,0.0136649,0.0139431,0.103288,26.3685,0.0278789,0.0248687,-0.373553
19.16,0.999964,-0.00818012,0.000871717,-0.00185372,0.0221577,0.0126029,-0.000368457,0.0430279,-0.0854338,-1.29848,0.0145432,0.0143955,0.102792,24.5584,-0.00916654,-0.0789024,-0.565624
19.18,0.999967,-0.00784321,0.00109382,-0.00185463,0.014035,0.0094071,0.00109638,0.0428733,-0.0857114,-1.29745,0.0115969,0.0193721,0.102226,25.5356,-0.0191674,-0.0197452,-0.559893
19.2,0.999967,-0.00779756,0.00112742,-0.00184954,0.0119045,0.00807553,0.00122948,0.0428356,-0.0857212,-1.29719,0.0109015,0.0210438,0.101983,28.1281,0.0525439,0.0472726,-0.384145
19.22,0.999968,-0.00766061,0.00124746,-0.00184993,0.00591238,0.00487974,-0.000634706,0.0426538,-0.0855655,-1.29598,0.0078025,0.0280665,0.101923,24.5879,0.0490888,-0.0297276,-0.561683
19.24,0.999967,-0.0077606,0.00124245,-0.00186216,-0.0123331,-0.00523787,-0.000235033,0.0421589,-0.085193,-1.29526,0.0033413,0.0361095,0.1008,24.2018,-0.0382288,-0.00363887,-0.466372
19.26,0.999967,-0.00788471,0.00119695,-0.00184441,-0.0161947,-0.00670268,0.000164444,0.0419108,-0.0849348,-1.29494,0.0012352,0.039527,0.100723,28.3244,0.0562398,0.037377,-0.491868
19.28,0.999966,-0.00800538,0.00113154,-0.00182978,-0.0156621,-0.00816738,0.0024281,0.0416461,-0.0846067,-1.29455,-0.000578926,0.0423993,0.10032,26.382,-0.00904531,-0.0549093,-0.615073
19.3,0.999963,-0.00841301,0.000963699,-0.00179973,-0.0239179,-0.00736844,0.000164498,0.0409521,-0.0835467,-1.29328,-0.00243979,0.0471593,0.0996701,25.6641,-0.0373394,-0.021076,-0.589636
19.32,0.999958,-0.00896968,0.000669753,-0.00178892,-0.024721,-0.01509,-0.000234893,0.0402249,-0.0824185,-1.29219,-0.00350924,0.0482287,0.0986083,26.9816,0.0208134,-0.0267059,-0.57118
19.34,0.999957,-0.00906721,0.000616792,-0.00178892,-0.0237889,-0.0136252,-0.000234913,0.0400629,-0.0822279,-1.2921,-0.00371944,0.0479029,0.0982436,24.156,0.00297962,0.021305,-0.65006
19.36,0.999956,-0.00915775,0.000572349,-0.00178474,-0.0220579,-0.0114947,0.000830385,0.039904,-0.0820356,-1.29198,-0.00356138,0.0472428,0.0980001,23.8331,-0.0125591,-0.0399706,-0.712992
19.38,0.999952,-0.00958397,0.000385373,-0.00177954,-0.0148706,-0.007765,0.000164785,0.0389981,-0.0812241,-1.29191,0.000331522,0.0395975,0.0965849,25.3915,0.00733653,0.0337886,-0.448651
19.4,0.999951,-0.0097126,0.000266005,-0.00180424,0.000439859,-0.00283691,0.000298102,0.0383614,-0.0809297,-1.29232,0.00329863,0.0331304,0.0952045,24.8633,-0.0335571,-0.030686,-0.62301
19.42,0.999951,-0.00968275,0.000274939,-0.00181164,0.00536671,0.00129098,-0.000767176,0.0381487,-0.0808944,-1.2925,0.00472964,0.0296271,0.0947382,25.6732,-0.00328495,-0.0269617,-0.535872
19.44,0.999952,-0.00961756,0.000300243,-0.00181499,0.00909514,0.00288888,-0.00103351,0.0379755,-0.0808912,-1.29258,0.00661178,0.0261423,0.0947691,25.8709,0.00864138,0.00366043,-0.678951
19.46,0.999954,-0.00941899,0.000379718,-0.00181624,0.015753,0.00488629,-0.00129981,0.0377614,-0.0809637,-1.29248,0.0101372,0.0206433,0.0947277,27.7628,0.0320973,0.0508994,-0.467739
19.48,0.999957,-0.00910402,0.000494813,-0.0018307,0.0250713,0.00981432,-0.00289752,0.0376344,-0.0811878,-1.29251,0.0120288,0.017818,0.0939488,24.0499,0.0091621,-0.0301219,-0.41954
19.5,0.999958,-0.00901218,0.000528866,-0.00183577,0.0237398,0.0082163,-0.00129973,0.0376066,-0.081269,-1.29258,0.0124369,0.0172791,0.093839,23.0666,-0.020997,0.00667749,-0.300954
19.52,0.999958,-0.00891599,0.000565099,-0.00183023,0.024805,0.00874902,0.00136356,0.0375851,-0.0813487,-1.29262,0.012689,0.0166839,0.0937002,25.9522,0.0406655,0.0132896,-0.590296
19.54,0.999961,-0.00860235,0.000771891,-0.00183317,0.0192124,0.0123443,0.000165025,0.0375331,-0.0816264,-1.29259,0.0128155,0.0170407,0.0932114,28.0217,-0.0139138,-0.0534239,-0.684434
19.56,0.999964,-0.00819447,0.000942438,-0.00184889,0.0218756,0.0119448,-0.0031639,0.0375228,-0.0817458,-1.29212,0.0114138,0.021123,0.0922778,27.2207,0.0398816,-0.00738788,-0.336131
19.58,0.999965,-0.00803459,0.00101617,-0.0018519,0.0186798,0.00941479,0.00056463,0.0375139,-0.0817187,-1.2918,0.0105678,0.0219834,0.0922149,22.0853,-0.0440755,0.0277136,-0.49761
19.6,0.999966,-0.00791965,0.00109895,-0.00184912,0.0152176,0.00941482,0.000697677,0.0375061,-0.0816581,-1.29141,0.0103003,0.0233261,0.0923558,27.126,0.0340305,0.00503006,-0.426015
19.62,0.999967,-0.00778856,0.00120278,-0.00186694,0.0122882,0.00834953,-0.00116653,0.0375076,-0.0814841,-1.29069,0.0100411,0.0259424,0.0925008,24.3942,-0.0110946,-0.0253725,-0.396151
19.64,0.99997,-0.0074501,0.00138586,-0.00185155,0.0100225,0.00755249,0.000298449,0.0372526,-0.0810032,-1.29021,0.00788306,0.0286199,0.0925895,27.3649,-0.00953144,0.0145822,-0.523409
19.66,0.99997,-0.00741436,0.00141329,-0.0018455,0.00935675,0.00662041,0.00149684,0.0372193,-0.0809097,-1.29006,0.00783357,0.028762,0.0926494,23.4496,0.016174,-0.0386944,-0.301775
19.68,0.99997,-0.00735652,0.00147065,-0.00184726,0.00709307,0.00688671,-0.000500532,0.0371612,-0.0807033,-1.2897,0.00787317,0.0294158,0.0928063,25.1257,0.00106797,-0.00304956,-0.318021
19.7,0.999972,-0.00713305,0.00159159,-0.00182427,0.0125525,0.00382409,0.000831058,0.0369998,-0.0799052,-1.28821,0.0055765,0.0316277,0.0931489,26.4541,0.0230487,0.0250178,-0.340026
19.72,0.999973,-0.00698035,0.00164281,-0.00182161,0.0110847,0.00302623,-0.000766708,0.0367711,-0.0795418,-1.28823,0.00456026,0.0324695,0.0921958,24.32,0.0326491,-0.00186852,-0.289558
19.74,0.999973,-0.00692696,0.00166863,-0.00182617,0.00628893,0.00316037,-0.00156551,0.0366339,-0.0793789,-1.28845,0.00460402,0.0331923,0.0918709,26.9668,3.30944e-05,-0.0586315,-0.544942
19.76,0.999973,-0.00689217,0.00169345,-0.00183176,0.00921843,0.00595665,-0.00143237,0.0365704,-0.0792859,-1.28853,0.00463877,0.0334885,0.091557,24.1015,-0.0281165,-0.000627999,-0.287429
19.78,0.999974,-0.00682721,0.00173465,-0.00181787,0.00788683,0.00635616,0.000431859,0.0364539,-0.0790757,-1.28862,0.00488471,0.0343324,0.0910778,26.9273,0.0237841,0.026626,-0.456388
19.8,0.999974,-0.00666483,0.00184493,-0.00182197,0.00908525,0.00302722,-0.000633407,0.0362176,-0.0784035,-1.28848,0.00469977,0.0366145,0.0906665,24.726,-0.0424,0.0160976,-0.309831
19.82,0.999975,-0.0066137,0.00186435,-0.0018304,0.00642209,0.00236141,-0.0010329,0.0361258,-0.078077,-1.28829,0.0036397,0.0374114,0.0906572,25.3494,0.0186093,-0.00929544,-0.464261
19.84,0.999975,-0.00659183,0.00185755,-0.00183052,0.00588946,-0.00189964,-0.000100789,0.0360783,-0.0779034,-1.28816,0.00337848,0.0378075,0.0908132,25.4139,0.0138214,0.025701,-0.339022
19.86,0.999975,-0.00650902,0.00190047,-0.00183964,0.00176155,0.00435879,3.23733e-05,0.0358169,-0.0769459,-1.28752,0.00215264,0.0413122,0.0910509,26.246,-0.0358492,-0.0481334,-0.434197
19.88,0.999976,-0.0064297,0.00195351,-0.00187432,0.00309074,0.00289501,3.25037e-05,0.0354854,-0.075733,-1.28737,0.00287375,0.0440004,0.0903702,26.8011,0.028304,0.0174144,-0.350623
19.9,0.999976,-0.00639334,0.00198514,-0.00185997,0.00522127,0.00396028,0.000698293,0.0353894,-0.0752674,-1.28716,0.00199408,0.0449837,0.0900512,24.7182,-0.0858859,-0.00539619,-0.449838
19.92,0.999976,-0.00638203,0.00199582,-0.00186128,0.0032239,0.00249554,-0.000366977,0.0353384,-0.075023,-1.28703,0.00147399,0.0454251,0.0897641,26.4024,0.0136921,-0.0526854,-0.407727
19.94,0.999976,-0.00640539,0.00200106,-0.0018421,-0.00236995,-0.00176405,0.00189684,0.034903,-0.0737756,-1.28735,-0.0012024,0.0496652,0.089118,23.2175,0.0379361,-0.0251505,-0.361024
19.96,0.999976,-0.00638938,0.00198856,-0.00183646,0.000959007,-0.00096511,0.00216316,0.0343349,-0.0719417,-1.28703,-0.00329298,0.0529345,0.0890755,27.0302,-0.00552024,-0.0123065,-0.474772
19.98,0.999976,-0.00639224,0.00197917,-0.00183069,-0.000372575,-0.00256301,0.00136421,0.0342406,-0.0716113,-1.28691,-0.00346428,0.0533058,0.0891096,24.7152,-0.0119974,0.015212,-0.483045
20,0.999976,-0.00643723,0.00197731,-0.00183679,-0.00529942,-0.00109826,-0.000233679,0.0340546,-0.0709318,-1.28661,-0.00355822,0.0540388,0.0889465,22.9905,0.0306453,-0.0664232,-0.434877
20.02,0.999975,-0.00649224,0.00196676,-0.0018489,-0.000639345,-0.00122949,-0.000766159,0.0335943,-0.0695094,-1.28663,-0.00356338,0.0561038,0.0882753,25.866,-0.0818899,-0.0489903,-0.386654
20.04,0.999975,-0.00650081,0.0019046,-0.00183578,-0.00370198,-0.00269423,0.00083173,0.0329914,-0.0676064,-1.28653,-0.00519146,0.0576292,0.0874208,24.8783,-0.0355451,-0.0247858,-0.463265
20.06,0.999975,-0.00651198,0.00190267,-0.00183285,-0.000506178,0.000102081,-0.00103247,0.0327497,-0.0668073,-1.28636,-0.00546923,0.0581829,0.0873492,26.8644,0.0468399,-0.00866676,-0.20487
20.08,0.999975,-0.00652201,0.00190996,-0.00183019,-0.00157144,0.00103419,-0.000233523,0.0324054,-0.0655624,-1.28596,-0.00505715,0.0598379,0.0876524,25.5239,0.0175768,-0.0319328,-0.483142
20.1,0.999975,-0.00651028,0.0019189,-0.00183338,0.000825399,0.000767872,0.000831741,0.0318746,-0.0633627,-1.28495,-0.00566742,0.0618213,0.0876369,28.2968,-0.0642718,-0.0125541,-0.46119
20.12,0.999975,-0.00651305,0.00193013,-0.00183326,-0.000507699,0.00076913,-0.000632859,0.0316083,-0.0625068,-1.285,-0.00662664,0.0621559,0.0873599,24.5043,-0.0502447,-0.0883737,-0.63757
20.14,0.999975,-0.00653223,0.00192226,-0.00183148,-0.00050769,-0.00216035,0.00123136,0.0312002,-0.0611884,-1.28493,-0.00800027,0.0629367,0.0868095,26.0238,0.0432124,0.0238622,-0.400846
20.16,0.999975,-0.00649948,0.00191627,-0.00184262,0.00228666,-0.00109464,-0.000899049,0.0303284,-0.0585149,-1.28481,-0.0100765,0.063601,0.0855807,21.846,-0.0386525,-0.0657767,-0.327703
20.18,0.999976,-0.00647819,0.00192079,-0.00184031,0.00188577,-0.00136051,-0.000765756,0.0298622,-0.0572652,-1.2854,-0.0104086,0.0643003,0.084695,26.7105,0.00247305,-0.00765994,-0.430173
20.2,0.999976,-0.00647627,0.0019216,-0.00184302,0.000820505,-2.8933e-05,-0.000765747,0.0297054,-0.0568453,-1.28562,-0.0105347,0.0648223,0.0843171,26.8204,-0.00506553,-0.092715,-0.519753
20.22,0.999976,-0.00644916,0.00194173,-0.00183491,0.00281787,-0.000428412,-0.000499434,0.0290901,-0.0550954,-1.28629,-0.0110459,0.0666874,0.0830739,23.0921,-0.00368676,0.00382125,-0.418954
20.24,0.999976,-0.00642131,0.00194121,-0.00183474,0.00348366,-0.00215947,-0.00209733,0.0284907,-0.0532456,-1.28662,-0.0115545,0.0682312,0.0823876,27.3653,-0.0461741,-0.0139546,-0.613868
20.26,0.999976,-0.00643184,0.00195488,-0.00181488,0.00161775,0.00210177,-0.000499287,0.0278849,-0.0513558,-1.2871,-0.0125629,0.0701357,0.0818906,26.1931,-0.00419767,-0.0351719,-0.381324
20.28,0.999976,-0.00642313,0.00196295,-0.00180378,0.00254986,0.00183544,0.00269651,0.027731,-0.050883,-1.28728,-0.0128396,0.0707119,0.0816985,24.0986,-0.0902036,-0.0535149,-0.471001
20.3,0.999976,-0.00636267,0.00197547,-0.00180465,0.00441407,-0.00189298,0.00109861,0.0271108,-0.0489329,-1.28778,-0.0141376,0.0717604,0.0807915,25.2302,-0.0191523,0.0222935,-0.390446
20.32,0.999976,-0.006385,0.00196249,-0.00181127,-0.00251015,0.00303387,3.33469e-05,0.0262977,-0.046347,-1.28796,-0.0161358,0.0752217,0.0802855,24.1702,-0.0463909,-0.0731248,-0.512035
20.34,0.999976,-0.00639097,0.00200174,-0.00181023,0.000818805,0.00276756,0.000432824,0.0258068,-0.0446856,-1.28784,-0.0161584,0.0778509,0.079984,24.7813,-0.0330364,-0.00791664,-0.338654
20.36,0.999976,-0.00642126,0.00201241,-0.00180836,-0.00317594,0.000370704,-0.000898756,0.0254809,-0.0435342,-1.28768,-0.0164937,0.0791397,0.0797819,25.2371,-0.0325293,-0.0627748,-0.549074
20.38,0.999976,-0.0064258,0.00198583,-0.0018081,0.000419316,-0.00402351,0.000432806,0.0249836,-0.0417925,-1.28758,-0.0175519,0.0798644,0.0796254,25.7802,0.0374109,-0.022488,-0.631388
20.4,0.999975,-0.00650562,0.00193526,-0.00179217,-0.00291096,0.00050401,0.000432972,0.0239264,-0.0383027,-1.28793,-0.0192817,0.0816097,0.0786567,23.0416,-0.0243932,-0.0309699,-0.400408
20.42,0.999975,-0.00650916,0.00194766,-0.00179569,0.000950626,0.00170242,-0.00143124,0.0235755,-0.0370906,-1.2879,-0.0189788,0.0828031,0.0780279,26.9394,-0.0262159,-0.0551629,-0.489582
20.44,0.999975,-0.00651009,0.00195141,-0.00180171,1.85167e-05,0.000903474,-0.0015644,0.023404,-0.036475,-1.28786,-0.0188085,0.0830854,0.077998,22.6021,0.00255544,-0.0610612,-0.509962
20.46,0.999976,-0.00649486,0.00190944,-0.00179678,0.0013501,-0.002026,0.000166641,0.022741,-0.0339755,-1.28751,-0.0186758,0.0838241,0.0779393,26.8099,-0.0418559,-0.0245811,-0.565147
20.48,0.999975,-0.00651993,0.00190018,-0.00178272,-0.00198036,-0.00149375,0.00123208,0.0217572,-0.0301861,-1.28733,-0.0197435,0.0856771,0.0780902,25.1653,-0.0326204,-0.0735791,-0.527447
20.5,0.999975,-0.00653259,0.00190009,-0.00177695,-0.00291247,-2.90076e-05,0.00136523,0.0215966,-0.029553,-1.28737,-0.0197663,0.0860134,0.0780044,25.115,-0.0324554,-0.0747211,-0.260747
20.52,0.999975,-0.00654134,0.00190239,-0.00178571,-0.00171404,-2.90087e-05,-0.00236319,0.0212842,-0.028296,-1.28763,-0.0201447,0.0864633,0.0775557,24.5866,0.00781368,0.046229,-0.508519
20.54,0.999975,-0.0065099,0.00192373,-0.00178665,0.00227958,0.00170159,-0.00116462,0.0205209,-0.0251173,-1.28848,-0.0202581,0.0878279,0.076862,25.7808,-0.0537265,-0.0956779,-0.536881
20.56,0.999975,-0.00651307,0.00189953,-0.00178026,0.000547307,-0.00242685,0.000300275,0.0197937,-0.0219054,-1.28943,-0.0207954,0.0891842,0.0759833,25.6504,0.0491026,-0.0796526,-0.678968
20.58,0.999975,-0.00651155,0.0019007,-0.00177227,0.000680481,0.000369473,0.00189817,0.0196488,-0.0212566,-1.28964,-0.0210942,0.0896402,0.0760252,24.4751,-0.0910192,0.0407693,-0.540287
20.6,0.999976,-0.00650215,0.00188859,-0.00177594,-0.00105058,0.000236315,0.000167111,0.0192006,-0.0192791,-1.29013,-0.0217788,0.0905864,0.0755911,23.5824,-0.0388262,-0.0559838,-0.510707
20.62,0.999976,-0.00650148,0.00190745,-0.00177509,-0.00158321,0.000635788,-0.000764987,0.0185988,-0.0165702,-1.2905,-0.0215839,0.0919354,0.0749923,24.6227,-0.0419446,-0.047532,-0.413817
20.64,0.999976,-0.00647769,0.00190914,-0.00178115,0.00147943,0.000635787,-0.000764988,0.0181565,-0.0144849,-1.29058,-0.02138,0.0931264,0.0748065,26.2311,-0.0883643,-0.0028165,-0.362571
20.66,0.999976,-0.00648338,0.00190814,-0.00178333,-0.00118373,-0.000163157,-0.000631833,0.0180096,-0.0137786,-1.29057,-0.0214191,0.0937099,0.0745931,23.9534,-0.0146044,-0.0749935,-0.279016
20.68,0.999976,-0.00649898,0.00189067,-0.0017958,-0.000652586,-0.00109623,-0.00143063,0.0172949,-0.0102209,-1.29074,-0.0224785,0.095806,0.0748779,26.2837,-0.0552756,-0.00965917,-0.407333
20.7,0.999976,-0.00650461,0.00188527,-0.00179378,0.000545838,0.00170009,-0.000631683,0.0165954,-0.00661394,-1.29114,-0.0230996,0.0976315,0.0744075,25.7517,0.0133862,-0.0483567,-0.703706
20.72,0.999976,-0.00649871,0.00190951,-0.00179045,-0.00105206,0.00209956,-0.000631681,0.0161725,-0.00439832,-1.29115,-0.0225613,0.0980811,0.0742549,24.9723,-0.0655413,-0.0829405,-0.320003
20.74,0.999975,-0.00650594,0.00190836,-0.00179478,-0.0015847,-0.000164121,-0.00116431,0.0160338,-0.00365277,-1.29111,-0.0224728,0.0983163,0.0744295,24.6828,-0.0691988,-0.0719386,-0.364003
20.76,0.999975,-0.00650338,0.0019095,-0.00183216,-0.00145153,-0.000164116,-0.0040938,0.0153258,0.000132242,-1.29068,-0.0230604,0.0996777,0.0750177,26.8576,-0.0333054,-0.0238755,-0.387899
20.78,0.999975,-0.00651544,0.00190717,-0.00182166,0.00267464,0.00129943,-0.000498381,0.014626,0.00397186,-1.29038,-0.0239712,0.101805,0.0752865,25.6582,-0.0176577,-0.070692,-0.531542
20.8,0.999975,-0.00651217,0.00190844,-0.00183028,0.00107674,0.000500479,-0.00222944,0.0144961,0.00473366,-1.29043,-0.0238901,0.10202,0.075287,25.8353,-0.0670489,-0.0166237,-0.366594
20.82,0.999975,-0.0064996,0.00192404,-0.00181196,0.00134305,0.00236469,0.00389584,0.0142379,0.00626948,-1.29048,-0.0235671,0.102456,0.0750993,23.9188,-0.0260559,-0.0708167,-0.360321
20.84,0.999975,-0.00653016,0.00193441,-0.00182099,-0.00318432,-0.00149689,3.42519e-05,0.0137156,0.00939302,-1.29036,-0.0237167,0.103738,0.0749598,25.3848,-0.0832948,-0.020815,-0.309765
20.86,0.999975,-0.00657126,0.00189236,-0.00181567,-0.000789272,-3.34963e-05,-0.0024956,0.0129163,0.0141456,-1.29021,-0.0255894,0.105518,0.0750753,24.5595,-0.0261333,-0.0360251,-0.401513
20.88,0.999975,-0.00657075,0.00191155,-0.00182813,0.000409162,0.00502651,-0.0031614,0.0127902,0.014928,-1.2903,-0.0257728,0.10571,0.0749046,25.3477,-0.0915628,-0.0150236,-0.269271
20.9,0.999975,-0.00657596,0.00194083,-0.00180835,-0.00145505,0.000499145,0.0032302,0.0124039,0.0173035,-1.29045,-0.0255991,0.106324,0.0749364,26.8705,-0.0187522,-0.0828248,-0.458154
20.92,0.999975,-0.00659978,0.00189692,-0.00178978,0.00133995,-0.000567429,-9.86068e-05,0.0116845,0.0220635,-1.29117,-0.0272305,0.10841,0.0746543,24.8674,-0.0732582,-0.094679,-0.542675
20.94,0.999975,-0.00659315,0.00191636,-0.00179805,0.000407841,0.00169626,-0.000498085,0.0113033,0.0244866,-1.29149,-0.0274519,0.109123,0.0744949,24.7582,-0.0419905,-0.0235367,-0.432736
20.96,0.999975,-0.00658362,0.00192319,-0.00180349,0.00267153,0.00196257,-0.00143019,0.0111725,0.0253034,-1.29155,-0.0275877,0.109445,0.0744721,22.535,0.0133178,-0.0572102,-0.560862
20.98,0.999975,-0.00659801,0.00193759,-0.00180439,-0.00172269,9.83642e-05,0.000434026,0.0106234,0.0286185,-1.29162,-0.0282071,0.110955,0.074578,26.8751,-0.0622583,-0.116087,-0.54328
21,0.999975,-0.00659776,0.00188446,-0.00180731,0.00133852,-0.00429742,0.000167844,0.0101522,0.031909,-1.29227,-0.0287584,0.112514,0.0741558,26.306,-0.0408092,-0.0338656,-0.417494
21.02,0.999975,-0.0066104,0.0018687,-0.00182155,0.000937948,0.00235911,-0.00142991,0.0097041,0.0352381,-1.293,-0.0287843,0.113662,0.0736383,25.8644,-0.0956079,-0.0256793,-0.396557
21.04,0.999975,-0.00659795,0.0018788,-0.0018221,0.00346795,0.00289175,-0.000231483,0.00960281,0.0360712,-1.29323,-0.0284647,0.113987,0.0734225,24.568,-0.0558585,-0.0555309,-0.507303
21.06,0.999975,-0.0066041,0.00190394,-0.00183118,0.000538471,0.00275859,-0.00169622,0.00930179,0.0386045,-1.29378,-0.0275499,0.115065,0.0729752,23.1536,-0.0606726,-0.110785,-0.462129
21.08,0.999975,-0.00661337,0.00186783,-0.00182448,0.000671625,-0.00123616,0.0020322,0.00888553,0.0420419,-1.29424,-0.0279464,0.115744,0.0723015,25.4823,0.0520533,-0.0388943,-0.514717
21.1,0.999975,-0.00662213,0.00186553,-0.00183891,-0.00212469,0.0030249,-0.00116359,0.00839372,0.0455557,-1.29439,-0.0296785,0.117202,0.0722822,23.8816,-0.0983612,-0.0584694,-0.35724
21.12,0.999975,-0.0066285,0.0018717,-0.00184058,-0.00132574,0.00182648,-0.000497804,0.00826128,0.0464436,-1.29438,-0.0294935,0.117208,0.0721609,23.4972,-0.0392087,-0.0933981,-0.60827
21.14,0.999975,-0.0066293,0.00187352,-0.0018597,0.00187005,-0.00136932,-0.000364645,0.00744414,0.0518706,-1.29399,-0.029452,0.119462,0.0723908,25.2644,-0.0194141,-0.0447483,-0.324569
21.16,0.999975,-0.00662271,0.0018647,-0.00185486,-0.000127317,-0.000304052,0.00110009,0.0068962,0.0555434,-1.29367,-0.0302811,0.120796,0.0723988,26.3579,-0.130699,-0.0968054,-0.538734
21.18,0.999975,-0.00663072,0.00186669,-0.00184376,-0.000661771,-3.99295e-05,0.00149972,0.00666937,0.0573591,-1.2938,-0.0303951,0.122165,0.072347,26.5605,-0.0639903,-0.0916057,-0.46063
21.2,0.999975,-0.00664394,0.00185501,-0.00182621,-0.000661775,-0.00203729,0.00229867,0.00643238,0.0592049,-1.29384,-0.0304882,0.123415,0.0723744,25.5945,-0.0578432,-0.039989,-0.414282
21.22,0.999975,-0.0066395,0.00183265,-0.0018319,0.000669808,0.0011585,-0.00222871,0.00579656,0.0639248,-1.29364,-0.0307704,0.125282,0.0726854,24.3881,-0.0616035,-0.0899739,-0.418769
21.24,0.999974,-0.00665566,0.00184741,-0.00182077,-0.00226096,-0.000308356,0.000434583,0.00523224,0.0686689,-1.29377,-0.0303377,0.126357,0.073038,23.8176,-0.0483857,-0.0586959,-0.378146
21.26,0.999974,-0.00666626,0.00185383,-0.00182511,-0.00239412,0.00195533,-0.00116332,0.00516674,0.0695999,-1.29405,-0.0303795,0.126807,0.0730057,27.411,-0.113264,-0.0725597,-0.452683
21.28,0.999974,-0.00668219,0.00184755,-0.00181749,0.00186587,-0.000576372,0.000168408,0.00495133,0.0724305,-1.29474,-0.0300392,0.128039,0.0727418,25.2569,-0.0473186,-0.0797268,-0.388428
21.3,0.999975,-0.00662933,0.00181948,-0.00181475,0.00253166,-0.00110901,0.00136682,0.00446225,0.0781955,-1.29553,-0.0292056,0.128674,0.0729495,22.2894,-0.0244893,-0.0448421,-0.585386
21.32,0.999975,-0.00663129,0.00182238,-0.00182021,-0.00106361,0.00208679,-0.00156265,0.00419994,0.0811288,-1.29565,-0.0287077,0.13005,0.0728634,24.76,-0.129138,-0.107502,-0.638579
21.34,0.999975,-0.00664129,0.00182455,-0.00181228,-0.00226204,0.000888371,0.00189945,0.00410994,0.0821207,-1.29565,-0.0284625,0.130697,0.0728357,26.1583,0.0267459,-0.114805,-0.518042
21.36,0.999975,-0.00663084,0.00183378,-0.00182126,0.000134813,-0.000576371,-0.000364226,0.0036275,0.0871817,-1.29541,-0.0282938,0.133343,0.0734153,26.2588,-0.138524,-0.0376072,-0.356622
21.38,0.999975,-0.00665777,0.00183593,-0.00182013,-0.00212989,-0.0025764,-0.00169569,0.00319361,0.0923317,-1.29527,-0.0288554,0.13503,0.072998,27.1515,-0.0623788,-0.0990565,-0.381156
21.4,0.999975,-0.00665337,0.00183079,-0.00182761,0.00133221,-0.000845343,-0.00196201,0.00312831,0.0933606,-1.29534,-0.028782,0.134911,0.072986,24.6688,-0.104574,-0.0257037,-0.551431
21.42,0.999975,-0.00663114,0.00182581,-0.00182101,0.00159853,0.00195098,-0.000230953,0.00287756,0.0974872,-1.29564,-0.0289225,0.135281,0.0731476,23.5056,-0.079907,-0.142842,-0.548803
21.44,0.999974,-0.00668107,0.00186267,-0.00181169,-0.00146467,0.00261459,0.00030179,0.00265614,0.102672,-1.29634,-0.0288416,0.136202,0.0724012,23.2873,-0.0509087,-0.0427563,-0.392969
21.46,0.999974,-0.0066742,0.00187381,-0.00180023,0.000799024,0.000484065,0.000434955,0.00248452,0.105836,-1.29652,-0.0286313,0.137411,0.0722504,27.7914,-0.0601693,-0.0769455,-0.481452
21.48,0.999974,-0.00667862,0.00187771,-0.00180671,-0.00093203,0.00141617,-0.00169558,0.00241957,0.1069,-1.29655,-0.0289436,0.137719,0.0722648,25.0451,-0.130933,-0.0945752,-0.447262
21.5,0.999974,-0.00665714,0.00188273,-0.00181291,0.00066586,-0.00164647,0.000301792,0.00219086,0.110109,-1.29651,-0.0298342,0.138115,0.0720551,25.2986,-0.100985,-0.0783064,-0.438847
21.52,0.999974,-0.00666849,0.00188643,-0.00181565,0.000799026,0.00234827,0.000967586,0.00169096,0.115522,-1.29612,-0.0313932,0.139653,0.071855,22.4992,-0.0494368,-0.118505,-0.475361
21.54,0.999974,-0.00668072,0.00193581,-0.00184247,-0.00159952,0.00367707,-0.00116282,0.0013941,0.119839,-1.29627,-0.0311229,0.14153,0.0718455,27.6357,-0.0792398,-0.123018,-0.521188
21.56,0.999974,-0.00666533,0.00193475,-0.00185649,0.0021289,0.000481279,-0.00182861,0.00125996,0.12201,-1.29636,-0.0306784,0.142069,0.071599,23.1782,-0.0625986,-0.131485,-0.634556
21.58,0.999974,-0.00666633,0.00187479,-0.00187142,-1.62864e-06,-0.0024482,3.56051e-05,0.000937653,0.126409,-1.29632,-0.0322523,0.14358,0.0713153,24.4315,-0.0651619,-0.0759268,-0.54773
21.6,0.999974,-0.00665742,0.00186409,-0.00186995,0.0011968,-0.0008503,-0.00036387,0.000388743,0.13201,-1.29589,-0.0333423,0.145217,0.0720216,27.3478,-0.0765176,-0.145054,-0.6149
21.62,0.999974,-0.00669442,0.00184374,-0.00187055,-0.00599594,-0.00151889,0.000967846,0.000194138,0.135295,-1.29622,-0.0328081,0.146488,0.0714824,25.3579,-0.0757431,-0.0277017,-0.314359
21.64,0.999974,-0.00670886,0.00184634,-0.0018786,-0.00333276,0.00114424,-0.0020948,0.000123168,0.136401,-1.29629,-0.0327657,0.146975,0.0716534,23.8099,-0.0925774,-0.107403,-0.448952
21.66,0.999974,-0.00671134,0.00184015,-0.00190124,0.00132653,0.000742434,-0.000230443,-0.000175564,0.141955,-1.29682,-0.0318901,0.148189,0.0710034,25.9283,-0.102815,-0.124013,-0.46243
21.68,0.999974,-0.00670432,0.0018537,-0.00190248,-0.000537681,0.00127507,-0.000629919,-0.000409123,0.147522,-1.29757,-0.0316575,0.148764,0.070578,26.6016,-0.0879441,-0.121053,-0.492189
21.7,0.999974,-0.00670296,0.00185938,-0.00189461,0.000927054,0.000609279,0.0012343,-0.000531827,0.149774,-1.29773,-0.03194,0.149271,0.0708361,24.8554,-0.0598215,-0.0317611,-0.4379
21.72,0.999974,-0.0067138,0.00185934,-0.0018931,-0.00120348,0.000742439,0.000701661,-0.00067757,0.15205,-1.29781,-0.0322822,0.150375,0.0712219,24.507,-0.0309403,-0.107741,-0.611838
21.74,0.999974,-0.00672723,0.00185375,-0.00190321,-0.000405881,0.00140581,-0.000363472,-0.00092236,0.157734,-1.29861,-0.0326808,0.15236,0.0708163,25.5106,-0.154878,-0.12556,-0.602386
21.76,0.999974,-0.00674153,0.00187387,-0.00189304,0.0015906,0.000604717,0.000302447,-0.00111423,0.163457,-1.29971,-0.0329324,0.153477,0.0708058,24.6842,-0.0828494,-0.0807369,-0.594691
21.78,0.999974,-0.00672643,0.00187112,-0.00188659,0.0041206,-6.10828e-05,0.00150087,-0.0011504,0.164607,-1.29994,-0.0330853,0.153705,0.0708931,25.2085,-0.13233,-0.121708,-0.513659
21.8,0.999974,-0.00672279,0.0018578,-0.00188214,-7.29556e-06,-0.00232476,-9.70423e-05,-0.00124303,0.16692,-1.30035,-0.033708,0.154027,0.070292,26.8301,-0.119255,-0.138917,-0.415468
21.82,0.999974,-0.00674809,0.00178791,-0.00188473,-0.00133888,-0.00365634,3.61179e-05,-0.00143007,0.170422,-1.3008,-0.0343836,0.155105,0.0701323,24.0566,-0.0470403,-0.126042,-0.591041
21.84,0.999974,-0.00674102,0.00183283,-0.00186964,0.00199006,0.00593104,-0.000363338,-0.00182152,0.176359,-1.30117,-0.0329189,0.156903,0.0700712,25.7275,-0.0522413,-0.0660551,-0.645645
21.86,0.999974,-0.00674475,0.00184393,-0.0018756,-0.00067309,0.00326788,-0.00156177,-0.00190188,0.17756,-1.30119,-0.032423,0.157004,0.0698669,24.5405,-0.0496354,-0.111585,-0.657237
21.88,0.999974,-0.00675844,0.00185309,-0.00189764,-0.00107256,0.000205241,-0.00142861,-0.0021512,0.181184,-1.30115,-0.0318237,0.157765,0.0698062,26.2292,-0.119807,-0.10353,-0.559209
21.9,0.999973,-0.00678324,0.00183897,-0.00190481,0.000124999,0.000867849,3.62474e-05,-0.00253027,0.187278,-1.30125,-0.0333567,0.159711,0.0696591,23.4649,-0.0801276,-0.119915,-0.40116
21.92,0.999974,-0.00676501,0.00184988,-0.00191096,0.000524473,0.00153364,-0.00116218,-0.00278107,0.192194,-1.3016,-0.0337528,0.160214,0.0699475,27.7327,-0.136221,-0.146219,-0.610511
21.94,0.999974,-0.00675678,0.00185356,-0.00191267,0.00225553,0.00140048,-0.000496385,-0.00285698,0.193429,-1.30164,-0.0337139,0.160315,0.069957,25.5697,-0.0884168,-0.126601,-0.406391
21.96,0.999974,-0.00676084,0.00184225,-0.00191991,-0.000274474,6.89007e-05,-0.00102902,-0.00319191,0.1984,-1.30161,-0.0329665,0.161289,0.0701366,25.7856,-0.125918,-0.08055,-0.552782
21.98,0.999974,-0.00674365,0.0018624,-0.001933,0.00158865,0.00366078,-0.00129522,-0.00358076,0.205942,-1.30182,-0.0328512,0.163898,0.07023,25.9981,-0.0851067,-0.110052,-0.469205
22,0.999974,-0.00674197,0.00187775,-0.00194018,-0.000275569,0.00166341,-0.00089574,-0.00367114,0.208471,-1.30198,-0.0322164,0.164241,0.0703521,24.4598,-0.0631472,-0.168264,-0.685052
22.02,0.999974,-0.00674482,0.00187914,-0.00193973,-0.000541885,0.000864466,3.63648e-05,-0.00372014,0.209739,-1.30203,-0.0321056,0.164302,0.0703974,23.7147,-0.0611555,-0.105403,-0.596372
22.04,0.999974,-0.00674071,0.00184625,-0.00192146,-0.00120932,0.000595321,0.00256652,-0.00375966,0.21598,-1.30311,-0.0328931,0.165908,0.0699685,26.7652,-0.0886733,-0.11388,-0.684067
22.06,0.999974,-0.00676004,0.00184087,-0.00192735,-0.000676694,0.00272585,-0.000362965,-0.00390368,0.221057,-1.30359,-0.0331131,0.16688,0.0698161,26.9414,-0.110135,-0.122404,-0.417982
22.08,0.999974,-0.0067675,0.00186105,-0.00192443,0.000122252,0.000861639,0.000569145,-0.00406831,0.224903,-1.30375,-0.0329627,0.16719,0.0701294,26.6057,-0.0600702,-0.116513,-0.569359
22.1,0.999974,-0.00676332,0.00187385,-0.00191614,0.00118752,-7.04657e-05,0.000569148,-0.00419415,0.227479,-1.30376,-0.0326678,0.167367,0.0701058,23.0877,-0.136559,-0.0756292,-0.585366
22.12,0.999974,-0.0067715,0.00186602,-0.00192734,-0.000678009,0.00192364,0.00070245,-0.00433464,0.23387,-1.30441,-0.0334398,0.16872,0.069878,28.0308,-0.0841947,-0.144671,-0.585123
22.14,0.999974,-0.00676336,0.00188188,-0.001944,0.0011862,-0.000340046,3.66609e-05,-0.00451266,0.239048,-1.30474,-0.0342035,0.169781,0.0703654,21.8363,-0.121847,-0.0918191,-0.476461
22.16,0.999974,-0.00675159,0.00186375,-0.00194926,0.00318358,-0.00393531,-0.00142808,-0.00457304,0.240353,-1.30478,-0.0344545,0.170255,0.0703446,25.87,-0.10554,-0.145914,-0.620037
22.18,0.999974,-0.00674219,0.00183157,-0.00197371,0.00158568,-0.00433479,-0.000629124,-0.00472699,0.244276,-1.30501,-0.0348717,0.17132,0.0705146,25.8643,-0.103373,-0.077566,-0.457312
22.2,0.999974,-0.00673257,0.00184922,-0.00199928,0.000519417,0.000455751,-0.00102847,-0.00487643,0.250847,-1.30572,-0.0340191,0.172803,0.0706643,27.8619,-0.13574,-0.121578,-0.350595
22.22,0.999974,-0.00672754,0.00183378,-0.00201092,0.00118522,0.00178733,-0.00182741,-0.00500385,0.254852,-1.30591,-0.033381,0.17486,0.0709126,23.6345,-0.118753,-0.0942856,-0.403263
22.24,0.999974,-0.00672901,0.00183794,-0.00202002,-0.000146372,0.00165418,-0.00236005,-0.00505336,0.256202,-1.30593,-0.0333315,0.17557,0.0708972,24.6294,-0.153195,-0.0900978,-0.571574
22.26,0.999974,-0.0067324,0.0018651,-0.00204506,-0.000945319,0.00205364,-0.00129479,-0.00537037,0.264398,-1.30595,-0.0331419,0.17785,0.0714924,25.639,-0.11739,-0.0953686,-0.546744
22.28,0.999973,-0.00676756,0.00185724,-0.00204756,-0.00187851,0.000186,0.00083588,-0.00548956,0.271246,-1.30648,-0.0336663,0.178845,0.0714797,26.3262,-0.131942,-0.112862,-0.448487
22.3,0.999973,-0.00676471,0.0018619,-0.00204922,0.000917813,0.0017839,-0.0004957,-0.0055315,0.272626,-1.30653,-0.0337324,0.178826,0.0716724,26.0506,-0.034423,-0.156875,-0.585503
22.32,0.999974,-0.00673901,0.00184437,-0.00204875,0.00304835,-0.00127873,3.69238e-05,-0.00569778,0.276776,-1.30656,-0.0344919,0.179015,0.0715793,25.0177,-0.0968536,-0.0358604,-0.728834
22.34,0.999973,-0.00677249,0.00185015,-0.00205447,-0.00121271,0.00244969,-0.00222676,-0.00608829,0.283766,-1.30626,-0.0342334,0.180762,0.0725055,24.5751,-0.127429,-0.106167,-0.401962
22.36,0.999973,-0.00678622,0.00186719,-0.00208383,-0.0018785,0.00191706,-0.0020936,-0.00637479,0.289395,-1.306,-0.0339313,0.182263,0.0727684,25.7379,-0.1112,-0.15592,-0.544403
22.38,0.999973,-0.00677782,0.00187267,-0.00209239,0.00238008,0.00204613,-0.00222658,-0.00639528,0.290775,-1.30611,-0.0339102,0.182216,0.0725832,25.5175,-0.162885,-0.130648,-0.422549
22.4,0.999973,-0.00675949,0.00184803,-0.00210246,0.000249562,0.000581399,-0.000362358,-0.00657795,0.297702,-1.30638,-0.0344227,0.182277,0.0724325,26.8402,-0.13901,-0.103877,-0.534181
22.42,0.999973,-0.0067582,0.00182644,-0.00211857,0.000647384,0.000311693,-0.000894813,-0.00658315,0.304548,-1.30741,-0.034429,0.183269,0.0717751,23.6555,-0.0633344,-0.153486,-0.691517
22.44,0.999973,-0.0067533,0.00182703,-0.00211567,0.000246168,-0.00022375,3.7476e-05,-0.00650262,0.307245,-1.30811,-0.0334635,0.183764,0.0706741,25.3562,-0.0753232,-0.16792,-0.714111
22.46,0.999973,-0.00675714,0.0018414,-0.00212036,-0.000552775,0.00443678,-0.00129411,-0.00646736,0.308604,-1.30843,-0.0330012,0.184257,0.0706278,26.2882,-0.129327,-0.110451,-0.499292
22.48,0.999973,-0.00675387,0.00185745,-0.00211631,0.000512482,-0.00022375,3.74771e-05,-0.00634068,0.316898,-1.30983,-0.0321819,0.187046,0.0704311,24.7406,-0.140573,-0.109203,-0.611743
22.5,0.999973,-0.00677458,0.00184973,-0.00212319,0.000911952,-0.00182165,-0.00116094,-0.00638069,0.322542,-1.31036,-0.0325954,0.188203,0.0697824,24.4951,-0.16202,-0.130252,-0.482261
22.52,0.999973,-0.00675896,0.00182971,-0.00212237,0.00344196,-0.00275375,0.000570118,-0.00637745,0.325338,-1.31074,-0.0328914,0.188271,0.0698923,25.9192,-0.0891102,-0.174492,-0.514271
22.54,0.999973,-0.00676095,0.00182228,-0.00212554,-0.000821605,0.000172684,-0.00129387,-0.00634003,0.328094,-1.31127,-0.032878,0.188235,0.0694478,28.3504,-0.0956955,-0.116987,-0.732425
22.56,0.999973,-0.00677997,0.0018632,-0.00213612,-0.000688455,0.00376795,-0.00129387,-0.00633378,0.337878,-1.31245,-0.0305863,0.189568,0.0687587,25.0094,-0.134661,-0.152576,-0.654673
22.58,0.999973,-0.00677917,0.00185814,-0.00213359,-0.000288974,0.00163742,0.00176877,-0.00637883,0.342143,-1.31269,-0.0303437,0.190497,0.0680029,24.7234,-0.150315,-0.176466,-0.595491
22.6,0.999973,-0.00678502,0.00185912,-0.00213135,-0.00108792,0.000838472,0.000437181,-0.00640523,0.343573,-1.31273,-0.0306356,0.190523,0.0681169,27.0391,-0.172699,-0.116712,-0.555799
22.62,0.999973,-0.00678487,0.00183783,-0.00215071,-0.00215319,-0.00155837,0.000170869,-0.00653459,0.347891,-1.31275,-0.0317152,0.191611,0.0685123,24.1191,-0.0875537,-0.140838,-0.456336
22.64,0.999973,-0.00678616,0.00181543,-0.00217236,0.00104082,0.00243277,-0.00169315,-0.00659163,0.355038,-1.31349,-0.0321257,0.192685,0.0679246,25.4486,-0.117805,-0.102701,-0.559844
22.66,0.999973,-0.0067997,0.00185961,-0.00215401,-0.000290765,0.00110119,0.000703699,-0.00667686,0.362274,-1.31401,-0.0300868,0.194198,0.0674854,24.5693,-0.113343,-0.182115,-0.714786
22.68,0.999973,-0.00680751,0.00185286,-0.00214537,-0.00162235,-0.0011625,0.00203527,-0.00670172,0.363737,-1.31407,-0.0300753,0.19445,0.0673827,25.4156,-0.129111,-0.134622,-0.550772
22.7,0.999973,-0.00681469,0.00185256,-0.00213888,0.00104081,0.00150066,-0.000494727,-0.00681585,0.368151,-1.31411,-0.0308305,0.194981,0.0673873,27.1816,-0.165426,-0.114861,-0.490145
22.72,0.999973,-0.00681261,0.00185201,-0.00215062,0.00130473,0.00202934,-0.00182611,-0.00704002,0.37699,-1.31426,-0.0313287,0.196152,0.067115,26.0712,-0.173514,-0.117093,-0.478426
22.74,0.999973,-0.00681156,0.00185701,-0.00216015,0.00063894,0.00189619,-0.0024919,-0.00704409,0.378445,-1.3144,-0.0313252,0.196241,0.0671004,27.2071,-0.0480168,-0.143287,-0.494556
22.76,0.999973,-0.00684169,0.00187577,-0.0021744,-0.00295633,-0.000500658,-0.000627692,-0.00702058,0.382788,-1.31491,-0.0308882,0.196605,0.0668563,23.4633,-0.182384,-0.134815,-0.541971
22.78,0.999972,-0.00686605,0.00186627,-0.00216273,-0.000827957,-0.000104355,0.000437787,-0.00687307,0.389994,-1.31611,-0.0304378,0.198093,0.0665038,25.2797,-0.0953341,-0.180911,-0.721852
22.8,0.999973,-0.00682888,0.0018261,-0.00215765,0.000636789,-0.00223488,-0.000627475,-0.00686872,0.397316,-1.3168,-0.0301302,0.19817,0.0659972,24.9111,-0.162053,-0.15567,-0.470793
22.82,0.999973,-0.0068289,0.00182957,-0.0021661,0.000370475,0.00149355,-0.00222537,-0.00688266,0.39879,-1.31689,-0.0301302,0.198319,0.066126,23.8132,-0.151737,-0.156565,-0.60205
22.84,0.999973,-0.00682938,0.00183727,-0.00217079,0.00063678,-0.000370667,-0.00142642,-0.00692909,0.401753,-1.317,-0.0303296,0.198944,0.0661735,26.5368,-0.111326,-0.120813,-0.710134
22.86,0.999973,-0.00681536,0.00181622,-0.00218703,-0.00189524,0.000158579,-0.00169255,-0.00684613,0.409107,-1.31794,-0.0292862,0.201443,0.0657581,27.0297,-0.166088,-0.211662,-0.528871
22.88,0.999973,-0.00682362,0.00182821,-0.0022008,0.00170003,0.00402017,-0.00115991,-0.00681931,0.416615,-1.31863,-0.0292794,0.203904,0.0657197,28.1776,-0.13709,-0.125466,-0.588989
22.9,0.999973,-0.00682945,0.00184171,-0.00219591,-0.000696817,0.00188964,0.00176957,-0.00684821,0.419661,-1.31878,-0.029176,0.204275,0.0655076,25.528,-0.158045,-0.0989965,-0.426452
22.92,0.999973,-0.00683629,0.00183851,-0.00218463,-0.00136261,-0.000240896,0.00270167,-0.00686926,0.42119,-1.31882,-0.0291534,0.204436,0.065363,23.7581,-0.169621,-0.175568,-0.616782
22.94,0.999973,-0.00681341,0.00182911,-0.00221395,0.00329504,-0.00210851,-0.00169233,-0.00685632,0.42872,-1.31957,-0.0302647,0.204972,0.064838,26.9829,-0.107918,-0.183277,-0.748835
22.96,0.999973,-0.00681215,0.00183087,-0.00223042,-0.000966013,0.00241886,-0.00222496,-0.00689387,0.434735,-1.32022,-0.0316416,0.205841,0.0647441,24.7689,-0.154849,-0.1863,-0.604711
22.98,0.999973,-0.00681077,0.00183489,-0.00222288,0.000765037,0.00161991,0.00176979,-0.00692096,0.436254,-1.32034,-0.031497,0.206493,0.0646055,25.7416,-0.122802,-0.101512,-0.586233
23,0.999973,-0.00682837,0.00184416,-0.00223449,-0.000169311,0.00174998,-0.00182528,-0.0069273,0.443832,-1.32135,-0.0302311,0.208843,0.064394,24.4111,-0.100988,-0.24147,-0.703943
23.02,0.999972,-0.0068407,0.00184761,-0.00222727,0.00169491,0.00108419,0.000837879,-0.00692521,0.451472,-1.32232,-0.0303374,0.209741,0.0644634,25.5432,-0.132224,-0.16709,-0.536072
23.04,0.999973,-0.00682343,0.00187133,-0.00222231,0.00276017,0.00374735,-0.00169212,-0.00699472,0.456106,-1.32267,-0.030293,0.209534,0.0642046,26.859,-0.179444,-0.159699,-0.621743
23.06,0.999973,-0.0068151,0.00188076,-0.00222442,0.00249386,0.0029484,-0.00062685,-0.00702795,0.457657,-1.32275,-0.0302635,0.209478,0.0641375,26.9612,-0.117659,-0.158387,-0.811458
23.08,0.999972,-0.00683197,0.00187767,-0.00222418,-0.00349826,-0.000380542,-9.42168e-05,-0.00716584,0.462335,-1.32289,-0.0310271,0.209936,0.0644158,24.2052,-0.113404,-0.226159,-0.672955
23.1,0.999973,-0.00682748,0.00184019,-0.00223133,0.00182806,-0.00144581,-0.00022738,-0.00746313,0.470183,-1.32306,-0.032374,0.21208,0.0644696,26.0284,-0.144234,-0.216458,-0.675644
23.12,0.999973,-0.00680076,0.00185807,-0.002254,0.00422184,0.00174631,-0.00102612,-0.00753061,0.474808,-1.32362,-0.0317293,0.21206,0.0644091,27.0523,-0.239927,-0.137633,-0.39056
23.14,0.999973,-0.00679957,0.00185729,-0.00225868,0.00075974,0.000414738,-0.00129243,-0.00755999,0.476357,-1.32377,-0.0313975,0.21205,0.0644321,26.1619,-0.134633,-0.119149,-0.600992
23.16,0.999973,-0.00680577,0.00188143,-0.00228418,0.000360256,0.000947367,-0.00249085,-0.00761196,0.480972,-1.32434,-0.0312097,0.212523,0.0642902,24.3378,-0.114835,-0.138852,-0.499168
23.18,0.999972,-0.00682863,0.00183691,-0.00231433,-0.0021726,-0.00198516,-0.00249064,-0.0076149,0.488593,-1.32571,-0.0320112,0.213868,0.0640603,24.1681,-0.16912,-0.160048,-0.574423
23.2,0.999972,-0.00684868,0.0018106,-0.00232768,-0.00163997,-0.00344989,-0.00102591,-0.00766873,0.491688,-1.3261,-0.0321552,0.214447,0.0638272,27.4555,-0.135915,-0.239061,-0.582795
23.22,0.999972,-0.00684877,0.00180391,-0.00233124,0.000490555,-0.00105305,-0.0010259,-0.00770443,0.493245,-1.32627,-0.0320707,0.214552,0.0635909,29.2232,-0.119505,-0.216707,-0.736637
23.24,0.999972,-0.0068477,0.0018163,-0.00233377,0.00208846,0.00294169,-0.00115907,-0.00778966,0.496368,-1.32656,-0.0318121,0.214293,0.0638608,25.5659,-0.135767,-0.185637,-0.712132
23.26,0.999972,-0.00680721,0.00183127,-0.0023485,0.00221935,-0.00292016,-0.00089259,-0.00777055,0.504008,-1.32809,-0.0304619,0.213648,0.0632561,25.6413,-0.0884872,-0.179674,-0.826684
23.28,0.999972,-0.00680713,0.00179469,-0.0023679,-0.000443814,-0.00225437,-0.00142522,-0.00779174,0.510153,-1.32916,-0.0313073,0.215305,0.0627419,25.0109,-0.1487,-0.194981,-0.560739
23.3,0.999972,-0.00684315,0.00179817,-0.00237159,-0.00337582,0.00107185,-0.000759223,-0.00776867,0.513202,-1.3299,-0.0317344,0.21678,0.0624528,22.4654,-0.176611,-0.161909,-0.554938
23.32,0.999972,-0.00684164,0.00179249,-0.00237664,0.0010184,-0.000659202,-0.00142502,-0.00776868,0.514743,-1.33023,-0.0318683,0.217306,0.0624046,27.1113,-0.193564,-0.115352,-0.495908
23.34,0.999972,-0.00682545,0.00180523,-0.00239371,0.0035484,-0.000526048,-0.000226599,-0.00786483,0.52411,-1.33178,-0.0307027,0.217216,0.0619393,25.1599,-0.181987,-0.20819,-0.63006
23.36,0.999972,-0.00684995,0.0018226,-0.00240863,-0.00390845,-0.00199079,-0.00155817,-0.00808331,0.532017,-1.33251,-0.0309764,0.218004,0.0626229,26.4602,-0.152132,-0.157067,-0.628449
23.38,0.999972,-0.00687163,0.00181673,-0.00242067,-0.00271003,-0.000259729,-0.000759228,-0.00820925,0.53523,-1.33267,-0.031407,0.219348,0.0627572,26.4404,-0.143415,-0.160874,-0.578612
23.4,0.999972,-0.00687358,0.00181154,-0.00241898,-4.68667e-05,-0.00079236,0.000306038,-0.00828121,0.536848,-1.33272,-0.0313438,0.219664,0.062968,24.6339,-0.202414,-0.128916,-0.464507
23.42,0.999972,-0.00683117,0.00185297,-0.00243322,-0.000579498,0.00280291,0.00163761,-0.00881459,0.546692,-1.33264,-0.0313334,0.221387,0.0642966,26.339,-0.181567,-0.218988,-0.556103
23.44,0.999972,-0.0068433,0.00184993,-0.00242546,8.18091e-05,-0.00159521,0.0015047,-0.00893885,0.552996,-1.3333,-0.0314662,0.222332,0.0638082,26.4285,-0.165137,-0.154886,-0.538603
23.46,0.999972,-0.00684516,0.00183869,-0.00242743,8.181e-05,-0.002261,-0.000625831,-0.00898561,0.554589,-1.33342,-0.0317912,0.222574,0.0641144,25.5578,-0.127932,-0.221531,-0.70195
23.48,0.999972,-0.0068488,0.00181507,-0.00244627,0.000747598,0.00160058,-9.3199e-05,-0.00925031,0.561039,-1.33369,-0.0325227,0.223845,0.0644016,27.866,-0.185294,-0.13562,-0.502214
23.5,0.999972,-0.00685481,0.00184005,-0.00244843,-5.51058e-05,0.000531592,0.000306515,-0.00952233,0.569077,-1.33415,-0.0315892,0.224418,0.0647216,24.9706,-0.141363,-0.166984,-0.667331
23.52,0.999972,-0.00686408,0.0018239,-0.00244963,-0.00112037,-0.00093315,0.00137177,-0.00950945,0.572179,-1.33474,-0.0311552,0.224649,0.064448,25.0853,-0.105672,-0.218151,-0.703312
23.54,0.999972,-0.00687884,0.00182938,-0.00246026,-0.000990116,0.00199353,-0.000891685,-0.00946213,0.575249,-1.33546,-0.0312039,0.224954,0.0642156,25.1687,-0.195785,-0.174629,-0.571258
23.56,0.999972,-0.00687383,0.00182882,-0.00247385,7.51488e-05,0.00119458,-0.000359057,-0.00944313,0.579911,-1.33637,-0.0313291,0.225291,0.0636188,26.6246,-0.166391,-0.203708,-0.638661
23.58,0.999972,-0.00689075,0.00186187,-0.00247403,-0.00138959,-0.00106911,-0.000758532,-0.00952666,0.587809,-1.33744,-0.0310197,0.225479,0.0638702,27.2264,-0.12121,-0.162007,-0.748073
23.6,0.999971,-0.00690979,0.00183419,-0.00248096,0.000871436,-0.00306922,-0.000491998,-0.00947805,0.592455,-1.3385,-0.0313035,0.226063,0.0633505,22.0797,-0.134309,-0.229339,-0.587428
23.62,0.999971,-0.00691481,0.00183319,-0.00248063,-0.000460144,0.000526046,-9.25331e-05,-0.00947762,0.594019,-1.33881,-0.0315335,0.226247,0.0632768,27.0318,-0.199815,-0.161776,-0.614926
23.64,0.999971,-0.0069019,0.00183752,-0.00248753,0.00433354,0.000792374,-0.00288885,-0.0095448,0.600352,-1.33982,-0.0316151,0.227341,0.0628787,25.6538,-0.0923869,-0.215067,-0.6642
23.66,0.999971,-0.00691332,0.00181651,-0.00250418,0.00153723,0.000925524,0.000573256,-0.00978105,0.61005,-1.34075,-0.0306108,0.228122,0.063085,25.4674,-0.208475,-0.206063,-0.635961
23.68,0.999971,-0.00691016,0.00181561,-0.00251521,0.00140408,0.000392891,-0.00288885,-0.00983416,0.611689,-1.34084,-0.0304373,0.228611,0.0631135,26.932,-0.147389,-0.210918,-0.720744
23.7,0.999971,-0.00691318,0.0018099,-0.00252182,-0.00179172,-0.000805533,-0.000358857,-0.00995271,0.614991,-1.34096,-0.0303943,0.229476,0.0635495,24.7782,-0.161862,-0.200459,-0.60629
23.72,0.999971,-0.00689887,0.00184519,-0.00254957,0.000334876,0.00291965,-0.00208967,-0.0101385,0.623116,-1.3417,-0.0302691,0.230095,0.0638037,26.0984,-0.167406,-0.208259,-0.730043
23.74,0.999971,-0.00690852,0.00181458,-0.00257247,0.00246539,-0.00240668,-0.000624923,-0.010324,0.631249,-1.34243,-0.0306584,0.231144,0.0639961,26.9277,-0.16495,-0.178098,-0.628983
23.76,0.999971,-0.00690686,0.00181881,-0.0025612,0.00100066,0.00158807,0.00270401,-0.0103807,0.632898,-1.34252,-0.0309303,0.231458,0.0641324,24.943,-0.164077,-0.157452,-0.551737
23.78,0.999971,-0.00690448,0.00179856,-0.00256301,0.000334876,-0.00227351,-0.000491779,-0.0105174,0.636214,-1.34264,-0.0316256,0.2316,0.0642244,25.0017,-0.146721,-0.219935,-0.641472
23.8,0.999971,-0.00691794,0.00179372,-0.00258459,0.000867508,0.00252017,0.00177191,-0.010974,0.646225,-1.34288,-0.0307781,0.232829,0.064328,26.4159,-0.163846,-0.233957,-0.705776
23.82,0.999971,-0.00690276,0.00182412,-0.00260518,0.00206192,0.00211739,-0.00155683,-0.0110709,0.651114,-1.34345,-0.0296587,0.233092,0.0641961,25.6086,-0.128139,-0.203941,-0.751545
23.84,0.999971,-0.00690296,0.00181543,-0.00260447,0.000597177,-0.00161104,4.10622e-05,-0.0111087,0.652756,-1.34359,-0.0293725,0.233035,0.0639904,24.5322,-0.160207,-0.16289,-0.484636
23.86,0.999971,-0.00690496,0.00177823,-0.00261719,0.00152928,-0.000279452,-0.000358408,-0.0113682,0.661058,-1.34405,-0.0298074,0.234151,0.064682,25.4897,-0.1012,-0.183092,-0.763919
23.88,0.999971,-0.00691415,0.00183037,-0.00264522,-0.000468089,0.00371529,-0.00142367,-0.011769,0.669536,-1.34404,-0.0298295,0.235218,0.0649871,26.658,-0.192996,-0.201017,-0.599222
23.9,0.999971,-0.00691919,0.00185564,-0.00268085,-7.39052e-05,0.00277975,-0.0015566,-0.0118469,0.674372,-1.34465,-0.0296723,0.235432,0.0651602,25.2538,-0.221249,-0.176363,-0.516792
23.92,0.999971,-0.00692673,0.00185009,-0.00268601,-0.00113917,-0.000815519,-0.00142344,-0.0118843,0.675998,-1.34481,-0.0298739,0.235451,0.065224,27.4689,-0.199241,-0.186902,-0.583932
23.94,0.999971,-0.00691193,0.00184998,-0.0026816,0.000455204,0.00264383,-0.000224813,-0.0120107,0.683996,-1.34603,-0.0312316,0.234924,0.0639196,25.1351,-0.144311,-0.187184,-0.614536
23.96,0.99997,-0.00695993,0.00185242,-0.00270196,-0.0020748,-0.000418812,-0.00182271,-0.0122145,0.692011,-1.34718,-0.0320619,0.235122,0.0639185,25.7582,-0.126788,-0.229441,-0.754791
23.98,0.99997,-0.00696122,0.00185696,-0.00269386,0.000455201,0.00171172,0.00190572,-0.012275,0.693635,-1.34735,-0.0321287,0.23532,0.063855,25.3431,-0.142929,-0.240396,-0.782541
24,0.999971,-0.00694942,0.001852,-0.00269509,0.0027189,-0.00254933,0.000440965,-0.0124882,0.69855,-1.34775,-0.0322177,0.235276,0.0637226,24.77,-0.14648,-0.180288,-0.678615
24.02,0.99997,-0.00694378,0.0018534,-0.00270544,-0.000747571,0.00304056,0.000174858,-0.0127302,0.706491,-1.34898,-0.0326537,0.235029,0.0636702,26.2673,-0.153366,-0.223031,-0.696742
24.04,0.99997,-0.00699267,0.00183062,-0.00273895,-0.000218191,-0.00175536,-0.00355336,-0.0128994,0.712778,-1.3502,-0.0328056,0.236019,0.0631913,25.5094,-0.196899,-0.224358,-0.517039
24.06,0.99997,-0.00701153,0.00182445,-0.00274124,-0.0036803,-0.00082324,-0.000757054,-0.0129341,0.71434,-1.35055,-0.0330303,0.236112,0.0629488,26.096,-0.222016,-0.20357,-0.619942
24.08,0.99997,-0.00699656,0.00182103,-0.00274875,0.00524129,0.00303834,0.00057455,-0.013133,0.720668,-1.35175,-0.0326485,0.236008,0.0630438,29.78,-0.138099,-0.262567,-0.702779
24.1,0.99997,-0.00697429,0.00184172,-0.00276288,0.000713916,0.000907814,-0.00128968,-0.0134694,0.728705,-1.35275,-0.0317479,0.235418,0.0629868,25.0439,-0.147691,-0.187145,-0.671075
24.12,0.99997,-0.00699322,0.0018317,-0.0027726,-0.00154977,-0.000423768,-0.00155599,-0.0136316,0.731966,-1.35301,-0.032067,0.236105,0.0632323,23.4457,-0.13147,-0.276609,-0.739001
24.14,0.99997,-0.0070215,0.00180874,-0.00277258,-0.00181609,-0.000290613,0.00110716,-0.013929,0.736935,-1.35326,-0.0331471,0.237734,0.0637327,27.9162,-0.136462,-0.205039,-0.660715
24.16,0.99997,-0.00697725,0.00182829,-0.00278957,0.00777129,-0.00148904,-0.0012897,-0.0145401,0.745368,-1.35329,-0.033055,0.237616,0.065032,25.202,-0.167133,-0.193242,-0.748848
24.18,0.99997,-0.00696731,0.00183549,-0.00281891,-0.00235312,-0.000160421,-0.0020884,-0.0149467,0.753473,-1.3542,-0.0328501,0.237406,0.0651041,27.0758,-0.173271,-0.241868,-0.667817
24.2,0.99997,-0.00698384,0.00184362,-0.00281458,-0.00341839,0.00250273,0.000974241,-0.0150417,0.755117,-1.35432,-0.0329529,0.237986,0.0652611,27.28,-0.186662,-0.237722,-0.569908
24.22,0.99997,-0.00701879,0.00185096,-0.00281175,-0.00421734,-2.72638e-05,0.000441609,-0.0152479,0.758437,-1.3545,-0.0331393,0.23882,0.0651497,26.1137,-0.181135,-0.21861,-0.657064
24.24,0.99997,-0.00699458,0.00181164,-0.00282204,0.00244057,-0.00255727,0.000308451,-0.0158711,0.766862,-1.35464,-0.0344083,0.238429,0.0655775,27.298,-0.195261,-0.198885,-0.579218
24.26,0.99997,-0.00698815,0.00179394,-0.00281319,-0.0014259,-3.03648e-05,0.00164026,-0.0162688,0.773363,-1.35522,-0.0336047,0.236985,0.0653104,25.1966,-0.219446,-0.154192,-0.571334
24.28,0.99997,-0.00699002,0.00179442,-0.00281414,0.000305162,0.000635426,-0.000357111,-0.0163109,0.774898,-1.3556,-0.0334136,0.236969,0.0652813,25.5098,-0.15197,-0.267788,-0.72089
24.3,0.99997,-0.00700157,0.00182947,-0.00283786,0.00123348,0.00129886,-0.00115583,-0.0165163,0.78112,-1.35687,-0.0321554,0.237006,0.0645324,25.8202,-0.261951,-0.15663,-0.357674
24.32,0.99997,-0.00698549,0.00177992,-0.00285627,0.00283139,-0.000565348,-0.00222109,-0.0168714,0.789092,-1.35798,-0.0325898,0.237532,0.0640992,25.5191,-0.196579,-0.205007,-0.506793
24.34,0.99997,-0.00697218,0.00182596,-0.0028551,0.00136664,0.00436149,0.000974708,-0.0171514,0.793964,-1.35841,-0.0325765,0.237651,0.0642351,29.9551,-0.270372,-0.155361,-0.413625
24.36,0.99997,-0.00697668,0.00183873,-0.00285719,-0.000364423,0.0036957,-0.000623195,-0.0172523,0.795603,-1.35851,-0.0323673,0.23779,0.0643132,27.1709,-0.260375,-0.160244,-0.458365
24.38,0.99997,-0.00698951,0.00182096,-0.00286941,0.0021656,-0.00282903,0.000708385,-0.0176425,0.802155,-1.35899,-0.032621,0.238312,0.0641998,25.0734,-0.205706,-0.191422,-0.508246
24.4,0.99997,-0.00695812,0.00181269,-0.00287636,0.00309378,0.00222829,0.000175958,-0.0180718,0.810206,-1.36006,-0.0337981,0.237891,0.0642133,26.9908,-0.2149,-0.218998,-0.609551
24.42,0.99997,-0.00694078,0.00182625,-0.00287512,0.00162904,0.00196197,4.28062e-05,-0.0182814,0.813467,-1.36035,-0.0334101,0.237515,0.0642497,22.9976,-0.161702,-0.227673,-0.654399
24.44,0.99997,-0.00693784,0.0018273,-0.00287234,0.00149588,0.000763555,0.000575436,-0.0183898,0.815106,-1.36046,-0.0330815,0.237495,0.0641587,26.4757,-0.267288,-0.207781,-0.448025
24.46,0.99997,-0.00696322,0.00179362,-0.00290035,-0.000501492,-0.00269856,-0.00142193,-0.0190642,0.825028,-1.36102,-0.0331287,0.239604,0.0637526,26.7121,-0.236137,-0.179076,-0.455059
24.48,0.99997,-0.00697522,0.00179431,-0.00290921,-0.00103847,0.000627731,-0.00155486,-0.0194326,0.831512,-1.36183,-0.0331222,0.239422,0.0634393,27.1615,-0.176913,-0.193331,-0.592379
24.5,0.99997,-0.00697118,0.00179097,-0.00290838,0.00215732,-0.000570689,0.000176193,-0.0196385,0.834798,-1.36212,-0.0328425,0.239494,0.0633949,25.6666,-0.212141,-0.215791,-0.610634
24.52,0.99997,-0.00697,0.00177617,-0.00290433,0.000293107,-0.000837008,0.000442508,-0.0198643,0.83811,-1.36233,-0.0330587,0.239336,0.0636772,27.115,-0.249979,-0.151905,-0.505346
24.54,0.99997,-0.00697258,0.00177581,-0.00291202,0.000159945,0.00275826,-0.00182118,-0.020505,0.846478,-1.36253,-0.032915,0.238597,0.0647706,27.3156,-0.1448,-0.269428,-0.642601
24.56,0.99997,-0.00697852,0.00179875,-0.00292234,0.00308517,0.000358894,0.000176406,-0.0208815,0.852938,-1.36334,-0.0329956,0.239312,0.065024,25.0599,-0.165344,-0.244822,-0.718899
24.58,0.99997,-0.00697254,0.00179124,-0.0029243,0.00228622,-0.00137215,-0.000622541,-0.0209882,0.854575,-1.36348,-0.033026,0.239342,0.0651613,26.6502,-0.223818,-0.157432,-0.486464
24.6,0.99997,-0.00696534,0.00178792,-0.00292229,0.00162042,0.00142416,0.00124168,-0.021477,0.861196,-1.36388,-0.0342201,0.239959,0.0656528,26.3132,-0.184039,-0.241757,-0.611485
24.62,0.99997,-0.00698022,0.00185043,-0.00292677,0.00175359,0.00355469,-0.00102202,-0.0222394,0.869636,-1.36395,-0.0356161,0.240301,0.0662353,27.0802,-0.194022,-0.190527,-0.447173
24.64,0.99997,-0.00694217,0.00182797,-0.00292379,0.00174879,-0.000708841,0.000576088,-0.0227969,0.876223,-1.36446,-0.0365931,0.240864,0.0668895,26.7076,-0.194101,-0.190295,-0.673897
24.66,0.99997,-0.00693628,0.00182635,-0.00293434,0.00228143,9.01069e-05,-0.00275286,-0.0229409,0.877864,-1.36461,-0.0370468,0.240633,0.0669608,25.9103,-0.22454,-0.228711,-0.687465
24.68,0.99997,-0.00694255,0.00182966,-0.00293639,-0.000781212,0.00128853,-0.000622336,-0.0230932,0.879509,-1.36473,-0.0374331,0.240445,0.0668731,25.095,-0.183848,-0.293911,-0.630693
24.7,0.99997,-0.00697004,0.00185551,-0.00296397,-0.00171332,0.00128853,-0.00155444,-0.023754,0.886172,-1.36503,-0.0374883,0.241387,0.0670204,27.628,-0.18785,-0.246639,-0.653825
24.72,0.99997,-0.00698414,0.00178073,-0.00297216,-0.000388524,0.00101826,-0.000222448,-0.0245469,0.895828,-1.3668,-0.0378762,0.241521,0.0659806,27.7015,-0.247739,-0.192304,-0.591438
24.74,0.99997,-0.00698654,0.00178855,-0.00297919,0.000144108,0.00181721,0.000443344,-0.0247974,0.899023,-1.3675,-0.0374404,0.240882,0.0658506,23.3692,-0.152944,-0.262939,-0.638449
24.76,0.99997,-0.00698391,0.00179937,-0.00299183,0.00160884,0.00328194,-0.0032851,-0.024928,0.900628,-1.36781,-0.0372936,0.240618,0.0656757,26.8966,-0.125337,-0.301912,-0.713676
24.78,0.999969,-0.00700234,0.00179982,-0.0030061,-0.00158693,0.000352463,-0.00275246,-0.0253368,0.905482,-1.36862,-0.0368535,0.239928,0.0658841,26.9698,-0.198395,-0.209092,-0.554183
24.8,0.99997,-0.00696169,0.00177732,-0.00306597,0.00400293,0.000483731,-0.00248593,-0.0263373,0.916864,-1.37043,-0.0379794,0.2397,0.0654479,24.9441,-0.219778,-0.187944,-0.585272
24.82,0.999969,-0.00696002,0.00177324,-0.00308009,0.00133976,-0.000448389,-0.00368436,-0.026483,0.918486,-1.37073,-0.0381764,0.239774,0.0651007,26.6826,-0.231693,-0.23564,-0.573695
24.84,0.999969,-0.00695559,0.00177931,-0.00309323,0.00200557,0.00208162,-0.00341804,-0.0266359,0.920116,-1.37101,-0.0386022,0.239882,0.0648855,26.1967,-0.211498,-0.273055,-0.625901
24.86,0.999969,-0.00696937,0.00182472,-0.00310391,0.000540815,0.00394583,-0.000488568,-0.0273029,0.926729,-1.37192,-0.0386862,0.241405,0.0644509,28.5362,-0.215638,-0.171186,-0.532435
24.88,0.99997,-0.00694552,0.00177994,-0.00312156,0.00160608,-0.00124734,4.40657e-05,-0.0284325,0.936905,-1.3727,-0.0395834,0.241842,0.0642726,26.1583,-0.190562,-0.24526,-0.633505
24.9,0.999969,-0.00695227,0.0017814,-0.00312521,-0.00105707,0.000750035,-0.0010212,-0.02864,0.938623,-1.37277,-0.0400734,0.241849,0.0640148,26.2485,-0.239689,-0.210981,-0.47484
24.92,0.999969,-0.00696009,0.0018032,-0.00311993,-0.000124961,0.00194846,0.00257407,-0.0290716,0.942074,-1.37286,-0.0402288,0.241861,0.0638763,24.8361,-0.192899,-0.196299,-0.644983
24.94,0.999969,-0.00697865,0.00184659,-0.00310848,0.00293766,0.00274741,-0.0019533,-0.0301418,0.950737,-1.37306,-0.0398311,0.242464,0.0644679,26.7595,-0.234164,-0.257876,-0.636556
24.96,0.999969,-0.00695626,0.00180906,-0.00311107,-0.000394768,-0.00218204,-0.00102099,-0.0311221,0.959275,-1.37391,-0.0413879,0.242253,0.0640336,25.7982,-0.193644,-0.237573,-0.582067
24.98,0.999969,-0.00695685,0.00180573,-0.00311901,0.000404186,-0.00045099,-0.00208624,-0.0313375,0.961001,-1.37402,-0.0417662,0.242407,0.064119,26.3911,-0.227513,-0.242957,-0.594555
25,0.999969,-0.00699024,0.00181921,-0.00312862,-0.000661087,0.000747433,-0.00115414,-0.0322452,0.967988,-1.37428,-0.0418379,0.243836,0.0639566,26.9033,-0.103842,-0.294805,-0.803789
25.02,0.999969,-0.00698898,0.00181358,-0.00313623,0.00306735,-0.00151625,4.42831e-05,-0.0332014,0.975086,-1.37426,-0.0415634,0.243889,0.0643174,24.9726,-0.155996,-0.277585,-0.721869
25.04,0.999969,-0.00698873,0.00184,-0.00315278,-0.00106408,0.00087788,-8.86319e-05,-0.0339886,0.981972,-1.37511,-0.041499,0.24322,0.0636161,28.8723,-0.119592,-0.278142,-0.797677
25.06,0.999969,-0.00699423,0.00183097,-0.00316098,-0.00146615,7.67584e-05,-0.00115369,-0.0343163,0.985338,-1.37589,-0.0417346,0.242905,0.0634842,25.858,-0.205624,-0.273674,-0.679339
25.08,0.999969,-0.00700222,0.00183612,-0.00316295,-0.00133299,0.00180782,-0.000621055,-0.0344901,0.98703,-1.37624,-0.0419757,0.242986,0.0633305,27.7993,-0.0727558,-0.36079,-0.853281
25.1,0.999969,-0.00701985,0.00181507,-0.00316749,0.000131737,-0.00192061,0.000710533,-0.0352378,0.993869,-1.37742,-0.0422284,0.243,0.0628671,27.4564,-0.160489,-0.251938,-0.659063
25.12,0.999969,-0.00700299,0.00181017,-0.00316535,0.00133017,7.67563e-05,4.47382e-05,-0.0362734,1.00254,-1.37843,-0.0421156,0.242623,0.0625568,23.8598,-0.187758,-0.210039,-0.685138
25.14,0.999969,-0.00700135,0.00181522,-0.00315679,0.000930696,0.00167465,0.00204211,-0.0364895,1.00429,-1.37857,-0.0419235,0.242614,0.0623973,25.5595,-0.182242,-0.285106,-0.761951
25.16,0.999969,-0.00699156,0.00183011,-0.00314825,0.00133017,0.00327255,-0.000487892,-0.0369261,1.00781,-1.37881,-0.0413289,0.242949,0.0622799,25.6768,-0.146966,-0.292114,-0.696902
25.18,0.999969,-0.00702149,0.00182191,-0.00316989,0.000128628,0.00034047,-0.00128664,-0.037853,1.01645,-1.38008,-0.0413502,0.243061,0.0617772,25.2745,-0.125988,-0.273016,-0.756498
25.2,0.999969,-0.00702569,0.00181474,-0.00316028,0.00159337,0.00140573,-0.00088717,-0.0386471,1.02343,-1.38091,-0.0418446,0.243244,0.0620956,27.8955,-0.165734,-0.266529,-0.744402
25.22,0.999969,-0.0070199,0.00182324,-0.00316878,0.00199284,0.00260416,-0.00221875,-0.0388549,1.02519,-1.38107,-0.041662,0.243198,0.0621755,29.2885,-0.149534,-0.323619,-0.72042
25.24,0.999969,-0.00701928,0.00183788,-0.00316821,-4.52895e-06,0.00207152,0.000444412,-0.0392789,1.02872,-1.38132,-0.041513,0.242906,0.0623838,25.4642,-0.208875,-0.25915,-0.646068
25.26,0.999969,-0.00701505,0.00184593,-0.00318893,-0.000270837,-0.000192157,-0.0055477,-0.0398838,1.03398,-1.38181,-0.0415494,0.24252,0.0623745,27.6652,-0.272133,-0.158586,-0.478352
25.28,0.999969,-0.00700094,0.00184116,-0.00321112,0.00132394,-0.000194979,-0.00261802,-0.0407888,1.04264,-1.38307,-0.042183,0.242827,0.0615142,25.3622,-0.147594,-0.315974,-0.742927
25.3,0.999969,-0.00700447,0.00184891,-0.00321256,0.00105763,0.00140291,-8.80161e-05,-0.0411936,1.04615,-1.38343,-0.0426874,0.243246,0.0616109,28.2742,-0.210989,-0.315143,-0.674023
25.32,0.999969,-0.00700126,0.00187335,-0.00322372,-0.000806592,0.00300081,-0.00102012,-0.0418432,1.05146,-1.38383,-0.0431623,0.243717,0.0615096,28.0607,-0.140799,-0.280084,-0.755373
25.34,0.999968,-0.00701642,0.00187361,-0.00328936,0.000389165,-0.000996926,-0.00168571,-0.0428141,1.06029,-1.38488,-0.0427602,0.244736,0.0615284,23.6418,-0.161811,-0.266751,-0.698663
25.36,0.999968,-0.00702732,0.00184042,-0.00328814,-0.000676091,-0.00392641,0.000577965,-0.0435708,1.06738,-1.38574,-0.0430306,0.244978,0.0614161,25.6844,-0.151557,-0.300824,-0.725412
25.38,0.999968,-0.00702851,0.00182203,-0.00329858,0.000255998,-0.00405956,-0.00275098,-0.0437726,1.06917,-1.3859,-0.0432329,0.244865,0.0612114,27.0052,-0.160211,-0.27358,-0.730765
25.4,0.999968,-0.00702945,0.00182645,-0.00332299,0.000385817,0.00326139,-0.00168551,-0.0444025,1.07608,-1.38727,-0.0426,0.243994,0.0602822,28.2629,-0.214664,-0.263214,-0.647801
25.42,0.999968,-0.00703183,0.00182684,-0.00333997,0.000252648,-0.000333879,-0.000620241,-0.0450779,1.08306,-1.38829,-0.0416751,0.243469,0.0600252,25.486,-0.206877,-0.265718,-0.723258
25.44,0.999968,-0.00702276,0.00179451,-0.00334254,0.000385806,0.00166349,0.000178709,-0.0458041,1.09012,-1.38899,-0.0419131,0.24375,0.0604113,24.9776,-0.110085,-0.299373,-0.831982
25.46,0.999968,-0.00703569,0.00178787,-0.00335038,-0.00267683,-0.00113283,-0.00208497,-0.0460006,1.0919,-1.38911,-0.042285,0.243741,0.0605434,26.053,-0.172036,-0.295109,-0.726402
25.48,0.999968,-0.00702159,0.00181352,-0.00335945,0.00371476,0.00153034,-0.00048709,-0.0468354,1.09907,-1.38943,-0.042361,0.243945,0.0609984,27.7269,-0.108796,-0.366065,-0.804671
25.5,0.999968,-0.00700823,0.00180985,-0.00335187,0.000650286,0.000195498,4.57605e-05,-0.0478346,1.10805,-1.38995,-0.043098,0.243688,0.0610475,27.4938,-0.186486,-0.26137,-0.601929
25.52,0.999968,-0.00700849,0.00178615,-0.00337538,0.00238134,-0.000603454,-0.00421529,-0.0483377,1.11338,-1.39073,-0.0438949,0.243789,0.0604179,27.0311,-0.226691,-0.256138,-0.664404
25.54,0.999968,-0.00700697,0.00178115,-0.00338611,0.000514728,0.000991924,0.000179142,-0.0486372,1.11689,-1.39144,-0.0440057,0.243813,0.0603425,26.8084,-0.136323,-0.254153,-0.793122
25.56,0.999968,-0.0070195,0.00179513,-0.00339006,-0.000816851,0.00192403,-0.00035349,-0.0489587,1.12043,-1.39206,-0.0439704,0.244238,0.0601618,25.4615,-0.128864,-0.321196,-0.745212
25.58,0.999968,-0.00698682,0.00177267,-0.0033823,0.00197947,-0.00500019,0.00191019,-0.0498299,1.12938,-1.39324,-0.0436395,0.244253,0.0595414,27.1302,-0.194984,-0.265853,-0.624987
25.6,0.999968,-0.00696642,0.00174543,-0.00339248,-0.00028422,0.00125824,-0.00141876,-0.0504195,1.1348,-1.39372,-0.0446414,0.244469,0.0594273,26.216,-0.186982,-0.224001,-0.647971
25.62,0.999968,-0.00697296,0.00174842,-0.00339187,-0.00121633,0.00125824,4.59808e-05,-0.0506308,1.13662,-1.39385,-0.0449554,0.244997,0.0595461,26.4226,-0.185999,-0.314581,-0.711704
25.64,0.999968,-0.0070009,0.0017483,-0.00340578,-0.000952643,-0.00313884,-0.00275013,-0.0516344,1.14573,-1.39469,-0.0445203,0.246949,0.0592202,27.2871,-0.20376,-0.281814,-0.639248
25.66,0.999968,-0.00700375,0.00174699,-0.00343554,-0.00148528,0.00232066,-0.00101908,-0.0523552,1.153,-1.39561,-0.0438855,0.24716,0.058886,25.0894,-0.202312,-0.25337,-0.718878
25.68,0.999968,-0.0070088,0.0017515,-0.00342533,-0.000819499,0.00165486,0.00244303,-0.0525459,1.15483,-1.39579,-0.0439868,0.247113,0.058776,30.0896,-0.196596,-0.283063,-0.673566
25.7,0.999968,-0.00704123,0.00176209,-0.00342191,-0.000286863,0.000190122,-0.00088592,-0.0531428,1.16035,-1.39623,-0.0437314,0.246805,0.0588085,25.5109,-0.139375,-0.313105,-0.774883
25.72,0.999968,-0.00703412,0.00176108,-0.00341323,0.00131103,-7.61915e-05,-0.000220137,-0.054225,1.1696,-1.3966,-0.044346,0.246629,0.0589409,25.2484,-0.159163,-0.305273,-0.708169
25.74,0.999968,-0.00704174,0.00174348,-0.00341478,0.000112615,0.00192118,-8.69726e-05,-0.0551747,1.17706,-1.39659,-0.0445096,0.246155,0.0594648,25.5951,-0.249778,-0.232387,-0.557143
25.76,0.999968,-0.00705248,0.00176804,-0.00340742,-0.000556917,0.00364885,-0.00101885,-0.0555329,1.18066,-1.39707,-0.0443492,0.246353,0.0598346,27.9451,-0.178998,-0.342769,-0.708485
25.78,0.999968,-0.00706082,0.00177383,-0.00340726,0.000508351,0.000852534,-0.000353054,-0.0559017,1.18428,-1.39746,-0.0436096,0.246649,0.059589,29.2453,-0.266494,-0.20995,-0.493213
25.8,0.999968,-0.00699252,0.00176328,-0.00343852,0.00343783,0.00191781,-0.00195094,-0.0568807,1.19343,-1.3981,-0.0434735,0.246324,0.0601723,26.4453,-0.180639,-0.336163,-0.713221
25.82,0.999968,-0.00703913,0.00179727,-0.00345188,-0.00282301,0.0029801,-0.000486006,-0.0576197,1.20071,-1.39882,-0.0432959,0.24686,0.0601475,26.2697,-0.125727,-0.281893,-0.748953
25.84,0.999968,-0.00704232,0.001808,-0.00345024,-0.000293013,0.00324642,0.000312936,-0.0577846,1.20252,-1.39908,-0.043293,0.247119,0.0600803,25.008,-0.285134,-0.219211,-0.495847
25.86,0.999968,-0.0070481,0.00180461,-0.0034675,0.00130489,-0.00287885,-0.00208391,-0.0583157,1.20799,-1.39975,-0.0440909,0.247454,0.0595532,26.965,-0.150284,-0.324193,-0.716635
25.88,0.999968,-0.00701757,0.0017602,-0.00347601,-0.00109196,-0.000748328,-0.00274969,-0.0593338,1.21718,-1.40048,-0.0451754,0.245943,0.0595165,27.3976,-0.230361,-0.258854,-0.652098
25.9,0.999968,-0.00701487,0.00177126,-0.00348231,0.00143422,0.00444177,-0.000752108,-0.0603406,1.22629,-1.40127,-0.0441463,0.246891,0.0591576,26.09,-0.217283,-0.2779,-0.687343
25.92,0.999968,-0.00701256,0.0017882,-0.00348923,0.00116791,0.00484124,-0.00181739,-0.0605085,1.22808,-1.40152,-0.0435176,0.247179,0.0589677,27.3946,-0.19233,-0.281027,-0.69934
25.94,0.999968,-0.00701288,0.00179673,-0.00348758,0.000502114,0.00271071,0.000313149,-0.0606785,1.22988,-1.40176,-0.0433788,0.247467,0.0588714,27.9823,-0.262522,-0.270193,-0.571073
25.96,0.999968,-0.00701723,0.0017592,-0.00350933,-0.0013621,-0.00368088,-0.00061896,-0.0613874,1.23715,-1.40249,-0.0427978,0.247987,0.0589203,27.3834,-0.121178,-0.279137,-0.757499
25.98,0.999967,-0.00705248,0.00176052,-0.00351974,-0.00176157,0.000180706,0.00137841,-0.0623832,1.24636,-1.40297,-0.0433183,0.248531,0.0599032,22.7311,-0.31414,-0.143525,-0.43846
26,0.999967,-0.00705923,0.00176959,-0.00352032,-0.00122894,0.00271071,-0.000219491,-0.0625956,1.24821,-1.40301,-0.0431975,0.248502,0.0601562,27.1341,-0.121702,-0.406417,-0.814143
26.02,0.999968,-0.0070313,0.00179319,-0.00352485,0.00609475,-8.56049e-05,4.68181e-05,-0.0632488,1.25381,-1.40303,-0.0428803,0.248597,0.0606041,30.3551,-0.193045,-0.34289,-0.764046
26.04,0.999967,-0.00702325,0.0017874,-0.00355516,-0.00123178,-0.00102108,-0.00155085,-0.064206,1.26301,-1.40362,-0.043471,0.247989,0.0604532,27.226,-0.205588,-0.279194,-0.705693
26.06,0.999967,-0.00705588,0.00179723,-0.0035513,-0.000965463,0.00230787,-0.00075191,-0.0647672,1.26852,-1.40411,-0.0439836,0.248674,0.06032,25.414,-0.116926,-0.343465,-0.834236
26.08,0.999967,-0.00707385,0.00178994,-0.00356236,-0.00136494,-0.000887916,0.000712831,-0.0651706,1.27222,-1.40434,-0.0440582,0.249242,0.0606367,27.334,-0.183386,-0.311598,-0.705276
26.1,0.999967,-0.00704598,0.00178762,-0.00355921,0.00382823,-8.89608e-05,0.0017781,-0.0657961,1.27782,-1.40454,-0.0433665,0.249084,0.0611243,24.7911,-0.170388,-0.26828,-0.734668
26.12,0.999968,-0.00701618,0.0017627,-0.00356998,0.000765596,0.00124261,-0.000219276,-0.0669005,1.28719,-1.40454,-0.0427469,0.248424,0.061324,27.2296,-0.168907,-0.295417,-0.715678
26.14,0.999967,-0.00702335,0.00179164,-0.00358725,-0.00123453,0.00203815,-0.00368117,-0.0676071,1.29459,-1.40518,-0.0419662,0.249646,0.061208,26.8082,-0.249823,-0.311528,-0.674655
26.16,0.999967,-0.00703712,0.00179653,-0.00360053,-0.00296556,0.00177182,-0.00341488,-0.0677744,1.29644,-1.40537,-0.0418773,0.250087,0.0612247,28.6446,-0.259147,-0.318695,-0.662606
26.18,0.999967,-0.00703082,0.00180674,-0.00359575,0.000896011,-0.00169029,0.000180406,-0.0684866,1.30393,-1.40594,-0.0420659,0.251413,0.0610066,29.193,-0.15302,-0.331976,-0.748009
26.2,0.999967,-0.00700985,0.00176312,-0.00361384,-0.00163399,0.000440243,-8.59156e-05,-0.0698889,1.31715,-1.40653,-0.0432287,0.251585,0.061741,28.1938,-0.195375,-0.302358,-0.707591
26.22,0.999967,-0.00702697,0.00178069,-0.00361652,-0.00376788,0.00496444,-0.000751513,-0.0700495,1.31899,-1.4068,-0.0430063,0.252159,0.0618124,25.7423,-0.21385,-0.279825,-0.64978
26.24,0.999967,-0.00703604,0.00180202,-0.00361712,-0.00177051,0.00589654,-0.00021887,-0.0702131,1.32085,-1.40704,-0.0427584,0.252643,0.06214,25.0369,-0.130109,-0.291304,-0.778778
26.26,0.999967,-0.00703333,0.00179765,-0.00363976,0.00209108,0.00163549,-0.0026157,-0.0710199,1.33017,-1.40818,-0.0418295,0.252433,0.0618062,27.7915,-0.218515,-0.29683,-0.664909
26.28,0.999967,-0.00704611,0.00174337,-0.0036601,-0.0015059,0.00136694,0.000180771,-0.0717859,1.33941,-1.40977,-0.0431297,0.250841,0.0615246,28.2428,-0.137707,-0.366226,-0.77506
26.3,0.999967,-0.00705034,0.00175459,-0.00365263,-0.000573792,0.00336432,0.00177866,-0.0719578,1.34126,-1.41002,-0.0429837,0.250622,0.061706,26.7377,-0.22505,-0.315153,-0.692006
26.32,0.999967,-0.00704529,0.00178982,-0.0036692,-4.11614e-05,0.00243221,0.00124604,-0.0724874,1.34686,-1.41064,-0.0418161,0.250988,0.0618105,27.2887,-0.198138,-0.312705,-0.677145
26.34,0.999967,-0.00702895,0.00174561,-0.00368076,0.000622536,-0.00183103,0.000180944,-0.0732728,1.35614,-1.41206,-0.0412148,0.25085,0.0615402,26.2975,-0.145545,-0.362424,-0.782726
26.36,0.999967,-0.00703902,0.00177296,-0.00367223,-0.00257389,0.00402626,0.000181121,-0.0739671,1.36542,-1.41409,-0.0402188,0.251896,0.0607845,28.5533,-0.166933,-0.351077,-0.73508
26.38,0.999967,-0.0070401,0.0017844,-0.00367319,0.00022243,0.00349363,-0.000351533,-0.0741011,1.36729,-1.41452,-0.0401155,0.252221,0.060671,26.6395,-0.189855,-0.329701,-0.752039
26.4,0.999967,-0.00702787,0.00177935,-0.00367354,0.00355138,-0.000634275,-0.000218371,-0.0742387,1.36917,-1.41492,-0.0397987,0.252215,0.0606324,28.1514,-0.249167,-0.273969,-0.589401
26.42,0.999967,-0.00701358,0.00173719,-0.00368847,0.000888224,0.00242836,-0.00061784,-0.0751456,1.3805,-1.41684,-0.0399767,0.252632,0.0598764,26.2674,-0.261175,-0.22378,-0.56577
26.44,0.999967,-0.00700052,0.0017644,-0.00369691,0.00128769,0.000564154,-0.00288153,-0.0758425,1.38815,-1.41772,-0.0394594,0.252698,0.0599536,29.8158,-0.248037,-0.325266,-0.691059
26.46,0.999967,-0.00700847,0.00176701,-0.00369473,-0.00164178,0.00109678,0.000447425,-0.0760244,1.39007,-1.41788,-0.0394425,0.252724,0.0600037,27.7671,-0.130361,-0.324155,-0.779833
26.48,0.999967,-0.00700895,0.00173639,-0.00369444,-4.38865e-05,-0.0011669,0.00111322,-0.0767993,1.3978,-1.41836,-0.0401703,0.2533,0.060512,26.627,-0.0235159,-0.444288,-0.929266
26.5,0.999967,-0.00701379,0.00177706,-0.00369799,-0.000177709,0.00229307,0.00124655,-0.0777871,1.40753,-1.41913,-0.0402438,0.254111,0.0610009,25.9214,-0.257113,-0.270325,-0.645547
26.52,0.999967,-0.00703744,0.00176742,-0.00370578,-0.000710341,-0.00103588,-8.50253e-05,-0.0785297,1.41535,-1.42009,-0.0402363,0.254644,0.061285,26.3748,-0.140882,-0.346077,-0.727716
26.54,0.999967,-0.00704006,0.00176232,-0.00371161,-0.000444016,-0.000902724,-0.00154977,-0.0787277,1.41732,-1.42028,-0.0402868,0.254669,0.0613397,28.2967,-0.25902,-0.2403,-0.581941
26.56,0.999967,-0.00700852,0.00176453,-0.00375231,0.00115386,-0.00156851,-0.00181609,-0.0795583,1.4252,-1.42081,-0.0401932,0.254165,0.062043,26.9474,-0.132232,-0.380237,-0.80174
26.58,0.999967,-0.00700866,0.00175954,-0.00375684,-0.000977639,0.00175827,0.000847242,-0.0805678,1.43506,-1.42158,-0.0393969,0.254036,0.0627236,25.1755,-0.133242,-0.292616,-0.784194
26.6,0.999967,-0.00701588,0.00176881,-0.00375689,-0.00164343,0.00269038,-8.48705e-05,-0.0807484,1.43702,-1.42184,-0.0389726,0.254222,0.0627011,28.5728,-0.311709,-0.286564,-0.537696
26.62,0.999967,-0.00700429,0.00179693,-0.00376815,0.0015514,0.00348774,-0.000750517,-0.0811951,1.44289,-1.42315,-0.0376203,0.254925,0.0621524,27.451,-0.299937,-0.292451,-0.566417
26.64,0.999967,-0.00696436,0.00176379,-0.00378429,-0.00124493,-0.00476806,-0.000484195,-0.0819998,1.45274,-1.42487,-0.0383636,0.255103,0.0612479,27.4606,-0.219617,-0.292953,-0.589719
26.66,0.999967,-0.00701392,0.00175883,-0.00379207,-0.00524031,0.00215466,-8.45964e-05,-0.082901,1.46268,-1.42647,-0.0390929,0.256809,0.0605739,26.5572,-0.236253,-0.290241,-0.677472
26.68,0.999967,-0.00702649,0.00177481,-0.00379263,-0.00297663,0.00441835,-0.000217757,-0.0830739,1.46467,-1.42686,-0.0388401,0.257075,0.060344,28.8885,-0.173897,-0.336132,-0.675994
26.7,0.999967,-0.00702198,0.00176236,-0.00381907,0.00221653,-0.00223955,-0.00447881,-0.0834223,1.46867,-1.42755,-0.0379279,0.256993,0.0600289,25.6116,-0.205047,-0.272448,-0.70775
26.72,0.999967,-0.00702189,0.00176025,-0.00382213,-0.00231083,0.00242098,0.000181722,-0.084723,1.4827,-1.4293,-0.0375197,0.256282,0.0605825,27.1786,-0.213555,-0.346557,-0.653296
26.74,0.999966,-0.00704357,0.00177269,-0.00383235,-0.00124557,2.41275e-05,-0.00221511,-0.0851229,1.48673,-1.42961,-0.0375796,0.257258,0.0609436,28.0346,-0.26258,-0.267322,-0.591438
26.76,0.999966,-0.00704285,0.0017682,-0.00383987,0.000352329,0.000556768,-0.00128301,-0.0855372,1.49079,-1.42984,-0.0378276,0.258118,0.0612519,27.5579,-0.214418,-0.289017,-0.691742
26.78,0.999967,-0.0070252,0.00175134,-0.0038225,0.00195023,-0.000907966,0.000980677,-0.0863813,1.49893,-1.43033,-0.0382529,0.258746,0.0616301,27.9654,-0.221695,-0.388512,-0.690218
26.8,0.999967,-0.00703029,0.00172571,-0.00382836,0.00194929,-0.000243951,-0.00101658,-0.0873771,1.5091,-1.4314,-0.0377275,0.259154,0.0615381,25.3633,-0.217548,-0.309344,-0.691095
26.82,0.999967,-0.00701897,0.00172174,-0.00383649,0.000484551,0.000421838,-8.44755e-05,-0.0877868,1.51319,-1.43168,-0.0369862,0.259688,0.061752,27.7182,-0.268395,-0.352854,-0.597952
26.84,0.999967,-0.00702178,0.00172707,-0.00383715,-0.000580715,0.00162026,-0.000217631,-0.0879913,1.51524,-1.4318,-0.0365891,0.259989,0.0617914,30.7766,-0.32944,-0.246594,-0.433132
26.86,0.999967,-0.00700538,0.00174796,-0.00386246,0.00208219,0.00148545,0.00151354,-0.0891503,1.52762,-1.43255,-0.0351037,0.261813,0.0626655,27.7544,-0.152905,-0.347431,-0.766045
26.88,0.999966,-0.00700028,0.00178313,-0.00386944,0.000750612,0.00268387,0.000181948,-0.0898797,1.53594,-1.4333,-0.0348368,0.26311,0.0625253,28.0734,-0.256939,-0.288323,-0.624771
26.9,0.999966,-0.00699175,0.00183246,-0.0038909,0.0014164,0.00308334,-0.00248122,-0.0904604,1.54222,-1.43364,-0.0352735,0.263651,0.0627369,27.9419,-0.183169,-0.317217,-0.739975
26.92,0.999966,-0.0070083,0.00181904,-0.00388105,-0.00284465,-0.000911399,0.000315104,-0.0910878,1.54852,-1.43382,-0.0366195,0.263837,0.0635747,27.6988,-0.215415,-0.335685,-0.678021
26.94,0.999966,-0.00701711,0.00182165,-0.00390795,-0.000714117,0.00321651,-8.43596e-05,-0.0922507,1.55906,-1.43374,-0.0376873,0.26404,0.0644782,28.4557,-0.256785,-0.298347,-0.576642
26.96,0.999966,-0.00701272,0.00182562,-0.00389657,0.00128065,0.0012172,0.00124728,-0.0926543,1.56318,-1.43414,-0.0370941,0.263899,0.0642675,28.5034,-0.253947,-0.26842,-0.669495
26.98,0.999966,-0.00701851,0.00183083,-0.00388942,0.000348544,0.00241563,0.00204623,-0.0930656,1.5673,-1.43446,-0.0370238,0.26405,0.0638823,26.2472,-0.15148,-0.368785,-0.771746
27,0.999966,-0.00700331,0.00177982,-0.00390159,0.00114616,-0.00331157,0.00018206,-0.0940708,1.57763,-1.43542,-0.0363043,0.265078,0.0638158,27.537,-0.233811,-0.319885,-0.667938
27.02,0.999966,-0.00704756,0.00177162,-0.00390438,-0.000984365,-0.00197999,-0.00088319,-0.095036,1.58797,-1.43682,-0.035915,0.266885,0.0641521,29.8298,-0.261761,-0.268165,-0.613078
27.04,0.999966,-0.0070484,0.00177492,-0.00391303,8.03571e-05,0.00121472,-0.00221468,-0.095216,1.59004,-1.43721,-0.0355823,0.267088,0.064062,27.2352,-0.147934,-0.357579,-0.761352
27.06,0.999966,-0.0070529,0.00175491,-0.0039368,-0.00031912,-0.00211424,-0.00234783,-0.0959521,1.59837,-1.43851,-0.0353475,0.267405,0.0638727,27.5653,-0.240872,-0.300773,-0.684168
27.08,0.999966,-0.00705521,0.00175184,-0.00393376,-0.00378123,-0.000250021,-8.41527e-05,-0.0969416,1.60885,-1.43964,-0.0351696,0.267698,0.064368,24.0216,-0.172193,-0.381702,-0.779011
27.1,0.999966,-0.00709372,0.00177173,-0.00393587,-0.00258392,0.00307781,-0.000483559,-0.0975147,1.61512,-1.44049,-0.0347466,0.268732,0.0643547,31.4668,-0.267298,-0.332461,-0.603004
27.12,0.999965,-0.00709195,0.00178203,-0.00394405,0.000745035,0.00294466,-0.00208145,-0.0977034,1.61722,-1.44079,-0.0348731,0.269021,0.0645486,27.4589,-0.157438,-0.343988,-0.766919
27.14,0.999966,-0.00706209,0.00177823,-0.00395913,-5.39102e-05,-0.000916922,-0.000217236,-0.0987061,1.62773,-1.44199,-0.0354857,0.269272,0.0646138,27.7034,-0.212223,-0.30427,-0.649322
27.16,0.999965,-0.00709164,0.00178155,-0.0039567,-0.0023176,0.00147991,-0.00114935,-0.0998186,1.63832,-1.44269,-0.0365952,0.270716,0.0641508,28.3249,-0.275724,-0.327151,-0.589751
27.18,0.999965,-0.00711252,0.00179239,-0.00397681,-0.00378234,0.000414668,-0.00101618,-0.100283,1.64258,-1.44285,-0.0363276,0.271531,0.0639512,27.647,-0.142885,-0.354109,-0.76607
27.2,0.999965,-0.00710133,0.00179008,-0.00397719,0.0034082,-0.00025113,-0.000217243,-0.100756,1.64687,-1.44293,-0.0364064,0.272431,0.0640479,27.4663,-0.250683,-0.313566,-0.684285
27.22,0.999966,-0.00702141,0.00175709,-0.00398528,0.0018103,0.000947288,4.90816e-05,-0.102224,1.65975,-1.44303,-0.0371989,0.272081,0.0652268,26.983,-0.248661,-0.286518,-0.599737
27.24,0.999965,-0.00707951,0.00179066,-0.00397256,-0.00391727,0.0012121,-8.40154e-05,-0.103375,1.67041,-1.44369,-0.036024,0.274093,0.0659162,26.5033,-0.20222,-0.302135,-0.711586
27.26,0.999965,-0.00708597,0.00178931,-0.00397595,-0.00138727,-0.000119465,-0.00088297,-0.103606,1.67256,-1.44376,-0.0359288,0.274625,0.0661119,27.329,-0.212113,-0.314058,-0.676881
27.28,0.999965,-0.00707799,0.00179182,-0.00397453,0.00327327,-0.00038578,-0.000616656,-0.104318,1.67903,-1.44386,-0.0363365,0.275075,0.0667144,28.2655,-0.296589,-0.307109,-0.579606
27.3,0.999966,-0.00701833,0.00180603,-0.0039605,0.0006101,-0.000385786,0.00138071,-0.105548,1.6898,-1.44393,-0.0371313,0.274642,0.067386,28.4334,-0.263296,-0.328466,-0.631324
27.32,0.999966,-0.00704671,0.00181988,-0.00396012,-0.00112323,-0.00145241,0.000981272,-0.10674,1.70041,-1.44485,-0.0379484,0.276656,0.0674372,28.1822,-0.152113,-0.347428,-0.787448
27.34,0.999966,-0.00704709,0.00181563,-0.00395926,0.000339115,-0.000787611,0.000182346,-0.106972,1.70252,-1.44516,-0.0381864,0.277168,0.067304,28.6272,-0.205424,-0.316909,-0.699675
27.36,0.999966,-0.00703885,0.0017812,-0.00396477,0.00246964,-0.00358393,-0.0022145,-0.107944,1.71098,-1.44616,-0.0389133,0.277727,0.0673072,26.7008,-0.119498,-0.39605,-0.827281
27.38,0.999966,-0.00706364,0.00181305,-0.00396355,-0.00418826,0.00240817,0.000182354,-0.109202,1.72164,-1.44693,-0.0376673,0.277927,0.0676462,28.0352,-0.273993,-0.313314,-0.584883
27.4,0.999965,-0.00708458,0.00180954,-0.0039776,-0.00485405,-0.000654467,-0.00354607,-0.109453,1.72378,-1.44702,-0.0373874,0.278133,0.0675555,27.8602,-0.291633,-0.302855,-0.580114
27.42,0.999965,-0.00708896,0.00180765,-0.00398103,-0.000726154,-0.000254978,-0.000882916,-0.109705,1.72593,-1.4471,-0.0373621,0.278413,0.0674443,27.38,-0.121827,-0.398805,-0.771115
27.44,0.999965,-0.00706521,0.00179115,-0.00400097,0.00180207,0.00147517,-0.000749793,-0.110973,1.73663,-1.44771,-0.0383176,0.278525,0.0679434,27.7846,-0.264703,-0.314362,-0.615042
27.46,0.999965,-0.00705096,0.00177692,-0.00403806,-0.000861083,-0.00225325,-0.00274717,-0.112282,1.74731,-1.44857,-0.0389175,0.279492,0.0685201,31.0624,-0.221458,-0.378812,-0.727553
27.48,0.999966,-0.00704988,0.00175769,-0.00402607,0.00193523,-0.00118799,0.000315474,-0.113097,1.75378,-1.44884,-0.0392153,0.280516,0.0685954,27.5901,-0.0806942,-0.421234,-0.885247
27.5,0.999966,-0.00704886,0.00176388,-0.00402962,0.00060365,0.00174149,-0.000882947,-0.113373,1.75594,-1.44889,-0.0390742,0.280848,0.0688296,30.2225,-0.275144,-0.324638,-0.601159
27.52,0.999965,-0.00705158,0.00177608,-0.00405847,-0.0031265,-0.000922541,-0.0020814,-0.114716,1.76672,-1.44965,-0.0387176,0.281378,0.0689888,29.0515,-0.210499,-0.376543,-0.696641
27.54,0.999965,-0.00709568,0.00176398,-0.00406798,-0.000862817,0.000675353,0.000581763,-0.116078,1.77753,-1.45039,-0.0392878,0.282137,0.0696586,28.8918,-0.168163,-0.347758,-0.750864
27.56,0.999965,-0.00709365,0.00175689,-0.004072,0.000868241,-0.00158834,-0.00101614,-0.116358,1.7797,-1.45048,-0.0391224,0.282155,0.0697663,26.4242,-0.23121,-0.321838,-0.703645
27.58,0.999965,-0.00708716,0.00176133,-0.00408107,0.00180035,-0.000789387,-0.00061666,-0.117207,1.78623,-1.45061,-0.039562,0.281741,0.0706565,27.3797,-0.278051,-0.296664,-0.616905
27.6,0.999965,-0.00708445,0.00172485,-0.00411397,0.000600891,-0.00118962,-0.00101613,-0.11861,1.79707,-1.45146,-0.0393244,0.281885,0.071111,28.6441,-0.252872,-0.384494,-0.664436
27.62,0.999965,-0.00705922,0.0017486,-0.00414468,0.00153299,0.000674597,-0.00234772,-0.12002,1.80798,-1.45204,-0.0387419,0.283352,0.0710273,29.7485,-0.260129,-0.330965,-0.635454
27.64,0.999965,-0.00705156,0.00173995,-0.00415563,0.00219879,-0.00198856,-0.00274719,-0.120304,1.81018,-1.4521,-0.0387948,0.283522,0.0711073,27.4616,-0.225153,-0.345659,-0.669144
27.66,0.999965,-0.00705178,0.0017463,-0.00416029,0.000201421,0.00173986,-0.00114929,-0.12059,1.81238,-1.45214,-0.0388593,0.28372,0.0710323,30.3122,-0.261892,-0.311922,-0.651027
27.68,0.999965,-0.00705552,0.00175561,-0.00416742,0.00100036,0.00213934,-0.00101613,-0.122051,1.82345,-1.45204,-0.0391268,0.285569,0.0723689,25.3329,-0.174175,-0.398482,-0.761115
27.7,0.999965,-0.00707501,0.00177507,-0.00417958,0.0024628,0.00187196,0.000182261,-0.123201,1.83231,-1.45223,-0.0391063,0.286332,0.072381,30.2358,-0.340934,-0.30112,-0.528216
27.72,0.999965,-0.00707703,0.00177661,-0.00417675,-0.00020036,0.000540378,0.000714891,-0.123484,1.8345,-1.45237,-0.0392844,0.28624,0.072534,32.4759,-0.170511,-0.397549,-0.761465
27.74,0.999965,-0.00708589,0.00178588,-0.00420488,-0.00233089,-0.00119067,-0.00128248,-0.124637,1.84331,-1.45272,-0.0393485,0.285839,0.0726619,28.9088,-0.284831,-0.332213,-0.59488
27.76,0.999964,-0.00710963,0.00180835,-0.00420466,-0.00233271,0.000406433,0.000848032,-0.126082,1.85432,-1.45325,-0.0394384,0.28681,0.0728358,29.7878,-0.142082,-0.389581,-0.766589
27.78,0.999964,-0.00708107,0.00179136,-0.00423477,0.0024601,-0.00571926,-0.00234774,-0.127198,1.86305,-1.45477,-0.0398026,0.287244,0.0721796,27.3476,-0.23286,-0.328255,-0.683675
27.8,0.999964,-0.00707386,0.00177034,-0.00424191,0.00219379,-0.00505347,-0.0018151,-0.127483,1.86524,-1.45508,-0.0398015,0.287176,0.0720784,29.2532,-0.316398,-0.279038,-0.564302
27.82,0.999964,-0.00707,0.00176498,-0.0042438,0.00112852,0.00240338,4.91093e-05,-0.128644,1.87403,-1.45612,-0.0399081,0.287577,0.0715938,26.7851,-0.247096,-0.305591,-0.660981
27.84,0.999964,-0.00707878,0.00180809,-0.00428098,0.00206063,0.000272845,-0.00101616,-0.130085,1.88512,-1.45692,-0.0380154,0.288837,0.0715501,27.4671,-0.233883,-0.336166,-0.713361
27.86,0.999964,-0.0070718,0.00179785,-0.00429138,0.00206064,-0.00239031,-0.00261405,-0.130371,1.88735,-1.45702,-0.038028,0.288632,0.0715982,30.594,-0.0843724,-0.446058,-0.86722
27.88,0.999964,-0.00705675,0.00179928,-0.00430508,0.00405801,0.000539153,-0.003413,-0.130658,1.88958,-1.4571,-0.0382855,0.28848,0.0715883,26.3166,-0.23289,-0.327935,-0.673496
27.9,0.999964,-0.00706264,0.00177753,-0.00432154,-0.00126832,6.53744e-06,-0.00194826,-0.132158,1.90076,-1.45722,-0.0400721,0.288581,0.0719466,30.0447,-0.300239,-0.324166,-0.607477
27.92,0.999964,-0.00709052,0.00178746,-0.00434829,0.000460019,0.00226928,0.000182254,-0.133694,1.91192,-1.45746,-0.040269,0.289546,0.0725081,28.6729,-0.131391,-0.416096,-0.792711
27.94,0.999964,-0.0070683,0.00178885,-0.0043572,0.0059195,0.00053824,-0.00221459,-0.133992,1.91413,-1.45761,-0.0399673,0.289453,0.0726067,30.8107,-0.265162,-0.351001,-0.646968
27.96,0.999964,-0.00702487,0.00178107,-0.00436944,0.00312318,-0.000393885,4.9088e-05,-0.134883,1.92077,-1.45794,-0.0394074,0.289644,0.0731199,29.1519,-0.276273,-0.295353,-0.63197
27.98,0.999964,-0.00705929,0.00178478,-0.00440041,-0.00327105,0.00213531,-0.00141565,-0.136355,1.93181,-1.45859,-0.0396613,0.290815,0.0733665,25.8964,-0.181063,-0.36397,-0.797685
28,0.999963,-0.00709346,0.00177477,-0.00442333,0.000856864,-0.00199259,-0.00141566,-0.137817,1.94284,-1.45943,-0.0395506,0.291769,0.0741518,25.6319,-0.121987,-0.408178,-0.827666
28.02,0.999964,-0.00708477,0.00177306,-0.00442795,0.0025879,-0.000261544,-0.00114935,-0.138112,1.94506,-1.45953,-0.0394995,0.29147,0.0743586,30.5432,-0.265355,-0.393794,-0.650764
28.04,0.999964,-0.00705702,0.00175198,-0.00444754,0.00272106,0.000936881,-0.00168198,-0.139007,1.95171,-1.4597,-0.0395191,0.29096,0.0747133,29.6593,-0.135636,-0.469197,-0.780594
28.06,0.999964,-0.00704607,0.00177657,-0.00445373,-0.00207262,4.77881e-06,-8.40852e-05,-0.140512,1.96287,-1.4596,-0.0388345,0.291958,0.0753164,31.4442,-0.272906,-0.340624,-0.591165
28.08,0.999964,-0.00704485,0.00178541,-0.00446179,5.51049e-05,0.000936023,-0.00234779,-0.141361,1.96946,-1.46018,-0.0383753,0.293532,0.0751564,27.4166,-0.311714,-0.29248,-0.619984
28.1,0.999964,-0.0070605,0.00178952,-0.00446731,0.000321423,0.00200128,-0.000883051,-0.141928,1.97389,-1.46046,-0.0381995,0.294196,0.0752344,30.2149,-0.16451,-0.388141,-0.734608
28.12,0.999963,-0.00706212,0.00179738,-0.00447678,5.51026e-05,0.00213444,-0.00234779,-0.1422,1.97608,-1.46081,-0.0381281,0.294554,0.0754542,29.4174,-0.264717,-0.353543,-0.627957
28.14,0.999963,-0.00707477,0.00181623,-0.00450124,-0.000878827,0.00133485,-0.000749903,-0.143297,1.98489,-1.46196,-0.0379406,0.295075,0.0757598,31.0017,-0.296106,-0.34144,-0.580856
28.16,0.999963,-0.00708644,0.00176707,-0.00450375,0.00178265,0.00133426,0.000581693,-0.144685,1.99592,-1.46331,-0.0385178,0.294848,0.0755116,27.6526,-0.272132,-0.279707,-0.5509
28.18,0.999963,-0.00709849,0.00177418,-0.00450129,-0.000880513,0.000668476,4.90538e-05,-0.145243,2.00032,-1.46397,-0.0385929,0.294494,0.0753833,28.5814,-0.223308,-0.357286,-0.682353
28.2,0.999963,-0.00710562,0.00177653,-0.00449721,-0.00127999,-0.000529946,4.9052e-05,-0.145801,2.00472,-1.46452,-0.0378157,0.29439,0.0753706,28.5922,-0.293281,-0.372932,-0.625608
28.22,0.999963,-0.00713405,0.00176951,-0.00449657,-0.00167947,-0.00146205,0.000182202,-0.147436,2.01806,-1.46562,-0.0367444,0.295439,0.0751535,29.8468,-0.375303,-0.2182,-0.378285
28.24,0.999963,-0.00711965,0.00176595,-0.00451733,0.00218212,0.000402154,-0.000749897,-0.148267,2.02479,-1.46588,-0.0367648,0.29604,0.0758166,30.9268,-0.391019,-0.236978,-0.444208
28.26,0.999963,-0.00711562,0.00175478,-0.00451263,0.00111686,-0.00119574,0.000714841,-0.148831,2.0293,-1.46595,-0.0371352,0.296001,0.0765978,25.3818,-0.245343,-0.385425,-0.669853
28.28,0.999963,-0.00712367,0.00174098,-0.00452067,0.00058423,0.00013584,-0.001682,-0.149403,2.03383,-1.46593,-0.0372704,0.296539,0.0771192,30.6388,-0.229258,-0.403577,-0.69514
28.3,0.999963,-0.00710231,0.00176475,-0.00453976,0.00164576,0.00173282,-0.00154893,-0.150809,2.04499,-1.46637,-0.0372659,0.296997,0.0774797,29.5293,-0.297507,-0.320334,-0.558874
28.32,0.999963,-0.00709597,0.00178417,-0.00455228,-0.000218452,0.0014665,-0.000616828,-0.151631,2.05166,-1.46672,-0.0366542,0.297683,0.0778366,31.1308,-0.292873,-0.370119,-0.603715
28.34,0.999963,-0.00709293,0.0017766,-0.00456274,0.00124629,-0.00172929,-0.0026142,-0.151904,2.05389,-1.46678,-0.0364368,0.297519,0.0781647,28.2986,-0.2741,-0.353125,-0.57971
28.36,0.999963,-0.00707004,0.00176993,-0.00460106,0.00324366,-0.000797187,-0.00128262,-0.153023,2.06288,-1.46684,-0.0377088,0.298843,0.079278,28.1833,-0.358093,-0.256766,-0.411659
28.38,0.999963,-0.00710738,0.00177331,-0.00460976,-0.00021845,0.000134922,4.89619e-05,-0.154773,2.07647,-1.4666,-0.038318,0.300673,0.0811542,26.6881,-0.293436,-0.252195,-0.59424
28.4,0.999962,-0.00711238,0.00178268,-0.00461547,0.000444063,0.00119916,-0.000483746,-0.155331,2.08093,-1.46687,-0.0380919,0.300601,0.08152,29.9432,-0.235611,-0.397745,-0.681533
28.42,0.999963,-0.00710399,0.00177867,-0.00462857,0.00244143,-0.00106453,-0.00208165,-0.155895,2.08542,-1.46705,-0.0383191,0.300893,0.0817451,31.7612,-0.189704,-0.40215,-0.760356
28.44,0.999963,-0.00708884,0.00174647,-0.00463742,-0.000354885,0.0017318,0.000448359,-0.157341,2.09669,-1.46712,-0.0389653,0.300295,0.0825717,27.799,-0.205076,-0.370525,-0.743698
28.46,0.999963,-0.0070913,0.00175655,-0.00464763,0.00110601,-0.00346232,-0.00114964,-0.158798,2.10791,-1.46731,-0.0390166,0.301898,0.0824621,30.4695,-0.346548,-0.275217,-0.458062
28.48,0.999963,-0.00708842,0.00174564,-0.0046421,0.00123919,-0.000665992,-0.00194858,-0.159366,2.11236,-1.46761,-0.0392303,0.30265,0.0827195,31.873,-0.25088,-0.370511,-0.640665
28.5,0.999963,-0.00709648,0.00175082,-0.00465005,-0.00142398,0.00146454,-0.00194859,-0.159654,2.1146,-1.46772,-0.0394396,0.302787,0.0828769,27.0943,-0.371382,-0.24365,-0.457875
28.52,0.999962,-0.00710165,0.00177169,-0.00466163,0.000839707,-2.03624e-07,-0.0022149,-0.160808,2.12353,-1.46822,-0.0393679,0.30361,0.0834734,30.0488,-0.303221,-0.325822,-0.613431
28.54,0.999962,-0.00710721,0.00175301,-0.00467413,0.00150221,0.000398562,-0.00114972,-0.162237,2.13457,-1.46936,-0.0396869,0.304076,0.0835066,30.8119,-0.181379,-0.396152,-0.723153
28.56,0.999962,-0.00711421,0.00174602,-0.00470058,-0.00116095,-0.00066671,-0.00354657,-0.163108,2.14128,-1.46975,-0.0394869,0.304317,0.083897,30.6752,-0.389395,-0.237681,-0.37094
28.58,0.999962,-0.0071371,0.00174369,-0.00471216,-0.00222622,0.000531717,-0.000883409,-0.163689,2.14577,-1.46989,-0.0390288,0.304623,0.0847208,29.4246,-0.245291,-0.369791,-0.641175
28.6,0.999962,-0.00713005,0.00176492,-0.00474949,0.00216496,0.00226209,-0.00367981,-0.165074,2.15687,-1.47091,-0.0377512,0.305239,0.0853052,29.7824,-0.378833,-0.247144,-0.416887
28.62,0.999962,-0.00710777,0.00177027,-0.00475912,0.00296157,-0.000534675,4.85719e-05,-0.166144,2.16565,-1.47221,-0.0376084,0.305009,0.0850413,32.3491,-0.261801,-0.396826,-0.663892
28.64,0.999962,-0.00710823,0.00176891,-0.0047687,0.0006979,-0.000135189,-0.00234827,-0.166413,2.16785,-1.47253,-0.0376232,0.304986,0.084817,28.0371,-0.18877,-0.369087,-0.730338
28.66,0.999962,-0.00711339,0.00178891,-0.00477783,-0.00116632,0.00079691,-0.00114985,-0.167512,2.17672,-1.47353,-0.0377813,0.305767,0.0849365,28.0538,-0.314683,-0.288573,-0.516273
28.68,0.999961,-0.00714257,0.00174728,-0.0048146,0.00149684,-0.000401515,-0.000617215,-0.168911,2.18797,-1.47423,-0.0381121,0.307404,0.0851293,29.8033,-0.356592,-0.283623,-0.448499
28.7,0.999961,-0.00715216,0.00177374,-0.00483267,-0.00116633,0.0030606,-0.00221511,-0.170044,2.19707,-1.47438,-0.036901,0.306862,0.0863189,32.9431,-0.315075,-0.301311,-0.506865
28.72,0.999961,-0.00715478,0.00178061,-0.00484491,-0.000101061,0.00186217,-0.00301406,-0.170322,2.19936,-1.47436,-0.0367179,0.306677,0.0867667,30.2247,-0.245683,-0.371756,-0.673295
28.74,0.999961,-0.00714798,0.00180088,-0.00487566,0.00056473,0.00186217,-0.00154933,-0.171441,2.20853,-1.47406,-0.0367458,0.306994,0.0876218,29.4824,-0.379911,-0.283673,-0.463206
28.76,0.999961,-0.00713852,0.00177558,-0.00490057,0.00136093,0.00345955,-0.000350949,-0.173149,2.22215,-1.47459,-0.0384832,0.307112,0.0886239,31.3848,-0.358008,-0.292556,-0.525741
28.78,0.999961,-0.00713664,0.00178473,-0.00489949,0.000961449,0.00239429,0.000314842,-0.173442,2.22443,-1.47465,-0.0384286,0.307272,0.0885715,29.6237,-0.318769,-0.284735,-0.526512
28.8,0.999961,-0.00715523,0.00178567,-0.00491249,2.93394e-05,-0.00120098,-0.00128305,-0.174318,2.23131,-1.47469,-0.0378486,0.307877,0.0887846,31.6642,-0.14979,-0.436118,-0.824528
28.82,0.999961,-0.0071503,0.00170924,-0.00493216,0.00269253,-0.00559518,-0.00234832,-0.175787,2.24287,-1.47433,-0.0381085,0.308098,0.0904191,26.1475,-0.25993,-0.359383,-0.622173
28.84,0.999961,-0.00715527,0.00171123,-0.00494146,0.000824727,0.00212736,-0.000617338,-0.176642,2.24964,-1.47486,-0.0373408,0.307715,0.0904431,29.6785,-0.37945,-0.213301,-0.390826
28.86,0.999961,-0.00715416,0.0017289,-0.00494623,0.000555005,0.00226008,-0.000217913,-0.177189,2.25404,-1.47563,-0.0368876,0.30738,0.090609,31.865,-0.327625,-0.326066,-0.490906
28.88,0.99996,-0.00719101,0.00174246,-0.00495511,-0.001975,0.000795345,-8.47472e-05,-0.178002,2.26066,-1.47656,-0.0359456,0.306814,0.0903087,29.5544,-0.382332,-0.245721,-0.41107
28.9,0.999961,-0.00716004,0.0016968,-0.00497202,0.000821329,-0.00173466,-0.000617389,-0.179355,2.27182,-1.47758,-0.0365032,0.306957,0.0902405,32.0073,-0.308433,-0.370296,-0.582874
28.92,0.99996,-0.0071714,0.00173819,-0.00498156,0.000152684,0.00412401,-0.000883726,-0.180457,2.28068,-1.47877,-0.0361321,0.307001,0.0898614,27.0593,-0.0802631,-0.438028,-0.89995
28.94,0.99996,-0.00718329,0.00174679,-0.00498951,-0.00224417,0.0022598,-0.00194899,-0.18073,2.2829,-1.47906,-0.0357716,0.307304,0.0899456,28.646,-0.313148,-0.348283,-0.581677
28.96,0.99996,-0.00719921,0.0017407,-0.00501574,0.00148426,-0.00173495,-0.0022153,-0.181806,2.29181,-1.47999,-0.0351634,0.306832,0.0896166,31.6087,-0.357756,-0.304304,-0.458024
28.98,0.99996,-0.00718982,0.00176093,-0.00504099,0.000818476,0.00212664,-0.000617418,-0.183189,2.30304,-1.48058,-0.0359627,0.305687,0.0899137,28.5685,-0.27623,-0.350402,-0.56711
29,0.99996,-0.0072086,0.00177928,-0.00502957,0.000152685,0.000795058,0.000447849,-0.184037,2.30982,-1.48066,-0.0360772,0.305584,0.0904669,28.6786,-0.328028,-0.327059,-0.586045
29.02,0.99996,-0.00721064,0.00178851,-0.00503751,1.95241e-05,0.00239295,-0.001949,-0.184322,2.31209,-1.48064,-0.0360524,0.30557,0.0907854,32.1808,-0.243717,-0.398042,-0.66683
29.04,0.99996,-0.00717731,0.00174146,-0.00505694,0.00201337,-0.00493088,-0.000750635,-0.185771,2.3233,-1.48114,-0.0370646,0.305437,0.0916975,29.9043,-0.389893,-0.213949,-0.355942
29.06,0.99996,-0.00715812,0.00176317,-0.00506261,0.00201337,0.00265913,-0.00128327,-0.186951,2.33225,-1.4816,-0.0367112,0.305915,0.0921001,32.9034,-0.375412,-0.283985,-0.473367
29.08,0.99996,-0.0071688,0.00178506,-0.0050716,-0.00131559,0.00186017,-0.00168275,-0.187537,2.33677,-1.48169,-0.0364089,0.306927,0.0921978,28.0194,-0.296338,-0.355834,-0.612476
29.1,0.99996,-0.00718409,0.00179252,-0.00509698,-0.00264716,0.000395446,-0.00181591,-0.188124,2.34132,-1.48168,-0.036678,0.307425,0.0922849,30.7389,-0.353476,-0.248825,-0.483019
29.12,0.99996,-0.00718611,0.00172289,-0.00510175,-0.000383476,-0.00493088,-0.000750651,-0.189623,2.35279,-1.48128,-0.0373691,0.307887,0.0928724,29.2303,-0.361119,-0.25478,-0.451418
29.14,0.99996,-0.0071962,0.00173827,-0.00512553,-0.000120519,0.00492274,-0.00234862,-0.190537,2.35953,-1.4818,-0.0372538,0.307432,0.0925542,30.712,-0.327739,-0.327914,-0.508905
29.16,0.99996,-0.00719464,0.0017658,-0.00512778,0.00094476,0.00692011,-0.00048441,-0.19084,2.36179,-1.48192,-0.0370278,0.307334,0.0926731,30.4873,-0.335142,-0.294383,-0.448332
29.18,0.99996,-0.0071678,0.00179632,-0.00514357,-0.00118578,-0.00186832,-0.00141651,-0.192322,2.37312,-1.48218,-0.0359816,0.30693,0.0929974,27.587,-0.37969,-0.201661,-0.342731
29.2,0.999959,-0.00722654,0.00176177,-0.00518159,-0.00278368,-0.000270423,-0.00128335,-0.19384,2.38458,-1.48187,-0.0378249,0.307977,0.0937419,30.9303,-0.361145,-0.291468,-0.496943
29.22,0.999959,-0.00722584,0.00177064,-0.00518521,0.000807777,-0.000270419,-0.00141658,-0.194472,2.38906,-1.48229,-0.0380354,0.308019,0.0933876,30.0133,-0.276507,-0.352176,-0.593085
29.24,0.999959,-0.00721585,0.00176297,-0.0051877,0.000940938,-0.001602,-0.000750796,-0.1951,2.39355,-1.48261,-0.0372472,0.307272,0.0935769,29.2199,-0.283047,-0.36508,-0.639701
29.26,0.999959,-0.00720719,0.00177334,-0.0052031,0.00173989,0.00265905,-0.000218163,-0.195716,2.39805,-1.48282,-0.0363386,0.306708,0.0937638,32.082,-0.336257,-0.3623,-0.552419
29.28,0.999959,-0.00719222,0.00175127,-0.00521542,-0.000392415,-0.00226753,-0.00194925,-0.197235,2.40921,-1.48411,-0.0353362,0.306276,0.0933999,33.1604,-0.332317,-0.30652,-0.519887
29.3,0.999959,-0.00720155,0.0017523,-0.00524123,0.00306968,-0.000802797,0.000314445,-0.198451,2.41824,-1.48489,-0.0351323,0.307564,0.0933932,31.9674,-0.396439,-0.245106,-0.383687
29.32,0.999959,-0.00718992,0.00174954,-0.00525074,0.00346916,-0.000669637,-0.00234872,-0.198752,2.42052,-1.48502,-0.0348349,0.307525,0.0935145,29.6428,-0.279361,-0.32512,-0.623223
29.34,0.999959,-0.00715678,0.00175211,-0.00525643,0.00293653,-0.00133542,-0.00181609,-0.199651,2.42737,-1.48526,-0.0348342,0.307631,0.0938962,28.9536,-0.390037,-0.208735,-0.338399
29.36,0.999959,-0.00717556,0.00177147,-0.00528443,-0.00132716,0.00225992,-0.000617743,-0.201168,2.43867,-1.48639,-0.0350461,0.308123,0.0938094,28.8574,-0.230648,-0.371574,-0.710311
29.38,0.999959,-0.00717555,0.00177532,-0.00530657,0.000936522,0.000528867,-0.000884049,-0.202397,2.44775,-1.48732,-0.0358772,0.308472,0.0944482,32.0493,-0.340072,-0.336687,-0.521748
29.4,0.999959,-0.00716481,0.00177595,-0.00529695,0.00333133,0.000129405,0.00244489,-0.202711,2.45,-1.48769,-0.0360575,0.308317,0.0943069,34.7533,-0.339116,-0.318109,-0.523522
29.42,0.999959,-0.00719327,0.00179086,-0.00529665,-0.00199499,0.00119467,-0.00461249,-0.204288,2.46131,-1.48909,-0.036098,0.307886,0.094722,29.7504,-0.324093,-0.277921,-0.512219
29.44,0.999959,-0.00716572,0.00174988,-0.00531942,0.00253238,-0.00200111,-0.000884054,-0.205882,2.47274,-1.4898,-0.0369767,0.307381,0.0951883,27.2066,-0.279381,-0.348873,-0.598147
29.46,0.999959,-0.00714769,0.00176151,-0.00533532,0.00120079,0.00252627,-0.00314775,-0.206527,2.47734,-1.48992,-0.0371408,0.307442,0.0951888,28.3971,-0.400306,-0.2347,-0.386704
29.48,0.999959,-0.00715376,0.00176742,-0.00534164,-0.00106289,0.00146101,-0.00154985,-0.206851,2.47965,-1.48993,-0.0371212,0.307447,0.0954549,29.5629,-0.312305,-0.305086,-0.568241
29.5,0.999958,-0.00720557,0.00179759,-0.00536316,-0.00252763,0.00225995,-0.00221564,-0.208133,2.48893,-1.48977,-0.0366476,0.3083,0.0964018,29.8918,-0.289446,-0.385251,-0.621005
29.52,0.999958,-0.00716616,0.00179865,-0.00536692,0.00319604,-3.72524e-06,-0.000884103,-0.209735,2.5005,-1.49012,-0.0371881,0.307745,0.0968532,31.7218,-0.231927,-0.382224,-0.686119
29.54,0.999958,-0.00715417,0.00178634,-0.00537781,0.000799194,-0.000802672,-0.00115042,-0.210389,2.50512,-1.49035,-0.0379024,0.30731,0.0974967,29.0878,-0.274614,-0.365719,-0.581937
29.56,0.999958,-0.00716287,0.00178493,-0.00537675,0.000666036,0.0011947,0.000980117,-0.211709,2.51439,-1.4905,-0.0377497,0.307762,0.0980709,31.6011,-0.369749,-0.289174,-0.497191
29.58,0.999958,-0.0071529,0.00183279,-0.00539415,0.00133183,0.00159418,-0.00194936,-0.213016,2.52374,-1.49027,-0.0372936,0.308089,0.0986377,31.9735,-0.225987,-0.373333,-0.713331
29.6,0.999958,-0.00717215,0.00183302,-0.00539191,-0.00279827,-0.000935782,0.000980048,-0.214644,2.53535,-1.49092,-0.0376373,0.307819,0.0982978,30.0172,-0.321436,-0.350813,-0.555859
29.62,0.999958,-0.00718044,0.00182991,-0.00539324,-0.00120037,0.000262643,-0.000218372,-0.21531,2.53996,-1.49144,-0.038128,0.308022,0.0982258,32.0346,-0.33433,-0.342929,-0.537387
29.64,0.999958,-0.00717252,0.00182939,-0.00539999,0.0010613,-0.000536157,-0.00128368,-0.215982,2.54455,-1.49216,-0.0382682,0.308335,0.0973381,29.2759,-0.279417,-0.345225,-0.62932
29.66,0.999958,-0.00718288,0.00181936,-0.0054287,0.00132761,-0.00146828,-0.00194946,-0.217668,2.55612,-1.49347,-0.0382823,0.308503,0.0964963,28.2557,-0.30067,-0.326557,-0.5578
29.68,0.999958,-0.00717586,0.00180928,-0.00544206,-0.000270285,-0.000536164,0.000846853,-0.219011,2.56546,-1.49405,-0.038097,0.309359,0.0958744,30.5374,-0.353096,-0.309853,-0.473882
29.7,0.999958,-0.00718803,0.00180138,-0.00544507,-0.00266713,-0.0020009,-0.000751041,-0.219344,2.56781,-1.49414,-0.0379808,0.309335,0.0959478,33.4283,-0.351815,-0.341765,-0.548432
29.72,0.999958,-0.00720897,0.00178573,-0.0054413,0.00145919,-0.000935481,0.00217838,-0.220674,2.57717,-1.49488,-0.0374969,0.309497,0.0961252,29.3447,-0.219728,-0.417948,-0.699742
29.74,0.999958,-0.00719804,0.0018175,-0.00544634,-0.00120397,-0.000136534,0.000181007,-0.22266,2.59125,-1.49612,-0.0376634,0.309594,0.0961424,31.9278,-0.356706,-0.317065,-0.482738
29.76,0.999958,-0.00721262,0.00180338,-0.00543856,-0.000937654,-0.0012018,0.000580477,-0.223327,2.59598,-1.49633,-0.038085,0.310043,0.0963896,30.8714,-0.293811,-0.334392,-0.590225
29.78,0.999958,-0.00721547,0.00181363,-0.00543213,-0.000405023,0.00252663,0.00164574,-0.223663,2.59835,-1.49639,-0.0384098,0.310185,0.0964616,30.8704,-0.31541,-0.364162,-0.600144
29.8,0.999957,-0.00722652,0.00180794,-0.00546043,-0.000405929,0.000529569,-0.00314799,-0.225046,2.60784,-1.49706,-0.0394692,0.310194,0.09639,33.0569,-0.248679,-0.420985,-0.656717
29.82,0.999957,-0.00721482,0.00181648,-0.00548447,-0.000405941,0.000662727,-0.00234904,-0.227138,2.62209,-1.49823,-0.0389489,0.309733,0.0963325,31.8978,-0.123052,-0.48357,-0.846399
29.84,0.999957,-0.00721486,0.0018208,-0.00549399,0.000259852,0.0010622,-0.00234904,-0.227483,2.62448,-1.49833,-0.0390486,0.309932,0.0962274,28.3964,-0.28989,-0.339027,-0.589218
29.86,0.999957,-0.00721641,0.00182631,-0.00550287,-0.000938572,0.000795882,-0.000218517,-0.228176,2.62927,-1.49847,-0.0391952,0.310358,0.0962355,33.7066,-0.356609,-0.339966,-0.542736
29.88,0.999957,-0.00721407,0.00182245,-0.0055252,0.000259856,-0.00120149,-0.000484827,-0.229932,2.6413,-1.49873,-0.04028,0.311229,0.0965322,27.8141,-0.258025,-0.369713,-0.686969
29.9,0.999957,-0.00720387,0.00182471,-0.00552487,0.000791758,-0.00146751,0.000314067,-0.231376,2.65095,-1.49959,-0.040686,0.311863,0.0965034,30.9607,-0.339467,-0.339994,-0.545177
29.92,0.999957,-0.00719302,0.00181842,-0.00552635,0.00292229,-0.00160067,-0.000351725,-0.231739,2.65338,-1.49973,-0.0409097,0.311835,0.0966077,29.1627,-0.285117,-0.354053,-0.626357
29.94,0.999957,-0.00718215,0.00182952,-0.00554787,0.00105807,0.00159512,-0.0007512,-0.233193,2.66309,-1.50006,-0.0409206,0.311742,0.0961215,33.419,-0.283317,-0.406651,-0.616732
29.96,0.999957,-0.00721132,0.00182716,-0.00555841,0.00119124,-0.00239962,-0.00155014,-0.234999,2.67529,-1.49994,-0.0408795,0.312122,0.0971523,31.9853,-0.302802,-0.360543,-0.57594
29.98,0.999957,-0.00717171,0.00175228,-0.00559695,0.000125888,-0.00679358,-0.000484952,-0.23647,2.68509,-1.50085,-0.0414598,0.312108,0.0964655,29.4374,-0.304046,-0.343713,-0.580333
30,0.999957,-0.00717911,0.00174507,-0.00559519,-0.0017383,-0.00186674,0.000447169,-0.236837,2.68755,-1.50102,-0.0412175,0.312112,0.096532,33.0173,-0.287225,-0.357111,-0.630041
30.02,0.999957,-0.00720935,0.0017607,-0.00561985,-0.00200463,0.00319326,-0.00194967,-0.238297,2.69743,-1.50174,-0.0398505,0.312794,0.0965045,31.1791,-0.352314,-0.335847,-0.501356
30.04,0.999956,-0.00719644,0.00179214,-0.00565261,0.00145858,-0.00226575,-8.54732e-05,-0.240062,2.70992,-1.50351,-0.0379307,0.312823,0.0952318,29.2903,-0.27685,-0.392881,-0.630821
30.06,0.999957,-0.00716443,0.00177628,-0.00567566,0.00425483,-0.00133337,-0.00368074,-0.241127,2.71742,-1.50489,-0.0391971,0.313386,0.0946724,32.1198,-0.262273,-0.357881,-0.655018
30.08,0.999957,-0.00715846,0.00178081,-0.00567825,0.00145851,0.00106349,-0.000618112,-0.241489,2.71993,-1.50528,-0.0399981,0.313442,0.0943698,29.2794,-0.282855,-0.376323,-0.611765
30.1,0.999957,-0.00716305,0.00180089,-0.00569909,-0.00240307,0.00159613,-0.00168337,-0.243348,2.7325,-1.50683,-0.0414219,0.314714,0.0941464,32.6375,-0.312275,-0.382346,-0.608439
30.12,0.999956,-0.00716135,0.00178491,-0.0057107,-0.00266938,-0.0027981,-0.000751266,-0.244837,2.74263,-1.50786,-0.0409426,0.315767,0.0938389,29.4079,-0.333146,-0.321265,-0.509624
30.14,0.999957,-0.00714075,0.00177793,-0.00572001,0.00292321,-0.000267862,-0.000218641,-0.245581,2.7477,-1.50864,-0.0407154,0.315976,0.0937406,31.2456,-0.305136,-0.390856,-0.597508
30.16,0.999956,-0.00715815,0.00178596,-0.00571163,-0.00400101,0.000531081,0.00111293,-0.246683,2.75533,-1.50959,-0.0402111,0.31608,0.0933158,33.863,-0.362315,-0.325193,-0.508176
30.18,0.999956,-0.00715018,0.00180035,-0.00575415,-6.26886e-06,-0.00133313,-0.00234917,-0.248498,2.76806,-1.51063,-0.0404138,0.31713,0.0928947,30.5331,-0.341364,-0.324651,-0.533222
30.2,0.999956,-0.0071714,0.00177788,-0.00577303,-0.0030689,-0.00372997,-0.00128389,-0.24995,2.77829,-1.511,-0.0408053,0.317593,0.0932852,30.1133,-0.323166,-0.36065,-0.58563
30.22,0.999956,-0.00718543,0.00177727,-0.00578119,-0.00120469,0.00159635,-0.000351796,-0.250681,2.78342,-1.51104,-0.0410834,0.318355,0.0937941,30.9821,-0.383315,-0.273075,-0.443673
30.24,0.999956,-0.007197,0.00177485,-0.00578685,-0.00293575,-0.000667337,-0.00141706,-0.251047,2.786,-1.51102,-0.0411823,0.318695,0.0939804,30.804,-0.290903,-0.383616,-0.611863
30.26,0.999955,-0.00720461,0.00178834,-0.00583865,0.00119103,0.000797326,-0.000884439,-0.253205,2.8014,-1.51151,-0.0398352,0.319292,0.0940723,32.7457,-0.268343,-0.421875,-0.649149
30.28,0.999955,-0.00720196,0.00177208,-0.00585399,-7.38067e-06,-0.00213216,-0.00194969,-0.254258,2.80907,-1.51194,-0.0398668,0.318712,0.0939583,31.5552,-0.374181,-0.292336,-0.455152
30.3,0.999955,-0.00721664,0.00177659,-0.00586004,-0.00267054,0.00359365,0.000313977,-0.25496,2.81418,-1.51211,-0.0400962,0.318597,0.0939512,33.2686,-0.320571,-0.365411,-0.576601
30.32,0.999955,-0.00723338,0.00181039,-0.00589504,0.0013242,0.0021289,-0.00168338,-0.256711,2.82701,-1.51211,-0.0398886,0.32005,0.0938674,28.6571,-0.307369,-0.363227,-0.582822
30.34,0.999955,-0.00722562,0.00180021,-0.00591695,-0.000540359,-0.000134965,-0.000884424,-0.258462,2.83987,-1.51271,-0.0411111,0.320132,0.093623,33.1087,-0.389106,-0.30484,-0.467503
30.36,0.999955,-0.00722752,0.00179809,-0.00591514,-0.000407199,-0.000534442,0.000447159,-0.258816,2.84244,-1.51291,-0.0414138,0.320066,0.0935866,32.9497,-0.229814,-0.433059,-0.708974
30.38,0.999955,-0.00720969,0.00181657,-0.00591366,-0.000140882,0.00132977,-0.00141706,-0.259881,2.85015,-1.51366,-0.0415537,0.320208,0.0931801,29.1328,-0.287437,-0.407239,-0.626101
30.4,0.999955,-0.00719883,0.00180983,-0.00590407,0.00185613,0.00385963,-0.000884403,-0.261643,2.86301,-1.51542,-0.0415224,0.32094,0.0921368,33.2601,-0.324364,-0.367023,-0.596625
30.42,0.999955,-0.00720941,0.00185793,-0.00590495,-0.00133967,0.00119647,0.00257771,-0.263398,2.87592,-1.51651,-0.041466,0.322549,0.0912527,28.937,-0.386908,-0.291384,-0.444479
30.44,0.999955,-0.00721831,0.00185623,-0.0059143,-0.00213861,-0.000401443,-0.00234914,-0.263749,2.87852,-1.51666,-0.0417022,0.322944,0.091222,32.2398,-0.266831,-0.377652,-0.625464
30.46,0.999955,-0.00722157,0.001798,-0.00595991,0.000791296,-0.00199939,-0.000484929,-0.265182,2.88895,-1.51765,-0.0434839,0.323982,0.0908705,31.5496,-0.360052,-0.300953,-0.476117
30.48,0.999954,-0.00722161,0.00181096,-0.00599179,-0.00093976,-0.00013517,-0.00168335,-0.267358,2.90465,-1.51931,-0.0420728,0.323919,0.0908425,29.8547,-0.362867,-0.280524,-0.474956
30.5,0.999954,-0.00722285,0.00180766,-0.00599262,-0.000273965,-0.000800964,-0.000218616,-0.267709,2.90727,-1.51949,-0.0415926,0.324206,0.0907593,28.8985,-0.365988,-0.320633,-0.482183
30.52,0.999954,-0.00721764,0.00177523,-0.00601149,0.00119077,-0.00359728,-0.00181652,-0.268742,2.91513,-1.51989,-0.0409643,0.324613,0.0905352,35.7462,-0.362533,-0.372645,-0.526627
30.54,0.999954,-0.00722483,0.00177403,-0.00601906,-0.000807685,0.0045251,-0.000218676,-0.270456,2.92819,-1.52143,-0.0412791,0.325584,0.0892223,30.7893,-0.247528,-0.386812,-0.682131
30.56,0.999954,-0.00722262,0.0017945,-0.00603272,0.000257584,0.000130886,-0.00248235,-0.272132,2.94129,-1.52263,-0.0400894,0.326962,0.0886165,33.0232,-0.364402,-0.358933,-0.509612
30.58,0.999954,-0.00722513,0.00178266,-0.00603299,-0.000541369,-0.00293175,-8.55073e-05,-0.272465,2.94392,-1.5228,-0.040399,0.327012,0.0887406,31.8808,-0.321687,-0.362801,-0.583794
30.6,0.999954,-0.00724023,0.00173953,-0.00605238,0.000124132,-0.00199994,-0.000751308,-0.273466,2.95179,-1.52378,-0.0413586,0.327255,0.0888234,30.3808,-0.350285,-0.356725,-0.529589
30.62,0.999954,-0.00726242,0.00179662,-0.00607005,-0.000941117,-2.5659e-06,-0.00274869,-0.275137,2.96495,-1.52537,-0.0407193,0.328295,0.088094,31.0262,-0.245637,-0.423616,-0.702066
30.64,0.999954,-0.00725743,0.00178779,-0.00608053,0.000523614,-0.000934675,-0.00101763,-0.276449,2.97551,-1.52617,-0.0402122,0.328357,0.0875581,31.6765,-0.454447,-0.199909,-0.284302
30.66,0.999954,-0.00725349,0.0017881,-0.00608411,0.00105624,0.000130586,-0.000884473,-0.276776,2.97814,-1.52631,-0.0403252,0.328266,0.0874735,31.0786,-0.378727,-0.341006,-0.476589
30.68,0.999954,-0.00723886,0.0017644,-0.00609077,-0.000941129,-0.00319836,-0.00021868,-0.278102,2.98871,-1.52664,-0.0409392,0.329097,0.0872378,34.9812,-0.348618,-0.362717,-0.548409
30.7,0.999954,-0.00723742,0.0017876,-0.00612301,0.00145456,0.00159464,-8.55883e-05,-0.280053,3.00461,-1.52723,-0.039783,0.331635,0.0865291,33.4396,-0.37148,-0.299008,-0.52491
30.72,0.999954,-0.00723265,0.00178086,-0.00612549,0.00132141,-0.00160115,-0.000618217,-0.280364,3.00726,-1.5275,-0.0396811,0.33209,0.0864277,29.2014,-0.359144,-0.323145,-0.493205
30.74,0.999954,-0.00719734,0.00178983,-0.00613373,0.00318561,-0.00133485,0.00111283,-0.281298,3.01522,-1.52814,-0.0397854,0.332458,0.0865793,35.1918,-0.334055,-0.372729,-0.579233
30.76,0.999954,-0.0072036,0.00176239,-0.00613303,-0.00267333,-0.002001,-0.00155038,-0.28252,3.02587,-1.52995,-0.0399597,0.333352,0.0850394,29.7303,-0.335457,-0.339176,-0.52693
30.78,0.999953,-0.00722823,0.00176787,-0.00616078,0.000921926,0.00226006,-0.00181669,-0.28375,3.03657,-1.53131,-0.0395415,0.334726,0.0840481,32.9099,-0.247044,-0.406551,-0.664359
30.8,0.999953,-0.00723236,0.00176917,-0.006158,-0.000942286,0.000395846,0.000713312,-0.284056,3.03925,-1.53158,-0.0394561,0.334723,0.0840725,30.5704,-0.415596,-0.264253,-0.383046
30.82,0.999954,-0.00720265,0.00176703,-0.00614436,0.00371826,-0.00173467,0.0013791,-0.284967,3.04729,-1.53225,-0.0386459,0.333927,0.0836202,31.0209,-0.340457,-0.36605,-0.578969
30.84,0.999953,-0.00724242,0.00176443,-0.00619644,-0.00360546,0.000928005,-0.00155042,-0.286435,3.06068,-1.53412,-0.0389448,0.334516,0.0821725,30.4562,-0.371539,-0.353917,-0.517494
30.86,0.999953,-0.00725486,0.00179444,-0.00618334,0.00145469,0.00438984,0.000180604,-0.287889,3.07414,-1.53646,-0.038556,0.33586,0.080717,30.8331,-0.394697,-0.34166,-0.463086
30.88,0.999953,-0.00725505,0.00180198,-0.00618542,-1.00495e-05,0.00199299,-0.000485185,-0.288178,3.07684,-1.53695,-0.0384013,0.33561,0.08042,32.3793,-0.392706,-0.335536,-0.469002
30.9,0.999953,-0.00725315,0.00180305,-0.00619812,0.000522584,0.000395093,-0.00314835,-0.288466,3.07954,-1.53741,-0.0381462,0.335431,0.0801205,33.003,-0.297349,-0.398207,-0.646611
30.92,0.999953,-0.00723321,0.00177779,-0.00625007,0.00198733,-0.00013754,-0.00101781,-0.290223,3.09573,-1.5396,-0.0391482,0.33582,0.0789397,33.8575,-0.309653,-0.405325,-0.634933
30.94,0.999953,-0.00723455,0.00180851,-0.00627391,-1.00442e-05,0.00399036,-0.00208309,-0.291118,3.10384,-1.54034,-0.0389645,0.336769,0.0789073,32.7305,-0.316484,-0.375023,-0.603044
30.96,0.999953,-0.0072357,0.00181563,-0.00627384,-0.000276364,0.00185983,4.74472e-05,-0.291416,3.10656,-1.54054,-0.0387489,0.337002,0.0790211,33.194,-0.173655,-0.484312,-0.756047
30.98,0.999952,-0.00723551,0.00177523,-0.0063021,-0.00054267,-0.00146911,-0.00461309,-0.293187,3.12287,-1.54123,-0.0386423,0.338172,0.0784948,29.7329,-0.353118,-0.345268,-0.517503
31,0.999952,-0.00722739,0.00178377,-0.00630741,0.00171962,0.000660891,0.000846326,-0.294665,3.13643,-1.54226,-0.0386941,0.3392,0.0785949,29.6857,-0.338677,-0.371852,-0.565471
31.02,0.999952,-0.00721912,0.00178196,-0.00630932,0.000121714,0.00172615,0.000180539,-0.295246,3.14184,-1.54276,-0.0383478,0.339123,0.0783809,33.8718,-0.421982,-0.276152,-0.40973
31.04,0.999952,-0.00722636,0.00176958,-0.00631964,0.000121713,-0.00186912,0.000713168,-0.295824,3.14726,-1.54317,-0.0382084,0.339072,0.0782087,30.0645,-0.268092,-0.438446,-0.645849
31.06,0.999952,-0.00723694,0.00180225,-0.00636332,-0.000943536,0.000261414,-0.00261579,-0.297531,3.16355,-1.54383,-0.0372079,0.340683,0.0783153,31.1757,-0.349865,-0.384418,-0.545542
31.08,0.999952,-0.00723448,0.00181077,-0.00637105,0.00291645,-0.00160333,0.000846252,-0.298349,3.17164,-1.54487,-0.0368631,0.341276,0.0781349,34.4131,-0.273042,-0.43107,-0.673329
31.1,0.999952,-0.00723112,0.00178276,-0.00637655,0.000252048,-0.00479938,-0.000485388,-0.298887,3.177,-1.54596,-0.0371665,0.341378,0.0773735,29.104,-0.327319,-0.33658,-0.575637
31.12,0.999952,-0.00723766,0.00173967,-0.00639503,0.00198311,0.00105957,-0.00141749,-0.300251,3.19044,-1.54819,-0.0367518,0.342453,0.0763076,30.6484,-0.415159,-0.281143,-0.423206
31.14,0.999952,-0.00725202,0.00177371,-0.00640229,-0.00147917,-0.00120424,0.000712983,-0.3018,3.20664,-1.55097,-0.0338255,0.343213,0.074733,34.1259,-0.367306,-0.370056,-0.49642
31.16,0.999952,-0.00725563,0.00178032,-0.00639907,-0.000680216,0.00172524,0.000846145,-0.30205,3.20934,-1.55142,-0.0338278,0.343189,0.0745795,32.6798,-0.226917,-0.464817,-0.704055
31.18,0.999952,-0.00724806,0.00177422,-0.00640317,0.00171663,-0.000937927,0.000180353,-0.302551,3.21476,-1.55224,-0.0338218,0.343386,0.0741259,32.3963,-0.301201,-0.413621,-0.624145
31.2,0.999952,-0.0072169,0.00175504,-0.00644091,-0.00187863,-0.0022695,-0.00141757,-0.304341,3.2338,-1.55431,-0.0341788,0.344723,0.0733215,31.8138,-0.359508,-0.370242,-0.545426
31.22,0.999952,-0.00721238,0.00175897,-0.00644707,0.001184,-0.0029353,-0.000884909,-0.305121,3.24202,-1.55484,-0.0344407,0.346759,0.0730224,33.0303,-0.40008,-0.336111,-0.490638
31.24,0.999952,-0.00722885,0.00175056,-0.00645318,-0.00307707,-0.00266897,-0.000352275,-0.305644,3.24753,-1.55508,-0.0342418,0.347551,0.0729292,32.019,-0.367339,-0.37586,-0.512411
31.26,0.999951,-0.00723028,0.00176529,-0.00646202,0.00184978,0.000127332,-0.00128439,-0.306411,3.25578,-1.5556,-0.0336104,0.348606,0.0724636,34.8254,-0.311853,-0.398164,-0.596275
31.28,0.999951,-0.00722289,0.0017422,-0.00648972,-0.00174735,-0.0013379,-0.00101815,-0.307643,3.26948,-1.55701,-0.0331813,0.349335,0.0719648,31.6189,-0.364282,-0.327475,-0.509914
31.3,0.999951,-0.00723172,0.00174641,-0.00650074,-0.00081525,0.000526308,-0.00248289,-0.308141,3.27497,-1.5574,-0.0333285,0.350078,0.0721131,29.1511,-0.331993,-0.392952,-0.59475
31.32,0.999951,-0.00726812,0.00177639,-0.00651915,-0.00361156,0.00305632,-0.00115131,-0.309134,3.28602,-1.55791,-0.0329832,0.351122,0.0721617,31.81,-0.318239,-0.39726,-0.645219
31.34,0.999951,-0.00727639,0.00177263,-0.00652229,0.00224739,-0.00200369,-0.00101814,-0.310364,3.29986,-1.55839,-0.0326772,0.351373,0.0726128,32.8214,-0.358177,-0.357533,-0.570515
31.36,0.999951,-0.00727312,0.00177287,-0.00653066,0.00104775,-0.000672791,0.000313352,-0.310839,3.30536,-1.55895,-0.0332007,0.351093,0.072795,31.6394,-0.365174,-0.381045,-0.557383
31.38,0.999951,-0.00726403,0.00175714,-0.00653626,0.000381962,-0.000805947,-0.00115139,-0.311323,3.31087,-1.5594,-0.0332608,0.351162,0.0723272,35.2005,-0.350475,-0.399151,-0.554645
31.4,0.999951,-0.00726879,0.00180393,-0.00653986,0.00144721,0.00398774,0.000313342,-0.312524,3.3247,-1.56014,-0.0318622,0.352822,0.0717526,31.9288,-0.360768,-0.370924,-0.528802
31.42,0.999951,-0.0072547,0.00176623,-0.00656157,-0.000150664,-0.00213753,-0.00155087,-0.313455,3.33584,-1.56037,-0.0310789,0.354228,0.071502,31.9478,-0.31434,-0.378592,-0.593199
31.44,0.99995,-0.00727049,0.00177196,-0.0065922,0.0019765,0.00159004,-0.00141783,-0.314112,3.34411,-1.56102,-0.0309322,0.355459,0.0713524,29.9204,-0.420082,-0.287645,-0.431095
31.46,0.99995,-0.00726721,0.00177352,-0.00660122,0.00117756,0.000524783,-0.00221678,-0.314326,3.34685,-1.5613,-0.0307652,0.355745,0.0714044,35.6942,-0.408498,-0.35749,-0.458531
31.48,0.99995,-0.00727111,0.00180812,-0.00663633,0.00117598,0.00172281,0.000179983,-0.315576,3.36327,-1.56338,-0.0300135,0.355499,0.070071,34.0192,-0.33059,-0.415597,-0.599764
31.5,0.99995,-0.00728708,0.00180352,-0.00663345,-2.24431e-05,-0.00200562,0.000446299,-0.316605,3.37695,-1.56515,-0.0300149,0.356217,0.0693785,34.0975,-0.312571,-0.433748,-0.639399
31.52,0.99995,-0.00728605,0.00180094,-0.006627,0.000643354,-0.000540874,0.00164472,-0.316816,3.3797,-1.56542,-0.0303007,0.356516,0.0694739,33.0315,-0.32337,-0.408245,-0.605475
31.54,0.99995,-0.00728078,0.0017951,-0.00664122,0.0014423,-0.00120666,-0.000752127,-0.317464,3.38797,-1.56611,-0.0309254,0.356942,0.0692987,30.1573,-0.336888,-0.353617,-0.577726
31.56,0.99995,-0.0072973,0.00179753,-0.00663103,-0.000424701,-8.65687e-06,-8.6466e-05,-0.318541,3.40159,-1.568,-0.0302397,0.35735,0.0679886,31.337,-0.352802,-0.40627,-0.561323
31.58,0.99995,-0.00726806,0.00180633,-0.00665624,0.00250239,0.00198849,0.000712377,-0.319598,3.41515,-1.57007,-0.0300941,0.357278,0.067052,35.3146,-0.318627,-0.406225,-0.582113
31.6,0.99995,-0.00726466,0.00181063,-0.00665153,0.00143712,0.00118955,0.00124501,-0.319808,3.41784,-1.57057,-0.0301403,0.357668,0.0667443,27.9668,-0.288281,-0.422539,-0.626514
31.62,0.99995,-0.00726398,0.00180259,-0.0066611,0.00077133,-0.00187309,-0.00235026,-0.320019,3.42054,-1.57103,-0.0300572,0.357979,0.0668273,34.0414,-0.284212,-0.434439,-0.636636
31.64,0.99995,-0.00728875,0.00175866,-0.00669444,-0.00242446,-0.00573467,-0.00328237,-0.321056,3.43414,-1.57294,-0.0288127,0.359853,0.0665074,33.5242,-0.428809,-0.323515,-0.428143
31.66,0.999949,-0.007304,0.0017897,-0.0067048,0.000904484,0.00212165,0.00337554,-0.322087,3.44789,-1.57423,-0.0282006,0.360485,0.0670126,32.2996,-0.367369,-0.35934,-0.552972
31.68,0.999949,-0.00729901,0.00179682,-0.00669687,0.00170344,0.00185534,0.00204396,-0.322288,3.45064,-1.57442,-0.0277912,0.360326,0.066934,30.5573,-0.304844,-0.421856,-0.592622
31.7,0.999949,-0.00729859,0.00179816,-0.00670964,-0.000560249,-0.000275193,-0.000486045,-0.32268,3.45617,-1.57473,-0.0268227,0.360312,0.0668787,30.9456,-0.107823,-0.623798,-0.913051
31.72,0.999949,-0.00731637,0.00176468,-0.00671993,0.00143568,-0.001607,-0.00141826,-0.323655,3.46995,-1.57575,-0.0276031,0.36006,0.0662389,34.1194,-0.339795,-0.394233,-0.581154
31.74,0.999949,-0.00730696,0.00179164,-0.00672016,0.000769889,0.00172196,0.000579107,-0.324469,3.48098,-1.57686,-0.0278522,0.360456,0.0656596,32.553,-0.30088,-0.40667,-0.628742
31.76,0.999949,-0.00730122,0.00178961,-0.00673613,0.00183516,-0.000408557,-0.00394826,-0.324672,3.48374,-1.57708,-0.027613,0.36057,0.0656361,31.6988,-0.376662,-0.380682,-0.490275
31.78,0.999949,-0.00732763,0.00176741,-0.00679065,-0.00162696,0.003453,-0.00248354,-0.325681,3.49762,-1.57787,-0.0273206,0.361048,0.0652741,33.3235,-0.365727,-0.386608,-0.538102
31.8,0.999949,-0.00730802,0.00179941,-0.0068051,0.00290042,0.0015888,0.000179638,-0.326466,3.50874,-1.57845,-0.0257467,0.361155,0.0647874,29.6666,-0.317386,-0.391257,-0.578215
31.82,0.999949,-0.00730608,0.0017634,-0.00681979,-0.000963776,-0.00200676,4.63301e-05,-0.327022,3.51697,-1.57937,-0.0253101,0.360868,0.0642758,34.6359,-0.301486,-0.426202,-0.621823
31.84,0.999948,-0.00731418,0.00176236,-0.00683263,-0.000300145,-0.000941572,-0.000885912,-0.327393,3.52239,-1.58038,-0.0256932,0.36057,0.0634827,33.0253,-0.366849,-0.398251,-0.537951
31.86,0.999948,-0.00731313,0.00175781,-0.00683906,0.00076512,-0.00107473,-0.0015517,-0.327582,3.52511,-1.58085,-0.0257493,0.360509,0.0631519,33.8185,-0.324722,-0.410101,-0.616509
31.88,0.999948,-0.00729105,0.00176113,-0.00687669,0.00156408,0.00278686,-0.00341591,-0.328532,3.53875,-1.58281,-0.025223,0.360922,0.0620032,32.2815,-0.297319,-0.415816,-0.626067
31.9,0.999948,-0.00728207,0.00179365,-0.00690957,-0.00123226,0.000922636,-0.00221749,-0.32927,3.54974,-1.58395,-0.024133,0.36134,0.0618245,32.8598,-0.337716,-0.408344,-0.587207
31.92,0.999948,-0.0072801,0.001786,-0.00691114,0.000898277,-0.00187368,-0.000353285,-0.329451,3.5525,-1.58418,-0.0241259,0.3616,0.0619217,31.643,-0.424698,-0.309836,-0.467875
31.94,0.999948,-0.00729067,0.00174706,-0.00693432,-3.38357e-05,-0.00533579,-0.000885893,-0.330002,3.5608,-1.58474,-0.0246387,0.362437,0.0622801,31.1139,-0.388063,-0.3728,-0.51339
31.96,0.999948,-0.00725889,0.00177248,-0.00696306,0.00222806,0.00491728,-0.00235081,-0.330927,3.57459,-1.58633,-0.0241162,0.362743,0.0627189,34.0552,-0.320984,-0.44959,-0.621307
31.98,0.999947,-0.00726731,0.00179516,-0.00699594,0.000363841,0.000389913,-0.000353443,-0.331648,3.58567,-1.5874,-0.023287,0.3636,0.0626823,35.9711,-0.257956,-0.478836,-0.681257
32,0.999947,-0.00726687,0.00178045,-0.00700551,0.000630152,-0.00160746,-8.7125e-05,-0.332007,3.59124,-1.58779,-0.0236112,0.364275,0.0629277,31.9322,-0.283434,-0.428363,-0.664526
32.02,0.999948,-0.007261,0.00176918,-0.00699535,0.00182858,-0.00280588,0.00257604,-0.332189,3.59404,-1.58796,-0.0237433,0.364622,0.0629643,33.0673,-0.408559,-0.357016,-0.474861
32.04,0.999947,-0.00725649,0.00180745,-0.00703405,0.00249184,0.00265361,-0.000353615,-0.333667,3.61621,-1.59042,-0.0231006,0.365268,0.0629885,31.7196,-0.356585,-0.351098,-0.562463
32.06,0.999947,-0.00725852,0.00179285,-0.0070426,-0.000570794,-0.0024064,-0.00181834,-0.334026,3.62178,-1.59087,-0.0229128,0.365091,0.0627527,32.6692,-0.384648,-0.363037,-0.517231
32.08,0.999947,-0.00725922,0.00178313,-0.00705005,0.000228146,-0.0024064,-0.00181835,-0.334207,3.62456,-1.59106,-0.0231924,0.365171,0.0627405,35.6988,-0.302112,-0.461843,-0.643631
32.1,0.999947,-0.00726247,0.00178088,-0.00704799,-0.000304481,0.000389924,-0.000220452,-0.334579,3.63015,-1.59138,-0.0238005,0.36552,0.0629247,33.2506,-0.389746,-0.332127,-0.496937
32.12,0.999947,-0.00729722,0.00180139,-0.00708735,-3.87489e-05,0.00198798,4.57566e-05,-0.335731,3.64696,-1.5932,-0.0236317,0.366167,0.0627589,31.9065,-0.371506,-0.372887,-0.522142
32.14,0.999947,-0.007293,0.00183156,-0.00710474,0.00195862,0.00305324,-0.00235109,-0.336113,3.65259,-1.59371,-0.0236547,0.365664,0.0629097,34.6216,-0.373396,-0.377231,-0.534766
32.16,0.999947,-0.0072659,0.00183342,-0.0071129,0.00408915,0.000922713,-0.00128582,-0.3365,3.65822,-1.59412,-0.0240079,0.365123,0.0629435,34.0376,-0.443451,-0.276013,-0.400958
32.18,0.999947,-0.00725601,0.00182838,-0.00713377,0.00222494,-0.00227306,-0.00315005,-0.337503,3.67232,-1.59479,-0.0252428,0.365286,0.0635093,30.1866,-0.385154,-0.354351,-0.476454
32.2,0.999946,-0.00728295,0.00182676,-0.00716418,-4.14924e-05,0.000789539,-0.001286,-0.338753,3.68923,-1.59581,-0.0255851,0.367336,0.0642122,34.9154,-0.35404,-0.42686,-0.575056
32.22,0.999946,-0.00727754,0.0018283,-0.00716747,0.00168956,0.000390066,-0.000753373,-0.33896,3.69204,-1.59605,-0.0251884,0.367286,0.0643256,32.6979,-0.395995,-0.385074,-0.506834
32.24,0.999946,-0.00728031,0.00182141,-0.0071665,-0.0019057,-0.000408878,-0.00115285,-0.339566,3.70048,-1.59665,-0.0243665,0.367273,0.0637121,33.0736,-0.299736,-0.449542,-0.628483
32.26,0.999946,-0.00728027,0.00179194,-0.0071985,0.00102213,-0.00174034,-0.00315035,-0.340372,3.71168,-1.59793,-0.0241641,0.366811,0.0631653,30.6318,-0.0982529,-0.703916,-0.918981
32.28,0.999946,-0.00730351,0.00179582,-0.0072153,-0.00177536,0.000390257,-0.000886782,-0.340978,3.72004,-1.5993,-0.024209,0.366985,0.0627286,31.509,-0.152998,-0.586517,-0.854119
