time,e0,e1,e2,e3,wx,wy,wz,x,y,z,xp,yp,zp,input1,input2,input3,input4
0,0.99984,-0.0154733,-0.00109976,-0.00888631,0.0162498,0.00337251,0.00238552,0.0473809,0.0930482,0.0323439,0.0308612,0.133695,-0.00156214,3.10151,0.0237754,0.0037567,-0.0262675
0.02,0.999841,-0.0154464,-0.00109839,-0.00888686,0.000318352,-0.00297373,0.00141873,0.047242,0.0930304,0.0323176,0.03061,0.13364,-0.00511211,4.52451,-0.00760058,-0.00100974,0.0289402
0.04,0.99984,-0.0154952,-0.00108678,-0.00889295,-0.00226005,0.0108314,0.0015492,0.0471169,0.0930534,0.0322725,0.0309173,0.133845,-0.00245463,6.81983,0.00186794,0.00615783,0.0137134
0.06,0.99984,-0.0154573,-0.00106672,-0.00892239,0.0100473,-0.000727973,-0.0010872,0.0467944,0.0932717,0.0321696,0.0299993,0.132299,-0.00504345,8.38651,-0.00312118,1.38361e-05,0.0213058
0.08,0.999839,-0.0155049,-0.00105427,-0.00892446,0.0198352,0.00179724,-0.00162157,0.0460314,0.0923014,0.0320515,0.0292737,0.130576,-0.0051476,10.8607,0.0328754,0.014382,-0.0321434
0.1,0.999839,-0.0155535,-0.00103667,-0.00894299,-0.0125726,-0.00770512,-0.00286181,0.0455334,0.091863,0.0319341,0.029033,0.130301,-0.00711276,13.0981,-0.020401,0.018747,0.00677302
0.12,0.999837,-0.015654,-0.0010228,-0.00893785,-0.0033118,0.00243548,0.000216618,0.0448523,0.09142,0.0317795,0.0287504,0.12833,-0.00294296,14.9004,-0.011709,0.00916423,0.057882
0.14,0.999837,-0.0156623,-0.00102317,-0.00893015,-0.00481349,-0.00357864,5.37501e-07,0.0444675,0.0907475,0.0317488,0.0286644,0.12709,-0.0036558,16.1819,-0.0141748,0.00397734,-0.00784936
0.16,0.999837,-0.0156735,-0.00100579,-0.00895726,0.0140175,0.00229502,-0.00593309,0.0439652,0.0899691,0.0316898,0.0275106,0.125388,-0.00551449,19.7868,-0.0177216,0.00319821,0.0493816
0.18,0.999835,-0.0157541,-0.000994832,-0.0089563,0.00670477,0.00622974,-0.00336135,0.0434857,0.089582,0.0315733,0.0278173,0.124838,-0.00308967,21.8723,0.00697886,0.00608452,0.0509823
0.2,0.999835,-0.0157674,-0.000986763,-0.00893973,0.00397043,-0.00960604,0.00249015,0.0430687,0.0890217,0.0314928,0.026818,0.124404,-0.0072416,21.7779,0.00814966,0.0168997,0.00723336
0.22,0.999834,-0.0158138,-0.000968364,-0.00895286,0.0156702,0.00545159,0.000559199,0.042316,0.0875345,0.0313935,0.0251166,0.122152,-0.00713039,25.4415,0.00907936,-0.00661683,-0.0631797
0.24,0.999833,-0.0159045,-0.000981205,-0.00895862,-0.00730459,-0.00192065,-0.0032799,0.0418785,0.0869501,0.0312722,0.0250181,0.122061,-0.00823598,25.2732,0.0010182,-0.00512036,-0.0134864
0.26,0.999833,-0.0159068,-0.00100029,-0.00894211,-0.0100167,-0.00867199,0.00490466,0.0416058,0.0865966,0.0312061,0.0245369,0.121728,-0.00839918,26.6405,-0.0147716,-0.00460359,0.0014754
0.28,0.999833,-0.0159301,-0.000987194,-0.00896295,-0.00544032,-0.0040706,-0.00864005,0.0413638,0.0863642,0.031138,0.0240885,0.121108,-0.00811879,31.1172,-0.0194229,0.00747192,-0.106276
0.3,0.999832,-0.015983,-0.000962285,-0.00895616,0.0102286,0.000393751,-0.000275963,0.0406012,0.085199,0.0310889,0.0229888,0.119185,-0.0080436,32.2923,-0.000167052,0.0155608,0.00367871
0.32,0.999831,-0.0159999,-0.000951663,-0.00896128,0.0151954,0.00124419,0.00312138,0.0402747,0.0847994,0.0310552,0.0228318,0.118215,-0.00741891,32.6821,-0.0346969,0.0091929,-0.0414769
0.34,0.999831,-0.0160543,-0.000957899,-0.00896319,-0.00633107,-2.62522e-05,-0.001219,0.0401286,0.0846503,0.0310298,0.0233873,0.118576,-0.00461643,33.1515,0.00496928,0.00179401,0.0444467
0.36,0.999831,-0.0160228,-0.000942544,-0.00899158,0.0259036,0.00479804,-0.00577252,0.0397847,0.0845382,0.0309741,0.022947,0.116631,-0.00414817,34.6473,-0.0220285,-0.0057485,0.0290156
0.38,0.99983,-0.016073,-0.00093514,-0.00898451,0.00186522,0.00873181,0.0012796,0.039543,0.0843375,0.0309285,0.0226403,0.11617,-0.00386732,35.3748,-0.0184189,-0.00374541,0.0211202
0.4,0.99983,-0.0160541,-0.000943746,-0.00898218,0.00784764,-0.00526561,-0.000104729,0.0389362,0.0833727,0.030938,0.0226408,0.115584,-0.00857991,34.6878,-0.0348398,-0.0042954,-0.00115531
0.42,0.99983,-0.0160772,-0.000935257,-0.00898903,0.0150977,-0.0028695,0.00394023,0.0385821,0.0828792,0.0309385,0.0224389,0.114645,-0.00845233,38.8437,0.00450787,0.0376825,0.0745673
0.44,0.999829,-0.0161265,-0.000945968,-0.00899471,-0.0086642,-0.000808623,0.0005493,0.0384312,0.0827393,0.0309272,0.0216383,0.114001,-0.00486113,36.2054,-0.0500736,-0.00711496,0.0527224
0.46,0.999829,-0.016149,-0.00093179,-0.00899157,-0.0128403,-0.00297962,-0.00818125,0.0381183,0.0824174,0.0309241,0.0213763,0.113171,-0.00503373,38.5817,-0.0238663,-0.00312658,-0.0791354
0.48,0.999829,-0.016148,-0.000954538,-0.00896765,-0.0107944,-0.0115965,0.00494672,0.0378371,0.0822022,0.0309132,0.0209127,0.112756,-0.00567222,35.815,-0.00740274,0.0327092,0.0493835
0.5,0.999829,-0.0161577,-0.000924204,-0.00894202,0.0168201,0.00546114,-0.000688099,0.0373222,0.0817798,0.0309325,0.0203595,0.110567,-0.00387512,37.9688,-0.0234659,-0.00390511,0.0361263
0.52,0.999828,-0.0162113,-0.00091728,-0.00892659,0.00283866,0.00849113,-0.00279414,0.0369422,0.0813709,0.0309643,0.019989,0.110251,-0.0040779,35.5781,-0.0470232,-0.0330401,-0.0336086
0.54,0.999828,-0.016238,-0.000919963,-0.00891839,0.00368125,-0.000187099,-0.00346848,0.0366013,0.0810836,0.030991,0.0199807,0.110099,-0.00429582,35.6621,-0.033915,-0.00675642,-0.0205043
0.56,0.999828,-0.0162358,-0.000911911,-0.00891518,-0.00279647,0.00130617,-0.00515957,0.0362946,0.080906,0.0310165,0.0198132,0.10997,-0.00456789,36.2595,-0.0492028,0.0266264,-0.0145483
0.58,0.999829,-0.0161777,-0.000910045,-0.00887715,0.0237212,0.00197624,0.00337833,0.0358939,0.0808421,0.0310591,0.0187501,0.10909,-0.00632102,34.1352,-0.0473105,0.0125859,-0.0297118
0.6,0.99983,-0.0161953,-0.000913541,-0.00878861,0.0165985,0.00132324,0.0111513,0.0354963,0.08035,0.0311416,0.0182466,0.107596,-0.00347655,35.5185,-0.11074,0.0105492,-0.0529982
0.62,0.99983,-0.0162172,-0.000911509,-0.00871819,0.0134285,0.00234715,0.000711988,0.0350998,0.0798172,0.0312057,0.017455,0.106684,-0.00344559,35.4934,-0.0654154,-0.0229371,0.0526548
0.64,0.99983,-0.0162641,-0.00092374,-0.0086053,0.00295132,0.00565246,0.0105685,0.0347275,0.0793983,0.031256,0.0164338,0.105949,-0.00361814,32.8388,-0.055493,0.0267779,0.0899665
0.66,0.999831,-0.016277,-0.000905301,-0.00847797,-0.00162236,0.00415191,0.0152723,0.0343791,0.0790904,0.0312964,0.0158224,0.105754,-0.00423887,33.1514,-0.0792467,0.0718722,-0.0745235
0.68,0.999832,-0.0163022,-0.000835962,-0.00838872,0.0102754,0.00955572,0.00284526,0.0338384,0.0785621,0.0313573,0.014845,0.104857,-0.00783418,36.786,-0.0268348,0.00136012,-0.13133
0.7,0.999831,-0.0163407,-0.000760412,-0.00839688,0.0144663,0.0175547,0.00179432,0.0334443,0.0780089,0.0313998,0.0156008,0.103943,-0.00764526,33.5173,0.00582105,0.0329793,0.0637826
0.72,0.99983,-0.0163606,-0.000723978,-0.00844934,0.0203219,0.00102376,-0.00784194,0.0331285,0.0777352,0.031425,0.0161552,0.103288,-0.00465416,34.1663,-0.0847129,-0.00982717,0.036119
0.74,0.99983,-0.0163744,-0.000749709,-0.00842956,0.0164017,0.00292505,0.000618516,0.0328357,0.0774232,0.0314439,0.0172357,0.103061,-0.00406636,34.4463,-0.0370242,0.0341329,0.00560672
0.76,0.999831,-0.0163885,-0.000813057,-0.00830479,0.000370979,-0.0135738,0.00771388,0.0324827,0.0771653,0.0314508,0.017582,0.103384,-0.00924454,33.7625,-0.0547499,0.0371486,0.0534951
0.78,0.999831,-0.0164017,-0.000831577,-0.00829037,-0.000727176,0.00264143,0.0038252,0.0322204,0.0768585,0.0314704,0.017077,0.102033,-0.0090883,34.3805,-0.0196979,0.0129152,-0.0928597
0.8,0.99983,-0.0163921,-0.000821879,-0.00837434,0.0192603,0.00607041,-0.00917444,0.0319071,0.0763061,0.0315128,0.016023,0.101011,-0.00901097,34.1578,-0.0529838,0.0319556,0.135022
0.82,0.999829,-0.0164354,-0.000826038,-0.00844678,0.00934857,0.00491223,-0.00653774,0.0315966,0.0757658,0.031553,0.0150515,0.100406,-0.00925931,33.1759,-0.0269028,0.00929983,0.00625769
0.84,0.999829,-0.0164977,-0.000801315,-0.00837327,-0.0155849,-0.0043367,0.0111702,0.0312027,0.0753189,0.0315593,0.0150593,0.100045,-0.00934801,33.824,-0.0578389,-0.0117935,0.173078
0.86,0.999829,-0.0164826,-0.000790066,-0.00836203,-0.00268339,-0.0104852,-0.000747525,0.0309593,0.0750545,0.0315774,0.0147174,0.0990323,-0.00914979,34.6316,-0.0293597,0.0144251,-0.0829587
0.88,0.999828,-0.0165058,-0.000736996,-0.00840208,-0.00374621,0.00277163,-0.00360685,0.0307451,0.0748879,0.0315834,0.0147028,0.0987415,-0.00926405,33.8551,-0.0467321,-0.00480584,-0.0307576
0.9,0.999827,-0.0165408,-0.000713596,-0.00847173,0.00582256,0.00475056,-0.00832714,0.0304557,0.0743469,0.031653,0.0150882,0.098002,-0.00938307,33.6509,-0.028562,0.0141429,0.093658
0.92,0.999826,-0.0165621,-0.000686923,-0.00849417,0.00324514,0.00220085,-0.00104679,0.0302061,0.0739125,0.0317139,0.0149561,0.0971068,-0.00881189,34.7949,-0.0451426,0.00939705,0.058088
0.94,0.999823,-0.0166968,-0.000410685,-0.00861956,-0.0170135,0.0644963,-0.0261033,0.0299408,0.0735898,0.0317516,0.0189224,0.0924076,-0.0117632,35.0004,-0.0546717,0.00974764,0.0738904
0.96,0.999814,-0.0166433,0.00133406,-0.00970899,0.00139006,0.272674,-0.169544,0.0299628,0.0732626,0.0316452,0.0357547,0.0821087,-0.0179742,32.3039,-0.0345421,0.0114764,-0.0761854
0.98,0.999796,-0.0166088,0.00213128,-0.0113261,-0.00868611,-0.0984565,-0.140571,0.0302913,0.0729272,0.0316285,0.0453302,0.0813062,0.0015356,35.3794,-0.0434049,0.0148261,-0.0373586
1,0.999792,-0.0169541,-0.000598032,-0.011344,-0.040738,-0.302294,0.0879881,0.0307474,0.0725053,0.0319317,0.0589407,0.0925683,0.00262687,41.2815,-0.0391129,0.0608664,0.0884839
1.02,0.999811,-0.0168692,-0.00163427,-0.00950504,0.0119282,-0.0921181,0.0855831,0.0316517,0.0716835,0.0321108,0.0494719,0.0995271,-0.000537108,33.8452,-0.0391648,-0.00195353,0.0535845
1.04,0.999807,-0.0168059,-0.00319537,-0.00961008,-0.0110427,-0.136694,-0.0688545,0.0319014,0.0714618,0.0322816,0.0261176,0.097408,-0.000880731,35.6937,-0.0204726,0.0121985,0.111387
1.06,0.999801,-0.0166583,-0.002949,-0.0105694,0.022357,0.0934436,-0.10716,0.0318163,0.0711412,0.0323381,0.0113735,0.0937458,-0.0110232,35.3288,-0.0504631,0.014784,0.183319
1.08,0.9998,-0.0166247,-0.00241166,-0.0108817,-0.0161651,0.0485718,0.0603216,0.0311507,0.070545,0.0324339,-0.00755369,0.0891519,-0.00565142,37.4722,-0.0443359,0.00113934,-0.0676075
1.1,0.999803,-0.0167538,-0.00193349,-0.010478,-0.0288347,0.130138,0.103131,0.0308533,0.0702207,0.0324564,-0.00648419,0.0894959,-0.0135949,33.2836,-0.0506484,0.0119714,0.0975185
1.12,0.999812,-0.0168432,-0.000287782,-0.00963557,-0.0162965,0.0475151,0.00752534,0.0299434,0.069354,0.0324876,-0.0132914,0.0837148,-0.00583615,35.0595,-0.0529727,0.017855,0.0124153
1.14,0.999804,-0.0170186,0.000229356,-0.0100635,-0.0131395,0.0792509,-0.0656227,0.0293805,0.0688676,0.0325623,-0.00369669,0.0826716,-0.00766797,34.692,-0.0240507,0.0353415,0.217408
1.16,0.999801,-0.0168906,0.000807047,-0.0105725,0.000411349,0.0257373,-0.0354259,0.0290655,0.0686379,0.0326087,0.00940178,0.0865156,-0.00509433,37.145,-0.045763,0.0329515,0.0809612
1.18,0.999801,-0.0169883,0.000444988,-0.0104741,-0.027854,-0.056505,0.0358465,0.0290006,0.0684519,0.0327405,0.0231103,0.0893298,-0.00304233,35.9402,-0.034826,0.0192366,0.0911136
1.2,0.999809,-0.0168806,-0.000115815,-0.00984339,0.0159523,-0.0761141,0.0164207,0.0291541,0.0675937,0.033064,0.0301435,0.0831677,-0.000248703,35.6938,-0.0454113,-0.00443319,-0.00946264
1.22,0.999805,-0.0169448,-0.000895128,-0.0100762,0.00509949,-0.0825332,-0.0544376,0.0292826,0.0670749,0.0332963,0.0273246,0.0794793,-0.000276809,36.5673,-0.062291,0.0143015,0.0417441
1.24,0.9998,-0.0169393,-0.00128718,-0.010579,0.0238212,-0.0198835,-0.0581714,0.0293885,0.0666434,0.0334872,0.0236817,0.0801123,-0.000831398,33.313,-0.0339886,0.00554887,0.0895676
1.26,0.999798,-0.0169408,-0.00159647,-0.0107039,-0.00634365,-0.0358936,0.00351443,0.0294477,0.0664885,0.0336213,0.0170261,0.083522,-0.00164722,38.8263,-0.0629786,0.035302,0.243511
1.28,0.999804,-0.0169178,-0.00143596,-0.0101438,0.00565539,0.030491,0.0434708,0.0293214,0.0662521,0.0338082,0.00664787,0.0802255,-0.00660653,34.8958,-0.0559027,0.000903627,0.143298
1.3,0.999805,-0.0170022,-0.00112319,-0.00996982,-0.00599573,0.0342257,0.00277595,0.0289889,0.0655901,0.0340205,-0.000252379,0.0774651,-0.00466467,37.4076,-0.0206637,0.0267175,0.30358
1.32,0.999802,-0.0170792,-0.000655387,-0.0101831,0.0158853,0.0674333,-0.0313966,0.0286174,0.0650195,0.034209,-0.000846794,0.0777401,-0.00621352,38.4372,-0.0537832,-0.0137565,0.0390064
1.34,0.999801,-0.0170576,-0.000242813,-0.0103642,0.0101698,0.040687,-0.00832545,0.0283013,0.0646024,0.0343823,0.00278009,0.080997,-0.00369068,33.3118,-0.0235804,0.00779496,0.283688
1.36,0.999802,-0.0171069,-7.96852e-05,-0.0102097,0.00523623,0.0244263,0.0269066,0.0281228,0.0644831,0.0345463,0.0106452,0.0844532,-0.00217977,35.5008,-0.0517637,0.0218866,0.155612
1.38,0.999808,-0.017055,-0.000161466,-0.00967365,0.00622203,-0.02746,0.0332048,0.0280514,0.0640744,0.0348858,0.01801,0.084662,-0.00224289,36.201,-0.0375998,0.0221101,0.182902
1.4,0.999809,-0.017051,-0.000403907,-0.00949786,0.0171121,-0.0314218,0.00947944,0.0280621,0.0635689,0.0351802,0.0204339,0.0823857,-0.00136904,33.8888,-0.0415906,0.020763,0.180098
1.42,0.99981,-0.0170129,-0.000644923,-0.00947073,0.0202515,-0.0308663,0.00563247,0.0281203,0.0631317,0.0354601,0.020513,0.0798695,-0.00126417,34.2965,-0.0319717,0.00961319,0.196656
1.44,0.99981,-0.0170557,-0.000900364,-0.00944813,0.00692335,-0.0184691,0.00396512,0.0281822,0.0627674,0.0357256,0.0183965,0.0781516,-0.00173016,41.2816,-0.0424847,0.0097583,-0.0913967
1.46,0.99981,-0.017147,-0.000970146,-0.00919929,-0.0123028,-0.000572324,0.0213683,0.0282449,0.0625227,0.0360348,0.0129828,0.0796514,-0.00463363,33.8013,-0.0316597,0.0209295,0.146442
1.48,0.999811,-0.0171889,-0.000846479,-0.00906421,-0.000377502,0.0129835,0.00987179,0.0281525,0.0621393,0.0362769,0.00952587,0.0801476,-0.00461846,35.7222,-0.0442998,-0.030264,0.229712
1.5,0.999811,-0.0171811,-0.000606996,-0.00912444,0.00709781,0.0242406,-0.00665951,0.0279877,0.061579,0.0365411,0.00822151,0.0798958,-0.00443549,36.1183,-0.0363841,0.00347682,0.0320906
1.52,0.999811,-0.017119,-0.00040718,-0.00921831,0.0207596,0.0113445,-0.00651742,0.027848,0.061127,0.0367895,0.00955558,0.07811,-0.00344772,37.2151,-0.0381456,0.00895912,0.00852596
1.54,0.999813,-0.0170349,-0.000346538,-0.00917443,0.0247557,-0.000132312,0.00927999,0.0277648,0.0607219,0.0370388,0.0119227,0.0726771,-0.00209421,34.7351,-0.0231331,0.0102154,0.458344
1.56,0.999812,-0.0171366,-0.000441125,-0.00909725,-0.0199191,-0.0132033,-0.00812813,0.0277657,0.0601281,0.0373923,0.0160499,0.0663849,-0.00137853,38.3707,-0.0455423,0.0146089,0.208668
1.58,0.99981,-0.0171751,-0.000578825,-0.00916002,-0.00995329,-0.0228075,-0.00560633,0.0278127,0.0595696,0.0376706,0.0168379,0.0662694,-0.00264174,36.8991,-0.0325385,0.0307528,0.110792
1.6,0.999809,-0.0171996,-0.000693867,-0.0092555,-0.00812363,-0.0164722,-0.0112315,0.0278405,0.0588059,0.0379516,0.0164352,0.0689878,-0.00400275,39.5375,-0.0339881,0.0123019,0.167501
1.62,0.999809,-0.0171887,-0.000798617,-0.00929258,-0.000271029,-0.0109733,-0.000463793,0.0278624,0.0581425,0.0381404,0.0152325,0.069725,-0.00567312,31.4378,-0.00152322,0.0152864,0.331288
1.64,0.99981,-0.0171777,-0.000860005,-0.00921012,-0.0194283,0.000647021,0.0124071,0.027882,0.0573231,0.0383635,0.0130373,0.0670949,-0.00687393,37.687,-0.0323903,0.0168291,0.265403
1.66,0.999809,-0.0171988,-0.000833551,-0.00922796,-0.016379,0.00149696,-0.00776273,0.0278815,0.0568425,0.0384953,0.0119208,0.0641346,-0.00754676,35.2144,-0.0331996,0.0152343,0.194434
1.68,0.999808,-0.0172397,-0.000747215,-0.00924249,-0.0174284,0.0110489,-0.0041102,0.027862,0.0561075,0.0386133,0.0116234,0.0630243,-0.00771145,39.1753,-0.0233914,-0.00302129,0.376883
1.7,0.999807,-0.0173189,-0.000625448,-0.00926481,-0.0180857,0.00678447,-0.000315604,0.027832,0.055167,0.0387139,0.011661,0.0632678,-0.00805683,35.3024,-0.0501765,0.0163032,0.256985
1.72,0.999807,-0.0173586,-0.000487273,-0.00922863,0.0070842,0.0104456,0.00371373,0.0278459,0.0540003,0.0388462,0.0128967,0.063073,-0.00421468,35.1928,-0.0308903,0.00849803,0.342467
1.74,0.999806,-0.0173951,-0.000478827,-0.00921635,-0.0064225,0.00618582,-0.000300446,0.027909,0.0533682,0.0389194,0.0144482,0.0629662,-0.00338667,37.6058,-0.0193689,0.0290911,0.301533
1.76,0.999806,-0.0174122,-0.000528662,-0.00922282,-0.0146699,-0.00291395,-0.00016471,0.0280411,0.0529156,0.0389789,0.0168898,0.0627002,-0.00620243,34.6019,-0.01093,0.00459255,0.278709
1.78,0.999806,-0.0174004,-0.000596796,-0.00925301,-0.00901765,-0.00800657,-0.00639325,0.0281918,0.0524485,0.0390387,0.0178209,0.0614497,-0.00631283,39.9326,-0.037514,0.0384708,0.294185
1.8,0.999805,-0.0174287,-0.00069679,-0.00927334,-0.0156767,-0.0127668,-0.00679058,0.0282951,0.0514232,0.0390966,0.0176577,0.0602558,-0.00620668,34.049,-0.0303094,0.029405,0.334245
1.82,0.999804,-0.0174381,-0.000762012,-0.00929223,0.00120821,0.00045832,-0.000997232,0.0284738,0.0500809,0.0391764,0.0166258,0.0581916,-0.00360972,37.2305,-0.0182036,0.0313358,0.283603
1.84,0.999804,-0.0174533,-0.000686436,-0.00933139,0.00590956,0.0265621,-0.0113891,0.0286051,0.049311,0.0391995,0.0160491,0.0564413,-0.00501693,33.9243,-0.0136361,0.0329817,0.169646
1.86,0.999801,-0.0174779,-0.00031605,-0.00960586,-0.0108108,0.0599529,-0.0451216,0.0287695,0.0485841,0.0391854,0.01885,0.0524496,-0.00644176,38.3479,-0.0141448,0.026832,0.304331
1.88,0.999795,-0.0175615,-0.000156528,-0.0100955,-0.0305577,-0.0176737,-0.0564589,0.029031,0.0479847,0.0391819,0.0215773,0.0527592,-0.0041616,36.4099,-0.0227991,-0.00148429,0.343319
1.9,0.999794,-0.0175715,-0.000812343,-0.0101428,0.0243894,-0.00853188,0.0301856,0.0293875,0.0464001,0.0392421,0.025832,0.0573078,-0.00473341,34.8732,-0.0157117,0.0265279,0.354427
1.92,0.999798,-0.0175824,-0.000902562,-0.0097352,0.0140601,-0.0221138,0.0317067,0.0296641,0.0455656,0.0392373,0.0210609,0.0593673,-0.00300545,35.4009,-0.0346062,0.0260314,0.283658
1.94,0.999798,-0.0175743,-0.00122381,-0.00963486,0.021873,-0.0138138,-0.0118284,0.029848,0.0448369,0.0392451,0.0158873,0.0568022,-0.0046229,38.0338,-0.0184107,0.0247747,0.253061
1.96,0.999798,-0.0175037,-0.00101409,-0.00984975,0.00483715,0.0358086,-0.0357326,0.0299881,0.044143,0.0392006,0.0129361,0.052113,-0.00477657,38.4085,-0.0154772,0.0105544,0.310644
1.98,0.999794,-0.0175734,-0.000948514,-0.0100945,-0.0110856,-0.00503319,-0.0150991,0.0300879,0.0435667,0.0391379,0.010627,0.0512131,-0.00452735,34.964,-0.0312219,0.00360653,0.202054
2,0.999797,-0.0175952,-0.000572626,-0.00981724,0.00412514,0.0310641,0.032998,0.0301544,0.0419838,0.0389846,0.0115858,0.0496673,-0.0071799,35.3767,0.000159085,0.0156251,0.337365
2.02,0.999797,-0.0176836,-0.000498339,-0.00966883,0.00489959,-0.00541912,0.00606875,0.0302144,0.0410713,0.03889,0.011329,0.0496045,-0.00524834,37.9486,-0.0269274,0.00841877,0.139344
2.04,0.999796,-0.0176588,-0.000390507,-0.00977096,0.0209167,0.0251141,-0.0209689,0.0303268,0.0402554,0.0387957,0.0149241,0.049351,-0.00572975,35.6089,-0.0225467,0.0282438,0.305835
2.06,0.999795,-0.0176393,-0.000384663,-0.00995189,0.0117342,-0.0125263,-0.0174886,0.0305031,0.0395434,0.0387016,0.0171511,0.049031,-0.00379133,37.1683,0.00640571,0.0271399,0.546666
2.08,0.999795,-0.0176753,-0.000582318,-0.00987338,0.00428595,-0.00747521,0.0214146,0.0308769,0.0384831,0.0385461,0.0212748,0.0473417,-0.00625785,35.5769,-0.00831273,0.0328684,0.433004
2.1,0.999796,-0.0176706,-0.00071586,-0.00977837,-0.000603748,-0.0242941,0.00344452,0.0310918,0.0375482,0.0384044,0.0195049,0.0454857,-0.00551078,36.989,-0.0215489,0.0150346,0.160854
2.12,0.999794,-0.017764,-0.000801122,-0.00980036,-0.0128947,-0.0155276,-0.00766645,0.0311959,0.0371113,0.0383277,0.019202,0.0451696,-0.00415658,38.6917,-0.042889,0.00797209,0.298429
2.14,0.999793,-0.0176803,-0.000833526,-0.0100144,0.0157181,0.0043409,-0.0159185,0.0314895,0.0359271,0.0381103,0.0166699,0.0443546,-0.00636457,35.202,-0.0160498,0.0440993,0.220782
2.16,0.999793,-0.0177363,-0.000828913,-0.00998784,-0.00673447,0.00490118,0.0113563,0.0317587,0.0349768,0.0378546,0.0156907,0.0456165,-0.00702654,36.3884,-0.0192459,0.0148969,0.305911
2.18,0.999794,-0.0177152,-0.000693746,-0.00987406,-0.0103056,0.00527048,0.00886521,0.0319094,0.0343073,0.0376501,0.0141685,0.0433869,-0.00859195,37.078,-0.00137965,0.00060989,0.39493
2.2,0.999793,-0.0177541,-0.000641687,-0.00988331,-0.0131146,0.00200675,-0.00734795,0.0319944,0.0334424,0.037451,0.0141337,0.0414197,-0.00880175,34.7623,-0.0236647,0.0162187,0.156145
2.22,0.999792,-0.0177641,-0.000551313,-0.00996592,0.00609108,0.0109805,-0.0104559,0.0321069,0.0326518,0.0372526,0.0151195,0.0407062,-0.00827322,37.0532,-0.00738377,0.0130073,0.348959
2.24,0.999792,-0.0177756,-0.000535777,-0.00997517,0.0131944,-0.00604152,0.000220786,0.0322609,0.0319573,0.0370597,0.01704,0.0410877,-0.00811379,35.0578,-0.0353965,-0.00271696,0.336732
2.26,0.999792,-0.0178064,-0.000587815,-0.00989213,-0.0083356,-0.00527266,0.00390378,0.032571,0.0310979,0.0367541,0.0191729,0.0415368,-0.00688819,38.8796,-0.00814926,0.0146547,0.213735
2.28,0.999792,-0.0178231,-0.000668059,-0.00991061,-0.0139342,-0.0173421,-0.00837321,0.0327637,0.0304211,0.0365582,0.0198355,0.0407519,-0.00728395,35.0262,-0.0117544,0.0187144,0.42446
2.3,0.999792,-0.0177855,-0.000727665,-0.0099845,-0.00296568,-0.00990742,-0.00589241,0.0329592,0.0296738,0.0363489,0.0195406,0.0400008,-0.0104309,34.8459,-0.0127754,0.0105822,0.0692376
2.32,0.999791,-0.017801,-0.000742437,-0.0100085,-0.00373922,-0.0029169,0.00148351,0.033132,0.0289575,0.0361408,0.0184441,0.0393676,-0.00993039,38.029,-0.00221393,0.0200437,0.445406
2.34,0.99979,-0.0178671,-0.00073166,-0.0099736,-0.00113114,0.0128076,0.000600428,0.0333887,0.0280386,0.0358204,0.0171155,0.0380166,-0.00655988,38.8758,-0.0212927,0.0193109,0.36421
2.36,0.99979,-0.0178962,-0.000696085,-0.00996676,-0.0128352,0.00442152,-0.00393828,0.0335513,0.0275191,0.0356028,0.0162936,0.0381081,-0.00718035,35.5502,0.000694422,-0.0083614,0.44233
2.38,0.99979,-0.0179139,-0.000662528,-0.0099791,-0.01007,0.00153498,-0.00152156,0.0336738,0.0268692,0.035382,0.0171602,0.0375551,-0.00799428,36.4197,-0.0141646,-0.00179255,0.35362
2.4,0.99979,-0.0179068,-0.000601973,-0.00999148,-0.00845972,-0.00032207,0.0025093,0.0337707,0.0260907,0.0351577,0.0175981,0.0369817,-0.00765113,35.9669,-0.0286993,0.0235385,0.0955346
2.42,0.99979,-0.0179083,-0.000593745,-0.00997054,-0.0113574,-0.00415568,-0.00217159,0.0339213,0.0254485,0.0349336,0.0181839,0.036193,-0.0109126,32.7426,-0.0102754,-0.00842577,0.243381
2.44,0.999789,-0.0179524,-0.000603256,-0.0099979,-0.000250441,-0.000758023,-0.0119051,0.0341603,0.0245369,0.0346017,0.0189234,0.0343822,-0.0061962,39.427,-0.0180719,0.0114813,0.269455
2.46,0.999788,-0.0179574,-0.000644379,-0.0100222,-0.00432624,0.0017822,-0.00576319,0.0343459,0.0240229,0.0343916,0.0192561,0.0343727,-0.00617364,34.886,-0.00587192,-0.00408517,0.204278
2.48,0.999788,-0.0179779,-0.000681355,-0.0100248,-0.0100844,-0.000276075,0.00445503,0.0344925,0.0233911,0.0341761,0.0194627,0.0336579,-0.00645483,38.258,-0.0229051,0.0205182,0.369328
2.5,0.999787,-0.0179932,-0.000679234,-0.0100569,-0.0160073,0.0027769,-0.00848449,0.0345943,0.0226435,0.0339564,0.0192982,0.0330222,-0.00706508,34.5242,-0.0167655,0.0111613,0.0841829
2.52,0.999787,-0.0180075,-0.000670718,-0.0100842,0.0122786,0.00487957,-0.00421995,0.0347898,0.0217156,0.0336076,0.017995,0.0315546,-0.00641037,35.8499,-0.0375218,0.0263819,0.179353
2.54,0.999787,-0.0180238,-0.000660131,-0.0100682,0.0129202,0.00724973,0.00453407,0.03491,0.021165,0.0333809,0.0175417,0.0321442,-0.00682352,39.8812,-0.0299521,0.00934863,0.155738
2.56,0.999786,-0.0180513,-0.000633725,-0.0100631,0.00873643,0.00291672,0.00449152,0.0350388,0.0206974,0.0331479,0.0173663,0.0322235,-0.00705468,33.5154,-0.0052114,0.0183212,0.199011
2.58,0.999786,-0.0180731,-0.000598159,-0.0100678,-0.00044595,0.00717785,-0.00849607,0.0351861,0.0202958,0.0329198,0.0178696,0.0317465,-0.00689431,37.3152,0.00593735,0.00513125,0.0974283
2.6,0.999786,-0.0180562,-0.000543564,-0.0100929,0.00904252,0.00391026,-0.00651929,0.0352905,0.0192091,0.0325857,0.0178687,0.0297246,-0.0106655,36.4797,-0.0293173,0.00339382,0.345398
2.62,0.999784,-0.0181073,-0.000546211,-0.0101484,0.00912635,-0.000678197,-0.00700379,0.0354146,0.0186061,0.0323447,0.0179504,0.0282489,-0.00729772,34.5352,-0.0148291,0.0223828,0.219457
2.64,0.999784,-0.0181425,-0.000544204,-0.0101642,0.0107718,0.00186823,-0.000917083,0.0355361,0.0180324,0.0321231,0.0189318,0.0283661,-0.00756087,37.045,0.00413418,0.0102466,0.209967
2.66,0.999783,-0.0181554,-0.000545735,-0.0101916,0.00714554,0.00517939,-0.00583371,0.0356851,0.0175414,0.0318975,0.0190903,0.0288704,-0.00761591,40.6115,-0.00444093,0.0201218,0.217819
2.68,0.999783,-0.0181598,-0.000575933,-0.0101939,0.00797932,0.00161913,-0.00692651,0.0358484,0.0171261,0.0316666,0.0192512,0.0291743,-0.00743167,34.8709,-0.00954097,0.0256219,0.207186
2.7,0.999784,-0.0181243,-0.000596943,-0.0101975,0.0154038,0.0018125,-0.00307444,0.0359746,0.0160904,0.0312834,0.0196898,0.0291248,-0.0118271,35.8583,0.00872117,-0.00719361,0.293977
2.72,0.999783,-0.0181339,-0.000600738,-0.0102007,0.00839915,-0.00281472,-0.000434116,0.0361081,0.015519,0.0310242,0.0191481,0.0270209,-0.00921524,35.7388,-0.00176473,0.00960906,0.0297392
2.74,0.999783,-0.0181478,-0.000586268,-0.0102294,0.0139305,0.000384017,-0.0027054,0.0362339,0.014969,0.0307709,0.0196126,0.0261708,-0.00894938,36.3504,-0.00767468,0.0120754,0.275066
2.76,0.999783,-0.018161,-0.00057182,-0.0102399,0.0180216,0.0080323,-0.00292633,0.0363797,0.0144724,0.0305203,0.0196265,0.02505,-0.00886813,36.0257,-0.0256417,0.0371565,0.232858
2.78,0.999783,-0.0181708,-0.000563796,-0.0102295,-0.0115817,-0.00603249,0.00130798,0.0365735,0.0136974,0.0301219,0.0202602,0.0264504,-0.0134729,36.035,0.00547285,0.014513,0.210901
2.8,0.999783,-0.0181571,-0.000550321,-0.0102425,-0.00760077,-0.00293585,0.00153676,0.0366495,0.0130362,0.0298789,0.02052,0.026116,-0.0135839,36.6412,-0.0103371,0.00743377,0.311441
2.82,0.999782,-0.0181731,-0.000548805,-0.0102447,0.00214212,-0.00545638,-0.00375045,0.0367494,0.0124428,0.029634,0.0207281,0.025417,-0.013618,34.4948,0.00872065,0.00693771,0.276362
2.84,0.999782,-0.0181905,-0.000551487,-0.0102467,0.0118574,-0.00330852,-0.000521476,0.0368717,0.0119119,0.0293863,0.0208224,0.0245532,-0.0133566,37.4994,0.00704406,0.0197295,0.184127
2.86,0.999782,-0.0182015,-0.000558356,-0.0102592,0.0126361,-0.00133572,-0.00229027,0.0370115,0.0114342,0.0291395,0.020649,0.0236161,-0.0133882,35.6158,0.00206327,0.00775713,0.106871
2.88,0.99978,-0.0182515,-0.000579318,-0.0102743,-0.00787571,-0.00616237,3.88297e-05,0.0372577,0.0107038,0.0287414,0.0214242,0.0239286,-0.0146362,35.9063,-0.0303075,0.0334299,0.272068
2.9,0.99978,-0.0182582,-0.000573128,-0.0102733,-0.00842657,-0.0052042,0.000211572,0.0373765,0.010049,0.0284853,0.021625,0.0236311,-0.0148015,35.5581,0.0173629,0.0298349,0.180195
2.92,0.99978,-0.0182578,-0.00056399,-0.0102931,-0.000649631,-0.00218617,-0.00169099,0.0375191,0.00946434,0.0282191,0.0215309,0.0232665,-0.0156144,35.5529,-0.0297744,0.0308767,0.176243
2.94,0.99978,-0.0182751,-0.000543753,-0.0102835,0.0020922,0.00223214,0.00311135,0.0376707,0.00894383,0.0279465,0.0214323,0.022691,-0.0152108,38.5863,-0.0139294,0.0275441,0.233236
2.96,0.999778,-0.018366,-0.00053458,-0.0102728,-0.0148058,0.00478086,0.000467459,0.0379369,0.00827891,0.0275349,0.0219081,0.0221243,-0.0114787,33.0329,-0.0130267,-0.00320466,0.112727
2.98,0.999778,-0.0183886,-0.000549953,-0.0102788,-0.0141407,-0.00548976,0.000508259,0.038125,0.00778577,0.0272414,0.0226376,0.0224525,-0.0149866,35.9644,-0.00728066,0.0104149,0.359598
3,0.999778,-0.0183818,-0.000556194,-0.0102721,-0.0145375,-0.00843922,-0.00368684,0.0382617,0.00717579,0.026987,0.0233553,0.0222993,-0.0155169,37.8404,0.00376377,-0.00113902,0.204291
3.02,0.999778,-0.0183673,-0.000550442,-0.0102696,-0.00785866,-0.00162028,7.67112e-05,0.0384209,0.0066312,0.0267238,0.023062,0.0217683,-0.0155483,36.5269,-0.012451,0.0174228,0.0453814
3.04,0.999778,-0.0184159,-0.000525287,-0.0102671,0.00158408,0.0111008,-0.00541898,0.0386842,0.00592324,0.0263438,0.0223103,0.0201403,-0.0108995,36.2507,0.0126914,0.0104293,0.182278
3.06,0.999778,-0.0184154,-0.000538115,-0.0102581,0.00125094,0.0072973,0.0077168,0.0388738,0.00552067,0.026094,0.0221056,0.0200293,-0.0110681,36.2294,0.0047992,0.0215196,0.280552
3.08,0.999777,-0.0184353,-0.00054115,-0.0102832,-0.0122235,-0.00194865,-0.00631856,0.0390482,0.00507575,0.0258685,0.0226339,0.0208559,-0.013941,40.085,-0.00714806,0.029954,0.157075
3.1,0.999777,-0.0184519,-0.00055023,-0.0102901,-0.0121144,-0.00475623,-0.00489778,0.0391527,0.00453456,0.0257257,0.0230768,0.020677,-0.0143099,37.2192,-0.01544,0.0259272,0.120514
3.12,0.999776,-0.0184594,-0.000541237,-0.0103011,-0.0149326,-0.000206205,-0.00554778,0.0392822,0.00405235,0.0255753,0.0235381,0.0202108,-0.0146487,34.9755,0.0130091,0.0270715,0.266316
3.14,0.999776,-0.0184653,-0.000521342,-0.0103199,0.00247055,0.00633845,-0.00353226,0.0395201,0.00343426,0.0253419,0.0231508,0.018623,-0.0115288,33.2907,-0.0136798,-0.002584,0.32402
3.16,0.999776,-0.0184743,-0.000513599,-0.0103259,-0.00182158,0.00740508,-0.00282189,0.039708,0.00308629,0.0251746,0.0236745,0.018157,-0.0115209,36.164,0.0107471,0.0260325,0.253411
3.18,0.999776,-0.0184923,-0.000501381,-0.0103279,-0.00206439,0.00924875,0.000920604,0.0398639,0.00267785,0.0250323,0.0240178,0.0180354,-0.0113405,35.0441,0.0163504,0.0235516,0.282105
3.2,0.999775,-0.0185242,-0.000497441,-0.0103268,-0.0220037,0.00110214,-0.0036227,0.0400299,0.00223963,0.0248905,0.0253689,0.0186733,-0.0140391,39.0755,-0.014968,0.0111525,0.236464
3.22,0.999775,-0.0185132,-0.000478386,-0.0103451,0.0176155,0.00511443,-0.00645457,0.0402743,0.00164611,0.0247132,0.0247329,0.0174218,-0.0130353,35.7724,0.00900609,0.0366204,0.239651
3.24,0.999775,-0.0185378,-0.000466777,-0.0103352,0.0149177,0.00644242,0.00303373,0.0404585,0.00132089,0.0245791,0.0246726,0.0171653,-0.0123608,36.311,-0.0058463,0.0520631,0.168642
3.26,0.999774,-0.0185467,-0.00046717,-0.0103454,0.00957701,0.00101992,-0.000801132,0.0406642,0.00104572,0.024442,0.0251094,0.0172679,-0.0121852,35.6711,-0.0108618,0.00558451,0.272107
3.28,0.999774,-0.0185769,-0.000458816,-0.0103484,0.00627135,-0.000144231,-0.00713083,0.04089,0.000823386,0.0242977,0.0252113,0.0170998,-0.0117695,36.6077,0.00424253,0.018781,0.399753
3.3,0.999773,-0.0186128,-0.00046408,-0.0103523,-0.0082668,0.000274752,-0.00187351,0.0410766,0.000526164,0.0241807,0.0254973,0.0168602,-0.011366,35.0128,-0.00714674,0.0288828,0.233042
3.32,0.999774,-0.0185675,-0.000431124,-0.010378,0.0111914,0.0031913,0.0103127,0.0413374,1.6517e-05,0.0240524,0.0254527,0.0163024,-0.0133513,36.5572,0.00753108,0.0033514,0.14366
3.34,0.999774,-0.0185501,-0.000422966,-0.0103794,0.015283,-0.00208862,-0.00349478,0.0415113,-0.000276608,0.0239608,0.0253908,0.0157678,-0.0123597,37.764,-0.030171,0.00797653,0.312724
3.36,0.999774,-0.0185718,-0.000434447,-0.0103924,0.0197529,0.00180163,-0.00148964,0.041706,-0.00052904,0.0238681,0.0255722,0.0154229,-0.0122961,35.5351,-0.0103204,0.0134331,0.151975
3.38,0.999773,-0.0185888,-0.000427436,-0.0104003,0.0117614,0.000840492,-0.00421499,0.0419238,-0.000737625,0.0237686,0.0259599,0.0150706,-0.0114669,35.952,0.0107983,0.0177648,0.381964
3.4,0.999773,-0.018608,-0.00043087,-0.0103905,-0.00434615,-0.005412,-0.000694735,0.0420239,-0.00134191,0.023798,0.0264096,0.0162292,-0.0138153,37.0458,0.0101261,0.0159885,0.229732
3.42,0.999773,-0.0186125,-0.000416412,-0.0103869,0.00446764,-0.00205557,0.00360119,0.0421421,-0.00167266,0.0238082,0.0260308,0.0148531,-0.0126318,36.8429,-0.0126798,0.00785623,0.187077
3.44,0.999773,-0.018624,-0.000428028,-0.0103844,0.0105629,-0.00323522,0.00307167,0.0422425,-0.00198641,0.0238203,0.0258613,0.0142029,-0.0118228,33.3819,0.0197432,0.00867841,0.367766
3.46,0.999772,-0.0186284,-0.000403856,-0.0103875,0.0100798,0.00141045,0.00248064,0.0423656,-0.00225955,0.0238222,0.0262854,0.013571,-0.0115135,36.0825,0.00389602,0.0243462,0.134904
3.48,0.999772,-0.018674,-0.000392082,-0.0103881,0.00816805,0.00259439,-0.0037293,0.0425131,-0.00249608,0.0238112,0.0264171,0.0130865,-0.0115102,36.1839,-0.0193187,0.040943,0.294663
3.5,0.999772,-0.0186598,-0.000392461,-0.0103685,-0.00286026,-0.0048405,0.000819397,0.0426144,-0.00303468,0.0239026,0.0273872,0.013583,-0.0126601,36.2432,0.00540173,0.0199553,0.350156
3.52,0.999772,-0.0186718,-0.000385725,-0.0103633,-0.00554857,-0.00369693,0.00113541,0.04276,-0.00332125,0.0239376,0.027415,0.0128219,-0.0130707,36.5805,0.0179791,0.0343546,0.26627
3.54,0.999772,-0.0186602,-0.000378793,-0.0103707,0.0103241,-0.00379367,0.00572714,0.0428936,-0.00358202,0.0239773,0.0275076,0.0124389,-0.0123279,38.7288,-0.0167252,0.0213832,0.295936
3.56,0.999772,-0.0186733,-0.000364521,-0.0103724,0.0123615,0.000442696,0.0020868,0.0430472,-0.00380135,0.024008,0.0273007,0.01221,-0.011888,34.357,0.00449726,0.0135388,0.387571
3.58,0.99977,-0.0187419,-0.000356384,-0.0103803,-0.0221789,-0.000814978,0.00186727,0.0432479,-0.00414511,0.024078,0.0278694,0.0129646,-0.0106214,38.0039,0.0175326,0.0323523,0.427316
3.6,0.99977,-0.0187445,-0.000350624,-0.0103937,-0.01344,-0.00214156,-0.00113395,0.0432946,-0.00446052,0.0241878,0.0282404,0.0128805,-0.0112974,35.9079,0.0212323,0.0363889,0.377613
3.62,0.99977,-0.0187473,-0.000326652,-0.0104047,-0.0111577,0.00102638,-0.00171883,0.0433346,-0.00475873,0.0242897,0.0277414,0.0125457,-0.01137,36.1641,0.00596935,0.0157195,0.217731
3.64,0.99977,-0.0187563,-0.000332419,-0.0104289,-0.00803066,-0.00135295,-0.00885851,0.0434268,-0.00500366,0.0243744,0.0265401,0.0118351,-0.0122935,36.2966,-0.0198502,0.0169631,0.308102
3.66,0.999769,-0.0187842,-0.000327005,-0.0104271,-0.0038606,0.00213085,-0.0068059,0.0435429,-0.00531713,0.0244767,0.0268813,0.0115872,-0.00926306,37.2067,-0.0213868,0.0368342,0.260551
3.68,0.999769,-0.0188042,-0.000308037,-0.0104316,-0.0132699,0.00238429,-0.00465841,0.0436455,-0.00547652,0.0245337,0.0266515,0.0118453,-0.00966554,37.8565,0.0171427,0.0401663,0.528891
3.7,0.999769,-0.0188009,-0.000293315,-0.0104238,-0.00894942,0.00375777,0.0002277,0.0436282,-0.00578894,0.0246261,0.0268359,0.011789,-0.00997586,35.9089,-0.00184209,0.00403735,0.301512
3.72,0.999769,-0.0187787,-0.000296728,-0.010434,-0.0138709,-0.00430777,0.00152802,0.0436428,-0.00605243,0.0247072,0.0268831,0.0118782,-0.01035,32.1287,0.0212252,0.018178,0.240576
3.74,0.999769,-0.0187766,-0.000274852,-0.0104499,-0.0114242,6.18107e-05,-0.00600367,0.0436846,-0.00627776,0.0247776,0.0272241,0.0113865,-0.00994643,39.1541,0.0136719,0.0133268,0.245959
3.76,0.999768,-0.0188021,-0.000255322,-0.0104574,0.00487591,0.00630424,-0.00113638,0.0438333,-0.00653804,0.0248559,0.0266614,0.0101528,-0.00783197,36.6864,-0.019632,0.0239153,0.260519
3.78,0.999768,-0.0188313,-0.000266969,-0.0104668,-0.00357176,-0.00393485,-0.000749587,0.0439321,-0.00668511,0.0249014,0.0269484,0.0099141,-0.0080694,37.3155,0.0215247,0.0187387,0.343288
3.8,0.999768,-0.0188077,-0.000272775,-0.0104767,-0.00941496,-0.00377723,0.0024892,0.0438804,-0.0069845,0.0250058,0.0274588,0.0100739,-0.00834362,33.5399,-0.00647756,0.00879979,0.306601
3.82,0.999768,-0.018809,-0.000276515,-0.0104897,-0.0146264,-0.00188076,-0.00692531,0.0438047,-0.00728157,0.025109,0.0271976,0.00990407,-0.00913878,36.6846,-0.00609637,0.0201759,0.389885
3.84,0.999768,-0.01879,-0.000240918,-0.0104928,0.00770744,0.00710062,-0.00147436,0.0437477,-0.00765191,0.0252469,0.0268365,0.00907123,-0.00972647,36.217,0.0175661,0.0362045,0.24812
3.86,0.999768,-0.0188017,-0.000212844,-0.0105119,0.00792229,0.0102107,-0.00977479,0.0437882,-0.0078378,0.025296,0.0273175,0.00931455,-0.00763011,37.6071,0.015686,4.91205e-05,0.408324
3.88,0.999768,-0.0188262,-0.000226995,-0.0105075,0.00608473,0.00337911,-0.0038497,0.0438215,-0.00799815,0.0253488,0.0276818,0.00942655,-0.00784653,32.6971,-0.0190584,0.015236,0.316421
3.9,0.999767,-0.0188331,-0.000222207,-0.0105161,0.00429824,0.004654,-0.00897049,0.0437278,-0.00828306,0.0254253,0.0278247,0.00938855,-0.00774931,38.1351,-0.00168214,0.0115658,0.326159
3.92,0.999768,-0.0188043,-0.000194233,-0.0105359,0.0186647,0.00279892,-0.0029107,0.043658,-0.00864237,0.0255351,0.027501,0.00890909,-0.00770636,38.0317,0.0362829,0.0184622,0.397069
3.94,0.999767,-0.0188228,-0.000181138,-0.0105577,0.0169076,-0.000375294,-0.0033591,0.0436403,-0.0088377,0.0256285,0.027274,0.00860676,-0.00711327,35.6291,-0.000224595,0.012633,0.313213
3.96,0.999767,-0.0188286,-0.000179065,-0.0105704,0.0148304,0.00433352,-0.00363982,0.0436432,-0.00899891,0.0257113,0.0269661,0.00835711,-0.00641835,38.3112,0.00365627,0.0406562,0.219863
3.98,0.999767,-0.0188396,-0.000174803,-0.0105785,0.0115332,0.00676881,-0.00352809,0.0436711,-0.00913186,0.025788,0.0269334,0.00808323,-0.00599473,34.8788,0.0159189,0.0174957,0.171169
4,0.999766,-0.0188558,-0.0001851,-0.0105794,0.0111829,0.00275021,-0.00365763,0.0435966,-0.00944015,0.0258825,0.0272585,0.00818801,-0.00467917,35.1078,-0.00530051,0.00426922,0.241574
4.02,0.999766,-0.0188666,-0.000174768,-0.0105645,0.00390392,-0.000259263,-0.00206999,0.0434241,-0.00988458,0.0260342,0.026976,0.00793125,-0.00725711,32.9854,-0.0198676,0.0205305,0.276401
4.04,0.999766,-0.0188727,-0.000160591,-0.0105863,0.0102266,-0.00181114,0.000304938,0.0433322,-0.0101442,0.0261228,0.0264338,0.00745435,-0.00714059,37.6668,0.0157525,0.0207907,0.396566
4.06,0.999765,-0.0188913,-0.000157136,-0.0105999,0.0126014,0.000841544,-0.00717944,0.0432622,-0.0103737,0.0261967,0.0262179,0.00679031,-0.00652596,41.1723,0.0125221,0.0287588,0.378539
4.08,0.999765,-0.0189375,-0.000133557,-0.0106037,0.00929342,0.000820976,-0.00140124,0.0432193,-0.0105785,0.0262636,0.026167,0.00619007,-0.00639425,35.8709,0.0101455,-0.009125,0.344832
4.1,0.999764,-0.0189606,-0.000143234,-0.0106136,-0.00984996,-0.00650217,0.00522608,0.0430799,-0.0109763,0.0263728,0.0263631,0.00661156,-0.00780464,36.0375,0.0128445,0.0380838,0.340287
4.12,0.999763,-0.0190111,-0.000115362,-0.0106193,-0.00311759,0.00629725,-0.00612465,0.0429042,-0.0113738,0.0264828,0.0263785,0.00609005,-0.00414762,36.2794,-0.00323882,-0.0115395,0.334617
4.14,0.999764,-0.0189741,-0.00010887,-0.0106136,0.00300205,-0.00450991,0.00471132,0.0428575,-0.0114944,0.0265239,0.0256446,0.00572754,-0.00691643,37.1527,0.00632826,0.00367156,0.321591
4.16,0.999764,-0.0189635,-9.45327e-05,-0.0106221,0.0137498,-0.000900369,-0.00165742,0.0427835,-0.011714,0.0265903,0.0254001,0.00499111,-0.00641865,33.1916,0.00295872,0.0103208,0.338371
4.18,0.999764,-0.0189669,-9.03237e-05,-0.0106193,0.0155657,-0.00545381,0.00367788,0.0427335,-0.0119034,0.0266407,0.0252471,0.00500932,-0.00652356,38.4755,-0.00867106,0.0219873,0.185409
4.2,0.999763,-0.0189975,-9.01234e-05,-0.0106298,-0.0121661,-0.00126759,-0.00433391,0.0424669,-0.0123734,0.0267696,0.0247821,0.00582715,-0.00569374,34.7285,-0.0113227,0.0206103,0.352228
4.22,0.999764,-0.0189548,-6.9775e-05,-0.0106243,-0.0138633,0.00103239,0.00143347,0.0423311,-0.0126517,0.0268589,0.0243947,0.00538099,-0.00785433,37.6667,0.0132436,0.0246524,0.425582
4.24,0.999764,-0.0189574,-6.1946e-05,-0.0106139,-0.00745575,-0.000798487,0.00603171,0.0421598,-0.0129194,0.0269337,0.0236731,0.00502234,-0.00753338,37.0181,-0.00780166,0.0036897,0.208242
4.26,0.999764,-0.0189506,-4.69368e-05,-0.0106224,0.0117047,-0.00341498,0.000237666,0.0420131,-0.0131543,0.027002,0.023424,0.00466059,-0.00719867,35.537,6.43282e-06,0.0173723,0.290753
4.28,0.999763,-0.019004,-4.97663e-05,-0.0106344,-0.011338,0.00051695,-6.97058e-05,0.0418432,-0.0134519,0.0270833,0.0233367,0.00433031,-0.00388605,38.7699,0.000766305,0.0205387,0.112198
4.3,0.999763,-0.0189791,-4.20003e-05,-0.0106443,-0.00833646,-0.00539957,0.00336263,0.0415958,-0.0137323,0.0272553,0.0228754,0.00474523,-0.00466365,34.9777,0.000769988,0.0161104,0.289119
4.32,0.999763,-0.0189737,-4.62774e-05,-0.0106482,-0.0151701,-0.0093687,-0.000125475,0.0414093,-0.0139766,0.027405,0.0228852,0.00485157,-0.00751331,37.0721,0.0153998,0.0331691,0.0988182
4.34,0.999764,-0.0189542,-3.69451e-05,-0.0106609,-0.00578612,-0.00262661,0.000424501,0.041225,-0.0141892,0.0275489,0.0223738,0.00468053,-0.00728452,35.6875,0.00466701,-0.00328676,0.103753
4.36,0.999764,-0.0189467,-4.1404e-05,-0.0106655,-0.0033056,-0.00763069,0.000505128,0.0410607,-0.0143772,0.0276869,0.0218352,0.00418993,-0.00692746,37.5111,0.00843088,0.0360888,0.371157
4.38,0.999763,-0.0189733,-1.96613e-05,-0.0106651,-0.00485366,0.0013063,0.00412619,0.0408685,-0.0146053,0.0278674,0.0219192,0.00374071,-0.00317317,39.1687,0.0197821,0.00400763,0.25956
4.4,0.999762,-0.0190111,1.18721e-05,-0.0106767,-0.0196441,0.00428926,-0.00452966,0.0406158,-0.0148179,0.0281117,0.0215995,0.00364855,-0.00349725,33.9377,0.00128071,0.0301294,0.296696
4.42,0.999763,-0.0189976,2.29477e-05,-0.010667,-0.012369,0.000576601,-0.000661576,0.0403978,-0.0150027,0.0283455,0.0220385,0.0038982,-0.00317372,36.3853,-0.00567857,0.00314788,0.0782729
4.44,0.999762,-0.0190146,2.24903e-05,-0.0106856,-0.0108655,-0.00386838,-0.00649658,0.0401996,-0.015182,0.0285861,0.0219678,0.00409182,-0.00579027,37.2894,0.0034016,0.00410259,0.227145
4.46,0.999763,-0.0189755,4.26495e-05,-0.0106955,0.0119914,0.000741512,-0.00376951,0.0399113,-0.0154073,0.0289158,0.0208922,0.00251347,-0.00158754,36.3606,0.0233196,0.0116341,0.343915
4.48,0.999762,-0.0189983,5.22992e-05,-0.0106896,0.00606955,0.00473542,-0.000370812,0.0397522,-0.0155348,0.0291188,0.0209417,0.00199137,-0.0013419,38.1323,0.0245273,-0.000419338,0.34707
4.5,0.999762,-0.0189818,5.70895e-05,-0.0107075,-0.00279268,0.00301208,-0.00581369,0.0394834,-0.0156888,0.0294083,0.0205503,0.00185715,-0.000877429,37.9867,-0.00175922,-0.00281427,0.219373
4.52,0.999762,-0.0189866,8.32814e-05,-0.0107082,-0.0102896,0.00276343,-0.00467752,0.0392427,-0.0158163,0.0296876,0.0202652,0.00206643,-0.000902845,35.988,0.0202078,0.000994761,0.160322
4.54,0.999764,-0.018918,0.00010128,-0.0107006,0.0227901,0.00478177,-0.00227614,0.0389778,-0.0159519,0.0300748,0.0203236,0.00192911,-0.00124816,35.8404,0.00393955,0.000959813,0.436194
4.56,0.999763,-0.0189392,9.60619e-05,-0.0107073,-0.0131577,-0.00517284,0.00217752,0.0387459,-0.0160453,0.0304273,0.0207589,0.00241617,-0.00433189,37.0177,0.0198587,-0.00206101,0.250576
4.58,0.999763,-0.0189422,0.000128247,-0.0107036,0.0131896,0.00643945,-7.52208e-06,0.0386855,-0.016066,0.0305439,0.0203293,0.00128021,-0.000517029,34.6558,0.0130063,0.0149066,0.155721
4.6,0.999763,-0.0189731,0.000118929,-0.0107124,0.00248883,0.00637344,-0.000535147,0.0384785,-0.0161735,0.0308018,0.0199728,0.00151612,-0.000252405,34.4541,0.00902244,-0.00109848,0.218551
4.62,0.999763,-0.018966,0.000145967,-0.0107141,-0.00639128,0.0122209,-0.00767575,0.0383001,-0.0162559,0.0310439,0.0199741,0.00147329,-5.83815e-05,35.5775,-0.0155497,0.000836889,0.372526
4.64,0.999763,-0.0189286,0.000149184,-0.0107345,0.00878865,-0.000594824,0.000467827,0.0380824,-0.0163521,0.0313835,0.0202152,0.00210817,-0.0017443,37.5631,0.0252079,0.0111813,0.0425041
4.66,0.999763,-0.0189505,0.000152413,-0.0107375,0.0165549,-0.00272673,-0.00597381,0.0379498,-0.0163904,0.0315922,0.0205202,0.00219254,-0.00107063,36.9029,0.0173619,0.0114976,0.290627
4.68,0.999763,-0.0189661,0.000161975,-0.010732,0.00511876,0.00291022,0.000475618,0.0378459,-0.016405,0.0317874,0.0207362,0.00211108,-0.000921049,37.9722,-0.0022042,0.00755432,0.28515
4.7,0.999762,-0.0189633,0.000158554,-0.0107492,0.017769,0.00851291,-0.00255256,0.0377374,-0.0164457,0.031987,0.0203458,0.00242443,-0.000296196,37.3181,0.0171278,0.0113107,0.140085
4.72,0.999762,-0.0189845,0.000174003,-0.0107346,-0.00338541,-0.00452114,0.00736157,0.0375765,-0.0165157,0.0322707,0.0210978,0.00438791,-0.00479663,37.7451,0.0278112,-0.000129926,0.20604
4.74,0.999762,-0.0190064,0.000191435,-0.0107488,0.00387713,-0.00216532,0.00520965,0.0375095,-0.0165262,0.0324439,0.0209967,0.00428226,-0.00437291,37.5821,0.00109053,0.0240858,0.244706
4.76,0.999761,-0.0190233,0.000213836,-0.0107603,0.00753793,-0.000431697,0.00219384,0.037495,-0.0165045,0.0326091,0.0200326,0.00394793,-0.00244235,34.6087,0.0178476,-0.00182473,0.165584
4.78,0.999761,-0.0190237,0.000223532,-0.01076,0.00870173,0.00116771,-0.00347947,0.037463,-0.0164636,0.0327524,0.0195941,0.00418418,-0.00225223,36.5945,0.000424606,0.00951117,0.224219
4.8,0.999761,-0.0190253,0.000226032,-0.0107491,0.015657,0.00214662,0.00226105,0.0374031,-0.0164879,0.032938,0.0195253,0.00412908,-0.0022903,33.6852,-0.000323418,0.0226847,0.315472
4.82,0.999761,-0.0190341,0.000216006,-0.010766,-0.0022309,-0.00798075,0.00431696,0.0373485,-0.0164733,0.0331746,0.0197299,0.00568128,-0.00474018,36.4862,-0.0183711,0.00453807,0.195955
4.84,0.99976,-0.0190505,0.000231275,-0.0107938,-0.0108884,-0.00240024,-0.00281403,0.0373214,-0.0164497,0.0333283,0.0199865,0.00547913,-0.00471749,36.6075,0.00760329,0.0307627,0.342886
4.86,0.999761,-0.019033,0.000241554,-0.0107994,0.00789817,-0.00325598,-0.00167102,0.0373175,-0.0164212,0.0334846,0.018805,0.00421928,-0.00346813,38.3037,0.0127017,0.0162949,0.161107
4.88,0.99976,-0.0190436,0.000246962,-0.0107997,0.00953385,0.00267579,0.000580073,0.0373002,-0.0163837,0.0336177,0.0184777,0.00380101,-0.00292752,35.0574,0.00869787,-0.00747728,0.154069
4.9,0.99976,-0.0190858,0.000250285,-0.0107968,-0.00694565,-0.00488803,0.00179089,0.037274,-0.0163911,0.0338328,0.0187982,0.00434009,-0.00284582,37.6924,-0.00460252,0.0134882,0.221061
4.92,0.99976,-0.019075,0.000261683,-0.0108157,-0.00595941,0.00049838,-0.00621426,0.0372687,-0.0164021,0.0339849,0.0189486,0.00422731,-0.0034644,37.0418,0.0153131,-0.00280622,0.247989
4.94,0.99976,-0.0190466,0.000265514,-0.0108276,-0.00145791,-0.00535323,-0.00478045,0.0372886,-0.0163937,0.0341235,0.018853,0.00422479,-0.00386179,34.5514,-0.000687677,0.00218339,0.14009
4.96,0.99976,-0.0190253,0.000259178,-0.0108243,-0.0057721,-0.00250037,-0.0011892,0.0373282,-0.0163628,0.0342465,0.0188131,0.00455168,-0.00428494,34.9104,0.00849043,0.026056,0.263508
4.98,0.99976,-0.0190573,0.000258172,-0.0108304,-0.00150654,0.000333607,-0.00555247,0.0374276,-0.0163008,0.034437,0.0186789,0.00431603,-0.00205716,36.4847,-0.00135375,0.0197184,0.275118
5,0.99976,-0.0190394,0.000250511,-0.0108131,-0.0112031,0.00206749,-0.00399365,0.0374726,-0.0162853,0.034604,0.0190265,0.00467145,-0.00230709,37.9227,0.00110022,0.00709457,0.436641
5.02,0.99976,-0.01903,0.000243457,-0.0108198,-0.0178291,-0.00216622,-0.00241236,0.0375388,-0.0162463,0.0347521,0.0192892,0.0049472,-0.00310716,37.8052,-0.00915452,0.00758721,0.0837875
5.04,0.99976,-0.0190342,0.000260702,-0.0108295,-0.0157411,0.000941421,-0.00751978,0.037632,-0.0161872,0.0348848,0.0194717,0.00505582,-0.0035945,36.1772,0.0107602,0.012459,0.0985271
5.06,0.99976,-0.0190449,0.000282422,-0.0108395,-0.0139805,0.000709275,-0.00385923,0.0376994,-0.0161419,0.035014,0.0198401,0.0048884,-0.00349527,38.2709,0.0119029,0.00652084,0.256022
5.08,0.999759,-0.0190783,0.000307149,-0.0108293,0.00629275,0.00733103,-2.90708e-05,0.0378485,-0.0160736,0.0351989,0.0184009,0.00450756,-0.0026929,35.3842,-0.00051955,0.0125923,0.204819
5.1,0.999759,-0.0190979,0.000300196,-0.01082,-0.00155187,0.000345343,0.0051821,0.0379114,-0.016061,0.0353269,0.0185122,0.00484151,-0.00280607,37.242,0.00326611,0.0191318,0.25811
5.12,0.999759,-0.0190884,0.000291047,-0.0108396,-0.00927547,0.000683616,0.000895899,0.0379922,-0.0160235,0.0354419,0.0184455,0.00533187,-0.00334958,36.8444,0.00112956,0.0122733,0.125379
5.14,0.999759,-0.0190722,0.000282785,-0.0108256,-0.0181748,-0.00138867,0.00753762,0.0380917,-0.0159634,0.0355462,0.0187455,0.00561392,-0.0039898,36.9053,-0.00412463,0.00240616,0.164802
5.16,0.99976,-0.0190282,0.000309253,-0.0108514,0.0152451,0.00273339,-0.00364623,0.0382826,-0.0158438,0.0356861,0.0182456,0.00453929,-0.00273082,36.393,0.00366507,0.0254071,0.171129
5.18,0.99976,-0.0190431,0.000315722,-0.0108487,0.0119433,0.00229428,0.00326482,0.0384011,-0.0157811,0.0357527,0.018089,0.00443812,-0.00236642,35.3971,0.00182081,0.00190046,0.222916
5.2,0.999759,-0.0190621,0.000316599,-0.0108586,-0.00110492,0.0058816,-0.00610982,0.0385188,-0.0157384,0.0358016,0.0184832,0.00458818,-0.00279412,38.5585,0.0144211,0.0333434,0.297592
5.22,0.999759,-0.0190707,0.000302555,-0.0108759,-0.00798821,0.00186862,-0.000454895,0.0386825,-0.0156643,0.0358131,0.0187953,0.00559908,-0.00369746,36.7672,0.0102588,0.00677352,0.425953
5.24,0.99976,-0.0189951,0.000318881,-0.0108795,0.0149362,-0.000935131,-0.00226553,0.0389113,-0.0155325,0.0358562,0.01854,0.00534142,-0.00467273,36.8172,-0.0138018,0.0207078,0.109393
5.26,0.99976,-0.018991,0.000311454,-0.0108949,0.018161,-0.00301336,0.00346074,0.0390346,-0.0154518,0.0358754,0.018287,0.00521375,-0.00423051,36.2851,-0.0180449,0.0127075,0.317007
5.28,0.999759,-0.0190266,0.000343057,-0.0109061,0.0137959,0.00422382,-0.000143821,0.0391379,-0.0154127,0.0358897,0.0183005,0.00476342,-0.00344291,35.0657,-0.0183294,0.013983,0.320987
5.3,0.999759,-0.0190414,0.000352594,-0.010908,0.013279,0.0117522,-0.00425631,0.0392225,-0.015415,0.0358991,0.0181271,0.00435555,-0.00362395,36.5581,0.0111908,0.00241245,0.215985
5.32,0.999759,-0.0190543,0.000349117,-0.0108972,0.00788515,0.00645152,-5.32564e-05,0.0393182,-0.015404,0.0359011,0.0177756,0.00422163,-0.00255925,36.877,0.0145003,0.032278,0.131573
5.34,0.99976,-0.0190197,0.000347607,-0.0108956,0.00524791,0.00130527,0.00550072,0.0395186,-0.0153519,0.035912,0.0179064,0.00466469,-0.00454843,33.8676,-0.00705121,-0.00131413,0.0402933
5.36,0.999759,-0.0190274,0.000365315,-0.0109138,0.0149235,-0.00208222,-0.00384465,0.0396547,-0.0152988,0.0359129,0.0180383,0.00454839,-0.00412686,38.0742,-0.00361184,0.0173986,0.0659695
5.38,0.999759,-0.0190452,0.000375782,-0.0109232,0.0117616,0.00117359,-0.00055266,0.0397558,-0.0152698,0.0359031,0.0179502,0.00438054,-0.00411323,37.8085,-0.00446679,0.00743243,0.250269
5.4,0.999759,-0.0190527,0.000390576,-0.010923,0.0199858,0.00306176,-0.00244226,0.0398266,-0.0152636,0.0358826,0.0182341,0.00462125,-0.00392652,35.7811,0.0151226,0.0215801,0.182708
5.42,0.999758,-0.0190878,0.000398278,-0.0109341,-0.00914823,0.0017365,0.00396802,0.0399959,-0.015213,0.0358252,0.0184925,0.00494488,-0.00547849,37.7067,-0.0020771,0.0116251,0.303976
5.44,0.999758,-0.0190581,0.000400367,-0.0109456,-0.0039777,-0.00577215,-0.000128018,0.0401135,-0.015172,0.0358013,0.0184922,0.00439499,-0.00506526,37.0593,-0.00869566,0.0148955,0.234689
5.46,0.999758,-0.0190741,0.000405891,-0.0109383,-0.00214794,0.00178159,0.000891946,0.040222,-0.0151348,0.0357729,0.0183762,0.00397077,-0.00499189,36.2975,0.00137327,0.0219708,0.116842
5.48,0.999759,-0.0190478,0.000416636,-0.0109373,0.0108457,0.0022276,0.00628344,0.0403161,-0.0151,0.0357455,0.017844,0.00407196,-0.00476019,37.8399,-0.0201934,0.0182406,0.093916
5.5,0.999758,-0.0190885,0.000426233,-0.0109463,0.00185682,0.000520022,-0.00122571,0.04025,-0.015173,0.0357314,0.0177214,0.00401307,-0.00438913,34.306,0.0223163,0.0225776,0.044505
5.52,0.999757,-0.019131,0.000405861,-0.0109491,-0.0172825,-0.00814432,-0.000786371,0.0401926,-0.0152354,0.0356975,0.0179134,0.00517319,-0.00373798,36.5784,-0.0103508,0.0175669,0.195882
5.54,0.999758,-0.019096,0.000432189,-0.0109381,-0.0033883,-0.00201338,0.00237956,0.0402,-0.0152503,0.0356755,0.0175985,0.00484021,-0.00585248,36.791,0.000302306,-0.00792701,0.159479
5.56,0.999758,-0.0190704,0.000435824,-0.0109346,-0.0026508,-0.000502445,0.0055081,0.040203,-0.0152535,0.0356487,0.0174747,0.00429606,-0.00528616,37.1569,-0.0154964,0.0236087,0.121122
5.58,0.999758,-0.0190676,0.000429354,-0.010953,0.00250718,-0.0134998,-0.00268208,0.0402207,-0.0152475,0.0356177,0.0168104,0.00412075,-0.00513208,37.3941,-0.00243505,0.0108749,0.0995278
5.6,0.999757,-0.0191109,0.000440193,-0.010984,-0.00726248,-0.000125724,-0.00440321,0.0400224,-0.015336,0.0356005,0.0170271,0.00360591,-0.00272817,36.3592,0.0181039,0.00617705,0.0936446
5.62,0.999757,-0.0191184,0.000440398,-0.0109855,-0.0133126,-0.000574221,-0.00172164,0.0399159,-0.0153785,0.0355822,0.016823,0.00385248,-0.00331794,38.4792,0.00981906,0.0198579,0.101237
5.64,0.999757,-0.0191221,0.00043375,-0.0110048,-0.0153353,-0.0122189,-0.0037743,0.0398297,-0.015399,0.0355603,0.0167163,0.00422095,-0.00367253,36.6365,-0.00603862,0.0057323,0.206468
5.66,0.999757,-0.0191083,0.000434518,-0.0110074,-0.0136612,-0.00880715,0.00381237,0.0397921,-0.0153886,0.0355312,0.0165722,0.00481623,-0.00629365,34.3214,-0.00169204,0.0243964,0.163934
5.68,0.999757,-0.0191083,0.000448659,-0.0110178,-0.00512818,-0.00649758,0.00615631,0.0397054,-0.0153898,0.0355078,0.0160384,0.00468925,-0.0061524,35.4062,-0.0102692,0.0170845,0.239858
5.7,0.999756,-0.0191446,0.000474027,-0.0110182,-0.00665631,0.0031699,-0.00199493,0.0393561,-0.0155355,0.0355454,0.0152943,0.00364875,-0.00238499,39.0363,0.0235508,0.0110146,-0.00211676
5.72,0.999756,-0.0191692,0.000489661,-0.0110139,-0.0160808,0.00553847,0.00345314,0.0391489,-0.0156153,0.0355629,0.0150606,0.00366398,-0.00240106,34.1523,0.0134488,0.00915697,0.263938
5.74,0.999756,-0.0191535,0.000499171,-0.011034,-0.0120598,0.00264228,-0.00756473,0.0389645,-0.0156762,0.0355822,0.0151324,0.00403283,-0.00228112,35.9833,0.0131594,0.00855672,0.155539
5.76,0.999755,-0.0191845,0.000505103,-0.0110369,-0.0170768,-0.00404535,-0.00618252,0.038823,-0.0157121,0.0355924,0.0148515,0.00481503,-0.00573297,35.8532,0.00054631,0.00955691,0.303656
5.78,0.999755,-0.0191643,0.000538872,-0.0110317,0.00723599,0.00612038,0.00276844,0.0385657,-0.0157775,0.0356551,0.0142027,0.00377288,-0.00141622,36.7329,0.00614168,0.00843895,0.314954
5.8,0.999755,-0.0191553,0.000548073,-0.0110398,0.00978257,0.00466483,-0.00149748,0.0383334,-0.0158711,0.035761,0.0138839,0.00314515,-0.00122169,39.8054,-0.00594206,0.011295,0.237816
5.82,0.999755,-0.01916,0.000548577,-0.0110492,0.00259266,0.0103939,-0.00573866,0.0381259,-0.0159487,0.0358531,0.0140646,0.0032736,-0.00152571,34.7705,0.00906379,0.00352981,0.324235
5.84,0.999755,-0.0191674,0.000543954,-0.0110504,-0.0117185,0.000748753,0.00189642,0.0379407,-0.016009,0.0359412,0.0138159,0.00349656,-0.00103793,39.0984,0.0193813,0.0182914,0.288758
5.86,0.999756,-0.0191298,0.000563239,-0.0110702,0.0165111,-0.00297455,-0.0101341,0.0377214,-0.0160568,0.0360766,0.0131189,0.00336295,-0.00137629,35.6511,-0.00918392,0.0178201,0.152247
5.88,0.999756,-0.0191196,0.000576891,-0.0110585,0.0243883,0.00192376,-0.00290353,0.0375092,-0.0161454,0.0362117,0.0127863,0.00321394,-0.000795152,35.9816,0.017891,0.00719381,0.211664
5.9,0.999756,-0.0191167,0.000583925,-0.0110591,0.0147276,0.00908818,-0.00249342,0.0372688,-0.0162679,0.0363902,0.0123366,0.00312992,-0.000138062,38.1739,0.0180449,0.0244483,0.320109
5.92,0.999755,-0.0191387,0.000598529,-0.0110675,0.00255526,0.00998895,-0.004399,0.037049,-0.0163689,0.036563,0.0120252,0.00328946,-0.000313722,36.6731,-0.0101045,-0.00741614,0.135425
5.94,0.999755,-0.0191682,0.000593033,-0.0110682,-0.00397301,0.00617031,-0.00459361,0.0368473,-0.0164473,0.036714,0.011721,0.00340986,-0.000233704,35.2684,-0.00242515,0.00590406,0.0885533
5.96,0.999755,-0.0191458,0.000584257,-0.0110587,0.010576,-0.00170715,-0.000212614,0.0365891,-0.0165353,0.036928,0.011961,0.00404858,-0.00411074,35.1805,0.0104462,0.0189317,0.0905701
5.98,0.999756,-0.0191268,0.000608808,-0.0110774,0.0166534,0.00509374,-0.00273803,0.0364305,-0.0165575,0.0370932,0.0111555,0.00331801,-0.00106737,39.3482,0.0321322,0.00177581,0.19446
6,0.999755,-0.0191282,0.000599117,-0.0110881,0.0267777,0.00462215,0.000873954,0.0362354,-0.0165752,0.037293,0.0105008,0.00301568,-0.000732122,36.7082,0.0154579,-0.00740464,0.261025
6.02,0.999755,-0.0191465,0.00060786,-0.0110926,0.0119852,0.00471067,-0.00616449,0.0360588,-0.0165836,0.0374854,0.0102207,0.0027158,-0.00017786,34.4017,-0.0183469,0.0316255,0.12133
6.04,0.999756,-0.0191137,0.000630186,-0.0111019,-0.0044157,0.00337861,0.0012837,0.0358132,-0.0165672,0.0377482,0.00997964,0.00412758,-0.00440823,36.9059,-0.00180225,-0.0025152,0.0446811
6.06,0.999755,-0.0191356,0.000628402,-0.0111006,0.00494997,-0.00803727,8.38639e-07,0.0356717,-0.016539,0.0379111,0.00980494,0.00380734,-0.00407859,37.2537,0.00806636,-0.00350073,0.256839
6.08,0.999755,-0.0191149,0.000642687,-0.0111196,0.0166393,0.00350731,-0.00383313,0.0355253,-0.0165183,0.0380765,0.00915278,0.00305904,-0.00154336,37.1599,-0.0133067,-0.00864259,0.226649
6.1,0.999756,-0.0191091,0.0006362,-0.0111105,0.0155063,0.000315756,-0.00233609,0.0353485,-0.016512,0.0382378,0.00914057,0.00292319,-0.00106482,35.3686,0.0131568,0.000232347,0.237184
6.12,0.999755,-0.0191318,0.000647874,-0.0111028,0.0117894,0.0077592,0.00176598,0.0351992,-0.0164966,0.0383911,0.00929592,0.0027818,-0.000883652,38.0382,0.0269792,0.0281051,0.318897
6.14,0.999755,-0.0191261,0.000629516,-0.0111211,-0.0115399,-0.00422056,0.000637866,0.0350075,-0.0164475,0.038592,0.00962333,0.00383364,-0.00386961,36.4224,0.0132592,0.000873136,0.255531
6.16,0.999755,-0.0191301,0.000627748,-0.0111196,-0.00999294,-0.00979854,-0.00307012,0.0349077,-0.0164034,0.0387198,0.0101108,0.00377535,-0.00393421,33.0282,0.0408851,0.0160453,0.167416
6.18,0.999755,-0.0191191,0.000628198,-0.0111246,-0.00058755,-0.0074825,0.0016287,0.0348317,-0.0163458,0.0388382,0.0098305,0.00366207,-0.00377783,36.5158,0.00208966,-0.000352139,0.161393
6.2,0.999755,-0.0191139,0.00063704,-0.0111345,0.0152471,0.00344964,-0.00129438,0.0347526,-0.0162841,0.0389646,0.00892514,0.00282826,-0.00126669,37.1675,0.00586026,0.000825517,0.0658831
6.22,0.999754,-0.0191542,0.000621466,-0.0111352,-0.0147646,-0.00548963,-0.00235301,0.0345982,-0.0162006,0.039142,0.00929035,0.00389774,-0.00190757,38.2489,-0.0130111,-0.00097005,0.148514
6.24,0.999754,-0.0191583,0.000607895,-0.0111396,-0.0146264,-0.00786855,0.00234242,0.0345123,-0.016128,0.0392543,0.00902552,0.00414858,-0.00263574,35.5052,-0.00484743,-0.00715741,0.245312
6.26,0.999754,-0.0191425,0.000604226,-0.011142,-0.0108299,-0.0130292,0.000566696,0.0344509,-0.0160409,0.039354,0.00905585,0.00421675,-0.0040866,36.9305,0.0249759,0.0203612,0.201168
6.28,0.999754,-0.0191353,0.000599805,-0.0111603,-0.00105938,-0.00850617,-0.00658141,0.0344007,-0.0159431,0.039441,0.00886062,0.00410314,-0.00390275,35.7506,-0.00308372,0.00378197,0.316288
6.3,0.999754,-0.0191465,0.000617418,-0.011165,-0.0122849,0.00415618,-0.00193701,0.034237,-0.0158417,0.0395675,0.00798271,0.00334596,0.000268496,38.4522,0.0223889,0.00122832,0.0643856
6.32,0.999755,-0.01911,0.000621954,-0.0111652,-0.00751024,0.0062563,-0.00243027,0.0341471,-0.0157636,0.0396467,0.00817355,0.00355875,0.000496522,39.3329,0.0291096,0.0129894,0.244466
6.34,0.999755,-0.0191027,0.000614686,-0.0111556,-0.00948227,-4.90461e-05,0.0061042,0.0340776,-0.0156695,0.0397206,0.00781776,0.00469207,-0.00275084,37.2651,0.0106181,0.0175385,0.38085
6.36,0.999755,-0.0190927,0.000618511,-0.0111638,-0.0127933,-0.0050583,-0.00227065,0.0340106,-0.0155641,0.0397905,0.00796684,0.00492665,-0.00333494,34.7363,-0.015659,0.00141549,0.18985
6.38,0.999755,-0.0190732,0.000637026,-0.0111841,-0.00722004,-0.00308144,0.00261851,0.0339599,-0.0154436,0.0398498,0.00778445,0.00503769,-0.00302201,36.3149,-0.00651567,-0.00350638,0.306126
6.4,0.999754,-0.0191139,0.000649898,-0.0111902,-0.00336237,0.0040893,-0.00892158,0.033843,-0.0153136,0.0398876,0.00676456,0.00379255,0.00044967,36.6245,0.0137346,-0.00599323,0.289258
6.42,0.999754,-0.0191372,0.000651667,-0.0111785,-0.0123906,-0.000566306,-0.00201135,0.0337611,-0.0152433,0.039897,0.00667649,0.00343777,0.00104356,35.9689,-0.0213514,-0.000555031,0.244641
6.44,0.999754,-0.0191454,0.000645251,-0.0111895,-0.00886181,0.0036975,-0.000793257,0.0337025,-0.015152,0.0398934,0.00713654,0.00487215,-0.00200409,37.1317,-0.0276367,-0.00636107,0.242547
6.46,0.999754,-0.0191378,0.000649718,-0.0111782,-0.0156985,-0.000269774,0.00412395,0.0336536,-0.0150533,0.0398958,0.0074062,0.00509986,-0.00211028,38.7877,-0.0199915,0.00473646,0.228685
6.48,0.999755,-0.0190708,0.000668406,-0.0112022,0.0130135,0.00282709,-0.0060918,0.0335643,-0.0149131,0.039881,0.00677736,0.00387799,0.000282894,34.5904,-0.0225882,0.0110432,0.293769
6.5,0.999755,-0.0191028,0.000681385,-0.0111995,0.0114331,0.00865951,-0.00287149,0.0334468,-0.0148693,0.03983,0.00602574,0.00379639,0.000883524,36.6634,0.00510323,0.0109794,0.0831201
6.52,0.999754,-0.0191199,0.000686242,-0.0112039,0.00768755,0.00635066,-0.00660366,0.0333374,-0.0148162,0.0397825,0.0059177,0.00386407,0.0011836,38.4351,-0.00400708,-0.000573141,0.266106
6.54,0.999754,-0.0191225,0.000696195,-0.0111921,-0.00246563,0.00500496,0.0065835,0.0332442,-0.0147474,0.0397308,0.00592483,0.00413363,0.000984393,35.5056,-0.0164204,-0.00325631,0.0954633
6.56,0.999754,-0.0191356,0.000689829,-0.0111961,-0.00826915,-3.51862e-05,0.00183947,0.033174,-0.0146631,0.0396682,0.00668572,0.00503363,-0.00120058,40.6674,0.0018641,0.0197024,0.248055
6.58,0.999755,-0.0190764,0.000700062,-0.0111902,0.0145688,6.17622e-05,0.00449006,0.0330859,-0.0145266,0.0395911,0.00598797,0.00434159,-0.00098015,36.2525,0.0093257,-0.00168541,0.312168
6.6,0.999755,-0.0190585,0.000698532,-0.0112,0.0182306,0.000334252,-8.35878e-05,0.0329402,-0.0144938,0.0395252,0.00552104,0.00421023,-0.000285611,35.8943,0.0188036,0.0146916,0.15605
6.62,0.999756,-0.0190413,0.000721048,-0.0111976,0.0138418,0.0064426,0.000767368,0.0328067,-0.0144516,0.0394612,0.00548607,0.00418738,3.24397e-05,37.3104,-0.00480139,0.00964981,0.0692537
6.64,0.999755,-0.0190605,0.000709369,-0.0112066,0.00691443,0.00239754,-0.00148163,0.0326869,-0.014396,0.0393968,0.00517715,0.00442567,0.00039078,34.68,-0.0232886,0.0220864,0.149046
6.66,0.999756,-0.0190153,0.000719157,-0.0112146,0.00894436,-0.0077724,0.00412088,0.032535,-0.0142709,0.0392988,0.00451842,0.00511675,-0.00184211,37.7524,0.0193518,-0.00215075,0.148905
6.68,0.999757,-0.0189814,0.000741795,-0.0112246,0.0114273,0.000991353,-0.00423941,0.0324386,-0.0141802,0.0392313,0.00419927,0.00486065,-0.00147275,37.3573,0.00693175,-0.0062115,0.337443
6.7,0.999757,-0.0189799,0.000762743,-0.0112356,0.00945473,0.00862997,-0.003869,0.0322473,-0.0141718,0.0391775,0.00347249,0.00461206,-0.00119013,35.1763,-0.00458151,0.00513687,0.0987885
6.72,0.999756,-0.0189751,0.000764528,-0.0112537,0.0143256,0.00125776,-0.00180965,0.0320593,-0.0141626,0.0391268,0.00359304,0.00456506,-0.000659481,40.3118,-0.0152091,0.0134763,0.00325863
6.74,0.999756,-0.0189691,0.000745935,-0.0112669,-0.00671409,-0.00534821,-0.0023503,0.0318105,-0.0141248,0.0390458,0.00380283,0.00592852,-0.00270241,35.247,-0.00118177,-0.000457814,0.153924
6.76,0.999756,-0.0189844,0.000743593,-0.0112669,-0.000614527,-0.00632142,-0.00234854,0.0316608,-0.0140705,0.038986,0.00297619,0.00562514,-0.00290654,35.478,0.00487693,-0.0122826,0.253726
6.78,0.999756,-0.0190022,0.000754877,-0.011258,0.00486593,-0.0073482,-0.00514428,0.0314902,-0.0140438,0.038941,0.00304571,0.00571108,-0.00221234,36.9014,-0.0225114,0.00172916,0.31954
6.8,0.999756,-0.0190053,0.000765474,-0.0112642,0.00785609,0.00149682,-0.00818633,0.0313056,-0.0140429,0.0389113,0.0026277,0.00489544,-0.00205228,35.9696,0.00178847,0.0170353,0.146925
6.82,0.999756,-0.0190044,0.000763745,-0.0112539,0.0143027,0.000607678,-0.00153545,0.0311328,-0.0140368,0.038875,0.0024927,0.00484386,-0.00202791,36.6295,-0.00482095,-0.0032117,0.168416
6.84,0.999755,-0.019024,0.000760574,-0.011265,-0.0166501,-0.00139893,-0.00237317,0.0308932,-0.0140078,0.0387968,0.00237622,0.00541351,-0.00268734,35.8185,0.0044592,0.0174673,0.0690011
6.86,0.999755,-0.0190128,0.000752489,-0.0112712,-0.00796702,-0.00642674,0.00145006,0.0307471,-0.0139754,0.0387437,0.00257931,0.00574142,-0.0032635,36.5154,-0.0159461,0.0123062,0.146605
6.88,0.999756,-0.0189911,0.000754837,-0.0112677,0.00234104,-0.00670395,0.000665926,0.03062,-0.0139174,0.0387012,0.00216508,0.00578363,-0.00382205,37.2334,0.0240424,-0.00463902,0.148832
6.9,0.999756,-0.0189909,0.000767743,-0.0112649,0.0021182,-0.00431561,0.00275586,0.0304783,-0.0138726,0.0386579,0.00188112,0.00551868,-0.00448287,35.9452,0.012434,0.00368224,0.310438
6.92,0.999755,-0.0190535,0.000775322,-0.0112846,-0.0199184,-0.00304208,-0.00596115,0.0302243,-0.013841,0.0386088,0.00177616,0.0054843,-0.0022554,37.6068,-0.0252312,-0.00753598,0.125194
6.94,0.999755,-0.0190481,0.000768165,-0.0112677,-0.0111652,-0.00366778,0.00512539,0.0300679,-0.0138114,0.0385731,0.0014809,0.00568343,-0.00244464,36.3302,0.0305027,0.00730927,0.0956043
6.96,0.999755,-0.0190502,0.000770836,-0.0112639,-0.01634,-0.00643248,0.00687169,0.0299214,-0.0137704,0.0385431,0.00160564,0.00603449,-0.00265351,35.4167,-0.0128821,-0.0149802,0.0256977
6.98,0.999755,-0.0190375,0.000777373,-0.0112765,-0.00751701,-0.000821349,-0.00264783,0.0297881,-0.0137083,0.0385131,0.00143245,0.00604927,-0.00445451,38.2509,-0.00463502,0.000526831,0.14543
7,0.999755,-0.0190341,0.000768862,-0.0112451,-0.00449402,-0.00756679,0.00527855,0.0296285,-0.0137037,0.0384957,0.00109233,0.00609031,-0.00454912,36.0591,-0.0145327,0.0237171,0.12532
7.02,0.999754,-0.0190807,0.000778588,-0.011272,-0.0105159,0.00354242,-0.00401489,0.0294045,-0.013665,0.0384515,0.000956081,0.00629376,-0.0015662,35.888,0.00982778,-0.0108464,-0.0254939
7.04,0.999754,-0.0190721,0.000777565,-0.0112735,-0.0109365,0.00841539,-0.00660039,0.0292665,-0.0136196,0.0384186,0.000613373,0.00659112,-0.00214337,39.3054,0.0159868,0.0124843,0.0156495
7.06,0.999755,-0.0190709,0.000774682,-0.0112489,-0.0168674,-0.00419154,0.00684574,0.0291291,-0.0135618,0.0383807,0.000238494,0.00691892,-0.00232676,34.299,0.0175525,0.00362656,0.187962
7.08,0.999755,-0.0190708,0.000782657,-0.0112554,-0.00890442,-0.00500085,0.00447762,0.0290001,-0.0134899,0.0383433,-9.93844e-05,0.00713145,-0.00270165,36.2766,0.022802,-0.00731419,-0.0385589
7.1,0.999754,-0.0190941,0.000781744,-0.0112517,-0.0210002,-0.00497534,0.000675345,0.0288602,-0.0134336,0.0383473,-0.000540269,0.00738416,-0.00492711,36.7623,-0.0249342,0.0193759,0.119288
7.12,0.999753,-0.0191326,0.000811632,-0.0112585,-0.00213662,0.00404404,-0.000828189,0.0286408,-0.0134212,0.0383696,-0.0011671,0.00587181,-0.00098655,37.4293,-0.00198855,0.00650985,0.103803
7.14,0.999753,-0.0191389,0.000827372,-0.0112641,0.00335132,0.0126124,-0.00410557,0.0285022,-0.0134145,0.0383817,-0.0013811,0.00586599,-0.00100908,36.2402,-0.0057897,0.0228597,0.0585642
7.16,0.999753,-0.0191613,0.00081784,-0.0112817,-0.0118265,0.00186134,-0.00186191,0.0283656,-0.0133919,0.0383882,-0.00177329,0.00630371,-0.00127381,35.0069,-0.00563457,0.00833352,0.0729188
7.18,0.999753,-0.0191195,0.00082637,-0.0112906,0.0197846,-0.00549283,0.00362471,0.0281613,-0.0133812,0.0384179,-0.00216634,0.00590264,-0.00312337,39.0062,0.0188846,0.0195668,0.0530817
7.2,0.999753,-0.0191143,0.000832373,-0.011296,0.0175212,0.00166894,0.00218769,0.0280253,-0.0133964,0.0384298,-0.00235567,0.00565914,-0.000826327,35.8418,0.015596,0.000502435,0.0646924
7.22,0.999753,-0.0191339,0.000834419,-0.0113014,0.0122071,0.0061492,-0.00631351,0.0278947,-0.013414,0.0384447,-0.00259621,0.00545399,-0.000952952,36.9784,0.0160926,0.0199463,0.0537909
7.24,0.999753,-0.0191558,0.000835932,-0.0112785,0.000128222,0.00720045,0.00495044,0.0277742,-0.0134246,0.0384524,-0.00223143,0.0052013,-0.0014125,36.7313,0.011218,-0.00846431,0.208262
7.26,0.999754,-0.0190886,0.000827845,-0.0112956,0.0100723,0.00153737,-0.00604118,0.0276123,-0.0134209,0.0384474,-0.00212644,0.00556835,-0.00542367,38.7174,0.0136087,0.00309457,0.0482451
7.28,0.999754,-0.0190785,0.000835615,-0.0113185,0.0139288,-0.00256042,-0.00439797,0.0275185,-0.0134065,0.0384369,-0.00214198,0.00542943,-0.00518956,34.7946,-0.0185352,-0.0188495,-0.114505
7.3,0.999754,-0.0190746,0.000838131,-0.0113205,0.0124197,-0.00188615,-0.00246974,0.027433,-0.0134634,0.0384407,-0.00256311,0.00467207,-0.00228409,37.1007,0.00118483,0.00907375,0.216222
7.32,0.999754,-0.01907,0.000827827,-0.01133,0.0185876,-0.00043029,-0.00415681,0.0273516,-0.0135241,0.0384423,-0.00297487,0.00464245,-0.00180489,36.3456,0.0131497,0.00570889,0.0968495
7.34,0.999754,-0.0190653,0.000838693,-0.0113406,0.00622778,0.00444433,0.00484017,0.0272734,-0.01358,0.038445,-0.00302612,0.00466967,-0.00162583,37.3687,-0.0109738,-0.0139846,-0.0342868
7.36,0.999754,-0.0190318,0.00082788,-0.0113497,-0.00476404,-0.00894528,0.000930387,0.0271622,-0.0136316,0.0384301,-0.00274952,0.00612377,-0.00621147,36.848,-0.0201454,-0.00138246,0.186652
7.38,0.999755,-0.0189974,0.00083076,-0.0113565,0.00758009,-0.00637731,-0.00480022,0.0270975,-0.0136897,0.0384139,-0.00261662,0.00603352,-0.00618844,38.5062,-0.00126763,0.00465572,0.138355
7.4,0.999755,-0.0189807,0.000830524,-0.0113597,0.0214441,-0.00197109,-0.00436502,0.0270431,-0.0137746,0.038379,-0.00261313,0.00590379,-0.00613489,34.8654,0.0177847,-0.00919366,-0.0268128
7.42,0.999754,-0.019017,0.000821389,-0.0113491,0.0144869,-0.00285739,0.00357644,0.0269932,-0.0138341,0.0383389,-0.00306479,0.00608265,-0.00557836,37.8537,-0.00744506,0.00222329,-0.135352
7.44,0.999754,-0.0190427,0.000821649,-0.0113466,0.0115568,0.00339792,-0.00606626,0.0269482,-0.0138788,0.0382797,-0.00282003,0.00600403,-0.00575102,35.6586,-0.0154558,-0.0238946,0.00285325
7.46,0.999754,-0.0190579,0.000828029,-0.0113556,-0.00641026,-0.00297524,-0.000770499,0.0268936,-0.0139034,0.0381761,-0.00230863,0.00702235,-0.0078859,35.3675,0.012264,-0.00597125,0.134802
7.48,0.999753,-0.0190695,0.000831361,-0.0113747,-0.00608444,-0.00601573,-0.00711721,0.0268698,-0.0139038,0.0381051,-0.00200044,0.00731907,-0.00744456,35.6735,-0.026738,-0.00170709,0.065083
7.5,0.999753,-0.0190729,0.000847275,-0.0113642,-0.00299351,-0.00159694,-0.00462434,0.0268587,-0.0139445,0.0380314,-0.00189905,0.00719027,-0.00712548,38.1222,-0.00773346,0.000694485,0.0479313
7.52,0.999753,-0.0190646,0.00085588,-0.0113699,0.0094557,0.00568891,0.0052393,0.0268502,-0.0139773,0.0379574,-0.00232652,0.00670359,-0.00665822,36.0879,0.0103051,0.00613419,0.18527
7.54,0.999752,-0.0191192,0.000840935,-0.0113591,-0.0080231,-0.0023628,0.00235853,0.0268377,-0.0140325,0.0378282,-0.00224346,0.00633782,-0.0051479,38.7651,0.00536601,-0.00525868,0.0264279
7.56,0.999752,-0.0191272,0.000854437,-0.0113756,-0.0188609,-0.00348822,-0.00357601,0.0268207,-0.0140585,0.0377305,-0.0023615,0.00653693,-0.00830262,34.9553,0.0194038,0.00791225,0.142069
7.58,0.999752,-0.0191353,0.000847919,-0.0113686,-0.0113726,-0.00563038,-0.00163199,0.0268178,-0.0140754,0.0376432,-0.00214428,0.00627848,-0.00810518,34.0533,0.00248037,0.00381963,0.0792153
7.6,0.999752,-0.0191482,0.000870246,-0.0113732,-0.000269711,-0.00225272,0.00130684,0.0268145,-0.0141001,0.0375506,-0.0020528,0.00654832,-0.00794658,38.941,0.0152816,-0.00931859,0.140431
7.62,0.999751,-0.0191927,0.000863452,-0.0113853,-0.00441941,-0.000320855,-0.00386695,0.0268105,-0.0141449,0.0374042,-0.00255001,0.00559308,-0.00409241,36.6801,0.00602715,0.0070399,0.107872
7.64,0.99975,-0.0192108,0.000869487,-0.0113883,-0.0134314,0.000289479,-0.000585174,0.0268108,-0.0141674,0.0373082,-0.00208117,0.00556441,-0.00428407,35.7443,-0.0189463,-0.0383411,0.135649
7.66,0.99975,-0.0192097,0.000868645,-0.0113728,-0.0142525,0.00194082,0.00600133,0.0268176,-0.0141658,0.0371891,-0.00166168,0.00630028,-0.00787574,37.7997,0.0264563,-0.0231899,0.112892
7.68,0.99975,-0.019205,0.00085281,-0.0113749,-0.022693,-0.000923491,0.00451342,0.0268338,-0.0141612,0.0370832,-0.00141407,0.00618913,-0.00853219,32.8639,0.00102907,0.00238751,0.204185
7.7,0.999751,-0.0191682,0.000864427,-0.0113807,-0.00469216,-0.00244038,-0.00038283,0.0268346,-0.0141578,0.0370216,-0.00122781,0.00621984,-0.00817958,35.5678,-0.0022061,0.000937476,0.121576
7.72,0.999751,-0.0191779,0.000886592,-0.0113975,0.00964778,0.00671726,-0.00792473,0.0268364,-0.0141229,0.0369199,-0.0023441,0.0055794,-0.00422433,38.8767,0.0209509,-0.00149405,0.136409
7.74,0.99975,-0.0192097,0.00088788,-0.0113823,-0.0090136,0.00557705,0.000726475,0.0268339,-0.0141149,0.0368623,-0.00225865,0.0054328,-0.00418184,35.4206,8.37955e-05,0.00166909,0.0853606
7.76,0.99975,-0.0192347,0.000887824,-0.0113887,-0.0101435,0.00596268,-0.00421902,0.0268306,-0.0140912,0.036798,-0.00270594,0.00597778,-0.00454784,38.0621,0.00131959,0.0142826,0.0626327
7.78,0.99975,-0.0192426,0.000888188,-0.0113828,-0.0127497,0.000754112,-0.000963997,0.0268212,-0.014044,0.0367087,-0.00228557,0.00681757,-0.00783231,36.7879,0.00372799,0.00457645,0.173669
7.8,0.99975,-0.0192326,0.000905716,-0.0113699,0.0122513,0.00749457,0.00123278,0.0267806,-0.0139947,0.0366331,-0.00331528,0.00540285,-0.00459752,34.9294,-0.00290022,0.00240151,0.085752
7.82,0.99975,-0.0192519,0.000923804,-0.0113741,0.00762223,0.00418341,0.00687315,0.026751,-0.0139577,0.0365731,-0.00377601,0.00510029,-0.00402697,35.9446,-0.0176326,0.00345092,0.120038
7.84,0.999749,-0.0192565,0.000924369,-0.0113798,0.00369933,0.000785909,-0.00756794,0.0267172,-0.0139191,0.0365115,-0.00383748,0.00451939,-0.00418703,35.7564,0.00255199,0.0147927,0.0207371
7.86,0.999749,-0.0192937,0.000923275,-0.0113851,-0.0062144,0.00501526,-0.00497784,0.0266889,-0.013879,0.0364386,-0.00364889,0.00418299,-0.00414437,37.5316,-0.0073462,0.00601756,0.00584952
7.88,0.999749,-0.0192815,0.000930329,-0.0113796,-0.000812756,0.000355118,-0.00294322,0.0266627,-0.0138293,0.0363736,-0.00362251,0.00476874,-0.00370094,39.1472,-8.92382e-05,0.0067274,-0.0546008
7.9,0.99975,-0.0192199,0.000940203,-0.0113894,0.0187513,0.00187397,-0.00330662,0.0265965,-0.013768,0.0363145,-0.00336478,0.0052049,-0.00386983,37.3798,0.00402884,0.00741499,0.0724379
7.92,0.99975,-0.0192145,0.000941637,-0.011379,0.0115046,0.00207184,0.00132806,0.0265517,-0.0137275,0.0362952,-0.00388515,0.00496381,-0.00445436,35.6677,-0.00372536,0.00616224,0.121307
7.94,0.99975,-0.0192202,0.000920847,-0.0113843,0.00988995,0.00299413,-0.00420611,0.0265041,-0.0136969,0.0362731,-0.00372219,0.00440329,-0.00319482,34.4832,-0.0141847,-0.0101476,0.17926
7.96,0.99975,-0.0192315,0.00093659,-0.0113857,0.00808621,0.0070967,-8.86987e-05,0.0264676,-0.01367,0.0362551,-0.00338365,0.0047475,-0.0037656,38.3595,0.0246613,-0.00528865,0.0256993
7.98,0.999751,-0.0191841,0.000935224,-0.0113901,0.00234996,-0.00311831,-0.00548882,0.0264057,-0.0136162,0.0362466,-0.00289961,0.00555717,-0.00779285,35.5722,-0.00703299,0.00392942,0.0877459
8,0.99975,-0.0191978,0.000933222,-0.0113898,0.00777042,0.00221821,0.00299063,0.0263533,-0.0135555,0.0362619,-0.00326109,0.00522757,-0.0047031,38.9401,0.0153385,0.0116601,0.067178
8.02,0.99975,-0.0191864,0.000952887,-0.0114091,0.0127898,-0.0014661,-0.00736441,0.0263078,-0.0134967,0.036284,-0.00375374,0.00490203,-0.00447216,37.3859,-0.00999074,-0.0145508,0.311455
8.04,0.99975,-0.0191937,0.00094794,-0.0114066,0.0163539,0.00208881,-0.00384657,0.0262601,-0.0134294,0.0362971,-0.00369558,0.00495146,-0.00380948,35.352,0.000852416,-0.00434273,0.194376
8.06,0.999751,-0.0191845,0.000944936,-0.011388,-0.00729611,-0.00290188,0.00489761,0.0261894,-0.0133071,0.0362953,-0.00322659,0.00667579,-0.00725929,35.9765,-0.010457,-0.0221289,0.0136591
8.08,0.999751,-0.0191689,0.000949557,-0.0114058,0.000225887,-0.00493325,-0.00301922,0.0261249,-0.0132184,0.0363218,-0.00372825,0.00678141,-0.00806419,37.7003,-0.00391142,0.00311755,-0.0745145
8.1,0.999751,-0.0191812,0.000958914,-0.0114,0.00624531,-0.00393644,-0.000818192,0.0260413,-0.0131164,0.0363722,-0.00413362,0.00634418,-0.00585059,36.4896,0.00630025,0.0171331,0.154533
8.12,0.999751,-0.0191718,0.000961741,-0.0113885,0.0105839,8.46868e-05,0.00230053,0.0259669,-0.0130122,0.0364244,-0.00443886,0.00625629,-0.00581689,34.3162,-0.00882996,0.00508797,0.0188838
8.14,0.999751,-0.0191765,0.000967158,-0.0113987,0.0112303,0.00873868,0.00341855,0.0258944,-0.0128979,0.0364614,-0.00444901,0.00619535,-0.00518906,37.1565,0.025494,-0.00308599,0.0444929
8.16,0.99975,-0.0192369,0.00094818,-0.0113884,-0.0186137,-0.000924669,-0.000107259,0.0257987,-0.0127432,0.0364979,-0.00397575,0.00754809,-0.00675534,35.1869,-0.0033579,0.0116832,0.252514
8.18,0.99975,-0.0192272,0.000947382,-0.0113928,-0.0113925,-0.0035422,-0.00274023,0.0257238,-0.0126354,0.0365431,-0.00461023,0.00790675,-0.00711794,36.2335,0.00598786,0.000418727,0.101857
8.2,0.99975,-0.0192297,0.000944395,-0.011396,-0.00203226,-0.00901255,-0.00602354,0.025639,-0.0125237,0.0365981,-0.00474283,0.00840683,-0.00809309,39.8587,-0.0261523,-0.00957735,-0.0785818
8.22,0.999749,-0.0192448,0.000953217,-0.0114045,0.00135928,-0.00553497,0.00302689,0.0255484,-0.0123837,0.0366371,-0.00553349,0.00771868,-0.00715143,37.2304,-0.0039549,-0.0110439,0.0258085
8.24,0.999749,-0.0192853,0.000945995,-0.0114126,-0.0143595,0.00131017,-0.00212613,0.0254123,-0.0121845,0.0366728,-0.00571478,0.00796249,-0.00591646,36.6126,0.00529646,0.00989697,0.154412
8.26,0.999748,-0.0192771,0.000957496,-0.011423,0.0204618,0.00116791,-0.0066398,0.0252693,-0.0119784,0.0367122,-0.00657762,0.00711189,-0.00576474,38.0799,-0.0202306,0.0155148,-0.118754
8.28,0.999748,-0.0193143,0.000930823,-0.0114178,-0.0155072,-0.00716169,-0.00735307,0.0252238,-0.0119052,0.0367117,-0.00587762,0.00817013,-0.00624672,34.928,0.0147382,-0.00134985,0.0110074
8.3,0.999748,-0.0193195,0.000938148,-0.0114231,-0.0216609,-0.00462977,-0.00196896,0.0251351,-0.0117806,0.0367534,-0.0057038,0.0081243,-0.00668738,35.2608,0.0162742,0.00563478,-0.0317
8.32,0.999748,-0.0192922,0.000934912,-0.0114268,0.00129234,-0.00253716,-0.00548249,0.0250403,-0.0116358,0.0367783,-0.00627182,0.00785845,-0.00691679,35.7731,-0.01323,-0.00506086,-0.0147802
8.34,0.999747,-0.0193317,0.00095677,-0.011427,-0.00368254,0.00777096,-0.000178175,0.0249111,-0.0114151,0.0368104,-0.00626723,0.00809247,-0.00492219,39.4255,-0.00525477,0.00223607,0.108189
8.36,0.999748,-0.0193276,0.000943221,-0.0114266,-0.0114718,0.00382369,0.00713656,0.0248343,-0.0112905,0.0368331,-0.00610367,0.00844232,-0.00520963,35.2943,0.00262945,-0.00695088,-0.0247559
8.38,0.999747,-0.0193214,0.000950931,-0.0114457,-0.0175209,0.00066562,0.00135394,0.0247573,-0.0111547,0.0368454,-0.0061486,0.00896626,-0.00575365,36.9307,0.00973726,0.000105545,-0.221808
8.4,0.999747,-0.0193269,0.000963417,-0.0114445,-0.0260279,0.000707739,0.000548984,0.0246956,-0.0110616,0.0368595,-0.00583394,0.00875553,-0.00561213,37.1516,-0.00408415,-0.0206808,-0.0907253
8.42,0.999747,-0.0193515,0.00099882,-0.0114476,0.00996418,0.00660863,-0.00816307,0.0246013,-0.0109014,0.0368922,-0.00650153,0.00782138,-0.00317661,35.9554,-0.00211249,-0.014024,0.160269
8.44,0.999746,-0.0193964,0.000990491,-0.0114396,0.000168404,-0.000439312,0.00621484,0.0245393,-0.0107968,0.0369009,-0.00668367,0.00772781,-0.00367138,36.0225,-0.00836397,0.00461656,-0.000152625
8.46,0.999746,-0.0194116,0.00100751,-0.0114453,-0.0128611,0.00536669,0.00574108,0.0244776,-0.0106887,0.0369008,-0.00641021,0.00773059,-0.00408858,36.6383,0.00423489,0.00642599,-0.097372
8.48,0.999746,-0.0194088,0.00100923,-0.0114438,-0.0109415,0.000389303,0.00553954,0.0244173,-0.0105731,0.0368892,-0.00659473,0.00811579,-0.00442219,37.7074,-0.0094167,0.00118039,0.141436
8.5,0.999746,-0.0194167,0.00100615,-0.011441,-0.017743,0.000286229,-6.5826e-05,0.0244119,-0.0104582,0.0368447,-0.00652888,0.0085032,-0.00467336,36.6663,0.0134562,-0.00939113,0.243985
8.52,0.999746,-0.0193961,0.00101386,-0.0114601,0.00168461,-0.00692866,-0.00203683,0.0243946,-0.0102684,0.0367837,-0.00728546,0.00785603,-0.0055578,37.4352,-0.0326706,0.0179522,0.152027
8.54,0.999746,-0.0194064,0.0010284,-0.0114484,0.00925274,0.00279944,-0.00351156,0.0243734,-0.0101166,0.0367047,-0.00741466,0.00785531,-0.00320471,37.7007,0.0158578,0.00955021,-0.0260257
8.56,0.999745,-0.0194157,0.00103025,-0.0114667,-8.97962e-05,0.00505122,-0.00595309,0.0243624,-0.00999496,0.0366571,-0.00700929,0.0077039,-0.00342133,37.5765,-0.00546835,0.0162051,0.20444
8.58,0.999745,-0.0194394,0.00100724,-0.011477,-0.00295011,0.00507811,-0.000286628,0.0243554,-0.0098829,0.036624,-0.0061761,0.00800026,-0.00260201,36.1705,0.00300149,-0.00442968,0.0563026
8.6,0.999745,-0.0193884,0.00102919,-0.0114941,0.00983897,0.00421122,-0.00149267,0.0244091,-0.00971729,0.0365975,-0.00648258,0.00771195,-0.00367333,35.8864,0.00423026,-0.0122457,0.0966935
8.62,0.999745,-0.0193942,0.00104141,-0.0114892,0.0161573,0.000336225,0.00495179,0.0244633,-0.00960035,0.0365715,-0.00623156,0.00791074,-0.00351529,36.601,0.00545502,-0.00669586,0.135091
8.64,0.999745,-0.0194232,0.00103531,-0.0115073,0.00349739,0.00535427,-0.000821779,0.0245119,-0.00947233,0.0365414,-0.00634485,0.00786331,-0.00284753,34.5379,-0.00946923,-0.0145143,-0.000953514
8.66,0.999744,-0.0194369,0.00102769,-0.0115097,0.00696174,0.00258874,-0.00330883,0.0245572,-0.0093406,0.0365103,-0.00631304,0.00770179,-0.0025646,38.7172,0.0126297,-0.0150379,0.111365
8.68,0.999745,-0.019412,0.00102089,-0.011526,-0.000743646,-0.00918355,-0.00335846,0.0246097,-0.00912396,0.0364415,-0.00645018,0.0081101,-0.00517567,35.7329,-0.0163305,0.000535134,0.215866
8.7,0.999745,-0.0194089,0.00103034,-0.0115333,0.00268078,-0.0034475,-0.00213505,0.024705,-0.00901019,0.036401,-0.00621445,0.00813346,-0.00502879,36.4467,0.00626539,-0.00439481,0.237687
8.72,0.999744,-0.0194057,0.00104785,-0.0115466,0.0120528,0.00188925,-0.0038247,0.0248004,-0.00888881,0.0363523,-0.00574744,0.00811495,-0.0048589,38.2688,-0.00597077,-0.00160351,0.0301287
8.74,0.999744,-0.0194091,0.00104777,-0.0115578,0.0102501,0.00464604,0.00158824,0.024891,-0.00876578,0.0362997,-0.00619168,0.00763047,-0.00461882,35.759,0.00891716,0.0188429,0.183405
8.76,0.999744,-0.0194356,0.00105348,-0.011562,0.00958639,0.00235603,-0.00486646,0.0249759,-0.00863854,0.0362459,-0.00610064,0.00732705,-0.00408857,34.5499,-0.00654796,0.008974,0.178755
8.78,0.999744,-0.0194112,0.00101099,-0.011586,-0.00972142,-0.00800723,-0.00265005,0.0250968,-0.00847349,0.0361431,-0.00556687,0.00790566,-0.00633523,38.6237,0.00325357,-0.0130718,0.0674903
8.8,0.999744,-0.0194,0.0010247,-0.0115901,0.00357126,-0.00476012,0.00122621,0.0252166,-0.00841364,0.0361439,-0.00508679,0.00794081,-0.00639441,37.6602,0.0186088,0.0109338,0.0922966
8.82,0.999744,-0.0193985,0.00103855,-0.0115932,0.00312638,0.00246768,-0.00352109,0.0253377,-0.00834265,0.0361379,-0.00498592,0.00781661,-0.00556232,37.2117,-0.00239686,-0.00842741,0.0859725
8.84,0.999744,-0.0194068,0.00104825,-0.0115914,0.00714167,-0.000203844,0.00754676,0.0254522,-0.0082632,0.0361292,-0.00528075,0.00782233,-0.00554913,34.2968,-0.00893593,0.00891353,0.1594
8.86,0.999743,-0.0194556,0.00103663,-0.0116068,-0.0107403,0.00241267,-0.000608774,0.0256045,-0.00813159,0.0360976,-0.00530259,0.00803342,-0.0040709,35.4672,0.00366267,0.010725,0.000654006
8.88,0.999743,-0.0194447,0.00103607,-0.0116127,-0.00667861,-0.00597431,-0.00518614,0.0257006,-0.00808203,0.0360985,-0.00560988,0.00877724,-0.00454852,37.5318,-0.0111786,0.00573927,-0.0591098
8.9,0.999743,-0.0194424,0.00103836,-0.011626,-0.0133482,-0.00172319,-0.00093627,0.0257841,-0.00805984,0.0361159,-0.00579046,0.00835682,-0.00704665,36.8503,-0.0129183,0.00738005,0.21859
8.92,0.999743,-0.019446,0.00103734,-0.0116192,-0.0027492,-0.00349782,-0.000503268,0.0258761,-0.0080364,0.0361284,-0.00594171,0.0081729,-0.00624078,36.4488,-0.0039772,0.00986753,0.235185
8.94,0.999743,-0.0194395,0.00104168,-0.0116288,0.00299787,-0.00210012,-0.00202739,0.025959,-0.00800583,0.0361401,-0.00627997,0.00770636,-0.00580623,37.3654,-0.0132499,-0.00427628,0.100498
8.96,0.999742,-0.0194836,0.00102671,-0.0116423,-0.0127037,0.00186891,-0.0131693,0.0260665,-0.00795615,0.0361459,-0.00633112,0.00708283,-0.00337769,37.3827,0.00562072,0.00294074,0.212116
8.98,0.999742,-0.0194731,0.00102781,-0.0116365,-0.0177333,-0.000145388,-0.00654786,0.0261417,-0.00796301,0.0361745,-0.00616374,0.00714417,-0.00357792,37.4888,0.0143599,0.00965515,0.459203
9,0.999741,-0.0195107,0.00101865,-0.0116356,-0.0251172,-0.00804948,0.00304813,0.0262161,-0.00798286,0.0362185,-0.00607323,0.00675575,-0.00392099,36.9029,0.000953268,-0.0104089,0.274299
9.02,0.999742,-0.0194954,0.00103398,-0.0116396,-0.00988677,-0.00352146,0.000219351,0.0262797,-0.00798566,0.0362562,-0.0057875,0.0068711,-0.00644722,37.7104,0.0259441,0.00926468,0.165032
9.04,0.999742,-0.0195105,0.00102649,-0.0116217,-0.000681791,0.0040198,0.000752215,0.0263853,-0.00797826,0.036295,-0.00631652,0.00626375,-0.0024542,36.6192,-0.000864837,-0.0236377,0.182341
9.06,0.999741,-0.019529,0.00102947,-0.0116187,-0.0064466,0.00462288,-0.00165119,0.0264427,-0.00796943,0.0363209,-0.00633608,0.00605739,-0.00256529,36.5094,0.0132233,0.0152517,0.102052
9.08,0.999742,-0.0195054,0.00102845,-0.0116156,-0.00809484,0.0015105,-0.0031276,0.0264956,-0.0079549,0.0363412,-0.00637915,0.00600538,-0.00243223,34.3747,-0.00348239,-0.00382156,0.159683
9.1,0.999742,-0.0195309,0.00102704,-0.011583,-0.0146649,0.000234495,0.00312926,0.0265523,-0.00794529,0.0363827,-0.00633886,0.0063492,-0.0029091,35.9493,-0.0148639,-0.0164166,0.250818
9.12,0.999742,-0.01951,0.00104111,-0.0116089,0.0133143,0.00300138,-0.00505477,0.026641,-0.00792138,0.0364656,-0.00666527,0.00579248,-0.00173853,37.3503,0.0139814,-0.00611354,0.276651
9.14,0.999742,-0.0194892,0.00103382,-0.0116091,0.0141317,0.00566792,-0.00220378,0.0267007,-0.00789916,0.0365173,-0.00649756,0.00568696,-0.00158883,36.9268,-0.00365223,0.00641389,0.101478
9.16,0.999741,-0.0195494,0.00104666,-0.0115962,-0.00169559,0.00489888,0.00142901,0.0267537,-0.00786772,0.0365565,-0.00679122,0.00588019,-0.00196233,35.41,0.00968772,0.0302074,0.185577
9.18,0.999741,-0.0195561,0.00104706,-0.0116249,-0.00450671,0.00433604,-0.00527238,0.0267995,-0.00784199,0.0365979,-0.00683024,0.00577214,-0.00159027,37.2359,0.0217334,0.00311285,0.122654
9.2,0.99974,-0.0195822,0.00104418,-0.0116062,-0.0150382,0.00334424,0.00236,0.0268515,-0.00779796,0.0366411,-0.0070891,0.00619317,-0.00211043,34.1084,-0.00881239,-0.00408929,0.255468
9.22,0.999741,-0.0195343,0.00106608,-0.0116287,0.0178987,0.00597404,-0.00513204,0.0269018,-0.00771389,0.036697,-0.0075335,0.00562364,-0.00203479,38.2456,-0.0194769,-0.0342693,0.233165
9.24,0.999741,-0.019553,0.00106497,-0.0116382,0.00766448,0.00440437,0.000489925,0.0269324,-0.00765446,0.0367273,-0.00793581,0.00559367,-0.00197318,36.7573,0.0149354,-0.0053892,0.399301
9.26,0.99974,-0.0195752,0.00107288,-0.0116498,0.00591312,0.00250072,-0.00641614,0.0269502,-0.00758897,0.0367498,-0.00825913,0.00551957,-0.00124624,39.2056,-0.0145208,-0.0231685,0.173224
9.28,0.99974,-0.0195759,0.00108001,-0.0116633,0.00594955,0.00363519,-0.00438423,0.0269601,-0.00751819,0.0367727,-0.00820946,0.00585384,-0.00115987,37.6639,-0.0275733,0.0292382,0.193944
9.3,0.999741,-0.0195445,0.00108629,-0.0116494,0.00846553,-0.00417522,-0.00263517,0.0270124,-0.00733952,0.0368371,-0.00757181,0.00684123,-0.00523748,35.0166,-0.00269903,0.0189501,0.130039
9.32,0.99974,-0.0195631,0.00108276,-0.0116469,0.00703175,0.000990133,-0.00776865,0.0270479,-0.0072073,0.0368773,-0.00754266,0.00694868,-0.00465378,33.927,-0.00839733,-0.0183187,0.253447
9.34,0.99974,-0.0195917,0.00109145,-0.011637,0.00754091,-0.00339909,-0.00502753,0.0270678,-0.00705376,0.0369043,-0.00803541,0.00624221,-0.0016985,38.8293,-1.60324e-05,-0.0131465,0.309178
9.36,0.99974,-0.019604,0.00109233,-0.0116163,0.00877819,0.00322275,0.0032463,0.0270847,-0.00691415,0.0369352,-0.00838131,0.0060637,-0.00109597,36.8229,-0.00515384,0.0136345,0.314036
9.38,0.99974,-0.0195878,0.00109458,-0.0116156,0.01485,0.00298953,-0.00150172,0.0270913,-0.00677576,0.0369639,-0.00868363,0.00582758,-0.00094504,37.0994,-0.0167772,-0.0245442,0.27767
9.4,0.99974,-0.0196037,0.00106408,-0.0116104,-0.00887552,-0.006619,0.00107536,0.0270882,-0.00660894,0.0370917,-0.00848867,0.00695219,-0.00505421,37.4241,-0.005685,-0.0117185,0.318572
9.42,0.999739,-0.0196085,0.00105831,-0.0116437,1.7847e-05,-0.000922144,-0.00596722,0.0270819,-0.00648726,0.037172,-0.00830113,0.006725,-0.00469259,38.7104,0.00668953,-0.00447983,0.305057
9.44,0.999739,-0.0195993,0.00106938,-0.0116534,0.0106942,-0.00122491,-0.00451791,0.0270636,-0.0063553,0.0372564,-0.00838918,0.00589782,-0.00220197,34.0509,0.00047943,0.00382619,0.4598
9.46,0.999739,-0.0196181,0.00106997,-0.011644,0.0112372,-0.000195015,-0.00603998,0.0270527,-0.00622777,0.0373224,-0.00881157,0.00580817,-0.00177919,33.9039,-0.00839523,-0.00516613,0.0879642
9.48,0.999739,-0.0196385,0.00106053,-0.0116321,-0.00944062,-0.00182009,5.83975e-05,0.0270227,-0.00603014,0.0373939,-0.00823325,0.0070054,-0.00394848,36.1566,0.00082978,-0.00610891,0.250039
9.5,0.999739,-0.0196303,0.00106134,-0.0116213,-0.00506186,-0.00997762,0.0052562,0.0269773,-0.00591328,0.0375194,-0.00857147,0.00739559,-0.0046638,38.1558,-0.00444171,0.00367529,0.350656
9.52,0.999739,-0.0196129,0.00108488,-0.0116399,-0.0066722,-0.00165211,-0.00180845,0.0269243,-0.00578972,0.0376359,-0.00875379,0.00725485,-0.0045846,36.1162,-0.00516696,0.00125401,0.273271
9.54,0.99974,-0.0195874,0.00109579,-0.0116417,0.00745402,-0.00158518,-0.00468765,0.0268671,-0.00566411,0.0377468,-0.00894442,0.0070598,-0.00464735,36.8361,0.0114361,0.00504576,0.251214
9.56,0.999739,-0.0196167,0.00107803,-0.0116368,-0.01354,0.00271133,0.00231572,0.0267507,-0.00545674,0.0378857,-0.00958563,0.00688026,-0.00285111,39.0292,-0.000346448,0.0123067,0.240436
9.58,0.999739,-0.0196132,0.00107817,-0.0116519,-0.0123668,0.00165821,-0.00257229,0.0266742,-0.00532941,0.0379695,-0.00936206,0.00662927,-0.00321297,35.1778,-0.00192128,0.00715405,0.443896
9.6,0.99974,-0.0195977,0.00107009,-0.0116502,-0.0189644,-0.0034452,-0.00129236,0.026639,-0.00528573,0.0380942,-0.00958766,0.00682761,-0.00366908,33.996,-0.0130902,0.0124343,0.342455
9.62,0.99974,-0.0195906,0.00107329,-0.0116416,-0.0174919,-0.0105283,0.00502071,0.0265996,-0.00523284,0.0382116,-0.00941237,0.00701381,-0.00419514,38.6891,-0.000148219,-0.0205532,0.288263
9.64,0.99974,-0.0195906,0.00108364,-0.0116377,0.00547668,0.000930236,0.00405401,0.0265797,-0.00520306,0.0382709,-0.00991833,0.0057516,-0.000841768,36.7617,0.00267705,0.0187582,0.240364
9.66,0.999739,-0.0196568,0.00109727,-0.0116356,0.00217455,0.00476628,-0.000718725,0.0264696,-0.00506743,0.0384382,-0.0096476,0.00634897,-0.00239927,37.9074,0.022803,0.00794433,0.21626
9.68,0.999739,-0.0196454,0.00108014,-0.0116447,-0.00877331,0.00539539,-0.00724311,0.026413,-0.00500637,0.0385212,-0.00962763,0.00573405,-0.00238061,35.7015,-0.00780257,0.0266395,0.0668047
9.7,0.999739,-0.0196131,0.00108986,-0.0116451,-0.00584029,0.00907097,-0.00498794,0.0263653,-0.00501082,0.0386421,-0.00946651,0.0054181,-0.00265148,35.8189,-0.00371604,-0.0132049,0.247771
9.72,0.99974,-0.019605,0.00106712,-0.0116327,-0.0149746,-0.00888895,0.00315321,0.0263146,-0.00501006,0.0387549,-0.00940835,0.00555368,-0.0031848,36.8115,0.0111287,-0.0132625,0.203283
9.74,0.99974,-0.0195988,0.00109458,-0.011618,0.0016934,0.00847453,0.00250922,0.0262458,-0.00499683,0.0389407,-0.00887258,0.00430736,0.000945705,38.2509,-0.00800337,0.00315995,0.30506
9.76,0.99974,-0.0196085,0.00108787,-0.0116194,-0.00113731,0.00194891,-0.00267137,0.0261972,-0.00498617,0.0390608,-0.00977251,0.00375043,0.0014017,36.8785,0.000746004,0.0187157,0.376076
9.78,0.99974,-0.0195849,0.00107828,-0.0116176,0.00146312,-0.00174741,0.000387349,0.0261651,-0.00498338,0.0391183,-0.0096292,0.00443952,-0.00278414,39.1643,0.00355898,0.00466974,0.303496
9.8,0.999739,-0.0196302,0.00107017,-0.0116174,-0.00918841,0.000646771,0.00845874,0.0261165,-0.00506546,0.0393155,-0.010047,0.00346645,0.00125156,32.8251,0.00203293,0.00676247,0.28589
9.82,0.999739,-0.0196382,0.00106393,-0.011634,-0.012301,0.000667468,-0.00485859,0.0260672,-0.00512005,0.0394442,-0.00978762,0.00426211,-0.00155487,36.4431,0.0166808,-0.0122785,0.236904
9.84,0.99974,-0.0196037,0.00107026,-0.011626,0.0155234,0.000117948,-0.00234294,0.0260044,-0.00519038,0.0396247,-0.0105852,0.00312468,0.000837327,35.2899,-0.00113173,0.0163241,0.255276
9.86,0.999739,-0.0196169,0.00107578,-0.0116255,0.0163688,0.00306638,-0.00305591,0.0259531,-0.00523136,0.0397343,-0.0109511,0.00303997,0.00161924,37.7077,-0.0131026,-0.000584353,0.344638
9.88,0.999738,-0.019679,0.00107843,-0.0116224,-0.00130079,0.00293739,-0.00457193,0.0259115,-0.0053121,0.0398508,-0.0105402,0.00297429,0.00167202,37.8369,0.00779414,0.000546247,0.352552
9.9,0.999738,-0.0197048,0.00109116,-0.0116174,-0.00293134,0.0082224,0.00121722,0.0258812,-0.00543376,0.0399755,-0.0107654,0.00269029,0.00187416,36.512,-0.0192756,0.0026313,0.250183
9.92,0.999738,-0.0196886,0.00109265,-0.0116106,0.00148463,0.00101599,0.00118878,0.0258018,-0.00559274,0.0401448,-0.0108422,0.00293245,-7.4371e-05,36.5067,0.015319,0.00201768,0.256309
9.94,0.999738,-0.0197068,0.00109526,-0.0116156,0.0146756,-0.00635716,0.000597637,0.025757,-0.00568636,0.0402442,-0.0106001,0.00290907,0.000438964,36.3698,0.00732355,0.00360358,0.21174
9.96,0.999737,-0.0197397,0.0011044,-0.0116264,0.0090896,0.00770463,-0.00622423,0.0257032,-0.00577072,0.0403395,-0.0113093,0.00267954,0.000525209,38.2003,0.00157963,-0.0141775,0.36162
9.98,0.999736,-0.0197743,0.00110959,-0.0116207,0.010752,0.0116633,-0.00814675,0.025634,-0.00584962,0.0404231,-0.0116506,0.00244564,0.00114441,35.3076,-0.0053386,-0.00328676,0.46645
10,0.999737,-0.0197751,0.00109205,-0.0115982,-0.00373026,-0.00586778,-0.00092746,0.0255504,-0.00605082,0.0405148,-0.0113662,0.00319886,-0.00238255,35.0479,0.010742,0.0226995,0.140056
10.02,0.999737,-0.0197746,0.00108925,-0.0116006,0.00754728,-0.00719366,-0.00606998,0.0254786,-0.00617915,0.0405991,-0.0120381,0.00224431,-0.000569874,36.8157,0.015964,-0.0131265,0.303639
10.04,0.999736,-0.0197829,0.00108785,-0.0116099,0.0122682,-0.00337947,-0.00296855,0.0254218,-0.00630005,0.0406589,-0.011852,0.00182157,-4.10962e-05,39.1693,-0.00325846,0.0129368,0.357528
10.06,0.999736,-0.0197759,0.00108786,-0.0116094,0.0138806,-0.00191335,0.00383322,0.0253612,-0.00641757,0.0407152,-0.0118743,0.00120532,0.000167624,37.0675,0.00377767,0.00118357,0.197774
10.08,0.999736,-0.0198018,0.00109237,-0.0116397,0.0118697,0.00557394,-0.00770171,0.0252904,-0.0065318,0.0407672,-0.0121684,0.000892302,0.000746543,33.2355,-0.00915076,-0.0121588,0.201344
10.1,0.999735,-0.0198235,0.00106403,-0.0116284,-0.00986664,-0.00315774,-0.000506771,0.0252094,-0.00675021,0.0407972,-0.0115913,0.00123775,-0.00129112,37.3361,0.0055007,-0.00447382,0.448628
10.12,0.999735,-0.0198168,0.00106181,-0.0116394,-0.0107415,-0.00219922,0.000311593,0.0251258,-0.00689191,0.0408192,-0.0124603,0.000231246,-0.000945573,38.118,0.00989727,-0.00184162,0.210974
10.14,0.999735,-0.0198182,0.00105879,-0.0116514,0.0019476,-0.00333319,-0.00320169,0.0250528,-0.00702954,0.0408424,-0.0124168,-0.000399428,-0.000342307,39.9099,0.0198141,-0.0108267,0.240955
10.16,0.999735,-0.0198095,0.00106376,-0.0116361,0.0110544,-0.001554,0.0074047,0.0249738,-0.00716112,0.0408627,-0.0129252,-0.000499855,-0.000189606,36.9173,0.00772077,0.0134073,0.383349
10.18,0.999735,-0.0198147,0.00105291,-0.0116448,-0.0188111,-0.00602816,0.00351341,0.0248317,-0.00734719,0.0408827,-0.0125123,2.9542e-05,0.000143465,33.6766,0.000918808,0.00506179,0.32591
10.2,0.999736,-0.0198098,0.00106094,-0.0116342,-0.0199539,-0.0047257,0.00555282,0.0247413,-0.00745354,0.04088,-0.0127166,0.00026844,6.71535e-05,38.579,0.00741484,-0.0152165,0.258233
10.22,0.999736,-0.0197677,0.00105321,-0.0116466,-0.0093396,-0.00509744,-0.000379652,0.0246655,-0.00755818,0.0408774,-0.0126291,8.90786e-05,-0.00100117,33.8853,-0.0213706,0.00806884,0.24997
10.24,0.999736,-0.0197516,0.00105584,-0.0116738,-0.00204969,-0.00644294,-0.00402963,0.0245684,-0.00766305,0.0408809,-0.012856,-0.000310204,-0.001509,36.3293,0.0282909,0.0148112,0.32877
10.26,0.999737,-0.0197321,0.0010684,-0.0116553,0.00531953,-0.00118508,0.00545388,0.0244862,-0.00775083,0.0408656,-0.0130053,-0.000455366,-0.00153633,37.3055,-0.00639721,0.00629916,0.207135
10.28,0.999735,-0.0197999,0.00105706,-0.0116846,-0.0172926,-0.00175641,-0.00325566,0.0243499,-0.0078571,0.0408316,-0.0130592,-0.000556728,0.000152163,37.0219,-0.028108,-0.00676062,0.226422
10.3,0.999735,-0.0197991,0.00105599,-0.0116718,-0.0170315,-0.00237157,0.000445139,0.0242534,-0.00790709,0.0408169,-0.0130045,-0.000470396,0.000110056,37.5314,-0.00300004,9.54983e-05,0.392191
10.32,0.999735,-0.0198065,0.0010702,-0.0116731,-0.017994,-0.00518376,0.00425884,0.0241532,-0.007949,0.0407966,-0.012893,5.2063e-06,-0.000835376,34.9755,0.00472924,-0.0165455,0.269976
10.34,0.999735,-0.0198057,0.00106621,-0.0116904,-0.0103463,-0.00609192,-0.00279382,0.0240517,-0.00798155,0.0407751,-0.0126033,0.0001834,-0.00117299,35.0625,-0.0129978,-0.00300246,0.146243
10.36,0.999734,-0.0198099,0.00106581,-0.0117249,-0.000901819,0.00204832,-0.00226999,0.0238755,-0.00801341,0.0407397,-0.0129859,-0.000310882,0.000944902,36.2318,0.0111897,-0.00167254,0.368415
10.38,0.999735,-0.0198006,0.00105905,-0.0117191,-0.00634893,0.00540672,-0.00423669,0.0237684,-0.00801505,0.0407342,-0.0134586,-0.000284529,0.000420915,38.7029,0.00522024,0.00639521,0.182853
10.4,0.999735,-0.0197968,0.00105488,-0.0117232,-0.0104055,0.000400102,-0.00224783,0.023671,-0.00799932,0.0407492,-0.0132056,-0.000338478,0.000444625,34.8256,-0.00215872,0.00850619,0.0567282
10.42,0.999735,-0.0197761,0.00104813,-0.0117161,-0.0159755,-0.00343579,0.000191484,0.0235795,-0.00798082,0.0407625,-0.0132445,0.000247093,0.000297859,39.7336,-0.00928655,-0.00128697,0.0898139
10.44,0.999736,-0.0197173,0.00104705,-0.0117506,0.0182873,-0.00208035,-0.00486897,0.0234343,-0.00794553,0.0407964,-0.0131054,-0.000289301,0.00124774,35.9859,0.0147236,-0.00763979,0.275064
10.46,0.999736,-0.0197452,0.00105729,-0.0117307,0.00355294,0.00472077,0.00105262,0.0233535,-0.00791563,0.0408008,-0.012848,-0.000255654,0.00123346,36.8043,0.00211103,-0.00726903,0.244113
10.48,0.999736,-0.0197455,0.00105517,-0.0117428,0.00347828,0.0014987,-0.00388259,0.023289,-0.00788137,0.0408233,-0.0129338,-0.000258695,0.00126497,34.6104,0.0159634,-0.000807343,0.00628461
10.5,0.999735,-0.0197513,0.00105487,-0.0117438,-0.000965405,0.00495401,0.00425149,0.0232421,-0.0078458,0.0408701,-0.0128484,-0.00020607,0.00121497,38.3835,0.0211316,0.00480247,0.102452
10.52,0.999735,-0.0197618,0.00105799,-0.0117479,-0.00226334,0.00270662,0.00597305,0.0231853,-0.00780906,0.0409121,-0.0131018,-0.000430066,0.00122637,36.4956,-0.00363838,-0.00204708,0.115368
10.54,0.999736,-0.0197318,0.0010785,-0.01176,0.0162513,0.00148547,-0.00433144,0.023081,-0.00775545,0.0409757,-0.013486,-0.000768769,-0.00143785,35.084,0.0217622,-0.00201498,0.358745
10.56,0.999735,-0.0197411,0.00109637,-0.0117796,0.0191673,0.00374647,-0.00555135,0.0229858,-0.00771614,0.0410032,-0.0135384,-0.00096461,0.00140268,38.3428,0.00806245,0.00295723,-0.206243
10.58,0.999735,-0.0197417,0.00108551,-0.0117964,0.0108354,0.00170882,-0.00736419,0.0228962,-0.00767683,0.0410279,-0.0140851,-0.00103157,0.00139359,39.2472,0.0138654,0.0114804,0.261889
10.6,0.999734,-0.0197819,0.00108577,-0.01177,-0.00089673,0.00509625,0.00558457,0.022838,-0.00765363,0.0411165,-0.0135788,-0.000957547,0.00127063,34.9105,-0.00240993,0.00463137,0.0545656
10.62,0.999735,-0.0197715,0.0010943,-0.0117788,-0.00276376,-0.000788969,3.35744e-05,0.0227488,-0.00761129,0.0412373,-0.0140058,-0.000145079,-0.00246665,34.0066,0.0151565,0.00455633,0.308892
10.64,0.999735,-0.019758,0.00109765,-0.0117831,0.0138429,-0.00262055,-0.00487291,0.0226915,-0.00758531,0.0413169,-0.0139109,-0.000387221,-0.00197386,38.4303,0.00340553,-0.0215525,0.0913191
10.66,0.999735,-0.0197547,0.00109441,-0.0117897,0.024566,0.00597048,-0.00783554,0.0226338,-0.00755587,0.0413869,-0.0135612,-0.000515116,-0.00175013,37.9297,0.0096186,0.00404123,0.351442
10.68,0.999735,-0.0197615,0.00109183,-0.0117815,0.00996762,0.0067657,-0.000761411,0.0225494,-0.00752943,0.041441,-0.0138072,-0.00112898,0.000830559,38.537,0.00697435,-0.0147173,0.0829867
10.7,0.999734,-0.0197932,0.00108979,-0.0117839,0.00907478,0.00360798,0.00106302,0.0225022,-0.00752921,0.0415202,-0.0140263,-0.00119334,0.00126526,34.634,0.0114274,-0.0120671,0.0685897
10.72,0.999735,-0.0197522,0.00105976,-0.0118166,-0.00733647,-0.00364026,0.0016969,0.0224553,-0.00756981,0.0416605,-0.0139568,-0.000207997,-0.00346651,37.2416,-0.0281409,0.00151637,0.108467
10.74,0.999734,-0.0197636,0.00106366,-0.0118083,-0.00421703,-0.00636928,0.00435374,0.0224094,-0.00758828,0.0417435,-0.0139457,-0.00042098,-0.00343148,34.7029,-0.0158368,-0.000709061,0.13716
10.76,0.999734,-0.0197542,0.00108014,-0.0118289,0.0112349,-0.00186757,0.00198063,0.0223561,-0.00760328,0.0418185,-0.0138839,-0.000637902,-0.00282469,38.1709,-0.00475798,-0.0112878,0.00263254
10.78,0.999734,-0.0197574,0.00108412,-0.0118325,0.0161465,-0.000110027,-0.00107623,0.0222716,-0.00761767,0.0418937,-0.0148414,-0.00106,-0.000139413,34.4254,-0.00801125,0.000637568,-0.0709348
10.8,0.999734,-0.0197798,0.0010819,-0.0118518,-0.0126819,-0.00678486,-0.0011438,0.022214,-0.00773001,0.0420119,-0.0139528,-0.00136118,-0.00297532,36.8691,0.00213441,0.00942397,0.0740828
10.82,0.999734,-0.0197688,0.00107891,-0.0118687,-0.0107519,-0.00894132,-0.00106654,0.0221898,-0.0078403,0.0420985,-0.0137919,-0.00130062,-0.00335342,37.7994,-0.0147294,-0.00830791,0.0534533
10.84,0.999734,-0.0197407,0.0010739,-0.0118789,-0.00467898,-0.0070068,-0.00643548,0.0221802,-0.00794194,0.042179,-0.0138589,-0.00118677,-0.00395576,38.1495,0.013909,-0.0113017,0.00237323
10.86,0.999734,-0.019722,0.00108865,-0.0118811,0.00445929,-0.00377115,-0.00063517,0.0221642,-0.00803406,0.0422507,-0.0136984,-0.000985959,-0.00341421,35.0317,-0.00877201,0.000241038,0.232083
10.88,0.999733,-0.0197651,0.00107129,-0.0118909,-0.0106453,-0.00407387,-0.00473899,0.0221351,-0.0081921,0.0423245,-0.0134655,-0.0011876,-0.00206643,33.4572,0.00340736,-0.00766716,-0.100784
10.9,0.999734,-0.0197509,0.00107846,-0.0119014,-0.0129293,-0.00361295,0.000106613,0.0221288,-0.0083501,0.0423687,-0.0141902,-0.00207878,-0.00359411,39.916,-0.0121253,-0.0143612,0.185579
10.92,0.999734,-0.0197357,0.00108288,-0.0119091,-0.00945178,-0.00231514,-0.00667244,0.0221186,-0.00850203,0.0424025,-0.0142564,-0.0020731,-0.00373139,36.8044,0.00754128,-0.0117191,-0.0307171
10.94,0.999734,-0.0197354,0.0010749,-0.0119034,-0.0073777,-0.00656129,-0.00150546,0.0220966,-0.00864798,0.0424323,-0.0142653,-0.00218286,-0.00415197,35.0016,0.00929358,0.00659369,0.0526265
10.96,0.999734,-0.0197224,0.00107942,-0.0119032,-0.00488379,-0.00329612,0.00467275,0.022066,-0.00878558,0.0424567,-0.0142696,-0.00225678,-0.00375648,36.728,0.023718,0.00530212,0.15436
10.98,0.999733,-0.0197582,0.00107576,-0.0119009,-0.0099483,0.00540697,0.00358106,0.0220436,-0.0089952,0.0424843,-0.0141472,-0.0026596,-0.000162743,38.0308,0.0220579,-0.0119275,0.181244
11,0.999733,-0.0197904,0.00106667,-0.0119182,-0.0142264,0.00269348,-0.00688548,0.0220564,-0.00915278,0.0425028,-0.0143339,-0.00265213,-0.000708462,37.1031,-0.00673489,-0.0113236,0.0141868
11.02,0.999733,-0.0197767,0.00105425,-0.0119141,-0.0120789,-0.00265513,-0.00236562,0.0220589,-0.00930863,0.0425168,-0.0139914,-0.00273549,-0.000703246,34.564,0.0141056,-0.0216504,0.115025
11.04,0.999733,-0.0197529,0.00105946,-0.0119332,-0.0150461,-0.000340946,-0.00611918,0.0220419,-0.0094582,0.0425279,-0.0137834,-0.00212782,-0.00481537,37.2525,-0.0107353,-0.0262493,0.139205
11.06,0.999733,-0.0197487,0.00106309,-0.0119397,0.00432073,0.00390367,-0.0010238,0.0220589,-0.00965603,0.042516,-0.0140456,-0.00300278,-0.00092624,36.0489,-0.00984467,-0.0169996,0.300258
11.08,0.999733,-0.0197629,0.00105709,-0.0119509,0.00939638,0.00679129,0.002596,0.0220922,-0.00981426,0.0425082,-0.0144528,-0.00343038,-0.00103917,38.9261,0.0129444,-0.0192678,0.108618
11.1,0.999732,-0.0197913,0.0010422,-0.0119561,-0.0048162,0.00546826,-0.00217046,0.0221468,-0.010003,0.0425022,-0.0142589,-0.00352458,-0.00129781,33.332,0.00110013,0.00132855,0.157916
11.12,0.999733,-0.0197684,0.00103449,-0.0119531,-0.00178201,-0.00116885,0.00150903,0.0221874,-0.0101842,0.0424936,-0.0142922,-0.00334973,-0.00131445,36.6654,0.00354609,-0.0153607,0.0686295
11.14,0.999732,-0.0197677,0.00103208,-0.0119632,-0.0158278,0.00436315,-0.00115803,0.0221902,-0.0103562,0.0424612,-0.0140474,-0.00227808,-0.0048378,38.6693,0.00468656,-0.0221309,0.026708
11.16,0.999733,-0.0197443,0.00103039,-0.0119708,0.0110305,-0.000718326,0.00548159,0.0222074,-0.0105889,0.0424278,-0.0146077,-0.00330752,-0.00203129,38.192,-0.0123241,-0.0236426,0.242435
11.18,0.999733,-0.0197396,0.00103207,-0.011962,0.0183485,0.0013329,0.00399859,0.0222352,-0.0107478,0.0424122,-0.0145299,-0.00380025,-0.00218031,34.2396,0.0016707,0.00707409,0.233975
11.2,0.999733,-0.0197479,0.00104139,-0.0119495,0.00861142,0.00693077,-0.000186784,0.0222785,-0.0109158,0.0424026,-0.0148702,-0.00388183,-0.00199671,36.9473,0.0100645,-0.0193729,0.0238362
11.22,0.999733,-0.0197385,0.00103093,-0.011948,0.000479709,0.0019607,-0.00194979,0.022301,-0.0110858,0.0423884,-0.01511,-0.00449098,-0.00223503,35.359,-0.00508466,-0.0296052,0.0165655
11.24,0.999734,-0.0196909,0.00102965,-0.0119494,0.01013,0.00504706,0.00426032,0.0222924,-0.0113353,0.0423732,-0.0152929,-0.00431584,-0.00338419,37.1058,0.0102818,0.0145872,0.0769286
11.26,0.999734,-0.0197092,0.0010144,-0.0119479,0.0198324,-0.00475804,-0.00128011,0.0223059,-0.0114843,0.0423575,-0.0149502,-0.00455512,-0.00292612,38.8766,0.00725377,-0.00679444,0.112623
11.28,0.999733,-0.0197396,0.00103191,-0.0119324,0.00503964,0.00631928,0.00302059,0.0223446,-0.0116353,0.0423565,-0.0149517,-0.00438345,-0.00275104,36.428,-0.0144022,-0.0165611,0.0623514
11.3,0.999733,-0.0197456,0.00103182,-0.0119317,0.00519188,0.00673618,-0.00475278,0.0224012,-0.0117899,0.0423679,-0.0148116,-0.00486288,-0.00225411,34.5458,0.00748701,-0.000641379,0.159637
11.32,0.999734,-0.01969,0.00100855,-0.0119302,-0.000792381,-0.00957526,0.00136152,0.0224724,-0.0120315,0.0423728,-0.0137932,-0.00426098,-0.00608651,36.0208,0.00706606,0.000241666,0.0665043
11.34,0.999734,-0.0196858,0.00102186,-0.0119427,0.00473433,-0.00367047,-0.00346424,0.0225062,-0.0121871,0.0423722,-0.0136763,-0.00457116,-0.00629986,38.5914,-0.00688869,0.00709393,0.0165677
11.36,0.999734,-0.0196785,0.0010212,-0.0119566,0.0144037,-0.00157417,0.00210417,0.0225181,-0.0123468,0.0423549,-0.0135524,-0.00573648,-0.00334898,35.243,0.0201369,0.00196398,0.0660104
11.38,0.999734,-0.0196845,0.00102395,-0.0119616,0.0114499,0.00745841,-0.00359214,0.0225416,-0.0124988,0.0423449,-0.0133678,-0.00583776,-0.00373426,36.6786,0.00503718,-0.00450499,0.2542
11.4,0.999734,-0.0197064,0.00100831,-0.0119455,0.0111176,-0.00331889,0.00375341,0.022597,-0.0126213,0.0423293,-0.0134647,-0.00578497,-0.00325531,36.8455,0.0184037,0.00523753,-0.0454542
11.42,0.999734,-0.0196972,0.00100537,-0.0119413,-0.0105915,-0.0021949,-0.00138387,0.022654,-0.0127916,0.042284,-0.0125785,-0.00433561,-0.00635427,37.8892,-0.0153947,-0.00624152,-0.0164827
11.44,0.999735,-0.0196707,0.00100294,-0.0119427,-0.00554063,-0.00207857,-0.00808524,0.0226834,-0.0128949,0.0422466,-0.0125282,-0.00394292,-0.00729561,35.2841,0.0105866,0.0113267,-0.0229477
11.46,0.999735,-0.0196483,0.00101025,-0.0119449,-0.00141381,-0.00288386,-0.0024732,0.0227102,-0.0129905,0.0422167,-0.0131503,-0.0044127,-0.00571227,35.68,-0.00211233,-0.00898017,-0.122556
11.48,0.999735,-0.0196341,0.00102226,-0.011969,0.00992422,0.00493939,-0.00795199,0.0227466,-0.0130682,0.042174,-0.0127518,-0.0046106,-0.00532917,39.6339,0.0110303,-0.00183982,-0.0594328
11.5,0.999734,-0.0196988,0.00103444,-0.0119463,-0.0158483,0.00810239,-0.00111361,0.0228454,-0.0131441,0.0420899,-0.0128519,-0.00438249,-0.0053592,34.0177,0.00162646,0.0114138,0.137163
11.52,0.999735,-0.0196866,0.00101496,-0.0119365,-0.0095541,-0.0042439,0.000784902,0.0228894,-0.0132009,0.0420424,-0.0127669,-0.00444867,-0.00514801,36.7801,-0.0149435,-0.0101078,0.240924
11.54,0.999735,-0.0196736,0.00102451,-0.0119404,-0.0108025,-0.000615545,0.00157592,0.0229213,-0.0132561,0.0419978,-0.0129263,-0.00407074,-0.00567119,36.8189,0.0193165,-0.00189322,0.0724681
11.56,0.999735,-0.0196636,0.0010209,-0.0119555,-0.000294511,-0.00249091,-0.00436537,0.0229202,-0.0133134,0.0419445,-0.0131597,-0.0045717,-0.00543224,34.384,-0.0217333,-0.00583368,0.190428
11.58,0.999735,-0.0196778,0.00100982,-0.0119502,-0.000908223,-0.00623619,-0.00188324,0.022934,-0.0133578,0.0418985,-0.0127571,-0.00458429,-0.00508774,37.9205,-0.00342999,-0.0037762,0.231499
11.6,0.999734,-0.0197078,0.00100543,-0.0119563,-0.0159499,-0.000682709,7.74758e-05,0.0229927,-0.0133888,0.0418703,-0.0127059,-0.00443116,-0.00366173,37.0594,0.020814,0.00336441,0.121243
11.62,0.999734,-0.0197013,0.000991124,-0.011952,-0.0106187,-0.0019784,-0.00113538,0.0230089,-0.013417,0.0418527,-0.0127887,-0.00479014,-0.00399157,36.2508,0.0179163,0.0137462,0.0376431
11.64,0.999734,-0.0196899,0.000989197,-0.0119538,-0.0110358,-0.000793491,-0.000296817,0.0230128,-0.0134481,0.0418285,-0.0129943,-0.00458437,-0.00443404,36.6383,0.0149374,-0.00723849,0.14278
11.66,0.999734,-0.0196834,0.00100149,-0.01194,-0.0108803,-0.00132294,-0.00144736,0.0230168,-0.0134758,0.0418068,-0.0129555,-0.00457516,-0.00465756,36.7751,0.00394034,-0.00745757,0.0780642
11.68,0.999734,-0.0196974,0.000992842,-0.0119515,-0.00199066,0.00952234,-0.000637935,0.0230196,-0.0135434,0.0417893,-0.0129604,-0.00506281,-0.00265033,35.7651,-0.00504693,-0.00559806,0.160545
11.7,0.999734,-0.0196963,0.000968728,-0.0119803,-0.00351725,0.00343086,-0.0120049,0.0230482,-0.013601,0.041786,-0.0130401,-0.0047438,-0.0031464,36.7589,-0.0204563,0.0111476,-0.0088966
11.72,0.999734,-0.0197028,0.000956154,-0.0119735,-0.0148059,0.00251674,-0.00598087,0.023067,-0.0136608,0.0417774,-0.0125405,-0.00505479,-0.00348464,35.9119,0.00602931,0.00624479,0.240372
11.74,0.999734,-0.0196894,0.000958291,-0.0119815,-0.0121089,-0.00294239,-0.00708314,0.0230787,-0.0137202,0.0417639,-0.0125738,-0.00467018,-0.00369032,38.9952,0.0193035,-0.0226462,0.0376429
11.76,0.999734,-0.0196798,0.000955061,-0.0119795,0.0158059,-0.000464301,-0.00223596,0.0230761,-0.013798,0.0417475,-0.0125624,-0.00523098,-0.00447808,35.6926,0.0102871,-0.021431,0.249428
11.78,0.999734,-0.0196681,0.000943904,-0.011978,0.0109538,9.74494e-05,-0.000940419,0.0230667,-0.0138534,0.0417019,-0.0122575,-0.00533662,-0.0029215,36.8288,0.00286746,-0.00335837,-0.00874933
11.8,0.999735,-0.0196593,0.000942104,-0.0119723,0.0134579,0.00654448,-0.0026968,0.0230731,-0.0139113,0.041667,-0.0124828,-0.0053166,-0.003088,37.0953,0.0212503,-0.000515616,-0.0111191
11.82,0.999734,-0.0196857,0.000939554,-0.0119786,-0.00831537,0.00322421,-0.00660704,0.0230627,-0.0139722,0.0416355,-0.0126077,-0.00529667,-0.00326174,36.1484,0.0386346,-0.0247045,0.169163
11.84,0.999734,-0.0196763,0.00092983,-0.0119743,-0.00146681,-0.000549726,0.00688846,0.0230437,-0.0140329,0.0416008,-0.0124688,-0.00528369,-0.00325276,37.7127,0.000393571,-0.00988422,0.108032
11.86,0.999736,-0.0196011,0.000937987,-0.0119762,0.0182333,0.0011393,0.00403421,0.0230044,-0.0141171,0.041555,-0.0131611,-0.005186,-0.00552416,36.2449,-0.0018567,-0.010806,-0.152197
11.88,0.999735,-0.0196278,0.000932651,-0.0119786,0.013785,0.00173841,-0.000440474,0.0229678,-0.0141688,0.0415131,-0.0128289,-0.00548711,-0.00318599,32.7406,-0.00104955,0.0116129,-0.259155
11.9,0.999736,-0.0196091,0.000923778,-0.0119828,0.0129203,-0.00128619,1.98265e-05,0.0229716,-0.0141856,0.0414592,-0.013475,-0.00544437,-0.00343218,38.3424,0.0132347,0.00234817,-0.138685
11.92,0.999735,-0.0196104,0.000927117,-0.0119867,0.0067993,0.01001,-0.00293885,0.0229597,-0.014204,0.0414024,-0.0131823,-0.0054519,-0.00321305,37.9676,-0.00902587,0.0118805,0.0998259
11.94,0.999737,-0.0195583,0.000906664,-0.0119824,0.00864991,-0.00773972,3.50339e-05,0.0229333,-0.0142361,0.0413182,-0.0124963,-0.0048825,-0.00743828,34.7513,0.0106152,-0.00935011,-0.0484834
11.96,0.999737,-0.019541,0.000904068,-0.0119816,0.0146274,-0.00173059,0.00338466,0.0229109,-0.0142479,0.0412467,-0.012237,-0.00453208,-0.00738629,34.9869,0.0052264,-0.019553,-0.00677037
11.98,0.999737,-0.0195463,0.000893364,-0.0120006,0.018004,-0.000364456,-0.0043557,0.0229019,-0.0142433,0.0411578,-0.0123504,-0.0045247,-0.00656127,40.077,0.00761389,-2.91834e-05,0.13565
12,0.999736,-0.0195521,0.000894135,-0.0119997,0.0127912,0.000149691,0.000782046,0.0228863,-0.0142251,0.0410432,-0.012228,-0.00472853,-0.004135,36.4817,-0.00233409,-0.00848202,0.0919379
12.02,0.999736,-0.0195757,0.000891638,-0.0120029,0.00145017,0.000971945,-0.000575124,0.0228725,-0.014206,0.0409295,-0.0124455,-0.0047425,-0.00426415,35.5095,-0.00740054,0.00581162,-0.110414
12.04,0.999736,-0.0195589,0.000877333,-0.0119965,-0.00727183,-0.00609298,-0.000134925,0.0228287,-0.014184,0.0407494,-0.0122492,-0.00375665,-0.00893323,35.7829,0.00825697,0.00158202,-0.00201101
12.06,0.999737,-0.0195447,0.000893497,-0.0119995,0.00460284,-0.00446091,0.00608696,0.0227891,-0.0141568,0.0406115,-0.0117687,-0.00309155,-0.00938533,37.0608,0.0100954,-0.013059,-0.0708427
12.08,0.999737,-0.0195325,0.00089851,-0.0120074,0.00886359,-0.00115344,-0.00255141,0.022794,-0.0141018,0.0404836,-0.0115458,-0.00294153,-0.00887625,36.9175,-0.00700619,-0.016124,-0.126775
12.1,0.999737,-0.0195209,0.000900401,-0.0120123,0.0154822,0.00557164,-0.00558672,0.0228042,-0.014032,0.040366,-0.0110954,-0.00258068,-0.00889225,34.1761,0.0019473,-0.00594771,-0.146851
12.12,0.999737,-0.0195315,0.000887196,-0.0120097,-0.00802235,0.00410129,0.00168816,0.0228049,-0.0139197,0.0401764,-0.0105245,-0.00145967,-0.00845679,36.3885,-0.0123978,0.00392091,-0.0997535
12.14,0.999736,-0.0195463,0.000861384,-0.0120164,-0.0147603,-0.00619173,-0.00307813,0.022782,-0.0138507,0.0400537,-0.0103728,-0.00112728,-0.0104592,36.7655,-0.00290513,0.00439596,-0.0489898
12.16,0.999737,-0.0195399,0.00086665,-0.0120053,-0.0069691,-0.00977926,0.000148612,0.0227666,-0.0137721,0.0399309,-0.0105281,-0.00127702,-0.00993993,38.9815,0.00848583,-0.00414723,0.0725301
12.18,0.999736,-0.0195491,0.000866867,-0.0120067,0.0022149,-0.00573833,0.00753199,0.0227464,-0.0136941,0.0398093,-0.0102907,-0.00110803,-0.00938994,36.1175,0.0237266,0.0170652,-0.0113284
12.2,0.999735,-0.0195941,0.000888552,-0.0120241,-0.0123045,0.00446027,-0.00307045,0.0227526,-0.0135226,0.0396574,-0.00957786,-0.00125165,-0.00693356,36.1783,0.00407667,-0.0170932,0.107876
12.22,0.999735,-0.0195875,0.000878384,-0.0120349,-0.0184041,0.00224491,-0.00561903,0.0227444,-0.0134198,0.0395578,-0.00956339,-0.00124042,-0.00742133,40.1201,0.00502146,-0.00784653,-0.122582
12.24,0.999736,-0.0195669,0.000868443,-0.012042,-0.0149895,-0.00638365,0.00138139,0.0227139,-0.0133191,0.039434,-0.00979729,-0.000754374,-0.0101803,31.236,0.012821,-0.00041814,-0.068211
12.26,0.999736,-0.0195268,0.000871528,-0.0120556,-0.00407187,-0.00426825,0.00158527,0.0226818,-0.0132174,0.0393293,-0.0102147,-0.000462049,-0.0103066,38.2873,0.0137541,-0.0289413,-0.109303
12.28,0.999737,-0.0194785,0.000881708,-0.0120646,0.00242751,-0.00171392,0.000222119,0.0226535,-0.013114,0.0392287,-0.0102985,-0.000218773,-0.0100107,33.8132,0.00298026,-0.00070291,0.153009
12.3,0.999736,-0.0195548,0.00088812,-0.012068,-0.0109467,-0.00113828,0.00569828,0.0226201,-0.0128766,0.0391879,-0.010304,-0.000655421,-0.00622156,38.8968,-0.0232009,0.00920096,0.0317771
12.32,0.999736,-0.0195457,0.000887561,-0.0120776,-0.0119591,-0.00165918,-0.00774212,0.0225783,-0.0127296,0.0391543,-0.0108745,-0.000872994,-0.0067,37.6868,0.00575616,0.000853735,0.103134
12.34,0.999735,-0.0195627,0.000885126,-0.0120828,-0.0195431,0.0016443,-0.00625075,0.0225271,-0.0125948,0.0391127,-0.0106287,-0.000946783,-0.00669721,34.9268,0.00860747,0.00839819,-0.049204
12.36,0.999735,-0.0195581,0.000879649,-0.0120846,-0.0140764,-0.00330921,0.00351742,0.0224457,-0.0124656,0.0390657,-0.0109161,0.000179574,-0.0101718,38.5673,0.0303536,0.010363,-0.194486
12.38,0.999736,-0.0195501,0.000891217,-0.0120806,0.0139951,0.00227385,0.00224115,0.022333,-0.0122574,0.0389807,-0.0117594,-0.000775903,-0.00597481,39.0925,-0.00898638,-0.00950461,0.0681921
12.4,0.999735,-0.0195689,0.000893867,-0.0120773,0.000548892,0.00677644,-7.17583e-05,0.02227,-0.0121132,0.0389541,-0.0120953,-0.00060088,-0.00566247,34.291,-0.00171426,-0.0138966,-0.108685
12.42,0.999735,-0.0195584,0.000869393,-0.012088,-0.00589681,0.0037332,-0.00649333,0.0222246,-0.0119613,0.0389527,-0.0120044,-0.000520182,-0.00575455,33.6933,0.00104973,-0.00367677,-0.0455243
12.44,0.999735,-0.0195662,0.000863421,-0.0120838,-0.0146813,-0.000490391,-0.00376023,0.0221711,-0.0118174,0.0389508,-0.0116654,-0.00054761,-0.00574747,35.5665,0.0025588,0.02039,-0.0939374
12.46,0.999735,-0.0195761,0.000867819,-0.0120835,-0.0117476,-8.23397e-05,0.00143166,0.0220953,-0.0116755,0.0389153,-0.0112694,0.000227888,-0.00921259,37.0738,0.00289048,-0.0205688,-0.0496291
12.48,0.999736,-0.0195466,0.000894683,-0.0120769,0.0156419,0.000579196,0.00125502,0.022036,-0.0114658,0.0389294,-0.0114582,-0.000408041,-0.00587701,36.9611,0.0204061,-0.00127187,-0.0755696
12.5,0.999736,-0.0195299,0.000892009,-0.0120978,0.00722913,0.00136336,-0.00619963,0.0220308,-0.0113244,0.0389777,-0.0114323,-0.000320395,-0.00601229,38.4383,-0.0247584,-0.000463256,0.00667577
12.52,0.999735,-0.0195583,0.000892181,-0.0121005,0.00153095,0.00235541,-0.00319976,0.0220143,-0.0111873,0.0390154,-0.0116557,-0.000268687,-0.00592635,35.7379,0.0201763,-0.0150416,0.0571072
12.54,0.999735,-0.0195576,0.000878654,-0.0121076,-0.00108504,0.000274006,0.00103786,0.0219893,-0.0110568,0.0390463,-0.0111683,-0.000243734,-0.00580266,37.242,0.00728428,-0.00726158,-0.108911
12.56,0.999736,-0.0195091,0.000889096,-0.0121088,0.00744447,0.0020523,-0.00190984,0.0219425,-0.0108622,0.0390755,-0.0107804,0.00098338,-0.00984156,36.7527,0.0089963,-0.011416,0.0534072
12.58,0.999736,-0.019505,0.000884653,-0.0121409,0.0168373,0.00221444,-0.00621836,0.0219194,-0.0107212,0.0390958,-0.0107114,0.000477796,-0.00666491,34.0451,-8.0099e-05,0.00398577,0.0350412
12.6,0.999736,-0.0195058,0.000866531,-0.0121388,0.01631,0.00573909,-0.000433596,0.0219441,-0.0105761,0.039154,-0.0100274,0.00108008,-0.00714902,39.0603,-0.00415426,0.00145834,-0.00461524
12.62,0.999736,-0.0195061,0.000854557,-0.0121348,0.00699336,0.00350345,-0.00223484,0.0219618,-0.0104337,0.0391963,-0.0103596,0.000901729,-0.00663953,34.7546,-0.00660693,-0.0155018,-0.00493859
12.64,0.999735,-0.0195098,0.000844028,-0.0121554,0.00771102,0.00363589,-0.00129348,0.021965,-0.0102975,0.0392272,-0.00994649,0.000921967,-0.00627628,39.0084,0.00310769,0.00484063,-0.0117972
12.66,0.999736,-0.0194808,0.000847476,-0.0121363,-0.00188528,-0.0014266,0.00220575,0.0219658,-0.0100875,0.0392557,-0.0093406,0.00244357,-0.0107269,35.4945,0.00959528,-0.00996182,-0.0511357
12.68,0.999736,-0.0194852,0.000838199,-0.0121352,0.0134282,-0.0071206,0.0063174,0.0219728,-0.00994913,0.039292,-0.00927467,0.00186059,-0.00806293,36.841,0.00530233,-0.00157501,-0.0739461
12.7,0.999736,-0.0194791,0.000846606,-0.0121435,0.0135618,-0.0006339,-0.000155885,0.0220372,-0.00981756,0.0393377,-0.00916999,0.00209668,-0.00788369,36.3347,0.0155589,0.00468076,0.0798453
12.72,0.999736,-0.0194923,0.00084838,-0.0121394,0.0115305,0.00763256,0.00403331,0.0220906,-0.00968788,0.0393727,-0.00933806,0.00220271,-0.00725467,34.2045,0.00218434,-0.00535162,0.0201704
12.74,0.999736,-0.0194921,0.000839514,-0.0121531,-0.0126682,-0.00417174,0.00444137,0.0221488,-0.00949535,0.0394081,-0.00874256,0.00309964,-0.00971286,39.1456,-0.00610618,0.00812407,-0.113389
12.76,0.999736,-0.0194606,0.000829837,-0.0121618,0.000237563,0.0001394,0.00217005,0.0221721,-0.0093725,0.039431,-0.00917312,0.00334438,-0.00988654,34.9459,0.00791199,-0.0199187,-0.0218399
12.78,0.999736,-0.0194662,0.000823169,-0.0121673,0.00590747,-0.00322839,0.00463036,0.0221645,-0.00924586,0.0394419,-0.00978806,0.00232236,-0.00791684,37.991,0.0171512,-0.014879,0.0664612
12.8,0.999736,-0.0194882,0.000835847,-0.012181,0.00653606,0.00114983,-0.00863569,0.0222086,-0.00913016,0.0394589,-0.00964417,0.00255017,-0.00761332,37.2536,0.00709902,0.00357098,0.0580274
12.82,0.999735,-0.0195497,0.000821975,-0.0121663,-0.0142243,0.00221296,0.000982786,0.0223144,-0.00896134,0.0394741,-0.00922785,0.00355203,-0.00821401,35.1834,0.0129615,0.0161411,0.0978006
12.84,0.999734,-0.0195641,0.000816341,-0.0121707,-0.010607,-0.00426925,-0.00483367,0.0223698,-0.00885793,0.0394798,-0.00913522,0.00296528,-0.0082013,36.2225,0.0146386,-0.00369631,0.0398649
12.86,0.999734,-0.0195697,0.000819765,-0.0121803,-0.0101384,-0.00019632,-0.0011425,0.0224097,-0.0087615,0.0394826,-0.00961479,0.00285426,-0.00816355,36.1919,0.0159742,-0.000401907,0.185163
12.88,0.999734,-0.019583,0.000826788,-0.0121805,-0.0119335,-0.00293602,-0.00250988,0.0224387,-0.00866738,0.0394838,-0.00902931,0.0028334,-0.00882545,36.4043,0.00547102,0.0132709,0.0584183
12.9,0.999734,-0.0195657,0.000824622,-0.0121757,0.0117797,-0.00247035,0.0011397,0.0225385,-0.00860309,0.0394878,-0.00926988,0.00185505,-0.00752351,37.4339,-0.0228178,0.00859571,0.010878
12.92,0.999734,-0.0195886,0.000814559,-0.0121896,-0.00740959,0.000315083,-0.00460909,0.0226984,-0.00851331,0.0394702,-0.00863344,0.00278085,-0.00676964,34.9725,-0.0338703,-0.00606853,0.227787
12.94,0.999733,-0.0195904,0.00080646,-0.0121979,-0.0171052,-0.00219497,-0.00520961,0.0227888,-0.00845292,0.0394536,-0.00868117,0.0027116,-0.00723775,38.7175,-0.00519961,-0.00335889,-0.0126264
12.96,0.999733,-0.019585,0.000801085,-0.0121989,-0.0195359,-6.12156e-05,0.000238244,0.0228676,-0.00838891,0.0394258,-0.00871418,0.00299687,-0.00768899,38.16,-0.0100963,-0.0147466,0.156323
12.98,0.999734,-0.0195769,0.000803595,-0.0121992,-0.00834297,-0.00162805,-0.00241777,0.0229344,-0.00832469,0.039392,-0.00870565,0.00313752,-0.00850367,34.7576,-0.0178698,-0.00560869,0.139736
13,0.999733,-0.0196207,0.000831059,-0.0122045,0.000197133,0.00511449,0.00222712,0.0231236,-0.00826262,0.0393189,-0.00845317,0.0027393,-0.00700308,35.4723,0.0312827,-0.0157775,0.00335542
13.02,0.999732,-0.0196429,0.000836554,-0.0122053,-0.011,0.00234017,0.00596615,0.0232407,-0.00822326,0.0392664,-0.00855378,0.00263308,-0.007281,36.0966,0.00378825,0.00063774,0.0325323
13.04,0.999733,-0.0196346,0.000822007,-0.0121996,-0.0102111,-0.00248746,0.000142008,0.0233416,-0.00818977,0.03921,-0.00843451,0.00230038,-0.00761977,35.5954,0.000458077,0.00859292,-0.100858
13.06,0.999733,-0.0196363,0.000827338,-0.0121946,-0.0147472,0.0020687,-0.00213871,0.0234351,-0.00815594,0.0391475,-0.00793648,0.00266468,-0.00798271,39.1482,0.00928615,0.00178742,0.111791
13.08,0.999732,-0.0196381,0.00082411,-0.0122047,-0.0176606,-0.00296578,-0.0010136,0.0235228,-0.00811477,0.0390743,-0.00781283,0.003262,-0.00886762,34.4353,0.0116564,0.00208635,-0.0198357
13.1,0.999732,-0.0196228,0.000848042,-0.0122214,0.0109253,0.00990133,-0.00386826,0.0237184,-0.00805548,0.0389557,-0.00800549,0.00192359,-0.00743833,36.7675,0.00455554,0.0197995,0.0550133
13.12,0.999732,-0.019629,0.00084554,-0.0122281,0.0020062,0.00258051,-0.00423723,0.0238301,-0.00802171,0.0388625,-0.0079154,0.00165604,-0.00664151,36.9829,0.00852897,-0.0109274,-0.0516671
13.14,0.999732,-0.0196329,0.000827662,-0.0122293,-0.00449624,0.0062087,-0.00498224,0.0239403,-0.0079987,0.0387733,-0.00756308,0.00156367,-0.00775138,36.2451,0.0111061,0.0309309,-0.209615
13.16,0.999732,-0.0196289,0.000807637,-0.0122208,-0.00408892,0.00321639,0.00102326,0.0240431,-0.00797801,0.0386728,-0.00726897,0.00151521,-0.00795043,36.8868,0.029761,-0.00571623,0.050242
13.18,0.999733,-0.0195946,0.000819355,-0.0122442,0.0191106,0.00644678,-0.00343554,0.0242024,-0.00796165,0.0385195,-0.00731883,0.00146221,-0.0102577,36.265,0.00594157,0.00377833,0.132464
13.2,0.999733,-0.0196113,0.000811513,-0.0122299,0.00908193,0.00320669,0.0031518,0.0243365,-0.00795846,0.0384053,-0.00699064,0.00152278,-0.00984597,37.4904,0.0188355,-0.00797216,-0.120395
13.22,0.999733,-0.0196079,0.000806553,-0.012232,0.0113274,0.00775149,-0.00210187,0.0244629,-0.0079509,0.0382897,-0.00642884,0.00116502,-0.00785459,37.6955,0.00542199,0.000311494,0.123219
13.24,0.999732,-0.0196217,0.000800521,-0.0122381,-8.28478e-05,0.00456266,-0.00676287,0.0245791,-0.00794498,0.0381841,-0.00675556,0.00106204,-0.00695298,36.9809,0.00674348,-0.007201,-0.0127602
13.26,0.999734,-0.0195429,0.000785688,-0.01222,0.0123354,-0.00256506,-0.0030094,0.0247281,-0.00794213,0.0380051,-0.00615985,0.000679401,-0.00914629,33.8602,0.0148697,-0.016998,0.112904
13.28,0.999732,-0.0196393,0.000784951,-0.0122049,-0.0175356,0.000717711,0.00262133,0.0249129,-0.0079697,0.0378362,-0.00507371,0.00128954,-0.00849959,36.592,0.0106452,-0.0228651,0.0967355
13.3,0.999733,-0.0195793,0.000793341,-0.0122151,0.0184139,0.00241105,-4.11227e-05,0.0249979,-0.00799405,0.037792,-0.00550702,0.000569808,-0.00830273,37.9009,-0.0063069,-0.00236348,0.0539822
13.32,0.999733,-0.0195936,0.000787148,-0.0122229,0.0102889,0.0050246,-0.00121477,0.0251727,-0.00803456,0.0376896,-0.00541681,0.000708228,-0.00842209,34.5919,-0.0234112,0.00500451,-0.01324
13.34,0.999732,-0.0196344,0.00080546,-0.0122136,0.0108516,0.00576207,-0.00128047,0.0253317,-0.0080717,0.0375743,-0.0053243,0.000607179,-0.00850551,34.1537,0.00368993,0.0119254,0.152364
13.36,0.999733,-0.0195968,0.000792096,-0.0122315,-0.00607228,-0.0050166,0.00240054,0.025542,-0.00812616,0.0373707,-0.0053396,0.00111131,-0.0115154,38.4406,0.00342671,-0.00557524,-0.169929
13.38,0.999733,-0.0196023,0.000804927,-0.0122149,0.003698,0.000281113,0.00126728,0.0256867,-0.00818358,0.0372528,-0.0055976,0.000506292,-0.0108232,35.5808,0.0127489,-0.0205678,-0.013652
13.4,0.999732,-0.0196297,0.000822787,-0.0122069,0.00671571,0.0021935,0.00171273,0.0258395,-0.00825904,0.0371444,-0.00562739,0.00059179,-0.0103919,36.0606,0.00204475,-0.00171366,0.0577573
13.42,0.999732,-0.0196565,0.000809901,-0.0122047,0.00615694,-0.00213039,0.00797269,0.0259825,-0.00833006,0.0370261,-0.0052911,0.000168751,-0.0104005,39.3054,0.012731,-0.00473861,-0.0754012
13.44,0.999731,-0.0197087,0.000821367,-0.0122065,-0.0145116,-0.000979541,0.00527916,0.0261697,-0.0084358,0.036839,-0.00531107,0.000667459,-0.0102787,36.6937,-0.00449133,0.0128138,0.149381
13.46,0.999731,-0.0197232,0.000810993,-0.0121817,-0.0113771,-0.0079842,0.00851744,0.0262738,-0.00850955,0.0367171,-0.00524219,0.000395844,-0.0102379,37.4881,0.0057922,-0.0224716,0.197465
13.48,0.99973,-0.0197338,0.000827809,-0.0122129,-0.0068096,-0.00425452,-0.00282392,0.0263812,-0.00859692,0.0365883,-0.00585565,7.37114e-05,-0.0119043,34.9888,0.00504345,0.0119546,0.0663607
13.5,0.99973,-0.0197385,0.000830831,-0.0121966,0.00681169,-0.00321376,0.00313116,0.0265075,-0.00870342,0.0364848,-0.00582174,-0.000462649,-0.0113239,36.2013,-0.00898511,-0.0147839,0.0787846
13.52,0.99973,-0.0197328,0.000842553,-0.0122008,0.0179582,0.00222897,-0.00156156,0.0266252,-0.00880813,0.0363821,-0.00587132,-0.000661147,-0.0109152,36.4062,0.0061198,-0.0117491,-0.0465395
13.54,0.999729,-0.0197754,0.000837235,-0.0122145,-0.0091588,-0.000638535,-0.00582974,0.0267785,-0.00895657,0.036228,-0.00577342,-0.000412592,-0.0097426,36.6487,-0.0175671,0.00313271,0.160169
13.56,0.999729,-0.0197768,0.000840693,-0.0122233,-0.0109429,-0.00114349,-0.00403267,0.0268659,-0.00905913,0.0361246,-0.00543708,-0.000782608,-0.00954732,34.7972,0.0314671,-0.0109205,0.0886478
13.58,0.999729,-0.0197769,0.000828923,-0.0122303,-0.00838595,-0.00725896,-0.00133331,0.0269519,-0.00917764,0.0360196,-0.00592932,-0.000717699,-0.0121329,39.11,0.0104115,0.0131781,0.122164
13.6,0.99973,-0.0197467,0.000838367,-0.012231,-0.00136676,-0.00300914,-0.00379463,0.0270557,-0.00929726,0.0359257,-0.00576431,-0.00100771,-0.0124006,34.753,0.0058569,-0.00842169,0.0416624
13.62,0.99973,-0.0197533,0.000835855,-0.012229,-0.00438049,0.00232952,-0.00121207,0.0272023,-0.0094674,0.035761,-0.00525475,-0.00132027,-0.00873365,37.6832,-0.000354782,0.0063142,0.0395743
13.64,0.999729,-0.0197805,0.000835971,-0.0122312,-0.0127938,-0.00547786,-0.0026932,0.0272863,-0.00958185,0.0356454,-0.00545139,-0.00159633,-0.00978131,34.3264,0.0153866,-0.00667041,0.0211021
13.66,0.999729,-0.0197891,0.000850997,-0.0122251,-0.0169697,0.00121518,0.00458892,0.0273573,-0.00969999,0.0355269,-0.00530838,-0.00192217,-0.00969442,38.847,-0.00144265,0.00386589,0.152965
13.68,0.999729,-0.0197962,0.000858613,-0.012225,-0.0131815,-0.00556767,0.00335377,0.02742,-0.00981949,0.0353773,-0.00453168,-0.00178135,-0.0126645,34.3881,0.00255053,-0.00781677,-0.174746
13.7,0.999729,-0.0197937,0.00087109,-0.0122305,0.00930976,0.00438295,0.00238903,0.02756,-0.0100389,0.0352537,-0.00474288,-0.00307637,-0.00894683,37.8432,-0.0172874,0.0324327,0.024686
13.72,0.999729,-0.0198065,0.000869076,-0.0122223,-0.00022183,0.00528583,0.00181015,0.0276504,-0.0101771,0.0351663,-0.00417288,-0.00262391,-0.00914766,36.6921,-0.0162401,-0.00234601,-0.0690417
13.74,0.999728,-0.019835,0.000861094,-0.0122386,-0.0050888,-0.00208952,-0.00670148,0.0277386,-0.0103091,0.0350792,-0.00448287,-0.00318043,-0.00946153,36.8757,-0.00514001,-0.021474,0.150388
13.76,0.999728,-0.0198469,0.000879239,-0.0122314,-0.0153907,0.00625349,0.00291651,0.0278205,-0.010448,0.0349862,-0.00380436,-0.00337557,-0.0096969,36.4141,0.00501521,0.0185051,-0.044172
13.78,0.999728,-0.019833,0.000861031,-0.0122393,-0.012244,0.000576885,-0.00271327,0.0278986,-0.0105855,0.0348888,-0.00366256,-0.00342068,-0.00962509,35.652,0.0077433,-0.0111073,0.0734726
13.8,0.999728,-0.0198141,0.000874189,-0.0122461,0.0125406,0.00146557,0.00139741,0.0280451,-0.0108268,0.034782,-0.00366142,-0.004012,-0.00909883,37.0606,0.00953813,-0.0131889,-0.00343032
13.82,0.999728,-0.0198139,0.000879927,-0.0122516,0.0171948,0.00578187,-0.00623443,0.0281408,-0.0109702,0.0346975,-0.00342691,-0.00385157,-0.00950341,38.1781,0.0248116,-0.0173549,-0.117029
13.84,0.999728,-0.0198215,0.000881246,-0.0122621,0.0109201,0.00977056,-0.0103902,0.0282284,-0.0111161,0.034604,-0.00358975,-0.00439082,-0.00922884,35.7891,-0.00259601,0.00734452,-0.00803638
13.86,0.999727,-0.0198517,0.000864453,-0.0122644,-0.00221842,0.00236371,-0.00731375,0.028303,-0.0112635,0.0345068,-0.00380947,-0.00457183,-0.00926569,33.9983,0.00286737,0.00788382,0.0872325
13.88,0.999728,-0.0197998,0.000874177,-0.0122655,0.0132462,-0.000975451,0.00134198,0.0284277,-0.0115035,0.0343532,-0.00367206,-0.00439459,-0.012986,38.749,0.0162854,0.0217782,-0.010603
13.9,0.999729,-0.0197767,0.000868099,-0.0122708,0.0194459,-0.000797227,0.000793745,0.028539,-0.0116731,0.0342204,-0.00397557,-0.00498349,-0.010006,36.2603,-0.00384813,-0.0218837,0.0536595
13.92,0.999728,-0.0198236,0.000858082,-0.0122744,0.00561467,-0.000734404,0.00222274,0.0286401,-0.0118342,0.0341025,-0.00405839,-0.00495945,-0.00966089,39.1461,0.0146303,-0.000662663,0.0878797
13.94,0.999727,-0.0198504,0.00086344,-0.0122806,0.00571889,0.00394498,-0.00240034,0.0287368,-0.0119815,0.0339947,-0.00444445,-0.00502558,-0.00960977,33.222,0.00671302,-0.00706742,0.00327593
13.96,0.999728,-0.0198209,0.000849287,-0.012275,0.0023863,-0.0027576,0.00355227,0.0288513,-0.0121969,0.0338226,-0.00406393,-0.00422129,-0.0131963,34.9449,0.00978118,-0.0196193,0.082335
13.98,0.999727,-0.0198405,0.000865776,-0.0122725,0.00222013,-7.7708e-05,0.000558875,0.028915,-0.0123375,0.0337099,-0.00436481,-0.00423741,-0.0132568,38.1464,0.0128218,0.0103422,-0.157945
14,0.999727,-0.019831,0.000875365,-0.0122963,0.00869846,0.00339901,0.00218981,0.0289811,-0.01252,0.0335666,-0.00472187,-0.00531922,-0.0105387,36.8331,-0.00171889,0.0169812,0.129429
14.02,0.999727,-0.0198242,0.000869472,-0.0123043,0.0184209,0.000548758,0.00377312,0.0290503,-0.012692,0.0334267,-0.00465489,-0.00567831,-0.0100217,37.232,0.0213147,0.0351104,-0.14175
14.04,0.999727,-0.0198274,0.000871264,-0.0123224,0.015744,0.00495543,-0.00314605,0.0291091,-0.0128668,0.0332827,-0.00471871,-0.00621366,-0.0102372,37.4064,0.0120562,0.0152097,0.0937913
14.06,0.999727,-0.0198534,0.000858947,-0.012327,-0.00770568,-0.00250515,-0.00599825,0.0291739,-0.0131338,0.0330421,-0.00443845,-0.00572481,-0.0135446,36.1494,0.00765677,-0.00251265,0.151081
14.08,0.999727,-0.0198551,0.000851706,-0.0123234,-0.00186622,-0.0034969,0.00436215,0.0292206,-0.0133309,0.0328617,-0.00499779,-0.0057722,-0.0137525,33.446,0.0261141,-0.00773905,-0.0135591
14.1,0.999726,-0.0198876,0.000853026,-0.012318,-0.00443125,-0.00579643,0.00294753,0.029276,-0.0135402,0.0326576,-0.00476994,-0.00579264,-0.0146388,38.8918,-0.00359839,0.0160634,-0.137498
14.12,0.999726,-0.0198627,0.000850541,-0.0123388,0.00703043,-0.00559164,0.000267522,0.0293178,-0.0137507,0.0324209,-0.00533049,-0.00686359,-0.0118327,36.6815,-0.0134139,-0.000278832,-0.0241276
14.14,0.999726,-0.0198833,0.000849432,-0.0123113,-0.0100495,0.00282806,-0.000450739,0.029383,-0.0140363,0.0321181,-0.00488119,-0.00572059,-0.0128152,38.2804,0.0182384,0.000482681,-0.0427915
14.16,0.999727,-0.019865,0.000840338,-0.0123074,-0.00454169,-0.004485,-0.00139793,0.0294151,-0.0142204,0.0319373,-0.00479028,-0.00591442,-0.0128601,33.6637,0.00585879,0.0239509,-0.0320538
14.18,0.999727,-0.0198456,0.00085173,-0.0123204,0.00662383,0.00501151,-0.00447,0.0294865,-0.0145225,0.031664,-0.00492743,-0.00699183,-0.0100545,35.0804,0.00795225,0.00229559,-0.1897
14.2,0.999727,-0.019818,0.000852387,-0.0123192,-0.00431378,0.00261956,0.00227124,0.0295105,-0.0146275,0.0315642,-0.00419357,-0.0056618,-0.0136751,37.3892,0.0104883,0.00499427,0.163476
14.22,0.999727,-0.019817,0.000840231,-0.0123103,0.0101841,-0.00390404,0.00454473,0.0295525,-0.0148447,0.031359,-0.00439544,-0.00656786,-0.0121108,37.1599,0.0217504,-0.0143358,0.130913
14.24,0.999726,-0.0198858,0.0008513,-0.0123182,-0.00222698,0.00511735,-0.0074876,0.0296232,-0.0151379,0.0310561,-0.00355251,-0.00614336,-0.0116101,34.882,0.0239525,0.0172574,0.130146
14.26,0.999726,-0.0198746,0.000832413,-0.0123223,-0.0155521,0.0014665,0.00326709,0.0296621,-0.0153358,0.0308581,-0.00332334,-0.00637176,-0.0123651,37.7728,0.00897729,0.00758871,-0.00387985
14.28,0.999726,-0.0198666,0.000815825,-0.0123395,-0.0239447,-0.000309265,-0.00125224,0.0296982,-0.0155319,0.0306548,-0.00334597,-0.00653085,-0.012649,36.5517,-0.00511903,-0.00579483,0.0798946
14.3,0.999726,-0.0198514,0.000829628,-0.0123386,-0.0128074,-0.00296658,0.00754849,0.0297529,-0.0157694,0.0304802,-0.00301923,-0.0065602,-0.0136943,37.8971,-0.00489919,0.0133229,-0.068086
14.32,0.999726,-0.0198744,0.000849879,-0.0123385,0.00124983,0.00661142,0.000379637,0.0298272,-0.0161185,0.0301893,-0.00298704,-0.00675783,-0.0118195,34.1108,0.0079769,-0.0195448,0.116145
14.34,0.999726,-0.0198566,0.000848213,-0.0123744,0.00226285,0.00718014,-0.0109989,0.029881,-0.0163283,0.0300035,-0.0025879,-0.00679345,-0.0122835,38.0866,0.0153266,-0.0116181,0.146436
14.36,0.999725,-0.0198807,0.000839145,-0.0123711,-0.0103521,0.00548449,-0.00529057,0.0299308,-0.016526,0.0298207,-0.00279176,-0.00689679,-0.0129975,35.2014,-0.00864003,-0.0254968,0.136315
14.38,0.999726,-0.0198637,0.000829507,-0.0123762,-0.0133022,0.000671214,0.00277373,0.0299756,-0.0167329,0.0296377,-0.00210135,-0.00759658,-0.0121069,35.7569,0.0214705,-0.00835774,0.10007
14.4,0.999725,-0.0198906,0.000839534,-0.0123837,-0.0174364,-0.00117337,0.00283841,0.0300514,-0.0169479,0.0295454,-0.00250997,-0.00727651,-0.0125473,34.6428,0.0293539,0.00797635,0.208769
14.42,0.999725,-0.0198699,0.00083998,-0.0123961,0.0109676,0.0069828,0.00185443,0.0301483,-0.0172607,0.0293996,-0.00272289,-0.00878394,-0.00916837,36.8353,0.0372631,0.00821848,0.0555627
14.44,0.999725,-0.0198961,0.00082672,-0.0123819,-0.00192469,0.0037831,-0.00383126,0.0302048,-0.017463,0.0292939,-0.00332621,-0.00852498,-0.00923477,37.2368,-0.0035683,0.00337814,0.0798675
14.46,0.999725,-0.0199161,0.000814138,-0.0123869,-0.00290189,0.00374714,-0.00165741,0.0302503,-0.0176621,0.029176,-0.00306998,-0.00883463,-0.00921679,40.3531,0.00159352,0.00551048,0.0575183
14.48,0.999725,-0.0199112,0.000809918,-0.0123822,-0.0132485,0.000880231,0.00064307,0.0302855,-0.0178835,0.0290491,-0.00235918,-0.00847815,-0.0110558,33.7397,0.028157,0.0129438,0.104262
14.5,0.999726,-0.019863,0.000811783,-0.0123772,0.0122753,0.00434412,0.0033469,0.0303345,-0.0181638,0.0290166,-0.00331163,-0.00960831,-0.0100474,35.1746,0.00753731,0.010752,0.0508588
14.52,0.999725,-0.0198813,0.000816876,-0.0123971,0.0124821,0.00607294,-0.00608981,0.030356,-0.0183493,0.0289815,-0.00366087,-0.00968923,-0.00933921,34.9031,-0.00204061,-0.00987366,0.0727331
14.54,0.999725,-0.0199131,0.000822693,-0.0123858,0.000575627,0.00294514,-0.00130281,0.0303646,-0.0185361,0.0289435,-0.00396104,-0.010108,-0.00914986,38.5324,0.0263244,-0.00865922,0.00536243
14.56,0.999725,-0.0199111,0.000819277,-0.0123971,0.00636629,0.00526118,-0.00137784,0.0303714,-0.0187064,0.0289121,-0.00425726,-0.0104413,-0.00878155,36.2477,0.0177838,-0.00650959,0.0085736
14.58,0.999725,-0.0198946,0.000812223,-0.0123818,0.000789,-0.00438187,0.00273045,0.0303667,-0.0189719,0.0288779,-0.00417911,-0.0105233,-0.0113204,36.4855,-0.0110269,-0.00766999,0.117795
14.6,0.999725,-0.0198949,0.000805636,-0.0123731,0.0125329,-0.00722741,0.000431116,0.0303686,-0.0191117,0.0289028,-0.00435691,-0.0102783,-0.0107477,36.5567,0.0150401,-0.000715328,0.0506708
14.62,0.999725,-0.0198798,0.000819821,-0.0123881,0.0183408,0.00154508,-0.00396148,0.0303646,-0.0192527,0.0289197,-0.00421129,-0.0105535,-0.0100238,37.1947,0.00700177,-0.00811987,0.185705
14.64,0.999725,-0.0198852,0.000820009,-0.0123919,0.00934768,0.00167524,-0.00336605,0.0303584,-0.019395,0.0289291,-0.00410536,-0.0106652,-0.00953677,36.7361,0.0349233,-0.0144638,0.115889
14.66,0.999725,-0.0198835,0.000816911,-0.0123853,0.00910954,-0.00202853,0.00139359,0.0303452,-0.0195398,0.0289306,-0.00418041,-0.0108298,-0.0090821,35.0934,0.0101322,-0.00264883,0.0289881
14.68,0.999726,-0.019881,0.000819858,-0.0123676,-0.0119774,-0.00483876,0.0010649,0.0303116,-0.0197405,0.0289472,-0.00352497,-0.0101053,-0.0117868,34.866,0.0245358,-0.00485848,-0.0238104
14.7,0.999726,-0.0198616,0.000808488,-0.0123636,0.000902487,-0.00712239,0.00500549,0.0302972,-0.0198123,0.0290067,-0.00371257,-0.0101442,-0.0111201,36.1214,0.0140176,0.00285845,0.102738
14.72,0.999725,-0.0198804,0.000843186,-0.0123853,0.00914168,0.00574518,-0.00319999,0.0302775,-0.019886,0.0290547,-0.00367019,-0.0101568,-0.0107019,38.9232,0.0207195,-0.000156798,0.00748748
14.74,0.999725,-0.01988,0.000839219,-0.0123931,0.00699897,0.00147688,-0.00319426,0.0302535,-0.0199622,0.0290898,-0.00359042,-0.010218,-0.0102353,37.425,-0.00247685,0.00513739,0.0914431
14.76,0.999725,-0.0198879,0.0008158,-0.0123802,-0.0146204,-0.00179835,0.00118125,0.0302106,-0.0200583,0.0291294,-0.00394413,-0.00919028,-0.0105713,34.4624,0.0217435,0.0019933,0.1678
14.78,0.999726,-0.0198495,0.00081095,-0.0123936,-0.0136236,-0.00597742,0.0049415,0.0301757,-0.0200897,0.0292002,-0.00384196,-0.00951395,-0.0104684,34.2595,0.0099714,0.00895578,-0.0336451
14.8,0.999727,-0.0197998,0.000807032,-0.0123878,-0.00217248,-0.00675594,0.00243308,0.0301343,-0.0201106,0.0293074,-0.00436909,-0.00963318,-0.0115595,35.8413,0.00370967,-0.00339065,-0.0263886
14.82,0.999727,-0.0197917,0.000818827,-0.0123909,0.00233377,-0.00618752,0.00408832,0.0300888,-0.0201163,0.0293941,-0.00477176,-0.0095851,-0.011448,35.7464,0.00487537,0.00245554,0.318957
14.84,0.999727,-0.0197874,0.000820739,-0.012388,0.00985476,-0.00350004,0.006148,0.0300408,-0.0201223,0.0294647,-0.00462979,-0.00951424,-0.0108884,35.8286,0.0199068,0.00462646,0.352166
14.86,0.999726,-0.0198505,0.000816129,-0.0123962,-0.0198936,-0.000530101,-0.00152117,0.0299569,-0.0201321,0.0295391,-0.00453138,-0.0087007,-0.00967649,37.1335,-0.00655164,-0.0146627,0.254327
14.88,0.999726,-0.0198502,0.000812663,-0.0124006,-0.0122132,-0.00134268,0.00216581,0.0298863,-0.0201147,0.0296211,-0.00440672,-0.00903722,-0.00939248,36.9643,0.0193443,-0.023672,0.160273
14.9,0.999726,-0.0198504,0.000808706,-0.0124078,-0.00862006,-0.00680592,-0.000669864,0.0297951,-0.0200805,0.0297114,-0.00505206,-0.00879265,-0.0112262,38.0987,0.00494253,0.00309419,0.174675
14.92,0.999726,-0.0198222,0.000796678,-0.0123925,-0.00184056,-0.00493751,0.00267554,0.029703,-0.0200367,0.0298112,-0.00502847,-0.00884599,-0.0110427,37.8455,-0.00252595,-0.0170249,-0.102735
14.94,0.999726,-0.0198429,0.000783541,-0.0124093,-0.000546369,-0.00158883,-0.00417184,0.0295701,-0.0199745,0.029927,-0.00466896,-0.00850374,-0.00797288,35.6575,0.00140251,0.00955988,0.153001
14.96,0.999726,-0.0198493,0.000780579,-0.0124026,-0.0120551,0.00652484,-0.00468336,0.0294902,-0.0199285,0.0299993,-0.00458525,-0.00814505,-0.00772094,36.5503,-0.00372054,-0.00321817,0.216537
14.98,0.999726,-0.0198312,0.000782198,-0.0124072,-0.0140635,-0.00196418,-0.0037861,0.0293912,-0.0198549,0.0301187,-0.00492553,-0.00820988,-0.00774917,36.6935,0.0339505,-0.00436841,0.161568
15,0.999726,-0.01982,0.000772545,-0.0124117,-0.0149886,-0.00428839,-1.93127e-09,0.0292762,-0.0197655,0.0302764,-0.00490734,-0.00795886,-0.00759247,33.514,0.0238386,-0.0133587,0.136345
15.02,0.999727,-0.019782,0.000782221,-0.0124159,0.00770851,0.00286367,0.00118965,0.0290975,-0.0196461,0.0304856,-0.0052322,-0.00780435,-0.00572822,35.2768,0.00331609,0.023051,0.245635
15.04,0.999727,-0.01981,0.000790632,-0.0124032,-0.00311193,0.00366686,0.00295518,0.0289835,-0.0195544,0.0306104,-0.00475735,-0.00698916,-0.00620255,35.7312,0.00392158,0.00597016,0.119081
15.06,0.999726,-0.0198019,0.000791521,-0.0124226,-0.00628672,0.00670982,-0.00772716,0.0288751,-0.0194688,0.0307216,-0.00481955,-0.00716062,-0.00587594,37.2283,0.0132811,-0.0412004,0.120294
15.08,0.999727,-0.0197962,0.000788888,-0.0124212,-0.0109452,0.0074854,-0.00337579,0.0287614,-0.0193918,0.0308285,-0.00468622,-0.0071182,-0.00612428,38.569,0.000892949,-0.0111658,0.266079
15.1,0.999727,-0.0198076,0.00077516,-0.0123974,-0.0169458,-0.00329235,0.00895502,0.0286373,-0.0192712,0.0310329,-0.00469387,-0.00679424,-0.00623087,36.0412,-0.00299872,0.0199449,0.170561
15.12,0.999727,-0.0197866,0.000788526,-0.0124154,0.0179526,0.00760684,-0.00826095,0.0284365,-0.0191039,0.031298,-0.00505571,-0.00675622,-0.00531006,36.2559,0.0273723,0.0048453,0.0851624
15.14,0.999727,-0.0197848,0.000785762,-0.0124148,0.0110491,0.00216059,0.00124795,0.0283117,-0.0189896,0.0314601,-0.00512504,-0.00622668,-0.00558835,37.2085,0.0307925,0.0153312,0.264505
15.16,0.999727,-0.0197961,0.000772291,-0.0124096,0.000353193,0.0021411,-0.00122812,0.0281833,-0.0188765,0.0316037,-0.00554741,-0.00605655,-0.00568202,37.2257,-0.0103006,0.017139,0.270526
15.18,0.999726,-0.0198282,0.000780534,-0.0124126,-0.000250416,0.00554553,-0.00213257,0.0280622,-0.0187606,0.0317373,-0.00559903,-0.00590398,-0.00592447,34.9381,0.00912315,0.0136243,0.160779
15.2,0.999727,-0.0197656,0.000800633,-0.0124153,0.0163264,-0.00033219,-0.00217202,0.0279002,-0.0184623,0.0320558,-0.00591201,-0.00523526,-0.00899013,34.4283,0.0245518,-0.0110578,0.258675
15.22,0.999727,-0.019778,0.000816696,-0.012423,0.0108518,0.00931974,-0.0085797,0.027777,-0.018276,0.0322444,-0.00629916,-0.0057508,-0.00537937,35.6341,-0.00522088,-0.00100497,0.306317
15.24,0.999727,-0.0197721,0.000820736,-0.0124187,0.0122523,-0.000489746,0.00172486,0.0276571,-0.0180943,0.032419,-0.00651308,-0.0057496,-0.00502388,38.6652,0.0106903,-0.00402887,0.23004
15.26,0.999727,-0.0197728,0.000815647,-0.0124225,0.00497785,0.00404446,-0.0029966,0.0275325,-0.0179242,0.0325819,-0.00687051,-0.00566168,-0.00479795,35.7147,-0.0186616,-0.021616,0.0956514
15.28,0.999727,-0.0197793,0.000810167,-0.0124203,0.00988905,0.00594681,0.00141995,0.0273988,-0.0177634,0.0327275,-0.00718076,-0.00568441,-0.00478975,37.671,0.012292,-0.00682765,0.306115
15.3,0.999728,-0.0197252,0.000808969,-0.0124142,-0.00089782,-0.00243106,0.0050164,0.0272215,-0.017451,0.0330432,-0.00668817,-0.00525978,-0.00881294,34.7471,-0.0100804,-0.0164112,0.108726
15.32,0.999728,-0.0197259,0.000814338,-0.0124248,0.0115771,-0.00272239,-0.00467002,0.0270995,-0.01726,0.0332314,-0.00694285,-0.00550734,-0.00871328,36.4719,0.00727841,0.0108911,0.190815
15.34,0.999728,-0.0197167,0.00081069,-0.0124411,0.0170565,0.000426886,-0.00515915,0.0269701,-0.0170887,0.0333811,-0.00688634,-0.00618215,-0.0056117,37.0394,0.0210195,-0.03064,0.241564
15.36,0.999728,-0.0197095,0.00081076,-0.0124422,0.0212113,0.00420947,-0.00155609,0.0268515,-0.0169183,0.0335331,-0.0070253,-0.00584198,-0.00570913,33.6787,-0.0125707,0.0110491,0.24296
15.38,0.999728,-0.0197164,0.000777544,-0.0124384,-0.00809466,-0.0102057,0.000988624,0.026702,-0.016638,0.0337791,-0.00671951,-0.00463642,-0.00852047,39.3053,0.00849255,-0.00734005,0.118862
15.4,0.999728,-0.019718,0.000785329,-0.0124517,-0.014651,-0.00348804,-0.000531641,0.0266337,-0.0164062,0.0339811,-0.00648128,-0.00413723,-0.00845161,36.8145,-0.0016359,-0.00925928,-0.0847947
15.42,0.999728,-0.0196861,0.000782805,-0.0124575,0.000925868,-0.00737808,-0.000204149,0.0265617,-0.016177,0.0341666,-0.00653756,-0.00378084,-0.00881415,38.3746,-0.0202466,0.00546734,0.12496
15.44,0.999729,-0.0196534,0.00078622,-0.0124543,0.0125945,-0.00323936,-0.000677119,0.0264878,-0.0159596,0.0343254,-0.00657347,-0.00426875,-0.0066052,36.6574,0.000697826,-0.00536295,0.273374
15.46,0.999729,-0.0196818,0.000769358,-0.0124522,-0.0140398,0.000167039,0.00435536,0.0263913,-0.0156365,0.0345269,-0.00565125,-0.00302672,-0.00768004,32.707,0.0255734,0.00917871,0.0527898
15.48,0.999729,-0.0196709,0.000747151,-0.0124488,-0.0106949,-0.00528339,0.00151884,0.0263226,-0.0154395,0.0346538,-0.00556308,-0.00316235,-0.00814642,38.2635,0.00113159,-0.001916,0.150147
15.5,0.999729,-0.0196518,0.000746665,-0.0124641,-0.0095056,-0.00604724,0.00241284,0.0263541,-0.0152045,0.0347426,-0.00520288,-0.00306257,-0.00820997,33.7752,-0.0225043,-0.0383224,0.237777
15.52,0.999729,-0.0196324,0.000753247,-0.0124763,-0.00265112,-0.00546891,-0.00230719,0.0263826,-0.0149751,0.0348216,-0.00508753,-0.00244887,-0.00892733,40.9519,0.0117415,-0.0193287,0.196568
15.54,0.999729,-0.0196306,0.000737228,-0.0124604,-0.000655869,-0.00642872,-0.000872743,0.0264044,-0.0147586,0.034883,-0.00478986,-0.00290103,-0.009996,34.8708,0.00453629,-0.00556307,0.316332
15.56,0.999728,-0.0196922,0.000738882,-0.0124488,-0.0108379,0.0006549,-0.00275521,0.0264452,-0.0144464,0.0349317,-0.00459317,-0.00296932,-0.00626137,35.7275,0.00829631,0.0108072,0.25876
15.58,0.999729,-0.0196492,0.000731611,-0.0124539,-0.00840923,-0.000651723,0.000770134,0.026511,-0.014251,0.0348998,-0.00461522,-0.00241908,-0.00936777,37.1519,-0.00942396,-0.00676735,0.32484
15.6,0.999729,-0.0196225,0.000727038,-0.0124718,-0.0168453,-0.00493209,0.000496879,0.0266324,-0.0140561,0.0348567,-0.00472247,-0.00239827,-0.0091961,36.8661,0.000961157,0.00818539,0.19756
15.62,0.99973,-0.0195905,0.00073674,-0.0124634,-0.0159267,-0.00164709,-0.000461887,0.0267372,-0.013872,0.0348102,-0.0049259,-0.00216817,-0.00969696,34.4784,-0.0111922,-0.00419296,0.0268285
15.64,0.99973,-0.0196103,0.000742397,-0.0124672,-0.00357655,0.00154076,-0.00137107,0.0268762,-0.0136053,0.0347323,-0.00572689,-0.00278079,-0.00535718,34.6818,0.00181935,-0.00129613,0.20184
15.66,0.99973,-0.0195941,0.000729133,-0.0124632,-0.00281268,-0.000596678,-8.72333e-05,0.0269534,-0.0134391,0.0346751,-0.00564277,-0.00269969,-0.00530293,37.8118,-0.00607583,0.0031405,-0.0567437
15.68,0.999731,-0.0195579,0.000724403,-0.0124552,0.0209367,0.00264392,-0.00430904,0.0271407,-0.01318,0.0345212,-0.00632925,-0.00328134,-0.00651633,38.5294,0.0128096,0.00420792,0.123024
15.7,0.999731,-0.0195762,0.000717935,-0.0124622,0.00852122,0.00181712,0.00439243,0.0272861,-0.0130197,0.034407,-0.00632759,-0.00373615,-0.00602441,34.6619,0.0073638,-0.00455316,0.396899
15.72,0.99973,-0.0196082,0.000704501,-0.0124622,-0.0177785,-0.00153457,0.00295372,0.027353,-0.0129437,0.0343422,-0.00568339,-0.00257665,-0.008398,36.7927,-0.0184219,0.0102013,0.133465
15.74,0.99973,-0.0195959,0.000718433,-0.0124714,0.00705192,-0.000560249,0.000902804,0.0275385,-0.0127394,0.0341768,-0.00616359,-0.00426262,-0.00510961,34.466,0.0030331,0.00675494,0.171516
15.76,0.999729,-0.0196176,0.000722614,-0.0124881,0.00435268,0.00127183,-0.00379332,0.0276516,-0.0126169,0.0340549,-0.00608587,-0.00388894,-0.00504525,36.162,0.00873774,0.000716211,0.142088
15.78,0.999729,-0.0196228,0.000722911,-0.0124919,0.00432795,0.00660666,-0.00184987,0.027796,-0.0125029,0.0339153,-0.00604136,-0.00383016,-0.00516832,34.3169,0.00906523,-0.0171781,0.148543
15.8,0.99973,-0.0196129,0.000714825,-0.0124823,-0.00880192,0.0018825,0.00143164,0.0279651,-0.012419,0.0337535,-0.00507795,-0.00331614,-0.00756106,39.1745,0.0156611,0.0100039,0.164118
15.82,0.999731,-0.0195427,0.000723542,-0.012488,0.0151777,-0.000626864,0.00461985,0.0282101,-0.0122865,0.033539,-0.0060716,-0.00385651,-0.00648897,40.1793,0.00255776,-0.0145544,0.221774
15.84,0.99973,-0.0195574,0.00073197,-0.0124943,0.0175049,0.0108599,-0.00992686,0.0283562,-0.0122089,0.0333862,-0.00567567,-0.00410748,-0.00644774,34.2127,-0.00933762,0.019692,0.107733
15.86,0.99973,-0.0195819,0.00071647,-0.0124776,0.00695126,5.36946e-05,0.000115005,0.028495,-0.0121404,0.033228,-0.00556848,-0.00406823,-0.00618803,35.185,0.00146656,0.00889177,0.15829
15.88,0.99973,-0.0196058,0.000714018,-0.0124766,0.000849382,0.00841527,-0.00407754,0.0286252,-0.0120802,0.0330691,-0.0057365,-0.00424402,-0.00608959,38.4276,-0.00161528,-0.0113921,0.153262
15.9,0.999731,-0.0195494,0.000696502,-0.0124625,0.0111816,-0.00658843,-0.000857583,0.028805,-0.0120202,0.0328368,-0.00561715,-0.00406216,-0.00874579,35.0126,0.0168363,0.0170628,0.170001
15.92,0.999731,-0.0195657,0.000705168,-0.0124622,0.000803073,0.000549512,0.00156586,0.0289269,-0.0119852,0.0326851,-0.00529544,-0.00384789,-0.00851778,36.4725,-0.00232218,0.00433077,0.320775
15.94,0.999731,-0.0195596,0.000689325,-0.0124674,0.0174167,0.000256036,0.00480055,0.0290361,-0.0119469,0.0325285,-0.00566294,-0.00356761,-0.00813543,35.4956,-0.0065844,-0.0177848,0.264824
15.96,0.999731,-0.0195635,0.000695719,-0.0124691,0.0110809,0.00671313,0.00462581,0.0291327,-0.0119104,0.0323656,-0.00578645,-0.0034245,-0.00760391,38.2018,-0.00412927,-0.0222214,0.256534
15.98,0.99973,-0.0195927,0.000687251,-0.0124702,0.0101881,0.00329437,0.00379561,0.0292144,-0.01188,0.032209,-0.00610771,-0.00353054,-0.00715919,37.3307,0.00410604,-0.0109387,0.0366065
16,0.99973,-0.0195882,0.000665038,-0.0124963,-0.00615617,-0.00106558,0.00226906,0.0293233,-0.0118875,0.0320167,-0.00590428,-0.00370386,-0.00917818,35.2826,-0.0153886,0.00846095,0.127051
16.02,0.99973,-0.0195588,0.000677707,-0.0125098,-0.000781711,-0.00298459,-0.00329997,0.0293973,-0.0119076,0.031922,-0.00613923,-0.00384163,-0.00896844,35.2764,0.00173641,8.95299e-05,0.0944548
16.04,0.99973,-0.0195492,0.000677168,-0.0125127,0.00967435,3.062e-05,0.000716453,0.0294644,-0.0119277,0.0318178,-0.00597529,-0.00366105,-0.00871739,34.6406,-0.000747736,-0.00710273,0.0670326
16.06,0.999731,-0.0195351,0.000660363,-0.0125158,0.022543,0.00181299,-0.00174989,0.0295246,-0.0119464,0.0317097,-0.00590715,-0.00370437,-0.00807812,35.6354,-0.0171273,-0.00146108,0.0340747
16.08,0.99973,-0.0195693,0.00064194,-0.0125036,-0.0143403,-0.000379087,-0.000987372,0.029601,-0.0119752,0.0315342,-0.00524362,-0.00270259,-0.00872991,39.3517,0.0159965,7.06889e-05,0.118592
16.1,0.999731,-0.0195583,0.000618889,-0.0124942,-0.00667226,-0.0106162,0.00109744,0.0296483,-0.0119919,0.0314538,-0.00514981,-0.00320169,-0.00918934,35.1257,0.0207415,-0.00491442,0.0535785
16.12,0.99973,-0.0195659,0.000625514,-0.0124939,-0.00244337,-0.00490924,0.0064705,0.029682,-0.0120252,0.0313695,-0.00530177,-0.00395269,-0.0100073,38.061,0.0125091,0.00458167,-0.022707
16.14,0.99973,-0.0195796,0.000625899,-0.0124957,0.00428973,-0.00524826,0.000784054,0.0297201,-0.012059,0.0312782,-0.00539317,-0.00434774,-0.00950528,35.485,-0.00289969,-0.00259483,0.00103892
16.16,0.99973,-0.0195737,0.000623905,-0.0124756,0.0107753,-0.00103629,0.000169701,0.0297502,-0.0120973,0.0311786,-0.0052953,-0.00446834,-0.00937942,37.3391,0.0182585,-0.0198272,-0.0449617
16.18,0.999729,-0.0196223,0.000626745,-0.0124791,-0.0142097,0.00154011,0.00551585,0.0297947,-0.0121674,0.0310332,-0.00456752,-0.00353609,-0.00854955,35.7071,-0.00633026,0.0420622,0.297529
16.2,0.999729,-0.0196255,0.000629339,-0.0124811,-0.0123475,0.00100342,0.00257744,0.0298237,-0.0122316,0.0309872,-0.00460837,-0.00390922,-0.00867429,37.2059,0.00935022,0.005254,0.29238
16.22,0.999729,-0.0196443,0.00063231,-0.0124836,-0.0169732,-0.00602254,-0.0001266,0.0298458,-0.0123026,0.0309306,-0.00434104,-0.00349733,-0.0110203,33.762,-0.0048012,-0.00662579,0.138963
16.24,0.999728,-0.0196597,0.000650861,-0.0124967,-0.00401396,-0.00216973,-0.00273742,0.0298733,-0.0123605,0.0308779,-0.00462045,-0.00381483,-0.0105858,36.0152,0.0240518,0.00974391,0.226859
16.26,0.999729,-0.0196513,0.00063526,-0.0125064,-0.0034159,0.00026145,-0.00552584,0.0299064,-0.0124494,0.0307733,-0.00423159,-0.00391389,-0.00784229,38.9274,0.000708342,-0.00901704,0.086508
16.28,0.999728,-0.0196589,0.000642164,-0.0125068,-0.0148114,0.00284578,0.00379342,0.029921,-0.0125133,0.0307015,-0.0043886,-0.00414809,-0.00760016,34.6964,0.00364585,0.00967772,0.0799571
16.3,0.999728,-0.019651,0.000635109,-0.012514,-0.016964,0.000244997,-0.00784983,0.0299436,-0.0125805,0.0306933,-0.00510099,-0.00451852,-0.00808344,35.4312,-0.000230184,-0.00440013,0.177298
16.32,0.999729,-0.01964,0.000626644,-0.012514,-0.0139153,-0.0034029,0.000163356,0.0299401,-0.0126571,0.0306522,-0.0054793,-0.00420078,-0.0110737,37.3232,0.00305981,-0.00456363,0.0437924
16.34,0.999729,-0.0196471,0.000636102,-0.0125054,0.0170309,0.00234334,-0.00391203,0.0299212,-0.012763,0.0306027,-0.00645933,-0.00501597,-0.00696917,37.7345,-0.00573575,0.00511026,0.0638113
16.36,0.999729,-0.0196284,0.000622006,-0.0125115,0.00385336,0.00478678,-0.000952507,0.0298953,-0.0128353,0.0305561,-0.00666823,-0.00480075,-0.00760643,36.7138,0.000427892,0.0223964,0.046541
16.38,0.99973,-0.0195865,0.00061554,-0.0125127,0.00570878,-0.00233674,-0.000483357,0.0298758,-0.0128753,0.0305327,-0.00677741,-0.00487168,-0.0109543,36.0314,0.0191687,0.0137624,0.182313
16.4,0.999728,-0.0196596,0.000613975,-0.0125086,-0.010821,-0.00260274,0.00210616,0.0298293,-0.0129925,0.030476,-0.00694324,-0.00529436,-0.00830518,35.6858,-0.00450657,0.000928392,0.247339
16.42,0.999728,-0.0196679,0.000608446,-0.0125274,-0.0136368,-0.0063537,-0.00563847,0.0298286,-0.0130614,0.0305048,-0.00638078,-0.00553901,-0.00808161,38.168,0.0155687,-0.0163032,0.203478
16.44,0.999728,-0.0196356,0.0006164,-0.0125352,0.0128011,-0.00286367,-0.00172486,0.0298147,-0.0131798,0.0305145,-0.00649406,-0.00589152,-0.00694058,33.1364,-0.0286297,0.0144941,0.0566922
16.46,0.999728,-0.0196442,0.000610444,-0.0125446,0.010184,0.00151591,-0.00395333,0.0298047,-0.0132507,0.0305198,-0.00655808,-0.00575798,-0.00717267,36.2029,0.0153601,-0.000536366,0.203039
16.48,0.999728,-0.0196572,0.000599698,-0.0125315,0.00296132,0.00227392,-0.000269107,0.0298195,-0.013311,0.0305338,-0.0065868,-0.00556682,-0.00704671,37.6199,0.0141269,-0.0109971,0.268253
16.5,0.999728,-0.0196594,0.000595512,-0.0125536,-0.000856367,-0.000179947,-0.00444711,0.0298586,-0.0133628,0.0305533,-0.00642015,-0.00558286,-0.00767308,37.1461,0.0290656,0.00511212,0.130665
16.52,0.999729,-0.0196099,0.000611635,-0.0125505,0.0123873,-0.00595929,0.00154458,0.0299006,-0.0134584,0.0305647,-0.00648506,-0.00575953,-0.0111706,37.0106,0.00903244,-0.00239177,0.386255
16.54,0.999729,-0.0195832,0.000605713,-0.0125461,0.0195563,0.00307341,-0.000355074,0.0299139,-0.0135346,0.0305493,-0.00632859,-0.0064319,-0.00790003,36.119,-0.00130186,0.0288108,0.160679
16.56,0.999729,-0.0195852,0.000595058,-0.0125436,0.0151332,0.0024618,-0.00231147,0.0299334,-0.0136059,0.0305289,-0.00594749,-0.00642743,-0.00774978,36.2448,0.0200009,0.00049871,0.227709
16.58,0.999729,-0.0196045,0.000605333,-0.0125634,0.00560816,0.00648966,-0.00584594,0.029951,-0.0136722,0.0304961,-0.00561845,-0.00562056,-0.00805162,36.2054,0.00194717,-0.00444023,0.186237
16.6,0.999729,-0.0196033,0.000599747,-0.0125638,0.0030027,0.00367416,0.000932866,0.0300454,-0.0137219,0.0304477,-0.00579008,-0.00584191,-0.00799746,35.9732,0.0154886,0.000933552,0.201176
16.62,0.999729,-0.0195889,0.00058563,-0.0125705,0.00200573,-0.00203195,-0.00296419,0.0301778,-0.0137981,0.0303709,-0.00500488,-0.00542912,-0.011639,37.8384,-0.0178615,0.0356355,0.143456
16.64,0.99973,-0.019561,0.000581512,-0.0125578,0.0235913,0.00181026,0.00565949,0.0302688,-0.0138476,0.030319,-0.00451519,-0.00540179,-0.01196,35.6821,-0.00287258,0.00282348,0.0874902
16.66,0.99973,-0.01955,0.000587428,-0.0125787,0.0189769,0.00120381,-0.000912696,0.0303511,-0.0139069,0.0302285,-0.0044653,-0.00647527,-0.0087388,38.859,-0.00874975,-0.0118104,0.0960678
16.68,0.99973,-0.0195365,0.000578992,-0.0125828,0.00632142,0.0051422,-0.000462165,0.0304363,-0.0139589,0.0301529,-0.00421029,-0.00585855,-0.00876253,35.2642,0.0186659,-0.00389671,0.270069
16.7,0.999729,-0.019565,0.000552787,-0.012589,-0.0106638,-0.00639628,0.00247319,0.0306306,-0.0139842,0.0300955,-0.00365463,-0.00449208,-0.0138586,35.3737,0.0237429,-0.00714065,0.0936755
16.72,0.99973,-0.019541,0.000550807,-0.0125919,0.00177928,-0.00223617,0.000481136,0.0307559,-0.0139955,0.0300271,-0.00318555,-0.00438946,-0.0140403,36.2656,0.00492248,0.0201401,0.171838
16.74,0.99973,-0.0195418,0.000545388,-0.0125916,0.0037297,-0.0058818,0.00474165,0.0308749,-0.0140109,0.0299503,-0.00325316,-0.00462737,-0.0136584,37.5468,0.017836,0.0336227,0.103411
16.76,0.99973,-0.0195307,0.000548507,-0.0126091,0.0192315,0.00409338,-0.000711039,0.0309875,-0.0140279,0.0298644,-0.00274054,-0.0043844,-0.0138448,36.6179,-0.000604747,0.00911841,0.304557
16.78,0.999729,-0.0195716,0.000520751,-0.0126116,-0.0159139,-0.00927351,-0.000635413,0.0311599,-0.0140218,0.0297589,-0.00227606,-0.00399679,-0.0112425,35.3746,0.0104362,-0.0197465,0.237566
16.8,0.999729,-0.0195499,0.000513586,-0.0126306,-0.0101151,-0.00270329,0.0012299,0.0312631,-0.0140081,0.0297405,-0.00223684,-0.00375008,-0.0144692,34.8031,-0.0057086,-0.0136265,0.223485
16.82,0.999729,-0.0195458,0.000520557,-0.0126511,-0.00883518,-0.00192762,-0.00405676,0.0313642,-0.013986,0.0297254,-0.00259968,-0.0039887,-0.0142453,38.1705,0.00943864,0.011635,0.197938
16.84,0.999729,-0.0195364,0.000529332,-0.0126703,-0.00435687,0.00164691,-0.00355086,0.031459,-0.013966,0.0297098,-0.002404,-0.00395535,-0.0142394,36.1203,-0.0156639,-0.0141645,0.173889
16.86,0.999729,-0.0195088,0.000524223,-0.0126704,0.00392362,-0.00170265,-0.00290502,0.0315473,-0.0139462,0.029686,-0.00239566,-0.0040852,-0.0139532,36.2878,0.0176773,-0.0094505,-0.0104862
16.88,0.999729,-0.0195288,0.000541528,-0.012673,0.0178891,0.00415921,0.000109942,0.0317376,-0.0138327,0.0297419,-0.00264012,-0.00398609,-0.0127352,37.1515,0.00414038,-0.00176315,0.0961093
16.9,0.999728,-0.0195676,0.000529294,-0.0126871,-0.0143204,0.00390306,-0.00549466,0.0317825,-0.0137873,0.0297502,-0.00222519,-0.0034,-0.0127065,36.1156,-0.00663371,0.019769,0.170503
16.92,0.999728,-0.0195695,0.000530346,-0.0126783,-0.0175407,-0.00246112,0.000465216,0.0318655,-0.0137039,0.0298165,-0.0022919,-0.00364831,-0.0131075,36.3885,-0.0185247,0.00214969,0.196788
16.94,0.999728,-0.0195687,0.000520477,-0.0126893,-0.0129633,-0.00454453,-0.00477729,0.03194,-0.013629,0.0298664,-0.00247068,-0.00381333,-0.0132408,35.7325,0.0192769,-0.0262387,0.489545
16.96,0.999727,-0.0195815,0.000516806,-0.0127116,0.00703938,0.00339272,-0.0100106,0.0320338,-0.0135306,0.0299172,-0.00303206,-0.00490727,-0.00923103,35.616,0.0168694,0.0317105,0.261968
16.98,0.999728,-0.0195525,0.00053313,-0.0127181,0.00802229,9.26561e-05,-0.00116449,0.0321406,-0.0133666,0.0300554,-0.00270907,-0.00418393,-0.0134029,35.8653,0.0189965,0.00559076,0.165134
17,0.999727,-0.0195842,0.000534376,-0.0127145,7.69562e-05,0.0031373,0.00172648,0.0321783,-0.0132979,0.0301092,-0.00279927,-0.00458533,-0.00955758,36.4675,0.00355406,-0.000681559,0.111508
17.02,0.999727,-0.0195796,0.000533336,-0.0127151,-0.014288,0.00380106,-0.00240018,0.0322397,-0.013184,0.0302025,-0.00248019,-0.00413504,-0.0126057,39.0218,0.0217243,0.00346359,0.258681
17.04,0.999728,-0.01956,0.000517778,-0.0127101,-0.014175,-0.00304236,-0.00268923,0.0323051,-0.01307,0.0303012,-0.00222583,-0.00399655,-0.0128851,34.7197,-0.0151103,-0.0183831,0.264812
17.06,0.999729,-0.0195218,0.000515572,-0.012699,0.00921813,-0.00694276,0.0052747,0.0323894,-0.0129002,0.0304295,-0.0028997,-0.00418979,-0.00918029,34.5047,0.0235052,-0.00514387,0.175771
17.08,0.999729,-0.0195064,0.000520097,-0.0127122,0.00215513,0.00428724,-0.00227153,0.0324677,-0.0127599,0.030512,-0.00249936,-0.00366509,-0.00953096,37.9468,0.0128204,0.0097046,0.175128
17.1,0.999729,-0.0195207,0.000510586,-0.0127195,-0.00285962,0.00997806,0.00148617,0.0325693,-0.0125977,0.0305988,-0.00248264,-0.00352568,-0.00970018,35.3518,0.0374644,-0.000867842,0.312117
17.12,0.999729,-0.0195081,0.00051294,-0.0127225,-0.000314847,0.00282304,-0.00403803,0.0326568,-0.0124472,0.0306465,-0.0021455,-0.00284304,-0.0118067,38.6929,-0.00368664,-0.01903,0.176274
17.14,0.99973,-0.0194418,0.000512665,-0.0127282,0.011652,-0.000216609,-0.000684765,0.0327798,-0.0122319,0.0307455,-0.00241503,-0.00334371,-0.00994449,36.6629,0.00228556,-0.0219046,0.217418
17.16,0.99973,-0.0194373,0.000509513,-0.0127191,0.0145685,0.00170717,-0.000870357,0.0328592,-0.0120892,0.0307939,-0.0019225,-0.00277424,-0.00918638,36.494,0.0176361,0.0282168,0.0660717
17.18,0.99973,-0.0194422,0.000522986,-0.0127367,0.00900705,0.0123377,-0.00508273,0.0329523,-0.0119196,0.030853,-0.00182996,-0.00225933,-0.00857735,35.8116,0.00747147,-0.0223765,0.44364
17.2,0.99973,-0.0194395,0.000499722,-0.012743,0.00476598,0.000901813,-0.00316016,0.0330501,-0.0117318,0.0309237,-0.00208844,-0.00220514,-0.00845943,37.487,0.0170374,0.00549452,0.409565
17.22,0.99973,-0.0194547,0.000476566,-0.012738,-0.0122997,0.00202328,-0.000237979,0.0331376,-0.0115517,0.0309796,-0.00222805,-0.00207014,-0.00791437,37.512,-0.00449677,-0.0225626,0.411087
17.24,0.999731,-0.019391,0.000480052,-0.0127536,0.00920885,-0.00193488,-0.000660525,0.0332553,-0.011311,0.031046,-0.00200728,-0.00231623,-0.00983033,35.1503,-0.0288818,0.00203278,0.22845
17.26,0.99973,-0.019412,0.00049083,-0.0127658,0.00995648,0.00277488,-0.00702919,0.0333287,-0.0111529,0.0310816,-0.00225123,-0.00208901,-0.0095395,39.6562,0.0223568,0.0149406,0.344963
17.28,0.99973,-0.0194272,0.000489236,-0.0127437,0.0136313,0.00486745,0.00401749,0.0334029,-0.0109877,0.0311334,-0.00188901,-0.00197911,-0.00876059,34.6858,-0.014339,-0.00095459,0.363865
17.3,0.99973,-0.0194287,0.000477308,-0.0127531,0.0107892,0.000305246,-0.00448675,0.0334815,-0.0108076,0.0312019,-0.00158808,-0.00108061,-0.00824611,36.1297,-0.0106947,-0.00779267,0.201206
17.32,0.99973,-0.0194062,0.000480062,-0.0127577,-0.00593179,-0.00356724,-0.000182468,0.0335864,-0.0105472,0.0312841,-0.000972631,-9.68598e-05,-0.0113066,35.7781,0.00996337,0.00307851,0.392544
17.34,0.999731,-0.0193642,0.0004657,-0.0127558,0.0046931,-0.00435514,0.000214263,0.033647,-0.0103835,0.0313284,-0.0015508,-0.000529123,-0.0101805,36.6556,-0.0107784,-0.00147251,0.340625
17.36,0.999731,-0.0193839,0.000464803,-0.0127468,0.00582161,-0.00234516,0.000379927,0.0337095,-0.0102183,0.0313584,-0.00123525,-0.000219835,-0.00962687,36.1116,0.00294718,0.00176222,0.39385
17.38,0.999731,-0.0193922,0.000458679,-0.0127404,0.0135242,-0.000403889,0.00315307,0.0337733,-0.0100539,0.031373,-0.000646401,0.000126366,-0.0094683,37.3982,0.0091966,0.00913681,0.521175
17.4,0.99973,-0.019435,0.000454856,-0.0127253,-0.0155603,-0.00371062,0.00218153,0.0338519,-0.00977852,0.0314148,2.70348e-06,0.00136062,-0.010453,35.8054,0.0175662,0.00395058,0.271238
17.42,0.99973,-0.0194317,0.000450931,-0.0127287,-0.0135087,-0.00642357,-0.0053049,0.0338902,-0.00959584,0.0314582,-0.000423608,0.00117535,-0.0107893,36.3656,0.010548,-0.0173855,0.248583
17.44,0.99973,-0.0194266,0.00043778,-0.0127415,-0.00323881,-0.00799188,-0.00412983,0.0339202,-0.00942497,0.0314972,-0.000603976,0.00124316,-0.0108117,38.1165,-0.00759672,-0.00158059,0.306473
17.46,0.99973,-0.0194133,0.000448603,-0.0127269,0.00437573,-0.0082721,0.00340702,0.0339451,-0.00925946,0.0315174,-0.00140931,0.00036352,-0.0103542,35.8838,0.00796078,-0.0116375,0.330191
17.48,0.999731,-0.0193971,0.000446653,-0.0127439,0.0148686,-0.0022616,-0.00405398,0.0339645,-0.00910246,0.0315391,-0.00149863,0.000737791,-0.00988087,38.2646,0.00151756,0.00362995,0.331366
17.5,0.99973,-0.0194354,0.000432193,-0.0127396,-0.0120867,-0.00486997,-0.00195582,0.0339609,-0.00889864,0.031588,-0.000809085,0.00149981,-0.00947682,34.727,6.27275e-05,0.0214788,0.319363
17.52,0.99973,-0.0194292,0.000431258,-0.0127348,-0.0132068,-0.000259682,0.00140228,0.0339502,-0.0087745,0.0316061,-0.000920814,0.00144454,-0.0105072,37.0472,0.00351625,-0.0125599,0.299302
17.54,0.99973,-0.0194415,0.000423308,-0.0127266,-0.0129776,-0.011002,0.00966319,0.0339371,-0.00865968,0.0316105,-0.000594769,0.00117289,-0.0105939,35.9278,-0.0108929,0.00204665,0.278535
17.56,0.99973,-0.0194366,0.000423404,-0.0127207,-0.00279,-0.00669157,-0.00400882,0.0339241,-0.00855099,0.0316007,-0.000959082,0.00136918,-0.0116461,35.4167,-0.00770847,0.00399628,0.498265
17.58,0.99973,-0.0194472,0.000439197,-0.0127117,-0.00853291,0.00388578,0.00138418,0.0338891,-0.00838383,0.0316068,-0.000432828,0.00182478,-0.00899001,37.8493,-0.00926331,-0.000829664,0.462552
17.6,0.99973,-0.0194422,0.000432251,-0.01272,-0.0127204,0.000347836,-0.00318677,0.0338446,-0.00828523,0.0316585,-0.000516176,0.00199208,-0.00866389,35.6663,0.000118532,-0.00928528,0.401918
17.62,0.99973,-0.0194362,0.00043915,-0.0127025,-0.0112099,0.000481517,-0.000327638,0.0337926,-0.00819459,0.0316988,-0.000993049,0.00163853,-0.00962687,35.3005,-0.00864248,0.00757499,0.258246
17.64,0.99973,-0.0194393,0.000441238,-0.0127122,-0.0121115,-0.000961879,-0.000836245,0.0337372,-0.00811651,0.0317233,-0.000897297,0.00141759,-0.00971627,38.4822,0.0122828,0.0145912,0.585846
17.66,0.999731,-0.0194046,0.000446485,-0.0127283,0.010153,0.000543699,0.00446607,0.0336652,-0.00800475,0.0317318,-0.00114157,0.000999228,-0.00837108,33.3838,0.0240825,-0.00758205,0.316239
17.68,0.99973,-0.0194092,0.00044305,-0.0127381,0.00601155,0.00353697,-0.00534675,0.0336271,-0.0079563,0.0317657,-0.000900241,0.00127917,-0.00861622,37.723,0.00668266,0.0155557,0.55765
17.7,0.99973,-0.0194269,0.000466129,-0.0127372,-0.000193336,0.0109935,-0.0064813,0.0335953,-0.00792934,0.0318251,-0.000576287,0.0016043,-0.00877983,35.4944,0.0185017,0.00868215,0.421917
17.72,0.99973,-0.0194183,0.000447769,-0.01274,-0.00387046,2.25444e-05,-0.00129954,0.0335629,-0.00789895,0.0318716,-0.000688413,0.00201309,-0.00869541,38.6594,-0.00428256,0.0150614,0.246813
17.74,0.99973,-0.0193944,0.00042568,-0.0127573,-0.0151596,-0.00595883,-0.00405643,0.0335312,-0.00786896,0.0319114,-0.000172097,0.00212283,-0.0087233,36.276,0.0101375,-0.00927119,0.326593
17.76,0.999731,-0.0193638,0.000438105,-0.0127607,0.0147019,0.00472037,-0.00602503,0.0334949,-0.00782287,0.0319532,-0.000115321,0.00162976,-0.00733715,35.0905,-0.00996335,0.0118463,0.43846
17.78,0.999731,-0.0193784,0.000434717,-0.0127626,0.00943903,0.00299224,0.000258413,0.0334826,-0.0078095,0.0319885,0.000317678,0.00175371,-0.00741964,34.9797,-0.00685513,-0.00349434,0.417232
17.8,0.999731,-0.0193709,0.000432304,-0.012774,0.00306595,0.0018378,-0.00679338,0.0334817,-0.00780767,0.0320365,0.000691544,0.002338,-0.00817541,37.0841,0.00222829,0.00344211,0.303686
17.82,0.999731,-0.0193683,0.00042472,-0.0127692,-0.00208325,0.00766443,-0.0044309,0.0334791,-0.00779657,0.0320652,0.000640721,0.00270097,-0.00807813,36.9497,-0.00404238,0.00107132,0.37191
17.84,0.999732,-0.0192905,0.000417958,-0.0127682,0.0110849,-0.00370011,0.00577852,0.0334728,-0.00778238,0.0320958,0.00104917,0.00306661,-0.0110708,36.2485,-0.00139617,-0.00592537,0.394333
17.86,0.999732,-0.0193032,0.00043037,-0.0127774,0.0168078,0.00106231,0.00451447,0.0334818,-0.00776417,0.0321145,0.00102723,0.00266475,-0.00946597,35.5392,-0.0109625,-0.0009282,0.49454
17.88,0.999732,-0.0193231,0.000419155,-0.0127768,0.0140329,-0.0073525,-0.000264319,0.0335043,-0.00776755,0.0321486,0.00138287,0.00295842,-0.00890372,37.4454,0.00132694,0.0174219,0.386342
17.9,0.999731,-0.0193598,0.000424463,-0.0127753,0.00311319,0.00204347,0.00165819,0.0335386,-0.00778589,0.0321985,0.0015697,0.0030504,-0.00825574,36.5855,0.0262875,0.00655893,0.402738
17.92,0.99973,-0.0193907,0.000421082,-0.0127745,0.0047988,-0.00016959,0.000137253,0.0335779,-0.00780301,0.032209,0.0018813,0.0030443,-0.00745907,34.6373,0.00445447,0.0194198,0.262896
17.94,0.999731,-0.0193555,0.000414928,-0.0127797,0.00351421,-0.00289439,-0.00712828,0.0336177,-0.00784316,0.0322532,0.00164139,0.0026829,-0.0102242,37.0668,-0.0340294,0.00801842,0.210051
17.96,0.999731,-0.0193663,0.00041368,-0.0127783,0.00175487,-0.00577981,-0.00269159,0.0336466,-0.00787182,0.0322654,0.00159984,0.00274467,-0.0100487,36.467,0.017978,0.0113314,0.460863
17.98,0.99973,-0.0193885,0.000418519,-0.0127867,0.0162584,-0.00363758,-0.000872143,0.0336704,-0.00789016,0.0322648,0.0011026,0.00272899,-0.00967623,39.2838,0.0165292,0.0178169,0.374579
18,0.99973,-0.0194165,0.00041413,-0.0127957,0.00940041,-0.0016727,-0.00241674,0.0336979,-0.00792909,0.0322837,0.00117304,0.00249691,-0.00895156,32.1884,-0.0023792,0.0173023,0.6036
18.02,0.999729,-0.0194275,0.000423923,-0.0128066,-0.00879803,0.000729479,-0.00304369,0.0337359,-0.00800345,0.0323241,0.000493282,0.00290199,-0.0110116,37.7071,0.0454914,0.0010566,0.432516
18.04,0.999729,-0.0194282,0.0004247,-0.0127868,-0.00991833,-0.00587454,0.00177228,0.0337452,-0.00806382,0.0323471,0.000105571,0.00229544,-0.0105259,35.5133,-0.00620325,0.0105278,0.40903
18.06,0.99973,-0.0194121,0.00041951,-0.0127733,0.00424981,-0.0088003,0.00330119,0.0337466,-0.00812945,0.0323732,-0.000297287,0.00219514,-0.010178,38.2163,0.0140077,-0.0124595,0.568303
18.08,0.99973,-0.0193934,0.000434068,-0.0127643,0.0199424,-0.000199297,0.00642128,0.0337417,-0.00819505,0.032401,-0.000240605,0.0017636,-0.00954895,36.4175,0.0078055,-3.57227e-05,0.620065
18.1,0.99973,-0.0194204,0.000444693,-0.0127855,0.0098897,-0.00100086,-0.00469951,0.0337716,-0.00828193,0.0324674,-9.92373e-05,0.00122508,-0.00900732,37.938,-0.00760684,0.0158645,0.42411
18.12,0.999729,-0.0194373,0.000428228,-0.0127759,-0.018043,-0.00101945,0.00135627,0.0338132,-0.00840918,0.0325114,0.000428014,0.00162759,-0.0103651,34.0506,0.0190739,0.00387381,0.43541
18.14,0.999729,-0.0194237,0.00041445,-0.0127891,-0.0131356,-0.00111287,-0.00533884,0.0338323,-0.00849704,0.0325469,3.73464e-05,0.00144208,-0.0104388,36.4525,0.00854289,-0.00909416,0.36119
18.16,0.99973,-0.0193848,0.000413743,-0.0127818,-0.00494832,-0.00338689,0.00507553,0.0338486,-0.00858409,0.0325704,-0.000179223,0.00137102,-0.0102756,36.2164,-0.0162657,-0.00612566,0.382712
18.18,0.999731,-0.0193661,0.000411715,-0.0127943,0.00702899,-0.00495831,-0.00285737,0.0338604,-0.00866266,0.032587,-0.00032329,0.00164845,-0.00995041,36.2919,-0.0270106,0.0167595,0.358878
18.2,0.99973,-0.0194215,0.000426797,-0.0127821,-0.0138545,0.00443219,-0.0014366,0.0338711,-0.00876047,0.0326767,7.27991e-05,0.00175202,-0.00678599,36.6648,-0.00761778,-0.00148534,0.735844
18.22,0.99973,-0.0194248,0.000403296,-0.0127845,-0.0164248,0.00143286,-0.000943724,0.0338761,-0.00881865,0.0327261,-0.000146511,0.00205203,-0.00656942,37.481,0.0199176,0.00942285,0.139033
18.24,0.999729,-0.0194379,0.000408238,-0.0127917,-0.0111323,-0.00687774,-0.000165856,0.0338641,-0.00887938,0.0327684,-0.000487529,0.00207905,-0.00949676,38.119,0.0260182,-0.00106402,0.470132
18.26,0.999729,-0.0194294,0.000421647,-0.0128035,-0.00720136,0.00156501,-0.00626533,0.0338561,-0.00893305,0.032801,-0.000313249,0.00250293,-0.00952798,35.854,0.00342021,0.0114951,0.614185
18.28,0.999729,-0.0194355,0.000443259,-0.0128273,0.00196087,0.00708243,-0.00512197,0.0338531,-0.00900325,0.0328706,-0.000411648,0.0018936,-0.00510945,33.4731,0.00177439,-0.0108956,0.484671
18.3,0.999729,-0.0194174,0.000451131,-0.0128243,0.00416911,0.00962909,-0.00855989,0.0338598,-0.00905086,0.0329269,-0.000266375,0.00255814,-0.00532193,38.0537,-0.00569304,-0.0168501,0.553348
18.32,0.999729,-0.0194351,0.000444694,-0.0128164,-0.010337,0.00139699,-6.36234e-05,0.033866,-0.00909633,0.0329777,-0.000340308,0.00236626,-0.00518689,35.8407,-0.00821484,0.00750403,0.558537
18.34,0.999729,-0.0194204,0.000437879,-0.0128337,-0.0142422,-0.000796326,-0.00235988,0.0338636,-0.00913764,0.0330015,-0.000125517,0.00262588,-0.00803738,36.6828,0.0190381,-0.0177493,0.565875
18.36,0.999729,-0.0194161,0.000441507,-0.0128327,-0.0119428,0.0034173,-0.0071282,0.0338647,-0.0091839,0.0330355,0.000269667,0.00241371,-0.00820066,39.0745,0.00781661,-0.00547921,0.403404
18.38,0.99973,-0.0193618,0.000464401,-0.0128474,0.0199332,0.00310783,-0.000783727,0.033847,-0.00926458,0.0330919,-0.000800506,0.00154403,-0.00484911,34.7352,0.00806926,0.00410779,0.679482
18.4,0.999729,-0.019387,0.000451981,-0.0128591,0.00181126,0.00245698,0.000994479,0.0338128,-0.00933354,0.0331409,-0.000806986,0.00168406,-0.00501634,36.196,-0.0124884,-0.00408735,0.741405
18.42,0.999729,-0.019409,0.000451276,-0.012855,-0.00650869,0.00223977,0.000198553,0.0337805,-0.00939899,0.0331859,-0.000850609,0.00161554,-0.00447864,37.0499,-0.037244,0.00360641,0.599559
18.44,0.999729,-0.0193854,0.000439893,-0.0128532,-0.00316006,-0.00212207,-0.00244974,0.0337411,-0.00945295,0.0332058,-0.000514274,0.00247064,-0.00721989,35.7907,0.027152,0.00185666,0.633891
18.46,0.99973,-0.0193621,0.000459865,-0.0128747,0.00229154,0.00145805,-0.00265634,0.033679,-0.00954677,0.0332515,-0.00149361,0.00102344,-0.00526784,36.889,-0.00998253,-0.0101849,0.451722
18.48,0.99973,-0.0193516,0.000463161,-0.0128777,0.021092,0.00164576,-0.00598334,0.0336407,-0.00963739,0.0332833,-0.00181567,0.00135556,-0.00475007,35.0158,0.034339,0.00944287,0.598041
18.5,0.99973,-0.0193563,0.000452619,-0.0128692,0.0120956,0.000958003,0.00305447,0.0336118,-0.00975746,0.0333143,-0.00130919,0.000926453,-0.00450111,41.3223,0.00701041,-0.0070354,0.577446
18.52,0.999729,-0.0193928,0.00045486,-0.0128761,-0.00343478,0.00590076,-0.00194593,0.0335897,-0.00987211,0.0333361,-0.000903134,0.00138065,-0.00461057,34.9516,0.0225671,0.00491499,0.322332
18.54,0.999729,-0.0193921,0.000448318,-0.0128737,-0.0060945,-0.00497841,0.0019662,0.0335639,-0.00998132,0.0333465,-0.00140456,0.000923127,-0.00452299,35.5126,0.00407818,-4.99518e-05,0.446384
18.56,0.999729,-0.0193879,0.000459776,-0.0128709,0.00893215,-0.00434033,0.00621303,0.0335107,-0.0101531,0.0333429,-0.00166782,0.000536477,-0.00628079,36.9554,-0.00345763,-0.0470948,0.562165
18.58,0.999729,-0.0193774,0.000469209,-0.012895,0.0169507,0.00274023,-0.00112292,0.0334771,-0.0102697,0.0333567,-0.00195301,0.000287374,-0.00561385,35.5386,-0.005116,0.00128076,0.472831
18.6,0.999728,-0.019397,0.000475358,-0.012915,0.0117586,0.00448224,-0.00373447,0.0334454,-0.0103945,0.0333846,-0.00178045,0.000115662,-0.0053395,39.2663,0.0139053,0.000746657,0.609371
18.62,0.999728,-0.019404,0.000461458,-0.012905,0.0112428,0.00310697,0.00467649,0.0334124,-0.0105136,0.0333979,-0.00190494,0.000451616,-0.0054085,34.9567,-0.000575948,-0.00382209,0.679285
18.64,0.999729,-0.0194057,0.000458965,-0.012893,-0.00333433,-0.00681761,0.0014757,0.0333568,-0.0106857,0.0333968,-0.00150904,0.000604045,-0.00849289,34.8422,0.0173937,-0.030951,0.588356
18.66,0.999729,-0.0193981,0.000459496,-0.0129006,0.00146911,-0.0041225,0.000154941,0.0333153,-0.0108042,0.0333877,-0.00187096,-0.000428784,-0.00740637,36.4053,-0.0213795,-0.0119543,0.394996
18.68,0.999729,-0.0194138,0.000475163,-0.0128811,0.00260735,-0.00306048,0.00397073,0.0332763,-0.0109206,0.0333796,-0.00209151,-0.000424442,-0.00667455,35.7237,0.0180654,-0.01019,0.591679
18.7,0.999729,-0.019412,0.000472749,-0.012884,0.0142951,-0.00135708,0.00124455,0.0332375,-0.0110505,0.0333958,-0.00177573,-0.000492879,-0.00631345,35.4007,-0.0205221,-0.0029196,0.413853
18.72,0.999728,-0.0194418,0.000467567,-0.0128749,-0.00815764,-0.00444696,0.000401215,0.033184,-0.0112286,0.0333882,-0.00135128,0.000788745,-0.00746812,39.8206,0.0272979,0.00699146,0.528347
18.74,0.999728,-0.0194423,0.00046367,-0.0128725,-0.00871846,-0.00212613,-0.00368982,0.0331417,-0.0113393,0.0333763,-0.0015594,0.000821731,-0.00801342,36.0871,0.00679912,0.014741,0.518233
18.76,0.999728,-0.0194341,0.000470186,-0.0128826,0.00356875,-0.00404919,0.000288097,0.0330919,-0.0114486,0.0333462,-0.00192405,9.94818e-05,-0.00821675,35.8462,-0.0255712,-0.0114624,0.563343
18.78,0.999728,-0.019438,0.000452602,-0.0128823,0.0024726,-0.00678673,0.00305111,0.0330472,-0.0115525,0.0333217,-0.00206296,0.000196984,-0.00774697,39.0292,-0.00112577,0.00336592,0.706983
18.8,0.999728,-0.0194317,0.000473959,-0.0128963,0.00915999,-0.00017483,-0.00331189,0.0329591,-0.0116321,0.0333492,-0.00219353,0.000414773,-0.00741741,33.7064,-0.00488242,-0.0156682,0.644393
18.82,0.999727,-0.0194654,0.000464867,-0.012909,-0.00284723,-0.00383354,-0.000877559,0.032831,-0.0117461,0.0333648,-0.00162935,0.000600161,-0.00646384,37.4033,0.00327529,0.00761774,0.542917
18.84,0.999727,-0.0194561,0.00047052,-0.0129184,-0.0143704,-0.0023879,0.002759,0.0327453,-0.0118293,0.0333722,-0.00159204,0.000256886,-0.00739568,39.3282,-0.00592285,0.0176761,0.572126
18.86,0.999727,-0.0194489,0.000465006,-0.0129146,-0.0154658,-0.00159327,0.00212028,0.0326607,-0.01192,0.0333684,-0.00143838,-0.000636336,-0.00774262,35.2533,0.000836364,-0.0247488,0.541769
18.88,0.999727,-0.0194473,0.000472668,-0.0129269,-0.00101613,-0.00365548,0.000557632,0.0325746,-0.0120181,0.0333602,-0.00207762,-0.00103853,-0.00853893,37.3407,0.0120502,-0.0182902,0.486591
18.9,0.999726,-0.0195112,0.000492951,-0.0129106,-0.00340978,0.0011891,-0.00203777,0.0324191,-0.0120591,0.0334202,-0.0017651,-0.000745418,-0.00653977,35.89,0.00625314,0.0158416,0.362871
18.92,0.999726,-0.0195059,0.000487356,-0.0128978,-0.0162869,-0.00372954,0.00244352,0.0323217,-0.0120812,0.0334423,-0.00134185,-1.41163e-06,-0.00726144,38.7959,0.00883228,0.017607,0.633538
18.94,0.999727,-0.0195082,0.000489547,-0.0128885,-0.0129946,-0.001917,0.00393641,0.0322291,-0.0120958,0.0334542,-0.00171899,0.000152592,-0.00729814,34.9393,0.00169657,-0.0177759,0.471721
18.96,0.999726,-0.0195006,0.00049616,-0.0129113,-0.0152056,0.00183608,-0.0034414,0.0321287,-0.0121143,0.0334609,-0.00188183,-0.000245138,-0.00772524,36.4283,-0.00864173,0.0105126,0.497835
18.98,0.999726,-0.0195078,0.000500439,-0.0129086,-0.00787659,-0.00107128,0.000441095,0.0320252,-0.0121338,0.0334364,-0.00224899,-0.000100514,-0.0101242,36.3173,0.00539422,0.00311597,0.55424
19,0.999726,-0.0195178,0.000518218,-0.012914,-0.00635791,0.00794798,-0.00156872,0.0318777,-0.0120835,0.0334972,-0.00220612,-0.00036757,-0.00583855,34.246,-0.00927088,-0.019919,0.793158
19.02,0.999726,-0.0195082,0.000497257,-0.0129056,-0.00297617,-0.0013007,-0.00438404,0.0317881,-0.0120304,0.0335499,-0.00125921,-0.000242244,-0.0071487,39.8912,0.0186045,-0.00606679,0.521763
19.04,0.999726,-0.0195172,0.000494044,-0.0129089,-0.0134166,0.00155519,-0.00406879,0.0317012,-0.0119825,0.0335985,-0.00198257,-0.000137692,-0.00712223,36.9402,-0.00351021,-0.00236485,0.423727
19.06,0.999726,-0.0195089,0.000496155,-0.0129091,-0.00819741,0.00271269,-0.00462755,0.0316026,-0.0119389,0.0336416,-0.00257188,-0.000269544,-0.00742783,37.9009,0.0067087,-0.00205645,0.426654
19.08,0.999727,-0.0194902,0.000500618,-0.0129012,0.0160536,-0.00165459,0.00211519,0.0314534,-0.0118516,0.0337321,-0.00323865,-0.00123,-0.00665523,34.8035,-0.00320108,-0.0201649,0.484382
19.1,0.999726,-0.0195173,0.000501384,-0.0129125,0.00269685,0.00185467,-0.0022324,0.0313605,-0.0117603,0.0338277,-0.00332657,-0.00123161,-0.00610047,36.0197,0.00826295,0.0228504,0.383457
19.12,0.999726,-0.0195375,0.000503166,-0.0128977,0.00237751,0.00613015,0.00198556,0.0312633,-0.0116724,0.0338979,-0.00312533,-0.000476062,-0.00664245,37.7189,0.0099743,0.00375639,0.595412
19.14,0.999726,-0.0195266,0.000492795,-0.0129019,-0.00311496,0.00466508,0.00217694,0.0311668,-0.0115874,0.0339645,-0.00316132,-0.000430466,-0.00629505,35.6095,0.0399598,0.0122133,0.458744
19.16,0.999727,-0.0194944,0.000488161,-0.0128831,0.0120758,-0.000194778,0.00411903,0.0310103,-0.0114749,0.0340617,-0.00412412,-0.00122033,-0.00740584,36.9613,0.0177367,-0.0237944,0.53106
19.18,0.999726,-0.019527,0.000499169,-0.0128917,0.0124209,0.00209823,-0.0080792,0.0309202,-0.0113702,0.0341586,-0.00446561,-0.00127663,-0.00742363,36.7874,-0.016494,0.0112032,0.422137
19.2,0.999726,-0.0195303,0.000488112,-0.0128939,0.00730307,0.00136304,-0.000380804,0.0308415,-0.0112318,0.0342861,-0.00459486,-0.00104684,-0.0069474,37.1186,0.00354608,0.0165986,0.365037
19.22,0.999726,-0.0195413,0.000484826,-0.0129073,0.0105046,-0.00121061,-0.00273086,0.0307653,-0.0110961,0.0343989,-0.00437936,-0.00087121,-0.00613517,36.3447,-0.0158706,-0.00531792,0.410676
19.24,0.999726,-0.0195367,0.000489336,-0.0129239,0.00525617,0.00851441,-0.000248012,0.0306796,-0.0109631,0.0344905,-0.00430905,-0.00023193,-0.00545723,36.0482,-0.0049053,0.000249424,0.336383
19.26,0.999726,-0.0194963,0.000487497,-0.0129203,0.00542981,-0.00262881,-0.00631744,0.0305458,-0.0107852,0.0346293,-0.00491371,-0.00102182,-0.00783067,36.9031,0.0134439,0.0161064,0.467277
19.28,0.999726,-0.0195156,0.000493336,-0.0128993,0.00623686,-0.000862087,0.00880117,0.0304716,-0.0106641,0.0347624,-0.00521624,-0.00137319,-0.00751536,38.3287,0.0269034,0.00886365,0.491343
19.3,0.999726,-0.0195543,0.00050615,-0.0129022,0.0105472,0.000718682,-0.0047927,0.0304142,-0.0105337,0.034944,-0.00534367,-0.00114101,-0.00674461,35.0874,-0.012032,0.00735203,0.540775
19.32,0.999725,-0.0195527,0.00051624,-0.0129119,0.015083,0.00361234,0.00108699,0.0303602,-0.0104101,0.0351138,-0.00537423,-0.00139187,-0.00636938,37.2085,-0.00225418,-0.00560175,0.558453
19.34,0.999726,-0.0195321,0.000503327,-0.0129132,-0.00199084,-0.00742909,9.0668e-05,0.0302666,-0.0102418,0.0353298,-0.00518133,-0.00058317,-0.00877109,34.5631,-0.0123728,-0.00676944,0.557244
19.36,0.999726,-0.0195086,0.000512419,-0.0129225,0.00467164,-0.00204641,-0.00265864,0.0302028,-0.0101382,0.0354517,-0.0050942,-0.00123075,-0.00857592,38.4552,0.0101535,0.00229191,0.427905
19.38,0.999726,-0.0195014,0.000503194,-0.0129103,0.00395597,-0.00491119,0.000822879,0.0301425,-0.0100421,0.0355543,-0.00492872,-0.00114737,-0.00885098,38.6734,0.0114465,-0.00240904,0.620555
19.4,0.999726,-0.0195169,0.000500624,-0.0129238,0.00708013,-0.00867898,-0.00494092,0.0300954,-0.0099291,0.0357349,-0.00486968,-0.000879519,-0.00840082,35.1391,-0.00657443,0.00894477,0.48549
19.42,0.999726,-0.0195199,0.000514219,-0.0129214,0.00169479,0.00217138,-0.00110441,0.0300543,-0.00981875,0.0358995,-0.00429036,-0.00102354,-0.00794803,34.6684,0.00696726,0.01303,0.6112
19.44,0.999725,-0.0195557,0.000494859,-0.0129054,-0.0157107,0.000690095,0.00161585,0.0299972,-0.00965887,0.036093,-0.00337767,-9.54758e-07,-0.009484,38.787,-0.00471133,-0.0138833,0.548617
19.46,0.999725,-0.0195672,0.000485853,-0.0129066,-0.00993085,-0.007072,-0.00200155,0.0299578,-0.00955846,0.0362156,-0.00373286,-0.000308617,-0.00929633,35.0117,-0.00601566,0.00247712,0.250968
19.48,0.999725,-0.0195585,0.000483774,-0.012928,-0.00134995,-0.00880146,0.00132906,0.029916,-0.00946418,0.03632,-0.00383731,-0.000330545,-0.00949673,35.2067,0.0109426,-0.00719017,0.439679
19.5,0.999726,-0.0195297,0.000495243,-0.0129336,0.00758593,-0.0031705,-0.000821749,0.0298721,-0.00938943,0.036467,-0.00389939,-0.000600544,-0.00932233,36.7809,-0.00698786,0.0113041,0.480092
19.52,0.999725,-0.0195771,0.000483359,-0.0129296,-0.0143227,0.00100513,-0.00163686,0.0298355,-0.00929846,0.036737,-0.00297534,-0.000320476,-0.00618121,35.434,0.0180018,-0.0120556,0.487998
19.54,0.999725,-0.0195682,0.000484383,-0.0129429,-0.014044,-0.00443876,0.0007318,0.029824,-0.00923912,0.0369028,-0.0022912,-0.00037515,-0.00576833,35.5374,0.0133002,-0.0189158,0.61285
19.56,0.999725,-0.0195728,0.000488626,-0.0129392,-0.00848952,-0.00262239,-0.00247692,0.0298131,-0.00918124,0.0370558,-0.00187208,0.000456787,-0.00870373,36.8073,0.0197372,-0.00253453,0.54463
19.58,0.999725,-0.0195463,0.000478521,-0.0129453,-0.0108645,-0.00639097,0.00204159,0.0298088,-0.00912085,0.0371944,-0.00145207,0.000591644,-0.00881856,35.4085,0.00484841,0.0205515,0.391975
19.6,0.999725,-0.0195679,0.000493809,-0.0129398,-0.00123531,0.00393241,-0.00322845,0.0298131,-0.00899652,0.0375319,-0.00167891,0.000346822,-0.00468488,35.9527,0.0129266,0.0116571,0.568861
19.62,0.999724,-0.019613,0.000484737,-0.0129211,-0.0138174,0.00287878,-0.0011602,0.0298199,-0.00891305,0.0377299,-0.000957896,0.000988299,-0.00515819,36.7267,-0.00371657,-0.0131529,0.572947
19.64,0.999724,-0.0196072,0.000502363,-0.0129313,-0.00918202,0.0067793,0.00148027,0.0298351,-0.0088301,0.037912,-0.000488684,0.000784333,-0.00508204,34.565,0.008216,0.0168378,0.54383
19.66,0.999724,-0.0196145,0.000506846,-0.0129271,-0.0189759,0.00487517,-0.00125723,0.0298466,-0.00875455,0.0380692,-0.000406637,0.00139342,-0.00825644,38.6072,0.00307428,-0.00713209,0.514696
19.68,0.999724,-0.0196019,0.000504972,-0.0129276,-0.0201833,-0.00026735,-0.00349991,0.0298555,-0.00868324,0.0382179,-0.000375529,0.00113537,-0.00827367,36.0237,0.0015187,-0.0088991,0.536711
19.7,0.999724,-0.0196023,0.000524966,-0.0129436,0.018394,0.00671506,-0.00803022,0.0298876,-0.00860064,0.038482,-0.00148175,0.000336953,-0.00485212,36.1727,-0.00408559,-0.00760703,0.453312
19.72,0.999724,-0.0196179,0.000515205,-0.0129269,0.00337147,0.00127415,0.00571274,0.0299023,-0.00854724,0.0386388,-0.00164043,0.000527301,-0.00471807,35.7434,0.0305057,0.0229369,0.286453
19.74,0.999724,-0.0196139,0.00050993,-0.0129171,-0.00457329,0.00255905,0.0029898,0.0299134,-0.00849485,0.0387773,-0.00151733,0.000544802,-0.00521092,36.6447,0.0160492,-0.00765829,0.581864
19.76,0.999724,-0.0196286,0.000507359,-0.0129283,-0.00564036,0.00833456,-0.00534112,0.0299196,-0.0084488,0.0388955,-0.0016976,0.000233484,-0.00547445,36.1986,0.0130072,-0.00447487,0.40749
19.78,0.999724,-0.0196195,0.000496354,-0.0129334,0.0115849,-0.00211151,-0.00451264,0.0299255,-0.00839929,0.039064,-0.00207605,-0.000818403,-0.00623424,36.7822,-0.00295041,-0.00125658,0.498967
19.8,0.999724,-0.0196261,0.000500067,-0.0129167,0.0119988,6.51002e-05,0.0116172,0.0299408,-0.00836363,0.0391645,-0.00239577,-0.000939907,-0.00550415,38.0385,-0.00174063,-0.012323,0.497974
19.82,0.999724,-0.0196402,0.000507941,-0.0129151,0.00656774,0.00401041,-0.000447308,0.0299502,-0.0083306,0.0392545,-0.00211652,-0.00102036,-0.00516964,34.4594,0.0023143,0.0186683,0.471914
19.84,0.999723,-0.0196538,0.000531488,-0.0129268,0.0039071,0.00881174,-0.00455958,0.0299631,-0.00830195,0.0393278,-0.00193614,-0.000916127,-0.00536295,36.8155,0.0179091,0.0024642,0.418717
19.86,0.999723,-0.019662,0.000524746,-0.0129157,-0.00299726,0.00734045,-0.00214412,0.0299719,-0.0082748,0.0393889,-0.00215724,-0.00099334,-0.00525515,38.9509,0.00509995,-0.00121663,0.333593
19.88,0.999724,-0.0196096,0.000515934,-0.0129194,0.00849155,0.000756073,0.000390892,0.029995,-0.00824912,0.039436,-0.00220334,-0.00148572,-0.00672696,37.7856,0.020588,-0.0160475,0.61807
19.9,0.999724,-0.0196056,0.000509375,-0.0129344,0.0109128,0.000701657,-0.00272976,0.0300446,-0.00821921,0.039435,-0.00238744,-0.00184537,-0.00613512,37.7709,0.0045212,-0.00126352,0.605719
19.92,0.999724,-0.0196003,0.000512004,-0.0129282,0.0129931,0.00579454,-0.00186833,0.0300908,-0.00819992,0.0394324,-0.00206439,-0.00207714,-0.00570022,35.0618,0.0200887,0.00532603,0.62838
19.94,0.999725,-0.0195779,0.000509369,-0.0129182,0.0234864,0.00605122,-3.75809e-05,0.0301391,-0.00818466,0.0394279,-0.00199391,-0.00197226,-0.00517199,37.0648,-0.000196506,-0.00856542,0.847743
19.96,0.999725,-0.0195697,0.000497829,-0.012908,0.00277344,-0.000806062,0.00311244,0.03021,-0.00817054,0.0394123,-0.0010613,-0.00100793,-0.0079839,34.7521,-0.0101325,0.017454,0.376058
19.98,0.999725,-0.0195593,0.000502727,-0.0129103,0.00318745,-0.00547877,0.000275725,0.0302835,-0.00817535,0.0393728,-0.00172089,-0.00180211,-0.00698269,35.698,-0.00010693,-0.00805405,0.535259
20,0.999726,-0.0195323,0.000480368,-0.0129143,0.0100822,-0.000755811,0.00166433,0.0303928,-0.00818889,0.0393056,-0.00128663,-0.00173301,-0.00659618,38.6925,0.0308792,0.00851672,0.540526
20.02,0.999726,-0.0195355,0.000476145,-0.0129129,0.0123177,0.00263793,0.00146494,0.0305043,-0.00819934,0.0392316,-0.000912471,-0.00157969,-0.00632831,35.3247,0.0219915,-0.036255,0.370679
20.04,0.999725,-0.019548,0.000475411,-0.0129322,-0.00661388,-0.00076507,0.000328447,0.0306721,-0.00820674,0.0390966,0.000187072,-0.000171267,-0.00792704,39.7098,-0.00863156,-0.005899,0.491998
20.06,0.999726,-0.0195323,0.000478036,-0.0129255,-0.0104298,0.0038534,0.0013531,0.0307742,-0.00821621,0.0390063,-0.000289532,-0.00050962,-0.00776723,34.2195,0.00126555,0.0218079,0.62141
20.08,0.999725,-0.019537,0.000478425,-0.0129309,0.000791464,-0.00421679,0.00221375,0.030884,-0.00825649,0.0389032,-0.00078004,-0.00172836,-0.00791546,37.5571,0.00839111,-0.00684719,0.57879
20.1,0.999726,-0.0195206,0.000470127,-0.0129342,-0.00106847,-0.003605,0.00248917,0.0310172,-0.00830911,0.0387664,-0.000819048,-0.00186022,-0.0081081,40.0773,0.0128128,-0.0196268,0.490589
20.12,0.999726,-0.0195276,0.000487351,-0.012931,0.00521906,0.00276342,0.00441974,0.0311417,-0.00835927,0.0386258,-0.000837859,-0.00172756,-0.00800755,36.6826,0.00577217,0.0127469,0.699918
20.14,0.999724,-0.0195887,0.000482732,-0.0129455,-0.0162528,0.00223956,-0.0066217,0.0313255,-0.0084135,0.0384046,0.000217399,-0.000510719,-0.00780267,31.2142,0.0190205,-0.0112453,0.643726
20.16,0.999725,-0.0195606,0.000465375,-0.012944,-0.0103865,-0.00302091,-0.00245756,0.031444,-0.00844655,0.0382547,6.67534e-05,-0.000667515,-0.00812818,34.7321,-0.00855688,0.0127672,0.54083
20.18,0.999725,-0.0195452,0.000464104,-0.0129322,-0.000877389,-0.00349452,0.00359972,0.0315568,-0.00848594,0.0380954,0.000820005,-0.00101937,-0.00986851,37.6429,0.0256507,0.012963,0.533732
20.2,0.999726,-0.0195167,0.000465288,-0.0129516,0.000403733,-0.00386807,0.00124128,0.0317305,-0.00854489,0.0378927,0.001157,-0.00117947,-0.0104214,37.3607,-0.0227561,-0.0193837,0.761944
20.22,0.999726,-0.0195123,0.000469222,-0.0129442,0.00569738,-0.00343041,-0.00450301,0.0318941,-0.00860937,0.0376726,0.000259053,-0.00198458,-0.00942874,38.1754,0.00733239,0.0306714,0.533132
20.24,0.999725,-0.0195376,0.000467156,-0.0129449,-0.00400799,0.00231428,0.00184597,0.0321329,-0.00869969,0.0373386,0.00109475,-0.00125677,-0.00942939,38.7418,0.0215216,-0.00564616,0.435995
20.26,0.999725,-0.0195303,0.00044474,-0.0129489,-0.0188861,0.000508869,-0.00250505,0.032283,-0.00875749,0.0371207,0.00123554,-0.00124068,-0.00938267,37.0533,-0.00448172,0.00812169,0.431784
20.28,0.999725,-0.019547,0.000442367,-0.0129368,-0.0114338,-0.00424429,0.00464556,0.0324252,-0.00881906,0.036906,0.00108629,-0.00153107,-0.0099809,36.4611,0.00458069,0.0195409,0.536107
20.3,0.999725,-0.0195453,0.00044058,-0.0129625,-0.0118412,-0.00137645,-0.00331219,0.0325623,-0.00896459,0.0367039,0.00135614,-0.0018472,-0.00973277,34.2548,0.0238773,-0.00105033,0.39358
20.32,0.999725,-0.0195572,0.000443818,-0.0129503,0.00334409,0.00049217,-1.24244e-05,0.0327516,-0.00918189,0.0363951,0.00101379,-0.00218495,-0.008205,34.5645,0.00350458,0.0185301,0.528991
20.34,0.999724,-0.0195803,0.000452678,-0.0129492,-0.00398669,0.0031195,0.002549,0.032871,-0.00931716,0.0362047,0.00121286,-0.00223495,-0.00877753,35.6669,-0.0076482,-0.023532,0.513622
20.36,0.999724,-0.0195987,0.000451326,-0.0129308,-0.0150178,0.00258238,-0.00142668,0.0329871,-0.00945026,0.036013,0.00140773,-0.00229443,-0.00887949,33.9635,-0.00335584,0.00796829,0.800185
20.38,0.999724,-0.0195968,0.000440535,-0.0129526,-0.0174401,-0.00131105,-0.00301978,0.0330927,-0.0095837,0.0358191,0.000836322,-0.00247712,-0.00966876,36.1421,-0.00261759,0.013303,0.543768
20.4,0.999725,-0.0195471,0.000465199,-0.0129431,0.021839,0.00023464,-0.00540338,0.0332379,-0.00985024,0.0355409,0.000231121,-0.00351587,-0.00943547,39.5548,-0.007347,-0.00997434,0.604014
20.42,0.999725,-0.0195836,0.000451821,-0.0129246,0.000653462,-0.0029728,-0.00121152,0.0333302,-0.0100423,0.0353473,-8.37683e-05,-0.00370981,-0.00883898,35.8918,0.0102308,-0.0089693,0.523374
20.44,0.999725,-0.0195847,0.000472035,-0.012927,0.0041554,0.00811939,-0.00644877,0.0334184,-0.0102327,0.0351201,0.000417998,-0.00339111,-0.00905758,39.2046,0.0015697,0.00262022,0.599393
20.46,0.999724,-0.0196124,0.00046362,-0.0129089,-0.00868955,0.00139919,0.00351844,0.0335021,-0.0104222,0.0349166,0.000697494,-0.00334138,-0.0092915,36.9671,-0.0011686,-0.0112481,0.591331
20.48,0.999725,-0.0195602,0.000472909,-0.0129111,0.0190803,0.000291192,0.00434903,0.0336077,-0.0107212,0.0346131,-0.000141209,-0.00413722,-0.0117881,35.8972,0.013755,0.0180123,0.448706
20.5,0.999725,-0.01958,0.000480103,-0.0129289,0.00917003,0.000762349,-0.000506857,0.0336702,-0.0109434,0.0344086,0.000260888,-0.00408279,-0.0118459,36.4157,-0.0010936,2.54586e-05,0.493231
20.52,0.999725,-0.0195695,0.000474478,-0.0129344,0.0134096,0.000566388,-0.00218269,0.0337329,-0.0111544,0.0342045,0.000214006,-0.00412949,-0.011142,37.3483,0.0367559,-0.0127752,0.655515
20.54,0.999724,-0.0195843,0.00047694,-0.0129316,0.0075122,0.00282449,-0.0035675,0.0337971,-0.0113529,0.0340054,0.000704005,-0.00403638,-0.0104708,35.1189,0.00369426,-0.003696,0.612169
20.56,0.999724,-0.0195979,0.000470371,-0.012922,0.00283713,0.0040493,-0.000410826,0.0338652,-0.0115459,0.0337976,0.00135653,-0.00394753,-0.00980942,37.9302,0.00202958,-0.0198339,0.709705
20.58,0.999725,-0.0195465,0.000449512,-0.0129329,0.00818798,0.00022795,-0.00301297,0.033958,-0.0118356,0.0335081,0.00108683,-0.00487661,-0.012377,33.9753,0.00440464,-0.0232728,0.615354
20.6,0.999725,-0.0195633,0.000439516,-0.0129159,0.0117039,-0.00591943,-0.000258184,0.0340411,-0.012078,0.0333404,0.00108357,-0.00549857,-0.0122161,38.4224,0.0155067,0.020201,0.568528
20.62,0.999725,-0.0195769,0.000436898,-0.0129216,0.0151569,-0.00125235,-0.00296549,0.0341171,-0.0123175,0.0331749,0.000924608,-0.00548399,-0.0118361,35.8032,0.0255936,-0.000235882,0.640811
20.64,0.999725,-0.0195684,0.000447449,-0.0129422,0.0186567,0.00359729,-0.00584001,0.0341916,-0.012546,0.0329984,0.000956612,-0.0054093,-0.0117554,37.1303,-0.0102731,0.00585384,0.674728
20.66,0.999725,-0.0195649,0.000423031,-0.0129604,-0.00295034,-0.00314449,-0.00577801,0.0343088,-0.0128767,0.0326896,0.00191539,-0.00444898,-0.0137439,37.3861,0.0215302,0.00432533,0.57591
20.68,0.999725,-0.0195307,0.000421088,-0.0129478,0.00175775,-0.00495913,-0.00139949,0.0343832,-0.0130919,0.0325035,0.00180305,-0.00528614,-0.0133679,36.8645,0.00552447,0.0197171,0.660302
20.7,0.999726,-0.0195186,0.000414152,-0.0129502,0.0028505,-0.000800522,0.000199347,0.0344821,-0.0133513,0.0323604,0.00252583,-0.00602983,-0.0131907,37.9483,0.0159294,0.00857409,0.495763
20.72,0.999726,-0.0195113,0.000429943,-0.012945,0.0137919,-0.0018436,0.000652658,0.0345888,-0.0136095,0.0322159,0.00250168,-0.00617241,-0.0127618,31.9594,0.0158101,0.0122707,0.5435
20.74,0.999725,-0.0195377,0.000408257,-0.0129556,0.0106712,-0.00416455,-0.00407633,0.0346938,-0.0138612,0.0320657,0.0028586,-0.006536,-0.0125165,35.8213,0.0147762,-0.00795778,0.514135
20.76,0.999724,-0.0195891,0.000398078,-0.0129464,-0.0222148,-0.00163194,-0.00275505,0.034856,-0.014213,0.0318412,0.0036629,-0.00581853,-0.0132117,37.8324,-0.0109456,-0.0141034,0.675252
20.78,0.999724,-0.0195965,0.000397415,-0.0129357,-0.00957484,-0.00198782,-0.00538011,0.0349551,-0.0144334,0.0316963,0.00340931,-0.00568148,-0.013634,37.2221,-0.0146485,0.018297,0.521046
20.8,0.999724,-0.019604,0.000385637,-0.0129409,-0.00531043,-0.00323301,0.00240821,0.0351011,-0.0147132,0.031576,0.00323246,-0.006046,-0.013251,38.1298,0.010495,0.0151582,0.428679
20.82,0.999724,-0.0195975,0.000373328,-0.0129475,0.00410383,-0.00778522,0.00220394,0.0352367,-0.0149894,0.031457,0.00267617,-0.00635455,-0.0129835,35.6877,-0.00172332,0.0030641,0.560047
20.84,0.999724,-0.0195937,0.000364149,-0.0129529,-0.0109885,0.0019388,-0.00265939,0.0354304,-0.0153934,0.0312646,0.00327012,-0.00675015,-0.00990671,37.7013,-0.0100786,-0.0232888,0.58917
20.86,0.999724,-0.019598,0.000373598,-0.0129539,-0.0135034,0.00709715,0.00112961,0.0355616,-0.0156655,0.0311051,0.0034012,-0.00638992,-0.0127298,34.3776,0.0189476,0.00504923,0.591215
20.88,0.999724,-0.0196031,0.000360122,-0.0129432,-0.0104349,-0.00366628,-0.000400986,0.0356803,-0.0159257,0.0309684,0.00329615,-0.00660226,-0.0131144,39.4056,0.0268099,0.00309554,0.478789
20.9,0.999724,-0.019585,0.00037389,-0.0129692,-0.00928215,-0.00295493,-0.00640717,0.0358327,-0.0161985,0.030846,0.00312876,-0.00701633,-0.0136249,34.6153,0.0181884,0.0098136,0.541982
20.92,0.999725,-0.0195744,0.000379359,-0.0129436,0.0050635,0.00805199,-0.00281311,0.0360606,-0.0166018,0.0306442,0.00287723,-0.00790568,-0.00959294,37.7821,0.00509594,0.00304639,0.732536
20.94,0.999725,-0.0195732,0.000370285,-0.0129544,-0.00962653,0.000873219,-0.00773457,0.036204,-0.0168635,0.0305026,0.00282294,-0.00791994,-0.00966234,37.2428,0.0152353,0.00485619,0.492076
20.96,0.999724,-0.01958,0.000363636,-0.0129531,-0.0105365,-0.000698998,-0.00376863,0.03633,-0.0171009,0.0303825,0.00295363,-0.0076401,-0.00976123,35.1625,0.00829308,-0.014128,0.595753
20.98,0.999724,-0.0195861,0.00036615,-0.0129509,-0.0103073,-0.0012991,0.00468464,0.0364483,-0.017345,0.0302472,0.00291514,-0.00708648,-0.012423,36.6139,0.0186373,0.00374936,0.528347
21,0.999724,-0.0195887,0.000373916,-0.012946,-0.0111573,0.00152086,-0.00238438,0.0365515,-0.0175672,0.0301435,0.00252526,-0.00735192,-0.0129995,35.4804,0.00750836,0.0319064,0.636863
21.02,0.999724,-0.0195969,0.000401336,-0.0129563,0.0083817,0.00627611,-0.000339942,0.0366961,-0.0178927,0.0299762,0.00142942,-0.00847645,-0.00945116,35.7275,0.0214199,-0.0127004,0.541465
21.04,0.999724,-0.0195888,0.000384958,-0.0129514,0.00358161,0.00646821,-0.00212025,0.0367799,-0.0181107,0.0298549,0.00170425,-0.00887071,-0.00921555,38.0492,0.0112745,0.0140023,0.604764
21.06,0.999724,-0.0195908,0.000374172,-0.0129548,-0.00359764,0.00195315,-0.000821938,0.0368653,-0.0183305,0.0297241,0.00176219,-0.0088994,-0.00966941,34.8758,0.0141996,0.0139924,0.416197
21.08,0.999724,-0.0195971,0.000369465,-0.0129335,-0.00783979,0.00139477,0.00189984,0.036947,-0.0185505,0.0295914,0.00188418,-0.00928176,-0.00958433,36.0012,0.00395659,-0.0173416,0.639834
21.1,0.999725,-0.0195572,0.000400946,-0.0129364,0.0157767,0.002403,0.00336857,0.037052,-0.0188937,0.0294218,0.00201525,-0.0101815,-0.0107987,36.7807,-0.000798615,0.00940724,0.637339
21.12,0.999725,-0.0195564,0.000393073,-0.0129308,0.0145048,0.00263898,-0.0034712,0.0371211,-0.0191118,0.0293153,0.00222729,-0.0101931,-0.010237,36.1833,0.0162665,0.0028267,0.589127
21.14,0.999725,-0.0195445,0.000381951,-0.012938,0.0135005,0.00235735,-0.00215969,0.0371895,-0.0193258,0.0292016,0.0024845,-0.0101668,-0.00993176,36.9291,0.0383279,-0.0195442,0.623508
21.16,0.999725,-0.0195628,0.000378339,-0.0129416,0.0021189,0.00280492,-0.00265154,0.0372601,-0.0195265,0.029084,0.00300473,-0.0100201,-0.00980355,35.1157,-0.0177452,-0.0107383,0.650205
21.18,0.999725,-0.019549,0.000382236,-0.0129623,-0.00180562,0.00342317,-0.00506182,0.0373356,-0.0197062,0.028972,0.00303597,-0.0096322,-0.00969158,37.0115,0.0200311,0.0130422,0.502269
21.2,0.999726,-0.0195017,0.000396823,-0.0129648,0.00271806,0.000277262,0.00213915,0.0374414,-0.0199904,0.0288511,0.00336913,-0.00952002,-0.0113279,38.5472,-0.00950654,-0.00922117,0.621332
21.22,0.999726,-0.0195021,0.000385629,-0.0129622,0.00775717,-0.00276274,-0.00249423,0.0375083,-0.0201647,0.0287824,0.00320666,-0.00986067,-0.0110327,34.778,0.00495783,0.000943541,0.63024
21.24,0.999726,-0.0194952,0.00038653,-0.0129627,0.0201468,0.00655865,-0.00329092,0.0375729,-0.0203364,0.0287063,0.00329965,-0.00976707,-0.0102085,37.6969,0.0107262,-0.0125272,0.448237
21.26,0.999726,-0.0194811,0.00038865,-0.0129686,0.0197505,0.00718404,-0.00414379,0.0376405,-0.0205054,0.0286274,0.00354093,-0.00937091,-0.00961561,37.4146,0.00612899,0.0125064,0.617119
21.28,0.999727,-0.0194591,0.000377891,-0.0129623,-0.00293946,-0.00317,0.00401094,0.0377459,-0.0207448,0.0285215,0.00459654,-0.00846165,-0.0128763,36.2885,0.0325797,-0.0289862,0.581947
21.3,0.999727,-0.0194061,0.00038463,-0.0129764,0.00559931,0.00197505,0.00553726,0.0378242,-0.0208985,0.028463,0.00339162,-0.00948957,-0.0117883,37.9033,-0.00468327,-0.00343548,0.491531
21.32,0.999728,-0.0193998,0.00038742,-0.0129689,0.0100432,-0.00312231,0.00298669,0.037887,-0.0210484,0.0284157,0.00324893,-0.00977032,-0.0114346,36.3168,0.00649602,0.0144074,0.55347
21.34,0.999728,-0.019373,0.000388668,-0.0129765,0.0128255,-0.00323072,-0.00404218,0.0379457,-0.0211867,0.0283633,0.00222354,-0.00827477,-0.0132879,32.827,0.0252322,0.00454467,0.473874
21.36,0.999728,-0.0193651,0.000398892,-0.0129795,0.0118964,0.00280127,0.00505369,0.0379901,-0.0213196,0.0282607,0.00213671,-0.00804834,-0.0109141,37.2463,-0.0079389,0.0121985,0.541869
21.38,0.999728,-0.0193896,0.000384544,-0.0129797,0.0078023,-0.00172291,0.00412332,0.0380585,-0.0214641,0.0281616,0.00183915,-0.00768476,-0.010639,36.7206,0.0142185,-0.00362074,0.550147
21.4,0.999728,-0.0193563,0.00038807,-0.012987,0.00154246,-0.00368963,0.00151354,0.0380733,-0.0214948,0.0281557,0.00209603,-0.00746982,-0.0141301,34.5793,0.0321498,0.021802,0.545684
21.42,0.999729,-0.019341,0.000381043,-0.0129946,0.00860756,-0.00215231,-0.00169626,0.0381067,-0.0215569,0.0281294,0.00204498,-0.00745682,-0.0143788,34.2541,0.0163612,-0.0233794,0.441151
21.44,0.999729,-0.0193379,0.000382717,-0.0129872,0.0051284,-0.00383935,-0.00209324,0.0381398,-0.0216159,0.028093,0.00193249,-0.00720324,-0.0139061,39.2614,0.00654206,0.0112832,0.370636
21.46,0.999728,-0.0193862,0.000389306,-0.0129839,-0.0198097,0.00627812,0.000604161,0.0381955,-0.0216908,0.0280099,0.0029718,-0.0062444,-0.0118284,37.8589,-0.00172077,-0.0121896,0.485291
21.48,0.999729,-0.0193482,0.000387664,-0.0129816,-0.0145444,-0.000298582,0.00298742,0.0382452,-0.021697,0.0279579,0.00295344,-0.00577816,-0.0145113,36.0589,0.0104315,0.0329835,0.581741
21.5,0.999729,-0.019341,0.000392403,-0.0129697,-0.0110569,-0.00217711,0.0061214,0.0382909,-0.0216542,0.0279338,0.00236355,-0.00608798,-0.014738,33.9806,-0.0110751,0.00689126,0.600232
21.52,0.99973,-0.0193001,0.000382048,-0.0129761,-0.00474902,-0.00723737,-0.00189451,0.0383251,-0.021617,0.0278965,0.00186188,-0.00593985,-0.0146871,38.3264,0.0263185,-0.0133832,0.631742
21.54,0.999729,-0.0193041,0.000394196,-0.0129939,-0.00311261,0.00344471,-0.000275444,0.0383598,-0.0215648,0.0278183,0.000893332,-0.00639112,-0.0110386,33.8587,0.00328828,-0.0038047,0.601376
21.56,0.999729,-0.0193103,0.000376214,-0.0129721,-0.0083519,0.0029273,0.00227702,0.0383792,-0.0215401,0.0277474,0.0013052,-0.0064329,-0.0116146,36.1473,-0.00758145,0.000272238,0.397384
21.58,0.99973,-0.0192891,0.00038553,-0.0129915,-0.00561191,0.00249527,-0.0035991,0.0384032,-0.0215201,0.0276651,0.00229038,-0.00564644,-0.0144284,37.8839,0.022197,0.0192696,0.610323
21.6,0.99973,-0.0192799,0.000368146,-0.0129848,-0.0169494,-0.00115372,0.000561335,0.038418,-0.0214005,0.0276953,0.00182245,-0.00557678,-0.0144552,36.9462,0.00397382,0.0395686,0.431592
21.62,0.99973,-0.019262,0.00036227,-0.0129751,-0.0133142,-0.00518289,-0.00213651,0.0384338,-0.0212947,0.0277159,0.00214785,-0.00594496,-0.0145847,37.2699,-0.000785105,0.013482,0.433083
21.64,0.99973,-0.0192594,0.000377814,-0.0129762,-0.000850165,0.00465678,0.000450552,0.0384605,-0.0211526,0.0277203,0.00145116,-0.00652031,-0.0107245,35.9093,0.0223318,-0.00300436,0.502678
21.66,0.999731,-0.0192405,0.000366401,-0.0129793,0.000584052,-0.000157326,0.00186349,0.038478,-0.0210653,0.0277068,0.00159183,-0.00643087,-0.0106979,34.6111,0.00617454,-0.000837372,0.482674
21.68,0.999731,-0.0192146,0.000366675,-0.0129796,-0.00959898,0.00415007,-0.00240801,0.0384998,-0.020993,0.02766,0.00209322,-0.0056106,-0.0131281,34.9937,0.0114794,-0.0197101,0.277311
21.7,0.999731,-0.019213,0.000366049,-0.0129794,-0.0131683,0.00420535,-0.00230373,0.0385131,-0.0208394,0.0277087,0.00205258,-0.00533157,-0.0136516,36.3632,0.0167101,0.00804085,0.52141
21.72,0.999732,-0.019191,0.000382932,-0.0129767,0.0187469,0.00344796,0.00195322,0.0385304,-0.0206279,0.0277592,0.00146214,-0.0061559,-0.0113913,37.2302,0.0133305,0.0352105,0.328901
21.74,0.999731,-0.0192111,0.000379125,-0.0129727,0.00525362,0.00275854,-0.00510782,0.0385457,-0.0204882,0.027771,0.00161635,-0.00561297,-0.0105585,38.0817,0.016745,-0.00792128,0.346652
21.76,0.999731,-0.019214,0.0003901,-0.0129699,0.00289267,0.00487929,-0.00362406,0.0385651,-0.0203511,0.0277699,0.00180683,-0.00526446,-0.010388,37.3061,-0.000346299,0.00226185,0.503226
21.78,0.999731,-0.0192115,0.00037884,-0.0129648,-0.00431873,0.00324607,-0.00590102,0.038584,-0.0202119,0.0277626,0.00205538,-0.00458743,-0.0107941,35.6628,-0.00959107,0.00450279,0.532256
21.8,0.999732,-0.0191607,0.000373632,-0.0129755,0.00642986,0.000873102,-0.00156495,0.038591,-0.0199296,0.027842,0.00147313,-0.00458498,-0.0118167,35.0854,0.0201201,-0.00142893,0.491909
21.82,0.999732,-0.019188,0.000367722,-0.0129758,0.0088052,0.00145009,-0.00222361,0.0385957,-0.0197485,0.0278794,0.00197464,-0.00414095,-0.0115404,35.8014,0.012008,0.0118892,0.421458
21.84,0.999732,-0.0191867,0.000362266,-0.0129558,0.0108127,0.00341288,0.00337748,0.0386087,-0.0195695,0.0279062,0.00206139,-0.00367081,-0.0111581,34.619,0.0031493,0.00625749,0.320089
21.86,0.999731,-0.0192093,0.000364286,-0.0129657,0.0100123,-0.00173271,0.00449843,0.038622,-0.0193903,0.0279175,0.00232718,-0.00339903,-0.0107609,39.3061,0.0113091,0.022068,0.41192
21.88,0.999731,-0.0192221,0.000377098,-0.012964,0.00431883,0.0076227,-0.000779255,0.0386432,-0.0192127,0.0279138,0.0026203,-0.00279602,-0.0103528,34.08,0.00245266,-0.0208501,0.508113
21.9,0.999732,-0.019165,0.000351278,-0.0129647,0.00126152,-0.0056112,5.93208e-05,0.0386829,-0.0188762,0.0279462,0.00233783,-0.00245227,-0.0119035,40.2118,0.0101558,-0.000860243,0.517603
21.92,0.999733,-0.0191342,0.000367519,-0.0129768,0.0135502,0.00188638,-0.0074634,0.0387043,-0.0186653,0.0279601,0.002526,-0.00255785,-0.0117811,35.694,0.00869467,-0.00934907,0.349284
21.94,0.999733,-0.0191193,0.000366967,-0.0129859,0.0167087,0.000553724,-0.00556462,0.038725,-0.0184636,0.0279627,0.00205902,-0.0024661,-0.0111658,36.241,-0.00882207,-0.00776272,0.600383
21.96,0.999732,-0.0191568,0.000360779,-0.0129869,0.00279532,-0.000256228,-0.00679619,0.0387424,-0.0182676,0.0279557,0.00234166,-0.00200855,-0.0105038,36.4989,0.0358727,-0.0044119,0.43286
21.98,0.999732,-0.0191522,0.000344269,-0.0130041,-0.00306804,-0.007259,0.00117738,0.0387698,-0.0179572,0.0279608,0.00288463,-0.000998844,-0.01216,35.693,-0.0107983,0.0125104,0.497949
22,0.999732,-0.0191564,0.000341196,-0.0130093,-0.00868817,-0.00704428,0.0039528,0.0387754,-0.017741,0.0279901,0.00208424,-0.00145785,-0.0121314,37.1535,0.0105268,0.00424907,0.524915
22.02,0.999732,-0.019136,0.000358459,-0.0130219,-0.00306935,-0.00338415,0.00350235,0.0387769,-0.0175322,0.0280252,0.00194834,-0.00171409,-0.0118513,37.4999,0.0043957,0.0109277,0.396257
22.04,0.999732,-0.0191378,0.000360518,-0.0130335,0.00498687,-0.00319027,0.000728083,0.0387728,-0.0173337,0.0280518,0.00145419,-0.00163461,-0.0115158,36.1,-0.011898,0.00212643,0.396705
22.06,0.999732,-0.0191379,0.000367018,-0.0130524,0.0072748,0.00338217,-0.00740359,0.0387663,-0.0171388,0.0280639,0.00129594,-0.00141562,-0.0111147,36.2841,0.0235149,0.0286262,0.33203
22.08,0.999732,-0.0191497,0.00035953,-0.0130275,-0.0064763,0.000290392,-0.00104479,0.0387591,-0.016852,0.0280887,0.00197545,-0.000558173,-0.0113656,35.6239,-0.00899159,-0.0141263,0.511059
22.1,0.999732,-0.019162,0.000364861,-0.0130231,-0.0136147,-0.00150462,-0.00116377,0.0387522,-0.0166664,0.0281332,0.00157992,-0.00105792,-0.0122971,35.8542,0.0216096,-0.00707213,0.378869
22.12,0.999732,-0.0191604,0.000374989,-0.0130172,-0.00706447,-0.00267728,-0.00122085,0.0387396,-0.0164965,0.0281912,0.0012192,-0.00164221,-0.0117689,35.8488,-0.00387157,0.0192015,0.351629
22.14,0.999732,-0.0191278,0.000375533,-0.0130253,0.0068285,-0.0042033,-0.000758179,0.038723,-0.0163352,0.0282374,0.000712025,-0.00138925,-0.0115952,36.2472,0.00929487,0.00360904,0.32116
22.16,0.999731,-0.0191839,0.000361364,-0.0130334,-0.0169694,-0.0031434,-0.00224621,0.0386924,-0.0161016,0.0282684,0.00113582,-0.000706423,-0.00941145,37.2016,-0.00182528,-0.00410413,0.37757
22.18,0.999731,-0.0191549,0.00036266,-0.013042,-0.0136674,0.00549409,-0.00223535,0.0386662,-0.0159295,0.0283421,0.000932101,-0.00037768,-0.0101314,36.033,0.0114368,0.0159474,0.450603
22.2,0.999732,-0.0191326,0.000367138,-0.0130434,-0.00921059,0.000400299,-0.00425061,0.0386379,-0.0157437,0.0284673,0.000824943,-0.000196967,-0.0102089,35.1255,0.0107674,0.0190233,0.384996
22.22,0.999732,-0.0191256,0.000368816,-0.0130451,-0.00916775,0.000944429,0.000587464,0.0386038,-0.0155715,0.0285845,0.000596852,-0.000367962,-0.0118403,36.8829,0.0194248,-0.0201084,0.337261
22.24,0.999732,-0.0190975,0.000355308,-0.0130491,-0.00633256,-0.00748173,-0.00408014,0.0385761,-0.0154035,0.0286828,0.000754808,-0.000294972,-0.0116464,37.1731,-3.99227e-05,0.0103079,0.291479
22.26,0.999732,-0.0191068,0.000361169,-0.0130431,-0.00325999,0.00772915,0.00277719,0.0385479,-0.0151572,0.028808,0.00127688,-0.000134079,-0.00803216,38.2358,0.0240195,-0.0037792,0.554669
22.28,0.999732,-0.0191036,0.000359695,-0.0130326,-0.0117785,0.00703663,0.00486078,0.0385331,-0.0149989,0.0288724,0.00147473,0.000538491,-0.0089134,36.5246,-0.00550088,0.0199428,0.395648
22.3,0.999733,-0.0190926,0.000349952,-0.0130211,-0.016126,-0.00529307,0.000836377,0.0385118,-0.0148132,0.0290594,0.00165642,0.00100254,-0.00883458,35.7145,0.00331834,-0.0124258,0.504526
22.32,0.999734,-0.0190571,0.00034461,-0.0130073,-0.0135162,-0.00346209,0.00826736,0.0384922,-0.0146332,0.0292056,0.00155911,0.00107967,-0.0116501,36.2403,-0.00771588,0.00651488,0.38646
22.34,0.999733,-0.019075,0.000347725,-0.0130202,0.000808147,-0.00330712,-0.00424804,0.0384602,-0.0143793,0.02943,0.000919379,0.000370499,-0.00714055,37.4075,0.00436313,0.00131734,0.497082
22.36,0.999733,-0.0190631,0.000354641,-0.0130347,0.00713024,0.000914513,-0.00282203,0.0384398,-0.0142149,0.0295586,0.00139772,0.00102544,-0.00731622,34.0286,-0.00377128,-0.0112513,0.349332
22.38,0.999733,-0.0190636,0.000341204,-0.0130216,-0.00589311,0.0012049,-0.0054965,0.0384294,-0.0140448,0.0296665,0.00179972,0.00195343,-0.0079568,38.6524,0.0123724,0.0171112,0.366755
22.4,0.999734,-0.019064,0.000347819,-0.0130164,-0.0113657,0.00614054,0.00400518,0.0383813,-0.0138858,0.0299051,0.00200057,0.00191881,-0.00796785,36.3267,-0.0184424,-0.00994912,0.235094
22.42,0.999735,-0.0190084,0.000359291,-0.0130158,0.0091161,0.000312726,0.0020406,0.0383214,-0.0136682,0.0302275,0.00179608,0.00112838,-0.007732,35.828,0.0162959,-0.00107951,0.458585
22.44,0.999735,-0.0189973,0.000345695,-0.0130138,-0.0129614,-0.00198826,0.00311336,0.0382706,-0.0134742,0.0305137,0.00243901,0.001885,-0.0107219,35.1873,0.00712787,0.0169388,0.361416
22.46,0.999735,-0.0190001,0.000362619,-0.0130246,0.0087943,0.00260854,-0.00178153,0.0382549,-0.0134111,0.0306052,0.0017303,0.000898211,-0.00645078,34.5001,0.00227774,0.0113222,0.397613
22.48,0.999734,-0.0190121,0.000356942,-0.0130231,-0.00238318,0.00708607,-0.00138512,0.038229,-0.0132896,0.0307735,0.00240389,0.00137091,-0.00632682,36.9328,0.0202522,0.00676747,0.458116
22.5,0.999734,-0.0190316,0.000350245,-0.0130174,-0.00311745,-0.00243006,0.00110545,0.0381522,-0.0132339,0.0310328,0.00285864,0.00179978,-0.00619033,39.3177,-0.00560578,-0.02118,0.245892
22.52,0.999735,-0.018988,0.00036009,-0.0130186,0.00651627,-0.0015261,-0.00337208,0.0380472,-0.0131632,0.0314339,0.00252312,0.00111202,-0.00716073,36.2717,0.0220017,0.0134654,0.219199
22.54,0.999735,-0.0189952,0.000365867,-0.0130128,0.00945852,-0.00242736,-0.00135909,0.0379852,-0.0131196,0.031672,0.0028218,0.00122093,-0.00708865,36.4521,0.0103522,0.00686964,0.307624
22.56,0.999735,-0.0189993,0.000382776,-0.0130181,0.0105639,0.00427123,0.00163697,0.0379288,-0.0130755,0.0318941,0.00263134,0.00124876,-0.00612373,35.8352,0.00286336,0.00646346,0.462045
22.58,0.999734,-0.0190196,0.000393968,-0.0130156,0.000476793,0.00690389,0.00111387,0.0378856,-0.0130272,0.0320853,0.00311044,0.00160738,-0.00407347,36.3484,0.00490523,0.0175689,0.258333
22.6,0.999734,-0.0190001,0.000373779,-0.0130329,-0.00270743,-0.000406678,-0.00292255,0.0377912,-0.0130673,0.0324938,0.00309509,0.00241921,-0.00741683,36.3122,0.0122266,0.009149,0.278738
22.62,0.999735,-0.019001,0.000401398,-0.0130291,0.0053272,0.00154447,-3.88355e-05,0.0377259,-0.01309,0.0327579,0.00249337,0.00198863,-0.00654279,34.6432,0.0104979,-0.00615979,0.332059
22.64,0.999735,-0.0189852,0.000400343,-0.0130334,0.0166169,-0.00595156,-0.000592922,0.0376568,-0.0131158,0.0330069,0.00197592,0.00199542,-0.00614211,37.5878,-0.00037646,0.0169108,0.338854
22.66,0.999734,-0.0190017,0.000406318,-0.0130533,0.0148031,-0.00164639,-0.00574133,0.037584,-0.0131386,0.0332422,0.0014233,0.00187903,-0.00579047,35.9182,0.00140116,0.000348813,0.241647
22.68,0.999734,-0.0190211,0.000401504,-0.0130583,0.0121422,-0.000591773,0.00509755,0.037508,-0.0131563,0.0334567,0.000885172,0.00157177,-0.00278704,37.8282,0.00707933,0.00295638,0.305951
22.7,0.999734,-0.0190191,0.000400897,-0.0130623,-0.00464276,-0.00467574,-0.000175325,0.0373613,-0.0132815,0.0338336,0.000996758,0.00238273,-0.00706992,36.0586,-0.0047443,-0.0232226,0.131635
22.72,0.999734,-0.0189971,0.000412514,-0.0130567,0.00196822,-0.00325833,-0.00374158,0.0372652,-0.0133625,0.0340616,0.000566895,0.00187711,-0.00695808,37.3061,0.0103041,-0.0101761,0.437864
22.74,0.999735,-0.0189697,0.000400386,-0.0130491,0.00282714,-0.00865278,0.00665275,0.0371676,-0.0134458,0.0342697,0.000320847,0.00159526,-0.00673908,38.9454,0.00637076,0.000230581,0.37265
22.76,0.999735,-0.0189757,0.000408455,-0.0130533,0.0118995,0.000678739,0.00351588,0.0370738,-0.0135246,0.0344607,0.000149927,0.00181846,-0.00693002,32.7123,0.00397835,-0.0165469,0.501149
22.78,0.999734,-0.0190128,0.000410306,-0.0130594,-0.0116763,0.00106478,-0.00699838,0.0369346,-0.0136431,0.0346983,0.000660121,0.00232936,-0.00690018,36.6141,0.0187374,0.0219676,0.266171
22.8,0.999734,-0.0189935,0.000408824,-0.0130636,-0.0168441,-0.00283447,-0.00152038,0.0368443,-0.0137455,0.0348649,0.000533066,0.00236176,-0.00710731,36.7397,0.0236573,0.0230504,0.228198
22.82,0.999734,-0.019007,0.000407103,-0.0130618,-0.0169573,0.00213364,-0.00146726,0.0367519,-0.0138397,0.0350175,4.52238e-05,0.00257631,-0.0075867,37.9389,0.00780513,0.000172644,0.246557
22.84,0.999734,-0.0190101,0.000399204,-0.0130794,-0.0131194,-0.00556264,0.00285293,0.0366569,-0.0139271,0.0351541,3.04115e-05,0.00240597,-0.00758172,37.4418,-0.000387571,-0.00277453,0.150245
22.86,0.999732,-0.0190746,0.000410635,-0.0130791,-0.00951712,0.00271839,-0.00486511,0.0365183,-0.0140537,0.0353378,-0.000815019,0.00161509,-0.00310234,39.6911,-0.0260692,0.0172641,0.377307
22.88,0.999732,-0.0190851,0.000386021,-0.0130783,-0.0197024,-0.00343806,-0.00197812,0.0364189,-0.0141362,0.0354648,-0.000193934,0.00181969,-0.00304049,33.8228,0.0140979,-0.00799891,0.302823
22.9,0.999733,-0.0190521,0.000389708,-0.0130944,-0.0130203,0.00214759,-0.00821384,0.0363187,-0.0142128,0.0355985,0.000642255,0.00289097,-0.00596551,35.2725,-0.0158803,0.00373263,0.214797
22.92,0.999733,-0.0190479,0.000382718,-0.0130928,-0.0163673,0.00366979,-0.00048269,0.0362281,-0.0142759,0.0357229,0.000531457,0.00323358,-0.00612043,38.3004,0.0303269,-0.00358048,0.362995
22.94,0.999733,-0.0190338,0.000389951,-0.013101,-0.0112424,0.0024183,-0.00753876,0.0361415,-0.0143381,0.0358349,0.000564948,0.0027324,-0.00620521,35.4307,-0.00216797,-0.0101618,0.379574
22.96,0.999733,-0.0190417,0.000386975,-0.0131072,0.000793432,0.00548966,-0.000696436,0.0360314,-0.0144231,0.0359838,0.000298381,0.00215552,-0.00230134,35.9765,0.0163008,0.00557651,0.28028
22.98,0.999733,-0.0190578,0.000383185,-0.0130915,-0.00718775,0.00356508,0.00403752,0.0359621,-0.0144727,0.0360644,0.000565327,0.00239498,-0.00237828,34.7743,0.01542,0.0182592,0.239161
23,0.999733,-0.0190551,0.000387054,-0.0131024,-0.00556327,0.000457155,0.000778908,0.0359069,-0.0144958,0.0361139,0.00113533,0.0036699,-0.00506317,38.5945,0.0143856,0.0194315,0.37679
23.02,0.999732,-0.0190616,0.000371223,-0.013103,-0.0153529,0.00263108,0.00196605,0.0358551,-0.0145155,0.0361766,0.00131558,0.00396607,-0.00517703,37.1752,0.00209243,0.00478055,0.216508
23.04,0.999732,-0.0190598,0.00037574,-0.013101,0.0103698,0.00221268,-0.00388154,0.0357908,-0.0145402,0.0362707,0.000703589,0.00295766,-0.0028238,37.7052,-0.000218717,0.00511627,0.440676
23.06,0.999733,-0.0190415,0.000367099,-0.0131048,0.0129,0.00159105,-0.00170509,0.0357468,-0.0145495,0.0363163,0.000303909,0.00320304,-0.00275419,36.663,0.0142476,0.0019042,0.400482
23.08,0.999733,-0.0190536,0.000369777,-0.0130973,0.00513838,0.00647285,0.000395335,0.0357038,-0.0145469,0.0363468,0.000408436,0.0036619,-0.00249495,37.2532,0.00505726,0.0188348,0.30721
23.1,0.999732,-0.0190644,0.000364627,-0.0131019,-0.0113811,0.00548609,0.00189987,0.0356761,-0.0145113,0.0363697,0.000169711,0.00407303,-0.00241809,36.3078,0.00531226,-0.00757304,0.277413
23.12,0.999734,-0.0190005,0.000379689,-0.0130864,0.0109781,-0.00244897,-0.00396061,0.0356305,-0.0144475,0.0364019,-6.57474e-05,0.00422996,-0.00424964,35.5285,0.0212909,-0.00290326,0.388066
23.14,0.999733,-0.019039,0.000384265,-0.0130888,0.0145361,0.00281078,-0.00409755,0.0355953,-0.014407,0.036404,-0.000334627,0.00370582,-0.00411021,38.2892,-0.00738587,0.0181651,0.176174
23.16,0.999734,-0.0190147,0.000382044,-0.0130837,0.019053,0.00241699,0.00785387,0.0355638,-0.0143703,0.0363991,-0.000164501,0.0037527,-0.00405755,34.8182,-0.00232491,0.00622381,0.16134
23.18,0.999733,-0.0190446,0.000368541,-0.0130812,0.000670101,0.000110801,0.00144037,0.0355329,-0.0143272,0.0363806,-0.000370578,0.00399573,-0.00345011,37.3252,0.0175824,0.0162038,0.203244
23.2,0.999733,-0.0190586,0.000358993,-0.0130751,-0.00227018,0.00513761,0.00331454,0.0354975,-0.0142393,0.036343,-0.000575867,0.00405238,-0.00329404,36.4275,0.000916841,0.00481002,0.338884
23.22,0.999734,-0.0190137,0.000342279,-0.0130839,0.00432649,-0.00791539,-0.00085952,0.0354268,-0.0141008,0.0362725,-0.00153335,0.00454253,-0.00537461,37.1821,0.0273575,0.00471703,0.133367
23.24,0.999733,-0.0190151,0.000353206,-0.0130905,0.00988929,0.00171499,-0.00123667,0.0353703,-0.0140216,0.0362379,-0.00169408,0.00415234,-0.00483782,36.8238,0.0026821,0.0149703,0.327098
23.26,0.999733,-0.0190499,0.000364498,-0.0130825,0.0170095,0.00210508,-0.00311263,0.0353101,-0.0139428,0.0362003,-0.00212047,0.00438541,-0.00451968,36.1217,0.00582024,-0.00127991,0.347598
23.28,0.999733,-0.0190564,0.000363991,-0.0130931,0.0120535,0.00216092,-0.000845542,0.0352465,-0.0138577,0.036157,-0.00217613,0.00464845,-0.00397781,39.5995,0.00371362,0.0154396,0.336892
23.3,0.999732,-0.019086,0.000355781,-0.0130825,-0.00949688,-0.00971515,0.00259724,0.0351621,-0.0136579,0.0361306,-0.0016626,0.0056133,-0.0053246,33.8092,0.0252025,-0.00306575,0.304271
23.32,0.999732,-0.0190813,0.000367253,-0.013099,-0.00189064,-0.00592445,-0.0037258,0.0350988,-0.0135203,0.0361199,-0.00230663,0.00532571,-0.00572498,37.5323,0.00672758,0.00220205,0.198956
23.34,0.999732,-0.0190722,0.000361738,-0.0131094,0.000922381,-0.00402098,-0.00164183,0.0350395,-0.0133853,0.036097,-0.00245166,0.00505399,-0.00504706,36.0782,0.00736437,0.0129391,0.20235
23.36,0.999733,-0.0190572,0.000363365,-0.0131006,0.0129943,-0.00524174,0.00061367,0.0349838,-0.0132562,0.0360722,-0.00210348,0.00500715,-0.00486885,35.9741,-0.00673264,-0.00434337,0.350607
23.38,0.999733,-0.0190447,0.000367103,-0.0131145,0.00925417,-0.000900695,0.00176743,0.0349339,-0.0131258,0.0360401,-0.00198584,0.00530838,-0.00462422,34.9129,-0.00534027,-0.0143588,0.253734
23.4,0.999732,-0.019043,0.000347126,-0.0131222,-0.0205352,-0.00500188,0.00835685,0.0348628,-0.0129129,0.0360275,-0.00131296,0.00639555,-0.00474926,34.0414,-0.0161555,-0.000590501,0.292624
23.42,0.999733,-0.0190163,0.00034564,-0.0131339,-0.0119033,0.00272017,-0.00524755,0.0348145,-0.0127569,0.0360261,-0.00137864,0.00663802,-0.00621932,35.9768,0.0138144,0.0075814,0.248242
23.44,0.999733,-0.0190224,0.000346549,-0.0131187,-0.00941069,-0.0029636,-0.00251325,0.0347747,-0.0126199,0.0360389,-0.00159187,0.00643042,-0.0053798,38.214,-0.0144437,-0.0234524,0.374421
23.46,0.999733,-0.0190408,0.000341169,-0.0131222,-0.00725953,-0.00680959,0.00328731,0.0347372,-0.0124817,0.0360453,-0.00148112,0.00671027,-0.00544612,36.3325,-0.00827705,0.0116502,0.108083
23.48,0.999732,-0.0190929,0.000353291,-0.0131221,-0.00732809,0.00164806,0.00122758,0.0347205,-0.0124078,0.0360386,-0.00132779,0.00709287,-0.003053,38.8467,-0.00432942,-0.00493469,0.258583
23.5,0.999732,-0.0190586,0.000356422,-0.0131444,0.0091415,-0.00151363,-0.000826386,0.0346703,-0.0122004,0.0360648,-0.000872369,0.00722031,-0.00520578,36.4748,0.00839454,-0.0113819,0.11253
23.52,0.999731,-0.019092,0.000363191,-0.0131345,0.00635884,-0.00478338,0.00610683,0.0346429,-0.0120692,0.0361093,-0.000782976,0.00726435,-0.00461851,35.8438,0.0323013,-0.00298668,0.27612
23.54,0.999732,-0.0190776,0.00036811,-0.013133,0.0201463,0.00504115,0.00169462,0.0346195,-0.0119294,0.0361507,-0.000828407,0.00735489,-0.00240336,35.3667,0.0101083,-0.00787498,0.410807
23.56,0.999732,-0.0190856,0.000349926,-0.0131366,0.00692341,-0.00364178,-0.00114226,0.0345906,-0.0117975,0.036179,-0.000922656,0.00750276,-0.00263095,36.7898,-0.0154306,-0.00201544,0.298849
23.58,0.999731,-0.0190915,0.000342517,-0.0131428,-0.00995547,-0.000700877,-0.00028909,0.0345381,-0.0115543,0.0362308,-0.00040273,0.00816967,-0.00309101,37.4071,0.0116138,-0.00663076,0.116437
23.6,0.999732,-0.0190419,0.000331823,-0.0131388,0.0150857,-0.00263135,-0.00288422,0.0344783,-0.0114324,0.0363018,-0.00104367,0.00792527,-0.00541472,36.3187,-8.14054e-05,-0.0027559,0.214458
23.62,0.999732,-0.0190624,0.000331922,-0.0131269,-0.00732909,0.005045,0.00596312,0.0344597,-0.0113868,0.0363125,-0.000722059,0.0084185,-0.00334624,36.7707,0.00227152,-0.0263192,0.116793
23.64,0.999733,-0.0190227,0.000350944,-0.0131394,0.0163178,0.00750563,-0.00338531,0.0344009,-0.0112543,0.0363445,-0.0014401,0.00741091,-0.00256714,36.9681,-0.0337873,0.0060176,0.315637
23.66,0.999733,-0.0190325,0.000324306,-0.013128,-0.0118631,-0.00829363,0.00373655,0.0343797,-0.0112209,0.0363534,-0.00110647,0.0081314,-0.00670897,34.1051,0.0102543,0.0071109,0.143612
23.68,0.999733,-0.0190193,0.000326209,-0.0131291,0.00419729,-0.00173349,-0.00043006,0.0343019,-0.0111181,0.0363476,-0.00222528,0.00728241,-0.00406021,37.0976,0.00270044,0.00822791,0.239359
23.7,0.999734,-0.018979,0.000321308,-0.0131356,0.00829025,-0.00148783,0.00711943,0.0342095,-0.0110956,0.0363831,-0.00250421,0.00719781,-0.0067358,35.7826,-0.0347161,0.00817736,0.16819
23.72,0.999733,-0.0190198,0.000317257,-0.0131308,-0.00850161,0.00170177,0.00374203,0.0341811,-0.0110934,0.0363851,-0.00198726,0.00784704,-0.00535057,36.2633,0.00436701,0.00472045,0.477697
23.74,0.999733,-0.0190031,0.000305229,-0.0131464,0.00971873,-0.00414503,-0.00343969,0.0340884,-0.0110917,0.0364086,-0.00280863,0.00674525,-0.00621969,37.6999,0.0011894,0.00825712,0.034268
23.76,0.999733,-0.0190196,0.000310486,-0.0131471,0.0192528,0.00315219,-0.00539385,0.0340224,-0.0110893,0.0364083,-0.00309153,0.00647469,-0.00597895,36.2258,-0.00290349,0.00129774,0.309282
23.78,0.999732,-0.0190498,0.000298322,-0.0131208,-0.0117615,-0.0054928,0.0043174,0.0338921,-0.0111154,0.0364395,-0.00292789,0.00687719,-0.00768386,35.9405,-0.0158016,-0.0222173,0.172852
23.8,0.999732,-0.0190574,0.000308589,-0.0131199,0.00623471,0.00470406,0.00192596,0.0338427,-0.0111514,0.0364665,-0.00293909,0.00654346,-0.00394512,36.4163,-0.0169905,0.00066794,0.387576
23.82,0.999733,-0.0189722,0.000295681,-0.0131673,0.0112216,-0.00661836,-0.0139701,0.0336943,-0.0112592,0.0365551,-0.00293403,0.00664663,-0.00711283,36.8106,-0.0214558,-0.0140078,0.139946
23.84,0.999732,-0.0190211,0.000311945,-0.0131767,-0.00320415,0.00345045,-0.00891309,0.0336457,-0.0112888,0.036572,-0.00252996,0.00626718,-0.00412337,38.8706,0.00268141,-0.00570067,0.302127
23.86,0.999734,-0.0189947,0.000308563,-0.0130773,0.0212087,-0.0148972,0.0234371,0.0335109,-0.0113865,0.0366429,-0.00166015,0.00679551,-0.00747963,36.167,-8.84166e-05,0.0130941,0.406929
23.88,0.999733,-0.0190293,0.000321101,-0.0130727,-0.0163044,0.0014528,-0.00980619,0.0333565,-0.0114826,0.0366845,-0.00299311,0.00608027,-0.00923402,35.9885,0.00910759,-0.00199019,0.356525
23.9,0.999731,-0.0190528,0.000364347,-0.0131933,-0.00385277,0.0369576,-0.0262289,0.0332916,-0.011533,0.0367115,-0.00439417,0.00569946,-0.00174811,36.9192,0.00718268,-0.0251523,0.215828
23.92,0.999731,-0.0190217,0.000317922,-0.0132741,0.000126734,-0.0211744,-0.00143328,0.0331192,-0.0116727,0.0367641,-0.00356836,0.00723962,-0.009115,37.39,-0.00960619,0.0175631,0.305337
23.94,0.999732,-0.019033,0.000401974,-0.0131926,0.00578636,0.0172486,0.0152565,0.0330069,-0.0117497,0.0367896,-0.00378799,0.00706402,-0.0092587,35.3931,-0.0261912,-0.0218814,0.139096
23.96,0.999731,-0.0190843,0.000417252,-0.0131725,-0.0148646,0.0125027,0.00749252,0.0328331,-0.0118503,0.0368003,-0.0038501,0.00633256,-0.00394961,36.1112,-0.00579028,-0.00992761,0.201696
23.98,0.999733,-0.019048,0.000440742,-0.0130988,0.0120276,0.00260799,0.0251835,0.0327707,-0.0118813,0.0368149,-0.00470281,0.00717115,-0.00606332,37.5337,-0.0194167,-0.00332059,0.201514
24,0.999735,-0.0190655,0.00039675,-0.0128622,-0.0094322,-0.0202378,0.00422149,0.0326259,-0.0119695,0.0368559,-0.00331407,0.00697819,-0.00744812,37.1917,0.0097871,-0.0335731,0.323048
24.02,0.999735,-0.0190626,0.000435057,-0.0129176,0.00490025,0.00571168,-0.014776,0.0325777,-0.0120125,0.0368776,-0.00477152,0.00554122,-0.00310861,38.2929,0.00257739,-0.0139527,0.351946
24.04,0.999732,-0.0190523,0.00035325,-0.0131844,-0.00673038,-0.00607979,0.00147928,0.0324078,-0.0121791,0.0369521,-0.00259356,0.00700461,-0.00219973,36.28,0.0118245,0.019581,0.331533
24.06,0.999733,-0.0190123,0.000346967,-0.0131384,0.000733203,-0.00775756,0.0158431,0.032382,-0.012215,0.036972,-0.00295499,0.00686065,-0.00697218,35.5628,-0.0102531,-0.0119386,0.180864
24.08,0.999735,-0.0189763,0.000314069,-0.0130357,0.00775609,0.00449843,0.000190334,0.0323293,-0.0122477,0.0369913,-0.00281042,0.00746477,-0.0078131,36.2438,0.00691297,0.0135881,0.11149
24.1,0.999734,-0.0190002,0.000290117,-0.0130352,0.0232421,0.00757762,-0.00562952,0.0322417,-0.0122719,0.037019,-0.00546797,0.00648112,-0.00276331,35.9313,0.0154552,-0.00994028,0.354211
24.12,0.999733,-0.0190171,0.000314005,-0.013145,-0.0139244,-0.000647119,-0.00669992,0.0320905,-0.0123087,0.0370405,-0.0039736,0.00657912,-0.006673,38.3468,0.0200032,-0.0091413,0.152689
24.14,0.999732,-0.0190654,0.000359728,-0.0131451,0.00406146,0.00231522,0.0074477,0.0319616,-0.0123047,0.0370476,-0.00476818,0.00677373,-0.00376621,34.0079,-0.0325822,0.00566407,0.113166
24.16,0.999733,-0.0190392,0.000378561,-0.0131055,-0.00144187,0.00488408,0.00520352,0.0319159,-0.0122994,0.0370402,-0.00386922,0.009127,-0.0073201,38.2945,0.0133272,-0.0258714,0.097413
24.18,0.999733,-0.0190648,0.000412236,-0.0130473,-0.00933209,0.00734761,-0.00635201,0.0318714,-0.0122393,0.0370498,-0.00223726,0.00891116,-0.00358594,36.4449,-0.00508884,0.0108713,0.251608
24.2,0.999731,-0.0191166,0.000390396,-0.0131362,-0.0215204,-0.00708716,-0.00457216,0.0318539,-0.0121683,0.0370405,-0.00183757,0.0101354,-0.00584893,38.3604,0.00679679,-0.000596773,0.132717
24.22,0.999733,-0.0190075,0.000349017,-0.0131139,0.016678,-0.0103201,0.00832337,0.0318518,-0.0120561,0.0370461,-0.000884548,0.00923965,-0.00380016,37.6443,-0.00103377,0.00708896,0.147479
24.24,0.999733,-0.0190528,0.000338445,-0.0130951,-0.024244,-0.00281473,0.00753062,0.0318567,-0.0120169,0.037036,-0.000793162,0.0100254,-0.00577796,35.6279,0.0135998,-0.00835896,0.269108
24.26,0.999732,-0.0190559,0.000304994,-0.0131169,0.0117877,-0.00298489,-0.000578925,0.031862,-0.0118898,0.0370289,-0.000706192,0.00905326,-0.00298265,34.4743,-0.0195613,-0.00587834,0.261815
24.28,0.999733,-0.019012,0.000283071,-0.0131203,-0.00086667,-0.0123286,0.00133113,0.0318654,-0.0118475,0.0370151,-0.000242969,0.00991254,-0.00630357,36.5308,0.00877908,0.00627904,0.160611
24.3,0.999731,-0.019083,0.00029825,-0.0131659,-0.00251812,0.00315648,-0.00809656,0.0319175,-0.0117023,0.0370746,-0.0018802,0.00936305,-0.0022087,39.1547,0.0087187,-0.00219405,0.219792
24.32,0.999733,-0.0190132,0.000333301,-0.013109,0.0185293,-0.0013791,0.00902102,0.0319762,-0.0115069,0.0371052,-6.48256e-05,0.0106138,-0.00445379,34.3053,-0.0252399,0.0120239,0.181999
24.34,0.999732,-0.0190747,0.000342951,-0.0131232,-0.0170296,0.00823456,-0.00818342,0.0320057,-0.0114409,0.0371066,0.00146445,0.0113299,-0.00464701,35.3871,-0.00239861,0.0332228,0.225954
24.36,0.999732,-0.0190631,0.000363517,-0.0131542,0.027595,0.00435376,0.0026311,0.0320943,-0.011225,0.0371331,0.000703468,0.0115221,-0.00377969,40.9707,0.00174712,0.00103798,0.144832
24.38,0.999732,-0.0190573,0.000339078,-0.0131442,-0.00191129,-0.000376637,-0.0064631,0.0321745,-0.0110657,0.0371341,0.00190228,0.0111401,-0.00267329,34.9633,0.0125777,0.00234178,0.233529
24.4,0.999731,-0.0191122,0.000338313,-0.0131625,-0.00147039,-0.00639157,0.00450721,0.0323765,-0.0108264,0.037222,0.00336373,0.0127501,-0.005517,38.3558,-0.00518677,-0.00569551,0.262088
24.42,0.999731,-0.0191246,0.00032023,-0.0131284,0.00325181,-0.000331955,0.00801786,0.0324515,-0.010742,0.0372381,0.004297,0.013771,-0.00381147,38.8889,-0.00282309,0.000422428,0.29517
24.44,0.999731,-0.0191291,0.000311251,-0.0131459,0.00477168,0.000612625,-0.0119332,0.032672,-0.0104881,0.0373216,0.00409283,0.0132734,-0.0043055,36.7874,0.00726012,0.0169764,0.28218
24.46,0.999729,-0.0191789,0.000309127,-0.0131672,-0.0154629,-0.00325012,-0.00514535,0.0327437,-0.0103908,0.037326,0.00452741,0.0148424,-0.00494776,35.9016,0.0101988,0.00736056,0.324022
24.48,0.999731,-0.019098,0.000307723,-0.013149,0.00798252,0.00382169,-0.00332403,0.032988,-0.0101294,0.0374107,0.00424404,0.0127399,-0.00383116,35.9196,0.00886775,0.00351753,0.138412
24.5,0.99973,-0.0191505,0.000333208,-0.0131744,0.016587,-0.000713016,-0.00685872,0.0331836,-0.00997227,0.037501,0.00393293,0.0134661,-0.00377343,34.8762,0.0180852,0.000817688,0.150864
24.52,0.999731,-0.019133,0.000337312,-0.0131276,0.00242517,0.00330658,0.00726493,0.0333855,-0.00980437,0.0375806,0.00464622,0.0128841,-0.00226259,36.4988,0.00654334,-0.000780405,0.209408
24.54,0.99973,-0.0191863,0.000354262,-0.0131308,-0.0148736,0.00576316,-0.00925004,0.0336,-0.00962112,0.0376482,0.00600991,0.0141875,-0.00358204,36.0566,-0.0015341,0.0228967,0.188916
24.56,0.999731,-0.0191245,0.000349838,-0.0131389,0.0112492,-0.00616804,0.00842878,0.0339136,-0.00935241,0.0377439,0.00627926,0.0141251,-0.00432456,38.5763,0.0120605,-0.0232699,0.219156
24.58,0.99973,-0.0191838,0.000358513,-0.0131485,-0.00869797,0.00747737,-0.00370176,0.0342844,-0.00910863,0.0379063,0.00704242,0.015372,-0.00318861,35.9019,-0.0162382,0.00350134,-0.0631095
24.6,0.999731,-0.0191187,0.000368535,-0.01316,0.0317361,0.00292724,-0.00106371,0.0344137,-0.00903331,0.0379878,0.00721107,0.0147362,-0.003606,35.8219,-0.00970087,0.013384,-0.0233635
24.62,0.999731,-0.0191057,0.000310541,-0.0131171,-0.00845368,-0.00143169,-0.00741015,0.0348373,-0.00875491,0.038165,0.00895025,0.0150162,-0.00503055,39.1953,-0.0202512,-0.00619738,0.0228337
24.64,0.999731,-0.019099,0.00030806,-0.0131698,0.00625773,-0.0179467,-0.00413516,0.0351107,-0.00856825,0.0382757,0.00874864,0.0163381,-0.00567378,36.8587,0.0101953,-0.00706295,0.362953
24.66,0.999731,-0.0191064,0.000307537,-0.0131274,-0.00854389,0.00654419,-0.00470345,0.0355183,-0.00827291,0.0384205,0.00936141,0.0163761,-0.00252718,35.5792,-0.0203897,-0.00178114,0.16625
24.68,0.999731,-0.0191042,0.000312768,-0.0131442,0.000912187,-0.0055764,-0.00219779,0.0356515,-0.00817273,0.0384711,0.00880082,0.016632,-0.00475839,35.2263,0.00271488,0.00743299,0.225912
24.7,0.999731,-0.0191108,0.000344886,-0.0131268,-0.0124276,0.00629788,0.00289111,0.0360629,-0.00798892,0.0387103,0.00989236,0.0174189,-0.0030292,40.0594,-0.000795309,0.00804706,0.219894
24.72,0.999732,-0.0190713,0.000339485,-0.0131272,0.0152957,-0.00314825,-0.0028133,0.036199,-0.0079244,0.0388004,0.00963475,0.0171788,-0.00286643,35.5295,-0.0297638,0.0309176,0.0766651
24.74,0.999732,-0.0190437,0.000337914,-0.0131583,-0.00022407,-0.000299242,0.00689793,0.0366358,-0.00768052,0.0390213,0.0103362,0.0177916,-0.00467025,36.6873,-0.0160088,0.0123327,0.123125
24.76,0.99973,-0.0191266,0.000351972,-0.0131593,-0.00322701,0.0140846,-0.00735351,0.0370701,-0.00742632,0.0392166,0.0120444,0.0178742,-0.00198099,35.3333,-0.00286476,-0.0099991,0.1654
24.78,0.999732,-0.0190551,0.000350871,-0.0131563,0.00902109,0.011362,0.00102404,0.0372194,-0.00733984,0.0392815,0.0118092,0.0182571,-0.00397456,35.5696,0.0240603,-0.00382923,0.233148
24.8,0.99973,-0.0191173,0.000311037,-0.0131728,-0.0114062,-0.00164528,-0.00981989,0.03762,-0.00712785,0.0395582,0.0126871,0.0190736,-0.00126811,37.9387,0.0160627,0.00369452,0.0186574
24.82,0.999733,-0.0190166,0.000330257,-0.013157,0.00362937,0.00100887,-0.00224767,0.0378988,-0.00698572,0.0397481,0.014183,0.0217043,-0.0040813,36.228,-0.00468824,-0.0160029,0.247703
24.84,0.999732,-0.0190785,0.000334072,-0.0131406,0.0141718,0.00718023,0.00186884,0.0383386,-0.00669353,0.0400036,0.0144843,0.0212088,-0.00276102,35.4905,-0.0210713,0.0128325,0.201899
24.86,0.999731,-0.0190696,0.000315228,-0.0131657,-0.00502093,-0.00658618,-0.0034999,0.0384843,-0.00659223,0.0400708,0.0141999,0.0223693,-0.00453434,36.9079,0.00298372,-0.0164261,0.144873
24.88,0.999731,-0.0190629,0.000340586,-0.0131774,-0.002108,0.00199024,0.00594084,0.0387979,-0.00635024,0.0402128,0.0145314,0.0228376,-0.00505017,35.152,-0.0370231,0.00697892,0.104414
24.9,0.999731,-0.0190448,0.000329898,-0.0132005,0.00394079,-0.0107515,-0.0117862,0.0390479,-0.00620555,0.0404129,0.0149003,0.0220355,-0.0045734,36.3598,0.00584335,0.0131351,0.217257
24.92,0.999731,-0.0190784,0.00035436,-0.0131722,-0.00792758,-0.000338459,0.000340657,0.039566,-0.00586534,0.040781,0.0162504,0.0227803,-0.00233854,38.4924,-0.00934683,-0.0115039,0.0698727
24.94,0.99973,-0.0191255,0.00030867,-0.0131915,-0.0132133,-0.0068002,0.000127857,0.0397102,-0.0057718,0.0408508,0.0171047,0.0226318,-0.00391285,36.9789,-0.00233213,0.0289052,0.234288
24.96,0.999731,-0.0190808,0.000356106,-0.0131935,-0.020852,-0.0041065,-0.00118763,0.0399848,-0.00556595,0.0409989,0.0168982,0.0254255,-0.00306883,35.1819,-0.0173547,0.0151608,0.266556
24.98,0.99973,-0.0191158,0.000343379,-0.0131877,-0.019985,-0.0155382,-0.00367121,0.0402747,-0.00535327,0.0411355,0.0176329,0.0245819,-0.00328604,39.1984,-0.0165942,-0.00784199,0.191509
25,0.999731,-0.0190918,0.00039441,-0.0131826,0.00475977,0.00245449,0.00139008,0.0406936,-0.00503676,0.0413446,0.0162667,0.0230936,-0.00331323,37.0032,-0.0121728,0.0170836,-0.050772
25.02,0.999731,-0.0190694,0.000419409,-0.0131773,0.00115696,0.00905025,0.00717259,0.0410805,-0.0047248,0.0415325,0.0175572,0.0245914,-0.00608067,36.7091,-0.00124132,0.0102808,0.121066
25.04,0.999729,-0.0191434,0.000417267,-0.0132066,-0.0249436,-0.0124564,-0.0114335,0.0412274,-0.00462108,0.0415712,0.0208923,0.0244731,-0.00577926,36.1193,-0.00291129,-0.00637451,0.279242
25.06,0.99973,-0.0190949,0.000422113,-0.0131994,0.0254016,-0.000851439,-0.00799903,0.0416349,-0.00427497,0.0417197,0.0153808,0.0259353,-0.00528679,35.53,-0.021002,-0.0021919,0.369469
25.08,0.999729,-0.0191712,0.000462983,-0.0131745,-0.0229455,-0.00674666,0.00581736,0.0417669,-0.00415236,0.0417488,0.0206306,0.026457,-0.00603262,37.7732,-0.00978663,-0.0147766,0.291706
25.1,0.99973,-0.0191369,0.000393597,-0.013178,-0.0252885,-0.0264366,-0.00494115,0.0423323,-0.00369233,0.0419224,0.0190132,0.0246558,-0.00700123,36.9418,-0.0174516,0.0231224,0.0959129
25.12,0.99973,-0.0191531,0.000460633,-0.0131818,0.000649622,0.0066647,0.00262063,0.0424699,-0.00357951,0.0419646,0.023206,0.0265259,-0.00320032,33.7358,-0.00910083,0.0120895,0.300218
25.14,0.999731,-0.0191051,0.000425355,-0.0131668,0.0121668,-0.00125733,0.00475349,0.0429279,-0.0032228,0.042083,0.0242165,0.0299426,-0.00731879,37.5617,-0.0209723,0.0268125,0.324334
25.16,0.99973,-0.0191239,0.000462401,-0.0131762,0.00569084,0.0154294,-0.0112984,0.0430858,-0.00307542,0.0421128,0.0255695,0.0274769,-0.00381595,36.7476,-0.0296868,-0.00542627,0.0124764
25.18,0.99973,-0.0191227,0.000422683,-0.0131889,0.0166952,-0.0296031,-0.012111,0.0435169,-0.00271373,0.0421853,0.0264069,0.0280183,-0.006137,36.5602,-0.00898634,-0.00432049,0.12588
25.2,0.999731,-0.0191062,0.000529835,-0.0131739,-0.00376595,0.0292757,-0.00238021,0.043935,-0.00233948,0.0422443,0.0257562,0.0288007,-0.0101502,38.3641,-0.0206109,0.0107596,0.129419
25.22,0.999731,-0.0191097,0.000575033,-0.0131571,-0.00593223,-0.00445471,0.000437805,0.0441003,-0.00221119,0.0422617,0.0243788,0.0281171,-0.00718886,35.7403,-0.0137968,0.017848,0.152402
25.24,0.999732,-0.0190624,0.000511252,-0.0131529,-0.00973849,-0.0443186,0.000961179,0.0445581,-0.00180963,0.0422549,0.0287078,0.0332088,-0.00821903,35.8545,-0.0303868,0.0113776,0.248036
25.26,0.999732,-0.0190316,0.000639946,-0.0131597,0.00397065,0.012473,-0.00659144,0.0448887,-0.00150124,0.042259,0.0248452,0.032411,-0.00830616,35.3089,-0.0129734,0.00373319,0.165641
25.28,0.999731,-0.0191105,0.000547704,-0.013144,-0.025354,-0.0162782,-0.00374399,0.0453738,-0.00108791,0.0422324,0.0262193,0.030618,-0.00766612,37.8323,0.00039273,0.0187392,0.160319
25.3,0.999733,-0.0190277,0.000620109,-0.0131139,0.0114912,0.0510146,0.0109988,0.0455229,-0.00100578,0.042226,0.0259112,0.0305144,-0.0100904,35.9092,-0.00710172,0.0278439,0.197591
25.32,0.99973,-0.0191222,0.000587873,-0.0131503,-0.020799,0.00160529,-0.0173736,0.0460095,-0.000649402,0.0421727,0.0275986,0.031563,-0.0112053,38.312,0.00804027,0.0241666,0.208532
25.34,0.999732,-0.0190566,0.000553404,-0.013154,0.0201186,-0.00574181,0.00189365,0.0461734,-0.000542889,0.0421575,0.0278436,0.0294507,-0.00662807,35.9832,-0.0070218,-0.00121424,0.208858
25.36,0.999731,-0.0191263,0.000609116,-0.01311,-0.018396,0.0117182,-0.0032782,0.0466504,-0.000207636,0.0420908,0.0267054,0.0320026,-0.0123657,34.0535,-0.00505087,0.00311426,0.197674
25.38,0.999732,-0.0190906,0.000648887,-0.0130695,-0.00368657,0.0433482,0.00970242,0.0469812,4.03237e-05,0.0420221,0.0264184,0.0319501,-0.00865404,36.7716,0.00237272,0.00383401,0.339653
25.4,0.999733,-0.0190438,0.000630131,-0.0130894,0.0183504,-0.0141447,0.00312291,0.0472888,0.000230979,0.0419646,0.0263109,0.0350184,-0.0143557,39.0436,-0.0249982,0.0369555,0.211328
25.42,0.999731,-0.0191285,0.000600729,-0.0130844,-0.0210112,-0.0595907,-0.00926223,0.0477719,0.000515531,0.0419089,0.0307673,0.0325408,-0.0123449,35.5052,0.0119121,0.0180616,0.275281
25.44,0.999732,-0.019107,0.000693795,-0.0130515,0.00921763,-0.0229274,0.00414223,0.0480904,0.000699065,0.0418661,0.0332608,0.0306824,-0.0118788,38.4423,-0.0348695,0.0184218,0.161191
25.46,0.999731,-0.0190864,0.000611301,-0.0131389,0.0200183,-0.0107954,-0.0227879,0.0486203,0.00099369,0.0417944,0.0276224,0.0347927,-0.00926525,37.4801,-0.00444503,0.0118831,0.119864
25.48,0.999731,-0.0191018,0.000834215,-0.0131027,-0.00360809,0.0539879,0.0107669,0.0487789,0.00110619,0.0417749,0.0287014,0.0336293,-0.0167133,34.9282,-0.0108976,0.00559192,0.129202
25.5,0.999731,-0.0191569,0.000813297,-0.0130612,-0.0224425,0.00240263,-0.000301812,0.0492531,0.00131086,0.0417099,0.0314303,0.033282,-0.0114563,35.5941,-0.00106269,0.0123392,0.306014
25.52,0.999732,-0.0191244,0.000837274,-0.0130137,-0.0135619,0.0695135,0.0193551,0.0494137,0.00137826,0.0416861,0.0295744,0.034414,-0.0119158,36.1434,0.00496302,0.0159352,0.326745
25.54,0.999731,-0.0191224,0.000818336,-0.0130621,-0.0169104,-0.00948195,-0.00530567,0.0501454,0.0017259,0.0415795,0.0302739,0.0320523,-0.00897293,35.6854,0.00599257,0.0255183,0.245866
25.56,0.999731,-0.0191509,0.000754457,-0.0130553,-0.0429863,-0.0322814,0.00176349,0.0503325,0.00179735,0.0415447,0.0316493,0.0344601,-0.0120119,36.7554,-0.007413,-3.99805e-05,0.20961
25.58,0.999733,-0.0190731,0.000852821,-0.0130404,0.0195573,0.00356164,-0.0154388,0.0508346,0.00203765,0.0414778,0.0329596,0.0320036,-0.0111114,37.226,-0.0207625,-0.0184817,0.246141
25.6,0.999733,-0.0190728,0.000779612,-0.0130129,-0.0114983,0.0279945,0.00546729,0.0509744,0.00207434,0.041468,0.0286405,0.0340242,-0.0115714,36.1816,-0.0171053,-0.00653737,0.0974121
25.62,0.999735,-0.0190178,0.000799691,-0.0129573,0.010027,0.0116977,-0.00232172,0.0514449,0.00228753,0.0414333,0.0309333,0.0337201,-0.0106238,33.7569,-0.0495705,0.0449918,0.307991
25.64,0.999734,-0.0190448,0.00085937,-0.0130029,0.0316393,-0.0421728,0.0066141,0.0518826,0.00253372,0.0413764,0.032847,0.0310846,-0.0107402,37.5387,-0.0320507,0.00687396,0.426128
25.66,0.999733,-0.019097,0.000945005,-0.0129892,-0.00808296,0.0138898,0.0123335,0.0520305,0.00262872,0.0413433,0.0313154,0.0361288,-0.0102314,37.8896,-0.00930704,0.0214182,0.189949
25.68,0.999733,-0.0190997,0.00104783,-0.0129631,-0.0104581,0.0532352,-0.00853369,0.0524502,0.00287468,0.0412348,0.0278164,0.0357174,-0.0115159,37.7565,-0.0231399,0.00118791,0.297773
25.7,0.999732,-0.0191205,0.00105823,-0.0129784,0.0301654,0.016288,0.0128046,0.0526956,0.00298554,0.0411436,0.0323427,0.0346991,-0.00931581,36.1777,-0.0103803,0.0162064,0.146066
25.72,0.999733,-0.0191313,0.00107513,-0.0129148,0.000221215,-0.0263503,0.000614544,0.0531682,0.00325908,0.0409872,0.0320682,0.0342535,-0.0125152,37.3165,-0.0152414,0.0113484,0.229995
25.74,0.999732,-0.0191597,0.0011541,-0.0129236,0.0162185,0.0135907,-0.0188451,0.0533132,0.00334914,0.0409328,0.0342769,0.0334485,-0.0122166,34.0057,-0.0273876,0.0447503,0.253879
25.76,0.999731,-0.0191934,0.00120451,-0.0129383,0.00454677,0.010979,0.00652389,0.0537617,0.00368493,0.0407672,0.0337343,0.0364946,-0.0131532,37.4889,-0.0230109,0.00386203,0.178901
25.78,0.99973,-0.0192715,0.0012413,-0.0128961,-0.02858,0.0676649,0.0259039,0.0539226,0.00380386,0.040687,0.024963,0.0433454,-0.00998319,38.5872,-0.027832,0.0214808,0.282289
25.8,0.999733,-0.0191358,0.00119597,-0.0129187,0.0397606,-0.0785688,-0.0255995,0.054322,0.00408296,0.0403389,0.0363309,0.0321053,-0.0128141,36.6132,-0.00150949,0.0185522,0.218531
25.82,0.999733,-0.0191328,0.00143758,-0.0129023,0.0349493,-0.000696366,0.00568097,0.0543953,0.00416356,0.0402671,0.0326659,0.0315162,-0.0114585,35.4031,-0.00595613,0.0139151,0.336769
25.84,0.999733,-0.0190872,0.00133121,-0.0129316,0.0280764,-0.0567298,-0.0214665,0.0545951,0.00427416,0.0400826,0.032354,0.0348878,-0.0108992,32.9224,-0.0256239,0.00160749,0.257162
25.86,0.999733,-0.0190657,0.00162148,-0.012939,-0.0131562,-0.00482007,-0.0025632,0.0549608,0.00460733,0.0397949,0.0234921,0.0447212,-0.0123334,36.7043,-0.0161316,-0.000209072,0.283892
25.88,0.999736,-0.0189943,0.0017759,-0.0128156,0.0239583,0.0329578,0.0159042,0.0551443,0.00480255,0.0395977,0.0322174,0.0300916,-0.0150094,38.8752,-0.0225464,0.0246698,0.546171
25.9,0.999734,-0.019023,0.00188845,-0.0128798,-0.00164716,-0.0051999,-0.0327145,0.0553625,0.00483693,0.039235,0.036933,0.0370477,-0.0123169,35.8574,0.00841087,0.0102898,0.252129
25.92,0.999735,-0.0189752,0.00194014,-0.0128734,0.0447624,0.0539835,0.00526039,0.0554529,0.00485409,0.039128,0.0339728,0.0298987,-0.0107696,35.9171,-0.00871482,0.0239427,0.279077
25.94,0.999736,-0.019006,0.00200091,-0.012785,-0.0145683,0.0473569,0.00067089,0.0558793,0.0050286,0.0387572,0.0381767,0.043071,-0.0165278,37.0738,0.00919027,0.0318387,0.485933
25.96,0.999738,-0.0189129,0.00194829,-0.0127498,0.0415556,0.0460803,0.00219345,0.0560169,0.00509946,0.038633,0.0353234,0.0412235,-0.00911003,34.7641,-0.0253438,0.00730052,0.20786
25.98,0.999738,-0.0188619,0.00195544,-0.0128322,0.0317365,0.0343706,-0.0140698,0.0564798,0.00540515,0.0381274,0.0277306,0.0398658,-0.00964323,34.556,-0.0205667,0.0323635,0.306595
26,0.999739,-0.0188378,0.00187062,-0.012803,0.00570332,-0.00257225,-0.0119162,0.0564974,0.0054098,0.0379824,0.0296621,0.0431971,-0.0127377,39.317,0.000145438,0.0158089,0.384811
26.02,0.99974,-0.0188486,0.00201547,-0.0126977,-0.0171819,0.031412,0.0156281,0.0565802,0.00556232,0.0375324,0.0252856,0.0380187,-0.0132084,37.6977,-0.0231845,0.0356742,0.357518
26.04,0.999742,-0.0187417,0.00199586,-0.0126915,0.0356244,0.00845311,0.00446941,0.0565977,0.00563131,0.0373959,0.0250799,0.0407754,-0.0120485,35.2636,-0.00427901,0.0206824,0.290746
26.06,0.999746,-0.0185222,0.00222358,-0.0126764,0.0104845,0.0427772,-0.0120267,0.0567194,0.0058641,0.0368913,0.0296756,0.0390008,-0.0217229,37.2312,-0.0117988,0.0271713,0.323342
26.08,0.999751,-0.0182183,0.00223364,-0.0126592,0.0298242,-0.0329777,0.0239458,0.0568017,0.00625698,0.0363193,0.0255484,0.0474545,-0.0161239,37.2544,-0.00586005,0.0391924,0.414924
26.1,0.999755,-0.0180615,0.00226821,-0.012583,0.036131,-0.036562,0.0242412,0.0567934,0.00633967,0.0361225,0.0243155,0.0474912,-0.0235498,37.0255,-0.000910986,0.0453477,0.40131
26.12,0.999765,-0.0175771,0.00258284,-0.0124407,0.00807206,0.00775902,-0.0123074,0.056835,0.00668745,0.0354835,0.0319973,0.0547551,-0.0179984,37.5771,-0.0204652,0.00240289,0.1957
26.14,0.99977,-0.0172282,0.00261776,-0.0124662,0.0343003,0.0232898,0.000597627,0.0569184,0.0070251,0.0349945,0.0346391,0.0569782,-0.0269397,34.5116,-0.0413731,0.0122199,0.371972
26.16,0.999792,-0.0162952,0.00275364,-0.0119949,0.0821979,0.0273766,0.0348899,0.057146,0.00774886,0.0341757,0.0305965,0.06261,-0.0314612,36.5338,-0.0105597,0.0283753,0.48861
26.18,0.999798,-0.0159628,0.00283478,-0.0118945,0.0815146,0.0628144,0.0294404,0.0572376,0.0080663,0.0338767,0.0292844,0.0641616,-0.0312305,34.172,-0.0257282,0.0101082,0.316173
26.2,0.999813,-0.0150316,0.00301776,-0.0117454,0.0775208,0.0122158,0.0296261,0.057386,0.00886103,0.032877,0.0302899,0.0675767,-0.0356999,37.8926,-0.0198172,0.0215971,0.373513
26.22,0.999823,-0.0144911,0.00306284,-0.0116302,0.119052,-0.029569,0.0435278,0.0574374,0.00915501,0.0325245,0.0331912,0.0724678,-0.03854,34.2872,-0.0475701,0.0117841,0.348775
26.24,0.999845,-0.0129374,0.00380284,-0.0112893,0.107626,0.047417,0.0223508,0.0575235,0.0102069,0.0314537,0.0238262,0.0819166,-0.0384023,34.1963,-0.0272051,0.041125,0.343323
26.26,0.999861,-0.0119362,0.00390365,-0.0109558,0.122801,-0.00465322,0.0333451,0.0575003,0.0110805,0.0306629,0.0276276,0.0900446,-0.0430249,37.5426,-0.0294878,0.0456116,0.550553
26.28,0.999879,-0.0105328,0.00412379,-0.0106919,0.163246,0.070817,0.0133209,0.0576071,0.0120811,0.0297994,0.0329667,0.0925489,-0.0464715,34.014,-0.0285662,0.0385849,0.343246
26.3,0.999901,-0.00791004,0.00511643,-0.0104944,0.237629,0.0807094,0.0127872,0.0575819,0.0137705,0.0283058,0.0268113,0.102973,-0.0523817,33.5178,-0.0643175,0.0124888,0.212388
26.32,0.999917,-0.00601666,0.00520547,-0.0101802,0.207415,0.0465972,0.0357074,0.0575254,0.0150047,0.0271525,0.0279539,0.111263,-0.0695351,35.029,-0.0421024,0.0432967,0.344815
26.34,0.999929,-0.00314677,0.00607865,-0.00974907,0.21491,0.10945,0.0459324,0.057312,0.0172071,0.0248408,0.0163012,0.1187,-0.0973528,37.6437,-0.0207156,0.0358483,0.213576
26.36,0.999934,-0.00203088,0.00622014,-0.00949704,0.268778,0.0816343,0.0666798,0.0572359,0.0179874,0.0238635,0.0228525,0.120235,-0.115652,35.007,-0.0846815,0.0415856,0.412748
26.38,0.999938,0.00136441,0.00700074,-0.00853408,0.196369,0.108747,0.0840051,0.0571983,0.0205418,0.0202349,0.0227777,0.129851,-0.146575,34.7952,-0.073716,0.0216915,0.345515
26.4,0.999935,0.00211202,0.00760832,-0.00818875,0.130395,0.141702,0.0859916,0.0570874,0.0213815,0.0189207,0.019906,0.134221,-0.154817,35.6352,-0.0249121,0.0474899,0.28909
26.42,0.999925,0.004281,0.00925581,-0.00682395,0.112131,0.073633,0.128921,0.0567195,0.0244519,0.0142799,0.00926932,0.147578,-0.182992,31.668,-0.0878432,0.0753606,0.335987
26.44,0.999926,0.00415222,0.0101946,-0.00524923,-0.048948,0.0886133,0.20151,0.0564183,0.0265881,0.0109884,0.0110579,0.156747,-0.197711,31.0357,-0.0735849,0.02259,0.451079
26.46,0.999936,0.000871446,0.0110545,-0.00204677,-0.304694,0.0274011,0.265227,0.0560131,0.0302722,0.00539095,0.00971701,0.176836,-0.227428,32.4164,-0.0840684,0.0920932,0.451039
26.48,0.999937,-0.000799699,0.0111817,-0.000803642,-0.400497,0.0315821,0.274803,0.0558731,0.0316186,0.003377,0.00682636,0.181953,-0.230913,33.9634,-0.0844577,0.0167367,0.609383
26.5,0.999909,-0.00666806,0.0112428,0.00328419,-0.425173,0.0796942,0.329972,0.0550137,0.0358724,-0.00300205,-1.65677e-05,0.199208,-0.262533,32.5704,-0.119353,0.028278,0.384648
26.52,0.99982,-0.0131029,0.0111199,0.00810611,-0.475989,0.0093501,0.366974,0.0541718,0.0406918,-0.010505,0.00143648,0.205094,-0.284234,29.2803,-0.138881,0.0467281,0.512409
26.54,0.999779,-0.0148918,0.0110732,0.0098298,-0.440149,-0.0283435,0.379234,0.0538839,0.0423154,-0.0130623,0.000528996,0.221401,-0.297313,31.434,-0.131739,0.0777463,0.519481
26.56,0.999641,-0.0188662,0.011346,0.0152582,-0.179606,0.103247,0.412324,0.0528749,0.0475995,-0.0215936,-0.0116189,0.233064,-0.350993,29.7731,-0.160308,0.019974,0.310467
26.58,0.999533,-0.0209756,0.0112861,0.0191241,-0.246008,-0.0492836,0.416136,0.0521207,0.0513569,-0.0280111,-0.0182986,0.238421,-0.375528,28.9078,-0.14608,0.131198,0.499161
26.6,0.999354,-0.0232392,0.0110392,0.0250971,-0.120522,-0.00651136,0.42078,0.0504699,0.0574877,-0.0391404,-0.0246253,0.248143,-0.421233,27.6665,-0.233517,0.0540615,0.506465
26.62,0.999288,-0.0239522,0.0106682,0.0271329,-0.10627,-0.0995632,0.433568,0.0499367,0.0594574,-0.0428854,-0.02569,0.248719,-0.432467,27.6189,-0.204758,0.13242,0.512462
26.64,0.999075,-0.0257616,0.00878023,0.033296,-0.101795,-0.162211,0.448808,0.0482377,0.065549,-0.0548362,-0.0281919,0.259028,-0.480979,26.1111,-0.210053,0.0127807,0.308585
26.66,0.998998,-0.0261808,0.00815743,0.0353619,-0.0452485,-0.0902697,0.457166,0.0476543,0.0676009,-0.0590214,-0.0270327,0.256351,-0.482325,27.9077,-0.153908,0.190818,0.559652
26.68,0.998744,-0.0271869,0.00572278,0.0417089,-0.0979861,-0.163794,0.475475,0.0458022,0.0739662,-0.072401,-0.0406888,0.266137,-0.53618,26.0517,-0.264859,-0.0099586,0.306251
26.7,0.998565,-0.0272037,0.00409572,0.0459522,0.00216232,-0.159419,0.477675,0.0442448,0.0783075,-0.0817921,-0.0426905,0.265659,-0.547423,23.2944,-0.232702,0.117962,0.456141
26.72,0.998379,-0.026949,0.00279245,0.0500572,-0.0190991,-0.238397,0.453875,0.0426842,0.0827467,-0.0915534,-0.0468608,0.277354,-0.571787,23.1669,-0.275238,-0.0148488,0.308825
26.74,0.998063,-0.0267381,0.00136711,0.0561576,0.0028137,-0.0491473,0.430844,0.0401674,0.0899392,-0.107675,-0.0476838,0.272646,-0.587574,23.7302,-0.317495,0.144868,0.381344
26.76,0.997708,-0.0271076,0.000660101,0.0619936,-0.0385444,-0.0145546,0.422144,0.0377032,0.0967296,-0.123357,-0.0580629,0.276139,-0.605388,22.2232,-0.190058,0.0777243,0.490938
26.78,0.997447,-0.0278615,0.000422948,0.0657584,-0.0797765,-0.0685081,0.394246,0.0358983,0.101304,-0.133933,-0.0585809,0.277042,-0.605881,22.7465,-0.31593,-0.0872319,0.280393
26.8,0.997305,-0.0284474,0.00039642,0.0676232,-0.184305,-0.0841756,0.408749,0.0349157,0.103583,-0.139248,-0.0557542,0.281819,-0.611607,21.3222,-0.289543,0.0860318,0.487928
26.82,0.996882,-0.0305003,0.000824626,0.0727731,-0.187532,0.0454324,0.353709,0.0319571,0.110483,-0.155231,-0.0635725,0.279073,-0.603031,23.1166,-0.379554,0.204918,0.435516
26.84,0.996733,-0.0312397,0.000963166,0.07447,-0.216351,-0.0497481,0.362628,0.0308835,0.113188,-0.161476,-0.0678197,0.283264,-0.613195,20.1313,-0.240674,0.0221537,0.534851
26.86,0.996159,-0.0336266,0.0019595,0.0808243,-0.183689,-0.00760366,0.324456,0.026906,0.122478,-0.183003,-0.0673999,0.277328,-0.613114,24.4175,-0.231522,0.069571,0.590863
26.88,0.996024,-0.0339329,0.0022396,0.0823424,-0.106573,-0.00107694,0.319772,0.0257619,0.12475,-0.18837,-0.0729568,0.278433,-0.621795,23.2601,-0.317858,0.288318,0.619237
26.9,0.995746,-0.0347435,0.00256785,0.0852992,-0.0570093,0.0490712,0.33291,0.0234661,0.129312,-0.199075,-0.0729948,0.270271,-0.609267,22.1816,-0.423038,0.102853,0.438687
26.92,0.995483,-0.0354211,0.00246616,0.0880515,-0.152543,-0.100683,0.283833,0.0211777,0.133852,-0.209746,-0.0784641,0.279497,-0.609505,22.6942,-0.0905189,0.0163337,0.591754
26.94,0.995106,-0.036368,0.00191135,0.0918524,-0.142705,-0.0741761,0.266052,0.0176296,0.141012,-0.226509,-0.0789896,0.260372,-0.599677,22.3914,-0.422407,0.117255,0.422522
26.96,0.994771,-0.0368252,0.0011958,0.0952529,0.0530575,-0.0279699,0.24056,0.0142079,0.147696,-0.242159,-0.0763214,0.261514,-0.590277,20.9356,-0.268475,0.0439068,0.559709
26.98,0.994651,-0.037268,0.000709286,0.0963366,-0.116215,-0.0846906,0.241065,0.0129081,0.149859,-0.247301,-0.0819172,0.25626,-0.585328,19.6082,-0.343814,0.070425,0.508443
27,0.994346,-0.0376169,0.000251792,0.0993012,0.0823404,0.0194915,0.200355,0.00904954,0.156256,-0.262636,-0.0811661,0.254962,-0.590486,22.2199,-0.296332,0.158396,0.356471
27.02,0.994141,-0.0382992,-0.000170813,0.101083,-0.155928,-0.0548302,0.197238,0.00645308,0.160483,-0.272792,-0.100604,0.256061,-0.57405,23.7553,-0.271618,-0.219891,0.422737
27.04,0.993846,-0.0393408,-0.000328308,0.103547,-0.0826688,0.0338811,0.187416,0.00244402,0.167087,-0.28872,-0.0900647,0.243088,-0.568782,22.3869,-0.190013,0.227281,0.360719
27.06,0.993752,-0.0398442,-0.000390589,0.104257,-0.178553,-0.016504,0.164812,0.00116442,0.16917,-0.293708,-0.100522,0.247235,-0.564135,24.385,-0.452136,0.0875548,0.477964
27.08,0.993486,-0.0410486,-0.000400182,0.106303,-0.0735216,0.0558337,0.161551,-0.00289968,0.175066,-0.308236,-0.0892676,0.233608,-0.553885,22.5897,-0.232291,0.0943952,0.449063
27.1,0.993404,-0.0414803,-0.000578892,0.106896,-0.13446,-0.0208066,0.139726,-0.0043037,0.176971,-0.312999,-0.10481,0.240514,-0.543079,20.6906,-0.324353,0.0811568,0.47464
27.12,0.993184,-0.0423748,-0.000704463,0.10858,-0.0295277,0.037595,0.136098,-0.00844244,0.182674,-0.327045,-0.0999261,0.231694,-0.538099,22.3605,-0.27057,-0.201229,0.334297
27.14,0.993064,-0.0426409,-0.00114467,0.109562,-0.0265405,-0.0713065,0.079246,-0.0111529,0.186428,-0.336245,-0.098982,0.234994,-0.531515,26.8951,-0.432415,0.158371,0.442953
27.16,0.992948,-0.0427661,-0.00164849,0.110556,0.00898028,-0.0644285,0.112295,-0.0138729,0.190183,-0.345518,-0.0985456,0.21803,-0.520156,21.2167,-0.162945,0.0499614,0.321086
27.18,0.992823,-0.0426757,-0.00278304,0.111681,-0.00258372,-0.0982003,0.0653802,-0.0179733,0.195394,-0.358621,-0.0973173,0.220105,-0.507451,21.2108,-0.159312,-0.0525675,0.457804
27.2,0.992756,-0.0423678,-0.00347722,0.112377,0.0481528,-0.0473351,0.0840464,-0.0210044,0.198877,-0.367651,-0.0990833,0.206707,-0.50069,21.4476,-0.205437,0.0973838,0.481691
27.22,0.992682,-0.0419833,-0.00473343,0.113129,-0.0261222,-0.119793,0.0511767,-0.0252451,0.203563,-0.379926,-0.09857,0.208297,-0.490088,25.4586,-0.392571,-0.124131,0.190262
27.24,0.992674,-0.041764,-0.00491625,0.113271,0.0478051,-0.0465304,0.0401684,-0.0266354,0.205116,-0.383943,-0.101639,0.199325,-0.492391,23.8176,-0.262554,0.0186765,0.520495
27.26,0.992615,-0.0418462,-0.00592913,0.113703,-0.101076,-0.112916,0.0346029,-0.0307159,0.20962,-0.395885,-0.0947483,0.195405,-0.472881,23.6386,-0.242698,-0.0135072,0.579397
27.28,0.992605,-0.041866,-0.00599482,0.113788,-0.0441614,-0.0233833,0.0234608,-0.0320591,0.211097,-0.399808,-0.104378,0.192192,-0.474623,23.9581,-0.326405,0.121729,0.655008
27.3,0.992557,-0.0427381,-0.00658735,0.113845,-0.122076,-0.025631,0.00263416,-0.0380472,0.216409,-0.414833,-0.101524,0.179191,-0.459773,22.6331,-0.141681,-0.00716461,0.608163
27.32,0.992556,-0.0428834,-0.00667322,0.113795,-0.0446313,0.0195564,-0.0183766,-0.0394701,0.217625,-0.418358,-0.104618,0.182821,-0.451959,20.0586,-0.198847,0.0310459,0.539311
27.34,0.99253,-0.0440531,-0.0067866,0.113563,-0.153401,0.00498171,-0.0163119,-0.0436639,0.221231,-0.428891,-0.100865,0.171341,-0.445593,20.4945,-0.25347,0.0147524,0.363674
27.36,0.992545,-0.044155,-0.00676745,0.113393,-0.0434864,0.0157775,-0.0559701,-0.0450204,0.222425,-0.432371,-0.104102,0.180319,-0.442478,25.6701,-0.314232,-0.0365389,0.389807
27.38,0.992575,-0.0446569,-0.00669517,0.112946,-0.0939453,0.00906056,-0.0248096,-0.0491626,0.225762,-0.442475,-0.101514,0.161428,-0.433998,20.5509,-0.182494,0.0350797,0.438379
27.4,0.992654,-0.0445693,-0.00659448,0.112286,0.0356679,0.0426483,-0.0558275,-0.0535616,0.228945,-0.452547,-0.0891425,0.158162,-0.427248,24.8569,-0.0491137,-0.124861,0.496187
27.42,0.992678,-0.0445739,-0.00671526,0.112062,-0.0287796,0.00580051,-0.0359455,-0.0549559,0.229906,-0.455693,-0.0970002,0.147548,-0.428951,19.9543,-0.328403,0.00540644,0.441367
27.44,0.992772,-0.044215,-0.00691334,0.111356,0.0791127,0.0118094,-0.061902,-0.0589945,0.232736,-0.465089,-0.0854279,0.148017,-0.420428,26.1531,-0.299362,0.0312013,0.389493
27.46,0.992834,-0.0440191,-0.00737933,0.110852,-0.0122883,-0.0315552,-0.0615366,-0.061623,0.234605,-0.471312,-0.0979691,0.146218,-0.408899,23.2617,-0.179519,-0.0380376,0.580914
27.48,0.992949,-0.0434044,-0.00801027,0.110019,0.0963886,0.0180902,-0.0566182,-0.06552,0.237092,-0.480243,-0.084393,0.129083,-0.410674,21.8526,-0.223601,-0.0215263,0.421046
27.5,0.99298,-0.0434104,-0.00839248,0.109712,0.000584527,-0.0455061,-0.0603609,-0.0668609,0.237801,-0.482984,-0.09191,0.134114,-0.397837,24.2594,-0.236157,-0.010077,0.51312
27.52,0.993101,-0.0428708,-0.00916506,0.108757,0.108075,0.00597005,-0.0793661,-0.0709098,0.240005,-0.491778,-0.0808345,0.126831,-0.396275,23.4213,-0.085837,0.0249137,0.419251
27.54,0.993131,-0.0429357,-0.00951267,0.108433,0.0316085,-0.0107917,-0.0713924,-0.0721774,0.240694,-0.494495,-0.085459,0.122297,-0.387799,22.2635,-0.115345,0.0039317,0.453128
27.56,0.993242,-0.0429734,-0.0101072,0.107339,0.0404586,0.0115165,-0.095259,-0.0758475,0.2426,-0.502673,-0.080072,0.119264,-0.393683,26.417,-0.27534,0.0202258,0.418026
27.58,0.993306,-0.0432658,-0.0104446,0.106595,-0.058532,-0.0739762,-0.0764292,-0.0782095,0.243836,-0.508114,-0.0857211,0.116254,-0.375831,24.7801,-0.222027,-0.20339,0.322246
27.6,0.993393,-0.0432693,-0.0102481,0.105793,0.0163584,0.0231546,-0.0981337,-0.0807359,0.244691,-0.512854,-0.0802271,0.115164,-0.383295,25.4828,-0.270443,0.111851,0.426669
27.62,0.993534,-0.0433176,-0.0100282,0.104468,-0.0346766,0.00775177,-0.106998,-0.0845416,0.246199,-0.520608,-0.0778516,0.110695,-0.373136,23.4292,0.006582,0.00229217,0.473686
27.64,0.993647,-0.0429798,-0.00962342,0.103568,0.0779824,0.0959529,-0.101176,-0.0868689,0.247041,-0.525382,-0.0737402,0.104384,-0.368138,25.1395,-0.296137,-0.0501075,0.344813
27.66,0.993812,-0.0424322,-0.00935652,0.102225,0.0267348,-0.0160148,-0.108616,-0.0901976,0.24831,-0.532615,-0.0713091,0.10317,-0.36826,23.382,-0.191975,-0.0764542,0.530358
27.68,0.993865,-0.04221,-0.00931885,0.101807,0.0444416,0.0354922,-0.10887,-0.0912646,0.248722,-0.535016,-0.0708133,0.102266,-0.355865,24.0435,-0.102497,-0.00147228,0.446174
27.7,0.994028,-0.041485,-0.00941804,0.100493,0.0393414,-0.0224328,-0.111634,-0.0946762,0.24937,-0.541262,-0.0714013,0.0907222,-0.357723,24.7702,-0.18707,0.0393808,0.490731
27.72,0.994082,-0.0412738,-0.0097105,0.10002,-0.0160032,-0.0597073,-0.124836,-0.0957552,0.24957,-0.54336,-0.0642963,0.0911648,-0.345723,24.394,-0.156449,-0.0593916,0.359674
27.74,0.994283,-0.0405826,-0.0105842,0.0981966,-0.0296376,-0.0932394,-0.109193,-0.100006,0.250538,-0.552264,-0.066643,0.0879923,-0.342729,24.3275,-0.160026,0.00124079,0.407724
27.76,0.994337,-0.0403808,-0.0107471,0.0977132,0.0182265,-0.062734,-0.121892,-0.100996,0.250782,-0.554372,-0.0648128,0.0889733,-0.339874,23.2455,-0.14733,0.021829,0.458008
27.78,0.99444,-0.0400752,-0.0110865,0.096751,0.0651388,0.0202565,-0.11047,-0.102909,0.251243,-0.558606,-0.0568683,0.0786387,-0.3339,23.8134,-0.114845,-0.145088,0.323135
27.8,0.994533,-0.0399732,-0.0115694,0.0957699,-0.0720667,-0.0665961,-0.125919,-0.104986,0.251272,-0.562299,-0.0612811,0.0821354,-0.327096,24.5333,-0.159408,-0.0930127,0.283002
27.82,0.994672,-0.0399723,-0.0117948,0.0942875,-0.028354,0.00891499,-0.0956843,-0.107943,0.25128,-0.567902,-0.0543751,0.0626657,-0.327523,26.6965,-0.147888,-0.0226432,0.210486
27.84,0.994815,-0.0398907,-0.0118585,0.0927956,0.102665,0.0161423,-0.104356,-0.110771,0.251371,-0.574134,-0.0478986,0.064088,-0.32064,23.2505,-0.167539,-0.0243136,0.474991
27.86,0.994851,-0.0401301,-0.0118564,0.0923047,-0.00191128,0.0554197,-0.102143,-0.111661,0.251395,-0.576053,-0.0468154,0.0611164,-0.318502,26.2966,-0.124628,0.0165278,0.394367
27.88,0.995003,-0.0400413,-0.0114942,0.0907429,0.107978,0.0716977,-0.124966,-0.114307,0.251248,-0.581645,-0.0462593,0.0625193,-0.325396,22.6899,-0.18013,-0.000917136,0.500403
27.9,0.995088,-0.0401342,-0.0113192,0.0897892,-0.0458482,0.0158499,-0.0999833,-0.116171,0.250892,-0.585103,-0.04485,0.0535861,-0.319112,22.2657,-0.0907641,-0.0766617,0.440853
27.92,0.995247,-0.0395588,-0.0110386,0.0882951,0.115772,-0.0144954,-0.119087,-0.118777,0.250362,-0.590463,-0.034511,0.055306,-0.315029,23.7154,-0.0896803,0.00464306,0.363807
27.94,0.995296,-0.039536,-0.0109197,0.0877713,0.0105843,0.0102186,-0.114633,-0.119642,0.25025,-0.59279,-0.0345849,0.0493079,-0.320569,27.1977,-0.142137,-0.0636229,0.29092
27.96,0.995453,-0.0389723,-0.0107879,0.0862443,0.0893786,-0.0251355,-0.114626,-0.121966,0.249741,-0.598406,-0.0367041,0.0518216,-0.311474,24.2353,-0.0626674,-0.0666685,0.293416
27.98,0.995498,-0.038801,-0.0109223,0.085784,0.0659335,-0.0591381,-0.112223,-0.122706,0.249581,-0.600305,-0.0316103,0.0497486,-0.310415,24.7848,-0.129319,-0.0405237,0.279133
28,0.995642,-0.0381506,-0.0111623,0.0843604,0.0492183,-0.000189766,-0.105024,-0.125131,0.248671,-0.605316,-0.0349226,0.0474508,-0.312125,23.555,-0.108578,0.0192983,0.294606
28.02,0.995735,-0.0376935,-0.0115371,0.0834207,0.0387706,-0.061899,-0.119142,-0.126619,0.248092,-0.608766,-0.0234316,0.0436157,-0.313327,26.1661,-0.119926,-0.0515019,0.158182
28.04,0.995818,-0.0372249,-0.0119368,0.0825772,0.0307744,-0.0306245,-0.0825797,-0.128008,0.247568,-0.612294,-0.0268681,0.0402834,-0.308359,22.8847,-0.0839319,-0.023034,0.236224
28.06,0.995941,-0.0367231,-0.0125629,0.0812154,0.0176278,-0.0437348,-0.107591,-0.129954,0.246863,-0.618198,-0.016307,0.0407397,-0.309506,24.2286,-0.182586,-0.0497882,0.244994
28.08,0.996016,-0.0365621,-0.0128665,0.0803111,-0.00534637,-0.00682642,-0.0910898,-0.131196,0.246232,-0.62171,-0.0176957,0.0253686,-0.30585,25.0441,-0.0648996,-0.0111582,0.192735
28.1,0.996124,-0.0364888,-0.0130489,0.0789684,-0.013277,-0.016562,-0.112371,-0.132945,0.245116,-0.626814,-0.00915469,0.0304813,-0.302534,26.2967,-0.0550131,-0.0746922,0.149229
28.12,0.99616,-0.0364559,-0.0129493,0.0785432,-0.000844568,0.0580343,-0.0793871,-0.133503,0.24477,-0.628562,-0.0140382,0.0221492,-0.311372,21.2326,-0.0187526,-0.0516758,0.134223
28.14,0.996256,-0.0368059,-0.0129547,0.0771453,-0.0644032,-0.0746647,-0.117312,-0.134983,0.243769,-0.633948,-0.00589503,0.0335821,-0.297475,24.3764,-0.148345,0.0303139,0.161718
28.16,0.996361,-0.037021,-0.0123387,0.0757782,0.00131303,0.080232,-0.0961611,-0.136296,0.242884,-0.63994,-0.00795726,0.0213111,-0.293479,25.8521,-0.0689725,-0.120793,0.121495
28.18,0.996431,-0.0371179,-0.0120572,0.0748501,-0.0358259,0.00291843,-0.115315,-0.137182,0.242056,-0.643432,-0.00279126,0.0320401,-0.307362,23.7033,-0.189917,0.00960936,0.368431
28.2,0.996472,-0.0370492,-0.0117349,0.0743807,0.0663256,0.111537,-0.106747,-0.137596,0.241672,-0.645213,0.00181177,0.0181411,-0.309797,24.6259,-0.0238815,0.00813488,0.255452
28.22,0.996575,-0.0370508,-0.0116248,0.0730087,-0.0524289,-0.10784,-0.10864,-0.138665,0.240534,-0.650685,0.00546175,0.0255036,-0.300472,23.6707,-0.0698444,0.064286,0.300593
28.24,0.996614,-0.036874,-0.0113275,0.0726164,0.040925,0.0528178,-0.0977585,-0.138973,0.240167,-0.652517,0.00795498,0.0215027,-0.307632,24.0277,-0.151324,-0.127478,0.329572
28.26,0.99668,-0.0365795,-0.0113937,0.0718465,0.0155318,0.0292997,-0.079477,-0.139523,0.239512,-0.656757,0.00736259,0.0148907,-0.294686,27.5373,-0.0582463,-0.00567427,0.184852
28.28,0.996838,-0.0354356,-0.0113477,0.0702076,0.0984558,0.030732,-0.0856007,-0.14037,0.238059,-0.664195,0.0164413,0.0131455,-0.290915,21.6778,-0.0918155,-0.00859016,0.287635
28.3,0.996867,-0.0353386,-0.0115019,0.0698227,-0.0217959,-0.0474436,-0.0719142,-0.140537,0.237685,-0.666025,0.0145216,0.0108217,-0.293629,25.4835,-0.0416548,-0.0307804,0.0275517
28.32,0.996941,-0.0347236,-0.0115536,0.0690642,0.0666583,-0.00232746,-0.0960322,-0.1409,0.237141,-0.669872,0.012384,0.0346773,-0.301176,23.4435,-0.0789326,0.0242194,0.195072
28.34,0.997026,-0.034364,-0.011837,0.0679513,-0.0244587,-0.0610622,-0.0823086,-0.1413,0.236401,-0.675567,0.0150544,0.0175878,-0.293519,24.7616,-0.191363,-0.0587817,0.125372
28.36,0.99709,-0.0347311,-0.0121017,0.0667783,-0.05515,-0.0194488,-0.0916595,-0.141532,0.235707,-0.681302,0.0229825,0.0217234,-0.286059,25.2874,0.0582938,0.0547493,0.26994
28.38,0.997105,-0.0350058,-0.0121204,0.0664107,-0.0896697,0.0391848,-0.0910681,-0.141567,0.235466,-0.683101,0.0229143,0.0152129,-0.284803,22.0512,-0.074902,-0.0394722,0.261437
28.4,0.997155,-0.0357174,-0.0120722,0.065274,-0.0439278,0.0281909,-0.0918445,-0.141499,0.234789,-0.689015,0.0267961,0.02912,-0.285129,26.1569,-0.152902,-0.0140674,0.330033
28.42,0.997168,-0.036019,-0.0120416,0.0649096,-0.0645597,0.0415671,-0.0903845,-0.141459,0.234572,-0.690893,0.0297415,0.0192151,-0.285801,24.2821,-0.0138035,-0.0206269,0.335232
28.44,0.997228,-0.0364673,-0.0115559,0.0638134,0.00674383,0.0303775,-0.0860149,-0.141172,0.233967,-0.696625,0.0346569,0.0243267,-0.286894,25.9622,-0.0850479,0.121564,0.339079
28.46,0.997268,-0.0366035,-0.0111799,0.0631791,0.00344774,0.0687175,-0.0788999,-0.140906,0.233591,-0.700533,0.0391155,0.0124295,-0.283534,21.8089,-0.0373338,-0.0127741,0.224663
28.48,0.99732,-0.0363608,-0.0107946,0.0625652,0.0516976,0.0130838,-0.066575,-0.140551,0.233237,-0.704501,0.0348986,0.0206792,-0.292719,23.3,-0.136224,0.0334092,0.203081
28.5,0.997403,-0.035946,-0.0103258,0.0615485,-0.0209433,-0.00456538,-0.0828223,-0.139767,0.232603,-0.710065,0.0444919,0.0140706,-0.27763,26.5077,-0.102905,-0.112352,0.198816
28.52,0.997464,-0.0355281,-0.0100058,0.0608501,0.0950364,0.0568799,-0.0587066,-0.139081,0.232239,-0.714245,0.0466636,0.014213,-0.282895,23.0605,0.0400315,-0.0311042,0.221836
28.54,0.997529,-0.0354787,-0.00985162,0.0598399,-0.0457144,-0.0248162,-0.076524,-0.138022,0.231736,-0.719936,0.0502795,0.0138963,-0.279841,22.9507,-0.0646365,0.0893198,0.484162
28.56,0.997557,-0.0352979,-0.00967989,0.059498,0.0655843,0.033622,-0.0665161,-0.137646,0.23157,-0.721832,0.0475039,0.0103479,-0.284233,23.7708,-0.0853656,-0.00454158,0.344075
28.58,0.997613,-0.0354521,-0.00957397,0.0584748,-0.0994396,-0.0356023,-0.0797709,-0.136346,0.231022,-0.72727,0.0571017,0.0153689,-0.269341,25.4408,-0.0604365,-0.0115308,0.183191
28.6,0.99764,-0.0352868,-0.00944313,0.0581386,0.0373848,0.0103793,-0.0795575,-0.13586,0.230836,-0.729028,0.0528832,0.00940628,-0.276483,24.3895,-0.120965,0.0793278,0.24749
28.62,0.997713,-0.035248,-0.00933582,0.0569115,-0.0106817,0.00371285,-0.0748955,-0.133727,0.230166,-0.736633,0.0607763,0.0133293,-0.269456,22.145,0.0361186,0.0895734,0.312229
28.64,0.997735,-0.0350751,-0.00928749,0.0566448,0.103194,0.0214173,-0.0614964,-0.133183,0.230013,-0.738452,0.063062,0.00659181,-0.271545,24.0972,-0.0283965,0.000108574,0.283034
28.66,0.997766,-0.0351855,-0.00933652,0.0560131,-0.0520875,-0.0310101,-0.0711202,-0.132051,0.229732,-0.742124,0.0612715,0.0130822,-0.266081,26.3113,-0.0761272,0.0722208,0.390136
28.68,0.997812,-0.0349111,-0.00920466,0.0553855,0.0716313,0.018321,-0.0846078,-0.130865,0.229484,-0.745823,0.0672937,0.0118913,-0.266611,22.6792,-0.0393336,0.00552016,0.279671
28.7,0.99786,-0.0350777,-0.00890624,0.0544594,-0.0754828,0.0310372,-0.0738568,-0.128907,0.229058,-0.750976,0.0651938,0.0115049,-0.259537,20.4334,-0.0731505,-0.00470547,0.306927
28.72,0.997913,-0.035107,-0.0083164,0.0535528,0.0175866,0.0659583,-0.0420025,-0.126699,0.228622,-0.756301,0.0726463,0.00818775,-0.252627,24.6258,-0.0906017,0.0168835,0.29635
28.74,0.997929,-0.0351849,-0.00806007,0.053237,-0.0467133,0.0589462,-0.054618,-0.125985,0.228496,-0.757971,0.0696843,0.00847856,-0.260423,25.0275,-0.0524253,-0.0209921,0.200218
28.76,0.997985,-0.0351507,-0.00732182,0.0523174,0.0628027,0.0450505,-0.0563178,-0.123796,0.22814,-0.763039,0.078881,0.00725629,-0.249929,23.6001,-0.0841426,0.151987,0.125769
28.78,0.998014,-0.0353038,-0.00682644,0.0517162,-0.0382981,0.0671162,-0.0655848,-0.122288,0.227933,-0.766453,0.0740987,0.0113701,-0.249842,25.9645,-0.0116472,-0.0442834,0.378256
28.8,0.99807,-0.0350168,-0.00632603,0.0508889,0.0822425,0.0576621,-0.0533309,-0.119727,0.227397,-0.770952,0.0838375,0.00230604,-0.253553,24.8946,-0.0975571,0.0549798,0.169848
28.82,0.998085,-0.0350567,-0.00628941,0.0505787,-0.00214998,0.029495,-0.0550139,-0.118871,0.227237,-0.772489,0.0794563,0.00209663,-0.247198,24.3271,-0.0359474,-0.0408266,0.19581
28.84,0.998143,-0.0346265,-0.00620621,0.0497243,0.110106,0.00186734,-0.0578473,-0.116101,0.226769,-0.777479,0.0832879,0.00520425,-0.241672,26.6046,-0.0749042,-0.00236389,0.231064
28.86,0.998156,-0.034641,-0.0061756,0.0494558,0.0539262,0.0451857,-0.0511972,-0.115219,0.226641,-0.77904,0.0878394,0.00647217,-0.244208,25.2228,-0.0322334,0.0588414,0.359029
28.88,0.998206,-0.0343718,-0.00626428,0.0486205,0.0642345,-0.00375248,-0.0673085,-0.112496,0.226263,-0.783792,0.08538,0.00828682,-0.244034,22.7982,-0.0697472,0.0837114,0.219748
28.9,0.998235,-0.0346734,-0.0062602,0.0478059,-0.11111,-0.0103097,-0.0516996,-0.109603,0.225741,-0.78814,0.0853739,0.00422417,-0.235628,23.3258,-0.00839649,0.059141,0.0963176
28.92,0.998251,-0.0346746,-0.00611218,0.047496,-0.0586042,0.0148009,-0.0803171,-0.108601,0.225577,-0.789541,0.0869698,0.0121353,-0.239416,25.9844,-0.0188083,0.0475653,0.174821
28.94,0.998281,-0.0349675,-0.00560508,0.0467088,-0.081637,0.0177502,-0.0408047,-0.105463,0.225079,-0.794165,0.0926358,-0.000924862,-0.234103,25.4689,-0.103892,0.0601954,0.326003
28.96,0.998315,-0.0348357,-0.0050255,0.0461339,0.0689448,0.0885561,-0.0774359,-0.103457,0.224766,-0.797062,0.0899409,0.00965889,-0.230099,24.282,-0.0592006,0.00834182,0.131018
28.98,0.998344,-0.0350788,-0.00430688,0.0453881,-0.0970355,0.0237602,-0.0355291,-0.100397,0.224238,-0.801257,0.0898625,-0.000873259,-0.23565,25.9839,0.0363155,0.0607235,0.287404
29,0.998364,-0.0349399,-0.00398728,0.0450926,0.000834547,0.0878589,-0.0681895,-0.0993258,0.224033,-0.802498,0.0892732,0.00673487,-0.231911,24.0627,-0.0715296,0.251919,0.397618
29.02,0.998398,-0.0348504,-0.00332379,0.0444477,-0.0388138,0.0283791,-0.0332968,-0.0961189,0.223458,-0.806352,0.0951691,-0.000951531,-0.227882,24.6205,0.0529187,-0.0121557,0.269526
29.04,0.998414,-0.0346916,-0.00322305,0.0442336,-0.0246422,0.0504245,-0.0328387,-0.0950286,0.223276,-0.807662,0.0939265,0.00636854,-0.226332,25.2444,-0.035359,0.0587266,0.184513
29.06,0.998471,-0.0342265,-0.00319942,0.0432795,-0.0412981,-0.0203246,-0.0434576,-0.0905649,0.222628,-0.813358,0.0981475,-0.00125875,-0.231598,23.1037,-0.0529152,0.047247,0.294761
29.08,0.998485,-0.0341273,-0.003216,0.0430401,0.0158512,0.0469624,-0.0455461,-0.0894801,0.222484,-0.814714,0.0979753,-0.0030602,-0.219494,25.4924,-0.017793,0.104168,0.36653
29.1,0.998503,-0.0341468,-0.00345782,0.042579,-0.0162162,-0.0686808,-0.066109,-0.0872359,0.22204,-0.816904,0.101489,0.00923435,-0.216712,26.7378,-0.0964251,0.0105874,0.267096
29.12,0.998528,-0.0340389,-0.0033883,0.0421047,0.00825388,0.0443256,-0.0443278,-0.0850038,0.221636,-0.819124,0.0999439,-0.00257971,-0.220188,24.2134,-0.0220951,0.0853443,0.213971
29.14,0.998553,-0.0342003,-0.00328591,0.0413788,-0.0289122,0.00816429,-0.0703543,-0.0816771,0.221075,-0.822627,0.103228,0.00276307,-0.219415,24.8183,-0.00996728,0.106626,0.161308
29.16,0.998574,-0.0344791,-0.00279618,0.040649,-0.0217277,0.0417562,-0.0566066,-0.0782464,0.220583,-0.826567,0.094093,0.00386438,-0.207898,22.7057,-0.150007,0.086279,0.11128
29.18,0.998585,-0.0345074,-0.00262561,0.0403855,-0.00583267,-0.0149359,-0.0691673,-0.0771557,0.220414,-0.827812,0.097489,0.00851751,-0.209411,25.2228,0.0507361,-0.0615586,0.0937542
29.2,0.998606,-0.0346827,-0.00180516,0.0397522,-0.0144573,0.0726722,-0.0349695,-0.0738608,0.219761,-0.830775,0.0999615,-0.0033466,-0.206199,26.6582,-0.100956,0.221072,0.214223
29.22,0.998629,-0.0346351,-0.00135235,0.0392365,0.0184152,0.035724,-0.0601851,-0.0716818,0.219321,-0.832846,0.103496,0.00804239,-0.210473,26.0742,0.0410628,0.0190391,0.146364
29.24,0.998664,-0.0344053,-0.000682897,0.0385565,0.0414686,0.0673719,-0.0444162,-0.0684301,0.218734,-0.836061,0.0970431,-0.000100032,-0.203988,23.1575,-0.139799,0.075417,0.0832241
29.26,0.998678,-0.0342724,-0.000679602,0.0383141,0.0267441,-0.0308413,-0.0623697,-0.0673507,0.218542,-0.837165,0.0989134,0.00619123,-0.203093,26.9237,-0.0561697,0.0316212,0.286915
29.28,0.998713,-0.033902,-0.000519921,0.0377071,0.0492437,0.0619716,-0.0332192,-0.0639696,0.218016,-0.84058,0.0987413,-0.00740976,-0.202694,25.9711,-0.058993,0.00551987,0.279647
29.3,0.998727,-0.0337924,-0.000642804,0.0374487,0.0383341,-0.0341875,-0.0486147,-0.0628731,0.217826,-0.841501,0.0979923,-2.28047e-05,-0.198286,24.4734,-0.0807371,0.205968,0.177519
29.32,0.998762,-0.0334798,-0.000890558,0.0367876,0.0626405,0.0348578,-0.0400119,-0.0595644,0.21721,-0.84437,0.107565,-0.00918344,-0.205658,24.1858,0.0168694,0.040774,-0.066501
29.34,0.998781,-0.0335621,-0.00124144,0.0361752,-0.0523143,-0.0545624,-0.0554488,-0.0562955,0.216607,-0.847429,0.100429,0.00729076,-0.199097,26.454,-0.0794822,0.166101,0.264319
29.36,0.998792,-0.0334779,-0.00106299,0.0359406,0.04547,0.0633224,-0.0540348,-0.0552307,0.216402,-0.848485,0.0997797,-0.00779673,-0.211436,24.9825,-0.0891015,0.0652792,0.370725
29.38,0.998806,-0.0337474,-0.00113562,0.035303,-0.0966842,-0.0741685,-0.031773,-0.0518998,0.215743,-0.85191,0.0946557,0.00017686,-0.203866,25.4904,-0.0108996,0.0245106,0.250826
29.4,0.998825,-0.0336506,-0.00052759,0.0348719,0.0901909,0.116426,-0.0460485,-0.0497908,0.215246,-0.853768,0.101843,-0.00804819,-0.201168,24.1622,-0.0667341,0.0690017,0.112805
29.42,0.998844,-0.0337718,4.84761e-05,0.0342163,-0.0266885,0.0048971,-0.0470572,-0.0466973,0.214589,-0.856743,0.0949403,0.00235933,-0.20364,24.7825,0.0686593,-0.0102587,0.275652
29.44,0.998854,-0.0336961,0.00054111,0.0339855,0.0797679,0.127954,-0.0547654,-0.0456751,0.214391,-0.857774,0.100556,0.000889537,-0.208722,22.9028,-0.0554262,0.0703585,0.109753
29.46,0.99887,-0.0338396,0.000978988,0.0333439,-0.0453748,-0.0359861,-0.0431516,-0.0425714,0.213827,-0.861117,0.0925406,-0.0111405,-0.211253,27.2821,-0.0914721,0.0418471,0.0640983
29.48,0.998883,-0.0336976,0.00128665,0.0331101,0.0531751,0.0632029,-0.0524851,-0.0415506,0.213589,-0.86229,0.0950806,-0.00309031,-0.21586,24.5087,-0.0827046,0.219001,0.121005
29.5,0.998915,-0.0334787,0.0015496,0.0323496,0.0561797,-0.00880723,-0.0309414,-0.0376128,0.212641,-0.866542,0.0955098,-0.00533086,-0.214001,25.6415,0.0242856,0.0315844,0.0521062
29.52,0.998924,-0.0334279,0.0015596,0.0321236,0.0697112,0.0291001,-0.0525321,-0.036493,0.212433,-0.867858,0.0978913,0.000600836,-0.198573,26.1993,-0.037543,0.00883807,0.174708
29.54,0.998943,-0.0332343,0.00131563,0.0317409,-0.0421148,-0.0431551,-0.044011,-0.0345794,0.212063,-0.870014,0.099008,-0.00994527,-0.204932,21.5888,-0.00259641,0.101806,0.288142
29.56,0.998967,-0.0328775,0.00122268,0.0313343,0.0788323,0.00707995,-0.0336119,-0.0326813,0.211706,-0.872213,0.0969744,-0.00654735,-0.206596,24.2936,-0.0087821,0.120317,0.265422
29.58,0.998991,-0.0327621,0.000994789,0.0307006,-0.0188189,-0.00419467,-0.0614289,-0.0299278,0.211146,-0.875427,0.0920421,-0.013917,-0.199674,28.1076,-0.114296,0.0558613,0.323416
29.6,0.999005,-0.0329254,0.000909188,0.0300689,-0.0778535,-0.0270437,-0.0623127,-0.0273413,0.210568,-0.878344,0.0907011,-0.0044244,-0.192825,23.8773,-0.0100167,0.0585458,0.150754
29.62,0.99901,-0.0330001,0.000894489,0.0298364,-0.0738733,-0.0113596,-0.0656324,-0.0264929,0.21039,-0.879373,0.093539,-0.0103647,-0.19354,24.8211,0.012457,0.0719619,0.166165
29.64,0.999013,-0.03345,0.00124938,0.0292111,-0.0572717,0.0337945,-0.0438863,-0.0238326,0.209851,-0.882781,0.0869073,-0.00502544,-0.192123,27.1274,-0.0752548,0.0253373,0.0944308
29.66,0.999017,-0.0336431,0.00162414,0.028816,-0.0181844,0.0841055,-0.0534785,-0.022187,0.209522,-0.884941,0.0897298,-0.00833947,-0.190982,22.2787,-0.0176884,0.112518,0.322253
29.68,0.999021,-0.0340744,0.00214418,0.0281498,-0.0579381,0.0354525,-0.0568598,-0.0198191,0.209072,-0.8881,0.0847521,-0.00460816,-0.195432,25.8657,0.0365045,0.0795313,0.202319
29.7,0.999024,-0.0341345,0.00232196,0.0279461,-0.0378467,0.0654742,-0.0540357,-0.0191034,0.208919,-0.889051,0.087042,-0.00679881,-0.187368,26.6094,-0.0797094,0.085974,0.268758
29.72,0.999036,-0.0341895,0.00282643,0.0273784,0.00539886,0.0377842,-0.0250535,-0.0169588,0.208522,-0.891996,0.0816636,-0.00326415,-0.191358,23.6772,0.0264277,0.100511,0.318027
29.74,0.99904,-0.0342331,0.00291137,0.0271646,-0.0358954,0.0245134,-0.0499005,-0.0161192,0.208408,-0.893299,0.0844041,-0.00415716,-0.190668,26.0195,-0.0465963,0.0617826,0.141825
29.76,0.999064,-0.0339381,0.00291452,0.0266572,0.0671706,-0.00776662,-0.025335,-0.0140096,0.208066,-0.896406,0.0786061,-0.0073338,-0.183518,24.688,-0.0958395,0.126543,0.130463
29.78,0.999086,-0.0337413,0.00265002,0.0261089,0.00318814,-0.029357,-0.0412722,-0.0120032,0.207777,-0.899423,0.0786494,-0.00317063,-0.183378,24.0187,0.0100955,-0.0405363,-0.0527678
29.8,0.999097,-0.0335455,0.00251188,0.0259583,0.103055,-0.0499317,-0.0305479,-0.0113775,0.207692,-0.900341,0.0809084,-0.0109103,-0.185299,25.2372,-0.0566491,0.069434,0.304112
29.82,0.999114,-0.0334468,0.00195272,0.0254577,-0.0411442,-0.0499297,-0.0463118,-0.00954448,0.207481,-0.903188,0.0732627,0.00321008,-0.177841,26.9849,-0.022513,0.0941725,0.266175
29.84,0.999134,-0.0331352,0.00165018,0.0251315,0.0955333,-0.028008,-0.0449101,-0.00824284,0.207354,-0.905416,0.0756473,-0.00707485,-0.178299,24.5977,-0.0711212,0.0317542,0.00753447
29.86,0.999146,-0.0331285,0.00124059,0.0246696,-0.0214828,0.000248335,-0.0520027,-0.00647444,0.207132,-0.908553,0.0709918,-0.00279464,-0.184684,26.7312,-0.0132308,0.124655,0.229341
29.88,0.999152,-0.0330253,0.00116408,0.0245483,0.095855,-2.70952e-05,-0.0428297,-0.00588592,0.207057,-0.909618,0.0696776,-0.00807433,-0.178636,22.7186,0.00100173,0.0415773,0.00887646
29.9,0.999156,-0.0332796,0.000824489,0.0240591,-0.0865446,-0.0260525,-0.0381691,-0.00429284,0.206869,-0.912587,0.0659873,-2.36058e-05,-0.185475,25.1185,0.0027202,0.0973971,0.198075
29.92,0.99916,-0.0332911,0.000894649,0.0238747,0.0370643,0.064257,-0.0499681,-0.00377459,0.206822,-0.913552,0.06884,-0.00197261,-0.180555,23.766,-0.0720012,-0.00289855,0.191745
29.94,0.999153,-0.0337635,0.000890044,0.0234932,-0.103424,-0.0215718,-0.020584,-0.00226198,0.206713,-0.916548,0.0648743,-0.00165186,-0.180443,25.2807,-0.0649388,0.0603876,0.0198883
29.96,0.99916,-0.0337937,0.001047,0.0231612,0.060235,0.0654534,-0.044178,-0.00115717,0.206645,-0.918846,0.0648614,-0.000905893,-0.167219,26.6653,-0.0450117,0.0587667,0.108178
29.98,0.999152,-0.0342122,0.001124,0.0228746,-0.10849,-0.0370227,-0.0229786,-0.000171186,0.206585,-0.920971,0.0660557,-0.00651588,-0.18497,25.2432,0.0267894,0.0253691,0.189692
30,0.999151,-0.0344767,0.00143225,0.0225109,0.0177832,0.102113,-0.0489474,0.000765408,0.206485,-0.922973,0.0663259,-0.00386621,-0.170515,25.3404,0.00660558,0.0442041,0.115075
30.02,0.999135,-0.0352158,0.00169941,0.0220637,-0.0899614,0.0197564,-0.0205346,0.00206835,0.206283,-0.925864,0.0596769,-0.00813562,-0.178285,25.6401,-0.0472621,0.0766927,-0.072491
30.04,0.999128,-0.0357484,0.0017697,0.0214951,-0.0513647,-0.0691251,-0.0544925,0.00333488,0.206074,-0.928835,0.0609863,-0.00940169,-0.161054,23.9607,-0.0702567,0.0525546,0.0890428
30.06,0.999127,-0.0358739,0.00192834,0.0213143,-0.0723352,-0.019327,-0.0268173,0.00383396,0.20602,-0.930115,0.0592436,-0.00605922,-0.175276,23.5249,0.0264269,0.118051,-0.00027982
30.08,0.999127,-0.0362013,0.00210725,0.0207531,-0.0107054,-0.00905024,-0.0425749,0.00502914,0.205881,-0.933,0.0569104,0.00104157,-0.154893,23.6723,-0.0443877,0.0731946,0.153999
30.1,0.999132,-0.0362109,0.00236922,0.0204537,0.00350616,0.059604,-0.0285467,0.00576995,0.205758,-0.934781,0.0565467,-0.00657889,-0.169581,25.8753,-0.0725303,-0.0160111,-0.0820732
30.12,0.999148,-0.0360965,0.00238152,0.0198748,0.0169313,-0.0534469,-0.0551243,0.00686215,0.205557,-0.937556,0.0538794,-0.00821063,-0.159091,26.2883,0.00135548,0.0770865,0.268044
30.14,0.999153,-0.0360133,0.00251265,0.0197406,0.00628198,0.000940732,-0.0426902,0.00722293,0.205478,-0.938516,0.0595022,-0.0100812,-0.167531,29.1461,-0.0539023,0.00184621,0.0938191
30.16,0.999172,-0.0357632,0.00271312,0.0192261,0.00354349,-0.00736306,-0.0457054,0.00834625,0.205265,-0.941693,0.0467405,-0.00684456,-0.155396,24.3119,-0.0399842,0.0676246,0.272811
30.18,0.999183,-0.035523,0.00268187,0.0190975,0.0358843,-0.0689753,-0.0463218,0.0086816,0.20518,-0.942697,0.0501827,-0.00397905,-0.161664,23.8387,-0.0830723,-0.041415,-0.0211162
30.2,0.999207,-0.0350557,0.00266716,0.0186847,0.00973776,0.022999,-0.0268478,0.00954303,0.204813,-0.945304,0.0441598,-0.0100441,-0.152702,28.184,0.0162113,0.0271663,0.0836158
30.22,0.999234,-0.0344917,0.00245536,0.0183074,0.0756646,-0.00226587,-0.0202334,0.0103817,0.204414,-0.94802,0.0484539,-0.0171132,-0.165428,24.642,-0.0164459,0.0651605,0.0361218
30.24,0.999239,-0.0344195,0.00220444,0.0182181,0.0257783,-0.00195151,-0.00628578,0.0106573,0.204295,-0.948953,0.0451723,-0.0167976,-0.156033,25.0417,-0.148084,0.0763137,-0.000568613
30.26,0.999256,-0.0341484,0.00158487,0.017832,0.0220938,-0.0585205,-0.0474343,0.0115181,0.203905,-0.951802,0.0485974,-0.00873362,-0.158214,24.3712,0.088514,-0.0481714,0.102228
30.28,0.999264,-0.0340702,0.00120721,0.0175936,0.0131719,0.024087,-0.0149502,0.0121319,0.203594,-0.953845,0.0426578,-0.0197639,-0.151678,26.6762,-0.0535341,0.0831309,0.12935
30.3,0.99927,-0.0340817,0.00076686,0.0172659,0.0124641,-0.0226088,-0.0329714,0.0128918,0.203074,-0.95648,0.0421502,-0.00941966,-0.164089,24.8419,-0.0490698,0.04081,0.168881
30.32,0.99927,-0.034122,0.000718157,0.0171843,0.0307196,0.0347707,-0.0142854,0.01314,0.202889,-0.957397,0.0435367,-0.0237098,-0.157586,26.6034,-0.0179058,0.0322321,0.201448
30.34,0.999265,-0.0343701,0.000385224,0.0169478,-0.0780543,-0.0894307,-0.0279564,0.0136334,0.202535,-0.959252,0.0369388,-0.00702434,-0.14681,24.2214,0.0112685,0.0547805,0.0519243
30.36,0.999265,-0.0344968,0.000532253,0.0167341,0.0483737,0.054693,-0.0215126,0.0141029,0.202175,-0.96114,0.0423066,-0.0205688,-0.162132,23.9124,-0.0618982,0.0703047,-0.0186023
30.38,0.999248,-0.0351511,0.000340694,0.0163856,-0.0915947,-0.108622,-0.0335735,0.0148627,0.201563,-0.964109,0.0331496,-0.0105265,-0.151807,27.8267,-0.0123366,-0.000119724,-0.0354783
30.4,0.999243,-0.0353563,0.000738921,0.0161945,0.0804421,0.105651,-0.0138983,0.0153272,0.201038,-0.965814,0.0407268,-0.0211627,-0.149091,26.2644,0.0119491,-0.00421198,0.124967
30.42,0.999229,-0.0358824,0.000609892,0.0159125,-0.108335,-0.0559463,-0.0298995,0.0157935,0.200557,-0.9676,0.0320446,-0.0134196,-0.141811,24.0625,-0.083819,0.0140743,0.121171
30.44,0.999232,-0.0359736,0.000964726,0.0155339,0.0268851,0.0836462,-0.0132235,0.0164835,0.19982,-0.970318,0.033422,-0.0247744,-0.146419,25.3681,-0.049546,-0.00841852,-0.183681
30.46,0.999236,-0.0359607,0.00101559,0.0152617,-0.0309176,-0.0759156,-0.0323885,0.0169464,0.19936,-0.972209,0.0306445,-0.010796,-0.14912,26.7932,0.0212654,-0.00123155,-0.180157
30.48,0.999249,-0.0357486,0.00133011,0.0149231,-0.0376319,0.0372302,-0.0092747,0.0176966,0.198521,-0.974995,0.0314548,-0.0224478,-0.145455,24.2804,-0.0446581,-0.0272443,0.0910106
30.5,0.999257,-0.0355659,0.00142816,0.0147922,-0.0557408,-0.0482121,-0.00964865,0.0179485,0.198205,-0.975817,0.0275571,-0.0207801,-0.145094,26.2837,-0.0377302,0.12121,0.271938
30.52,0.999283,-0.0349656,0.00164468,0.0144527,0.0544728,0.0363311,-0.0129515,0.0186598,0.197247,-0.978317,0.0338686,-0.0251804,-0.142124,25.5357,0.0305802,0.0681806,0.0512138
30.54,0.999286,-0.0349012,0.00166006,0.0143471,-0.0420881,0.014921,-0.00129843,0.0189017,0.196949,-0.979192,0.0293815,-0.0286672,-0.140646,27.205,-0.0165594,-0.0110796,0.117078
30.56,0.999313,-0.034301,0.00130063,0.0139834,-0.019309,0.00505244,-0.0165725,0.0198136,0.195756,-0.982697,0.0299086,-0.0259638,-0.135991,25.9496,-0.0143576,-0.0193571,-0.0472465
30.58,0.999321,-0.0341228,0.00118433,0.0138765,-0.0257446,-0.0773082,-0.0165481,0.0200494,0.195392,-0.983411,0.0282628,-0.0222481,-0.143021,23.3183,-0.025802,0.0177532,0.0584911
30.6,0.999336,-0.0337634,0.000730463,0.0136491,0.00849981,-0.0469345,-0.0216352,0.0207487,0.194238,-0.985771,0.0293499,-0.0255835,-0.142686,27.489,0.0288221,0.0271423,0.0975247
30.62,0.999339,-0.0336974,0.000598309,0.0136044,-0.0328518,-0.0116306,-0.0040299,0.0209774,0.193892,-0.986503,0.0298127,-0.0279621,-0.139647,25.8166,-0.0314293,-0.00599219,0.00352401
30.64,0.99935,-0.0334732,7.04475e-05,0.013409,0.0183424,-0.0298561,-0.0147554,0.0217065,0.192982,-0.988793,0.0305203,-0.00944728,-0.138644,23.3455,-0.00174081,0.0701595,0.235456
30.66,0.999356,-0.0333564,-0.000412621,0.0132305,0.0149806,-0.0704079,-0.00558322,0.0224384,0.192133,-0.991128,0.0254391,-0.0159428,-0.13614,24.3464,-0.0754453,-0.0289275,0.105103
30.68,0.999357,-0.0333492,-0.000421509,0.0131598,0.0142761,-0.0319876,-0.0152646,0.0226756,0.19178,-0.991686,0.0323356,-0.00942986,-0.135315,24.5718,-0.087114,0.076965,0.00050629
30.7,0.99935,-0.033591,-0.000396365,0.0130539,-0.0395234,-0.00418437,-0.000133339,0.0233321,0.190762,-0.993489,0.0226243,-0.0158475,-0.131404,25.9274,0.0106774,-0.0220907,0.0975487
30.72,0.999339,-0.0340003,-0.000162629,0.0128659,-0.0293724,0.0456647,-0.017719,0.0240096,0.189754,-0.995608,0.030901,-0.0179869,-0.131867,27.4692,0.00282314,-0.00163978,0.168764
30.74,0.999323,-0.0344928,3.50931e-05,0.0128065,-0.0296165,0.000347118,-0.00212212,0.0244368,0.189209,-0.996921,0.0227132,-0.015194,-0.131082,24.8879,-0.0139701,0.1072,0.170279
30.76,0.999317,-0.034712,0.000158588,0.012715,-0.030405,0.019723,-0.0228458,0.0246687,0.188907,-0.9976,0.0246073,-0.00706383,-0.12675,26.3345,-0.0135437,0.000413683,0.0424057
30.78,0.999291,-0.0355299,0.000573504,0.0124776,-0.0959049,0.0169212,-0.0023754,0.0252799,0.187996,-0.999434,0.0226277,-0.018814,-0.126413,26.6165,-0.107217,-0.0209066,0.162334
30.8,0.999289,-0.0355955,0.000683169,0.0123848,-0.000630899,0.0112539,-0.0106353,0.0254655,0.18766,-0.999913,0.0239497,-0.0107257,-0.131922,24.9095,-0.0691902,0.0662338,0.0955678
30.82,0.999268,-0.03624,0.00115194,0.0121689,-0.0942047,0.0506085,-0.0125471,0.026035,0.186697,-1.00144,0.0224931,-0.0258653,-0.12273,25.4699,-0.00274153,0.00955107,0.125587
30.84,0.999274,-0.036162,0.00141868,0.0119477,0.0545172,0.0554424,-0.0321579,0.0264435,0.186011,-1.00271,0.0243904,-0.0106423,-0.122748,29.3811,-0.0155645,0.00317006,0.0155943
30.86,0.999275,-0.0361781,0.00154213,0.0117882,-0.0599094,0.00496006,-0.0120547,0.0268294,0.185382,-1.00388,0.0278615,-0.0172618,-0.127331,24.1589,-0.09177,-0.0194118,0.227481
30.88,0.999296,-0.0357049,0.00180204,0.0114109,0.0648476,0.0370499,-0.0388714,0.0273902,0.184393,-1.0054,0.0253609,-0.0184691,-0.118163,25.296,0.0245271,0.0398158,0.161619
30.9,0.99931,-0.0353403,0.00182489,0.0112383,0.00948149,0.00710205,-0.0151582,0.0277048,0.183694,-1.00614,0.0220327,-0.0250382,-0.124328,27.789,-0.0635869,0.00944003,0.166846
30.92,0.999329,-0.0349093,0.00179943,0.0108994,-0.0174245,-0.0210985,-0.0284326,0.0281743,0.182638,-1.00734,0.0212537,-0.0239455,-0.11697,25.3478,-0.00144184,0.0296782,0.099447
30.94,0.999337,-0.0347114,0.00180489,0.0107969,-0.0348056,-0.00815143,-0.0332701,0.0283315,0.182299,-1.0078,0.0266176,-0.0274504,-0.118586,24.4413,-0.0745751,-0.0391672,0.113782
30.96,0.999352,-0.0343306,0.00183521,0.0106333,0.096777,0.0189822,-0.00191199,0.0286722,0.181554,-1.00888,0.0195904,-0.0228832,-0.113933,27.8471,0.0537499,0.0466756,0.0914274
30.98,0.999358,-0.0342419,0.00175923,0.0104369,-0.0647254,-0.0429805,-0.0339782,0.0289535,0.180841,-1.00986,0.0191093,-0.0258993,-0.123306,26.4231,-0.0763336,-0.0153102,0.0447718
31,0.999369,-0.0340274,0.00171941,0.0100263,-0.0817818,-0.0472443,-0.0246954,0.0293053,0.179231,-1.01105,0.0163454,-0.0266249,-0.120238,25.5064,0.0186458,0.06155,0.0268148
31.02,0.999375,-0.033864,0.00170025,0.00997945,-0.00761593,0.0172146,-0.0301774,0.0294003,0.178834,-1.01139,0.0169967,-0.0263308,-0.116052,25.2614,-0.0375061,0.0320007,0.0816731
31.04,0.999386,-0.0336282,0.00148661,0.00976156,-0.0338528,-0.0256987,-0.0154531,0.0296929,0.177676,-1.01276,0.0175811,-0.0265643,-0.122805,25.5998,0.0280298,0.0110875,0.252977
31.06,0.999392,-0.0334672,0.00134841,0.00965914,-0.0345646,-0.044059,-0.0364812,0.0297683,0.177305,-1.0132,0.0124567,-0.0200362,-0.122234,26.4725,-0.0632182,-0.0355148,0.0762745
31.08,0.999404,-0.0331899,0.00104794,0.00947102,-0.00554404,-0.0405164,-0.0051852,0.0299975,0.176247,-1.01464,0.0145904,-0.029164,-0.121708,27.0023,0.00458711,0.011537,0.176647
31.1,0.999421,-0.0327154,0.000599624,0.00931368,0.0814886,-0.0514786,-0.0205154,0.0301568,0.175179,-1.0155,0.0166647,-0.0269266,-0.118955,26.3328,-0.0242919,0.0125683,0.0228152
31.12,0.999424,-0.0326477,0.000370293,0.00926939,0.0473671,-0.0623448,-0.00515552,0.030206,0.174839,-1.01583,0.0148303,-0.027188,-0.117365,26.4858,-0.00869097,0.0386107,0.0947982
31.14,0.999435,-0.0323656,-3.90117e-05,0.00908675,0.0310598,-0.00695139,-0.0233337,0.0303627,0.173845,-1.01693,0.013818,-0.0223613,-0.120803,25.0928,-0.0197041,0.00285465,0.150839
31.16,0.999436,-0.0323396,-0.000383604,0.00905097,-0.00522543,-0.0406636,0.0020007,0.0304815,0.173123,-1.01796,0.0131683,-0.0288694,-0.122586,26.7436,0.0160082,-0.00212533,0.0112286
31.18,0.999438,-0.0323025,-0.000669997,0.00893302,0.024203,0.00111955,-0.0191884,0.0306017,0.172102,-1.01918,0.012057,-0.0288064,-0.11737,23.6651,-0.0157179,-0.0179391,-0.0789402
31.2,0.99944,-0.0322345,-0.000809407,0.00889231,0.0514757,-0.065173,-0.0155052,0.0306085,0.171757,-1.0195,0.0112874,-0.0339365,-0.119534,26.6694,-0.00997864,0.0301606,-0.0645654
31.22,0.999439,-0.0323161,-0.000909834,0.00876936,-0.0199268,0.0162235,-0.0160435,0.0306365,0.170753,-1.0206,0.011041,-0.0225179,-0.118688,24.1432,-0.0552767,0.0318957,0.00723951
31.24,0.99944,-0.0322716,-0.000883729,0.00875808,0.0577536,0.00891419,-0.0165427,0.0306589,0.17042,-1.021,0.00925011,-0.0291675,-0.11562,26.7646,0.0322967,-0.0744103,-0.00530208
31.26,0.999439,-0.0323585,-0.000832694,0.0085661,-0.0331782,0.00467047,-0.0223726,0.0306944,0.169497,-1.0223,0.00872862,-0.0192172,-0.118353,26.304,-0.0508071,0.0282381,-0.128059
31.28,0.999433,-0.0325776,-0.00080092,0.00846151,0.00931134,-0.0281033,-0.0215323,0.0307523,0.168943,-1.02323,0.0108334,-0.0281382,-0.112934,26.0462,-0.0272663,0.0441952,-0.204014
31.3,0.999422,-0.0329414,-0.000528398,0.00834762,-0.0773242,0.0059523,-0.00813312,0.0307921,0.168442,-1.02389,0.00649012,-0.0243191,-0.124213,25.6593,0.00742913,-0.00956394,-0.106074
31.32,0.999405,-0.0335251,-0.000313574,0.00814054,-0.0854454,-0.0383658,-0.0060927,0.0308479,0.167656,-1.025,0.013793,-0.0259337,-0.10901,22.5808,-0.0520424,0.055992,-0.0878797
31.34,0.999396,-0.0338171,4.81866e-05,0.00797197,-0.0337505,0.0818038,-0.0161195,0.0308983,0.167135,-1.02578,0.00560881,-0.0209044,-0.117121,28.5592,-0.00202583,-0.0405526,-0.267195
31.36,0.999376,-0.034449,0.000338094,0.00776218,-0.0849476,0.000242783,-0.00261515,0.0309717,0.16633,-1.02725,0.00988723,-0.0264183,-0.115709,26.1373,-0.0805711,-0.0179404,-0.0623185
31.38,0.999377,-0.034442,0.000590471,0.00768254,-0.00369584,0.0666421,-0.000668844,0.0309841,0.166123,-1.02754,0.00588493,-0.0282215,-0.116822,27.8242,0.0622433,0.0444677,-0.248403
31.4,0.99937,-0.0346932,0.000697041,0.00750809,-0.0658679,-0.0589209,-0.00988457,0.0310299,0.165506,-1.02856,0.0113247,-0.0249409,-0.109426,24.5872,-0.0304179,-0.0206874,-0.200913
31.42,0.999374,-0.0345815,0.000916676,0.00738405,0.0152339,0.0411968,-0.00949941,0.0310462,0.165304,-1.0289,0.00556003,-0.0308141,-0.118457,25.1377,0.0425593,0.0089444,-0.246258
31.44,0.999384,-0.0343549,0.00105227,0.00703697,0.02014,0.0394277,-0.0182319,0.0311047,0.164484,-1.03049,0.00604446,-0.0289545,-0.114716,23.4375,-0.0493667,0.0198862,-0.242351
31.46,0.99939,-0.0341916,0.00108848,0.00695702,0.0757355,0.084145,-0.00979256,0.0311044,0.164275,-1.03093,0.00192336,-0.0267876,-0.114237,27.4118,-0.0192013,-0.118227,0.0298673
31.48,0.999404,-0.0338698,0.000941302,0.00660603,0.017029,-0.0299589,-0.0277249,0.0311289,0.163589,-1.03248,0.0085549,-0.025263,-0.110629,26.6306,-0.0608091,0.0146993,-0.10774
31.5,0.99941,-0.0337161,0.00104663,0.00650743,0.0796525,0.0640501,-0.00313233,0.0311087,0.163464,-1.03282,0.00595341,-0.0331093,-0.114936,27.2563,0.0298396,0.0253999,-0.0335171
31.52,0.999421,-0.0334687,0.000663161,0.00616725,0.0019031,-0.11644,-0.0386358,0.0310633,0.163052,-1.03405,0.00392327,-0.023331,-0.108309,23.0095,-0.0369388,0.0929915,-0.369119
31.54,0.999429,-0.0332576,0.000512548,0.00590218,-0.0379054,-0.0128381,-0.0116866,0.0309994,0.162661,-1.0354,-0.00191976,-0.0219278,-0.0979587,28.5406,-0.00315383,-0.0479119,-0.155567
31.56,0.999434,-0.0331401,0.000328113,0.00576862,-0.0347482,-0.136191,-0.043087,0.0309835,0.162517,-1.03593,0.00415098,-0.0234132,-0.106425,25.8474,-0.0507284,0.0268436,-0.219021
31.58,0.999441,-0.0329901,3.89195e-06,0.00551516,-0.0109302,0.00572042,-0.000254824,0.0309703,0.162052,-1.03766,0.000458903,-0.0345714,-0.107116,24.2556,0.019464,-0.0621564,-0.118656
31.6,0.999449,-0.032744,-0.000361567,0.00535833,0.0497238,-0.0943486,-0.0358476,0.0309509,0.161916,-1.03838,0.00304289,-0.0174566,-0.10898,26.699,0.057038,-0.038338,-0.349704
31.62,0.999452,-0.0326804,-0.000876281,0.00520749,-0.0546003,-0.0150855,-0.00385014,0.030923,0.161746,-1.03958,0.000495876,-0.026346,-0.106095,26.6139,-0.015354,-0.0343065,-0.211694
31.64,0.999457,-0.0325389,-0.00104979,0.00512257,-0.018165,-0.082265,-0.0297435,0.0309293,0.161689,-1.04003,-0.00137688,-0.0170981,-0.106387,23.1247,-0.0740969,0.00525201,-0.117202
31.66,0.999461,-0.0324239,-0.00132619,0.00497379,-0.0143873,0.0099606,0.0148575,0.0308807,0.16147,-1.04148,-0.000117996,-0.0313455,-0.109507,28.2774,0.0269629,0.043111,-0.0537951
31.68,0.99946,-0.0324472,-0.00145648,0.00492282,-0.0592247,-0.00572162,-0.00634357,0.0308784,0.161419,-1.04201,-0.00141192,-0.021229,-0.103228,26.3492,0.0408603,-0.0166346,-0.0819017
31.7,0.999465,-0.0323194,-0.00157181,0.00474124,0.0407915,0.0503148,-0.0114033,0.0308176,0.161305,-1.04343,0.00621594,-0.0286656,-0.111532,24.5168,-0.111851,0.0138338,-0.119311
31.72,0.999464,-0.0323632,-0.00175991,0.00455063,-0.0347111,-0.0106,-0.030507,0.0307673,0.161298,-1.04425,-0.00149741,-0.0163301,-0.102919,26.4174,0.0302618,-0.0356676,0.0521196
31.74,0.999463,-0.0324361,-0.00170616,0.00444307,0.059731,0.0409804,-0.0159023,0.0307334,0.161288,-1.0451,0.00695989,-0.0177831,-0.107446,29.0136,-0.0577249,-0.00396812,0.0307243
31.76,0.999453,-0.0327431,-0.0018327,0.00421242,-0.0422287,-0.0594578,-0.0264261,0.0307009,0.161294,-1.04651,-0.00211317,-0.0138071,-0.108887,24.6347,-0.0360961,0.0166136,-0.0944365
31.78,0.999445,-0.0330253,-0.0017001,0.00402654,0.0142768,0.0558492,-0.0208114,0.0306413,0.161348,-1.04736,0.00300742,-0.0247603,-0.110101,24.899,0.0274407,-0.00662271,-0.0699122
31.8,0.999426,-0.0336276,-0.00183564,0.00373792,0.00510359,-0.0408237,-0.0321331,0.0307001,0.161579,-1.04865,0.00871779,-0.0111707,-0.113381,25.6401,-0.0350661,0.00110668,-0.0172348
31.82,0.999419,-0.0338278,-0.00173428,0.00366022,0.0369498,0.0442851,-0.0228049,0.0307414,0.161657,-1.04908,0.0145881,-0.0167254,-0.109207,25.2314,-0.0603951,-0.00075358,-0.142011
31.84,0.999402,-0.0343781,-0.00146665,0.00329729,-0.0305806,0.0180605,-0.0379412,0.0308571,0.161852,-1.05064,0.00506853,-0.00945665,-0.107821,25.0101,-0.0107511,0.0892434,0.0156578
31.86,0.9994,-0.034447,-0.00137583,0.0032122,0.0800146,0.0198591,-0.0332464,0.0308865,0.161908,-1.05112,0.00701174,-0.0101579,-0.0998639,25.5219,-0.0305465,-0.0513488,-0.18248
31.88,0.999383,-0.035017,-0.000573676,0.00268564,0.0635442,0.0483642,-0.0389206,0.0309792,0.162141,-1.05302,0.00815288,-0.0128866,-0.105423,28.193,-0.0616887,0.0338105,-0.142817
31.9,0.999379,-0.035135,-0.000367697,0.00259993,0.0620901,0.0575481,-0.0317327,0.0309857,0.162218,-1.0534,0.0139465,-0.0150603,-0.100152,27.6073,-0.0412168,-0.069084,0.0765349
31.92,0.999375,-0.0352876,0.000195329,0.00220819,0.0249426,0.0495874,-0.0478371,0.0310275,0.162424,-1.05465,0.00406231,-0.0119402,-0.106004,22.4232,0.0273554,0.0249212,0.106907
31.94,0.999375,-0.0352863,0.000291969,0.00206559,0.0960997,0.0168269,-0.0448528,0.0310252,0.162459,-1.05508,0.0131891,-0.0162675,-0.101839,25.5081,0.0496045,-0.00123904,-0.0918573
31.96,0.999373,-0.0353564,0.000598753,0.00163322,-0.0126606,0.0451166,-0.0320482,0.0310914,0.162607,-1.0566,0.00464591,-0.0171271,-0.103612,26.1665,-0.0175968,0.011437,-0.147086
31.98,0.999372,-0.0353951,0.000576778,0.00125091,-0.0478715,-0.0154167,-0.0227958,0.0311364,0.162712,-1.05776,0.0135221,-0.0241422,-0.100675,27.2868,-0.0495011,0.0253156,-0.284632
32,0.999376,-0.0352936,0.000485962,0.00114334,-0.0305028,0.0143432,-0.0131549,0.0311427,0.162749,-1.0581,0.0041531,-0.0193144,-0.10096,25.7784,0.078873,-0.0531197,-0.0991144
32.02,0.999381,-0.0351857,7.03745e-05,0.000712746,-0.0142898,-0.0506341,-0.0475625,0.0311902,0.162845,-1.05923,0.0120765,-0.0167698,-0.0946442,24.2554,-0.0842169,0.0423149,-0.125004
32.04,0.99939,-0.0349258,-0.000137688,0.000523498,0.00928553,0.0188819,-0.0217255,0.0312153,0.162875,-1.06005,0.00546671,-0.0180003,-0.0941884,29.6353,-0.0477474,-0.0123025,-0.105944
32.06,0.9994,-0.0346402,-0.000603813,0.000254072,0.012157,-0.0310038,-0.0240152,0.0312842,0.162763,-1.06151,0.010179,-0.0204951,-0.10121,23.3873,-0.0318707,0.107062,-0.22432
32.08,0.999405,-0.0344915,-0.000762023,0.000174581,0.024948,0.015087,-0.0134374,0.0312923,0.162742,-1.062,0.00835858,-0.0271513,-0.108328,25.6229,0.00912657,-0.0850447,-0.256771
32.1,0.999407,-0.0344264,-0.00115393,-2.22414e-05,0.00099587,-0.0940507,-0.0187088,0.0313409,0.162674,-1.06284,0.00239716,-0.0133757,-0.092516,25.0887,-0.12617,-0.0107585,-0.192746
32.12,0.999412,-0.0342624,-0.0011356,-0.00018874,0.0365538,0.00669799,-0.0294991,0.0313775,0.162586,-1.06357,0.00974654,-0.0208167,-0.101742,26.5725,0.0167694,0.0800616,-0.410558
32.14,0.99941,-0.0343291,-0.00142741,-0.000398755,-0.0319915,-0.0871427,-0.027242,0.0314517,0.16247,-1.06477,0.00619127,-0.0135274,-0.0909964,26.4406,0.0243643,-0.00867306,-0.114738
32.16,0.999406,-0.0344306,-0.00120763,-0.000568044,0.00686989,0.0236597,-0.0141827,0.0315129,0.162295,-1.06576,0.00978544,-0.024535,-0.100683,25.4535,-0.0939302,-0.00310669,-0.129089
32.18,0.999393,-0.034821,-0.00116442,-0.000753074,-0.0615933,-0.00669402,-0.00804564,0.0315517,0.162177,-1.06666,0.00219269,-0.0222898,-0.0912279,28.2032,-0.0164776,-0.00580661,-0.240273
32.2,0.999374,-0.0353561,-0.000768221,-0.000972256,-0.0184979,0.0838143,-0.00384711,0.031529,0.161876,-1.06772,0.00535092,-0.0293187,-0.0953188,25.1649,0.0128385,-0.0031378,-0.304483
32.22,0.99936,-0.035756,-0.000662571,-0.00119817,-0.0435539,-0.0142166,-0.0271717,0.0315133,0.161622,-1.06834,-0.000595502,-0.0207718,-0.0865095,28.8748,-0.000233176,-0.00460882,-0.301064
32.24,0.999344,-0.0361951,-0.000147693,-0.00142856,-0.0264086,0.100484,0.00973355,0.0314803,0.161265,-1.06939,0.00390021,-0.0289466,-0.0924502,25.9613,-0.00164728,0.00422915,-0.141317
32.26,0.999337,-0.0363814,-6.74341e-05,-0.00152752,-0.0284197,0.0620795,-0.0102345,0.0314985,0.161147,-1.06977,0.0018181,-0.0205901,-0.0855433,27.6578,-0.0297232,-0.0647508,-0.323537
32.28,0.999337,-0.0363743,0.000388211,-0.00176477,0.0566637,0.079724,-0.0115985,0.0315058,0.16086,-1.0711,0.0108842,-0.0267656,-0.0937473,26.0126,0.0148277,0.0977912,-0.106734
32.3,0.999335,-0.0364141,0.000397595,-0.00180066,0.0245777,0.0883359,0.00445479,0.0314647,0.160724,-1.0713,0.00441608,-0.0258917,-0.0818627,26.8755,-0.0029236,-0.0243843,-0.185611
32.32,0.999346,-0.0360922,0.000764525,-0.00205703,0.0722964,0.0997958,-0.00814772,0.0313003,0.16005,-1.07235,0.0082727,-0.0303956,-0.0934288,23.546,-0.0320107,-0.00528289,-0.291703
32.34,0.999346,-0.0360906,0.000723425,-0.00213779,0.0437628,0.0341869,-0.0115078,0.0312726,0.159902,-1.07265,0.00232497,-0.0271308,-0.0807325,26.9526,0.0169234,-0.00891921,-0.281693
32.36,0.999351,-0.0359425,0.000705118,-0.00220882,-0.0167323,-0.0334084,-0.0204707,0.0312211,0.159539,-1.07329,0.00786659,-0.0141018,-0.0908286,24.9622,-0.0423957,0.0411493,-0.231155
32.38,0.999362,-0.0356258,0.000678476,-0.00226074,0.0620767,0.0822725,-0.0182999,0.0312002,0.159157,-1.07411,0.00766591,-0.0307358,-0.0829555,29.1976,-0.031401,-0.082633,-0.374977
32.4,0.999375,-0.0352671,0.000716025,-0.00239282,0.0700329,0.0335745,-0.0179731,0.0310024,0.158513,-1.07487,0.00630317,-0.0183186,-0.0942736,24.1083,0.0224768,0.0680831,-0.281599
32.42,0.99938,-0.0351467,0.00026311,-0.00230664,-0.064501,-0.148143,0.0171964,0.0307816,0.157838,-1.07559,0.00314233,-0.0222462,-0.0868137,26.7442,0.0292735,-0.0231652,-0.171578
32.44,0.999387,-0.0349397,0.000377053,-0.00235296,0.0299092,-0.0110028,-0.0128884,0.0307203,0.157599,-1.07584,0.00542399,-0.0196645,-0.0922737,25.259,-0.021894,0.05442,-0.303406
32.46,0.999394,-0.0347433,-5.85032e-07,-0.00226612,-0.0532228,-0.112313,0.0194383,0.0304942,0.156887,-1.07675,0.000351754,-0.0249668,-0.0826327,24.0103,-0.0453476,0.0212532,-0.319385
32.48,0.999407,-0.034355,-1.98658e-05,-0.00219823,0.102237,0.0319633,0.0035952,0.0303459,0.15637,-1.07737,0.00980224,-0.0236851,-0.0893685,26.766,0.0116076,-0.0365374,-0.23417
32.5,0.999414,-0.034165,-0.000610853,-0.00202162,-0.0315154,-0.113142,0.00793447,0.030003,0.155532,-1.07806,0.000848608,-0.0282645,-0.0919706,29.626,-0.0246554,-0.0475737,-0.39731
32.52,0.99942,-0.0339758,-0.000591065,-0.00199737,0.0737546,0.00893846,0.00817251,0.0298813,0.155257,-1.07832,0.0037158,-0.0194357,-0.0976127,26.1035,-0.0407475,0.0363245,-0.323341
32.54,0.999418,-0.0340644,-0.000915605,-0.00181363,-0.0599241,-0.0597444,0.0135088,0.0295812,0.154435,-1.07927,0.00537899,-0.0337783,-0.0905387,26.5563,0.0598269,0.00961726,-0.194113
32.56,0.999421,-0.0339702,-0.000953883,-0.00173857,0.0301348,-0.0243383,0.0288538,0.029475,0.154148,-1.07959,0.00362171,-0.0243212,-0.094437,25.0438,0.00133217,-0.0103075,-0.187952
32.58,0.999409,-0.0343184,-0.000990957,-0.00161166,-0.0880475,-0.012909,0.00889993,0.0291319,0.153215,-1.08071,0.00547321,-0.0261933,-0.089,25.4407,-0.0185991,0.0278638,-0.300349
32.6,0.999395,-0.034751,-0.000935319,-0.00141647,-0.0454335,0.0116694,0.0128391,0.0287471,0.152285,-1.08147,0.00612294,-0.0203263,-0.0871254,25.9263,-0.0156091,-0.0121388,-0.345718
32.62,0.99939,-0.034883,-0.000939664,-0.00135031,-0.0840971,0.00292816,0.00508442,0.028615,0.151959,-1.08176,0.00827081,-0.0255991,-0.0874269,27.526,0.0379628,-0.0367246,-0.187172
32.64,0.999374,-0.0353387,-0.000729001,-0.00123272,-0.037743,0.0265782,0.0128702,0.0283053,0.151063,-1.08269,0.00534574,-0.0189707,-0.0843501,26.9832,-0.0913883,0.013406,-0.212394
32.66,0.999365,-0.0356148,-0.000489291,-0.00134872,-0.0630871,0.0603881,-0.0946929,0.0280894,0.150417,-1.08335,0.00356506,-0.0325211,-0.0834201,26.6479,0.0343296,0.0210363,-0.28978
32.68,0.999357,-0.035606,0.00106454,-0.00402043,0.0510928,0.19642,-0.27827,0.0274936,0.149299,-1.08417,-0.0104383,-0.0297113,-0.07293,24.3849,-0.022969,0.033698,-0.321103
32.7,0.999384,-0.0346009,0.00203715,-0.00556713,0.260745,0.213201,-0.347097,0.0271839,0.148813,-1.08443,-0.00845679,-0.033676,-0.0776995,27.0597,-0.0251908,-0.0251326,-0.084203
32.72,0.999505,-0.0286055,0.0057835,-0.0117239,0.614897,0.28251,-0.566006,0.026184,0.147681,-1.08465,-0.0177681,-0.0283388,-0.0438304,27.7262,0.0262555,-0.00645035,-0.257418
32.74,0.999524,-0.0261919,0.00735091,-0.0145247,0.539727,0.376145,-0.627255,0.0257954,0.147303,-1.08454,-0.0241951,-0.036055,-0.0313158,24.9445,0.0262198,-0.062225,-0.324977
32.76,0.999373,-0.0160507,0.0121601,-0.0291247,0.456552,0.210542,-0.775806,0.0241445,0.145675,-1.08292,-0.0264307,-0.0305485,0.0443899,27.91,-0.0273348,0.000108721,-0.134354
32.78,0.999293,-0.0140291,0.0125197,-0.032562,0.401972,0.0541099,-0.766235,0.0237292,0.145265,-1.08192,-0.0197757,-0.0268257,0.0585714,29.1307,0.0450427,-0.0257057,-0.349194
32.8,0.999101,-0.011376,0.0118687,-0.039077,0.17549,-0.0811043,-0.719656,0.0229795,0.1445,-1.07938,-0.0207446,-0.0274381,0.111556,31.653,0.007758,-0.0362422,-0.315714
32.82,0.998823,-0.0109854,0.0100236,-0.0461606,-0.0323132,-0.217064,-0.831724,0.0221816,0.143619,-1.0759,-0.0248018,-0.0307868,0.146688,29.7664,-0.0194975,-0.0199763,-0.448504
32.84,0.998228,-0.0111843,0.00763133,-0.0579517,-0.00539664,-0.17149,-0.831583,0.020959,0.142484,-1.06991,-0.0228401,-0.0247837,0.197415,30.8728,0.00815261,-0.00151476,-0.291511
32.86,0.997653,-0.0107341,0.006304,-0.0673377,0.0714234,-0.0352301,-0.700103,0.019815,0.141764,-1.06266,-0.0238299,-0.00926538,0.255774,34.7778,-0.00981811,-0.0197873,-0.22387
32.88,0.997427,-0.0105038,0.00590027,-0.0706703,0.102287,-0.037418,-0.745087,0.0194333,0.141574,-1.05994,-0.0273332,-0.014344,0.272608,34.7043,-0.00730697,-0.00689172,-0.311162
32.9,0.99661,-0.00860415,0.00458366,-0.0816952,0.15957,-0.125002,-0.752458,0.0180124,0.141161,-1.05026,-0.0236185,0.00400001,0.333645,35.4506,0.0128921,-0.0326177,-0.329076
32.92,0.996102,-0.00704956,0.00284937,-0.0878806,0.231731,-0.170929,-0.712652,0.0171826,0.1411,-1.04241,-0.0172875,0.00472721,0.379179,36.2844,-0.0325742,-0.0457898,-0.324922
32.94,0.995021,-0.00431677,-0.000187235,-0.0995715,0.262087,-0.25144,-0.947657,0.0158742,0.141238,-1.03052,-0.034527,0.0357448,0.427146,36.4975,-0.0124602,-0.0291989,-0.212171
32.96,0.994584,-0.00301272,-0.00123855,-0.103881,0.287194,-0.227624,-1.00612,0.0153781,0.14148,-1.02623,-0.0389574,0.0401556,0.441541,35.6336,-0.00474477,-0.0188928,-0.311331
32.98,0.992885,0.000783729,-0.00468242,-0.118981,0.260445,-0.239076,-1.10079,0.0137809,0.142379,-1.01215,-0.0326641,0.0492268,0.483556,37.7882,-0.0442952,-0.0272432,-0.222438
33,0.992307,0.00169034,-0.00593029,-0.123651,0.153946,-0.301662,-1.04684,0.0132918,0.142827,-1.00725,-0.0277416,0.0575049,0.480818,37.4187,-0.00570202,-0.0195107,-0.449279
33.02,0.990708,0.0036039,-0.00937584,-0.135632,0.0828858,-0.162992,-0.862148,0.012084,0.14443,-0.992215,-0.0194202,0.0693588,0.514737,39.0293,-0.0344087,-0.0247426,-0.460581
33.04,0.9896,0.00360555,-0.0108931,-0.143387,-0.0414083,-0.123362,-0.885588,0.0113741,0.145711,-0.982103,-0.0133323,0.0806529,0.500406,40.4233,-0.0431454,-0.0309682,-0.330079
33.06,0.988428,0.00275474,-0.0116466,-0.151215,-0.0937229,-0.0471046,-0.88643,0.0107657,0.14718,-0.972088,-0.0087691,0.0872781,0.51127,39.3981,-0.0275873,-0.0143243,-0.370992
33.08,0.986617,0.000241194,-0.0125544,-0.162571,-0.136819,-0.090746,-0.786659,0.0101558,0.149849,-0.956556,0.0089551,0.107419,0.498107,40.9232,-0.0530696,-0.0172861,-0.250208
33.1,0.985533,-0.00301434,-0.0137597,-0.1689,-0.419655,-0.165155,-0.69877,0.0100463,0.151932,-0.946299,0.014277,0.110762,0.489331,42.4772,-0.0694712,-0.000167386,-0.217725
33.12,0.983843,-0.00747692,-0.0152799,-0.178224,-0.32619,-0.151437,-0.63601,0.0102512,0.1553,-0.931596,0.043621,0.132862,0.464,39.0418,-0.0647134,-0.00512497,-0.168215
33.14,0.98335,-0.00886901,-0.0156403,-0.180828,-0.369755,-0.126393,-0.579899,0.0104408,0.156548,-0.926912,0.0372204,0.136937,0.441144,40.6128,-0.069119,-0.00707339,-0.407004
33.16,0.98125,-0.0127186,-0.01637,-0.191622,-0.282009,-0.117925,-0.916562,0.0110284,0.160351,-0.913432,0.0406814,0.150019,0.430559,41.9836,-0.074589,-0.00821177,-0.124434
33.18,0.980395,-0.0136474,-0.0161581,-0.195905,-0.22267,-0.00504327,-1.00199,0.0112498,0.161646,-0.909093,0.0420875,0.14366,0.414762,37.45,-0.0856888,0.0148831,-0.2571
33.2,0.977232,-0.0171961,-0.0156278,-0.210899,-0.185921,-0.0243685,-0.813238,0.0129846,0.167745,-0.891517,0.0744266,0.170102,0.375531,41.5579,-0.0674624,0.0329266,-0.279078
33.22,0.976478,-0.0182459,-0.0153592,-0.214293,-0.255953,-0.0114901,-0.752867,0.0135644,0.169283,-0.887553,0.082115,0.157004,0.351395,39.886,-0.090619,-0.022031,-0.467082
33.24,0.975196,-0.0203881,-0.0150255,-0.219889,-0.274018,0.0784811,-0.560555,0.0149016,0.172448,-0.880229,0.0852648,0.167421,0.324833,34.3789,-0.096684,-0.00709323,-0.369581
33.26,0.974198,-0.02338,-0.0143354,-0.224025,-0.406771,0.0131318,-0.40575,0.0165868,0.175659,-0.873564,0.108457,0.170995,0.273862,38.9715,-0.0938053,0.0187557,-0.466801
33.28,0.973171,-0.0299074,-0.0127588,-0.227774,-0.635534,0.00655473,-0.276299,0.0196534,0.180642,-0.864852,0.120095,0.168662,0.213135,36.5458,-0.104578,0.0309816,-0.311958
33.3,0.971831,-0.0380909,-0.0100896,-0.23236,-0.7347,0.0225491,-0.224444,0.0232392,0.185977,-0.856931,0.133372,0.169342,0.164165,35.5099,-0.144305,0.0411745,-0.240277
33.32,0.971585,-0.0408612,-0.00913629,-0.232957,-0.702954,0.0188934,-0.111909,0.0244957,0.187681,-0.854758,0.144753,0.169176,0.130542,36.2725,-0.146023,0.0269555,-0.205183
33.34,0.970728,-0.0494857,-0.00648004,-0.234941,-0.706599,0.03316,-0.172091,0.0284539,0.192587,-0.849654,0.147102,0.1624,0.0718878,33.7033,-0.148631,0.0304077,-0.401026
33.36,0.970026,-0.0541667,-0.00384748,-0.236856,-0.509456,0.171444,-0.271585,0.0310823,0.195817,-0.847448,0.142841,0.155162,0.0185951,32.2353,-0.160568,0.0630496,-0.306348
33.38,0.968359,-0.0596848,0.00124885,-0.242318,-0.421931,0.301574,-0.428465,0.0348947,0.200352,-0.845064,0.137344,0.133934,-0.0125451,31.5677,-0.108774,0.0513351,-0.350601
33.4,0.967716,-0.0613537,0.00273637,-0.244448,-0.469206,0.315024,-0.487189,0.0362076,0.201835,-0.84431,0.134303,0.134134,-0.0174006,33.4882,-0.168261,0.0106524,-0.457778
33.42,0.965373,-0.0661144,0.00703211,-0.252259,-0.375289,0.262982,-0.562522,0.0401947,0.206026,-0.842673,0.134195,0.105941,-0.0480555,31.7975,-0.132148,0.0481298,-0.330815
33.44,0.964658,-0.0677648,0.00848729,-0.2545,-0.464245,0.281616,-0.477064,0.0414635,0.207257,-0.842304,0.136319,0.102579,-0.0535195,31.8583,-0.126082,0.0285432,-0.497686
33.46,0.962997,-0.0735278,0.0129852,-0.258963,-0.613553,0.186488,-0.231731,0.0453353,0.210567,-0.841773,0.145339,0.0803672,-0.071417,27.3504,-0.0627348,0.0897523,-0.266206
33.48,0.961436,-0.0831115,0.0175583,-0.261581,-0.900258,0.183736,-0.286847,0.0492338,0.213418,-0.84131,0.124651,0.0594733,-0.0731141,27.1768,-0.121166,0.0937172,-0.385219
33.5,0.960692,-0.0871118,0.0192,-0.262894,-1.00203,0.110453,-0.316281,0.0504569,0.214176,-0.841185,0.119265,0.0498068,-0.0812972,29.2743,-0.0934742,0.0624091,-0.345548
33.52,0.958199,-0.100807,0.024621,-0.266622,-1.16508,0.182735,-0.296329,0.0539486,0.21599,-0.841131,0.0972777,0.0111761,-0.0824351,31.2624,-0.0808352,0.00753277,-0.235257
33.54,0.956252,-0.10931,0.0289219,-0.269808,-0.986166,0.322946,-0.451244,0.0557511,0.216638,-0.841185,0.0781492,-0.0118302,-0.0822146,26.58,-0.0258459,0.033897,-0.349285
33.56,0.952774,-0.11986,0.0357587,-0.276726,-0.860897,0.351538,-0.532258,0.0578182,0.216805,-0.841563,0.0477028,-0.04262,-0.0979414,27.5203,0.00957735,0.0760295,-0.350039
33.58,0.951706,-0.122574,0.0378014,-0.278929,-0.677911,0.319016,-0.499065,0.0583761,0.216634,-0.84179,0.0455433,-0.0541289,-0.0953759,30.3809,0.0140057,0.0161629,-0.189223
33.6,0.948392,-0.12806,0.0436584,-0.286789,-0.33754,0.458154,-0.543762,0.0596612,0.215627,-0.842147,0.0186923,-0.0789592,-0.108066,30.7317,-0.0520703,0.0419279,-0.143016
33.62,0.947621,-0.128497,0.0454402,-0.288858,-0.0822224,0.382956,-0.428085,0.059995,0.215099,-0.842356,0.0199244,-0.106214,-0.103778,25.3087,0.0509086,0.0368955,-0.437938
33.64,0.945636,-0.122556,0.053287,-0.296502,0.400828,0.583889,-0.336938,0.0605488,0.211946,-0.843177,-0.0199942,-0.126092,-0.0762639,25.3648,0.0665272,-0.0585565,-0.309022
33.66,0.945301,-0.119635,0.0552897,-0.298389,0.533501,0.67961,-0.316742,0.0604565,0.211042,-0.843211,-0.0297724,-0.141555,-0.0756349,27.7197,0.0552413,0.000235116,-0.159995
33.68,0.945036,-0.109707,0.0586454,-0.302377,0.768414,0.318105,-0.231699,0.0600403,0.207824,-0.842718,-0.0344076,-0.177363,-0.0265488,29.0051,0.10528,-0.0107852,-0.268492
33.7,0.944984,-0.106265,0.0587721,-0.303743,0.738432,0.279925,-0.256858,0.0597731,0.20653,-0.842213,-0.0522649,-0.176789,-0.00241357,30.0285,0.0531582,-0.0127675,-0.459944
33.72,0.944969,-0.0933887,0.057394,-0.30825,1.03609,0.218039,-0.19668,0.0584916,0.202524,-0.840093,-0.0684306,-0.18109,0.0278102,32.0803,0.0818697,-0.0299496,-0.319948
33.74,0.946131,-0.0766074,0.053884,-0.309942,1.31179,0.0962092,0.0674167,0.0569422,0.197928,-0.837142,-0.0710642,-0.190366,0.0705497,31.5475,0.134685,0.0180975,-0.195944
33.76,0.946578,-0.0708817,0.0524005,-0.310193,1.35629,0.0853718,-0.0362461,0.0563859,0.196448,-0.835873,-0.0873711,-0.19989,0.102457,30.8226,0.0701419,-0.0376635,-0.286123
33.78,0.946643,-0.0534496,0.0476854,-0.314223,1.35388,0.16944,-0.348172,0.053967,0.191734,-0.831333,-0.115243,-0.195189,0.131484,33.6879,0.0888284,-0.0518629,-0.231179
33.8,0.946477,-0.0406643,0.0441864,-0.317136,1.56451,0.0720785,-0.175728,0.0521408,0.188403,-0.827563,-0.111487,-0.219597,0.174167,35.8281,0.0903043,-0.0145804,-0.292583
33.82,0.946937,-0.020804,0.0375805,-0.318537,1.59906,-0.0702032,-0.0187786,0.0496278,0.183738,-0.820666,-0.0985923,-0.195521,0.230016,33.2796,0.0534326,-0.0329711,-0.260039
33.84,0.947011,-0.0139408,0.0350416,-0.31898,1.62527,-0.0399643,-0.0869328,0.0486262,0.18197,-0.817703,-0.104292,-0.200245,0.255027,33.3263,0.0591277,-0.00914908,-0.300688
33.86,0.946078,0.00583328,0.0266548,-0.322788,1.50541,-0.192706,-0.260717,0.0457674,0.17748,-0.808922,-0.102718,-0.17146,0.308071,35.2686,0.0366926,-0.0139625,-0.415348
33.88,0.945661,0.0119556,0.0238532,-0.324059,1.47182,-0.184006,-0.250583,0.0448201,0.176135,-0.80583,-0.10951,-0.171925,0.308755,35.9583,0.0478107,-0.0522812,-0.220768
33.9,0.945181,0.0290563,0.0151082,-0.3249,1.41011,-0.133211,0.0267206,0.0420229,0.172131,-0.795326,-0.0835689,-0.138056,0.354705,38.9745,0.0694464,-0.0301252,-0.218787
33.92,0.944881,0.0438671,0.00820435,-0.324357,1.06384,-0.219441,0.0900061,0.03961,0.16904,-0.784338,-0.0781777,-0.116764,0.389162,38.229,0.0264973,-0.0165106,-0.379554
33.94,0.944863,0.0480212,0.00604448,-0.323868,0.981584,-0.216352,0.129664,0.0388905,0.168053,-0.78042,-0.0645435,-0.113436,0.399708,36.9091,0.0165666,-0.0225307,-0.397994
33.96,0.944735,0.0584704,7.65877e-05,-0.322578,0.753015,-0.16196,0.131805,0.0368567,0.165902,-0.768026,-0.0705136,-0.0729914,0.410126,35.9124,0.0123029,-0.0197214,-0.415551
33.98,0.944736,0.0628796,-0.00320159,-0.321731,0.473983,-0.202874,0.099979,0.0358042,0.164999,-0.759845,-0.047161,-0.0384589,0.430754,42.2568,-0.0210014,-0.0179525,-0.394527
34,0.944689,0.0652111,-0.00699,-0.321343,0.09509,-0.170947,-0.0256224,0.0343878,0.164267,-0.747191,-0.0399018,-0.0209519,0.440902,40.983,-0.00133745,-0.0259619,-0.37732
34.02,0.944591,0.0648211,-0.00788347,-0.321691,-0.0599688,-0.192739,-0.0347539,0.0339351,0.164186,-0.742831,-0.0277122,0.00709284,0.442097,39.5953,-0.0270314,-0.0333194,-0.291036
34.04,0.945166,0.0613294,-0.0106386,-0.320604,-0.212433,-0.257573,0.194835,0.0333014,0.16467,-0.729818,0.00694445,0.0368858,0.434595,39.3305,-0.0319126,-0.016649,-0.513106
34.06,0.945552,0.0597075,-0.0117142,-0.319732,-0.2773,-0.360066,0.241529,0.0333102,0.165153,-0.724924,0.0114447,0.0612587,0.43174,40.6746,-0.0471733,-0.0167097,-0.439486
34.08,0.946743,0.0553247,-0.0149579,-0.31685,-0.103058,-0.139651,0.0640018,0.0342067,0.168386,-0.709087,0.0485205,0.125217,0.396241,39.0227,-0.0887726,-0.00619817,-0.384189
34.1,0.946769,0.0543843,-0.0155671,-0.316905,-0.207747,-0.20254,-0.0232827,0.0345036,0.169477,-0.705167,0.0594065,0.140184,0.374194,40.2504,-0.0604932,-0.0297387,-0.488653
34.12,0.946624,0.0526357,-0.0164914,-0.317587,-0.125648,-0.153646,-0.0834045,0.0353465,0.172054,-0.697411,0.0668312,0.164051,0.358276,40.8093,-0.0843937,-0.00448936,-0.422184
34.14,0.946393,0.0495566,-0.0174392,-0.318718,-0.391175,-0.259779,-0.134712,0.0364423,0.17499,-0.690127,0.0907053,0.191272,0.348901,41.5037,-0.0971404,-0.0118543,-0.467641
34.16,0.94618,0.0420222,-0.0190287,-0.320335,-0.605101,-0.381944,-0.0526139,0.0386648,0.180068,-0.679652,0.113446,0.219349,0.329308,36.9014,-0.0890097,-0.00466674,-0.384715
34.18,0.94615,0.0314215,-0.0205945,-0.321541,-0.783685,-0.368723,-0.180533,0.0417492,0.185884,-0.670101,0.137342,0.233886,0.290765,40.5397,-0.110587,0.0171168,-0.318599
34.2,0.945863,0.0272858,-0.0209247,-0.322739,-0.866401,-0.276392,-0.262376,0.0429921,0.188269,-0.66642,0.142153,0.242758,0.287907,38.1701,-0.137049,0.0285918,-0.365274
34.22,0.94486,0.0144266,-0.0211988,-0.326469,-0.903988,-0.322033,-0.231633,0.0466554,0.194693,-0.657259,0.173803,0.259646,0.247812,36.6802,-0.115839,-0.000873997,-0.480992
34.24,0.944234,0.00492282,-0.0206541,-0.328591,-1.05458,-0.242874,-0.262608,0.049514,0.199255,-0.651799,0.183317,0.28186,0.235823,39.4032,-0.172014,0.0183364,-0.43802
34.26,0.942779,-0.00996491,-0.0187795,-0.332739,-1.08387,-0.1562,-0.288252,0.0541957,0.206351,-0.644632,0.202132,0.287546,0.184599,36.9303,-0.189878,-0.00412112,-0.45506
34.28,0.942255,-0.0150011,-0.0180716,-0.334072,-1.15317,-0.149098,-0.3125,0.0559086,0.208752,-0.642551,0.220306,0.297146,0.179401,37.5925,-0.164699,0.0538685,-0.252656
34.3,0.94055,-0.0292711,-0.0148298,-0.338067,-1.11051,-0.0716452,-0.229876,0.0616955,0.21648,-0.63638,0.234192,0.287634,0.115543,36.5193,-0.208432,0.0450929,-0.320455
34.32,0.940053,-0.0337222,-0.0137915,-0.339075,-1.02885,-0.0737836,-0.229068,0.0636064,0.21888,-0.634652,0.241361,0.296341,0.0989162,35.7825,-0.185108,0.0957025,-0.2258
34.34,0.93912,-0.0464402,-0.00993169,-0.34029,-0.936021,-0.0727469,-0.0225125,0.0697939,0.226069,-0.630522,0.253919,0.279208,0.045899,35.7529,-0.229576,0.00393664,-0.576528
34.36,0.938074,-0.058802,-0.00464572,-0.341377,-0.990788,0.121715,-0.148945,0.0762476,0.23289,-0.627984,0.260942,0.261135,-0.0106606,34.473,-0.207019,0.029809,-0.460814
34.38,0.93746,-0.0631083,-0.00286501,-0.342314,-1.02414,0.0890928,-0.237308,0.0783566,0.235039,-0.627477,0.255334,0.251498,-0.0132896,35.3865,-0.202327,0.0593845,-0.336757
34.4,0.935313,-0.0760555,0.0029155,-0.345538,-1.15122,0.0562937,-0.28736,0.0849177,0.241568,-0.625517,0.253105,0.224886,-0.0430954,31.9986,-0.222745,0.0905225,-0.333288
34.42,0.933553,-0.0864158,0.0062416,-0.34781,-1.24519,-0.0465873,-0.221174,0.0889636,0.245184,-0.624523,0.255414,0.197182,-0.0444269,33.7944,-0.18578,0.0854136,-0.35681
34.44,0.931554,-0.104357,0.0104658,-0.348148,-1.39039,-0.183991,-0.0105563,0.0951454,0.249819,-0.623488,0.258757,0.168596,-0.062949,30.3657,-0.170161,0.0808715,-0.392247
34.46,0.930909,-0.110877,0.0118556,-0.347812,-1.45262,-0.211305,0.0485839,0.0971406,0.251147,-0.623303,0.251062,0.143922,-0.074837,31.5202,-0.167742,0.109807,-0.417962
34.48,0.929085,-0.130644,0.0173503,-0.345588,-1.51316,-0.0129128,0.0465614,0.102921,0.254283,-0.623215,0.215455,0.100224,-0.0829269,32.5374,-0.168041,0.07681,-0.415736
34.5,0.928026,-0.137084,0.0198218,-0.345807,-1.56276,0.0445851,-0.11576,0.104504,0.255075,-0.623006,0.203124,0.0939925,-0.09742,32.1341,-0.141474,0.076846,-0.371919
34.52,0.924275,-0.154186,0.0276909,-0.348102,-1.28678,0.223897,-0.175825,0.108982,0.256557,-0.622848,0.168872,0.0270941,-0.0988361,31.342,-0.0649358,0.100921,-0.229435
34.54,0.922181,-0.163082,0.0333473,-0.349105,-1.091,0.250174,-0.0729884,0.111407,0.256725,-0.623044,0.159844,0.00981218,-0.117894,27.1938,-0.049425,0.0743045,-0.204795
34.56,0.920568,-0.169951,0.0393083,-0.349465,-0.906097,0.417932,0.0131725,0.113535,0.256271,-0.623414,0.131947,-0.0564283,-0.112105,29.6257,-0.0992235,0.114912,-0.396345
34.58,0.919212,-0.175308,0.0451224,-0.349685,-0.757224,0.401073,-0.000738774,0.115225,0.25509,-0.623881,0.11255,-0.0747595,-0.11659,28.9117,-0.0210545,0.0713936,-0.352015
34.6,0.917546,-0.179616,0.0542034,-0.350584,-0.39967,0.591615,-0.0128182,0.116364,0.251882,-0.623959,0.0559013,-0.138511,-0.116015,28.1048,0.0341164,0.0683751,-0.338171
34.62,0.916092,-0.179136,0.0636482,-0.353037,-0.0916864,0.780294,-0.0959717,0.116234,0.24679,-0.624327,0.00821984,-0.20416,-0.101797,27.8496,0.0345622,0.0719992,-0.381556
34.64,0.915697,-0.178028,0.0667186,-0.354053,-0.0152812,0.779545,-0.108043,0.115882,0.244896,-0.624398,-0.015186,-0.218585,-0.110358,30.4027,0.1205,0.0662673,-0.554665
34.66,0.915141,-0.172526,0.0752019,-0.356506,0.289032,0.678384,0.0524093,0.114109,0.238192,-0.6246,-0.0448244,-0.270371,-0.0931647,28.9876,0.163922,-0.0289447,-0.359561
34.68,0.915962,-0.166418,0.0796486,-0.356335,0.55661,0.675193,0.264662,0.11219,0.232815,-0.624369,-0.0763519,-0.307531,-0.0761617,31.6412,0.1152,0.0957472,-0.511917
34.7,0.918447,-0.152851,0.0829487,-0.355262,1.02036,0.536422,0.209129,0.108176,0.223713,-0.623241,-0.113751,-0.329692,-0.0406138,32.3918,0.171473,0.00623345,-0.429837
34.72,0.919217,-0.147308,0.083491,-0.355485,1.12882,0.565946,0.146696,0.106436,0.220014,-0.622781,-0.134212,-0.355708,-0.0405987,33.0855,0.153463,-0.0132715,-0.37952
34.74,0.921552,-0.128555,0.083873,-0.356626,1.44994,0.529626,0.0932874,0.100866,0.209782,-0.620783,-0.187144,-0.36633,-0.0012345,32.1718,0.216108,0.00986401,-0.431552
34.76,0.922356,-0.121395,0.0838007,-0.357071,1.52554,0.581332,0.119577,0.098802,0.206411,-0.619955,-0.188479,-0.375486,0.00568148,29.5243,0.162326,-0.0151226,-0.381914
34.78,0.924381,-0.0960912,0.0828304,-0.359758,1.99259,0.703615,-0.112629,0.0919641,0.195858,-0.61713,-0.236156,-0.390108,0.0377012,32.9,0.189798,-0.0728779,-0.279286
34.8,0.924976,-0.0645465,0.0813013,-0.365572,2.57426,0.816776,-0.15823,0.0833169,0.184444,-0.612489,-0.254101,-0.369465,0.0743412,33.6412,0.193694,-0.0176426,-0.426708
34.82,0.925079,-0.0523687,0.0804619,-0.36744,2.69959,0.854113,-0.178303,0.0803242,0.180837,-0.610878,-0.266144,-0.367145,0.0861935,34.8432,0.169105,-0.0857864,-0.299799
34.84,0.924224,-0.012406,0.0764586,-0.373912,3.03145,0.727768,-0.284153,0.0708492,0.169843,-0.605502,-0.273795,-0.341655,0.0900781,37.0646,0.206296,-0.0634133,-0.340605
34.86,0.922956,0.0144719,0.0728929,-0.377662,2.83046,0.716339,-0.169083,0.0648604,0.163233,-0.601829,-0.275074,-0.318021,0.138753,33.6595,0.144228,-0.0634035,-0.384501
34.88,0.92045,0.0521336,0.0637821,-0.38208,2.7066,0.315358,-0.166029,0.0551438,0.153413,-0.595087,-0.269407,-0.297697,0.149655,31.6573,0.251565,-0.0857645,-0.422334
34.9,0.919375,0.0634366,0.0596761,-0.383621,2.62152,0.0986722,-0.214026,0.0518484,0.150237,-0.592684,-0.269747,-0.278064,0.180682,32.3565,0.201944,-0.189442,-0.314781
34.92,0.917184,0.0838625,0.0508079,-0.386211,2.34441,-0.119097,-0.148776,0.0454001,0.144181,-0.587404,-0.256295,-0.269684,0.214367,29.9483,0.258338,-0.0496511,-0.404179
34.94,0.915367,0.100898,0.0408792,-0.387624,2.01946,-0.362757,0.0325791,0.0394063,0.138771,-0.581729,-0.235894,-0.228059,0.233312,30.6673,0.178146,-0.139956,-0.381815
34.96,0.912546,0.120381,0.0245991,-0.390082,1.64541,-0.561508,-0.101287,0.0304021,0.131253,-0.571814,-0.226202,-0.198028,0.291193,34.0568,0.147824,-0.0820458,-0.368585
34.98,0.910801,0.130238,0.0140186,-0.391514,1.38559,-0.726628,-0.0239738,0.0247207,0.127224,-0.564803,-0.199577,-0.156288,0.299011,30.7659,0.12498,-0.0786846,-0.348138
35,0.909463,0.138429,0.00412728,-0.392043,1.27424,-0.566311,0.0577021,0.0191696,0.123901,-0.557153,-0.180773,-0.0998324,0.292628,30.2206,0.107124,-0.0651138,-0.47239
35.02,0.907777,0.149296,-0.0093325,-0.391874,1.14494,-0.510821,0.141562,0.0119684,0.120802,-0.545867,-0.137733,-0.0192986,0.302876,30.0686,0.11415,-0.0689934,-0.565264
35.04,0.906841,0.156383,-0.016467,-0.39104,1.04047,-0.354685,0.147171,0.00800184,0.120162,-0.538566,-0.0999852,0.0570865,0.294499,33.3447,-0.0313182,-0.0483547,-0.208879
35.06,0.905664,0.167237,-0.0247934,-0.388832,0.971247,-0.151043,0.233263,0.00342512,0.121687,-0.527639,-0.0381358,0.153721,0.285294,29.8275,-0.0419591,-0.0398687,-0.502842
35.08,0.905331,0.170756,-0.0269902,-0.387931,0.910097,-0.0998403,0.233507,0.00234559,0.122774,-0.524314,-0.0196407,0.185182,0.279399,28.9821,-0.0835852,-0.0769006,-0.441795
35.1,0.904538,0.180648,-0.0321623,-0.384894,0.788883,0.0174977,0.232908,-0.000654697,0.127625,-0.513074,0.0494352,0.28029,0.2839,32.0909,-0.151044,-0.0425416,-0.413096
35.12,0.904379,0.183487,-0.0333524,-0.383823,0.713634,0.10689,0.221065,-0.0012079,0.129806,-0.509381,0.0683618,0.309117,0.284602,30.9723,-0.198384,-0.0645542,-0.377552
35.14,0.904232,0.191898,-0.0381339,-0.379586,0.391609,-0.020011,0.232992,-0.00125235,0.141557,-0.495106,0.151416,0.435142,0.287319,30.9808,-0.239754,-0.0166872,-0.432589
35.16,0.904307,0.193337,-0.03918,-0.378568,0.340236,-0.0760291,0.236911,-0.00044505,0.145861,-0.491161,0.179903,0.473967,0.2856,30.8665,-0.23346,0.00555592,-0.274026
35.18,0.904799,0.195929,-0.042488,-0.375694,0.198206,-0.180607,0.239053,0.00270486,0.15879,-0.480834,0.262061,0.581943,0.281888,34.3346,-0.300353,-0.0585171,-0.47355
35.2,0.90503,0.196519,-0.0434563,-0.374718,0.214319,-0.0871135,0.257549,0.00401496,0.163752,-0.476918,0.281614,0.607571,0.28309,33.3837,-0.347,-0.00541636,-0.373836
35.22,0.905841,0.197319,-0.0467684,-0.371926,0.0736223,-0.182434,0.283428,0.00942305,0.180589,-0.465509,0.356566,0.718004,0.285508,35.1599,-0.345703,-0.0193054,-0.383216
35.24,0.908489,0.18986,-0.0488598,-0.369072,-1.04259,-0.482323,0.333161,0.0166142,0.199442,-0.453563,0.394984,0.761435,0.345431,34.6563,-0.333491,0.10944,-0.200334
35.26,0.910058,0.182959,-0.049102,-0.368658,-1.55611,-0.624725,0.289796,0.0191875,0.205934,-0.44919,0.391627,0.771415,0.384681,34.9165,-0.305146,0.0736332,-0.211573
35.28,0.916088,0.147068,-0.0472054,-0.370034,-3.20408,-0.992741,0.111321,0.0276302,0.226181,-0.433914,0.431006,0.78965,0.493012,36.8569,-0.309865,0.0411382,-0.324234
35.3,0.920183,0.113056,-0.0444085,-0.372169,-3.91063,-1.21112,0.0793738,0.0340397,0.241613,-0.421053,0.44497,0.817691,0.535326,40.4187,-0.31131,0.0160634,-0.407896
35.32,0.924585,0.0554473,-0.0370795,-0.375091,-4.30316,-1.17215,0.0453035,0.0437957,0.263792,-0.402196,0.493397,0.863626,0.577152,41.3945,-0.289888,-0.0091516,-0.467708
35.34,0.925393,0.0369198,-0.0339509,-0.375677,-4.22317,-0.947172,0.0613953,0.0473662,0.271514,-0.395805,0.531908,0.890755,0.570575,39.0895,-0.315261,0.0643927,-0.286325
35.36,0.926172,-0.0119734,-0.0222642,-0.376254,-3.34,-0.44607,0.0863762,0.059202,0.295493,-0.377396,0.56926,0.932153,0.55655,41.2625,-0.334417,0.058153,-0.360387
35.38,0.926102,-0.0248356,-0.0179539,-0.376026,-2.86494,-0.195236,0.108403,0.0635053,0.303607,-0.37137,0.581529,0.922298,0.548214,42.2879,-0.313518,0.0929869,-0.229161
35.4,0.925418,-0.0592746,-0.000835025,-0.374283,-1.49031,0.327364,0.136779,0.0822887,0.339076,-0.346371,0.621389,0.957262,0.49491,40.6735,-0.334437,0.133936,-0.212817
35.42,0.925317,-0.0638391,0.00307896,-0.37377,-1.20794,0.430278,0.13698,0.0869517,0.347676,-0.340782,0.617721,0.945052,0.472538,41.7527,-0.374371,0.0888524,-0.301789
35.44,0.925248,-0.0696319,0.0100079,-0.372783,-0.761544,0.430335,0.160157,0.0963802,0.36475,-0.330085,0.615668,0.933986,0.455056,41.9554,-0.319398,0.167228,-0.0659716
35.46,0.925325,-0.0737836,0.0170004,-0.371539,-0.328669,0.253115,0.11182,0.110638,0.389852,-0.314879,0.616189,0.927739,0.434974,40.6497,-0.387098,0.0402372,-0.437283
35.48,0.925378,-0.0764038,0.0191641,-0.370769,-0.398128,0.00987631,0.0852358,0.119997,0.406357,-0.304799,0.610477,0.887047,0.422758,41.0181,-0.354325,0.0801402,-0.302397
35.5,0.925366,-0.0819038,0.0193401,-0.369617,-0.453499,-0.253094,0.0839213,0.133708,0.430523,-0.289642,0.592462,0.854547,0.406478,41.2816,-0.33321,0.1789,-0.0885797
35.52,0.925333,-0.0841673,0.0186804,-0.369223,-0.460391,-0.315166,0.075465,0.139075,0.439596,-0.284181,0.585343,0.844953,0.397303,44.2756,-0.358031,0.0746118,-0.325672
35.54,0.925163,-0.0912889,0.0167548,-0.368048,-0.392371,-0.281536,0.0496243,0.152387,0.462399,-0.270167,0.574154,0.802687,0.371192,42.7788,-0.371492,0.0887396,-0.295314
35.56,0.925144,-0.0934044,0.016183,-0.367589,-0.354796,-0.260439,0.0784394,0.156754,0.469824,-0.265729,0.55615,0.797516,0.356649,40.4615,-0.348529,0.0667376,-0.351631
35.58,0.925187,-0.0987073,0.0159924,-0.366101,-0.137377,0.0546426,0.066952,0.173601,0.498638,-0.249156,0.540143,0.754736,0.311692,38.0723,-0.348649,0.141828,-0.2164
35.6,0.925259,-0.0991349,0.0165199,-0.36578,-0.116959,0.0738105,0.0718224,0.177499,0.505682,-0.245156,0.518488,0.7395,0.286929,37.8793,-0.35151,0.0827273,-0.294958
35.62,0.925593,-0.0987927,0.0186801,-0.364922,0.0653958,0.171507,0.0808043,0.189829,0.527229,-0.233556,0.511769,0.721772,0.258006,39.4994,-0.371854,0.126427,-0.333206
35.64,0.925678,-0.0983887,0.0199321,-0.364751,0.0573566,0.317012,0.0526776,0.193609,0.533815,-0.230086,0.509234,0.69096,0.259704,37.3661,-0.364822,0.0993809,-0.344749
35.66,0.925963,-0.0970069,0.0226422,-0.36424,0.0626006,0.179891,0.0546482,0.204641,0.552978,-0.220154,0.477585,0.671176,0.239263,35.6284,-0.36871,0.0976279,-0.269092
35.68,0.926114,-0.0960861,0.025086,-0.363937,0.00895405,0.213101,0.0510187,0.214688,0.57118,-0.210228,0.459817,0.620625,0.230604,40.1865,-0.365413,0.15032,-0.202746
35.7,0.926131,-0.0960791,0.0255912,-0.363863,-0.0298703,0.0935584,0.0406901,0.21787,0.577052,-0.206895,0.453764,0.620175,0.231189,38.502,-0.323173,0.169707,-0.110875
35.72,0.926143,-0.0960693,0.0265782,-0.363763,-0.035545,0.0780388,-0.00479947,0.227245,0.594021,-0.197239,0.435214,0.577401,0.225058,34.2151,-0.353918,0.057883,-0.367938
35.74,0.926125,-0.096447,0.0266254,-0.363705,-0.0612128,-0.0202992,0.0125964,0.233863,0.605664,-0.190766,0.419259,0.560831,0.207776,38.5492,-0.355009,0.0958108,-0.32655
35.76,0.926095,-0.0966873,0.0261161,-0.363754,0.0166547,-0.115797,-0.0413246,0.242565,0.621093,-0.182137,0.398894,0.525756,0.200952,36.8977,-0.338517,0.0550762,-0.423714
35.78,0.926111,-0.0965271,0.0258208,-0.363778,0.0769092,-0.058058,-0.0316039,0.244978,0.626019,-0.179157,0.395416,0.520665,0.190111,35.9003,-0.326086,0.0824292,-0.357377
35.8,0.926169,-0.0954781,0.0245492,-0.363996,0.117167,-0.109262,-0.0353665,0.252032,0.640233,-0.170687,0.376298,0.495038,0.186921,31.3957,-0.335625,0.0711679,-0.379694
35.82,0.926223,-0.0949313,0.0240715,-0.364033,0.154995,-0.0965262,-0.0352822,0.254325,0.644768,-0.167951,0.372451,0.480535,0.187235,33.5621,-0.317924,0.12666,-0.306243
35.84,0.926352,-0.0928125,0.0226524,-0.364342,0.185442,-0.0480879,-0.0348388,0.261505,0.658549,-0.159833,0.340597,0.453539,0.182358,39.0911,-0.312223,0.132819,-0.296368
35.86,0.926519,-0.0902132,0.0209414,-0.364672,0.244954,0.0107087,-0.0245292,0.267894,0.670857,-0.152377,0.324602,0.413368,0.176623,33.0905,-0.274125,0.112642,-0.202859
35.88,0.926562,-0.0894047,0.0202732,-0.364799,0.16828,-0.0709271,-0.0289837,0.269967,0.674765,-0.149965,0.319634,0.40972,0.177644,32.055,-0.303276,0.172959,-0.20556
35.9,0.926641,-0.087127,0.0181899,-0.36526,0.217057,-0.0666966,-0.0492574,0.274545,0.685548,-0.142498,0.306665,0.378653,0.172589,32.9519,-0.28205,0.0988501,-0.255945
35.92,0.926627,-0.0860966,0.0168311,-0.365606,0.090617,-0.079266,-0.0523569,0.277522,0.692347,-0.137708,0.29628,0.374244,0.171815,32.4369,-0.323198,0.0678216,-0.397124
35.94,0.926583,-0.0847192,0.014826,-0.366124,0.0997712,-0.138849,-0.0389309,0.282264,0.702467,-0.130449,0.277142,0.335631,0.167013,36.3956,-0.307932,0.103127,-0.243301
35.96,0.926548,-0.0841686,0.0141983,-0.366366,0.104436,-0.0682641,-0.065709,0.283658,0.70552,-0.128181,0.27353,0.335503,0.161906,32.8216,-0.26729,0.0464887,-0.302924
35.98,0.926416,-0.0833577,0.0129292,-0.36693,-0.0200411,-0.0589262,-0.0365358,0.287793,0.714176,-0.121572,0.258073,0.297412,0.167536,32.7175,-0.255828,0.116715,-0.294805
36,0.92635,-0.0830735,0.0127046,-0.367168,0.0469642,-0.00446817,-0.0457131,0.288567,0.716649,-0.119394,0.252525,0.30163,0.157918,33.8398,-0.265578,0.0293859,-0.485179
36.02,0.926001,-0.083725,0.0138524,-0.367859,-0.131606,0.100016,-0.0427114,0.291595,0.725867,-0.111268,0.235635,0.26809,0.150838,34.04,-0.242868,0.0673547,-0.33314
36.04,0.925853,-0.0841522,0.0145097,-0.368109,-0.125186,0.106376,-0.0616888,0.292316,0.727967,-0.109385,0.232604,0.258214,0.145082,32.563,-0.250023,0.100599,-0.338107
36.06,0.925429,-0.0856987,0.0169106,-0.368716,-0.17533,0.176886,-0.0311289,0.294689,0.734248,-0.103841,0.212626,0.223172,0.132463,30.8707,-0.237161,0.0445489,-0.441033
36.08,0.92529,-0.085986,0.0176302,-0.368965,-0.114941,0.154168,-0.0497125,0.295344,0.736074,-0.102197,0.209709,0.21766,0.126538,34.0383,-0.21057,0.109641,-0.227832
36.1,0.924985,-0.0854305,0.0196916,-0.369751,0.0463347,0.122537,-0.0622973,0.296098,0.740648,-0.0975925,0.195284,0.198756,0.112549,30.0344,-0.268972,0.100215,-0.425419
36.12,0.924846,-0.0825608,0.0210171,-0.370677,0.171117,0.175674,-0.0704347,0.29627,0.744478,-0.0934713,0.183462,0.176954,0.107766,31.679,-0.249224,0.102171,-0.103626
36.14,0.924821,-0.0815492,0.0211947,-0.370953,0.140783,0.0241712,-0.0686679,0.296301,0.745594,-0.0922218,0.179388,0.164147,0.102019,29.8243,-0.173928,0.102628,-0.212426
36.16,0.924688,-0.0792124,0.0215308,-0.371772,0.110375,0.069945,-0.0486472,0.296592,0.748812,-0.0883649,0.156656,0.137548,0.106135,30.1799,-0.198122,0.0218198,-0.448528
36.18,0.92453,-0.0782687,0.0213187,-0.372376,0.109147,-0.0128886,-0.0850146,0.295973,0.750301,-0.0859992,0.150879,0.127982,0.0905113,30.6357,-0.198172,0.109486,-0.275777
36.2,0.924352,-0.0772219,0.0206598,-0.373073,0.0524085,-0.0628233,-0.0368796,0.294125,0.751907,-0.0825659,0.127083,0.100025,0.0948049,30.6555,-0.185912,0.0896572,-0.309496
36.22,0.924307,-0.0765585,0.0205065,-0.37333,0.124396,0.0231016,-0.0476718,0.293516,0.752359,-0.081461,0.130343,0.105517,0.0822923,31.36,-0.178021,0.060969,-0.265583
36.24,0.924169,-0.0743017,0.020114,-0.374147,0.148608,0.0373036,-0.0638555,0.291676,0.753482,-0.0784677,0.113041,0.0812008,0.0816906,33.0436,-0.160412,0.0435046,-0.387545
36.26,0.924161,-0.0733793,0.0198689,-0.374362,0.175853,0.0130437,-0.0384693,0.291066,0.753779,-0.0775488,0.107233,0.0802564,0.0738746,27.9247,-0.150088,0.0396464,-0.40793
36.28,0.924101,-0.0704702,0.0194488,-0.37509,0.204912,0.0576746,-0.0639422,0.288797,0.754392,-0.0747199,0.10203,0.0620875,0.0725006,28.4082,-0.144421,0.0547407,-0.331949
36.3,0.924083,-0.0682201,0.0191007,-0.375569,0.336842,0.114745,-0.048682,0.286449,0.754381,-0.0729016,0.0802121,0.0448432,0.0716418,31.6506,-0.125846,0.0214376,-0.508851
36.32,0.924024,-0.0664106,0.0187055,-0.376057,0.14421,0.00864613,-0.0820383,0.284123,0.754222,-0.071207,0.0826034,0.0473398,0.0691572,28.2846,-0.164555,0.0610426,-0.374131
36.34,0.923998,-0.0634048,0.0178078,-0.376683,0.257364,0.0204607,-0.0410511,0.280663,0.753744,-0.0687996,0.0610163,0.0248979,0.0681271,27.2519,-0.127698,0.0284676,-0.430265
36.36,0.923931,-0.062236,0.0170552,-0.377076,0.0830345,-0.112397,-0.0589271,0.278421,0.753262,-0.0673306,0.0664268,0.0252078,0.0560382,28.0986,-0.139788,0.0703089,-0.346968
36.38,0.923757,-0.06156,0.0156391,-0.377676,0.0230658,-0.101753,-0.0502093,0.27465,0.752137,-0.0651526,0.0487545,-0.00230386,0.0503079,30.1598,-0.0950054,0.0187546,-0.416403
36.4,0.923699,-0.061427,0.0151967,-0.377857,0.00243551,-0.132153,-0.0448823,0.273032,0.751601,-0.0643984,0.0475657,0.00303671,0.0461853,29.6878,-0.0857333,0.00340733,-0.59886
36.42,0.923497,-0.0608975,0.0143055,-0.378471,0.0726157,0.0491291,-0.0521306,0.268273,0.749874,-0.0625236,0.0340182,-0.0159855,0.0233498,28.3053,-0.149726,0.0620699,-0.456602
36.44,0.923469,-0.0602803,0.0144687,-0.378632,0.119151,0.084229,-0.0137963,0.266765,0.749281,-0.0622052,0.0347886,-0.0112504,-0.0188127,27.5826,-0.0985357,0.0909922,-0.21249
36.46,0.923865,-0.0536126,0.0149776,-0.378648,0.235114,0.118665,0.0119748,0.261799,0.748124,-0.0671528,0.0753438,0.0474694,-0.295864,25.4183,-0.245968,-0.0881779,-0.282613
36.48,0.923912,-0.0530069,0.0150927,-0.378614,0.0425269,0.0172337,0.0253122,0.260386,0.748065,-0.0694286,0.0831252,0.0610824,-0.32291,23.1702,-0.128486,0.151265,-0.564407
36.5,0.924037,-0.0551927,0.0167765,-0.377927,-0.302304,0.0722734,0.0893299,0.256638,0.748031,-0.0770033,0.0872369,0.0403637,-0.335968,22.7026,-0.209881,-0.119823,-0.394927
36.52,0.924101,-0.0561392,0.0175895,-0.377594,-0.254642,0.0914416,0.080691,0.255459,0.747952,-0.0795581,0.0775584,0.0475699,-0.327781,24.4014,-0.124167,0.320049,-0.330509
36.54,0.924135,-0.0580147,0.0192897,-0.377144,-0.203462,0.0280537,0.0112449,0.251967,0.747471,-0.0874459,0.0673046,0.0125457,-0.309112,22.894,-0.277045,-0.177824,-0.474191
36.56,0.924009,-0.0595994,0.0202599,-0.377154,-0.0939873,0.0102013,-0.0162263,0.248398,0.746543,-0.0942452,0.0537035,-0.0077361,-0.277604,17.7439,0.00544157,0.071846,-0.379432
36.58,0.92394,-0.0601184,0.0205282,-0.377227,-0.141027,0.0480389,-0.0131304,0.247188,0.746151,-0.096308,0.0483569,0.00272371,-0.25108,19.8254,-0.27885,0.143617,-0.425912
36.6,0.923783,-0.0608651,0.020988,-0.377465,-0.0380476,0.0544319,0.00191445,0.242492,0.744577,-0.101229,0.0370014,-0.0132328,-0.235846,22.6025,-0.123634,-0.321036,-0.493049
36.62,0.923801,-0.0606395,0.0215052,-0.377429,0.0499285,0.0919024,0.0208455,0.239488,0.743361,-0.104284,0.0384996,-0.024468,-0.227018,22.1041,-0.0189918,0.188049,-0.482187
36.64,0.923832,-0.0602711,0.0220371,-0.37738,-0.0119305,0.0231872,0.0137386,0.235327,0.741454,-0.109282,0.0389796,-0.0165381,-0.226915,18.9932,-0.18932,-0.0587776,-0.638632
36.66,0.923852,-0.0601879,0.0219203,-0.377353,0.0315469,-0.0639125,-0.00413017,0.234018,0.740821,-0.110962,0.0389792,-0.0309293,-0.2494,25.1693,-0.22428,0.00928065,-0.294043
36.68,0.923966,-0.0608561,0.0218918,-0.376967,-0.00524953,-0.0623997,0.0205615,0.230234,0.739127,-0.116276,0.049852,-0.0292459,-0.264449,19.9783,0.0041834,0.144709,-0.382437
36.7,0.924042,-0.0614251,0.0221119,-0.376675,-0.101253,-0.0159619,0.0774169,0.228867,0.738595,-0.118018,0.0490252,-0.0302449,-0.266701,20.6606,-0.266006,0.0989253,-0.482918
36.72,0.924258,-0.0624433,0.0221719,-0.375975,-0.00984502,0.0151704,0.00857374,0.223925,0.736558,-0.125465,0.0427391,-0.0189754,-0.270752,19.2052,-0.0940364,0.0616788,-0.486991
36.74,0.9243,-0.062513,0.0219898,-0.37587,0.00760289,-0.0207591,0.0101226,0.222819,0.736041,-0.127749,0.0457707,-0.0202842,-0.264842,22.4445,-0.152639,0.0494199,-0.569394
36.76,0.924308,-0.0629178,0.0217202,-0.375798,-0.0186799,-0.0585012,-0.00717867,0.220633,0.735046,-0.131405,0.0454431,-0.0294356,-0.257211,21.5117,-0.145854,-0.304587,-0.629922
36.78,0.924279,-0.0638855,0.0214905,-0.375719,-0.0507798,-0.115971,-0.0140101,0.217324,0.733562,-0.136583,0.0498057,-0.0393035,-0.257004,22.2614,0.118851,0.221305,-0.1934
36.8,0.924247,-0.0639254,0.0213188,-0.375801,0.0619883,-0.0192706,-0.0319999,0.214869,0.732551,-0.139796,0.0429993,-0.0275764,-0.261876,19.6063,-0.170546,-0.281493,-0.69335
36.82,0.924187,-0.0643181,0.020677,-0.375917,0.0270266,-0.0972239,-0.0166571,0.211476,0.731128,-0.144789,0.043497,-0.0299327,-0.256142,21.166,-0.100082,0.35961,-0.529071
36.84,0.924187,-0.0645929,0.0205576,-0.375876,-0.0593972,-0.094122,0.0161463,0.210435,0.730702,-0.146476,0.0468916,-0.0222072,-0.253169,25.9133,-0.31315,-0.340978,-0.490396
36.86,0.924208,-0.0647765,0.0200637,-0.375821,0.0332486,-0.0265629,0.00843482,0.207682,0.729451,-0.151979,0.0488729,-0.0164209,-0.256829,23.7151,0.10189,0.220689,-0.472795
36.88,0.924204,-0.0646333,0.0198631,-0.375865,0.0601356,-0.0365777,-0.0261519,0.206801,0.729112,-0.153736,0.0448131,-0.0159371,-0.258072,18.7021,-0.150145,0.0615985,-0.461911
36.9,0.924153,-0.0638484,0.0190803,-0.376165,0.0362653,0.000538713,-0.00774571,0.202658,0.728001,-0.159593,0.0484472,0.00161056,-0.249429,19.1965,-0.239061,0.175104,-0.424522
36.92,0.924126,-0.0635948,0.0187643,-0.376291,0.0979306,-0.0843542,-0.0365322,0.201722,0.72779,-0.161103,0.0452941,-0.00613842,-0.253788,22.6418,0.0144113,-0.107082,-0.485191
36.94,0.924062,-0.063211,0.0180646,-0.376547,0.0861668,-0.0768083,-0.0160964,0.199172,0.727331,-0.165687,0.0519726,-0.000329968,-0.253692,17.7428,-0.156373,-0.0818275,-0.457095
36.96,0.924078,-0.0629776,0.0179368,-0.376553,0.0456604,0.0293692,0.0083306,0.198485,0.727218,-0.167645,0.0542418,0.00510196,-0.250134,21.7154,-0.302661,0.284251,-0.508698
36.98,0.924222,-0.0614672,0.0170341,-0.37649,0.136912,0.0104348,0.00566659,0.196205,0.726905,-0.172137,0.0540784,0.00963524,-0.247829,21.3723,-0.0334901,0.0136676,-0.461171
37,0.924298,-0.0599364,0.0158278,-0.376604,0.106653,-0.0401024,-0.025789,0.193772,0.726675,-0.175847,0.0474428,0.0138736,-0.245184,22.9663,-0.167229,-0.130963,-0.624873
37.02,0.924325,-0.0595815,0.0155339,-0.376607,0.0995091,-0.039425,-0.000328903,0.193041,0.72667,-0.177105,0.0525352,0.0129891,-0.243687,18.1933,-0.109268,0.0184068,-0.389648
37.04,0.924424,-0.0579841,0.0146295,-0.376649,0.197399,0.0145605,0.0138397,0.191123,0.726704,-0.181137,0.0547307,0.013722,-0.251001,18.7482,-0.122828,-0.191989,-0.438958
37.06,0.924478,-0.0564413,0.0138374,-0.376781,0.209793,-0.0431531,-0.0190962,0.190015,0.726796,-0.184365,0.049006,0.0173965,-0.247413,21.4917,-0.294412,0.0859538,-0.637844
37.08,0.924528,-0.0543738,0.0127501,-0.377001,0.119743,-0.0359064,0.00860922,0.188412,0.727086,-0.188171,0.0547869,0.0230738,-0.245179,22.2844,-0.102476,0.0661246,-0.648628
37.1,0.924606,-0.0536388,0.0123886,-0.376926,0.180491,-0.00252575,0.0286722,0.187834,0.727204,-0.18905,0.0542707,0.025972,-0.226005,19.8747,-0.139015,0.0261185,-0.498883
37.12,0.925432,-0.050197,0.0107321,-0.375421,0.449595,-0.049516,0.156806,0.186476,0.727897,-0.190666,0.0657586,0.0468763,-0.15767,22.0628,-0.19319,0.185481,-0.411862
37.14,0.925864,-0.0482385,0.00978709,-0.374638,0.497449,-0.0453714,0.205488,0.186174,0.728345,-0.190884,0.074912,0.0664997,-0.131204,25.0565,-0.111456,-0.30562,-0.561001
37.16,0.927563,-0.0386826,0.00564698,-0.371617,0.879583,0.0174747,0.296546,0.186327,0.730968,-0.191589,0.124396,0.139162,-0.134492,21.6605,-0.313205,-0.0260282,-0.568937
37.18,0.928822,-0.031785,0.00410701,-0.369137,0.65208,0.142875,0.287483,0.187074,0.733762,-0.192499,0.136123,0.181207,-0.193117,23.3305,-0.28873,0.0394998,-0.555364
37.2,0.929455,-0.0275442,0.00399135,-0.367884,0.407475,0.153104,0.0709123,0.187661,0.736941,-0.194353,0.106395,0.179575,-0.283394,21.2316,-0.207292,0.0665654,-0.581764
37.22,0.929314,-0.0203602,0.0038632,-0.368707,0.512345,0.221522,-0.10814,0.187209,0.740954,-0.198036,0.0394717,0.125387,-0.303016,22.0693,-0.45467,-0.24186,-0.572599
37.24,0.92898,-0.0170667,0.00457631,-0.369707,0.185819,0.187724,-0.0983284,0.186072,0.742767,-0.200424,-5.91289e-05,0.0837176,-0.272613,21.7901,-0.21543,0.134512,-0.567157
37.26,0.928748,-0.0154483,0.0066658,-0.370329,0.019618,0.204836,-0.00134696,0.183267,0.744056,-0.203308,-0.0556168,0.0177756,-0.23304,24.03,-0.221423,-0.260445,-0.452911
37.28,0.928753,-0.0152658,0.00735464,-0.370311,-0.0351987,0.153508,0.00837746,0.181963,0.744085,-0.20449,-0.0729318,-0.00780887,-0.225391,21.1748,0.0492024,-0.121994,-0.468675
37.3,0.92881,-0.0162963,0.00921586,-0.370083,-0.247542,0.113749,0.0265969,0.179216,0.743647,-0.205352,-0.0933242,-0.04113,-0.21603,21.5891,-0.0240287,-0.278371,-0.486464
37.32,0.92881,-0.0182132,0.0109512,-0.369947,-0.255342,0.0677722,0.00635829,0.176244,0.742775,-0.205538,-0.101482,-0.0608939,-0.21498,21.1976,-0.0408801,0.210182,-0.615197
37.34,0.92852,-0.0221083,0.0134291,-0.370379,-0.230016,0.00790282,-0.038704,0.170732,0.740693,-0.206557,-0.077316,-0.0551363,-0.218082,19.6098,-0.207915,0.0155715,-0.364818
37.36,0.928438,-0.0229022,0.0137825,-0.370525,-0.186884,-0.00348565,-0.0346674,0.169596,0.740272,-0.206968,-0.0642708,-0.0463739,-0.224329,20.7982,-0.0653028,-0.253849,-0.516531
37.38,0.928357,-0.0238101,0.0141081,-0.370659,-0.0676206,-0.0127456,-0.000511705,0.167704,0.739667,-0.207954,-0.0397242,-0.0275899,-0.227783,22.5967,0.0203299,-0.171941,-0.384891
37.4,0.928416,-0.0240673,0.0139109,-0.3705,0.0297522,-0.0337566,0.0172397,0.165587,0.739402,-0.208625,-0.00852789,-0.0020636,-0.22437,19.4551,-0.0610593,0.0128339,-0.511417
37.42,0.928489,-0.0235402,0.0133402,-0.370372,0.0870048,-0.0446233,0.00937872,0.164558,0.739528,-0.208595,-0.000521426,0.0043151,-0.224474,20.6796,-0.177088,0.048395,-0.466239
37.44,0.928505,-0.0225886,0.0122759,-0.37043,0.105459,-0.053174,-0.0182514,0.163225,0.739784,-0.208899,-0.00514061,0.00196759,-0.22079,20.2796,-0.109313,-0.137125,-0.584842
37.46,0.928506,-0.022357,0.0118727,-0.370453,0.0765259,-0.0701928,-0.00143693,0.162767,0.739832,-0.209088,-0.0078563,-0.00176484,-0.221053,20.5823,-0.0569597,-0.120898,-0.524072
37.48,0.928526,-0.021943,0.0109633,-0.370455,0.025169,-0.0475007,0.00186887,0.161236,0.739768,-0.209853,-0.0244799,-0.0135998,-0.214535,19.1621,-0.0300863,0.100909,-0.351684
37.5,0.92856,-0.0220703,0.0105486,-0.370376,-0.00753211,-0.0369994,0.00400652,0.159829,0.739477,-0.209261,-0.037143,-0.0199808,-0.210377,23.3641,-0.186583,-0.211773,-0.505535
37.52,0.928563,-0.0225705,0.0102598,-0.370345,-0.0340448,-0.0308726,-0.00720634,0.15752,0.738965,-0.20822,-0.0527582,-0.0218269,-0.205661,19.6092,-0.0607358,0.152254,-0.564882
37.54,0.928551,-0.0228067,0.0102555,-0.370362,-0.0557736,-0.0226778,-0.00227739,0.156705,0.738796,-0.207974,-0.0553184,-0.0208319,-0.204482,20.0987,-0.101779,-0.11579,-0.452683
37.56,0.928502,-0.0232436,0.010408,-0.370452,-0.0149851,0.0161398,-0.00987156,0.154228,0.738395,-0.207487,-0.0602957,-0.0133576,-0.201903,21.9468,-0.11036,-0.0467516,-0.653875
37.58,0.928495,-0.0233268,0.0104785,-0.370464,-0.0331477,-0.00111602,-0.00783888,0.153416,0.738314,-0.207435,-0.0596988,-0.00984032,-0.202852,18.6035,0.0133749,0.0228384,-0.571792
37.6,0.928504,-0.0232883,0.0108055,-0.370433,0.0167085,0.0392347,0.00817089,0.150936,0.73817,-0.205993,-0.0612958,-0.00210804,-0.198107,21.2903,-0.233898,-0.087686,-0.556349
37.62,0.928515,-0.0230155,0.0111585,-0.370412,0.0100566,0.0308272,0.00115235,0.148529,0.738155,-0.204161,-0.0625691,0.00105663,-0.197812,25.0926,0.215843,-0.220807,-0.591409
37.64,0.928508,-0.0229478,0.0112845,-0.370431,0.00238403,0.0424287,-0.00413662,0.147642,0.738163,-0.203952,-0.0639431,0.000841962,-0.194605,20.314,-0.155716,0.00156471,-0.574206
37.66,0.928486,-0.0227074,0.011581,-0.370493,0.0178753,0.0292285,-0.00868713,0.145255,0.738131,-0.202686,-0.0692045,-0.00327214,-0.189037,22.5542,-0.138157,-0.410897,-0.424457
37.68,0.928485,-0.0226466,0.0117344,-0.370494,0.0132279,0.0156595,0.00116477,0.143627,0.738011,-0.201233,-0.0718503,-0.00619016,-0.185368,25.0254,0.0367063,0.125545,-0.427202
37.7,0.928516,-0.0227118,0.0118361,-0.370409,-0.0133337,-0.00340474,0.0122538,0.141152,0.737676,-0.19822,-0.0741093,-0.0108336,-0.181745,24.1076,-0.212764,-0.198709,-0.56158
37.72,0.928513,-0.0227579,0.0118919,-0.370411,-0.00970274,0.0119874,0.00300297,0.140331,0.737544,-0.197319,-0.0762569,-0.0116891,-0.177366,21.4791,0.103707,-0.110935,-0.629275
37.74,0.928487,-0.0228752,0.0118416,-0.37047,-0.00852334,-0.00397454,-0.00866616,0.137764,0.737099,-0.195185,-0.0777529,-0.0135048,-0.175125,22.2478,-0.12328,-0.103534,-0.428228
37.76,0.92848,-0.022949,0.0118075,-0.370485,-0.00746936,-0.0114115,-0.00530241,0.136963,0.736955,-0.194505,-0.0770166,-0.0131752,-0.17284,20.3101,-0.0227202,0.0435352,-0.517295
37.78,0.928472,-0.0229573,0.011661,-0.37051,0.0144799,-0.0116933,-0.00744542,0.134583,0.736525,-0.192707,-0.079853,-0.0133132,-0.169218,21.1715,-0.157767,-0.1443,-0.30932
37.8,0.928496,-0.0229847,0.0116066,-0.37045,0.0139264,0.000728795,0.00635015,0.133043,0.73625,-0.190197,-0.0813275,-0.0129575,-0.1663,22.1297,0.0943902,0.120816,-0.532529
37.82,0.928518,-0.0230249,0.0115293,-0.370393,0.0140415,-0.00690269,0.009353,0.131493,0.735986,-0.187919,-0.0846479,-0.0126075,-0.162174,22.5506,-0.184169,-0.201386,-0.414162
37.84,0.928518,-0.0230351,0.0114789,-0.370394,0.00481467,0.00165597,-0.00345924,0.129908,0.735729,-0.185857,-0.088038,-0.0125926,-0.158772,22.5332,-0.0158434,-0.0943916,-0.25921
37.86,0.928497,-0.02302,0.0114502,-0.370448,0.00237141,-0.000719718,-0.00558481,0.127335,0.735324,-0.183408,-0.0927242,-0.0126841,-0.156968,22.8728,0.0135674,-0.187547,-0.538791
37.88,0.9285,-0.0230865,0.0115079,-0.370436,-0.0113125,0.00491929,0.0020067,0.124943,0.735024,-0.179636,-0.0953551,-0.0123193,-0.150946,21.1221,0.0419529,-0.240019,-0.430772
37.9,0.928498,-0.0230646,0.0115362,-0.370441,0.000503112,0.00963358,0.000819378,0.124152,0.734937,-0.17823,-0.0970086,-0.0126198,-0.149801,22.8452,-0.21447,0.0518519,-0.355917
37.92,0.92849,-0.0230881,0.0116327,-0.370456,-0.010439,-0.00100919,0.0021569,0.12175,0.73469,-0.174399,-0.0995642,-0.0115864,-0.145662,22.526,-0.142556,-0.159255,-0.295623
37.94,0.928486,-0.0230856,0.0117072,-0.370464,-0.0149736,0.000756985,0.00408762,0.120126,0.734528,-0.172121,-0.10159,-0.0115395,-0.142912,21.3631,-0.106465,-0.0116416,-0.505298
37.96,0.928488,-0.0230444,0.0117687,-0.370459,-0.00704998,0.00354217,-0.000411386,0.118328,0.734348,-0.170244,-0.104066,-0.0114838,-0.141247,25.7864,0.0555739,-0.212952,-0.386749
37.98,0.928502,-0.0230531,0.0118257,-0.370424,-0.00876442,-0.00104314,0.00729783,0.116673,0.734189,-0.168383,-0.105631,-0.0118139,-0.138284,20.6569,-0.0864182,-0.137032,-0.169414
38,0.928502,-0.0230319,0.0118781,-0.370423,-0.00117965,0.0072407,0.00168965,0.114391,0.734109,-0.163774,-0.107363,-0.0119093,-0.131005,24.0484,0.0509348,-0.0910617,-0.52988
38.02,0.928504,-0.0229909,0.0118773,-0.37042,0.00776623,0.00191337,0.00143184,0.113618,0.73408,-0.162345,-0.108921,-0.0118211,-0.130589,22.3686,-0.095626,-0.130809,-0.508331
38.04,0.92847,-0.0230488,0.011896,-0.3705,-0.0130286,-0.0047871,-0.0117962,0.111274,0.733991,-0.158425,-0.110576,-0.0115317,-0.12533,24.2211,-0.10772,-0.0892182,-0.480247
38.06,0.928473,-0.0230413,0.0118742,-0.370493,0.0114256,0.00717896,0.00349289,0.108711,0.733878,-0.155173,-0.113167,-0.0119301,-0.119478,24.2644,-0.00746907,-0.206429,-0.547857
38.08,0.928494,-0.0230244,0.0118486,-0.370443,-0.00552449,-0.010152,0.0125797,0.1079,0.733841,-0.154124,-0.114077,-0.0116418,-0.122337,21.174,0.0194592,-0.157073,-0.439835
38.1,0.928508,-0.0230747,0.0118554,-0.370406,-0.0097672,-0.00502031,-0.000378387,0.105558,0.73378,-0.150587,-0.117039,-0.0119151,-0.115404,27.8579,-0.0369705,-0.0680804,-0.281506
38.12,0.928492,-0.0230687,0.0118208,-0.370446,-0.00811273,-0.00197517,-0.0123863,0.104126,0.7338,-0.147576,-0.118737,-0.0114444,-0.112484,23.7902,-0.162866,-0.177573,-0.448812
38.14,0.928469,-0.0230395,0.0118079,-0.370506,0.00663043,0.00384504,-0.00345187,0.101907,0.733831,-0.143465,-0.122046,-0.010645,-0.110546,22.4886,0.103559,-0.0418509,-0.526859
38.16,0.928486,-0.0230948,0.0117995,-0.37046,-0.0195541,-0.002456,0.00606586,0.101152,0.733844,-0.142216,-0.121953,-0.010465,-0.107447,23.6226,-0.0671241,-0.159831,-0.560974
38.18,0.928509,-0.023089,0.0118434,-0.370401,0.0037302,0.011241,0.00823354,0.0986451,0.73386,-0.138901,-0.125023,-0.00990545,-0.102809,25.2086,-0.0419476,-0.265109,-0.396173
38.2,0.928509,-0.0230671,0.0118317,-0.370404,-0.00317672,-0.0103696,0.0016811,0.0980004,0.733914,-0.137191,-0.125576,-0.00934359,-0.105239,22.5109,-0.0409514,-0.00116793,-0.493738
38.22,0.928499,-0.0230382,0.0118793,-0.370429,-0.00493361,0.00665256,-0.00111674,0.0953298,0.734124,-0.130939,-0.128235,-0.00874229,-0.0989068,23.8003,-0.0800517,-0.202268,-0.452102
38.24,0.928499,-0.0230869,0.0118915,-0.370425,-0.00627207,0.00106006,-0.000984474,0.0946384,0.734176,-0.129521,-0.128215,-0.00889997,-0.0943925,24.1196,0.0145166,-0.132796,-0.627095
38.26,0.928506,-0.0230423,0.0119,-0.370411,0.011121,0.00630841,-0.000165359,0.0924993,0.734315,-0.125553,-0.1307,-0.00845107,-0.0932688,25.6465,0.0208662,-0.108317,-0.426443
38.28,0.928515,-0.0230892,0.0119035,-0.370385,-0.0183637,-0.00493463,0.00930713,0.0915759,0.734352,-0.124483,-0.130547,-0.0078599,-0.0927036,24.1529,-0.0911097,-0.134389,-0.57882
38.3,0.928513,-0.0230801,0.0119497,-0.370389,0.00868038,0.0108264,-0.00393714,0.0897709,0.734514,-0.119341,-0.132982,-0.00815123,-0.0835887,29.0009,0.072088,-0.110472,-0.561293
38.32,0.928509,-0.0230736,0.0119759,-0.370398,-0.00808993,-0.00359703,-0.0010117,0.0878424,0.734662,-0.114693,-0.134567,-0.00753454,-0.0832241,22.8519,-0.00487561,-0.239298,-0.566422
38.34,0.928507,-0.0230939,0.011978,-0.370402,-0.000387332,0.00781569,-0.00331092,0.0871795,0.734711,-0.113253,-0.134874,-0.00794563,-0.078001,26.2273,0.0091672,-0.0169094,-0.578944
38.36,0.92852,-0.0230612,0.0119905,-0.370371,0.00570132,0.00462127,0.00187929,0.0851124,0.734847,-0.109212,-0.137087,-0.00704502,-0.078573,23.1001,0.0280292,-0.237201,-0.670301
38.38,0.928527,-0.0230434,0.0119937,-0.370356,0.0190794,0.00682589,0.00242523,0.0836677,0.734977,-0.106351,-0.138321,-0.00730831,-0.0724231,23.4857,-0.0249801,-0.233933,-0.464219
38.4,0.928522,-0.0230415,0.0119825,-0.370367,0.0208432,0.00556562,-0.00399195,0.0825692,0.73517,-0.103083,-0.139215,-0.00664525,-0.06908,26.9976,-0.100762,-0.0864567,-0.560046
38.42,0.92852,-0.0230664,0.011992,-0.370371,0.00872569,0.00615189,-0.00364087,0.0814117,0.735359,-0.100015,-0.140443,-0.00602151,-0.0662724,26.7688,0.0763441,-0.187327,-0.539472
38.44,0.928533,-0.0230602,0.0119852,-0.37034,-0.0066519,-0.00568013,0.00547496,0.0795658,0.735639,-0.0957979,-0.141073,-0.00502611,-0.0669095,23.1072,-0.0138132,-0.150138,-0.498587
38.46,0.928535,-0.023077,0.0119898,-0.370333,0.00313878,0.0074753,0.00317241,0.0789269,0.735731,-0.0944812,-0.142059,-0.00531508,-0.0616124,25.3575,-0.0188188,-0.167132,-0.472148
38.48,0.928545,-0.023057,0.0120092,-0.370308,0.000727158,0.00410114,0.00341414,0.0769185,0.735998,-0.0908182,-0.143665,-0.0041772,-0.0626265,27.8383,-0.0489542,-0.0293707,-0.43897
38.5,0.928545,-0.0230974,0.0120134,-0.370307,-0.00941277,-0.00599323,0.00277212,0.0751672,0.736342,-0.0861099,-0.144224,-0.00324227,-0.0579098,25.0806,-0.00783525,-0.165321,-0.544954
38.52,0.928542,-0.0230541,0.0120282,-0.370315,0.014498,0.0103541,0.00267633,0.0746239,0.736456,-0.0845987,-0.145693,-0.00379238,-0.0537492,26.4532,-0.0280595,-0.0760921,-0.604766
38.54,0.928548,-0.0230733,0.0120178,-0.370301,-0.00554504,-0.00951733,0.00274765,0.0728824,0.736794,-0.0803811,-0.146488,-0.00259985,-0.0539606,29.6138,0.00609775,-0.231045,-0.601067
38.56,0.928552,-0.023073,0.0120308,-0.370289,-0.0127719,-0.00343221,-0.00526264,0.0716508,0.737015,-0.0777966,-0.146939,-0.00213619,-0.0523324,22.5746,-0.0841734,-0.0935854,-0.488818
38.58,0.92855,-0.0230846,0.0120288,-0.370293,-0.0109437,0.00308564,-0.00475928,0.0697024,0.737341,-0.0742378,-0.148662,-0.00206766,-0.0452219,24.8327,-0.0331183,-0.256213,-0.485597
38.6,0.928551,-0.0230448,0.01204,-0.370293,0.00213041,0.00595798,-0.00120074,0.0690259,0.737467,-0.0727103,-0.149046,-0.00192586,-0.0459553,27.1296,-0.047791,-0.0345261,-0.274252
38.62,0.928558,-0.0230929,0.0120157,-0.370274,-0.013425,-0.00784698,0.00346394,0.0675655,0.737846,-0.0682323,-0.149124,-0.000952845,-0.043513,25.5414,0.0496474,-0.158865,-0.512271
38.64,0.928555,-0.0230441,0.0120224,-0.370283,0.0115794,0.00662851,-0.00345674,0.0670434,0.737969,-0.0668165,-0.150467,-0.0015868,-0.0405727,26.877,0.0584163,-0.118336,-0.581135
38.66,0.928558,-0.02303,0.0119986,-0.370277,0.0105432,0.00453902,-0.00110996,0.0647811,0.738457,-0.0616422,-0.152126,-0.000413667,-0.0360155,26.7649,-0.0724562,-0.234457,-0.670572
38.68,0.928562,-0.0230349,0.0120056,-0.370268,-0.0107653,-0.00181197,-0.000220531,0.0641729,0.73858,-0.0604536,-0.151357,0.00051811,-0.0388417,26.3393,0.0592288,-0.202016,-0.60422
38.7,0.92856,-0.0230153,0.0119884,-0.370273,0.000898402,0.000818206,-0.00539932,0.0634113,0.738803,-0.0574383,-0.151729,0.000992668,-0.0368615,30.3296,-0.0175224,-0.0774632,-0.28724
38.72,0.928558,-0.0230053,0.0119898,-0.370279,0.000275502,0.00450632,-0.000954103,0.0623475,0.739026,-0.0546472,-0.152847,0.000873665,-0.0328255,24.4141,0.00796424,-0.0866402,-0.487009
38.74,0.928561,-0.0230344,0.0119523,-0.370272,-0.00771705,-0.00149157,0.00343165,0.0609333,0.739355,-0.0507153,-0.153561,0.00174987,-0.0296185,27.3252,-0.0626138,-0.173529,-0.453893
38.76,0.928569,-0.0229911,0.0119518,-0.370253,0.0145763,0.0115711,-0.000886826,0.0592637,0.739686,-0.047146,-0.155547,0.00200701,-0.0253372,25.2354,0.0258723,-0.144224,-0.634816
38.78,0.928572,-0.0230339,0.0119438,-0.370244,-0.0163179,-0.00743572,-0.00186326,0.0586954,0.739798,-0.0460387,-0.155032,0.00309745,-0.028745,30.4658,-0.0287944,-0.208145,-0.390037
38.8,0.928582,-0.0230623,0.0119377,-0.370217,0.000509147,0.00506418,-0.00519793,0.0577557,0.739999,-0.0418648,-0.155509,0.00273315,-0.0213195,27.4984,-0.0317591,-0.1196,-0.432376
38.82,0.928582,-0.0230627,0.0119403,-0.370217,-0.00780973,0.007276,-0.00631603,0.0570268,0.740131,-0.0392864,-0.155445,0.00276857,-0.0195439,24.783,-0.0538611,-0.14143,-0.35178
38.84,0.928594,-0.0230167,0.0119161,-0.370191,0.0137322,0.00631287,0.00194288,0.0555524,0.740342,-0.0357473,-0.156284,0.00328021,-0.0187329,27.4005,0.00408475,-0.149759,-0.515499
38.86,0.928591,-0.0230594,0.0119113,-0.370195,-0.0120708,-0.00137207,-0.00113113,0.0550983,0.740411,-0.034637,-0.155482,0.00387499,-0.0197029,27.1198,0.0103764,-0.128711,-0.658792
38.88,0.9286,-0.0230349,0.0119097,-0.370175,0.00808753,0.00669818,-0.00118519,0.0539178,0.74058,-0.0312168,-0.156621,0.00348169,-0.0142478,28.2936,-0.0148011,-0.189791,-0.549654
38.9,0.928601,-0.0230372,0.0119045,-0.370173,-0.00997976,-0.00650476,-0.000678784,0.0536773,0.740614,-0.0299719,-0.155632,0.00425277,-0.0168259,27.417,0.0758974,-0.220726,-0.723529
38.92,0.928603,-0.0230432,0.0118929,-0.370168,0.00588793,0.00367109,-0.00196521,0.0528312,0.740721,-0.0264211,-0.156156,0.00396607,-0.0107133,27.5427,0.0169767,-0.108588,-0.657403
38.94,0.928613,-0.0230084,0.0118907,-0.370144,-0.0045121,0.00186119,-0.00141618,0.051782,0.740831,-0.0231943,-0.156356,0.00425069,-0.0125332,26.155,0.00294123,-0.135429,-0.589813
38.96,0.928616,-0.0230535,0.0118809,-0.370134,-0.00367993,-8.71533e-05,-0.00181168,0.0511575,0.740875,-0.0222173,-0.15642,0.00426461,-0.00950469,28.1666,-0.0115902,-0.130341,-0.590669
38.98,0.928631,-0.0230147,0.0118747,-0.370101,0.00648027,0.00523944,0.00803986,0.0498527,0.740988,-0.0193678,-0.157329,0.00417353,-0.00715538,26.2969,-0.0442963,-0.149841,-0.376817
39,0.928631,-0.0230353,0.0118816,-0.370099,0.00919232,0.0113029,-0.00624046,0.0495723,0.741053,-0.0171059,-0.156789,0.00432542,-0.00492388,26.5444,-0.0346961,-0.143635,-0.375716
39.02,0.928647,-0.0230575,0.0118732,-0.370058,-0.0163814,-0.00376164,-0.000893425,0.048974,0.741163,-0.0139634,-0.155954,0.00528891,-0.00582688,27.4968,-0.0623583,-0.164317,-0.42773
39.04,0.928643,-0.0230618,0.0118788,-0.370066,0.00779172,0.00294769,-0.00134659,0.048727,0.741199,-0.0129667,-0.157029,0.00461035,-0.00157375,25.8796,-0.010011,-0.10495,-0.365732
39.06,0.928652,-0.0230296,0.0118535,-0.370047,0.00144837,0.000465361,-0.0031932,0.0475932,0.741311,-0.0101691,-0.157608,0.00473562,-0.00235599,30.6905,-0.067135,-0.177289,-0.484775
39.08,0.928662,-0.0230458,0.0118163,-0.370021,-0.00292694,0.000284731,0.00328651,0.0472177,0.741457,-0.00727154,-0.156645,0.00550824,0.000477433,27.2336,0.0669248,-0.125346,-0.742004
39.1,0.928663,-0.0229979,0.0118206,-0.370021,0.013242,0.00794694,0.00306631,0.0471615,0.741513,-0.00628848,-0.157215,0.00525417,0.00152019,28.3078,0.0621493,-0.217592,-0.578979
39.12,0.928668,-0.0230056,0.0118041,-0.37001,0.0205564,0.0068951,0.00084844,0.0469732,0.74163,-0.00442959,-0.156716,0.00542812,0.00314017,25.0459,0.00398084,-0.129069,-0.547526
39.14,0.928667,-0.0230355,0.0118088,-0.37001,0.00828258,0.0133064,-0.0055559,0.0466895,0.741749,-0.00267691,-0.156699,0.00564739,0.00447593,31.1024,-0.0632709,-0.178618,-0.570396
39.16,0.928674,-0.0230619,0.0117979,-0.369991,0.00171664,0.00467063,0.000281507,0.0462994,0.741876,-0.00103552,-0.156903,0.00591601,0.00574858,26.2466,-0.038791,-0.110808,-0.366655
39.18,0.92868,-0.0230747,0.0117865,-0.369975,-0.00211109,0.000435132,0.00360344,0.0455785,0.742014,0.000495397,-0.156253,0.00612599,0.00650389,29.4304,-0.0252233,-0.148938,-0.451909
39.2,0.928686,-0.0230699,0.0117566,-0.369961,-0.00704053,-0.0021581,4.59079e-05,0.0457795,0.74233,0.00385858,-0.154257,0.00670875,0.00782891,27.4753,0.00997516,-0.109945,-0.550359
39.22,0.928689,-0.0230322,0.0117715,-0.369955,0.00834978,0.00780986,-0.00329753,0.0457637,0.74241,0.00465279,-0.154863,0.00650193,0.00784936,28.2231,-0.0429737,-0.114832,-0.412927
39.24,0.928688,-0.0230449,0.0117417,-0.369958,-0.0148316,1.73691e-05,0.000325473,0.0455545,0.74266,0.00684613,-0.153879,0.00769272,0.00877836,27.7781,-0.0520412,-0.160367,-0.524069
39.26,0.928694,-0.0230362,0.0117188,-0.369945,-0.00544516,-0.00834054,0.00303669,0.0452839,0.742832,0.00820598,-0.153852,0.00772512,0.00893257,26.9353,0.0288225,-0.0799307,-0.488148
39.28,0.928692,-0.0230356,0.0117089,-0.36995,0.000674898,0.0109205,-0.00650346,0.0448446,0.743124,0.0102193,-0.153453,0.00772942,0.0122041,28.4882,0.0400611,-0.137201,-0.587238
39.3,0.928692,-0.022981,0.0116922,-0.369955,0.00423038,-0.00302731,-0.00131019,0.044977,0.743232,0.0109243,-0.153692,0.00811585,0.00936542,31.375,-0.0717541,-0.146859,-0.400239
39.32,0.92869,-0.0230254,0.0116747,-0.369956,-0.0153429,-0.00560605,0.000580121,0.0452074,0.743563,0.0128726,-0.15209,0.00821043,0.0125496,31.7701,-0.023253,-0.147528,-0.581039
39.34,0.928694,-0.0229736,0.0116711,-0.36995,0.0143822,0.00334201,0.00212337,0.0452252,0.743672,0.0134912,-0.152565,0.00813244,0.0110727,25.8034,-0.0454052,-0.0924299,-0.569072
39.36,0.928689,-0.0229684,0.0116389,-0.369963,0.0135983,0.0108167,-0.00258465,0.045044,0.744113,0.0157406,-0.151922,0.00836851,0.0131893,26.4389,0.0483795,-0.161484,-0.573509
39.38,0.928692,-0.0229876,0.011627,-0.369957,0.00702374,0.00610716,0.000201777,0.0449658,0.744376,0.0168392,-0.150558,0.00867083,0.0163573,27.6929,-0.0652874,-0.144345,-0.48456
39.4,0.928693,-0.0229577,0.0116164,-0.369955,-0.00348745,-0.00291626,0.00340313,0.0451903,0.74451,0.017396,-0.150087,0.00931552,0.0122738,26.8709,-0.0700008,-0.189288,-0.35853
39.42,0.928701,-0.0229694,0.0115637,-0.369936,-0.00772061,-0.00472175,0.00175192,0.0456797,0.744921,0.0189344,-0.148718,0.00943561,0.0165682,26.8381,-0.0181579,-0.151707,-0.532222
39.44,0.928703,-0.0229829,0.0115777,-0.36993,-0.0135492,-0.00197013,-0.000305186,0.0458627,0.745195,0.0198816,-0.147962,0.0096619,0.0171085,30.5728,-0.0434452,-0.09909,-0.479154
39.46,0.928703,-0.0229152,0.0115431,-0.369937,0.0140988,0.0063756,-0.00257324,0.0459236,0.745602,0.0211934,-0.14827,0.00987027,0.015689,29.9563,-0.0411162,-0.142018,-0.414781
39.48,0.928701,-0.0229738,0.0115472,-0.369938,-0.0234213,-0.00336263,-0.00362266,0.0458915,0.74574,0.0215899,-0.147259,0.0100594,0.0177633,27.843,-0.038969,-0.0298882,-0.660644
39.5,0.928704,-0.0229407,0.0115212,-0.369933,0.0117549,0.00373706,9.61606e-05,0.0465003,0.746202,0.0228891,-0.14627,0.0101483,0.0198301,26.73,-0.0454492,-0.200878,-0.753556
39.52,0.928711,-0.0229213,0.011504,-0.369918,-0.00967122,-0.00688336,0.00281417,0.0467142,0.746349,0.0232835,-0.145357,0.0107017,0.0149801,27.3096,0.0150542,-0.187,-0.517248
39.54,0.928709,-0.0229054,0.0114924,-0.369924,0.00278201,0.000681699,-0.00102348,0.0472955,0.746947,0.0247263,-0.144316,0.0113642,0.0166191,33.4136,-0.0289543,-0.117996,-0.643684
39.56,0.928707,-0.0229427,0.0114789,-0.369927,-0.00576913,-0.0029006,-0.00547236,0.0473708,0.7471,0.0250487,-0.143458,0.0111396,0.0201829,25.4519,0.0440398,-0.143261,-0.703213
39.58,0.928704,-0.0229409,0.0114625,-0.369935,-0.00956507,-0.00751518,-0.00147806,0.0474327,0.747401,0.0256759,-0.143416,0.0115774,0.020555,30.3225,-0.00823008,-0.150005,-0.580603
39.6,0.928701,-0.0229202,0.0114803,-0.369942,-0.00145055,0.0111997,0.00450549,0.0482529,0.74788,0.0267125,-0.142466,0.0116619,0.0226298,28.7332,-0.0373525,-0.110683,-0.39048
39.62,0.928703,-0.0229181,0.0114436,-0.369939,0.0068952,0.00324998,0.00588218,0.0487884,0.74819,0.0273383,-0.141448,0.0119353,0.023009,28.8249,-0.0168906,-0.13933,-0.509287
39.64,0.928706,-0.0229024,0.0114352,-0.369931,-0.00997297,-0.00146321,0.00782767,0.0493595,0.748657,0.0281983,-0.139989,0.0130089,0.0188761,29.3544,0.00533781,-0.147544,-0.44776
39.66,0.928703,-0.0229307,0.0114343,-0.369937,-0.00124445,0.00266646,0.00520656,0.0494937,0.748816,0.0284614,-0.139876,0.0127668,0.0234258,28.5262,0.0391218,-0.11562,-0.735729
39.68,0.928699,-0.0228711,0.0114231,-0.369953,0.00869494,0.00918617,0.000837804,0.0500958,0.749292,0.029222,-0.138964,0.0135147,0.0191955,27.0693,-0.103607,-0.0839005,-0.334498
39.7,0.928699,-0.0229355,0.0114055,-0.369948,-0.00830042,-0.00376746,-0.00627035,0.0504849,0.749453,0.0294618,-0.137846,0.0133541,0.0235445,29.4841,-0.0424335,-0.210999,-0.479698
39.72,0.9287,-0.0229001,0.0113719,-0.36995,-0.0137287,-0.00534123,-9.66637e-05,0.0515054,0.750115,0.0304043,-0.136022,0.0142472,0.0198458,29.4317,-0.00611748,-0.137174,-0.593843
39.74,0.928699,-0.0228736,0.0113716,-0.369953,0.00869735,0.0115961,0.00194117,0.0518829,0.750257,0.0306077,-0.136295,0.0136042,0.0242841,26.225,-0.0669651,-0.13662,-0.375785
39.76,0.928703,-0.0228579,0.0113074,-0.369946,-0.00917933,-0.00664246,0.00856609,0.0528321,0.750681,0.031156,-0.13438,0.0142447,0.0202603,27.5926,-0.0312185,-0.139547,-0.462935
39.78,0.928704,-0.0228517,0.011295,-0.369944,0.00513931,0.00353371,0.001554,0.0530903,0.750824,0.0313255,-0.134425,0.0138764,0.0248942,30.7937,-0.0191178,-0.137675,-0.487775
39.8,0.928706,-0.0228229,0.0112928,-0.369942,0.00923268,0.00998129,-0.00104298,0.0546923,0.751164,0.0320335,-0.131924,0.0148009,0.0209479,28.8211,0.0149121,-0.105137,-0.469981
39.82,0.928708,-0.0228749,0.0112562,-0.369934,-0.0224861,-0.00615545,0.000889744,0.0558097,0.751547,0.0326854,-0.129471,0.0154403,0.0216849,29.8477,-0.0237712,-0.154977,-0.613057
39.84,0.928704,-0.0228474,0.0112487,-0.369946,0.0161577,0.00343996,0.000855096,0.056188,0.751667,0.0328855,-0.129703,0.01471,0.0246999,28.7244,0.00270054,-0.0977042,-0.557507
39.86,0.928703,-0.0228353,0.0112189,-0.369951,-0.0101147,-0.00684556,-0.0033243,0.0571383,0.752037,0.0334184,-0.127767,0.0155844,0.0216684,29.082,-0.0520845,-0.142849,-0.535234
39.88,0.928707,-0.0228186,0.0111806,-0.369944,-0.0116191,-0.000171432,-0.000396709,0.0579546,0.752228,0.033885,-0.126358,0.0159933,0.0219582,28.4905,-0.0392843,-0.0952774,-0.502624
39.9,0.928701,-0.0228599,0.0111524,-0.369957,-0.00766682,-0.00344647,-0.00617953,0.0594321,0.752441,0.0347284,-0.124832,0.0157381,0.0268266,28.5977,-0.00755098,-0.101241,-0.535558
39.92,0.928703,-0.0227943,0.0111467,-0.369956,0.00837773,0.00634256,0.0033533,0.0597977,0.752518,0.0350252,-0.124232,0.0156045,0.0248038,30.0002,-0.0449623,-0.141771,-0.484148
39.94,0.928708,-0.022816,0.0111007,-0.369943,-0.0074752,-0.00688665,0.004327,0.0610429,0.752725,0.0358058,-0.121986,0.0152738,0.0288589,25.9705,-0.0811947,-0.147745,-0.470909
39.96,0.928708,-0.0227645,0.0110936,-0.369946,0.0171241,0.00386004,0.00207882,0.0614779,0.752783,0.036058,-0.122578,0.0153905,0.0262367,30.0435,0.0217345,-0.0923096,-0.441065
39.98,0.928699,-0.0228013,0.011066,-0.369967,-0.0154603,-0.00945841,-0.00403163,0.0627126,0.752935,0.0368821,-0.120095,0.0156993,0.0253015,29.3135,-0.0973762,-0.120538,-0.590361
40,0.928706,-0.0227784,0.0110229,-0.369954,-0.00909884,-0.00790653,0.00388391,0.0638792,0.752945,0.0375236,-0.118738,0.0155452,0.0255469,28.4165,-0.0284238,-0.120148,-0.554664
40.02,0.928703,-0.0227842,0.0110101,-0.369961,-0.000406571,-0.00387094,-0.00190126,0.0649215,0.752967,0.0381335,-0.117363,0.0154969,0.0258287,28.025,-0.0129389,-0.123056,-0.483677
40.04,0.928699,-0.0228403,0.0109953,-0.369966,-0.0150149,-0.000947164,-0.000832848,0.0662728,0.753016,0.0389876,-0.114942,0.014902,0.0309072,30.4053,0.0228156,-0.0913469,-0.69876
40.06,0.928698,-0.022827,0.0109457,-0.369971,-0.0181602,-0.00655295,-0.00541669,0.0670265,0.753062,0.0395261,-0.113855,0.0152325,0.030743,29.3716,-0.0712266,-0.12866,-0.459882
40.08,0.928705,-0.0227866,0.0109373,-0.369958,0.00918446,0.00990742,0.00276472,0.0680492,0.753096,0.0404675,-0.112823,0.0147353,0.0315506,28.3102,0.0122301,-0.148866,-0.592618
40.1,0.928707,-0.0228052,0.0109126,-0.369951,-0.013509,-0.00896537,0.000449507,0.068568,0.753057,0.0408209,-0.111106,0.0153656,0.0274862,27.1388,-0.0108138,-0.0806244,-0.618463
40.12,0.928706,-0.0227978,0.0108706,-0.369955,0.00219897,0.00273582,0.00309983,0.0699607,0.752966,0.0418553,-0.109957,0.0148783,0.0330573,28.9002,-0.0652508,-0.133904,-0.534202
40.14,0.928708,-0.0227571,0.0108756,-0.369954,0.00191653,0.00221359,0.00322959,0.0703662,0.752942,0.0421866,-0.109043,0.0154994,0.0287691,29.113,-0.000823693,-0.0635497,-0.644329
40.16,0.928704,-0.0227261,0.0108308,-0.369967,0.00816957,0.00487535,0.00207454,0.0720671,0.752835,0.0433967,-0.107098,0.0150383,0.029564,31.4905,-0.0316597,-0.124175,-0.525314
40.18,0.928698,-0.0227769,0.0108204,-0.369979,-0.0110337,0.000328161,-0.0108252,0.0724512,0.752813,0.0436728,-0.106129,0.0143747,0.0332592,29.4604,-0.045582,-0.107703,-0.568668
40.2,0.9287,-0.022733,0.0108118,-0.369977,0.00868562,0.0147037,2.5897e-05,0.0740595,0.752599,0.0447087,-0.104827,0.013824,0.0345293,28.3093,-0.00721249,-0.108745,-0.476116
40.22,0.9287,-0.0227723,0.0107842,-0.369974,-0.0178905,-0.00868869,0.000706596,0.0745867,0.752528,0.0450157,-0.102952,0.0144671,0.0301556,27.1196,-0.0726739,-0.0746817,-0.553311
40.24,0.928693,-0.0227657,0.0107844,-0.369992,0.00563212,0.0031953,-0.00249596,0.076018,0.752336,0.0459163,-0.101247,0.0136456,0.0352678,29.2434,-0.0259399,-0.0846113,-0.50936
40.26,0.928693,-0.0227431,0.0107583,-0.369994,0.00712713,-0.00115418,-0.00213701,0.0772105,0.752175,0.0467566,-0.0994034,0.0140973,0.030456,27.1554,-0.0788378,-0.0846321,-0.425577
40.28,0.928692,-0.0227808,0.0107404,-0.369995,-0.00482562,-0.00338779,-0.00277079,0.0775576,0.752131,0.0470205,-0.0989009,0.0135795,0.0351381,27.7134,-0.032474,-0.147664,-0.56067
40.3,0.928693,-0.0227251,0.0107217,-0.369998,0.00965646,0.00591621,0.000405651,0.0790971,0.751861,0.0481263,-0.0968953,0.0127362,0.0345521,28.449,-0.0237112,-0.0737495,-0.631167
40.32,0.928696,-0.0227156,0.0106956,-0.36999,0.0150885,0.00603263,0.00428083,0.0800824,0.751685,0.0487967,-0.0956,0.0125616,0.0354476,31.8031,-0.0542948,-0.0974338,-0.529777
40.34,0.928687,-0.0227401,0.0106712,-0.370013,-0.00645579,-0.00137279,-0.00247502,0.0813575,0.751453,0.049755,-0.0932069,0.0130574,0.0323557,29.1392,-0.072549,-0.103305,-0.510209
40.36,0.928688,-0.0227568,0.0106736,-0.37001,0.00266393,0.00826807,0.000214527,0.0818304,0.751371,0.0500507,-0.0939737,0.0124383,0.0364391,29.4576,0.00699301,-0.0990738,-0.574409
40.38,0.928687,-0.0227341,0.0106385,-0.370014,0.000370088,0.00178092,0.00630552,0.0833167,0.751091,0.0509881,-0.0918433,0.0128649,0.03207,28.366,-0.0457975,-0.0579997,-0.504578
40.4,0.928683,-0.0227802,0.0106198,-0.370021,-0.00764929,0.000252394,-0.00869813,0.0837826,0.75099,0.051405,-0.0912062,0.0125411,0.034696,28.162,-0.0366162,-0.0977656,-0.395457
40.42,0.92868,-0.0227054,0.0105736,-0.370035,0.0125694,0.00686001,0.00569272,0.0854008,0.750652,0.0524787,-0.0903736,0.0121795,0.035603,30.4117,-0.0405009,-0.123157,-0.642601
40.44,0.928681,-0.0226906,0.0105434,-0.370034,0.0126405,0.00796655,0.000455276,0.086344,0.750454,0.0531564,-0.0895155,0.0120431,0.036629,26.1172,-0.0341666,-0.0779747,-0.546441
40.46,0.928674,-0.0226987,0.0105439,-0.370053,0.0118815,0.0117526,-0.00439371,0.0871735,0.750268,0.053809,-0.0888466,0.0114825,0.0369372,29.2069,-0.0415562,-0.0550677,-0.53666
40.48,0.928684,-0.0227065,0.0105188,-0.370026,-0.00373336,-0.00293683,0.00418216,0.0882249,0.750012,0.0547355,-0.0870313,0.011784,0.0333198,30.3986,-0.0795309,-0.0943357,-0.388089
40.5,0.928681,-0.0226861,0.0105035,-0.370037,0.000254738,0.000479357,0.00171985,0.0892837,0.749808,0.0555152,-0.0856533,0.0116624,0.0336189,27.0955,0.0182817,-0.117737,-0.603417
40.52,0.928676,-0.0227011,0.0104707,-0.370048,-0.00736551,-0.000100655,-0.00163894,0.0905517,0.749559,0.0566725,-0.0839723,0.0116865,0.0364902,27.7487,-0.0931147,-0.109171,-0.67129
40.54,0.928674,-0.0226529,0.0104754,-0.370056,0.00730971,0.0105103,0.000879868,0.0909616,0.749478,0.0570452,-0.0844259,0.0112,0.0371873,27.8413,-0.0368067,-0.0607101,-0.488738
40.56,0.928674,-0.0226792,0.0104312,-0.370056,-0.0095346,-0.00544122,0.000134226,0.092144,0.749258,0.0580563,-0.081862,0.0119551,0.0359422,29.338,-0.0858132,-0.0909477,-0.464309
40.58,0.928669,-0.022665,0.0104443,-0.370068,0.0129908,0.00864919,-0.00989759,0.0925448,0.749184,0.0583813,-0.0825008,0.0110491,0.0386606,31.6203,-0.0585531,-0.117881,-0.386967
40.6,0.928667,-0.0226809,0.0104155,-0.370073,0.00353076,0.00528511,-0.00549856,0.0947429,0.748892,0.0598749,-0.0801983,0.0108914,0.0397759,27.418,-0.0507644,-0.101107,-0.49488
40.62,0.928666,-0.0226585,0.0104101,-0.370078,-0.000398527,0.00323772,0.00122374,0.0951007,0.748845,0.0602825,-0.0794445,0.0113535,0.0366184,31.8352,-0.037395,-0.0518428,-0.583218
40.64,0.928664,-0.0227119,0.0103943,-0.37008,-0.0115143,-0.00424035,-0.00361404,0.0964077,0.748682,0.0613001,-0.0765655,0.0115463,0.0376525,28.6611,-0.0755251,-0.108864,-0.633594
40.66,0.928664,-0.0226505,0.0103929,-0.370084,0.00805003,0.00791528,0.000341054,0.0967976,0.748633,0.0616415,-0.0766922,0.0109318,0.0374642,30.3654,-0.0554018,-0.122096,-0.545581
40.68,0.92866,-0.0226953,0.0103851,-0.370091,-0.0143168,0.00134531,-0.00497846,0.0978191,0.748507,0.0625995,-0.0751106,0.0114267,0.0376066,30.6068,-0.00281786,-0.086736,-0.498983
40.7,0.92866,-0.022695,0.0103632,-0.370092,0.0101452,0.00661141,-0.00626647,0.0991231,0.748389,0.0636302,-0.0751974,0.0101796,0.0402996,27.9825,-0.016844,-0.0964772,-0.416157
40.72,0.92866,-0.0226891,0.010359,-0.370092,-0.0132272,-0.00454696,-0.00173609,0.0995854,0.748354,0.0639674,-0.0736963,0.0112968,0.0371219,28.2364,-0.0765076,-0.0260974,-0.468228
40.74,0.928666,-0.022721,0.0103386,-0.370076,0.00464109,0.000310744,0.0095258,0.100727,0.748283,0.0650393,-0.0722327,0.01111,0.0401935,29.4166,-0.0836498,-0.0967801,-0.467464
40.76,0.928657,-0.0227276,0.0103408,-0.370097,-0.0085161,0.00337013,-0.006928,0.101444,0.748242,0.0656851,-0.0714756,0.0110293,0.040113,29.9227,-0.0376679,-0.0834757,-0.583312
40.78,0.928662,-0.0226693,0.0103208,-0.370091,0.0133018,0.0110697,-0.000852326,0.1028,0.748176,0.0665902,-0.0714666,0.01053,0.0397198,30.1304,-0.0210445,-0.113958,-0.710569
40.8,0.928663,-0.0227122,0.0102953,-0.370084,-0.0120046,-0.00803053,-0.000374022,0.103363,0.748169,0.0668801,-0.0699227,0.010866,0.0393975,30.5769,-0.0132122,-0.118607,-0.603089
40.82,0.928659,-0.0227106,0.0102931,-0.370095,0.00572721,0.00927166,0.00141041,0.104897,0.748157,0.0677656,-0.0693925,0.0105779,0.0409615,28.4298,-0.0785286,-0.0407133,-0.589539
40.84,0.92866,-0.0226888,0.0102768,-0.370095,-0.00503685,-0.000661818,-0.00260864,0.105358,0.748162,0.0680403,-0.0680636,0.0112944,0.0383841,30.0867,-0.0459449,-0.0426715,-0.384032
40.86,0.92866,-0.0226867,0.0102618,-0.370095,0.00322568,0.00425971,0.00395736,0.106498,0.748203,0.0689212,-0.0667938,0.0104809,0.0414148,27.4859,-0.0252938,-0.0739105,-0.57279
40.88,0.928661,-0.0226576,0.010249,-0.370096,0.0124493,0.000662511,0.00602414,0.107769,0.748216,0.0697089,-0.0664997,0.0105267,0.0389923,30.3814,-0.0562936,-0.109035,-0.446449
40.9,0.928652,-0.0227029,0.010225,-0.370116,-0.00567974,-0.00225232,-0.00857572,0.108307,0.74821,0.0699419,-0.0651224,0.0108336,0.0405702,30.1661,-0.0685038,-0.0580097,-0.582421
40.92,0.928644,-0.0226183,0.0101958,-0.370143,0.0168636,0.00653537,0.00119778,0.109767,0.748213,0.0706612,-0.0645849,0.0107803,0.0397842,28.5969,-0.0121891,-0.106296,-0.412857
40.94,0.928638,-0.0226039,0.0101647,-0.370159,0.0193831,0.00443038,-0.00382646,0.110627,0.748229,0.0711211,-0.0633906,0.0104375,0.0406326,28.0846,-0.106908,-0.0462112,-0.497552
40.96,0.928637,-0.0225752,0.0101345,-0.370163,0.00218197,-0.00704959,-0.00127433,0.111656,0.748289,0.0718407,-0.0623923,0.0114802,0.0380767,30.9117,-0.0202807,-0.0654168,-0.617595
40.98,0.928636,-0.0225954,0.0101365,-0.370165,-0.000102227,0.00110849,-0.00442021,0.112055,0.748302,0.0720299,-0.0612593,0.0112393,0.0415543,26.6721,-0.0746092,-0.0462626,-0.404229
41,0.928633,-0.0225901,0.0101201,-0.370173,-0.0058316,0.0062744,-0.000966855,0.112988,0.748309,0.0724345,-0.0604162,0.0113094,0.0411088,27.9946,-0.100986,-0.0635898,-0.736332
41.02,0.928635,-0.0226155,0.0101022,-0.370168,-0.0156865,-0.0012105,-0.0027755,0.114036,0.748305,0.0728506,-0.0589946,0.0115666,0.0411768,28.8568,-0.0145709,-0.135309,-0.758563
41.04,0.928632,-0.0226194,0.0100976,-0.370174,-0.0211654,-0.00358743,0.0034387,0.115868,0.748335,0.0736667,-0.0566887,0.0118601,0.0398356,30.4956,-0.106032,-0.0821718,-0.407261
41.06,0.928632,-0.0225763,0.0100903,-0.370177,0.0182623,0.0125622,0.00164876,0.116187,0.748366,0.0739431,-0.0570306,0.011465,0.0421951,29.5754,-0.0940158,-0.0520058,-0.388987
41.08,0.928628,-0.0225802,0.0100747,-0.370188,0.00534919,0.00471532,-3.16416e-05,0.116904,0.748413,0.0743523,-0.0557259,0.0116003,0.042603,32.5749,-0.0373983,-0.088773,-0.45086
41.1,0.928628,-0.0225817,0.0100382,-0.370188,0.000498446,-0.00674506,0.00492302,0.117753,0.748458,0.0747508,-0.0550776,0.0114842,0.042262,27.5316,-0.0846829,-0.0813771,-0.536296
41.12,0.928629,-0.0225328,0.0100228,-0.370189,0.00571695,0.00418586,0.00896301,0.119152,0.748535,0.0753394,-0.0543027,0.0113646,0.0406267,28.7233,-0.0288132,-0.0535567,-0.451827
41.14,0.928623,-0.0225889,0.0100036,-0.370201,-0.014373,0.000744491,-0.00593924,0.12037,0.74865,0.0759015,-0.0519117,0.0127067,0.0408285,28.0314,-0.0647258,-0.059142,-0.408955
41.16,0.92862,-0.0225362,0.00999571,-0.370213,0.0150682,0.0102499,-0.000671563,0.120733,0.748694,0.0760998,-0.0525594,0.0121078,0.0415603,31.1509,-0.08907,-0.0561513,-0.394062
41.18,0.92862,-0.0225458,0.00995193,-0.370213,-0.0177503,-0.0117939,-0.00128529,0.121755,0.748829,0.0766243,-0.0510142,0.0131175,0.0395849,29.3575,-0.0405241,-0.0310881,-0.447589
41.2,0.928623,-0.0225186,0.00995283,-0.370208,-0.00324614,-0.00191028,-0.00611561,0.122673,0.748905,0.076988,-0.0506681,0.0128108,0.0385734,26.8612,-0.0604201,-0.0989375,-0.491001
41.22,0.928618,-0.0225544,0.00993461,-0.370219,-0.0079524,-0.00474425,-0.00565691,0.124018,0.749009,0.0774255,-0.0479255,0.0128223,0.0413978,31.6951,-0.0892575,-0.0805713,-0.349071
41.24,0.928619,-0.022503,0.00993785,-0.370217,0.00483609,0.00257641,-0.0047333,0.12443,0.749048,0.0775848,-0.0482224,0.0129104,0.039459,27.3317,-0.0447107,-0.0670385,-0.378192
41.26,0.928617,-0.0225739,0.00992122,-0.370218,-0.0161524,-0.00175821,0.00116856,0.12557,0.74919,0.0780206,-0.0451138,0.0134939,0.0406337,27.457,-0.0947321,-0.0423298,-0.463523
41.28,0.928613,-0.0225534,0.00993381,-0.370231,0.0106223,0.00964144,-0.00580322,0.125914,0.749241,0.0781807,-0.0458735,0.013028,0.0404205,28.458,-0.016958,-0.114721,-0.660343
41.3,0.928615,-0.0225983,0.00990023,-0.370223,-0.0149147,-0.0123983,0.00021083,0.127251,0.749391,0.0786307,-0.0440286,0.0139278,0.040056,28.7779,-0.0395047,-0.0782439,-0.44261
41.32,0.928609,-0.0226013,0.00988859,-0.370238,0.00513099,0.0028577,-0.0114798,0.12834,0.749584,0.0791571,-0.0427867,0.0135588,0.0424854,31.0923,-0.0883485,-0.0632614,-0.594749
41.34,0.928618,-0.022583,0.00988176,-0.370217,0.000278995,-0.00423726,0.00585704,0.128689,0.749644,0.0793191,-0.0427204,0.0137782,0.0387627,30.6164,-0.0217694,-0.017634,-0.282546
41.36,0.928611,-0.0226188,0.00985782,-0.370233,-0.00930538,-0.00135959,0.00040277,0.129645,0.749847,0.0797747,-0.0404288,0.0143237,0.0413347,30.2762,-0.0523802,-0.0965436,-0.401361
41.38,0.928614,-0.0226411,0.00986997,-0.370225,-0.0165008,0.00164304,0.00585001,0.130202,0.749995,0.0800782,-0.0400813,0.0143597,0.0410268,28.5019,-0.0415394,-0.0576531,-0.458308
41.4,0.928613,-0.0225893,0.00985542,-0.37023,0.0157611,0.0129231,0.00252488,0.131313,0.750125,0.0804972,-0.0399734,0.0140062,0.0400919,28.1538,-0.0847048,-0.0557404,-0.570098
41.42,0.92861,-0.0226128,0.00983801,-0.370236,-0.0124277,-0.0065828,-0.00345386,0.131693,0.750166,0.0806252,-0.0385322,0.0140622,0.0402073,30.4419,-0.1052,-0.115895,-0.390099
41.44,0.928608,-0.0225946,0.00981325,-0.370244,0.0109012,0.00888161,0.00332545,0.132666,0.750321,0.0810967,-0.0377763,0.0138016,0.0420423,29.598,-0.0451226,-0.000817833,-0.385762
41.46,0.928612,-0.0225706,0.00980592,-0.370236,-0.00430418,-0.00283605,0.00509439,0.132973,0.750368,0.0812402,-0.0376484,0.0141975,0.0378637,28.4034,-0.0762933,-0.00806144,-0.578601
41.48,0.928595,-0.0226435,0.00980225,-0.370273,-0.00494436,-0.00468493,-0.00399074,0.133806,0.750528,0.0816415,-0.0364942,0.0140497,0.0412969,29.1067,-0.0723684,-0.0726868,-0.622477
41.5,0.928603,-0.0226505,0.00979488,-0.370253,-0.0128203,-0.00989383,0.00115662,0.134489,0.750622,0.0818439,-0.0359773,0.0141764,0.0401206,30.482,-0.0142225,-0.0774683,-0.5584
41.52,0.928604,-0.0225841,0.009789,-0.370256,0.0134902,0.00586996,0.00179407,0.135379,0.750777,0.0821627,-0.0367594,0.0141323,0.0382906,30.3854,-0.0993708,-0.0494515,-0.50563
41.54,0.928604,-0.0226182,0.00979436,-0.370254,-0.0172648,-0.00218183,-0.000251265,0.135587,0.750859,0.082302,-0.0355365,0.014719,0.0363766,31.6098,-0.0540967,-0.0531713,-0.500666
41.56,0.928592,-0.0226142,0.00979224,-0.370283,0.00304915,0.00881301,-0.0070109,0.136295,0.751049,0.0826176,-0.0343878,0.0144973,0.0406894,28.2157,-0.0441934,-0.0505635,-0.331344
41.58,0.928592,-0.0225665,0.0097599,-0.370286,0.00336771,-0.00248325,0.00126222,0.137063,0.751156,0.0829096,-0.0342808,0.0148828,0.0365158,27.2461,-0.0575548,-0.0849741,-0.581693
41.6,0.928591,-0.0226127,0.00973366,-0.370286,-0.00373407,-0.0059452,0.000333348,0.13736,0.751168,0.0829683,-0.0331996,0.0145169,0.0398497,25.6745,-0.111926,-0.0590791,-0.524849
41.62,0.928585,-0.0225536,0.009729,-0.370305,0.0116083,0.00615861,0.000276172,0.13815,0.751216,0.0831811,-0.0329536,0.0145663,0.0365086,30.8297,-0.044899,-0.0563629,-0.480198
41.64,0.928588,-0.0225737,0.00972604,-0.370297,0.00536994,0.00793605,-0.000527542,0.138562,0.751284,0.0833892,-0.0321525,0.0141317,0.0401329,28.572,-0.051302,-0.0116351,-0.672212
41.66,0.928587,-0.0226056,0.00972192,-0.370299,-0.0132431,-0.00642539,0.00430748,0.139144,0.751374,0.0836042,-0.0309916,0.0147819,0.0347871,30.8774,-0.0893978,-0.0117527,-0.401912
41.68,0.928582,-0.0226141,0.00974063,-0.37031,0.00536996,0.00923616,-0.00492234,0.139314,0.75141,0.083679,-0.0310602,0.0141692,0.0396046,29.4395,-0.0398085,-0.0313066,-0.555707
41.7,0.928586,-0.0225913,0.00973875,-0.370301,0.0063343,0.00477449,-0.00129439,0.139983,0.751368,0.0837204,-0.0305984,0.0148958,0.0345602,29.6518,-0.095391,-0.0616949,-0.235562
41.72,0.928582,-0.022626,0.00971375,-0.37031,0.00426922,-0.00335117,0.00104709,0.140178,0.751361,0.0837347,-0.0302562,0.0140875,0.0386642,27.898,-0.0868976,-0.0567039,-0.502716
41.74,0.928581,-0.0225633,0.009712,-0.370316,0.0183846,0.00918506,0.0048725,0.140674,0.75135,0.0838069,-0.0299683,0.014403,0.0343477,28.6542,-0.13197,-0.0175093,-0.379242
41.76,0.928578,-0.0225765,0.00969201,-0.370323,0.0127777,0.00725072,1.96377e-05,0.140903,0.751385,0.0839276,-0.0299398,0.0142616,0.0385248,29.99,-0.0297606,-0.0742669,-0.551412
41.78,0.928571,-0.0225575,0.00967092,-0.370343,0.0205254,0.00676775,-0.00228003,0.141119,0.751413,0.0839955,-0.0296364,0.0142274,0.0377066,30.971,-0.0223634,-0.0642072,-0.651296
41.8,0.928576,-0.0225613,0.00966446,-0.37033,-0.00777222,-0.00707653,0.00625979,0.141699,0.7513,0.083823,-0.0293286,0.0148038,0.0330549,27.7967,-0.0371543,-0.0987949,-0.580626
41.82,0.928574,-0.0225571,0.00965295,-0.370336,-0.000745594,-0.00660879,-0.00316364,0.142059,0.751222,0.0837028,-0.029121,0.0144805,0.0325371,29.7836,-0.100149,-0.0502062,-0.521535
41.84,0.92857,-0.0225878,0.00963232,-0.370345,-0.00718219,-0.00270775,-0.00476233,0.142506,0.751132,0.083544,-0.0282972,0.0139149,0.0367069,30.6203,-0.0626249,-0.0636648,-0.453902
41.86,0.928575,-0.0225327,0.00963465,-0.370335,0.0144843,0.00694532,0.00259937,0.142628,0.751109,0.0835087,-0.0284987,0.0144979,0.0325331,28.9436,-0.119095,-0.0426571,-0.476737
41.88,0.928578,-0.0225603,0.00961247,-0.370326,-0.015327,-0.00917506,-0.000601772,0.142891,0.751097,0.0834332,-0.0272444,0.0148775,0.0318792,27.4151,-0.0728811,-0.0748474,-0.311192
41.9,0.928577,-0.022529,0.00961149,-0.37033,0.0182021,0.00781296,-0.00472663,0.143071,0.751033,0.0833042,-0.0281405,0.0140799,0.0362225,28.8572,-0.0736312,-0.0252018,-0.319938
41.92,0.928579,-0.0225694,0.00962144,-0.370323,0.00418485,0.00932399,-0.000643595,0.143662,0.750828,0.0828179,-0.0270578,0.0142477,0.0357591,27.0846,-0.0764629,-0.0233783,-0.439437
41.94,0.928575,-0.022529,0.00961527,-0.370336,-0.00182049,-0.00112957,-0.00311562,0.14378,0.750788,0.0827077,-0.0260725,0.0150885,0.0305683,31.9099,-0.0717967,-0.0365493,-0.526561
41.96,0.928572,-0.0225726,0.00960589,-0.370341,-0.0106623,-0.00326332,-0.00154282,0.144051,0.750718,0.0824519,-0.0246373,0.0151014,0.0314121,30.0444,-0.103138,-0.0809666,-0.278846
41.98,0.928572,-0.022511,0.00961432,-0.370345,0.013906,0.00584199,-0.00291198,0.144135,0.750697,0.0823702,-0.0253207,0.0146823,0.0331317,28.7344,-0.0814347,-0.0115058,-0.360645
42,0.92857,-0.0225677,0.00962037,-0.370346,-0.0182023,-0.00814126,-0.00285395,0.144656,0.750494,0.0816566,-0.0236399,0.0148098,0.0298151,29.3977,-0.070243,-0.0678421,-0.565119
42.02,0.928573,-0.0225576,0.00962171,-0.370339,0.00955305,0.00484077,-0.00449576,0.14516,0.750293,0.080986,-0.0243751,0.0137588,0.0325381,27.943,-0.0690633,-0.00303406,-0.44396
42.04,0.928575,-0.0225717,0.00961402,-0.370334,-0.0140488,-0.00430368,-0.00341377,0.145304,0.750233,0.0807657,-0.0228583,0.0143065,0.027746,26.0994,-0.0694899,-0.0439365,-0.399503
42.06,0.928575,-0.0225717,0.009585,-0.370334,0.00694239,-0.00127817,-0.00515614,0.145691,0.750071,0.080165,-0.0227626,0.0134919,0.0320128,29.3923,-0.0585091,-0.0548139,-0.471571
42.08,0.928575,-0.0226062,0.0095786,-0.370332,-0.019798,-0.0060412,0.00193429,0.145972,0.749971,0.0796409,-0.0216248,0.013619,0.0289976,31.5476,-0.0673635,-0.0762999,-0.528851
42.1,0.928581,-0.0225251,0.00954872,-0.370323,0.0155968,0.00510228,0.00499916,0.146516,0.749768,0.0786225,-0.0222717,0.01329,0.0290144,27.0749,-0.0555365,-0.0171678,-0.399329
42.12,0.928579,-0.0225746,0.00956724,-0.370325,-0.0233669,-0.00058775,0.000668564,0.146672,0.74971,0.0782895,-0.0211903,0.0137192,0.0264833,29.1172,-0.106393,-0.0501808,-0.38451
42.14,0.928569,-0.0225729,0.00954685,-0.370349,0.00755173,0.00734712,-0.00291032,0.147082,0.749559,0.0773805,-0.0216969,0.0130779,0.0292218,28.8369,-0.0917962,-0.0226036,-0.597834
42.16,0.928567,-0.0225662,0.00953284,-0.370355,-0.00975298,-0.00762565,-0.00544986,0.147195,0.749518,0.0770861,-0.0205246,0.0139082,0.0249736,28.3569,-0.117806,0.00751899,-0.384627
42.18,0.928569,-0.0225595,0.00950053,-0.370351,0.00105961,-0.00415556,0.000394746,0.1476,0.749386,0.0761333,-0.0208333,0.0132878,0.0290884,30.7223,-0.0524663,-0.0606535,-0.534212
42.2,0.928574,-0.0225713,0.00949994,-0.370339,-0.00972169,0.0048614,0.00119364,0.147937,0.749294,0.0753684,-0.0197686,0.0139386,0.0262904,28.7634,-0.0850008,-0.00927613,-0.427772
42.22,0.928567,-0.0225527,0.00947636,-0.370359,-0.0037756,-0.00958734,-0.00858647,0.148286,0.749193,0.0746049,-0.0196304,0.0142966,0.0250941,26.5967,-0.0642994,-0.0162642,-0.205301
42.24,0.928561,-0.0224985,0.00947458,-0.370376,0.0131464,0.0122183,-0.000616216,0.148755,0.749071,0.0735237,-0.0203898,0.0137802,0.026457,27.4556,-0.117183,-0.0607609,-0.435097
42.26,0.92856,-0.0224804,0.0094488,-0.37038,0.015569,0.00624765,0.00220115,0.14902,0.749013,0.0728354,-0.0197623,0.014159,0.0264615,28.5127,-0.0600946,-0.0576636,-0.360856
42.28,0.928561,-0.0224858,0.00943429,-0.370377,-0.00884638,-0.00869029,0.00238396,0.149431,0.748925,0.0717349,-0.018881,0.0148934,0.0212294,31.3454,-0.0576948,-0.0218808,-0.452033
42.3,0.928559,-0.0225172,0.00944557,-0.370381,0.00127029,0.0080778,0.00199519,0.149606,0.748882,0.0712956,-0.0189327,0.0142312,0.0255214,28.9675,-0.0879817,-0.0301661,-0.521044
42.32,0.928562,-0.022456,0.00944337,-0.370378,0.00799656,0.00487541,-8.42478e-05,0.15007,0.748773,0.0700373,-0.0178714,0.014703,0.0198712,27.0666,-0.110522,-0.0181683,-0.377584
42.34,0.928558,-0.0225079,0.00942553,-0.370384,-0.00662124,-0.00667474,-0.00552374,0.150208,0.748747,0.0696322,-0.0175836,0.0141907,0.0238382,27.4801,-0.090673,-0.0427195,-0.372734
42.36,0.928565,-0.0224764,0.00944367,-0.370368,0.0122486,0.0102821,0.004262,0.150542,0.74871,0.0685355,-0.0172698,0.0143423,0.0230641,27.7156,-0.120199,-0.0244357,-0.430314
42.38,0.928566,-0.0225016,0.00945098,-0.370364,0.0121251,0.0069823,0.00197594,0.150743,0.748697,0.0678201,-0.0165377,0.0144187,0.0232278,31.6705,-0.0552017,-0.0145946,-0.318706
42.4,0.928555,-0.0225261,0.00944588,-0.370391,0.00824269,0.010463,-0.00530367,0.15111,0.748582,0.0668553,-0.015899,0.0141916,0.0222787,28.4958,-0.0874148,-0.0730032,-0.462563
42.42,0.928549,-0.0225324,0.00942203,-0.370405,0.00305397,0.00104427,-0.00679028,0.151436,0.748489,0.0659217,-0.0156244,0.0145639,0.0215045,31.0428,-0.110731,-0.0480218,-0.291197
42.44,0.928553,-0.0224725,0.00940376,-0.370399,0.0140882,0.00294061,-0.00245492,0.151913,0.74834,0.0645954,-0.0147197,0.0147435,0.015668,23.4753,-0.0428129,-0.0612061,-0.593378
42.46,0.92855,-0.0225227,0.00941012,-0.370403,-0.0196057,-0.0010321,0.00173819,0.152295,0.748251,0.0633755,-0.0134639,0.0149293,0.0166909,28.3752,-0.0638116,0.0093526,-0.330648
42.48,0.928551,-0.0224808,0.009408,-0.370404,0.0133115,0.00359002,0.0057771,0.152497,0.748159,0.0628908,-0.0142673,0.0140223,0.0194746,30.5085,-0.105186,-0.0545576,-0.543864
42.5,0.928548,-0.0225169,0.00939116,-0.370411,-0.00503948,-0.00975073,-0.00340583,0.153037,0.74791,0.061475,-0.0132663,0.0144645,0.0152296,30.5818,-0.0906021,0.00851468,-0.318991
42.52,0.928549,-0.0225003,0.00938553,-0.37041,-0.0166068,0.000776461,-0.00236052,0.153341,0.747766,0.0605917,-0.0131419,0.0139812,0.0148068,28.1584,-0.120556,-0.0549441,-0.385671
42.54,0.928552,-0.0225327,0.00936103,-0.370399,0.000502335,-0.00249887,0.0020906,0.153732,0.747577,0.0593498,-0.0134735,0.0132142,0.018693,29.5879,-0.0712734,-0.0758918,-0.437077
42.56,0.928553,-0.0224907,0.00936197,-0.370398,0.00215096,-0.00591344,0.00493536,0.153821,0.747541,0.0589839,-0.0134688,0.0131593,0.0161001,29.0218,-0.082996,-0.0396703,-0.470514
42.58,0.928555,-0.0225059,0.00937077,-0.370393,-0.00927965,-0.00226178,0.00104307,0.154264,0.747304,0.0576908,-0.0118845,0.0135307,0.0148003,27.0308,-0.0790698,0.00780353,-0.359437
42.6,0.928557,-0.0224676,0.00936873,-0.370392,0.0145516,0.00647613,-0.00133751,0.154419,0.747218,0.0572676,-0.0128817,0.0125481,0.0163814,28.8531,-0.0935712,-0.0470027,-0.374165
42.62,0.928556,-0.0224906,0.00934823,-0.370393,-0.00952005,-0.00203032,-0.0028012,0.15483,0.746995,0.0560152,-0.0114798,0.01355,0.0125179,27.6638,-0.10393,-0.0450955,-0.418088
42.64,0.928556,-0.0224994,0.00934086,-0.370393,0.00324804,0.00969496,-0.00459162,0.155219,0.74678,0.0548493,-0.012487,0.0128692,0.015727,28.3207,-0.050915,-0.075099,-0.534368
42.66,0.928561,-0.0224607,0.00932536,-0.370384,0.00322057,0.000653557,0.00504392,0.155327,0.746717,0.05447,-0.0113571,0.0134867,0.0108316,28.721,-0.0955809,-0.0132108,-0.385166
42.68,0.928547,-0.022524,0.00933717,-0.370413,-0.0110823,9.27539e-05,-0.00646724,0.155674,0.746538,0.0533582,-0.010757,0.0131623,0.0126986,27.0523,-0.114892,-0.0288649,-0.405755
42.7,0.928561,-0.0225379,0.00932322,-0.370379,-0.00896179,-0.00818356,0.00413548,0.155967,0.746371,0.0526011,-0.0106095,0.0127371,0.0122355,28.857,-0.0420388,0.0173474,-0.428663
42.72,0.928556,-0.02247,0.00931562,-0.370394,0.016078,0.0175825,0.00267881,0.15634,0.746157,0.0515418,-0.0115651,0.0123035,0.0126822,28.8634,-0.069817,-0.0850898,-0.251628
42.74,0.928559,-0.0225057,0.0092959,-0.370386,-0.0136773,-0.00914096,-0.00112701,0.156445,0.746096,0.0511931,-0.0103039,0.0126571,0.0104369,31.0741,-0.102692,-0.0198759,-0.392208
42.76,0.928552,-0.0225006,0.00929825,-0.370404,0.00655644,0.00661439,-0.00203072,0.156731,0.745927,0.0502194,-0.0102183,0.0117371,0.0127536,24.2839,-0.104752,-0.0340834,-0.221774
42.78,0.928553,-0.0224736,0.00931406,-0.370401,-0.00645032,0.000320034,0.00456043,0.156794,0.745897,0.049918,-0.0102258,0.0121643,0.00923866,30.6668,-0.0677032,-0.0681229,-0.535555
42.8,0.928557,-0.0224461,0.00929867,-0.370393,0.00834555,0.0055505,0.00609022,0.157329,0.74567,0.0485728,-0.00967971,0.0119357,0.00956031,26.4767,-0.100789,-0.00865065,-0.485005
42.82,0.928551,-0.0224974,0.00928443,-0.370406,-0.00607432,-0.00975813,-0.00867891,0.157443,0.745629,0.0482443,-0.00835637,0.0126003,0.0096891,27.6992,-0.100947,-0.0332736,-0.259063
42.84,0.928551,-0.0224748,0.00927755,-0.370409,-0.00834533,-0.00428539,-0.0011018,0.157668,0.745544,0.0476348,-0.00813141,0.0125351,0.00977022,30.3708,-0.0517981,-0.0251454,-0.428806
42.86,0.928547,-0.0224703,0.00926952,-0.370419,-0.012186,-0.0104601,-0.000757396,0.157878,0.745463,0.0470546,-0.00788195,0.0128333,0.0088041,26.3213,-0.0880304,-0.0488205,-0.356708
42.88,0.928542,-0.0224973,0.0092748,-0.370429,0.00107463,0.00957415,-0.00282791,0.158208,0.745354,0.0462352,-0.00816314,0.011789,0.0105483,28.5906,-0.06045,-0.0618369,-0.395548
42.9,0.928546,-0.0224825,0.0092685,-0.370419,0.00308284,0.0048073,0.00279388,0.158584,0.745262,0.0454782,-0.00794626,0.0122052,0.00685257,29.6899,-0.138219,-0.0375272,-0.488475
42.92,0.928539,-0.0225227,0.00924505,-0.370435,-0.00400964,0.00202711,-0.00479138,0.158701,0.745237,0.0452156,-0.00691294,0.0123085,0.00884605,25.8678,-0.117323,0.0185522,-0.117051
42.94,0.928536,-0.0224777,0.0092341,-0.370447,0.0163537,0.00518228,0.00191484,0.158997,0.745173,0.0445101,-0.00765907,0.0121339,0.00709513,29.2373,-0.113708,-0.033717,-0.42164
42.96,0.928535,-0.0224832,0.00924003,-0.370448,0.0148213,0.0112592,0.00625519,0.159163,0.745155,0.0440578,-0.00718941,0.0122444,0.00760512,30.5407,-0.0426656,-0.050683,-0.5119
42.98,0.92854,-0.022513,0.00920333,-0.370435,-0.0068073,-0.0147805,0.0102834,0.159452,0.745159,0.0433891,-0.00502569,0.0130766,0.00576067,28.4428,-0.100017,-0.0625228,-0.521037
43,0.928532,-0.0225065,0.0092067,-0.370455,0.010573,0.00563133,-0.00356717,0.159584,0.74519,0.0431684,-0.00499957,0.0123416,0.00867628,28.7309,-0.0892336,-0.00195513,-0.364966
43.02,0.928536,-0.0224789,0.00921659,-0.370446,0.00226222,0.00283918,0.0036761,0.159952,0.745231,0.0425343,-0.00534357,0.0123962,0.00535988,26.9925,-0.109211,-0.0228233,-0.430268
43.04,0.928538,-0.0225435,0.00920691,-0.370439,-0.0114141,-0.00236838,0.0023528,0.160063,0.745251,0.0423243,-0.00447684,0.0120525,0.00819562,29.0112,-0.0788858,0.0187449,-0.489126
43.06,0.928536,-0.0224682,0.00919035,-0.370449,0.0150947,0.000415358,0.00199572,0.160382,0.745271,0.0417617,-0.00505135,0.0116794,0.00546196,28.3709,-0.106023,-0.0207122,-0.263116
43.08,0.928537,-0.0225244,0.00916986,-0.370442,-0.0125977,-0.0100561,-0.000431928,0.160658,0.745322,0.0412161,-0.00321441,0.0127024,0.006154,28.6104,-0.0586503,-0.0763115,-0.48051
43.1,0.928536,-0.0224773,0.00916186,-0.370449,0.0210236,0.0104652,-0.000515265,0.160812,0.745349,0.0410596,-0.00389376,0.0122054,0.00630639,29.0051,-0.115309,0.00779348,-0.411222
43.12,0.928541,-0.0224884,0.00916736,-0.370436,-0.00399577,-0.00507138,0.00025751,0.161226,0.745466,0.0405739,-0.00360939,0.0126861,0.00363199,28.1664,-0.126612,-0.049,-0.25186
43.14,0.92854,-0.022504,0.00917164,-0.370436,-0.000368276,0.00262227,0.00154609,0.16147,0.745546,0.0402751,-0.00318156,0.0124726,0.00359747,25.5133,-0.073657,0.0109992,-0.251759
43.16,0.928535,-0.022553,0.00914549,-0.370446,-0.0117363,-0.00130652,-0.00135936,0.161795,0.745681,0.0398507,-0.00203383,0.0125141,0.00706921,28.3078,-0.0590892,-0.00106065,-0.302586
43.18,0.928539,-0.0225009,0.00914671,-0.370441,0.0166508,0.00639674,-0.00233346,0.161891,0.745731,0.0397306,-0.00280934,0.0125313,0.00467311,30.8211,-0.100164,0.0106909,-0.314656
43.2,0.92854,-0.0225575,0.00913022,-0.370434,-0.013249,-0.010075,-0.00375318,0.162293,0.745886,0.0394247,-0.00123651,0.0125159,0.00632543,23.834,-0.121319,-0.043959,-0.212553
43.22,0.928543,-0.0225339,0.00913289,-0.370428,0.0151476,0.00680231,0.000282413,0.162436,0.745939,0.0393523,-0.00218406,0.0125462,0.00488791,30.4329,-0.103852,0.0542246,-0.352892
43.24,0.928548,-0.0225256,0.0091255,-0.370415,-0.00922288,-0.0118237,0.00138999,0.162816,0.746147,0.0391191,-0.00167177,0.0136927,0.00305022,27.4201,-0.0529497,-0.0460721,-0.282712
43.26,0.928547,-0.0224927,0.00912298,-0.37042,0.00463604,0.00298958,-0.00491305,0.163061,0.746259,0.0389716,-0.00148658,0.0138209,0.00264367,25.766,-0.118897,-0.0513453,-0.353588
43.28,0.928551,-0.0224975,0.0091219,-0.37041,0.00565717,0.0023554,0.000898597,0.163283,0.746387,0.0388255,-0.0013568,0.0139416,0.00309185,29.7582,-0.133577,0.0160483,-0.359263
43.3,0.928543,-0.0224958,0.00913321,-0.37043,0.00729907,0.00346065,-0.00179891,0.163573,0.746503,0.0387064,-0.0012056,0.0139307,0.00385892,28.6094,-0.0443044,-0.018007,-0.400022
43.32,0.928545,-0.0225203,0.00910959,-0.370423,-0.0168947,-0.00466244,0.000844155,0.163962,0.746701,0.0385321,-0.000249561,0.0142619,0.0059175,30.59,-0.0569017,0.0122674,-0.377034
43.34,0.928547,-0.0224645,0.00913037,-0.370422,0.0036882,0.0131639,-0.00169832,0.164289,0.746944,0.0384045,-0.00109203,0.0140325,0.00750291,24.4697,-0.126212,-0.0146636,-0.339916
43.36,0.928549,-0.022481,0.00910702,-0.370416,-0.0104952,-0.0113006,0.00187934,0.164384,0.747022,0.0383574,-0.000376281,0.0147613,0.00231955,27.0566,-0.0933969,-0.0225768,-0.417014
43.38,0.928551,-0.0224946,0.00912124,-0.37041,-0.000225232,0.00892294,-0.00187582,0.164668,0.747243,0.038228,-0.000429071,0.014601,0.00728257,28.022,-0.117874,-0.040439,-0.363565
43.4,0.928555,-0.0225257,0.00912131,-0.370399,-0.0130572,-0.00473047,0.000442501,0.164856,0.747365,0.0381312,0.000530986,0.0147349,0.00433975,28.4837,-0.130044,-0.0169362,-0.439416
43.42,0.928553,-0.0224695,0.00912874,-0.370406,0.0131523,0.0109668,-0.000549282,0.165111,0.747549,0.0379902,-0.000284364,0.014271,0.00334101,29.2786,-0.0640426,-0.0196,-0.151763
43.44,0.928556,-0.0224766,0.00910916,-0.370399,0.0178957,0.00860909,-0.00266371,0.165257,0.747683,0.0378994,0.000219446,0.014271,0.00332822,26.9141,-0.149253,-0.0309868,-0.270778
43.46,0.928559,-0.022503,0.00910418,-0.37039,0.00861009,0.00529953,-9.76259e-05,0.165403,0.747792,0.0378065,0.000416029,0.0143112,0.00399012,30.1712,-0.0949332,-0.060398,-0.492714
43.48,0.928562,-0.0224909,0.00910491,-0.370384,-0.00174504,-0.00257894,-0.00355604,0.165467,0.747872,0.0377675,0.000889452,0.0150586,0.00104329,29.4654,-0.0672962,-0.0298429,-0.312378
43.5,0.928567,-0.022519,0.00909991,-0.37037,-0.00609911,0.0052762,0.00792743,0.165737,0.748003,0.0375638,0.00193801,0.0147933,0.00510021,28.3133,-0.113971,-0.0185803,-0.263643
43.52,0.928563,-0.0224881,0.00910722,-0.37038,0.00702417,0.00854475,0.00555986,0.166015,0.748128,0.0373521,0.00103965,0.0152372,0.00220979,26.2141,-0.0441309,-0.0426207,-0.144276
43.54,0.928561,-0.0225588,0.00909794,-0.370383,-0.0187657,-0.00554351,-6.24867e-05,0.166097,0.748179,0.0372728,0.00206933,0.0154871,0.00418747,28.0075,-0.0722001,0.0359146,-0.182434
43.56,0.92856,-0.022535,0.00909733,-0.370386,0.011475,0.00441986,-0.00334075,0.166301,0.748344,0.0370932,0.000739429,0.0150882,0.00294499,28.5563,-0.124081,-0.00584317,-0.271282
43.58,0.928555,-0.0225411,0.00909965,-0.370399,0.015805,0.00787738,-0.00435206,0.166455,0.748464,0.0369532,0.00151093,0.0149999,0.00526455,29.7167,-0.112992,-0.0237733,-0.158488
43.6,0.928563,-0.0225475,0.00910998,-0.370378,-0.00798163,-0.000993338,-0.0048227,0.166711,0.748596,0.0367016,0.0024106,0.015733,0.00105512,30.1098,-0.0908673,0.0362524,-0.17813
43.62,0.928555,-0.0225773,0.00910704,-0.370396,-0.000220049,0.00683709,-0.00150605,0.166792,0.748647,0.0366193,0.00250029,0.0152655,0.0050208,26.4686,-0.057887,-0.0080294,-0.176409
43.64,0.928558,-0.0225295,0.00909147,-0.370393,0.00130416,0.0028007,-0.00282128,0.166991,0.748811,0.0364011,0.00177534,0.0154829,0.00154659,27.3016,-0.119801,0.00546564,-0.38844
43.66,0.92856,-0.0225636,0.00907192,-0.370385,-0.00686498,-0.00179379,-0.00185788,0.167049,0.748871,0.0363219,0.0022829,0.0153104,0.00457484,27.9403,-0.115345,-0.056635,-0.335791
43.68,0.928563,-0.0225164,0.00907189,-0.370381,0.0149248,0.00810884,-0.00255606,0.167246,0.748971,0.0361259,0.00176338,0.0151177,0.00254638,25.6351,-0.0566739,-0.00998224,-0.269875
43.7,0.928573,-0.0225347,0.0090741,-0.370355,0.0123516,0.00953202,0.00583254,0.167418,0.749036,0.035974,0.00256202,0.0147914,0.00579215,26.3058,-0.0746849,0.00802718,-0.207155
43.72,0.928567,-0.0225372,0.00907311,-0.37037,0.012397,0.00503405,-0.00655296,0.167574,0.749085,0.0358461,0.00284509,0.0146089,0.005806,29.1837,-0.119927,0.0115985,-0.264725
43.74,0.928565,-0.02257,0.00908052,-0.370373,-0.00690567,0.00169615,-0.00324138,0.167715,0.74915,0.0357234,0.00325362,0.0150359,0.0054502,29.1359,-0.0843359,0.0113187,-0.382721
43.76,0.928567,-0.0225244,0.00906055,-0.370371,0.00891705,-0.000807114,0.00194433,0.167895,0.749268,0.0355572,0.00289321,0.0156525,0.000855123,28.1132,-0.0669899,0.0560102,-0.226401
43.78,0.928569,-0.0225921,0.00908117,-0.37036,-0.0156998,-0.00245615,0.00108208,0.168162,0.749345,0.0354293,0.00402785,0.0156592,0.00462085,28.5612,-0.0952198,-0.0190107,-0.326373
43.8,0.928567,-0.0225579,0.00907868,-0.370368,0.0170905,0.00771387,-0.00394573,0.168258,0.749363,0.0354098,0.00297227,0.0156107,0.00243011,29.1269,-0.121767,-0.0833998,-0.443145
43.82,0.928565,-0.0225727,0.00903806,-0.370372,-0.00855014,-0.00816287,0.00176899,0.168525,0.749462,0.0353253,0.00385019,0.0161547,0.00112905,27.0215,-0.076428,-0.00655195,-0.341152
43.84,0.928567,-0.0225509,0.00904744,-0.370368,-0.000115287,-0.00526512,0.0015509,0.168675,0.749534,0.0352782,0.00330687,0.0161349,0.00111838,27.8338,-0.115694,0.0178225,-0.285948
43.86,0.928563,-0.0225909,0.00902903,-0.370377,0.00600462,0.00231611,-0.00393179,0.168875,0.749648,0.0352037,0.0036783,0.0155552,0.005737,27.0719,-0.124738,0.0246441,-0.299096
43.88,0.928567,-0.0225357,0.00903124,-0.370369,0.00923825,0.00164559,0.00404472,0.168935,0.749678,0.0351831,0.00377586,0.016278,0.000975782,29.5573,-0.180922,-0.0602961,-0.403693
43.9,0.928565,-0.0225558,0.00899266,-0.370374,-0.00913513,-0.0125685,-1.05557e-05,0.169238,0.749643,0.0352793,0.00496846,0.0160572,0.00486292,27.9111,-0.0248104,-0.00914732,-0.216408
43.92,0.928564,-0.0225107,0.00900691,-0.370379,0.0171435,0.0116454,-0.0020176,0.169338,0.749663,0.0353347,0.00397771,0.0159466,0.0056493,26.1794,-0.0959902,0.0167317,-0.313851
43.94,0.928568,-0.0225217,0.00898525,-0.37037,-0.00751782,-0.007683,0.00465293,0.169581,0.749678,0.0354427,0.00456708,0.0166855,0.00168014,31.0892,-0.124136,-0.0654043,-0.337433
43.96,0.92857,-0.0225157,0.00896967,-0.370366,0.000599019,0.00574787,-0.000320285,0.169787,0.74973,0.035559,0.00374672,0.0158877,0.00676458,28.6952,-0.0776962,0.0335387,-0.292979
43.98,0.928577,-0.0224857,0.00895428,-0.37035,0.000105492,-0.00542475,-0.00116053,0.169844,0.749751,0.0355967,0.00433879,0.016527,0.00166423,27.2699,-0.115522,-0.000687007,-0.219947
44,0.928574,-0.0225454,0.00894637,-0.370353,-0.0135777,-0.00683732,-0.00331407,0.170087,0.749752,0.0358536,0.00494653,0.0159861,0.00675027,30.2937,-0.142048,-0.0137766,-0.391128
44.02,0.928572,-0.0225496,0.00893593,-0.370359,-0.016345,-0.00868855,0.00154442,0.170265,0.749766,0.0360684,0.00537471,0.0163533,0.00367734,27.2025,-0.119468,-0.0275786,-0.40068
44.04,0.928576,-0.0225243,0.00894971,-0.37035,0.00648107,0.00418062,0.00524007,0.17049,0.749783,0.0363898,0.00473235,0.0160088,0.00694813,30.2726,-0.105896,-0.0652056,-0.297715
44.06,0.928571,-0.0225425,0.00895865,-0.37036,-0.0135932,-0.00114163,-0.00327307,0.170559,0.749797,0.0364862,0.0057438,0.0165396,0.0027647,25.524,-0.0751525,0.0279018,-0.352745
44.08,0.928572,-0.0225436,0.00894463,-0.37036,0.00413824,0.0018745,0.000120305,0.170772,0.749787,0.0368668,0.00553312,0.0155938,0.0085058,30.8269,-0.0807436,0.0174144,-0.192267
44.1,0.928574,-0.0225123,0.00892271,-0.370356,0.00169382,-0.00976729,0.00453665,0.170844,0.749765,0.0370423,0.00603114,0.0162342,0.00329996,27.9614,-0.0879336,-0.0115943,-0.433315
44.12,0.928577,-0.0225864,0.00890829,-0.370345,-0.00616653,-0.00712777,0.00348528,0.171057,0.749723,0.0375521,0.00646286,0.0154643,0.00829547,25.3393,-0.141784,-0.0370098,-0.326645
44.14,0.928581,-0.0225435,0.00891403,-0.370338,0.00796541,0.00330507,0.00304307,0.171121,0.749714,0.0377179,0.00650338,0.0158671,0.00366511,32.3172,-0.0906262,-0.0888258,-0.319998
44.16,0.92858,-0.0226242,0.00889961,-0.370335,-0.0194314,-0.00582736,0.00257763,0.17131,0.74974,0.0381875,0.00677849,0.0160393,0.00494671,29.5914,-0.0822137,0.035335,-0.511775
44.18,0.928572,-0.0226218,0.00891962,-0.370355,0.00901196,0.00582804,-0.00423876,0.171461,0.749781,0.0386546,0.00592149,0.0155597,0.00887879,27.5138,-0.100158,-0.0881678,-0.574932
44.2,0.928575,-0.0226508,0.00893927,-0.370346,0.00487675,0.00510681,-0.000715952,0.171543,0.749769,0.0390949,0.00632672,0.0152951,0.00911414,25.6595,-0.10473,0.0106907,-0.453406
44.22,0.928576,-0.0226242,0.00893306,-0.370345,0.00184485,-0.00541784,-0.00296945,0.171655,0.74978,0.0397276,0.00724913,0.0160716,0.00455787,27.5692,-0.0552625,0.00869439,-0.47913
44.24,0.928575,-0.0226858,0.00891963,-0.370344,-0.00508729,-0.00642714,-0.00337886,0.171689,0.749791,0.0399358,0.00668682,0.0152579,0.00982829,27.759,-0.109179,-0.0657193,-0.505026
44.26,0.928581,-0.0226309,0.00893633,-0.370331,0.0091628,0.00752585,0.00100426,0.171776,0.749863,0.0405671,0.00621594,0.0154642,0.00878836,29.5514,-0.128295,0.0107577,-0.357844
44.28,0.928576,-0.0226906,0.00893615,-0.370339,-0.0176667,-0.00873506,0.000911706,0.171797,0.749886,0.040758,0.00724119,0.0157326,0.00710237,25.944,-0.157227,-0.0679174,-0.432282
44.3,0.928574,-0.0226611,0.00893855,-0.370347,0.0152066,0.00706525,-0.0021958,0.171871,0.749893,0.0415904,0.00680116,0.015344,0.0106424,26.0312,-0.0943071,-0.00334116,-0.335537
44.32,0.928573,-0.0226821,0.00890701,-0.37035,0.00943813,0.000384709,0.000611227,0.171915,0.749918,0.0421199,0.00724359,0.0153253,0.0114574,31.7883,-0.133086,-0.0646184,-0.360041
44.34,0.928576,-0.0226395,0.00890357,-0.370343,0.00531519,0.000501112,-0.00222006,0.171965,0.749974,0.0428907,0.00767637,0.0158741,0.00706076,27.7911,-0.126706,-0.0375899,-0.647902
44.36,0.928575,-0.0226741,0.00890913,-0.370344,-0.0034702,0.00191144,-0.000807756,0.171992,0.750027,0.0431515,0.00760553,0.0159137,0.00988419,25.1133,-0.0896796,-0.0385741,-0.41403
44.38,0.928577,-0.02266,0.00891044,-0.37034,0.004598,0.0029179,0.00310041,0.172017,0.750122,0.0439019,0.00643861,0.0151029,0.0107464,33.0629,-0.0826017,-0.038788,-0.445434
44.4,0.928578,-0.0226934,0.00890005,-0.370336,-0.0114068,-0.00787194,0.00543395,0.172021,0.750245,0.0446012,0.00740111,0.0157733,0.00897664,29.011,-0.0872332,0.046478,-0.21709
44.42,0.928579,-0.0226767,0.00892152,-0.370334,0.00647841,0.0110929,0.00270404,0.17204,0.750264,0.0449234,0.00683929,0.0151544,0.0124121,25.5732,-0.0696742,-0.0193329,-0.417297
44.44,0.928582,-0.0227124,0.00892793,-0.370323,0.00190853,0.00446139,0.00528356,0.172075,0.750317,0.0455374,0.00705053,0.0154354,0.0125572,29.16,-0.136158,-0.0162401,-0.39222
44.46,0.92858,-0.022699,0.00891902,-0.37033,0.00177135,-0.000199807,-0.0010295,0.172122,0.750455,0.046432,0.00687111,0.016288,0.0102982,29.208,-0.0872594,-0.000185759,-0.376894
44.48,0.928575,-0.0227515,0.00892135,-0.370341,-0.00664622,-7.48025e-05,-0.00233244,0.172175,0.750584,0.0474497,0.00764976,0.0169329,0.0116219,29.8592,-0.10723,-0.0267089,-0.381669
44.5,0.928574,-0.0226989,0.00891897,-0.370346,0.016261,0.00881986,-0.00164728,0.172195,0.750621,0.047819,0.0068252,0.0163938,0.0119751,25.8508,-0.0874128,0.0195812,-0.351136
44.52,0.928572,-0.0227475,0.00890003,-0.370347,-0.011247,-0.009071,-0.00210438,0.17225,0.750753,0.0488442,0.00779505,0.0170373,0.0110946,28.5993,-0.123292,-0.0112595,-0.388619
44.54,0.928568,-0.0226979,0.00891391,-0.370361,0.0219073,0.0118994,-0.00325153,0.172265,0.750801,0.0491871,0.00678549,0.0160468,0.0131306,29.1347,-0.0524083,0.0510926,-0.29768
44.56,0.928568,-0.0227067,0.00890902,-0.370359,-0.0122468,-0.00509862,0.00106571,0.1723,0.750972,0.0501607,0.0073835,0.017402,0.0101401,28.0394,-0.103294,-0.0723597,-0.349653
44.58,0.92856,-0.0227326,0.00890526,-0.37038,0.00273171,0.00224352,-0.00574854,0.172322,0.751149,0.0511305,0.0071964,0.0165352,0.0156672,29.2373,-0.109913,-0.00534108,-0.358089
44.6,0.928563,-0.0226646,0.00890833,-0.370375,0.0122233,0.00561481,0.00299605,0.172328,0.751191,0.0514743,0.00767437,0.0171127,0.0105417,28.2778,-0.160935,0.0296947,-0.206665
44.62,0.928555,-0.0227181,0.00890342,-0.370391,-0.0165861,-0.00874958,-0.000417857,0.172363,0.75137,0.0524958,0.00832249,0.0175948,0.012139,28.2302,-0.0809018,-0.0235513,-0.474082
44.64,0.928559,-0.0227036,0.00887233,-0.370383,-0.0099716,-0.0086693,-0.00492138,0.172371,0.751495,0.0531361,0.0078474,0.0178031,0.0121579,28.1264,-0.0996799,-0.0226985,-0.253675
44.66,0.928546,-0.0226978,0.0088837,-0.370416,0.00504099,0.00881437,-0.00539964,0.172363,0.751706,0.0540811,0.00649903,0.0168875,0.0166403,29.4752,-0.0765496,-0.00958911,-0.520678
44.68,0.928551,-0.0227142,0.00888683,-0.370403,-0.0140333,-0.00303808,0.00345384,0.172343,0.751712,0.0543672,0.00746315,0.0173297,0.0123221,28.1817,-0.137502,-0.026252,-0.425721
44.7,0.92855,-0.0227475,0.00886664,-0.370403,-0.0072006,-0.00147428,0.00173032,0.172289,0.751719,0.0551883,0.00688757,0.0166815,0.0168153,28.4178,-0.0393516,-0.0123602,-0.427804
44.72,0.928544,-0.022705,0.00889705,-0.37042,0.00287811,0.00500677,-0.00647392,0.172268,0.751724,0.0554492,0.00742067,0.0174153,0.0116584,28.3817,-0.131219,-0.00817391,-0.39967
44.74,0.92854,-0.0226847,0.00886716,-0.370433,0.0175889,-0.00030747,-0.000974322,0.172208,0.751825,0.0565016,0.00697854,0.0172316,0.0160306,30.1694,-0.0758377,-0.0568636,-0.304905
44.76,0.928546,-0.0227325,0.00886178,-0.370414,-0.0147258,-0.00743886,-0.00627647,0.172188,0.751856,0.0567386,0.00796792,0.0181408,0.0132772,26.8387,-0.0806328,0.0120661,-0.347239
44.78,0.928545,-0.0226953,0.0088813,-0.370418,0.0165138,0.0123771,-0.000193922,0.172115,0.751876,0.0573963,0.00684531,0.0172771,0.0172169,25.6301,-0.109794,-0.00423266,-0.253949
44.8,0.928545,-0.0227157,0.00887766,-0.370418,-0.007654,-0.00591805,-0.000252488,0.172084,0.751877,0.0575913,0.00813468,0.0181723,0.0128386,29.3963,-0.137582,-0.0611733,-0.326396
44.82,0.928546,-0.0227719,0.00888034,-0.370413,-0.00192654,0.00120523,-0.00145926,0.172007,0.751906,0.0581901,0.0075293,0.017765,0.0180386,30.422,-0.113572,-0.0176397,-0.417652
44.84,0.928552,-0.0227476,0.00890504,-0.370398,0.0068872,0.0015935,0.00784628,0.171942,0.752002,0.0588042,0.00724327,0.0173422,0.0161335,27.2573,-0.070443,0.0392362,-0.385131
44.86,0.928547,-0.0228111,0.00888884,-0.370406,-0.00784788,-0.0100694,-0.00587746,0.171916,0.752031,0.0589841,0.00842246,0.0180316,0.0150714,29.8188,-0.10539,-0.112719,-0.477378
44.88,0.928553,-0.0227531,0.00890902,-0.370394,0.0146852,0.00597944,0.00574133,0.17184,0.752071,0.059535,0.00721823,0.0169456,0.0166607,29.3478,-0.113199,0.0275688,-0.334464
44.9,0.928548,-0.0227805,0.00891905,-0.370406,0.0085691,0.00717306,0.000140827,0.171793,0.752019,0.0598508,0.00753801,0.0169446,0.0173682,27.285,-0.0843468,-0.0353559,-0.47371
44.92,0.928551,-0.0227875,0.00890419,-0.370398,-0.000941276,-0.00395291,-0.00324918,0.171724,0.751957,0.0602949,0.00845974,0.017888,0.0136113,27.3975,-0.107362,-0.0209244,-0.485483
44.94,0.928549,-0.0228256,0.0088953,-0.370401,0.00300499,-0.00530234,-0.000151533,0.171703,0.751946,0.060448,0.00764355,0.0168579,0.017955,27.545,-0.102277,0.00928032,-0.298893
44.96,0.928553,-0.022779,0.00889077,-0.370394,0.00977968,0.00480383,-0.00706877,0.171631,0.751959,0.0608978,0.00666723,0.0170604,0.0155758,29.6893,-0.0945162,-0.00778385,-0.49093
44.98,0.928551,-0.0228483,0.00888976,-0.370396,-0.0190116,-0.00339152,0.000527557,0.171599,0.751964,0.0610302,0.00747451,0.017371,0.0155291,26.0397,-0.154391,-0.0629505,-0.396981
45,0.928553,-0.0227946,0.00887633,-0.370393,0.0116989,0.00846544,-0.00172418,0.171449,0.751892,0.0613468,0.00631451,0.0168818,0.0169652,30.4448,-0.0333492,0.0211122,-0.321182
45.02,0.928553,-0.0228134,0.00889115,-0.370392,0.00770742,0.0116643,0.000174986,0.171344,0.751869,0.061555,0.00610152,0.0165708,0.0176162,28.2992,-0.0603818,-0.0906877,-0.554662
45.04,0.928553,-0.0228119,0.00888311,-0.370391,0.0115146,0.00926628,-0.00358992,0.17124,0.751864,0.0617612,0.00630106,0.0168291,0.0177468,31.3423,-0.108309,-0.00606569,-0.331723
45.06,0.928555,-0.0227849,0.00888666,-0.370388,0.00990994,-0.000328449,0.0027901,0.171088,0.75191,0.0620899,0.00568979,0.0170576,0.0150817,26.1879,-0.0669153,-0.0418313,-0.552195
45.08,0.928559,-0.0227887,0.00888966,-0.370378,0.00418326,0.00187848,0.00527307,0.170978,0.751944,0.0622942,0.00552047,0.0169555,0.0149795,29.012,-0.114183,-0.0600429,-0.437442
45.1,0.92856,-0.0228157,0.00887586,-0.370375,-0.00307431,-0.00316941,-0.00460143,0.170712,0.751773,0.0625151,0.00629027,0.0172918,0.0154038,28.5235,-0.0668062,-0.0197127,-0.410681
45.12,0.92856,-0.0227709,0.00888296,-0.370376,0.0197283,0.00680044,-0.00115783,0.170626,0.751712,0.0625979,0.00537453,0.0163811,0.0161901,28.9564,-0.0947631,-0.00235161,-0.419825
45.14,0.92856,-0.0228147,0.00889377,-0.370374,-0.00818142,-0.006711,0.000496007,0.170374,0.751566,0.0627934,0.00624463,0.0168899,0.0140159,28.121,-0.0956061,-0.0628569,-0.473446
45.16,0.928558,-0.0228043,0.00889695,-0.370379,0.017722,0.0104669,-0.000905494,0.170293,0.751524,0.062872,0.00530315,0.0161943,0.0164045,28.1728,-0.102175,-0.00198776,-0.470593
45.18,0.928563,-0.0228547,0.00888744,-0.370364,-0.00616515,0.003859,0.0033365,0.169984,0.751352,0.0631129,0.00616917,0.0161857,0.0167156,28.5859,-0.088832,-0.0337804,-0.577308
45.2,0.928565,-0.0228168,0.0088845,-0.370362,0.00661945,0.000564662,0.00361142,0.169899,0.751253,0.0631409,0.00548054,0.0157279,0.0146672,29.1268,-0.0971928,-0.0866892,-0.38518
45.22,0.928571,-0.0228445,0.00888497,-0.370344,0.0103584,0.00742616,0.00574597,0.169745,0.751074,0.0631836,0.00579781,0.0158347,0.0151377,27.3618,-0.123227,0.0184484,-0.376807
45.24,0.928565,-0.0228797,0.0088885,-0.370357,0.00620969,0.00475417,0.000563518,0.169598,0.750916,0.0632321,0.00605791,0.0150333,0.01587,28.4386,-0.080942,-0.0505772,-0.527833
45.26,0.928569,-0.0229003,0.00887747,-0.370346,-0.0154197,-0.00461567,0.00140037,0.169384,0.750706,0.0633125,0.00654095,0.0154038,0.0146131,28.3823,-0.1042,-0.0594399,-0.471454
45.28,0.928568,-0.0229155,0.00888275,-0.370348,0.00247969,0.00305583,-0.00452403,0.169165,0.750428,0.0632929,0.00591962,0.0140644,0.0168743,30.6203,-0.0933393,-0.0582817,-0.366165
45.3,0.928571,-0.0228978,0.00886985,-0.370342,-0.00405267,-0.00870089,0.00311966,0.169086,0.750312,0.0632692,0.0054566,0.0141752,0.0128806,28.9661,-0.124184,0.00681275,-0.544794
45.32,0.928568,-0.022994,0.00887984,-0.370343,-0.0146865,-0.00476523,0.00336831,0.168875,0.749974,0.0631724,0.00652941,0.0136709,0.0153142,26.6631,-0.0622065,-0.0402257,-0.491439
45.34,0.928569,-0.0230057,0.00888071,-0.370339,-0.0112491,-0.00887336,-0.00408391,0.168745,0.749763,0.0631127,0.00694424,0.0137717,0.0142265,30.1091,-0.0769389,-0.0392206,-0.368389
45.36,0.928573,-0.0229955,0.00890104,-0.370331,0.00985005,0.00912527,0.00424714,0.168552,0.749484,0.0630453,0.00554847,0.0131487,0.0137573,26.057,-0.142476,-0.0245283,-0.492625
45.38,0.928576,-0.0230153,0.00888969,-0.370321,-0.0120907,-0.00819056,0.00616771,0.168488,0.749403,0.063014,0.00631132,0.0135366,0.0131576,27.1611,-0.149913,-0.0454777,-0.440576
45.4,0.928572,-0.0230159,0.0088856,-0.370332,0.0091769,0.00403344,-0.00176334,0.168285,0.749056,0.0626964,0.00574273,0.0125048,0.0152552,29.4189,-0.125874,-0.0288206,-0.479556
45.42,0.928574,-0.0230053,0.00887806,-0.370327,-0.00418337,-0.00446059,-0.00233828,0.168213,0.748943,0.0625964,0.0050828,0.0129335,0.0108435,29.2248,-0.080704,-0.022628,-0.436144
45.44,0.928572,-0.0230678,0.00889936,-0.370328,-0.00543436,0.00409585,-0.00534563,0.168009,0.748646,0.062296,0.00586603,0.0127964,0.0137876,28.5253,-0.0794867,-0.0196519,-0.580755
45.46,0.928576,-0.023092,0.00890202,-0.370317,-0.0115079,-0.00490224,0.00260081,0.167873,0.748468,0.0621161,0.00541591,0.0119642,0.0138512,28.3082,-0.0722204,-0.072997,-0.652063
45.48,0.928577,-0.023095,0.00889549,-0.370314,-0.0140203,-0.0107583,-0.00518688,0.167733,0.748303,0.0619568,0.00507505,0.0120282,0.01325,27.5737,-0.107932,-0.0630531,-0.638677
45.5,0.92858,-0.0230632,0.00890373,-0.370309,0.0144017,0.0100584,0.00347833,0.167556,0.748024,0.0616219,0.00414137,0.0112035,0.0147369,30.579,-0.0775032,-0.075736,-0.628137
45.52,0.928575,-0.0230558,0.00890206,-0.37032,0.00624577,0.0095584,-0.00579879,0.16744,0.747843,0.0613825,0.00487131,0.0112446,0.0142863,27.2859,-0.0952382,-0.00518917,-0.642047
45.54,0.928585,-0.023046,0.00890975,-0.370297,0.00636697,0.00154502,0.00317938,0.167279,0.74759,0.0610526,0.00469725,0.0113718,0.00965377,28.0504,-0.0980319,-0.0164178,-0.45009
45.56,0.928579,-0.0230829,0.0088996,-0.370309,-0.00813987,0.000586759,-0.00567293,0.167229,0.747515,0.0609432,0.00504749,0.0110835,0.0136298,30.1338,-0.109835,-0.0914644,-0.551454
45.58,0.928587,-0.0230419,0.00889815,-0.370292,0.0175692,0.012634,0.000779652,0.167062,0.747314,0.0606669,0.0039113,0.0111612,0.0103534,26.4487,-0.0428883,0.0323671,-0.45647
45.6,0.928584,-0.0231087,0.00887769,-0.370295,-0.0160942,-0.0118243,0.00294259,0.167028,0.747236,0.060585,0.00469062,0.0108674,0.0126819,25.3449,-0.0970023,-0.0181723,-0.454264
45.62,0.928582,-0.0230787,0.00887562,-0.370303,-0.00462189,-0.00773038,-0.000984668,0.166897,0.746979,0.0603309,0.00478307,0.0112376,0.0079761,29.0982,-0.0871155,-0.0710877,-0.515619
45.64,0.928572,-0.0230791,0.00887393,-0.370327,0.00917485,0.00468095,-0.00365292,0.166867,0.746924,0.0602675,0.00433365,0.0106157,0.0129802,29.9977,-0.0665138,0.00703462,-0.555258
45.66,0.928573,-0.0230806,0.00886109,-0.370327,0.00552853,0.00502278,-0.00294265,0.1668,0.746825,0.0601515,0.00458637,0.0105454,0.012797,29.3458,-0.107537,-0.061168,-0.487183
45.68,0.928574,-0.0231018,0.00884988,-0.370322,-0.00620008,-0.00951065,-0.000879908,0.166735,0.746746,0.0600411,0.0045685,0.0108727,0.0121305,27.2913,-0.077852,-0.0222381,-0.517158
45.7,0.928576,-0.0230509,0.00887436,-0.37032,0.00980567,0.00915787,-0.00380327,0.166661,0.746608,0.0599191,0.00399258,0.0110029,0.00805953,30.2108,-0.126567,-0.0543737,-0.504198
45.72,0.928582,-0.0231115,0.00886112,-0.370301,-0.0161444,-0.0143854,0.00583258,0.166614,0.74648,0.0598224,0.00514406,0.0106908,0.0109576,29.7917,-0.0687583,-0.0019224,-0.437419
45.74,0.928576,-0.023094,0.00886725,-0.370318,0.00989498,0.00462102,-0.00696665,0.166598,0.746433,0.0598106,0.00429823,0.0102084,0.0120028,26.3734,-0.0979962,-0.0132023,-0.453692
45.76,0.928586,-0.0230817,0.00886797,-0.370294,-0.0113615,-0.00537258,0.00519796,0.16656,0.74634,0.0597851,0.00433128,0.0110345,0.00925398,26.6505,-0.0215698,-0.0146758,-0.46945
45.78,0.928591,-0.0230828,0.00888206,-0.37028,0.00569066,0.000907988,0.00354153,0.166527,0.746294,0.0597624,0.00420957,0.0112338,0.00972657,25.8874,-0.0883211,-0.0353839,-0.524596
45.8,0.928586,-0.0231455,0.00887865,-0.370287,-0.000742018,-0.00295926,-0.00460429,0.16653,0.746252,0.0597074,0.00425906,0.010743,0.0126962,29.6976,-0.105284,-0.0198997,-0.528331
45.82,0.928585,-0.0231079,0.00890119,-0.370294,0.0099262,0.00666728,0.00204617,0.166526,0.746241,0.0597099,0.00369407,0.0105417,0.0103992,28.9431,-0.131587,-0.00211205,-0.602027
45.84,0.928586,-0.0231779,0.00888473,-0.370286,-0.0208265,-0.0123935,-0.000393613,0.166528,0.746232,0.0596853,0.00493235,0.0108364,0.0111774,27.2099,-0.0231182,-0.0495551,-0.640587
45.86,0.92859,-0.0231542,0.00889813,-0.370277,0.0127804,0.00878036,0.00863328,0.166529,0.746232,0.0596961,0.00426362,0.00998538,0.0111857,29.4263,-0.107539,-0.0239948,-0.342615
45.88,0.928587,-0.0231535,0.00889467,-0.370284,-0.0123415,-0.0096265,0.00202213,0.166545,0.746263,0.0597088,0.0045861,0.00997828,0.00901952,29.6886,-0.0931048,-0.00152192,-0.532728
45.9,0.928586,-0.0231467,0.00891067,-0.370288,-0.00347305,-0.000880951,0.00186537,0.166543,0.746274,0.0597064,0.00468446,0.00947421,0.00935573,29.651,-0.0647034,-0.0483838,-0.456752
45.92,0.928583,-0.0231491,0.00890459,-0.370295,0.00150701,0.00308648,-0.00293427,0.166534,0.746283,0.0596947,0.00435382,0.00932247,0.00961136,28.7578,-0.130143,-0.00491236,-0.496031
45.94,0.928587,-0.0232129,0.00890134,-0.370282,-0.0122725,-0.00859081,0.0059102,0.166524,0.746294,0.0596671,0.00573785,0.0092576,0.0119894,26.6926,0.0116074,-0.0585205,-0.528505
45.96,0.928587,-0.023227,0.00889878,-0.37028,-0.0198457,-0.0145366,-0.00130688,0.166526,0.746302,0.0596612,0.00581235,0.00892603,0.0119538,26.3325,-0.0868207,-0.00701743,-0.4342
45.98,0.928591,-0.0232311,0.00890185,-0.370269,-0.0130002,-0.00978028,0.00328523,0.166525,0.746329,0.0596801,0.00528487,0.00927668,0.00815581,30.5489,-0.0961286,-0.0524098,-0.591524
46,0.928593,-0.0232408,0.00890803,-0.370264,-0.0170986,-0.00455234,-0.000550152,0.16652,0.746312,0.0596329,0.00510392,0.00909615,0.00805135,28.6066,-0.0551246,-0.0197051,-0.461213
46.02,0.928591,-0.0232404,0.0089002,-0.37027,0.00444132,0.00395695,-0.00392992,0.166515,0.746303,0.0595727,0.00553401,0.00852962,0.0124696,28.4467,-0.131507,0.0306061,-0.426098
46.04,0.928595,-0.0231835,0.00891047,-0.370262,0.00497166,0.00939902,0.00483753,0.166512,0.746305,0.0595652,0.00525784,0.00900482,0.00812283,26.8942,-0.069134,0.00637088,-0.0973848
46.06,0.928593,-0.0232052,0.00889652,-0.370266,0.0118681,0.00486988,-0.00273969,0.166515,0.746348,0.05953,0.00478443,0.00899321,0.00885575,30.9616,-0.143293,-0.0263494,-0.540602
46.08,0.928597,-0.0232354,0.00888798,-0.370254,-0.0121873,-0.00919679,-0.0021966,0.166519,0.746381,0.0595277,0.00597983,0.00934213,0.0079966,29.1315,-0.0979625,0.00726656,-0.357139
46.1,0.928595,-0.0232175,0.0088929,-0.370261,-0.0131582,-0.00910769,0.00143636,0.166527,0.746298,0.0594909,0.00561812,0.00899438,0.00806019,25.1201,-0.0790541,0.018354,-0.356422
46.12,0.928592,-0.0231895,0.00889545,-0.370271,-0.00309717,-0.00597528,-0.00649879,0.16653,0.746226,0.0594693,0.00545257,0.00876238,0.00824183,26.7919,-0.0955076,-0.0655492,-0.467655
46.14,0.928593,-0.0232208,0.00890233,-0.370266,0.00226339,0.0025318,0.000553125,0.166538,0.746133,0.0594501,0.00527079,0.00804062,0.0129986,28.4154,-0.100808,-0.0273219,-0.551478
46.16,0.928591,-0.0231306,0.00889959,-0.370276,0.0122354,0.00308004,0.00610775,0.166531,0.74605,0.0594413,0.00458823,0.00873702,0.00837723,29.0857,-0.106282,-0.0470856,-0.354407
46.18,0.928589,-0.0231817,0.00889423,-0.370278,-0.00891271,-0.000796297,-0.00579307,0.166529,0.746031,0.0594323,0.0050028,0.00830492,0.0122297,28.0622,-0.0686714,0.00875262,-0.432635
46.2,0.928599,-0.0231093,0.00887616,-0.370257,0.0188578,0.0092206,0.00361757,0.166513,0.745903,0.0593334,0.00379531,0.00789411,0.0120733,30.3989,-0.111269,-0.0206362,-0.39063
46.22,0.928598,-0.0231338,0.00886242,-0.37026,0.00892041,0.00467874,0.000670498,0.166498,0.745827,0.0592535,0.0040493,0.00795524,0.0124335,25.2934,-0.0730182,-0.0698489,-0.519534
46.24,0.928606,-0.0231269,0.00887308,-0.37024,-0.0114216,-0.00120724,0.0040412,0.166479,0.745746,0.0591518,0.00486689,0.0088617,0.00696924,30.3154,-0.132409,-0.0592191,-0.610372
46.26,0.928607,-0.023162,0.00886475,-0.370235,0.00334372,0.0038568,0.00116385,0.166478,0.745727,0.0591194,0.00477852,0.00808486,0.0118077,28.3322,-0.0759337,-0.0410937,-0.32753
46.28,0.928605,-0.0231324,0.0088786,-0.370241,0.00933656,0.00370041,0.000209852,0.166466,0.745656,0.0589989,0.00431802,0.00853511,0.00680791,27.2564,-0.0628563,-0.0467292,-0.46348
46.3,0.928601,-0.0231638,0.00886184,-0.37025,-0.00380705,-0.00100477,-0.00656505,0.166467,0.745628,0.0589258,0.0047836,0.00792821,0.0106439,29.0824,-0.0870821,0.0401266,-0.365689
46.32,0.928602,-0.0231221,0.0088485,-0.37025,0.010522,0.00784702,0.00377477,0.166475,0.745553,0.0587739,0.00417905,0.0073689,0.010683,28.3394,-0.0703264,-0.0454102,-0.697583
46.34,0.928601,-0.0231151,0.00884233,-0.370254,0.0213226,0.00923632,-0.00301394,0.166477,0.745514,0.0586703,0.00448614,0.00734289,0.011361,28.8596,-0.127712,-0.0334142,-0.578031
46.36,0.928597,-0.023131,0.00883807,-0.370263,0.00619077,0.00815283,-0.00445751,0.166478,0.745468,0.0585629,0.00505952,0.0075806,0.0111552,28.0421,-0.090685,-0.0816076,-0.398923
46.38,0.928595,-0.0230833,0.0088389,-0.370271,0.00184569,-0.00133175,0.00504116,0.166492,0.745388,0.0584114,0.00515247,0.00805399,0.00580448,27.9403,-0.0478605,-0.0185337,-0.350343
46.4,0.928596,-0.0230678,0.0088502,-0.37027,0.00289251,0.00531662,0.000157152,0.166507,0.745313,0.0583169,0.0049662,0.00824833,0.00604033,28.7427,-0.0620066,-0.0327757,-0.51276
46.42,0.928594,-0.0231315,0.00884056,-0.370271,-0.0156385,-0.00726669,-0.000272269,0.166535,0.745241,0.0582062,0.00562553,0.00829659,0.00695275,28.6945,-0.152878,0.0080918,-0.524997
46.44,0.928592,-0.0230767,0.00887136,-0.370277,0.0157965,0.0148289,0.000715032,0.166545,0.745217,0.0581833,0.00488599,0.00725371,0.0104187,28.2826,-0.0655507,-0.0471887,-0.400571
46.46,0.928587,-0.0231009,0.00884717,-0.370289,-0.0116146,-0.0082324,-0.00136773,0.166581,0.745165,0.0581001,0.00641093,0.00815229,0.00667575,26.41,-0.0712713,-0.0467746,-0.246751
46.48,0.928584,-0.0231055,0.00886041,-0.370296,0.00602972,0.00748508,-0.00130382,0.166594,0.745153,0.0580858,0.00512286,0.00742901,0.0110223,29.8405,-0.0899854,-0.0541672,-0.514672
46.5,0.928595,-0.0230796,0.00884671,-0.37027,-0.000669767,-0.00155714,0.000148589,0.166623,0.745039,0.0580346,0.00534759,0.00801702,0.00629392,28.2726,-0.0941212,0.0250651,-0.319531
46.52,0.928599,-0.0230787,0.00885078,-0.370261,0.000672453,0.001486,0.00235007,0.166637,0.74495,0.0580112,0.0052727,0.00809962,0.0058895,27.2794,-0.0685546,-0.0281084,-0.400436
46.54,0.928602,-0.0230686,0.00885591,-0.370255,0.0122578,0.00650249,0.00681052,0.166658,0.744889,0.058003,0.00447465,0.00759863,0.00959224,27.314,-0.0670191,-0.0244531,-0.435919
46.56,0.928604,-0.0231112,0.00884847,-0.370246,0.00655368,0.00199207,0.000906275,0.166668,0.744823,0.0579964,0.00464722,0.00763334,0.0104361,29.3303,-0.186154,0.0343876,-0.417032
46.58,0.92861,-0.0231698,0.00885264,-0.370228,-0.0130914,-0.0133359,0.00208427,0.166685,0.744739,0.0579999,0.00582303,0.00873173,0.00750026,30.7002,-0.00265384,-0.076753,-0.618119
46.6,0.928613,-0.023166,0.0088665,-0.370219,0.00833197,0.00668137,-0.0022598,0.166694,0.744591,0.0579238,0.00507577,0.00734383,0.0120114,27.9992,-0.11443,-0.0862591,-0.575382
46.62,0.928613,-0.0231464,0.00887165,-0.37022,-0.00755471,-0.00662363,-0.00373355,0.166695,0.744529,0.0578803,0.00595965,0.00787071,0.00709843,30.1963,-0.0646913,-0.0153003,-0.457945
46.64,0.928617,-0.0232005,0.00887198,-0.370207,-0.00619773,-0.00630259,0.00274229,0.166712,0.744378,0.0577772,0.00635006,0.00751025,0.00878078,28.325,-0.0821796,-0.0244631,-0.517688
46.66,0.928617,-0.0232104,0.00888208,-0.370208,-0.0129429,-0.00168863,-0.00091746,0.166727,0.744283,0.0577141,0.00667796,0.00783127,0.00790719,29.2193,-0.103408,-0.075172,-0.50323
46.68,0.928615,-0.0231404,0.00887568,-0.370216,0.0205264,0.0128472,-0.00183782,0.166749,0.744162,0.0576473,0.00502075,0.00660572,0.0103154,26.1597,-0.0540088,-0.0117969,-0.47557
46.7,0.928619,-0.023187,0.00886826,-0.370204,-0.0150341,-0.0112204,-0.000348781,0.166741,0.74407,0.0576109,0.0060052,0.00719077,0.0070333,28.5697,-0.14268,-0.0131038,-0.55892
46.72,0.928613,-0.0232076,0.00886695,-0.370218,0.000800474,0.00847132,-0.00673516,0.166727,0.743813,0.0575497,0.00509923,0.00649198,0.0108497,27.5811,-0.0638571,-0.0516723,-0.508251
46.74,0.928618,-0.0231712,0.00886546,-0.370206,-0.00151988,-0.00351184,0.000430078,0.166721,0.743736,0.0575248,0.0062624,0.00711592,0.00621553,30.3646,-0.0888709,0.0162159,-0.303019
46.76,0.92862,-0.0232224,0.00886751,-0.370199,-0.0129183,-0.00367609,-0.00429314,0.166731,0.743522,0.0575002,0.00650891,0.00655776,0.00887599,28.9186,-0.108193,-0.0182685,-0.488851
46.78,0.928623,-0.0232084,0.0088644,-0.370192,-0.0138314,0.000317304,-0.0016821,0.166729,0.743376,0.0574712,0.0063639,0.00594546,0.00901367,26.3868,-0.0717226,-0.03849,-0.578851
46.8,0.928626,-0.0232067,0.00883825,-0.370186,-0.0106522,-0.0116448,-3.0693e-05,0.16672,0.743183,0.0574466,0.00636385,0.00610923,0.0081132,28.9271,-0.0475366,-0.0142327,-0.447783
46.82,0.92863,-0.0231815,0.00885513,-0.370176,0.0154675,0.0119396,-0.000490221,0.166699,0.742834,0.0574224,0.00514788,0.00461086,0.00984441,28.9819,-0.113168,-0.0198219,-0.594292
46.84,0.928629,-0.023201,0.0088483,-0.370178,0.00742704,0.00639787,-0.0102394,0.166688,0.74262,0.0574085,0.0052782,0.00444708,0.010707,27.157,-0.0804133,-0.0374716,-0.304367
46.86,0.92864,-0.0231971,0.00885036,-0.37015,0.00308443,0.00354173,0.00511243,0.166685,0.742333,0.0574076,0.00551557,0.00426691,0.00784696,27.1158,-0.0435193,0.0193014,-0.496247
46.88,0.92864,-0.0232329,0.00883465,-0.370149,-0.0053025,0.000787363,-0.00132577,0.166687,0.742242,0.0574046,0.00600877,0.00423745,0.00976599,30.3587,-0.15595,-0.072545,-0.580283
46.9,0.928644,-0.0231983,0.00886411,-0.370141,0.0152655,0.0143192,0.00294748,0.166677,0.741907,0.05745,0.00484281,0.00356846,0.0112512,27.8729,-0.0691737,-0.0474847,-0.661335
46.92,0.928637,-0.0232553,0.00885611,-0.370154,-0.0220234,-0.00856978,-0.00490641,0.166675,0.741791,0.0574542,0.00567348,0.00389385,0.00841886,30.1855,-0.0945796,-0.0249762,-0.488606
46.94,0.928639,-0.0232446,0.00887303,-0.370149,0.00978138,0.0119162,-0.00117168,0.166665,0.741456,0.0575055,0.00425375,0.00331149,0.011773,28.7421,-0.0361767,-0.0722416,-0.564604
46.96,0.928645,-0.0232778,0.00885965,-0.370133,0.011091,-0.000440475,-0.00204036,0.166659,0.741256,0.0575415,0.00463551,0.00318793,0.0119877,28.2115,-0.0805017,0.0125632,-0.43143
46.98,0.928643,-0.0232469,0.00884716,-0.37014,0.00885086,0.00268279,-0.00361698,0.166649,0.741059,0.0575747,0.00495934,0.00299069,0.012086,26.732,-0.0964211,0.00946035,-0.503722
47,0.928642,-0.0232384,0.00884401,-0.370143,-0.00636399,0.0002166,-0.00395069,0.166646,0.740833,0.057584,0.00502889,0.00265794,0.011947,27.8437,-0.0923022,-0.0233118,-0.520188
47.02,0.92865,-0.0231601,0.00883996,-0.370127,0.0169575,0.0121409,-0.00185441,0.166653,0.740458,0.0575917,0.00503079,0.00219868,0.0100501,29.2662,-0.0448205,-0.0440245,-0.712396
47.04,0.928653,-0.0232239,0.00880373,-0.370117,-0.00839904,-0.0182577,0.0017923,0.166667,0.740109,0.0575852,0.00633357,0.00246007,0.00787955,29.2245,-0.0921071,-0.0653597,-0.572628
47.06,0.928649,-0.0232029,0.00882361,-0.370128,0.0137177,0.0071926,-0.00582042,0.166676,0.739999,0.0576005,0.00555422,0.00164552,0.0113151,26.2176,-0.111292,-0.0371454,-0.37903
47.08,0.928659,-0.0232235,0.00882867,-0.370101,-0.000860557,-0.00575997,-0.00269906,0.166714,0.739695,0.0576177,0.00700377,0.00230729,0.00663775,30.7209,-0.111636,-0.00377528,-0.476616
47.1,0.928662,-0.0232177,0.00883936,-0.370094,0.00125878,0.0010682,0.00465546,0.166756,0.739394,0.0575603,0.00646919,0.00223299,0.0063387,25.7563,-0.0825987,0.0140112,-0.486937
47.12,0.928653,-0.023301,0.00884391,-0.370111,-0.0158264,-0.00925995,-0.00775461,0.166825,0.738974,0.0575159,0.00656638,0.00150918,0.00915987,27.4052,-0.0730994,-0.0935737,-0.611504
47.14,0.928651,-0.0232604,0.00887373,-0.370118,0.00792961,0.00656907,0.00267031,0.166844,0.738839,0.0575118,0.00550393,0.00114228,0.00923358,29.6753,-0.0667287,-0.0132121,-0.660677
47.16,0.928659,-0.02333,0.00885131,-0.370095,-0.0122368,-0.0126305,0.00242641,0.166911,0.738472,0.057464,0.00711595,0.00238606,0.00744955,27.1333,-0.0814878,-0.0114607,-0.612267
47.18,0.92866,-0.0233074,0.00886646,-0.370093,0.00944092,0.00597828,0.00372373,0.166933,0.73836,0.0574597,0.00603658,0.00163582,0.0105803,29.9469,-0.129209,-0.0238817,-0.486113
47.2,0.928664,-0.0232875,0.0088577,-0.370084,-0.00481995,-0.00749863,0.00307614,0.167003,0.737973,0.0573908,0.00632208,0.00229564,0.00688124,28.6802,-0.106047,0.0137478,-0.564535
47.22,0.928664,-0.0233408,0.00887133,-0.370082,-0.000796096,0.00376366,0.000230696,0.167074,0.737582,0.0573315,0.00596548,0.00117667,0.0100138,26.4272,-0.0665607,-0.0406924,-0.410262
47.24,0.928668,-0.0233043,0.00887546,-0.370073,0.00280036,-0.00123232,0.0058745,0.167092,0.737455,0.0573266,0.00493539,0.00106554,0.0078232,29.2215,-0.0766593,-0.0417556,-0.421319
47.26,0.928662,-0.0233636,0.00886052,-0.370084,-0.00940146,-0.00795926,0.00133436,0.167151,0.73711,0.0572766,0.00596235,0.00130415,0.00830243,29.6932,-0.0703318,-0.0209212,-0.461883
47.28,0.928663,-0.0233375,0.00886983,-0.370084,-0.012799,-0.00866289,0.00279914,0.167189,0.736891,0.0572637,0.00573021,0.00124019,0.00808018,28.5656,-0.111426,-0.00463184,-0.276154
47.3,0.928661,-0.0233259,0.00887523,-0.370088,0.0046064,0.00919015,-0.00655586,0.167224,0.736549,0.0572464,0.00435142,0.000382751,0.0100937,27.6057,-0.0712787,-0.0314325,-0.487258
47.32,0.92867,-0.0233468,0.00886907,-0.370065,-0.0124648,-0.00773283,0.00155385,0.167232,0.736442,0.0572321,0.00537706,0.000993233,0.0066995,28.0013,-0.105975,0.0335382,-0.529206
47.34,0.928661,-0.0233961,0.0088548,-0.370084,-0.00844058,4.26582e-05,0.00265689,0.167267,0.736142,0.0572465,0.00540376,0.000972492,0.00978792,28.7091,-0.0625587,0.00254034,-0.437987
47.36,0.928663,-0.0233445,0.00885847,-0.370084,0.00628593,0.00158013,-0.00363676,0.167276,0.736048,0.0572596,0.00453726,0.000753278,0.00734295,27.8744,-0.077078,-0.0444001,-0.430449
47.38,0.928659,-0.0233565,0.00888375,-0.370093,0.0105701,0.00731917,0.000495653,0.167314,0.735703,0.0572674,0.00421553,6.29271e-06,0.00826957,25.4973,-0.0837378,0.00349023,-0.474869
47.4,0.928661,-0.0233865,0.00887108,-0.370086,-0.00614663,-0.0102163,0.00381251,0.167309,0.735622,0.0572039,0.00489796,0.000445288,0.00840755,28.8361,-0.08288,-0.0502358,-0.632522
47.42,0.928657,-0.0233825,0.00888812,-0.370095,-0.0203502,-0.00554025,-0.0034711,0.167293,0.735467,0.0571092,0.00463289,0.000536541,0.00722002,28.9125,-0.0780577,-0.0412741,-0.415478
47.44,0.928661,-0.0233962,0.00888778,-0.370084,-0.0192551,-0.00480941,-0.00123525,0.167275,0.73532,0.0570203,0.00474446,9.38068e-05,0.00709672,27.3041,-0.101348,-0.0313884,-0.366827
47.46,0.928649,-0.023411,0.00887379,-0.370115,-0.00695755,0.000230898,-0.00951074,0.167269,0.735103,0.05694,0.00513904,-0.000772069,0.00998664,29.0717,-0.0629171,0.0238175,-0.363617
47.48,0.92865,-0.0233638,0.00887895,-0.370114,0.0118302,0.00120574,-0.00310825,0.167262,0.734911,0.0568717,0.00438909,-0.000601662,0.00727462,30.2693,-0.105495,-0.0515433,-0.6209
47.5,0.928655,-0.0234044,0.00886665,-0.370099,-0.00866167,-0.00433784,-0.000408656,0.167261,0.734878,0.0567946,0.00496376,-9.16638e-05,0.0087449,29.2084,-0.0269757,-0.00220707,-0.313065
47.52,0.928662,-0.0233446,0.00886129,-0.370085,0.0140208,0.00460834,0.00464834,0.16724,0.734786,0.0566214,0.00369655,-0.000428045,0.00760904,28.0918,-0.0728781,-0.024967,-0.513166
47.54,0.928667,-0.0233526,0.00885405,-0.370072,0.0129643,0.00578843,0.00151315,0.167229,0.734735,0.0565117,0.00369576,-0.00058291,0.00819532,28.6957,-0.113552,-0.0527843,-0.469577
47.56,0.92867,-0.0233471,0.0088798,-0.370066,3.01646e-05,0.001077,0.00541789,0.167228,0.734683,0.0563663,0.0044288,0.000678956,0.00532799,26.0785,-0.034833,-0.0285104,-0.63812
47.58,0.928663,-0.0233904,0.00887872,-0.370081,-0.0024214,0.0021582,-0.0096194,0.167232,0.734674,0.0563124,0.00525371,0.000543575,0.00878517,27.9249,-0.111594,0.000636945,-0.547413
47.6,0.928674,-0.0233517,0.00888794,-0.370054,0.000441365,-0.000189516,-9.93655e-05,0.167258,0.734774,0.0561832,0.00443899,0.00107885,0.00577856,25.6163,-0.0936466,-0.0456073,-0.530008
47.62,0.928678,-0.023396,0.00887954,-0.370043,-0.00823271,6.28967e-05,0.00409463,0.167271,0.734812,0.0561319,0.00564302,0.00115279,0.00801172,29.8551,-0.0970524,-0.0590523,-0.551567
47.64,0.928679,-0.0233293,0.00888475,-0.370043,0.0142273,0.0129626,0.00686845,0.167295,0.734928,0.0560404,0.0038551,0.00104347,0.00649071,26.8416,-0.104827,0.0113545,-0.492959
47.66,0.928673,-0.0233361,0.00886095,-0.370058,-0.00918815,-0.0119316,-0.00627595,0.167324,0.735059,0.0559425,0.0048149,0.00183736,0.00419235,27.165,-0.0537481,0.0243946,-0.433148
47.68,0.928676,-0.023313,0.0088562,-0.370053,0.0142057,0.0108899,-0.0024475,0.167337,0.735106,0.0559118,0.00500245,0.00136275,0.00912104,29.7938,-0.132424,-0.0539519,-0.643324
47.7,0.928676,-0.0233225,0.00885134,-0.370053,0.00331067,-0.00416281,0.00326066,0.167401,0.73529,0.0557965,0.00513404,0.00172011,0.00466577,29.5957,-0.0493983,-0.0839806,-0.635982
47.72,0.928678,-0.0233221,0.00885591,-0.370046,0.0114779,-0.000103087,0.0088336,0.167452,0.735415,0.0557237,0.00531743,0.00153782,0.00493164,32.5137,-0.0648274,-0.00734229,-0.489043
47.74,0.928679,-0.0233259,0.00882581,-0.370045,-0.0108641,-0.00630058,-0.00500975,0.167536,0.735599,0.0556217,0.00657321,0.00125643,0.00771595,25.4737,-0.0310781,-0.00368752,-0.560049
47.76,0.928676,-0.0232752,0.00883504,-0.370056,0.0175167,0.00932543,-0.00283326,0.167565,0.735657,0.0556103,0.00580149,0.001019,0.00601433,27.9694,-0.0945809,-0.034495,-0.506034
47.78,0.928678,-0.0233019,0.00883691,-0.37005,-0.0147638,-0.0126814,-0.002061,0.167692,0.735876,0.0556237,0.00705046,0.00199697,0.00458905,28.6369,-0.0544942,-0.0338124,-0.528703
47.8,0.928676,-0.0233013,0.00886323,-0.370053,0.00544778,0.0050929,-0.0021692,0.167748,0.735967,0.0556486,0.00692867,0.00109028,0.00910987,26.6008,-0.0694338,-0.0400976,-0.452591
47.82,0.92868,-0.0233414,0.00883925,-0.37004,-0.000122858,0.0031301,-0.000711095,0.167935,0.736331,0.0557625,0.00614575,0.00195458,0.00922801,26.4468,-0.068704,-0.0306687,-0.490767
47.84,0.92868,-0.0233007,0.008839,-0.370043,0.00701932,0.00132291,-0.00142614,0.167975,0.736422,0.0558031,0.00577033,0.00239592,0.00515105,29.6331,-0.109743,0.0811649,-0.34889
47.86,0.928678,-0.0232657,0.00884215,-0.370051,0.0141048,0.0119288,-0.00369714,0.168061,0.736605,0.0558821,0.00598648,0.00236437,0.00595778,31.3086,-0.0767028,-0.0737263,-0.685337
47.88,0.928683,-0.0232687,0.00882201,-0.370039,0.0150448,0.00268729,0.00146037,0.168154,0.736789,0.0559663,0.00613578,0.00246135,0.00637462,25.3838,-0.0781344,-0.0500027,-0.586131
47.9,0.928688,-0.0233007,0.00883148,-0.370024,-0.0107096,-0.00788691,-0.00178532,0.168328,0.737109,0.0561735,0.00711235,0.00316811,0.00519921,29.1014,-0.0779602,-0.0026532,-0.557526
47.92,0.92869,-0.0233117,0.00884365,-0.370017,-0.00236433,0.0105253,-0.00340275,0.168496,0.737441,0.056416,0.00666632,0.00266416,0.0102038,30.4159,-0.0910779,-0.0292078,-0.539285
47.94,0.928692,-0.0232776,0.00882831,-0.370015,-0.00107094,-0.0060979,0.00281931,0.168548,0.73755,0.0565002,0.00670152,0.00346374,0.00565127,26.9244,-0.100285,-0.00854011,-0.54256
47.96,0.928692,-0.0233228,0.00880952,-0.370014,-0.0170373,-3.07249e-05,-0.00191943,0.168707,0.737884,0.0567445,0.00689963,0.0034626,0.00997031,27.0885,-0.0927232,0.00246635,-0.583092
47.98,0.928693,-0.0233081,0.00881145,-0.370011,-0.0112816,-0.00765587,-0.00627354,0.16882,0.738118,0.0569602,0.00732606,0.00381098,0.00953565,27.4589,-0.0609255,-0.0874037,-0.5291
48,0.928693,-0.0232738,0.00882721,-0.370013,0.00851437,0.00838757,-0.00165587,0.168991,0.738475,0.0573544,0.00605902,0.00350913,0.0108253,29.4624,-0.116668,-0.0651271,-0.607717
48.02,0.928699,-0.023314,0.00882351,-0.369995,-0.0170771,-0.0122064,0.00233996,0.169037,0.738586,0.0574765,0.00686063,0.0041941,0.00621048,26.7469,-0.0386543,0.0346523,-0.429632
48.04,0.928696,-0.023318,0.00882401,-0.370003,0.00414566,0.00763732,-0.000501288,0.169183,0.738927,0.0578472,0.00611984,0.00426474,0.010338,27.0286,-0.114332,0.0186859,-0.55788
48.06,0.928697,-0.0232801,0.00881658,-0.370004,-0.00423627,-0.00535992,-0.00165115,0.169222,0.739039,0.0579709,0.00575545,0.00468155,0.00591124,30.3184,-0.125197,-0.0487548,-0.502335
48.08,0.928693,-0.0233201,0.00880328,-0.370011,-0.0104191,-0.0050688,-0.008322,0.169366,0.739386,0.0583108,0.0070715,0.00487996,0.00967181,27.3479,-0.0883346,-0.0667543,-0.430978
48.1,0.928691,-0.023251,0.00881115,-0.37002,0.0165894,0.0055299,-0.00410941,0.169504,0.73971,0.0587813,0.00645117,0.0046066,0.00782177,29.829,-0.0603089,-0.0223185,-0.513861
48.12,0.928694,-0.0233075,0.00880124,-0.37001,-0.0190703,-0.00682542,-0.00177387,0.169553,0.739818,0.058938,0.00734023,0.00541707,0.00919985,29.923,-0.170875,-0.0115979,-0.485533
48.14,0.92869,-0.0232687,0.00881227,-0.370021,0.0138574,0.0108326,0.00142338,0.1697,0.74014,0.0594549,0.00673426,0.00420714,0.0114304,30.0664,-0.0712285,-0.0847019,-0.539882
48.16,0.928697,-0.0232725,0.00878202,-0.370005,0.0134073,0.00576887,0.00196374,0.169794,0.740341,0.0597763,0.00719958,0.00440705,0.0115967,25.8053,-0.0569222,-0.00926374,-0.565783
48.18,0.928698,-0.0232462,0.00878573,-0.370004,0.00847697,0.000793455,0.00393436,0.169935,0.74062,0.0603121,0.00726796,0.00467522,0.00804131,28.4424,-0.0670206,-0.0471347,-0.480552
48.2,0.928697,-0.0232956,0.00877153,-0.370002,-0.00247203,-0.000447052,-0.00469945,0.169984,0.740703,0.0605102,0.00814021,0.00460342,0.0114882,29.1641,-0.117211,-0.0136093,-0.498796
48.22,0.928702,-0.0232274,0.00879463,-0.369994,0.0121244,0.0068732,0.000999413,0.170095,0.740917,0.0611053,0.00665782,0.00438998,0.0092785,26.3172,-0.0892483,-0.0029385,-0.513999
48.24,0.928705,-0.0232675,0.00877859,-0.369986,-0.0197297,-0.00644438,0.00374212,0.170134,0.74099,0.061288,0.00772992,0.0044582,0.0111161,27.0772,-0.102201,-0.0487826,-0.620693
48.26,0.928708,-0.023245,0.00878516,-0.369979,0.01068,0.00263918,-0.000132597,0.170247,0.741213,0.0618646,0.00632576,0.00416081,0.0133725,30.0303,-0.0597871,-0.0409341,-0.532722
48.28,0.928712,-0.0232652,0.00879072,-0.369966,0.00310114,0.00402681,-0.00353636,0.170316,0.741355,0.0622384,0.00704126,0.00416841,0.0133446,28.8307,-0.111706,-0.014897,-0.5901
48.3,0.928713,-0.02325,0.00877808,-0.369966,0.0124022,0.000691067,-0.00690242,0.170351,0.741438,0.062612,0.00742054,0.0045695,0.013029,28.017,-0.0910473,-0.0205489,-0.473355
48.32,0.928714,-0.0232586,0.00877521,-0.369964,-0.00207027,0.000243815,-0.00098344,0.170389,0.741523,0.0629813,0.00741265,0.00401498,0.0132647,26.0942,-0.083551,-0.0387586,-0.574128
48.34,0.928711,-0.0232105,0.00877875,-0.369973,0.00683142,0.00620793,-0.00532492,0.170446,0.741644,0.0635446,0.00682895,0.00425177,0.00996348,28.8661,-0.0762669,0.0338764,-0.434633
48.36,0.928723,-0.0232669,0.00878066,-0.369939,-0.0124156,-0.00551887,0.00908835,0.170512,0.741768,0.0641205,0.00749261,0.0045615,0.00943617,28.3669,-0.103386,-0.0217549,-0.437847
48.38,0.928716,-0.0232429,0.00879887,-0.369959,0.0152126,0.0118864,-0.00203585,0.170536,0.741812,0.0643048,0.0067449,0.00400078,0.0147009,28.9769,-0.0265006,0.00597423,-0.630925
48.4,0.928714,-0.0232268,0.00879219,-0.369964,-0.00459978,-6.06574e-05,-0.00303222,0.170544,0.74183,0.0648955,0.00726077,0.00471573,0.00980711,28.48,-0.0374625,-0.0802928,-0.601314
48.42,0.928712,-0.0232296,0.00879737,-0.36997,-0.00614305,0.00321964,-0.0015827,0.170543,0.741838,0.0652656,0.00656971,0.00497901,0.0102727,30.09,-0.140741,-0.0665684,-0.528722
48.44,0.928715,-0.0232462,0.00878579,-0.36996,0.00166209,-0.00389907,0.000844928,0.170542,0.741867,0.0658075,0.00702445,0.00414256,0.0148132,28.7151,-0.0856033,-0.0168906,-0.555427
48.46,0.92871,-0.0231916,0.00879536,-0.369976,0.0125593,0.00742069,-0.00849801,0.170542,0.741873,0.0659924,0.00665524,0.00445519,0.0105152,27.1179,-0.0977416,0.0340185,-0.449655
48.48,0.928713,-0.0232353,0.00879062,-0.369966,-0.0158536,-0.00900053,0.00207187,0.170522,0.741787,0.0665329,0.00758974,0.00488432,0.0098518,29.5153,-0.101626,-0.0124635,-0.549132
48.5,0.928707,-0.0232028,0.00879089,-0.369982,0.0126113,0.0086655,-0.00488304,0.170508,0.741742,0.0667062,0.00703422,0.00428979,0.0146686,27.5871,-0.0752597,-0.0471171,-0.599022
48.52,0.928719,-0.0232026,0.00877504,-0.369953,-0.0026294,-0.00556015,0.00234625,0.17046,0.741616,0.0672077,0.00738373,0.00482409,0.00985604,27.381,-0.114243,-0.0934918,-0.54678
48.54,0.928714,-0.0232316,0.00876416,-0.369964,-0.00706058,-0.0001368,-0.00463874,0.170424,0.741508,0.0676943,0.00689787,0.0039606,0.0146908,28.8706,-0.0736787,-0.00435313,-0.535431
48.56,0.928718,-0.0231847,0.00877394,-0.369958,0.00344699,0.00033063,0.00368183,0.170411,0.741475,0.0678555,0.00714851,0.00477984,0.00961187,29.9026,-0.0376193,-0.0586582,-0.644054
48.58,0.928718,-0.0232306,0.0087563,-0.369955,-0.0110165,-0.00760528,-0.000298294,0.170388,0.741356,0.0683168,0.00761123,0.00477751,0.0103854,25.894,-0.0883503,-0.000673299,-0.442711
48.6,0.92872,-0.0232308,0.00876166,-0.36995,-0.0158306,-0.000179854,0.00321995,0.170345,0.741219,0.0686062,0.0075612,0.00490564,0.00987467,30.584,-0.138808,-0.0494673,-0.610041
48.62,0.928728,-0.0232294,0.00875147,-0.36993,0.00701178,0.00431312,0.00539711,0.170284,0.741029,0.0690033,0.00641004,0.00382411,0.014356,29.495,-0.0692754,0.00584439,-0.487297
48.64,0.928728,-0.0232287,0.00874569,-0.36993,-0.0117917,-0.00868369,-0.00261161,0.17026,0.740967,0.0691265,0.00697642,0.00434659,0.00945502,24.7209,-0.0656964,-0.0493893,-0.460588
48.66,0.928724,-0.0232641,0.00875332,-0.369938,-0.000998307,0.00284214,-0.00196008,0.170202,0.740791,0.0695034,0.00660257,0.00324373,0.0144521,29.3177,-0.11408,-0.0652418,-0.438123
48.68,0.928728,-0.0231964,0.00874902,-0.369932,0.0114452,0.00226609,0.00376825,0.170183,0.740735,0.0696281,0.00685409,0.00391626,0.00919022,27.3715,-0.0964646,0.0415677,-0.355688
48.7,0.928729,-0.0232384,0.00875814,-0.369928,-0.0063357,-0.000657312,0.00373157,0.170137,0.740412,0.0698929,0.00798263,0.00403155,0.0101156,28.325,-0.036833,-0.0301777,-0.533796
48.72,0.928723,-0.0232404,0.00874055,-0.369942,-0.0112804,-0.00453532,-0.0082231,0.170111,0.740208,0.0700694,0.00811195,0.00358544,0.00973038,29.0137,-0.0816369,-0.0347859,-0.456477
48.74,0.92873,-0.0232415,0.00873746,-0.369924,-0.0133958,-0.0112595,0.00627236,0.170091,0.740012,0.0702492,0.0078699,0.00361265,0.00917558,28.5136,-0.117116,0.0156555,-0.460959
48.76,0.928724,-0.0232728,0.00874589,-0.369937,-0.00141121,-0.00166014,0.00662979,0.170071,0.739737,0.0705169,0.00681959,0.00231048,0.0137497,27.7442,-0.0468904,0.0027643,-0.358088
48.78,0.928725,-0.0233086,0.00876143,-0.369931,0.000797192,0.0032321,-0.00314843,0.17005,0.73951,0.070643,0.00752042,0.00239358,0.013905,28.0874,-0.149801,-0.0107975,-0.530198
48.8,0.928721,-0.0232739,0.00877057,-0.369943,0.0120976,0.00332314,-0.000921384,0.170027,0.73912,0.0707992,0.00767475,0.00267482,0.0119254,29.6823,-0.0745392,0.0191047,-0.45351
48.82,0.928724,-0.0233273,0.00875398,-0.369934,-0.0145251,-0.0105585,-0.00251606,0.170019,0.739,0.070836,0.00835901,0.00312704,0.0105312,27.3732,-0.0447628,-0.0667745,-0.506084
48.84,0.928725,-0.0233023,0.0087777,-0.369933,0.0125258,0.00863126,-0.00195225,0.169979,0.738651,0.0709763,0.00666463,0.0020872,0.0129021,26.8362,-0.138549,-0.0352564,-0.44659
48.86,0.928728,-0.0233264,0.00875785,-0.369923,-0.0139029,-0.00797022,-0.000598817,0.169964,0.738539,0.0710142,0.00748942,0.00243486,0.00953725,29.1074,-0.0596182,-0.0353778,-0.497943
48.88,0.928737,-0.0232899,0.00872813,-0.369904,0.00100847,-0.0086808,0.00584603,0.169909,0.738092,0.0711348,0.00800603,0.00203498,0.00855182,29.1438,-0.118063,-0.0187652,-0.537401
48.9,0.928731,-0.0233281,0.00872588,-0.369916,-0.00203155,-0.00110784,-0.00201209,0.169894,0.737974,0.0711167,0.00700609,0.00129657,0.013734,29.7101,-0.0768033,-0.0178796,-0.563204
48.92,0.928742,-0.0232973,0.00874733,-0.36989,0.00466547,0.00416893,0.00128484,0.169858,0.737643,0.0711054,0.00666299,0.00171386,0.0109974,26.6341,-0.0897702,-0.0369069,-0.326846
48.94,0.928746,-0.0233622,0.00872929,-0.369878,-0.00768665,-0.0109676,0.0026184,0.169845,0.737544,0.0710822,0.00776839,0.00238231,0.0103013,29.8848,-0.0928445,-0.00853628,-0.396284
48.96,0.928746,-0.0233232,0.00874258,-0.369879,0.00658228,0.00383873,0.004808,0.169811,0.737255,0.0710737,0.00657048,0.00143196,0.0117737,31.0727,-0.0649116,-0.00425578,-0.415912
48.98,0.928738,-0.0233465,0.0087484,-0.369898,-0.0144158,-0.00334498,-0.000806609,0.169772,0.736954,0.0709629,0.00783214,0.00229943,0.00874039,25.6495,-0.0904009,-0.0486306,-0.646961
49,0.928736,-0.0233552,0.00875375,-0.369902,0.00448014,0.0072855,-0.00426172,0.169756,0.736833,0.0708698,0.00672786,0.00152268,0.0126064,26.9876,-0.102865,-0.0155229,-0.352362
49.02,0.928742,-0.0233429,0.0087659,-0.369887,-0.00696518,4.8657e-05,0.00721997,0.169705,0.736492,0.0705933,0.00752212,0.00203779,0.00831272,29.016,-0.114503,-0.0307615,-0.476748
49.04,0.928743,-0.0233166,0.00874648,-0.369887,0.0111497,0.00225186,0.000969134,0.169682,0.736288,0.070448,0.00606815,0.00155395,0.0102526,28.6107,-0.0818757,-0.0221168,-0.659561
49.06,0.928743,-0.0233808,0.00872649,-0.369884,-0.0140939,-0.00777827,-0.00187812,0.169623,0.736,0.0701976,0.00660684,0.00202269,0.0095919,26.9243,-0.0699665,-0.00905304,-0.508265
49.08,0.928738,-0.0233369,0.00872785,-0.3699,0.0172585,0.00232224,-0.00206644,0.169605,0.73591,0.0701371,0.00572529,0.0014013,0.0107334,29.3044,-0.0820487,-0.0157601,-0.591535
49.1,0.928749,-0.0233504,0.00871378,-0.369871,-0.00686847,-0.00963113,-0.00388471,0.16949,0.735653,0.0696514,0.00677208,0.0017056,0.00765132,28.4146,-0.0841684,-0.079396,-0.574743
49.12,0.928745,-0.0233238,0.00871276,-0.369882,0.0146876,0.00844196,-0.00145889,0.169458,0.735571,0.0695093,0.0058541,0.000883286,0.0110245,28.9588,-0.0880526,-0.00355923,-0.440838
49.14,0.928748,-0.0233085,0.00870794,-0.369877,0.0014476,0.000300295,0.00470974,0.16937,0.735339,0.0690973,0.00559431,0.00123428,0.00769653,29.4278,-0.0525126,-0.0144381,-0.594261
49.16,0.928743,-0.0233185,0.00870807,-0.369887,0.00744076,0.000657019,0.00196833,0.169316,0.735203,0.0688339,0.00583183,0.0015628,0.00747598,27.2898,-0.0449453,-0.0295708,-0.440278
49.18,0.928742,-0.0232959,0.00870962,-0.369892,0.0160531,0.00658227,-0.00152636,0.169267,0.735078,0.068589,0.00557274,0.0012887,0.0080215,28.2339,-0.086034,-0.0197348,-0.355996
49.2,0.928744,-0.0232747,0.00871026,-0.369887,0.0228463,0.0107308,0.000820002,0.169104,0.73497,0.0682161,0.00573347,0.00136799,0.00832501,27.8244,-0.0971263,-0.0156855,-0.450028
49.22,0.928752,-0.0233048,0.00871257,-0.369867,-0.0158309,-0.0100966,0.00922511,0.168897,0.734812,0.067664,0.00745263,0.00112279,0.00463369,30.2718,-0.0579308,-0.0739513,-0.567567
49.24,0.928751,-0.0233059,0.0087143,-0.369869,0.0101365,0.00302597,0.00165547,0.168705,0.734656,0.0671575,0.00597234,0.000447135,0.00875191,27.625,-0.0887757,-0.0171528,-0.610938
49.26,0.92875,-0.0232933,0.00872063,-0.369871,-0.00139189,-0.00351771,0.00329605,0.168641,0.734608,0.0669937,0.00649293,0.00110192,0.00369707,28.764,-0.0718332,-0.0618658,-0.498077
49.28,0.928748,-0.0233516,0.00870734,-0.369872,-0.00825533,-0.00599867,0.000283426,0.168448,0.734504,0.066437,0.0071179,0.00104262,0.00563762,25.9688,-0.100939,0.022117,-0.558859
49.3,0.92875,-0.0233113,0.00871557,-0.36987,0.00762434,0.00191334,0.00342445,0.168363,0.734489,0.0662066,0.00610987,0.000341444,0.00655717,28.3404,-0.0738836,-0.0310416,-0.717277
49.32,0.928754,-0.0233172,0.0087205,-0.369859,0.0158317,0.00308333,0.000378018,0.168062,0.734457,0.0652944,0.00619926,0.000814033,0.00674049,29.7855,-0.0470819,-0.0765859,-0.578688
49.34,0.928759,-0.0233392,0.00872294,-0.369846,-0.0115385,-0.00666777,0.00271096,0.167989,0.734457,0.0650707,0.006922,0.00209824,0.00309277,28.4353,-0.155627,0.0129854,-0.512751
49.36,0.928761,-0.0233233,0.00873025,-0.369842,-0.00729107,-0.00738192,3.55937e-05,0.167849,0.73446,0.0646559,0.00660111,0.00171785,0.00232404,29.6804,-0.0444153,-0.0392823,-0.550174
49.38,0.928755,-0.023321,0.00873319,-0.369856,-0.00604626,-0.00194505,-0.00403927,0.167714,0.734462,0.0642593,0.00618579,0.00158102,0.0018564,27.954,-0.0879346,-0.00861507,-0.605761
49.4,0.928758,-0.0233724,0.00872949,-0.369847,-0.00746503,-0.00535037,-0.00774126,0.167524,0.734557,0.0635107,0.00604107,0.00162677,0.00406201,26.8034,0.0169241,-0.0665154,-0.597431
49.42,0.928764,-0.0233513,0.00875608,-0.369832,0.0135502,0.00793713,0.000126485,0.167342,0.734658,0.0628272,0.00477822,0.00123293,0.00371079,29.142,-0.161164,-0.041685,-0.645489
49.44,0.928771,-0.0233845,0.00875025,-0.369812,-0.00999716,-0.00531675,0.00481403,0.167283,0.734695,0.0625945,0.00561508,0.00213356,0.00256956,25.3689,-0.0254742,-0.0222861,-0.474213
49.46,0.92877,-0.0233733,0.0087752,-0.369815,0.00908501,0.00656428,0.00468188,0.167106,0.734792,0.0619783,0.00442761,0.00124079,0.00465426,29.3237,-0.123708,-0.0261273,-0.538138
49.48,0.928766,-0.0233971,0.00878998,-0.369824,0.00301818,0.00497047,-0.00363062,0.16699,0.734906,0.0615232,0.00452825,0.00148993,0.00476678,27.0388,-0.0394118,-0.0396894,-0.49062
49.5,0.928778,-0.0233527,0.00879712,-0.369795,-0.00391903,0.00382553,0.00548993,0.166833,0.73516,0.0607988,0.00495398,0.00191404,0.00162721,27.6288,-0.0683797,-0.052252,-0.566152
49.52,0.928774,-0.0233917,0.00877936,-0.369804,-0.00321164,-0.00461819,-0.000678207,0.166786,0.735246,0.0605519,0.00604091,0.00264035,0.00238619,29.4425,-0.103958,-0.0298168,-0.535408
49.54,0.928775,-0.0233188,0.00877244,-0.369805,0.0114281,0.00608376,0.00072045,0.166647,0.735501,0.0598877,0.00423561,0.00224935,0.00192109,29.6507,-0.0898236,-0.0217742,-0.511608
49.56,0.928774,-0.0233603,0.00876855,-0.369806,-0.015206,-0.00853072,-0.000292392,0.166601,0.735588,0.0596635,0.0054129,0.00293768,0.00134956,27.7324,-0.113984,-0.0285058,-0.577619
49.58,0.928777,-0.023329,0.00879191,-0.369799,0.0164511,0.00657625,-0.00236173,0.166438,0.735893,0.0590303,0.00424498,0.00267576,0.00293184,31.4086,0.0144502,-0.0463077,-0.63711
49.6,0.928777,-0.0233451,0.00881003,-0.369797,0.0101783,0.00843227,-0.00302339,0.166301,0.736165,0.0585622,0.00481249,0.0030542,0.0034257,28.9198,-0.0923646,0.0137092,-0.506019
49.62,0.928785,-0.0233814,0.00881847,-0.369776,-0.00746697,-0.000883423,0.00141227,0.166189,0.736447,0.0581034,0.00583028,0.00394663,0.00336915,25.0185,-0.0435115,-0.0359494,-0.521189
49.64,0.928789,-0.0233435,0.00883702,-0.369767,0.00458837,0.00568522,0.00303657,0.166022,0.736845,0.0575016,0.00461475,0.00358848,0.000604941,28.231,-0.120576,-0.0147609,-0.472704
49.66,0.928787,-0.0233418,0.00885575,-0.369772,0.0166095,0.0141243,-0.00309423,0.165917,0.737089,0.0571123,0.00415639,0.00371439,0.000632078,28.1791,-0.0875254,-0.0501631,-0.409404
49.68,0.928794,-0.0233923,0.00886082,-0.369753,-0.0153907,-0.0147162,-0.00201864,0.165714,0.737484,0.0565117,0.00496011,0.0039272,0.000609448,29.6177,-0.0680032,-0.0369464,-0.695424
49.7,0.928795,-0.0233656,0.00888068,-0.369751,0.00704057,0.0110688,0.00393492,0.165621,0.737638,0.0563137,0.00368874,0.00347081,0.00106177,28.0865,-0.084314,-0.0315474,-0.569273
49.72,0.928794,-0.0233723,0.00889264,-0.369751,-0.00794164,-0.00856981,-0.00258432,0.165357,0.738104,0.0556985,0.00361311,0.00441922,-0.00189909,30.8109,-0.068761,-0.0344234,-0.442851
49.74,0.928799,-0.0234094,0.00891367,-0.369736,-0.000518058,0.00737655,0.00204459,0.165273,0.738258,0.0554977,0.00393644,0.00433093,0.00178706,27.5702,-0.11506,-0.0684629,-0.517177
49.76,0.928796,-0.0234109,0.00891635,-0.369743,-0.00610592,-0.00112755,-0.000298309,0.164948,0.73886,0.0547666,0.00386598,0.00432553,0.000818262,23.8114,-0.0821383,-0.00860796,-0.608088
49.78,0.928791,-0.0233415,0.00892101,-0.36976,0.0125155,0.00533698,-0.00378528,0.164869,0.739002,0.0546044,0.0030741,0.00425312,-0.00190535,29.7772,-0.0577617,-0.0332494,-0.502026
49.8,0.928799,-0.0234121,0.00890534,-0.369736,-0.0187854,-0.0137188,0.00267846,0.164568,0.739429,0.0539943,0.00399117,0.00474028,-0.000949558,28.1942,-0.0578408,-0.0191635,-0.6582
49.82,0.928801,-0.0233721,0.0089226,-0.369734,0.0127433,0.00649116,0.000432463,0.16447,0.739569,0.053814,0.00297654,0.0043058,-0.00130748,27.3184,-0.0807466,-0.0462364,-0.572734
49.84,0.928807,-0.0233663,0.00890908,-0.369719,-0.0116922,-0.0093286,0.00815536,0.164207,0.739998,0.0532399,0.00348252,0.00506242,-0.00420421,28.5403,-0.147622,-0.0732472,-0.735854
49.86,0.928799,-0.0233773,0.00891209,-0.369738,-0.00578783,0.00297499,0.00144221,0.163955,0.740383,0.052724,0.00350883,0.00471395,0.00033554,28.5396,-0.111751,0.00971858,-0.610386
49.88,0.928797,-0.0233783,0.00889694,-0.369743,-0.0071982,-0.00183165,-0.00802802,0.163758,0.740597,0.0523791,0.00335257,0.00485061,-3.78464e-05,27,-0.0628849,-0.0897948,-0.642131
49.9,0.928793,-0.0233835,0.00889461,-0.369754,-0.0071882,-0.00706282,-0.00694962,0.163538,0.740779,0.0520206,0.00379525,0.00514875,-0.000945885,30.7299,-0.0937308,-0.0630642,-0.692313
49.92,0.928793,-0.0233988,0.00890408,-0.369753,-0.0162832,-0.00843575,-0.00666974,0.163333,0.740962,0.0516785,0.0038768,0.00530329,-0.00173781,28.789,-0.0655695,-0.0416853,-0.682732
49.94,0.928794,-0.0233814,0.00891237,-0.369751,0.00569127,0.00745669,-0.00595845,0.163054,0.741238,0.0512078,0.00271262,0.00479253,-7.76484e-05,25.7461,-0.0879963,-0.0385826,-0.612609
49.96,0.928801,-0.0233762,0.00890787,-0.369733,-0.00594706,-0.00680776,0.00529985,0.162959,0.741326,0.051053,0.00316988,0.00557561,-0.00524835,28.4263,-0.0789866,-0.0796626,-0.747164
49.98,0.928796,-0.023382,0.00888292,-0.369745,0.00231035,0.0027987,0.000966611,0.1627,0.741592,0.0506022,0.0028694,0.00466605,-0.000516823,26.9751,-0.0902993,-0.0459863,-0.613414
50,0.928801,-0.0233327,0.00888437,-0.369737,0.00643627,-0.0030231,0.00422417,0.162599,0.741615,0.0504373,0.00271907,0.00528587,-0.00534583,26.6766,-0.0468583,0.00478156,-0.603675
50.02,0.928797,-0.0234346,0.00890187,-0.369739,-0.00924604,-0.00706001,-0.000858588,0.162327,0.741699,0.0499441,0.00351139,0.00470801,-0.00140765,28.1969,-0.0747589,-0.0424981,-0.623483
50.04,0.928799,-0.0234207,0.00890626,-0.369736,-0.0172204,-0.00914918,0.00112569,0.162169,0.741765,0.0496227,0.0037132,0.00533721,-0.00546071,29.8685,-0.0852341,-0.0520357,-0.767696
50.06,0.928798,-0.0233971,0.00890368,-0.369741,-0.012158,-0.011985,0.00105265,0.162012,0.741823,0.0493329,0.00328814,0.0051602,-0.0056184,26.8256,-0.156826,0.00131275,-0.38172
50.08,0.928792,-0.0234276,0.00893565,-0.369752,-0.000434951,0.010473,-0.00326231,0.161775,0.74182,0.0489043,0.0018372,0.00448215,-0.000378819,29.0415,-0.0711573,-0.0958574,-0.781378
50.1,0.928794,-0.0234709,0.00894119,-0.369745,-0.004502,0.00467098,-0.00151722,0.161615,0.741715,0.0485849,0.00218679,0.00434598,-0.000344382,29.7696,-0.0693056,-0.0896907,-0.657078
50.12,0.928804,-0.0234349,0.00895029,-0.369722,0.0102334,0.00778102,-0.000312028,0.161389,0.741572,0.0481351,0.00171628,0.00511609,-0.00523142,26.4454,-0.0513988,-0.0731173,-0.675299
50.14,0.928802,-0.023495,0.00894789,-0.369722,-0.0124449,-0.00137729,-0.0066172,0.161322,0.741532,0.0479835,0.00235125,0.00459317,-0.00121775,28.672,-0.0485837,-0.090708,-0.781478
50.16,0.928809,-0.0234681,0.00894658,-0.369706,0.014105,0.0079888,0.00498492,0.161117,0.741421,0.0475586,0.00113211,0.0040113,-0.00124728,28.4651,-0.13676,-0.0373619,-0.684975
50.18,0.928808,-0.0234915,0.00895312,-0.369706,-0.0141329,-0.0104356,0.00221096,0.16105,0.741383,0.0474207,0.00206183,0.0046258,-0.00551947,25.9326,-0.0695456,-0.0788523,-0.550022
50.2,0.928806,-0.0234857,0.00894475,-0.369714,0.0091942,-0.00738751,0.00314187,0.160951,0.740944,0.0468182,0.00162284,0.00428425,-0.00613681,28.5082,-0.0862485,-0.0458288,-0.66612
50.22,0.928804,-0.0235231,0.00893881,-0.369717,0.00424776,-0.000385049,0.00299419,0.16093,0.740841,0.0466767,0.00100503,0.00329414,-0.000794445,27.7838,-0.121264,-0.0510821,-0.635153
50.24,0.928812,-0.0235243,0.00894107,-0.369697,0.000763318,0.00335102,0.000608322,0.160889,0.740639,0.0464018,0.00164244,0.00298578,-0.000923652,29.0709,-0.0564448,-0.0812479,-0.684224
50.26,0.928815,-0.0235732,0.00894523,-0.369685,-0.0170212,-0.00773343,-0.000969006,0.160855,0.740451,0.0461176,0.00193567,0.00352259,-0.00447303,26.978,-0.0752774,-0.0364858,-0.779532
50.28,0.928813,-0.0235317,0.00895615,-0.369693,0.0177731,0.00937155,0.00115571,0.160826,0.740091,0.045753,0.000609825,0.00251128,-0.00226965,30.5765,-0.0462964,-0.127035,-0.825266
50.3,0.928813,-0.0235775,0.00896554,-0.369689,-0.0104664,-0.00549933,-0.0022918,0.160843,0.739595,0.045394,0.00164763,0.00306299,-0.00585645,25.0743,-0.117824,-0.0543622,-0.745061
50.32,0.928812,-0.0235949,0.00895627,-0.369691,0.00927841,0.00389778,-0.00343902,0.160855,0.739438,0.0452885,0.000828036,0.00205698,-0.00106767,28.2802,0.00179114,-0.0392857,-0.634085
50.34,0.928813,-0.0235799,0.00896565,-0.36969,0.00164393,0.000646803,-0.00463367,0.160882,0.738983,0.0449652,0.00152939,0.00243152,-0.00596238,26.795,-0.0955704,-0.0302185,-0.635391
50.36,0.92882,-0.023597,0.00898171,-0.369669,0.0137328,0.00476289,0.0019704,0.160904,0.738695,0.0447638,0.00111188,0.00252573,-0.00575926,27.8127,-0.0554291,-0.0441961,-0.735454
50.38,0.928827,-0.0236937,0.00897218,-0.369646,-0.0119003,-0.00810019,-0.000212306,0.160978,0.738226,0.0445044,0.00166676,0.00200981,-0.00246969,27.9943,-0.0970353,-0.0230526,-0.683829
50.4,0.92883,-0.0236539,0.0089872,-0.369641,0.0201762,0.00551311,0.0031226,0.161007,0.738064,0.0444434,0.000890513,0.00129555,-0.00180305,28.5189,-0.0546872,-0.0426023,-0.569659
50.42,0.928822,-0.0236846,0.00896197,-0.369661,-0.00977743,-0.0128465,-0.000712696,0.161101,0.737588,0.0442308,0.00192288,0.00171559,-0.00657502,27.3941,-0.0793371,0.0247523,-0.7646
50.44,0.92882,-0.0236888,0.00897631,-0.369665,0.00834111,0.010571,0.00140289,0.161136,0.737439,0.044165,0.00149525,0.001114,-0.00133369,26.2279,-0.125225,-0.0676485,-0.710586
50.46,0.928814,-0.0236696,0.00897094,-0.36968,-0.00443157,-2.59284e-05,0.00357501,0.161233,0.737004,0.0439837,0.00165134,0.00149431,-0.00598044,30.1092,-0.0202458,-0.0797807,-0.81515
50.48,0.928809,-0.0237232,0.00896494,-0.369691,-0.0112923,-0.00152579,-0.00210696,0.161271,0.73657,0.0439179,0.00112154,0.000317174,-0.00104728,28.3621,-0.0649093,-0.0769533,-0.681912
50.5,0.92881,-0.0236721,0.00898024,-0.369691,0.0133923,0.00782223,-0.00025103,0.161269,0.736423,0.0439202,0.000563782,0.000693234,-0.0056737,26.5434,-0.0491457,0.000890245,-0.695317
50.52,0.928811,-0.0237115,0.00896007,-0.369686,-0.0140847,-0.0127175,0.00562451,0.161278,0.736002,0.0438951,0.00152764,0.000327494,-0.00516662,28.1062,-0.0923488,-0.0337813,-0.621284
50.54,0.928809,-0.0237121,0.00897457,-0.36969,-0.0143574,-0.00844018,0.00134044,0.161287,0.735733,0.0439031,0.00173973,0.000265998,-0.00491562,30.7614,-0.0458611,0.0355159,-0.607902
50.56,0.928806,-0.0237276,0.00898763,-0.369698,0.0072493,0.00638326,0.00282714,0.161311,0.735343,0.0439237,0.001197,-0.000957104,-0.000159878,27.8808,-0.0688054,-0.0459121,-0.674096
50.58,0.928805,-0.0236893,0.00897203,-0.369702,0.00219091,-0.00723742,0.000455237,0.161299,0.735183,0.0440116,0.001588,-0.000861857,-0.0051451,27.1536,-0.103506,-0.112158,-0.817111
50.6,0.928803,-0.0237501,0.00896121,-0.369703,0.00191937,-0.00184161,-0.00112486,0.161274,0.734719,0.0442713,0.00144618,-0.00183689,0.00041183,26.8496,-0.0186706,-0.0446871,-0.80645
50.62,0.928806,-0.0236931,0.00897195,-0.369699,0.0132444,0.00348936,0.003213,0.161267,0.734564,0.0443658,0.00128586,-0.00194923,-0.00122177,26.2307,-0.0820247,-0.0229412,-0.679237
50.64,0.928804,-0.0237219,0.00897648,-0.369703,0.0159245,0.0103717,0.0035218,0.161262,0.733993,0.0446898,0.00147941,-0.00235647,-0.000675556,30.021,-0.111992,-0.0112276,-0.675875
50.66,0.928804,-0.0237474,0.00896799,-0.369702,-0.0136002,-0.0105134,-0.000613119,0.16126,0.733856,0.0447586,0.00215841,-0.00169825,-0.0037701,26.9413,-0.0168153,-0.103256,-0.722205
50.68,0.928804,-0.0237513,0.00899099,-0.3697,0.0110258,0.00751198,-0.00127975,0.161263,0.733458,0.0451549,0.000800549,-0.00268638,0.000986967,25.777,-0.0911928,-0.112472,-0.698964
50.7,0.928807,-0.023722,0.0089845,-0.369694,0.00416825,-0.00619321,-0.00140049,0.161262,0.733329,0.045302,0.0016165,-0.00205327,-0.0037943,29.4462,-0.0870134,-0.0155873,-0.708781
50.72,0.928809,-0.0237717,0.00898463,-0.369686,-0.00318365,-0.00278261,-0.00752838,0.161271,0.732956,0.0457332,0.00170852,-0.00229836,-0.00134497,30.1961,-0.0580264,-0.0718624,-0.765721
50.74,0.928811,-0.0237135,0.00898232,-0.369686,0.017481,0.0111215,-0.00294288,0.161284,0.732608,0.0461527,0.00109006,-0.00290573,-0.000498614,29.9167,-0.105374,0.0113973,-0.611311
50.76,0.928812,-0.0237674,0.00897104,-0.369679,-0.0163865,-0.00856348,-0.00214219,0.161291,0.732496,0.0462744,0.00210254,-0.00279409,-0.00160046,26.3314,-0.10886,-0.0380147,-0.608374
50.78,0.928817,-0.0237494,0.00897397,-0.369668,0.00984622,0.0102249,-0.000662714,0.161325,0.732156,0.0467371,0.00118252,-0.00347265,0.00116908,26.2195,-0.0808226,-0.0628112,-0.757388
50.8,0.928823,-0.0237586,0.00896701,-0.369653,0.00977851,0.00513848,0.00137963,0.161368,0.731924,0.0471118,0.00104777,-0.00388168,0.00150703,28.1317,-0.0572446,-0.0762561,-0.820302
50.82,0.928827,-0.0237292,0.00898159,-0.369645,0.00280449,0.00307817,-0.00490944,0.161432,0.731585,0.0476385,0.0014648,-0.00369418,-0.00104095,28.528,-0.0650787,-0.019223,-0.583714
50.84,0.928826,-0.02378,0.00897175,-0.369643,-0.00558989,-0.00707343,-0.00455917,0.161457,0.731479,0.0478,0.00253809,-0.00350508,0.000440446,29.8561,-0.0937579,-0.0254375,-0.452664
50.86,0.928828,-0.023731,0.00898746,-0.369641,0.0188849,0.000217874,0.00244376,0.161528,0.731158,0.0483212,0.00148185,-0.00453921,0.00037694,25.6381,-0.109701,-0.0106079,-0.684954
50.88,0.928828,-0.0237869,0.00898054,-0.369637,-0.018955,-0.0124636,0.00300814,0.161552,0.731057,0.0484724,0.00259448,-0.00384378,-0.000310137,28.647,-0.0933251,0.0356329,-0.634875
50.9,0.928823,-0.0237156,0.00900082,-0.369653,0.0112891,0.0121163,0.000354664,0.161595,0.730877,0.0491111,0.00137132,-0.00478584,0.00113053,26.8356,-0.0371231,-0.0886144,-0.78403
50.92,0.928826,-0.0237476,0.00900561,-0.369645,0.00408045,0.00775069,-0.00333397,0.161625,0.730761,0.0495026,0.00139689,-0.00503146,0.00260785,27.818,-0.0523879,-0.0328751,-0.608024
50.94,0.928832,-0.0237557,0.00901071,-0.36963,-0.00130716,0.00447818,-0.0003479,0.161664,0.730648,0.0498658,0.00247662,-0.0043176,0.00236539,28.734,-0.0944883,-0.0544219,-0.662931
50.96,0.928841,-0.0237268,0.00901369,-0.369608,0.00283668,0.00253949,0.000617437,0.161708,0.730494,0.0504342,0.00140562,-0.00435864,0.000240987,27.0995,-0.0299191,0.00755376,-0.696925
50.98,0.928849,-0.0237041,0.00899145,-0.369589,0.018408,0.00228107,0.000834531,0.161736,0.730402,0.0507895,0.00106323,-0.00420952,0.00140043,27.2765,-0.067297,-0.014509,-0.634718
51,0.928846,-0.0237608,0.00899922,-0.369595,-0.0255449,-0.011892,0.00261105,0.161768,0.7303,0.0513786,0.00206136,-0.00403677,0.00150602,28.3066,-0.140122,-0.0506032,-0.567727
51.02,0.928849,-0.0237264,0.00900674,-0.369589,0.0124493,0.00685666,0.0034409,0.161777,0.730269,0.0515976,0.00126359,-0.00496474,0.00234563,28.7911,-0.0779516,-0.0343217,-0.696812
51.04,0.928856,-0.0237162,0.00899665,-0.369572,-0.00532518,-0.00613376,0.00560081,0.161814,0.730169,0.0522084,0.00174584,-0.0043708,0.000460286,26.837,-0.0143437,-0.039994,-0.809134
51.06,0.92885,-0.0237623,0.00898134,-0.369584,-0.00885693,-0.00593001,-0.00336908,0.161856,0.730088,0.0527712,0.00207477,-0.00461392,0.00407121,30.3495,-0.110463,-0.022598,-0.779351
51.08,0.928852,-0.023767,0.00900282,-0.369579,-0.0168703,-0.00243578,-0.000440322,0.161878,0.730041,0.0531811,0.00159547,-0.00432279,0.00346223,27.4571,-0.0753765,-0.0933973,-0.525857
51.1,0.928849,-0.0237031,0.0090136,-0.369591,0.0121558,0.0119465,-0.00564383,0.161885,0.730021,0.0534079,0.000865152,-0.00453117,0.0017266,26.3911,-0.0392033,-0.0104261,-0.41607
51.12,0.928859,-0.0237359,0.00899987,-0.369563,-0.0130592,-0.00844011,0.0037607,0.161908,0.72997,0.0540347,0.00162676,-0.00402302,0.00322042,29.739,-0.0638724,0.016441,-0.621877
51.14,0.928856,-0.0237034,0.00901971,-0.369572,0.0136583,0.0153958,0.00160165,0.161915,0.729953,0.0542536,0.000621487,-0.00434158,0.0035691,28.5954,-0.0554063,-0.098876,-0.661918
51.16,0.928861,-0.0237179,0.00900952,-0.369559,0.010341,0.00891111,0.000516053,0.161943,0.729925,0.0546491,0.00149028,-0.00409924,0.0057031,27.1278,0.0155366,-0.0448214,-0.852867
51.18,0.928861,-0.0237567,0.00901869,-0.369555,-0.00655909,-0.00229344,-0.00493768,0.161994,0.729837,0.055398,0.00160378,-0.00360231,0.00593172,28.2121,-0.128514,-0.0236963,-0.712321
51.2,0.928866,-0.0237165,0.00902674,-0.369545,0.000867196,0.00131419,0.000473827,0.162007,0.729805,0.0555823,0.000755734,-0.00310669,0.00255872,26.8794,-0.103546,-0.0674511,-0.625278
51.22,0.928871,-0.0237845,0.00903357,-0.369529,-0.0151285,-0.00700104,-0.00129823,0.162043,0.729723,0.0560947,0.00140001,-0.00316278,0.00584633,28.3339,-0.0623415,-0.0757187,-0.826417
51.24,0.928865,-0.0237955,0.00903247,-0.369543,-0.0188853,-0.00738975,0.00170401,0.162069,0.72967,0.0564291,0.00157261,-0.00344002,0.00548303,26.9348,-0.055101,-0.0585504,-0.731707
51.26,0.928863,-0.0237672,0.00905218,-0.36955,0.0107452,0.0128724,-0.00153263,0.162117,0.729587,0.0569166,0.00112851,-0.00389778,0.00755018,29.0721,-0.0649256,-0.0584276,-0.635097
51.28,0.928866,-0.023758,0.00903299,-0.369543,-0.00516199,-0.00769451,-0.00203144,0.162128,0.729524,0.057036,0.00132858,-0.00337044,0.00244263,27.4991,-0.13962,-0.0137317,-0.647141
51.3,0.928865,-0.0237753,0.00903038,-0.369544,-0.000773675,-0.00162794,-0.00168663,0.162174,0.729355,0.0573741,0.00145332,-0.00380451,0.00746681,30.2273,0.0267077,-0.0623223,-0.668494
51.32,0.928867,-0.0237372,0.00904223,-0.369542,-0.000224598,0.00142095,0.000332511,0.162186,0.729302,0.0574881,0.00117387,-0.00322386,0.00270964,27.3304,-0.0281269,-0.0565073,-0.851184
51.34,0.92887,-0.0238202,0.0090435,-0.369527,-0.0143152,-0.00691763,-0.00560437,0.162241,0.729157,0.0578006,0.00194948,-0.00362694,0.00699944,28.2837,-0.109151,-0.0516799,-0.500947
51.36,0.928873,-0.0237817,0.00905347,-0.369524,0.0146732,0.00702462,0.000904609,0.162282,0.729006,0.0581466,0.000637999,-0.00418836,0.00791012,27.6652,-0.053599,-0.0587766,-0.731484
51.38,0.928872,-0.0237961,0.00906043,-0.369525,-0.0102367,-0.00722554,-0.00874419,0.16229,0.728959,0.0582479,0.00113084,-0.00340388,0.0033902,31.1451,-0.0726461,0.0107651,-0.524324
51.4,0.928878,-0.0237674,0.00904834,-0.369512,0.0150139,0.00560901,-0.00403786,0.162261,0.72884,0.0584715,0.000710516,-0.00427915,0.00861225,29.2417,-0.0815285,-0.0520112,-0.780374
51.42,0.928875,-0.0237821,0.00904699,-0.369519,-0.0045595,0.00399965,-0.00309396,0.162247,0.72876,0.0586167,0.000802542,-0.00430956,0.00873353,25.7682,-0.0461266,-0.0596238,-0.714145
51.44,0.928873,-0.0237156,0.00904725,-0.369528,0.0137711,0.00021796,-0.00012041,0.162222,0.728644,0.0588434,0.000716978,-0.00359283,0.00400555,28.5112,-0.0861166,-0.0328761,-0.681705
51.46,0.928875,-0.0237666,0.00902942,-0.369521,-0.0127502,-0.00588198,2.02341e-05,0.162219,0.72861,0.0589076,0.0011068,-0.00389746,0.00790857,27.8829,-0.070278,0.00234084,-0.51588
51.48,0.928879,-0.0237714,0.00903576,-0.369509,-0.0165112,-0.000592639,-0.00322583,0.162213,0.728532,0.059051,0.00134651,-0.00354885,0.0042461,26.6174,-0.0475339,-0.03923,-0.686082
51.5,0.928882,-0.0237543,0.00902786,-0.369503,-0.0118709,-0.0136994,0.00292306,0.162168,0.72856,0.0591667,0.00104558,-0.00338617,0.00414181,27.5011,-0.0396607,-0.0297727,-0.589406
51.52,0.928885,-0.0237782,0.00904198,-0.369494,0.0140857,0.00579743,-0.00217815,0.162105,0.728603,0.0593332,0.000434986,-0.00416826,0.00905919,29.0584,-0.0877188,-0.0128495,-0.588614
51.54,0.928887,-0.0237838,0.00903182,-0.369489,0.00514329,0.00721396,-0.00144652,0.162066,0.72862,0.0594637,0.00107872,-0.00428761,0.00988486,29.0586,-0.0440857,-0.0719576,-0.805959
51.56,0.92889,-0.0237935,0.00901256,-0.369481,-0.00471612,-0.00246817,0.00110521,0.162032,0.728641,0.0595914,0.00134665,-0.00379479,0.009305,26.9138,-0.100371,-0.0918952,-0.679274
51.58,0.928883,-0.0238061,0.00900558,-0.369499,-0.0133521,-0.00639272,-0.00578416,0.162003,0.728664,0.0597245,0.00127935,-0.00356003,0.00937189,26.4702,-0.0206369,-0.0327565,-0.563486
51.6,0.928895,-0.0237432,0.0090136,-0.369473,0.0207558,0.00657639,0.000978043,0.161854,0.728832,0.0598571,0.00018171,-0.00345041,0.00720876,27.3476,-0.0728734,-0.0504765,-0.796124
51.62,0.928895,-0.0237882,0.00901035,-0.369469,-0.0128003,-0.0122636,-0.00325063,0.1617,0.728987,0.0600103,8.49269e-06,-0.00263259,0.00538475,29.5367,-0.10814,-0.0309248,-0.705688
51.64,0.928889,-0.0237746,0.00900523,-0.369485,0.00966299,0.00512031,-0.00272659,0.161652,0.729041,0.0600548,-0.000304499,-0.00347909,0.0108592,28.8802,-0.0939814,-0.10669,-0.695705
51.66,0.928908,-0.0237482,0.00902773,-0.369439,0.000451467,0.00396369,0.0079335,0.161512,0.729189,0.0602,2.59103e-05,-0.00286173,0.00616667,27.1618,0.0144164,-0.0390503,-0.754202
51.68,0.928899,-0.0237744,0.00901619,-0.36946,-0.0117427,-0.00628716,-0.00251975,0.161336,0.729379,0.0603037,0.000774,-0.00343425,0.00958427,30.2559,-0.111756,-0.0630676,-0.711878
51.7,0.928897,-0.0237693,0.0090214,-0.369464,-0.0135651,-0.0056283,-0.00549081,0.16115,0.72957,0.0603293,0.0003623,-0.00320043,0.00931142,26.669,-0.0544425,-0.0202364,-0.786329
51.72,0.928898,-0.0237358,0.00904273,-0.369463,0.00644002,0.014543,-0.00623472,0.16106,0.729659,0.0603503,-0.00029332,-0.00338527,0.00680082,27.2367,-0.065203,-0.0626385,-0.710335
51.74,0.928909,-0.0237878,0.00907637,-0.369431,-0.0164242,-0.0056816,0.000431025,0.160817,0.729914,0.0603877,0.000311648,-0.00287923,0.00557377,29.097,-0.126273,-0.0528227,-0.65209
51.76,0.928904,-0.0237839,0.00908559,-0.369444,0.00999452,0.0124902,-0.00207526,0.160739,0.729998,0.0604056,-0.000374088,-0.00361277,0.0106747,30.8924,-0.0612806,-0.0477763,-0.517305
51.78,0.928904,-0.0237578,0.00907387,-0.369447,0.00148951,-0.00501372,-0.00108504,0.160444,0.730243,0.0604193,-0.00056572,-0.00282276,0.00535211,28.6295,-0.0470676,-0.0274165,-0.708676
51.8,0.92891,-0.0238197,0.00910157,-0.369428,-0.0153527,-0.00182632,0.00176855,0.160034,0.730506,0.0603538,-0.00131415,-0.00306934,0.00971427,26.6741,-0.0702165,-0.0732282,-0.66599
51.82,0.928915,-0.0237673,0.00909851,-0.369417,0.0102704,-0.000593852,0.00177905,0.159895,0.730587,0.0603441,-0.00186072,-0.00268591,0.00566891,26.9996,-0.0633707,-0.0344464,-0.758431
51.84,0.928915,-0.0238232,0.00910012,-0.369413,-0.0227953,-0.0080058,0.00133468,0.159479,0.730826,0.0603238,-0.00187531,-0.00194924,0.00518066,29.0694,-0.0719338,-0.0787381,-0.758959
51.86,0.928913,-0.0238046,0.00910667,-0.369421,-0.0105278,-0.00823977,-0.00653676,0.159219,0.730981,0.0603125,-0.00176238,-0.00242541,0.00515645,26.1466,-0.0665762,0.0191813,-0.747401
51.88,0.928916,-0.0238145,0.00913276,-0.369411,0.00289491,0.00778962,-0.00203693,0.158829,0.731216,0.0602883,-0.00295249,-0.00277717,0.0104249,30.3561,-0.107108,-0.0660591,-0.523205
51.9,0.928917,-0.0237725,0.00913324,-0.369411,-0.002727,-0.000190805,-0.000431537,0.158686,0.7313,0.0602713,-0.00268457,-0.00219279,0.00549763,26.6182,-0.075683,-0.0395468,-0.778278
51.92,0.928914,-0.0238047,0.0091228,-0.369417,-0.00569799,0.00324429,-0.00369128,0.158282,0.731545,0.0602225,-0.00336765,-0.00267202,0.010114,28.1847,0.0228198,-0.0776081,-0.813694
51.94,0.928913,-0.0237598,0.00913237,-0.369423,0.00582194,0.00054433,-0.000292195,0.158148,0.731622,0.0602085,-0.00352903,-0.00197037,0.00534357,29.2086,-0.101841,-0.0852123,-0.637758
51.96,0.928929,-0.0237837,0.00914237,-0.369381,0.0140011,0.00938455,0.00345451,0.157644,0.731915,0.0601457,-0.00455491,-0.0029164,0.00945587,28.2681,-0.0838568,-0.0731864,-0.591764
51.98,0.928932,-0.0237826,0.00912398,-0.369373,-0.00963686,-0.0117872,0.00399675,0.157516,0.731982,0.0601285,-0.00387072,-0.00246023,0.00515141,29.1002,-0.072876,-0.0145655,-0.741568
52,0.928932,-0.0237675,0.00913534,-0.369373,-0.00537596,-0.00252456,-0.00237635,0.157265,0.732126,0.0601171,-0.00430051,-0.00241126,0.00473296,28.1056,-0.0949229,-0.118431,-0.810314
52.02,0.928935,-0.0237632,0.00912942,-0.369367,-0.00166317,0.00202371,-0.00178916,0.157019,0.732264,0.0601104,-0.00466658,-0.00243462,0.0045343,26.8011,-0.0313656,0.0048272,-0.797334
52.04,0.928923,-0.023784,0.00909951,-0.369396,-0.00239572,-0.00297838,-0.0056072,0.15666,0.732462,0.0601154,-0.00510826,-0.00292746,0.00987233,29.2988,-0.138356,-0.0434357,-0.689333
52.06,0.928928,-0.0237147,0.00910139,-0.369389,0.0237827,0.0102196,-0.0018601,0.156302,0.732631,0.0601574,-0.00563452,-0.00311635,0.00877937,26.7868,-0.0335777,-0.0615909,-0.765036
52.08,0.92893,-0.0237609,0.00908166,-0.369381,-0.0166782,-0.00971416,-0.00215287,0.156188,0.732688,0.0601596,-0.00481232,-0.00257138,0.0057687,28.1203,-0.0488657,-0.075124,-0.735664
52.1,0.928939,-0.0237354,0.00908014,-0.369361,0.00655334,0.00747847,0.00622128,0.15591,0.732796,0.060248,-0.00655422,-0.00269609,0.0092008,29.3355,-0.0542538,-0.0734139,-0.756616
52.12,0.928934,-0.0237436,0.00907963,-0.369371,0.0045515,0.00912574,-0.00669714,0.155722,0.732869,0.0603058,-0.00684287,-0.00301442,0.00932152,25.5381,-0.123936,0.0113292,-0.770327
52.14,0.928944,-0.0237066,0.0090716,-0.369348,0.00448279,-0.00100529,-0.00299911,0.155462,0.732963,0.0603811,-0.0057897,-0.00249005,0.00421063,28.069,-0.0850866,-0.0597782,-0.648628
52.16,0.928947,-0.0237842,0.00908096,-0.369336,-0.010976,-0.00170111,-0.00116861,0.155381,0.732991,0.0604089,-0.00646615,-0.00322793,0.00921663,28.6946,-0.0297091,-0.0129786,-0.77181
52.18,0.928946,-0.0237105,0.00909146,-0.369343,0.0128629,0.0053992,0.00258366,0.155139,0.733023,0.060547,-0.0069713,-0.0037864,0.00756105,28.9415,-0.09657,-0.0767258,-0.636517
52.2,0.928947,-0.0237549,0.00906687,-0.369338,-0.00498893,-0.0072621,0.00174682,0.155075,0.733015,0.0605869,-0.00583067,-0.00279093,0.0056304,27.099,0.0119492,-0.0409952,-0.729872
52.22,0.928942,-0.0237377,0.00905769,-0.369352,0.011744,0.00258568,-0.00489896,0.154886,0.732988,0.0607424,-0.00701876,-0.00374322,0.00773981,26.9254,-0.0802105,-0.122473,-0.80115
52.24,0.928947,-0.0237231,0.0090715,-0.36934,-0.00124933,-0.00121319,0.00386684,0.154705,0.732961,0.0608774,-0.00579775,-0.00282589,0.00381343,27.8118,-0.0290826,-0.00709388,-0.711334
52.26,0.928954,-0.0237543,0.00906781,-0.369322,0.00454816,0.00779024,0.00149583,0.154648,0.732951,0.0609315,-0.00659852,-0.00372378,0.00875495,31.5932,-0.0584648,-0.0755676,-0.55882
52.28,0.928954,-0.0236873,0.00906627,-0.369326,0.00876863,0.005704,-0.000620052,0.154512,0.73291,0.0611179,-0.00655249,-0.00328169,0.00611934,30.0677,-0.0450189,-0.00971723,-0.732356
52.3,0.928957,-0.023703,0.00906579,-0.369316,0.00964722,0.0064571,0.00484842,0.154489,0.732874,0.0612794,-0.00662272,-0.00374129,0.0069917,25.1922,-0.0459168,-0.0685429,-0.656142
52.32,0.928961,-0.0237271,0.00903002,-0.369305,-0.0117879,-0.0119093,-0.000620625,0.154445,0.732807,0.0615157,-0.00605201,-0.00353003,0.00659106,28.8807,-0.0639951,-0.0806237,-0.778115
52.34,0.928959,-0.0236707,0.00904283,-0.369314,0.024664,0.00938188,-0.00215909,0.154432,0.732787,0.0616033,-0.00704728,-0.00392274,0.00819946,26.7655,-0.0728894,-0.0357491,-0.747472
52.36,0.928964,-0.0236845,0.00903559,-0.369302,-0.00205958,-0.00622267,0.00137376,0.154399,0.732729,0.0618263,-0.00549596,-0.00359177,0.00541637,28.5153,-0.044194,-0.0364656,-0.697944
52.38,0.928959,-0.0237237,0.00903615,-0.369311,-0.00041678,0.00549181,-0.00284294,0.154384,0.732704,0.0619025,-0.00574929,-0.00378705,0.00881766,27.1317,-0.108614,-0.0425067,-0.756125
52.4,0.928965,-0.0236758,0.00906936,-0.369297,0.00833325,0.0120936,0.00148842,0.154495,0.732618,0.0623731,-0.00671385,-0.00420887,0.0072231,28.2906,-0.0209044,-0.0732348,-0.621665
52.42,0.928966,-0.0236763,0.00905389,-0.369296,0.013543,0.00457744,-0.000930065,0.154559,0.732558,0.062676,-0.00673099,-0.00447093,0.00779051,31.0807,-0.0895186,-0.0488402,-0.636505
52.44,0.928965,-0.0236763,0.00904945,-0.369299,0.0152194,0.00536848,-0.00325176,0.154612,0.732495,0.0629778,-0.00673331,-0.00466125,0.00809405,27.8754,-0.0202275,-0.050176,-0.830843
52.46,0.928968,-0.0237033,0.00906925,-0.369289,0.0145429,0.0113883,0.000379111,0.15467,0.732434,0.0632685,-0.00587872,-0.00467263,0.0090291,27.1569,-0.0692884,-0.0744763,-0.828746
52.48,0.928964,-0.0236943,0.00908397,-0.369299,-0.00916057,-0.00248851,-0.0029055,0.154806,0.732303,0.0637319,-0.00506747,-0.00473868,0.00706647,26.5517,-0.0229205,-0.0123755,-0.752182
52.5,0.928962,-0.023727,0.00909781,-0.369303,0.000527348,-0.00145108,-0.00776646,0.155054,0.732122,0.0642361,-0.00410681,-0.00535446,0.0100225,28.7183,-0.118517,-0.0226818,-0.772999
52.52,0.928959,-0.0236689,0.00909637,-0.369314,0.00860443,0.00500958,-0.00329774,0.155132,0.732059,0.0644133,-0.00476376,-0.00532235,0.00799389,31.2012,-0.0155425,-0.0253814,-0.709804
52.54,0.92897,-0.0237406,0.00911301,-0.369281,-0.0176011,0.000856923,0.00341655,0.155363,0.731877,0.0648888,-0.0037428,-0.00536014,0.00947444,27.7531,-0.0274438,-0.106022,-0.846976
52.56,0.92898,-0.0237053,0.00906797,-0.369258,-0.00551882,-0.00924069,0.00286086,0.155509,0.731765,0.0651919,-0.0037048,-0.00528028,0.00885771,28.1414,-0.0994946,-0.0409907,-0.707181
52.58,0.928988,-0.0237113,0.00906305,-0.369239,-0.0184039,-0.00208508,0.00730139,0.155643,0.731651,0.0654889,-0.00423859,-0.00556905,0.00846302,28.0196,-0.0430474,-0.0416477,-0.800284
52.6,0.928989,-0.0237197,0.00903238,-0.369237,-0.0130623,-0.00752488,-5.09114e-05,0.155822,0.731513,0.0657907,-0.00533648,-0.00643878,0.007571,26.4192,-0.0638666,-0.0680383,-0.814183
52.62,0.928987,-0.0237131,0.00901187,-0.369241,-0.000432727,0.00751208,0.00065315,0.156063,0.731308,0.0662162,-0.0059088,-0.00747918,0.0112202,29.2691,-0.0363569,-0.0377999,-0.690576
52.64,0.928987,-0.0236746,0.00899625,-0.369245,0.0106186,-0.002118,-0.00180914,0.156129,0.731232,0.0663674,-0.00685551,-0.00787472,0.00879104,27.5024,-0.0539347,-0.026711,-0.719586
52.66,0.929,-0.0237058,0.00899158,-0.369211,-0.00713615,-0.00042416,-0.00138733,0.156303,0.730997,0.0667974,-0.00675556,-0.00823455,0.0111294,26.8029,-0.0594628,-0.0952871,-0.835605
52.68,0.929,-0.0236659,0.00898144,-0.369214,0.0110007,0.00229182,0.000987833,0.156466,0.730723,0.0672519,-0.00864983,-0.00803513,0.0105468,29.2194,-0.0190563,-0.0371338,-0.701515
52.7,0.929001,-0.0236733,0.00898061,-0.36921,-0.00976078,-0.0067205,-0.00201172,0.156526,0.730619,0.0673942,-0.00777337,-0.00786347,0.00661029,29.4231,-0.0814431,-0.0666899,-0.755925
52.72,0.928996,-0.0236314,0.00897705,-0.369225,0.0071892,0.00538391,-0.00293891,0.156687,0.730304,0.0678289,-0.00895995,-0.00865945,0.0109055,27.4917,-0.0608006,-0.0729205,-0.786354
52.74,0.928992,-0.0236285,0.00897168,-0.369236,0.00258717,0.00120067,-0.00105949,0.156774,0.730091,0.0681106,-0.00933878,-0.00926151,0.0114362,26.4475,-0.0667828,-0.0574875,-0.67702
52.76,0.928995,-0.0235633,0.00895636,-0.369232,0.0121804,0.00502199,-0.000495158,0.156867,0.729769,0.0685428,-0.00921563,-0.0101798,0.0102991,28.5283,-0.0339405,-0.00672765,-0.835588
52.78,0.928995,-0.0235998,0.00893926,-0.36923,-0.00407182,-0.00518563,0.00242044,0.156901,0.729664,0.068665,-0.00831304,-0.00957932,0.00806917,30.3187,-0.0323513,-0.0731585,-0.750842
52.8,0.929,-0.0235628,0.00893852,-0.369222,0.0136757,0.0063366,0.00516716,0.157037,0.729178,0.0690659,-0.00897151,-0.010536,0.0110956,29.377,-0.0920518,-0.046879,-0.526388
52.82,0.929007,-0.0235887,0.00891527,-0.369203,-0.0106463,-0.00901295,0.00755078,0.157077,0.729019,0.0691878,-0.00795878,-0.010076,0.00768748,27.3324,-0.0426897,-0.0756346,-0.643097
52.84,0.929005,-0.0235847,0.00890873,-0.369207,0.00709477,0.00512768,-0.00442302,0.157188,0.72854,0.0695763,-0.00900295,-0.0113169,0.0119151,30.7227,-0.092461,-0.0550024,-0.710068
52.86,0.929008,-0.0236114,0.00888416,-0.369198,-0.00329003,-0.000298092,0.00214397,0.157251,0.728216,0.0698378,-0.00868855,-0.0119781,0.0130056,25.1384,-0.0843585,-0.0720992,-0.737469
52.88,0.929006,-0.0236035,0.00885357,-0.369205,-0.015428,-0.00541023,-0.00624377,0.157301,0.727872,0.0701123,-0.0075764,-0.012137,0.010608,27.4188,-0.0483205,-0.0422559,-0.795076
52.9,0.929006,-0.0235857,0.00883515,-0.369208,-0.0102068,-0.00289112,-0.00475098,0.157418,0.727454,0.0703359,-0.007715,-0.0124881,0.0111689,29.4951,-0.0704866,-0.0559352,-0.790214
52.92,0.928999,-0.0235428,0.00883336,-0.369226,0.0130887,0.00880342,-0.000750762,0.157567,0.726837,0.0706845,-0.00869444,-0.0134602,0.0126782,28.4446,-0.10768,-0.00913812,-0.563109
52.94,0.928996,-0.0235643,0.00881179,-0.369235,-0.00695261,-0.0103346,0.00302372,0.157689,0.726224,0.0710137,-0.00773874,-0.0133518,0.00955722,28.5958,-0.0722915,-0.112108,-0.652426
52.96,0.928991,-0.0235926,0.00883227,-0.369243,0.00313391,0.0103845,-0.00361034,0.157735,0.726036,0.0711246,-0.00863663,-0.0142778,0.0133527,28.0757,-0.0473607,-0.0143049,-0.64074
52.98,0.92899,-0.0235545,0.00882899,-0.369249,-0.00657936,0.00252936,0.000669131,0.157878,0.725431,0.0713365,-0.00795677,-0.0138442,0.0103265,28.1808,-0.0542099,-0.0623191,-0.747415
53,0.92899,-0.0235389,0.00885015,-0.36925,0.00631763,0.00561935,0.00530184,0.157994,0.725037,0.0714363,-0.0073661,-0.014215,0.0100265,28.7784,-0.045272,-0.0113114,-0.767775
53.02,0.928991,-0.023582,0.00884296,-0.369244,-0.0107544,-0.00527286,-0.00270768,0.158161,0.72446,0.0715743,-0.00599095,-0.0140513,0.0103421,25.7968,-0.0330627,-0.0646995,-0.762272
53.04,0.92899,-0.0235411,0.00884697,-0.369249,0.0151352,0.0126349,-0.000840044,0.158214,0.724266,0.071635,-0.00675403,-0.014779,0.0105779,28.8501,-0.0812748,-0.0208042,-0.595433
53.06,0.928997,-0.0234237,0.00887249,-0.36924,0.000406879,-0.0036019,0.000566217,0.158352,0.723676,0.0717769,-0.00669661,-0.0159103,0.00947904,26.4199,-0.055515,-0.0769467,-0.782952
53.08,0.928983,-0.0234423,0.00888616,-0.369273,0.00367502,0.00874545,-0.00926204,0.158388,0.723468,0.0718448,-0.00802144,-0.0177378,0.0127393,30.684,-0.0735507,-0.0773135,-0.712507
53.1,0.928955,-0.0235331,0.0088396,-0.369337,-0.00255368,-0.0081037,-0.00882412,0.158474,0.722989,0.0719312,-0.00733877,-0.0187791,0.0129173,31.0844,0.00782778,-0.010988,-0.787237
53.12,0.928872,-0.023566,0.00871212,-0.369548,-0.00741191,-0.0145949,-0.0193859,0.158619,0.722057,0.0721306,-0.00832113,-0.019805,0.0132988,29.439,-0.0604081,0.0229905,-0.712163
53.14,0.928818,-0.0234966,0.0086844,-0.369688,0.0154164,0.00325389,-0.0319137,0.158639,0.721819,0.0722062,-0.00984371,-0.0204653,0.0119396,26.8554,-0.0669298,-0.0314164,-0.783507
53.16,0.928607,-0.0235737,0.00847527,-0.370218,-0.00999123,-0.0170296,-0.0479501,0.158654,0.721132,0.0723932,-0.0105231,-0.0198009,0.0124158,28.6739,-0.0592498,-0.0763212,-0.700465
53.18,0.928459,-0.0235422,0.00843145,-0.370591,-0.00791421,-0.0095173,-0.0364197,0.158646,0.720705,0.0724463,-0.0113466,-0.018697,0.00981137,26.3765,-0.0508827,-0.0595613,-0.720994
53.2,0.928359,-0.0233873,0.00865264,-0.370848,0.0136744,0.0355546,-0.0104481,0.158569,0.720055,0.0724419,-0.0142291,-0.0183261,0.0114249,30.0261,-0.00865143,-0.0251202,-0.694318
53.22,0.92834,-0.0232863,0.00875762,-0.3709,0.00714003,0.0242615,-0.00687416,0.158523,0.719851,0.0724441,-0.0158736,-0.0181674,0.00769424,29.3701,-0.0945986,0.0406904,-0.579228
53.24,0.928242,-0.0231609,0.00922008,-0.37114,-0.0125487,0.036856,-0.0248326,0.158333,0.719246,0.0724299,-0.0178596,-0.0188943,0.0104176,28.1831,-0.0136181,-0.0942026,-0.819855
53.26,0.928194,-0.0230736,0.00940102,-0.371261,0.00519645,0.0414321,-0.031603,0.158247,0.719041,0.0724413,-0.0196565,-0.0192361,0.00870974,27.7393,-0.0736401,-0.0396833,-0.727719
53.28,0.928112,-0.022871,0.0100331,-0.371463,0.00257018,0.0542796,-0.0111208,0.157966,0.7184,0.0723761,-0.0200825,-0.0222772,0.00578921,26.9845,-0.0848987,-0.068727,-0.694139
53.3,0.928068,-0.02267,0.0103806,-0.371575,-0.00345083,0.036723,-0.0178517,0.157743,0.717942,0.072247,-0.0221493,-0.0231979,0.00530823,29.3025,-0.0310747,-0.0239471,-0.695668
53.32,0.927997,-0.0226453,0.0107116,-0.371745,-0.0160503,0.0334104,-0.0254477,0.157446,0.717443,0.0721623,-0.0238721,-0.0234828,0.00672655,27.8973,-0.0351506,0.00722117,-0.605736
53.34,0.927922,-0.0227124,0.0113006,-0.37191,-0.0270251,0.0434812,-0.00505155,0.157052,0.716765,0.0721023,-0.0208978,-0.0219401,0.0112938,28.3481,-0.0638214,-0.0331962,-0.780922
53.36,0.927937,-0.0228095,0.0115278,-0.37186,-0.0190776,0.0226368,0.00263881,0.156844,0.716345,0.0721222,-0.0164942,-0.0210221,0.0123916,27.4201,-0.0487039,-0.0576462,-0.828358
53.38,0.927999,-0.022804,0.0116045,-0.371704,0.0144385,-0.00652922,0.0143742,0.156708,0.715816,0.0720699,-0.0114679,-0.0226656,0.0105323,28.3322,-0.049351,-0.0273458,-0.631114
53.4,0.928007,-0.0227944,0.0115313,-0.371687,-0.00129606,-0.0152007,-0.0018304,0.15669,0.715643,0.0719963,-0.00938702,-0.0236706,0.0104716,28.3397,-0.0375077,-0.0449723,-0.699791
53.42,0.928016,-0.0227932,0.0111986,-0.371674,0.0188624,-0.0250077,-0.00557737,0.156654,0.715018,0.0718364,-0.00841099,-0.0275423,0.0118407,26.6682,-0.0418871,-0.0244191,-0.737357
53.44,0.928018,-0.0227739,0.0110297,-0.371675,0.00877184,-0.0362137,0.00216748,0.156643,0.714797,0.0717899,-0.00857881,-0.0294673,0.0106181,28.7306,-0.0452588,-0.0226339,-0.649757
53.46,0.928057,-0.0229049,0.0104187,-0.371588,0.0134708,-0.0412804,0.00626018,0.156517,0.713783,0.0716504,-0.0130416,-0.034134,0.0108615,29.9689,-0.0582759,-0.031198,-0.775401
53.48,0.928069,-0.02296,0.0103062,-0.371557,-0.00655958,-0.0238121,0.00739449,0.156454,0.71351,0.0716163,-0.0148846,-0.0344825,0.0113546,28.636,-0.0421722,-0.0430919,-0.722768
53.5,0.928047,-0.0228686,0.0102453,-0.371618,0.0181494,0.0317447,-0.0102844,0.156266,0.71304,0.0714693,-0.0202581,-0.0333435,0.000606561,29.0889,-0.0584745,-0.0445543,-0.756896
53.52,0.927939,-0.0219619,0.011055,-0.371921,0.0811247,0.158054,-0.0459203,0.15601,0.71258,0.0711277,-0.0242495,-0.0406617,-0.00445241,27.4688,-0.0226747,0.0237882,-0.658477
53.54,0.927882,-0.0222839,0.0113822,-0.372034,-0.0914959,-0.117016,0.0209967,0.15551,0.711612,0.0712393,-0.0243012,-0.0474939,0.0292269,28.0633,0.00219506,-0.119337,-0.678235
53.56,0.928075,-0.0223832,0.0111932,-0.37155,0.0448885,0.06957,0.00988057,0.155118,0.710416,0.0712283,-0.0224971,-0.0599816,-0.00151755,30.8544,-0.099355,0.0289702,-0.613198
53.58,0.92806,-0.0220942,0.0115424,-0.371597,0.0251173,0.0931603,-0.0205048,0.154965,0.709957,0.0711073,-0.0261189,-0.0616054,-0.00155233,28.7868,0.009556,0.0292893,-0.650805
53.6,0.927741,-0.0212904,0.0120974,-0.37242,0.0399492,0.0614283,-0.0852861,0.154297,0.708622,0.0706196,-0.0373749,-0.0626618,-0.00934509,26.7122,-0.0416833,-0.0263299,-0.677251
53.62,0.927534,-0.0210457,0.0128588,-0.372923,-0.0146875,0.0863835,-0.0434586,0.153742,0.7078,0.0703385,-0.0393399,-0.0582483,0.00168793,27.1645,-0.0313458,-0.0992206,-0.739904
53.64,0.927527,-0.0211048,0.0135341,-0.372915,-0.0324865,0.0446254,0.0256844,0.153128,0.706968,0.0703302,-0.0380294,-0.0535934,0.0165446,27.0154,0.00366756,0.00422062,-0.656362
53.66,0.927641,-0.0213111,0.0138082,-0.372609,-0.0349251,0.0064048,0.0372148,0.15259,0.706268,0.0704435,-0.0364235,-0.0513772,0.0166716,29.0179,-0.0213827,-0.00555721,-0.720566
53.68,0.927675,-0.0220011,0.0135871,-0.372491,-0.0437636,-0.0519476,-0.020399,0.151833,0.705353,0.0705535,-0.0328799,-0.0459024,0.0119302,29.1,-0.00131338,-0.0926009,-0.872627
53.7,0.927633,-0.0222029,0.0135064,-0.372589,-0.0272425,-0.0278549,-0.0280678,0.151611,0.705118,0.0705907,-0.0311283,-0.0431383,0.0138253,27.6684,0.02396,-0.0358756,-0.651691
53.72,0.927573,-0.0223652,0.0130795,-0.372742,0.0169153,-0.043239,-0.00278919,0.15104,0.704506,0.0707279,-0.025254,-0.0382567,0.012879,29.8704,-0.0518997,-0.0425618,-0.704284
53.74,0.927626,-0.0224449,0.0127346,-0.372617,0.0144395,-0.0472855,0.0242409,0.150679,0.704069,0.0708438,-0.0243574,-0.0383764,0.0121877,28.3666,-0.0770513,-0.0127792,-0.704963
53.76,0.927702,-0.0223841,0.0124428,-0.372441,0.0327357,-0.0301012,0.0262406,0.150341,0.703638,0.0709056,-0.0263087,-0.0417827,0.0109766,29.4848,0.0157629,-0.0238751,-0.83776
53.78,0.927736,-0.0226063,0.0119069,-0.372362,-0.023712,-0.0586188,-0.000482597,0.149736,0.702873,0.0710297,-0.0298461,-0.0454093,0.011016,29.5466,-0.0310688,-0.0779691,-0.664536
53.8,0.927727,-0.0227999,0.0115371,-0.372383,-0.00352369,-0.0492651,-0.00444544,0.149313,0.702422,0.0710422,-0.0324042,-0.0464512,0.00998631,28.5045,-0.0675866,0.00120918,-0.757841
53.82,0.927723,-0.0230578,0.0111843,-0.372388,-0.0120766,-0.0213108,0.00131002,0.148598,0.70172,0.0710522,-0.0361077,-0.0446752,0.0118154,27.3398,-0.028507,-0.0707286,-0.710543
53.84,0.927734,-0.0231279,0.0110551,-0.37236,-0.00135627,-0.0314849,0.00463692,0.148334,0.701494,0.0710628,-0.0369448,-0.0439215,0.00972041,27.9172,-0.0158502,-0.0102186,-0.828447
53.86,0.92778,-0.0232561,0.0108755,-0.372243,-0.0121795,-0.00472388,0.000999098,0.147406,0.700744,0.0710746,-0.0400644,-0.0416816,0.00750784,27.1077,-0.0324581,-0.0731162,-0.605831
53.88,0.92779,-0.0232669,0.0108318,-0.372218,0.00640093,-0.0138833,0.00741743,0.147099,0.700532,0.0710756,-0.041947,-0.0404059,0.00934574,30.5597,-0.024933,-0.0327121,-0.709416
53.9,0.927791,-0.0232389,0.010772,-0.37222,0.00313703,-0.00166071,0.00107722,0.146205,0.700086,0.0709251,-0.0438768,-0.0392865,0.00566046,27.4559,-0.0628685,-0.0446239,-0.636535
53.92,0.927798,-0.0231569,0.0108065,-0.372207,0.0081498,0.00606775,-0.000478767,0.145595,0.699836,0.0707823,-0.0456409,-0.0390714,0.00546816,26.3858,-0.00441752,-0.02854,-0.8371
53.94,0.927815,-0.0231542,0.0108451,-0.372163,0.00914999,-0.00377977,0.00764996,0.144943,0.699566,0.0706555,-0.0475048,-0.0397463,0.0055147,30.4051,-0.0321865,-0.0844578,-0.65522
53.96,0.927823,-0.0230776,0.0109109,-0.372147,0.00968165,0.00206324,-0.000973187,0.144249,0.699258,0.0705409,-0.0497021,-0.0409967,0.00600702,27.8979,-0.0271736,-0.0494079,-0.717723
53.98,0.92784,-0.0231249,0.0110091,-0.372098,-0.0119303,0.00658065,0.00706864,0.143195,0.698814,0.0703646,-0.0510706,-0.0430904,0.0075174,27.5875,0.00752145,-0.0587112,-0.662548
54,0.927846,-0.0231336,0.0110586,-0.372082,0.00526532,-0.00151499,0.00156559,0.142115,0.698404,0.07016,-0.0528858,-0.0439077,0.00802548,28.2489,0.00104174,-0.0591817,-0.72936
54.02,0.927847,-0.023143,0.0110691,-0.372077,-0.00558354,0.00771283,0.00376418,0.141768,0.698276,0.0700924,-0.0520371,-0.0440403,0.00516133,28.9076,-0.068291,-0.0644508,-0.743701
54.04,0.927945,-0.0228376,0.011191,-0.371848,0.0376159,0.00907263,0.033766,0.140757,0.697835,0.0698567,-0.0517603,-0.0457629,0.00636353,25.9656,0.0189869,-0.0294877,-0.776945
54.06,0.928049,-0.0227507,0.0111061,-0.371596,-0.00594571,-0.00128839,0.0256855,0.140035,0.697479,0.0697507,-0.0537695,-0.0483709,0.00821989,29.5189,0.00532548,-0.0383481,-0.745289
54.08,0.928028,-0.0227161,0.0109861,-0.371656,0.0140942,-0.0298413,-0.0306673,0.138932,0.69691,0.0695834,-0.0579852,-0.0502301,0.00559629,28.0824,-0.0346054,-0.0197866,-0.710189
54.1,0.927955,-0.022792,0.0108019,-0.371837,-0.00557934,-0.0380184,-0.0524394,0.138494,0.696695,0.069524,-0.0589941,-0.0492637,0.00659556,29.8383,0.0175973,-0.0165452,-0.515076
54.12,0.927646,-0.0227187,0.0103687,-0.372625,0.0363367,-0.0125648,-0.0711194,0.13737,0.696279,0.0693315,-0.0621096,-0.0455925,0.00465875,29.1732,-0.00987295,-0.0634083,-0.730997
54.14,0.927546,-0.02256,0.0102681,-0.372885,0.0367841,-0.00504114,-0.0549242,0.136969,0.696158,0.0692526,-0.0626399,-0.0433991,0.00264953,27.2461,0.0216162,-0.0848562,-0.785681
54.16,0.927351,-0.0220024,0.0099879,-0.373412,0.0487436,0.02054,-0.0357267,0.135663,0.695868,0.0689932,-0.0689966,-0.0381219,0.000297321,26.8449,-0.0405634,-0.0782795,-0.635407
54.18,0.92724,-0.0213186,0.0099848,-0.373727,0.0748154,0.0414448,-0.0381039,0.134781,0.695783,0.0687349,-0.0738846,-0.0352274,-0.00314236,30.3613,0.00549879,-0.0471686,-0.773671
54.2,0.927096,-0.0204676,0.00999168,-0.37413,0.0812063,0.0507093,-0.0557894,0.133881,0.695797,0.0684033,-0.0794815,-0.0324315,-0.00683188,27.0765,-0.0339669,-0.0709987,-0.671837
54.22,0.926821,-0.0190402,0.0102881,-0.374879,0.08437,0.0721898,-0.0523194,0.132185,0.695814,0.0678165,-0.0867621,-0.0281022,-0.0102831,27.4136,0.0294391,-0.103386,-0.76366
54.24,0.926685,-0.0183254,0.0108263,-0.375235,0.0438559,0.0749121,-0.0344575,0.131045,0.695901,0.0674692,-0.0879437,-0.0240221,-0.00502078,26.8107,-0.0216301,-0.0208395,-0.762421
54.26,0.926629,-0.0174897,0.0116138,-0.375392,0.0340357,0.073471,-0.00358804,0.129285,0.696082,0.0671521,-0.0865793,-0.0219686,0.00102793,30.1644,-0.00451409,-0.109278,-0.684264
54.28,0.926618,-0.0172308,0.0119094,-0.37542,0.0301163,0.0785863,-0.00698311,0.128698,0.696132,0.0670926,-0.0872776,-0.0227229,0.00463169,26.6028,0.000482997,-0.0255415,-0.629429
54.3,0.926522,-0.0166074,0.0123248,-0.375672,0.0325639,0.0201715,-0.0290863,0.12727,0.696433,0.0668388,-0.0848228,-0.027137,0.00280382,28.5237,-0.000195038,-0.0706719,-0.685443
54.32,0.92647,-0.0165505,0.0123039,-0.375803,0.0228751,0.00322374,-0.0348888,0.126675,0.696444,0.0667599,-0.0831904,-0.029789,0.00564567,29.4575,0.0305695,-0.0919218,-0.734004
54.34,0.926274,-0.0163654,0.012135,-0.376299,-0.0127759,-0.0174776,-0.0282745,0.124898,0.69633,0.0665733,-0.074608,-0.0411202,0.00902359,26.5368,-0.0172636,-0.101337,-0.579586
54.36,0.926234,-0.0163327,0.0120728,-0.376403,0.0151283,-0.00475262,-0.0249965,0.124487,0.696216,0.0665719,-0.0732663,-0.0451589,0.0103948,29.871,-0.0211101,-0.0676592,-0.68822
54.38,0.926156,-0.0166542,0.0117763,-0.376589,-0.0334837,-0.0601247,-0.0141819,0.123446,0.695786,0.0665156,-0.0658315,-0.0523947,0.00990765,27.5122,0.00158976,-0.065232,-0.78903
54.4,0.926142,-0.0168499,0.0115386,-0.376622,-0.0091444,-0.068365,-0.00989825,0.123194,0.695665,0.0664824,-0.0647813,-0.0546846,0.0123916,29.1416,-0.0234026,-0.0224483,-0.728837
54.42,0.926142,-0.0173117,0.0106291,-0.376627,-0.00938344,-0.070256,0.00077983,0.122416,0.695125,0.0663727,-0.0578677,-0.0553561,0.00929068,27.8579,-0.0263678,-0.0409475,-0.607119
54.44,0.926115,-0.0178348,0.00973107,-0.376693,-0.00798841,-0.0963414,-0.010087,0.121797,0.694645,0.0662817,-0.0547459,-0.0505748,0.0102561,28.2659,0.0331979,-0.0272599,-0.72597
54.46,0.926098,-0.0180307,0.00922184,-0.37674,0.00315293,-0.132566,-0.0140969,0.121581,0.694506,0.0662576,-0.0562995,-0.0481817,0.00908648,28.3464,0.00512695,-0.0855384,-0.738907
54.48,0.925989,-0.0182273,0.0081747,-0.377023,0.00749975,-0.0109551,-0.0227047,0.121,0.694234,0.0660709,-0.0562602,-0.0451355,0.00633887,28.2311,-0.0375005,-0.0250057,-0.635974
54.5,0.925918,-0.0182856,0.00791027,-0.377198,-0.00848858,-0.0564314,-0.0285893,0.120714,0.694205,0.0659032,-0.0601692,-0.0400946,0.00639563,29.1537,0.00675453,-0.0260285,-0.720368
54.52,0.925844,-0.0183879,0.00721273,-0.37739,0.0161679,0.0179783,-0.00261852,0.12001,0.694188,0.0656189,-0.0644395,-0.0374181,0.00427115,26.8826,-0.0120415,-0.0537587,-0.605117
54.54,0.925852,-0.0182118,0.0073596,-0.377376,0.0205218,0.0533839,0.00492986,0.119765,0.69418,0.0655315,-0.0666985,-0.0383977,0.00489287,27.5681,0.0277005,-0.0709402,-0.790697
54.56,0.925867,-0.0180267,0.00757615,-0.377344,-0.0113503,-0.0131299,-0.00355933,0.118841,0.694084,0.0653287,-0.0755309,-0.0398594,0.00523211,26.0498,0.00646806,-0.0754049,-0.674088
54.58,0.925825,-0.0180112,0.00750809,-0.377448,0.0111394,-0.00639739,-0.0328352,0.118463,0.694027,0.0652459,-0.078615,-0.0406075,0.00169593,29.5766,-0.025086,-0.0850168,-0.655275
54.6,0.925644,-0.0178332,0.0079537,-0.377892,-0.0148484,0.0398936,-0.0274322,0.117541,0.694038,0.0647878,-0.0802203,-0.0360786,0.000504271,26.6191,0.018711,-0.0506979,-0.731156
54.62,0.92561,-0.0178068,0.00815988,-0.377972,-0.017176,0.0215387,0.00366006,0.116885,0.694105,0.0645483,-0.0778093,-0.0316506,0.00213469,28.7948,-0.0252018,-0.0176911,-0.761357
54.64,0.925672,-0.017562,0.00858431,-0.377823,0.00455252,0.061443,0.0223511,0.116137,0.694145,0.064342,-0.0751582,-0.0298627,0.00114785,28.7693,0.0592024,-0.0968862,-0.767369
54.66,0.925721,-0.0172677,0.0091504,-0.377701,0.00736614,0.0413181,0.00248098,0.115168,0.694256,0.064024,-0.0748629,-0.0299144,0.00181241,29.0306,-0.0482382,-0.0641168,-0.53237
54.68,0.925672,-0.0169374,0.00934632,-0.377831,0.0232002,0.0445992,-0.020729,0.114489,0.694258,0.0638017,-0.0738503,-0.0329462,0.00028924,26.0732,-0.040256,-0.107542,-0.691071
54.7,0.925592,-0.0165862,0.00958095,-0.378039,0.0220844,0.00902359,-0.00961164,0.113845,0.694295,0.0635297,-0.0731414,-0.035047,0.000975051,28.2445,0.00515717,-0.0570453,-0.627547
54.72,0.925583,-0.0165237,0.00958017,-0.378062,-0.00311476,0.00545397,-0.00160779,0.113622,0.69428,0.0634374,-0.0716116,-0.0358328,0.00104958,28.7897,0.0116191,-0.0370907,-0.538111
54.74,0.925611,-0.0162668,0.00967371,-0.378003,0.0116993,0.0196049,0.00350667,0.112831,0.694114,0.0632236,-0.0699257,-0.0365426,0.00512554,27.4915,0.041231,-0.079827,-0.658956
54.76,0.925623,-0.0162603,0.00969149,-0.377974,-0.0122686,-0.00314312,0.0112314,0.112593,0.69406,0.063178,-0.0688173,-0.0365649,0.00276795,32.0973,-0.0440467,-0.0739218,-0.715232
54.78,0.925632,-0.01618,0.0097785,-0.377952,0.00603,0.0112174,-0.00100526,0.11186,0.693843,0.0630773,-0.0679224,-0.0382053,0.0064823,27.2718,0.0115784,-0.123099,-0.678265
54.8,0.925618,-0.0162172,0.00964796,-0.377987,-0.0110907,-0.0254461,-0.00142465,0.111649,0.69375,0.0630084,-0.0662196,-0.0395077,0.00913499,28.0952,0.000273644,-0.0325612,-0.65798
54.82,0.925601,-0.0163404,0.00942942,-0.378031,-0.00778757,-0.0270967,-0.00743492,0.111404,0.693615,0.0629959,-0.066361,-0.0398103,0.00971279,26.6282,-0.00308947,-0.0392782,-0.747573
54.84,0.925583,-0.0164249,0.00938053,-0.378071,-0.0248036,-0.0196928,-0.00478491,0.111106,0.69344,0.0629737,-0.066849,-0.0406782,0.00733186,29.3213,-0.044565,-0.06413,-0.642422
54.86,0.925598,-0.0166727,0.00932389,-0.378026,-0.010656,-0.0216689,0.00195362,0.110461,0.693077,0.0629423,-0.0681384,-0.0396567,0.00789793,29.0877,-0.00830487,-0.0930431,-0.594867
54.88,0.925575,-0.0167947,0.00916908,-0.378081,-0.00228149,5.18546e-05,-0.0125192,0.110213,0.692822,0.0629433,-0.0659466,-0.0429714,0.00497275,27.3346,0.0231534,-0.0485564,-0.820701
54.9,0.925561,-0.0168359,0.00918885,-0.378113,-0.0121286,-0.00041416,-0.00594766,0.110188,0.692729,0.0629392,-0.0647051,-0.0432874,0.00546045,27.347,-0.0223037,-0.082411,-0.685692
54.92,0.925664,-0.016938,0.00914624,-0.377858,0.00105076,-0.0300945,0.041325,0.110114,0.692351,0.0629808,-0.061064,-0.0473875,0.00749133,29.9242,-0.00726747,-0.076169,-0.740951
54.94,0.925798,-0.0171126,0.00876318,-0.37753,0.00480276,-0.0625333,0.0294864,0.110023,0.692015,0.0630299,-0.0618933,-0.0492113,0.00670139,28.4673,-0.0203814,-0.0841237,-0.696574
54.96,0.925698,-0.017228,0.00826592,-0.377781,0.0119464,-0.00527819,-0.0519881,0.10963,0.691388,0.0630706,-0.0671121,-0.0459432,0.00342393,27.1354,0.0342417,-0.00766488,-0.838504
54.98,0.925599,-0.017137,0.00828421,-0.378026,0.0242254,0.00800152,-0.0588562,0.109689,0.691314,0.0630215,-0.0701234,-0.0418437,0.00388108,28.3728,-0.00163671,-0.0308119,-0.771594
55,0.925409,-0.0164768,0.0086278,-0.378514,0.0460895,0.0587065,-0.00980152,0.109688,0.691269,0.0627853,-0.0690232,-0.0263367,-0.00330549,27.8338,0.0316513,-0.0931034,-0.800929
55.02,0.925427,-0.0161125,0.00896344,-0.378476,0.0506647,0.110588,0.0127102,0.10969,0.691339,0.0626814,-0.0671762,-0.0225932,-0.00264174,26.5071,-0.0651867,-0.070674,-0.533676
55.04,0.925555,-0.0149155,0.00952824,-0.3782,0.0636084,0.047618,0.0131167,0.109699,0.691675,0.0623304,-0.0641934,-0.0144517,-0.00789338,28.0305,0.0554596,-0.0447621,-0.813816
55.06,0.925552,-0.0142025,0.00978563,-0.378227,0.0778564,0.0761691,-0.00569894,0.109635,0.691922,0.0620838,-0.0661474,-0.0160825,-0.00864375,28.0442,-0.0125552,-0.0496715,-0.74909
55.08,0.925469,-0.0135057,0.0101553,-0.378447,0.0662214,0.0639028,-0.0326893,0.109485,0.692071,0.0618426,-0.0691504,-0.0214142,-0.00573024,29.0952,-0.0756709,-0.111107,-0.80563
55.1,0.925384,-0.0130638,0.0104043,-0.378662,-0.014268,0.0298854,0.000436707,0.109652,0.692338,0.0616097,-0.0699266,-0.0339741,0.000346909,27.2993,0.0150395,-0.0825004,-0.739007
55.12,0.925443,-0.0130981,0.0106809,-0.37851,-0.0204542,0.0236624,0.0279464,0.109744,0.692336,0.0615355,-0.0709479,-0.040176,0.00278838,28.0819,0.00849836,-0.0676351,-0.621733
55.14,0.925644,-0.0134553,0.0108915,-0.378001,-0.0381448,0.00100398,0.0332317,0.109736,0.692096,0.0614941,-0.0722676,-0.0466163,0.00665376,27.2005,-0.0398897,-0.0699637,-0.725417
55.16,0.925689,-0.0135878,0.0109896,-0.377882,-0.0396321,0.00633144,0.0245576,0.109693,0.691973,0.0615061,-0.0734278,-0.0466338,0.0061783,26.1917,-0.0343243,-0.0460271,-0.564221
55.18,0.925648,-0.0141534,0.0112401,-0.377953,-0.0408002,0.00477565,-0.0229588,0.109688,0.691703,0.0615393,-0.0710607,-0.0450522,0.00794023,30.376,-0.0198397,-0.0887388,-0.774497
55.2,0.925593,-0.0142278,0.0112538,-0.378085,-0.0110111,-0.00913474,-0.034223,0.109805,0.691693,0.0615412,-0.069672,-0.0437417,0.00637459,27.0118,0.0264564,0.0160051,-0.694809
55.22,0.925535,-0.0144503,0.0113549,-0.378215,0.00321314,-0.00338309,0.00467852,0.110229,0.691634,0.0614891,-0.0596895,-0.037543,0.00429096,29.0902,0.00482001,-0.116979,-0.725173
55.24,0.925555,-0.0144282,0.0112707,-0.378171,0.0089215,-0.00809659,0.0120898,0.110367,0.691644,0.0614637,-0.0570154,-0.0368491,0.00295441,28.3398,-0.0306123,-0.0783587,-0.765705
55.26,0.925549,-0.0143142,0.0111411,-0.378194,0.0139813,-0.0240362,-0.0112918,0.110674,0.691654,0.0614287,-0.0519373,-0.0360147,0.00323772,26.9428,0.033614,-0.0062277,-0.743374
55.28,0.925492,-0.0142972,0.0107658,-0.378345,0.0214822,-0.0549139,-0.0126416,0.110996,0.691642,0.0613931,-0.0486321,-0.0348521,0.00302957,27.3509,-0.0739132,-0.133787,-0.68906
55.3,0.925576,-0.014151,0.010223,-0.37816,0.0224271,-0.00805983,0.0394484,0.112089,0.692014,0.0613977,-0.0426847,-0.0320135,0.00407111,27.3172,-0.0196391,-0.0349038,-0.673154
55.32,0.925765,-0.0137601,0.00956449,-0.377728,0.0410814,-0.0619965,0.0134396,0.113012,0.692266,0.0614041,-0.0464446,-0.0326718,0.00412094,29.6302,0.0450348,-0.0502856,-0.809553
55.34,0.925775,-0.0137351,0.00927434,-0.377712,0.0143435,-0.0545365,-0.00812248,0.113272,0.692344,0.0614086,-0.048447,-0.0331292,0.00243782,27.2029,0.00529721,-0.0724102,-0.827646
55.36,0.925654,-0.0135029,0.00917715,-0.378018,0.0189368,0.0119603,-0.0308562,0.113818,0.692502,0.0614279,-0.0571978,-0.0333815,0.0039597,28.2073,-0.0248792,-0.0354976,-0.632657
55.38,0.925596,-0.0133898,0.0091568,-0.378166,-0.0016359,0.014594,-0.0124966,0.114148,0.692754,0.0614762,-0.0629535,-0.0338445,0.00361345,28.748,-0.00445861,-0.0686884,-0.754342
55.4,0.925492,-0.0134001,0.00968812,-0.378406,-0.0202945,0.0415809,-0.059082,0.114541,0.693271,0.0616034,-0.0798036,-0.0363588,0.00459857,28.5043,-0.040556,-0.0921264,-0.792499
55.42,0.925332,-0.0135877,0.00989212,-0.378785,-0.0642562,0.0427188,-0.105478,0.114507,0.693407,0.0616759,-0.0878648,-0.0366964,0.00966473,28.6841,0.0354562,-0.0673514,-0.820407
55.44,0.924589,-0.0141769,0.0115416,-0.380527,-0.0824814,0.1624,-0.126094,0.113698,0.693749,0.0617903,-0.10348,-0.0298245,-0.0115203,26.9386,-0.0120126,-0.0900795,-0.704324
55.46,0.924461,-0.0142125,0.0123992,-0.380809,-0.0827438,0.177508,-0.0488229,0.113453,0.693933,0.0616734,-0.0946702,-0.0226872,-0.016651,28.9136,-0.0213075,-0.0662913,-0.73708
55.48,0.924706,-0.0135822,0.0140697,-0.380179,0.0401507,0.0798332,0.0880123,0.113347,0.695035,0.0612422,-0.0595033,0.000774889,-0.0296057,26.9003,0.0119574,-0.051234,-0.780324
55.5,0.92493,-0.012552,0.0144022,-0.379658,0.117179,0.0720001,0.037396,0.114005,0.69626,0.0606598,-0.0297854,0.00882797,-0.0526171,26.4252,-0.0527994,-0.0516883,-0.779881
55.52,0.924955,-0.0108034,0.014013,-0.379664,0.231025,-0.00465017,-0.00735195,0.115136,0.697455,0.0596385,3.79701e-05,0.00220047,-0.0760363,24.8678,-0.016605,-0.0585348,-0.634514
55.54,0.924795,-0.00830922,0.0111966,-0.380211,0.226831,-0.183442,-0.0559907,0.117544,0.698639,0.057305,0.0286627,-0.0280406,-0.103331,26.5864,-0.123144,-0.118834,-0.710931
55.56,0.924723,-0.00790028,0.00999155,-0.380428,0.172471,-0.226238,-0.0496024,0.118453,0.698826,0.0563946,0.0366442,-0.0386982,-0.115197,28.042,-0.0151428,0.00167758,-0.691519
55.58,0.924402,-0.00788018,0.00397204,-0.381318,0.0375189,-0.37855,-0.0747763,0.122738,0.698565,0.051951,0.0703932,-0.090017,-0.156929,24.1039,-0.0493536,-0.0443121,-0.682727
55.6,0.924254,-0.00850366,0.00223236,-0.381677,0.0143015,-0.418805,-0.0997978,0.124095,0.698315,0.0506675,0.0810068,-0.104002,-0.163902,23.1591,-0.05863,0.0668258,-0.62295
55.62,0.923447,-0.0116341,-0.00259009,-0.38354,-0.161282,-0.407595,-0.202083,0.128706,0.696717,0.0463046,0.118235,-0.148373,-0.192759,24.7898,-0.0805214,-0.0387972,-0.730857
55.64,0.923017,-0.0132595,-0.00381387,-0.384511,-0.257774,-0.392179,-0.245712,0.130428,0.695885,0.0446874,0.129172,-0.16445,-0.200252,25.1046,0.00612109,0.233597,-0.506706
55.66,0.920357,-0.0231502,-0.00656539,-0.390338,-0.624375,-0.276736,-0.433984,0.138334,0.690742,0.0371307,0.170617,-0.225244,-0.226946,25.7705,-0.0982837,0.250652,-0.703627
55.68,0.919463,-0.0263241,-0.00645101,-0.392241,-0.681035,-0.236067,-0.467457,0.140432,0.689181,0.0352405,0.179164,-0.237921,-0.225756,21.793,-0.0192828,0.0742277,-0.67079
55.7,0.917491,-0.0330715,-0.00537359,-0.396342,-0.774393,-0.145088,-0.508061,0.145241,0.685994,0.0315184,0.200111,-0.260965,-0.224366,23.5157,-0.106385,0.261168,-0.777346
55.72,0.915371,-0.0399224,-0.00352405,-0.400612,-0.782167,-0.0723133,-0.528628,0.150362,0.682365,0.0278073,0.221699,-0.28093,-0.222468,22.2977,-0.0739871,0.227906,-0.744255
55.74,0.912011,-0.0487237,-0.000204834,-0.407262,-0.638399,0.00288141,-0.544871,0.158687,0.676201,0.0222076,0.260142,-0.306261,-0.227023,20.0691,0.0266493,0.216315,-0.707303
55.76,0.908691,-0.054418,0.00286287,-0.413899,-0.398619,0.099552,-0.534306,0.168542,0.668901,0.0163121,0.320232,-0.322512,-0.223237,24.5773,-0.0675423,0.38274,-0.689156
55.78,0.907618,-0.0555749,0.00375892,-0.416085,-0.315098,0.101545,-0.530281,0.172271,0.666577,0.0144216,0.342447,-0.328176,-0.22666,23.8844,-0.227491,0.305452,-0.795936
55.8,0.904304,-0.0579946,0.00596057,-0.42289,-0.196088,0.100346,-0.581878,0.184495,0.659137,0.00868743,0.40278,-0.354882,-0.222461,24.775,-0.0872672,0.312054,-0.659234
55.82,0.901828,-0.0587043,0.00711951,-0.428029,-0.130335,0.122544,-0.642311,0.193319,0.653624,0.00501163,0.433699,-0.380972,-0.212191,24.4741,-0.0776009,0.343317,-0.714497
55.84,0.898076,-0.0584408,0.00844148,-0.435859,0.0317986,0.12667,-0.616266,0.20752,0.644389,4.34741e-06,0.486342,-0.419941,-0.182297,27.6918,-0.140185,0.430305,-0.690269
55.86,0.896982,-0.0579741,0.00860008,-0.438165,0.0659864,0.101832,-0.554308,0.213319,0.64043,-0.00176541,0.51136,-0.4333,-0.174137,24.9505,-0.0581291,0.393792,-0.630585
55.88,0.894301,-0.0556431,0.00811355,-0.443919,0.212093,0.0372672,-0.421724,0.229906,0.629784,-0.00589838,0.578769,-0.463186,-0.151303,27.7537,-0.131162,0.403459,-0.679759
55.9,0.893556,-0.0545804,0.0076006,-0.445557,0.256485,0.0170976,-0.400677,0.23594,0.626033,-0.00719133,0.595974,-0.472612,-0.146389,27.7018,-0.373287,0.367274,-0.862921
55.92,0.891184,-0.0514349,0.00547755,-0.450684,0.26467,-0.0292992,-0.452051,0.254734,0.614261,-0.0106313,0.636003,-0.498223,-0.112965,28.1157,-0.144764,0.373446,-0.685068
55.94,0.889284,-0.0492218,0.00384593,-0.454683,0.278192,-0.0317063,-0.511201,0.267645,0.605998,-0.0123475,0.654455,-0.514196,-0.0850777,27.5684,-0.0732413,0.415549,-0.648682
55.96,0.887223,-0.0470626,0.00226947,-0.458929,0.271265,-0.0271591,-0.541502,0.280839,0.597457,-0.0135739,0.675577,-0.524859,-0.0586595,30.8239,-0.0644683,0.393474,-0.621504
55.98,0.885074,-0.0450485,0.000868722,-0.463263,0.227544,-0.0129819,-0.548231,0.295361,0.587975,-0.0143881,0.694705,-0.528432,-0.0353762,32.1271,-0.12893,0.435006,-0.644605
56,0.881507,-0.0429815,-0.000928758,-0.47021,0.137517,-0.037492,-0.627092,0.316472,0.574702,-0.0150667,0.70521,-0.53215,-0.00442265,31.8267,-0.0818495,0.417762,-0.59529
56.02,0.877163,-0.0424692,-0.00301647,-0.478303,0.0518883,-0.135483,-0.725796,0.33787,0.561137,-0.015371,0.712834,-0.542199,-0.0017394,33.6695,-0.178149,0.399041,-0.686836
56.04,0.875588,-0.0427975,-0.00382674,-0.481145,-0.00432114,-0.167431,-0.741188,0.34502,0.556542,-0.015468,0.717107,-0.545537,0.000934416,30.5452,-0.0649454,0.412775,-0.605889
56.06,0.870715,-0.0445532,-0.00578038,-0.489732,-0.0978332,-0.141852,-0.738724,0.366471,0.542589,-0.0156081,0.71928,-0.550814,0.00785142,33.9279,-0.162018,0.411666,-0.691235
56.08,0.869065,-0.045439,-0.00616705,-0.492567,-0.17231,-0.14796,-0.73696,0.374639,0.537097,-0.0155899,0.716097,-0.550728,0.0115701,39.2067,-0.136903,0.426133,-0.661344
56.1,0.863944,-0.0488562,-0.00653518,-0.501171,-0.259067,-0.108466,-0.740516,0.396177,0.522908,-0.0153356,0.701064,-0.549859,0.0297765,33.2249,-0.291671,0.374483,-0.89873
56.12,0.860565,-0.0512826,-0.00639305,-0.506711,-0.259304,-0.0682112,-0.704092,0.410427,0.513399,-0.0150909,0.695477,-0.549824,0.0289901,32.2728,-0.178179,0.397683,-0.725499
56.14,0.857521,-0.0531235,-0.00594521,-0.511664,-0.207722,-0.00575798,-0.60373,0.42455,0.503867,-0.0148921,0.696305,-0.550308,0.0232434,33.5031,-0.0327147,0.421306,-0.585462
56.16,0.854955,-0.0540369,-0.00516455,-0.515854,-0.133979,0.066617,-0.500535,0.438595,0.494312,-0.0147504,0.696024,-0.549954,0.0215373,31.9448,-0.190104,0.396003,-0.745211
56.18,0.851985,-0.053763,-0.00358132,-0.520786,-0.00298562,0.170064,-0.377943,0.460111,0.47964,-0.0144195,0.688344,-0.546413,0.0298532,33.0042,-0.0955644,0.436179,-0.601478
56.2,0.84952,-0.052446,-0.00184831,-0.52494,0.0123614,0.178229,-0.336233,0.48141,0.465155,-0.0139375,0.670954,-0.541349,0.0327369,35.6098,-0.105859,0.442575,-0.660575
56.22,0.848708,-0.0518934,-0.00123255,-0.526308,0.0257026,0.206255,-0.3417,0.488319,0.46035,-0.0137255,0.659717,-0.539723,0.0383468,35.6053,-0.114883,0.404033,-0.60138
56.24,0.847143,-0.0507395,3.82622e-05,-0.528937,0.0195848,0.215285,-0.327631,0.502719,0.449988,-0.0131143,0.636453,-0.536164,0.0526904,33.2131,-0.349601,0.362432,-0.925611
56.26,0.845113,-0.0485098,0.00232771,-0.532377,0.0660965,0.28216,-0.253571,0.521977,0.435806,-0.0116745,0.606936,-0.525176,0.077044,36.3019,-0.370329,0.414229,-0.975226
56.28,0.843486,-0.0452668,0.0055195,-0.535211,0.0652303,0.377471,-0.217486,0.540813,0.421822,-0.00959431,0.58779,-0.510477,0.100412,30.8997,-0.100047,0.353465,-0.674595
56.3,0.842986,-0.0439829,0.00686899,-0.536091,0.0786615,0.431454,-0.204024,0.547002,0.417226,-0.00877795,0.580803,-0.504968,0.103662,34.2281,-0.0658494,0.364752,-0.624098
56.32,0.841643,-0.0400462,0.011885,-0.538416,0.00850156,0.508431,-0.150189,0.565895,0.403081,-0.00610385,0.557329,-0.482177,0.107749,31.5604,-0.123223,0.381948,-0.696406
56.34,0.841257,-0.0387798,0.0138714,-0.539065,-0.00159992,0.541043,-0.144845,0.571712,0.398748,-0.00519812,0.548623,-0.474849,0.117903,39.2102,-0.103634,0.36676,-0.708019
56.36,0.840387,-0.0355538,0.020095,-0.540446,-0.100507,0.495538,-0.0910375,0.588575,0.386226,-0.00209557,0.524094,-0.444194,0.138619,34.3303,-0.116448,0.324255,-0.701151
56.38,0.839355,-0.034545,0.0259125,-0.541865,-0.228803,0.348713,-0.140614,0.604879,0.374478,0.00153125,0.506871,-0.403705,0.14028,31.5844,-0.0146442,0.330109,-0.534958
56.4,0.838874,-0.0347149,0.0275742,-0.542517,-0.235996,0.274997,-0.170679,0.610201,0.370792,0.00269138,0.500257,-0.388277,0.131032,36.3498,-0.152502,0.32741,-0.760732
56.42,0.837047,-0.0367656,0.0313577,-0.544993,-0.288174,0.0940329,-0.252903,0.625779,0.360576,0.00573678,0.487301,-0.341506,0.108121,35.0784,-0.170777,0.312852,-0.753743
56.44,0.836338,-0.0375597,0.0322389,-0.545975,-0.233362,0.0734285,-0.26687,0.631567,0.356975,0.00678733,0.481884,-0.322743,0.102627,33.7226,-0.11743,0.307701,-0.684376
56.46,0.83349,-0.0397965,0.0342289,-0.550036,-0.0820058,0.0431176,-0.284303,0.651323,0.345961,0.0100663,0.46618,-0.263076,0.0999684,32.6576,-0.196834,0.285143,-0.771974
56.48,0.832781,-0.0398649,0.0344313,-0.551091,-0.0321038,0.0420698,-0.287701,0.656115,0.343466,0.0109598,0.459189,-0.24881,0.0989642,33.7055,-0.18014,0.290839,-0.729892
56.5,0.830384,-0.0394127,0.0339608,-0.554758,0.0866122,-0.035802,-0.338701,0.670066,0.336651,0.0136819,0.444426,-0.21514,0.103691,35.086,-0.210352,0.263186,-0.799037
56.52,0.829527,-0.0391551,0.0333127,-0.556095,0.137402,-0.0826058,-0.364451,0.674603,0.334569,0.0146009,0.439051,-0.206198,0.100929,33.6147,-0.197394,0.277038,-0.789172
56.54,0.825115,-0.037805,0.0284616,-0.562979,0.311661,-0.16528,-0.535721,0.692656,0.326594,0.0183176,0.410766,-0.179671,0.101994,31.1537,-0.220043,0.223355,-0.804993
56.56,0.823804,-0.0371295,0.0268321,-0.565021,0.330501,-0.191226,-0.553725,0.696805,0.324836,0.0192185,0.403083,-0.170625,0.100058,32.4378,-0.187706,0.237668,-0.745609
56.58,0.821034,-0.0354067,0.0232076,-0.569308,0.404929,-0.217645,-0.581182,0.704835,0.321575,0.021126,0.386028,-0.150998,0.10899,33.851,-0.182361,0.272071,-0.699765
56.6,0.818063,-0.0335904,0.0188392,-0.573838,0.446667,-0.292337,-0.619593,0.712338,0.318842,0.0231498,0.366082,-0.127927,0.121553,33.6691,-0.177896,0.225988,-0.765196
56.62,0.8132,-0.0315845,0.0111495,-0.58102,0.440024,-0.391892,-0.680565,0.722793,0.315524,0.026513,0.332461,-0.0950429,0.136212,31.8796,-0.180982,0.199113,-0.713074
56.64,0.807954,-0.0299001,0.00321471,-0.588478,0.441663,-0.339804,-0.693143,0.732614,0.312947,0.030272,0.290643,-0.0632023,0.139827,34.6071,-0.155456,0.226258,-0.613526
56.66,0.80621,-0.0292237,0.000901145,-0.590907,0.406377,-0.294364,-0.681195,0.735452,0.312311,0.0314664,0.276043,-0.0535526,0.136211,31.8616,-0.194237,0.183583,-0.745497
56.68,0.800792,-0.0261531,-0.00440172,-0.598355,0.390938,-0.0676396,-0.714058,0.74296,0.310895,0.0350432,0.217296,-0.0271567,0.138894,31.6205,-0.0978264,0.200727,-0.59211
56.7,0.796938,-0.0233829,-0.00634444,-0.603576,0.359652,0.103094,-0.746014,0.746801,0.310651,0.0373519,0.1779,-0.0117742,0.141412,33.3986,-0.172106,0.150523,-0.671542
56.72,0.790957,-0.0180239,-0.00719083,-0.611564,0.338567,0.254577,-0.724447,0.751258,0.310691,0.0409563,0.126425,0.00378119,0.143385,32.1899,-0.151742,0.121854,-0.683434
56.74,0.788995,-0.0161495,-0.00721169,-0.614145,0.320754,0.260419,-0.717093,0.752449,0.310767,0.0422061,0.111918,0.00535274,0.15187,32.7216,-0.119537,0.11084,-0.752284
56.76,0.783374,-0.0102052,-0.00759297,-0.621421,0.391007,0.239262,-0.668469,0.755453,0.311079,0.0464475,0.0802952,0.0105001,0.160826,32.8179,-0.0976672,0.124447,-0.687384
56.78,0.781554,-0.00828531,-0.00797191,-0.623732,0.375311,0.196926,-0.663946,0.756251,0.311211,0.047809,0.0764533,0.0128988,0.159295,31.5708,-0.109643,0.118167,-0.681133
56.8,0.77629,-0.0024776,-0.00953201,-0.630299,0.415709,0.18772,-0.59527,0.758129,0.312115,0.0520625,0.065199,0.0169449,0.167686,34.276,-0.0731361,0.111769,-0.5829
56.82,0.771771,0.00417992,-0.0109317,-0.635793,0.46148,0.256398,-0.472961,0.759572,0.313317,0.0564687,0.0536868,0.021654,0.169007,31.3233,-0.123921,0.120056,-0.524109
56.84,0.770534,0.00659129,-0.0113477,-0.637264,0.488748,0.27402,-0.421039,0.759952,0.313721,0.0579811,0.0452039,0.0206079,0.176803,32.8409,-0.11449,0.0552108,-0.759244
56.86,0.768274,0.00728554,-0.00962324,-0.640007,-0.604908,-0.0588407,-0.130462,0.760396,0.314728,0.0618975,-0.0026078,0.00373015,0.110644,31.9467,-0.0804755,0.0848062,-0.703739
56.88,0.76811,2.81965e-05,-0.00466798,-0.640301,-1.05331,-0.120519,0.0103833,0.759897,0.314963,0.0637189,-0.0282841,-0.0188151,0.0920763,30.5807,-0.0463912,0.08319,-0.493227
56.9,0.768868,-0.00954977,0.00276528,-0.639331,-0.741584,-0.00494432,0.1633,0.758483,0.315384,0.06658,-0.0136759,-0.0401454,0.125791,32.2078,-0.0526988,0.0821728,-0.588541
56.92,0.769352,-0.0115599,0.00450249,-0.638704,-0.516158,0.010908,0.182878,0.758132,0.315404,0.0676877,-0.0070773,-0.0427543,0.122483,29.3753,-0.0437942,0.0813342,-0.592756
56.94,0.770634,-0.0133217,0.00552587,-0.637115,-0.0690015,-0.081991,0.11133,0.757953,0.315448,0.0692829,0.0595898,-0.0370028,0.0122555,31.432,-0.0794541,0.13198,-0.60317
56.96,0.77088,-0.0139264,0.00574705,-0.636802,-0.144488,-0.0490088,0.0804605,0.758346,0.315487,0.0693592,0.0847198,-0.0341712,0.00791887,28.9583,-0.0457412,0.195009,-0.453528
56.98,0.770822,-0.0151806,0.00545577,-0.636846,0.102813,-0.0775835,-0.0548619,0.760859,0.315621,0.0696345,0.138794,-0.0277393,0.0164715,31.0853,-0.18436,0.109253,-0.747131
57,0.77048,-0.0143943,0.00435753,-0.637287,0.144192,-0.0338918,-0.0706376,0.762581,0.316278,0.0700035,0.150865,-0.0216934,0.0262294,27.8702,-0.139768,0.146663,-0.664597
57.02,0.770202,-0.0141827,0.00375585,-0.637631,0.063718,-0.0385618,-0.0327829,0.76442,0.316993,0.0704677,0.149813,-0.0144035,0.026498,32.6692,-0.172052,0.127198,-0.775431
57.04,0.770227,-0.0137412,0.00298389,-0.637615,0.117172,-0.00823403,0.0224058,0.766179,0.317783,0.0708523,0.14128,-0.00653677,0.0212576,29.9928,-0.141007,0.164606,-0.656484
57.06,0.770556,-0.0130684,0.00301338,-0.637231,0.0092162,0.0613821,0.0263061,0.768572,0.319201,0.0714625,0.129881,0.00828795,0.0242198,30.4893,-0.134698,0.140907,-0.790852
57.08,0.770453,-0.0121027,0.00348036,-0.637372,0.0232593,0.0750549,-0.0304853,0.770432,0.321144,0.072208,0.120809,0.0167883,0.0182947,29.9702,-0.149836,0.138806,-0.669689
57.1,0.770369,-0.0118734,0.00369957,-0.637478,-0.00267114,0.0580673,-0.0309921,0.770894,0.321837,0.0724185,0.118979,0.0178667,0.019606,28.2879,-0.147513,0.177936,-0.527423
57.12,0.770325,-0.0114502,0.00421025,-0.637534,0.0149757,0.04545,0.0150627,0.772306,0.323838,0.073062,0.118249,0.0151184,0.0193949,30.5285,-0.151169,0.13223,-0.659863
57.14,0.770444,-0.0110284,0.00459145,-0.637396,-0.0116722,0.0604215,0.0179908,0.773277,0.325036,0.0734961,0.118061,0.0107857,0.0176649,30.045,-0.164432,0.145772,-0.607329
57.16,0.770474,-0.0110651,0.00492395,-0.637356,-0.0094699,0.0103372,-0.0128804,0.774778,0.326632,0.0741209,0.116284,0.00592396,0.0212607,30.5862,-0.140016,0.122022,-0.697156
57.18,0.770431,-0.0110561,0.00487747,-0.637409,0.00665923,-0.00762496,-0.0176026,0.775092,0.32726,0.0743614,0.116754,0.00358854,0.0186933,27.3362,-0.117155,0.114207,-0.751441
57.2,0.770276,-0.0113245,0.00505517,-0.63759,-0.027661,-0.0196088,-0.0105366,0.776307,0.32899,0.0751215,0.118675,0.000393765,0.0203927,28.0062,-0.181749,0.105772,-0.706961
57.22,0.770263,-0.0114215,0.00494663,-0.637604,0.00756013,-0.0429569,-0.00254046,0.776695,0.329522,0.0753701,0.119305,-0.00032757,0.0218685,32.4135,-0.0963499,0.192191,-0.550559
57.24,0.770447,-0.0117682,0.00474853,-0.637378,-0.0173814,-0.0247852,0.0245713,0.778004,0.33103,0.0760628,0.123628,0.000680489,0.0185949,26.4073,-0.126837,0.138152,-0.719172
57.26,0.770478,-0.0119785,0.00438754,-0.637339,0.00840087,-0.0344483,-0.0179981,0.77946,0.332503,0.0767571,0.123636,0.00432339,0.0229253,31.1619,-0.191771,0.132158,-0.746761
57.28,0.770442,-0.012084,0.00423753,-0.637382,0.00169242,-0.0352706,-0.0158192,0.779721,0.333131,0.0770286,0.12375,0.00553801,0.0193667,31.8876,-0.137568,0.126494,-0.643778
57.3,0.770269,-0.0121716,0.00412364,-0.63759,-0.00419982,-0.00418704,-0.0168874,0.780729,0.335023,0.077835,0.120886,0.00984206,0.0196011,28.3623,-0.0840874,0.157669,-0.661352
57.32,0.770278,-0.0123001,0.00410903,-0.637576,-0.0247962,-0.00848179,0.0133039,0.781333,0.336265,0.0783505,0.120982,0.0123825,0.0198119,28.8073,-0.175304,0.189329,-0.608535
57.34,0.770421,-0.012316,0.00420781,-0.637403,0.0123995,0.00836832,0.0170718,0.782421,0.338146,0.0791102,0.120881,0.0175709,0.021267,31.6365,-0.0999157,0.125926,-0.605841
57.36,0.770448,-0.0123354,0.00425288,-0.637369,-0.0123799,0.00899115,0.00726927,0.782793,0.338775,0.0793526,0.121968,0.0188668,0.0178485,30.5277,-0.160019,0.13738,-0.602341
57.38,0.770424,-0.0123357,0.00435736,-0.637397,-0.0187476,0.0118476,-0.0133518,0.783582,0.34003,0.0798411,0.122401,0.0205651,0.017783,27.6348,-0.12457,0.120632,-0.597948
57.4,0.770363,-0.0122646,0.00449964,-0.637472,-0.00243671,0.0132931,-0.0126608,0.78384,0.34136,0.0803222,0.122957,0.021611,0.0176066,26.0994,-0.121026,0.189718,-0.488221
57.42,0.770367,-0.0121578,0.00466372,-0.637468,-0.00262943,0.0148232,0.0113861,0.784396,0.343294,0.0810338,0.12341,0.0227041,0.0209711,32.5259,-0.198597,0.131696,-0.577125
57.44,0.770429,-0.0120385,0.00475472,-0.637395,-0.00269058,0.0226169,0.00741959,0.784859,0.344536,0.0814999,0.122682,0.0230465,0.0208147,30.9268,-0.101386,0.166903,-0.540104
57.46,0.770453,-0.0120186,0.00480156,-0.637365,-0.00931465,0.0056305,-0.00304472,0.785559,0.345779,0.0819944,0.12297,0.0232663,0.0187956,29.8755,-0.157037,0.189008,-0.639968
57.48,0.770418,-0.0120006,0.00481569,-0.637407,-0.0112042,0.00425412,-0.00788212,0.786136,0.346943,0.0824731,0.122927,0.022401,0.0190239,29.1774,-0.155335,0.105301,-0.705943
57.5,0.770419,-0.0119838,0.00489392,-0.637407,-0.00204287,-0.00131209,0.00871034,0.786527,0.348698,0.0833236,0.122327,0.0226914,0.023429,28.7233,-0.146203,0.0986201,-0.685613
57.52,0.770468,-0.0120366,0.00481937,-0.637347,0.0035755,-0.0143709,0.0101719,0.786796,0.35041,0.084231,0.12251,0.0225733,0.0201518,29.698,-0.106273,0.184755,-0.550348
57.54,0.770473,-0.0121033,0.00488672,-0.637339,-0.00926015,2.00861e-05,-0.00223693,0.786923,0.350967,0.084529,0.121529,0.0235577,0.0236726,29.5933,-0.156518,0.119746,-0.7057
57.56,0.770391,-0.0121956,0.00471624,-0.637437,0.0139227,-0.0195103,-0.0198033,0.787407,0.352622,0.0854297,0.121864,0.025637,0.0210529,28.8508,-0.160512,0.150211,-0.712754
57.58,0.77032,-0.0122346,0.00467525,-0.637523,0.00992694,-0.0112524,-0.0203095,0.787693,0.353726,0.0860806,0.120957,0.0272781,0.023677,30.5846,-0.203311,0.0837049,-0.825807
57.6,0.770251,-0.0122795,0.00463129,-0.637606,-0.00787517,-0.00130505,-0.00916885,0.787526,0.355293,0.0870608,0.120049,0.0303127,0.0206264,29.6596,-0.147826,0.126843,-0.6985
57.62,0.770234,-0.0122768,0.00467092,-0.637626,0.00521645,0.00442555,-0.0113419,0.787509,0.355818,0.087386,0.118616,0.0314952,0.0246481,30.2804,-0.155786,0.156343,-0.587953
57.64,0.770179,-0.0122434,0.00475438,-0.637693,-0.00937612,0.000870289,-0.00369757,0.787562,0.357401,0.0883516,0.118953,0.034272,0.0211427,29.7228,-0.128786,0.118602,-0.522672
57.66,0.770174,-0.0122183,0.00485133,-0.637698,0.00121841,0.021489,-0.00203643,0.787625,0.357931,0.0886673,0.118361,0.0349684,0.0250991,27.2542,-0.15135,0.0704545,-0.667011
57.68,0.770228,-0.0121051,0.00501397,-0.637635,0.00930335,0.01188,0.00772756,0.788141,0.359551,0.0896497,0.120366,0.0358778,0.0243147,29.841,-0.159653,0.117528,-0.634763
57.7,0.770279,-0.0120599,0.00514335,-0.637572,-0.0120106,0.0136052,0.000455072,0.787984,0.361008,0.0907343,0.121271,0.0365325,0.0226396,31.1195,-0.165554,0.143337,-0.666453
57.72,0.770287,-0.0120462,0.0051695,-0.637563,0.0104127,0.0017676,-0.000460983,0.787862,0.361474,0.0911258,0.119952,0.0366684,0.0256852,30.3503,-0.166157,0.16484,-0.684622
57.74,0.770253,-0.0120124,0.00518668,-0.637604,0.000255074,-0.00789644,-0.00137678,0.787625,0.362842,0.09227,0.119646,0.0363131,0.022943,30.0607,-0.153699,0.130495,-0.494214
57.76,0.770254,-0.0120228,0.00521815,-0.637602,0.00644636,0.00177214,0.00112229,0.787587,0.363285,0.092649,0.118298,0.0365197,0.0267784,29.3624,-0.172549,0.106919,-0.722017
57.78,0.770293,-0.0120726,0.00521512,-0.637555,-0.00190815,0.00263833,-0.00129107,0.787504,0.364987,0.0942184,0.118017,0.0355097,0.0247624,28.755,-0.188756,0.0985111,-0.641489
57.8,0.770305,-0.0120632,0.00517133,-0.637541,0.012947,-0.0108911,0.0017019,0.787247,0.36535,0.094646,0.116379,0.0361794,0.0262654,29.9617,-0.113002,0.141376,-0.576866
57.82,0.770302,-0.0121739,0.00521852,-0.637541,-0.0126789,0.00370267,-0.00606681,0.786615,0.366448,0.095884,0.11557,0.0376601,0.024754,33.114,-0.127199,0.151251,-0.474214
57.84,0.770288,-0.0121871,0.00520738,-0.637558,0.0106858,-0.0102389,-0.0124471,0.786451,0.366816,0.0962945,0.114366,0.0383239,0.0270268,27.1971,-0.178492,0.108791,-0.588251
57.86,0.770258,-0.0122018,0.00518895,-0.637595,-0.00536173,-0.0057113,-0.0100977,0.786088,0.367947,0.0974776,0.114681,0.0402929,0.0236896,30.5742,-0.158196,0.170776,-0.521638
57.88,0.770253,-0.0121899,0.0052014,-0.637601,0.00442476,-0.00656153,-0.00658802,0.785966,0.368707,0.0982536,0.114869,0.0405167,0.0240062,30.8277,-0.208591,0.0844522,-0.75599
57.9,0.770248,-0.0121773,0.00524336,-0.637607,0.00375884,-0.00145926,-0.00704163,0.78522,0.369375,0.0991951,0.113896,0.0407944,0.0242966,29.6354,-0.087942,0.141511,-0.495323
57.92,0.770277,-0.0122003,0.00535918,-0.63757,-0.0216539,0.0105565,-0.00204633,0.784475,0.370452,0.100601,0.112801,0.0421534,0.025666,28.4032,-0.104562,0.116242,-0.579187
57.94,0.770301,-0.0122061,0.00540513,-0.637541,-0.018271,0.00816835,0.00124285,0.783989,0.371137,0.101499,0.111844,0.042779,0.0260649,29.6378,-0.168749,0.135662,-0.685814
57.96,0.770312,-0.0122187,0.00548902,-0.637527,0.00254753,0.00049302,-0.00449673,0.783431,0.372175,0.10282,0.110225,0.0436967,0.0286878,28.6917,-0.126389,0.149415,-0.528872
57.98,0.770318,-0.0122123,0.00547446,-0.63752,-0.00392282,-0.00284493,-0.00557084,0.783292,0.37252,0.10325,0.111022,0.0432932,0.0259656,31.887,-0.175877,0.0501393,-0.762631
58,0.770343,-0.0122591,0.00558324,-0.637487,-0.00272384,0.00810113,0.00552158,0.78194,0.373411,0.104797,0.108079,0.0433847,0.0297449,27.2356,-0.136477,0.104867,-0.537012
58.02,0.770353,-0.0122831,0.00557589,-0.637474,-0.00182999,-0.00773649,0.00556557,0.781701,0.373773,0.105352,0.108063,0.0432674,0.0290123,30.9585,-0.134514,0.149285,-0.566134
58.04,0.770444,-0.0124207,0.00561589,-0.637362,0.0113767,-0.013347,0.0017341,0.78039,0.374928,0.107354,0.106614,0.0422649,0.0304775,29.4302,-0.183784,0.104222,-0.597984
58.06,0.770477,-0.0124645,0.00564929,-0.637321,-0.0133388,0.00932324,0.0103071,0.780127,0.375213,0.10784,0.107413,0.0419576,0.0294677,29.25,-0.102729,0.123366,-0.550955
58.08,0.770539,-0.0125581,0.00563985,-0.637244,0.00197866,-0.00260048,0.00383993,0.779474,0.376068,0.109303,0.105095,0.0420208,0.0321704,31.4607,-0.177805,0.112285,-0.655406
58.1,0.770542,-0.0125948,0.00556987,-0.63724,0.00190769,-0.0152601,-0.00220564,0.778963,0.376286,0.109842,0.104773,0.0418691,0.0300857,30.9843,-0.166729,0.132342,-0.526298
58.12,0.770556,-0.0127055,0.00557395,-0.637222,-0.00791305,0.00597122,-0.00305591,0.777722,0.377021,0.111477,0.101825,0.0424673,0.0319208,31.8297,-0.146265,0.140308,-0.584329
58.14,0.770555,-0.0127735,0.00554265,-0.637221,-0.00144904,0.00306014,-0.00733042,0.776912,0.377486,0.11252,0.100289,0.0430358,0.0320282,28.4686,-0.127053,0.110353,-0.532055
58.16,0.770534,-0.0128658,0.00556892,-0.637244,-0.0147509,-0.00150952,-0.0058371,0.77619,0.377967,0.113535,0.0987548,0.0436404,0.0315877,29.5622,-0.142667,0.0848217,-0.571906
58.18,0.770504,-0.0129166,0.00553175,-0.637281,0.014732,-0.0110678,-0.00242305,0.77527,0.378714,0.115028,0.0966211,0.0441969,0.0330953,30.9193,-0.12974,0.152603,-0.51174
58.2,0.770501,-0.0129225,0.00558425,-0.637283,0.0112684,0.00330144,-0.00652474,0.774118,0.378996,0.11609,0.0949033,0.0445508,0.0335232,28.5609,-0.126673,0.117972,-0.517462
58.22,0.770549,-0.0129553,0.00560549,-0.637225,-0.00441348,-0.00501838,0.000706591,0.772574,0.379473,0.11765,0.0933057,0.0450873,0.0317601,29.4987,-0.172059,0.094845,-0.592266
58.24,0.770566,-0.0129649,0.00568153,-0.637203,-0.00557495,0.0134805,0.000915057,0.772252,0.379705,0.1182,0.0925187,0.045145,0.0334726,30.8149,-0.128513,0.145036,-0.714447
58.26,0.770578,-0.0129913,0.00572729,-0.637187,0.00964358,-0.00729844,-0.0111852,0.770995,0.380234,0.119713,0.0900742,0.0457579,0.0335391,29.4739,-0.186805,0.0767392,-0.578216
58.28,0.770575,-0.0130003,0.00578407,-0.637191,-0.00752866,0.0150848,-0.00804858,0.770627,0.380418,0.120201,0.0905069,0.0456644,0.0335541,30.0573,-0.179435,0.137773,-0.561794
58.3,0.770593,-0.0130486,0.00581159,-0.637168,-0.0052316,0.00848487,0.00104849,0.768516,0.380715,0.122245,0.0879474,0.0451554,0.0343332,31.246,-0.155035,0.0941766,-0.736039
58.32,0.770602,-0.0130357,0.005822,-0.637157,0.00692416,-0.00176396,0.000291356,0.767975,0.380765,0.122764,0.0867067,0.0450265,0.0357007,30.4112,-0.108274,0.0993645,-0.55081
58.34,0.77062,-0.0130637,0.00585256,-0.637134,0.00405889,0.000396636,-0.00152301,0.766977,0.380871,0.123776,0.0855803,0.0444358,0.035962,27.3553,-0.126052,0.125855,-0.51063
58.36,0.770629,-0.0130668,0.00582153,-0.637124,0.0120489,-0.00470178,-0.00180592,0.765773,0.381138,0.125313,0.0837714,0.044755,0.0349895,29.7718,-0.135883,0.120616,-0.471452
58.38,0.77063,-0.0131116,0.00583646,-0.637121,0.00605262,-0.00608054,0.0030426,0.764734,0.381192,0.126309,0.0828094,0.0441055,0.0353385,32.8362,-0.153165,0.130763,-0.704331
58.4,0.770662,-0.0130962,0.00583439,-0.637083,0.0157963,-0.00946001,0.00640395,0.763536,0.381151,0.127308,0.0819324,0.0429692,0.036251,27.6473,-0.176368,0.071532,-0.653752
58.42,0.770699,-0.0131022,0.00582697,-0.637037,0.0142882,-0.00361476,0.00333806,0.762444,0.381129,0.128294,0.0807013,0.0431095,0.0365917,30.9111,-0.104904,0.107537,-0.641261
58.44,0.770755,-0.0131468,0.00583385,-0.63697,-0.00842138,-0.00568502,0.00371469,0.760991,0.38114,0.129745,0.0795609,0.042778,0.0363646,31.0002,-0.167205,0.0629991,-0.699539
58.46,0.770767,-0.01314,0.00585558,-0.636955,0.00449703,-0.000689411,0.00219352,0.76055,0.381161,0.130231,0.0780423,0.0429684,0.0376623,28.9992,-0.139562,0.0716008,-0.777468
58.48,0.770777,-0.013153,0.00585391,-0.636943,0.00833627,-0.00852201,0.00131132,0.759476,0.381328,0.131717,0.0774323,0.0428937,0.0367271,30.0617,-0.168975,0.105131,-0.53633
58.5,0.770782,-0.0131573,0.00586833,-0.636937,0.0135797,-0.0026248,-0.00292379,0.758343,0.381216,0.132664,0.0757142,0.042219,0.0377007,31.0349,-0.0839027,0.115322,-0.520472
58.52,0.770812,-0.0131813,0.00587804,-0.636899,0.00580395,-0.0109467,0.00685107,0.757261,0.381109,0.133577,0.0738865,0.042322,0.0375733,31.6098,-0.165684,0.0837354,-0.781465
58.54,0.770842,-0.0131666,0.00587788,-0.636863,0.00846031,-0.00911793,0.00451953,0.756265,0.381034,0.134474,0.0726954,0.042177,0.0378513,27.6998,-0.117451,0.0908784,-0.53238
58.56,0.770856,-0.0131767,0.00590444,-0.636846,-0.00529307,0.0114239,0.00238986,0.754932,0.380985,0.135791,0.0709231,0.0427372,0.036352,30.679,-0.149993,0.114329,-0.613613
58.58,0.770866,-0.0132175,0.00597141,-0.636832,-0.000729279,0.00430669,-0.0025018,0.75356,0.380905,0.13707,0.0693116,0.0423917,0.039016,27.7033,-0.142498,0.0371647,-0.713309
58.6,0.770874,-0.0132224,0.0059387,-0.636823,0.00126468,-0.00517943,-0.000292055,0.753104,0.380881,0.137528,0.0691101,0.0420331,0.0373816,30.0502,-0.111475,0.113102,-0.601192
58.62,0.770907,-0.013226,0.00599296,-0.636782,-0.00314396,0.00971508,-0.0028143,0.751565,0.380666,0.138717,0.0673955,0.0419175,0.03742,30.77,-0.120343,0.0910227,-0.446807
58.64,0.770921,-0.0132501,0.00600065,-0.636765,-0.0104336,0.00789237,-0.00354564,0.750644,0.38057,0.139503,0.0664297,0.0421894,0.0374896,32.5409,-0.1459,0.0812092,-0.598233
58.66,0.770937,-0.0132562,0.00603254,-0.636745,0.00371436,0.00212197,0.000695264,0.749405,0.380496,0.140677,0.0634948,0.042611,0.0384477,29.987,-0.142258,0.11642,-0.631202
58.68,0.770941,-0.0132783,0.0060335,-0.636739,-0.0119321,0.00615899,-0.00634001,0.749032,0.380488,0.141056,0.0639367,0.0425616,0.03696,30.2772,-0.118381,0.114549,-0.54116
58.7,0.770984,-0.0132911,0.00605351,-0.636687,0.000279287,0.00116372,0.002851,0.747441,0.380194,0.141943,0.0611238,0.0419612,0.0388416,30.5049,-0.13133,0.179212,-0.44745
58.72,0.770988,-0.0133024,0.00604138,-0.636682,-0.0026409,0.000466537,0.0028131,0.74704,0.380174,0.142302,0.0605888,0.0418833,0.0373821,29.0378,-0.0878746,0.0823419,-0.660109
58.74,0.771,-0.0133526,0.00611588,-0.636666,-0.0134339,0.00382878,0.00159033,0.745688,0.379986,0.143186,0.0591717,0.0418428,0.0378527,29.2785,-0.121403,0.0619629,-0.653532
58.76,0.771006,-0.0133718,0.00611829,-0.636658,-0.0097233,0.00958549,0.00959811,0.744882,0.3799,0.143779,0.0577045,0.0418802,0.0375985,30.6707,-0.130907,0.102015,-0.709128
58.78,0.771,-0.0133887,0.00613202,-0.636664,-0.011805,0.0111096,0.00248688,0.744148,0.379851,0.144369,0.0571165,0.0421417,0.0370056,33.4756,-0.159915,0.101502,-0.646361
58.8,0.771026,-0.0134113,0.00614522,-0.636633,0.000238128,0.000667335,0.00129318,0.742615,0.379553,0.144959,0.0548776,0.0417514,0.0380643,28.3676,-0.136581,0.064196,-0.699471
58.82,0.771031,-0.0134183,0.00615272,-0.636626,0.00150833,0.00064915,-0.00272897,0.741776,0.379467,0.145406,0.0535587,0.0423881,0.0378873,31.3905,-0.139508,0.0846841,-0.776145
58.84,0.771016,-0.0134172,0.00612392,-0.636645,0.00821043,-0.00976125,-0.00210244,0.74053,0.379321,0.146026,0.0522436,0.0423335,0.0365791,28.9052,-0.129062,0.0958708,-0.464201
58.86,0.771012,-0.0134103,0.0061605,-0.636649,-0.00577665,0.00894597,-0.000867762,0.740153,0.379291,0.146233,0.0515945,0.0425321,0.0374775,26.9207,-0.102203,0.0482126,-0.699405
58.88,0.771032,-0.0134223,0.00613983,-0.636625,0.0096453,-0.0104853,0.00042916,0.738929,0.379127,0.146748,0.0502254,0.0427216,0.0369638,33.0833,-0.123296,0.0999935,-0.681853
58.9,0.771053,-0.0134422,0.00617338,-0.636599,-0.0118793,0.00354412,0.00548631,0.738438,0.378998,0.146827,0.0503199,0.0422879,0.0365149,30.0841,-0.145375,0.0949204,-0.622329
58.92,0.771053,-0.0134371,0.00616924,-0.636599,0.000632511,-0.000603787,-0.00710983,0.736721,0.378638,0.147255,0.0476254,0.0422453,0.0350314,28.7683,-0.124898,0.0908352,-0.550781
58.94,0.771041,-0.0134357,0.00616109,-0.636615,-0.0033713,-0.00101282,-0.00584173,0.735935,0.378489,0.147472,0.0467563,0.0419355,0.0354681,31.0166,-0.119032,0.100079,-0.541274
58.96,0.77104,-0.0134432,0.00615804,-0.636616,0.00561196,-0.00706815,-0.00224319,0.735213,0.378376,0.147706,0.0454328,0.0420356,0.0350265,30.9981,-0.0953198,0.0651905,-0.648341
58.98,0.771037,-0.0134629,0.00620572,-0.636618,-0.00817289,0.00808408,0.00209725,0.734877,0.378333,0.147821,0.0452114,0.0423183,0.0366894,30.4483,-0.0998115,0.146007,-0.521716
59,0.771039,-0.0134734,0.00618116,-0.636616,0.0157902,-0.00766409,-0.00341666,0.733451,0.377994,0.147654,0.0443124,0.0409329,0.0346879,28.3586,-0.1602,0.0488278,-0.827538
59.02,0.771056,-0.0134972,0.00621937,-0.636594,-0.0125108,0.00688794,0.00705757,0.73226,0.377773,0.14758,0.0430129,0.0401311,0.0334264,32.5409,-0.119456,0.0110941,-0.714758
59.04,0.771058,-0.013501,0.00621954,-0.636591,0.00656573,-0.00287637,0.000136119,0.731874,0.377698,0.147556,0.0417837,0.0403903,0.0359157,26.9668,-0.0960769,0.134251,-0.514774
59.06,0.771091,-0.0135281,0.00619355,-0.636551,-0.00786155,-0.00461067,0.00369845,0.7308,0.37752,0.14753,0.0407853,0.0398449,0.0330806,30.7275,-0.125296,0.0697817,-0.70461
59.08,0.771098,-0.0135563,0.00618341,-0.636542,0.00198185,-0.00529064,0.000188569,0.730163,0.377445,0.147541,0.0403128,0.0398599,0.0328483,32.3031,-0.124176,0.0552472,-0.690359
59.1,0.771121,-0.0135754,0.00623138,-0.636513,-0.00799461,0.00527369,0.0039984,0.728943,0.377219,0.147214,0.0392432,0.0388961,0.0338841,28.6013,-0.105451,0.092143,-0.678525
59.12,0.771132,-0.0135791,0.00619392,-0.636501,0.0116941,-0.00857575,0.00389846,0.728506,0.37713,0.147064,0.0386629,0.0386038,0.0328359,30.5256,-0.141994,0.061846,-0.671397
59.14,0.77116,-0.0136229,0.00622894,-0.636465,-0.00939051,-0.000688149,0.00459081,0.727358,0.376968,0.146696,0.0380651,0.0378628,0.0313794,30.0106,-0.0961908,0.0635194,-0.552975
59.16,0.771166,-0.013619,0.00622809,-0.636457,0.00859486,-0.00704043,-0.00252031,0.726947,0.376862,0.146553,0.0370132,0.0379941,0.033898,28.8158,-0.117181,0.0862418,-0.705298
59.18,0.771172,-0.0136502,0.00619297,-0.636451,0.000874641,-0.00379896,-0.00224848,0.725641,0.37653,0.146029,0.0361634,0.0371769,0.0304281,30.2263,-0.124157,0.114311,-0.460975
59.2,0.771182,-0.0136863,0.00619853,-0.636438,-0.00772831,-0.0071557,0.00749118,0.724639,0.376254,0.145528,0.0351649,0.0363235,0.0302817,30.2591,-0.140903,0.0722708,-0.649099
59.22,0.77119,-0.0137035,0.00622266,-0.636427,0.000147956,-0.00612703,-0.00428183,0.723708,0.376006,0.145075,0.0338476,0.0358321,0.0304406,31.1485,-0.0822415,0.103782,-0.678138
59.24,0.771206,-0.0137356,0.0062573,-0.636407,-0.00890715,0.00918446,-0.00666588,0.722417,0.375701,0.144458,0.0319582,0.0361321,0.0308331,28.4142,-0.115931,0.0960456,-0.65774
59.26,0.771215,-0.0137555,0.00626782,-0.636395,-0.00904862,0.00918938,-0.0048599,0.721674,0.375598,0.144143,0.0313005,0.0359068,0.0285485,29.3122,-0.0825751,0.0583626,-0.666071
59.28,0.77122,-0.01377,0.00629794,-0.636389,0.00608617,-0.00233179,0.00295417,0.720476,0.375346,0.143519,0.0291878,0.036543,0.0302058,31.3193,-0.160334,0.0409358,-0.67825
59.3,0.77121,-0.013784,0.0062831,-0.6364,-0.00441781,-0.00514313,0.00269418,0.720028,0.375221,0.143243,0.0297567,0.0362066,0.0269236,30.0386,-0.169594,0.0617609,-0.717293
59.32,0.771222,-0.0137798,0.00632153,-0.636386,-0.00095952,0.00605546,-0.00316913,0.718781,0.374897,0.142472,0.0275843,0.0359229,0.0294257,30.7905,-0.165142,0.0335106,-0.709864
59.34,0.771234,-0.0137811,0.00627608,-0.636372,0.00772963,-0.00615831,0.00453464,0.718389,0.374805,0.142241,0.0278024,0.0356693,0.0268311,30.086,-0.0977656,0.11707,-0.604266
59.36,0.771215,-0.0137536,0.00629854,-0.636394,0.00881341,-0.00168086,-0.00781621,0.716949,0.374506,0.141408,0.0253029,0.0356998,0.0276736,27.9616,-0.143836,0.093059,-0.678881
59.38,0.771212,-0.0137479,0.00632885,-0.636398,-0.00674187,0.0143264,-0.00603742,0.716592,0.37442,0.141196,0.025859,0.0353904,0.0257535,28.6322,-0.037952,0.0935298,-0.559256
59.4,0.771213,-0.0137873,0.00633727,-0.636396,-0.009814,-0.000654927,-0.000249604,0.715705,0.374105,0.140539,0.0250762,0.0351588,0.0244589,29.3597,-0.100052,0.0926024,-0.57572
59.42,0.771207,-0.0137842,0.00634325,-0.636404,-0.00553255,-0.00619475,-0.00014047,0.714878,0.37383,0.139924,0.0241538,0.0350927,0.0240339,27.8472,-0.159075,0.078335,-0.726738
59.44,0.7712,-0.013777,0.00641784,-0.636412,3.03604e-05,0.00728968,-0.000796884,0.713736,0.37349,0.139076,0.0221371,0.0356584,0.0260932,33.0966,-0.121683,0.107916,-0.585933
59.46,0.771183,-0.0137654,0.00640035,-0.636432,0.0124593,-0.0085552,-0.00743626,0.712708,0.373227,0.138327,0.0216,0.0346626,0.0230943,30.4983,-0.101536,0.0900373,-0.758916
59.48,0.771188,-0.0137696,0.00644474,-0.636426,-0.00743406,0.0124356,-0.00138918,0.712423,0.373207,0.138124,0.0212624,0.0349771,0.0233521,29.0152,-0.111976,0.0534213,-0.495718
59.5,0.771184,-0.0137434,0.00644512,-0.636431,0.00841166,-0.00336627,-0.00434424,0.711122,0.372854,0.137281,0.0193154,0.0346518,0.0245648,28.2609,-0.137192,0.0509532,-0.757667
59.52,0.771182,-0.0137576,0.00645316,-0.636434,0.00168035,0.00145229,-0.000462304,0.710324,0.372655,0.136764,0.0187887,0.0342621,0.0240872,28.726,-0.107175,0.0729331,-0.496221
59.54,0.771184,-0.0137765,0.00642271,-0.636431,0.00106781,-0.00751713,0.00388772,0.709221,0.372409,0.136059,0.0182208,0.0333301,0.0208909,29.3427,-0.118018,0.117989,-0.546955
59.56,0.771177,-0.013778,0.00646996,-0.636438,-0.00610554,0.00585207,0.00356831,0.708877,0.372341,0.135841,0.0171579,0.0337194,0.0234956,30.1901,-0.106741,0.0686723,-0.660544
59.58,0.771168,-0.0137625,0.00645575,-0.63645,-0.00481294,0.00565895,0.00385493,0.708173,0.372168,0.135407,0.0157457,0.0344544,0.0228911,30.0634,-0.0829885,0.129701,-0.467685
59.6,0.771164,-0.0137718,0.00645615,-0.636455,-0.00800711,0.00893988,-0.00170023,0.7073,0.371974,0.134866,0.0155258,0.0345578,0.020401,30.0689,-0.0952624,0.0872977,-0.557254
59.62,0.771166,-0.0137709,0.00645317,-0.636452,0.0136686,-0.00450076,0.000600965,0.706053,0.371669,0.13408,0.0136131,0.0335177,0.0215071,27.687,-0.0843737,0.0530957,-0.703323
59.64,0.771147,-0.0137717,0.00647608,-0.636475,0.0096851,0.00297828,-0.00630294,0.70528,0.371498,0.133603,0.0123712,0.0336689,0.0211533,30.6354,-0.112649,0.0949005,-0.473702
59.66,0.771134,-0.0137565,0.00649153,-0.636491,0.00713321,0.0022229,0.000521122,0.704557,0.371377,0.133164,0.0121162,0.0331884,0.0209148,27.524,-0.0791361,0.085392,-0.625323
59.68,0.771136,-0.0137297,0.00646607,-0.636489,-0.00352538,-0.00407306,0.00363904,0.703402,0.371163,0.132458,0.0109269,0.0330754,0.0178466,32.5597,-0.150863,0.0312879,-0.650152
59.7,0.771132,-0.0137057,0.00644232,-0.636495,0.0161456,-0.00677637,-0.00849158,0.702504,0.370983,0.1319,0.010157,0.0330616,0.0177603,29.8981,-0.121664,0.0850173,-0.672536
59.72,0.771127,-0.0137454,0.00649878,-0.6365,-0.00757758,0.00634276,0.000606146,0.701256,0.370758,0.131131,0.0090567,0.0318811,0.0185846,28.766,-0.0838658,0.0746779,-0.629032
59.74,0.77113,-0.0137342,0.0064854,-0.636497,0.00975637,-0.0046174,0.00468287,0.700873,0.370742,0.130927,0.00801728,0.032091,0.0191174,31.6437,-0.116279,0.0175106,-0.699703
59.76,0.771141,-0.0137717,0.00651999,-0.636483,-0.00718305,0.00142606,0.00306202,0.699751,0.370601,0.13027,0.00769453,0.0315017,0.0164509,26.1752,-0.136929,0.0682425,-0.659695
59.78,0.771156,-0.0137503,0.00653865,-0.636464,0.0127677,0.00042858,0.00582388,0.699388,0.370532,0.130056,0.00657954,0.0320195,0.018654,30.26,-0.0961776,0.0872908,-0.488814
59.8,0.771184,-0.0137853,0.00656225,-0.636429,-0.00828928,0.00624799,0.00101747,0.69774,0.370161,0.129156,0.00512845,0.0319918,0.0180976,28.5463,-0.110457,0.0695033,-0.696494
59.82,0.771181,-0.0137717,0.00652093,-0.636433,0.0147328,-0.00898222,0.000941514,0.697331,0.370074,0.128946,0.00492979,0.0314289,0.0155439,29.5587,-0.117103,0.0488364,-0.651926
59.84,0.771161,-0.0137774,0.00651594,-0.636458,0.0119528,-0.00412653,-0.00738258,0.696545,0.36992,0.128543,0.00412646,0.0312091,0.0156152,28.6851,-0.123092,0.0861299,-0.547077
59.86,0.771157,-0.0137598,0.0065197,-0.636463,0.0099879,-0.00646964,-0.000484656,0.695806,0.369846,0.128194,0.00275366,0.0314984,0.0175111,29.5174,-0.0768599,0.0756867,-0.517708
59.88,0.771173,-0.0138065,0.00655052,-0.636442,-0.00833165,-0.00187994,0.00157234,0.694669,0.369656,0.127596,0.0024019,0.0312986,0.0148802,28.7722,-0.0342432,0.0545789,-0.563344
59.9,0.771215,-0.0137841,0.00658453,-0.636392,-0.00295704,0.00684426,0.00836962,0.693447,0.369408,0.126873,0.00108816,0.0309496,0.016698,31.2378,-0.155812,0.0501699,-0.600547
59.92,0.771225,-0.013793,0.00656347,-0.636379,-0.00376116,-0.00585609,0.00461668,0.693061,0.369336,0.126649,0.00164603,0.0301837,0.01353,29.1809,-0.109409,0.106526,-0.517589
59.94,0.77126,-0.0137822,0.00660681,-0.636336,-0.00225779,0.00773394,0.00582969,0.691969,0.369158,0.12602,-0.000235407,0.0303226,0.0157097,31.1447,-0.109191,0.057723,-0.506871
59.96,0.771277,-0.013752,0.00657859,-0.636317,0.0144734,-0.00645258,0.00615592,0.691621,0.369162,0.12586,-0.000120122,0.0303694,0.0152126,26.7128,-0.0684619,0.0692642,-0.418996
59.98,0.771311,-0.013781,0.00654981,-0.636276,0.00575958,-0.00796861,0.00734059,0.690296,0.368912,0.125042,-0.00179255,0.0303611,0.0151114,29.6189,-0.0694021,0.0951457,-0.357937
60,0.771308,-0.0137875,0.00654082,-0.636279,-0.00350366,-0.000158326,-0.000870422,0.689964,0.368789,0.124766,-0.000818082,0.0302254,0.012729,29.0118,-0.123313,0.0510374,-0.666733
60.02,0.771311,-0.0137798,0.00654821,-0.636275,0.00747463,0.00603072,0.0013147,0.689031,0.368468,0.124015,-0.00182633,0.0300308,0.0157854,29.2544,-0.12432,0.0899948,-0.525076
60.04,0.771303,-0.0137848,0.00651675,-0.636286,-0.000250847,-0.00233958,-0.00168313,0.68874,0.368377,0.123783,-0.000842568,0.0295953,0.012317,28.2756,-0.13273,0.0457135,-0.659817
60.06,0.771296,-0.0138119,0.00656559,-0.636293,-0.0112351,0.00368254,-0.00140926,0.687931,0.368205,0.123152,-0.000791005,0.0300735,0.0128948,27.2478,-0.0642639,0.070623,-0.489573
60.08,0.771296,-0.0137932,0.0065727,-0.636294,-0.00545825,-0.000374292,-5.96599e-05,0.687446,0.368102,0.122755,-0.000416361,0.0299565,0.0123309,30.5949,-0.061077,0.0571699,-0.520865
60.1,0.771279,-0.0138038,0.00659035,-0.636313,-0.00902268,0.00378106,-0.00970804,0.686992,0.367869,0.122128,0.000152378,0.0297295,0.0111911,29.7873,-0.0408891,0.120008,-0.380032
60.12,0.771265,-0.0137504,0.0065884,-0.636331,0.0101546,0.00558008,-0.00246335,0.686387,0.367569,0.121259,-0.000248945,0.0288415,0.0130208,29.4684,-0.0710996,0.0657611,-0.603422
60.14,0.771247,-0.0137421,0.00661033,-0.636354,0.00882653,0.00499585,-0.00341005,0.686031,0.367396,0.120728,-0.000281111,0.0282558,0.0129913,28.0433,-0.108744,0.0823475,-0.317655
60.16,0.771253,-0.0137543,0.00662489,-0.636345,-0.00617265,-0.000112757,-0.000484837,0.685563,0.367178,0.12,0.00174481,0.027083,0.00966027,29.0222,-0.0847428,0.116438,-0.526397
60.18,0.771262,-0.0137647,0.00665573,-0.636334,-0.004179,0.00474311,0.0038858,0.685436,0.367154,0.119777,0.00192209,0.0266106,0.0116571,28.7354,-0.105349,0.11531,-0.609454
60.2,0.77129,-0.0137513,0.00661206,-0.636301,0.00959485,-0.00729576,0.00708916,0.685215,0.366745,0.11882,0.00277021,0.0252947,0.0110198,28.6109,-0.0953015,0.0672514,-0.651703
60.22,0.771294,-0.0137864,0.00664307,-0.636295,-0.0225861,0.00368888,9.38968e-05,0.685164,0.366618,0.118507,0.00401036,0.0247324,0.0100737,27.4618,-0.0692989,0.0723341,-0.523325
60.24,0.771323,-0.013786,0.00664372,-0.63626,0.00691353,0.00217278,0.00830439,0.68505,0.366257,0.11767,0.00385919,0.0229653,0.0114177,30.653,-0.10493,0.100311,-0.485411
60.26,0.771375,-0.0138529,0.00664503,-0.636196,-0.00183745,-0.00203918,0.0137409,0.685019,0.366036,0.117157,0.00475448,0.0225337,0.0119776,31.67,-0.0327728,0.0764613,-0.581838
60.28,0.771436,-0.0139369,0.00664429,-0.636119,-0.000798663,0.00231068,0.00558719,0.685022,0.365835,0.116679,0.00542202,0.0219527,0.0121082,27.6329,-0.0926603,0.0237419,-0.66778
60.3,0.771473,-0.0140207,0.00661059,-0.636073,-0.00246242,-0.000425572,0.00146011,0.685115,0.36556,0.115954,0.00613691,0.0218194,0.0110164,28.6593,-0.133243,0.0893059,-0.372736
60.32,0.771511,-0.0141007,0.00648833,-0.636027,0.0159395,-0.0120308,0.00207033,0.685284,0.365157,0.114946,0.00643283,0.0207005,0.0108964,28.8867,-0.0725516,0.106839,-0.399607
60.34,0.771544,-0.014185,0.00641686,-0.635986,-0.00255259,-0.00151818,0.00151903,0.685496,0.364784,0.114029,0.00641675,0.0198255,0.0100329,30.8892,-0.0747762,0.101641,-0.362197
60.36,0.771553,-0.0142197,0.00639889,-0.635974,0.000240471,-0.0100377,0.0089074,0.685566,0.364675,0.113751,0.00538018,0.0201072,0.010849,26.5279,-0.0884483,0.0562644,-0.487097
60.38,0.771586,-0.0143295,0.0063678,-0.635932,-0.00115687,-0.00830905,-0.00199978,0.685804,0.364296,0.112799,0.00545319,0.0203577,0.00821553,29.4961,-0.135335,0.0862876,-0.634031
60.4,0.771602,-0.0143737,0.00633218,-0.635912,-0.00126661,-0.00344969,-0.000836643,0.685965,0.363961,0.112064,0.00476552,0.0213221,0.00847331,31.7507,-0.0523272,0.0277054,-0.543669
60.42,0.771611,-0.0144722,0.0063363,-0.635898,-0.0077,-0.00198464,-0.00122536,0.686233,0.363486,0.110996,0.00589316,0.0209694,0.00860748,27.872,-0.0865884,0.119038,-0.57004
60.44,0.771625,-0.014464,0.0062922,-0.635882,0.014932,-0.015666,0.00497816,0.686328,0.363343,0.110672,0.00527432,0.0207758,0.0086839,28.3714,-0.110486,0.123405,-0.480085
60.46,0.771632,-0.0145218,0.0063069,-0.635873,-0.0122599,0.00404119,0.00194662,0.68663,0.362967,0.109724,0.00582997,0.0213515,0.00729124,26.8611,-0.0497508,0.0720926,-0.388639
60.48,0.771618,-0.0145,0.00629486,-0.635889,0.0114196,-0.00318907,-0.00785307,0.686734,0.362862,0.109433,0.00504254,0.0217173,0.00819721,30.6727,-0.130115,0.0919382,-0.642392
60.5,0.771611,-0.0145525,0.00630451,-0.635897,-0.0101392,0.000383529,0.00415657,0.687125,0.362333,0.108351,0.00557788,0.0216119,0.00588035,31.0703,-0.103707,0.0509751,-0.649476
60.52,0.771607,-0.0145515,0.00629838,-0.635902,0.00222344,-0.0121513,0.000118333,0.687431,0.361974,0.107619,0.00603932,0.0212606,0.00562852,28.2703,-0.0828482,0.0661254,-0.582665
60.54,0.771619,-0.0145701,0.00632203,-0.635886,0.0118302,-0.00772888,0.00741592,0.687746,0.361616,0.106916,0.00632562,0.0208448,0.00516826,29.038,-0.120991,0.0792113,-0.529239
60.56,0.771646,-0.0145839,0.00633764,-0.635853,-0.0101665,0.00194314,0.00461757,0.688228,0.36114,0.105911,0.00680407,0.0210336,0.00537929,30.0161,-0.123605,0.0929695,-0.691638
60.58,0.771636,-0.014588,0.00634121,-0.635866,-0.0133672,0.00664657,0.00179468,0.688583,0.360723,0.105176,0.00734257,0.0206315,0.00464102,27.7235,-0.030856,0.0470952,-0.470301
60.6,0.771627,-0.0146226,0.00635764,-0.635875,0.00355443,0.00108024,-0.00113172,0.689125,0.359931,0.103971,0.00661927,0.0201643,0.00482696,27.868,-0.0750581,0.0839245,-0.650411
60.62,0.771645,-0.0146272,0.00632244,-0.635854,-0.00101839,-0.00594303,0.00280733,0.689315,0.35971,0.103583,0.00766521,0.0195902,0.0026558,27.5598,-0.0889831,0.0937653,-0.544472
60.64,0.771648,-0.014656,0.00633763,-0.63585,-0.00455868,0.00844134,-0.00264195,0.689868,0.359,0.102485,0.00796766,0.0185419,0.00432549,29.219,-0.0897818,0.0845327,-0.579774
60.66,0.771652,-0.0146534,0.00629259,-0.635845,0.00486307,-0.0114016,-0.00134507,0.690052,0.358779,0.102145,0.00769808,0.0187441,0.0025806,28.9271,-0.0782715,0.0517304,-0.561351
60.68,0.771649,-0.0146998,0.00629624,-0.635848,-0.00483788,0.000392822,-0.00190076,0.69063,0.358043,0.101053,0.00768904,0.0182874,0.0030875,27.8728,-0.0980949,0.0888562,-0.628159
60.7,0.771637,-0.0146957,0.00625084,-0.635863,0.000326008,-0.000596475,0.000818586,0.69105,0.357428,0.100232,0.00759738,0.0183291,0.0023011,28.7913,-0.0766842,0.0326233,-0.691096
60.72,0.771645,-0.0147227,0.00625934,-0.635852,-0.0176522,0.00607949,-0.00343768,0.691469,0.356863,0.099449,0.00814207,0.018059,0.00146565,29.1483,-0.0894848,0.0990576,-0.401336
60.74,0.771661,-0.014768,0.00624279,-0.635832,-0.0111951,-0.0138016,0.00808857,0.691904,0.356356,0.0987196,0.00864878,0.0171387,-0.000342518,27.3967,-0.10445,0.103892,-0.651902
60.76,0.77167,-0.0147965,0.00626229,-0.63582,0.00343936,0.00672684,0.00747625,0.69256,0.35561,0.0976578,0.00838848,0.0169144,0.00173465,29.1586,-0.141288,0.0333512,-0.78717
60.78,0.771651,-0.0147975,0.00624095,-0.635843,0.010356,-0.00236085,-0.00358506,0.693241,0.354823,0.0965701,0.0085694,0.0165911,-0.000960955,27.3735,-0.0737379,0.0671434,-0.650096
60.8,0.771654,-0.0148309,0.00626661,-0.635839,-0.0110855,0.0059637,-8.86114e-05,0.693488,0.354496,0.0961467,0.00840349,0.0164766,3.35727e-06,26.3555,-0.128741,0.126649,-0.37161
60.82,0.771655,-0.014809,0.00625018,-0.635838,0.0187,0.00306629,0.00237482,0.694163,0.353576,0.0949481,0.00888126,0.0166504,-0.00150649,31.9334,-0.153186,0.101217,-0.74837
60.84,0.771663,-0.0148164,0.00625509,-0.635828,0.0090967,0.000936114,-0.000827128,0.694622,0.353,0.0941808,0.0094376,0.0151561,-0.00196221,29.8541,-0.0553686,0.0920432,-0.641098
60.86,0.771672,-0.0148354,0.00622378,-0.635817,0.00175739,-0.00732929,0.00101771,0.695321,0.352194,0.0930855,0.00944297,0.0141822,-0.00401642,25.9039,-0.0952374,0.0121529,-0.677624
60.88,0.771674,-0.0148616,0.00627748,-0.635814,-0.0100207,0.00477874,0.00827637,0.69555,0.351936,0.0927365,0.00969562,0.0137278,-0.00214461,29.6711,-0.073973,0.110772,-0.489596
60.9,0.771657,-0.0148667,0.00621836,-0.635835,0.00999493,-0.00782609,-0.000115547,0.696222,0.350934,0.0915146,0.00944385,0.0128753,-0.00335538,28.9008,-0.0815881,0.0900437,-0.664965
60.92,0.771659,-0.0149043,0.00624976,-0.635831,-0.00850903,0.00612593,-0.000342549,0.69645,0.350618,0.0911201,0.0102644,0.012481,-0.00290184,29.4259,-0.087348,0.0857645,-0.68709
60.94,0.771667,-0.0149211,0.00620475,-0.635821,0.0139671,-0.00237841,0.000132911,0.697129,0.349712,0.0900173,0.00984277,0.0108808,-0.00312103,28.7073,-0.112192,0.0567344,-0.761406
60.96,0.771668,-0.0149371,0.0061955,-0.63582,0.00849604,-0.00301924,0.00323273,0.697582,0.349139,0.0893178,0.0100411,0.0104397,-0.0033367,29.0268,-0.102029,0.129802,-0.559551
60.98,0.771654,-0.0149378,0.0061863,-0.635837,0.00399219,0.00572965,-0.00529462,0.698037,0.348607,0.088651,0.0102489,0.0106498,-0.00340218,28.4315,-0.0946586,0.0910214,-0.722691
61,0.771625,-0.0149323,0.0061303,-0.635872,0.00661568,-0.00470311,-0.0069672,0.698611,0.347644,0.0874672,0.0103436,0.0102668,-0.00556414,27.8065,-0.087771,0.139752,-0.669952
61.02,0.771614,-0.0149363,0.0061364,-0.635887,0.00131071,-0.00185171,-0.00349336,0.698946,0.347035,0.0867432,0.0104594,0.0100375,-0.00510605,27.7654,-0.100159,0.0570036,-0.709735
61.04,0.77157,-0.014909,0.00616244,-0.63594,-0.00239675,0.00767687,-0.00483862,0.69946,0.346174,0.08571,0.0108841,0.00902221,-0.00494172,27.5697,-0.142647,0.111705,-0.746642
61.06,0.771553,-0.0148786,0.00615984,-0.635962,0.0161746,0.00514308,-0.013858,0.699629,0.345904,0.0853901,0.00988982,0.00898882,-0.00502171,30.19,-0.0948628,0.137124,-0.478222
61.08,0.771486,-0.014797,0.0061645,-0.636044,0.000991398,0.00283889,-0.00998315,0.700051,0.345048,0.0844018,0.0101488,0.00915306,-0.00595881,27.4057,-0.093999,0.0495917,-0.726189
61.1,0.771456,-0.0147655,0.00618634,-0.636082,0.0161336,0.0060672,-0.00795854,0.700158,0.344726,0.0840641,0.00936103,0.00888453,-0.0041473,28.8634,-0.0692358,0.0506101,-0.527616
61.12,0.771393,-0.0147038,0.00623929,-0.636158,0.00464384,0.00183951,-0.00374748,0.700436,0.343777,0.0830896,0.00949928,0.0088337,-0.00751949,25.7332,-0.133331,0.0767193,-0.543658
61.14,0.77137,-0.0146728,0.00630022,-0.636187,-0.00297817,-0.00116711,0.00154992,0.700639,0.343193,0.0824699,0.00988206,0.00839867,-0.00751747,30.104,-0.0926756,0.0687663,-0.773281
61.16,0.771342,-0.014607,0.00632745,-0.636222,0.0112075,0.0020761,-0.00857445,0.700855,0.342637,0.0818748,0.0098551,0.0078391,-0.00708152,28.3875,-0.0935804,0.0970632,-0.596032
61.18,0.7713,-0.0145706,0.00636143,-0.636273,0.0132176,-0.00274549,-0.00713901,0.701075,0.34211,0.0813103,0.00977674,0.00739788,-0.00720421,25.9876,-0.124063,0.107117,-0.624319
61.2,0.771242,-0.0145052,0.00638412,-0.636345,-0.00585874,0.00689458,-0.00829832,0.701205,0.341099,0.0803994,0.0100722,0.00544576,-0.00871867,29.7223,-0.148439,0.110867,-0.617532
61.22,0.771208,-0.0144599,0.00642706,-0.636386,0.00803031,0.00877042,-0.000212242,0.701315,0.340145,0.0795895,0.00999241,0.00473141,-0.00475082,27.1891,-0.0702106,0.121937,-0.691811
61.24,0.771195,-0.0144515,0.00640819,-0.636403,-0.00632463,-0.0042367,-0.000948974,0.701355,0.339839,0.0793407,0.0106593,0.00400227,-0.00858717,28.8539,-0.0351501,0.0138222,-0.63634
61.26,0.771184,-0.0144459,0.00645223,-0.636416,-0.0103646,0.00957586,-0.00420009,0.701515,0.338943,0.0786178,0.0115054,0.00248299,-0.00528652,28.1874,-0.122682,0.102062,-0.66219
61.28,0.771174,-0.0144549,0.00644654,-0.636428,-0.0112439,0.00671516,0.00275566,0.701542,0.338318,0.0781662,0.012041,0.00163852,-0.0055014,28.4362,-0.139841,0.076529,-0.652576
61.3,0.771159,-0.0144414,0.0064539,-0.636446,0.0142547,-0.00182768,0.00191337,0.70147,0.337339,0.0775377,0.0112732,0.000602788,-0.0049168,29.0358,-0.084465,0.122808,-0.599856
61.32,0.771143,-0.0144839,0.0064762,-0.636464,-0.017778,0.000623832,-0.00759417,0.70145,0.337024,0.0773347,0.0126589,-6.9734e-05,-0.00852071,30.3928,-0.124598,0.0644257,-0.781436
61.34,0.771109,-0.0144664,0.00645287,-0.636506,0.0103017,0.000185813,-0.00874445,0.701428,0.336109,0.0767635,0.0115842,-0.00122718,-0.00458175,28.4399,-0.046809,0.0869999,-0.543846
61.36,0.771116,-0.0144384,0.00640873,-0.636499,0.0108532,-0.00270165,-0.00104623,0.701427,0.335815,0.0765832,0.0126617,-0.00130674,-0.00889472,27.065,-0.126435,0.0787003,-0.691412
61.38,0.771074,-0.0144444,0.00643819,-0.636549,-0.00245693,0.00502829,-0.00881167,0.701335,0.334936,0.0760502,0.0117219,-0.00152695,-0.0051427,28.3171,-0.117592,0.120113,-0.628075
61.4,0.771024,-0.0143902,0.00641846,-0.636611,0.0106163,-0.000325268,-0.0027239,0.701032,0.334058,0.0755529,0.0117251,-0.00190839,-0.00839609,29.4282,-0.0772936,0.0801668,-0.694939
61.42,0.770995,-0.0144055,0.00644902,-0.636645,-0.00663254,0.00440121,-0.0113576,0.700944,0.333776,0.0753909,0.0110622,-0.002222,-0.00506572,25.5206,-0.0614018,0.163931,-0.504894
61.44,0.770945,-0.0143276,0.00647861,-0.636708,0.0209498,0.00617898,-0.00359123,0.700691,0.332979,0.0749647,0.0105396,-0.00226358,-0.00454841,28.8107,-0.114702,0.0830241,-0.51309
61.46,0.770911,-0.014306,0.00652097,-0.636749,0.0113795,0.015636,-0.00413007,0.700543,0.332482,0.0746969,0.0109228,-0.00225218,-0.00501169,26.4501,-0.0514267,0.107427,-0.679271
61.48,0.770868,-0.0142484,0.00659497,-0.636802,0.00424841,0.0011216,-0.00657112,0.700281,0.331789,0.0743539,0.011905,-0.00302415,-0.00917763,29.043,-0.0724188,0.173471,-0.559968
61.5,0.77087,-0.0142685,0.00663785,-0.636798,-0.000548604,0.00593365,-0.00521317,0.700156,0.331575,0.0742657,0.0109158,-0.00315863,-0.00447094,29.5249,-0.0731856,0.0692845,-0.769575
61.52,0.770848,-0.0141657,0.0066627,-0.636827,0.0114243,0.00273409,-0.00306201,0.699807,0.330963,0.0740267,0.0117441,-0.00346152,-0.00862087,27.9814,-0.116015,0.0441799,-0.671039
61.54,0.770848,-0.014224,0.00670595,-0.636825,-0.0218488,-0.00222453,0.000833497,0.699729,0.330761,0.0739206,0.0123079,-0.00418973,-0.0076583,27.8888,-0.0683313,0.131417,-0.400161
61.56,0.770824,-0.014171,0.00676232,-0.636855,0.0098978,0.00676075,-0.00277123,0.699469,0.330176,0.0737141,0.0110833,-0.00539776,-0.00475748,28.5798,-0.0903455,0.0581325,-0.619057
61.58,0.770814,-0.014165,0.00676047,-0.636866,0.0193716,0.00713839,-0.00623915,0.69933,0.329793,0.0735822,0.011373,-0.00632449,-0.00462536,27.1155,-0.0826478,0.164881,-0.722303
61.6,0.770817,-0.0142028,0.00679404,-0.636862,0.00434982,0.00562076,-0.00431786,0.699019,0.329491,0.0734763,0.0110642,-0.00701131,-0.00413455,28.6457,-0.0921068,0.0863722,-0.557057
61.62,0.77082,-0.0142456,0.00681806,-0.636857,-0.0042021,0.00272989,-0.000951572,0.698733,0.329196,0.0733805,0.0108781,-0.00741062,-0.00388229,28.415,-0.0593093,0.112209,-0.594222
61.64,0.770866,-0.0142496,0.00680399,-0.636801,0.00940765,-0.00535062,0.0124894,0.698361,0.328748,0.0732603,0.0117572,-0.00858059,-0.00534681,28.369,-0.0579384,0.0700118,-0.449422
61.66,0.770931,-0.0143402,0.00682588,-0.636721,-0.0143588,-0.00220568,0.00256088,0.698056,0.328319,0.0731548,0.0136838,-0.00944747,-0.0067328,31.0748,-0.0818588,0.12354,-0.535508
61.68,0.770951,-0.0143196,0.00680593,-0.636697,0.0139452,-0.00381156,0.00778667,0.697965,0.328179,0.0731323,0.0119013,-0.00937496,-0.00460212,27.132,-0.0769259,0.0705978,-0.645345
61.7,0.770954,-0.0143718,0.00675468,-0.636693,-0.00965335,-0.00968219,-0.00241053,0.697609,0.327887,0.0730867,0.0128505,-0.0103406,-0.0075611,27.7092,-0.113074,0.113832,-0.608364
61.72,0.770951,-0.0144009,0.00671351,-0.636697,-0.00190626,-0.00863423,0.00210564,0.69736,0.327736,0.0730788,0.0125207,-0.0104372,-0.00776725,28.167,-0.0819052,0.0686883,-0.636713
61.74,0.770959,-0.0144693,0.00672018,-0.636686,-0.0123898,-0.00264025,-0.00138308,0.697053,0.327517,0.0730519,0.0121232,-0.00961937,-0.00544533,29.2279,-0.0377575,0.0952458,-0.575951
61.76,0.770974,-0.0144506,0.00669621,-0.636668,0.00173735,-0.00598694,0.00398282,0.696952,0.327455,0.0730654,0.0112614,-0.00925167,-0.00475031,26.1422,-0.0875393,0.0470275,-0.599469
61.78,0.770986,-0.0144714,0.00671845,-0.636653,-0.00915985,-0.00208802,0.00170251,0.696655,0.327329,0.0730892,0.0127661,-0.00889073,-0.00589032,26.692,-0.0835549,0.116391,-0.641435
61.8,0.771,-0.0144488,0.00672991,-0.636636,0.00846667,0.0069064,0.00457079,0.696533,0.327319,0.0731274,0.0112075,-0.00882827,-0.00357579,30.9218,-0.0693279,0.136196,-0.580182
61.82,0.771011,-0.0144723,0.00675848,-0.636621,-0.0163974,-0.00614444,0.00360675,0.696203,0.32729,0.073202,0.0122135,-0.00903348,-0.00658385,29.4261,-0.112335,0.0629705,-0.670942
61.84,0.771031,-0.014447,0.00680382,-0.636598,0.00204179,0.00348285,-0.00350609,0.695908,0.327267,0.0732968,0.0108099,-0.00922618,-0.00271069,25.5816,-0.11528,0.0821675,-0.822292
61.86,0.77104,-0.0144064,0.00676322,-0.636587,0.00738244,-0.00168869,-0.00251885,0.695829,0.327245,0.0733215,0.0110757,-0.00933021,-0.00493669,27.9298,-0.107952,0.1226,-0.78402
61.88,0.771021,-0.0144282,0.00677988,-0.63661,-0.0140492,-0.00315521,-0.00717267,0.695587,0.327223,0.0733989,0.0115074,-0.00933055,-0.00469125,27.4452,-0.0383958,0.057509,-0.598117
61.9,0.771004,-0.0144049,0.00678497,-0.636632,-0.0107509,0.0018749,0.00142193,0.695426,0.327327,0.0735566,0.0118647,-0.00937971,-0.00490176,29.4403,-0.109889,0.0210405,-0.748831
61.92,0.77104,-0.0144003,0.00679303,-0.636587,0.013043,0.00546873,0.0033091,0.695244,0.327471,0.0738027,0.0114962,-0.00939458,-0.00278039,26.7066,-0.108474,0.126274,-0.538725
61.94,0.771062,-0.0144483,0.0067906,-0.63656,-0.0211081,-0.00628382,0.00232394,0.695201,0.327516,0.0738701,0.0132735,-0.00972312,-0.00529441,29.248,-0.0600065,0.0807111,-0.692335
61.96,0.771109,-0.0144871,0.00683487,-0.636502,-0.00502369,0.00253143,0.00460021,0.695115,0.327632,0.0740912,0.0127171,-0.0104713,-0.00218661,29.4138,-0.0347077,0.109594,-0.621941
61.98,0.771118,-0.0144775,0.00681788,-0.636491,-0.00206769,-0.0046441,0.00110293,0.695123,0.327642,0.0741717,0.0130323,-0.0113651,-0.00217413,25.2145,-0.10836,0.0848676,-0.581899
62,0.771133,-0.014487,0.00680676,-0.636473,0.00484206,-0.00330761,-0.00171504,0.695098,0.327818,0.0744065,0.0130199,-0.0114404,-0.00108705,28.6107,-0.0618924,0.0938017,-0.60574
62.02,0.771181,-0.0145554,0.00679666,-0.636413,-0.0157888,-0.0052571,0.00699628,0.695113,0.328058,0.0747492,0.0147298,-0.0119693,-0.00220555,30.4077,-0.0931233,0.160376,-0.532732
62.04,0.77123,-0.0145836,0.0067777,-0.636354,-0.0158959,-0.00355712,0.00482794,0.695155,0.328205,0.0749863,0.0155591,-0.0119295,-0.00237439,28.4604,-0.0931958,0.044194,-0.730168
62.06,0.771267,-0.0145948,0.00674883,-0.636308,-0.0143432,-0.00684091,0.00331119,0.695191,0.328342,0.0752219,0.0154461,-0.0118553,-0.00252194,29.0966,-0.0379421,0.0831771,-0.742056
62.08,0.77127,-0.0146204,0.00674802,-0.636305,0.00621755,-0.0029796,-0.0033351,0.695286,0.328592,0.0756241,0.0145932,-0.0114612,0.00144007,24.7466,-0.0968291,0.138224,-0.555696
62.1,0.771256,-0.0146433,0.00666982,-0.636322,0.00565467,-0.00587,-0.00196766,0.695416,0.328959,0.0761185,0.0153552,-0.0106192,-0.00174192,28.6232,-0.0770879,0.113447,-0.753722
62.12,0.771249,-0.0146765,0.00669545,-0.636329,-0.0105359,0.00416858,-0.0023728,0.695493,0.329064,0.0762641,0.0154076,-0.0104228,-0.000519129,29.2182,-0.123272,0.125264,-0.652795
62.14,0.771268,-0.0146608,0.00666033,-0.636306,0.016773,-0.00234639,0.00443848,0.695674,0.329435,0.0767291,0.0148842,-0.00893199,0.00115364,29.6234,-0.13097,0.0284442,-0.825897
62.16,0.771257,-0.0146743,0.00667826,-0.636319,-0.0103734,-0.000865283,-0.00466348,0.695746,0.329558,0.0768717,0.0162763,-0.00889809,-0.00143857,25.8503,-0.154296,0.0803206,-0.744892
62.18,0.771234,-0.0146483,0.00673405,-0.636348,-0.0038899,-0.00202819,0.000892025,0.696047,0.33007,0.0774999,0.0164058,-0.00821821,-0.00147552,28.9257,-0.0323513,0.103188,-0.496484
62.2,0.771225,-0.0146346,0.00678063,-0.636359,0.00133163,0.012873,-0.00171522,0.696118,0.330223,0.0776906,0.0157531,-0.00747837,0.0019352,29.0434,-0.099877,0.168117,-0.598811
62.22,0.771198,-0.0145333,0.00679699,-0.636393,0.0054036,0.00448246,-0.00303884,0.696363,0.330662,0.0782497,0.0152242,-0.0069917,0.0010112,28.9246,-0.0448097,0.0862389,-0.629802
62.24,0.77119,-0.014544,0.0068361,-0.636402,-0.00289518,0.00571572,0.00101842,0.696446,0.330808,0.0784231,0.0161359,-0.00711251,0.000801425,27.988,-0.132302,0.0732953,-0.802807
62.26,0.771172,-0.0144756,0.00690053,-0.636424,0.00440542,0.0101619,0.00295716,0.696665,0.331232,0.0789523,0.0150839,-0.00732492,0.00222245,27.3278,-0.05247,0.0980915,-0.661283
62.28,0.771154,-0.0144437,0.00693559,-0.636447,-0.00804231,0.00574036,-0.00472514,0.69684,0.331642,0.0795064,0.016769,-0.00745574,0.000295858,29.3987,-0.142618,0.132904,-0.574952
62.3,0.771146,-0.0144228,0.00695205,-0.636457,0.0119937,0.00521163,-0.00275416,0.696866,0.331789,0.07974,0.0157915,-0.00720359,0.00295657,26.725,-0.0585511,0.0913275,-0.627884
62.32,0.771106,-0.0143961,0.00695361,-0.636507,0.000330595,-0.00432382,-0.00545226,0.69697,0.332205,0.0803976,0.0162896,-0.00764871,0.000296446,27.3995,-0.0695059,0.0566077,-0.6351
62.34,0.77108,-0.0143633,0.00695372,-0.636539,0.00525846,-0.00307408,0.000155627,0.697074,0.332456,0.0808434,0.0157976,-0.00744462,0.00143662,27.3603,-0.107346,0.157788,-0.686094
62.36,0.771064,-0.0143836,0.00698797,-0.636557,-0.00147874,0.00234663,-0.00328667,0.697249,0.332824,0.0814495,0.0171668,-0.00761327,0.00197382,31.404,-0.0691808,0.122102,-0.468007
62.38,0.771062,-0.0143241,0.00696574,-0.636561,0.0137364,0.00178172,0.000905954,0.697316,0.332941,0.0816595,0.0163063,-0.00741358,0.0029052,30.3145,-0.0333608,0.0486175,-0.52155
62.4,0.771028,-0.0143609,0.00700247,-0.636601,-0.0157652,-0.00167179,-0.0054266,0.69742,0.333321,0.0822701,0.0176982,-0.00726325,0.00165569,25.3061,-0.0795498,0.165041,-0.448371
62.42,0.771024,-0.0143419,0.00698194,-0.636606,0.0183296,0.00115994,-0.00447877,0.697465,0.333441,0.0824808,0.0163269,-0.0072298,0.00430808,29.3993,-0.113793,0.0900314,-0.616142
62.44,0.771005,-0.0143087,0.00698281,-0.63663,0.00372311,-0.000137316,-0.00131883,0.697643,0.333769,0.0830711,0.0167459,-0.0070954,0.00217608,29.6398,-0.0482372,0.0807034,-0.567891
62.46,0.771008,-0.0143013,0.00699305,-0.636627,0.00108197,-0.00384195,0.00497625,0.697745,0.333984,0.0834536,0.0164465,-0.0069203,0.00283375,26.9783,-0.0647219,0.0644139,-0.688744
62.48,0.770987,-0.0142721,0.00702433,-0.636652,0.00854822,0.00167527,0.00168548,0.697837,0.334194,0.0838291,0.0166009,-0.00681413,0.00422249,30.6671,-0.0912876,0.151262,-0.499001
62.5,0.77098,-0.0142624,0.00702883,-0.636661,0.00687829,-0.000705376,0.00169296,0.697901,0.334414,0.0841919,0.0164002,-0.00600439,0.00429707,28.835,-0.0977627,0.0830295,-0.714933
62.52,0.770964,-0.0142844,0.00705772,-0.63668,-0.00789586,-0.00649783,0.00334699,0.697949,0.334757,0.0847035,0.0165868,-0.00603731,0.00442179,28.6597,-0.0752844,0.0996921,-0.629466
62.54,0.77093,-0.0142349,0.00706935,-0.636722,0.0102331,0.00808953,-0.00355885,0.698024,0.335079,0.0852125,0.0153432,-0.00584963,0.00586512,26.052,-0.105216,0.0719789,-0.703422
62.56,0.770919,-0.0142146,0.00705076,-0.636735,-0.00226392,-0.00722868,-0.00304433,0.698074,0.335173,0.0853875,0.0159921,-0.00575285,0.00277271,28.0125,-0.0878801,0.126042,-0.55546
62.58,0.770905,-0.0142196,0.00708385,-0.636752,-0.00321145,0.00981491,-0.00514519,0.698202,0.335461,0.0858587,0.0163846,-0.00600726,0.00646482,29.3528,-0.0587257,0.113985,-0.513963
62.6,0.7709,-0.0142288,0.00711026,-0.636757,-0.0159146,0.00373642,-0.00626167,0.698215,0.335677,0.086133,0.0168381,-0.00611094,0.00621444,30.8746,-0.0300831,0.143904,-0.558294
62.62,0.770905,-0.0141953,0.00710941,-0.636752,0.0140144,-0.00238382,-0.00338668,0.698263,0.335984,0.086552,0.0160312,-0.00577143,0.00505937,30.037,-0.103033,0.0427344,-0.65873
62.64,0.770904,-0.014223,0.00712389,-0.636753,-0.011117,-0.000353909,-0.00222656,0.698291,0.336082,0.0866739,0.016861,-0.00569497,0.00544417,24.1697,-0.0708678,0.155772,-0.51199
62.66,0.770889,-0.0142173,0.00714595,-0.63677,0.0113879,0.00679323,-0.00333315,0.698407,0.33635,0.0870643,0.0163112,-0.00570393,0.00762493,29.8977,-0.0954425,0.0769682,-0.709285
62.68,0.77089,-0.0142075,0.00709916,-0.63677,-0.000585605,-0.0138669,-0.00297826,0.698429,0.336439,0.0871894,0.0169608,-0.0053973,0.00334655,31.1985,-0.0800875,0.0838503,-0.634176
62.7,0.770882,-0.0142162,0.00708932,-0.636779,0.00382428,0.00221827,-0.00195774,0.698433,0.33667,0.0875201,0.0169172,-0.0058434,0.00657017,27.2715,-0.0955109,0.111312,-0.647076
62.72,0.770886,-0.0141958,0.0070598,-0.636776,0.0158873,-0.00215948,0.00309978,0.69843,0.336877,0.0878492,0.0167172,-0.00554323,0.00398783,31.2165,-0.0680391,0.148145,-0.56038
62.74,0.770883,-0.0142404,0.00708237,-0.636779,-0.0103553,0.000677762,0.00130762,0.698441,0.336941,0.0879458,0.0170455,-0.00567361,0.00597962,24.97,-0.0665232,0.0457398,-0.481302
62.76,0.770874,-0.0141929,0.00705242,-0.636791,0.0124461,0.00974931,-0.00508297,0.698486,0.337124,0.0882598,0.0159922,-0.00537405,0.00476262,26.8021,-0.0747042,0.0980925,-0.638985
62.78,0.77085,-0.0141724,0.00706588,-0.63682,0.0143785,0.0147261,-0.0040802,0.698565,0.337235,0.0884492,0.0158069,-0.00536808,0.00758577,30.8535,-0.113181,0.14073,-0.580464
62.8,0.770912,-0.0141849,0.00711441,-0.636744,-0.0115408,0.000970978,0.01961,0.698531,0.337232,0.0886534,0.013665,-0.00536723,0.00408103,28.3492,-0.0564676,0.0957014,-0.395457
62.82,0.770923,-0.014218,0.00718159,-0.636729,-0.00624987,0.0151883,0.000403286,0.698515,0.33723,0.0887186,0.0125553,-0.00537694,0.00797283,28.343,-0.0509928,0.0875878,-0.543056
62.84,0.770926,-0.0142392,0.00728498,-0.636725,0.00310376,0.00733124,-0.00485948,0.698477,0.337243,0.088926,0.0136512,-0.0039117,0.00380352,27.6733,-0.0746781,0.0946972,-0.520905
62.86,0.770892,-0.0142892,0.00733784,-0.636764,-0.0180365,0.00788357,-0.0140053,0.698492,0.337252,0.0889782,0.0152752,-0.00385359,0.00623416,29.0585,-0.107141,0.0825179,-0.671667
62.88,0.770763,-0.0141601,0.00733259,-0.636923,0.0220397,0.0138472,-0.00642718,0.698599,0.337297,0.0891539,0.0199844,-0.00356459,0.00385842,29.3356,-0.0683737,0.158169,-0.537285
62.9,0.770764,-0.0140611,0.00727843,-0.636924,0.0315671,0.00782519,0.00484776,0.698707,0.337231,0.0892056,0.0203442,-0.00519561,0.00762421,27.522,-0.101917,0.0861613,-0.639745
62.92,0.770833,-0.0140279,0.00724125,-0.636841,0.0157181,0.00299331,0.00939993,0.69874,0.337076,0.0892073,0.0190458,-0.00626843,0.00738335,28.0327,-0.0745079,0.0871164,-0.765441
62.94,0.770886,-0.0140052,0.00720012,-0.636779,-0.00322234,-0.00817872,-0.00245772,0.698735,0.336818,0.0892512,0.0148545,-0.00734155,0.00477341,26.676,-0.0859872,0.134053,-0.61515
62.96,0.770863,-0.0140728,0.00725273,-0.636804,-0.0004624,-0.00293233,-0.00496339,0.698684,0.336637,0.0892965,0.011953,-0.00802345,0.00506308,29.5319,-0.107278,0.114236,-0.632753
62.98,0.770884,-0.0142319,0.00739317,-0.636774,-0.0202606,-0.000302709,0.0101334,0.698595,0.33632,0.0893115,0.0121242,-0.00840317,0.00768925,29.8847,-0.071341,0.0707242,-0.660524
63,0.770889,-0.014262,0.00743652,-0.636766,-0.0065697,0.00194812,0.00829247,0.698588,0.336183,0.0893158,0.0121484,-0.00821389,0.00888151,29.1572,-0.0705948,0.125422,-0.433589
63.02,0.770913,-0.0143321,0.00755222,-0.636734,-0.00848041,0.00196682,0.00462876,0.698595,0.335824,0.0892548,0.0155781,-0.00715705,0.00405894,29.5194,-0.042072,0.106137,-0.682488
63.04,0.770905,-0.0143468,0.00759111,-0.636743,0.00372742,0.00998087,-0.00908126,0.698619,0.33572,0.0892425,0.014955,-0.0062023,0.00996644,28.2719,-0.148968,0.0668853,-0.634081
63.06,0.77095,-0.014202,0.00785829,-0.636689,0.002717,0.0352549,-0.00059089,0.698827,0.335419,0.089184,0.0186915,-0.000699675,0.00875536,26.8604,-0.0728543,0.0706992,-0.658755
63.08,0.770954,-0.0140508,0.00791696,-0.636687,0.0100366,0.0206705,0.00480828,0.698881,0.335332,0.0891397,0.0179532,0.000307291,0.00446996,28.7003,-0.152803,0.0469362,-0.813653
63.1,0.771043,-0.0137231,0.00835049,-0.636581,-0.018829,0.0449355,0.0066862,0.698997,0.335116,0.088996,0.0141797,0.00380196,0.00575874,28.2344,-0.104505,0.051165,-0.640862
63.12,0.771045,-0.0135597,0.00850134,-0.636579,0.0186257,0.0532991,-0.00471452,0.699044,0.335087,0.0889698,0.012554,0.00542872,0.0065458,29.6165,-0.0647575,0.147845,-0.639975
63.14,0.771007,-0.0131896,0.00885158,-0.636629,0.00752862,0.0634841,-0.0104862,0.699084,0.335041,0.0888854,0.0101255,0.00636183,0.00725522,28.4081,-0.103667,0.0918176,-0.676893
63.16,0.771007,-0.0128403,0.00957233,-0.636626,-0.00628271,0.0342217,0.00854327,0.699084,0.334896,0.0887721,0.00730878,-0.000295181,0.00600689,28.5998,-0.116382,0.0873122,-0.630732
63.18,0.771008,-0.0127955,0.00963352,-0.636624,-0.00786984,0.0124859,-0.000932026,0.699117,0.334784,0.088743,0.00790936,-0.00343934,0.00488841,29.4253,-0.0765818,0.163933,-0.722857
63.2,0.770932,-0.0129695,0.00971113,-0.636711,-0.0053458,-0.0149019,-0.0159751,0.699309,0.334287,0.0886766,0.013633,-0.0131675,0.00703664,27.3864,-0.108601,0.0337843,-0.824825
63.22,0.770853,-0.0130853,0.00943375,-0.636809,-0.000876893,-0.0339843,-0.0119817,0.699554,0.333838,0.088664,0.0190101,-0.0181333,0.00843752,28.2188,-0.0857103,0.093463,-0.722605
63.24,0.770867,-0.0133719,0.0088395,-0.636794,0.0229587,-0.0576368,0.0154731,0.700033,0.333071,0.0887133,0.0197196,-0.0209522,0.0087454,27.271,-0.0720403,0.138871,-0.742774
63.26,0.770904,-0.0134898,0.00859622,-0.636751,0.000874779,-0.0557621,0.0146013,0.700224,0.332774,0.0887224,0.0192069,-0.0218444,0.00628545,30.2796,-0.144969,0.0871084,-0.765288
63.28,0.770953,-0.013947,0.00801065,-0.636689,-0.000965881,-0.0492885,-0.0057282,0.700657,0.331997,0.088732,0.0153968,-0.0198546,0.00973671,28.3798,-0.069537,0.075614,-0.614516
63.3,0.770921,-0.0140812,0.00782215,-0.636727,0.000734473,-0.0514747,-0.0101055,0.700781,0.33177,0.0887355,0.0147135,-0.0188632,0.00736644,27.5506,-0.0508839,0.0818701,-0.694233
63.32,0.770788,-0.0144276,0.00750515,-0.636884,-0.0158793,-0.0226993,-0.00897949,0.701138,0.331173,0.0887238,0.0132347,-0.0137847,0.0089963,30.9287,-0.0723226,0.0814238,-0.693075
63.34,0.770787,-0.0145188,0.00741138,-0.636884,-0.0117272,-0.00859949,0.00327902,0.701377,0.330872,0.0887143,0.0137159,-0.00933722,0.00826505,28.8076,-0.111611,0.158039,-0.682696
63.36,0.770846,-0.0144821,0.0074092,-0.636814,-0.0100877,0.00960483,0.00759678,0.701631,0.330655,0.0887044,0.0141568,-0.00493952,0.00745079,28.6912,-0.0850498,0.0628634,-0.618722
63.38,0.770841,-0.0142487,0.00761573,-0.636823,0.00897749,0.0304949,-0.0112242,0.702037,0.330506,0.0887253,0.0127498,0.000205556,0.0075248,29.4664,-0.0917986,0.142209,-0.524545
63.4,0.770802,-0.014053,0.00780573,-0.636872,0.00644122,0.0340042,-0.0031293,0.702303,0.330502,0.088727,0.0123361,0.00113142,0.00762304,28.0933,-0.102083,0.124812,-0.613502
63.42,0.770797,-0.0137853,0.0081092,-0.63688,0.00949807,0.0256788,0.00821643,0.702693,0.330499,0.0887549,0.011892,-0.000369542,0.00532368,28.9312,-0.0982777,0.0658928,-0.65261
63.44,0.77082,-0.0137207,0.00821086,-0.636853,-0.00274689,0.0319683,0.00636779,0.702823,0.330486,0.0887626,0.0117257,-0.00141122,0.00713917,29.8014,-0.111277,0.12394,-0.411885
63.46,0.770877,-0.013629,0.00838024,-0.636783,-0.00408457,0.00213687,0.000456606,0.703211,0.330401,0.0888277,0.0113944,-0.00385961,0.00712218,26.7184,-0.0788385,0.103647,-0.632564
63.48,0.770886,-0.0136253,0.00844307,-0.636771,-0.0143245,0.0114115,0.00215057,0.703362,0.33035,0.0888558,0.0120322,-0.00556117,0.00587481,31.2091,-0.132112,0.0742437,-0.703534
63.5,0.770832,-0.0137211,0.00835861,-0.636836,-0.00344234,-0.0223189,0.00375689,0.703932,0.330197,0.0889714,0.0136706,-0.0107311,0.00597799,27.6507,-0.089164,0.0882711,-0.762549
63.52,0.770828,-0.0137931,0.00832217,-0.636839,0.00758222,-0.0110249,0.0043819,0.704088,0.330126,0.0890134,0.0129073,-0.0120053,0.0114023,29.4302,-0.042258,0.118157,-0.552191
63.54,0.77084,-0.0139679,0.00809263,-0.636825,0.0104306,-0.0437922,0.00962495,0.704418,0.329948,0.0891088,0.0145265,-0.0148552,0.0114316,28.6416,-0.104115,0.120485,-0.658366
63.56,0.77082,-0.0141014,0.00784225,-0.636849,0.0188095,-0.0191073,-0.00835328,0.704782,0.329755,0.0891823,0.0164422,-0.0144329,0.0103329,29.2853,-0.0839672,0.129102,-0.558359
63.58,0.770766,-0.014069,0.00757603,-0.636918,0.0214014,-0.00605724,-0.00638875,0.705377,0.329513,0.0893163,0.0183862,-0.0110034,0.00613216,29.2921,-0.103602,0.0702947,-0.627604
63.6,0.770798,-0.0140949,0.00746852,-0.63688,-0.00867998,-0.00114979,0.00779903,0.705915,0.329471,0.0894776,0.0159762,-0.00920319,0.00616495,27.7736,-0.0691601,0.125995,-0.574862
63.62,0.770836,-0.0140632,0.00745516,-0.636834,-0.0101441,0.00048651,0.00611297,0.706211,0.329478,0.0896056,0.0138047,-0.00743854,0.00708795,29.2679,-0.0890947,0.116568,-0.719232
63.64,0.770826,-0.0140136,0.00745289,-0.636848,0.000177554,0.0097696,0.00388184,0.706489,0.329505,0.089747,0.0131368,-0.00630182,0.00736669,31.8174,-0.0870918,0.0185384,-0.72448
63.66,0.770793,-0.0139561,0.00755243,-0.636889,-0.00790619,0.0122919,-0.00369564,0.706765,0.329543,0.0898813,0.0131757,-0.00570276,0.00625969,25.5515,-0.0833128,0.11528,-0.719892
63.68,0.770749,-0.0139356,0.00770284,-0.63694,-0.0149044,0.00761229,-0.00206966,0.707167,0.32965,0.0900977,0.0131851,-0.00534671,0.0108097,28.2811,-0.12095,0.070828,-0.797854
63.7,0.770752,-0.0138625,0.00774104,-0.636937,0.0131754,0.0195064,-0.0014534,0.707307,0.329691,0.0902131,0.0135848,-0.00560001,0.00998174,30.6809,-0.0727415,0.112733,-0.467621
63.72,0.77079,-0.0138086,0.00782431,-0.636892,-0.00669441,0.00635715,0.00747006,0.70771,0.329827,0.0904721,0.0161978,-0.00609043,0.00799006,28.8994,-0.0721942,0.0690821,-0.702998
63.74,0.770799,-0.0137855,0.00783848,-0.636881,0.0113986,0.00533142,0.00445505,0.707856,0.329866,0.0905679,0.0150521,-0.00605562,0.0110827,29.008,-0.119425,0.118752,-0.675795
63.76,0.770763,-0.0137416,0.00780075,-0.636927,0.000461473,-0.0073347,-0.0046053,0.708296,0.329965,0.090847,0.016154,-0.00720276,0.00802694,30.579,-0.10015,0.099171,-0.607975
63.78,0.770737,-0.0137332,0.00776966,-0.636958,0.00867497,-0.00959919,0.00343784,0.708546,0.330049,0.0911074,0.0165317,-0.00800807,0.007788,28.3644,-0.0952778,0.0647112,-0.763396
63.8,0.770734,-0.0137483,0.00773746,-0.636961,0.0120271,-0.00691907,0.00125653,0.708754,0.33015,0.0914286,0.0163565,-0.00847123,0.00798876,28.7314,-0.0739366,0.110056,-0.632506
63.82,0.770733,-0.0138518,0.00769225,-0.636961,-0.0100268,-0.0053839,-0.00786587,0.709111,0.330255,0.0919046,0.0170252,-0.00921786,0.00939857,29.4602,-0.0855172,0.10926,-0.581413
63.84,0.770689,-0.0138881,0.00762264,-0.637014,-0.0176509,-0.0104767,-0.011291,0.709357,0.33032,0.0922199,0.0175883,-0.00915512,0.00940732,25.253,-0.0929204,0.0466396,-0.784199
63.86,0.770607,-0.0140505,0.00722355,-0.637115,0.0214996,-0.0577488,-0.0078998,0.709797,0.330288,0.0927121,0.0212909,-0.0211821,0.014103,28.3872,-0.0747039,0.0877493,-0.699243
63.88,0.770593,-0.0142191,0.00691298,-0.637131,0.0100929,-0.0858635,-0.00673699,0.709983,0.330176,0.0928767,0.0250352,-0.028345,0.0103073,30.6732,-0.0900671,0.10334,-0.701096
63.9,0.770527,-0.0150744,0.00552825,-0.637205,0.0131975,-0.147259,-0.0134531,0.710569,0.329616,0.0936195,0.0293119,-0.0472592,0.0180318,27.3569,-0.139525,0.142981,-0.700031
63.92,0.770509,-0.0154214,0.00489848,-0.637224,0.0251038,-0.162357,-0.0127312,0.71083,0.329256,0.0939045,0.0294742,-0.0504547,0.0154895,29.7143,-0.118703,0.117773,-0.780113
63.94,0.770362,-0.0165,0.00334744,-0.637385,0.00950458,-0.114128,-0.0370133,0.711472,0.328475,0.0946456,0.0269515,-0.0355756,0.0154196,30.7941,-0.0963296,0.0766072,-0.734141
63.96,0.770249,-0.0168612,0.00272027,-0.637515,0.000304776,-0.0673505,-0.0202254,0.711854,0.328266,0.0951122,0.0249575,-0.0184349,0.0136767,25.7647,-0.0670685,0.071769,-0.803113
63.98,0.770126,-0.016807,0.00251515,-0.637665,0.00816508,0.00470696,-0.0190218,0.712212,0.328332,0.0955304,0.0232807,-0.00435433,0.0108268,31.112,-0.113553,0.0842243,-0.637584
64,0.770063,-0.0164672,0.00256712,-0.63775,0.00928445,0.0217855,-0.00898539,0.712414,0.328654,0.0960484,0.0219832,0.00136136,0.0103906,30.3758,-0.0457211,0.123566,-0.573189
64.02,0.770072,-0.0162403,0.00257667,-0.637745,0.0222192,0.00605276,0.00523107,0.71269,0.329075,0.0968342,0.0175749,-0.00818265,0.0149623,26.629,-0.0789314,0.0561506,-0.67712
64.04,0.770179,-0.016525,0.00231153,-0.63761,-0.00766264,-0.0512033,0.0207997,0.712903,0.329109,0.0976687,0.0131863,-0.0200527,0.015299,28.0664,-0.092108,0.125779,-0.689063
64.06,0.770211,-0.0168074,0.00219414,-0.637564,-0.0283947,-0.056998,0.0126698,0.712955,0.329071,0.0979393,0.0137088,-0.0213288,0.0177368,29.1272,-0.0229754,0.0915925,-0.74136
64.08,0.770186,-0.0171184,0.00202245,-0.637586,0.0129517,-0.00595196,-0.0166414,0.713143,0.329023,0.0987925,0.0150983,-0.0111206,0.0165636,28.7648,-0.100223,0.112305,-0.745736
64.1,0.770152,-0.0171541,0.00205898,-0.637626,0.00573868,0.0290122,-0.00380993,0.713168,0.329222,0.0994309,0.0157621,0.000212167,0.0143042,31.1676,-0.0883493,0.0566302,-0.589772
64.12,0.770275,-0.0165263,0.00260784,-0.637492,0.00714798,0.0673086,0.0231795,0.713237,0.329807,0.100269,0.0157055,0.0105985,0.0102756,28.5879,-0.0950322,0.139778,-0.580482
64.14,0.770337,-0.0163315,0.00284583,-0.637421,0.00981796,0.0760881,0.0232635,0.71327,0.330055,0.100575,0.0128214,0.0112657,0.0144962,27.5083,-0.0752086,0.0635163,-0.747815
64.16,0.77044,-0.0156848,0.00374254,-0.637309,-0.00452248,0.0895336,-0.00135432,0.713219,0.330786,0.101436,0.0070543,0.0157481,0.0125807,28.7825,-0.0622097,0.111368,-0.674149
64.18,0.770438,-0.0155413,0.00413452,-0.637312,-0.0268488,0.0935668,-0.00345577,0.71318,0.331059,0.101707,0.00592094,0.0174199,0.0156625,30.9996,-0.119659,0.00528486,-0.818435
64.2,0.770434,-0.0149354,0.00529069,-0.637323,-0.0112916,0.105945,0.00533225,0.712871,0.331856,0.102618,0.0050874,0.0181292,0.0134445,29.2733,-0.100719,0.0843847,-0.708584
64.22,0.770481,-0.0145262,0.00604251,-0.637268,-0.00445529,0.0936875,0.00772339,0.71267,0.332341,0.103208,0.00766324,0.0157392,0.0139097,28.3138,-0.103849,0.0592944,-0.758997
64.24,0.770522,-0.0142335,0.00659245,-0.637221,0.00428217,0.0674939,0.00298068,0.712544,0.332762,0.103799,0.0113846,0.0114397,0.0159501,26.9258,-0.0829734,0.0885096,-0.660496
64.26,0.770513,-0.0138099,0.00701513,-0.637236,0.0113418,0.0274971,-0.00316256,0.712543,0.333212,0.104701,0.0174249,0.00181454,0.0153534,27.9404,-0.13122,0.0984849,-0.718365
64.28,0.77051,-0.0137224,0.00704459,-0.637241,0.0113019,0.0024694,-0.0015883,0.712509,0.333335,0.105313,0.0187834,-0.00418461,0.0162788,29.7781,-0.104426,0.0436203,-0.790039
64.3,0.770518,-0.0138742,0.00681994,-0.63723,-0.00963627,-0.0358233,0.00370374,0.712349,0.333308,0.106189,0.0182657,-0.010979,0.0178513,29.9762,-0.134914,0.113852,-0.738386
64.32,0.770524,-0.0139316,0.00670746,-0.637224,0.0157065,-0.0291617,-0.00520366,0.712324,0.333245,0.106529,0.0172549,-0.0127312,0.0193363,28.8621,-0.0558269,0.0702576,-0.746278
64.34,0.770473,-0.0143497,0.00626855,-0.63728,-0.015533,-0.0492401,-0.00031654,0.712203,0.333057,0.107402,0.0179314,-0.0137195,0.0147828,28.1359,-0.118934,-0.00411598,-0.682134
64.36,0.770448,-0.0144653,0.00613515,-0.637309,0.0101652,-0.0280011,-0.00912983,0.712178,0.332988,0.107692,0.0173315,-0.0141155,0.0200937,32.7204,-0.077034,0.154781,-0.662999
64.38,0.770422,-0.014764,0.00573314,-0.637338,0.00505754,-0.0289696,0.00236357,0.71214,0.332816,0.108546,0.0189741,-0.0104454,0.0148695,29.0624,-0.103789,0.0933653,-0.680209
64.4,0.77043,-0.0148672,0.00559109,-0.637327,0.00145233,-0.00904779,0.00279276,0.711948,0.332741,0.109109,0.0187561,-0.00693841,0.0147148,29.9694,-0.128346,0.124192,-0.631267
64.42,0.770458,-0.0148607,0.00557661,-0.637294,0.0106679,0.0188317,0.00676466,0.711779,0.332734,0.109662,0.0179226,-0.00200679,0.0148559,28.9957,-0.0829339,0.0513997,-0.793552
64.44,0.770503,-0.0148569,0.00564828,-0.637238,0.0127704,0.0088191,0.0144755,0.711611,0.3328,0.110224,0.0129727,0.00135885,0.017456,28.2881,-0.0720543,0.148161,-0.615484
64.46,0.770543,-0.0147732,0.0060782,-0.637188,-0.0392189,0.0322779,0.002732,0.711279,0.333004,0.110975,0.0117339,0.00519155,0.0142494,26.2157,-0.104349,0.0820425,-0.759558
64.48,0.770477,-0.0145768,0.00654018,-0.637267,-0.000338358,0.0465978,-0.00942045,0.710895,0.33326,0.111693,0.01163,0.00530198,0.0188533,31.2784,-0.0855009,0.0859829,-0.684196
64.5,0.77047,-0.0144784,0.00666083,-0.637277,-0.00367238,0.0292301,-0.00442434,0.710731,0.333341,0.111902,0.0142117,0.00507198,0.0138011,30.0132,-0.0445547,0.109723,-0.666015
64.52,0.770509,-0.0143019,0.00697201,-0.63723,-0.00875737,0.0146061,0.00525334,0.710337,0.333522,0.11254,0.0151719,0.00125307,0.0197958,29.7757,-0.121716,0.0496797,-0.771211
64.54,0.770551,-0.0141974,0.0070577,-0.637181,-0.0139996,0.00761984,0.00480127,0.710153,0.33358,0.112986,0.015882,-0.00172774,0.0164158,28.8641,-0.091389,0.103803,-0.745829
64.56,0.77054,-0.0141483,0.00706923,-0.637195,-0.0148053,0.00118126,-0.00537429,0.70995,0.333585,0.113423,0.0147848,-0.00435288,0.0169375,27.8091,-0.0732752,0.0643704,-0.715797
64.58,0.770514,-0.0141776,0.00697878,-0.637227,-0.00851368,-0.0129296,-0.00621699,0.70976,0.333543,0.113863,0.0145749,-0.00687691,0.0173051,30.4661,-0.105585,0.108022,-0.722631
64.6,0.770517,-0.0143165,0.00686817,-0.637222,0.00936912,-0.00931005,0.00251928,0.709378,0.333465,0.114359,0.0130098,-0.00877559,0.021899,28.5236,-0.0848473,0.0400021,-0.714548
64.62,0.770537,-0.0143717,0.00678835,-0.637198,-0.00264277,-0.0292115,0.00775157,0.709259,0.333432,0.114526,0.0139464,-0.00870584,0.0174351,28.455,-0.065251,0.12769,-0.5544
64.64,0.770565,-0.0145932,0.00667466,-0.637159,-0.00880481,-0.0149271,0.00445557,0.70895,0.333337,0.115023,0.0130067,-0.00752093,0.0212447,28.7768,-0.117314,0.0926541,-0.765372
64.66,0.770549,-0.0146598,0.00658425,-0.637178,-0.00768202,-0.0168522,-0.00193017,0.70878,0.33329,0.115381,0.0132962,-0.00548848,0.0180249,30.617,-0.120041,0.056208,-0.837479
64.68,0.770523,-0.0146988,0.00652482,-0.63721,-0.0099934,-0.0159384,-0.00892171,0.708613,0.333281,0.115703,0.0134271,-0.00404476,0.0172181,30.2061,-0.133225,0.0521193,-0.854278
64.7,0.770522,-0.0146685,0.0065455,-0.637211,0.0145871,0.0107004,-0.0030424,0.708224,0.333402,0.11599,0.0110331,-0.00119993,0.0202041,27.6913,-0.0560341,0.0431033,-0.796413
64.72,0.770548,-0.0146503,0.00662188,-0.637179,-0.00243706,0.00827936,0.0057271,0.707985,0.333514,0.116181,0.010775,0.00013413,0.0201184,27.3392,-0.098259,0.059831,-0.734522
64.74,0.77055,-0.0145304,0.00672198,-0.637179,0.00767621,0.0131188,-0.00150731,0.707651,0.3337,0.116476,0.0108257,0.000916755,0.0158067,29.2637,-0.100768,0.0716657,-0.835027
64.76,0.770545,-0.0145522,0.00678846,-0.637184,-0.0155625,0.0108859,-0.0048684,0.707567,0.333761,0.116587,0.0108052,0.000640675,0.0176551,28.4231,-0.107831,0.0732,-0.79545
64.78,0.77052,-0.0144384,0.00688809,-0.637214,0.0122819,0.00877902,0.00274616,0.707292,0.333925,0.116916,0.0100349,-0.000168038,0.0189119,30.4066,-0.127758,0.0763369,-0.694381
64.8,0.770532,-0.0144505,0.00692002,-0.6372,-0.00834929,0.0053972,0.0033067,0.707177,0.33399,0.116924,0.0114661,-0.000660814,0.016988,30.5486,-0.0800981,0.094944,-0.718043
64.82,0.770549,-0.0144059,0.00693306,-0.637181,-0.0103524,-0.00303549,-0.000582408,0.706781,0.334198,0.117019,0.0113214,-0.00249898,0.0164575,28.6688,-0.0890434,0.0444203,-0.815238
64.84,0.770542,-0.0144244,0.00693785,-0.637188,0.00506966,0.00108064,-0.00389968,0.706695,0.334238,0.117056,0.0100238,-0.00238394,0.0195075,29.8197,-0.125148,0.0704136,-0.78428
64.86,0.770526,-0.0144507,0.00691625,-0.637207,0.00108068,0.00260076,-0.00773681,0.706533,0.334313,0.11713,0.00979614,-0.0027758,0.0203161,29.2355,-0.0945922,0.0700744,-0.740082
64.88,0.770521,-0.0144715,0.00687449,-0.637213,-0.0118344,-0.00553264,-0.0040323,0.706401,0.334376,0.117243,0.0103682,-0.00294194,0.0187421,30.13,-0.111245,0.0515694,-0.800999
64.9,0.770538,-0.0144566,0.00677171,-0.637195,0.0221619,-0.00301719,0.00762963,0.706111,0.334471,0.117242,0.00950331,-0.00305731,0.0185895,28.905,-0.0999138,0.069498,-0.699898
64.92,0.770531,-0.014507,0.00675618,-0.637202,-0.0189215,-0.00749015,-0.000944085,0.705813,0.334575,0.117171,0.0101144,-0.00209674,0.0164982,28.5092,-0.0525525,0.0524417,-0.704573
64.94,0.77053,-0.0144966,0.00675088,-0.637203,0.00850239,0.00527894,0.00682341,0.705722,0.334612,0.117164,0.00872758,-0.00174657,0.0187324,28.5702,-0.0688136,0.0829914,-0.802774
64.96,0.770523,-0.0144884,0.00676502,-0.637212,-0.010284,-0.00016778,-0.000386171,0.705465,0.334744,0.117132,0.00912242,-0.00058337,0.0156273,28.1005,-0.173048,0.0230319,-0.815091
64.98,0.770522,-0.0144794,0.00680392,-0.637213,0.0001335,-0.00205734,-0.00163455,0.705325,0.334841,0.117172,0.00839111,2.49064e-05,0.0159308,32.1262,-0.0982306,0.0874861,-0.705837
65,0.770546,-0.014474,0.00685478,-0.637183,-0.00866213,0.00661559,0.0010992,0.705084,0.335008,0.116906,0.00889673,1.38439e-05,0.0164068,29.8461,-0.0888967,0.0990654,-0.75332
65.02,0.770542,-0.0144251,0.00684888,-0.637189,0.0129939,0.00417927,-0.00168341,0.705009,0.335063,0.11684,0.00779593,0.000353707,0.0164502,26.3342,-0.0736805,0.0693028,-0.850898
65.04,0.770527,-0.0144422,0.00690269,-0.637206,-0.0166576,-0.00566624,0.00069293,0.704819,0.33522,0.11662,0.00862979,-5.77628e-05,0.0149669,29.4986,-0.101022,0.0602437,-0.765014
65.06,0.770528,-0.0144147,0.00692924,-0.637206,0.00583117,0.008657,0.00384769,0.704762,0.335269,0.116566,0.00757839,8.24508e-05,0.0164667,30.406,-0.0792734,0.0507106,-0.820699
65.08,0.770534,-0.0144403,0.00693584,-0.637198,-0.0131751,-0.00668141,0.00183784,0.704576,0.335451,0.11631,0.00779148,-5.59005e-05,0.0139283,28.0657,-0.093662,0.084825,-0.777504
65.1,0.770531,-0.0144384,0.00694242,-0.637202,-0.00400175,-0.00114455,-0.00472679,0.704434,0.335611,0.116091,0.00693747,0.000640576,0.0138896,28.5115,-0.09639,0.0759516,-0.569438
65.12,0.770527,-0.0144334,0.00693562,-0.637206,0.0109197,-0.00134703,-0.000319924,0.704292,0.33577,0.115855,0.00619547,0.000687097,0.0142533,28.5071,-0.100217,0.0610813,-0.662651
65.14,0.770527,-0.0145189,0.00696566,-0.637204,-0.0194943,-0.00362139,-0.000868474,0.704097,0.335995,0.115535,0.00638265,0.000373169,0.0146645,28.453,-0.111602,0.0851744,-0.734267
65.16,0.77053,-0.0145196,0.00695388,-0.6372,-0.0115257,-0.00695906,-0.00162162,0.703977,0.336141,0.115353,0.00578253,0.000709082,0.0139433,30.8453,-0.0358336,0.0966015,-0.6703
65.18,0.770537,-0.0145148,0.00696446,-0.637192,0.00946897,0.00764134,0.00357303,0.703773,0.336428,0.115027,0.00445984,0.00103722,0.015004,29.7157,-0.0921162,0.0692855,-0.661687
65.2,0.770532,-0.0145124,0.00696416,-0.637198,-0.00803867,-0.00625232,0.00225784,0.703696,0.33657,0.114867,0.00494078,0.0013333,0.0122691,29.023,-0.0939375,0.119612,-0.609095
65.22,0.770527,-0.0145037,0.00697718,-0.637204,-0.000411525,0.00491219,0.00194067,0.703461,0.336983,0.114389,0.00459283,0.00169502,0.0144837,30.6449,-0.123339,0.017155,-0.796636
65.24,0.770527,-0.0144644,0.00696263,-0.637205,0.00882861,0.00431905,0.0013122,0.703385,0.337119,0.114251,0.00397396,0.00215865,0.0123203,28.5049,-0.0583174,0.106685,-0.752083
65.26,0.770528,-0.0144797,0.006975,-0.637203,-0.00579652,0.000486538,-0.000370763,0.703177,0.337517,0.113843,0.00397153,0.00216978,0.0136396,27.0466,-0.0935539,0.0696882,-0.533199
65.28,0.770533,-0.0144543,0.00698532,-0.637198,-0.00827731,-0.00157961,0.00438988,0.70301,0.337851,0.113522,0.00350672,0.00273351,0.0132226,30.3097,-0.117023,0.0587135,-0.785104
65.3,0.770529,-0.0144537,0.00700439,-0.637202,-0.0107132,-0.00554878,-0.00159619,0.702816,0.338248,0.113139,0.00318854,0.00288579,0.0123744,26.245,-0.0778936,0.010255,-0.826816
65.32,0.770527,-0.014447,0.00703071,-0.637205,-0.00755452,-0.00710172,0.000742453,0.702632,0.338636,0.112826,0.0025496,0.00304664,0.0109039,31.6136,-0.0467149,0.0959414,-0.665331
65.34,0.770521,-0.0144587,0.00707737,-0.637211,-0.00288428,0.00126328,-0.00422723,0.702381,0.339192,0.112353,0.00229608,0.00313254,0.0143467,27.4419,-0.116091,0.0570907,-0.653861
65.36,0.770528,-0.0144376,0.00708343,-0.637203,0.00709614,0.00120781,-0.000485794,0.702144,0.339727,0.111948,0.00113143,0.0039739,0.0115831,31.8096,-0.11362,0.116376,-0.51663
65.38,0.770535,-0.0144706,0.00709033,-0.637194,-0.00649614,0.000139042,-0.000881213,0.702021,0.339957,0.111721,0.00116118,0.00380653,0.0130289,27.4321,-0.105797,0.03107,-0.659515
65.4,0.770524,-0.0144431,0.0070797,-0.637208,0.0141191,0.00426236,-0.00732319,0.701653,0.340628,0.111117,4.17054e-05,0.00404405,0.0115469,28.2869,-0.0330499,0.134375,-0.417802
65.42,0.770524,-0.0144614,0.00708631,-0.637208,0.00986341,-0.000325288,0.00206524,0.701436,0.341057,0.110745,0.000434847,0.00389252,0.012983,27.838,-0.132491,0.101948,-0.746352
65.44,0.770517,-0.0144573,0.00708655,-0.637216,0.00101662,-0.00868075,0.00261643,0.701125,0.341645,0.110199,0.000422065,0.00443499,0.00857048,29.0054,-0.0715225,0.0225137,-0.752342
65.46,0.770514,-0.0144728,0.00709812,-0.637219,0.00132268,-0.00172128,0.000417564,0.701029,0.341832,0.11002,0.000727767,0.00336898,0.0094393,29.8065,-0.130689,0.0486151,-0.636428
65.48,0.770516,-0.0144616,0.00710069,-0.637218,-0.00924284,0.00230119,-0.000785074,0.700836,0.342186,0.109662,6.17113e-05,0.00366242,0.0089933,28.4963,-0.0574192,0.102001,-0.711796
65.5,0.770512,-0.0144582,0.00711352,-0.637222,-0.0141644,0.00369758,0.000396368,0.700556,0.34266,0.109186,7.8864e-05,0.00402346,0.00849223,29.838,-0.0994221,0.0622477,-0.612094
65.52,0.770513,-0.0143962,0.00709956,-0.637222,0.0238136,0.00320313,0.00371122,0.700166,0.343347,0.108521,-0.00100265,0.00430271,0.00772812,29.2682,-0.0702312,0.0715713,-0.581607
65.54,0.770502,-0.0144143,0.00712759,-0.637235,0.00648994,0.00585118,-0.00181756,0.699926,0.343785,0.108095,-0.000818868,0.00463489,0.00773293,28.0739,-0.0676059,0.0461325,-0.749307
65.56,0.770508,-0.0144256,0.00712377,-0.637228,0.00809042,0.00201496,0.00189848,0.699701,0.344208,0.107699,-0.00135775,0.00440927,0.00791121,28.9003,-0.162525,0.0543725,-0.780439
65.58,0.770553,-0.0143906,0.00717231,-0.637173,0.00431422,0.015507,0.0149092,0.699347,0.344823,0.107165,-0.00105495,0.00545945,0.00222035,30.8261,-0.11363,0.0422714,-0.820763
65.6,0.770625,-0.0143589,0.00706458,-0.637088,4.83456e-06,-0.0135409,0.00701479,0.699137,0.345292,0.106716,0.00145759,0.00576922,0.00432348,27.1711,-0.102403,0.0516433,-0.783597
65.62,0.770584,-0.0143283,0.00731756,-0.637135,-0.00768584,0.0442871,-0.0158601,0.698738,0.345997,0.10607,-0.00586384,0.00701593,0.00498139,29.0442,-0.0233569,0.0524604,-0.688986
65.64,0.770558,-0.0142952,0.00733028,-0.637168,0.0095962,-0.0127374,-0.00917542,0.698575,0.346231,0.105881,-0.00653359,0.00659447,0.00562353,26.6615,-0.103658,0.0368818,-0.677582
65.66,0.770559,-0.0144445,0.00763695,-0.637159,-0.0365498,0.00297778,0.0114099,0.698083,0.346884,0.105307,-0.00723166,0.00754114,0.00372354,26.9126,-0.140357,0.0524546,-0.709794
65.68,0.770605,-0.0143852,0.00777912,-0.637103,-0.00373002,0.0222047,0.0211942,0.697911,0.347113,0.10514,-0.00724478,0.0084151,0.00567297,31.0188,-0.0972486,0.0873524,-0.600266
65.7,0.770702,-0.0144,0.00795542,-0.636983,-0.0127553,-0.00250004,0.00183096,0.697475,0.34784,0.104519,-0.00558465,0.00871299,0.00304769,29.0833,0.0153895,0.0841501,-0.540548
65.72,0.770669,-0.0143337,0.00814226,-0.637023,0.0117784,0.0127433,-0.0102544,0.697226,0.348345,0.104089,-0.00454319,0.00958819,0.00321793,29.285,-0.103762,0.0299188,-0.716841
65.74,0.770617,-0.0142444,0.00822199,-0.637087,0.0130074,0.015744,-0.00613324,0.697003,0.348836,0.103686,-0.00479863,0.00943157,0.00469823,29.4238,-0.0687519,0.0696707,-0.75228
65.76,0.770586,-0.0142157,0.0083063,-0.637124,0.0136697,0.0154262,0.00133946,0.696801,0.349302,0.103304,-0.0036697,0.00933819,0.00349041,27.7151,-0.132937,0.0537965,-0.682707
65.78,0.770604,-0.0140661,0.00828397,-0.637105,-0.000117325,0.000941924,0.00421937,0.696555,0.349991,0.102733,-0.00247496,0.00896029,0.00107921,27.1193,-0.104469,0.0598564,-0.788253
65.8,0.770668,-0.0140129,0.00826287,-0.637029,0.0140157,0.00659027,0.0147771,0.696357,0.350462,0.102163,-0.00119569,0.000512142,0.00512261,26.1566,-0.0641107,0.13171,-0.531329
65.82,0.770671,-0.0140334,0.00807005,-0.637028,0.0215814,-0.0544782,0.00303,0.696297,0.350558,0.101975,-0.00161579,-8.68562e-05,0.000788392,31.2628,-0.102492,0.059987,-0.680101
65.84,0.770596,-0.0142307,0.00785181,-0.637117,-0.0215427,0.000556795,-0.0111376,0.696063,0.350883,0.101387,-0.00725269,0.00448974,0.00163219,27.8147,-0.11285,0.0658845,-0.765386
65.86,0.770595,-0.0142607,0.00784351,-0.637118,-0.0100479,-0.00515032,0.00808978,0.695862,0.351139,0.101009,-0.00803082,0.00898951,0.000113938,28.5545,-0.051241,0.0753633,-0.688814
65.88,0.770686,-0.0141234,0.00801251,-0.637008,0.0131158,0.0404455,0.0145743,0.695621,0.351567,0.100469,-0.00620062,0.0143729,4.19381e-05,29.1074,-0.12505,0.0712563,-0.682322
65.9,0.770704,-0.0139968,0.00809909,-0.636988,0.00915141,0.0314266,0.00746587,0.695549,0.351705,0.100302,-0.00511574,0.0141393,-0.00104284,29.2362,-0.0822922,0.0783965,-0.700696
65.92,0.770692,-0.013796,0.00809911,-0.637007,0.0100779,0.0109202,-0.00215497,0.695449,0.351881,0.100008,-0.00382611,0.0088197,0.000965643,26.8234,-0.0660178,0.0680557,-0.756545
65.94,0.770679,-0.0138057,0.0079438,-0.637024,0.0194522,-0.010981,0.00198748,0.695376,0.35198,0.0997298,-0.0034011,0.0061618,-3.17301e-05,26.9886,-0.113385,0.0408728,-0.73383
65.96,0.770829,-0.0138637,0.00768161,-0.636845,0.000908232,-0.0182701,0.0208324,0.695285,0.352053,0.0993192,-0.00382029,0.00378827,0.00150804,27.805,-0.0791203,0.049024,-0.784769
65.98,0.770816,-0.0139411,0.00737424,-0.636863,0.0162895,-0.0215942,-0.0197679,0.695133,0.351904,0.0989986,-0.00770857,0.00431897,0.00178414,31.265,-0.0825858,0.0854263,-0.585273
66,0.770779,-0.0139529,0.00728326,-0.636909,0.00506666,-0.0131053,-0.0137938,0.695053,0.351814,0.0988857,-0.0096552,0.00351284,0.00144061,27.0207,-0.110263,0.0552636,-0.728349
66.02,0.770667,-0.0141986,0.00716955,-0.637039,-0.0161017,-0.0111321,0.000328825,0.694686,0.351538,0.0986025,-0.0150133,0.00291363,0.00387532,29.9458,-0.0699053,0.0949748,-0.697648
66.04,0.770689,-0.0143523,0.00716526,-0.637009,-0.013388,-0.00342782,0.0129282,0.694421,0.351382,0.098438,-0.0152806,0.00507305,0.00274039,26.3429,-0.0861781,-0.00948331,-0.825947
66.06,0.770694,-0.014575,0.0070639,-0.637,0.00542505,-0.018709,-0.000728793,0.694072,0.351197,0.0981785,-0.0124042,0.00753843,-0.000515091,27.2013,-0.100671,0.0520671,-0.636847
66.08,0.770669,-0.0145894,0.00703911,-0.63703,0.00647975,-0.00670943,-0.0117242,0.693979,0.351144,0.0980822,-0.0116975,0.00734941,-2.11453e-05,30.1453,-0.155505,0.0430002,-0.715543
66.1,0.770615,-0.0146778,0.0067571,-0.637097,0.00750278,-0.032785,-0.000396588,0.693763,0.350518,0.0978011,-0.0123552,0.00346795,0.0009721,28.9318,-0.106948,0.0607245,-0.761352
66.12,0.770611,-0.0147618,0.0066549,-0.637101,-0.00228197,-0.0268922,-0.00492602,0.693662,0.350298,0.0977182,-0.0134476,0.00232047,0.000896258,28.2196,-0.0693182,0.0796761,-0.545953
66.14,0.770634,-0.0149721,0.00644704,-0.63707,-0.00550494,-0.0116394,0.00275187,0.693329,0.34967,0.0975162,-0.0183528,0.00441382,0.00327607,29.3761,-0.0351273,0.051041,-0.600813
66.16,0.770578,-0.0150938,0.00639603,-0.637135,-0.000521621,-0.00970267,-0.0176297,0.693075,0.349302,0.0974077,-0.0179593,0.00500895,0.00331385,25.7095,-0.0641835,0.0808659,-0.608998
66.18,0.770494,-0.01518,0.00622809,-0.637236,0.00413478,-0.0141189,-0.0113521,0.692843,0.348953,0.0973014,-0.0169693,0.00488959,0.00203734,29.5967,-0.128072,0.0803145,-0.791694
66.2,0.770483,-0.015305,0.00602444,-0.637248,-0.00401739,-0.0214286,0.00414012,0.692621,0.348493,0.0971101,-0.0180383,0.00345061,0.00133489,30.3212,-0.10059,0.0861557,-0.757641
66.22,0.770666,-0.0156001,0.00576456,-0.637022,-0.00580112,-0.0320406,0.0273186,0.692238,0.347635,0.096774,-0.0220916,0.00293992,0.00238854,29.8249,-0.0610721,-0.00424932,-0.748476
66.24,0.770684,-0.0159341,0.00579346,-0.636992,-0.0535172,0.0156095,-0.011204,0.691708,0.346927,0.0964809,-0.0250856,0.0126979,-0.00170651,26.1165,-0.088695,0.0492744,-0.793976
66.26,0.770639,-0.0159054,0.00580262,-0.637047,0.0203071,0.0259587,-0.0167731,0.691519,0.34677,0.0963767,-0.0283679,0.0147213,0.000394734,28.1712,-0.11517,0.037745,-0.702048
66.28,0.770607,-0.0156944,0.00646142,-0.637085,-0.0298768,0.0773788,0.0119189,0.690956,0.34647,0.0959687,-0.0285287,0.0277562,-0.00196535,30.7201,-0.0945607,0.103541,-0.617441
66.3,0.770654,-0.0153266,0.00705852,-0.637031,-0.00241781,0.0840468,0.0214517,0.690624,0.346352,0.0955922,-0.0278013,0.0314929,-0.00437721,28.8077,-0.0433759,0.0583072,-0.63322
66.32,0.77073,-0.0149228,0.00763906,-0.636942,-0.0157519,0.0156035,0.0037517,0.690232,0.345939,0.0951072,-0.0204101,0.00967023,0.00260588,27.5148,-0.0978603,0.0223555,-0.705635
66.34,0.770693,-0.0149456,0.00751992,-0.636987,0.0125236,-0.0294479,-0.0177625,0.690109,0.345723,0.0949824,-0.0200006,0.00639689,0.00173586,25.2746,-0.127873,0.033789,-0.77699
66.36,0.770491,-0.0150296,0.00723382,-0.637232,0.00233566,-0.0121137,-0.0212533,0.689859,0.344951,0.0946024,-0.017242,-0.000166253,0.00134398,31.3414,-0.112661,0.049326,-0.773023
66.38,0.770452,-0.0150785,0.00709936,-0.63728,0.0170182,-0.0405903,-0.0126569,0.68979,0.344671,0.0944981,-0.0166238,-0.00186277,0.00329391,27.4638,-0.0592683,0.105017,-0.555853
66.4,0.770399,-0.0153639,0.00636128,-0.637345,0.0181006,-0.0567464,-0.00456399,0.689694,0.343555,0.0939573,-0.0179829,-0.00577896,0.00128424,26.2415,-0.0731857,0.0621263,-0.501161
66.42,0.770317,-0.0156243,0.00584812,-0.637443,0.0122553,-0.0398976,-0.00301946,0.689508,0.342498,0.0934676,-0.0214131,-0.00209194,0.00354215,27.2735,-0.0482576,0.0858466,-0.617077
66.44,0.770298,-0.0156922,0.00564667,-0.637466,0.0124956,-0.0489539,-0.00166131,0.689426,0.342178,0.0933156,-0.0217384,-0.00277497,0.000797098,28.043,-0.136383,0.0886797,-0.715488
66.46,0.77042,-0.0159733,0.00532121,-0.637314,-0.0139867,-0.0166934,0.0305991,0.689059,0.341256,0.0928599,-0.0277084,0.00016931,0.000500586,29.4359,-0.0453248,0.094417,-0.5588
66.48,0.770555,-0.0160629,0.00533379,-0.637148,-0.0177334,0.00621938,0.0186312,0.688731,0.340781,0.0925808,-0.0315092,0.00742884,0.000640359,30.7477,-0.0697845,0.0402225,-0.666274
66.5,0.770388,-0.015876,0.00566519,-0.637352,0.00576535,0.0421524,-0.0451549,0.688347,0.340264,0.0920481,-0.0307492,0.0178144,-1.01638e-05,28.7293,-0.125233,0.041286,-0.805423
66.52,0.770268,-0.0156999,0.00576777,-0.637501,0.0115156,0.0492243,-0.0423371,0.688235,0.340148,0.0918621,-0.0282076,0.0182431,-0.00313337,27.597,-0.0692998,-0.0310102,-0.747176
66.54,0.77022,-0.015219,0.00616186,-0.637567,-0.0039687,0.0513302,0.0235377,0.687883,0.339839,0.0913251,-0.030837,0.0183118,-0.000626331,27.5021,-0.0765868,0.052131,-0.750955
66.56,0.770311,-0.0150827,0.0063036,-0.637459,0.00659267,0.0475402,0.0277294,0.6877,0.339778,0.0911608,-0.0315377,0.018516,-0.00147755,28.8876,-0.0961679,0.0402692,-0.823914
66.58,0.770471,-0.0147181,0.00668307,-0.63727,-0.00750363,0.0372132,0.00139743,0.687294,0.339473,0.0906305,-0.0348369,0.0123699,-0.00302557,28.9569,-0.0856479,0.05524,-0.706885
66.6,0.770442,-0.0147165,0.00678347,-0.637303,-0.0193485,0.00605843,-0.00383746,0.687021,0.339148,0.0902938,-0.0375168,0.00382852,-0.00154252,26.2571,-0.0536107,-0.0295435,-0.810398
66.62,0.770408,-0.0149982,0.00674436,-0.637339,-0.0391557,-0.0324537,-0.00116378,0.686693,0.338677,0.0899969,-0.0373927,-0.0056856,-0.000117184,27.8699,-0.0974806,0.0531619,-0.727386
66.64,0.770404,-0.0155109,0.00645684,-0.637335,-0.031942,-0.0804729,0.00411169,0.686411,0.338074,0.0897438,-0.0332386,-0.0135445,0.0015441,32.1442,-0.0843409,0.0848457,-0.774875
66.66,0.770378,-0.0164558,0.00560049,-0.63735,-0.00655754,-0.0935908,-0.00527335,0.686137,0.336986,0.0894453,-0.0263499,-0.0206131,0.00377461,26.9513,-0.12516,0.0608761,-0.556246
66.68,0.770223,-0.0170628,0.00471463,-0.637529,0.00166333,-0.0831734,-0.0214023,0.686005,0.336085,0.0890836,-0.0313072,-0.00411705,-0.000456094,26.1565,-0.00981675,0.0798713,-0.633157
66.7,0.770202,-0.0170204,0.00481841,-0.637555,-0.00881351,0.0487653,-0.00788237,0.685874,0.335914,0.0889531,-0.0359141,0.00298604,0.000646864,28.9287,-0.0800477,0.0472527,-0.61406
66.72,0.770233,-0.0170636,0.00499256,-0.637515,-0.00619175,0.00564946,0.012142,0.685452,0.335642,0.0885763,-0.0396255,0.00983221,0.000579018,30.99,-0.0449812,0.0714298,-0.64628
66.74,0.770264,-0.0167956,0.00554898,-0.637479,-0.00701955,0.0133818,0.00367048,0.685144,0.335655,0.0883101,-0.0381504,0.0137035,-0.00517841,25.1774,-0.099894,0.125747,-0.680172
66.76,0.769934,-0.0164647,0.00550171,-0.637887,0.0256249,-0.108184,-0.093577,0.684869,0.335317,0.0879271,-0.0294064,-0.00217737,-0.00472407,27.1534,-0.0394951,0.0557875,-0.61123
66.78,0.769651,-0.0163105,0.00548198,-0.638233,0.0299922,0.0354363,-0.105813,0.684834,0.335199,0.0878087,-0.0330496,0.00128515,-0.00113901,27.4939,-0.0846778,0.0871281,-0.735712
66.8,0.769109,-0.0161674,0.00530475,-0.638892,0.0208335,-0.00704774,-0.00415055,0.684633,0.334903,0.0874922,-0.032762,0.00126943,-0.00117031,30.1723,-0.102215,0.0669397,-0.608338
66.82,0.769224,-0.0162428,0.00517822,-0.638752,0.0030235,-0.0320174,0.0532414,0.684544,0.334792,0.0873966,-0.0286262,-0.00209198,0.000384159,30.577,-0.0532597,0.0287433,-0.757363
66.84,0.769884,-0.0163995,0.00447127,-0.637958,0.0313474,-0.0635821,0.0605831,0.684525,0.334249,0.0871792,-0.0239798,-0.0156985,0.00244287,28.435,-0.0400103,0.0561372,-0.698664
66.86,0.769928,-0.0170486,0.00314416,-0.637896,0.0277768,-0.131093,-0.0241294,0.68448,0.333422,0.0870147,-0.025741,-0.0244279,0.00168097,29.787,-0.0647007,0.0570377,-0.527044
66.88,0.769866,-0.0173749,0.00259557,-0.637963,0.0216398,-0.145665,-0.0193115,0.684486,0.333139,0.0869687,-0.0270228,-0.0245302,0.00296245,26.8511,-0.065136,0.0464477,-0.784404
66.9,0.770044,-0.0182448,0.00119437,-0.637728,0.0148733,-0.102685,0.0565159,0.684448,0.332375,0.0867814,-0.0288343,-0.0172648,-0.00341996,24.5552,-0.0689913,0.119164,-0.711773
66.92,0.770349,-0.0185208,0.000606618,-0.637354,0.0217739,-0.0527598,0.0491249,0.684256,0.332054,0.0865847,-0.0387065,-0.00320395,-0.00623119,28.6349,-0.0255358,0.0314949,-0.655663
66.94,0.770452,-0.0183174,0.00115403,-0.637234,-0.0547213,0.109229,-0.0235165,0.683457,0.332211,0.086249,-0.0711131,0.0279773,-0.00734752,29.6394,-0.0394463,0.0733395,-0.669112
66.96,0.77033,-0.0181145,0.00183538,-0.637386,-0.0686575,0.15035,-0.0483287,0.682967,0.332462,0.0861412,-0.0840281,0.0394561,-0.00690906,29.9379,-0.121745,0.0285471,-0.789967
66.98,0.769854,-0.0171926,0.00529126,-0.637967,-0.12008,0.293164,-0.0283708,0.681076,0.333786,0.0857184,-0.0886409,0.0705392,-0.0151564,29.7044,-0.0281103,0.0487604,-0.562666
67,0.769893,-0.0165255,0.00673167,-0.637924,-0.0713402,0.356325,0.0375898,0.680581,0.334416,0.0856107,-0.0773523,0.0751387,-0.0107888,26.6525,-0.0677182,-0.0581857,-0.822675
67.02,0.770646,-0.014416,0.00950732,-0.637029,0.01112,0.212996,0.102343,0.679831,0.3363,0.0852498,-0.0349142,0.0668059,-0.016235,27.9149,-0.0900226,0.0485235,-0.601191
67.04,0.770933,-0.0130107,0.0106404,-0.636695,0.0702132,0.176391,0.015309,0.679711,0.337462,0.0849838,-0.0254497,0.0551262,-0.0138955,27.524,-0.0967338,0.101814,-0.613011
67.06,0.770714,-0.0115881,0.0112188,-0.636977,0.0858396,0.137632,-0.0603768,0.67971,0.338283,0.0847934,-0.0244144,0.0397911,-0.00786009,26.512,-0.0590843,0.0637156,-0.746887
67.08,0.770375,-0.0106769,0.0114429,-0.637399,0.0666472,0.0665124,-0.0529345,0.679686,0.338793,0.0846982,-0.0262867,0.0205051,-0.00411469,29.5167,-0.0928179,0.0699383,-0.760526
67.1,0.770425,-0.0103521,0.0111523,-0.637349,0.00662669,-0.0407781,0.0423356,0.679546,0.339057,0.0847284,-0.0328927,-0.00992091,-0.00091478,24.5282,-0.134642,0.0140295,-0.811955
67.12,0.77076,-0.0112563,0.0104867,-0.63694,-0.025586,-0.110694,0.0148634,0.679163,0.338768,0.0849475,-0.0425984,-0.0257358,0.00568019,30.0845,-0.00934144,0.0347227,-0.575208
67.14,0.770755,-0.0116165,0.0101776,-0.636944,-0.0218604,-0.108917,-0.0103843,0.678978,0.338598,0.0850399,-0.0438887,-0.028703,0.00453664,28.6261,-0.040068,0.0342975,-0.646806
67.16,0.770565,-0.012469,0.00952726,-0.637169,-0.0191207,-0.111917,-0.0455076,0.678514,0.338164,0.085236,-0.0444324,-0.0295382,0.00541128,30.0641,-0.0161589,0.104369,-0.624947
67.18,0.770425,-0.0139654,0.00815486,-0.637325,-0.0025364,-0.102263,0.021418,0.677873,0.337678,0.0855424,-0.0355998,-0.0204142,0.00228723,29.0305,-0.113476,0.0615034,-0.743339
67.2,0.770487,-0.014192,0.00789255,-0.637249,-0.00235025,-0.073265,0.0190376,0.677756,0.337669,0.0855954,-0.033715,-0.0164632,0.000839616,27.6171,-0.0510603,0.0548934,-0.699243
67.22,0.7706,-0.014454,0.00740893,-0.637112,0.0146175,-0.0408002,0.0146927,0.677514,0.337769,0.0856959,-0.0349812,-0.00633868,-0.000261255,28.6408,-0.0694391,0.100459,-0.800424
67.24,0.770539,-0.0144001,0.00712117,-0.637191,0.00157395,0.00725006,-0.0161249,0.677023,0.338229,0.0858113,-0.0415745,0.00824782,-0.000194412,30.2277,-0.0575389,0.0186309,-0.694855
67.26,0.770482,-0.0142992,0.00711722,-0.637261,0.00618227,0.0164726,-0.0196133,0.676746,0.338473,0.0858387,-0.0443363,0.0124529,-0.00166768,27.6519,-0.0275109,0.059509,-0.611751
67.28,0.770462,-0.0138801,0.00756956,-0.63729,-0.0102587,0.0610052,0.0153672,0.675992,0.33933,0.0858915,-0.0498992,0.0196261,-0.00191177,27.936,-0.076846,0.0393845,-0.484654
67.3,0.770586,-0.0134451,0.00827696,-0.637141,-0.00425504,0.0497852,0.0161864,0.675116,0.340361,0.0859229,-0.0541023,0.0228582,-0.00147655,27.7072,-0.134773,0.0846829,-0.634013
67.32,0.770607,-0.0133175,0.00853473,-0.637114,-0.0201637,0.0659893,0.00801113,0.674799,0.340707,0.085933,-0.0543354,0.0226884,-0.00127939,30.9557,-0.0417322,0.0220337,-0.63314
67.34,0.770575,-0.0129068,0.00917912,-0.637153,-0.0104797,0.0473977,-0.00584515,0.67382,0.341696,0.0859939,-0.0542904,0.019512,-0.000111227,27.2169,-0.0567622,0.0426584,-0.76678
67.36,0.770563,-0.0126969,0.00943966,-0.637167,0.00148128,0.0298845,0.00223758,0.673091,0.342288,0.0860386,-0.0531038,0.0147804,0.000266504,29.1695,-0.0582248,0.0544816,-0.607831
67.38,0.77061,-0.0125293,0.00953932,-0.637112,0.00418686,-0.00512878,0.0101429,0.672133,0.343018,0.0861278,-0.0535346,0.00849743,0.00140037,28.9756,-0.0904332,0.0821709,-0.609012
67.4,0.770623,-0.0125415,0.0095678,-0.637097,-0.00792825,0.0016226,0.00278124,0.671828,0.343245,0.0861547,-0.053639,0.00630999,0.00216691,28.966,-0.0610053,0.0733535,-0.503316
67.42,0.770632,-0.0126728,0.00940272,-0.637086,-0.00366403,-0.026646,-0.00665511,0.670848,0.343826,0.0862724,-0.056564,0.00213391,0.00306363,26.3488,-0.0457758,-0.00162239,-0.531834
67.44,0.770633,-0.0127531,0.00932503,-0.637084,-0.00733982,-0.0156847,0.00172672,0.670501,0.343991,0.0863118,-0.056707,0.00129337,0.00327287,28.2084,-0.0546206,0.0380732,-0.688192
67.46,0.770625,-0.0129876,0.0090696,-0.637092,-9.80778e-05,-0.026612,0.00408383,0.669403,0.34446,0.0864531,-0.059349,0.00172841,0.00381812,28.7923,-0.100513,0.00431875,-0.678625
67.48,0.770657,-0.0131535,0.00891383,-0.637053,-0.00608775,-0.0121539,0.00930113,0.668561,0.344796,0.0865506,-0.0607908,0.00293481,0.00427615,27.6774,-0.0361427,0.0651358,-0.491289
67.5,0.770685,-0.0133105,0.0087837,-0.637016,-0.0061418,-0.0110123,0.00934544,0.667789,0.345176,0.0866503,-0.0624126,0.00583056,0.0041278,29.7544,-0.0717105,0.049651,-0.669888
67.52,0.770683,-0.013388,0.00872916,-0.637018,-0.00596238,0.00369928,-0.00394871,0.666972,0.345597,0.0867472,-0.0640678,0.00860491,0.00335946,29.5386,-0.0720882,0.0140489,-0.674823
67.54,0.770681,-0.0134118,0.00870377,-0.637021,0.000443281,-0.00280491,-0.00504068,0.665663,0.346301,0.0868846,-0.0671364,0.0131598,0.00270658,26.3435,-0.050667,0.0477294,-0.663248
67.56,0.770726,-0.0133372,0.0088153,-0.636966,-0.0101481,0.0128761,0.00765444,0.664256,0.347082,0.0870093,-0.06946,0.0155555,0.00266143,28.0256,-0.0860337,0.0914739,-0.670647
67.58,0.770746,-0.0132995,0.00889754,-0.636941,-0.00322473,0.0177689,0.00977916,0.663836,0.34737,0.0870544,-0.0706397,0.0163521,0.00272065,28.7573,0.0059983,0.00601767,-0.535191
67.6,0.770761,-0.0132218,0.00901193,-0.636924,0.000199191,0.0147023,0.00102463,0.662854,0.347972,0.0871412,-0.0720114,0.0172194,0.00350446,28.9734,-0.0510534,0.0519032,-0.617191
67.62,0.770788,-0.0131043,0.00916083,-0.636891,0.00109041,0.0108614,-0.00097893,0.661467,0.348824,0.0872759,-0.0738128,0.0164665,0.00244626,31.1486,-0.0893204,0.0255248,-0.653952
67.64,0.7708,-0.0130233,0.00926572,-0.636877,-0.0148685,0.0132807,0.00165144,0.659999,0.34963,0.0874081,-0.0750868,0.0158335,0.00326519,28.9643,-0.0350841,0.050901,-0.659596
67.66,0.770796,-0.0129979,0.00926412,-0.636882,0.00240364,-0.00648974,0.00310391,0.659491,0.349891,0.0874583,-0.0761636,0.0154988,0.00283718,25.6695,-0.0541604,0.0425595,-0.796852
67.68,0.770809,-0.0129862,0.00927474,-0.636866,0.00456156,-0.00101174,0.00246733,0.65855,0.35037,0.087561,-0.0774869,0.0143513,0.00330167,27.1298,-0.117258,0.00297835,-0.60672
67.7,0.77082,-0.0130005,0.00926411,-0.636853,0.0014684,-0.00277117,0.00600718,0.657552,0.350832,0.0876858,-0.0787755,0.0138733,0.00435179,30.5045,-0.0227253,0.059697,-0.563682
67.72,0.770822,-0.0130638,0.00916738,-0.636851,-0.00370699,-0.0170789,0.0018289,0.656146,0.351469,0.087866,-0.0803601,0.0133527,0.0027993,26.4602,-0.0472704,0.026294,-0.469196
67.74,0.770834,-0.0131188,0.00914385,-0.636835,-0.0116401,0.00258687,0.00485873,0.654649,0.352088,0.0880384,-0.0817459,0.013988,0.00344345,27.5469,-0.0843071,0.035931,-0.691089
67.76,0.770837,-0.0131363,0.0090778,-0.636833,0.0076966,-0.0167933,-0.00309272,0.65413,0.352297,0.0880945,-0.0825648,0.0142749,0.00243425,31.2508,-0.0209309,-0.0486374,-0.743809
67.78,0.770887,-0.013205,0.0090405,-0.636771,-0.00555861,0.000772969,0.00397426,0.652605,0.352904,0.0883088,-0.0843426,0.014585,0.00339255,29.0661,-0.102599,0.034567,-0.660651
67.8,0.770905,-0.0132004,0.00900242,-0.63675,-0.00290147,0.00586499,-0.000862136,0.651727,0.353271,0.088531,-0.0856639,0.0153739,0.00364248,28.342,-0.0450879,0.0591458,-0.595431
67.82,0.77093,-0.0132196,0.0090217,-0.636719,0.0063676,0.000465905,0.00384691,0.650316,0.353838,0.0888629,-0.088218,0.0164607,0.00431031,28.8663,-0.0249138,-0.00228976,-0.724057
67.84,0.770937,-0.0132354,0.00899485,-0.636711,-0.00422726,-0.0077397,-0.000139115,0.64982,0.354028,0.0889697,-0.0884462,0.0162396,0.00384781,27.4511,-0.0608121,0.0687281,-0.647697
67.86,0.770964,-0.0132288,0.00903057,-0.636677,-0.00999629,0.0096427,0.00214915,0.648129,0.354644,0.0893034,-0.0905518,0.0177808,0.00482351,27.1962,-0.0775019,-0.000498048,-0.773878
67.88,0.770968,-0.0132166,0.0090091,-0.636672,0.00166572,-0.00119221,-0.00162366,0.647583,0.354845,0.0894159,-0.0916578,0.018197,0.00468332,30.0554,-0.0902321,-0.0360945,-0.609271
67.9,0.770986,-0.0131727,0.00901251,-0.636652,0.00921583,-0.00631935,0.00122631,0.645975,0.355455,0.0900111,-0.0938508,0.018781,0.00544576,28.2465,0.0350753,0.0182278,-0.711304
67.92,0.771004,-0.0131777,0.00903781,-0.63663,-0.00907868,0.00570552,0.00407993,0.645538,0.355608,0.0901545,-0.0938666,0.0182464,0.00510091,26.4665,-0.0974812,0.0117688,-0.816633
67.94,0.771013,-0.0131571,0.00904145,-0.636619,-0.00729014,0.000899996,-1.62288e-05,0.644621,0.355915,0.0904428,-0.0949923,0.0182883,0.00552396,31.2491,-0.044179,0.0809591,-0.789844
67.96,0.771029,-0.0131181,0.00905456,-0.6366,0.00523255,0.00523561,0.00242771,0.643011,0.356409,0.0908819,-0.0963731,0.0185836,0.0063053,28.5063,-0.0762822,-0.0211493,-0.560699
67.98,0.771026,-0.0131109,0.00903879,-0.636605,0.000467294,0.00768831,0.000828614,0.642158,0.356633,0.0912276,-0.0974983,0.0182268,0.00650496,25.814,-0.0592924,0.0497783,-0.739126
68,0.77101,-0.0131076,0.00901761,-0.636625,0.00637804,-0.00717662,-0.0040058,0.64104,0.35684,0.0918385,-0.0992293,0.0183354,0.00657182,28.4534,-0.0580871,-0.0338649,-0.692296
68.02,0.771008,-0.0131062,0.00900873,-0.636626,-0.001211,0.00225355,0.000252643,0.64064,0.356911,0.0920344,-0.099179,0.0178134,0.00685561,29.5112,-0.080079,0.0371897,-0.622437
68.04,0.77101,-0.0131021,0.0089938,-0.636624,-0.00734836,0.00279762,0.000100285,0.639795,0.357058,0.0924267,-0.100119,0.0176973,0.00737304,27.1923,-0.0304632,0.0370334,-0.712427
68.06,0.770991,-0.0130904,0.00898753,-0.636648,-0.0089274,0.00215405,-0.00585017,0.638899,0.357214,0.0928138,-0.100298,0.0180217,0.0070366,28.4076,-0.0456565,-0.0290982,-0.687349
68.08,0.770968,-0.0130702,0.00900458,-0.636676,-0.00286751,0.00277058,0.000378645,0.637517,0.357443,0.0934156,-0.101848,0.0183966,0.00824591,27.28,-0.0640607,0.0439542,-0.617895
68.1,0.770944,-0.0130421,0.00899825,-0.636707,-0.00215838,0.0191839,-0.00267118,0.636897,0.357525,0.0938297,-0.102749,0.0188183,0.00852436,29.5028,-0.00255942,0.0205665,-0.665909
68.12,0.770886,-0.013006,0.00898014,-0.636778,0.000325012,-0.00121685,-0.00333118,0.636215,0.357623,0.0942303,-0.102595,0.0185579,0.00788117,29.22,-0.0663685,0.0276443,-0.524388
68.14,0.770824,-0.0129428,0.00898573,-0.636853,-0.00730459,0.0170416,-0.0106332,0.635485,0.357727,0.0946195,-0.102573,0.0191758,0.00846002,29.8992,-0.0633212,-0.022355,-0.544736
68.16,0.770797,-0.0127464,0.00901057,-0.63689,0.0108728,0.00896284,0.00615718,0.634299,0.357951,0.0951923,-0.103432,0.0221886,0.00738783,25.0207,-0.0913315,0.0259903,-0.512425
68.18,0.770848,-0.0125913,0.00913215,-0.636829,-0.0002425,0.0179572,0.0025918,0.633227,0.358145,0.0957431,-0.10425,0.0222697,0.00712864,30.2869,-0.0512085,0.0230358,-0.512541
68.2,0.770868,-0.0125115,0.00918847,-0.636806,-0.000365592,-0.00933426,0.00325459,0.632665,0.358206,0.0961034,-0.104792,0.0187411,0.00649145,30.5916,-0.0233394,-0.0406034,-0.721505
68.22,0.770882,-0.0125787,0.00908594,-0.636789,0.00372759,-0.0270265,0.00222671,0.632045,0.358178,0.09645,-0.104446,0.0113221,0.0074909,24.0536,-0.0115286,0.0180613,-0.674998
68.24,0.770944,-0.0128044,0.00893513,-0.636712,-0.00685617,-0.044581,0.00797763,0.631377,0.358026,0.0968278,-0.104258,0.00436734,0.0105993,31.0159,-0.040535,0.0134817,-0.630842
68.26,0.771031,-0.0134441,0.00831817,-0.636602,-0.0206153,-0.0668332,0.00636325,0.630293,0.357617,0.0974224,-0.102998,-0.00379253,0.0116014,28.1386,-0.0473561,0.0487367,-0.590273
68.28,0.771033,-0.0136812,0.00809561,-0.636597,0.00560312,-0.0721776,-0.00405464,0.629759,0.357439,0.0976459,-0.102917,-0.00525294,0.0130128,27.1702,-0.0875898,0.0350043,-0.561958
68.3,0.771003,-0.0144195,0.00726311,-0.636627,-0.00748084,-0.0838888,-0.00378975,0.629105,0.35672,0.0982583,-0.0995686,-0.00531077,0.011373,30.5991,-0.0138186,0.024454,-0.680628
68.32,0.77098,-0.0146303,0.00704188,-0.636652,0.00156474,-0.0693563,-0.0121698,0.62896,0.356469,0.0984626,-0.0994309,-0.00367812,0.0137754,28.0632,-0.0494977,0.0562742,-0.422468
68.34,0.771007,-0.0150141,0.00637632,-0.636617,0.00625837,-0.0390635,0.00841319,0.628437,0.355843,0.0990425,-0.0981397,0.00307224,0.0101034,27.6417,-0.00625291,0.0447541,-0.679604
68.36,0.771055,-0.0151298,0.00615137,-0.636559,0.00925444,-0.0180377,0.00978825,0.628006,0.355585,0.0994147,-0.0997435,0.0106326,0.0100043,27.7555,-0.0218731,0.063425,-0.574796
68.38,0.771083,-0.0150521,0.00619404,-0.636526,0.0189252,0.0168064,0.00435687,0.627723,0.355353,0.0997749,-0.101881,0.0187775,0.00893292,28.8424,-0.0437467,-0.0606011,-0.690888
68.4,0.771041,-0.014649,0.00665688,-0.636582,-0.0108561,0.0716232,-0.00902192,0.627294,0.355151,0.100303,-0.103947,0.0285203,0.00765302,27.5405,-0.0216369,0.0637872,-0.579814
68.42,0.771038,-0.0139655,0.00744707,-0.636593,0.00570502,0.0882021,0.00280363,0.626812,0.355185,0.100786,-0.104673,0.0342226,0.00908021,30.1412,0.00794998,0.0715795,-0.598843
68.44,0.77107,-0.0135069,0.00803171,-0.636556,-0.00752862,0.0912809,0.00901508,0.626408,0.355271,0.101092,-0.104261,0.0336066,0.00886539,29.1928,-0.110092,-0.0399282,-0.603476
68.46,0.771086,-0.0132945,0.00825008,-0.636538,-0.00273479,0.0682613,0.00974233,0.626184,0.355311,0.101243,-0.103175,0.0315335,0.00709113,29.5775,-0.0611914,-0.00734238,-0.693428
68.48,0.771103,-0.0127782,0.00890238,-0.63652,-0.0127855,0.0546315,0.00227559,0.625937,0.355128,0.101653,-0.100932,0.0230831,0.00991194,26.1884,-0.0433779,0.0180805,-0.73101
68.5,0.771095,-0.0126506,0.00899053,-0.636531,0.0115593,0.0250726,-0.00256028,0.625907,0.354991,0.101794,-0.100178,0.0196322,0.00976458,27.6508,-0.0419798,0.0306379,-0.711753
68.52,0.771074,-0.0124329,0.00918422,-0.636558,0.00270443,-0.00188724,0.00105394,0.625514,0.354282,0.102405,-0.0973382,0.0104047,0.0127129,29.1043,-0.0553644,0.0165692,-0.578323
68.54,0.771073,-0.0124345,0.00912001,-0.63656,0.00218921,-0.00527633,-0.00143319,0.625422,0.354074,0.102555,-0.096026,0.008055,0.0107223,27.9505,-0.0222184,-0.0113473,-0.58053
68.56,0.771073,-0.0124691,0.00900637,-0.636561,0.0112633,-0.0174985,0.00213059,0.625205,0.353631,0.102848,-0.094717,0.00492497,0.0103362,29.1147,-0.0232935,0.0469099,-0.583684
68.58,0.771051,-0.0125215,0.00883585,-0.636589,0.0114955,-0.0230818,-0.00233423,0.624939,0.353166,0.103146,-0.0943274,0.00300164,0.0115603,28.2814,-0.0786617,0.00567427,-0.591019
68.6,0.771042,-0.0127376,0.00850304,-0.6366,-0.0019854,-0.0193041,0.00488619,0.624951,0.352286,0.10351,-0.0940789,0.000647659,0.0130363,28.6297,-0.0264445,0.0471425,-0.690403
68.62,0.771067,-0.0130328,0.00811223,-0.636569,0.0110472,-0.0467007,0.00681864,0.624906,0.351332,0.103859,-0.0943303,-0.000512464,0.0136316,27.7212,-0.0167479,0.0470929,-0.725955
68.64,0.771053,-0.0131254,0.00801736,-0.636586,-0.0106738,-0.0158236,-0.00560591,0.624894,0.351025,0.10397,-0.0938843,-0.000481481,0.0123643,29.1996,-0.0537576,0.0145463,-0.70278
68.66,0.771026,-0.0133244,0.00772541,-0.636618,0.00525487,-0.0207763,-0.00975337,0.624752,0.350198,0.104302,-0.0941397,0.00371766,0.0133357,28.4183,-0.0310852,0.0440668,-0.639906
68.68,0.771002,-0.0133867,0.00761731,-0.636647,0.000681765,-0.00025177,-0.000656385,0.624867,0.349713,0.104476,-0.0935451,0.00615938,0.0124531,28.2674,-0.0252332,0.0193102,-0.74281
68.7,0.771041,-0.0133897,0.00748836,-0.636601,0.00723994,-0.0141148,0.00448003,0.625314,0.349053,0.104671,-0.0925871,0.00650386,0.00993943,28.4473,-0.0730432,-0.0375167,-0.672124
68.72,0.771063,-0.0133894,0.00751288,-0.636574,-0.00410795,0.00715559,0.00565747,0.625283,0.348853,0.104748,-0.0927887,0.00647141,0.0107413,28.7304,-0.0550609,0.0734697,-0.61961
68.74,0.771087,-0.0134233,0.00741597,-0.636545,0.00521812,-0.0165915,-0.0052962,0.625454,0.348236,0.104958,-0.0938128,0.00413183,0.0120217,29.3712,-0.0214469,-0.0321168,-0.802917
68.76,0.771068,-0.0134747,0.00739762,-0.636567,-0.0158337,-0.00363365,-0.00700199,0.625468,0.348024,0.105031,-0.0931593,0.00280727,0.0114059,29.4628,-0.0539347,0.0480463,-0.650341
68.78,0.771055,-0.0136035,0.00726702,-0.636582,-0.0010066,-0.0173315,-6.51346e-05,0.625697,0.347326,0.105239,-0.0926764,0.00133186,0.0126113,29.4237,-0.0361552,-0.00820564,-0.827028
68.8,0.771076,-0.0137333,0.00713509,-0.636556,-0.000199324,-0.0124969,0.00977816,0.626148,0.346775,0.105351,-0.0912265,-0.000529607,0.0131609,29.5387,-0.0446539,0.0129517,-0.501862
68.82,0.771125,-0.0138854,0.00695359,-0.636495,-0.00174099,-0.026054,0.00613832,0.626519,0.346226,0.105475,-0.0907416,-0.0010061,0.0132087,26.6494,-0.0460039,-0.0357349,-0.784421
68.84,0.771133,-0.0140816,0.00674752,-0.636483,0.00418373,-0.0252052,-0.00634457,0.626775,0.34546,0.105685,-0.0903917,-0.000169028,0.0121203,29.0372,-0.0344295,0.0313441,-0.752618
68.86,0.771109,-0.0141432,0.00665961,-0.636511,0.00966223,-0.0190139,-0.00549615,0.62693,0.345008,0.105814,-0.0901203,0.0019451,0.0120005,27.941,-0.00724426,0.0703254,-0.742044
68.88,0.771106,-0.0141884,0.00659215,-0.636515,0.00489675,-0.017804,0.00331946,0.627275,0.344555,0.10593,-0.0894519,0.00301371,0.0122461,28.3218,-0.0667358,0.00402584,-0.588271
68.9,0.77113,-0.0142188,0.00658862,-0.636485,0.00273428,-0.00277184,0.0108843,0.627804,0.344086,0.106033,-0.0887009,0.00327365,0.0124024,29.7216,-0.0502168,0.0574424,-0.779255
68.92,0.771178,-0.0142227,0.00656397,-0.636426,-0.0083845,0.00208164,0.000599739,0.628414,0.343426,0.106202,-0.0883478,0.00226905,0.0109555,26.8654,-0.0451092,0.0377241,-0.678266
68.94,0.771182,-0.0142536,0.00660351,-0.636421,-0.0110242,0.00202854,-0.00273289,0.62857,0.343212,0.106265,-0.088785,0.00228428,0.0129531,28.5419,-0.0127197,0.0305494,-0.668268
68.96,0.771159,-0.0142951,0.00653289,-0.636449,0.0071683,-0.0103012,-0.00499767,0.628865,0.342566,0.106486,-0.087808,-0.00015205,0.012294,30.6409,-0.0475147,0.054977,-0.646404
68.98,0.771148,-0.0143772,0.0064837,-0.636461,0.0108035,-0.0200334,0.00143244,0.629122,0.342085,0.106649,-0.0871354,-0.000230451,0.0147797,29.0497,-0.023955,0.0341478,-0.691048
69,0.771151,-0.0144307,0.00641957,-0.636457,0.0089693,-0.00921653,0.00426078,0.629684,0.34157,0.106765,-0.0858351,-4.58961e-05,0.0148175,28.0923,-0.0386758,0.0449286,-0.640757
69.02,0.771158,-0.0144768,0.00637237,-0.636447,0.00175001,-0.0087418,-0.000195965,0.630166,0.341084,0.106887,-0.0852183,0.000288534,0.0146713,29.113,-0.0153591,-0.0351754,-0.815365
69.04,0.771165,-0.0144748,0.00635085,-0.636439,-0.00616181,-6.07682e-05,0.00379828,0.630721,0.340433,0.107074,-0.0847461,0.001434,0.0125438,28.7065,-0.0846089,0.0677265,-0.784343
69.06,0.77115,-0.0144301,0.00642465,-0.636457,-0.00921268,0.0159545,-0.00628179,0.631061,0.339862,0.107275,-0.0854377,0.00321454,0.0144524,28.641,-0.0301345,0.016375,-0.647798
69.08,0.771151,-0.0143698,0.0064149,-0.636458,0.0109065,0.00512363,-0.00533533,0.631132,0.339693,0.107345,-0.0850085,0.00353885,0.0123911,30.7616,-0.0586706,0.0466574,-0.752814
69.1,0.771157,-0.0142922,0.00652215,-0.636451,-0.00664371,0.0132486,0.00766114,0.631784,0.339025,0.107373,-0.0838809,0.00375858,0.0126702,28.2425,-0.00909306,0.0209053,-0.796606
69.12,0.771169,-0.0142197,0.00658577,-0.636438,-0.00829428,0.0129075,0.00704399,0.632192,0.3386,0.107395,-0.0834665,0.00301793,0.0129274,27.3743,-0.0339094,0.0186942,-0.816305
69.14,0.771167,-0.0141613,0.00663818,-0.636441,0.00512801,0.00161743,-0.00271094,0.632639,0.337985,0.107458,-0.0839395,0.00179653,0.0142362,30.8596,-0.0579424,-0.0175304,-0.703112
69.16,0.771176,-0.0141595,0.00661355,-0.636431,-0.00799345,-0.00473458,0.00481615,0.632744,0.337776,0.10748,-0.0834278,0.000190863,0.0124703,27.5053,-0.0253034,0.0690336,-0.613246
69.18,0.771184,-0.0142406,0.00653925,-0.63642,-0.00928942,-0.0122802,0.00410105,0.633443,0.337055,0.107393,-0.0826963,-0.00324275,0.0148145,27.6498,0.000740764,0.00297564,-0.656606
69.2,0.77117,-0.014269,0.0064559,-0.636437,-0.000204955,-0.0161588,-0.00678571,0.633714,0.336793,0.107344,-0.0817975,-0.00496622,0.0127109,29.3463,-0.0177224,-0.0191307,-0.839111
69.22,0.771172,-0.0144789,0.00622581,-0.636432,-0.00338426,-0.0188842,0.00120762,0.634292,0.335982,0.107243,-0.0802024,-0.00719498,0.0140293,28.4753,-0.0282159,0.0774185,-0.504715
69.24,0.771163,-0.0146399,0.00603042,-0.636441,-0.0189349,-0.0212266,-0.000103358,0.634658,0.335455,0.107193,-0.0795391,-0.00740219,0.0134728,27.7456,-0.0415844,0.0691524,-0.665185
69.26,0.771173,-0.014772,0.0058412,-0.636427,-0.0128072,-0.0226095,0.00301664,0.634944,0.334947,0.107159,-0.0794777,-0.00726717,0.0134261,28.8575,-0.00874527,0.0522147,-0.583609
69.28,0.771171,-0.014922,0.00564237,-0.636428,0.00954599,-0.0187033,-0.00626311,0.635494,0.334221,0.107022,-0.0791256,-0.00521939,0.015558,30.5564,-0.0391018,0.0313856,-0.739043
69.3,0.771171,-0.0150164,0.00556429,-0.636427,-0.00350598,-0.00980826,0.00141155,0.636128,0.333741,0.1068,-0.0776933,-0.00529871,0.0154185,29.1557,-0.0648085,-0.000967703,-0.707674
69.32,0.771173,-0.0150364,0.005441,-0.636425,0.00564522,-0.00161656,0.00180204,0.636819,0.333057,0.10655,-0.0754269,-0.00412474,0.0140187,28.5166,-0.0444797,0.0636295,-0.645807
69.34,0.771175,-0.0150596,0.00545734,-0.636422,-0.00921708,0.00832417,-0.00117611,0.637056,0.332853,0.106456,-0.0738057,-0.00343852,0.0129426,27.8205,-0.0481038,0.0167065,-0.800534
69.36,0.771166,-0.014986,0.00547719,-0.636434,0.00948211,0.0121111,-0.000888501,0.637656,0.332293,0.106219,-0.0730272,-0.00223206,0.0129973,30.5562,-0.0216011,0.0165529,-0.59624
69.38,0.77117,-0.0149643,0.00550162,-0.63643,-0.00802988,0.00969092,0.00689738,0.637825,0.332121,0.106137,-0.071693,-0.00216695,0.0117886,26.9465,-0.0530575,-0.0223301,-0.78715
69.4,0.77119,-0.0148028,0.00565634,-0.636408,0.00130777,0.0203332,-0.000938433,0.639008,0.331722,0.105636,-0.0706827,-0.000422323,0.0135797,27.6517,-0.0349835,0.0794729,-0.551154
69.42,0.771192,-0.0146675,0.00577335,-0.636408,-0.0031989,0.0252798,0.00213186,0.639583,0.331486,0.105336,-0.0697004,-0.000746197,0.0119648,29.3604,-0.0512584,0.0443916,-0.713946
69.44,0.771188,-0.0145052,0.00590024,-0.636415,0.00440995,0.00830629,0.00364126,0.640442,0.331122,0.104902,-0.0687612,-0.00394442,0.0114015,28.73,-0.0472746,0.00349324,-0.672589
69.46,0.771195,-0.0144944,0.00592471,-0.636406,-0.00451295,0.00970415,0.00489136,0.640692,0.330979,0.104764,-0.0679081,-0.00593349,0.0115207,27.5992,-0.061381,0.0313387,-0.693274
69.48,0.771208,-0.0145537,0.00582245,-0.63639,0.00434366,-0.0183008,-0.00322509,0.641589,0.330486,0.10432,-0.0658643,-0.0102499,0.0121814,27.888,-0.100838,0.0271408,-0.655198
69.5,0.771178,-0.0147147,0.00559875,-0.636425,-0.010074,-0.0184591,-0.0024262,0.642834,0.329916,0.10375,-0.0624782,-0.0133811,0.0106094,32.4144,-0.0248377,0.0646063,-0.786032
69.52,0.771165,-0.0147521,0.00553303,-0.63644,0.00280576,-0.0138669,-0.00678442,0.643215,0.329722,0.103575,-0.0623644,-0.0128868,0.0121379,25.9062,-0.0369733,0.0652189,-0.663471
69.54,0.771167,-0.0147996,0.00536672,-0.636438,0.000576935,-0.00623304,0.00266629,0.644155,0.329178,0.103081,-0.0606885,-0.00967096,0.00986846,26.9891,-0.0478066,0.0589681,-0.658247
69.56,0.771166,-0.0147958,0.00535408,-0.63644,0.0109221,8.52607e-05,-0.00641211,0.644745,0.328887,0.102766,-0.0603447,-0.00860565,0.00982577,29.8824,-0.0791767,0.0160525,-0.532094
69.58,0.771177,-0.014774,0.00540246,-0.636426,-0.0212154,0.000457119,-0.000564171,0.64593,0.328539,0.102153,-0.058371,-0.00834482,0.00973241,32.122,-0.0253608,0.0861119,-0.772284
69.6,0.771183,-0.0147311,0.00539045,-0.63642,0.0105732,0.0016573,-0.000799784,0.646358,0.328432,0.101942,-0.0585261,-0.00879395,0.0103263,27.6917,-0.0598484,0.060027,-0.713886
69.62,0.771172,-0.0147505,0.0053862,-0.636433,0.00325575,-0.00582508,-0.000416393,0.647161,0.328201,0.10153,-0.0570772,-0.0105137,0.0110738,26.6107,-0.030108,0.0528013,-0.858684
69.64,0.771157,-0.014794,0.0053626,-0.636451,-0.00461905,-0.00219084,-0.00223185,0.6479,0.327944,0.101154,-0.0551338,-0.0122121,0.0110579,29.551,-0.0382841,0.00470064,-0.700701
69.66,0.771159,-0.0148557,0.00519732,-0.636448,-0.00170998,-0.0164137,0.00672122,0.648823,0.327506,0.100656,-0.0519846,-0.0144632,0.00866036,27.49,-0.0988711,0.0238169,-0.831147
69.68,0.771155,-0.0149804,0.00503712,-0.636452,-0.0110628,-0.0177188,-0.00478913,0.650313,0.327187,0.100055,-0.0486916,-0.0151891,0.0108784,28.2149,-0.0166743,0.0829545,-0.61638
69.7,0.77115,-0.0149661,0.00498505,-0.636458,0.00686622,-0.0112299,-0.00350769,0.650837,0.327093,0.0998614,-0.0486333,-0.015167,0.00911791,28.7055,-0.0553154,0.0314036,-0.672627
69.72,0.771149,-0.0150855,0.00486843,-0.636457,-0.0186701,-0.0129374,-0.000586929,0.652312,0.326822,0.0992752,-0.0457963,-0.0142044,0.00921306,30.0564,-0.102246,0.0962665,-0.713372
69.74,0.771144,-0.0151102,0.00478488,-0.636464,-0.00510119,-0.0142962,-0.00229855,0.653209,0.326656,0.0989159,-0.0444316,-0.0136887,0.00872503,28.2354,-0.0590643,0.059362,-0.737849
69.76,0.77115,-0.0151337,0.00474723,-0.636456,0.00957027,0.00132955,-0.00726495,0.654368,0.326402,0.0984631,-0.0434536,-0.0133089,0.0108753,29.2765,-0.0423272,0.0762009,-0.725926
69.78,0.771172,-0.0151247,0.00472887,-0.636429,-0.00723285,-0.0074123,0.000583463,0.65492,0.326355,0.0982585,-0.0421753,-0.0127987,0.00628507,26.4882,-0.0307219,0.0596186,-0.700402
69.8,0.771193,-0.0151811,0.00466452,-0.636404,-0.000541915,-0.00931295,-0.00171085,0.656495,0.326196,0.0976642,-0.0389155,-0.0145925,0.00991605,28.8986,-0.0869151,0.0284094,-0.759986
69.82,0.7712,-0.015139,0.00462342,-0.636396,0.00769302,-0.00146763,0.000499576,0.656991,0.326132,0.0974906,-0.0382237,-0.0146749,0.00685131,28.5101,-0.060177,0.0582529,-0.725308
69.84,0.771175,-0.0152843,0.00444048,-0.636424,0.00182535,-0.00720129,0.000783746,0.65887,0.325812,0.0968296,-0.0340907,-0.0173596,0.00751986,26.5888,-0.0564683,0.0646845,-0.782804
69.86,0.77117,-0.015371,0.00438878,-0.636428,-0.0168785,-0.0276242,-0.00322844,0.659313,0.325725,0.0966698,-0.0320581,-0.0175918,0.00870705,27.9131,-0.0978904,-0.0119851,-0.840714
69.88,0.771171,-0.0154568,0.00424786,-0.636426,-0.0134552,-0.0346853,0.0038417,0.660165,0.325527,0.0964,-0.0300227,-0.0184629,0.00530266,31.5958,-0.0314293,0.080061,-0.584826
69.9,0.77117,-0.015555,0.00411548,-0.636426,-0.0111293,-0.0260563,0.00509315,0.661417,0.325336,0.0960901,-0.0274888,-0.0195633,0.00539348,27.1679,-0.11434,0.0852342,-0.836602
69.92,0.771161,-0.0157205,0.00384275,-0.636434,-0.00406677,-0.0245469,-0.00387377,0.66322,0.325017,0.09567,-0.0236404,-0.0211894,0.0100309,30.0348,-0.0638926,0.125263,-0.710631
69.94,0.771132,-0.0158387,0.00359034,-0.636468,0.0089014,-0.0120018,-0.00181285,0.664914,0.324675,0.0953124,-0.0216008,-0.0205798,0.00650289,28.0231,-0.0381599,0.0324639,-0.833669
69.96,0.771128,-0.0159414,0.00350086,-0.636471,-0.00856358,-0.0294259,-0.00219825,0.665454,0.324566,0.0951926,-0.0203498,-0.0205573,0.00929642,27.2876,-0.107041,0.0941459,-0.680513
69.98,0.771096,-0.0160021,0.0032795,-0.636509,0.0143703,-0.00384408,-0.004693,0.667136,0.324223,0.0948776,-0.0177485,-0.0188541,0.010333,28.9306,-0.0480719,0.083179,-0.727058
70,0.771081,-0.0160412,0.00316747,-0.636527,0.0111845,0.000239066,-0.0122466,0.668445,0.324046,0.0946482,-0.0148226,-0.0167923,0.0100813,28.45,-0.0848406,0.0577953,-0.761564
70.02,0.771052,-0.0159825,0.0031356,-0.636563,0.0129832,0.0092602,-0.00748499,0.669722,0.32391,0.0944299,-0.0119374,-0.0138797,0.00903629,28.3001,-0.0740901,0.0381664,-0.769023
70.04,0.771024,-0.0158604,0.00318385,-0.636601,0.0059896,0.023173,-0.0150133,0.670957,0.323828,0.094224,-0.00991998,-0.0105485,0.00858088,30.2163,-0.0686923,0.0719408,-0.742291
70.06,0.770999,-0.0154435,0.00341066,-0.63664,0.0185904,0.0438221,-0.00136349,0.672723,0.323828,0.0939381,-0.00760497,-0.00435624,0.00396475,28.7767,-0.0731523,0.112525,-0.693417
70.08,0.770994,-0.0153414,0.00353596,-0.636648,-0.00425647,0.0414704,-0.00269403,0.673288,0.323862,0.0938399,-0.00701415,-0.00320476,0.00716633,28.8539,-0.089811,0.0460488,-0.751621
70.1,0.771003,-0.014816,0.00399856,-0.636646,0.0182704,0.05838,0.00639996,0.675339,0.324149,0.0936349,-0.00606306,-0.000713222,0.00684077,27.4979,-0.0372373,0.0880368,-0.626778
70.12,0.77104,-0.0145003,0.00435023,-0.636606,0.007397,0.0613412,0.0109002,0.676629,0.324359,0.093492,-0.00539173,-0.000683899,0.00656485,27.4568,-0.0958734,0.0182323,-0.817841
70.14,0.771096,-0.0142416,0.00470582,-0.636542,-0.00602356,0.0460744,0.00803502,0.677845,0.324549,0.093373,-0.00517376,-0.00222219,0.00624049,30.6049,-0.0547845,0.120782,-0.522346
70.16,0.771144,-0.0139752,0.00510011,-0.636487,-0.00275816,0.0249057,0.00336796,0.679555,0.324748,0.0932252,-0.00398028,-0.00643914,0.00555688,26.9253,-0.108922,0.0868106,-0.570958
70.18,0.771137,-0.0139031,0.00529513,-0.636496,0.00117821,0.0121356,0.00298282,0.680763,0.324874,0.0932139,-0.00205921,-0.00952845,0.00634305,29.0583,-0.0729277,0.113247,-0.749807
70.2,0.771113,-0.0138831,0.00532239,-0.636525,-0.00980649,0.000697553,-0.00267914,0.682706,0.325059,0.0933105,0.00288643,-0.0134639,0.00603644,28.0105,-0.173054,0.117464,-0.681109
70.22,0.771119,-0.0138873,0.00530896,-0.636518,0.0084765,-0.00811234,-0.000958805,0.683338,0.325096,0.093353,0.00316752,-0.0138472,0.00736963,30.4157,-0.0765347,0.0572917,-0.72472
70.24,0.771126,-0.0139141,0.00512347,-0.63651,0.00692796,-0.00886838,-0.00258999,0.685196,0.325139,0.0934845,0.0059427,-0.0149097,0.00619533,29.4022,-0.111008,0.0755281,-0.7242
70.26,0.771121,-0.0139231,0.00508104,-0.636516,0.00694735,-0.0077883,0.00245057,0.685791,0.325156,0.0935245,0.00633205,-0.0143493,0.00774731,28.2988,-0.0707101,0.052504,-0.635473
70.28,0.77111,-0.0139244,0.00490998,-0.636531,0.0163226,-0.00971854,0.00102204,0.687572,0.325303,0.0937287,0.00676679,-0.0116868,0.00664905,27.7764,-0.117538,0.113483,-0.767582
70.3,0.771081,-0.0138874,0.00493348,-0.636566,0.0165064,0.0084249,-0.0104993,0.688811,0.325529,0.0939452,0.00722114,-0.00873424,0.00725051,28.9311,-0.037595,0.0764732,-0.736033
70.32,0.771064,-0.0138267,0.00501949,-0.636588,0.00701008,0.0128828,-0.00218651,0.690001,0.325791,0.0941596,0.00826201,-0.00594133,0.00718039,26.8908,-0.0861903,0.0861737,-0.666026
70.34,0.771039,-0.0136905,0.00515894,-0.63662,0.0111459,0.0268192,-0.00598024,0.691153,0.326089,0.0943627,0.00987387,-0.00293693,0.0069066,30.1689,-0.108721,0.0399776,-0.81297
70.36,0.771016,-0.0133951,0.00542603,-0.636652,-0.00561578,0.0272893,0.00167568,0.69284,0.326599,0.0946589,0.012725,0.000266918,0.00497818,28.5579,-0.0959109,0.0908067,-0.773206
70.38,0.771012,-0.013027,0.00584272,-0.63666,-0.000825334,0.0521799,-0.00196077,0.69453,0.327245,0.0950349,0.0138107,0.00266566,0.00785961,29.4444,-0.145767,0.0277917,-0.812161
70.4,0.771026,-0.0128775,0.00594587,-0.636646,0.00661894,0.0321926,0.00674363,0.695081,0.327484,0.0951836,0.0135892,0.00336255,0.00637425,27.8093,-0.101527,0.095111,-0.733258
70.42,0.771019,-0.0125464,0.00638597,-0.636657,-0.0108078,0.0469085,-0.00219733,0.696681,0.32819,0.0955978,0.0151661,0.00368119,0.00724923,27.8679,-0.137545,0.0370097,-0.768419
70.44,0.771007,-0.0122758,0.00664742,-0.636674,0.00158981,0.0401162,-0.00929502,0.697692,0.328643,0.0958896,0.0157951,0.00301756,0.00776671,29.4885,-0.126872,0.0466866,-0.773533
70.46,0.771028,-0.0120889,0.00690165,-0.63665,0.00207246,0.0210534,0.00435076,0.699175,0.329208,0.0963327,0.0174936,-0.00264341,0.00914629,28.8203,-0.0624404,0.141112,-0.723095
70.48,0.77103,-0.0120442,0.00692749,-0.636647,-0.00566944,0.0133283,0.00158969,0.699691,0.329414,0.0965316,0.0181686,-0.00421146,0.00881193,29.2509,-0.154629,0.0202307,-0.874798
70.5,0.771035,-0.0120569,0.00694524,-0.636641,-0.0135017,0.00197048,-0.00132041,0.701204,0.329936,0.097131,0.0202531,-0.00737844,0.0103731,28.5389,-0.0943761,0.0637102,-0.739352
70.52,0.771029,-0.012091,0.00687706,-0.636648,0.00669143,-0.0193455,0.000726131,0.701697,0.330085,0.0973286,0.0210136,-0.00847079,0.00909153,27.1558,-0.101787,0.102442,-0.792308
70.54,0.771038,-0.0122699,0.00677242,-0.636635,-0.015015,-0.0135254,-0.00213895,0.703158,0.330457,0.0979096,0.0238004,-0.00992464,0.011144,30.5864,-0.160823,0.0706245,-0.805959
70.56,0.771019,-0.0124155,0.00654731,-0.636658,0.0104172,-0.017784,0.00108113,0.704622,0.330785,0.0985209,0.0249114,-0.0083073,0.0118679,29.4356,-0.0616985,0.0883879,-0.724225
70.58,0.77102,-0.0124469,0.00645566,-0.636656,0.00208104,-0.0147103,0.00977626,0.705082,0.330898,0.0987146,0.0256461,-0.00856001,0.0102384,28.6706,-0.120032,0.081632,-0.836718
70.6,0.771098,-0.0125611,0.0063546,-0.636561,-0.00763553,-0.0011191,0.00685924,0.706423,0.331358,0.0992714,0.0249366,-0.00550046,0.0125063,28.4531,-0.127018,0.0919459,-0.744392
70.62,0.771119,-0.01258,0.00630886,-0.636536,-0.00633351,0.00692088,-0.0048449,0.707261,0.331687,0.0996337,0.0247027,-0.00334943,0.0119176,31.4492,-0.076527,0.0420162,-0.771559
70.64,0.77109,-0.0125703,0.0063367,-0.636571,0.00613486,-0.000614639,0.0023325,0.70845,0.332225,0.100168,0.0246915,-0.000483946,0.0106789,26.9203,-0.170019,0.0871758,-0.696631
70.66,0.771083,-0.0125576,0.00640045,-0.636578,-0.0138419,0.0204691,6.82817e-05,0.708832,0.332411,0.100339,0.0250364,0.000543357,0.0116397,30.6555,-0.0725747,0.0684473,-0.747722
70.68,0.771151,-0.0124673,0.00653802,-0.636497,0.0027472,0.00982181,0.0069158,0.709998,0.333006,0.100867,0.0253747,0.00223808,0.0118887,27.6088,-0.125479,0.0748856,-0.791009
70.7,0.771171,-0.0124347,0.00656178,-0.636472,0.00268858,0.0166096,0.00564238,0.710371,0.333218,0.101027,0.0261376,0.00199912,0.0101133,30.769,-0.0930328,0.0838197,-0.741609
70.72,0.771161,-0.0123472,0.0067259,-0.636485,0.00205778,0.0188477,-0.0131512,0.711455,0.333841,0.101507,0.0261935,0.00309968,0.0123751,27.7031,-0.0839364,0.0562643,-0.728827
70.74,0.771144,-0.0123026,0.00677746,-0.636505,-0.00790913,0.0178162,-0.00426706,0.71215,0.334238,0.101827,0.0267081,0.00242365,0.0120175,28.86,-0.145758,0.0588614,-0.820355
70.76,0.771147,-0.0122628,0.00678389,-0.636503,-0.00147308,0.0143419,0.00779642,0.712823,0.334604,0.102146,0.0270991,0.00123074,0.0122279,28.3911,-0.0911873,0.0966484,-0.749674
70.78,0.771168,-0.0123063,0.00673468,-0.636478,-0.00481197,-0.00500014,0.00312513,0.71348,0.334929,0.102461,0.0277578,-0.000820775,0.011848,30.0172,-0.0799508,0.0499053,-0.762017
70.8,0.771202,-0.0123743,0.00665976,-0.636436,-0.0044462,-0.017375,0.00634504,0.714439,0.335337,0.102978,0.0268352,-0.000390095,0.0134295,28.4338,-0.0624744,0.0494911,-0.670152
70.82,0.771235,-0.0124228,0.00661282,-0.636395,-0.00498214,0.00731745,0.00502546,0.715294,0.335762,0.103471,0.0265799,0.00259937,0.0118085,30.2827,-0.115872,0.101387,-0.691925
70.84,0.771254,-0.0124357,0.0067138,-0.636371,-0.0127302,0.0157293,0.00462148,0.715562,0.335927,0.103632,0.0252716,0.00558751,0.013373,28.4213,-0.149854,0.0431887,-0.827829
70.86,0.77136,-0.0123897,0.00692234,-0.636241,-0.00564828,0.0116508,0.0160097,0.7163,0.336505,0.104089,0.0247667,0.00851332,0.00964138,29.3143,-0.155668,0.0648917,-0.821916
70.88,0.771419,-0.012366,0.00713096,-0.636168,0.00106182,0.00267984,0.0105907,0.716775,0.336878,0.104378,0.0257118,0.00673879,0.0108251,29.6962,-0.107145,0.0765032,-0.748584
70.9,0.771412,-0.0124464,0.00717819,-0.636174,-0.0125083,-0.00875677,0.00142844,0.71755,0.337342,0.104778,0.0289977,-0.000266359,0.0110711,29.055,-0.0882037,0.0917417,-0.460425
70.92,0.771395,-0.0124836,0.00711209,-0.636195,0.0066729,-0.0303361,-0.00210815,0.717809,0.337444,0.10491,0.0294973,-0.002274,0.0132988,26.6663,-0.0433057,0.112961,-0.64359
70.94,0.771381,-0.0127616,0.00674522,-0.63621,-0.00369683,-0.0369503,0.000959258,0.718595,0.337639,0.105334,0.0312071,-0.00617705,0.0134431,30.2103,-0.118607,0.094388,-0.678921
70.96,0.771381,-0.0128516,0.00662491,-0.63621,0.00896794,-0.0348182,-0.00294525,0.718852,0.337692,0.105486,0.0302415,-0.00499534,0.015674,28.5564,-0.130587,0.0695967,-0.674414
70.98,0.771405,-0.0130675,0.00629683,-0.636179,0.00421683,-0.0275912,0.00124243,0.719567,0.337912,0.105859,0.0280697,0.000520964,0.0122439,28.9543,-0.108393,0.100659,-0.720211
71,0.771389,-0.0130687,0.00635097,-0.636198,-0.00533392,0.0247072,0.000623727,0.720172,0.338303,0.106083,0.0246136,0.00957658,0.0125708,26.9846,-0.0934665,0.0970799,-0.708988
71.02,0.771379,-0.0130135,0.00637835,-0.636212,0.00780091,0.00934127,7.79225e-05,0.720388,0.338493,0.106176,0.0241457,0.011842,0.012022,29.8173,-0.0886607,0.0818111,-0.698674
71.04,0.77136,-0.0128835,0.00656456,-0.636235,0.0062369,0.0182443,-0.00100391,0.720738,0.33887,0.10631,0.023875,0.0138988,0.0120973,28.8944,-0.0276595,0.0932657,-0.771533
71.06,0.771362,-0.0125916,0.00688767,-0.636235,-0.00616506,0.0304041,0.00519031,0.721232,0.339487,0.106528,0.0241133,0.015449,0.0103278,28.9689,-0.150945,0.0983978,-0.621073
71.08,0.77138,-0.0123116,0.00715294,-0.636216,-0.000610743,0.0264464,0.00246806,0.721667,0.340067,0.106692,0.0231154,0.0130686,0.012315,28.6815,-0.10536,0.0805408,-0.664275
71.1,0.771379,-0.0122367,0.00717786,-0.636218,0.00453346,0.0129195,-0.00159495,0.721785,0.340227,0.106722,0.0233192,0.0108254,0.0110438,30.5731,-0.119937,0.0938388,-0.624675
71.12,0.771338,-0.0121798,0.00722755,-0.636268,-0.00244446,0.00114612,-0.00368246,0.722173,0.340624,0.106854,0.0238005,0.00630914,0.0118123,26.4244,-0.151036,0.016967,-0.78118
71.14,0.771326,-0.0121673,0.00715944,-0.636284,0.0195769,-0.0226298,-0.0050514,0.722287,0.340724,0.106901,0.0231476,0.00555094,0.0130109,28.3321,-0.12281,0.0834239,-0.747555
71.16,0.771281,-0.0123058,0.00688619,-0.636338,0.00506571,-0.0278736,-0.00130113,0.722738,0.341015,0.107104,0.0229166,0.00219763,0.0135829,30.9019,-0.0624969,0.11168,-0.577074
71.18,0.771269,-0.0123585,0.00678179,-0.636353,0.000630171,-0.0241898,-0.00487154,0.722844,0.341074,0.10716,0.0234101,0.00157348,0.012217,29.0617,-0.119317,0.0626322,-0.815611
71.2,0.771238,-0.012477,0.00661273,-0.63639,-0.00278558,-0.0307212,-0.00551974,0.722978,0.341137,0.107204,0.0224835,0.00189946,0.0120471,28.4225,-0.0906177,0.0542224,-0.818901
71.22,0.771186,-0.0125427,0.00647685,-0.636454,0.00256167,-0.0225084,-0.00912172,0.723095,0.341222,0.107262,0.0219549,0.0040824,0.0120041,31.9213,-0.148714,0.104267,-0.739517
71.24,0.771159,-0.0126184,0.00642619,-0.636485,-0.0070189,0.0124507,-0.0018902,0.723279,0.341438,0.107377,0.0209305,0.00753206,0.012237,28.99,-0.13341,0.060645,-0.825419
71.26,0.771179,-0.0125593,0.00645329,-0.636462,0.00789473,-0.000420815,0.00360095,0.723421,0.341721,0.107484,0.0196945,0.010969,0.0123192,27.3841,-0.0885301,0.064332,-0.715307
71.28,0.771188,-0.012548,0.00651217,-0.636451,-0.0127533,0.0166415,-0.000243158,0.72346,0.34183,0.107517,0.0201694,0.0110756,0.0109335,28.2772,-0.106186,0.0937293,-0.749936
71.3,0.771202,-0.0124872,0.00664233,-0.636434,-0.00766042,0.0219462,0.00289633,0.723492,0.34197,0.107456,0.0195507,0.0116327,0.0106376,29.2001,-0.131293,0.104219,-0.764151
71.32,0.77123,-0.0123609,0.00684471,-0.636399,-0.0027837,0.0199896,0.00279663,0.723513,0.342194,0.107378,0.01898,0.0121982,0.0124553,26.4103,-0.120473,0.0984905,-0.734903
71.34,0.771281,-0.0122786,0.00694374,-0.636338,0.00907251,0.00401606,0.00475062,0.723497,0.342391,0.107315,0.0186577,0.0102184,0.0111908,29.8079,-0.0843848,0.0365756,-0.765348
71.36,0.771294,-0.012263,0.00697946,-0.636322,-0.00266853,0.0117792,0.00271386,0.72349,0.342445,0.1073,0.0182149,0.00941982,0.0126614,29.3939,-0.176919,0.06797,-0.780514
71.38,0.77135,-0.012282,0.00695871,-0.636254,0.00761797,-0.00748938,0.0055769,0.723485,0.342536,0.107259,0.0174201,0.00742673,0.012881,30.2103,-0.160108,0.0292834,-0.831808
71.4,0.771348,-0.0123127,0.00696218,-0.636256,-0.0133556,0.000127983,-0.00177447,0.723476,0.342516,0.107208,0.0179396,0.00604881,0.0114902,30.9185,-0.0987035,0.0572753,-0.738856
71.42,0.771348,-0.0124126,0.00686103,-0.636255,0.00648449,-0.0136784,-0.00204867,0.723449,0.34243,0.107087,0.0171496,0.00519816,0.0131561,25.6308,-0.124246,0.143921,-0.725294
71.44,0.771347,-0.0125407,0.00669636,-0.636256,0.0058548,-0.0164825,-0.00407883,0.723418,0.342335,0.107002,0.0172609,0.00436309,0.0112769,33.3612,-0.103423,0.0614823,-0.760753
71.46,0.771349,-0.0125849,0.00668574,-0.636253,-0.000246369,-0.00489854,-0.00250709,0.723409,0.342304,0.106975,0.0168295,0.00480303,0.0124213,27.7616,-0.145837,0.065925,-0.821954
71.48,0.771353,-0.0126836,0.00655965,-0.636248,0.00268739,-0.00876542,0.00126856,0.723354,0.342201,0.106814,0.0162758,0.00556698,0.0104907,29.7854,-0.0843795,0.0457043,-0.809711
71.5,0.771346,-0.0127143,0.0065298,-0.636255,0.00933033,-0.0115669,-0.000975621,0.723312,0.342124,0.106618,0.0149364,0.00762866,0.0112814,26.0463,-0.0917614,0.0816773,-0.680746
71.52,0.771339,-0.0127136,0.00652856,-0.636264,-0.00602799,0.00732096,7.69692e-06,0.723183,0.342064,0.106311,0.0147313,0.00950048,0.00937409,27.8654,-0.128484,0.0991432,-0.687285
71.54,0.771347,-0.0126832,0.00657357,-0.636255,0.00152721,0.00994938,-0.00122461,0.72313,0.342054,0.106212,0.0135561,0.0105583,0.0109317,30.4876,-0.163994,0.0332812,-0.742505
71.56,0.771356,-0.0126142,0.0066133,-0.636244,0.000962375,0.00303862,0.00834034,0.72295,0.34205,0.105939,0.0127916,0.0104503,0.0089773,30.2883,-0.0959022,0.0674883,-0.688205
71.58,0.771357,-0.0125964,0.00669247,-0.636243,-0.0133371,0.0140909,0.00448702,0.722886,0.342054,0.105853,0.0120879,0.0113092,0.0102535,27.7095,-0.109716,0.109119,-0.701714
71.6,0.771342,-0.0125512,0.00679384,-0.636261,-0.000220855,-0.00393682,-0.00526255,0.72265,0.342075,0.105451,0.0115673,0.0101903,0.00846119,29.2915,-0.0866875,0.0815583,-0.650058
71.62,0.771341,-0.0125125,0.00685949,-0.636263,-0.000355647,-0.00592953,0.00198368,0.7225,0.342088,0.10517,0.0111441,0.00975956,0.00991742,29.1415,-0.178186,-0.00680403,-0.865108
71.64,0.771359,-0.0124838,0.0068903,-0.636241,0.00538664,-0.00211574,0.004992,0.722341,0.342081,0.104899,0.0112169,0.00903292,0.00995802,30.4291,-0.0657522,0.113622,-0.729185
71.66,0.77136,-0.0124596,0.00690277,-0.636239,0.0150526,-0.00059397,-0.00399228,0.722185,0.34207,0.104649,0.0108915,0.00848483,0.00990032,29.6504,-0.0930404,0.0599427,-0.679251
71.68,0.771366,-0.0124728,0.00683193,-0.636232,0.00212468,-0.0048619,-0.000474786,0.721921,0.342022,0.1042,0.0107871,0.00636962,0.00808232,28.1372,-0.11503,0.082948,-0.720033
71.7,0.771349,-0.012552,0.00681183,-0.636252,-0.00567087,0.00398856,-0.00551642,0.721608,0.341931,0.103594,0.00946777,0.00585716,0.00912816,27.7209,-0.0876783,0.0962786,-0.622669
71.72,0.771348,-0.0125701,0.00672985,-0.636254,0.00400946,-0.023947,-0.00742254,0.721501,0.341902,0.103404,0.0099029,0.00527294,0.00749924,28.6933,-0.0279731,0.0866087,-0.641604
71.74,0.771351,-0.0126348,0.00669237,-0.63625,0.00304369,-0.0223227,0.00690851,0.721308,0.341848,0.103048,0.00911578,0.00606832,0.00853695,29.2013,-0.114918,0.101297,-0.73112
71.76,0.771323,-0.0126884,0.00663386,-0.636283,-0.00520057,-0.00410631,-0.00415883,0.720991,0.341771,0.102526,0.00903997,0.00667148,0.00658436,28.8355,-0.145801,0.037775,-0.815541
71.78,0.77129,-0.0127056,0.00664606,-0.636323,0.00411302,0.000378368,-0.00447301,0.720632,0.341736,0.101958,0.00681115,0.00861301,0.00726332,28.1686,-0.0819095,0.0698968,-0.792662
71.8,0.771291,-0.0126861,0.00662067,-0.636322,-0.00414914,0.00323643,-0.00025509,0.720489,0.341733,0.101722,0.00699297,0.00838216,0.00545907,30.7928,-0.0502101,0.116631,-0.617811
71.82,0.771279,-0.0126493,0.00662736,-0.636337,0.00942866,-0.00390448,0.00025834,0.720201,0.341737,0.101266,0.00630759,0.00862361,0.00467367,27.8228,-0.0777607,0.0505263,-0.847019
71.84,0.771294,-0.0126277,0.00666307,-0.636319,0.00739212,-0.00194002,0.00495416,0.719927,0.341766,0.100844,0.00558988,0.00920647,0.00603555,28.859,-0.134609,0.113633,-0.779777
71.86,0.771296,-0.0126418,0.00675311,-0.636316,-0.0175868,0.00648227,-0.00317828,0.719502,0.341795,0.100251,0.00537292,0.00835785,0.00535732,26.8142,-0.0830631,0.0415339,-0.679792
71.88,0.771298,-0.0126458,0.0067475,-0.636313,0.0104068,-0.00892201,-3.80832e-05,0.719037,0.341775,0.0996179,0.00432521,0.00769355,0.00620291,26.877,-0.14382,0.105994,-0.735362
71.9,0.771297,-0.0126653,0.00672907,-0.636313,-0.00210765,-0.00279088,0.00315207,0.718858,0.341735,0.0993522,0.0046333,0.00647972,0.00504966,28.5562,-0.0918791,0.0933114,-0.530246
71.92,0.771299,-0.0126884,0.00670856,-0.636311,-0.00365472,-0.00109481,-0.00544968,0.718315,0.341613,0.0986113,0.00271852,0.006664,0.00625688,30.065,-0.144288,0.12886,-0.68484
71.94,0.771301,-0.0127427,0.00668823,-0.636307,-0.00372647,0.000361047,-0.00511344,0.717963,0.341541,0.0981478,0.00274636,0.00599785,0.00508546,29.7416,-0.0784621,0.0679397,-0.685802
71.96,0.7713,-0.0127907,0.00657174,-0.636309,0.00782707,-0.0159241,-0.00474702,0.71742,0.341422,0.0975023,0.00093962,0.00632673,0.00503929,26.032,-0.0713454,0.0634115,-0.75582
71.98,0.771301,-0.0128066,0.00657381,-0.636307,-0.000756541,0.00285113,0.000316384,0.717238,0.341388,0.097296,0.00116997,0.00640696,0.00476822,27.7338,-0.0604751,0.0799296,-0.639969
72,0.771323,-0.0127149,0.00662761,-0.636282,0.00720102,0.0107151,0.00300411,0.716677,0.341258,0.0964071,-0.000357154,0.00717184,0.00278026,30.2568,-0.110666,0.0731283,-0.69755
72.02,0.771355,-0.0127129,0.00660646,-0.636244,-0.00494124,-0.00188577,0.0100602,0.716489,0.341218,0.0961186,-1.57328e-05,0.00687008,0.00279028,28.7424,-0.120748,0.07372,-0.733669
72.04,0.771359,-0.0127871,0.00656153,-0.636238,0.00747013,0.00617622,-0.00179291,0.715924,0.341145,0.0953308,-0.00167833,0.00923371,0.0030983,30.4719,-0.0792121,0.0700248,-0.748005
72.06,0.771268,-0.0127242,0.00659287,-0.636349,0.00152292,0.0111123,-0.0159639,0.715537,0.34114,0.0948111,-0.00170348,0.00929279,0.0017707,28.7156,-0.145549,0.083789,-0.720167
72.08,0.77119,-0.0127252,0.00662428,-0.636443,-0.00768925,0.0145367,-0.00438633,0.715157,0.341137,0.094328,-0.0019188,0.00983684,0.00178141,28.1721,-0.103142,0.0194252,-0.651689
72.1,0.771187,-0.0126368,0.00662861,-0.636449,-3.77119e-05,0.0250027,0.00564897,0.714763,0.341146,0.0937969,-0.0019511,0.00980751,0.000769442,27.9606,-0.0912661,0.0848466,-0.74602
72.12,0.771191,-0.0125558,0.0067095,-0.636445,0.0110098,0.0041968,-0.000693526,0.714143,0.341183,0.0929664,-0.00383866,0.011289,0.00111879,28.6436,-0.152043,0.0551819,-0.711295
72.14,0.771164,-0.0124688,0.00669961,-0.63648,0.00243828,0.00376874,-0.00122936,0.71353,0.341223,0.0921716,-0.00380642,0.00919786,-5.87743e-05,30.5031,-0.114983,0.0501306,-0.701951
72.16,0.771144,-0.0124721,0.00675848,-0.636502,-0.00595168,0.0103642,-0.00753005,0.713332,0.341228,0.091933,-0.00470508,0.00964705,0.00239881,25.8729,-0.143007,0.0388519,-0.813574
72.18,0.771091,-0.0124173,0.00670208,-0.636568,0.00663581,-0.0077186,-0.00717026,0.712729,0.341269,0.0912697,-0.00510051,0.00932324,0.000617081,30.9556,-0.0642904,0.0825358,-0.724684
72.2,0.771078,-0.0124316,0.00670758,-0.636585,0.00934743,-0.00968844,-0.00196103,0.712313,0.341298,0.0908204,-0.00492047,0.0085564,0.000886996,28.3136,-0.119719,0.0705037,-0.784252
72.22,0.771092,-0.0124046,0.0066855,-0.636567,0.0186066,-0.0112403,0.00480969,0.711904,0.341327,0.090404,-0.00521819,0.00862384,0.00145354,30.3632,-0.13071,0.0790562,-0.696023
72.24,0.771111,-0.0124125,0.0066621,-0.636544,0.0132653,-0.011849,0.00466727,0.711499,0.341368,0.090012,-0.00530592,0.00913703,0.000984911,26.2855,-0.0842126,0.056376,-0.826876
72.26,0.771089,-0.0124366,0.00665319,-0.636571,-0.00438908,0.00143562,-0.00277934,0.710904,0.34145,0.089447,-0.00513558,0.00912228,0.000203163,26.0197,-0.0979949,0.0602668,-0.709946
72.28,0.771094,-0.0124472,0.00667117,-0.636565,-0.00208074,0.00125476,0.00357929,0.710699,0.341495,0.0892766,-0.00556795,0.00899721,0.00108498,30.2751,-0.107684,0.0285189,-0.786566
72.3,0.771143,-0.012505,0.00663693,-0.636505,0.00190597,-0.00498866,0.00915986,0.710097,0.341608,0.0887081,-0.00569529,0.00868273,0.00021347,29.2939,-0.0988696,0.0686464,-0.762318
72.32,0.77117,-0.0125256,0.0066067,-0.636472,-0.00370049,0.000355497,-0.00202707,0.709505,0.341716,0.0881771,-0.00604947,0.00758379,-2.2436e-05,29.575,-0.178225,0.102007,-0.865697
72.34,0.771175,-0.0125461,0.00655284,-0.636466,0.00346586,-0.021195,-0.000312757,0.709305,0.341749,0.0880112,-0.00642628,0.00769844,-0.000315978,28.3584,-0.0854529,-0.00536774,-0.774416
72.36,0.771117,-0.012553,0.00651812,-0.636537,-0.00550197,-0.0052933,-0.00614471,0.708751,0.341833,0.0875381,-0.00607421,0.00803045,-0.000172511,28.4152,-0.122665,0.0593961,-0.734448
72.38,0.771093,-0.0125624,0.00645692,-0.636565,-0.00395289,-0.00540721,-0.00260248,0.708401,0.341917,0.0871984,-0.00605687,0.00803617,-0.00123687,28.5441,-0.0823564,0.0752297,-0.566713
72.4,0.771121,-0.0125182,0.00651028,-0.636532,-0.00424857,0.0122577,0.00251207,0.707872,0.342099,0.0866516,-0.00703928,0.00934436,-2.54479e-05,28.1815,-0.0668385,0.0394652,-0.747901
72.42,0.771119,-0.0125064,0.00645706,-0.636536,0.0107967,-0.0107705,0.000220414,0.707694,0.342166,0.0864865,-0.00742761,0.0097449,-0.00106033,26.8146,-0.0893915,0.0506308,-0.794134
72.44,0.771106,-0.0124631,0.00655576,-0.636551,-0.00177672,0.0138271,-0.00823383,0.70717,0.342381,0.0859893,-0.00782411,0.0112439,-0.000779382,26.8662,-0.155353,0.0468677,-0.73525
72.46,0.771095,-0.0124418,0.00656595,-0.636565,0.000740778,-0.00269607,9.5732e-05,0.706977,0.342484,0.0858383,-0.00838194,0.011746,-0.000733304,29.0092,-0.114759,0.0459158,-0.84938
72.48,0.771066,-0.0123862,0.00659509,-0.636601,-0.00924528,0.0113642,0.00114531,0.706439,0.342742,0.0853929,-0.00821689,0.010815,-0.00209968,28.6036,-0.0775987,0.0537374,-0.72707
72.5,0.771057,-0.0123434,0.00661997,-0.636613,-0.00188109,0.00541386,-0.000634686,0.706099,0.342949,0.0850932,-0.00820144,0.0109313,-0.00212005,26.1914,-0.106099,0.0846047,-0.715944
72.52,0.771052,-0.0123051,0.00665556,-0.636618,-0.00200334,0.00327394,0.00525239,0.705611,0.343311,0.084639,-0.00921486,0.0111558,-0.000922482,28.1561,-0.111922,0.0282433,-0.661515
72.54,0.771032,-0.0122721,0.00662544,-0.636644,0.00696152,-0.00257102,-0.001189,0.705447,0.34343,0.0844937,-0.00861949,0.0104997,-0.00259336,31.6181,-0.131348,0.0199029,-0.839717
72.56,0.771,-0.0122504,0.00664836,-0.636683,-0.0040019,0.00588703,0.0015273,0.704976,0.343773,0.0840844,-0.00911547,0.0110219,-0.000936188,26.6885,-0.074432,0.0428177,-0.691914
72.58,0.770994,-0.0122459,0.00665442,-0.63669,-0.0081744,0.00861243,-0.00173648,0.704666,0.344,0.0838367,-0.00889408,0.0105962,-0.00204171,30.1987,-0.127262,0.0453676,-0.752021
72.6,0.770985,-0.0122506,0.00664258,-0.636701,-0.00208083,0.00578181,-3.02789e-05,0.704355,0.344234,0.0835961,-0.00917432,0.0110099,-0.00241068,26.2266,-0.0943375,0.0505524,-0.775161
72.62,0.770989,-0.0122413,0.00662173,-0.636696,-0.00261468,0.00498936,-0.0039112,0.704024,0.344497,0.0833672,-0.00986078,0.0113447,-0.00240245,30.9567,-0.0782037,0.076525,-0.719673
72.64,0.770959,-0.012235,0.0066509,-0.636733,-0.00371338,0.00752997,0.00061492,0.703523,0.344904,0.0830521,-0.0109197,0.012826,-0.000636932,25.92,-0.126272,0.0315993,-0.807743
72.66,0.770954,-0.0122248,0.00666783,-0.636739,-0.00670976,0.0156497,-0.00142671,0.703188,0.345182,0.0828582,-0.0108354,0.0130869,-0.000369873,27.69,-0.109262,0.0619977,-0.752052
72.68,0.770946,-0.012234,0.00667462,-0.636748,-0.0076367,0.00887837,-0.00327685,0.702837,0.345487,0.0826693,-0.0105405,0.0131405,-0.00192526,27.354,-0.105159,0.0966786,-0.729858
72.7,0.770934,-0.0121892,0.00666079,-0.636764,0.0107366,-0.00294944,-0.0105829,0.702227,0.345817,0.0823929,-0.0120847,0.013863,-0.0013017,31.6122,-0.0937557,0.0878901,-0.735662
72.72,0.770922,-0.0122019,0.0066847,-0.636777,-0.0129407,0.00964692,-0.0110877,0.702022,0.345928,0.0823031,-0.0115406,0.0132714,-0.00221421,28.1133,-0.102813,0.0378184,-0.74718
72.74,0.77092,-0.0121691,0.00670821,-0.636781,0.0124628,-0.00214695,-0.00419552,0.7014,0.346267,0.0820676,-0.0126793,0.0142893,-0.000696453,27.4174,-0.110502,0.0169945,-0.759165
72.76,0.770919,-0.0121562,0.0067118,-0.636782,0.00221688,-0.00348907,-0.000163036,0.700806,0.346603,0.0818543,-0.012107,0.0137823,-0.00228106,28.1354,-0.112464,0.0500882,-0.604924
72.78,0.770914,-0.0121576,0.0067487,-0.636787,-0.00856652,0.00193482,-0.0048332,0.700621,0.346705,0.0817892,-0.0128258,0.0142376,-0.000624111,28.438,-0.106515,0.115346,-0.76972
72.8,0.770906,-0.0121423,0.00671317,-0.636798,0.0046023,-0.00922572,-0.00255893,0.699924,0.346954,0.0815793,-0.0134839,0.0140923,-0.0014069,26.7106,-0.0475108,0.0655921,-0.735316
72.82,0.770898,-0.0121515,0.00672185,-0.636807,0.0100846,-0.00673955,-0.000430563,0.699472,0.347102,0.0814474,-0.013773,0.0135036,-0.00157069,30.632,-0.135711,0.0497514,-0.704422
72.84,0.770911,-0.0121938,0.00668444,-0.636791,-0.0128703,-0.000778621,-0.000525451,0.69879,0.347317,0.0812571,-0.0136505,0.0124184,-0.00237603,27.6655,-0.0853335,0.0514151,-0.793886
72.86,0.77091,-0.0121823,0.00670154,-0.636792,0.0076421,0.000313081,-0.00489428,0.698563,0.347389,0.0812045,-0.0144234,0.0130156,-0.000802765,28.6467,-0.117982,0.0713593,-0.740175
72.88,0.770903,-0.0122027,0.00663769,-0.636801,0.00451525,-0.0147204,-0.00748599,0.697845,0.34761,0.0810489,-0.0145971,0.0134145,-0.00272239,26.8991,-0.137694,0.0609843,-0.559838
72.9,0.770897,-0.0122193,0.00665379,-0.636809,-0.000607154,0.00245708,-0.00476645,0.69756,0.347696,0.0809943,-0.0152044,0.0135441,-0.00207903,29.0381,-0.0940145,0.0415061,-0.799889
72.92,0.77091,-0.0121685,0.00662193,-0.636794,0.01395,-0.0105966,0.00153288,0.69677,0.347912,0.080861,-0.0159759,0.014348,-0.00147285,26.9039,-0.0680223,0.0969484,-0.563533
72.94,0.770932,-0.0121777,0.006596,-0.636767,0.00969697,0.000292451,-0.00238155,0.696245,0.348066,0.0807798,-0.0161698,0.0156913,-0.000896256,28.1646,-0.0969082,0.0255631,-0.555473
72.96,0.770914,-0.0119431,0.00678961,-0.636791,0.0213467,0.0387801,-0.0119463,0.695725,0.348308,0.0807213,-0.0164721,0.0232958,0.000367723,28.7078,-0.0634355,0.0577567,-0.788772
72.98,0.770861,-0.0114352,0.00718939,-0.636861,0.0056341,0.0531648,-0.00184469,0.694971,0.348913,0.0806238,-0.0161346,0.0339668,-0.00527068,31.7217,-0.114258,0.0808711,-0.770115
73,0.770895,-0.0109986,0.00767565,-0.636821,9.78984e-05,0.0680711,0.00701984,0.694473,0.349333,0.0804979,-0.0155281,0.030777,-0.00759058,26.7558,-0.134336,0.0820163,-0.622849
73.02,0.77101,-0.0106768,0.00808132,-0.636682,-0.0113884,0.0330049,0.0059214,0.69373,0.349808,0.0803383,-0.015469,0.018634,-0.00171672,28.1858,-0.109794,0.0190163,-0.807068
73.04,0.771043,-0.0106633,0.00810849,-0.636642,0.00158642,-0.00151405,0.00855211,0.693493,0.349876,0.0803222,-0.0156037,0.013692,-0.00139122,29.2335,-0.0720013,0.0783631,-0.746432
73.06,0.771024,-0.0109809,0.00794747,-0.636662,-0.0156161,-0.0421252,-0.00542405,0.692823,0.349837,0.0802808,-0.0129871,0.000388124,-0.000267978,25.7097,-0.137988,0.0615412,-0.643377
73.08,0.770998,-0.01111,0.0077685,-0.636693,0.00665064,-0.0525035,-0.00953254,0.692614,0.349763,0.0802902,-0.0128787,-0.00140762,0.00210514,27.3289,-0.0850129,0.0809259,-0.679293
73.1,0.770947,-0.0115948,0.00727391,-0.636752,-0.00873848,-0.0705834,-0.0036918,0.691999,0.349325,0.0803786,-0.00922542,-0.00217532,-0.000628077,30.3805,-0.132914,0.0537477,-0.719969
73.12,0.770961,-0.0119582,0.00669561,-0.636735,0.0143757,-0.0616548,0.00610529,0.691613,0.349033,0.0803761,-0.00885864,-0.00247128,-0.00141293,27.7258,-0.11577,0.0643694,-0.790178
73.14,0.770987,-0.0120425,0.00650756,-0.636704,0.0122826,-0.0169083,0.00633321,0.691241,0.348811,0.0804337,-0.0104079,0.00462052,0.00228777,29.6025,-0.101366,0.0750063,-0.743337
73.16,0.770976,-0.0121887,0.00626413,-0.636717,0.0116031,-0.0370471,-0.00357425,0.690835,0.348738,0.0804751,-0.0133154,0.011807,-0.00235052,29.1443,-0.0909121,0.0288295,-0.830384
73.18,0.770954,-0.0121065,0.00636502,-0.636744,-0.00285576,0.0375748,0.00243307,0.690161,0.348787,0.0804358,-0.0156811,0.0162055,-0.00153823,27.8072,-0.104312,0.0658861,-0.789521
73.2,0.770986,-0.0119258,0.00660104,-0.636706,0.00522007,0.0262472,-0.000875444,0.689414,0.348861,0.0804248,-0.0185117,0.0213966,-0.00263492,30.5996,-0.133492,0.0732721,-0.708615
73.22,0.770997,-0.0118427,0.00670418,-0.636693,-0.00586006,0.0345949,0.000664339,0.689156,0.348881,0.0803836,-0.0181149,0.0205159,-0.00455088,27.896,-0.0734457,-0.00113756,-0.694775
73.24,0.77101,-0.0116058,0.00712264,-0.636677,-0.00170183,0.0196602,0.00377262,0.688363,0.34897,0.0803016,-0.0180419,0.0191412,-0.000392685,27.1407,-0.101901,0.0993619,-0.816461
73.26,0.771025,-0.0114677,0.00726205,-0.636661,0.00104953,0.0314474,0.00497985,0.687873,0.348983,0.0802741,-0.0168556,0.0157816,-0.00159221,26.4688,-0.0541866,0.0670274,-0.815286
73.28,0.77106,-0.0114031,0.00730392,-0.636618,0.0158357,-0.0142013,0.00147523,0.687178,0.348842,0.0802436,-0.0168924,0.0109963,-0.000126752,27.9738,-0.102748,0.0595788,-0.702426
73.3,0.771058,-0.0114333,0.00729604,-0.636621,-0.00646694,0.00250195,-0.00170607,0.686959,0.348726,0.0802433,-0.0164783,0.00905871,0.000322421,28.7803,-0.072973,0.0497171,-0.815199
73.32,0.771079,-0.0115331,0.00716958,-0.636595,0.00234972,-0.0178831,0.00243764,0.686303,0.348333,0.080267,-0.0170419,0.00549683,0.000849322,30.4233,-0.111577,0.000600811,-0.837439
73.34,0.771088,-0.0116106,0.00707478,-0.636584,-0.00364025,-0.0237767,0.00435272,0.686084,0.348193,0.0802751,-0.0168075,0.00460721,0.000803532,27.7368,-0.0845625,0.108879,-0.717177
73.36,0.771139,-0.0117956,0.0068962,-0.63652,-0.00246286,-0.0162277,0.0105321,0.685398,0.347797,0.0803254,-0.0172679,0.00518457,0.00171386,27.5097,-0.0428422,0.034033,-0.731097
73.38,0.771191,-0.0119439,0.00681523,-0.636455,-0.00771179,-0.00562185,0.0102164,0.684957,0.347565,0.0803549,-0.0176563,0.00618028,0.00120235,28.8027,-0.143194,0.0830868,-0.839223
73.4,0.771244,-0.0120338,0.00672566,-0.63639,-0.0079681,-0.00173948,0.0135779,0.684605,0.347253,0.0804129,-0.0184428,0.00722033,0.000937818,29.4915,-0.0835903,0.0681713,-0.744231
73.42,0.771289,-0.0120974,0.00671859,-0.636334,0.00400563,-0.00810241,0.00438616,0.684044,0.34687,0.0805068,-0.0200981,0.00982948,0.000878877,26.4578,-0.0645806,-0.0238935,-0.835486
73.44,0.77131,-0.0120763,0.00672629,-0.636309,0.00423158,0.00248253,0.0012859,0.683647,0.346661,0.0805674,-0.0209415,0.0103198,0.000776107,28.9063,-0.0950128,0.0599395,-0.813666
73.46,0.771343,-0.01207,0.00678039,-0.636269,-0.00943178,-0.00161387,0.00217225,0.683002,0.346416,0.080652,-0.0210322,0.0105275,-0.00029573,27.2489,-0.0604547,0.0908554,-0.541726
73.48,0.771358,-0.012049,0.00683446,-0.63625,-0.00200857,0.0133493,0.00677125,0.682795,0.346337,0.0806776,-0.021427,0.0107222,0.00116157,28.4717,-0.083293,0.0628232,-0.767501
73.5,0.771364,-0.0120286,0.00686624,-0.636243,-0.0024489,0.00328299,0.00212195,0.682413,0.345992,0.0808532,-0.0217773,0.00989547,-8.63471e-05,27.346,-0.108703,0.0685032,-0.621376
73.52,0.771336,-0.0120223,0.00688457,-0.636278,-0.00155554,0.0100858,-0.00960513,0.682281,0.345883,0.0809084,-0.0219532,0.00987156,0.00108236,29.6821,-0.0799385,0.0633808,-0.70954
73.54,0.771274,-0.0119755,0.00685027,-0.636354,-0.00245839,-0.000812795,-0.00526348,0.681706,0.345462,0.0811445,-0.0224826,0.0083831,0.0012991,28.5618,-0.054525,0.0604293,-0.798704
73.56,0.771265,-0.0119193,0.00681945,-0.636366,0.0133652,-0.00352208,-0.00237908,0.681554,0.345367,0.0812061,-0.0228049,0.00902058,0.000748362,29.2905,-0.104225,0.0201801,-0.784765
73.58,0.771225,-0.0118888,0.00679374,-0.636416,0.0112373,0.0081553,-0.0102398,0.681213,0.345208,0.0813147,-0.0230224,0.00969777,0.00181837,25.7413,-0.122553,0.0567051,-0.732836
73.6,0.771175,-0.0118636,0.00679715,-0.636476,-0.0044528,0.0071805,-0.00887742,0.681014,0.345011,0.0814357,-0.0231018,0.0101571,0.00103549,27.258,-0.132449,0.0605296,-0.781661
73.62,0.771095,-0.0117657,0.00676822,-0.636575,0.00394333,0.00186608,-0.00668121,0.68089,0.344672,0.0816297,-0.0235322,0.0106794,0.000499283,29.8464,-0.0325947,0.0313298,-0.753833
73.64,0.771054,-0.0116599,0.00684228,-0.636626,0.000998101,0.0208771,-0.004643,0.68073,0.344374,0.0818134,-0.0232602,0.0101247,0.000835032,28.7872,-0.0754914,0.0991201,-0.722576
73.66,0.771051,-0.0116259,0.00682274,-0.636631,0.0110592,-0.000273065,-0.00021999,0.680666,0.344287,0.0818785,-0.0236398,0.0106607,0.000505584,25.6983,-0.115259,0.0511658,-0.697513
73.68,0.771033,-0.0115583,0.0068848,-0.636654,-0.00557717,0.0110281,0.00190417,0.680597,0.344054,0.0820666,-0.0224682,0.00949589,0.000574516,30.9488,-0.0662777,0.0548655,-0.616238
73.7,0.771031,-0.0115318,0.00691524,-0.636655,-0.00572946,0.00662841,0.0013457,0.680712,0.343919,0.0822095,-0.0220593,0.00849518,0.000811721,30.39,-0.120143,0.0529386,-0.650328
73.72,0.771046,-0.0115388,0.00695842,-0.636637,-0.00265046,0.00855417,0.00550942,0.680814,0.343718,0.0824337,-0.021836,0.00712099,0.00181193,28.7848,-0.0605543,0.119854,-0.738126
73.74,0.771059,-0.0115492,0.00692116,-0.636621,0.00227267,-0.00839093,0.00509969,0.680849,0.343645,0.0825079,-0.021768,0.0065785,0.00106224,28.3686,-0.0473228,0.054797,-0.604645
73.76,0.771085,-0.0115847,0.00691338,-0.63659,-0.00670901,-0.000645752,0.00257906,0.680926,0.343424,0.0827227,-0.0215907,0.00598851,0.00204997,26.4146,-0.100756,0.050708,-0.74623
73.78,0.771084,-0.0115887,0.0068734,-0.636591,0.00539673,-0.0144229,0.00286406,0.680939,0.343358,0.0827991,-0.0219736,0.00602771,0.00183433,30.3635,-0.140786,0.0580849,-0.737876
73.8,0.771079,-0.01167,0.00683299,-0.636595,-0.00540281,-5.42343e-05,-0.00164849,0.681323,0.343157,0.0830574,-0.0212341,0.00564071,0.0021876,28.3347,-0.0399475,0.0338425,-0.67261
73.82,0.77109,-0.0117051,0.00676754,-0.636582,-0.00529814,-0.00968868,0.000232202,0.681541,0.343041,0.083229,-0.0213255,0.00589241,0.00238783,29.1663,-0.11461,0.0976579,-0.762637
73.84,0.771138,-0.0117278,0.00672794,-0.636525,0.000766067,-0.0113026,0.00177389,0.681703,0.342951,0.0834106,-0.0212098,0.00624747,0.00227141,28.3204,-0.128045,0.0531251,-0.774405
73.86,0.771169,-0.0117668,0.00676082,-0.636486,-0.00603722,0.00535791,0.00137021,0.681947,0.342832,0.0836682,-0.0208192,0.00677396,0.00338742,28.971,-0.0645056,0.143557,-0.66476
73.88,0.771207,-0.011792,0.00675581,-0.636439,-0.0143826,0.00863751,0.00795091,0.682085,0.342773,0.083832,-0.0205883,0.00690188,0.00298015,27.1853,-0.0879752,-0.00815351,-0.76353
73.9,0.771263,-0.0118137,0.00672348,-0.636372,0.00745641,-0.0084756,0.00142754,0.682418,0.342686,0.0841182,-0.0209818,0.00681116,0.00326761,29.5816,-0.0825167,0.0322171,-0.737508
73.92,0.771281,-0.0118225,0.00671502,-0.63635,-0.0047214,0.00229692,-0.000471594,0.682544,0.342657,0.0842142,-0.0206023,0.00672283,0.00328209,27.9116,-0.0544498,0.0777945,-0.676598
73.94,0.771311,-0.011862,0.00670486,-0.636312,0.00329072,-0.00599579,-0.000879281,0.682848,0.34259,0.0845059,-0.0208122,0.00639308,0.00392516,29.3358,-0.103421,0.0699423,-0.754182
73.96,0.771317,-0.0118711,0.00668222,-0.636305,-0.00188044,0.00126517,-0.0040709,0.682945,0.342568,0.0846007,-0.0203659,0.00614578,0.00245339,26.1846,-0.0904859,0.0549201,-0.718727
73.98,0.771332,-0.0118989,0.00667267,-0.636287,-0.00392959,0.0100245,0.000740114,0.683205,0.342519,0.0848815,-0.0202771,0.00656058,0.00425287,28.8936,-0.090931,0.0798276,-0.740473
74,0.771334,-0.0119086,0.00663712,-0.636285,-0.0099826,0.00440789,0.00341643,0.683532,0.342504,0.0850766,-0.0201848,0.00660119,0.00406534,27.9611,-0.12424,0.00761846,-0.824318
74.02,0.771334,-0.0119111,0.00659602,-0.636285,-0.00448519,0.00545771,-0.00484556,0.683827,0.342503,0.0852722,-0.0201125,0.00691758,0.00419764,27.2256,-0.0817531,0.0975878,-0.799958
74.04,0.77136,-0.0119228,0.00659028,-0.636253,-0.0152175,0.00609138,0.00436107,0.684094,0.342518,0.0854653,-0.0196023,0.00734084,0.0043935,29.993,-0.116628,0.0143133,-0.736128
74.06,0.771343,-0.0118976,0.00660822,-0.636274,0.00380419,0.00672199,-0.00245428,0.684407,0.342577,0.0857709,-0.0203759,0.0082825,0.0057043,26.5728,-0.0910737,0.0525824,-0.785672
74.08,0.771346,-0.0118898,0.00658316,-0.63627,0.00204327,-0.00567429,-0.00220219,0.684768,0.342634,0.0860729,-0.0192533,0.00797487,0.00450526,28.6724,-0.0852952,0.052024,-0.814515
74.1,0.771341,-0.0118759,0.0066059,-0.636277,-0.00147627,0.00597914,-0.00553778,0.684926,0.342638,0.0861722,-0.0194598,0.00768719,0.00573898,28.8344,-0.0834495,0.0822309,-0.662236
74.12,0.771351,-0.0118835,0.00659781,-0.636264,-0.00169198,-0.0100443,0.00124539,0.68535,0.342657,0.0864722,-0.0189876,0.00722207,0.00477388,29.3413,-0.0902859,0.0911222,-0.605155
74.14,0.771364,-0.0118578,0.00656397,-0.63625,0.0136922,-0.0109975,0.00378727,0.685602,0.342676,0.0866716,-0.0188377,0.00719432,0.00536949,27.3388,-0.0898701,-0.00136742,-0.849744
74.16,0.771381,-0.0118658,0.00656514,-0.63623,-0.0053138,0.00212502,0.00133771,0.685898,0.342723,0.0869806,-0.0183672,0.00653498,0.00552304,26.3321,-0.0524017,0.126965,-0.526738
74.18,0.771381,-0.011861,0.00656257,-0.63623,0.005869,-0.00568509,0.000400698,0.686067,0.342703,0.0870765,-0.0188319,0.00730628,0.00698153,29.804,-0.081749,0.00220594,-0.705522
74.2,0.771389,-0.0118724,0.00649392,-0.63622,0.00415661,-0.00998625,0.00221831,0.686529,0.342656,0.0873618,-0.0181477,0.00638369,0.00552893,29.1275,-0.0772767,0.0462151,-0.629025
74.22,0.771395,-0.0118763,0.00651178,-0.636212,0.00505259,0.00406904,-0.000610301,0.686669,0.34264,0.0874534,-0.0185182,0.00660935,0.00691602,29.4962,-0.0661584,0.119614,-0.660419
74.24,0.771402,-0.0118654,0.00648539,-0.636204,-0.00562746,0.00533187,0.0020966,0.687153,0.342612,0.0878267,-0.0179772,0.00674831,0.00726099,27.2871,-0.0801518,0.0358872,-0.628994
74.26,0.771399,-0.0118502,0.00645773,-0.636208,0.0157065,-0.0102854,-0.001678,0.687228,0.342622,0.087936,-0.0183186,0.00700359,0.00714328,29.5115,-0.039962,0.0316895,-0.672694
74.28,0.77142,-0.01187,0.0064731,-0.636183,0.000763839,-0.0095716,0.00535077,0.687417,0.342626,0.0881238,-0.0182109,0.00717681,0.00757234,28.2131,-0.0746515,0.103145,-0.590721
74.3,0.771439,-0.0118752,0.00646955,-0.63616,-0.00461064,-0.000240891,-0.000970241,0.687833,0.342592,0.0885274,-0.0175093,0.00610357,0.00629235,29.5703,-0.123403,0.0797578,-0.672736
74.32,0.771454,-0.0118838,0.006457,-0.636142,-0.00145168,-0.00502073,0.00225449,0.688095,0.342557,0.0887783,-0.0175362,0.00577121,0.00624045,26.8539,-0.0803289,0.0587146,-0.626893
74.34,0.771462,-0.0118832,0.00647626,-0.636131,-0.00168963,0.0111973,-0.0044317,0.688441,0.342517,0.0891541,-0.0175654,0.00599595,0.00821476,30.6522,-0.080728,0.0580452,-0.733551
74.36,0.771476,-0.0118823,0.00644236,-0.636115,0.00859393,-0.0138554,0.00117881,0.688541,0.342507,0.0892814,-0.0174023,0.00574033,0.00706097,25.2976,-0.0453891,-0.00156848,-0.730059
74.38,0.771491,-0.0118805,0.00642706,-0.636097,0.00876019,-0.0105447,0.00564244,0.688729,0.342509,0.0895579,-0.0171833,0.00609767,0.00836876,29.7899,-0.101006,0.105198,-0.597958
74.4,0.771494,-0.0118939,0.00641549,-0.636093,0.00783722,-0.00917208,-0.000707306,0.688948,0.34252,0.0898237,-0.017132,0.0058953,0.00886551,28.8168,-0.0343212,0.0878684,-0.736013
74.42,0.771517,-0.0119257,0.00643344,-0.636065,-0.00458604,0.00303484,0.00164914,0.689301,0.342556,0.0903582,-0.0174465,0.00635561,0.00957453,27.8988,-0.101268,0.103327,-0.634965
74.44,0.771526,-0.0119224,0.00639764,-0.636055,0.00686451,-0.0096515,0.00585721,0.689371,0.342573,0.0904919,-0.0167998,0.00578337,0.00811734,31.6756,-0.120316,0.0770323,-0.738128
74.46,0.771525,-0.0119214,0.00638502,-0.636055,-0.00217982,-0.0142077,-0.000121638,0.689494,0.342608,0.0907595,-0.017025,0.00569154,0.00823102,30.3296,-0.0576935,0.0902389,-0.614063
74.48,0.77154,-0.0119136,0.00638156,-0.636037,0.0105479,-0.00793428,0.00151248,0.68956,0.342658,0.0910409,-0.0178426,0.0065172,0.00944323,27.0537,-0.0422984,0.0282205,-0.720136
74.5,0.771549,-0.0119441,0.00640805,-0.636026,-0.0124996,0.00828625,0.00879886,0.689724,0.342692,0.0914725,-0.0167746,0.00616305,0.00923516,25.9257,-0.106374,0.0656332,-0.77476
74.52,0.771546,-0.0119478,0.00639417,-0.636029,0.00586918,-0.00720987,0.00407665,0.689926,0.342702,0.0918949,-0.0174396,0.00676688,0.0103049,30.7507,-0.0731964,0.0561747,-0.625851
74.54,0.771547,-0.0119667,0.00638638,-0.636028,-0.0104295,0.00163135,-0.000879468,0.68998,0.342709,0.0920315,-0.0167717,0.00609404,0.00924876,30.7587,-0.0961437,0.0603537,-0.466995
74.56,0.771546,-0.0119573,0.00638648,-0.636029,-0.00248337,0.00579664,0.00207911,0.690103,0.342732,0.0924511,-0.0178436,0.00653679,0.0109591,28.1848,-0.100633,0.0600697,-0.742158
74.58,0.771544,-0.0119887,0.00638671,-0.636031,-0.0168323,0.00541915,-0.00219356,0.690192,0.342737,0.092698,-0.0173972,0.00660674,0.0110885,29.0621,-0.0950233,0.057399,-0.734343
74.6,0.77154,-0.01196,0.00635257,-0.636037,0.00563005,-0.00472637,-0.00192917,0.690309,0.342754,0.0930547,-0.017324,0.0065277,0.010659,23.5511,-0.0897886,0.107567,-0.670209
74.62,0.771541,-0.0119667,0.00633908,-0.636036,0.00159851,0.0081221,-2.51703e-05,0.690348,0.342757,0.0931621,-0.0165911,0.00617072,0.00992345,28.7536,-0.0729214,0.0635484,-0.769932
74.64,0.771539,-0.0119731,0.00633661,-0.636038,-0.00842908,0.00350428,0.000853058,0.690409,0.342771,0.0933858,-0.0164338,0.00612931,0.0101729,28.6937,-0.0756592,0.0834497,-0.692099
74.66,0.771524,-0.0119556,0.0063306,-0.636057,-0.00493422,0.00476321,-0.0046077,0.690449,0.342789,0.09361,-0.0166999,0.0060263,0.0101207,29.539,-0.0722966,0.0764956,-0.56653
74.68,0.771479,-0.0119189,0.00633837,-0.636112,0.00673509,0.00472645,-0.00682601,0.690503,0.342782,0.093878,-0.0178677,0.00676827,0.011191,30.2541,-0.121112,0.0762591,-0.74309
74.7,0.77145,-0.011904,0.00632632,-0.636147,-0.00539471,0.00776405,-0.00275372,0.690545,0.342737,0.0939703,-0.0175028,0.0065087,0.0102442,26.6888,-0.0879736,0.0804454,-0.620042
74.72,0.771418,-0.0118534,0.00630783,-0.636187,0.00273176,0.00978084,-0.00658075,0.690601,0.342693,0.0940438,-0.0178315,0.00666337,0.00986458,28.2383,-0.0780042,0.0632062,-0.776404
74.74,0.771365,-0.0117591,0.00629131,-0.636254,0.0129671,0.00268759,-0.00346897,0.690666,0.342629,0.0941476,-0.0183901,0.00694166,0.00974678,26.4542,-0.147372,0.0104122,-0.787049
74.76,0.771336,-0.0117161,0.00630255,-0.636289,0.0063071,-0.00219554,-0.00373552,0.690677,0.342595,0.0942281,-0.018398,0.00626774,0.0107461,31.1156,-0.0418966,0.178652,-0.491326
74.78,0.771307,-0.0116468,0.00632176,-0.636325,0.000187741,0.000877818,0.0022284,0.690736,0.342376,0.0941232,-0.0171611,0.00546784,0.00902524,30.8179,-0.0539383,0.0317448,-0.769965
74.8,0.771306,-0.011627,0.00635804,-0.636327,0.00372549,0.00625452,0.000821864,0.690761,0.342279,0.0940558,-0.0174892,0.00569503,0.0108886,29.1805,-0.104912,0.0289541,-0.747147
74.82,0.771298,-0.0115758,0.00636559,-0.636337,0.00635536,-0.00431683,-0.000113591,0.690811,0.341994,0.0938835,-0.016698,0.00434803,0.00941657,28.0297,-0.0729129,0.0661592,-0.766588
74.84,0.771296,-0.0115777,0.00640949,-0.636339,-0.00974566,0.0124015,0.00281908,0.69082,0.341901,0.093835,-0.0170483,0.00449169,0.0111964,27.4353,-0.0680935,0.0528999,-0.536647
74.86,0.771316,-0.011534,0.00639201,-0.636316,0.0138877,-0.00140497,0.000429309,0.690782,0.341632,0.0937347,-0.0174413,0.00332983,0.0110572,27.8493,-0.0856314,0.0399643,-0.74174
74.88,0.771324,-0.0115373,0.00636017,-0.636307,0.00981202,-0.00854509,0.00536399,0.690794,0.341373,0.0935752,-0.0176589,0.00270316,0.0111622,30.349,-0.0940173,0.0626942,-0.701
74.9,0.77133,-0.0115491,0.00635607,-0.636299,0.00779729,0.000721983,0.00326291,0.690832,0.341047,0.0933318,-0.017695,0.00221879,0.011607,28.3634,-0.0347263,0.0775149,-0.604896
74.92,0.771342,-0.0115933,0.00631862,-0.636283,-0.00203037,-0.00290671,0.00266423,0.69085,0.340729,0.0931106,-0.0173609,0.00169377,0.0113988,29.4508,-0.0997642,0.0857432,-0.726758
74.94,0.771366,-0.0116636,0.00627232,-0.636254,-0.00433251,-0.00812058,-0.000412503,0.690907,0.340258,0.0927975,-0.0166059,0.000174758,0.00940358,28.8729,-0.0758743,0.0819949,-0.577705
74.96,0.771402,-0.0117117,0.00626071,-0.63621,-0.00208372,0.00700007,-0.00218575,0.690898,0.339812,0.0925412,-0.0168781,0.000110929,0.00982599,27.9412,-0.0514941,0.0838681,-0.531122
74.98,0.771419,-0.0117256,0.00622846,-0.636188,0.00380291,-0.0122794,0.00933696,0.690938,0.339605,0.0923372,-0.0173239,0.000768807,0.00966142,28.8976,-0.0985144,0.0685038,-0.755643
75,0.771443,-0.0117714,0.00621902,-0.63616,-0.00848621,0.00251951,0.00476359,0.691037,0.339019,0.0917426,-0.0164566,0.000291656,0.00853382,26.907,-0.031548,0.0181655,-0.758241
75.02,0.771467,-0.0117582,0.00618376,-0.636131,-0.00263367,-0.000590475,0.00247108,0.691077,0.338645,0.0913743,-0.0164422,-0.000279984,0.00784501,28.1519,-0.10965,0.0153022,-0.782882
75.04,0.771487,-0.0117324,0.00618185,-0.636108,-0.000810047,0.00629472,0.000916166,0.691097,0.338106,0.090853,-0.0172406,-0.000141181,0.0086152,29.4351,-0.102965,0.128015,-0.686189
75.06,0.771498,-0.0117284,0.00613135,-0.636094,0.00173649,-0.0064948,0.00222757,0.691066,0.337931,0.0907028,-0.0171634,-0.000884918,0.00797317,31.9893,-0.0547705,0.0381437,-0.773912
75.08,0.771509,-0.0117521,0.00618469,-0.63608,-0.00828523,0.011367,0.00101252,0.691085,0.337355,0.0899377,-0.0164973,-0.00149031,0.00737856,24.7701,-0.110474,0.0131589,-0.629508
75.1,0.771511,-0.011743,0.00616822,-0.636077,0.00675494,-0.00594568,0.00243167,0.691093,0.337162,0.08965,-0.0168399,-0.00121076,0.00738297,28.4717,-0.0697801,0.13788,-0.484615
75.12,0.771498,-0.0117308,0.00614759,-0.636094,-0.00466152,0.00908932,-0.00902827,0.6911,0.336589,0.0888162,-0.0159021,-0.0027068,0.00619203,28.6665,-0.0566016,0.0757671,-0.726344
75.14,0.77151,-0.0117407,0.0061379,-0.636079,-0.00291961,-0.000589725,-0.00388404,0.691124,0.336223,0.0882914,-0.0160094,-0.00341014,0.0060325,30.0915,-0.0767825,0.105218,-0.479733
75.16,0.771524,-0.0117529,0.00612091,-0.636062,-0.00201782,0.00034511,0.00122503,0.69113,0.335865,0.0877962,-0.0156188,-0.00372234,0.00568935,29.2679,-0.0250971,0.0550661,-0.716841
75.18,0.771525,-0.0117614,0.00612523,-0.636061,-0.00161421,-0.00184799,0.0026718,0.69113,0.335321,0.0869893,-0.0157733,-0.00406734,0.00578376,27.6215,-0.0750577,0.0793454,-0.724926
75.2,0.771518,-0.01175,0.00611826,-0.63607,-0.00683385,0.00696235,-0.00714751,0.691188,0.334957,0.0863174,-0.0152785,-0.00413761,0.00500192,29.0075,-0.106868,0.10803,-0.561613
75.22,0.771536,-0.0117568,0.00607274,-0.636048,0.0111301,-0.00389601,-0.00595815,0.691245,0.334436,0.085373,-0.0155793,-0.00403848,0.00463801,26.8587,-0.108146,0.126153,-0.692373
75.24,0.771553,-0.0117885,0.00607294,-0.636027,-0.0116865,0.000559947,0.00535916,0.691255,0.334267,0.0850693,-0.0152337,-0.0044551,0.00414562,29.7193,-0.0828567,0.0331335,-0.684796
75.26,0.771534,-0.0117725,0.00606229,-0.63605,6.49326e-05,0.00404488,-0.00684977,0.691256,0.333787,0.084203,-0.0158251,-0.00395581,0.00364166,28.4144,-0.0693842,0.0461915,-0.860057
75.28,0.77154,-0.0117743,0.00602801,-0.636044,-0.0018699,-0.00199739,-0.00344407,0.691247,0.333632,0.083923,-0.015284,-0.00455556,0.00282658,28.0591,-0.0576524,0.0910656,-0.691306
75.3,0.771533,-0.0117627,0.00601772,-0.636052,0.00508961,-0.0105404,0.00143722,0.691263,0.333124,0.0826281,-0.0154605,-0.00417433,0.00234782,29.6513,-0.0417118,0.0880226,-0.710033
75.32,0.771528,-0.0117628,0.00604604,-0.636058,-0.000967449,0.00153357,0.00592384,0.691264,0.333002,0.0823156,-0.0151778,-0.00477393,0.00226567,27.6829,-0.102038,0.0533581,-0.753564
75.34,0.771519,-0.0117122,0.00601124,-0.63607,0.01225,-0.00517675,0.00270385,0.691264,0.332661,0.0814351,-0.0159156,-0.00442736,0.00144965,26.9482,-0.0896861,0.0611479,-0.645618
75.36,0.771507,-0.0117097,0.00601436,-0.636084,-0.00369821,0.0097277,-0.00191396,0.691263,0.332553,0.0811476,-0.0154767,-0.00479807,0.00113215,28.7871,-0.11818,0.136699,-0.710914
75.38,0.771485,-0.0116651,0.00601349,-0.636112,0.00822559,0.00451817,-0.00251927,0.691226,0.332245,0.0803391,-0.0163853,-0.0044071,0.00115839,27.7113,-0.0243919,0.0944268,-0.610072
75.4,0.771444,-0.0116184,0.0060019,-0.636163,0.00583435,-0.00802147,-0.0054701,0.691281,0.332084,0.0794418,-0.0157706,-0.00444232,0.000159689,26.5935,-0.0631018,0.0725357,-0.755742
75.42,0.77144,-0.011591,0.00604434,-0.636167,0.000555603,0.0148871,0.000188522,0.691299,0.332034,0.0791558,-0.0159478,-0.00440033,0.00101632,31.5104,-0.042261,0.0805481,-0.602484
75.44,0.771433,-0.0115684,0.0060443,-0.636177,0.00641807,-0.00145356,0.00240036,0.691316,0.331897,0.0783485,-0.0160554,-0.00429673,-9.17571e-05,26.6528,-0.10984,0.0187407,-0.832005
75.46,0.771432,-0.0115561,0.00607079,-0.636178,0.0078236,-0.00469769,0.000656984,0.691309,0.331807,0.0778445,-0.016013,-0.0044458,0.000482531,27.3275,-0.077898,0.0390021,-0.77528
75.48,0.771425,-0.0115494,0.00608248,-0.636186,-0.0112481,0.00437905,0.000445453,0.691294,0.331698,0.0771351,-0.0153127,-0.00537305,0.000288257,29.6709,-0.0996844,0.0880901,-0.794203
75.5,0.771427,-0.0115368,0.00608523,-0.636184,0.00678232,0.000959843,0.00113153,0.69128,0.331679,0.0769168,-0.0154242,-0.00499586,0.0010616,27.551,-0.0775819,0.0862329,-0.751197
75.52,0.771451,-0.0115566,0.00606335,-0.636155,0.0089705,-0.00723118,0.00317798,0.691285,0.331636,0.0762807,-0.0152205,-0.00566701,-0.000255004,28.2975,-0.112711,0.0500952,-0.847084
75.54,0.77146,-0.0115698,0.00609398,-0.636144,-0.00697587,0.00703263,0.0029552,0.691281,0.331618,0.0760777,-0.0150385,-0.00582594,0.000627256,27.7139,-0.0401422,0.107308,-0.700399
75.56,0.771468,-0.0115934,0.00604648,-0.636134,0.00647076,-0.00792687,0.00234615,0.691295,0.331571,0.0755182,-0.0150259,-0.0060308,-3.45125e-05,29.7833,-0.093242,0.0469088,-0.665763
75.58,0.771482,-0.0116264,0.0060584,-0.636116,-0.00799921,0.000108498,0.00584173,0.691313,0.331538,0.0750352,-0.0150811,-0.00598897,0.000457469,26.4593,-0.0616666,0.0822725,-0.766432
75.6,0.771485,-0.0116342,0.00604448,-0.636112,0.00225195,-0.00911184,-0.00504654,0.691331,0.331544,0.0749115,-0.0153321,-0.00544397,0.000108637,29.332,-0.0870451,0.0990914,-0.750463
75.62,0.771506,-0.0116868,0.00602297,-0.636086,-0.00340742,-0.00538372,0.00395622,0.691351,0.33156,0.0745458,-0.0147437,-0.00499398,-0.000850014,27.2015,-0.116387,0.029061,-0.827215
75.64,0.771519,-0.0116977,0.0060284,-0.63607,-0.000969665,-0.0042062,0.00563373,0.691356,0.331584,0.0743207,-0.0148509,-0.00465397,-0.000699074,27.0836,-0.0873655,0.034989,-0.664939
75.66,0.771511,-0.0116777,0.00605262,-0.63608,-0.0101862,0.0126142,-0.00721177,0.69133,0.331623,0.0740034,-0.0149691,-0.00446927,0.000304641,30.5775,-0.0647715,0.102327,-0.534439
75.68,0.771517,-0.0116694,0.00602431,-0.636073,0.00400398,-0.00960866,-0.00115686,0.691312,0.331637,0.0739079,-0.0151323,-0.00447925,-0.000626281,28.3866,-0.103324,0.0422773,-0.655993
75.7,0.771525,-0.0116659,0.00601938,-0.636063,-0.0127913,0.00260917,0.000748432,0.691314,0.331656,0.0736921,-0.0145441,-0.00381759,-2.54855e-05,29.6225,-0.0817369,0.0705455,-0.685093
75.72,0.771531,-0.0116372,0.00601329,-0.636058,0.0124672,-0.00380182,0.00321979,0.691306,0.331668,0.0736294,-0.0150375,-0.00338126,-0.000243491,26.6343,-0.070169,0.0853493,-0.579354
75.74,0.771534,-0.011662,0.00604207,-0.636053,-0.00479114,0.000824951,0.00335748,0.691235,0.331702,0.0733933,-0.0152217,-0.00336143,0.00109843,27.9133,-0.0402496,0.0904876,-0.658131
75.76,0.771534,-0.0116519,0.00600773,-0.636053,0.0025288,-0.00596615,0.00182298,0.691225,0.331715,0.0733441,-0.0147006,-0.00397965,-0.00034898,29.4077,-0.0667087,0.120043,-0.628063
75.78,0.771547,-0.011678,0.00600309,-0.636037,0.00202764,-0.00927938,-2.16771e-05,0.691196,0.331734,0.0732527,-0.0148699,-0.00426755,-9.4993e-05,26.6014,-0.105428,0.0348716,-0.675886
75.8,0.771543,-0.0116701,0.00600096,-0.636042,0.00282582,-0.00351303,-0.0102901,0.691177,0.33176,0.0731989,-0.0152031,-0.00381599,1.16646e-05,28.9506,-0.0902147,-0.0117124,-0.614641
75.82,0.771555,-0.0117028,0.00600397,-0.636027,-0.0169332,0.00519924,-0.00226828,0.691119,0.331804,0.0731376,-0.0151922,-0.00327403,0.00145634,28.4905,-0.0524156,0.166462,-0.645412
75.84,0.771539,-0.0116834,0.00598484,-0.636047,0.00948396,-0.00418128,-0.00682582,0.690997,0.331851,0.0731148,-0.015727,-0.00327787,0.00238109,27.0132,-0.0978393,0.0445533,-0.513597
75.86,0.771546,-0.0116961,0.00598304,-0.636038,-0.00556257,-0.00164484,0.00363673,0.690958,0.331866,0.0731078,-0.0149073,-0.00373726,0.000543491,32.0694,-0.116046,0.0935733,-0.838025
75.88,0.77154,-0.011683,0.00602423,-0.636045,-0.000319237,0.00809553,-0.00133227,0.690846,0.331903,0.0731049,-0.0159266,-0.00316043,0.00183955,26.2288,-0.0589658,0.0973411,-0.750986
75.9,0.771546,-0.0116589,0.00600979,-0.636039,0.00925887,0.0121536,0.00131693,0.690789,0.331913,0.073119,-0.0157389,-0.00294354,0.00209069,28.426,-0.049995,0.0620993,-0.724626
75.92,0.771535,-0.0116564,0.00597499,-0.636053,0.00452765,-0.012693,-0.00224446,0.690668,0.331948,0.0731609,-0.0157504,-0.00230748,0.00146841,25.9333,-0.0510388,0.0527924,-0.624448
75.94,0.771527,-0.0116555,0.00598527,-0.636061,-0.00426678,0.011631,-0.00619443,0.690626,0.331959,0.0731738,-0.0153869,-0.00267103,0.00167965,26.371,-0.124616,0.0791287,-0.684033
75.96,0.77154,-0.0116164,0.00597599,-0.636046,0.00677983,-0.00489313,-0.000821693,0.690515,0.331993,0.0732294,-0.0156648,-0.00251301,0.00194332,29.4724,-0.0412085,0.104506,-0.532234
75.98,0.77154,-0.0116221,0.00596066,-0.636047,-0.00359988,-0.000368211,-0.00153808,0.690457,0.331998,0.0732453,-0.0153376,-0.00314502,0.00116761,29.2454,-0.110718,0.0440581,-0.741945
76,0.771533,-0.0115991,0.00598041,-0.636056,0.00148185,0.0038633,-0.00524911,0.690416,0.332149,0.0733745,-0.0155042,-0.00254721,0.00262336,27.1829,-0.066265,0.0400234,-0.761979
76.02,0.77154,-0.01159,0.00593832,-0.636048,0.00460835,-0.00937005,0.000965255,0.690344,0.332295,0.0735112,-0.0152013,-0.0026638,0.00155866,28.8738,-0.113234,0.0716991,-0.624651
76.04,0.771545,-0.0115932,0.00594196,-0.636042,-0.000615923,0.00264989,0.0021195,0.690315,0.33234,0.073555,-0.0152174,-0.0027665,0.00255534,28.8637,-0.115325,0.0850388,-0.692325
76.06,0.771542,-0.0116106,0.00593907,-0.636045,0.00314845,-0.00697444,0.000837376,0.690193,0.332474,0.0736998,-0.0158536,-0.00245424,0.00199921,28.9505,-0.0865075,0.0809664,-0.643753
76.08,0.771546,-0.0116148,0.00594424,-0.63604,0.00208231,-0.00278779,-0.000601076,0.690108,0.332569,0.0738299,-0.0158972,-0.00273772,0.00291641,28.3085,-0.0449698,0.0497803,-0.753922
76.1,0.771551,-0.0116225,0.00593396,-0.636033,-0.00258099,0.00140411,0.000140982,0.690037,0.332731,0.0740688,-0.015208,-0.00319828,0.0015534,27.5756,-0.114825,0.0837252,-0.704101
76.12,0.771551,-0.011608,0.00595178,-0.636034,0.00642078,0.00319304,0.00431196,0.690012,0.332781,0.0741461,-0.0154154,-0.00268122,0.00325026,28.6615,-0.0586601,0.0404774,-0.586884
76.14,0.771564,-0.0116049,0.00590693,-0.636018,0.00240859,-0.0120748,0.0011822,0.689907,0.332929,0.0743858,-0.0153722,-0.00282085,0.00241557,29.8205,-0.0715874,0.0769579,-0.590593
76.16,0.771563,-0.0116094,0.00593175,-0.636019,-0.00199838,0.00795833,0.00234229,0.689866,0.332974,0.0744657,-0.0154827,-0.00308879,0.0035689,27.3808,-0.0713674,0.0598571,-0.749383
76.18,0.771558,-0.0115981,0.00592173,-0.636026,0.0123353,-0.00408686,-0.0107905,0.6898,0.333111,0.0747027,-0.0155858,-0.00328643,0.00329047,29.1283,-0.0773019,0.0914568,-0.613481
76.2,0.771568,-0.0116025,0.00592162,-0.636014,0.00594395,-0.00566896,-0.000757044,0.689754,0.333186,0.0748594,-0.0157675,-0.00339012,0.00402319,26.9474,-0.0925829,0.0609547,-0.731848
76.22,0.771565,-0.0116079,0.00595117,-0.636016,0.0041776,0.00363342,-0.00189998,0.689715,0.333259,0.0750092,-0.0156595,-0.00332263,0.00441309,26.8942,-0.101346,0.0875819,-0.810224
76.24,0.771578,-0.0116192,0.00597618,-0.636,0.00432502,0.00775086,0.00210911,0.689661,0.333329,0.0751632,-0.01578,-0.00353979,0.0046285,30.6664,-0.0767723,0.0463839,-0.688275
76.26,0.77159,-0.0116349,0.00595012,-0.635987,-0.000271451,-0.00979374,0.00128397,0.689547,0.333419,0.075398,-0.0157131,-0.00440914,0.00326274,27.0283,-0.112628,0.0336802,-0.730707
76.28,0.771602,-0.011658,0.005987,-0.635971,-0.006687,0.00611269,0.0069123,0.689507,0.333512,0.0756271,-0.0157464,-0.00458198,0.00482761,28.7329,-0.0807353,0.0929959,-0.756331
76.3,0.771599,-0.0116534,0.00595923,-0.635974,0.0058267,-0.00962642,0.00623852,0.6895,0.333543,0.0757059,-0.0159558,-0.00472273,0.0038233,27.9106,-0.0684969,0.0200544,-0.741608
76.32,0.771604,-0.0116781,0.0059617,-0.635968,-0.00918531,-0.00249266,0.00641593,0.689435,0.333622,0.0759316,-0.0153664,-0.00475531,0.00342076,27.8841,-0.0792643,0.0652275,-0.542676
76.34,0.771598,-0.011667,0.00594328,-0.635975,-0.00382545,-0.00138114,0.000104427,0.689388,0.333675,0.0760812,-0.015602,-0.00480161,0.00358718,26.9945,-0.109828,0.079862,-0.596361
76.36,0.771596,-0.0116868,0.00591812,-0.635978,-0.00832731,-0.0106525,0.000209128,0.689327,0.33372,0.0762318,-0.0157477,-0.00493242,0.00372588,29.1071,-0.051436,0.115352,-0.596476
76.38,0.771595,-0.0116463,0.00589832,-0.63598,0.00958389,-0.00697388,-0.00105714,0.689349,0.333778,0.0763795,-0.0155209,-0.00509551,0.00395906,29.8715,-0.0202626,0.0384332,-0.714345
76.4,0.771598,-0.0116436,0.00592659,-0.635976,-0.0118327,0.00774621,4.98949e-05,0.689435,0.333872,0.0766082,-0.0159422,-0.00461556,0.00566471,27.184,-0.110591,0.0579789,-0.806242
76.42,0.771611,-0.0116391,0.00590549,-0.635961,0.00267198,-0.0089215,0.00082361,0.689429,0.333899,0.076699,-0.0159241,-0.00426009,0.00534319,30.1941,-0.0735295,0.117216,-0.562156
76.44,0.771611,-0.011646,0.00592237,-0.635961,-0.00403305,0.00592871,-0.000315531,0.689468,0.333987,0.0769277,-0.0151659,-0.00499232,0.00456186,28.201,-0.0564756,0.0880277,-0.671475
76.46,0.771611,-0.0116449,0.00594097,-0.63596,-0.00265785,0.00230638,-0.0024801,0.689464,0.334056,0.0771651,-0.0158256,-0.0046738,0.00632652,29.1903,-0.059129,0.0271386,-0.644764
76.48,0.771614,-0.0116665,0.00591509,-0.635956,-0.00644213,-0.00949704,-0.000808731,0.689453,0.334078,0.0772457,-0.0154478,-0.00501468,0.00505784,27.5416,-0.0758447,0.0959402,-0.648927
76.5,0.771627,-0.0116611,0.00593697,-0.635941,-0.00434643,0.00679669,0.00226567,0.689556,0.334133,0.0774388,-0.0160896,-0.00466595,0.00695027,29.4421,-0.10833,0.0594762,-0.788388
76.52,0.771625,-0.0116723,0.00594624,-0.635943,-0.00947823,0.00673434,0.000581717,0.689581,0.334153,0.0775801,-0.0151366,-0.00499358,0.0061524,28.7338,-0.0340684,0.0560321,-0.77475
76.54,0.771626,-0.011673,0.00591654,-0.635942,0.00461074,-0.00870725,-0.00317464,0.689623,0.334188,0.0777868,-0.0154725,-0.00483745,0.00696111,29.0572,-0.0545835,0.128406,-0.68629
76.56,0.771629,-0.0116727,0.00590637,-0.635938,-0.00204478,0.00104023,0.00248536,0.689629,0.334197,0.0778554,-0.014968,-0.00532468,0.00606941,26.3659,-0.0879026,0.0099377,-0.734192
76.58,0.771633,-0.0116789,0.00590877,-0.635933,-0.00861013,0.00366996,-0.00420293,0.689648,0.334215,0.077991,-0.014744,-0.00536956,0.00603721,28.7229,-0.0786292,0.112293,-0.658207
76.6,0.771634,-0.0116621,0.00587984,-0.635933,-0.00444778,-0.00708317,0.00243018,0.689781,0.334224,0.0780702,-0.0147631,-0.00562001,0.00582544,26.6266,-0.0562267,0.0966539,-0.657772
76.62,0.771625,-0.0116332,0.00591429,-0.635944,-0.00850349,0.00900686,0.00679653,0.689936,0.334223,0.0781962,-0.0152591,-0.00492884,0.00762794,28.6675,-0.124475,0.0532952,-0.731974
76.64,0.77162,-0.0116231,0.00590163,-0.63595,0.00370383,0.00538326,-0.0013873,0.689992,0.334213,0.0782903,-0.0147679,-0.00550334,0.00647722,29.7394,-0.0279394,0.0989676,-0.676395
76.66,0.771604,-0.0115994,0.00588054,-0.635971,0.00736384,-0.00338265,-0.000417193,0.69008,0.334201,0.0784306,-0.0148142,-0.00518487,0.00685082,28.9559,-0.0485564,0.00660563,-0.600235
76.68,0.771597,-0.0115975,0.00588066,-0.635979,-0.00632532,0.00789507,0.00367511,0.690104,0.334196,0.0784749,-0.0139663,-0.00551601,0.00640779,28.5464,-0.141932,0.114622,-0.732446
76.7,0.771577,-0.0115716,0.00590596,-0.636003,0.00436934,0.00544407,-0.00159235,0.690265,0.334198,0.0786157,-0.0143712,-0.00512111,0.0072162,30.2651,-0.0350711,-0.00203536,-0.768849
76.72,0.771592,-0.0115834,0.00589721,-0.635985,0.00390718,-0.00650508,0.00404893,0.690387,0.334193,0.0787603,-0.0132879,-0.00579563,0.00610809,28.528,-0.145195,0.0785021,-0.747962
76.74,0.771598,-0.0115784,0.00593313,-0.635977,0.00258816,0.00417346,0.000259568,0.690422,0.334187,0.0788104,-0.013815,-0.00524056,0.00760877,28.3536,-0.0919619,0.073686,-0.76079
76.76,0.771594,-0.0115513,0.00590977,-0.635983,0.0106798,-0.00569038,-0.00430976,0.690479,0.334154,0.0789781,-0.0136102,-0.00619164,0.0067692,28.3667,-0.101068,0.0744629,-0.803676
76.78,0.7716,-0.0115424,0.00588908,-0.635976,0.00672357,-0.0109136,0.000765783,0.690545,0.334155,0.0790813,-0.0133047,-0.00612172,0.00716385,28.8283,-0.00375938,0.105111,-0.549639
76.8,0.771605,-0.0115558,0.00586685,-0.63597,-0.0036122,0.00425401,0.000125191,0.690669,0.334171,0.0792404,-0.0124319,-0.00779999,0.00690797,28.2898,-0.0986111,0.0180652,-0.64147
76.82,0.771609,-0.0115505,0.00587747,-0.635965,0.00670601,0.00251387,0.00344505,0.690703,0.334169,0.0792993,-0.0128223,-0.00745448,0.00766356,29.0348,-0.0801906,0.105107,-0.622478
76.84,0.771629,-0.0115929,0.00588836,-0.63594,-0.00240583,0.00203402,0.000704138,0.690762,0.334163,0.0794137,-0.0126322,-0.00717324,0.00799158,29.2074,-0.0442371,0.0834056,-0.610126
76.86,0.771631,-0.0116048,0.00585747,-0.635938,0.00119613,0.00917803,0.00492911,0.690787,0.334143,0.0795369,-0.0123103,-0.00738449,0.00759212,30.4612,-0.114064,0.0811862,-0.770649
76.88,0.771639,-0.0116343,0.00583025,-0.635928,-0.000280779,-0.00477538,-0.00205603,0.690837,0.334133,0.0797617,-0.0128267,-0.00673179,0.00735597,27.055,-0.0984701,0.0520212,-0.795094
76.9,0.771644,-0.0116212,0.00583302,-0.635921,-0.00449429,0.00426563,0.00291139,0.69089,0.33411,0.0800631,-0.0124791,-0.00752043,0.00771855,26.7485,-0.0807989,0.102981,-0.761287
76.92,0.771647,-0.0116152,0.0058432,-0.635918,0.0108641,0.000136947,-0.00467142,0.690897,0.334102,0.0801686,-0.0130035,-0.00707351,0.00776897,29.4486,-0.11018,0.0558274,-0.737138
76.94,0.771658,-0.0116114,0.00583181,-0.635905,-0.000243113,0.00126699,-0.000786236,0.690906,0.334064,0.0804715,-0.0120752,-0.00783169,0.00765744,29.0502,-0.0851146,0.0454383,-0.793087
76.96,0.771661,-0.0115988,0.00582273,-0.635901,-0.000227454,0.000928548,-5.50746e-05,0.690875,0.334017,0.0806921,-0.0127713,-0.00787911,0.00785409,31.1826,-0.0738332,0.0841046,-0.631679
76.98,0.771659,-0.011627,0.00587404,-0.635903,-0.00757093,0.00152284,-0.0026739,0.690865,0.333974,0.0810252,-0.0124188,-0.00821983,0.0085239,26.8766,-0.0889271,0.0547768,-0.740424
77,0.771664,-0.0116247,0.00584817,-0.635897,0.001894,-0.00714234,-0.00403464,0.690881,0.333976,0.0811573,-0.0127801,-0.00817981,0.00829901,28.4719,-0.0697939,0.0441023,-0.68869
77.02,0.771672,-0.0116381,0.00587094,-0.635887,-0.00102302,0.00585081,-0.000736955,0.690905,0.333965,0.0815378,-0.012445,-0.00826706,0.00880658,28.6649,-0.0647935,0.094252,-0.60319
77.04,0.771674,-0.0116211,0.00584776,-0.635885,0.00695578,-0.00873035,0.004773,0.690905,0.333962,0.0816703,-0.0128062,-0.0078927,0.0089199,28.2618,-0.0961578,0.0912142,-0.615905
77.06,0.771674,-0.0116281,0.00582309,-0.635886,-0.00324533,-0.00127679,-0.0015019,0.69089,0.333937,0.0820485,-0.0122524,-0.0086661,0.0084488,27.8961,-0.0536209,0.0618487,-0.776468
77.08,0.77168,-0.0116333,0.00581579,-0.635878,-0.00203826,-0.00861187,0.00283436,0.690852,0.333911,0.0823037,-0.01251,-0.00843135,0.00824737,28.746,-0.0601511,0.0522686,-0.751341
77.1,0.771675,-0.011632,0.00580185,-0.635885,-0.00309882,-0.0088187,0.00353905,0.6909,0.333897,0.0825912,-0.0124255,-0.00845523,0.00853142,28.0216,-0.123695,0.076933,-0.78634
77.12,0.771687,-0.0116184,0.0058208,-0.63587,-0.00345375,0.00438312,0.00273774,0.690924,0.333848,0.0830344,-0.0124244,-0.00829943,0.0098184,29.0141,-0.077571,0.0169359,-0.751374
77.14,0.771687,-0.0116207,0.00581917,-0.63587,-0.00952661,0.00851674,-0.00498775,0.690935,0.33382,0.0833272,-0.0120842,-0.0085863,0.00960744,28.2464,-0.0698958,0.0735476,-0.7692
77.16,0.771694,-0.0116097,0.00582067,-0.635862,0.00526997,0.00204647,-0.000686045,0.690926,0.333761,0.0837578,-0.0128325,-0.00873034,0.0103776,30.2803,-0.0683345,0.0803868,-0.810623
77.18,0.771685,-0.0116135,0.00581005,-0.635873,-8.49424e-05,0.00164371,-0.00159835,0.690914,0.333735,0.0838988,-0.0124462,-0.00935141,0.00991903,27.4984,-0.109895,0.0904306,-0.796408
77.2,0.771673,-0.0116072,0.00582773,-0.635887,-0.00162862,0.00479728,-0.00371779,0.691012,0.333689,0.0843439,-0.0129687,-0.0088458,0.0112424,27.8837,-0.108578,0.0739836,-0.800602
77.22,0.771675,-0.0115993,0.00578993,-0.635885,0.00646616,-0.00514303,-0.00292548,0.691039,0.333663,0.0845109,-0.0130502,-0.00905273,0.010759,29.8814,-0.113042,-0.00103492,-0.794971
77.24,0.771697,-0.011595,0.00576854,-0.635859,0.00922808,-0.00928563,0.000500677,0.691187,0.333614,0.0851351,-0.012739,-0.00817033,0.0118167,26.9145,-0.059179,0.0699348,-0.654907
77.26,0.771701,-0.0116206,0.0057954,-0.635854,-0.0102625,0.00648524,0.00196514,0.691216,0.333601,0.085288,-0.0122528,-0.00864096,0.0117806,29.5811,-0.10617,0.0403819,-0.726333
77.28,0.771701,-0.0116216,0.00579528,-0.635853,-0.0083038,0.00562481,-0.00286872,0.691257,0.33357,0.0856009,-0.0123632,-0.00879786,0.012051,30.3361,-0.0309725,0.0675759,-0.78656
77.3,0.771705,-0.0116434,0.00577799,-0.635848,-0.00419842,-0.00638498,0.00320934,0.69135,0.333566,0.0859176,-0.0118904,-0.0092671,0.0119471,29.2535,-0.133898,0.0346477,-0.792556
77.32,0.771703,-0.0116293,0.00581314,-0.635851,-0.00320416,0.00703804,-0.00105922,0.691541,0.333578,0.0864299,-0.0121756,-0.00885742,0.0136509,26.3655,-0.0648183,0.064138,-0.80511
77.34,0.771703,-0.0116132,0.00577095,-0.635851,-0.000790698,-0.00249093,-0.00484437,0.691713,0.333607,0.0869196,-0.0117625,-0.00823887,0.0127544,29.9734,-0.100209,0.098997,-0.733773
77.36,0.771712,-0.0116274,0.00579811,-0.63584,-0.00605903,0.00442434,0.00581418,0.691763,0.333611,0.0870778,-0.0115627,-0.00866326,0.0130896,27.2273,-0.060404,0.065739,-0.576308
77.38,0.771717,-0.0116004,0.00578916,-0.635835,0.00759772,-0.00246695,-0.0021962,0.691882,0.333623,0.0875684,-0.0118648,-0.00790613,0.013269,28.5759,-0.0851123,0.0626811,-0.722146
77.4,0.771712,-0.0115827,0.00581131,-0.63584,0.00853573,0.00127709,0.00034881,0.692087,0.333678,0.0878263,-0.0117672,-0.00759335,0.0134088,30.119,-0.0416136,0.0844582,-0.624235
77.42,0.771711,-0.0115888,0.00577967,-0.635841,-0.00998056,-0.00062086,-0.00248183,0.692365,0.333751,0.0882018,-0.0112655,-0.00846387,0.0133625,28.0582,-0.100937,0.0436935,-0.828191
77.44,0.771722,-0.0115759,0.0057969,-0.635828,0.000563579,0.00108708,0.00384153,0.692434,0.333758,0.0883491,-0.0111075,-0.00800647,0.0141431,29.4061,-0.11938,0.0788011,-0.839607
77.46,0.771718,-0.0115712,0.00577837,-0.635834,0.00668907,-0.00574529,0.00409594,0.692667,0.333811,0.0887334,-0.0108452,-0.00812717,0.0132588,26.9754,-0.0730555,0.0648598,-0.785328
77.48,0.771722,-0.0115723,0.00580519,-0.635828,-0.00504631,0.0102961,0.00240542,0.692738,0.333822,0.0888581,-0.0105658,-0.00827504,0.0137603,31.1433,-0.10282,0.0609241,-0.781404
77.5,0.771732,-0.0115534,0.00577355,-0.635817,0.0143027,-0.00853571,0.00249193,0.693001,0.333858,0.0891735,-0.0109677,-0.00828699,0.0136771,29.5101,-0.0560286,0.0313904,-0.723754
77.52,0.771725,-0.0115379,0.00578168,-0.635825,0.00118987,-0.00561543,0.006633,0.693181,0.33387,0.0893678,-0.0110397,-0.00845714,0.0142349,28.3571,-0.0690527,0.079621,-0.713032
77.54,0.771732,-0.0115332,0.00578587,-0.635817,0.00752786,0.000283875,-0.00277075,0.693327,0.333866,0.0895913,-0.0105563,-0.00793467,0.0148625,27.3682,-0.0886175,0.0631279,-0.771009
77.56,0.771733,-0.0114939,0.00576613,-0.635817,0.00380917,0.00603942,-0.00588614,0.693475,0.333869,0.0897905,-0.0103281,-0.00821262,0.0148425,30.0276,-0.0920373,0.0547107,-0.779442
77.58,0.771738,-0.0114719,0.00572329,-0.635811,-0.000547909,-0.00223162,-0.00627726,0.693663,0.333863,0.0901017,-0.0102135,-0.00859143,0.013666,28.6577,-0.0488186,0.0600615,-0.753284
77.6,0.771742,-0.0114551,0.0057111,-0.635807,-0.00511676,0.00606626,-0.00576607,0.693888,0.333766,0.0902709,-0.00970543,-0.00892414,0.014866,26.9707,-0.0972387,0.0855003,-0.683496
77.62,0.771738,-0.0114363,0.00568604,-0.635813,0.00827354,-0.00659105,-0.00352374,0.69396,0.333736,0.0903291,-0.00986395,-0.0088874,0.0142704,27.5001,-0.126526,0.0716734,-0.753012
77.64,0.771744,-0.0114611,0.00568483,-0.635804,-0.00375653,-0.000660326,0.00264945,0.694145,0.333621,0.0905207,-0.00877109,-0.00959211,0.0134899,31.6016,-0.0929069,0.0817077,-0.688106
77.66,0.771746,-0.011471,0.0056805,-0.635803,-0.00341684,-0.00094891,0.00249568,0.694265,0.333545,0.0906447,-0.00875455,-0.0095978,0.013351,31.0758,-0.0512295,0.130535,-0.661942
77.68,0.771736,-0.0114741,0.00569995,-0.635814,0.000417344,0.00413333,-0.000806141,0.694421,0.333417,0.0907776,-0.00908162,-0.00953915,0.0146194,30.5711,-0.108205,0.0564625,-0.817108
77.7,0.771737,-0.0114628,0.00564714,-0.635813,0.00719099,-0.00893426,-8.71556e-05,0.694465,0.333375,0.090788,-0.00857605,-0.00972494,0.0130514,28.1298,-0.115014,0.0281262,-0.754134
77.72,0.77174,-0.0114491,0.00563237,-0.63581,0.00311548,-0.00946338,0.00247528,0.69455,0.333283,0.090817,-0.0083017,-0.0101893,0.0135581,26.5937,-0.0858686,0.0614379,-0.81445
77.74,0.771748,-0.011447,0.00560639,-0.6358,0.00807488,-0.0144929,9.70252e-05,0.69462,0.333181,0.0908574,-0.00824253,-0.0100951,0.0133513,27.4044,-0.0484175,0.0574043,-0.772763
77.76,0.771742,-0.0114345,0.00561463,-0.635808,-0.00802644,0.00139926,0.00635108,0.6947,0.333014,0.0909682,-0.00754713,-0.0103064,0.0135507,28.7736,-0.0754156,0.0737962,-0.764372
77.78,0.771756,-0.0114038,0.00560915,-0.635792,-0.00064434,0.00404917,0.0045331,0.694766,0.332863,0.091027,-0.00828628,-0.0098597,0.0152244,28.5504,-0.0843154,0.12376,-0.748658
77.8,0.771745,-0.0114001,0.00557188,-0.635806,-0.000277863,-0.003966,-0.00766223,0.694779,0.332821,0.0910139,-0.00773273,-0.0101461,0.0137729,28.5484,-0.0998696,0.0436996,-0.799526
77.82,0.771759,-0.0114192,0.00560031,-0.635788,-0.00408473,0.00134353,0.00603612,0.694831,0.332699,0.0909834,-0.00816867,-0.010079,0.0153679,32.5037,-0.10391,0.0776654,-0.665842
77.84,0.771753,-0.0114032,0.00558519,-0.635795,0.00376231,0.0072525,0.0066635,0.694858,0.332621,0.0909754,-0.00752572,-0.00990323,0.0152069,28.4302,-0.0967673,0.124238,-0.69111
77.86,0.771743,-0.0114044,0.00559065,-0.635808,0.00709529,-0.00405224,-0.00601465,0.694878,0.332481,0.0910038,-0.00770952,-0.0100573,0.0150729,28.183,-0.0728694,0.0498466,-0.50707
77.88,0.77176,-0.011432,0.00558953,-0.635787,-0.00837599,-0.00414037,0.0060834,0.69488,0.332435,0.0910117,-0.00728423,-0.0107884,0.0138685,28.596,-0.0530957,0.0697827,-0.663598
77.9,0.77177,-0.0114082,0.00561007,-0.635775,0.0095835,0.00233959,0.00174523,0.694886,0.33232,0.0909353,-0.00797054,-0.0103621,0.0152202,28.5638,-0.0761741,0.0810831,-0.687773
77.92,0.771768,-0.0114089,0.00557255,-0.635777,0.00473761,-0.00423304,-0.00296994,0.694881,0.33228,0.0909172,-0.00739984,-0.0110635,0.0137225,29.3968,-0.0753785,0.106104,-0.632054
77.94,0.771757,-0.0114058,0.00561923,-0.63579,-0.00247367,0.0103621,-0.00259481,0.694854,0.332142,0.0908818,-0.00775639,-0.0106823,0.0150385,29.6593,-0.0955714,0.0545056,-0.824882
77.96,0.771767,-0.0114051,0.00562024,-0.635778,-0.0117208,0.012482,0.0009204,0.694829,0.332044,0.0908666,-0.0074394,-0.0109187,0.0147376,27.787,-0.0638301,0.0521477,-0.704538
77.98,0.771765,-0.0114151,0.00561726,-0.63578,-0.0119969,0.00873261,-0.00428566,0.694811,0.33197,0.0908291,-0.00713968,-0.0112518,0.0137044,28.409,-0.0828031,0.0948126,-0.629767
78,0.77177,-0.0114263,0.00565175,-0.635774,0.00736582,-0.00862351,-0.00152851,0.694825,0.33193,0.0906734,-0.0076479,-0.0107192,0.0140876,29.8118,-0.0358354,0.0687259,-0.694665
78.02,0.771778,-0.0114127,0.00565751,-0.635764,0.00560331,0.00301801,-0.00046204,0.69483,0.331899,0.0905773,-0.00783137,-0.0110259,0.01396,30.1836,-0.126708,0.0391751,-0.824649
78.04,0.771782,-0.0114117,0.00563586,-0.63576,0.00574684,-0.00340017,-0.00190693,0.694825,0.331854,0.0904573,-0.00707734,-0.0114578,0.0131571,28.8425,-0.137493,0.0792959,-0.671317
78.06,0.771774,-0.0114146,0.00566567,-0.635769,-0.001516,0.00429237,-0.0128867,0.694821,0.331836,0.0904279,-0.00757759,-0.0107964,0.0145857,26.3524,-0.0561874,0.049346,-0.752799
78.08,0.771777,-0.0114194,0.00565037,-0.635765,0.00254007,-0.011746,0.00256392,0.694828,0.331815,0.0902679,-0.00729886,-0.0111103,0.0134039,29.604,-0.117207,0.118912,-0.688
78.1,0.771778,-0.0114268,0.00567472,-0.635765,-0.0102498,0.00902283,0.00132228,0.694835,0.331817,0.0901968,-0.00700786,-0.0113802,0.0132152,27.4178,-0.0707918,0.0337246,-0.786412
78.12,0.771775,-0.0114244,0.00564541,-0.635768,-0.00640741,0.000387504,-0.00165091,0.694826,0.331824,0.0899638,-0.00757909,-0.0110033,0.0123841,29.8146,-0.0750519,0.16917,-0.762345
78.14,0.771773,-0.0113986,0.00565609,-0.635771,0.00484718,0.00170728,-0.00514626,0.694812,0.331822,0.0899167,-0.00811593,-0.010289,0.0132572,27.1603,-0.10599,0.0215242,-0.678211
78.16,0.77177,-0.0113899,0.005656,-0.635775,0.00216426,0.00689641,-0.00209913,0.694782,0.331817,0.0898327,-0.00801545,-0.00975181,0.0135595,29.4503,-0.0452081,0.112432,-0.533239
78.18,0.771771,-0.0113986,0.00564822,-0.635773,-0.000281968,0.00334464,-0.0021563,0.694741,0.33181,0.0897638,-0.00797491,-0.00998953,0.0134314,29.8216,-0.0136182,0.106426,-0.482517
78.2,0.771774,-0.0113703,0.00561225,-0.63577,0.00535726,-0.00505842,0.00397599,0.694758,0.33186,0.0895192,-0.0079962,-0.00984384,0.012077,28.9731,-0.0782389,0.0830692,-0.550013
78.22,0.771762,-0.0113646,0.00562743,-0.635785,0.00688743,-0.000984104,-0.00449241,0.694765,0.331892,0.0893619,-0.00787294,-0.00999776,0.0122067,32.6106,-0.0610912,0.0859283,-0.674894
78.24,0.771765,-0.0113316,0.00561783,-0.635782,0.00868145,0.000399796,0.00220505,0.694778,0.331927,0.0892106,-0.00797581,-0.00967733,0.0121047,28.7462,-0.0730589,0.0744642,-0.729021
78.26,0.771756,-0.0113276,0.00559365,-0.635793,-0.00756102,-0.00152983,-0.00478869,0.694784,0.331982,0.0890088,-0.00708667,-0.00978512,0.0111882,27.8255,-0.0671758,0.0766164,-0.549839
78.28,0.771762,-0.0112978,0.00558304,-0.635786,0.00609158,-0.0010997,-0.0025334,0.694795,0.332002,0.0888648,-0.00731146,-0.00957286,0.0114348,29.672,-0.11213,0.0895305,-0.744754
78.3,0.771759,-0.0112898,0.00560615,-0.635791,0.000877976,0.00585516,0.000524939,0.694812,0.331995,0.0886251,-0.0079144,-0.00915817,0.0124862,27.8817,-0.0569448,0.0656411,-0.553962
78.32,0.771764,-0.0112913,0.00559041,-0.635785,0.00320571,-0.00549331,0.00612257,0.694811,0.331992,0.0885522,-0.00739302,-0.00964082,0.0107705,28.5659,-0.0905484,0.099257,-0.756246
78.34,0.771734,-0.0112857,0.00562649,-0.635821,-0.00206952,0.0075406,-0.00476874,0.694791,0.331947,0.0883662,-0.00723546,-0.00968835,0.0111627,27.0277,-0.0504599,0.0431682,-0.696277
78.36,0.771719,-0.0112529,0.00559822,-0.63584,0.0118379,-0.0064293,-0.0082428,0.694783,0.331938,0.0883112,-0.00761783,-0.0088121,0.0117273,26.2286,-0.0966687,0.126153,-0.530395
78.38,0.771684,-0.0112049,0.00556021,-0.635883,0.00137578,-0.001122,-0.00665674,0.69479,0.331881,0.0881249,-0.00698755,-0.0089327,0.010162,29.4007,-0.0700788,0.0761474,-0.691452
78.4,0.771673,-0.0111553,0.00557111,-0.635898,0.00629728,0.000670972,-0.00376832,0.694839,0.331788,0.0879835,-0.00699098,-0.00921594,0.0100564,32.0058,-0.0557478,0.0692644,-0.722499
78.42,0.771659,-0.0110989,0.00555716,-0.635915,0.00333664,-0.00263208,-0.00188805,0.694875,0.331691,0.0878579,-0.0068304,-0.00937093,0.00982148,27.7924,-0.0733928,0.107676,-0.538347
78.44,0.771641,-0.0110475,0.00559252,-0.635938,-0.00738314,0.00665434,-0.00454646,0.694922,0.331531,0.0876926,-0.00666226,-0.0097507,0.0102399,30.6777,-0.0528484,0.117382,-0.702461
78.46,0.771631,-0.0110193,0.00559364,-0.635951,-0.0112331,0.012861,8.7246e-06,0.694954,0.331435,0.0875828,-0.00627938,-0.00995778,0.00964062,28.3173,-0.108629,0.0890699,-0.675739
78.48,0.771618,-0.0109783,0.00560521,-0.635967,0.00440897,0.00255035,-0.00233167,0.695042,0.331277,0.0874223,-0.00651488,-0.010262,0.0103998,27.1158,-0.0906734,0.0645587,-0.608868
78.5,0.771613,-0.0109821,0.00558,-0.635973,-0.0059426,-0.00269154,-0.00514947,0.695101,0.331218,0.0873583,-0.00591469,-0.0109169,0.00951987,29.9478,-0.0410884,0.114984,-0.579488
78.52,0.771617,-0.0109915,0.00562574,-0.635968,0.00213873,0.0056135,-0.000499411,0.695264,0.331034,0.0872022,-0.00583746,-0.0104917,0.0105708,27.0201,-0.00221841,0.119152,-0.513208
78.54,0.771626,-0.0109935,0.00558817,-0.635957,0.00759586,-0.00759489,0.00559853,0.695313,0.330971,0.0871552,-0.00535244,-0.0110859,0.00934516,30.6077,-0.071461,0.0319666,-0.458096
78.56,0.771637,-0.0110078,0.00558529,-0.635943,0.00238072,-0.0082192,-0.00255514,0.695485,0.330681,0.0870153,-0.00502037,-0.0109237,0.0097508,28.7433,-0.0980085,0.124697,-0.678877
78.58,0.771645,-0.0110216,0.00559637,-0.635933,-0.00308681,0.00813101,-0.00333679,0.695583,0.330609,0.0869307,-0.00443766,-0.0114563,0.00944187,28.8443,-0.0910491,0.0716589,-0.647397
78.6,0.771666,-0.011029,0.00556901,-0.635908,0.000345477,-0.00085163,0.00503274,0.695769,0.330463,0.0867826,-0.00405825,-0.0117334,0.00925361,30.1374,-0.0708743,0.0810526,-0.457035
78.62,0.77168,-0.0110583,0.00556365,-0.635891,-0.0129067,-0.00140599,-0.00129131,0.695947,0.330308,0.0866481,-0.00352851,-0.0117407,0.00905524,28.7746,-0.0392851,0.0575944,-0.662981
78.64,0.771706,-0.0110853,0.00558913,-0.635858,-0.0055234,0.0061255,0.00714383,0.696198,0.330078,0.0864789,-0.00380473,-0.0116122,0.0103155,28.7941,-0.0355085,0.145344,-0.290493
78.66,0.771723,-0.0111037,0.00555994,-0.635838,0.00300062,-0.0118011,0.0018593,0.696438,0.329845,0.0863571,-0.00300017,-0.0115411,0.00962873,27.179,-0.0588816,0.0904362,-0.440497
78.68,0.771737,-0.0111249,0.00558128,-0.63582,-0.00627863,0.00541711,0.00518739,0.696519,0.329772,0.086313,-0.0024286,-0.0118191,0.00990588,28.5909,-0.10963,0.0688014,-0.496888
78.7,0.771751,-0.011128,0.00554797,-0.635803,0.00314149,-0.00668252,0.00151668,0.696873,0.329588,0.0860794,-0.00276745,-0.0115665,0.00940518,28.5253,-0.0933645,0.104577,-0.547623
78.72,0.771753,-0.0111246,0.00553006,-0.635801,0.00980479,-0.00254397,-0.00339798,0.697093,0.329461,0.0859442,-0.00261568,-0.0112134,0.0101385,31.0767,-0.0369378,0.0754067,-0.552326
78.74,0.771765,-0.0111898,0.00552139,-0.635785,-0.000476381,-0.00205606,-0.00226665,0.697389,0.329247,0.0857887,-0.0024275,-0.0116557,0.00908588,28.0956,-0.0635522,0.102372,-0.666871
78.76,0.771771,-0.0111976,0.00554507,-0.635778,0.00159672,0.00349241,0.000145855,0.697483,0.329178,0.0857392,-0.00232904,-0.0112449,0.0103185,28.1432,-0.0657971,0.0623229,-0.514835
78.78,0.77178,-0.0111801,0.00548556,-0.635767,0.00976296,-0.00605932,0.00392354,0.697748,0.328984,0.0856159,-0.00217394,-0.0107308,0.00920798,29.2379,-0.0590585,0.133165,-0.495459
78.8,0.771792,-0.0111875,0.00552307,-0.635753,-0.0101616,0.00953373,0.00465907,0.697872,0.328967,0.0855447,-0.00193349,-0.0111701,0.00971821,30.005,-0.0717827,0.0804853,-0.558706
78.82,0.771792,-0.011176,0.0055008,-0.635753,0.0123652,-0.00322995,-0.00225922,0.698217,0.328903,0.0853663,-0.00190956,-0.0109854,0.00901204,30.8586,-0.0328139,0.108571,-0.640502
78.84,0.771794,-0.0111947,0.00551855,-0.63575,0.00663329,-0.00278774,-0.00187868,0.698435,0.328849,0.0852584,-0.00175331,-0.0111606,0.00891421,28.2748,-0.0868496,0.0920542,-0.648044
78.86,0.77179,-0.0112008,0.0054995,-0.635755,0.00572963,-0.00555325,0.00692221,0.698641,0.328794,0.085162,-0.0015155,-0.0110707,0.00960801,28.2939,-0.112326,0.0570999,-0.720471
78.88,0.771785,-0.0111836,0.00546416,-0.635762,0.00102788,-0.00725112,-0.00258788,0.698935,0.328726,0.0850253,-0.000681084,-0.011571,0.00795165,28.1352,-0.0595072,0.0415157,-0.752805
78.9,0.771782,-0.0111745,0.0054688,-0.635765,0.00389683,-0.00890041,0.00332528,0.699171,0.328785,0.0848904,-0.00052332,-0.0113425,0.00823356,25.5694,-0.0612461,0.0684818,-0.673483
78.92,0.771787,-0.0111825,0.00548957,-0.635759,-0.0072214,0.00626304,0.00254158,0.699498,0.328859,0.084718,-0.000182665,-0.0110396,0.00888846,29.2231,-0.124325,0.0961259,-0.732567
78.94,0.771782,-0.0111742,0.00547097,-0.635766,0.00972637,-0.00589973,-0.0038541,0.699601,0.328881,0.0846714,-0.000412854,-0.0108547,0.00835712,29.3779,0.0144229,0.0668818,-0.587734
78.96,0.771792,-0.0111894,0.00546525,-0.635753,-0.00429326,0.00387548,0.00167929,0.699894,0.328919,0.0845541,0.000296691,-0.0107291,0.0080219,30.2058,-0.0913418,0.0583835,-0.711755
78.98,0.771789,-0.0111835,0.00548316,-0.635757,-0.00476526,-0.0049852,-0.000250454,0.69999,0.328935,0.0845196,5.90308e-05,-0.00994796,0.00926881,29.5472,-0.0887856,0.0676382,-0.736059
79,0.771807,-0.0111663,0.00548392,-0.635735,-0.00251463,0.00938666,0.0087034,0.700386,0.329076,0.0842838,2.28531e-05,-0.00966854,0.00904298,28.0639,-0.127474,0.127375,-0.720488
79.02,0.771807,-0.0111644,0.00543382,-0.635736,0.00861502,-0.010603,0.00234017,0.700475,0.329108,0.0842344,0.00035163,-0.00975083,0.00747558,28.7321,-0.0652738,0.0817867,-0.689428
79.04,0.771814,-0.0111486,0.00543839,-0.635728,0.00442263,-0.00901165,-0.000983049,0.700652,0.329168,0.0841451,0.000591039,-0.00958359,0.00766146,28.2094,-0.067931,0.0881845,-0.674155
79.06,0.771816,-0.0111442,0.00544042,-0.635725,0.00456518,-0.00900494,0.00600648,0.700818,0.329228,0.0840617,0.000491291,-0.00937383,0.00774438,26.8851,-0.0432722,0.0962114,-0.509037
79.08,0.771824,-0.0111724,0.00544352,-0.635715,-0.0113665,-0.00140279,0.00413955,0.701052,0.329317,0.083968,0.00105191,-0.00884342,0.00739376,29.8668,-0.104866,0.104673,-0.719254
79.1,0.771811,-0.0111397,0.00542102,-0.635731,0.00419413,-0.00247778,0.000846148,0.701338,0.329418,0.0838159,0.000655249,-0.00843198,0.0087673,31.0872,-0.12229,0.0976631,-0.775993
79.12,0.771822,-0.0111504,0.00540135,-0.635718,0.00100263,-0.000711428,0.00286476,0.701438,0.32945,0.0837593,0.00115086,-0.00894434,0.00685493,27.3337,-0.102582,0.0793034,-0.676127
79.14,0.771825,-0.0111447,0.00540967,-0.635714,-0.00255242,0.00474739,0.00389503,0.701732,0.329531,0.0836104,0.0013419,-0.00850888,0.00866985,30.0813,-0.0396864,0.0487886,-0.667172
79.16,0.771835,-0.0111545,0.00542507,-0.635702,-0.0105357,0.00824187,0.00255161,0.701917,0.329579,0.0835323,0.00161382,-0.00793257,0.00873875,27.2506,-0.0987175,0.0554024,-0.826154
79.18,0.771849,-0.0111669,0.00541221,-0.635685,0.00543323,-0.00370074,-0.00530349,0.702207,0.32963,0.0834174,0.00168254,-0.0075479,0.00825697,26.2104,-0.0790285,0.0864761,-0.691178
79.2,0.771852,-0.0111654,0.00541689,-0.635681,-0.00417525,0.0066476,0.00371996,0.702308,0.329643,0.0833616,0.00222168,-0.00814353,0.00715482,30.5627,-0.0599923,0.162429,-0.607481
79.22,0.771861,-0.0111482,0.00541415,-0.635671,0.00360602,0.001157,0.00103328,0.702597,0.329668,0.0832261,0.00211564,-0.00733798,0.00861791,31.0442,-0.0774714,0.0518123,-0.817029
79.24,0.771868,-0.0111678,0.00540237,-0.635662,-0.00182947,-0.00213649,-0.00258809,0.702688,0.329676,0.0831877,0.0025738,-0.0079794,0.00727799,29.3824,-0.0775938,0.114488,-0.646353
79.26,0.771877,-0.0111541,0.00538244,-0.635651,0.00588721,-0.00749185,0.000361637,0.70303,0.329694,0.0830521,0.00274999,-0.00804047,0.00705053,28.0243,-0.103181,0.0523325,-0.819744
79.28,0.771891,-0.0111473,0.00539664,-0.635635,0.00758036,-0.00885786,0.00171262,0.703228,0.329689,0.0830033,0.00269934,-0.00738941,0.00844115,29.1876,-0.117333,0.0455031,-0.733463
79.3,0.77189,-0.0111747,0.00542225,-0.635635,-0.00668708,0.00742403,-0.00536983,0.703339,0.329685,0.0829654,0.00318569,-0.00795164,0.00747673,27.081,-0.106074,0.0479168,-0.740218
79.32,0.771896,-0.01116,0.00540077,-0.635628,0.00825917,-0.00534772,-0.00474383,0.703649,0.329666,0.0828784,0.00259902,-0.00740069,0.00823867,28.0752,-0.0586769,0.0587723,-0.717177
79.34,0.771899,-0.0111629,0.00539172,-0.635624,0.00588259,0.000212953,-0.00155692,0.703844,0.329644,0.0828298,0.00269406,-0.00770637,0.00836662,27.3368,-0.0738748,0.0689969,-0.769899
79.36,0.771909,-0.0111735,0.00537481,-0.635612,0.000953758,-0.00697873,0.00310019,0.70411,0.329595,0.0827735,0.00315722,-0.00813218,0.00672851,27.5687,-0.0911212,0.054837,-0.744965
79.38,0.771912,-0.0111709,0.00539977,-0.635609,-0.000168683,0.00810675,0.00671425,0.704196,0.329576,0.0827599,0.0026818,-0.00742362,0.00824178,29.3341,-0.13752,0.0777813,-0.749058
79.4,0.771904,-0.0111574,0.00540495,-0.635618,0.00634395,-0.00158388,-0.00356656,0.704462,0.329589,0.0826774,0.00285526,-0.00780432,0.00756717,28.0725,-0.0719607,0.0855567,-0.76948
79.42,0.771901,-0.0111661,0.00541053,-0.635621,-0.00277327,0.00545077,-0.00152863,0.704545,0.329589,0.0826553,0.00288004,-0.00786432,0.00835276,28.1878,-0.0913988,0.0627618,-0.742584
79.44,0.771896,-0.0111279,0.0054013,-0.635629,0.0131246,-0.000886805,-0.00623238,0.704786,0.329579,0.082623,0.00276362,-0.00687974,0.00879516,28.7296,-0.133519,0.0718876,-0.812775
79.46,0.771891,-0.011133,0.00539816,-0.635635,0.00435024,-0.00125165,-0.00347177,0.704932,0.329578,0.0826114,0.00226782,-0.00669784,0.00892794,29.5643,-0.125055,0.0511503,-0.834449
79.48,0.771881,-0.0111503,0.00541433,-0.635647,0.000491484,0.00244398,-0.00596226,0.70506,0.329596,0.0826004,0.00273292,-0.00609701,0.00912549,29.7815,-0.0664835,0.0767361,-0.76336
79.5,0.771881,-0.0111257,0.00541793,-0.635646,-0.00138888,0.00819648,-0.00303406,0.705185,0.329613,0.0826014,0.00290496,-0.0060975,0.00911798,28.6229,-0.110549,0.0831703,-0.693109
79.52,0.771884,-0.0111407,0.00540722,-0.635643,-0.000101609,-0.004369,-0.000979935,0.705385,0.329701,0.0825747,0.00290952,-0.00659903,0.00749112,29.8104,-0.0790576,0.0946057,-0.772196
79.54,0.771877,-0.0111306,0.00539268,-0.635652,-0.00512644,0.00405504,0.0001291,0.705563,0.32976,0.082578,0.00291581,-0.00680524,0.00763907,28.4972,-0.137412,0.0372665,-0.837111
79.56,0.771877,-0.0111247,0.00538844,-0.635652,0.00666329,-0.00145102,0.00149817,0.705618,0.329778,0.0825831,0.00241449,-0.00606428,0.00875346,28.4171,-0.0647201,0.070227,-0.737169
79.58,0.771883,-0.0111353,0.00537164,-0.635645,-0.00347908,-0.0027134,0.00272916,0.705781,0.329846,0.0826023,0.00332679,-0.00640145,0.00783995,28.6219,-0.117453,0.0630345,-0.819066
79.6,0.771868,-0.0111272,0.00536421,-0.635663,0.00128557,-0.00320419,-0.00535595,0.705894,0.329912,0.0826202,0.00330668,-0.00609596,0.0079779,28.3847,-0.0762908,0.0932962,-0.644025
79.62,0.771867,-0.0111035,0.00538133,-0.635664,-0.00319956,0.00376327,-0.00679102,0.706049,0.329993,0.0826706,0.00261348,-0.00561103,0.00972804,27.8316,-0.125649,0.0687235,-0.741246
79.64,0.771875,-0.0110976,0.00534602,-0.635656,0.00730331,-0.00643008,-0.00136202,0.706094,0.330018,0.082692,0.00302917,-0.00626489,0.00814713,28.9012,-0.0222679,0.11669,-0.514738
79.66,0.771872,-0.0111067,0.005375,-0.635658,0.00851769,-0.00963486,0.00807866,0.706191,0.330045,0.082752,0.0027138,-0.00596078,0.00923829,28.1367,-0.0692121,0.0840469,-0.683501
79.68,0.771865,-0.0111112,0.00538939,-0.635667,0.00826646,-0.00576411,0.0014161,0.706274,0.330082,0.0828018,0.00273017,-0.00577315,0.00941468,30.2711,-0.06489,0.0722872,-0.761072
79.7,0.771861,-0.0111206,0.00536055,-0.635671,-0.00492326,-0.00475327,-0.00442358,0.706394,0.33017,0.0828582,0.00364937,-0.00577512,0.00848595,27.9656,-0.14987,0.0648909,-0.837457
79.72,0.771861,-0.0111084,0.00539502,-0.635672,-0.000324355,0.00761709,-0.00131031,0.706506,0.330246,0.0829363,0.00294693,-0.00508337,0.010118,28.2852,-0.0922797,0.0935323,-0.792566
79.74,0.771851,-0.0111062,0.00536926,-0.635684,0.00434307,-0.00478635,-0.00431838,0.70654,0.33027,0.082967,0.00379525,-0.00549725,0.00856334,29.2207,-0.10048,0.0785451,-0.797762
79.76,0.771856,-0.011122,0.00540923,-0.635677,-0.00581824,0.00895002,0.00210632,0.706643,0.330319,0.083094,0.00332267,-0.00577552,0.00947561,27.5409,-0.0741009,0.0438307,-0.600312
79.78,0.771849,-0.0110972,0.0053868,-0.635686,-0.00449759,0.0126043,-0.00671405,0.706697,0.330327,0.0831773,0.00373378,-0.00572065,0.00938893,28.2245,-0.103309,0.0662293,-0.651252
79.8,0.771859,-0.0110807,0.00538213,-0.635674,0.00620817,-0.00229627,0.00633997,0.706765,0.330307,0.0833143,0.00291085,-0.00533863,0.00967241,29.0534,-0.0759393,0.137788,-0.575908
79.82,0.771856,-0.0110805,0.00536021,-0.635678,0.00713791,-0.00325666,0.00136978,0.706784,0.330297,0.0833604,0.0033613,-0.00577992,0.0091993,28.0388,-0.0516935,0.103893,-0.715909
79.84,0.771837,-0.0110732,0.00539814,-0.635701,0.00223569,0.00985987,-0.0140465,0.706835,0.330259,0.0835196,0.00275601,-0.00528002,0.010096,29.3014,-0.0942204,0.0989856,-0.517095
79.86,0.771836,-0.0110693,0.00535043,-0.635703,0.00575105,-0.00544975,-0.00139702,0.706849,0.330245,0.0835724,0.00328106,-0.00578002,0.00880401,28.5717,-0.130476,0.0786691,-0.696086
79.88,0.771824,-0.0110388,0.00534654,-0.635718,0.0054246,-0.00327099,-0.000155036,0.706927,0.33011,0.0838051,0.00299059,-0.00481107,0.00945441,29.0935,-0.0789892,0.115527,-0.472529
79.9,0.771821,-0.0110373,0.00536119,-0.635722,-0.00910071,0.00825064,-0.000843119,0.706949,0.330063,0.0838547,0.00334503,-0.00512215,0.00924317,30.2585,-0.0321785,0.0887236,-0.661384
79.92,0.771822,-0.0110229,0.0053552,-0.635721,0.00134264,0.00488866,-0.000788422,0.706984,0.329972,0.083968,0.00300303,-0.00509862,0.00923905,27.7262,-0.0507417,0.122273,-0.544713
79.94,0.771812,-0.0110129,0.00536158,-0.635733,-0.002671,0.00610275,-0.006071,0.707009,0.329876,0.0840831,0.00255235,-0.00530316,0.00908943,27.5827,-0.0974623,0.0929607,-0.48493
79.96,0.771815,-0.0109925,0.00536094,-0.63573,0.00135892,-0.00166622,0.00227584,0.707033,0.32973,0.0842676,0.00180436,-0.0048911,0.00968102,29.8692,-0.0808209,0.0609856,-0.663085
79.98,0.771819,-0.0109909,0.00530933,-0.635725,0.00766019,-0.0115222,0.000592549,0.707055,0.32941,0.0844706,0.00217247,-0.00509409,0.0095223,30.1439,-0.0851924,0.106398,-0.560516
80,0.771819,-0.0109902,0.0053423,-0.635724,-0.00333381,0.00405286,0.00198645,0.707066,0.329278,0.0845314,0.002615,-0.00579591,0.00981451,29.6154,-0.0523851,0.126768,-0.588877
80.02,0.771813,-0.0109773,0.00531655,-0.635732,0.00066413,-0.00911935,0.000719851,0.707094,0.328887,0.0847393,0.00224373,-0.00593398,0.0100437,26.5342,-0.0651234,0.125399,-0.501647
80.04,0.771807,-0.0109605,0.00533407,-0.63574,0.013123,0.00197376,0.00136365,0.707109,0.328623,0.0848848,0.00212141,-0.00622392,0.0103844,28.294,-0.0866419,0.0864961,-0.740945
80.06,0.771812,-0.0109776,0.00535251,-0.635734,0.00224231,-0.000363716,0.000797315,0.70712,0.328358,0.0850396,0.00221025,-0.00666339,0.0107333,27.1753,-0.11416,0.123914,-0.634032
80.08,0.771815,-0.011001,0.00532888,-0.63573,0.00365454,-0.00260678,0.00147563,0.707166,0.327893,0.0852427,0.00290635,-0.00702804,0.00966614,31.028,-0.111224,0.0362066,-0.746101
80.1,0.771805,-0.0110011,0.00531981,-0.635742,0.00921524,-0.00400831,-0.00328627,0.707203,0.327588,0.0853484,0.00289861,-0.00691324,0.00994427,25.9402,-0.0360346,0.0966687,-0.687859
80.12,0.771812,-0.0110178,0.00534994,-0.635733,-0.00614355,0.00921631,0.00320388,0.707221,0.327438,0.0854026,0.00303605,-0.00701168,0.0108174,30.7069,-0.0856514,0.0768277,-0.684974
80.14,0.771806,-0.0110326,0.00533678,-0.63574,0.0116443,-0.00696943,-0.00286878,0.707265,0.32699,0.0855885,0.00280793,-0.00736923,0.0103403,30.3215,-0.0997835,0.144638,-0.775706
80.16,0.771815,-0.0110476,0.00535931,-0.635728,0.0041313,-0.000587239,0.0070599,0.707297,0.326693,0.0857151,0.00307588,-0.00773416,0.0105845,28.8208,-0.0679857,0.14181,-0.455272
80.18,0.771802,-0.0110553,0.00534303,-0.635744,-0.000493285,-0.00570501,-0.0108741,0.707331,0.32638,0.0858644,0.00283298,-0.00804988,0.0112773,29.6197,-0.0644642,0.0871511,-0.661059
80.2,0.771811,-0.0110569,0.00531853,-0.635733,-0.000229449,-0.0104258,-9.20622e-05,0.707431,0.326013,0.0859162,0.00366634,-0.00769636,0.00966128,28.9943,-0.0168445,0.0647105,-0.580589
80.22,0.771821,-0.0110361,0.00532206,-0.635722,0.00350001,-0.0059514,0.00741332,0.707496,0.325776,0.08596,0.0033546,-0.00763498,0.00994861,27.9067,-0.15533,0.0897045,-0.628924
80.24,0.771818,-0.0110281,0.00535137,-0.635726,-0.0055599,0.00955242,-0.00190897,0.707588,0.325425,0.0860352,0.00381595,-0.0076748,0.0105351,29.1189,-0.0497498,0.106789,-0.480303
80.26,0.771807,-0.0110184,0.00532403,-0.63574,0.00969814,-0.0062306,-0.00519607,0.707618,0.325311,0.0860685,0.00362087,-0.00742911,0.0100273,29.1203,-0.0778102,0.0701568,-0.785236
80.28,0.771794,-0.0109878,0.00531257,-0.635755,0.00162943,0.00265333,-0.00588566,0.707739,0.324969,0.0861142,0.0038032,-0.00772417,0.0105416,29.3608,-0.0865838,0.0829343,-0.646389
80.3,0.771798,-0.010974,0.00532313,-0.635751,0.00636781,-0.000403376,0.00243478,0.707805,0.324854,0.0861081,0.00373231,-0.00722994,0.0109186,30.245,-0.103873,0.114322,-0.706173
80.32,0.771796,-0.0109599,0.00532999,-0.635754,0.00378657,-0.00055664,-0.00452144,0.707984,0.324541,0.0860483,0.00452475,-0.00843697,0.00886549,28.8208,-0.119278,0.0355176,-0.828814
80.34,0.771794,-0.0109507,0.00532568,-0.635756,-0.0013889,-0.00669087,0.00228344,0.708105,0.324323,0.086011,0.00464321,-0.00872584,0.00843187,27.6352,-0.0457449,0.0428784,-0.583047
80.36,0.771767,-0.0109447,0.00535548,-0.635788,-0.00851714,0.00508154,-0.00974408,0.708275,0.323989,0.0859742,0.00464746,-0.00916016,0.00930973,25.3256,-0.0513766,0.127546,-0.547463
80.38,0.77177,-0.010917,0.00532996,-0.635786,0.00625286,-0.00338073,-0.00098197,0.708328,0.323877,0.0859674,0.0043027,-0.00934718,0.00829639,28.5735,-0.0250347,0.0959816,-0.595114
80.4,0.771763,-0.0109314,0.00535046,-0.635794,-0.00776209,0.00685539,0.000400159,0.708566,0.323579,0.0858112,0.00486678,-0.00948181,0.00728486,29.521,-0.10966,0.0318409,-0.862272
80.42,0.771745,-0.0108759,0.0053487,-0.635817,0.00662207,0.004011,-0.00137518,0.708822,0.323326,0.0855984,0.00438966,-0.00896654,0.00835998,30.8668,-0.125599,0.104797,-0.720912
80.44,0.771743,-0.0108714,0.00534949,-0.63582,-0.00329211,0.00905685,-0.00107231,0.708982,0.323157,0.0854734,0.0043326,-0.00892896,0.00851655,27.6764,-0.07365,0.0724708,-0.607558
80.46,0.771749,-0.0108667,0.00534853,-0.635812,-0.00534528,0.00841529,0.00771087,0.709136,0.322984,0.0853635,0.00450608,-0.00951739,0.0081944,28.3756,-0.0817965,0.0780971,-0.703075
80.48,0.77175,-0.0108571,0.0053531,-0.635811,-0.00984491,0.00473761,0.00528452,0.709286,0.322847,0.0851606,0.00453655,-0.00935978,0.00842136,31.925,-0.0938829,0.074045,-0.664761
80.5,0.771747,-0.0108246,0.00532277,-0.635815,0.00867577,-0.00292916,-0.00122928,0.709505,0.322705,0.0847448,0.00482389,-0.0087556,0.00804689,25.786,-0.0849311,0.107917,-0.683971
80.52,0.771737,-0.0108311,0.00533038,-0.635827,0.00295755,-0.00304668,-0.00336217,0.709641,0.322623,0.0844798,0.00482625,-0.00880932,0.00850174,27.8557,-0.0630784,0.155622,-0.624751
80.54,0.771739,-0.0108512,0.0053149,-0.635825,-0.00196112,-0.00208383,-0.00118694,0.709705,0.32258,0.0843574,0.00508164,-0.00941697,0.00695985,28.4063,-0.0604915,0.0791806,-0.654691
80.56,0.771756,-0.0108679,0.00530592,-0.635803,-0.00388208,-0.00772602,0.00264136,0.70983,0.322484,0.0841338,0.00485825,-0.00928302,0.00719917,31.1763,-0.0857647,0.11778,-0.742731
80.58,0.771746,-0.0108623,0.00532436,-0.635816,0.00117788,0.00300395,0.0035501,0.710012,0.322399,0.0837292,0.00457403,-0.00906192,0.00886252,27.8009,-0.0302101,0.0333872,-0.728741
80.6,0.771745,-0.0108282,0.00527576,-0.635818,0.00989267,-0.0103689,0.000902853,0.7102,0.322431,0.0831722,0.00477646,-0.00811386,0.00760495,27.4635,-0.117623,0.0829472,-0.802365
80.62,0.771744,-0.0108064,0.0052604,-0.63582,0.0073443,-0.00604576,-0.0107568,0.710323,0.32245,0.0828321,0.00477912,-0.00812017,0.00776963,29.2396,-0.0706907,0.140691,-0.596487
80.64,0.771759,-0.0108323,0.00527427,-0.635801,0.00380983,-0.00509112,0.00262067,0.71044,0.322463,0.0825169,0.00448945,-0.0078959,0.00755129,26.3111,-0.0956879,0.0406474,-0.787978
80.66,0.771759,-0.0108348,0.00526922,-0.635801,-0.00826854,0.0036774,-0.00260695,0.710501,0.322459,0.0823772,0.00495581,-0.00799003,0.00700172,29.2404,-0.110565,0.0521443,-0.779875
80.68,0.771753,-0.0108224,0.00529867,-0.635808,-0.00302972,0.0073252,-0.00017873,0.710666,0.322476,0.0819598,0.0045014,-0.00724035,0.00826669,30.6894,-0.0453546,0.104098,-0.633467
80.7,0.771746,-0.0108073,0.00529731,-0.635817,0.00583519,0.00430773,-0.000832479,0.710786,0.322618,0.0815135,0.00485464,-0.00639177,0.00786899,25.7379,-0.102182,0.0392544,-0.677039
80.72,0.771747,-0.0107983,0.00528651,-0.635816,0.00903349,-0.00823337,-0.000756307,0.710946,0.322845,0.0808933,0.00473063,-0.00612477,0.00642878,32.7817,-0.115668,0.107874,-0.762758
80.74,0.771743,-0.0108002,0.00531119,-0.63582,-0.007519,0.0129871,-0.00393143,0.710998,0.322914,0.0806955,0.00483739,-0.00630691,0.00703718,27.6003,-0.112245,0.133728,-0.640978
80.76,0.771731,-0.0107695,0.00530895,-0.635836,0.0103405,0.000656492,-0.00111781,0.711149,0.323099,0.0801526,0.00455936,-0.00591038,0.00697534,27.9797,-0.111611,0.0767751,-0.646889
80.78,0.771735,-0.010748,0.00532964,-0.635831,0.00337885,0.00603279,0.00404352,0.711244,0.32321,0.0798109,0.00459776,-0.00650573,0.00698439,30.1655,-0.0779551,0.0643954,-0.776412
80.8,0.77173,-0.0107407,0.00535024,-0.635837,0.000110095,0.00823055,-0.00862698,0.71139,0.323456,0.0792941,0.00457222,-0.00622104,0.00706864,26.4678,-0.0709095,0.0945134,-0.70329
80.82,0.771743,-0.0107355,0.00533413,-0.635821,0.00829163,-0.00834941,-0.00274814,0.71161,0.323801,0.0785735,0.00573802,-0.00625008,0.00495481,25.8982,-0.10584,0.0574804,-0.802586
80.84,0.771743,-0.0107518,0.00536526,-0.635821,-0.00198651,-0.00259698,-0.00500126,0.711758,0.324012,0.0781256,0.00587363,-0.00637606,0.00495354,27.1685,-0.0995968,0.0921876,-0.710469
80.86,0.771752,-0.0107519,0.00536065,-0.63581,-0.00358478,0.00280095,0.00112245,0.71199,0.324284,0.0775036,0.00655671,-0.0069569,0.00444581,29.7207,-0.069879,0.11905,-0.710589
80.88,0.77174,-0.0107419,0.00536902,-0.635825,0.00824911,-0.00550092,-0.00581986,0.712064,0.324369,0.0773088,0.00604114,-0.00650586,0.00567686,31.0912,-0.167102,0.0605059,-0.779191
80.9,0.771739,-0.0107353,0.00534476,-0.635826,0.00172911,-0.00178457,-0.00425711,0.712319,0.324751,0.0765522,0.0069871,-0.00648573,0.00373385,27.1155,-0.0413076,0.138821,-0.528298
80.92,0.77174,-0.0106941,0.0053483,-0.635826,0.00654209,0.00512251,0.000494153,0.712555,0.325115,0.0758553,0.00643313,-0.00563437,0.00490809,29.2815,-0.115989,0.09199,-0.756202
80.94,0.771747,-0.0106818,0.0053554,-0.635817,-0.00982755,0.0114169,0.00436812,0.712708,0.325341,0.0754213,0.00648547,-0.00573056,0.00461832,28.0447,-0.0815497,0.0179021,-0.576833
80.96,0.771746,-0.010666,0.00532985,-0.635819,0.00699635,-0.00205719,-0.00084114,0.712781,0.325448,0.0752142,0.00687766,-0.00589466,0.00305839,30.4145,-0.13569,0.142548,-0.698048
80.98,0.77176,-0.0106769,0.00535267,-0.635801,-0.00840796,0.00496337,0.00403316,0.713018,0.325785,0.0745927,0.00673824,-0.0057761,0.00314757,26.2476,-0.083556,0.0761381,-0.613383
81,0.771768,-0.0106487,0.00534506,-0.635793,0.0145675,-0.00250137,0.00312001,0.713095,0.325922,0.0743722,0.00620042,-0.00504604,0.00375841,29.9189,-0.0926727,0.0767789,-0.750264
81.02,0.771773,-0.0106687,0.00536745,-0.635786,-0.000729423,0.00619651,-0.00641846,0.713399,0.326453,0.0735454,0.00645853,-0.00427003,0.00377596,30.2849,-0.0811578,0.0752894,-0.583727
81.04,0.77178,-0.0106357,0.00537813,-0.635778,-0.00147488,0.0084069,0.00141483,0.713544,0.3267,0.0731675,0.00634171,-0.0041143,0.00397466,24.97,-0.118578,0.0809826,-0.634865
81.06,0.771778,-0.0106401,0.00535593,-0.635781,0.000533709,-0.00561406,-0.00202606,0.713615,0.326818,0.0729871,0.00716662,-0.00465218,0.00226568,28.7203,-0.102841,0.061442,-0.669863
81.08,0.771786,-0.0106418,0.00537551,-0.635771,-0.00159447,0.004923,-0.000438987,0.713813,0.327186,0.0724449,0.0069042,-0.00450422,0.00262289,27.0897,-0.103249,0.077608,-0.776449
81.1,0.771794,-0.0106356,0.00538406,-0.635761,-0.01365,0.00436164,0.00304519,0.713889,0.327475,0.072068,0.00701169,-0.00419119,0.00245749,30.3132,-0.0833098,0.0766048,-0.736678
81.12,0.771794,-0.0106165,0.00537867,-0.635761,0.00433601,-0.00273774,-0.00206714,0.713997,0.327887,0.0715467,0.00655494,-0.00335004,0.00296975,28.2852,-0.0956622,0.0756558,-0.7092
81.14,0.771789,-0.0106205,0.00536439,-0.635767,-0.00341511,-0.00343998,-0.00329296,0.714029,0.32802,0.0713807,0.00681871,-0.00368169,0.00168752,29.3798,-0.108333,0.0615955,-0.778461
81.16,0.771782,-0.0105843,0.00538075,-0.635776,0.00187814,0.00189526,-0.00522698,0.714113,0.328405,0.0709135,0.00579818,-0.00251181,0.00251603,27.7312,-0.133476,0.0255872,-0.812802
81.18,0.771781,-0.0105773,0.00536957,-0.635778,0.00564211,0.00537847,-0.00260888,0.714138,0.328529,0.0707657,0.00621149,-0.00306695,0.00119303,28.4634,-0.094564,0.114156,-0.719031
81.2,0.771788,-0.0106209,0.00540719,-0.635768,-0.0057643,0.0099321,-2.42772e-05,0.714041,0.328952,0.0703996,0.00582012,-0.0024363,0.00198594,29.4186,-0.0860005,0.0476583,-0.77133
81.22,0.771785,-0.0106262,0.00538486,-0.635772,-0.00361486,0.00472266,-0.000377602,0.713976,0.329228,0.0701709,0.00594187,-0.00217969,0.00155558,28.1213,-0.0906884,0.0840894,-0.72572
81.24,0.771797,-0.0106249,0.00536676,-0.635757,-0.00528049,0.00283098,0.00159922,0.713913,0.32949,0.0699562,0.0055601,-0.00210269,0.00131992,25.6958,-0.0892459,0.0654172,-0.748092
81.26,0.771796,-0.0106096,0.0053661,-0.635759,1.34845e-05,0.00476397,-0.00384675,0.713849,0.32974,0.0697576,0.00528569,-0.00194271,0.00141965,31.1528,-0.133672,0.0896504,-0.788297
81.28,0.771809,-0.0105779,0.00535443,-0.635744,0.00585838,0.011611,0.00429939,0.7137,0.33014,0.069529,0.00474061,-0.00146182,0.00251558,29.4424,-0.152244,0.0962982,-0.824657
81.3,0.771806,-0.010586,0.00534573,-0.635748,0.00270465,-0.00619451,-0.00426642,0.713472,0.330591,0.0694072,0.00469243,-0.00119491,0.00208823,27.8806,-0.0885508,0.0123311,-0.800393
81.32,0.771812,-0.0105907,0.00536115,-0.63574,-0.00322548,0.00324831,0.00365144,0.713399,0.330735,0.0693707,0.00545931,-0.00154545,0.00241991,27.9292,-0.137512,0.0813408,-0.793367
81.34,0.771822,-0.0105995,0.00536993,-0.635728,0.00244818,-0.0041042,0.00509951,0.713181,0.331151,0.0692873,0.0046592,-0.00103366,0.00262606,29.8113,-0.124002,0.0744168,-0.756958
81.36,0.771818,-0.0105942,0.00535327,-0.635733,0.00796296,-0.00362091,0.00352559,0.713046,0.331407,0.0692436,0.00469273,-0.00115664,0.00290227,26.0654,-0.0717493,0.0970781,-0.731314
81.38,0.771832,-0.010639,0.00537097,-0.635715,-0.0104472,-0.00168034,-0.00130921,0.712776,0.331819,0.06924,0.00501305,-0.00164637,0.00279057,28.3277,-0.135218,0.0455482,-0.843033
81.4,0.771842,-0.0106354,0.00539266,-0.635702,0.00461931,0.00187758,0.00667876,0.712636,0.331986,0.0692737,0.00439586,-0.00123659,0.00376923,31.2933,-0.0868626,0.109721,-0.590074
81.42,0.771859,-0.0106634,0.00540816,-0.635682,-0.00158604,0.00251343,0.00763381,0.712368,0.332308,0.0693474,0.00432462,-0.00113676,0.00401954,26.5597,-0.0893223,0.0641982,-0.815589
81.44,0.771874,-0.0106854,0.00542689,-0.635662,-0.00830817,0.00692473,-0.000611081,0.712098,0.332618,0.0694243,0.00393307,-0.00126116,0.00411116,29.1043,-0.113959,0.0775863,-0.726492
81.46,0.771895,-0.0107064,0.00541342,-0.635637,0.0101404,-0.0067543,0.00161832,0.711709,0.333055,0.0695623,0.00346434,-0.000706366,0.00435593,28.1241,-0.081922,0.0796414,-0.824432
81.48,0.771925,-0.0107502,0.00541231,-0.635599,-0.0113232,-0.00228878,0.0103362,0.711274,0.333495,0.06979,0.00371743,-0.00117338,0.0044157,27.8137,-0.18284,0.0259598,-0.853347
81.5,0.771929,-0.0107567,0.00542915,-0.635594,-0.00165989,-0.00290025,-0.000818022,0.711086,0.333657,0.0699228,0.00296022,-0.000740422,0.004922,28.4204,-0.105874,0.0868528,-0.782543
81.52,0.771947,-0.0107712,0.00544996,-0.635573,0.000172326,0.00785195,0.00614971,0.710723,0.333966,0.0701855,0.002987,-0.000678926,0.00558425,29.586,-0.111784,0.0905303,-0.812183
81.54,0.77196,-0.0108256,0.0054217,-0.635556,0.00594829,-0.0086157,0.00104499,0.710203,0.334406,0.0705618,0.00254837,-8.9524e-05,0.00489497,27.4936,-0.0893093,0.059047,-0.775611
81.56,0.771968,-0.0108462,0.0054433,-0.635545,-0.00820686,0.00723714,-0.00288405,0.709705,0.334817,0.0709265,0.00190109,0.000112971,0.00579731,29.1709,-0.129413,0.0610218,-0.739669
81.58,0.771979,-0.0108472,0.00542733,-0.635533,0.00430501,-0.00717096,-0.000637199,0.709539,0.334952,0.0710524,0.00116388,0.000591399,0.00550866,26.7982,-0.0485009,0.0335264,-0.736518
81.6,0.77198,-0.0108667,0.00542203,-0.635531,-0.00820071,0.00230485,-8.24899e-05,0.708898,0.335418,0.0716169,0.000805575,0.000486602,0.0057173,26.3658,-0.094166,0.101847,-0.748118
81.62,0.771978,-0.0108452,0.00542335,-0.635533,0.00727834,-0.00114832,0.000204711,0.708689,0.335571,0.0718149,0.000537674,0.00107063,0.00631743,32.5182,-0.114185,0.0432677,-0.736738
81.64,0.771987,-0.0108515,0.00542201,-0.635522,0.00553469,-0.00596438,-0.000442939,0.708095,0.336008,0.0723525,0.00109366,0.000940814,0.00502516,26.7136,-0.0805568,0.0483697,-0.74129
81.66,0.771992,-0.0108645,0.00545005,-0.635517,-0.00269778,-0.00588838,0.00271493,0.707719,0.336277,0.0727028,0.000701814,0.000517763,0.00542862,29.1945,-0.169626,0.0538541,-0.808756
81.68,0.771998,-0.0108719,0.00546478,-0.635509,0.00629052,-0.00956477,0.00091734,0.707353,0.336529,0.0730508,0.000458661,0.000979231,0.00575936,28.2784,-0.0934302,0.060866,-0.725212
81.7,0.772011,-0.010875,0.00546942,-0.635492,0.0131778,-0.00696645,0.0025597,0.706991,0.336778,0.0734371,-5.9397e-05,0.000850717,0.00622622,27.6587,-0.129614,0.0590315,-0.790711
81.72,0.772019,-0.010915,0.00549179,-0.635482,-0.00958554,0.00356085,0.00708184,0.706458,0.337134,0.0740697,0.000334666,0.000601386,0.00664719,28.0174,-0.05289,0.0536912,-0.736338
81.74,0.772015,-0.0109233,0.00551936,-0.635486,0.00585141,0.00410973,-0.0012574,0.705962,0.337461,0.0746701,-0.000801283,0.00114663,0.00756909,30.0142,-0.128305,0.0478569,-0.780007
81.76,0.772016,-0.0109408,0.00549705,-0.635485,-0.008013,-0.00352499,-0.00141569,0.705803,0.337563,0.074861,-0.000346221,0.000651502,0.00673103,28.1204,-0.0820644,0.0726392,-0.705353
81.78,0.772031,-0.0109378,0.00552295,-0.635467,-0.000905959,0.00759588,0.00532531,0.705342,0.337846,0.0755105,-0.000948069,0.000847194,0.00838761,28.6068,-0.085677,0.076961,-0.75789
81.8,0.772022,-0.0109257,0.00551551,-0.635478,-0.00732047,0.00925828,-0.00298387,0.705052,0.338006,0.0760244,-0.00110649,0.000992924,0.00865044,29.071,-0.145952,0.0538545,-0.846814
81.82,0.772015,-0.0109304,0.00552575,-0.635487,-0.00534807,0.0125454,-0.00262457,0.70477,0.33816,0.0765266,-0.00109106,0.00115949,0.0086551,25.2009,-0.10718,0.0461956,-0.85463
81.84,0.772009,-0.0109331,0.00552027,-0.635493,-0.0070832,0.00440642,-0.00245034,0.704497,0.338311,0.0770205,-0.00133942,0.00112353,0.00907442,28.8207,-0.0858655,0.0503958,-0.844586
81.86,0.772008,-0.0109156,0.00552943,-0.635495,-0.000709836,0.00401659,-0.00920357,0.704225,0.338454,0.0775111,-0.001876,0.00123492,0.00924992,30.6736,-0.095456,0.0615092,-0.816553
81.88,0.772007,-0.0109175,0.00552217,-0.635496,-0.00464314,-0.00550634,-0.00319459,0.70395,0.338595,0.0780096,-0.00235749,0.00150347,0.00914665,30.5254,-0.141402,0.0706958,-0.761858
81.9,0.77202,-0.0108911,0.00553565,-0.635481,0.00656316,0.00951932,-0.00210429,0.70366,0.338699,0.0788897,-0.00204984,0.000824446,0.010796,28.1551,-0.0529663,0.0591948,-0.65491
81.92,0.772038,-0.0108839,0.0054919,-0.635459,0.0103347,-0.00757863,0.0108014,0.703385,0.338788,0.0797466,-0.00186523,0.00129272,0.010543,29.2847,-0.0769351,0.0417699,-0.756633
81.94,0.772039,-0.0109082,0.00551252,-0.635457,-0.0129284,0.00691885,0.00589664,0.703301,0.338815,0.0800224,-0.00155174,0.000902421,0.0109703,25.4985,-0.0981662,0.0547542,-0.807082
81.96,0.772032,-0.0109041,0.00550284,-0.635466,0.00445202,-0.0061151,-0.00660372,0.703064,0.338885,0.0808165,-0.0020055,0.000645693,0.0112614,31.2135,-0.129341,0.057051,-0.891205
81.98,0.772047,-0.0109055,0.00550152,-0.635449,0.00256144,-0.00147424,0.00236095,0.70291,0.338918,0.0813513,-0.00197304,0.000657929,0.0123898,27.6366,-0.116837,0.0302497,-0.858964
82,0.77204,-0.0109234,0.00547844,-0.635457,0.00119044,-0.00645888,0.000761498,0.702739,0.338945,0.0821582,-0.00203127,5.41274e-05,0.0113754,28.2326,-0.0451355,0.105077,-0.637509
82.02,0.772034,-0.0109034,0.00549327,-0.635464,0.00666907,0.00365587,0.000716611,0.702684,0.33895,0.0824208,-0.00214982,0.000263216,0.0127214,28.9451,-0.0832363,0.0977182,-0.730806
82.04,0.772036,-0.0109045,0.00545128,-0.635462,0.0150253,-0.00744931,0.00606425,0.702524,0.338978,0.0832011,-0.00216695,0.000884386,0.0121614,27.4568,-0.114112,0.0301426,-0.784205
82.06,0.772035,-0.0109239,0.00548939,-0.635463,-0.0112303,0.00965361,0.000216927,0.702472,0.338984,0.0834537,-0.00209714,0.000350663,0.0128783,29.6565,-0.112475,0.0393393,-0.779892
82.08,0.772039,-0.0109072,0.00548291,-0.635457,0.00571604,-0.000526783,-0.00541623,0.70232,0.338997,0.0842129,-0.00230286,0.0006444,0.0128729,29.9782,-0.14011,0.0862086,-0.745826
82.1,0.772033,-0.0109089,0.00547733,-0.635465,0.00654472,0.00123346,-0.0060714,0.702222,0.338996,0.0847028,-0.00221582,0.000447949,0.0137169,27.3974,-0.0875208,0.0398368,-0.788327
82.12,0.772041,-0.0109055,0.00549018,-0.635455,0.0037187,0.000362044,-0.00165571,0.702129,0.338987,0.0851538,-0.00252433,0.000455626,0.014215,28.6429,-0.0496269,0.045279,-0.77219
82.14,0.772053,-0.010904,0.00544756,-0.635442,0.00444138,-0.00868549,0.00186903,0.701998,0.338969,0.0858243,-0.00177308,0.000156262,0.0127495,28.5859,-0.112799,0.0453612,-0.812123
82.16,0.77206,-0.0109023,0.00546787,-0.635433,0.00369754,-0.0070094,0.00140923,0.701923,0.338957,0.0862342,-0.00200196,5.30685e-05,0.0131181,29.3979,-0.102823,0.023628,-0.780087
82.18,0.772061,-0.0109275,0.00548835,-0.635431,-0.0108347,0.00767934,-0.000557818,0.701838,0.338903,0.0867751,-0.00196985,-0.000156852,0.0141586,28.5862,-0.11889,0.0757738,-0.757773
82.2,0.772065,-0.0109282,0.0054885,-0.635426,0.00585425,-0.00565376,-0.00312004,0.70181,0.338877,0.0869674,-0.00241566,-0.000204311,0.0144608,29.6168,-0.118993,0.0892026,-0.74839
82.22,0.772077,-0.010939,0.00546097,-0.635412,-0.0138704,-0.00417996,0.00584997,0.701727,0.338798,0.0874629,-0.00217853,-0.000533403,0.0128339,28.4996,-0.0578101,0.0841345,-0.718258
82.24,0.772075,-0.0109475,0.0054936,-0.635414,-0.00297926,-0.0019063,0.00312367,0.701702,0.338773,0.0876265,-0.00269649,0.000188034,0.0144078,30.032,-0.12022,0.0853021,-0.69066
82.26,0.77207,-0.01096,0.00545667,-0.63542,0.000233473,-0.00933597,-0.00288436,0.701621,0.338694,0.0881102,-0.00251946,-0.000561529,0.0130377,29.4055,-0.0800051,0.0280029,-0.849385
82.28,0.772069,-0.0109259,0.00545261,-0.635421,0.01067,-0.00676993,-0.0067725,0.70157,0.338615,0.088393,-0.00277769,-0.000395342,0.0133726,25.4464,-0.0894163,0.0684379,-0.751795
82.3,0.772069,-0.0109333,0.00545591,-0.635422,0.009173,-0.00652564,-4.86396e-05,0.701525,0.338518,0.0886368,-0.00269483,-0.000352634,0.0133526,27.4513,-0.115681,0.0343503,-0.79668
82.32,0.77207,-0.010928,0.0054505,-0.63542,0.0100299,-0.0126113,0.00144611,0.701479,0.338419,0.0888962,-0.00321999,-0.000243496,0.0146028,29.2401,-0.113722,0.0528989,-0.813732
82.34,0.772074,-0.0109377,0.00546497,-0.635415,-0.00856974,-0.00227811,-0.000518318,0.701405,0.338281,0.0892674,-0.00269846,-0.000302901,0.0136979,28.8018,-0.0616105,0.0881058,-0.589335
82.36,0.772072,-0.0109097,0.00547505,-0.635418,0.00679282,0.0066029,0.00333694,0.701334,0.338157,0.0896283,-0.00316316,-0.000411108,0.0152639,28.1214,-0.0873978,0.0319084,-0.775626
82.38,0.772068,-0.0109158,0.00544729,-0.635423,-0.00214209,-0.00651036,-0.00793084,0.701339,0.338097,0.0897059,-0.0029355,-0.00109131,0.0138057,26.8568,-0.104705,0.0415669,-0.785656
82.4,0.772065,-0.010922,0.00548752,-0.635427,-0.00150915,0.00798083,-7.83319e-05,0.701347,0.337915,0.0899483,-0.0031917,-0.0011206,0.0151314,30.6625,-0.118546,0.0738824,-0.784657
82.42,0.772065,-0.0109181,0.00547845,-0.635426,-0.00390061,0.00614135,0.00144823,0.701346,0.337785,0.0901292,-0.00299131,-0.00205749,0.0137959,28.7163,-0.0557493,0.0738214,-0.80163
82.44,0.772071,-0.0108999,0.00547202,-0.63542,0.00505639,0.00457405,0.000278446,0.701344,0.337591,0.0903783,-0.00348663,-0.00153166,0.014589,28.956,-0.123233,0.0645815,-0.686702
82.46,0.772063,-0.0109225,0.00545973,-0.635428,-0.00928041,0.000905513,-0.00171955,0.701341,0.337528,0.0904619,-0.00293531,-0.00224392,0.0133203,29.027,-0.0680497,0.0359988,-0.811378
82.48,0.772073,-0.0109131,0.00550341,-0.635417,0.000952688,0.00658157,0.00413771,0.701326,0.337339,0.0907306,-0.00409681,-0.00139607,0.0150325,29.8394,-0.145866,0.0785637,-0.707701
82.5,0.772069,-0.0109139,0.0054695,-0.635422,-0.00569109,-0.00965125,0.00133967,0.701319,0.33725,0.0907742,-0.00341334,-0.00207875,0.0134776,30.4872,-0.079686,0.102658,-0.746665
82.52,0.772075,-0.0108672,0.00545382,-0.635415,0.000266482,-0.00801989,-0.00140927,0.701274,0.336883,0.090982,-0.00459105,-0.00180945,0.0136077,26.2941,-0.0277217,0.13279,-0.513602
82.54,0.77207,-0.0108757,0.00547856,-0.635421,-0.00607176,0.00465376,-0.0118719,0.701261,0.336797,0.0910263,-0.00390174,-0.00209074,0.0131238,29.3535,-0.0878937,0.00858699,-0.711787
82.56,0.772057,-0.0108661,0.00545595,-0.635437,0.000993741,0.00491246,-0.00953787,0.701236,0.33663,0.0911216,-0.00356131,-0.00215777,0.0126091,29.1018,-0.0891638,0.0723134,-0.776483
82.58,0.772043,-0.010827,0.00548082,-0.635455,0.0101475,0.0039207,0.00205573,0.701214,0.336367,0.0912185,-0.00430229,-0.00179122,0.0137769,28.4987,-0.113295,0.0420188,-0.766843
82.6,0.77204,-0.0108316,0.0054882,-0.635458,-0.00118149,0.00338301,-0.00538409,0.701209,0.336144,0.0912506,-0.00411221,-0.0024597,0.0136763,30.2625,-0.0805553,0.107297,-0.724246
82.62,0.772041,-0.0108147,0.00546623,-0.635457,0.0075789,0.00205813,0.0013966,0.701179,0.335799,0.0913382,-0.00441167,-0.00311997,0.0128811,25.9604,-0.0987541,0.0742962,-0.652994
82.64,0.772047,-0.0108195,0.00548666,-0.63545,0.00514598,0.00666444,-0.00327454,0.701172,0.335685,0.0913603,-0.00371712,-0.00328913,0.0131451,29.4303,-0.14183,0.0996184,-0.651245
82.66,0.772053,-0.0107871,0.00545829,-0.635443,0.0132911,-0.00170015,-0.000515531,0.701142,0.335362,0.0914579,-0.00429694,-0.0032769,0.0131776,28.9604,-0.0663652,0.127092,-0.747746
82.68,0.772043,-0.0108016,0.00546549,-0.635455,-0.0110057,0.00876893,-0.00430492,0.701134,0.335252,0.0914892,-0.00336208,-0.00369541,0.0125739,29.0453,-0.0945541,0.0418721,-0.828174
82.7,0.77207,-0.0107756,0.00543896,-0.635423,0.0139323,-0.00233764,0.00399605,0.701093,0.334936,0.0914468,-0.00377544,-0.00350669,0.0132268,26.8355,-0.118797,0.0444498,-0.834478
82.72,0.772077,-0.0107991,0.00546536,-0.635414,-0.000354816,0.00610936,0.00367976,0.701062,0.334725,0.0914359,-0.00417216,-0.00365751,0.0134894,28.5313,-0.11905,0.065969,-0.679531
82.74,0.772081,-0.0108087,0.00545356,-0.635409,0.00334811,0.0067319,0.00523277,0.701018,0.334511,0.0914572,-0.00362097,-0.00399065,0.0131128,28.7442,-0.062218,0.0837403,-0.734079
82.76,0.772078,-0.0108382,0.00542609,-0.635412,-0.00562817,0.00400746,0.00246103,0.700985,0.334311,0.0914697,-0.0033589,-0.00406149,0.0131673,29.6921,-0.103371,0.0264516,-0.776377
82.78,0.772078,-0.0108317,0.00540019,-0.635413,0.000871592,0.000187743,-0.00113608,0.70093,0.334074,0.0914444,-0.00407796,-0.00393968,0.0129876,29.2036,-0.0769225,0.0597566,-0.6984
82.8,0.772099,-0.0108474,0.00536693,-0.635387,-0.00616381,-0.00529071,-0.00124936,0.700854,0.333917,0.0913335,-0.00394973,-0.00436739,0.0130106,28.3821,-0.103652,0.0784437,-0.794389
82.82,0.772095,-0.0108462,0.00539451,-0.635391,-0.00345893,0.000461523,-0.00304722,0.700825,0.333864,0.0913091,-0.00467959,-0.00405146,0.0136312,30.2859,-0.0906233,0.0924619,-0.804948
82.84,0.772104,-0.0108553,0.00537188,-0.635381,0.00012064,-0.00329272,0.00065105,0.700725,0.333704,0.0912634,-0.0043648,-0.00349263,0.0124655,31.959,-0.115393,0.0724218,-0.766913
82.86,0.772119,-0.0108547,0.00539634,-0.635363,-0.000591969,0.00769591,0.000719336,0.700635,0.333562,0.0912259,-0.00413203,-0.00358513,0.0131877,28.3285,-0.0640283,0.0233123,-0.745244
82.88,0.772128,-0.0108412,0.0053694,-0.635352,0.00952655,-0.00985748,0.00323989,0.700603,0.333514,0.0912272,-0.0043524,-0.00342815,0.012397,26.5613,-0.108581,0.0826849,-0.712929
82.9,0.772135,-0.0108637,0.00539823,-0.635343,0.00678544,-0.00653977,-0.000740266,0.700528,0.333504,0.0910243,-0.00488141,-0.00294562,0.0126453,30.6908,-0.0660767,0.0411245,-0.804982
82.92,0.772141,-0.0108385,0.0053908,-0.635336,0.010963,-0.00195297,-0.00283115,0.70045,0.33349,0.0908403,-0.00496505,-0.00329059,0.0126835,27.1784,-0.119337,0.0693189,-0.786214
82.94,0.772138,-0.0108265,0.00536418,-0.63534,0.013825,-0.00296959,-0.00227107,0.700365,0.333472,0.0906758,-0.00525243,-0.00307304,0.01261,27.4281,-0.109199,0.0748718,-0.642349
82.96,0.772139,-0.0108248,0.00534368,-0.635339,-0.00222408,-0.00125629,0.00122355,0.70024,0.333452,0.0904655,-0.0043841,-0.00325222,0.0113878,28.8537,0.00700368,0.0715202,-0.676921
82.98,0.772157,-0.0108312,0.00536994,-0.635317,-0.0076426,0.00739198,0.00547085,0.700078,0.333449,0.0900792,-0.004898,-0.00296836,0.0118911,29.477,-0.135867,0.0865663,-0.764844
83,0.77216,-0.0108091,0.00534151,-0.635314,0.00554792,-0.00226508,0.000225502,0.700019,0.333456,0.089922,-0.00515646,-0.00258942,0.0115036,29.6505,-0.109189,0.0677242,-0.768718
83.02,0.772147,-0.0108104,0.00533782,-0.63533,-0.00282012,0.00153611,-0.00650738,0.699854,0.333473,0.0894659,-0.00458609,-0.00280918,0.0108987,27.7269,-0.0982811,0.103788,-0.728596
83.04,0.772159,-0.0108145,0.0053271,-0.635315,-0.00535515,0.00311656,-0.00100153,0.699746,0.333481,0.0891901,-0.00428978,-0.00284617,0.0104483,29.6648,-0.103043,0.0300436,-0.689563
83.06,0.772172,-0.0108267,0.0053589,-0.635299,-0.00722588,0.00017202,0.00442263,0.6996,0.333489,0.088815,-0.00432467,-0.00227878,0.010863,29.9735,-0.102603,0.0805818,-0.702437
83.08,0.772169,-0.0108213,0.00532558,-0.635302,0.002253,-0.00370596,-0.000642487,0.699522,0.33351,0.0885904,-0.00377412,-0.00285773,0.0094047,28.0683,-0.0860432,0.0487661,-0.724553
83.1,0.772179,-0.0108413,0.0053502,-0.63529,-0.014513,0.00241606,-0.000357387,0.69929,0.333564,0.0879707,-0.00380994,-0.00237226,0.00959172,28.7284,-0.104704,0.068357,-0.779883
83.12,0.772184,-0.0108376,0.00533859,-0.635285,0.000329692,-0.00910689,-0.00392242,0.699215,0.333584,0.0877763,-0.00431517,-0.00234352,0.00923388,28.8605,-0.0808505,0.112971,-0.714739
83.14,0.772188,-0.0108552,0.00536447,-0.635279,-0.00104893,0.00957346,-0.000384275,0.698988,0.33362,0.0872166,-0.00446447,-0.00293367,0.00901815,30.6862,-0.0619627,0.0782291,-0.729428
83.16,0.772198,-0.0108556,0.00535546,-0.635267,-0.00286888,0.00600553,-0.00254407,0.698835,0.333645,0.0868724,-0.0044681,-0.00285181,0.00824643,24.377,-0.081568,0.0495665,-0.770697
83.18,0.772205,-0.0108784,0.00534903,-0.635258,-0.010014,-0.00325991,-0.00351867,0.698681,0.33367,0.0865485,-0.0047464,-0.00231857,0.00774675,29.689,-0.160197,0.0404478,-0.785026
83.2,0.77222,-0.0108733,0.0053628,-0.635239,-0.00317119,-4.65167e-05,0.00353607,0.698482,0.333708,0.0860572,-0.00472185,-0.00239412,0.00734925,29.632,-0.0703261,0.0133354,-0.757971
83.22,0.772213,-0.0108719,0.00539526,-0.635248,-0.00541199,0.00471166,-0.0011496,0.698181,0.33376,0.0853904,-0.0051368,-0.00194983,0.00765216,28.9629,-0.0964964,0.0935129,-0.743855
83.24,0.772234,-0.0108694,0.00537979,-0.635222,0.00487465,-0.00497388,0.000706554,0.697884,0.333812,0.0847727,-0.00569994,-0.00143213,0.00674391,29.108,-0.0674409,0.110102,-0.802692
83.26,0.772231,-0.0108762,0.00539242,-0.635226,-0.00301066,0.0021227,0.00130408,0.697789,0.333828,0.0845743,-0.00524413,-0.00156916,0.00716988,27.6332,-0.103955,0.0415185,-0.773439
83.28,0.772235,-0.0108679,0.00537675,-0.635221,0.00772017,-0.00175776,-0.00119645,0.697472,0.333892,0.0839723,-0.0056479,-0.00131415,0.00678458,29.5752,-0.116694,0.0771459,-0.654903
83.3,0.772227,-0.0108664,0.00536374,-0.635231,0.00547979,0.00164924,-0.00943237,0.697221,0.333946,0.0835242,-0.00583007,-0.00117128,0.00643614,27.7311,-0.0298006,0.091457,-0.644492
83.32,0.772223,-0.0108872,0.00534825,-0.635236,0.0016539,-0.00656593,0.00333775,0.69685,0.334016,0.0828982,-0.00552179,-0.00150648,0.00526742,26.814,-0.0935441,0.0942973,-0.786023
83.34,0.772229,-0.0108849,0.00535647,-0.635228,0.00313278,0.00222318,0.0016729,0.696733,0.334036,0.0826968,-0.00553328,-0.00146691,0.00620812,27.5297,-0.125683,0.0486895,-0.781259
83.36,0.772229,-0.0108652,0.00533603,-0.635229,0.0128468,-0.00378521,-1.66939e-05,0.696387,0.334102,0.0821306,-0.00566502,-0.000972081,0.00487715,30.6346,-0.0596108,0.095259,-0.684567
83.38,0.772231,-0.0108832,0.00535272,-0.635225,-0.000985497,0.00460321,-0.000319825,0.696275,0.334121,0.0819475,-0.00550726,-0.00144885,0.00523014,26.5743,-0.0790885,0.0780482,-0.751765
83.4,0.772232,-0.0108803,0.00534989,-0.635225,0.00145664,-0.00190276,5.31661e-05,0.69587,0.334228,0.0813905,-0.00611589,-0.00135873,0.0043782,30.3013,-0.0596698,0.0897148,-0.749433
83.42,0.772215,-0.0108582,0.00535077,-0.635246,0.00814843,0.004001,0.000444562,0.695579,0.334303,0.0810327,-0.00605109,-0.00129191,0.00464197,28.7476,-0.137737,0.00145499,-0.669227
83.44,0.772208,-0.0108557,0.00536573,-0.635254,-0.00218108,0.0027466,-0.00394827,0.6953,0.334374,0.0806787,-0.00648304,-0.00154532,0.00400248,29.4868,-0.0997614,0.11056,-0.757827
83.46,0.772202,-0.010859,0.0053257,-0.635262,-0.00111077,-0.00723113,-0.007517,0.694889,0.334478,0.0801764,-0.00626409,-0.00111896,0.00237879,28.9386,-0.101369,0.0982832,-0.729919
83.48,0.772203,-0.0108402,0.00531667,-0.635262,0.00478805,-0.00685711,-0.00318753,0.694623,0.334543,0.0798662,-0.00652152,-0.00111934,0.00251334,28.7661,-0.111765,0.0369744,-0.691505
83.5,0.772199,-0.0108436,0.00534227,-0.635266,-0.00421073,0.00486655,-0.00167178,0.694195,0.334765,0.0795044,-0.0066168,-0.00127966,0.00285165,29.1501,-0.0837455,0.0553388,-0.770613
83.52,0.772203,-0.010844,0.00533865,-0.635262,0.00382261,2.24057e-05,-0.00349606,0.694054,0.334837,0.0793944,-0.00687683,-0.00116608,0.00239593,29.5143,-0.071704,0.119834,-0.727658
83.54,0.77221,-0.010859,0.00533919,-0.635253,-0.00417283,-0.00464106,-0.00174909,0.693637,0.335023,0.0790712,-0.00664696,-0.00183626,0.00119041,26.4867,-0.133664,0.0812003,-0.756212
83.56,0.772218,-0.0108462,0.00537481,-0.635242,0.00336678,0.00414377,0.00584547,0.693504,0.335081,0.0789689,-0.00690742,-0.00120177,0.00294545,29.9351,-0.0550497,0.0953538,-0.72649
83.58,0.772206,-0.0108658,0.00533832,-0.635257,0.000626239,-0.0112007,-0.00741859,0.693115,0.335257,0.0786806,-0.00661571,-0.00126303,0.00117925,28.3368,-0.113055,-0.0180967,-0.799339
83.6,0.772209,-0.0108547,0.00532931,-0.635254,0.0142177,-0.00876836,-0.00407135,0.692924,0.33539,0.0785348,-0.00667087,-0.00113632,0.00128388,25.7864,-0.107589,0.0817742,-0.826595
83.62,0.772219,-0.0108612,0.00532523,-0.635241,0.0108388,-0.00293311,0.00726245,0.692744,0.335516,0.0784019,-0.00671169,-0.00125216,0.00141699,29.3731,-0.0991612,0.0685727,-0.791673
83.64,0.772222,-0.010853,0.00530644,-0.635238,0.0116486,-0.00272399,-0.00379242,0.692558,0.335628,0.0782879,-0.00688296,-0.0012274,0.00277508,27.5645,-0.0879554,0.0499531,-0.703595
83.66,0.772218,-0.0108569,0.00531018,-0.635242,-0.00479325,0.00159003,0.00204304,0.6923,0.335782,0.0781289,-0.00608665,-0.00175116,0.00121107,27.2249,-0.17513,0.0851337,-0.779506
83.68,0.772219,-0.0108444,0.00531478,-0.635241,-0.000157716,0.00235453,-0.000216671,0.692125,0.335888,0.0780084,-0.00664548,-0.00117478,0.00273448,27.9171,-0.0757529,0.0809443,-0.762194
83.7,0.772237,-0.01084,0.00529858,-0.63522,-0.0010183,-0.00537903,0.011221,0.69211,0.335895,0.0779866,-0.00641173,-0.00168457,0.00150845,30.0671,-0.110718,0.0557424,-0.810529
83.72,0.772236,-0.0108403,0.00531842,-0.635221,-0.00641122,0.00466089,-0.00315203,0.692066,0.335911,0.0779352,-0.00635487,-0.00122446,0.00297064,27.3746,-0.0619978,0.0913886,-0.772294
83.74,0.772236,-0.0108297,0.00531221,-0.635222,-0.00805618,0.0119615,0.00329523,0.692031,0.335916,0.0779132,-0.00645631,-0.00154722,0.00307848,30.69,-0.093035,0.106549,-0.66242
83.76,0.772246,-0.0108244,0.00531492,-0.635209,0.00473981,-0.00103945,0.00111152,0.691964,0.335924,0.0779103,-0.00656589,-0.000842758,0.00364565,28.4187,-0.0634383,0.0393049,-0.796185
83.78,0.772251,-0.0108424,0.00530845,-0.635203,-0.0100481,0.00242106,-0.000473549,0.691943,0.335929,0.0779108,-0.00597193,-0.00129808,0.00233596,28.4265,-0.0950187,0.0970483,-0.749242
83.8,0.772247,-0.0108289,0.00532188,-0.635208,0.00357652,-0.000741895,-0.00820173,0.692106,0.335867,0.0780987,-0.00624586,-0.000673747,0.00398493,28.194,-0.0925558,0.0548621,-0.598922
83.82,0.77226,-0.0108324,0.00527736,-0.635192,0.00295156,-0.0134717,0.00125377,0.69216,0.335851,0.0781607,-0.00549203,-0.0010554,0.0026264,31.2751,-0.0824475,0.0658748,-0.711413
83.84,0.772249,-0.0108291,0.00531726,-0.635206,-0.00142658,0.00917632,-0.000861099,0.692318,0.335797,0.0783513,-0.00579601,-0.000817188,0.00414285,26.6267,-0.102406,0.0860197,-0.650082
83.86,0.772251,-0.0108264,0.005324,-0.635203,-0.00387782,0.00964334,-0.00176412,0.692406,0.335765,0.0784778,-0.00505753,-0.000746722,0.00326733,28.0698,-0.0553,0.0894223,-0.707761
83.88,0.772251,-0.0108242,0.00531169,-0.635203,-0.010548,0.00224511,-0.00284947,0.692499,0.335736,0.0786064,-0.00505188,-0.000756446,0.00321937,27.509,-0.0626753,0.0576957,-0.597799
83.9,0.772253,-0.0108008,0.00531806,-0.635201,0.0150543,0.00151955,-0.00481678,0.692752,0.3356,0.0788607,-0.00536502,-0.000479744,0.00447602,29.1901,-0.116537,0.0997067,-0.747982
83.92,0.772255,-0.0107901,0.00530074,-0.6352,0.00300053,0.00297915,-0.004783,0.69295,0.33548,0.0790476,-0.00513837,-0.000566168,0.00487787,28.1714,-0.0959985,0.074434,-0.782249
83.94,0.772246,-0.0107911,0.00525504,-0.635211,0.0036681,-0.00284036,-0.00423792,0.693229,0.335295,0.0793372,-0.00441257,-0.00169849,0.00397467,28.6868,-0.112439,0.0754908,-0.637608
83.96,0.772242,-0.0107981,0.00527514,-0.635214,-0.00206752,0.00796456,-0.00312249,0.693319,0.335231,0.0794359,-0.00471336,-0.00119206,0.00560633,29.1774,-0.0784514,0.0605845,-0.773554
83.98,0.772248,-0.0108125,0.00526265,-0.635208,0.0019103,-0.00163483,-0.00140372,0.69366,0.334981,0.0797679,-0.00418149,-0.000887419,0.00562969,30.096,-0.121022,0.0629013,-0.830948
84,0.772247,-0.0108216,0.00525439,-0.635209,-0.00488376,0.000864308,0.00090782,0.693788,0.334886,0.0798762,-0.00341632,-0.00176354,0.00466834,26.6281,-0.0752351,0.0704042,-0.679446
84.02,0.772248,-0.0107995,0.0052473,-0.635208,0.00844534,0.00446794,0.00281733,0.694155,0.334617,0.0801988,-0.0039097,-0.00129002,0.00591026,26.5867,-0.0818578,0.0282028,-0.857279
84.04,0.772256,-0.0108093,0.00524824,-0.635198,-0.00414357,0.00314116,0.00632146,0.69439,0.334439,0.0804131,-0.00313784,-0.00197876,0.00643068,27.9163,-0.0986667,0.111195,-0.674995
84.06,0.772252,-0.0107844,0.00522674,-0.635203,0.00590562,0.00678126,-0.00168803,0.694615,0.334264,0.0806308,-0.00317741,-0.00226842,0.00666473,31.4436,-0.0962674,0.0781164,-0.588851
84.08,0.772245,-0.010763,0.00520146,-0.635213,-0.00359887,0.00478009,-0.00365482,0.694833,0.334091,0.0808446,-0.0025283,-0.00226189,0.00640979,27.9595,-0.131791,0.0934556,-0.817258
84.1,0.772254,-0.0107585,0.00518068,-0.635202,0.00681091,-0.00684835,0.00157716,0.69522,0.333782,0.0811321,-0.00263403,-0.00266639,0.00628243,28.9589,-0.0515679,0.0564644,-0.692972
84.12,0.772257,-0.0107527,0.00514982,-0.635199,0.000846667,0.000988685,-0.00172487,0.69559,0.333475,0.0814202,-0.00165533,-0.00312526,0.00679029,26.4558,-0.115776,0.0695559,-0.717142
84.14,0.772253,-0.0107491,0.00516134,-0.635203,0.00236844,-0.000691806,0.00103598,0.695708,0.333375,0.0815235,-0.00206829,-0.00306828,0.00706484,29.7329,-0.0825949,0.0611276,-0.76358
84.16,0.772257,-0.0107396,0.00513409,-0.635198,-0.000255479,0.000709184,0.00146064,0.696053,0.333069,0.0818329,-0.00146046,-0.00340143,0.00631599,27.0118,-0.0573332,0.0114601,-0.774343
84.18,0.772255,-0.0107281,0.00511699,-0.635202,0.00988057,-0.0107297,-0.000362475,0.696298,0.332888,0.0820409,-0.00109008,-0.00346316,0.00644817,26.8018,-0.080153,0.0693404,-0.638492
84.2,0.772271,-0.0107413,0.00514001,-0.635181,-0.00195922,0.00280021,0.00530563,0.696685,0.33263,0.0823675,-0.000708775,-0.00394613,0.00819521,27.814,-0.110905,0.0609514,-0.709804
84.22,0.772265,-0.0107266,0.00513361,-0.63519,0.00703458,-0.00195591,-0.00131209,0.696807,0.332553,0.0824759,-0.000976015,-0.00359923,0.0076825,31.8688,-0.159061,0.12349,-0.675498
84.24,0.772277,-0.0107363,0.0051422,-0.635175,-0.0104079,0.00608394,0.00426875,0.697164,0.332308,0.0827957,-0.000352324,-0.00486133,0.00831466,29.4071,-0.0631594,0.106716,-0.68103
84.26,0.772274,-0.0107066,0.00512545,-0.635179,0.010086,0.000188031,0.00186372,0.697276,0.332217,0.0829222,-0.000685101,-0.00462262,0.00931948,28.4197,-0.100906,0.0419681,-0.844685
84.28,0.772277,-0.0107128,0.00509869,-0.635175,0.00217761,-0.00454615,-0.000635657,0.697613,0.331963,0.0832558,0.000257711,-0.00505862,0.00805856,27.8859,-0.0490742,0.101866,-0.661461
84.3,0.772278,-0.0106957,0.00508844,-0.635174,0.00949369,-0.00372767,-0.0056875,0.6979,0.331848,0.0834492,0.000772526,-0.00513915,0.00810046,28.2095,-0.14152,0.0562907,-0.767953
84.32,0.772277,-0.010687,0.00509088,-0.635176,0.00550267,-0.00673098,-0.00220141,0.698183,0.331732,0.0836385,0.00123774,-0.00524606,0.00797765,29.5186,-0.0438805,0.0171468,-0.639139
84.34,0.772277,-0.0106923,0.00510094,-0.635175,-0.00567657,0.00869734,-0.00359519,0.698598,0.331555,0.0839252,0.00176763,-0.0053782,0.00893059,31.3036,-0.0758599,0.108381,-0.738279
84.36,0.772279,-0.0106468,0.00507945,-0.635174,-0.00544445,0.00729392,-0.00085256,0.698864,0.331431,0.0841351,0.00212255,-0.00544265,0.00808285,29.1924,-0.0522762,0.0601863,-0.735673
84.38,0.772283,-0.0106443,0.00508296,-0.635169,-0.00533581,0.00446464,0.0022457,0.699326,0.331353,0.0843218,0.00291114,-0.00442268,0.0088608,26.6979,-0.132476,0.0377313,-0.854052
84.4,0.772276,-0.0106471,0.00504641,-0.635178,-0.000170188,-0.00521054,-0.00695288,0.699486,0.331343,0.0843652,0.00319687,-0.00484399,0.00706735,26.9954,-0.102514,0.0746243,-0.814663
84.42,0.772272,-0.0106142,0.00508942,-0.635183,0.00104568,0.0117071,-0.00511889,0.699955,0.33131,0.0844897,0.00347334,-0.00426742,0.00858873,31.0794,-0.123784,0.100616,-0.713093
84.44,0.772282,-0.0106161,0.00506134,-0.635171,0.00380904,-0.0051509,0.000721351,0.700106,0.331304,0.0845287,0.00405046,-0.00450487,0.00708782,28.6458,-0.0562527,0.0276765,-0.743196
84.46,0.772278,-0.0105795,0.00506965,-0.635176,-0.00806717,0.00535191,-0.0029593,0.700556,0.331272,0.08465,0.00443388,-0.00454524,0.00829797,27.8713,-0.125063,0.0893324,-0.788179
84.48,0.77227,-0.010577,0.00505214,-0.635187,-0.00434483,-0.00175691,-0.00185957,0.70086,0.331291,0.0847211,0.00495132,-0.00447609,0.00695604,30.1306,-0.0718106,0.0549225,-0.617436
84.5,0.77226,-0.0105651,0.00504888,-0.635199,-0.000193488,-0.000291747,-0.000940967,0.701158,0.331362,0.0847538,0.00529124,-0.00429228,0.00665875,27.7488,-0.0949167,0.0983314,-0.60534
84.52,0.772273,-0.0105313,0.00503922,-0.635184,0.00483872,-0.000939452,0.00503416,0.701454,0.331431,0.0847908,0.00575003,-0.00390218,0.006576,27.9719,-0.08537,0.120971,-0.728592
84.54,0.772276,-0.0105011,0.00507106,-0.635181,0.00119,0.00647338,-0.00412265,0.701891,0.331532,0.0848532,0.00567736,-0.00327817,0.00771558,29.5329,-0.131671,0.0446308,-0.786458
84.56,0.772262,-0.0104598,0.00501314,-0.635198,0.00910532,-0.00879087,-0.00070344,0.702307,0.331625,0.0849168,0.00612775,-0.0032271,0.00579199,28.9863,-0.133095,0.0619216,-0.79181
84.58,0.772258,-0.010466,0.00504663,-0.635203,-0.00473265,0.00744651,-0.00262382,0.702464,0.331725,0.0849236,0.00678372,-0.00320087,0.00626527,27.3234,-0.0844822,0.0800768,-0.8167
84.6,0.77226,-0.0104394,0.00505256,-0.635201,0.0118936,0.000519881,0.00202882,0.702901,0.332031,0.0849539,0.0066201,-0.00235989,0.00775414,28.6653,-0.0942122,0.035404,-0.698973
84.62,0.772259,-0.0104447,0.00505931,-0.635202,0.00616264,-0.00250999,0.00310409,0.703186,0.332221,0.0849866,0.00675279,-0.00240719,0.00760785,27.9507,-0.135735,0.111632,-0.753751
84.64,0.772246,-0.0104402,0.00503963,-0.635218,0.0060111,-0.0082457,-0.0017799,0.703581,0.332492,0.0850246,0.00768567,-0.00305805,0.00631327,27.7241,-0.10425,0.0691289,-0.768639
84.66,0.772244,-0.0104313,0.00508281,-0.63522,-0.00193537,0.0100296,-0.00145382,0.703712,0.332575,0.085042,0.00717366,-0.00253752,0.00806194,28.3687,-0.0496102,0.0930271,-0.735047
84.68,0.772231,-0.0104151,0.00505704,-0.635236,0.00376944,0.00744142,-0.00575328,0.70397,0.33274,0.085081,0.00773525,-0.00173041,0.00828332,30.3603,-0.125428,0.0877663,-0.680457
84.7,0.772227,-0.0104128,0.00505189,-0.635242,-0.00699082,0.0112173,-0.00223634,0.704237,0.332941,0.0851064,0.00846951,-0.00173829,0.007237,30.1521,-0.0743337,0.135249,-0.691051
84.72,0.772214,-0.0104075,0.00504688,-0.635257,0.00925051,-0.00827722,-0.0012763,0.704611,0.333277,0.0850838,0.00811835,-0.00141456,0.00761335,27.0369,-0.0844964,0.0162204,-0.753885
84.74,0.772206,-0.0103997,0.0050583,-0.635267,0.00184137,0.00024964,-0.00226359,0.704972,0.33359,0.0850806,0.00870879,-0.00166178,0.00700885,29.0621,-0.0585139,0.0628721,-0.691513
84.76,0.772207,-0.0103955,0.00507945,-0.635266,0.00323258,0.00609898,-0.00735991,0.705091,0.333688,0.0850856,0.00830986,-0.0012236,0.00824681,26.1144,-0.113494,0.099281,-0.763305
84.78,0.772191,-0.01038,0.00504843,-0.635286,0.00841977,-0.0101808,-0.00322727,0.705445,0.333971,0.0851073,0.00940471,-0.00152562,0.0065536,28.5846,-0.104947,0.102389,-0.723464
84.8,0.7722,-0.0103473,0.00504756,-0.635275,0.00782957,-0.00463388,-0.00643181,0.70567,0.334259,0.0850348,0.00911125,-0.000967309,0.00768357,29.511,-0.107594,0.0333298,-0.742939
84.82,0.772198,-0.0103374,0.00507607,-0.635277,-0.00833017,0.00602388,-0.00216059,0.705984,0.334662,0.0849378,0.00969553,-0.00158101,0.00754133,28.3611,-0.0731481,0.0812188,-0.781474
84.84,0.772199,-0.0103263,0.00507698,-0.635276,0.00498076,-0.00164966,0.000967543,0.706076,0.33479,0.0849117,0.00926938,-0.000961738,0.00780249,27.3782,-0.0939054,0.0996585,-0.725561
84.86,0.772208,-0.0103152,0.00505607,-0.635266,-0.0019812,0.00171918,0.00250484,0.706357,0.335146,0.0848281,0.00995947,-0.00190585,0.00689674,28.7593,-0.10156,0.0579176,-0.729017
84.88,0.772213,-0.010329,0.00508212,-0.63526,0.00377867,-0.0018072,0.00212396,0.706449,0.335258,0.0848092,0.00940587,-0.00117066,0.00797338,28.2962,-0.1073,0.131449,-0.693049
84.9,0.772229,-0.0103358,0.00507951,-0.635241,0.00943704,-0.00480468,-0.00580442,0.70674,0.335655,0.0845954,0.0102129,-0.000471321,0.00703774,30.2612,-0.105445,0.0514707,-0.815941
84.92,0.772222,-0.0103279,0.00506948,-0.635249,0.00654666,-0.00875592,0.00432992,0.706926,0.335913,0.0844605,0.0104652,-0.000145225,0.00725294,29.2327,-0.128892,0.065551,-0.7871
84.94,0.772228,-0.0103165,0.0050633,-0.635242,0.0048266,-0.0047066,9.45746e-05,0.707116,0.336165,0.0843422,0.0105677,0.000111354,0.00720807,29.6509,-0.0868189,0.0778499,-0.688338
84.96,0.772233,-0.0103,0.00504985,-0.635236,0.0105417,-0.00214243,0.00364653,0.707308,0.336402,0.0842336,0.0108436,-0.000227281,0.00729423,28.5682,-0.0763189,0.107295,-0.618026
84.98,0.772228,-0.010289,0.00505135,-0.635242,-0.00370932,0.00225035,-0.000227158,0.707594,0.336741,0.084093,0.0113734,1.75729e-05,0.0072204,27.7039,-0.128692,0.055374,-0.826539
85,0.772231,-0.0102874,0.00510153,-0.635238,-0.0096703,0.00655947,0.00149205,0.707961,0.337178,0.0837828,0.0112529,0.00042587,0.00795307,27.2062,-0.0555144,0.14059,-0.64395
85.02,0.772229,-0.0102588,0.00503302,-0.635242,0.00958279,-0.00505337,-0.00387639,0.708074,0.33732,0.0836888,0.0110528,0.000668468,0.0070819,29.6945,-0.145927,0.0433911,-0.806047
85.04,0.772232,-0.0102623,0.00505703,-0.635237,-0.0165913,0.00709164,0.00237447,0.7084,0.337718,0.083418,0.0114796,0.000352443,0.00767479,29.1972,-0.1073,0.0647299,-0.832627
85.06,0.772234,-0.010259,0.00504603,-0.635236,-0.00851109,0.00107611,0.00379717,0.708601,0.337962,0.0832573,0.0114587,0.000137711,0.0076588,29.2331,-0.117871,0.0824915,-0.829263
85.08,0.772235,-0.0102259,0.00502163,-0.635235,0.0070338,-8.51965e-05,0.00279474,0.708926,0.338337,0.0830335,0.0111,0.00092511,0.00736841,27.0221,-0.121557,0.0319973,-0.812571
85.1,0.772228,-0.010233,0.00501437,-0.635243,-0.0071656,0.000120037,0.00179139,0.709054,0.338478,0.0829501,0.0118603,0.000488522,0.00693373,28.5294,-0.0742824,0.0594946,-0.732551
85.12,0.772232,-0.0102158,0.00500463,-0.635239,-0.00735214,-0.00718215,0.00184562,0.709327,0.338758,0.0828247,0.0118748,0.00111673,0.00686883,26.7676,-0.106307,0.0489473,-0.61949
85.14,0.772236,-0.0102071,0.00499049,-0.635234,-0.000539905,-0.00470445,-0.00369712,0.709584,0.339025,0.0826945,0.0119971,0.0012261,0.0067219,31.7828,-0.1267,0.104168,-0.713985
85.16,0.772245,-0.010179,0.00500962,-0.635224,0.00167936,0.00985159,-0.00315606,0.709971,0.339402,0.0825285,0.0123889,0.000737704,0.00769627,28.9658,-0.0926639,0.06971,-0.775583
85.18,0.772249,-0.0101791,0.00499468,-0.635219,0.00754906,-0.00485775,-0.00334487,0.710343,0.339774,0.082403,0.0121195,0.00118349,0.00725848,28.513,-0.0900023,0.0689108,-0.789041
85.2,0.77225,-0.0101931,0.00499799,-0.635217,-0.00832572,0.000887352,-0.00377636,0.710474,0.339911,0.0823717,0.0125631,0.000839488,0.00776044,27.8105,-0.0878027,0.135344,-0.576708
85.22,0.772249,-0.0101855,0.0050019,-0.635218,0.00654443,-0.00138036,0.00104494,0.710846,0.34031,0.0823095,0.012417,0.00152634,0.00842351,27.1927,-0.0963105,0.0894882,-0.783856
85.24,0.772265,-0.0101761,0.00498017,-0.6352,0.00133381,-0.00212537,0.00773081,0.710969,0.340438,0.0822914,0.0128965,0.00121661,0.00747757,30.8494,-0.151251,0.00992281,-0.811058
85.26,0.772261,-0.0101783,0.00501056,-0.635205,0.00577311,0.00866158,0.00222589,0.711328,0.34081,0.0822564,0.0131137,0.00162447,0.00822709,28.7061,-0.0662132,0.117434,-0.684072
85.28,0.772253,-0.0101801,0.00501778,-0.635214,-0.00392212,0.0108956,-0.00734779,0.711533,0.34109,0.082266,0.0130669,0.00210614,0.00833812,29.0959,-0.134153,0.0664308,-0.710197
85.3,0.772259,-0.0101808,0.00498839,-0.635207,0.00811968,-0.00911981,-8.25007e-05,0.711832,0.341566,0.0823411,0.0134935,0.00273609,0.00812603,29.1336,-0.0831462,0.0809182,-0.616614
85.32,0.772257,-0.0102116,0.00499425,-0.635208,-0.00726333,0.00226557,0.00187767,0.711936,0.341716,0.082366,0.0139456,0.00209194,0.00816581,27.1089,-0.126097,0.0380055,-0.836771
85.34,0.772272,-0.0101766,0.00500017,-0.635191,0.00743222,0.00420378,0.00245388,0.712239,0.342153,0.08247,0.0132607,0.00300188,0.00868459,28.1521,-0.130908,0.0847287,-0.73007
85.36,0.772276,-0.0101842,0.00499418,-0.635186,-0.000277984,0.00218818,0.00313249,0.712445,0.342434,0.0825459,0.0134771,0.00299691,0.00903079,30.8911,-0.107674,0.0845085,-0.781159
85.38,0.772276,-0.0101834,0.00498433,-0.635186,-0.000961635,0.00505607,0.00438312,0.712671,0.342708,0.0826442,0.0137566,0.00309353,0.00896982,28.4331,-0.108546,0.094599,-0.780927
85.4,0.772277,-0.0102148,0.00498429,-0.635184,-0.003622,0.00510909,-0.000781548,0.712826,0.343039,0.0827923,0.0141421,0.00341543,0.00886087,26.3502,-0.0754943,0.0574795,-0.685907
85.42,0.772284,-0.0102107,0.00499358,-0.635176,0.00159539,-0.000156946,0.000999764,0.713064,0.343515,0.0830266,0.0137176,0.0038495,0.00859498,30.8804,-0.120994,0.0497343,-0.847985
85.44,0.772285,-0.01024,0.0049985,-0.635174,-0.0102866,-0.000309086,-0.000704418,0.71331,0.343965,0.083256,0.0142937,0.003511,0.00855926,26.8293,-0.106064,0.0783972,-0.745194
85.46,0.772291,-0.0102291,0.00499919,-0.635168,0.00720754,-0.00321696,0.00152768,0.713378,0.344103,0.0833342,0.0138805,0.00380725,0.00943384,29.197,-0.0961896,0.103695,-0.652649
85.48,0.772278,-0.0102498,0.00499784,-0.635183,-0.00240655,-0.00671226,0.00392822,0.713617,0.344497,0.0835796,0.0145275,0.00329369,0.00845239,27.2654,-0.109258,0.110557,-0.625824
85.5,0.772279,-0.0102518,0.0049704,-0.635181,0.00193159,-0.00886239,0.000866746,0.713671,0.344747,0.083831,0.0147617,0.00368474,0.0086771,31.6361,-0.126542,0.0354652,-0.804254
85.52,0.772294,-0.0102495,0.00498525,-0.635164,-0.0023939,0.00178817,0.00230583,0.713772,0.34511,0.0842044,0.0150841,0.00358086,0.00972177,28.2496,-0.12912,0.114309,-0.740693
85.54,0.772293,-0.0102357,0.00496614,-0.635164,0.00470957,-0.00987586,0.000469578,0.713809,0.345226,0.0843346,0.0147513,0.00359594,0.00947054,26.7307,-0.0949225,0.0381887,-0.691154
85.56,0.772299,-0.0102264,0.00496792,-0.635157,0.00877977,-0.00758682,0.00300226,0.713889,0.34545,0.0845918,0.0146874,0.00411615,0.00980027,29.9535,-0.105166,0.103129,-0.655428
85.58,0.772291,-0.0102399,0.00499829,-0.635167,0.00680416,-0.000646497,-0.00328706,0.713971,0.345663,0.0848492,0.0141504,0.00347677,0.0100407,29.966,-0.0743949,0.0572126,-0.764521
85.6,0.772287,-0.0102542,0.00495491,-0.635172,0.00373137,-0.00973953,-0.00559437,0.713989,0.345973,0.0852654,0.0146942,0.00348728,0.00922716,28.8227,-0.12309,0.0525412,-0.823188
85.62,0.772298,-0.0102206,0.00497252,-0.635158,0.000338672,0.00750554,-7.63732e-05,0.713959,0.346263,0.0856754,0.0146997,0.00341391,0.0104313,27.6881,-0.122831,0.0690673,-0.669759
85.64,0.772299,-0.0102164,0.00496343,-0.635157,0.00838336,-0.00589656,0.00166073,0.713952,0.346356,0.085814,0.0147072,0.00347809,0.00969169,29.9158,-0.0876591,0.0497579,-0.779829
85.66,0.772293,-0.0102337,0.00498007,-0.635165,-0.010451,0.00419035,0.0016704,0.713935,0.346615,0.0862127,0.014551,0.00331461,0.0106194,27.4253,-0.100375,0.120938,-0.754178
85.68,0.772295,-0.0102304,0.00496888,-0.635163,-0.0136284,-0.00233066,0.00299776,0.713914,0.346772,0.0864739,0.0140303,0.00323239,0.0112662,28.641,-0.140306,0.0939425,-0.828748
85.7,0.772293,-0.010219,0.0049705,-0.635165,-0.00824454,0.00386146,-0.00540073,0.713844,0.346867,0.0867557,0.0144753,0.00326338,0.0102886,29.8442,-0.097398,0.0476792,-0.693752
85.72,0.772291,-0.0102144,0.00494388,-0.635168,-0.00329366,-0.00484202,0.00644965,0.713775,0.346954,0.0870129,0.0143597,0.00351123,0.0104242,28.3067,-0.165874,0.0554888,-0.84525
85.74,0.772266,-0.0101943,0.00495689,-0.635199,-0.00545451,0.0102928,-0.00238417,0.713694,0.347076,0.0873919,0.0139437,0.00354267,0.0116994,29.8133,-0.12079,0.102576,-0.744977
85.76,0.772267,-0.0101971,0.00494364,-0.635197,-0.00162934,0.000484301,0.00160065,0.713671,0.347115,0.0875182,0.0141556,0.00335198,0.0101326,28.2009,-0.10941,0.0988502,-0.737049
85.78,0.772256,-0.0101908,0.00498014,-0.63521,-0.00371225,0.00780227,-0.000672591,0.713572,0.347178,0.0878703,0.0138649,0.00291445,0.0115475,27.2576,-6.11234e-05,0.0683842,-0.600954
85.8,0.772248,-0.0101688,0.00496195,-0.63522,-0.00211635,0.00452313,0.00104699,0.71348,0.34717,0.0881063,0.0146374,0.00260803,0.0105625,28.9076,-0.161133,0.0976024,-0.714833
85.82,0.772238,-0.0101537,0.00495524,-0.635232,-0.00243851,-0.000155195,-0.00754619,0.713388,0.347159,0.0883251,0.0145312,0.00284587,0.0103691,31.5069,-0.0974474,0.0162748,-0.74081
85.84,0.772248,-0.0101591,0.00494325,-0.635221,-0.00493491,-0.0107981,0.00213694,0.71331,0.347145,0.0885453,0.0144477,0.00238336,0.0104876,26.7005,-0.138822,0.052483,-0.787647
85.86,0.772219,-0.0101487,0.00497882,-0.635256,-0.00236582,0.00751243,-0.00686028,0.713214,0.347113,0.0888812,0.0138867,0.00244263,0.0124199,29.898,-0.057799,0.141795,-0.551119
85.88,0.772226,-0.0101627,0.00497491,-0.635247,0.00321185,-0.00444583,0.00182436,0.713032,0.346943,0.0891048,0.0136998,0.00130519,0.0113753,27.5415,-0.136477,0.0748495,-0.713541
85.9,0.772231,-0.0101741,0.00497648,-0.635241,-0.00633929,0.00417437,-0.000974244,0.712969,0.346862,0.0891681,0.0135452,0.00140913,0.0128949,29.6311,-0.119427,0.0807265,-0.585113
85.92,0.772244,-0.0101788,0.00498491,-0.635225,0.00280586,-0.00208981,0.00310764,0.712822,0.346636,0.0893981,0.0134964,0.00149229,0.0132231,29.5663,-0.0792684,0.0915345,-0.634823
85.94,0.772235,-0.0101647,0.00497487,-0.635237,0.00937592,-2.55059e-05,-0.00568901,0.712728,0.346483,0.0895472,0.013295,0.00112865,0.013469,28.6825,-0.1104,0.0781254,-0.694834
85.96,0.772243,-0.0101902,0.00498078,-0.635226,0.00160144,0.00340844,-0.00131417,0.712643,0.346331,0.0896999,0.0131287,0.00130081,0.0134403,27.1778,-0.118814,0.0805483,-0.793334
85.98,0.77225,-0.0102091,0.00497472,-0.635217,-0.0023102,0.00737673,-0.000281457,0.712569,0.346183,0.0898532,0.0129895,0.000734453,0.0128671,32.9282,-0.0842944,0.0924352,-0.748231
86,0.772254,-0.0102178,0.00492369,-0.635213,0.00532666,-0.00652832,-0.00787261,0.712355,0.345834,0.0899168,0.0130758,0.000620165,0.0108248,27.8732,-0.109955,0.0557244,-0.81956
86.02,0.772253,-0.0102459,0.00495307,-0.635214,-0.0065515,0.00489188,0.00188758,0.712313,0.345724,0.0899508,0.0131924,0.000660159,0.0111456,26.7835,-0.129552,0.099919,-0.772049
86.04,0.772254,-0.0102474,0.00498084,-0.635212,0.00692362,-0.000271508,-0.00366126,0.71215,0.345411,0.0900279,0.0129551,0.00117626,0.0114206,28.7811,-0.125082,0.0707245,-0.783778
86.06,0.772262,-0.0102782,0.00500204,-0.635202,-0.00783252,0.00379454,0.000132854,0.712022,0.345113,0.0901122,0.0131842,0.000484419,0.0103072,28.8137,-0.117132,0.0875023,-0.741771
86.08,0.772253,-0.0102715,0.00503995,-0.635212,-0.000755429,0.0127676,-0.00764739,0.711973,0.345018,0.0901354,0.0126083,0.000854062,0.0117203,27.2234,-0.120893,0.0811635,-0.798004
86.1,0.772252,-0.0102808,0.00501234,-0.635213,-0.00138201,-0.00925821,0.00247189,0.711776,0.344647,0.0900446,0.0127211,0.000157117,0.00984548,29.8494,-0.0731864,-0.0112192,-0.760964
86.12,0.772245,-0.0102807,0.00504422,-0.635222,-0.00810814,0.00817281,0.00279017,0.71171,0.34451,0.0899927,0.0121709,0.000552847,0.0114317,29.675,-0.0781799,0.10885,-0.750833
86.14,0.772218,-0.0102647,0.00501628,-0.635255,-0.00636095,0.00592884,-0.00131752,0.711482,0.343995,0.0898389,0.0119179,9.67474e-05,0.0105577,28.789,-0.126455,0.0894823,-0.773053
86.16,0.772214,-0.0102449,0.00500277,-0.63526,0.00926642,-0.00341272,0.000326715,0.711425,0.34387,0.089809,0.0113336,0.000349876,0.0108725,27.7523,-0.127975,0.0223288,-0.827593
86.18,0.77219,-0.0102169,0.00498633,-0.63529,0.00178958,0.00501348,-0.000673533,0.711252,0.34347,0.0896397,0.0114741,-0.000240589,0.00974759,30.7069,-0.143151,0.104006,-0.776129
86.2,0.772187,-0.010214,0.00502317,-0.635293,-0.00162221,0.00877683,-0.00571988,0.711186,0.343313,0.0895419,0.0108364,0.000113087,0.0107538,29.1703,-0.0875476,0.0775756,-0.734509
86.22,0.772173,-0.0101961,0.005035,-0.635311,0.00289198,-0.00376318,-0.00738297,0.711024,0.342858,0.0892784,0.0109749,-0.000222504,0.00958674,28.5828,-0.126255,0.0349164,-0.755594
86.24,0.772173,-0.0102173,0.00506372,-0.63531,-0.000155601,-0.00682383,5.80006e-05,0.710921,0.342564,0.0891122,0.0106565,-0.000271182,0.00961524,26.0289,-0.0929167,0.0788861,-0.603368
86.26,0.772164,-0.0101957,0.00507204,-0.635321,0.00823486,-0.00157563,-0.00589887,0.710829,0.342279,0.0889628,0.010519,-0.000707265,0.00957818,27.7519,-0.0332175,0.0970721,-0.605332
86.28,0.772166,-0.0101989,0.00508738,-0.635318,0.00947696,0.00168048,-0.00149703,0.710746,0.341997,0.0888294,0.0101294,-0.00116731,0.0101043,27.0851,-0.0990989,0.0288825,-0.808898
86.3,0.772176,-0.010228,0.00509033,-0.635305,7.39125e-05,-0.00263876,-0.0036413,0.710559,0.341567,0.0884131,0.0099928,-0.0022985,0.00937859,29.9817,-0.0958606,0.103185,-0.590564
86.32,0.772188,-0.0102553,0.00510775,-0.635291,-0.00109948,0.00580583,-0.00167369,0.710413,0.341148,0.0880586,0.00992157,-0.00236791,0.00967707,29.2653,-0.0979106,0.0417887,-0.814571
86.34,0.772193,-0.010275,0.00506141,-0.635285,-9.72156e-05,-0.0129607,0.00376545,0.710364,0.341014,0.0879479,0.00968048,-0.00219533,0.00903456,28.7982,-0.105229,0.0931431,-0.794353
86.36,0.772223,-0.0102903,0.00507063,-0.635248,0.00459534,0.00708139,0.009702,0.710238,0.340612,0.087632,0.00975111,-0.00295747,0.00859997,27.2859,-0.114466,0.0588173,-0.759245
86.38,0.772222,-0.0103179,0.00503069,-0.635249,-0.00371383,0.00439203,-0.000220439,0.710158,0.340356,0.0873898,0.00989141,-0.00291596,0.00832668,28.1513,-0.130572,0.0762123,-0.711712
86.4,0.772227,-0.0103235,0.00500047,-0.635243,-0.00308608,-0.00086385,0.000405207,0.71008,0.34011,0.0871109,0.00961501,-0.00296908,0.00757529,30.4368,-0.156913,0.114896,-0.697532
86.42,0.772212,-0.0103275,0.00497886,-0.635261,-0.00164419,0.000871782,-0.00364292,0.710011,0.339873,0.0868477,0.00964566,-0.00287212,0.00739571,29.1709,-0.118598,0.0845435,-0.81942
86.44,0.772222,-0.0103239,0.00496225,-0.63525,-0.00034899,-0.0039356,-0.00257498,0.709952,0.339645,0.0866095,0.00930323,-0.00278778,0.00740641,28.3098,-0.0852148,0.0945194,-0.7508
86.46,0.772229,-0.0102995,0.00494739,-0.635241,0.00329568,-0.00538721,-0.00361016,0.709899,0.339426,0.0863908,0.00925149,-0.0026739,0.00739316,27.5516,-0.10778,0.0966488,-0.734038
86.48,0.772217,-0.0102878,0.00498137,-0.635256,-0.00404335,0.00470351,0.00195804,0.709845,0.339106,0.0860621,0.00951573,-0.00271516,0.00801218,29.7562,-0.0715333,0.100423,-0.768247
86.5,0.772207,-0.010237,0.00497211,-0.635269,0.00814392,-0.000377865,0.0039767,0.709756,0.338809,0.0856779,0.00909532,-0.00249443,0.00779085,28.4337,-0.105019,0.0929057,-0.67502
86.52,0.772209,-0.0102547,0.00500408,-0.635266,-0.0145356,0.0103516,0.00333576,0.709733,0.338712,0.0855552,0.009778,-0.002907,0.00748921,31.5338,-0.115469,0.0649698,-0.683378
86.54,0.77223,-0.0102481,0.00502623,-0.63524,0.00900952,0.00270364,-0.0037876,0.709684,0.338424,0.0852368,0.00936097,-0.00310206,0.00855512,27.9121,-0.0665428,0.0521283,-0.675212
86.56,0.772255,-0.0102793,0.00504346,-0.63521,0.00198136,0.00507859,0.00349537,0.709668,0.33823,0.0850492,0.00954262,-0.00349419,0.00841151,27.0884,-0.0716882,0.0920016,-0.711576
86.58,0.772276,-0.0102931,0.00501225,-0.635184,-0.000418073,-0.00515409,0.00714891,0.709681,0.33792,0.0847455,0.0101812,-0.00435245,0.00720011,26.2015,-0.146861,0.0286289,-0.74459
86.6,0.772272,-0.0103074,0.00504134,-0.635188,-0.00688156,0.00479054,-0.00300623,0.709685,0.337806,0.0846039,0.0104796,-0.00506439,0.00739747,29.8182,-0.0926293,0.0920833,-0.693163
86.62,0.772311,-0.0103591,0.00499621,-0.635141,0.00639885,-0.0109548,0.00314604,0.709705,0.337467,0.0842313,0.0101356,-0.00485889,0.00782344,30.5865,-0.0943783,0.121598,-0.806954
86.64,0.772323,-0.0103951,0.00500686,-0.635125,-0.0112696,0.00440653,0.00496483,0.709717,0.337356,0.0841136,0.0105409,-0.00535183,0.00739125,29.5305,-0.0823831,0.0481993,-0.749457
86.66,0.772336,-0.0104397,0.00499702,-0.635109,0.00463716,0.00119847,0.00751656,0.709764,0.337027,0.0837987,0.0104534,-0.00530524,0.00736026,28.3047,-0.105831,0.0976552,-0.773728
86.68,0.772331,-0.010457,0.00500568,-0.635115,0.00305938,-0.00042672,-0.00128243,0.70981,0.336813,0.0836044,0.0103868,-0.0051486,0.00752495,28.4046,-0.102039,0.0320214,-0.787626
86.7,0.772349,-0.0104929,0.00503507,-0.635092,-0.00235007,0.00350442,0.00344437,0.709803,0.33658,0.0833971,0.0103629,-0.00584216,0.007452,28.5108,-0.118883,0.061924,-0.736117
86.72,0.77237,-0.0105013,0.00502197,-0.635067,-0.00122704,-0.00779554,0.00122138,0.709773,0.336267,0.0831015,0.0103345,-0.00507084,0.00655908,27.2854,-0.117655,0.121589,-0.767234
86.74,0.772377,-0.0104938,0.00503949,-0.635057,0.00724356,-0.00499181,-0.00376443,0.709767,0.336068,0.0829242,0.0101996,-0.00512602,0.00680291,30.3814,-0.0924889,0.0397721,-0.70772
86.76,0.772375,-0.0104987,0.00506381,-0.63506,-0.00790916,0.00721385,-0.00444399,0.709777,0.335767,0.0826772,0.0107233,-0.00589175,0.00640242,27.7166,-0.115223,0.113058,-0.646752
86.78,0.772374,-0.0104894,0.00509129,-0.635061,-0.000931353,0.000799336,-0.000618403,0.709785,0.33567,0.0826069,0.0101307,-0.00534177,0.00660758,26.8789,-0.0876748,0.107459,-0.611666
86.8,0.772366,-0.0105042,0.00505858,-0.635071,-0.00577895,-0.00574383,-0.00358465,0.709719,0.335344,0.082368,0.0101237,-0.00598497,0.00576381,31.2442,-0.11691,0.134694,-0.752427
86.82,0.772357,-0.0105033,0.00507282,-0.635081,0.00511123,0.000476188,-0.00621606,0.709698,0.335238,0.08229,0.0102065,-0.00588078,0.0067277,27.3549,-0.0591745,0.124632,-0.465747
86.84,0.772355,-0.0104985,0.00503316,-0.635084,0.00815037,-0.00489798,-0.00220488,0.709656,0.334931,0.082091,0.0101814,-0.00590064,0.00614617,29.5002,-0.151634,0.0894041,-0.817958
86.86,0.772361,-0.010524,0.00503211,-0.635076,0.00571018,-0.00598788,0.0033495,0.709636,0.334727,0.081974,0.00976398,-0.00631817,0.00604,27.0297,-0.0645967,0.10947,-0.607491
86.88,0.772369,-0.0105473,0.00503879,-0.635066,0.00392503,-0.0107898,0.00435742,0.709623,0.334525,0.0818698,0.00984746,-0.00617187,0.00607892,29.6595,-0.128932,0.0789342,-0.820971
86.9,0.772378,-0.0105558,0.00504613,-0.635055,0.00694184,-0.00717651,0.00488996,0.709532,0.334362,0.0817756,0.0099106,-0.00658712,0.00603355,27.9119,-0.0454162,0.0438236,-0.630913
86.92,0.772374,-0.0105591,0.00500268,-0.63506,0.00012066,-0.0116426,-0.00462978,0.709408,0.33413,0.0816494,0.01029,-0.00652374,0.00524567,28.6461,-0.125651,0.110226,-0.778332
86.94,0.772386,-0.0105528,0.00502636,-0.635046,0.00226019,0.0071059,0.000388386,0.709298,0.333911,0.0815491,0.00997492,-0.00698371,0.00665545,29.4568,-0.0863858,0.010366,-0.791904
86.96,0.772391,-0.0105397,0.00501015,-0.635041,0.00461057,-0.00631617,-0.00040856,0.709264,0.333837,0.0815259,0.00966524,-0.00696418,0.00591342,27.9523,-0.118161,0.0803559,-0.715339
86.98,0.772404,-0.0105638,0.00505055,-0.635024,-0.0113098,0.00442062,0.00405628,0.709123,0.333684,0.0814959,0.00957634,-0.00713562,0.00633911,28.2281,-0.166285,0.0455686,-0.796245
87,0.772402,-0.0105657,0.00504778,-0.635026,-0.00687924,-0.000519161,0.00475863,0.708976,0.333673,0.0815359,0.00945378,-0.00713445,0.00608012,27.1533,-0.0564884,0.106911,-0.656233
87.02,0.772394,-0.0105374,0.00504707,-0.635036,0.0121421,-0.000286813,-0.00520643,0.708795,0.333634,0.0816085,0.00909155,-0.00673279,0.00653565,29.5432,-0.129186,0.0723326,-0.69548
87.04,0.772403,-0.0105656,0.00503652,-0.635025,-0.00843891,-0.00243771,-0.00146001,0.708736,0.333625,0.0816329,0.00941152,-0.00700413,0.00487206,27.7019,-0.0187355,0.088528,-0.766585
87.06,0.77241,-0.010582,0.00505945,-0.635016,-0.00581641,0.004348,0.0034878,0.708582,0.333586,0.0817082,0.00905209,-0.00716697,0.00602836,30.0933,-0.102603,0.0968859,-0.745328
87.08,0.77241,-0.010572,0.00503165,-0.635017,0.000626309,-0.00939218,0.000915731,0.708534,0.333569,0.0817361,0.00913597,-0.00722536,0.00484619,27.9978,-0.111867,0.0961957,-0.649077
87.1,0.772403,-0.0105819,0.00506223,-0.635024,-0.00389057,0.00271337,0.00193987,0.708308,0.333743,0.0820771,0.00913051,-0.00722292,0.00653808,31.0746,-0.0935537,0.0334223,-0.795214
87.12,0.772395,-0.0106067,0.00506209,-0.635033,-0.00930095,0.00553126,-0.00308161,0.708157,0.333851,0.0822935,0.00900977,-0.00711545,0.00649109,27.0952,-0.0941162,0.0364151,-0.773492
87.14,0.772405,-0.0106139,0.00505997,-0.635021,-0.0082403,0.00211568,-0.000612981,0.708035,0.333945,0.0825267,0.00934669,-0.00709876,0.00567618,27.2843,-0.166473,0.0690965,-0.723929
87.16,0.772412,-0.0106155,0.00509111,-0.635013,0.00271881,0.00892327,0.000527195,0.707863,0.334082,0.0828618,0.00876788,-0.00672258,0.00788523,28.8365,-0.0530686,0.107267,-0.775367
87.18,0.772424,-0.0106378,0.00511554,-0.634997,-0.00616015,0.0104144,0.00564431,0.707762,0.334161,0.0830913,0.00872995,-0.00679171,0.00820014,26.721,-0.146314,0.10584,-0.756866
87.2,0.772428,-0.0106437,0.00509183,-0.634993,0.00414536,-0.00630174,0.00147964,0.707537,0.334363,0.0837087,0.00825514,-0.00697777,0.00718269,30.4337,-0.0732783,0.0789725,-0.63471
87.22,0.772435,-0.010666,0.00512069,-0.634983,-0.00949464,0.0062058,-0.001546,0.707466,0.334426,0.0839099,0.00807675,-0.00684144,0.00880789,27.1503,-0.042861,0.0858191,-0.583649
87.24,0.772441,-0.0106416,0.00507858,-0.634977,0.00769389,-0.00161033,0.0022402,0.707285,0.334595,0.0845347,0.00761024,-0.00651154,0.00941581,32.3508,-0.0812034,0.0371832,-0.576087
87.26,0.772442,-0.010647,0.00505809,-0.634976,-0.00325089,-0.00146599,-0.00154673,0.707224,0.334651,0.0847347,0.00793552,-0.00697273,0.00812551,25.6234,-0.0801815,0.0774714,-0.655963
87.28,0.772446,-0.0106712,0.00506826,-0.63497,-0.0079038,-0.00431297,0.00107957,0.70698,0.334875,0.0856061,0.00804746,-0.00669033,0.00823189,29.0731,-0.0900348,0.186497,-0.570732
87.3,0.772446,-0.0106638,0.00511682,-0.63497,-0.000502137,0.00928656,0.00140339,0.706903,0.334945,0.0858815,0.00767758,-0.00629891,0.00987553,31.476,-0.0564973,0.0679644,-0.732817
87.32,0.772447,-0.0106585,0.0051035,-0.634969,0.00450519,0.012145,-0.00365605,0.706746,0.335082,0.086412,0.00705903,-0.00621719,0.00996204,30.128,-0.107874,0.041154,-0.810785
87.34,0.772451,-0.0106578,0.00511491,-0.634965,-0.00379119,0.00982134,-0.00551429,0.706592,0.335218,0.0869208,0.00716222,-0.00584879,0.0102146,27.0815,-0.102952,0.120002,-0.675024
87.36,0.77246,-0.0106325,0.00508424,-0.634953,0.00885422,-0.00370809,0.00431473,0.706393,0.335404,0.0876903,0.00664761,-0.00518616,0.0107786,28.8626,-0.0589132,0.0845684,-0.638508
87.38,0.772457,-0.0106086,0.00506972,-0.634959,-0.00146463,-0.00457605,-0.0022856,0.706176,0.335662,0.08862,0.00707654,-0.00530922,0.00975009,26.1742,-0.110495,0.105243,-0.66762
87.4,0.772462,-0.010605,0.00510417,-0.634953,-4.79257e-05,0.0005027,0.00120642,0.706107,0.335757,0.0889565,0.00656593,-0.0047988,0.0114744,31.414,-0.0522772,0.0637389,-0.660032
87.42,0.772473,-0.0105932,0.00507188,-0.634939,0.00152386,-0.00150508,0.00578157,0.705913,0.336025,0.0899374,0.00688379,-0.00523862,0.00975046,26.3824,-0.0861693,0.103892,-0.619137
87.44,0.772467,-0.0105839,0.00507721,-0.634947,0.00421159,-0.0102086,0.00138624,0.7058,0.336196,0.0905648,0.0068785,-0.00488446,0.00986863,29.2172,-0.0968237,0.068609,-0.764309
87.46,0.772459,-0.0105852,0.00510591,-0.634956,-0.00379112,0.00409713,-0.00459562,0.705665,0.336424,0.0914854,0.00682536,-0.00468889,0.0106288,26.1309,-0.102095,0.0362286,-0.711728
87.48,0.772469,-0.0105803,0.00511448,-0.634944,0.00916177,0.00015756,-0.00162682,0.70562,0.336499,0.0917838,0.00617123,-0.00425909,0.0114728,30.5224,-0.156785,0.0528082,-0.719488
87.5,0.772477,-0.010581,0.00509524,-0.634934,-0.00524025,-0.001739,0.00400723,0.705488,0.336723,0.0926501,0.00675299,-0.00487564,0.0105066,28.2079,-0.082927,0.0961177,-0.705656
87.52,0.772477,-0.0105601,0.00509335,-0.634934,0.0135036,-0.00121148,0.000870919,0.705449,0.336789,0.0929319,0.00602892,-0.00459171,0.0117996,29.7703,-0.0963641,0.110263,-0.668123
87.54,0.77247,-0.0105526,0.00507969,-0.634943,0.00617375,-0.00996923,-0.00230357,0.705333,0.336983,0.0937122,0.00680267,-0.00457433,0.00977438,29.7345,-0.105962,0.0678673,-0.726955
87.56,0.772471,-0.0105449,0.00510146,-0.634942,0.000454472,-0.0103764,-0.00101205,0.705267,0.337104,0.0942101,0.00650267,-0.00469281,0.0103959,29.1422,-0.0434733,0.10054,-0.598763
87.58,0.772465,-0.0105229,0.00510284,-0.63495,0.00785708,-0.0044169,-0.00236902,0.705208,0.337216,0.0947061,0.00628113,-0.0044972,0.0111746,27.5727,-0.0983792,0.0297343,-0.675437
87.6,0.772471,-0.0105303,0.00511128,-0.634942,-0.00423779,0.00377319,-0.00268444,0.705127,0.337332,0.0953939,0.00697083,-0.00497831,0.0110573,27.5348,-0.13717,0.064927,-0.75801
87.62,0.772473,-0.010556,0.00511614,-0.63494,-0.0077761,-0.00393584,0.000617334,0.705085,0.3374,0.0958293,0.00695178,-0.0048943,0.0111999,29.5818,-0.0966234,0.0768969,-0.80357
87.64,0.772467,-0.0105523,0.00514838,-0.634946,-0.00253728,0.00823797,0.00196033,0.705042,0.337499,0.0964695,0.00680943,-0.00391718,0.0126268,28.6248,-0.0173606,0.134388,-0.731184
87.66,0.772462,-0.0105478,0.00509804,-0.634953,0.0115886,-0.0140102,0.00289028,0.705032,0.337532,0.0966765,0.00719727,-0.00415257,0.0109593,30.0935,-0.133544,0.000661975,-0.722384
87.68,0.772448,-0.0105508,0.00511652,-0.63497,-0.00721493,0.00212311,0.00311383,0.705017,0.337583,0.0972136,0.0068252,-0.00370792,0.0128434,29.0282,-0.116705,0.111328,-0.728564
87.7,0.772447,-0.0105376,0.00509926,-0.634971,0.00401209,-0.00527295,-0.00127457,0.705014,0.337575,0.0973462,0.00726776,-0.00359469,0.0115252,27.558,-0.0977803,0.0914286,-0.75334
87.72,0.772446,-0.010519,0.00509412,-0.634973,-0.00966074,0.00478168,-0.000878274,0.705029,0.337539,0.097754,0.00706131,-0.00384521,0.0118543,28.4698,-0.114703,0.0886191,-0.736543
87.74,0.772427,-0.0104821,0.00506507,-0.634997,0.000937446,0.002283,-0.0018567,0.705019,0.337532,0.0980013,0.00701569,-0.00358025,0.0117213,29,-0.150703,0.076827,-0.75583
87.76,0.772412,-0.0104582,0.0050671,-0.635015,0.0041499,0.000317321,-0.00614623,0.705018,0.337528,0.0982507,0.00691629,-0.0030265,0.0118959,29.4396,-0.118737,0.0517383,-0.703737
87.78,0.772399,-0.0104323,0.00509469,-0.635032,0.00434816,0.00383927,-0.00904622,0.705024,0.337522,0.0985004,0.00685107,-0.00317433,0.0119708,32.0531,-0.0753671,0.085393,-0.737576
87.8,0.772385,-0.0104071,0.00514425,-0.635049,-0.00550921,0.0133409,-0.00298758,0.704948,0.337356,0.0985737,0.00678769,-0.00272962,0.0134475,28.9409,-0.0639236,0.0538317,-0.521856
87.82,0.772369,-0.0103821,0.00516391,-0.635068,0.00813659,0.00105997,-0.00438994,0.704902,0.337172,0.0986877,0.00659691,-0.00368562,0.0131241,25.1518,-0.0942001,0.105855,-0.754705
87.84,0.772366,-0.0103864,0.0051903,-0.635072,-0.00145132,0.00862827,-0.0110273,0.704889,0.33711,0.0987223,0.00715312,-0.00423665,0.0125186,32.3235,-0.119303,0.0983453,-0.781478
87.86,0.77235,-0.0103523,0.00519818,-0.635092,0.0103945,0.0040982,-0.000525404,0.70486,0.336919,0.0988481,0.0063549,-0.00403853,0.0135652,28.0193,-0.131745,0.0566158,-0.825901
87.88,0.772338,-0.0103371,0.00519716,-0.635106,0.00789671,0.00407064,-0.000381725,0.704831,0.336754,0.0988203,0.0058804,-0.00412252,0.0137233,28.7505,-0.0820052,0.110683,-0.492777
87.9,0.772338,-0.0103478,0.00516864,-0.635106,0.00143109,-0.00884824,0.00414122,0.704778,0.336444,0.0986293,0.00610779,-0.00548419,0.0120954,28.5203,-0.0255148,0.157727,-0.377214
87.92,0.772337,-0.010353,0.00518655,-0.635108,-0.000725717,0.00661336,-0.00234474,0.704773,0.336328,0.0985911,0.00590724,-0.00554748,0.0129023,28.0138,-0.0908215,0.0501763,-0.766174
87.94,0.772353,-0.0103468,0.00517522,-0.635088,0.00106289,-0.00391702,0.00107759,0.704719,0.33602,0.0984372,0.00543137,-0.00562509,0.012861,27.6988,-0.0654252,0.0556126,-0.668176
87.96,0.772365,-0.0103893,0.00519017,-0.635073,-0.0131494,0.00389012,0.00177684,0.704704,0.335919,0.0983848,0.00593863,-0.00622933,0.0121086,29.8372,-0.0864426,0.0528881,-0.66778
87.98,0.772393,-0.01038,0.00517052,-0.635039,0.00379762,-0.00105967,0.00334852,0.704646,0.335584,0.0981295,0.00483472,-0.00603571,0.0128491,30.7472,-0.0454178,0.102608,-0.770292
88,0.772417,-0.0104099,0.00515876,-0.635009,0.000261236,-0.00381491,0.0029794,0.704587,0.335315,0.09781,0.0047083,-0.00635525,0.0128196,26.2827,-0.156416,0.0552997,-0.776241
88.02,0.772433,-0.0104339,0.00514408,-0.63499,-0.00289604,0.00493807,0.00608097,0.704537,0.335046,0.0975091,0.00482788,-0.0070015,0.0125477,31.8487,-0.101786,0.0706866,-0.814881
88.04,0.772458,-0.0104718,0.00509867,-0.63496,-0.00202598,-0.00920632,0.00253383,0.704481,0.334632,0.0971128,0.00476597,-0.00669821,0.011628,29.17,-0.082885,0.042263,-0.748734
88.06,0.772466,-0.0104878,0.00508864,-0.63495,0.000994901,-0.0100722,-0.0013517,0.704453,0.334375,0.096867,0.00503894,-0.00662315,0.0119327,26.9219,0.00660047,0.142595,-0.598437
88.08,0.772475,-0.0105138,0.00508838,-0.634938,0.0060846,-0.00168415,0.000395478,0.704432,0.334123,0.096639,0.0048222,-0.00661978,0.011546,30.9109,-0.123115,0.127057,-0.647256
88.1,0.772494,-0.0105645,0.00509255,-0.634914,-0.00143665,-0.00254557,0.00065,0.704331,0.33369,0.0959384,0.00468472,-0.00678942,0.010191,28.0348,-0.0620283,0.0624293,-0.4729
88.12,0.77249,-0.0106087,0.00509365,-0.634918,-0.00361264,-0.00576768,-0.00471662,0.704268,0.333405,0.0955042,0.00439244,-0.00692233,0.00990477,29.6072,-0.0961991,0.0572387,-0.756572
88.14,0.772489,-0.0106019,0.00512375,-0.634919,0.00227942,0.00502083,-0.00292159,0.704245,0.333255,0.0953165,0.00423688,-0.00661356,0.0108154,25.4244,-0.0853102,0.0979442,-0.805219
88.16,0.772497,-0.0105869,0.00508216,-0.63491,0.00808368,-0.00830657,-0.00133005,0.704155,0.332894,0.0947242,0.00432974,-0.00579013,0.00979713,26.909,-0.0802489,0.0332636,-0.66036
88.18,0.772509,-0.0105764,0.0050944,-0.634896,0.00771759,2.88057e-05,-0.00297687,0.704071,0.332639,0.0942372,0.00420864,-0.00630776,0.0096344,27.2818,-0.0665257,0.116653,-0.755997
88.2,0.772518,-0.01057,0.00507931,-0.634885,0.0106468,-0.00489174,0.000149242,0.703961,0.332361,0.0936635,0.00439794,-0.00668621,0.00941001,34.6336,-0.137971,0.0475979,-0.803537
88.22,0.772527,-0.0105895,0.00510032,-0.634873,0.00286913,-0.00104889,0.00105446,0.703865,0.332085,0.0931199,0.00457493,-0.00702812,0.00932817,29.0224,-0.0988811,0.0973813,-0.750639
88.24,0.772524,-0.0106094,0.00507055,-0.634876,-0.00414744,-0.00207872,0.00586855,0.703738,0.331667,0.0923637,0.00508046,-0.00814736,0.00862485,27.9713,-0.0878668,0.0936624,-0.783282
88.26,0.772523,-0.0106404,0.00508814,-0.634877,-0.0113157,0.00675345,0.00281379,0.703653,0.331238,0.091689,0.00526595,-0.00811511,0.00911819,25.3212,-0.0662318,0.138162,-0.656312
88.28,0.772533,-0.0106433,0.00506694,-0.634865,0.00305451,-0.00728081,0.000472405,0.703624,0.331102,0.09148,0.0048665,-0.00797202,0.00869881,32.5326,-0.134869,0.114807,-0.724557
88.3,0.772535,-0.010673,0.00508176,-0.634863,-0.00314835,0.00257583,-2.2496e-05,0.703506,0.330765,0.0907187,0.00527916,-0.008179,0.00857039,26.3253,-0.109554,0.0269658,-0.702512
88.32,0.772541,-0.0106737,0.00507671,-0.634855,-0.00898865,0.00489719,0.00316723,0.703421,0.330565,0.0902004,0.00507058,-0.00853387,0.00827913,27.9468,-0.027483,0.0886885,-0.783427
88.34,0.772541,-0.0106674,0.00510669,-0.634855,-0.00170457,0.00280602,-0.00622011,0.703306,0.330266,0.0894918,0.00453749,-0.00790257,0.0085048,30.1712,-0.144768,0.0732504,-0.648248
88.36,0.772552,-0.0106852,0.00509344,-0.634842,-0.00489444,-0.0022277,0.00385686,0.703267,0.33018,0.0892614,0.00474008,-0.00818224,0.00686206,29.7001,-0.0823323,0.113091,-0.664438
88.38,0.772544,-0.0106658,0.00512452,-0.634851,-0.0032424,0.0105946,-0.00115201,0.703123,0.329975,0.0885449,0.00485694,-0.00841647,0.00785707,30.0701,-0.114453,0.0101502,-0.838008
88.4,0.772544,-0.0106555,0.00508944,-0.634852,0.00362929,-0.00520571,-0.00386237,0.703049,0.329949,0.088283,0.00465633,-0.00844242,0.00701525,26.1076,-0.0685036,0.144814,-0.692597
88.42,0.772536,-0.0106729,0.00513772,-0.63486,-0.0126864,0.00410771,-0.00490715,0.702846,0.329863,0.0875264,0.00489314,-0.00853601,0.00696001,27.2425,-0.0646646,0.0728888,-0.748411
88.44,0.772531,-0.0106728,0.00513918,-0.634866,0.00250114,-0.00338608,-0.00545633,0.702657,0.329762,0.0868419,0.00394143,-0.00836659,0.00644844,32.531,-0.0808653,0.0626168,-0.510581
88.46,0.772538,-0.0106851,0.0051377,-0.634858,-0.00815778,0.00187499,0.00345045,0.702601,0.329725,0.0866212,0.00466508,-0.00870938,0.00628994,25.5911,-0.140113,0.0552648,-0.781804
88.48,0.772546,-0.0106584,0.00515303,-0.634848,0.00400024,0.00250453,0.00640461,0.70241,0.329674,0.0859971,0.00400209,-0.00867614,0.00682674,29.6546,-0.0321121,0.0972295,-0.488377
88.5,0.772544,-0.0106541,0.00515072,-0.634851,-0.00202177,0.00770458,-0.000856324,0.70223,0.329745,0.0855783,0.00394187,-0.00868074,0.00676273,29.4389,-0.147757,0.104115,-0.766865
88.52,0.772546,-0.0106346,0.00513871,-0.634849,0.0117944,-0.00127735,0.0020192,0.701979,0.329834,0.0850007,0.00360329,-0.00886349,0.0055264,26.6179,-0.0347506,0.0734404,-0.541631
88.54,0.772533,-0.0106428,0.00515732,-0.634865,-0.00490231,0.00845258,-0.00568622,0.701902,0.329856,0.0848159,0.00384385,-0.00911983,0.00633549,30.2023,-0.0564732,0.113142,-0.707636
88.56,0.772531,-0.0106359,0.00517032,-0.634867,0.00512517,-0.00292388,-0.00253826,0.701683,0.329937,0.0843019,0.00366263,-0.00819824,0.005634,27.2248,-0.060676,0.0465877,-0.74298
88.58,0.772532,-0.0106366,0.00515511,-0.634866,-0.00359314,-0.00582222,-0.00160042,0.701619,0.329952,0.0841459,0.0041338,-0.00838958,0.00474066,30.5202,-0.0973696,0.0803404,-0.793143
88.6,0.772544,-0.0106018,0.00518545,-0.634852,0.00279644,0.00725181,0.000475528,0.70131,0.330288,0.0837101,0.00326863,-0.0074164,0.00646585,28.1474,-0.0848064,0.0648131,-0.655758
88.62,0.772545,-0.0106177,0.00520042,-0.63485,-0.0010238,0.000607232,0.00205594,0.701116,0.330503,0.0834455,0.00326915,-0.00680039,0.0062564,28.2639,-0.136738,0.026626,-0.804983
88.64,0.772548,-0.0106042,0.00520111,-0.634847,-0.000543665,-0.00166182,0.0036632,0.700931,0.33071,0.0831989,0.00300804,-0.00662602,0.00604941,28.2084,-0.101773,0.12483,-0.55912
88.66,0.772554,-0.0105806,0.00518821,-0.634839,0.000836512,0.0084068,-0.00106706,0.700755,0.33091,0.0829701,0.00319204,-0.00628058,0.00577571,28.425,-0.0502672,0.101996,-0.680096
88.68,0.772551,-0.0105391,0.00516316,-0.634844,0.00868609,-0.00152976,-0.000465371,0.700514,0.331203,0.0826733,0.00266895,-0.0047855,0.00576667,29.9134,-0.084015,0.0735526,-0.715183
88.7,0.772553,-0.0105493,0.00513796,-0.634842,-0.0111987,-0.00369189,0.00617484,0.70022,0.331673,0.0823755,0.00272633,-0.00470732,0.00577373,28.8745,-0.0776458,0.0740936,-0.704556
88.72,0.772545,-0.0105164,0.00514956,-0.634852,0.00467299,0.00872033,-0.000797627,0.700118,0.33185,0.0822942,0.0025008,-0.00399719,0.00626027,28.9672,-0.118657,0.112555,-0.746367
88.74,0.772527,-0.010496,0.00513118,-0.634874,0.00416337,-0.00484248,-0.00759252,0.699819,0.332378,0.08203,0.00230436,-0.00353415,0.0053442,27.9325,-0.0698763,0.074129,-0.703065
88.76,0.772518,-0.0104906,0.00514249,-0.634886,0.00611205,-0.0077616,0.000853116,0.699633,0.332722,0.0818778,0.00238612,-0.00274853,0.0057244,28.0049,-0.157167,0.0551172,-0.714182
88.78,0.772506,-0.0104697,0.00519791,-0.634901,-0.00965866,0.0101894,0.00549676,0.699362,0.333274,0.0816375,0.00265775,-0.0026585,0.00603512,28.8161,-0.0508179,0.111499,-0.649413
88.8,0.772497,-0.0104473,0.00519066,-0.634911,0.0104791,-0.00237403,0.00276616,0.699264,0.333488,0.0815482,0.00215162,-0.00202626,0.00604452,28.8848,-0.0716307,0.055172,-0.786988
88.82,0.772493,-0.0104304,0.00522529,-0.634916,0.00565922,0.00112617,-0.00335891,0.699077,0.333906,0.0813771,0.00218466,-0.00151115,0.00582812,28.4982,-0.113975,0.0489997,-0.694673
88.84,0.772492,-0.0104082,0.00522607,-0.634918,0.00112718,0.00143193,-0.0073355,0.698905,0.334306,0.0812213,0.00186422,-0.00159477,0.00636843,27.1828,-0.0382145,0.0919879,-0.522374
88.86,0.772498,-0.0103751,0.00520024,-0.634912,0.00631977,-0.00415735,0.00218685,0.69865,0.334884,0.0810078,0.00184284,-0.0010423,0.00497186,31.1399,-0.0999419,0.0854719,-0.682374
88.88,0.772488,-0.0103661,0.00519183,-0.634924,0.00817459,-0.0132241,-0.0029037,0.698498,0.335255,0.0808863,0.0018699,-0.000610125,0.0053576,27.757,-0.130787,0.0233641,-0.737719
88.9,0.772479,-0.0103475,0.00519529,-0.634935,0.0132393,-0.0109845,-0.00772653,0.698331,0.335636,0.0807455,0.00181525,-0.000652893,0.00543379,29.132,-0.121069,0.0506867,-0.71088
88.92,0.772455,-0.0103551,0.00520493,-0.634964,-0.0113161,0.00552966,-0.00429434,0.698071,0.336215,0.0805062,0.00238074,-0.000634566,0.00530532,30.4263,-0.0625581,0.114017,-0.801931
88.94,0.772457,-0.0103403,0.00518361,-0.634961,-0.00140615,-0.00679057,-0.00236672,0.697911,0.336585,0.0803775,0.00201289,-0.000112366,0.0044699,28.372,-0.0861035,0.0818119,-0.77437
88.96,0.772436,-0.0103181,0.00523047,-0.634987,0.00532385,0.00396879,-0.00827223,0.697685,0.33712,0.0801879,0.00172746,0.00123024,0.0059051,27.9511,-0.11992,0.0943518,-0.686906
88.98,0.772425,-0.0103072,0.00520759,-0.635,0.00561398,-0.00568364,-0.00901083,0.697612,0.337294,0.0801303,0.00179288,0.00110182,0.0045895,25.6907,-0.0587142,0.0681238,-0.652506
89,0.772415,-0.0103064,0.00528186,-0.635012,-0.00707465,0.0106294,0.000546348,0.697452,0.337805,0.0798785,0.00154103,0.00156526,0.00542539,30.6146,-0.140795,0.0784294,-0.624453
89.02,0.772414,-0.0102997,0.00526532,-0.635014,0.00108166,-0.00392192,-0.00238184,0.697405,0.337973,0.0797881,0.00125015,0.00193523,0.00444079,28.3459,-0.0878492,0.074777,-0.72159
89.04,0.772387,-0.0102554,0.00528746,-0.635048,-0.0047824,0.00703043,-0.00272465,0.697277,0.338462,0.0795333,0.00129411,0.0019559,0.00381324,28.0924,-0.113782,0.104221,-0.795451
89.06,0.772358,-0.0101847,0.00529297,-0.635084,0.00807765,0.0023271,-0.00441373,0.697159,0.338932,0.0793034,0.000859002,0.00333275,0.00506103,27.9447,-0.065904,0.0868192,-0.667103
89.08,0.772341,-0.0101728,0.00526616,-0.635105,0.00284181,-0.000337526,-0.0129957,0.697121,0.339087,0.0792331,0.00115483,0.00301182,0.00340215,31.0245,-0.100337,0.0607331,-0.707242
89.1,0.772304,-0.0101299,0.00525772,-0.635151,0.00456588,-0.00191955,-0.00847729,0.697041,0.339398,0.0790671,0.00103007,0.00370584,0.00350115,30.3766,-0.130959,0.0549716,-0.829076
89.12,0.772254,-0.0100688,0.00530027,-0.635212,0.00319289,0.0139046,0.000965331,0.696918,0.339863,0.0787885,0.000996498,0.00464645,0.00471914,28.1403,-0.0717159,0.0635769,-0.716099
89.14,0.772209,-0.00996752,0.00528628,-0.635268,0.0117727,0.00494619,-0.00597412,0.696812,0.340324,0.0785586,0.000810915,0.00511782,0.0048597,27.0703,-0.108562,0.0495978,-0.811239
89.16,0.772199,-0.00995591,0.00532042,-0.635281,-0.00375844,0.0122705,-0.00334652,0.696781,0.340471,0.0784866,0.00161287,0.00458662,0.00407002,25.8741,-0.0562122,0.0340501,-0.837233
89.18,0.772158,-0.00986746,0.00535982,-0.635331,0.00771361,0.00868938,-0.00554513,0.696703,0.340894,0.0782976,0.00123191,0.00556104,0.00561472,26.7649,-0.129769,0.0867781,-0.705691
89.2,0.772132,-0.00982502,0.00538839,-0.635363,0.00862979,0.0104335,-0.0065295,0.696694,0.341121,0.0781756,0.00140999,0.00529145,0.00545214,29.8152,-0.0881338,0.113774,-0.664912
89.22,0.772086,-0.00977571,0.00540081,-0.63542,-0.00606964,-0.00552867,-0.00293102,0.696688,0.341437,0.078011,0.00193905,0.0045265,0.00366853,30.2448,-0.0714097,0.0756376,-0.766845
89.24,0.77208,-0.00975685,0.00542857,-0.635427,-0.00229558,0.0115493,-0.00122777,0.696691,0.341536,0.0779622,0.00150363,0.00477555,0.00540393,26.1206,-0.0626718,0.0680644,-0.724233
89.26,0.77208,-0.00970693,0.00542266,-0.635428,0.00573224,-0.00493052,0.00328783,0.696702,0.341828,0.0778513,0.00164004,0.00483761,0.00480525,29.087,-0.0699468,0.112507,-0.65784
89.28,0.772082,-0.00972483,0.0054278,-0.635426,-0.00633401,0.00182095,0.00622208,0.69671,0.34192,0.0778122,0.00246436,0.00440126,0.00419904,29.749,-0.0833163,0.0614733,-0.77788
89.3,0.772076,-0.00968595,0.00542452,-0.635434,0.00928685,0.00141387,-0.00218565,0.696774,0.342186,0.0778016,0.00214112,0.00473535,0.00576357,26.6348,-0.0572008,0.0719169,-0.772992
89.32,0.772076,-0.00969341,0.00541598,-0.635434,0.00337497,0.00461241,-0.00400821,0.696829,0.34235,0.0778284,0.00202689,0.0045622,0.00574024,28.2077,-0.132113,0.0749312,-0.704825
89.34,0.772081,-0.00970527,0.00541331,-0.635427,-0.000651798,0.00483759,-0.000906101,0.696889,0.342503,0.0778585,0.00254152,0.00415424,0.00558796,29.5385,-0.12575,0.0111505,-0.774388
89.36,0.772085,-0.00972401,0.00535012,-0.635423,0.000458738,-0.00756459,0.00135769,0.696991,0.342713,0.0779106,0.00329396,0.00362504,0.00381229,31.2347,-0.11049,0.0955007,-0.800252
89.38,0.772079,-0.00970263,0.0053504,-0.63543,0.0130996,-0.00385294,-0.00332438,0.697071,0.342845,0.0779516,0.00340749,0.00446171,0.00517252,25.3277,-0.109764,0.090228,-0.62699
89.4,0.77208,-0.0097066,0.00534974,-0.635429,-0.00540853,-0.00396598,0.0087481,0.697194,0.342995,0.0780768,0.00448284,0.00443661,0.00483519,28.4707,-0.159714,0.052445,-0.809269
89.42,0.772063,-0.00969262,0.00537527,-0.635449,0.00242379,0.00397892,-0.00414905,0.697239,0.343045,0.0781266,0.00405132,0.00485714,0.00595659,27.3159,-0.0649353,0.08944,-0.785444
89.44,0.77207,-0.00969687,0.00539031,-0.635441,-0.00950289,-0.000326391,0.00113939,0.697384,0.343196,0.0782813,0.00485111,0.00452896,0.00504196,30.9302,-0.11279,0.0507256,-0.755112
89.46,0.772066,-0.00969873,0.00542654,-0.635445,-0.00399413,0.00193093,-0.00408609,0.697434,0.343242,0.0783377,0.00432214,0.0050613,0.00680557,27.9701,-0.0842558,0.0831415,-0.763764
89.48,0.772057,-0.00966754,0.0053975,-0.635457,0.00792306,-0.00858833,-0.00653441,0.697601,0.343389,0.0785265,0.00515892,0.00493681,0.00611311,28.2216,-0.176217,0.0442039,-0.825104
89.5,0.772045,-0.0096159,0.00539298,-0.635473,0.0129829,-0.000150279,-0.00918754,0.697678,0.343509,0.078689,0.00537544,0.00505175,0.00633039,29.2162,-0.055814,0.0576731,-0.734058
89.52,0.77205,-0.0096098,0.00539191,-0.635466,0.00758455,-0.000534364,0.00462198,0.697763,0.343622,0.0788554,0.00564895,0.00457057,0.0064813,28.2152,-0.114517,0.068732,-0.764913
89.54,0.772049,-0.00958473,0.00538534,-0.635468,0.00566682,-0.00216451,-0.000786254,0.697855,0.343728,0.0790289,0.00569389,0.00483742,0.00721684,29.3557,-0.0997535,0.104836,-0.712602
89.56,0.772053,-0.00961356,0.00538971,-0.635462,-0.00547034,-0.0020977,-0.00921137,0.698,0.343877,0.0793034,0.00644891,0.00377494,0.00668023,29.2456,-0.108164,0.0803697,-0.687284
89.58,0.772064,-0.00961497,0.00541428,-0.63545,-0.000238127,-0.000229715,-0.00153403,0.698175,0.34401,0.0795897,0.00746543,0.00376078,0.00777565,27.3141,-0.105248,-0.00890467,-0.807592
89.6,0.772071,-0.0096039,0.00536836,-0.635441,0.00719445,-0.0124636,0.000665892,0.698215,0.344033,0.0796761,0.00707867,0.00390338,0.00779584,25.2345,-0.082486,0.151125,-0.513954
89.62,0.772098,-0.00964968,0.00540967,-0.635407,-0.0118482,0.0100483,-0.0024318,0.698345,0.344083,0.0799239,0.00778859,0.00283865,0.00772589,30.3032,-0.120264,0.0905303,-0.734828
89.64,0.772139,-0.00968909,0.00538753,-0.635357,-0.00928445,0.000555091,-0.000288646,0.69844,0.344108,0.0800925,0.00808905,0.00246522,0.00734935,29.5834,-0.0843839,0.0803259,-0.605003
89.66,0.772173,-0.00973875,0.00538045,-0.635315,-0.00173173,-0.00223222,0.000754366,0.698593,0.344125,0.080345,0.0075613,0.00227157,0.0078777,29.7508,-0.0179576,0.0925305,-0.513325
89.68,0.772173,-0.0097615,0.0053329,-0.635316,-0.00274086,-0.0118489,-0.000780062,0.698647,0.344128,0.0804243,0.00832071,0.00169739,0.00672466,28.736,-0.0728023,0.0746598,-0.731008
89.7,0.772189,-0.00978516,0.00532386,-0.635296,0.000125737,-0.00888959,-0.000374168,0.698762,0.344066,0.0806163,0.00751013,0.00203275,0.00705484,27.984,-0.128168,0.151607,-0.464273
89.72,0.772206,-0.00980759,0.005289,-0.635274,-0.000144761,-0.0143601,0.00833209,0.698865,0.344002,0.0807977,0.0072314,0.00214497,0.00732604,28.9626,-0.114153,0.0487558,-0.812506
89.74,0.772228,-0.00982096,0.00529227,-0.635248,0.000957485,0.00492962,-0.000113485,0.699022,0.343912,0.0810691,0.00772816,0.00213346,0.00729116,28.397,-0.0594096,0.0356013,-0.654365
89.76,0.772225,-0.0098058,0.00528499,-0.635252,0.00509036,-0.00123065,-0.00497321,0.69918,0.343837,0.0813463,0.00668844,0.0029022,0.00768412,26.0738,-0.104836,0.0950373,-0.602889
89.78,0.772219,-0.00980486,0.00529964,-0.635259,-0.00304674,0.00816201,-0.0049317,0.699233,0.343816,0.0814347,0.00754787,0.00274606,0.00741337,30.5078,-0.0619766,0.0578781,-0.56259
89.8,0.772203,-0.00977727,0.00530058,-0.635279,0.00237818,0.00504444,-0.00669812,0.699391,0.343712,0.0816252,0.00742558,0.00313993,0.0081628,26.6511,-0.103959,0.0802911,-0.82576
89.82,0.7722,-0.00976577,0.0053281,-0.635282,0.000791602,0.00614766,-0.00148454,0.699511,0.343633,0.0817367,0.00795025,0.00232616,0.00768552,30.948,-0.126199,0.112871,-0.79786
89.84,0.772226,-0.00974746,0.005316,-0.635252,-0.00394446,-0.00917833,0.00207441,0.699693,0.343492,0.0818963,0.0082678,0.00105266,0.00781663,25.4845,-0.110663,0.0669451,-0.846154
89.86,0.77222,-0.00973554,0.0053448,-0.635258,-0.00756551,0.00891029,-0.00500178,0.699757,0.343434,0.0819476,0.00867864,6.8298e-05,0.00736781,30.9784,-0.10451,0.0402143,-0.696645
89.88,0.772218,-0.00973271,0.00533757,-0.63526,0.0145739,-0.0037949,-0.00275718,0.699956,0.343249,0.0821145,0.00864927,-0.000124752,0.00786209,30.2689,-0.126106,0.112029,-0.737654
89.9,0.772218,-0.00976285,0.005334,-0.635261,-0.009921,-0.000155665,0.00276078,0.700048,0.343157,0.0820904,0.00925136,-0.000781421,0.00676307,27.4123,-0.0874229,0.0755471,-0.790729
89.92,0.772241,-0.00973924,0.00529309,-0.635233,0.0117901,0.00606134,-0.000833111,0.700329,0.34288,0.082047,0.00882765,-0.00102338,0.00818621,27.9624,-0.0882324,0.0864885,-0.692887
89.94,0.772239,-0.00977267,0.00527143,-0.635235,-0.00218308,0.00422855,9.49356e-05,0.700517,0.342695,0.082027,0.00894977,-0.000907364,0.00811916,28.2737,-0.104833,0.0462531,-0.754536
89.96,0.772226,-0.00979873,0.00524754,-0.63525,-5.42756e-05,-7.02977e-05,0.00207168,0.700707,0.342513,0.0820113,0.00885389,-0.001242,0.00770263,28.5297,-0.110188,0.0761585,-0.596402
89.98,0.77221,-0.00980674,0.00525218,-0.63527,-0.00847101,0.00799127,-0.00725395,0.700904,0.342343,0.0820188,0.00908125,-0.000958973,0.00710004,29.5785,-0.111498,0.146741,-0.620099
90,0.772203,-0.00976839,0.00524696,-0.635279,0.0117876,-0.00164372,0.000142412,0.701214,0.342099,0.0818927,0.00892003,0.000256611,0.00707553,26.3867,-0.129638,0.109453,-0.57644
90.02,0.772186,-0.00975402,0.00525703,-0.6353,-0.00593105,0.00652093,-0.00125225,0.701522,0.341865,0.0817098,0.00971298,-0.000409918,0.00600438,29.0597,-0.0931577,0.062511,-0.725759
90.04,0.772187,-0.00974801,0.00529303,-0.635298,0.00248822,0.00687443,0.001278,0.701627,0.341789,0.0816594,0.00915024,7.55724e-05,0.00713844,29.0529,-0.0155368,0.0781755,-0.568355
90.06,0.772181,-0.00971604,0.00530313,-0.635306,-0.000835536,0.00483968,-0.00357513,0.701837,0.341631,0.0815612,0.00964308,-0.000914461,0.00697329,29.2158,-0.121301,0.136063,-0.592102
90.08,0.772161,-0.00969412,0.00528942,-0.635331,0.00302188,-0.00659858,-0.00126694,0.702179,0.341376,0.0814179,0.00998392,-0.00132807,0.00556204,29.5838,-0.0366508,0.0975766,-0.559922
90.1,0.772163,-0.00970583,0.00532613,-0.635328,-0.0187029,0.00326724,0.0059715,0.702524,0.3411,0.0812405,0.0109762,-0.00261896,0.00500512,27.9071,-0.116861,0.0881148,-0.657391
90.12,0.77216,-0.00967916,0.00531757,-0.635332,0.0104463,-0.00230983,-0.0047231,0.702642,0.341006,0.0811902,0.0108325,-0.00231297,0.00533052,29.4087,-0.0297027,0.103823,-0.573947
90.14,0.772143,-0.00967906,0.00531253,-0.635353,0.0138311,-0.002976,-0.00470231,0.702881,0.340815,0.0810878,0.0109656,-0.00271937,0.00514397,24.5809,-0.0901659,0.058993,-0.479668
90.16,0.772116,-0.00966953,0.00530425,-0.635386,0.00580631,0.00072236,-0.0100322,0.703123,0.340627,0.0809965,0.0110597,-0.00286031,0.00553142,29.7426,-0.0826328,0.117066,-0.63221
90.18,0.772082,-0.00964717,0.00525406,-0.635428,0.00441988,-0.00920368,-0.00274366,0.7035,0.340389,0.0808721,0.0111178,-0.003121,0.00494079,29.016,-0.106973,0.064527,-0.812442
90.2,0.772035,-0.00962194,0.00529176,-0.635485,-0.00950838,0.0131683,-0.00922135,0.703857,0.340273,0.0807313,0.0118274,-0.0026239,0.00512344,31.1749,-0.0923698,0.102266,-0.708009
90.22,0.772021,-0.00958448,0.00528183,-0.635503,0.00915747,0.000833746,-0.00894342,0.703966,0.340239,0.0806918,0.011204,-0.00220971,0.00541704,27.8486,-0.126098,0.0469918,-0.703154
90.24,0.772001,-0.0095254,0.00529273,-0.635529,-0.00750469,0.00870693,-0.00886262,0.704298,0.340142,0.0805711,0.0119984,-0.00213411,0.00482496,28.5094,-0.10932,0.127214,-0.636765
90.26,0.77199,-0.00949941,0.00533059,-0.635541,-0.00438792,0.00454749,-0.00161516,0.704525,0.340079,0.0805031,0.0120975,-0.00248349,0.00439159,27.6872,-0.0312444,0.071097,-0.589682
90.28,0.771993,-0.00945,0.00537348,-0.635538,0.00486112,0.00512579,0.00412094,0.704844,0.340105,0.0803514,0.0117939,-0.00161889,0.00546341,31.2295,-0.0861262,0.113158,-0.66852
90.3,0.771987,-0.00945348,0.00535969,-0.635546,0.00206473,-0.0062833,-0.00319998,0.704966,0.34013,0.0803065,0.0122921,-0.00213577,0.00460312,24.2019,-0.0927219,0.0449256,-0.743041
90.32,0.77199,-0.00942193,0.00537175,-0.635543,-0.00190406,0.00237959,-0.00490756,0.705304,0.340181,0.0801533,0.0133286,-0.00344034,0.00485442,29.4291,-0.167265,0.0700568,-0.84672
90.34,0.771987,-0.0094058,0.00536265,-0.635547,-0.000226568,-0.00527298,0.000481306,0.705418,0.340191,0.0801115,0.0129339,-0.00354252,0.00458797,30.1631,-0.0784948,0.0857163,-0.546966
90.36,0.772019,-0.00944872,0.0053408,-0.635507,-0.00800144,0.000224429,0.00103667,0.705777,0.340197,0.0799855,0.0137604,-0.00452827,0.00442606,26.8136,-0.129488,0.0729336,-0.70667
90.38,0.772028,-0.00947662,0.00531161,-0.635495,-0.00522646,-0.00594361,0.00274938,0.706004,0.340226,0.0798811,0.0136001,-0.00465667,0.00466891,29.7633,-0.0736873,0.127463,-0.6402
90.4,0.772034,-0.00949565,0.00526799,-0.635489,-0.00570577,-0.0140789,0.00499619,0.706223,0.340292,0.0797534,0.0140498,-0.00429998,0.0043507,28.2822,-0.0636665,0.107685,-0.608517
90.42,0.77204,-0.00950994,0.00525772,-0.635481,-0.00219347,-0.00757187,0.00298664,0.706455,0.340357,0.0796456,0.0138182,-0.00332026,0.00407271,31.5247,-0.120286,0.0615058,-0.717354
90.44,0.772039,-0.00950745,0.00526103,-0.635482,-0.00377857,0.00653427,-0.000625728,0.706751,0.340459,0.0794712,0.0137416,-0.002917,0.00462827,29.5608,-0.0590928,0.093775,-0.643494
90.46,0.772048,-0.00949839,0.005247,-0.635472,0.0101521,-0.00836423,-0.0023648,0.707051,0.340571,0.0793283,0.0135275,-0.00253034,0.00448552,26.5761,-0.0199188,0.0661131,-0.565274
90.48,0.772049,-0.00952631,0.00527735,-0.635469,-0.0152691,-0.00154908,0.000606707,0.70713,0.340638,0.0792238,0.0138868,-0.00276578,0.00441485,24.0664,-0.0965314,0.0984291,-0.544548
90.5,0.772053,-0.00948603,0.00532747,-0.635465,0.000555657,0.00239358,-0.00113855,0.707376,0.340833,0.0789385,0.0139642,-0.00209691,0.00407517,29.9887,-0.108433,0.107294,-0.745803
90.52,0.772052,-0.00946212,0.00533813,-0.635467,0.00178587,0.00926378,-0.00272877,0.707576,0.34095,0.0787609,0.0142298,-0.00247754,0.00448627,30.4779,-0.0557104,0.110127,-0.673449
90.54,0.772035,-0.00945563,0.00535933,-0.635488,-0.000759491,-0.00244806,0.00402319,0.707853,0.341121,0.0785287,0.0145308,-0.00175403,0.00370266,28.8239,-0.117838,0.0721098,-0.694701
90.56,0.772026,-0.00941744,0.0054069,-0.635498,-0.00274231,0.0138562,-0.000702597,0.707951,0.341179,0.0784568,0.0148923,-0.00167341,0.00455699,27.5855,-0.0566072,0.0933313,-0.683101
90.58,0.772029,-0.0093223,0.0054654,-0.635495,0.00230486,0.00233579,-0.00317089,0.708214,0.341363,0.0781973,0.0145217,0.000417527,0.00337616,28.8646,-0.0621888,0.107351,-0.602519
90.6,0.772016,-0.00927473,0.00551658,-0.635511,-0.00211952,0.0185669,-0.00720359,0.708287,0.341423,0.0780594,0.0151581,0.000892878,0.00350549,27.2464,-0.095885,0.0996765,-0.425024
90.62,0.771949,-0.0090785,0.0056613,-0.635594,0.00479348,0.0226345,-0.00760316,0.708513,0.341634,0.077681,0.0156185,0.00269195,0.00317771,28.7966,-0.0915182,0.140697,-0.474921
90.64,0.771968,-0.00890897,0.00578481,-0.635573,0.00114445,0.011179,0.00220367,0.708757,0.341847,0.0773348,0.0158099,0.00182476,0.0021675,28.682,-0.0653034,0.0842232,-0.553982
90.66,0.771986,-0.00886104,0.00584787,-0.635552,0.00539243,0.0209368,-0.000100398,0.708834,0.341911,0.0772246,0.0155827,0.00199674,0.00385057,32.2515,-0.161061,0.0369647,-0.708893
90.68,0.771931,-0.00877221,0.00589392,-0.635618,0.00535761,-0.00258579,-0.00960252,0.709025,0.342068,0.0768472,0.0157473,-0.000136384,0.00243572,27.2136,-0.0950329,0.125495,-0.576484
90.7,0.771886,-0.00883181,0.00585113,-0.635673,0.00793283,-0.00870392,-0.000815018,0.70912,0.342108,0.0765109,0.0164134,-0.00348322,0.00285806,28.3893,-0.0940462,0.142919,-0.751757
90.72,0.771908,-0.00896186,0.00573214,-0.635646,-0.00459755,-0.0206652,0.00837953,0.709303,0.342047,0.0760839,0.0177861,-0.00731128,0.00535532,27.0577,-0.0439911,0.0159643,-0.657552
90.74,0.771936,-0.00902866,0.00568186,-0.635611,-0.000776924,-0.0159151,0.0129805,0.709403,0.342004,0.0759749,0.0181766,-0.00693366,0.00561038,28.1141,-0.115639,0.0944047,-0.69317
90.76,0.771954,-0.00906657,0.00549164,-0.63559,0.00294025,-0.0122204,-0.00306373,0.709674,0.341945,0.0755775,0.0201073,-0.00407057,0.00170606,31.0119,-0.0917668,0.1379,-0.621265
90.78,0.77194,-0.00906771,0.00551501,-0.635607,-0.00976577,0.000821485,-0.00398112,0.709773,0.341941,0.075448,0.0196498,-0.00315813,0.00349788,27.7299,-0.0599892,0.115254,-0.465634
90.8,0.771892,-0.00902741,0.00545473,-0.635667,0.00601916,-0.00627936,-0.00241825,0.709996,0.341983,0.0750024,0.0183579,-0.00239766,0.00202173,28.608,-0.118969,0.0713701,-0.683252
90.82,0.771976,-0.00908965,0.00550285,-0.635563,-0.00661078,-0.0121059,0.0211809,0.710093,0.342,0.0747025,0.0147889,-0.00395336,0.00383543,29.2293,-0.0895961,0.116328,-0.681942
90.84,0.772092,-0.00922272,0.00560981,-0.63542,-0.0120339,-0.0052368,0.0133026,0.710121,0.341995,0.0744421,0.0133603,-0.0031166,0.00404923,26.5362,-0.167471,0.0310316,-0.644966
90.86,0.772036,-0.00928938,0.0056711,-0.635485,-0.000509735,-0.0075363,-0.0200502,0.710186,0.342006,0.074186,0.0152716,-0.00144374,0.00352129,30.1961,-0.0494614,0.0892405,-0.559156
90.88,0.771848,-0.00930153,0.00565595,-0.635714,0.00109251,-0.00148094,-0.0129521,0.710382,0.342043,0.0738178,0.0213548,-0.00153693,0.00199528,27.771,-0.121091,0.0846864,-0.661655
90.9,0.771915,-0.00917283,0.00559939,-0.635635,0.000632264,0.00940907,0.0166789,0.710686,0.342143,0.0733949,0.0229284,0.00163407,0.00272172,31.2151,-0.021191,0.115492,-0.410761
90.92,0.771961,-0.00909549,0.00558778,-0.63558,0.014277,0.00781732,0.0130267,0.710792,0.342198,0.0732429,0.0230426,0.00214705,-1.19111e-05,28.1045,-0.070536,0.160296,-0.522996
90.94,0.771962,-0.00893306,0.00565462,-0.635581,0.00410274,0.0220465,-0.016684,0.711103,0.342366,0.0727852,0.0207565,0.00213797,0.00113698,28.6167,-0.128994,0.0939315,-0.544257
90.96,0.771919,-0.00885322,0.00567861,-0.635634,0.0126536,0.00812127,-0.01884,0.711224,0.342419,0.0726502,0.0195412,0.00122813,0.00153379,27.7353,-0.0988888,0.0666552,-0.491704
90.98,0.771842,-0.00885164,0.00578345,-0.635726,0.00500925,0.00883896,0.000370128,0.711581,0.342532,0.0721099,0.0200071,-0.00168363,0.00293988,27.7672,-0.0437065,0.12834,-0.445272
91,0.771877,-0.00892305,0.00575732,-0.635684,-0.0118798,-0.0107353,0.0134928,0.711673,0.342563,0.0719626,0.0215231,-0.00220354,0.000881748,27.1816,-0.116127,0.0573728,-0.699417
91.02,0.77192,-0.00900211,0.0057642,-0.63563,-0.0134235,-0.0166235,0.00659558,0.711893,0.342643,0.0716825,0.0224768,-0.000457501,0.000834734,27.0808,-0.0925191,0.117437,-0.702031
91.04,0.771929,-0.00902651,0.00570841,-0.63562,0.00251315,-0.0150226,-0.00398468,0.71211,0.342727,0.0714249,0.0230537,-0.000392146,0.00229604,29.8485,-0.130693,0.104411,-0.584206
91.06,0.771907,-0.00903936,0.00566435,-0.635646,-0.000789836,0.00141425,-0.0105252,0.712451,0.342854,0.0710786,0.0246907,0.000182079,0.00184627,28.7731,-0.0651547,0.131261,-0.508877
91.08,0.771902,-0.00902608,0.00554723,-0.635653,0.00893242,-0.00741337,0.00640849,0.712784,0.343011,0.0707556,0.0246276,0.000924447,0.00184122,27.968,-0.0399689,0.101496,-0.39999
91.1,0.771911,-0.00905022,0.00552546,-0.635642,-0.00636358,-0.00360894,0.00169103,0.712863,0.343074,0.0706545,0.0248812,0.000317009,0.00190443,27.3096,-0.0405051,0.120312,-0.236121
91.12,0.771934,-0.00904926,0.00547623,-0.635615,-0.00423946,-0.0118785,0.00134664,0.713053,0.3432,0.0704813,0.0241074,0.000552149,0.000736014,25.1256,-0.120778,0.149749,-0.399434
91.14,0.771913,-0.00912171,0.00547481,-0.635639,-0.0016471,0.00628621,-0.00339715,0.713293,0.34337,0.070224,0.0232527,0.00065617,0.00263178,30.0285,-0.0130095,0.13902,-0.440365
91.16,0.771898,-0.00918767,0.00543223,-0.635656,0.00165988,-0.00848055,0.000780966,0.713565,0.343542,0.0700148,0.0247381,0.00174457,0.00121032,29.4296,-0.0416131,0.0903041,-0.447002
91.18,0.771907,-0.00920418,0.00543603,-0.635645,-0.00635976,0.00608871,0.00739786,0.713677,0.343602,0.0699403,0.0258625,0.00199009,0.0020093,26.4793,-0.0275118,0.12728,-0.379458
91.2,0.771969,-0.00913643,0.00538945,-0.635571,0.013341,-0.00169744,0.00284282,0.71398,0.343829,0.0697442,0.0269241,0.00357017,0.00158641,28.6601,-0.060925,0.138405,-0.478506
91.22,0.771972,-0.00914307,0.00537892,-0.635568,-0.00112778,-0.000984879,0.000189843,0.714123,0.343915,0.0696777,0.0273735,0.00284788,0.000928594,30.9263,-0.121448,0.0609786,-0.603571
91.24,0.771887,-0.00922626,0.00519493,-0.635671,-0.00621657,-0.0192459,-0.0166714,0.714427,0.344024,0.0695325,0.0286085,-0.00703896,0.00435774,28.6847,-0.0878133,0.138322,-0.594924
91.26,0.771832,-0.00949303,0.00486318,-0.635737,-0.00266895,-0.0388914,-0.00303013,0.714639,0.343957,0.0694749,0.0292774,-0.00906999,0.00512885,29.5473,-0.0925509,0.120281,-0.567206
91.28,0.771854,-0.00978435,0.00457012,-0.635708,-0.00609518,-0.027639,0.00933938,0.714882,0.343884,0.0694165,0.0307204,-0.00802903,0.00373559,27.1283,-0.0662151,0.108156,-0.342867
91.3,0.771921,-0.00998533,0.00434626,-0.635625,-0.0125669,-0.0245321,0.00468639,0.715121,0.343872,0.0693623,0.0306666,-0.00515546,0.00370603,28.3906,-0.0587334,0.130923,-0.432903
91.32,0.771885,-0.0101344,0.00410411,-0.635668,0.00409375,-0.0100817,-0.0130782,0.71546,0.343994,0.0693237,0.0303656,-0.000633397,0.00366518,29.4001,-0.0628289,0.0725289,-0.559387
91.34,0.771813,-0.010254,0.00390396,-0.635755,-3.68762e-05,-0.0216322,0.000259331,0.715894,0.34418,0.0692946,0.0319358,0.000351387,0.00189178,26.6308,-0.0539607,0.137808,-0.422674
91.36,0.771819,-0.0102752,0.00383923,-0.635748,0.00531846,-0.0127248,0.00223037,0.716039,0.344238,0.0692799,0.0317381,0.0003778,0.0028223,27.3512,-0.108904,0.0776123,-0.541213
91.38,0.771872,-0.010384,0.00364743,-0.635682,0.00638805,-0.0169215,0.0137271,0.716497,0.344405,0.0692401,0.0324974,0.000315605,0.00229342,30.9667,-0.0814844,0.106663,-0.514769
91.4,0.771899,-0.0104127,0.00352824,-0.63565,0.0100754,-0.0123586,0.00410962,0.716741,0.34451,0.0692244,0.0325626,0.00150803,0.00276861,28.5482,-0.0396933,0.149914,-0.338517
91.42,0.771932,-0.010404,0.00348049,-0.635611,-0.00378809,0.00216531,0.00217365,0.717152,0.344725,0.0692075,0.0333935,0.0049962,0.00296164,32.2356,-0.0323793,0.155097,-0.357268
91.44,0.771954,-0.0103534,0.00347088,-0.635585,0.0158515,-0.00120612,0.00434574,0.717344,0.344829,0.0692088,0.0328666,0.00655144,0.00285488,29.2277,-0.0942713,0.119761,-0.362485
91.46,0.772,-0.0102742,0.00352437,-0.63553,0.0106783,0.0122123,0.00756955,0.717577,0.34505,0.0691854,0.0328539,0.0074698,0.00260266,25.4416,-0.0405848,0.110861,-0.468651
91.48,0.771991,-0.0101913,0.00360616,-0.635542,-0.00182325,0.0105589,-0.00265383,0.717826,0.345276,0.069166,0.0330102,0.00758694,0.00290423,27.5094,-0.106153,0.0427343,-0.471057
91.5,0.771946,-0.0100949,0.00353312,-0.635598,0.0136297,-0.00824117,0.00304299,0.718158,0.345516,0.0691492,0.0343736,0.00451428,0.00214637,28.5671,-0.0713396,0.148719,-0.448559
91.52,0.771861,-0.0100297,0.00349231,-0.635702,-0.00880774,0.00917016,-0.00969624,0.718474,0.345669,0.0691339,0.0317663,0.0045844,0.00355974,28.4599,-0.0412406,0.143899,-0.410693
91.54,0.771825,-0.0100374,0.00348096,-0.635746,-0.00060521,-0.0119825,-0.0109927,0.718575,0.345718,0.06915,0.0317847,0.00375012,0.00434028,30.8991,-0.110279,0.115361,-0.504036
91.56,0.771821,-0.0102253,0.00344665,-0.635749,-0.0183023,-0.00737533,0.00848221,0.718956,0.345815,0.0692245,0.0319115,0.00121825,0.00345536,28.8806,-0.0910326,0.137025,-0.532364
91.58,0.771876,-0.0103637,0.00336208,-0.635679,-0.00808239,-0.0263489,0.0139818,0.719204,0.34586,0.06927,0.0329436,0.00150404,0.00388132,29.0814,-0.082376,0.0786053,-0.345947
91.6,0.771948,-0.01045,0.00326165,-0.635592,0.00496209,-0.00317935,0.00733658,0.71955,0.345898,0.0692851,0.0331408,0.00346319,0.0041425,29.763,-0.0549425,0.108015,-0.33577
91.62,0.771938,-0.0104713,0.00319664,-0.635604,0.0070853,-0.0167349,-0.00760944,0.719672,0.345919,0.069288,0.0329901,0.00311746,0.00283696,26.9467,-0.0612866,0.122263,-0.368237
91.64,0.771758,-0.0106152,0.00318469,-0.63582,-0.0159756,0.00658416,-0.0176244,0.720001,0.346005,0.0693313,0.0302038,0.00403629,0.00511595,30.8961,-0.089238,0.13115,-0.36993
91.66,0.771734,-0.0106485,0.00319071,-0.635849,-0.00617226,-0.00164143,-0.00432115,0.720075,0.346028,0.0693457,0.0307911,0.00391861,0.00347275,27.8985,-0.0234253,0.0787024,-0.368726
91.68,0.771855,-0.0107723,0.00322409,-0.635699,-0.0100595,0.012028,0.0242091,0.720416,0.346124,0.0694041,0.0329607,0.00487994,0.00344664,27.4309,-0.0941276,0.102388,-0.44318
91.7,0.771882,-0.010781,0.00325333,-0.635666,-0.00329768,0.00765758,-0.00782592,0.72062,0.346158,0.0694128,0.0326892,0.00565901,0.00366616,27.3618,-0.0831448,0.176031,-0.322751
91.72,0.771807,-0.0108141,0.00328383,-0.635756,0.00118796,0.00980787,-0.00495251,0.72093,0.346184,0.0694195,0.0330337,0.00631584,0.00430174,31.0701,-0.0719914,0.130345,-0.368605
91.74,0.771798,-0.0107891,0.00323842,-0.635767,0.0092774,-0.00335425,0.00183758,0.721048,0.346195,0.0694175,0.0340243,0.00586265,0.00247718,27.445,-0.0630649,0.116757,-0.513722
91.76,0.77182,-0.0107997,0.00327679,-0.635741,-0.00298372,-0.00826105,0.0125535,0.721303,0.346216,0.0694246,0.0337411,0.00612802,0.0033599,27.5699,-0.0100687,0.119276,-0.233966
91.78,0.771844,-0.0107399,0.00342499,-0.635713,0.00405687,0.00407524,-0.00826554,0.721869,0.346308,0.0694709,0.0334379,0.00820613,0.00451378,29.3149,-0.0391489,0.184231,-0.166174
91.8,0.771822,-0.0107312,0.0034734,-0.635739,-0.00785776,0.0153053,-0.0108779,0.721999,0.346335,0.0694682,0.0344532,0.00821024,0.00368673,28.0198,-0.0247173,0.164631,-0.0303062
91.82,0.771789,-0.010541,0.00353614,-0.635782,0.0134398,0.0142379,0.00106584,0.722437,0.346431,0.0694656,0.035174,0.00939261,0.0040601,29.2186,-0.0315906,0.0869471,-0.17314
91.84,0.771835,-0.0104322,0.00360225,-0.635728,0.00805412,0.0136662,0.0112537,0.722761,0.346514,0.069469,0.0351321,0.00946364,0.00397902,27.2082,-0.0176203,0.195191,-0.0702729
91.86,0.771912,-0.0103035,0.00366647,-0.635636,-0.00383497,0.00713357,0.00500194,0.723244,0.346629,0.0694778,0.0348287,0.00790892,0.00380321,28.0854,-0.0983307,0.0551932,-0.315986
91.88,0.771896,-0.0102771,0.00369745,-0.635655,-0.00453405,0.0166518,-0.0062494,0.723385,0.346649,0.0694831,0.0354428,0.0063755,0.00438314,28.5472,-0.121701,0.16512,-0.174701
91.9,0.771863,-0.0102502,0.00368657,-0.635696,-0.00937226,0.00415733,-0.00449001,0.723592,0.346645,0.0694657,0.0353017,0.00457911,0.00447879,28.2644,-0.0276004,0.164894,-0.273693
91.92,0.771837,-0.0102591,0.00364008,-0.635727,-0.00888391,-0.00202158,-0.00532587,0.723822,0.346613,0.0694561,0.0359417,0.00274589,0.00468729,28.2101,-0.0369978,0.125946,-0.197798
91.94,0.771818,-0.0103176,0.00350123,-0.63575,0.000849561,-0.0156564,-0.00158236,0.724234,0.346549,0.0694634,0.0364408,0.00397252,0.00499827,29.2318,-0.0261206,0.129158,-0.230516
91.96,0.771827,-0.0102551,0.00347311,-0.635741,0.00236094,0.008369,-0.00126833,0.724676,0.34658,0.0694776,0.0356015,0.00889841,0.00383381,29.5936,-0.0703887,0.128425,-0.198111
91.98,0.771803,-0.0101135,0.00359653,-0.635772,0.00770122,0.0162351,-0.00901414,0.724972,0.346681,0.0694507,0.0344809,0.0118691,0.00352187,28.9483,-0.0156575,0.17376,-0.242628
92,0.771776,-0.00999253,0.0037127,-0.635806,0.00675919,0.0115369,0.00195644,0.725186,0.346762,0.0693939,0.0351115,0.0107173,0.00486461,30.4839,-0.118215,0.100295,-0.316679
92.02,0.771771,-0.00988676,0.00376106,-0.635813,0.017414,-0.000975376,0.00365926,0.725437,0.346809,0.0693532,0.0364147,0.00786684,0.0046696,27.1878,-0.0572343,0.114832,-0.362359
92.04,0.771796,-0.00989947,0.00368744,-0.635783,-0.0012023,-0.0124232,-0.00100715,0.72589,0.346798,0.0693098,0.0380427,0.00437966,0.00510093,26.163,-0.0348369,0.12893,-0.212522
92.06,0.771788,-0.00991684,0.00366526,-0.635792,0.00648537,-0.00751571,-0.00923214,0.726052,0.346785,0.0693064,0.0374886,0.00504953,0.00606377,30.1749,-0.0119523,0.172692,-0.163807
92.08,0.771695,-0.00990969,0.00352995,-0.635905,0.00113071,-0.0114881,-0.0114894,0.726448,0.346735,0.0692695,0.0382624,0.00374586,0.00377939,27.5544,-0.0404252,0.205087,-0.287979
92.1,0.771672,-0.00991211,0.00351035,-0.635934,0.00142039,-0.00640371,-0.00915266,0.7266,0.346716,0.069241,0.0380944,0.00340446,0.00496967,29.2997,-0.0859912,0.117414,-0.15198
92.12,0.771659,-0.0100309,0.0034062,-0.635948,-0.00487473,-0.0215994,0.00877786,0.726909,0.346624,0.069158,0.0369601,0.00237454,0.00454706,29.559,-0.0668874,0.173277,-0.250665
92.14,0.771674,-0.0101288,0.00335213,-0.635929,-0.00621202,-0.023145,0.00304848,0.727137,0.346549,0.0691195,0.0371459,0.00153772,0.00533796,26.7881,-0.0344103,0.139778,-0.20998
92.16,0.771675,-0.0102741,0.00325651,-0.635926,0.00288114,-0.0211559,-0.00367505,0.727391,0.346464,0.0690933,0.037355,0.000835537,0.00560761,28.5586,-0.0686116,0.15471,-0.357977
92.18,0.771654,-0.0104429,0.00311022,-0.635949,-0.00687163,-0.0102382,-0.00947819,0.727791,0.346333,0.0690727,0.039905,0.00135684,0.0048696,31.5789,-0.0512922,0.135434,-0.483895
92.2,0.771651,-0.0105236,0.00297153,-0.635953,0.00269694,-0.0120731,0.00493467,0.728012,0.346254,0.0690727,0.040843,0.00239229,0.00408649,28.7797,-0.0662539,0.124713,-0.284567
92.22,0.771692,-0.0105001,0.00290485,-0.635903,0.00489605,0.0034304,0.00431907,0.728409,0.346197,0.0690653,0.040801,0.00557159,0.00497457,28.2962,-0.0637504,0.127453,-0.363883
92.24,0.771706,-0.0104799,0.0028434,-0.635886,0.0183618,-0.0120317,0.00443501,0.728553,0.346194,0.0690629,0.0411362,0.00546581,0.00309518,27.688,-0.0890269,0.132108,-0.192094
92.26,0.771673,-0.0104573,0.0028305,-0.635927,0.00772876,-0.00863098,-0.00768588,0.728892,0.346204,0.06907,0.0384326,0.00576341,0.00495917,27.1872,-0.0353059,0.105236,-0.254269
92.28,0.771612,-0.0104878,0.00283328,-0.636001,0.0109055,-0.000521957,-0.0110844,0.729126,0.346188,0.0690889,0.0380428,0.00404397,0.00550087,27.3592,-0.0622311,0.174801,-0.445569
92.3,0.771657,-0.0106363,0.00278881,-0.635944,-0.00663022,-0.0119932,0.00937244,0.729322,0.34611,0.069101,0.0409344,0.00274869,0.00448151,29.1046,-0.0703919,0.156986,-0.204425
92.32,0.771719,-0.0106657,0.00278126,-0.635868,-0.00170386,-0.00530601,0.00718439,0.729507,0.346079,0.0691157,0.0409291,0.004761,0.00421692,27.2123,-0.0622189,0.205104,-0.271154
92.34,0.771706,-0.0105977,0.00282026,-0.635884,0.00353141,0.00561939,-0.00616205,0.729702,0.346105,0.0691223,0.0392878,0.00843352,0.00264463,30.5821,-0.10153,0.156204,-0.429941
92.36,0.77165,-0.0105331,0.00298201,-0.635953,-0.00454839,0.0150936,-0.0126188,0.729943,0.346192,0.0691305,0.0368354,0.00980918,0.00402339,27.6726,-0.0409288,0.0871365,-0.33403
92.38,0.771602,-0.0104948,0.00323446,-0.636011,-0.00994686,0.0168694,0.00404737,0.730158,0.346291,0.0691761,0.0372727,0.00786767,0.00464763,29.7203,-0.0124244,0.161197,-0.212303
92.4,0.771698,-0.0105178,0.00344432,-0.635893,-0.0115829,0.00833384,0.0145528,0.730296,0.346369,0.0692798,0.0379988,0.00801315,0.00525256,30.827,-0.0381357,0.160323,-0.300082
92.42,0.771733,-0.0105233,0.00349993,-0.635851,-0.00967215,0.012186,0.0106667,0.730363,0.346399,0.0693135,0.0392137,0.00788279,0.00465752,28.2583,-0.147822,0.192513,-0.341803
92.44,0.771726,-0.0103714,0.00369595,-0.635859,0.00160564,0.0202995,-0.00828406,0.730635,0.346569,0.0694183,0.0396308,0.0149916,0.00492312,27.3908,-0.0766501,0.121125,-0.495554
92.46,0.771764,-0.0100661,0.00400339,-0.635817,0.00115359,0.0648675,0.00348857,0.730921,0.346843,0.069447,0.0401437,0.0203871,0.00190421,28.6688,-0.0809337,0.0956983,-0.222006
92.48,0.771826,-0.0097186,0.00441363,-0.635744,-0.00290931,0.0715402,0.0148757,0.731005,0.347163,0.0694825,0.0374979,0.022053,0.00252489,28.384,-0.13506,0.143966,-0.56409
92.5,0.771845,-0.00952222,0.00474398,-0.635721,-0.0147775,0.0413615,-0.00230456,0.730949,0.347421,0.0695537,0.0365683,0.0121682,0.00434795,29.7438,-0.0861449,0.137869,-0.332472
92.52,0.771775,-0.00954512,0.00484503,-0.635806,-0.0127301,-0.0104323,-0.0220167,0.730937,0.347472,0.0696646,0.0386882,0.00108365,0.00582655,30.8681,-0.0445696,0.163832,-0.332497
92.54,0.771706,-0.00977661,0.00464262,-0.635888,-0.00434967,-0.0412171,-0.00869759,0.731008,0.347369,0.0697981,0.0425048,-0.00617515,0.00664285,28.4971,-0.063322,0.171637,-0.25454
92.56,0.771762,-0.0101813,0.00410874,-0.635816,0.00598785,-0.0517106,0.0157588,0.731279,0.347053,0.0700147,0.0453151,-0.00979307,0.00763907,27.9715,-0.0298047,0.139982,-0.392181
92.58,0.771816,-0.010471,0.00365218,-0.635749,0.00898978,-0.0563063,0.00748845,0.731488,0.346801,0.0701636,0.0454127,-0.00929778,0.00787187,25.9482,-0.0219585,0.175919,-0.247887
92.6,0.77178,-0.0107158,0.00324007,-0.635792,-0.00296047,-0.0467852,-0.00929113,0.731535,0.34659,0.0702875,0.0437137,-0.00740577,0.00704013,29.5518,-0.101206,0.0980232,-0.365595
92.62,0.771668,-0.0110355,0.00270246,-0.635924,0.0123964,-0.0489702,-0.0113489,0.731611,0.346332,0.0704715,0.0412161,-0.00564289,0.0063515,30.3706,-0.0112006,0.182679,-0.386453
92.64,0.771665,-0.0112446,0.00243488,-0.635926,0.00462955,-0.0329543,0.0047875,0.731692,0.346177,0.0705929,0.0413073,-0.00457371,0.006566,30.3391,-0.103905,0.13149,-0.354615
92.66,0.771753,-0.0115503,0.0019926,-0.635814,-0.00772842,-0.0407959,0.0119885,0.731886,0.345998,0.0707688,0.0428318,-0.00305051,0.00557781,27.1642,-0.0385694,0.109518,-0.264091
92.68,0.771748,-0.0116078,0.00187985,-0.635819,0.0145356,-0.0272593,-0.00241142,0.731967,0.345948,0.0708279,0.0416087,-0.00208286,0.00613755,30.5725,-0.0549817,0.166966,-0.332964
92.7,0.771743,-0.0118622,0.00159212,-0.635821,0.000159711,-0.0271922,-0.00108566,0.731949,0.345828,0.0710006,0.0383329,0.000705851,0.00590954,25.1116,-0.05655,0.149875,-0.424659
92.72,0.771741,-0.0119556,0.00157787,-0.635823,-0.00887381,-0.0107843,-0.00122551,0.731924,0.345805,0.0710503,0.0378435,0.00154987,0.00601861,30.0066,-0.0983927,0.177926,-0.345242
92.74,0.771696,-0.0120821,0.00154038,-0.635875,0.00245565,-0.00868515,-0.012791,0.731866,0.345829,0.0711981,0.0364789,0.00818257,0.00523862,27.906,-0.0578344,0.113412,-0.522711
92.76,0.771682,-0.0120896,0.00168395,-0.635891,0.00120433,0.0144493,-0.0061384,0.731891,0.345957,0.0712932,0.0389573,0.0129454,0.00476277,29.9431,-0.0725124,0.172042,-0.407281
92.78,0.77172,-0.0119512,0.00185482,-0.635848,0.0119899,0.0218077,0.0128346,0.731998,0.34615,0.0713691,0.0422075,0.014981,0.00382837,25.3744,-0.160117,0.0469156,-0.499037
92.8,0.771804,-0.0118053,0.00199166,-0.635748,0.00440514,0.019753,0.020427,0.732006,0.346325,0.0713756,0.0443886,0.0148357,0.00505565,30.2175,-0.029021,0.160288,-0.419134
92.82,0.771929,-0.0116178,0.00206247,-0.635599,0.010975,0.00441046,0.00210598,0.732015,0.346534,0.071401,0.0437347,0.0133829,0.00324224,28.8726,-0.091177,0.158853,-0.484782
92.84,0.771845,-0.0114927,0.00221042,-0.635704,-0.00708422,0.0204011,-0.0226385,0.732047,0.346741,0.0714193,0.0412627,0.0126548,0.00388548,31.2182,-0.0870945,0.116347,-0.316344
92.86,0.7718,-0.0114589,0.00223515,-0.635758,0.00274034,0.00686253,-0.00979412,0.732065,0.346806,0.0714306,0.0409789,0.0122178,0.00320438,27.1976,-0.0778164,0.121228,-0.438584
92.88,0.771731,-0.0113807,0.00229376,-0.635844,-0.00046658,0.00281629,-0.00515302,0.732104,0.346977,0.0714521,0.0450437,0.0122759,0.00300431,27.3043,-0.0606999,0.157955,-0.281635
92.9,0.77173,-0.0112828,0.00226451,-0.635847,0.00407131,0.00754315,-0.0035403,0.73213,0.347111,0.0714699,0.045957,0.0128965,0.00193851,29.3099,-0.0674158,0.121388,-0.43133
92.92,0.771708,-0.0111598,0.00227605,-0.635875,0.00448066,0.0023247,-0.00563444,0.732129,0.347235,0.0715047,0.0441447,0.0134403,0.00331468,28.662,-0.0591528,0.129942,-0.298083
92.94,0.771625,-0.0111005,0.00233859,-0.635977,0.00398942,0.00403169,-0.0176685,0.73213,0.347367,0.0715538,0.0422171,0.0130287,0.00365317,27.8123,-0.153365,0.106065,-0.451899
92.96,0.771447,-0.0109878,0.00244016,-0.636194,0.00316614,0.0220986,-0.0193231,0.73219,0.347575,0.071638,0.0435,0.0151281,0.00454743,29.2692,-0.0641719,0.13016,-0.36121
92.98,0.771427,-0.0108804,0.00248429,-0.63622,0.0138605,0.0228257,-0.00378075,0.732237,0.347679,0.0716669,0.0434394,0.0207929,0.00360591,29.7315,-0.0486698,0.14157,-0.266593
93,0.771528,-0.010366,0.00310308,-0.636104,-0.0127526,0.0309146,0.0201226,0.732069,0.348213,0.0716999,0.0402107,0.0231182,0.00174133,28.3864,-0.0674898,0.152778,-0.357078
93.02,0.771539,-0.010074,0.00347361,-0.636093,0.00487404,0.020765,-0.00918714,0.732018,0.348552,0.0717116,0.0374955,0.0220618,0.000381299,27.7069,-0.0682753,0.15132,-0.297152
93.04,0.771526,-0.00979846,0.00386346,-0.63611,-0.00947801,0.0995608,0.000614264,0.731907,0.348851,0.0717427,0.0351233,0.0169491,0.00429103,30.786,-0.0507141,0.145251,-0.238288
93.06,0.771493,-0.010154,0.00384484,-0.636145,-0.0132228,-0.0871827,-0.020231,0.731853,0.348815,0.071892,0.0419148,-0.00594225,0.0064505,27.6515,-0.0928724,0.127663,-0.310911
93.08,0.771294,-0.0104218,0.00336535,-0.636385,0.0091708,-0.0537629,-0.0447424,0.731886,0.348584,0.0719387,0.0474207,-0.0118611,0.00553534,28.0783,0.0544266,0.151756,-0.146293
93.1,0.770952,-0.0109854,0.0022238,-0.636795,0.0336178,-0.13076,-0.0230916,0.732073,0.34804,0.0719671,0.0541808,-0.0179633,0.00696289,26.5666,-0.126972,0.139901,-0.520188
93.12,0.770905,-0.0111994,0.00176738,-0.63685,0.0257833,-0.108119,-0.0108838,0.732248,0.347808,0.0720013,0.051878,-0.0180143,0.00779693,29.1954,-0.0694341,0.17787,-0.352367
93.14,0.770849,-0.0118842,0.000857047,-0.636906,-0.0020999,-0.0694596,-0.0260551,0.7324,0.347281,0.0721156,0.0404513,-0.0111518,0.00968569,31.3154,-0.0142204,0.157469,-0.291572
93.16,0.77076,-0.0121521,0.000568528,-0.637009,-0.00228115,-0.0730662,-0.032658,0.732419,0.347148,0.0721704,0.0403161,-0.00962661,0.0109225,27.6374,-0.0567265,0.100443,-0.179896
93.18,0.77032,-0.0125714,8.37515e-05,-0.637534,-0.000283891,-0.0414114,-0.0343688,0.732587,0.346834,0.0723556,0.0453523,-0.00546193,0.00814785,29.1213,-0.0204702,0.167634,-0.140128
93.2,0.770296,-0.012812,-0.000319246,-0.637558,0.0152038,-0.0355177,0.00875944,0.732625,0.346634,0.0723254,0.0510666,-0.00686412,0.00584841,28.2458,-0.0880061,0.131945,-0.478743
93.22,0.770413,-0.0129737,-0.000835003,-0.637413,0.0174255,-0.0613764,0.0202174,0.732777,0.346411,0.0723066,0.0531769,-0.00793554,0.00806716,29.8481,-0.103372,0.158736,-0.511042
93.24,0.77051,-0.0131952,-0.00136356,-0.63729,0.0117939,-0.0549626,0.0163753,0.733041,0.346197,0.0723487,0.0513179,-0.00614676,0.00858783,28.323,-0.0862816,0.104643,-0.359374
93.26,0.770704,-0.0134524,-0.00179834,-0.637049,0.00584167,-0.0292623,0.0336309,0.733314,0.34598,0.0724039,0.0477166,-0.00154742,0.0080474,27.4317,-0.00607918,0.148743,-0.207441
93.28,0.771052,-0.0136764,-0.00208939,-0.636622,-0.00226817,-0.0185076,0.0458244,0.733424,0.345823,0.072383,0.0451944,0.00127053,0.00315896,29.3394,-0.06381,0.148617,-0.327936
93.3,0.771197,-0.0137185,-0.00207941,-0.636445,-0.00531534,0.00159331,0.0496242,0.73342,0.345799,0.072357,0.0416455,0.005163,0.00381,26.3374,-0.100316,0.176036,-0.250267
93.32,0.77156,-0.0136214,-0.00152302,-0.636009,-0.0225583,0.0637353,0.0297735,0.73326,0.34601,0.0722296,0.0281916,0.0233404,-0.00101204,30.717,-0.148767,0.162397,-0.378415
93.34,0.771579,-0.0133061,-0.000510235,-0.635994,-0.0359383,0.118751,-0.00917393,0.732999,0.346466,0.0721008,0.0207957,0.038863,-0.00329943,27.7138,-0.0475613,0.0615073,-0.335214
93.36,0.771423,-0.0123316,0.00182709,-0.636201,-0.0533769,0.204699,-0.0153524,0.73252,0.347639,0.0718499,0.017885,0.0582639,-0.00469011,28.6576,-0.040063,0.0892163,-0.425861
93.38,0.771399,-0.0118136,0.00276265,-0.636236,-0.040469,0.234778,-0.000896814,0.732311,0.348226,0.0717694,0.0179217,0.0619737,-0.00315607,28.9423,-0.108835,0.155465,-0.452884
93.4,0.771566,-0.0103732,0.00516819,-0.636044,-0.0202064,0.187006,0.0341837,0.731856,0.349689,0.0715697,0.0339277,0.0534466,-0.00409336,30.7579,-0.121732,0.101937,-0.347666
93.42,0.77165,-0.00987725,0.0058049,-0.635945,-0.00260878,0.173805,0.0290587,0.731828,0.350109,0.0715087,0.0389562,0.0492562,-0.00230286,27.4047,-0.144134,0.119307,-0.512423
93.44,0.771685,-0.00868419,0.00682544,-0.635909,0.0329287,0.0777175,-0.0172267,0.732018,0.351036,0.0713637,0.0487503,0.0269206,-0.000958563,27.5324,-0.0769434,0.0920039,-0.511898
93.46,0.771643,-0.00821857,0.00695718,-0.635965,0.033348,0.00959293,-0.00807494,0.73228,0.351314,0.0713104,0.04999,0.0114243,0.00031898,26.2265,-0.105967,0.146105,-0.376993
93.48,0.771676,-0.00816376,0.00685756,-0.635926,0.0133122,-0.028968,0.00569002,0.732575,0.351328,0.0713094,0.0490126,-0.00298442,0.00417971,26.851,-0.105256,0.118978,-0.4465
93.5,0.771768,-0.00863899,0.00633924,-0.635814,-0.019565,-0.0627516,0.00227395,0.732767,0.351007,0.0714593,0.0451783,-0.017019,0.00699523,32.2397,-0.0355697,0.120843,-0.450086
93.52,0.771744,-0.00923051,0.00588747,-0.635839,-0.0198378,-0.0804181,-0.00933238,0.73285,0.350675,0.0715867,0.0440081,-0.0191553,0.00695269,30.9814,-0.115519,0.165967,-0.498706
93.54,0.771662,-0.00998334,0.00527778,-0.635933,-0.0189698,-0.0607264,-0.00424956,0.733037,0.350207,0.0717649,0.0449045,-0.0138766,0.00714582,28.5676,-0.0955504,0.12803,-0.488368
93.56,0.771657,-0.0102107,0.00504974,-0.635937,-0.00582744,-0.0718344,5.2714e-05,0.733127,0.350094,0.0718182,0.0458086,-0.0109215,0.00526393,29.3477,-0.0684477,0.142291,-0.418121
93.58,0.771741,-0.0105217,0.00477233,-0.635833,-0.011373,-0.0064175,0.0133778,0.733395,0.349979,0.0719592,0.0459292,0.000224959,0.00487726,28.0994,-0.0519764,0.113397,-0.296875
93.6,0.77175,-0.0105231,0.00471125,-0.635822,0.0154102,-0.0170074,0.00318598,0.733448,0.35003,0.0720077,0.0453787,0.00370329,0.00371086,28.6789,-0.0564698,0.150659,-0.395113
93.62,0.771777,-0.0103385,0.00487971,-0.63579,-0.000888079,0.0369017,0.00317358,0.733675,0.350379,0.0721201,0.0416984,0.0130796,0.00190641,28.4539,-0.132062,0.110309,-0.437183
93.64,0.771778,-0.0101133,0.00514572,-0.635791,-0.00698184,0.0366956,0.00287494,0.733766,0.350695,0.0721829,0.0388875,0.015522,0.00180943,26.6356,-0.0862236,0.124272,-0.483226
93.66,0.771788,-0.00988283,0.00549387,-0.635779,-0.00942464,0.0358581,0.00166674,0.73385,0.351035,0.0722549,0.0372149,0.0156725,0.00199419,27.0609,-0.0834787,0.146723,-0.531462
93.68,0.771835,-0.00967512,0.00583398,-0.635722,-0.00434046,0.0350265,0.0088351,0.733946,0.35136,0.0723277,0.0363223,0.0140897,0.00225157,31.0647,-0.013788,0.170581,-0.415681
93.7,0.771893,-0.00949027,0.00627459,-0.63565,0.00924823,0.00544465,0.00106055,0.733832,0.352006,0.0726628,0.0365068,0.00713618,0.00415927,28.2695,-0.0679708,0.14512,-0.439972
93.72,0.77189,-0.00948262,0.00633002,-0.635654,0.0058638,-0.0031186,-0.00226091,0.733822,0.352212,0.0728402,0.0371937,0.0035168,0.00541042,30.6214,-0.170737,0.15044,-0.479418
93.74,0.771887,-0.00956616,0.00626759,-0.635657,0.00331809,-0.0229063,-0.00122129,0.733854,0.352359,0.0730316,0.0369724,0.0011801,0.0063009,28.6478,-0.0152689,0.0921137,-0.372715
93.76,0.771887,-0.00965258,0.00613914,-0.635657,0.00384184,-0.0193304,9.61058e-05,0.733923,0.352467,0.0732279,0.0371949,-0.000316186,0.00670621,29.1422,-0.140155,0.126072,-0.520336
93.78,0.771884,-0.00977814,0.00598791,-0.635659,0.00395017,-0.0148904,0.00281007,0.733896,0.352603,0.0735013,0.0362849,-0.000542282,0.00722374,29.0536,-0.0749204,0.100956,-0.442025
93.8,0.771896,-0.00993869,0.00577759,-0.635645,0.00164543,-0.0260992,0.00310187,0.733762,0.3529,0.074033,0.0344635,0.00217074,0.0068502,29.5996,-0.0211521,0.163321,-0.167808
93.82,0.771893,-0.0099892,0.00571492,-0.635649,0.00665452,-0.0116327,-0.000440695,0.733666,0.353136,0.0743689,0.0334299,0.00440615,0.00717798,27.3825,-0.111005,0.0654018,-0.396171
93.84,0.7719,-0.0100226,0.00573798,-0.635639,-0.0157874,0.00564195,-0.00151532,0.733625,0.353265,0.0745316,0.0333556,0.00505314,0.00638792,28.3836,-0.115444,0.102734,-0.451699
93.86,0.771915,-0.0100252,0.00575776,-0.635621,-0.00868258,0.00460169,0.00908344,0.733558,0.353549,0.0748544,0.0327484,0.00774574,0.0064923,28.787,-0.0689883,0.138358,-0.497021
93.88,0.771924,-0.00994078,0.0059048,-0.63561,0.000848351,0.0164727,-6.65483e-05,0.733364,0.354052,0.0754145,0.0311573,0.0107768,0.00760304,28.6783,-0.0552613,0.0779388,-0.504066
93.9,0.771944,-0.00989063,0.00603177,-0.635585,-0.00851449,0.0195125,0.00177306,0.733078,0.354406,0.0758842,0.0304458,0.0111809,0.0078015,30.5338,-0.115262,0.124202,-0.513311
93.92,0.77198,-0.00984556,0.00614369,-0.635541,-0.00384629,0.0201612,0.0064582,0.732871,0.354769,0.0763544,0.0305423,0.0102544,0.00757691,28.3411,-0.0341753,0.157135,-0.427049
93.94,0.772052,-0.00979381,0.00621666,-0.635454,0.00938688,-0.00557942,0.0141167,0.732558,0.355238,0.0770381,0.0292874,0.00835001,0.00836105,26.0797,-0.0590902,0.0916474,-0.278453
93.96,0.772095,-0.00983694,0.00625518,-0.6354,0.00322606,-0.0109411,0.00949703,0.732387,0.355514,0.077487,0.0287369,0.00723011,0.00885435,29.2671,-0.116121,0.1598,-0.399757
93.98,0.772117,-0.00992914,0.00621388,-0.635373,-0.00578539,-0.0107285,0.00956402,0.732043,0.355918,0.0782766,0.0283502,0.00566455,0.00888358,29.4457,-0.0539054,0.157786,-0.295515
94,0.772114,-0.00994464,0.00620619,-0.635376,0.00302748,-0.00685456,0.000615606,0.731847,0.356068,0.0786249,0.0273879,0.00583365,0.0100442,29.9942,-0.0275541,0.0979475,-0.3387
94.02,0.772158,-0.0100669,0.00613314,-0.635321,-0.00281705,-0.0120921,0.00732392,0.731353,0.356508,0.0796514,0.0265947,0.0059153,0.00987427,30.3384,-0.00230371,0.153424,-0.255356
94.04,0.772163,-0.0101061,0.00613186,-0.635314,-0.00620729,-0.00190564,0.00505861,0.731191,0.35665,0.079977,0.0264003,0.0058278,0.0102495,26.7753,-0.0972664,0.0803738,-0.472459
94.06,0.772168,-0.0101664,0.00604907,-0.635309,0.00940161,-0.014973,-0.00244411,0.730726,0.357091,0.0809394,0.0237539,0.0080234,0.0103502,25.9389,-0.114341,0.0665129,-0.682956
94.08,0.772165,-0.0101647,0.00606564,-0.635312,0.00653076,-0.00400171,-0.00383572,0.730295,0.357424,0.0816785,0.0224615,0.00959039,0.0110914,29.8212,-0.101397,0.11234,-0.479604
94.1,0.772167,-0.0101415,0.00611072,-0.635309,0.00758254,0.00259583,-0.0013007,0.729739,0.357786,0.0825117,0.0211455,0.01065,0.0113845,29.7917,0.00701081,0.15044,-0.283303
94.12,0.772197,-0.010124,0.00616048,-0.635272,-0.00332173,0.0031368,-0.00141475,0.729212,0.358156,0.0833278,0.0202531,0.0112054,0.0120753,30.5244,-0.0661811,0.172518,-0.284329
94.14,0.772215,-0.010076,0.00623663,-0.63525,0.00334504,-0.00381365,0.00428572,0.728511,0.358732,0.0845331,0.0187981,0.011475,0.0120985,30.9329,-0.0644041,0.0829939,-0.227476
94.16,0.772211,-0.0100529,0.0063572,-0.635255,-0.00135135,0.0121802,-0.00374687,0.727841,0.359265,0.0856766,0.0183928,0.0108658,0.013412,25.9772,-0.0477983,0.0780383,-0.396178
94.18,0.772213,-0.0100428,0.00634169,-0.635253,0.00345519,-0.00825243,-0.00200433,0.727531,0.359441,0.0861853,0.017397,0.0106836,0.0133769,28.1223,-0.10107,0.151415,-0.47727
94.2,0.772237,-0.0100792,0.00638049,-0.635222,-0.00896039,0.00171431,0.00711056,0.726658,0.359932,0.0876631,0.0168496,0.00933789,0.0145251,29.0186,-0.0375659,0.122277,-0.435439
94.22,0.772234,-0.0100973,0.00636265,-0.635226,-0.00685192,0.00266453,-0.00103914,0.726112,0.36024,0.0886191,0.0158331,0.00911116,0.0147822,30.0776,-0.0283419,0.100661,-0.340116
94.24,0.772212,-0.0100951,0.00634619,-0.635254,0.00584163,0.00150501,-0.00793106,0.725365,0.360709,0.090028,0.0139548,0.00991812,0.0161614,28.8203,-0.14347,0.112777,-0.404567
94.26,0.772197,-0.0101162,0.00631387,-0.635272,-0.00372851,-0.00881053,-0.00994634,0.725118,0.360864,0.0904807,0.0133279,0.0102719,0.0152873,30.8872,-0.0562036,0.0821817,-0.463959
94.28,0.772179,-0.0100966,0.00630626,-0.635294,0.00464591,-0.00954514,-0.00423599,0.724648,0.361177,0.091369,0.0126257,0.0111217,0.0159249,27.4035,-0.0129255,0.14884,-0.318567
94.3,0.772181,-0.0100985,0.00633899,-0.635291,0.00399074,-0.00439562,0.000949273,0.724015,0.361462,0.0924349,0.0114266,0.011649,0.0162861,30.915,-0.0836912,0.164258,-0.317245
94.32,0.772189,-0.0100671,0.00640007,-0.635282,-0.00330258,0.0121337,0.00406805,0.723113,0.361896,0.0939687,0.0103444,0.0122478,0.0168901,29.709,-0.105646,0.0937374,-0.356787
94.34,0.772188,-0.010043,0.00644921,-0.635282,-0.000245755,0.00434309,0.0064554,0.722543,0.362193,0.0949545,0.00925744,0.0125051,0.017084,26.8587,-0.0429493,0.136445,-0.409731
94.36,0.77218,-0.0100088,0.00650821,-0.635292,-0.0046658,0.00319883,-0.00104636,0.722006,0.362504,0.095946,0.00819875,0.0122029,0.0167572,28.2952,-0.0810292,0.0782408,-0.402351
94.38,0.77219,-0.00996592,0.00658376,-0.63528,-0.00577844,0.0119634,0.00535471,0.721238,0.362933,0.0973422,0.00765423,0.012277,0.0187694,29.6531,-0.0724566,0.127102,-0.457921
94.4,0.772203,-0.00997311,0.00660007,-0.635264,0.00321502,0.00972858,0.00117377,0.720667,0.363108,0.0982994,0.00682387,0.0115756,0.0188948,28.2203,-0.150372,0.0860899,-0.655186
94.42,0.772208,-0.00999011,0.00657777,-0.635257,0.00594802,-0.00566824,-0.000561485,0.71971,0.36321,0.0997793,0.00468173,0.011263,0.0189902,29.9305,-0.0104697,0.127281,-0.354759
94.44,0.772205,-0.0100234,0.00658122,-0.63526,-0.00655224,-0.00194102,-0.00174773,0.719404,0.363244,0.100256,0.00487761,0.0108241,0.0196454,27.3602,-0.0957563,0.058057,-0.521788
94.46,0.772212,-0.0100586,0.00656405,-0.635252,0.00508007,-0.00498271,0.00562269,0.718522,0.363367,0.101695,0.00299711,0.0111808,0.0210769,32.4862,-0.00312315,0.149766,-0.269789
94.48,0.772215,-0.0100965,0.0065535,-0.635247,-0.00986102,-0.00278563,0.00807446,0.718238,0.363407,0.102156,0.0031256,0.0109082,0.0199239,27.5732,-0.0758755,0.101547,-0.255217
94.5,0.772228,-0.0101125,0.00656529,-0.635231,0.00471965,0.00650699,0.00390988,0.717172,0.363246,0.103589,0.00168951,0.0107264,0.0218423,28.6832,-0.0469666,0.158974,-0.274481
94.52,0.772235,-0.0101463,0.00657457,-0.635222,-0.00970708,0.00430331,0.0028908,0.716488,0.36315,0.104518,0.000516035,0.0108716,0.0227561,30.12,-0.0799594,0.0702995,-0.464256
94.54,0.772234,-0.0101519,0.00658179,-0.635223,-0.00373167,0.00778188,0.00449885,0.715823,0.363067,0.105426,-0.000302586,0.0104465,0.0227321,28.7607,-0.0917499,0.116791,-0.461258
94.56,0.772236,-0.0101645,0.006586,-0.63522,-0.00690226,0.00581544,-0.000430689,0.71518,0.362985,0.106313,-0.0015613,0.010098,0.0228937,27.3767,-0.0685392,0.078281,-0.482435
94.58,0.772253,-0.0101677,0.00659533,-0.6352,0.00101369,0.00235,-0.00421781,0.714156,0.362738,0.10761,-0.00309614,0.0104333,0.0231154,32.5085,-0.0698443,0.107485,-0.403358
94.6,0.77225,-0.0101847,0.00658188,-0.635203,-0.00144548,0.000601299,-0.00458201,0.712994,0.362261,0.108904,-0.00431504,0.00993189,0.0229188,27.0615,-0.0863514,0.0801445,-0.425584
94.62,0.772255,-0.0101994,0.0066163,-0.635196,-0.00598472,0.00784458,-0.00078863,0.71262,0.362104,0.109313,-0.00482764,0.00936462,0.0240716,27.3634,-0.0224818,0.052212,-0.426057
94.64,0.772267,-0.0102225,0.00660023,-0.635182,0.00505236,-0.0113961,0.00388637,0.711523,0.361649,0.110521,-0.00657,0.0088804,0.0236013,28.5889,-0.0934422,0.134643,-0.406213
94.66,0.772281,-0.0102501,0.00662126,-0.635164,0.00328357,-0.00669143,0.00588181,0.710811,0.361365,0.111311,-0.00787502,0.00904528,0.024141,31.8367,-0.0853309,0.079479,-0.300943
94.68,0.772297,-0.0102781,0.00663313,-0.635144,0.00575314,-0.00740906,0.00125569,0.710045,0.360973,0.112005,-0.00890591,0.00881491,0.0245505,30.3057,-0.051269,0.134145,-0.327476
94.7,0.772303,-0.0103177,0.0066407,-0.635136,-0.000357963,0.00126232,0.00168073,0.708814,0.360245,0.112942,-0.0102215,0.00771366,0.0245337,26.9561,-0.038045,0.0708131,-0.329792
94.72,0.772311,-0.0103062,0.00661624,-0.635127,-0.00107853,0.00302916,0.00205025,0.708031,0.359771,0.113536,-0.010974,0.00739773,0.0247278,30.2602,-0.0749443,0.10428,-0.353526
94.74,0.772322,-0.010314,0.00662424,-0.635113,0.00251407,0.00176456,0.00579732,0.707649,0.359541,0.113831,-0.0113335,0.00723537,0.026032,28.7353,-0.0841399,0.0924542,-0.355469
94.76,0.77234,-0.0103425,0.00658388,-0.635091,0.00196368,-0.00972106,0.00635637,0.706544,0.35887,0.114668,-0.0128465,0.00635001,0.0252504,30.5455,-0.0366733,0.0859226,-0.434806
94.78,0.772352,-0.0103636,0.00657444,-0.635077,-0.00458198,0.00736632,-0.0040655,0.705389,0.358018,0.115308,-0.0136129,0.00617792,0.0256982,27.9187,-0.0655992,0.093059,-0.381728
94.8,0.77235,-0.0103592,0.00657194,-0.635079,0.00625224,-0.0041072,-8.61832e-05,0.704993,0.357712,0.1155,-0.0147226,0.00632567,0.0251488,30.9158,-0.0249804,0.132654,-0.473536
94.82,0.772347,-0.0103826,0.00657334,-0.635082,0.00437478,-0.00585994,0.000371409,0.704187,0.357128,0.115916,-0.0159522,0.00614714,0.0258796,28.4506,-0.0640596,0.066128,-0.56445
94.84,0.772345,-0.0103918,0.00655539,-0.635085,-0.00062387,0.000800264,3.45429e-06,0.703799,0.356841,0.116101,-0.0159809,0.00559081,0.0241173,29.4761,-0.0220071,0.0835769,-0.405685
94.86,0.77236,-0.0104075,0.00653646,-0.635066,0.00287838,-0.00365267,-0.00142974,0.702298,0.355752,0.116836,-0.0176473,0.00502126,0.0239406,29.1878,-0.0677929,0.0826726,-0.510393
94.88,0.772364,-0.0104038,0.00656797,-0.635061,-0.00281875,0.00822309,-0.000266475,0.701932,0.355491,0.117019,-0.0180898,0.00498701,0.0252493,28.2431,-0.0718124,0.066686,-0.365725
94.9,0.772362,-0.0103714,0.0065482,-0.635064,0.00535887,-0.00425712,0.00171504,0.700628,0.354519,0.117184,-0.0188684,0.00457211,0.0234259,29.0442,-0.0198155,0.0771004,-0.365947
94.92,0.772363,-0.0103814,0.0065732,-0.635063,-0.00783046,0.0101148,-3.379e-05,0.700205,0.354207,0.117241,-0.0191376,0.00418615,0.024391,28.2889,-0.0261945,0.0894846,-0.381065
94.94,0.772378,-0.0103913,0.00657284,-0.635044,-0.00461442,5.95173e-06,0.00398992,0.698518,0.353013,0.117546,-0.0208975,0.00252396,0.0234821,31.0229,-0.0854888,0.127277,-0.529343
94.96,0.772377,-0.0104061,0.00657898,-0.635045,-0.00647605,0.00268324,-0.000166138,0.697737,0.35244,0.117678,-0.0218098,0.00183653,0.0231454,30.3153,-0.0641912,0.0701767,-0.46236
94.98,0.772379,-0.0104168,0.00658836,-0.635043,0.0013266,0.00516573,-0.00152206,0.696501,0.351539,0.117667,-0.0229245,0.0016341,0.024216,26.5826,-0.0455237,0.0965032,-0.400184
95,0.772379,-0.0104223,0.00655933,-0.635042,0.003599,-0.00686519,0.00198255,0.696079,0.351236,0.11764,-0.0232962,0.00119754,0.0227968,29.0345,0.01528,0.072522,-0.301385
95.02,0.772385,-0.0104447,0.00656991,-0.635035,-0.00239607,0.00614116,-0.000348563,0.694828,0.350355,0.117578,-0.0247628,0.000667099,0.023404,32.1876,-0.0611927,0.0667414,-0.521116
95.04,0.772389,-0.0104515,0.00654247,-0.635031,0.00239036,-0.00210023,-0.00175235,0.693567,0.349528,0.117573,-0.0262176,0.000658686,0.0228334,30.2588,-0.0601324,0.0808981,-0.372328
95.06,0.772396,-0.0104792,0.00653145,-0.635022,-0.00613421,-0.000348003,0.00173775,0.693165,0.349263,0.117565,-0.0260413,0.000162794,0.0214236,26.8032,-0.0378404,0.122326,-0.307504
95.08,0.772403,-0.0104717,0.00654782,-0.635013,-0.00170077,0.0021581,-0.000986141,0.691876,0.348493,0.117316,-0.027568,0.000371758,0.0220525,31.4896,-0.0569557,0.0608379,-0.607651
95.1,0.77241,-0.0104738,0.00656749,-0.635004,-0.00538289,0.00672048,0.00203484,0.691001,0.348007,0.117082,-0.0283291,0.000202479,0.0212151,28.452,-0.0270809,0.0821127,-0.349799
95.12,0.772418,-0.0104913,0.00657853,-0.634994,-0.0123393,0.003808,0.00107066,0.690139,0.347535,0.116865,-0.0288247,-0.000584662,0.0206825,29.1054,-0.0322051,0.0631156,-0.440531
95.14,0.772426,-0.0104865,0.00656325,-0.634985,-0.00247359,0.00349741,-0.000313636,0.689247,0.34707,0.116692,-0.0292679,-0.00148262,0.0195427,29.0069,-0.0547749,0.0514864,-0.592581
95.16,0.772426,-0.0104819,0.00656707,-0.634984,-0.00686107,0.0113058,-0.00315084,0.688411,0.346621,0.116512,-0.0299481,-0.00191033,0.0191454,28.8032,-0.0635321,0.100458,-0.459462
95.18,0.772436,-0.0104867,0.00656966,-0.634972,-0.0117795,0.0048678,0.0091877,0.687652,0.346195,0.116326,-0.0305367,-0.00258336,0.018853,26.8872,-0.018306,0.080592,-0.466101
95.2,0.77244,-0.0104948,0.00657363,-0.634967,0.00284794,0.00489966,0.0051224,0.686485,0.345612,0.115877,-0.0315266,-0.00230275,0.0195381,30.5583,-0.0910213,0.0893649,-0.508591
95.22,0.772444,-0.0105167,0.00655352,-0.634962,0.00100313,-0.00237833,-0.00390024,0.685337,0.345059,0.11548,-0.0321785,-0.00295441,0.0179941,30.102,-0.0712587,0.0919076,-0.511176
95.24,0.772449,-0.0105211,0.00655332,-0.634956,0.00358957,-0.00360114,-0.0062858,0.684533,0.344706,0.11528,-0.033031,-0.00274061,0.0184738,32.1711,-0.0492372,0.0324687,-0.499553
95.26,0.77245,-0.0105372,0.0065612,-0.634954,-0.00669332,0.00253723,-0.000138964,0.68416,0.344536,0.115169,-0.0328717,-0.00310211,0.0184818,27.7301,0.0201277,0.0956038,-0.376224
95.28,0.772464,-0.0105382,0.00657301,-0.634937,0.0109087,-0.00566141,0.00545934,0.683065,0.344043,0.114769,-0.0342899,-0.00283553,0.0183747,28.1102,-0.0905434,0.0297101,-0.541347
95.3,0.77248,-0.0105476,0.00655446,-0.634918,0.0016432,-0.00321319,0.00472161,0.68202,0.343585,0.114192,-0.03435,-0.00303253,0.0170977,31.5553,-0.0495371,0.0468295,-0.283321
95.32,0.772491,-0.0105552,0.00658162,-0.634903,0.000253104,0.000103134,0.00204613,0.681674,0.343439,0.114016,-0.0353221,-0.00274086,0.0179719,29.9146,-0.0466192,0.108188,-0.445403
95.34,0.772508,-0.0105473,0.00655738,-0.634884,-0.00300404,-0.00309155,-0.000373495,0.680639,0.343019,0.113519,-0.0353082,-0.003389,0.0161636,27.5741,-0.0681594,0.131686,-0.441268
95.36,0.772516,-0.0105595,0.00659657,-0.634873,-0.00920584,0.00905149,-0.00059497,0.679604,0.342614,0.113095,-0.0361676,-0.00372131,0.0169035,27.2053,-0.0363352,0.0704863,-0.438033
95.38,0.772516,-0.0105565,0.00658109,-0.634873,0.00209153,-0.0056483,0.00148448,0.679332,0.342506,0.1129,-0.0366172,-0.00333663,0.016468,29.6754,-0.0420176,0.0503242,-0.407407
95.4,0.772528,-0.0105484,0.00657375,-0.634859,0.00385021,-0.0040403,0.00807895,0.678795,0.342298,0.112521,-0.0367226,-0.00317397,0.0162339,30.8083,-0.105748,0.0498191,-0.588352
95.42,0.772529,-0.010547,0.00655961,-0.634858,0.00686849,-0.00436775,-0.00108142,0.678257,0.342102,0.112169,-0.0371905,-0.00301691,0.0161397,24.5149,-0.0407519,0.0955542,-0.364457
95.44,0.772536,-0.010571,0.00658847,-0.634849,0.00032398,-0.00075499,0.000473207,0.677717,0.341917,0.11184,-0.0374316,-0.00294339,0.0157505,30.8439,-0.0198155,0.109466,-0.477742
95.46,0.77254,-0.0106147,0.00658741,-0.634844,0.000713514,-0.00503951,-0.00514452,0.67685,0.341659,0.111404,-0.0378245,-0.00295196,0.014454,28.5636,-0.0515655,0.0887396,-0.490735
95.48,0.772547,-0.0106322,0.00660767,-0.634835,-0.00402146,0.00770752,0.00268821,0.67608,0.341438,0.110928,-0.037865,-0.00296652,0.0142366,30.7496,-0.0516174,0.0616411,-0.541822
95.5,0.772549,-0.0106237,0.00657827,-0.634832,0.0073063,-0.0072045,-0.00101045,0.675853,0.341379,0.110741,-0.0385337,-0.00252838,0.0136599,28.7028,-0.131396,0.0545494,-0.665126
95.52,0.772554,-0.0106402,0.00658594,-0.634826,-0.00504534,0.00333277,0.00455541,0.675167,0.341213,0.110203,-0.0385168,-0.00247351,0.0134008,27.4553,-0.00596466,0.0204414,-0.627441
95.54,0.772555,-0.0106177,0.00657672,-0.634826,-0.0045823,-0.00503541,0.00516928,0.6747,0.341115,0.10988,-0.0389737,-0.00226085,0.0131478,25.8684,-0.0573756,0.0769399,-0.602913
95.56,0.772555,-0.010607,0.00660929,-0.634825,-0.000962797,0.00519937,0.00356583,0.673936,0.34098,0.109458,-0.0393891,-0.00243335,0.0131713,30.5776,-0.0460698,0.0405983,-0.585201
95.58,0.772543,-0.0106238,0.00661303,-0.634839,-0.00711239,0.00642209,-0.0080124,0.673603,0.340945,0.109127,-0.0396847,-0.00215761,0.0130732,28.9958,-0.0577622,0.0823998,-0.50064
95.6,0.772551,-0.0106114,0.00661473,-0.634829,-0.0109548,0.00899657,0.00284506,0.67333,0.340963,0.10878,-0.039319,-0.00198492,0.0127026,31.3006,-0.0742735,0.0432944,-0.693999
95.62,0.772552,-0.0106031,0.00659863,-0.634828,0.00285966,-0.00157622,0.00137825,0.6729,0.340995,0.108307,-0.0402325,-0.00170918,0.0118659,28.6318,-0.0748812,0.0446651,-0.51193
95.64,0.772556,-0.0105798,0.0065961,-0.634825,0.0109292,-0.00106267,0.000566576,0.672561,0.341016,0.108034,-0.0403153,-0.00167732,0.0129945,26.2577,-0.0461707,0.0832052,-0.511283
95.66,0.772556,-0.010581,0.00659122,-0.634824,0.0015061,-4.42182e-05,0.000728871,0.672249,0.341034,0.107774,-0.0402888,-0.00198786,0.0127507,31.6454,-0.0411389,0.0275306,-0.5333
95.68,0.772553,-0.0105636,0.00656293,-0.634829,-0.000151247,0.00314335,0.000561284,0.672088,0.341044,0.107651,-0.0402499,-0.0021545,0.0112453,29.2389,-0.0441032,0.0643565,-0.572191
95.7,0.772557,-0.0105364,0.00658254,-0.634824,-0.0026128,0.00961457,-0.00496115,0.671807,0.341169,0.107248,-0.0403812,-0.00107244,0.0122685,27.5977,-0.107465,0.0843438,-0.566844
95.72,0.772554,-0.0105479,0.00659136,-0.634827,-0.00848519,0.00733245,0.0042878,0.671598,0.341258,0.107004,-0.0405991,-0.000971763,0.0118627,28.7659,-0.0358246,0.0591847,-0.645468
95.74,0.772562,-0.0105356,0.0065793,-0.634818,0.00673985,-0.00412899,0.00171677,0.671196,0.341387,0.106693,-0.0411245,-0.000806142,0.0112753,25.5664,-0.0336474,0.0827077,-0.539878
95.76,0.772558,-0.0105362,0.00659062,-0.634823,-0.00644947,0.00841017,-0.00146401,0.671073,0.341431,0.106589,-0.0404844,-0.00126273,0.0103555,28.3645,-0.104868,0.0242028,-0.555231
95.78,0.772565,-0.0105246,0.00657938,-0.634815,-0.000444498,-0.00528147,0.00329647,0.670725,0.34156,0.106306,-0.0413836,-0.000305973,0.0111793,29.9939,-0.0637695,0.0715268,-0.447816
95.8,0.772557,-0.0105331,0.00656459,-0.634824,-0.00255515,-0.00153437,-0.00269249,0.670729,0.341618,0.10617,-0.0406407,-0.000481734,0.00985009,29.0821,-0.0327542,0.0881837,-0.352683
95.82,0.77256,-0.0105134,0.00657117,-0.634821,-0.00252056,0.00427715,0.00271955,0.670721,0.341794,0.105801,-0.04062,5.79961e-05,0.0108112,28.4315,-0.0512778,0.042079,-0.788162
95.84,0.772556,-0.0105219,0.00656923,-0.634825,-0.00108952,0.0018249,-0.00349875,0.670687,0.341909,0.105578,-0.0403497,-0.000142005,0.0106957,27.6704,-0.061691,0.0788767,-0.618994
95.86,0.772563,-0.0105269,0.00659257,-0.634817,-0.00777024,0.00568192,-0.00144995,0.670574,0.342022,0.105388,-0.0399612,-0.0001301,0.00990366,28.8123,-0.0426068,0.0724593,-0.508837
95.88,0.772562,-0.0105324,0.00658823,-0.634818,-0.00191916,0.00661041,0.00215577,0.670499,0.342131,0.105206,-0.0400502,-0.000578989,0.00933382,29.5399,-0.0302841,0.104056,-0.545496
95.9,0.77255,-0.0105056,0.00657818,-0.634833,0.00589674,0.000425161,-0.00326528,0.670643,0.342236,0.104856,-0.0399623,0.000167406,0.00985975,29.2318,-0.0573529,0.0741634,-0.377014
95.92,0.772538,-0.0105094,0.00655269,-0.634848,0.00291385,-0.007445,-0.0019356,0.670736,0.342344,0.104545,-0.0394717,-0.000385212,0.00845772,28.1777,-0.0446001,0.0841563,-0.504667
95.94,0.772543,-0.0105071,0.00658455,-0.634841,-6.52419e-05,0.00533333,0.00313601,0.670755,0.342378,0.104452,-0.0396596,-0.000181523,0.00990773,28.692,0.00224205,0.0627794,-0.375794
95.96,0.772551,-0.0105053,0.00653534,-0.634832,0.00997208,-0.00736926,0.00321254,0.670717,0.342476,0.10421,-0.0397233,-0.000165147,0.00899922,29.7732,-0.0821014,0.129553,-0.450626
95.98,0.772542,-0.0104869,0.00652701,-0.634843,0.0175558,-0.00387971,-0.00267626,0.67083,0.342543,0.10405,-0.039365,-2.21935e-05,0.00876114,28.417,-0.0408532,0.0462765,-0.501561
96,0.772552,-0.0104924,0.00654191,-0.634831,-0.0091063,0.00794517,0.00388726,0.671226,0.342649,0.103807,-0.0379589,0.000223215,0.00819678,29.4851,-0.0604823,0.0640414,-0.637616
96.02,0.772553,-0.0104803,0.00654339,-0.63483,0.00680801,-0.00393659,-0.00029844,0.671345,0.342685,0.103737,-0.0384185,0.000383365,0.00896075,28.1163,-0.0568148,0.0389925,-0.657703
96.04,0.772558,-0.0105226,0.00653892,-0.634823,-0.00190107,-0.00349255,0.00111711,0.671652,0.342784,0.103543,-0.0379504,-0.000220222,0.00826581,27.1989,-0.0810538,0.0954812,-0.375914
96.06,0.772559,-0.010523,0.00655254,-0.634822,0.000243748,0.00210527,-0.00133905,0.67174,0.342815,0.103489,-0.0381453,0.000304104,0.00928579,27.1889,-0.0309108,0.0991337,-0.442256
96.08,0.772556,-0.010551,0.00653858,-0.634826,-0.00470324,-0.00285595,0.00367674,0.671911,0.342901,0.103355,-0.0377323,-0.000450745,0.00820601,32.5167,-0.051174,0.0614922,-0.3921
96.1,0.772553,-0.0105711,0.00656516,-0.634829,-0.0126961,0.000756759,0.00311171,0.672401,0.342998,0.103235,-0.0365937,-0.000213518,0.00834138,26.9584,-0.0396261,0.111579,-0.405329
96.12,0.772545,-0.0105478,0.00654322,-0.634839,0.00804977,-0.00292565,-0.00793749,0.672549,0.343033,0.103206,-0.0369202,0.000340827,0.00850321,30.2189,-0.0305185,0.0740318,-0.320792
96.14,0.772547,-0.0105516,0.00653003,-0.634837,-0.0101072,0.00142522,-0.00230792,0.67295,0.343136,0.103129,-0.0361323,-0.000181219,0.00828862,27.9992,-0.0349065,0.0777996,-0.494279
96.16,0.772557,-0.0105346,0.00651661,-0.634824,-0.0105447,0.00128472,0.00490924,0.673178,0.343201,0.103094,-0.0356577,-0.000116024,0.0082276,29.54,-0.0465951,0.0562636,-0.574968
96.18,0.772555,-0.0105292,0.00653376,-0.634826,-0.00601357,0.0073001,-0.00576654,0.673537,0.34328,0.103056,-0.0354931,-0.000416803,0.00906978,28.1078,-0.0763112,0.0709348,-0.443975
96.2,0.77256,-0.010503,0.00648671,-0.634822,0.00789807,-0.00541163,-0.00376955,0.673756,0.343303,0.103031,-0.035379,6.7249e-05,0.0084485,29.3583,-0.0294342,0.0732476,-0.654859
96.22,0.77256,-0.0105061,0.006504,-0.634821,-0.00285482,0.00831921,0.00110352,0.674372,0.343369,0.102967,-0.0342297,-0.00035229,0.00882074,29.72,-0.0789178,0.0613855,-0.605336
96.24,0.772563,-0.0104896,0.00648811,-0.634819,0.00928781,-0.00496006,0.00448143,0.674558,0.34339,0.102955,-0.0348572,-5.95274e-05,0.00873805,26.5888,-0.0195139,0.0549108,-0.560447
96.26,0.772558,-0.0104792,0.00645792,-0.634825,0.00222981,-0.0032472,-0.0012578,0.675215,0.343461,0.102919,-0.0343269,-0.000322059,0.00880166,27.9544,-0.100819,0.0635206,-0.620781
96.28,0.77256,-0.0105012,0.00643754,-0.634822,-0.00570363,-0.00591834,0.00248117,0.67544,0.343453,0.102878,-0.0336084,-0.000923232,0.00823463,30.1711,-0.0229009,0.0921953,-0.372641
96.3,0.772565,-0.010475,0.00645046,-0.634817,0.00447973,0.00620794,-0.00463328,0.676011,0.343418,0.10279,-0.0329914,-0.00123212,0.00878493,27.6902,-0.015051,0.0802872,-0.425004
96.32,0.772579,-0.0104753,0.00643782,-0.6348,-0.00521334,0.00808951,0.00164034,0.676386,0.343398,0.102739,-0.0325454,-0.00112246,0.00867767,30.4771,-0.0925855,0.0488269,-0.629727
96.34,0.772578,-0.0104749,0.00644312,-0.6348,-0.00239205,0.0111408,-0.00243593,0.676724,0.34338,0.102702,-0.0324932,-0.00114393,0.00851426,28.0539,-0.0277891,0.061635,-0.481238
96.36,0.772568,-0.0104774,0.0064404,-0.634813,-0.00541386,0.00138589,0.00387521,0.677175,0.343351,0.102661,-0.0323578,-0.00125384,0.00784959,25.1429,-0.0344636,0.0707155,-0.41446
96.38,0.772572,-0.0104951,0.00644154,-0.634807,-0.00495976,0.00122197,-0.00055708,0.677352,0.34332,0.102642,-0.0316279,-0.0017043,0.00767338,29.2111,-0.0506044,0.0782575,-0.269967
96.4,0.772588,-0.0104768,0.00642845,-0.634789,-0.00054724,0.00780874,0.00345873,0.67781,0.343229,0.102611,-0.0315534,-0.0013083,0.00822338,31.5929,-0.031811,0.0921421,-0.611783
96.42,0.77259,-0.0104873,0.00639748,-0.634786,-0.00506079,-0.0059754,0.00461002,0.677976,0.343205,0.102598,-0.0314585,-0.000999069,0.00687091,28.4166,-0.09517,0.103102,-0.383688
96.44,0.772596,-0.0104969,0.00638197,-0.63478,0.0033928,-0.00578006,0.00482275,0.678566,0.343109,0.10256,-0.0312061,-0.00121323,0.00700212,27.8416,-0.0222333,0.0366228,-0.496777
96.46,0.772592,-0.0105085,0.00639941,-0.634784,-0.00448192,0.00858686,-0.00126559,0.678693,0.343083,0.102553,-0.0311324,-0.00161787,0.00775494,30.3592,-0.0221017,0.115384,-0.300889
96.48,0.772591,-0.0105207,0.00640533,-0.634784,-0.0120357,0.00823568,-0.00317799,0.678942,0.343022,0.102548,-0.031203,-0.0019841,0.00760815,28.9378,-0.075753,0.0992438,-0.558831
96.5,0.772606,-0.0105236,0.00639472,-0.634767,-0.00140351,-0.000771226,0.000895037,0.679181,0.342944,0.102548,-0.0312356,-0.00227378,0.00752951,28.0578,-0.0360089,0.0209312,-0.475741
96.52,0.772593,-0.0105272,0.00640258,-0.634782,-0.00776507,-0.000386504,-0.0043646,0.679338,0.342869,0.102564,-0.0310974,-0.00181023,0.00664471,26.5087,-0.0546023,0.0806894,-0.421843
96.54,0.772597,-0.0105334,0.00640452,-0.634777,0.00312782,-0.00759098,-0.00248538,0.679666,0.342739,0.102607,-0.0314022,-0.0016385,0.00727021,28.7052,-0.0766045,0.107205,-0.618173
96.56,0.772602,-0.0105484,0.0064341,-0.634771,-0.00412844,0.00569433,0.00166164,0.67973,0.342708,0.102623,-0.0311247,-0.00171885,0.00842696,27.7735,-0.0352696,0.0503223,-0.527862
96.58,0.772597,-0.0105431,0.00640924,-0.634777,0.00684674,-0.0063319,0.00065099,0.679884,0.342623,0.102695,-0.0313887,-0.00145728,0.00770671,30.1941,-0.0521507,0.0723445,-0.495584
96.6,0.772593,-0.0105452,0.00638854,-0.634782,0.00898652,-0.0055007,-0.00507269,0.679959,0.342566,0.102748,-0.0315997,-0.00143016,0.00744763,28.1096,-0.00957532,0.102424,-0.311852
96.62,0.772601,-0.0105678,0.00637619,-0.634772,-0.00405813,-0.00287391,0.00182069,0.680056,0.342486,0.102832,-0.0310362,-0.0017998,0.00724878,28.8175,-0.0306566,0.126139,-0.506897
96.64,0.772603,-0.0105476,0.00638568,-0.63477,0.00876896,0.00650062,-0.00203372,0.680089,0.34246,0.10286,-0.0315779,-0.00160206,0.00853419,31.3052,-0.0362995,0.0537063,-0.481405
96.66,0.7726,-0.0105435,0.00635992,-0.634773,0.00015199,-0.00063646,-0.00307649,0.680142,0.342384,0.102952,-0.0314624,-0.00187372,0.00736352,27.2082,-0.0617986,0.0328929,-0.544433
96.68,0.772596,-0.0105586,0.00639548,-0.634777,-0.0112098,0.00555015,-0.00205097,0.680148,0.342358,0.102986,-0.0313508,-0.00184173,0.00870943,28.7468,-0.0742328,0.0945406,-0.54237
96.7,0.772595,-0.0105587,0.00640206,-0.634779,0.000673678,0.000940294,0.00139586,0.680139,0.342282,0.103133,-0.0321052,-0.00204328,0.00742693,31.2985,-0.0427666,0.102341,-0.542307
96.72,0.772586,-0.0105511,0.00640247,-0.63479,0.0118443,-0.00471678,-0.00626246,0.680107,0.342233,0.103251,-0.0318007,-0.00178436,0.00774818,26.5649,-0.0737072,-0.0044459,-0.714357
96.74,0.77259,-0.0105498,0.00640541,-0.634785,0.00960188,-0.00277772,-0.00105047,0.680005,0.342186,0.103383,-0.0318795,-0.00188869,0.00894987,28.5358,-0.0653343,0.106171,-0.609002
96.76,0.772587,-0.0105769,0.00640707,-0.634788,-0.00349848,-0.00440059,-0.00156454,0.679874,0.342113,0.103577,-0.0320412,-0.00265713,0.00742662,29.4019,-0.0469046,0.0703388,-0.512654
96.78,0.772589,-0.0105689,0.00640676,-0.634787,-0.00194307,-0.00678507,-0.00138515,0.679759,0.342075,0.103708,-0.0322589,-0.00291481,0.00731656,27.7436,-0.0927652,0.084053,-0.509813
96.8,0.772585,-0.0105616,0.0064004,-0.634791,0.00550438,-0.00576824,-0.00514944,0.679619,0.342049,0.103837,-0.0327045,-0.00292072,0.00744899,28.5911,-0.0214259,0.0569238,-0.491453
96.82,0.772579,-0.0105409,0.00639365,-0.634799,0.0120754,-0.0121842,-0.00383345,0.679468,0.342027,0.103974,-0.0331782,-0.00230207,0.00816516,29.8363,-0.109641,0.0632298,-0.443556
96.84,0.772583,-0.0105514,0.00639815,-0.634794,-0.00678921,0.00404393,0.00405335,0.679273,0.342006,0.104173,-0.0328905,-0.00255285,0.00867977,27.5162,-0.0526523,0.124297,-0.585444
96.86,0.772579,-0.0105324,0.00638066,-0.634799,0.0100478,-0.00335866,0.00129666,0.679194,0.341998,0.104245,-0.0335353,-0.00234854,0.00854442,32.0819,-0.0214061,0.0498517,-0.390075
96.88,0.772588,-0.0105368,0.00637171,-0.634789,0.000740878,-0.00626165,-0.00256656,0.678876,0.341969,0.104467,-0.0334087,-0.0026454,0.00744453,27.9818,-0.0150153,0.063485,-0.518358
96.9,0.772589,-0.0105292,0.00637594,-0.634787,0.00341328,-0.00276477,-0.000742592,0.678671,0.341951,0.104599,-0.0336432,-0.00299308,0.00726919,26.4148,-0.107667,0.0526877,-0.519012
96.92,0.772587,-0.0105137,0.00636059,-0.63479,0.00157702,-0.00478856,0.00167647,0.678443,0.341933,0.10473,-0.0338427,-0.00278598,0.00709482,30.9692,-0.0889143,0.12991,-0.667352
96.94,0.772586,-0.0105095,0.0063506,-0.634792,0.00598053,-0.00822506,-0.00286387,0.678202,0.341917,0.104865,-0.033789,-0.00248182,0.0076875,28.0219,-0.025262,0.060659,-0.553313
96.96,0.772592,-0.0105103,0.00635868,-0.634784,-0.00483726,-0.00142612,0.00388188,0.677801,0.341891,0.105074,-0.0338458,-0.00292282,0.00837972,28.1983,-0.0476664,0.0605775,-0.445804
96.98,0.772593,-0.0104982,0.00636834,-0.634783,0.00202446,-0.000610332,-0.000665494,0.677309,0.341856,0.105302,-0.0345609,-0.00273378,0.00858623,27.4481,-0.0947841,0.042632,-0.53689
97,0.772601,-0.0105055,0.00634982,-0.634774,-0.000483041,-0.00107294,0.00833546,0.677186,0.341856,0.105327,-0.0344252,-0.00305702,0.00718161,30.8938,-0.0480287,0.0944342,-0.516745
97.02,0.772598,-0.0104817,0.00637232,-0.634777,-0.00169675,0.00675487,0.00223101,0.676839,0.341847,0.105404,-0.0339901,-0.00291534,0.00850951,27.0149,-0.0493559,0.0820631,-0.506965
97.04,0.772607,-0.0105032,0.00636839,-0.634766,0.00212448,0.001896,0.003246,0.676637,0.341841,0.105452,-0.0339465,-0.00333003,0.00828893,29.9575,-0.00247441,0.0877258,-0.304986
97.06,0.772602,-0.0104751,0.00635214,-0.634772,0.00822155,-0.00443555,-8.32209e-05,0.676294,0.341825,0.10554,-0.03464,-0.00316652,0.00739163,27.7717,-0.0358278,0.0836546,-0.313218
97.08,0.772599,-0.0104948,0.00637707,-0.634776,-0.00818995,0.00744473,0.000289028,0.676172,0.341819,0.105569,-0.0341555,-0.00334545,0.00806939,27.631,-0.0365679,0.085398,-0.368501
97.1,0.772599,-0.0104917,0.00636477,-0.634776,-0.00666391,-0.000437213,-0.00365285,0.675967,0.341796,0.105536,-0.0343166,-0.00367563,0.00700095,30.1719,-0.0321587,0.101389,-0.183257
97.12,0.772605,-0.0105058,0.00635779,-0.634769,0.00106902,-0.0116236,-0.00278163,0.675597,0.341752,0.105466,-0.0341464,-0.00358183,0.00647254,28.7691,-0.0365491,0.098981,-0.465249
97.14,0.7726,-0.0104851,0.00639358,-0.634774,-0.00395242,0.00760484,-0.00766684,0.675494,0.34174,0.105449,-0.0344556,-0.00340377,0.0076561,27.7802,-0.0586565,0.0394534,-0.389662
97.16,0.772613,-0.0104914,0.0063944,-0.634758,-0.000396413,0.0058255,-5.85572e-05,0.675272,0.341714,0.105422,-0.0343409,-0.00379873,0.00747413,30.0677,-0.0257471,0.0979258,-0.429469
97.18,0.772616,-0.0104796,0.00639288,-0.634755,-0.00697974,0.00674578,0.00495773,0.675031,0.341683,0.105408,-0.0345302,-0.00383636,0.00780815,27.4138,-0.0822059,0.069403,-0.565984
97.2,0.772622,-0.0104564,0.00637428,-0.634749,0.00502371,-0.0040575,0.00111674,0.674849,0.341573,0.10513,-0.0348853,-0.0039618,0.00701004,26.4154,-0.0452247,0.0567587,-0.4935
97.22,0.772623,-0.0104529,0.00637261,-0.634748,0.00417164,-0.00128434,0.000585504,0.674729,0.341505,0.10495,-0.0347172,-0.00353265,0.00688557,29.428,-0.0840584,0.0772916,-0.493842
97.24,0.772627,-0.0104421,0.00634356,-0.634743,-0.0073702,-0.00765465,0.000172155,0.674619,0.341421,0.104692,-0.0339472,-0.00417587,0.00548787,28.8739,-0.0589104,0.0385493,-0.547316
97.26,0.772628,-0.0104478,0.00635973,-0.634741,-0.00173894,0.00472708,0.00310527,0.674573,0.341391,0.104613,-0.0341292,-0.00383049,0.00650315,28.7875,-0.0458803,0.0910113,-0.478325
97.28,0.772634,-0.0104399,0.00632504,-0.634734,-0.00292459,-0.00588383,0.00447655,0.674487,0.341304,0.104267,-0.0335072,-0.00416582,0.00471628,28.5011,-0.055433,0.0941896,-0.471145
97.3,0.772625,-0.010446,0.00634916,-0.634745,-0.000539652,0.00415875,-0.00847189,0.67451,0.341274,0.104076,-0.0333142,-0.00418335,0.00586214,27.7398,-0.0100822,0.0752594,-0.481008
97.32,0.772624,-0.0104317,0.00631686,-0.634747,0.00738425,-0.00792572,-0.00138636,0.674484,0.341181,0.103552,-0.033371,-0.00408237,0.00525713,27.4345,-0.0678452,0.0627236,-0.695917
97.34,0.772626,-0.0104341,0.00632457,-0.634744,0.000738954,-0.00282895,-0.000272118,0.674477,0.341122,0.103218,-0.0328927,-0.00395934,0.00543743,28.3599,-0.0982401,0.0497301,-0.555655
97.36,0.772636,-0.0104184,0.00632147,-0.634733,0.00699798,0.00124679,0.00333935,0.674442,0.341064,0.102905,-0.0331724,-0.00416833,0.00539789,29.6562,-0.0310729,0.151254,-0.387948
97.38,0.772633,-0.0104286,0.00632692,-0.634736,0.00136683,0.00930754,-0.000856749,0.674382,0.341001,0.102609,-0.0332729,-0.00442182,0.00513026,28.5231,-0.0674424,0.0800695,-0.36769
97.4,0.77265,-0.010421,0.00629295,-0.634716,0.00235959,-0.00826437,0.00320515,0.674493,0.340819,0.101918,-0.0323807,-0.00516071,0.00247256,28.0849,-0.0584841,0.0850117,-0.494332
97.42,0.772659,-0.010428,0.00631948,-0.634705,-0.00910327,0.00494709,0.0012217,0.674497,0.340631,0.101267,-0.0321961,-0.00466652,0.00295907,30.1418,-0.0314875,0.0736607,-0.407857
97.44,0.772649,-0.0104102,0.00632266,-0.634717,0.00338859,-0.00339775,-0.00201668,0.674533,0.34058,0.101066,-0.0324384,-0.00441601,0.00323578,29.3492,-0.0539754,0.0537454,-0.591847
97.46,0.772652,-0.0104072,0.00628963,-0.634713,-0.00493141,-0.0036439,8.64494e-05,0.674607,0.340429,0.100481,-0.0316124,-0.005039,0.0022603,28.5973,-0.0871885,0.1384,-0.556888
97.48,0.772648,-0.0103675,0.00627771,-0.634719,0.00519462,0.00101696,-9.399e-05,0.674684,0.340298,0.100008,-0.0312275,-0.00525316,0.00183905,27.0593,-0.0775118,0.0182673,-0.466921
97.5,0.77265,-0.0103632,0.0062846,-0.634717,-0.00664122,0.00411498,-0.00279388,0.674841,0.340056,0.0991858,-0.0310022,-0.00548644,0.00294398,28.3472,0.0339764,0.0925209,-0.383463
97.52,0.772642,-0.0103685,0.00626413,-0.634727,-0.00327252,-0.00579364,-0.0035058,0.674832,0.339969,0.0989292,-0.0310733,-0.00548386,0.00177179,29.4079,-0.108368,0.0268397,-0.510069
97.54,0.772651,-0.01035,0.00626521,-0.634715,0.00309104,-0.00323518,0.00187034,0.674895,0.339812,0.0984234,-0.0306112,-0.00524025,0.00144308,28.7913,-0.0694933,0.124282,-0.471306
97.56,0.772652,-0.0103396,0.00627037,-0.634714,0.00385094,-0.00156164,0.00118454,0.674936,0.33966,0.0979367,-0.0306081,-0.00528694,0.0011861,29.9738,-0.0497194,0.0631776,-0.373699
97.58,0.77264,-0.0103574,0.00627538,-0.634729,-0.00836617,0.00250821,0.00296024,0.675013,0.339409,0.0971318,-0.0298594,-0.00633765,0.000126614,28.2733,-0.0313057,0.100382,-0.406024
97.6,0.772646,-0.0103333,0.00622976,-0.634723,-0.00200351,-0.00512862,0.00310398,0.67512,0.339217,0.0964876,-0.0296452,-0.00624928,-0.00011054,27.7383,-0.0652627,0.0903221,-0.525514
97.62,0.77264,-0.0103392,0.00628642,-0.634729,-0.000397673,0.00577846,0.00041504,0.675188,0.338921,0.0955712,-0.0294411,-0.00633091,6.73159e-05,26.5509,-0.00245086,0.110533,-0.339886
97.64,0.772637,-0.0103519,0.00629458,-0.634732,-0.00484791,0.00485838,0.00454566,0.675264,0.338746,0.0950006,-0.0289547,-0.0062938,-0.000189288,30.622,-0.0936405,0.0615219,-0.420571
97.66,0.772645,-0.0103582,0.00627294,-0.634723,-0.00640979,0.00695839,0.00325201,0.675348,0.338583,0.0944567,-0.0287822,-0.00624824,-0.000653379,28.9619,-0.0589528,0.039838,-0.514037
97.68,0.772647,-0.0103451,0.00626128,-0.634721,0.00245149,-0.00704694,0.00598551,0.675515,0.338345,0.0935845,-0.0289272,-0.00596265,-0.00103237,27.4686,-0.01209,0.150921,-0.391682
97.7,0.772637,-0.0103558,0.00625604,-0.634733,-0.0039757,0.00148273,-0.00570073,0.675616,0.338269,0.0932304,-0.0281058,-0.00637406,-0.00149288,27.1483,-0.0629601,0.0884017,-0.508223
97.72,0.772631,-0.0103615,0.00625837,-0.63474,-0.00150633,0.00291856,-0.00431526,0.675873,0.338043,0.0922261,-0.0283906,-0.00615441,-0.00140197,25.7369,-0.0645474,0.041355,-0.570923
97.74,0.772633,-0.0103647,0.00624293,-0.634738,-0.00573633,-0.00226758,-0.00170156,0.675903,0.33796,0.0918988,-0.0279487,-0.00620845,-0.00240822,28.835,-0.0513807,0.124222,-0.299142
97.76,0.772636,-0.0103783,0.00627561,-0.634734,-0.00847815,0.00400932,0.00216502,0.676089,0.337738,0.0909768,-0.0272695,-0.00665846,-0.00180945,28.5812,0.00722862,0.0869276,-0.435496
97.78,0.772639,-0.0103726,0.00624464,-0.63473,-0.00348603,0.00536661,0.00199491,0.67618,0.337588,0.0903967,-0.027294,-0.00688758,-0.00214526,29.1625,-0.0339697,0.0896709,-0.494281
97.8,0.772637,-0.0103593,0.00623449,-0.634733,0.00965015,-0.00205921,0.000161269,0.676519,0.337421,0.0893219,-0.0272127,-0.00679757,-0.00305539,28.4105,-0.05498,0.0368941,-0.566435
97.82,0.772641,-0.0103511,0.00620426,-0.634728,0.00435491,-0.00094978,0.00881602,0.676618,0.337362,0.0889742,-0.0267534,-0.00727795,-0.00346165,29.0807,-0.0265934,0.100711,-0.471463
97.84,0.772631,-0.0103093,0.00620654,-0.634741,0.0040486,0.00856738,0.00385843,0.676867,0.337188,0.087986,-0.0267215,-0.00678602,-0.00356105,27.5202,-0.020295,0.0436621,-0.415163
97.86,0.772635,-0.0103019,0.00618763,-0.634737,0.00372457,-0.0067916,0.000595174,0.677099,0.337032,0.0870713,-0.0263967,-0.00696906,-0.0043495,29.3658,-0.106222,0.0654582,-0.639377
97.88,0.77263,-0.0102956,0.00620823,-0.634742,0.000739922,0.00670763,0.00334064,0.677176,0.33698,0.0867777,-0.0261419,-0.00727352,-0.00378543,27.1392,-0.0427824,0.0806656,-0.455046
97.9,0.772618,-0.010282,0.00618329,-0.634758,0.0017427,-0.0077793,0.00363292,0.677557,0.336955,0.0858067,-0.0258236,-0.00707917,-0.00455935,27.3613,-0.0493686,0.12924,-0.509932
97.92,0.77261,-0.0102761,0.00620342,-0.634767,-0.00154552,-0.00244385,-0.00114043,0.677783,0.336932,0.085193,-0.0251489,-0.0071336,-0.00504412,27.5844,-0.035811,0.0473731,-0.396065
97.94,0.772597,-0.0102627,0.00620028,-0.634784,0.00547986,-0.00443178,-0.00522761,0.678045,0.336887,0.0843047,-0.0241585,-0.00668604,-0.00572157,28.2853,-0.0529868,0.0861317,-0.34071
97.96,0.772593,-0.0102368,0.00621005,-0.634789,0.0125528,0.0025951,-0.0036639,0.678133,0.336877,0.0840237,-0.0241898,-0.00644474,-0.0046563,28.835,-0.0726307,0.0671096,-0.571139
97.98,0.772587,-0.0102367,0.00620806,-0.634796,0.000485324,0.00706872,0.000680961,0.678277,0.336854,0.0834775,-0.0236609,-0.00661625,-0.00503746,29.4723,-0.0600685,0.098032,-0.610153
98,0.772579,-0.0102292,0.00622174,-0.634805,-0.00644184,0.00842578,-0.00497517,0.678587,0.336914,0.0828743,-0.0229278,-0.00628783,-0.00540063,27.1537,-0.0726457,0.115489,-0.421495
98.02,0.772569,-0.0101723,0.00620013,-0.634819,0.00637947,-0.00473097,-0.00127212,0.679011,0.336999,0.0820169,-0.0226236,-0.0062363,-0.00616641,27.0429,-0.0408895,0.0936059,-0.525302
98.04,0.772567,-0.0101606,0.00620882,-0.634821,0.00843335,0.000116311,0.00167385,0.679259,0.337049,0.0814713,-0.0223016,-0.00585422,-0.00614404,29.1273,-0.031335,0.0776763,-0.541497
98.06,0.772575,-0.010146,0.00621886,-0.634812,0.00701302,0.000295944,0.000220002,0.679509,0.3371,0.0809566,-0.02206,-0.00572598,-0.00599124,28.8409,-0.0827977,0.0482491,-0.578021
98.08,0.772572,-0.0101214,0.00621337,-0.634817,0.00131829,0.00157341,0.00114938,0.679754,0.337147,0.0804667,-0.0217261,-0.00613315,-0.0060248,26.5557,-0.0379438,0.149284,-0.452372
98.1,0.772568,-0.0101241,0.00621576,-0.634821,-0.00922881,-0.00648193,-0.0022397,0.680211,0.33726,0.0797468,-0.0209915,-0.00625507,-0.00661248,27.8275,-0.0554365,0.0592538,-0.51494
98.12,0.772564,-0.0101328,0.0062289,-0.634826,-0.00769016,0.0032328,-0.000392756,0.680641,0.337359,0.0790775,-0.0203419,-0.0066718,-0.00582867,27.9029,-0.067689,0.126578,-0.384149
98.14,0.772564,-0.0101337,0.00622009,-0.634826,-0.00652817,-0.00783515,0.000346101,0.680769,0.337392,0.0788697,-0.0206409,-0.00616081,-0.00640512,26.9151,-0.0114655,0.0765941,-0.351506
98.16,0.772566,-0.0101389,0.00623258,-0.634823,-0.00247857,0.00463791,-0.00656538,0.681125,0.337478,0.078255,-0.0194413,-0.00646705,-0.00658884,27.9826,-0.0348562,0.131238,-0.533329
98.18,0.772579,-0.010162,0.00623945,-0.634806,0.000298664,-0.000334062,-0.00134421,0.681525,0.337507,0.077659,-0.0194895,-0.00617807,-0.00644868,26.8277,-0.0983626,0.108903,-0.457968
98.2,0.772584,-0.010165,0.00624769,-0.634801,-0.00182861,0.00617211,-0.00457047,0.681766,0.337501,0.0772505,-0.019033,-0.00609645,-0.00670884,28.7063,-0.0508377,0.104377,-0.530069
98.22,0.77259,-0.0101842,0.00624096,-0.634793,0.00287944,0.0055435,0.00385883,0.682005,0.337497,0.0768699,-0.0190473,-0.00639793,-0.0065458,29.6771,-0.0428591,0.03668,-0.478719
98.24,0.772595,-0.0101834,0.00621309,-0.634788,0.0028852,-0.00503749,-0.000734061,0.682113,0.337495,0.0766876,-0.0191533,-0.00614725,-0.00765917,26.1921,-0.0615846,0.103423,-0.555984
98.26,0.772589,-0.0101923,0.00622946,-0.634795,0.00249107,-0.00642803,-0.00188269,0.682311,0.337484,0.0763321,-0.0191279,-0.00620333,-0.00733313,28.649,-0.0269092,0.10183,-0.527994
98.28,0.772593,-0.0101792,0.00625109,-0.634789,0.00283594,0.00205779,-0.00225896,0.682807,0.33745,0.0756965,-0.0192238,-0.00638782,-0.0070465,28.8422,-0.0570486,0.0572869,-0.496491
98.3,0.772607,-0.0102025,0.00626476,-0.634772,0.00270063,-0.000737052,0.000369124,0.683036,0.337413,0.0753981,-0.0188992,-0.00586014,-0.00623434,30.1255,-0.064495,0.0569552,-0.507375
98.32,0.772607,-0.0102091,0.00624646,-0.634772,-0.00214414,-0.00221792,-0.0030296,0.683152,0.337398,0.075259,-0.0187925,-0.00657883,-0.00741442,27.9597,-0.0629462,0.0649051,-0.581537
98.34,0.77261,-0.0101839,0.00624666,-0.634769,-0.000881358,0.00409134,0.00287594,0.683465,0.337341,0.0748574,-0.0183689,-0.00641923,-0.00626081,27.6598,0.0143429,0.10884,-0.334177
98.36,0.772614,-0.0101835,0.00625201,-0.634764,-0.00061906,0.0109408,-0.000409981,0.683648,0.337299,0.074603,-0.0179377,-0.00665009,-0.00622509,26.9899,-0.0257555,0.123566,-0.523712
98.38,0.772613,-0.0101753,0.00623679,-0.634765,0.00814344,0.00172134,0.00218195,0.683931,0.337198,0.0742651,-0.0181243,-0.00636402,-0.00675187,27.3267,-0.0440733,0.0520297,-0.472309
98.4,0.772613,-0.0102078,0.00623186,-0.634765,-0.00882492,0.00054195,0.00202234,0.684051,0.337141,0.0741654,-0.0177657,-0.00664276,-0.00623624,27.5694,-0.00723307,0.105162,-0.344296
98.42,0.772617,-0.0102184,0.00622455,-0.63476,-0.00828352,-0.00145685,0.00155187,0.684265,0.33703,0.0739758,-0.017419,-0.00664155,-0.00651964,28.7816,-0.057306,0.11365,-0.518487
98.44,0.772621,-0.0101991,0.0061994,-0.634755,0.00688785,-0.0033512,-0.00281598,0.684427,0.336908,0.0737867,-0.0177672,-0.0065867,-0.00740182,28.565,-0.064259,0.104053,-0.741158
98.46,0.772635,-0.0101994,0.00621426,-0.634738,0.00639824,0.00267913,-0.0021794,0.684665,0.336751,0.0735249,-0.0175685,-0.00610544,-0.00606845,28.4681,-0.0758756,0.0606277,-0.44664
98.48,0.772635,-0.0101772,0.00616687,-0.634739,0.00752386,-0.00757482,0.00229074,0.684954,0.336601,0.0733446,-0.0175005,-0.00616278,-0.00667459,27.9315,-0.0559069,0.0413018,-0.511284
98.5,0.77264,-0.0101879,0.0061967,-0.634733,-0.00678757,0.0033519,0.0029526,0.685076,0.336537,0.0733198,-0.0172595,-0.00633933,-0.00551763,27.3078,-0.040105,0.163145,-0.34418
98.52,0.772638,-0.0101745,0.00616571,-0.634736,0.00478121,-0.00472034,-0.00121569,0.685377,0.336332,0.073253,-0.0168819,-0.00676697,-0.00525104,28.3724,-0.0295816,0.0733524,-0.402156
98.54,0.772637,-0.0101807,0.00615484,-0.634737,0.00645063,-0.00375571,-0.0016235,0.685571,0.336195,0.0732152,-0.0164734,-0.00689989,-0.00502653,30.0259,-0.110353,0.113279,-0.509895
98.56,0.772638,-0.0101875,0.0061297,-0.634736,0.00565712,-0.00770674,-0.00440145,0.685824,0.335993,0.0731612,-0.0160349,-0.00700031,-0.00636314,26.796,-0.0412056,0.114712,-0.497944
98.58,0.772642,-0.0101865,0.00615923,-0.63473,-0.00536918,0.00511761,-0.000355471,0.685919,0.335916,0.073192,-0.0163022,-0.00690296,-0.00505279,28.1975,-0.0504123,0.129205,-0.472226
98.6,0.772654,-0.010187,0.00611597,-0.634716,0.00804257,-0.0125,0.00482981,0.686168,0.335684,0.0732824,-0.0157152,-0.007205,-0.00619,28.4522,-0.0100611,0.0760933,-0.381053
98.62,0.772641,-0.0101749,0.00614218,-0.634732,-0.00372141,0.00779998,-0.00347253,0.686244,0.335606,0.0733107,-0.0154387,-0.00722343,-0.00471729,26.0004,-0.0209579,0.0742403,-0.381714
98.64,0.77265,-0.0101456,0.00611343,-0.634722,0.00872037,-0.00115256,0.00508786,0.686407,0.335351,0.0733892,-0.0159955,-0.00753458,-0.0049592,28.8774,-0.0614358,0.121582,-0.375471
98.66,0.772648,-0.0101375,0.00610323,-0.634724,0.00617065,-0.00277332,-0.00305762,0.686506,0.33519,0.0734413,-0.0154161,-0.00733011,-0.00464731,27.6985,-0.0861229,0.0783927,-0.596857
98.68,0.772656,-0.0101212,0.0061018,-0.634715,0.00674254,0.000955331,0.00147118,0.686612,0.335041,0.073495,-0.0152604,-0.00739223,-0.00443703,29.6302,-0.0469625,0.152641,-0.414024
98.7,0.772653,-0.0101022,0.00608634,-0.634718,0.00721804,0.00402937,-0.00161872,0.686742,0.334872,0.0735893,-0.0149001,-0.00784086,-0.00389272,28.365,-0.0700961,0.126629,-0.27913
98.72,0.772663,-0.0100846,0.00603908,-0.634708,0.0100363,-0.00236549,-0.00178939,0.686909,0.334617,0.0737379,-0.014295,-0.00823907,-0.00494645,29.4047,-0.0221643,0.0968057,-0.369323
98.74,0.772672,-0.0101089,0.00606332,-0.634696,-0.0130685,0.00434194,0.000843719,0.687006,0.334342,0.0738769,-0.0144201,-0.00853771,-0.00397742,29.5395,-0.036847,0.107674,-0.359786
98.76,0.772665,-0.0100926,0.00604017,-0.634705,0.00800687,-0.00367779,-0.00528031,0.687037,0.334255,0.073929,-0.0145578,-0.00810732,-0.00324108,27.0293,0.008828,0.101908,-0.445487
98.78,0.772667,-0.010108,0.00604181,-0.634702,-0.00815137,0.000343461,0.00829457,0.68715,0.333995,0.0741088,-0.0144529,-0.00892955,-0.00406452,28.9565,-0.0268022,0.0981684,-0.568977
98.8,0.772665,-0.0101125,0.00604069,-0.634705,-0.00196114,-0.00439102,0.00455792,0.68726,0.333822,0.0742733,-0.0141102,-0.00911841,-0.00370996,28.5589,-0.121567,0.0803524,-0.62204
98.82,0.772665,-0.0101148,0.00605507,-0.634705,-0.00520951,-0.00345231,0.00410438,0.687357,0.333648,0.0744395,-0.0135708,-0.00920727,-0.0034309,26.359,-0.0765695,0.0815933,-0.425453
98.84,0.772665,-0.0101178,0.0060369,-0.634705,0.00207136,-0.00650783,-0.00272648,0.687439,0.333467,0.0746017,-0.0136843,-0.0095201,-0.00312659,28.56,-0.0161991,0.11158,-0.485575
98.86,0.772661,-0.0100858,0.00601677,-0.63471,0.00726359,-0.00670601,0.000934544,0.687482,0.333271,0.0747583,-0.0138716,-0.00920274,-0.00251885,27.4237,-0.0387473,0.129708,-0.348674
98.88,0.772673,-0.0100865,0.00603281,-0.634696,0.0073498,0.000919564,0.00698479,0.68753,0.33309,0.0749063,-0.013677,-0.00918721,-0.00249246,26.8164,-0.0983391,0.142494,-0.485189
98.9,0.772669,-0.0100917,0.00603059,-0.6347,0.00284554,0.0018139,0.00726454,0.687727,0.332876,0.0751924,-0.0128804,-0.00961768,-0.0029926,28.052,0.0190288,0.0892085,-0.2943
98.92,0.772662,-0.0100984,0.00605071,-0.634708,0.000131369,0.00224445,0.00092908,0.687881,0.332667,0.0754738,-0.01324,-0.00896685,-0.00166564,28.6773,-0.070027,0.134529,-0.427058
98.94,0.772656,-0.0100889,0.00602542,-0.634716,0.00557288,-0.00373947,-0.00203294,0.687921,0.332596,0.0755633,-0.0130248,-0.00946674,-0.00281342,28.5548,0.031089,0.12693,-0.404154
98.96,0.772664,-0.0100702,0.00604207,-0.634706,-0.0064114,0.0130926,0.00356084,0.687993,0.332372,0.0758202,-0.0127056,-0.00903289,-0.00182158,30.2835,-0.0441236,0.0420399,-0.498244
98.98,0.772653,-0.0100348,0.00599665,-0.634721,0.0087822,-0.00136966,0.000289607,0.688154,0.3322,0.0761167,-0.013289,-0.00850857,-0.00154169,31.0089,-0.0670778,0.0951835,-0.426477
99,0.772651,-0.0100414,0.00599419,-0.634724,-0.00175063,-0.00209725,-0.00105888,0.688215,0.332148,0.0762169,-0.0125495,-0.00875254,-0.00189189,28.3933,-0.0538625,0.0860349,-0.515407
99.02,0.772648,-0.0100397,0.00599549,-0.634727,-0.00393161,0.00332177,-0.000550109,0.688326,0.332046,0.0764151,-0.0121966,-0.00841855,-0.00161749,26.9877,-0.0754113,0.0897278,-0.371216
99.04,0.772633,-0.0100166,0.0060197,-0.634745,0.00468738,0.000734109,-0.000628955,0.688465,0.331887,0.0767098,-0.0125948,-0.00853748,-0.00104472,27.4289,-0.0478331,0.0589011,-0.48941
99.06,0.772636,-0.0100206,0.00599274,-0.634743,0.000669736,-0.00301387,0.00398228,0.688502,0.331832,0.0768011,-0.0120168,-0.00881761,-0.00183802,29.4425,-0.0660889,0.146605,-0.451352
99.08,0.772623,-0.0100014,0.00603407,-0.634758,-0.00420515,0.00539424,-0.00677148,0.688652,0.331667,0.0770617,-0.0116127,-0.00847349,-0.000847426,27.3362,-0.0473713,0.093371,-0.479897
99.1,0.772622,-0.0099878,0.00602603,-0.634759,-0.00721761,0.00463117,-0.00100426,0.688853,0.331596,0.077228,-0.0110365,-0.0085173,-0.00121105,30.1477,-0.0601697,0.0838863,-0.383813
99.12,0.772611,-0.00996386,0.00601966,-0.634773,-0.00237779,0.00696594,-0.00289195,0.689042,0.331516,0.077383,-0.0108059,-0.00880394,-0.00101823,28.4806,-0.0732919,0.149713,-0.501136
99.14,0.772617,-0.00993903,0.00601214,-0.634766,-0.00251298,0.00719657,-0.00159892,0.689208,0.331431,0.0775377,-0.0104409,-0.00861291,-0.00134726,28.3062,-0.0842433,0.0787309,-0.592935
99.16,0.77262,-0.00991935,0.00599695,-0.634763,-0.000187793,0.00166206,-0.00173086,0.689435,0.331311,0.077764,-0.0107008,-0.00769596,-0.000212364,27.9871,-0.0328479,0.0998144,-0.392692
99.18,0.772613,-0.00991592,0.00596965,-0.634772,0.00147183,0.00066142,0.000674437,0.689687,0.331229,0.077994,-0.0102146,-0.00837763,-0.0014997,26.7038,-0.0598303,0.0523827,-0.67286
99.2,0.77261,-0.00991206,0.00596241,-0.634776,-0.00123944,-0.000123443,0.00104393,0.689804,0.33122,0.0780829,-0.0103151,-0.00809378,-0.000149948,28.8492,-0.0462109,0.162475,-0.440458
99.22,0.772617,-0.00992044,0.00596347,-0.634767,0.0106074,-0.0108307,0.00262233,0.690111,0.331174,0.078338,-0.00985425,-0.00809321,-0.000878462,28.4471,-0.00455247,0.111848,-0.260858
99.24,0.772617,-0.00993816,0.0059782,-0.634766,0.00354073,-0.00302868,-0.00222815,0.690308,0.33114,0.0784955,-0.00959086,-0.00862406,-0.000894042,27.5589,-0.0352474,0.083692,-0.393605
99.26,0.772621,-0.00993534,0.00597962,-0.634762,-0.00704179,0.00264165,-0.00286435,0.690567,0.331084,0.0787181,-0.00897026,-0.00833999,-0.0015248,26.99,-0.101526,0.0770393,-0.560304
99.28,0.772616,-0.00991249,0.00597338,-0.634768,0.00663673,-0.000613019,-0.00550539,0.690646,0.331065,0.0787911,-0.00937054,-0.00782023,-0.000615556,26.3464,-0.0512808,0.127658,-0.584385
99.3,0.77262,-0.00989236,0.00596065,-0.634763,0.00237964,0.00364457,0.000334686,0.69094,0.331158,0.0789357,-0.00916489,-0.00750195,-0.000319303,30.9883,-0.0866824,0.12224,-0.484447
99.32,0.772621,-0.00988277,0.00595542,-0.634763,-0.000375292,-0.000422748,0.0034574,0.691206,0.331242,0.0790794,-0.00855095,-0.00744988,-0.000377126,28.128,0.000127319,0.0897114,-0.38957
99.34,0.772617,-0.00986206,0.00593463,-0.634768,0.006611,-0.010014,-0.00234202,0.691591,0.331369,0.0792946,-0.00862164,-0.00743404,-0.000574256,30.5673,-0.0720459,0.0962124,-0.441033
99.36,0.772604,-0.00984642,0.00593261,-0.634784,0.00464045,-0.00113849,-0.00034133,0.69182,0.331443,0.0794262,-0.00871144,-0.00702444,-0.000843421,29.5863,-0.0898198,0.0857078,-0.613399
99.38,0.772597,-0.00983046,0.00594107,-0.634792,0.00952241,-0.00451245,-0.00758427,0.692035,0.331515,0.0795487,-0.00825717,-0.00668981,-0.00059563,25.9261,-0.0316482,0.0948748,-0.597985
99.4,0.772609,-0.00982723,0.00593105,-0.634778,-0.00354552,-0.00122363,0.00172176,0.69249,0.331811,0.0797713,-0.0075965,-0.0065387,-0.000834234,29.6434,-0.0990512,0.0814611,-0.524175
99.42,0.772603,-0.00981084,0.00592685,-0.634787,0.00348239,-0.000820795,-0.00112429,0.692754,0.331986,0.0799244,-0.00750304,-0.00630915,-0.000602543,28.2691,-0.0784011,0.0860274,-0.596696
99.44,0.772595,-0.00981393,0.005973,-0.634795,-0.000163302,0.00532605,0.000666573,0.693143,0.33223,0.0801311,-0.00672811,-0.00672731,-0.000135114,26.5053,-0.0547897,0.129722,-0.550331
99.46,0.772603,-0.00980543,0.00594782,-0.634786,0.00548762,-0.0114315,0.0071995,0.693262,0.332307,0.0801998,-0.007032,-0.00641747,-0.000730964,29.4107,-0.0847214,0.0903136,-0.614447
99.48,0.772593,-0.00980685,0.00596539,-0.634798,-0.00198129,0.00249986,0.00522979,0.693657,0.332581,0.0803657,-0.00581211,-0.0061319,-0.000411702,26.3809,-0.0991618,0.144445,-0.449114
99.5,0.77259,-0.00978012,0.00596114,-0.634803,0.0133685,-0.00437091,-0.00598533,0.693811,0.332704,0.0804077,-0.00640561,-0.00567694,-0.000101143,28.0717,-0.0639335,0.0315133,-0.534708
99.52,0.772586,-0.00975424,0.00594683,-0.634807,-0.000159173,0.00361148,-0.00194314,0.694261,0.333059,0.0805169,-0.00552033,-0.00586235,-0.000311674,28.0601,-0.100109,0.0433872,-0.624906
99.54,0.772592,-0.00973995,0.00595019,-0.6348,-0.00159805,0.000872183,0.00119919,0.694533,0.333274,0.0805919,-0.00526359,-0.00554748,-0.000357347,30.6242,-0.0716354,0.12745,-0.593113
99.56,0.772591,-0.00973008,0.00595928,-0.634802,-0.00244949,0.00191453,-0.00068767,0.694794,0.333484,0.0806683,-0.00551413,-0.00521265,-7.6742e-05,29.6033,-0.0473836,0.107547,-0.693592
99.58,0.772583,-0.00972677,0.00597268,-0.634811,0.0016243,-0.00606559,0.00199103,0.695038,0.333689,0.0807459,-0.0049603,-0.00465928,0.000140368,28.5744,-0.088798,0.108553,-0.544454
99.6,0.772582,-0.00971923,0.0059767,-0.634812,-0.00734249,0.00354463,-0.00104346,0.695491,0.334082,0.0807973,-0.00399094,-0.00469944,0.000500437,27.5087,-0.102131,0.0572376,-0.702992
99.62,0.772578,-0.00970623,0.0059905,-0.634818,0.000439129,0.00406427,-0.00421306,0.695903,0.334454,0.080862,-0.00416547,-0.00369719,0.000583627,31.8485,-0.0114271,0.140351,-0.498264
99.64,0.772577,-0.00970499,0.00596022,-0.634818,-0.00593195,-0.000517396,0.00313534,0.696026,0.334567,0.0808821,-0.00361584,-0.00414886,4.74539e-05,27.3658,-0.0414952,0.0385511,-0.654982
99.66,0.772578,-0.00969592,0.00599635,-0.634817,-0.00617084,0.00685377,0.00203578,0.6964,0.334903,0.0809393,-0.00309631,-0.00348653,0.00111364,24.9847,-0.0381436,0.114812,-0.613234
99.68,0.772571,-0.00970906,0.00599852,-0.634826,-0.00645458,0.00612197,-0.00830324,0.696631,0.335124,0.0809744,-0.00275514,-0.00303646,0.000942805,29.636,-0.120746,0.127332,-0.696749
99.7,0.772571,-0.0096853,0.00594753,-0.634827,0.0100261,-0.00492089,0.00108727,0.697056,0.335536,0.0809115,-0.00298619,-0.00240555,0.000119739,30.717,-0.156558,0.106144,-0.646075
99.72,0.772565,-0.00968833,0.00594398,-0.634833,-0.00711532,0.000583245,0.000475104,0.697191,0.335668,0.0808895,-0.00255641,-0.00236645,0.000644603,28.5769,-0.00547605,0.0395397,-0.648267
99.74,0.772555,-0.0096869,0.00596223,-0.634846,-0.0116168,0.00387366,-0.00351002,0.69745,0.335929,0.0808556,-0.00219514,-0.00223356,0.000780587,28.0069,-0.0530422,0.103063,-0.514739
99.76,0.772545,-0.00967662,0.00595924,-0.634859,-0.00663013,-0.00455735,-0.00518775,0.69769,0.336176,0.0808287,-0.0023307,-0.00189501,-0.000287023,27.3121,-0.134354,0.0782408,-0.67585
99.78,0.772536,-0.00964748,0.00599946,-0.634869,-0.0079878,0.0100358,-0.00149063,0.698076,0.336562,0.0807858,-0.00165726,-0.000898916,0.00139227,29.0385,-0.0741892,0.0851951,-0.428382
99.8,0.772525,-0.00961047,0.00596263,-0.634883,0.00841455,-0.00083184,0.00180202,0.698519,0.336976,0.0807517,-0.00162921,-0.000544823,0.000329046,27.3373,-0.0628601,0.106595,-0.588024
99.82,0.772525,-0.00961583,0.0059706,-0.634884,-6.63031e-05,0.00299989,-0.000112298,0.698659,0.337107,0.0807396,-0.00135204,-0.000708894,0.00125272,28.8524,-0.131568,0.0803928,-0.778475
99.84,0.772525,-0.00959253,0.00597751,-0.634883,0.00566701,8.70209e-05,-0.000482828,0.699055,0.337489,0.0807203,-0.0011887,0.000145691,0.00168641,28.9619,-0.0452587,0.149707,-0.564304
99.86,0.77253,-0.00956946,0.00598522,-0.634878,0.00841419,0.00188213,0.00245008,0.699299,0.337732,0.0807084,-0.00134652,6.23427e-05,0.00163249,29.8036,-0.0626849,0.0116419,-0.770296
99.88,0.772523,-0.00955282,0.00595014,-0.634887,0.00353425,-0.00154951,0.00388132,0.699685,0.338092,0.0806809,-0.000122541,3.52515e-05,-0.000318722,30.3494,-0.0865825,0.163244,-0.56192
99.9,0.772512,-0.0095576,0.0059908,-0.634899,-0.00303959,0.00524144,-0.00500054,0.699837,0.338213,0.0806704,-0.000182378,0.000147967,0.00119045,27.1104,-0.0515554,0.0791946,-0.627124
99.92,0.772511,-0.00954693,0.00595688,-0.634902,0.00546893,-0.00743872,0.00247172,0.700267,0.338556,0.0806449,0.000153108,-6.31158e-05,-0.000138495,25.511,-0.0814721,0.0569658,-0.591271
99.94,0.772513,-0.00955322,0.00598768,-0.634898,-0.00199984,0.00848487,0.00282666,0.700404,0.338664,0.0806364,0.000356464,0.00015346,0.00112279,29.7971,-0.0785218,0.110559,-0.447021
99.96,0.772518,-0.00951476,0.00594431,-0.634894,0.00252908,-0.00839429,0.00758696,0.700787,0.338971,0.0806158,-0.000233357,0.000288701,0.00126929,30.0079,-0.101299,0.0760863,-0.709276
99.98,0.772499,-0.00949689,0.00594698,-0.634917,0.00463923,-0.00403998,0.0031888,0.701021,0.33917,0.0806111,0.000172126,0.000897199,0.0015841,29.444,-0.101463,0.0721585,-0.397138
100,0.772495,-0.00947389,0.00594012,-0.634923,0.00377878,0.0039016,0.00327077,0.70128,0.339338,0.0806916,0.000208953,0.000893065,0.00189427,29.315,-0.0538552,0.0988933,-0.448272
100.02,0.772496,-0.00947438,0.0059304,-0.634921,0.00480666,0.00632122,-0.002659,0.701519,0.339499,0.0807754,0.000361576,0.00116018,0.00192967,28.1523,-0.0406009,0.0733579,-0.627878
100.04,0.77248,-0.00945629,0.00590273,-0.634941,0.00711216,-0.00218937,0.00119623,0.701855,0.339741,0.0808965,0.000786438,0.00150366,0.000376872,26.253,-0.101504,0.0591877,-0.640647
100.06,0.772483,-0.00943211,0.00590261,-0.634938,-0.00735332,0.00987751,0.00539136,0.702169,0.339982,0.0810173,0.00117047,0.00216368,0.00114017,27.6604,-0.0477428,0.176017,-0.422395
100.08,0.772473,-0.0094029,0.00588705,-0.634951,0.0131057,0.0018882,-0.00440065,0.702268,0.340065,0.0810592,0.00101539,0.00294481,0.00151191,27.7991,-0.0651282,0.132082,-0.540625
100.1,0.772477,-0.00942689,0.00589356,-0.634945,-0.00366321,-0.00332637,0.000478779,0.702634,0.340255,0.0813726,0.00186523,0.00273525,0.000974112,28.0204,-0.063085,0.0857127,-0.3904
100.12,0.772473,-0.00941737,0.00589746,-0.63495,-0.00413485,-0.00264954,-0.00523831,0.70286,0.340374,0.0815753,0.00166955,0.00268031,0.00114736,30.9194,-0.0178986,0.135998,-0.367514
100.14,0.772487,-0.0094082,0.0059126,-0.634934,-0.00300184,0.0021803,-0.00284078,0.703174,0.340537,0.0818678,0.00174977,0.00254003,0.00243136,30.0384,-0.0732621,0.0915723,-0.321999
100.16,0.772481,-0.00939632,0.00588907,-0.634941,0.00565504,-0.0058792,-0.00311351,0.703273,0.340586,0.0819604,0.00199586,0.00196405,0.00102803,25.4672,-0.0795674,0.139378,-0.43251
100.18,0.772488,-0.00941077,0.00588145,-0.634932,0.00397577,-0.00499438,-0.000311872,0.703467,0.34068,0.0821444,0.00159226,0.00232728,0.00151705,29.7186,-0.0582659,0.0662047,-0.591625
100.2,0.772503,-0.00945487,0.00590933,-0.634913,-0.00570603,-0.00523595,0.00318388,0.703696,0.340751,0.082353,0.00219838,0.00232684,0.00204603,27.5546,-0.0881998,0.118044,-0.436569
100.22,0.772513,-0.00949139,0.00589948,-0.634901,-0.00578364,4.21692e-05,0.00332111,0.704082,0.340822,0.0827117,0.00250004,0.00170543,0.00154613,29.2424,-0.11361,0.0981403,-0.530231
100.24,0.772529,-0.00950561,0.00590506,-0.634881,0.00489391,0.000648758,0.00447703,0.704441,0.340876,0.083057,0.00253869,0.00170122,0.00257755,27.2522,-0.0335374,0.131594,-0.472923
100.26,0.772532,-0.00951581,0.00586467,-0.634878,2.40277e-05,-0.00888922,0.00064491,0.704554,0.340892,0.083167,0.00297891,0.00121966,0.00160761,29.4192,-0.069743,0.110092,-0.452112
100.28,0.772534,-0.00949857,0.00590024,-0.634875,0.00128582,0.0148786,0.00322714,0.704894,0.340923,0.0835419,0.00292019,0.00198611,0.00315909,27.3461,-0.0790695,0.0710429,-0.458077
100.3,0.772532,-0.00949937,0.00586612,-0.634878,0.00148442,-0.00821303,-9.86714e-05,0.705015,0.340925,0.083696,0.00249655,0.00228053,0.00409654,29.567,-0.0240123,0.142923,-0.285245
100.32,0.772533,-0.00950111,0.00588587,-0.634876,-0.00388712,0.00549094,0.00503253,0.705356,0.340924,0.0841373,0.00318851,0.00186057,0.0036013,27.1566,-0.0935502,0.153661,-0.417197
100.34,0.772539,-0.0095041,0.00588822,-0.634869,-0.00525261,-0.00129066,-0.00124825,0.705569,0.34092,0.0844172,0.00360495,0.00170337,0.00374197,29.4055,-0.0262726,0.159064,-0.37147
100.36,0.772522,-0.00946786,0.00590515,-0.63489,0.0126039,5.23291e-05,-0.00606197,0.705877,0.340906,0.0848329,0.00350638,0.0017146,0.00550622,28.2023,-0.0511111,0.0666388,-0.474429
100.38,0.772522,-0.00947015,0.00587114,-0.634891,0.0076021,-0.00131465,0.0015444,0.705975,0.340901,0.0849685,0.00405785,0.00139643,0.0042544,28.1789,-0.0626302,0.0706393,-0.422391
100.4,0.772521,-0.00949833,0.0058894,-0.63489,0.00174982,0.00379424,-0.00360753,0.706308,0.340819,0.0854589,0.00405216,0.00181893,0.00587357,28.546,-0.0946014,0.150524,-0.35279
100.42,0.772519,-0.00948154,0.00586382,-0.634895,0.00696095,0.00516543,-0.00405848,0.706539,0.340746,0.0858151,0.00440499,0.00128277,0.00539166,27.0808,-0.0454721,0.111269,-0.657774
100.44,0.772528,-0.00951731,0.00586288,-0.634882,-0.0109974,0.000889337,0.00525878,0.706754,0.340672,0.0861584,0.00455157,0.00100554,0.00529509,30.6895,-0.107285,0.100926,-0.499086
100.46,0.772521,-0.00949798,0.00584964,-0.634892,0.00046915,0.0012633,-0.00350018,0.706958,0.340594,0.0864931,0.00466174,0.000689067,0.00550537,28.8619,-0.0759932,0.0982095,-0.595132
100.48,0.772513,-0.00948114,0.00582717,-0.634902,0.00635084,0.000744426,-0.00300896,0.707252,0.340437,0.0870052,0.00382973,0.00113887,0.00648906,28.847,-0.0722765,0.0717917,-0.459108
100.5,0.772506,-0.00947328,0.00580241,-0.63491,0.00801187,-0.00990888,-0.00183273,0.707539,0.340217,0.0875446,0.00460602,0.000480507,0.00562109,27.2798,-0.0660002,0.103936,-0.524407
100.52,0.772515,-0.00947873,0.00584302,-0.634899,-0.0071061,0.00706688,0.00889426,0.70764,0.340144,0.0877298,0.00469003,0.000497795,0.00649715,28.6659,-0.109789,0.119904,-0.387229
100.54,0.77251,-0.00944095,0.00582218,-0.634906,0.0104594,-0.00409108,0.00243426,0.707894,0.339936,0.0882302,0.00409756,0.000541876,0.00624109,28.8987,-0.0522295,0.153729,-0.561163
100.56,0.772512,-0.009443,0.00583461,-0.634903,0.00407094,-0.00154371,0.0030513,0.70805,0.339799,0.0885442,0.00407993,3.28774e-05,0.00684166,28.8967,-0.0384339,0.0946398,-0.387986
100.58,0.772505,-0.00945724,0.00584574,-0.634911,0.00438002,-0.0036858,0.00275821,0.708195,0.339659,0.0888534,0.00376127,-6.6218e-05,0.0070251,29.0631,-0.0652514,0.0205627,-0.393963
100.6,0.772513,-0.00944952,0.00586415,-0.634902,0.00611133,0.00483558,-0.00267309,0.708369,0.33953,0.0891592,0.0040727,-2.46146e-05,0.00720719,26.2097,-0.0915189,0.148511,-0.445604
100.62,0.772521,-0.00945836,0.00585354,-0.634892,-0.00121055,0.00598796,-0.000520535,0.708533,0.339401,0.0894589,0.003825,-0.000274188,0.00783017,30.408,-0.11388,0.132995,-0.688413
100.64,0.772517,-0.00947754,0.00583982,-0.634896,-0.00272917,0.000749742,-0.0018386,0.70869,0.339265,0.0897582,0.00405706,-0.00119731,0.00736851,30.1837,-0.0891135,0.0754486,-0.618569
100.66,0.772517,-0.00945734,0.00581823,-0.634897,0.00631224,-0.006463,0.00594448,0.708897,0.339067,0.0901903,0.00354787,-0.00105377,0.00725268,28.411,-0.108007,0.0864483,-0.560614
100.68,0.772514,-0.00948258,0.00583236,-0.634901,-0.00192988,0.00403678,0.00240572,0.709073,0.338895,0.0905802,0.00414798,-0.000984842,0.00708845,30.6794,-0.0750716,0.0982651,-0.523881
100.7,0.772509,-0.00946422,0.00584022,-0.634907,0.00748918,0.00577356,-0.00342259,0.709127,0.338852,0.0906964,0.00382755,-0.00033953,0.00718686,24.6633,-0.0461232,0.100189,-0.369278
100.72,0.772505,-0.00945125,0.00580581,-0.634912,-0.000290171,-0.0044409,0.00238468,0.709278,0.338737,0.091025,0.00424672,-0.000728741,0.00665924,29.8372,-0.0564433,0.0977667,-0.586431
100.74,0.772506,-0.00942936,0.00580703,-0.634911,-0.00304877,0.002508,-0.00617577,0.709371,0.338664,0.0912493,0.0036856,-0.000283102,0.0064998,30.0992,-0.0834634,0.0859854,-0.643424
100.76,0.772505,-0.00941202,0.00582011,-0.634912,0.00282053,0.0079747,-0.00834965,0.709494,0.338562,0.0915434,0.00448802,-0.000818304,0.00756927,25.0158,-0.018401,0.100515,-0.444643
100.78,0.772505,-0.00939509,0.00579812,-0.634913,0.000195251,-0.00591478,-0.00175221,0.709508,0.338579,0.0916336,0.00412526,-0.000625583,0.00677409,29.8619,-0.0851073,0.185774,-0.4513
100.8,0.772505,-0.00936102,0.00579673,-0.634913,-0.00263068,0.00495783,0.00761881,0.709552,0.338628,0.0918885,0.00481976,-0.00069788,0.00729695,27.4241,-0.0941205,0.062095,-0.512201
100.82,0.772486,-0.00933862,0.00581545,-0.634936,0.0114949,0.000760716,-0.00906121,0.709566,0.338644,0.0919783,0.0043023,-0.000370992,0.00761277,29.4758,-0.0569686,0.119453,-0.418461
100.84,0.772483,-0.00931439,0.00579704,-0.634941,0.00283131,0.000626844,-0.00277625,0.709607,0.338678,0.0922347,0.00463365,-0.00102034,0.00743603,29.5779,-0.0593976,0.144204,-0.495449
100.86,0.772477,-0.00929994,0.00578889,-0.634948,-0.00373183,-0.00857277,-0.00133768,0.709637,0.338694,0.0924174,0.00445008,-0.00106748,0.00694378,30.3026,-0.0677501,0.0901947,-0.492976
100.88,0.772475,-0.00927894,0.00579009,-0.634951,0.00901227,-0.00319487,-0.00660821,0.709626,0.338803,0.0925822,0.00421579,-0.00143123,0.00740845,29.1862,-0.0865085,0.0603774,-0.702022
100.9,0.772472,-0.00926743,0.00578933,-0.634955,0.00275352,-0.00394596,0.00173455,0.70958,0.339006,0.0927389,0.00413572,-0.00096539,0.00715377,26.4195,-0.0649169,0.0963899,-0.48348
100.92,0.772468,-0.00927976,0.00579702,-0.634959,-0.00550498,0.00670462,0.0019459,0.709519,0.339304,0.0929671,0.00468709,-0.000979192,0.00753853,31.1164,-0.127427,0.109754,-0.609061
100.94,0.772469,-0.00925338,0.00579969,-0.634958,0.00419224,-0.0018191,-0.00573942,0.709462,0.339576,0.0932051,0.00451784,-0.000561965,0.00816405,30.997,-0.0111996,0.105111,-0.412733
100.96,0.772462,-0.0092509,0.00579205,-0.634967,-0.000899986,-0.00238327,-0.0034711,0.709442,0.339662,0.0932741,0.00468303,-0.000684717,0.00668799,28.2013,-0.0703605,0.109885,-0.304797
100.98,0.772466,-0.00923222,0.00582138,-0.634962,0.00666934,0.00811727,-0.00149725,0.709334,0.339998,0.0934846,0.00435916,-0.000392286,0.0084628,26.4985,-0.0699017,0.0941107,-0.676418
101,0.772461,-0.00921059,0.00582303,-0.634968,-0.00500321,0.0118467,-0.00204363,0.7092,0.340338,0.0936302,0.00492305,-5.99193e-06,0.00864896,30.0426,-0.0944677,0.127027,-0.55611
101.02,0.772459,-0.00919045,0.00580427,-0.634971,-0.00553729,0.00641214,-0.00332373,0.709072,0.340668,0.0937838,0.00474429,0.000283582,0.00892844,29.2188,-0.0714567,0.0971661,-0.547391
101.04,0.772468,-0.00918355,0.00580029,-0.634961,-0.0121053,0.00426116,0.00388401,0.708947,0.340989,0.0939393,0.00483679,0.000564615,0.00891083,26.8899,-0.0691101,0.0780798,-0.353281
101.06,0.772461,-0.00918443,0.0058105,-0.634969,-0.00497774,0.00535783,-0.00803578,0.708834,0.341304,0.0941096,0.00462024,0.00083077,0.0083989,28.2469,-0.0886675,0.158676,-0.489288
101.08,0.772462,-0.00918095,0.00580556,-0.634968,-0.00324489,0.00048676,-0.00219267,0.708719,0.341603,0.0942718,0.004571,0.000685415,0.00827141,31.2737,-0.0689876,0.12982,-0.426688
101.1,0.772479,-0.00918868,0.00586909,-0.634947,-0.011462,0.00843541,-0.000407637,0.708523,0.342261,0.0945105,0.00434922,0.00188041,0.00980407,27.8541,-0.094178,0.0615951,-0.64385
101.12,0.772479,-0.00918436,0.00584707,-0.634947,0.0053861,-0.00810631,-0.00161259,0.708336,0.342898,0.0947501,0.00423088,0.00231636,0.0086856,29.1455,-0.0076015,0.105759,-0.621951
101.14,0.772488,-0.00919447,0.00587939,-0.634936,-0.00644341,0.00585613,0.000291474,0.708276,0.343102,0.0948287,0.00436968,0.00209312,0.0095683,26.8736,-0.0595793,0.0991452,-0.347024
101.16,0.772501,-0.00918494,0.00587195,-0.634921,0.00669506,-0.00293473,0.000958348,0.708099,0.343682,0.0950628,0.00405817,0.00279716,0.00908921,27.6194,-0.0806706,0.130493,-0.362495
101.18,0.772501,-0.00918613,0.00587327,-0.63492,0.00148288,0.00276449,0.0034334,0.707949,0.344329,0.0952992,0.0043815,0.00244255,0.00831343,27.6653,-0.0668763,0.0917543,-0.408316
101.2,0.772499,-0.00917915,0.00585345,-0.634923,0.00266919,-0.0057099,-0.000863225,0.707853,0.344774,0.0954552,0.00466088,0.00278675,0.00833372,30.5608,-0.0581817,0.084108,-0.457266
101.22,0.7725,-0.00918172,0.00587804,-0.634921,-0.0030392,0.00512514,-0.00235092,0.70781,0.344991,0.0955318,0.00449492,0.0031511,0.00993127,29.5074,-0.0913447,0.121217,-0.501861
101.24,0.772504,-0.00919338,0.00588438,-0.634916,0.0024921,-0.00454667,0.000785422,0.707675,0.345627,0.0957628,0.00429818,0.00369959,0.00860217,28.9301,-0.0897292,0.0700152,-0.501881
101.26,0.772514,-0.00920042,0.00588524,-0.634904,-0.00443307,-0.000438051,0.00122656,0.707632,0.345835,0.09584,0.00425557,0.00393133,0.00977431,28.6555,-0.0290584,0.133879,-0.489594
101.28,0.772522,-0.00918288,0.00589522,-0.634894,-0.000220763,0.00526469,-0.00168349,0.707492,0.34647,0.0960703,0.00382318,0.00442821,0.00966822,27.4576,-0.0581638,0.139319,-0.288907
101.3,0.772523,-0.00916792,0.0058926,-0.634893,0.00863374,-0.000219751,-0.00322962,0.707368,0.346902,0.0962048,0.00362058,0.00517452,0.01002,29.477,-0.101454,0.0568604,-0.621579
101.32,0.772528,-0.00917509,0.00591269,-0.634887,-0.000330599,0.00241404,0.000273242,0.70725,0.347324,0.0963461,0.00366985,0.00509112,0.0101205,28.0949,-0.0635736,0.108812,-0.60781
101.34,0.772522,-0.00916278,0.0059032,-0.634895,0.0029117,-0.0025161,-0.00277937,0.707072,0.347932,0.0965555,0.00355233,0.00503026,0.00872767,29.1005,-0.111008,0.0920672,-0.589743
101.36,0.772524,-0.00916307,0.00590829,-0.634893,-0.00339774,-0.00579511,0.000954398,0.706958,0.348312,0.0966912,0.00350131,0.0050968,0.00869151,29.0496,-0.0485075,0.07574,-0.420402
101.38,0.772523,-0.00919487,0.00594513,-0.634893,-0.0148369,0.0051137,4.90285e-06,0.706752,0.348802,0.0969055,0.00357397,0.00477404,0.00945738,30.4193,-0.0744991,0.16595,-0.477568
101.4,0.772521,-0.00917738,0.00592863,-0.634895,0.0102626,-0.00819438,-0.000968625,0.706675,0.348949,0.0969768,0.00298459,0.00524511,0.0100062,26.5754,-0.0403852,0.0912013,-0.401611
101.42,0.772515,-0.00919172,0.00593376,-0.634902,-0.00850092,0.00140982,-0.00741335,0.706457,0.349384,0.0971862,0.00368227,0.00527405,0.00953625,28.8875,-0.075495,0.143082,-0.561515
101.44,0.772516,-0.00917344,0.00592944,-0.634902,0.00938638,0.00258408,-0.00486021,0.706388,0.349525,0.0972614,0.0030389,0.00564088,0.0107791,31.6453,-0.104937,0.0766404,-0.637855
101.46,0.772532,-0.00916512,0.0058894,-0.634883,-0.00158944,-0.0056646,0.00511508,0.706173,0.34994,0.0974974,0.00264406,0.00563698,0.00996456,25.6891,-0.0752744,0.0677059,-0.689492
101.48,0.77253,-0.00917638,0.00589588,-0.634885,0.00170798,-0.0102658,0.00424392,0.706035,0.350207,0.0976571,0.0026326,0.00551541,0.0100777,29.0546,-0.093955,0.0829272,-0.564443
101.5,0.772531,-0.00917058,0.00588826,-0.634883,0.00541502,-0.0117546,-0.000767701,0.705873,0.350335,0.0978533,0.00255823,0.00541893,0.0105723,29.6775,-0.105727,0.0958658,-0.471511
101.52,0.772531,-0.00917132,0.00589369,-0.634883,0.000400832,-0.0035114,9.1457e-05,0.705718,0.35046,0.098049,0.00263408,0.00578769,0.0103588,28.1688,-0.0213196,0.119929,-0.229847
101.54,0.77254,-0.00915593,0.00586277,-0.634874,-0.000829256,-0.00524074,0.0028086,0.705507,0.350658,0.0983462,0.00301014,0.00563924,0.00992459,28.7339,-0.033898,0.102776,-0.316381
101.56,0.772534,-0.00914948,0.00587954,-0.634881,-0.0023075,0.0028175,-0.00065402,0.705311,0.350832,0.0986236,0.00319208,0.00595244,0.0116361,29.1936,-0.0915259,0.112097,-0.346858
101.58,0.772524,-0.0091517,0.0058568,-0.634893,0.00171899,-0.00123247,-0.00262549,0.70525,0.350886,0.0987115,0.00336076,0.00549127,0.0101577,28.3839,-0.0585746,0.13262,-0.406875
101.6,0.772526,-0.00918036,0.00588797,-0.634889,-0.0111596,-0.000353226,-0.00407598,0.70507,0.35094,0.098974,0.00287407,0.00515064,0.012144,29.8806,-0.0871205,0.0883506,-0.486688
101.62,0.772533,-0.00918483,0.00589431,-0.634881,0.00174287,0.0108652,-0.00219593,0.704955,0.350973,0.0991517,0.00339812,0.00483791,0.0117749,27.3784,-0.0584897,0.0603012,-0.563825
101.64,0.772523,-0.00918016,0.00587754,-0.634893,0.00605901,-0.00282004,-0.00644085,0.704797,0.351026,0.0994364,0.0030531,0.00491592,0.0117706,29.7663,-0.0657213,0.101318,-0.576215
101.66,0.772525,-0.00919341,0.0058617,-0.634891,-0.00283685,-0.000113563,-0.00217792,0.704745,0.35104,0.099524,0.00333101,0.00437882,0.0105173,26.9371,-0.0644357,0.0856138,-0.350761
101.68,0.772534,-0.00921723,0.00588928,-0.634879,-3.78934e-05,0.000214342,0.00191505,0.704618,0.351049,0.0997713,0.00267116,0.00435301,0.0119631,32.3927,-0.0631621,0.121031,-0.455723
101.7,0.772531,-0.00922212,0.00586264,-0.634883,0.00104027,-0.000746842,0.00295758,0.70459,0.351034,0.0998408,0.00274195,0.00404926,0.0106209,26.8167,-0.0264852,0.108738,-0.540866
101.72,0.772536,-0.00924375,0.00589481,-0.634876,-0.00372387,0.00344784,-0.00164861,0.704511,0.35099,0.100052,0.00264938,0.00445271,0.0118627,27.9427,-0.079931,0.0788808,-0.568859
101.74,0.772548,-0.00927336,0.00591331,-0.634861,-0.0079022,0.00512507,0.00669956,0.704458,0.350964,0.100192,0.00229619,0.00417321,0.0114549,29.6936,-0.0751083,0.127184,-0.531544
101.76,0.772542,-0.00926907,0.00591631,-0.634869,-0.0087088,0.00519885,-0.00424458,0.704405,0.350945,0.100353,0.00234012,0.0039327,0.0107304,28.4202,-0.107472,0.0964394,-0.578376
101.78,0.772532,-0.00926855,0.00592291,-0.634881,0.00383363,0.00196788,-0.00952849,0.70435,0.350857,0.100504,0.00169473,0.00385197,0.0110729,29.481,-0.052276,0.0846886,-0.429558
101.8,0.772546,-0.00928382,0.0059189,-0.634864,0.000174806,0.00415021,0.00589079,0.704352,0.350737,0.100542,0.00123435,0.00353798,0.0114209,30.3172,-0.114375,0.100649,-0.447891
101.82,0.772531,-0.00926918,0.00587706,-0.634882,0.0082307,-0.00369342,-0.000836802,0.704356,0.350561,0.100615,0.00199961,0.00297279,0.0100353,26.9871,-0.039087,0.0755255,-0.516643
101.84,0.772532,-0.00927054,0.005894,-0.634881,0.00183909,0.0083213,-3.00483e-05,0.70436,0.350503,0.100644,0.0016429,0.00313561,0.0116349,28.7737,-0.0997554,0.0174797,-0.687725
101.86,0.772525,-0.00927072,0.00588365,-0.63489,0.00371921,0.00677796,0.00308913,0.704363,0.350393,0.10073,0.00189544,0.00238718,0.0112041,30.9133,-0.0475317,0.126718,-0.605387
101.88,0.772525,-0.00926935,0.00587785,-0.63489,-0.00773821,0.00351211,-0.00149583,0.704363,0.350276,0.100808,0.00192007,0.00220863,0.0112509,28.3872,-0.105902,0.133669,-0.421744
101.9,0.772521,-0.00929862,0.00586431,-0.634894,-0.00417697,-0.00748194,-0.000501532,0.704522,0.349881,0.100712,0.00179296,0.00114813,0.0108531,25.6311,-0.0527248,0.0828491,-0.573614
101.92,0.772535,-0.00929445,0.00589729,-0.634877,-0.000649497,0.0033105,0.00612509,0.70456,0.349783,0.1007,0.00147862,0.00157807,0.0120298,28.6964,-0.0902805,0.0655914,-0.403126
101.94,0.772521,-0.00927948,0.00590043,-0.634894,0.00919529,0.00892017,-0.00716641,0.704635,0.349591,0.100679,0.00153843,0.00123923,0.0118573,29.9765,-0.054288,0.136728,-0.378823
101.96,0.772529,-0.00930967,0.00587485,-0.634885,-0.00340235,-0.0095982,-0.0011785,0.704669,0.349496,0.100671,0.00182284,0.000803623,0.0106751,28.1576,-0.0787403,0.164181,-0.369688
101.98,0.77252,-0.00931509,0.00591029,-0.634895,-0.00236772,0.009274,-0.00514244,0.70478,0.349216,0.100677,0.00222405,0.000525234,0.0112032,31.4398,-0.0394159,0.0778859,-0.584561
102,0.772519,-0.00930532,0.00589226,-0.634897,0.0157133,-0.00637119,-0.00715609,0.704992,0.348789,0.100442,0.00187076,1.50168e-05,0.010982,27.4732,-0.0764787,0.0324384,-0.505554
102.02,0.772526,-0.00931676,0.00589803,-0.634888,-0.00568109,0.00503955,0.00279467,0.705059,0.34865,0.100368,0.00239494,-0.000187448,0.0108024,29.9403,-0.0573109,0.142215,-0.287864
102.04,0.772521,-0.0093094,0.00590612,-0.634893,0.00244487,0.00703183,-0.00285186,0.705263,0.348241,0.100169,0.00253911,-0.000288219,0.0105592,30.1316,-0.0703935,0.100395,-0.556074
102.06,0.77253,-0.0093096,0.0058865,-0.634882,0.00159654,-0.00578558,0.00333673,0.705464,0.347847,0.100002,0.00288551,-0.00101792,0.00977142,27.6579,-0.0313564,0.07093,-0.423463
102.08,0.772523,-0.00930029,0.00588931,-0.634892,-0.00547061,0.00653487,0.00384999,0.705685,0.347436,0.0997706,0.00340741,-0.00183892,0.0101047,29.1781,-0.0574875,0.0778372,-0.531146
102.1,0.772514,-0.00930115,0.00587061,-0.634902,0.00622014,-0.00372279,-0.00828608,0.705774,0.347286,0.099651,0.00310092,-0.00163466,0.009768,29.2796,-0.0969641,0.0756284,-0.582214
102.12,0.772522,-0.00934059,0.00587792,-0.634892,-0.00798506,0.00191417,0.00578878,0.70604,0.346849,0.0993044,0.00413845,-0.0015933,0.009453,30.6517,-0.0852895,0.134718,-0.461458
102.14,0.772529,-0.00931299,0.00587673,-0.634885,0.00496698,-0.00202964,0.00516549,0.706128,0.346711,0.0991997,0.00362574,-0.00143529,0.00950653,26.1791,-0.0562497,0.105202,-0.474984
102.16,0.772515,-0.00934242,0.00585102,-0.634901,-0.0016735,-0.00853344,-0.00264944,0.706385,0.346298,0.0988992,0.00431707,-0.00231928,0.00870108,29.8948,-0.0664827,0.10344,-0.411595
102.18,0.772524,-0.00935385,0.00584406,-0.63489,-0.00712596,-0.00903102,-0.000840969,0.706592,0.34597,0.0986193,0.00410928,-0.00245796,0.00834811,28.0304,0.0169024,0.140433,-0.117478
102.2,0.772519,-0.00935411,0.00584052,-0.634896,0.00662903,-0.00766477,0.00137518,0.706811,0.345608,0.09822,0.00419158,-0.00311802,0.00804108,28.141,-0.0293936,0.174436,-0.359227
102.22,0.77253,-0.00937796,0.00587389,-0.634882,-0.00859685,0.00974415,0.00195506,0.70713,0.345079,0.0976567,0.00500875,-0.00339014,0.00808799,29.3416,-0.0869275,0.114178,-0.468982
102.24,0.772523,-0.00936776,0.00586159,-0.63489,-0.00233017,0.00336414,-0.00436892,0.707338,0.344741,0.0973066,0.00485059,-0.00358594,0.00750646,29.1845,-0.043108,0.115431,-0.485654
102.26,0.772523,-0.00934596,0.00587308,-0.634891,0.00587539,0.00644733,-0.00161297,0.70763,0.344248,0.0968148,0.00435124,-0.0037863,0.00686431,27.528,-0.043391,0.0995471,-0.465384
102.28,0.772532,-0.00935262,0.00584081,-0.63488,0.004665,-0.00425243,-0.00295772,0.707731,0.344081,0.0966633,0.00476463,-0.00380372,0.00630741,29.0548,-0.0510423,0.0973775,-0.187206
102.3,0.772525,-0.0093444,0.00583252,-0.634889,-0.00440949,0.00672886,-0.00642646,0.707964,0.343541,0.0959645,0.00472443,-0.00445981,0.00678951,27.1941,-0.0377828,0.09815,-0.264184
102.32,0.772526,-0.00935047,0.00580234,-0.634888,0.0010166,-0.00342912,-0.00568315,0.708037,0.343364,0.0957455,0.004604,-0.00448894,0.00558688,30.7701,-0.0704526,0.114304,-0.279693
102.34,0.772538,-0.00937955,0.00586105,-0.634872,-0.00800817,0.0116848,-0.00306099,0.708267,0.342843,0.095113,0.00532857,-0.00484642,0.00584876,28.9381,-0.0511814,0.0853597,-0.333767
102.36,0.772538,-0.00936984,0.00584918,-0.634873,-0.000883309,0.00640727,0.000924635,0.708414,0.342506,0.094715,0.00543556,-0.00506904,0.00531726,27.9933,-0.0731129,0.131855,-0.469071
102.38,0.772533,-0.00937005,0.00584711,-0.634878,-0.00598536,0.00578396,-0.000230835,0.708558,0.342175,0.0943391,0.00533683,-0.00541834,0.00511182,27.9947,-0.058337,0.0877992,-0.127115
102.4,0.772543,-0.00938002,0.00582568,-0.634867,-0.00208379,-0.00599348,0.000799616,0.70866,0.341821,0.0939102,0.00542058,-0.00568981,0.00418145,28.1457,0.0357956,0.111804,-0.423127
102.42,0.77255,-0.00938328,0.00586835,-0.634858,5.88453e-05,0.00351893,-9.92821e-05,0.708788,0.341323,0.0932961,0.00532155,-0.00578234,0.00522023,29.1878,-0.107073,0.0610407,-0.547192
102.44,0.772546,-0.00938879,0.00585982,-0.634863,0.00209822,-0.00833776,-0.0015925,0.708918,0.340845,0.0927281,0.00546604,-0.00587522,0.00369172,30.3805,-0.0887543,0.114603,-0.403556
102.46,0.772549,-0.00939892,0.00589306,-0.634858,-0.00809645,0.00713838,-0.000437267,0.708961,0.340689,0.0925454,0.00553182,-0.00603444,0.00454496,28.172,-0.0253928,0.159626,-0.372031
102.48,0.772554,-0.00938416,0.00587296,-0.634853,0.0135196,-0.00239888,0.000585817,0.709076,0.340237,0.0920387,0.0047909,-0.00598607,0.00367217,28.4636,-0.0247563,0.0604704,-0.346291
102.5,0.772539,-0.00937143,0.00588186,-0.63487,0.0084242,-0.00137239,-0.00316849,0.709058,0.339896,0.0916676,0.00499649,-0.00640451,0.00442343,29.5548,0.0264442,0.133005,-0.341641
102.52,0.772535,-0.00939187,0.00590583,-0.634875,-0.00263547,0.00421182,0.00248021,0.709031,0.339575,0.0913169,0.00488126,-0.00635401,0.00440005,29.1193,-0.0703682,0.0848903,-0.381953
102.54,0.772531,-0.00937171,0.00589147,-0.634881,0.00124859,0.00745965,-0.0049834,0.709009,0.339261,0.0909814,0.00514998,-0.00670465,0.00382698,27.1172,-0.0346428,0.115287,-0.431137
102.56,0.772537,-0.00935839,0.00589414,-0.634874,-0.00543595,0.00381577,-0.00245913,0.70899,0.338949,0.0906597,0.00516914,-0.00721517,0.00346832,28.9658,-0.0985394,0.0379574,-0.747339
102.58,0.772541,-0.00938806,0.00591455,-0.634868,-0.00354269,0.0052358,-0.000661551,0.708974,0.338638,0.0903535,0.00536453,-0.00768114,0.00298121,27.3623,-0.0116385,0.177634,-0.403039
102.6,0.772542,-0.00938739,0.00593219,-0.634867,0.000555832,-0.00508657,-0.00461129,0.708808,0.338225,0.0899671,0.00530405,-0.00828702,0.0021482,28.2579,-0.117487,0.106001,-0.502238
102.62,0.772547,-0.00937558,0.00593015,-0.634861,0.00843394,-0.00257845,0.000369333,0.708713,0.337937,0.0897198,0.00512155,-0.0086747,0.00274984,29.4748,-0.0415665,0.117258,-0.397167
102.64,0.772544,-0.00938055,0.00593691,-0.634864,0.00870225,-4.20816e-07,-0.00156238,0.708615,0.337668,0.08948,0.00528819,-0.0087656,0.00247338,30.1328,-0.0725145,0.103907,-0.477869
102.66,0.772549,-0.00937856,0.00592221,-0.634858,0.0040618,-0.000973883,3.95109e-05,0.708472,0.337277,0.0891538,0.00492536,-0.00883106,0.00166655,25.8017,-0.0673724,0.0754788,-0.513546
102.68,0.772558,-0.00939259,0.00596378,-0.634847,-0.00597289,0.00614036,-0.000440973,0.708278,0.336875,0.088918,0.00540946,-0.0091483,0.00320783,27.3089,-0.0617696,0.13696,-0.437301
102.7,0.772563,-0.00938088,0.00594159,-0.634841,-0.00103101,0.0065774,0.00212097,0.708133,0.33661,0.0887967,0.00502335,-0.00937268,0.00281248,29.3849,-0.0390843,0.130307,-0.400065
102.72,0.77255,-0.0093611,0.00593393,-0.634857,0.00736873,-0.00234772,-0.00178899,0.708059,0.336479,0.0887414,0.00431274,-0.00915699,0.0021792,27.4196,-0.0955802,0.0942682,-0.526349
102.74,0.772542,-0.00936725,0.00593804,-0.634867,-0.00742441,0.00429306,0.000429972,0.707851,0.336075,0.0885814,0.00488314,-0.00973008,0.00175995,31.6835,-0.0936726,0.0990129,-0.451572
102.76,0.772538,-0.00936211,0.00595455,-0.634871,0.00468189,0.00529541,-0.0034754,0.707787,0.335944,0.0885335,0.00445302,-0.0095506,0.00343116,27.9158,0.00833431,0.0920934,-0.411112
102.78,0.772552,-0.00938956,0.00593938,-0.634855,-0.0104758,-0.00642317,0.00283614,0.707591,0.335555,0.0884038,0.00422805,-0.0100188,0.00200475,26.8393,-0.0860084,0.0987023,-0.348068
102.8,0.772541,-0.00937208,0.00592992,-0.634868,0.0076539,-0.00600266,0.000383204,0.707435,0.335301,0.0883584,0.00404825,-0.0101611,0.00242861,29.2571,-0.0273418,0.105024,-0.537977
102.82,0.772552,-0.00937671,0.00592802,-0.634855,0.00454249,-0.0141804,0.00345637,0.707281,0.335068,0.0883171,0.0035652,-0.0104686,0.00255153,28.1845,-0.0404645,0.0921713,-0.359814
102.84,0.772544,-0.00935299,0.00590846,-0.634865,0.0153764,-0.00941993,-0.00482682,0.707131,0.334836,0.0882894,0.00364035,-0.0102278,0.00301955,29.5093,-0.0645384,0.126355,-0.439626
102.86,0.772544,-0.0093722,0.00592762,-0.634865,-0.0102431,0.00410522,-0.0011762,0.706924,0.334479,0.0882676,0.00364392,-0.010754,0.00240379,29.0478,-0.0607871,0.106941,-0.479005
102.88,0.772546,-0.00937558,0.00593123,-0.634861,-0.00232688,-0.000280555,-0.00247527,0.706789,0.334251,0.0882528,0.00356705,-0.0109043,0.0025061,27.9568,-0.0197101,0.117244,-0.367066
102.9,0.772553,-0.00937315,0.00591577,-0.634853,0.00180984,-0.00960287,-0.00037103,0.706638,0.334035,0.0882577,0.0035067,-0.0109807,0.00248195,26.7835,-0.0646392,0.0802448,-0.377439
102.92,0.772563,-0.00938283,0.00595129,-0.634842,-0.00160278,0.00546967,-0.00168339,0.706429,0.333707,0.0882698,0.00342452,-0.0108571,0.00395319,30.0369,-0.0711892,0.0919614,-0.475433
102.94,0.772553,-0.00938829,0.00595038,-0.634853,-0.00436741,0.00341702,-0.00167114,0.706299,0.333496,0.0882839,0.00383217,-0.0106926,0.00379151,28.4935,-0.0669713,0.0838419,-0.664575
102.96,0.772545,-0.00935349,0.00593501,-0.634863,0.0108671,0.000669137,-0.00260558,0.706124,0.33317,0.0883218,0.00351592,-0.0107656,0.00363406,30.0105,-0.0473991,0.126246,-0.481398
102.98,0.772546,-0.00935961,0.00591331,-0.634862,0.00151666,0.00224789,-0.00543092,0.706066,0.333066,0.0883308,0.00370829,-0.0110706,0.00237687,28.4674,-0.0571053,0.118599,-0.603235
103,0.772548,-0.00937638,0.00590982,-0.63486,-0.00143554,-0.00948716,-0.000149089,0.70588,0.33286,0.0884015,0.00368664,-0.0111872,0.00206527,26.5807,-0.0338002,0.111773,-0.321309
103.02,0.772548,-0.00935834,0.00592572,-0.63486,0.000673955,-0.00322383,0.000329136,0.705703,0.332664,0.0884662,0.0033242,-0.0114503,0.00213368,28.393,-0.106162,0.0891137,-0.613028
103.04,0.772547,-0.00935741,0.00595857,-0.634861,0.00182254,0.00794137,-0.00239873,0.705447,0.33238,0.088561,0.00301064,-0.0113377,0.0036735,29.1567,-0.061829,0.100148,-0.612959
103.06,0.772535,-0.00934511,0.00594776,-0.634876,-0.00228464,0.00909489,-0.00353659,0.705288,0.332195,0.0886282,0.00297173,-0.0113136,0.00376362,29.1652,0.00554052,0.0607381,-0.611189
103.08,0.772536,-0.00936013,0.00594669,-0.634874,-0.00773683,0.00386084,-0.00228362,0.705136,0.331996,0.0887069,0.00319309,-0.0115339,0.00271203,29.553,-0.0890044,0.140601,-0.504057
103.1,0.772534,-0.00936,0.00596588,-0.634877,0.00661328,-4.0683e-05,-0.000448164,0.704868,0.331729,0.0888777,0.00236639,-0.0113864,0.00377828,30.4078,-0.120137,0.0897197,-0.4923
103.12,0.772523,-0.00936739,0.00598009,-0.634889,-0.00405479,-0.00317554,0.00153782,0.704695,0.33155,0.0889913,0.00207178,-0.0112297,0.00401395,28.6957,-0.0377878,0.10111,-0.51536
103.14,0.772513,-0.00935509,0.00596426,-0.634902,-0.00242281,-0.00888213,-0.000405592,0.704447,0.331281,0.0891598,0.00257099,-0.0117468,0.00260171,27.4461,-0.0429543,0.0882288,-0.700133
103.16,0.77251,-0.00934154,0.00600055,-0.634906,-0.00532157,0.00875774,0.0046324,0.704371,0.331191,0.0892156,0.00220589,-0.0114575,0.00394609,28.1807,-0.0885296,0.10707,-0.568874
103.18,0.772491,-0.00933501,0.00597228,-0.634929,0.0116356,-0.007297,-0.00113327,0.704096,0.330967,0.0894143,0.00206966,-0.0117301,0.00289139,29.36,-0.0777981,0.143706,-0.453961
103.2,0.772484,-0.00934325,0.00599096,-0.634937,-0.00570806,0.00442877,-0.0014523,0.704003,0.330905,0.0894791,0.00267605,-0.012008,0.00287954,28.6964,-0.0286157,0.0593904,-0.529558
103.22,0.772495,-0.00930512,0.00596986,-0.634925,0.00205927,0.00034238,0.00115367,0.703742,0.33072,0.0896838,0.00219646,-0.0122139,0.00384247,28.9154,-0.0601412,0.156921,-0.395134
103.24,0.772492,-0.00929815,0.00599,-0.634929,0.00849253,0.000390248,-0.000870094,0.703577,0.330604,0.0898191,0.00192208,-0.0119893,0.00422761,28.0065,-0.0811891,0.083119,-0.52371
103.26,0.772504,-0.00930853,0.00602744,-0.634913,-0.00566657,0.0121415,0.00337808,0.70342,0.330488,0.0899549,0.00210635,-0.0119226,0.00435607,30.6616,-0.0699116,0.181122,-0.632536
103.28,0.772499,-0.0093026,0.00600943,-0.634919,0.00384531,0.00625806,-0.00526115,0.703271,0.330349,0.0900897,0.00203956,-0.0124751,0.00355819,28.6523,-0.0389452,0.0479662,-0.500773
103.3,0.7725,-0.00928775,0.00597913,-0.634918,0.0034581,-0.00426626,0.000797618,0.703065,0.330208,0.0902746,0.00134833,-0.0119035,0.00372079,28.2549,-0.117428,0.141051,-0.542907
103.32,0.772493,-0.00930442,0.00601472,-0.634926,-0.00832857,0.00257934,0.00111922,0.702868,0.330055,0.0904539,0.00146629,-0.0125927,0.00362993,27.3766,-0.0718406,0.112878,-0.353437
103.34,0.772502,-0.0092947,0.00600411,-0.634917,-0.00569571,0.000904103,0.0118063,0.702739,0.329948,0.090577,0.00162737,-0.012332,0.00379888,27.563,-0.0295822,0.105973,-0.486832
103.36,0.772505,-0.00928679,0.00598993,-0.634912,-0.000395936,-0.00274378,0.00277714,0.702616,0.329843,0.0907083,0.00125481,-0.0121484,0.0039124,27.949,-0.126277,0.0548892,-0.747247
103.38,0.772496,-0.00929981,0.00599199,-0.634924,-0.00769574,-0.00654222,0.00262648,0.702465,0.329762,0.0908532,0.000709917,-0.01184,0.00393893,30.7943,-0.0521212,0.104131,-0.536711
103.4,0.772499,-0.00929449,0.00600017,-0.63492,0.00400231,-0.0068671,0.00146598,0.702291,0.329738,0.091,0.000636867,-0.0114392,0.00421905,28.8099,-0.0697582,0.0903541,-0.464975
103.42,0.772493,-0.00928106,0.00601546,-0.634928,0.00135337,-0.00635835,-0.00024762,0.702128,0.329708,0.0911474,0.000444486,-0.0115632,0.00441463,27.2284,-0.0902316,0.102404,-0.604649
103.44,0.772503,-0.0092863,0.0060387,-0.634914,-0.00325239,0.00586916,0.000112794,0.701887,0.329682,0.091346,0.000794,-0.011593,0.00479083,30.7415,-0.0592209,0.0828629,-0.52704
103.46,0.772507,-0.00928239,0.00603921,-0.634909,0.00633776,-0.0016506,0.00214348,0.701811,0.329672,0.0914178,0.000203305,-0.0112326,0.00471862,27.6589,-0.0558249,0.116084,-0.53859
103.48,0.772504,-0.00928023,0.00602945,-0.634913,0.00785092,-0.00371675,-0.00472818,0.701574,0.329657,0.0916329,0.0006644,-0.0114555,0.00479981,29.383,-0.089783,0.133411,-0.503096
103.5,0.772505,-0.00926617,0.00603326,-0.634912,0.000391095,-0.00546878,0.00174099,0.701406,0.329655,0.0918004,0.000255858,-0.0112604,0.00449268,29.8598,-0.0668451,0.064273,-0.651464
103.52,0.772499,-0.00927579,0.00605106,-0.63492,0.00379142,-0.00585116,-0.00166902,0.701245,0.329663,0.0919518,0.00022048,-0.0113277,0.00459171,27.1537,-0.0526888,0.0889224,-0.455592
103.54,0.7725,-0.0092769,0.00609476,-0.634918,-0.0112161,0.00754842,-0.000375996,0.701012,0.329663,0.0921748,0.000668703,-0.0110638,0.00533267,26.8317,-0.0543618,0.0949718,-0.520118
103.56,0.772497,-0.00927863,0.00607122,-0.634921,-0.00465581,0.00325282,-0.00324028,0.700869,0.329661,0.0923237,0.000596915,-0.0107935,0.00520244,29.6336,-0.0742236,0.148027,-0.492277
103.58,0.772505,-0.00923578,0.00607982,-0.634913,0.000704172,0.00593145,-0.000330065,0.700625,0.329777,0.0926015,-0.000347749,-0.0102556,0.00546778,26.615,-0.0932153,0.0538732,-0.639001
103.6,0.772507,-0.00922545,0.00605693,-0.634911,0.000504116,-0.00163055,0.00229327,0.700539,0.329818,0.0927081,-0.000388546,-0.0104503,0.00499074,27.2669,-0.0163124,0.106778,-0.454958
103.62,0.772499,-0.00921463,0.00605709,-0.63492,0.00112223,-0.00598215,0.00175291,0.700372,0.329922,0.0929091,-0.000460249,-0.010295,0.00523948,31.408,-0.115469,0.0611077,-0.791818
103.64,0.772495,-0.00920703,0.00606155,-0.634925,0.000821119,-0.00581047,-0.00233759,0.700216,0.330017,0.0931031,-0.000514622,-0.010545,0.00533571,27.8985,-0.00561477,0.0895022,-0.274184
103.66,0.772496,-0.00921949,0.00609072,-0.634924,-0.00552176,0.00632416,-0.00501227,0.700001,0.330151,0.0933821,0.000329805,-0.0105211,0.0063079,28.0559,-0.0737242,0.0877429,-0.613769
103.68,0.772501,-0.00921367,0.00608488,-0.634918,-0.00781107,-0.000214012,0.00275444,0.699854,0.330272,0.0935797,-3.21715e-05,-0.0104546,0.0064551,26.0335,-0.0959698,0.106941,-0.578973
103.7,0.772495,-0.00918577,0.00607759,-0.634925,-0.00131215,0.00426146,0.000721393,0.699698,0.330421,0.0937909,2.49497e-05,-0.0102964,0.0068063,31.7461,-0.0398297,0.126793,-0.519541
103.72,0.77249,-0.00917831,0.00606097,-0.634932,-0.00508354,0.00203465,-0.00976534,0.699547,0.330545,0.0940132,-3.54623e-05,-0.0101945,0.00557496,27.9435,-0.0810119,0.072644,-0.771192
103.74,0.77249,-0.00916261,0.00607138,-0.634931,-0.008044,0.00410642,-0.00207713,0.699335,0.33072,0.0943097,-0.000390284,-0.0103943,0.00679391,27.1167,-0.0551186,0.0905972,-0.518292
103.76,0.772485,-0.00914336,0.00603573,-0.634939,0.00711004,-0.00740635,0.000202246,0.699135,0.330879,0.0945974,-0.000351571,-0.00962883,0.00555749,27.7203,-0.0663506,0.103021,-0.553162
103.78,0.77249,-0.00915958,0.0060763,-0.634932,-0.000669424,0.00472462,0.00222943,0.699072,0.330916,0.0946998,-8.01485e-05,-0.0100409,0.00697362,28.3339,-0.0635813,0.104097,-0.566737
103.8,0.772487,-0.00913236,0.006058,-0.634936,0.00823437,-0.003644,0.00566154,0.698852,0.33124,0.0951741,-0.00059547,-0.00950396,0.00759064,28.8869,-0.104364,0.0719496,-0.661343
103.82,0.772488,-0.00914997,0.00611819,-0.634935,-0.00226677,0.0036788,-0.00496081,0.698713,0.331438,0.0954812,-0.000501206,-0.00941744,0.00799772,29.7417,-0.0187874,0.0754015,-0.51349
103.84,0.77248,-0.00916777,0.0061225,-0.634943,-0.00892803,-0.00122951,-0.00346891,0.698511,0.331717,0.095917,-0.000657473,-0.00976501,0.00691345,29.4679,-0.109485,0.157695,-0.444401
103.86,0.772469,-0.00914855,0.00615074,-0.634956,0.00388818,0.0088484,-0.0127924,0.698447,0.331806,0.0960587,-0.000919094,-0.00883056,0.00837249,29.7344,-0.0036427,0.107003,-0.560012
103.88,0.772477,-0.00914379,0.00613623,-0.634948,-0.00608,0.00366722,0.00331487,0.698331,0.332078,0.0963995,-0.000851632,-0.00869666,0.00847264,28.3629,-0.0747179,0.0848137,-0.576204
103.9,0.772476,-0.00914059,0.00611967,-0.634949,-0.00120933,-0.000785331,-0.00105948,0.698223,0.332426,0.0968097,-0.000493177,-0.00832911,0.00803504,28.1553,-0.0792175,0.0233695,-0.572007
103.92,0.77249,-0.00911254,0.00611638,-0.634932,0.00317604,-0.00232385,-0.000103208,0.698071,0.332938,0.0973988,-0.00109611,-0.00720092,0.0087319,28.2218,-0.102935,0.133059,-0.673516
103.94,0.772489,-0.00912302,0.00611445,-0.634933,0.00302563,-0.000680684,0.00476085,0.697925,0.33342,0.0979683,-0.000899969,-0.00700955,0.00847531,30.5578,-0.0615897,0.0690921,-0.653265
103.96,0.772482,-0.0091093,0.00611939,-0.634942,0.00400187,-3.46176e-05,-0.00274574,0.697878,0.333576,0.0981587,-0.00125297,-0.00619525,0.0095213,28.2838,-0.00151069,0.137473,-0.364246
103.98,0.772501,-0.00910446,0.00612604,-0.634919,-0.00488517,-0.00515938,0.00873085,0.697742,0.334021,0.0987116,-0.00105356,-0.00644746,0.00853698,30.1191,-0.0328386,0.15393,-0.490643
104,0.772486,-0.00908326,0.00612816,-0.634938,0.00312639,-0.000620218,-0.000525112,0.697685,0.334476,0.0992042,-0.00150792,-0.00585893,0.00926563,25.6786,-0.0881243,0.128862,-0.613001
104.02,0.772489,-0.00910811,0.00616788,-0.634933,-0.00248731,0.00911779,0.000357467,0.697611,0.335143,0.0999033,-0.000929615,-0.00518654,0.00980792,32.3907,-0.0850821,0.0497851,-0.669268
104.04,0.772492,-0.00910118,0.00616518,-0.634929,0.00159262,-0.00823683,0.00247363,0.697586,0.335357,0.100134,-0.00148144,-0.00479042,0.00961032,25.5464,0.0132516,0.105616,-0.463732
104.06,0.7725,-0.00911942,0.00619516,-0.634919,-0.00487702,-0.000876759,0.00536421,0.697518,0.335983,0.100767,-0.000683755,-0.00418631,0.00972294,27.6745,-0.124932,0.0837435,-0.69601
104.08,0.772504,-0.0090954,0.00621453,-0.634914,0.00423065,0.00358414,-0.00160708,0.697499,0.336185,0.100977,-0.00120108,-0.00365017,0.0102682,30.418,-0.0421666,0.0904408,-0.634507
104.1,0.772514,-0.00911114,0.0061988,-0.634902,-0.00553954,-0.00727231,3.31686e-05,0.697556,0.336865,0.101705,-0.00134207,-0.00366814,0.00972292,27.0766,-0.101526,0.098735,-0.573061
104.12,0.772517,-0.00909959,0.00621653,-0.634899,0.00331783,-0.0073738,0.0023687,0.69763,0.33733,0.102204,-0.00103048,-0.00304625,0.00989506,29.9548,-0.0789994,0.120443,-0.532844
104.14,0.772524,-0.0091221,0.00624806,-0.634889,-0.00277576,0.00407327,-0.000602146,0.697747,0.337985,0.102926,-0.000299647,-0.00319368,0.0108281,28.7778,-0.0428017,0.0523266,-0.567118
104.16,0.772523,-0.00912833,0.00623203,-0.634891,0.00641146,-0.00908741,0.00272309,0.697785,0.338197,0.103165,-0.000476159,-0.00255914,0.0103086,27.5717,-0.071667,0.099939,-0.49452
104.18,0.772527,-0.00914677,0.00624212,-0.634885,-0.00908409,-0.00257572,0.00108571,0.697967,0.338885,0.103879,7.5387e-05,-0.00189322,0.010289,29.3332,-0.0914071,0.126375,-0.557239
104.2,0.772513,-0.00911857,0.00624219,-0.634903,0.00626637,-0.000871501,-0.00115141,0.698259,0.339673,0.104639,-6.40065e-05,-0.00105762,0.0113871,30.2278,-0.0692064,0.00383426,-0.605744
104.22,0.772511,-0.00910829,0.00622551,-0.634905,0.00433915,0.000456636,0.000161793,0.698351,0.339929,0.104884,1.739e-06,-0.000684768,0.0102665,26.1501,-0.127547,0.0865233,-0.758132
104.24,0.772511,-0.00910838,0.00625422,-0.634905,-0.00650244,0.00707999,0.00449278,0.698621,0.340664,0.105605,-5.11747e-05,-0.000441324,0.0120997,30.0236,-0.0520919,0.0487094,-0.59863
104.26,0.772507,-0.00908846,0.00625327,-0.63491,-0.00379926,0.00132793,0.00488565,0.698784,0.341122,0.106056,0.000344776,4.17081e-05,0.012272,29.9902,-0.0792948,0.102906,-0.511159
104.28,0.772509,-0.00906775,0.0062286,-0.634908,0.0148281,-8.12693e-05,-0.00345868,0.699059,0.341872,0.10672,-1.99667e-05,0.00113603,0.0120506,27.5759,-0.0486501,0.0967752,-0.477364
104.3,0.772521,-0.00908391,0.00624124,-0.634893,-0.011348,0.0033251,0.00822468,0.699153,0.342125,0.106931,0.000542162,0.00088445,0.0121934,28.3701,-0.0426082,0.122042,-0.615719
104.32,0.772513,-0.00908183,0.0062384,-0.634903,-0.000492257,0.00348753,-0.000362467,0.699337,0.342618,0.107377,0.00058064,0.00120695,0.0115572,27.6214,-0.104672,0.0536072,-0.585661
104.34,0.772526,-0.00906046,0.00622958,-0.634888,0.0032007,-0.00243294,0.00194024,0.699521,0.343089,0.107792,0.000821401,0.00108177,0.0116052,27.9001,-0.100351,0.0727271,-0.61405
104.36,0.772526,-0.00903353,0.00620946,-0.634889,-0.00384845,0.00290949,-0.00297517,0.699795,0.34376,0.108399,0.00139408,0.00188027,0.0130705,29.8217,-0.0889702,0.0918825,-0.675308
104.38,0.772517,-0.00899062,0.00616625,-0.6349,0.0119425,-0.00923267,-0.00390801,0.700112,0.344381,0.10892,0.00116441,0.00247358,0.0125938,31.8174,-0.0817604,0.13751,-0.59059
104.4,0.772511,-0.00900167,0.00618801,-0.634907,-0.00354963,0.00533914,0.000454317,0.700222,0.344575,0.109075,0.00154958,0.00229396,0.0129299,29.3445,-0.019699,0.12557,-0.508003
104.42,0.772515,-0.0089727,0.00617374,-0.634903,0.00486216,0.00205684,0.00148453,0.70055,0.345152,0.109559,0.00187178,0.0038336,0.0137789,29.6354,-0.0874514,0.0225346,-0.65091
104.44,0.772519,-0.00897122,0.00617852,-0.634898,0.00573793,0.00471806,-0.000553661,0.700763,0.345527,0.109869,0.00190866,0.0039347,0.0138184,28.3135,-0.0888723,0.114057,-0.644725
104.46,0.772524,-0.00894937,0.00618333,-0.634892,0.00528654,-0.000795261,-0.00398831,0.701058,0.346061,0.110314,0.00244364,0.00438013,0.0128559,27.695,-0.0855175,0.0555214,-0.517715
104.48,0.772525,-0.00896801,0.00621769,-0.63489,-0.00138466,0.00437059,-0.000502382,0.701167,0.346226,0.110406,0.00254378,0.00453733,0.014041,27.9252,-0.031157,0.099228,-0.465528
104.5,0.772506,-0.00894544,0.00619597,-0.634914,0.00277715,-0.00791334,-0.00560701,0.701484,0.346718,0.110689,0.00268059,0.00503492,0.0131978,30.2695,-0.0786476,0.0763682,-0.771687
104.52,0.772515,-0.00894739,0.00620314,-0.634903,-0.00140311,0.00435417,0.0027528,0.701588,0.346874,0.110784,0.00288017,0.00488064,0.0142466,29.8437,-0.0638207,0.0548996,-0.645968
104.54,0.772512,-0.00895012,0.0062109,-0.634907,0.00252625,0.000509907,-0.00248188,0.701893,0.347341,0.111104,0.00270527,0.00535461,0.014471,28.0477,-0.0617273,0.132961,-0.434851
104.56,0.772526,-0.00893309,0.00618019,-0.63489,0.00777007,-0.00392266,0.000761228,0.702084,0.347634,0.111305,0.00265892,0.00568471,0.0147235,32.2803,-0.0895282,0.0814094,-0.597663
104.58,0.772522,-0.00891886,0.00620197,-0.634895,-0.00159466,0.00489188,-0.00512665,0.702274,0.347918,0.111506,0.00325283,0.00560903,0.014448,29.8166,-0.0724022,0.107959,-0.568127
104.6,0.772523,-0.0089,0.00620667,-0.634894,0.00174634,0.0103539,0.00345236,0.702389,0.348179,0.111582,0.00306824,0.00526143,0.014454,27.4935,-0.0390081,0.0681165,-0.544383
104.62,0.772515,-0.00890995,0.00617563,-0.634904,-9.67338e-05,-0.0037222,0.0017398,0.70255,0.348553,0.111706,0.00316658,0.00551365,0.0121136,27.7653,-0.0697951,0.113866,-0.531621
104.64,0.772515,-0.00890277,0.00616507,-0.634904,-0.0065969,-0.00429313,0.0001105,0.702716,0.348919,0.11184,0.00327243,0.0056804,0.012374,30.1143,-0.0862881,0.129757,-0.416943
104.66,0.772512,-0.00887926,0.00617609,-0.634908,0.00256969,-7.51983e-05,-0.00217648,0.702766,0.349036,0.111888,0.00271928,0.0063379,0.0134664,29.5372,-0.125959,0.0609971,-0.688275
104.68,0.772527,-0.0089024,0.00615743,-0.63489,0.00128301,-0.00614125,0.00104063,0.70285,0.349379,0.111924,0.00337875,0.0067343,0.0123091,29.7764,-0.0270573,0.11692,-0.477244
104.7,0.772529,-0.00889909,0.00617338,-0.634887,-0.0029849,-0.00518633,-0.000148811,0.70283,0.349609,0.111864,0.00306816,0.00675645,0.0119566,27.7648,-0.0765909,0.0428706,-0.709239
104.72,0.772531,-0.00889521,0.00618583,-0.634885,-0.00101552,-0.00415483,-0.00176484,0.70281,0.349833,0.11181,0.003024,0.00704484,0.0117171,28.4306,-0.0841506,0.0429587,-0.783432
104.74,0.77253,-0.00888029,0.00617074,-0.634886,0.00398504,-0.00417712,0.00485224,0.702798,0.350064,0.111788,0.00280035,0.00733396,0.0125481,27.097,-0.110109,0.0215363,-0.708417
104.76,0.772533,-0.00888529,0.00617584,-0.634882,-0.00279567,-0.00161298,0.00205073,0.702784,0.350274,0.111758,0.00279938,0.00724954,0.0127113,32.4999,-0.0618198,0.105125,-0.522464
104.78,0.772534,-0.00890045,0.00617603,-0.634881,0.010179,-0.00645506,-0.00338115,0.702776,0.350481,0.111737,0.00314922,0.00765489,0.0127806,26.6896,-0.0464527,0.0731914,-0.604124
104.8,0.772539,-0.00891793,0.00617321,-0.634875,-0.00312676,-0.00585462,0.00517583,0.702657,0.350787,0.111477,0.00353669,0.00729492,0.0109419,29.1044,-0.12675,0.0832508,-0.67072
104.82,0.772551,-0.00891946,0.00617964,-0.63486,0.00305873,0.000182454,-0.000189039,0.702549,0.351078,0.111246,0.00311226,0.00778374,0.0123398,27.9791,-0.101755,0.0679032,-0.657071
104.84,0.772549,-0.00892023,0.00616389,-0.634862,0.00010797,0.00309441,-0.00203783,0.702486,0.351274,0.111127,0.00334373,0.00702254,0.0111717,29.4685,-0.102336,0.0587534,-0.773412
104.86,0.772553,-0.00891663,0.00614856,-0.634858,0.00369018,-0.00227563,0.00258558,0.702451,0.351361,0.111067,0.00295226,0.00708044,0.0110086,28.9696,-0.127842,0.0497645,-0.776289
104.88,0.772565,-0.00897299,0.00617008,-0.634842,0.000342999,-0.00942345,0.00428347,0.702308,0.351643,0.110663,0.00305882,0.00723207,0.0106261,29.746,-0.10364,0.145166,-0.650231
104.9,0.772578,-0.0090097,0.00619184,-0.634826,-0.000864189,-0.000949846,0.00344398,0.702232,0.351762,0.110396,0.00306059,0.0072089,0.0103288,31.14,-0.111641,0.00308188,-0.789049
104.92,0.772579,-0.0090216,0.00616512,-0.634825,-0.00267922,-0.00227934,0.00213821,0.702196,0.35182,0.110268,0.00353575,0.00675882,0.00940581,26.2559,-0.0580038,0.0953401,-0.633693
104.94,0.772588,-0.0090386,0.00616384,-0.634813,0.00878327,0.00347905,0.00287571,0.702091,0.351983,0.109918,0.00269197,0.00654194,0.0101851,28.0715,-0.108732,0.0941462,-0.505502
104.96,0.772597,-0.00906054,0.00614288,-0.634802,-0.000663095,-0.0106269,0.00504455,0.702053,0.352032,0.109808,0.00258191,0.0062385,0.00864104,29.38,-0.109962,0.0165762,-0.689753
104.98,0.772601,-0.00909275,0.00614999,-0.634797,-0.00487545,0.00388462,-0.00245832,0.701938,0.352174,0.109437,0.00260701,0.00722215,0.00983013,29.4999,-0.0888335,0.0846998,-0.678207
105,0.772595,-0.00909726,0.00611399,-0.634804,-0.00549336,-0.0045397,-0.00303458,0.70186,0.35228,0.109156,0.00238027,0.00730736,0.00879563,30.2968,-0.106219,0.102749,-0.734058
105.02,0.772594,-0.00911348,0.00612735,-0.634805,-0.0071166,0.00389869,-0.00421292,0.701778,0.352373,0.108882,0.00215574,0.00714282,0.00874088,27.8102,-0.0276453,0.0825869,-0.59068
105.04,0.772612,-0.00911004,0.00610157,-0.634784,-0.000766612,-0.00234194,0.00132276,0.701697,0.352468,0.108627,0.00213572,0.00734698,0.00826816,27.496,-0.122342,0.104666,-0.666854
105.06,0.772605,-0.00911585,0.00612052,-0.634793,0.000339424,0.00548652,-0.0035922,0.701587,0.352603,0.108268,0.00144865,0.00753301,0.00915208,28.4217,-0.0776743,0.0849683,-0.605542
105.08,0.772619,-0.00911556,0.0061166,-0.634775,0.00877916,-0.00188894,-0.00282478,0.701514,0.352724,0.107884,0.00158,0.00740073,0.00721516,29.4448,-0.0412222,0.0535092,-0.577981
105.1,0.772629,-0.00913931,0.00612566,-0.634762,-0.00471226,0.000573059,-0.00104705,0.701501,0.352771,0.10776,0.00170744,0.00716064,0.00727365,31.3385,-0.147787,0.0655951,-0.539123
105.12,0.77265,-0.0091347,0.00611711,-0.634737,0.00438365,-0.00337913,-0.00427087,0.701451,0.352882,0.107389,0.00104103,0.00741263,0.00761129,29.6363,-0.0849289,0.0772007,-0.52095
105.14,0.772664,-0.00915752,0.00612395,-0.634719,0.00156824,-0.00673157,0.00194565,0.701418,0.352956,0.107166,0.000972919,0.00757104,0.00823303,29.9867,-0.0940936,0.0633759,-0.782766
105.16,0.772665,-0.00917592,0.00613804,-0.634718,0.00389158,-0.00113234,-0.00153595,0.701383,0.353029,0.106963,0.00091708,0.00768451,0.00806611,28.7007,-0.122452,0.0866857,-0.63068
105.18,0.772672,-0.00919795,0.00613948,-0.63471,0.00751684,0.00437042,-0.00353486,0.701353,0.353114,0.106738,0.00108937,0.00819892,0.00789427,29.7844,-0.0539807,0.0962006,-0.614809
105.2,0.772683,-0.00920735,0.00613054,-0.634696,-0.00318169,0.00276639,0.00220668,0.701332,0.353211,0.106498,0.00120757,0.00831174,0.00803313,29.19,-0.0836795,0.105838,-0.519698
105.22,0.772689,-0.00919086,0.00608569,-0.634689,0.00494999,0.000425634,0.0015158,0.701308,0.35332,0.106288,0.00125537,0.00779737,0.00742564,27.3026,-0.0579146,0.0741244,-0.593662
105.24,0.772691,-0.00917936,0.00605976,-0.634687,0.0135074,-0.0103577,0.00217417,0.701272,0.353458,0.106002,0.000853398,0.00810832,0.00773749,29.178,-0.105856,0.0634638,-0.700653
105.26,0.772674,-0.00920136,0.00605456,-0.634708,-0.00733331,0.00512513,-0.00513984,0.701237,0.353594,0.105747,0.000786515,0.00756794,0.00722943,27.7834,-0.0698172,0.0571881,-0.738488
105.28,0.772674,-0.00917212,0.00604624,-0.634708,0.0103369,-0.0035176,-0.00198065,0.701234,0.353648,0.105617,0.000384029,0.00822329,0.00802344,28.4303,-0.0693029,0.11648,-0.637841
105.3,0.772648,-0.00915426,0.0060293,-0.63474,0.00884367,-0.00477308,-0.00210495,0.701224,0.353797,0.105238,0.000855797,0.00794688,0.0066706,32.2111,-0.109481,0.0620379,-0.634997
105.32,0.772644,-0.00914602,0.00602863,-0.634746,0.00203693,-0.013668,-0.00389213,0.701219,0.353908,0.105019,0.000469821,0.00838274,0.00700695,29.2306,-0.0805877,0.109542,-0.452724
105.34,0.772637,-0.00913079,0.00606366,-0.634753,-0.00280699,0.00814444,-0.00412536,0.701212,0.354057,0.104699,0.00124866,0.00778682,0.00718985,28.2073,-0.0416866,0.0954645,-0.35507
105.36,0.772639,-0.00910734,0.00606813,-0.634752,-0.000108439,0.00109078,-0.00176523,0.701212,0.354103,0.104606,0.000711077,0.00778302,0.00731883,29.1375,-0.0412148,0.0948937,-0.426161
105.38,0.772635,-0.00906851,0.00606301,-0.634757,0.0127481,-0.00156491,0.0027849,0.701212,0.354192,0.10443,0.000730669,0.00773929,0.00724447,30.0176,-0.122838,0.092978,-0.577343
105.4,0.772632,-0.00904831,0.00608986,-0.634761,0.00585762,0.00397353,0.00229279,0.701263,0.35423,0.104235,0.00118429,0.00783072,0.00757495,26.7876,-0.0424992,0.0852555,-0.585274
105.42,0.772615,-0.00901231,0.00607361,-0.634782,0.00417961,-0.000932924,-0.00623181,0.701342,0.354297,0.103983,0.00124687,0.00689143,0.00693171,29.7836,-0.0784908,0.101786,-0.547705
105.44,0.772617,-0.00900436,0.0060585,-0.63478,0.0018493,-0.00444839,0.000470626,0.701391,0.354321,0.10383,0.00115661,0.00649135,0.00695352,31.2009,-0.0765168,0.0701193,-0.713485
105.46,0.772618,-0.00900258,0.00607962,-0.634778,0.00598218,-0.00552604,-0.00174428,0.701443,0.354343,0.103694,0.00124439,0.00605501,0.00724812,24.6954,-0.0848626,0.100358,-0.498098
105.48,0.772624,-0.00899513,0.00606482,-0.634771,0.00249672,-0.00771479,0.00045984,0.701493,0.354356,0.103571,0.00135864,0.00554336,0.00693838,28.6152,-0.0394633,0.0848852,-0.662655
105.5,0.772618,-0.00900666,0.00604325,-0.634778,-0.00853088,-0.00234689,0.00357185,0.701664,0.354315,0.103284,0.0024608,0.00540701,0.00667449,30.7108,-0.135115,0.0864635,-0.695475
105.52,0.772614,-0.00901869,0.0060553,-0.634783,-0.00613328,0.000632616,-0.000822864,0.701781,0.354283,0.103111,0.00251551,0.00471195,0.00651063,29.0152,-0.115314,0.0731848,-0.518817
105.54,0.772618,-0.0090425,0.00603917,-0.634778,-0.00508339,-0.00127147,-0.0017086,0.7019,0.354257,0.102964,0.00240527,0.00511367,0.00601364,26.551,-0.0806112,0.122277,-0.381352
105.56,0.772628,-0.00905442,0.00607379,-0.634765,0.0019412,0.00940064,-0.00178706,0.702074,0.354211,0.102745,0.0026154,0.00451806,0.00684419,28.145,-0.0929307,0.0757475,-0.674611
105.58,0.772624,-0.00905772,0.00605404,-0.634771,-0.00422398,0.00343716,-0.00659839,0.702206,0.354149,0.102579,0.0026019,0.00457412,0.00656712,30.8832,-0.0690506,0.0824377,-0.597849
105.6,0.772631,-0.009041,0.00603498,-0.634762,-0.00369849,0.00117885,0.00223322,0.702363,0.354072,0.102391,0.00312482,0.00479104,0.00598078,27.3809,-0.0933938,0.0612929,-0.696543
105.62,0.772623,-0.00903981,0.00601352,-0.634773,-0.0124119,-0.00249824,0.00184199,0.702519,0.354002,0.102211,0.00313398,0.00499138,0.00546844,28.9836,-0.128184,0.100921,-0.62858
105.64,0.772621,-0.0090218,0.0060098,-0.634775,-0.00610246,-0.000488381,0.00607575,0.702676,0.353947,0.102052,0.00307508,0.0051996,0.00482031,31.0132,-0.0922514,0.090539,-0.780367
105.66,0.772615,-0.00903433,0.00599572,-0.634782,-0.0049091,-0.00437817,-0.0012928,0.702827,0.353893,0.101901,0.00318549,0.00548921,0.00497581,29.6348,-0.10268,0.0471085,-0.716331
105.68,0.772619,-0.00904187,0.00603419,-0.634777,-0.00147605,0.00649912,-0.00264302,0.703059,0.35383,0.101676,0.0032452,0.00566159,0.00631438,26.6514,-0.119787,0.0357334,-0.807705
105.7,0.772597,-0.00900724,0.00599568,-0.634804,0.00718674,-0.00395593,-0.00543361,0.703301,0.35379,0.101429,0.00328035,0.00589186,0.00515859,29.5749,-0.0773356,0.0670513,-0.703767
105.72,0.772592,-0.00901115,0.00601778,-0.634811,0.000425252,0.00598252,-0.00282474,0.703378,0.353778,0.10135,0.0035374,0.00569766,0.00580184,28.1288,-0.0589203,0.0691244,-0.743878
105.74,0.772589,-0.00900064,0.00601492,-0.634814,-0.000647779,-0.00280208,0.00260065,0.70361,0.353755,0.101166,0.00362622,0.00600374,0.00699837,28.6252,-0.135206,0.0640923,-0.61231
105.76,0.772594,-0.00897747,0.00602562,-0.634809,0.0043064,0.00491768,0.00422145,0.703759,0.353739,0.101057,0.00368038,0.00571244,0.00697396,30.093,-0.0456131,0.133694,-0.586638
105.78,0.772593,-0.0089684,0.00598219,-0.63481,0.00429035,-0.00682804,0.00105756,0.703964,0.353707,0.100875,0.00358205,0.00560603,0.00517272,29.4877,-0.112779,0.0829415,-0.689428
105.8,0.772599,-0.00896627,0.00603067,-0.634802,-0.00156279,0.00918587,-3.61348e-06,0.704028,0.35369,0.100791,0.00353263,0.00589862,0.00636591,27.0976,-0.113941,0.0873142,-0.584093
105.82,0.7726,-0.00894987,0.00601642,-0.634801,0.0014278,0.0111348,0.000437568,0.704153,0.353662,0.100634,0.00376851,0.00554402,0.00622875,27.3476,-0.117775,0.0336708,-0.817948
105.84,0.772589,-0.00896105,0.00601606,-0.634815,-0.00781231,0.0033003,-0.0038942,0.704277,0.353635,0.100491,0.00390361,0.00548899,0.00602914,28.8594,-0.0779046,0.0525918,-0.817214
105.86,0.772578,-0.00893357,0.00600981,-0.634829,0.00357924,0.0044278,-0.00495564,0.704461,0.353612,0.100302,0.00364101,0.00563224,0.00619735,29.1494,-0.10389,0.0260914,-0.712526
105.88,0.77257,-0.008938,0.00599481,-0.634838,-0.000170699,0.00397684,-0.0069442,0.704582,0.353595,0.100161,0.00359182,0.0056769,0.00653095,27.6223,-0.104485,0.0559898,-0.764836
105.9,0.772581,-0.0089304,0.00601473,-0.634825,0.00170217,0.00515443,0.00425328,0.704706,0.353587,0.100001,0.00409339,0.00577546,0.00658963,28.4581,-0.0300459,0.115334,-0.484878
105.92,0.772576,-0.0089362,0.00599203,-0.634831,0.00191944,-0.00344862,-0.00141436,0.70488,0.353572,0.0997852,0.00424146,0.00546787,0.00536222,27.5466,-0.130482,-0.00972964,-0.79274
105.94,0.772577,-0.00892697,0.00596643,-0.63483,0.0082087,-0.00837322,-0.00102828,0.704995,0.35356,0.0996567,0.00457103,0.00530647,0.00541945,27.8181,-0.154729,0.0446288,-0.798677
105.96,0.772583,-0.00895663,0.00598741,-0.634823,-0.00938628,0.00602506,-0.000833791,0.705184,0.353558,0.0994852,0.00509885,0.00521799,0.00506084,30.4505,-0.0842395,0.0566315,-0.613999
105.98,0.772578,-0.00893974,0.00598894,-0.634828,0.00915271,0.00222053,-0.0073634,0.705243,0.353556,0.0994349,0.0044626,0.00557736,0.00637084,29.6075,-0.0850595,0.086397,-0.706995
106,0.772595,-0.00894449,0.00594847,-0.634808,0.0027283,-0.00448978,0.00242587,0.705359,0.353587,0.0992489,0.00517236,0.00576755,0.00483107,26.2501,-0.160811,0.0855619,-0.841326
106.02,0.772596,-0.0089321,0.00596678,-0.634807,0.00385079,0.00476605,-0.00461448,0.7054,0.353601,0.0991919,0.00472447,0.00603577,0.00604765,30.3777,-0.122832,0.0307586,-0.800972
106.04,0.772587,-0.00891153,0.00592834,-0.634819,0.00170786,-0.00264275,0.00115529,0.705523,0.353654,0.0990379,0.00541797,0.0062868,0.00445526,26.7809,-0.0829354,0.0840318,-0.659923
