control_time_s,pos_x,pos_y,pos_z,vel_x,vel_y,vel_z,roll,pitch,yaw,angular_vel_x,angular_vel_y,angular_vel_z,local_sp_x,local_sp_y,local_sp_z,local_sp_yaw,local_sp_vx,local_sp_vy,local_sp_vz,local_sp_ax,local_sp_ay,local_sp_az,local_sp_yawspeed,att_sp_qw,att_sp_qx,att_sp_qy,att_sp_qz,rate_sp_roll,rate_sp_pitch,rate_sp_yaw,rate_sp_thrust_x,rate_sp_thrust_y,rate_sp_thrust_z,target_x,target_y,target_z,target_yaw,phase,event,hover_thrust,hover_thrust_valid,takeoff_state,takeoff_tilt_limit,landed,ground_contact,maybe_landed,thrust_sp_x,thrust_sp_y,thrust_sp_z,torque_sp_x,torque_sp_y,torque_sp_z,actuator_motor_0,actuator_motor_1,actuator_motor_2,actuator_motor_3,actuator_motor_4,actuator_motor_5,actuator_motor_6,actuator_motor_7,actuator_motor_8,actuator_motor_9,actuator_motor_10,actuator_motor_11
0.0184338,0.0196196,-0.00886352,0.0184938,-0.00108111,-0.000802822,-0.00631883,-0.0258651,-0.0404507,0.000569448,-0.000274774,0.00292323,-0.000603628,nan,nan,nan,0.000576231,nan,nan,nan,0,0,100,0,1,0,0,0.000288115,0.103411,0.161794,0.00148361,0,0,-0.001,0.0196865,-0.00868087,-1,0.00056068,Idle,,nan,nan,nan,nan,1,1,1,0,0,-0.001,0.0155834,0.0246908,0.000216362,0.00199232,7.68558e-06,0.002,4.9803e-13,nan,nan,nan,nan,nan,nan,nan,nan
0.0314953,0.0195977,-0.00892224,0.0186029,-0.0012241,-0.000311814,-0.00631882,-0.0259102,-0.0404454,0.000568057,-0.00489615,0.000599839,-6.5686e-05,nan,nan,nan,0.000568057,nan,nan,nan,0,0,100,0,1,0,0,0.000284028,0.103591,0.161773,0.00147088,0,0,-0.001,0.0196865,-0.00868087,-1,0.00056068,Idle,,nan,nan,nan,nan,1,1,1,0,0,-0.001,0.0151931,0.023783,0.000193655,0.00199261,7.38408e-06,0.002,7.12855e-12,nan,nan,nan,nan,nan,nan,nan,nan
0.0386779,0.0195765,-0.00897636,0.018708,-0.000959033,-0.000182728,-0.00624891,-0.0259126,-0.0404658,0.000563868,-0.000157738,-0.00224158,-0.000450461,nan,nan,nan,0.000568057,nan,nan,nan,0,0,100,0,1,0,0,0.000284028,0.103601,0.161855,0.00147959,0,0,-0.001,0.0196865,-0.00868087,-1,0.00056068,Idle,,nan,nan,nan,nan,1,1,1,0,0,-0.001,0.0151931,0.023783,0.000193655,0.00199261,7.38408e-06,0.002,7.12855e-12,nan,nan,nan,nan,nan,nan,nan,nan
0.0613022,0.019502,-0.0091372,0.0189911,-0.00182185,-0.000670659,-0.00634681,-0.0258951,-0.0404667,0.000581241,-0.00149833,5.83543e-05,0.00036938,nan,nan,nan,0.000581241,nan,nan,nan,0,0,100,0,1,0,0,0.000290621,0.103608,0.161841,0.00151487,0,0,-0.001,0.0196865,-0.00868087,-1,0.00056068,Idle,,nan,nan,nan,nan,1,1,1,0,0,-0.001,0.0157838,0.02439,0.000244908,0.00199241,7.58367e-06,0.002,2.64657e-12,nan,nan,nan,nan,nan,nan,nan,nan
0.0827525,0.0194774,-0.00919368,0.0190798,-0.00121248,-0.00105615,-0.0062571,-0.0259223,-0.0404529,0.000578853,-0.00292727,0.00155125,-0.000163303,nan,nan,nan,0.000578853,nan,nan,nan,0,0,100,0,1,0,0,0.000289426,0.10364,0.161803,0.00147463,0,0,-0.001,0.0196865,-0.00868087,-1,0.00056068,Idle,,nan,nan,nan,nan,1,1,1,0,0,-0.001,0.0157386,0.0243375,0.000233686,0.00199243,7.56777e-06,0.002,4.06369e-12,nan,nan,nan,nan,nan,nan,nan,nan
0.0926941,0.019455,-0.00925155,0.0191704,-0.00138191,-0.00122965,-0.00532962,-0.0258883,-0.0404534,0.000591827,0.00392822,-7.67565e-05,0.00149428,nan,nan,nan,0.000578853,nan,nan,nan,0,0,100,0,1,0,0,0.000289426,0.103579,0.161801,0.00146567,0,0,-0.001,0.0196865,-0.00868087,-1,0.00056068,Idle,,nan,nan,nan,nan,1,1,1,0,0,-0.001,0.0154871,0.0241658,0.000236753,0.00199249,7.5069e-06,0.002,0,nan,nan,nan,nan,nan,nan,nan,nan
0.103909,0.0194079,-0.00940183,0.0195081,-0.00139704,-0.00142669,-0.00593263,-0.025898,-0.0404442,0.00056052,-0.00434755,-0.00221291,-0.000783925,nan,nan,nan,0.00056052,nan,nan,nan,0,0,100,0,1,0,0,0.00028026,0.103543,0.161768,0.00148846,0,0,-0.001,0.0196865,-0.00868087,-1,0.00056068,Idle,,nan,nan,nan,nan,1,1,1,0,0,-0.001,0.0154871,0.0241658,0.000236753,0.00199249,7.5069e-06,0.002,0,nan,nan,nan,nan,nan,nan,nan,nan
0.11584,0.0193919,-0.00945462,0.0196123,-0.00140819,-0.00195643,-0.00580601,-0.0258637,-0.0404378,0.000568716,0.00394458,0.000716149,0.00108507,nan,nan,nan,0.00056052,nan,nan,nan,0,0,100,0,1,0,0,0.00028026,0.103405,0.161743,0.00144113,0,0,-0.001,0.0196865,-0.00868087,-1,0.00056068,Idle,,nan,nan,nan,nan,1,1,1,0,0,-0.001,0.0140649,0.0242962,0.000258838,0.00199245,7.55372e-06,0.002,0,nan,nan,nan,nan,nan,nan,nan,nan
0.129179,0.0193745,-0.00950693,0.0197189,-0.00168273,-0.0017835,-0.00525134,-0.025848,-0.040425,0.000571264,0.00182253,0.00145105,0.000471391,nan,nan,nan,0.000571264,nan,nan,nan,0,0,100,0,1,0,0,0.000285632,0.103343,0.161692,0.00145559,0,0,-0.001,0.0196865,-0.00868087,-1,0.00056068,Idle,,nan,nan,nan,nan,1,1,1,0,0,-0.001,0.0148585,0.0239866,0.000271209,0.00199255,7.45113e-06,0.002,1.37206e-11,nan,nan,nan,nan,nan,nan,nan,nan
0.148193,0.0193462,-0.00960909,0.0199196,-0.00111154,-0.00194741,-0.00562201,-0.0258786,-0.0404274,0.00058201,-0.00239154,0.000303556,0.00337553,nan,nan,nan,0.00058201,nan,nan,nan,0,0,100,0,1,0,0,0.000291005,0.103512,0.16174,0.001509,0,0,-0.001,0.0196865,-0.00868087,-1,0.00056068,Idle,,nan,nan,nan,nan,1,1,1,0,0,-0.001,0.0166726,0.0245348,0.000273376,0.00199237,7.63148e-06,0.002,0,nan,nan,nan,nan,nan,nan,nan,nan
0.1552,0.0193307,-0.00965964,0.0200132,-0.00139611,-0.00192332,-0.00589168,-0.0258927,-0.0404407,0.000563855,-0.00157876,-0.00139591,-0.00191097,nan,nan,nan,0.00058201,nan,nan,nan,0,0,100,0,1,0,0,0.000291005,0.103512,0.16174,0.001509,0,0,-0.001,0.0196865,-0.00868087,-1,0.00056068,Idle,,nan,nan,nan,nan,1,1,1,0,0,-0.001,0.0162341,0.0235199,0.000280118,0.0019927,7.29665e-06,0.002,3.96106e-12,nan,nan,nan,nan,nan,nan,nan,nan
0.164038,0.019316,-0.0097113,0.0200989,-0.00111176,-0.00224955,-0.00635005,-0.0259112,-0.040446,0.000593959,-0.00186781,-0.000635522,0.00347866,nan,nan,nan,0.00058201,nan,nan,nan,0,0,100,0,1,0,0,0.000291005,0.103555,0.161773,0.00138203,0,0,-0.001,0.0196865,-0.00868087,-1,0.00056068,Idle,,nan,nan,nan,nan,1,1,1,0,0,-0.001,0.0155587,0.0242524,0.000248263,0.00199246,7.53751e-06,0.002,0,nan,nan,nan,nan,nan,nan,nan,nan
0.177831,0.0193042,-0.00975929,0.0201844,-0.000601408,-0.00132568,-0.00521642,-0.0259343,-0.0404093,0.000602654,-0.00246268,0.00406927,0.00120935,nan,nan,nan,0.000593959,nan,nan,nan,0,0,100,0,1,0,0,0.00029698,0.103626,0.161662,0.00145837,0,0,-0.001,0.0196865,-0.00868087,-1,0.00056068,Idle,,nan,nan,nan,nan,1,1,1,0,0,-0.001,0.015181,0.0244228,0.000200933,0.0019924,7.59507e-06,0.002,2.59953e-12,nan,nan,nan,nan,nan,nan,nan,nan
0.18812,0.0192958,-0.00980117,0.0202686,-0.000233521,-0.00115567,-0.00598452,-0.0259513,-0.0404087,0.000611644,-0.00181147,8.26099e-05,0.00114897,nan,nan,nan,0.000593959,nan,nan,nan,0,0,100,0,1,0,0,0.00029698,0.103755,0.161586,0.00148378,0,0,-0.001,0.0196865,-0.00868087,-1,0.00056068,Idle,,nan,nan,nan,nan,1,1,1,0,0,-0.001,0.0166776,0.0242021,0.000175591,0.00199248,7.52338e-06,0.002,2.01849e-12,nan,nan,nan,nan,nan,nan,nan,nan
0.203397,0.019327,-0.00986273,0.0204391,-0.000194801,-0.000996568,-0.00527201,-0.0259317,-0.0403804,0.000608362,-0.00048872,0.0020695,-0.000682324,nan,nan,nan,0.000616317,nan,nan,nan,0,0,100,0,1,0,0,0.000308158,0.10366,0.161584,0.00145316,0,0,-0.001,0.0196865,-0.00868087,-1,0.00056068,Idle,,nan,nan,nan,nan,1,1,1,0,0,-0.001,0.014936,0.0241164,0.000179327,0.0019925,7.49572e-06,0.002,0,nan,nan,nan,nan,nan,nan,nan,nan
0.215827,0.0193402,-0.00989143,0.0205207,1.15012e-05,-0.00104439,-0.00555662,-0.0259435,-0.0404052,0.00060523,-0.00130711,-0.0026783,-0.000270529,nan,nan,nan,0.00060523,nan,nan,nan,0,0,100,0,1,0,0,0.000302615,0.103725,0.161612,0.00147618,0,0,-0.001,0.0196865,-0.00868087,-1,0.00056068,Idle,,nan,nan,nan,nan,1,1,1,0,0,-0.001,0.0158623,0.0230296,0.000195456,0.00199286,7.13585e-06,0.002,0,nan,nan,nan,nan,nan,nan,nan,nan
0.224686,0.0193762,-0.00994746,0.0206665,0.000381412,-0.000369822,-0.00513414,-0.0259813,-0.0403647,0.000694305,-0.00154561,0.00695892,0.00479515,nan,nan,nan,0.00060523,nan,nan,nan,0,0,100,0,1,0,0,0.000302615,0.103812,0.161702,0.00133196,0,0,-0.001,0.0196865,-0.00868087,-1,0.00056068,Idle,,nan,nan,nan,nan,1,1,1,0,0,-0.001,0.0152065,0.026787,0.000160238,0.00199163,8.37405e-06,0.002,7.25193e-12,nan,nan,nan,nan,nan,nan,nan,nan
0.234514,0.0193946,-0.00997345,0.0207374,0.000570246,-0.00136037,-0.00569548,-0.0260052,-0.0404316,0.000669365,-0.00275831,-0.00729948,-0.00282378,nan,nan,nan,0.00060523,nan,nan,nan,0,0,100,0,1,0,0,0.000302615,0.103944,0.161502,0.00148182,0,0,-0.001,0.0196865,-0.00868087,-1,0.00056068,Idle,,nan,nan,nan,nan,1,1,1,0,0,-0.001,0.0168628,0.0217855,6.27589e-05,0.00199327,6.72439e-06,0.002,0,nan,nan,nan,nan,nan,nan,nan,nan
0.242685,0.0194127,-0.00999728,0.0208038,0.00159337,0.000606135,-0.00610854,-0.0259465,-0.0403923,0.000507015,0.0058218,0.00491828,-0.0178022,nan,nan,nan,0.00060523,nan,nan,nan,0,0,100,0,1,0,0,0.000302615,0.103937,0.161469,0.00170126,0,0,-0.001,0.0196865,-0.00868087,-1,0.00056068,Idle,,nan,nan,nan,nan,1,1,1,0,0,-0.001,0.016104,0.0239146,0.000116386,0.00199257,7.42562e-06,0.002,0,nan,nan,nan,nan,nan,nan,nan,nan
0.252918,0.0194405,-0.0100142,0.020866,0.00191108,0.000227446,-0.00572943,-0.0259428,-0.0403816,0.000379896,-0.000159166,0.00164399,-0.0139675,nan,nan,nan,0.000507015,nan,nan,nan,0,0,100,0,1,0,0,0.000302615,0.103752,0.161653,0.00171992,0,0,-0.001,0.0196865,-0.00868087,-1,0.00056068,Idle,,nan,nan,nan,nan,1,1,1,0,0,-0.001,0.0141692,0.0239385,0.000504869,0.00199257,7.43666e-06,0.002,0,nan,nan,nan,nan,nan,nan,nan,nan
0.260199,0.0194745,-0.0100158,0.0209293,0.00413394,0.00226031,-0.0056735,-0.0259412,-0.0403736,0.000546467,0.000934725,0.000475236,0.0185946,nan,nan,nan,0.000507015,nan,nan,nan,0,0,100,0,1,0,0,0.000302615,0.103708,0.161553,0.00133501,0,0,-0.001,0.0196865,-0.00868087,-1,0.00056068,Idle,,nan,nan,nan,nan,1,1,1,0,0,-0.001,0.0160364,0.024086,0.00071451,0.00199252,7.48334e-06,0.002,0,nan,nan,nan,nan,nan,nan,nan,nan
0.273981,0.0195212,-0.010008,0.0209904,0.00276365,0.00367623,-0.00431885,-0.0259653,-0.0404498,0.00096987,-0.000785285,-0.00967692,0.0472551,nan,nan,nan,0.00096987,nan,nan,nan,0,0,100,0,1,0,0,0.000484935,0.103798,0.1618,0.00028508,0,0,-0.001,0.0196865,-0.00868087,-1,0.00056068,Idle,,nan,nan,nan,nan,1,1,1,0,0,-0.001,0.0157225,0.0276839,5.0022e-05,0.00199133,8.67088e-06,0.002,0,nan,nan,nan,nan,nan,nan,nan,nan
0.283369,0.0195647,-0.00998952,0.021047,0.00554804,0.00364524,-0.00623381,-0.0259641,-0.0405006,0.00131725,0.00169392,-0.00658369,0.0386266,nan,nan,nan,0.00096987,nan,nan,nan,0,0,100,0,1,0,0,0.000484935,0.103795,0.162001,0.000499675,0,0,-0.001,0.0196865,-0.00868087,-1,0.00056068,Idle,,nan,nan,nan,nan,1,1,1,0,0,-0.001,0.0156467,0.0248627,-0.000912946,0.00198452,0,0.00200774,7.7409e-06,nan,nan,nan,nan,nan,nan,nan,nan
0.302464,0.0196745,-0.00994068,0.0211522,0.00466058,0.00440578,-0.00521094,-0.0259249,-0.0404287,0.00128136,0.00936881,0.00789565,-0.0182978,nan,nan,nan,0.00144858,nan,nan,nan,0,0,100,0,1,0,0,0.000724292,0.103656,0.161703,0.00193532,0,0,-0.001,0.0196865,-0.00868087,-1,0.00056068,Idle,,nan,nan,nan,nan,1,1,1,0,0,-0.001,0.0133965,0.0275258,-0.00121898,0.00198277,0,0.00200861,8.61926e-06,nan,nan,nan,nan,nan,nan,nan,nan
0.31001,0.0197307,-0.00991544,0.0211983,0.00320672,0.00392376,-0.00433376,-0.0258709,-0.0405305,0.000892316,0.00421162,-0.0100622,-0.0432264,nan,nan,nan,0.00144858,nan,nan,nan,0,0,100,0,1,0,0,0.000724292,0.103447,0.162106,0.00255684,0,0,-0.001,0.0196865,-0.00868087,-1,0.00056068,Idle,,nan,nan,nan,nan,1,1,1,0,0,-0.001,0.014998,0.0197773,-0.000300109,0.00198788,0,0.00200606,6.06425e-06,nan,nan,nan,nan,nan,nan,nan,nan
0.319155,0.0197862,-0.00988202,0.0212484,0.00638219,0.00511703,-0.00515353,-0.025855,-0.0404,0.00041894,-0.000384986,0.0160682,-0.0524335,nan,nan,nan,0.00144858,nan,nan,nan,0,0,100,0,1,0,0,0.000724292,0.103288,0.162309,0.00214771,0,0,-0.001,0.0196865,-0.00868087,-1,0.00056068,Idle,,nan,nan,nan,nan,1,1,1,0,0,-0.001,0.0155887,0.0285146,0.00106048,0.00199105,8.94883e-06,0.002,0,nan,nan,nan,nan,nan,nan,nan,nan
0.333122,0.0198596,-0.00983703,0.0212943,0.00533482,0.00681315,-0.00507095,-0.0257607,-0.0405549,-5.43862e-05,0.008346,-0.0157874,-0.0529727,nan,nan,nan,-5.43862e-05,nan,nan,nan,0,0,100,0,1,-0,0,-2.71931e-05,0.102934,0.161576,0.00186571,0,0,-0.001,0.0196865,-0.00868087,-1,0.00056068,Idle,,nan,nan,nan,nan,1,1,1,0,0,-0.001,0.0147066,0.0197879,0.00222614,0.00199394,6.06402e-06,0.002,0,nan,nan,nan,nan,nan,nan,nan,nan
0.341243,0.0200567,-0.00968727,0.021373,0.00974407,0.0105054,-0.00468471,-0.0257103,-0.0405696,-0.000375829,0.00310957,-0.0147185,-0.00652833,nan,nan,nan,-5.43862e-05,nan,nan,nan,0,0,100,0,1,-0,0,-2.71931e-05,0.102849,0.162271,0.00164318,0,0,-0.001,0.0196865,-0.00868087,-1,0.00056068,Idle,,nan,nan,nan,nan,1,1,1,0,0,-0.001,0.0147273,0.0288011,0.00271809,0.00199096,9.04057e-06,0.002,0,nan,nan,nan,nan,nan,nan,nan,nan
0.353589,0.0201705,-0.00959101,0.0214162,0.0121978,0.0119758,-0.00496213,-0.025764,-0.0405427,-0.000214735,-0.00527188,0.00261674,0.018011,nan,nan,nan,-0.000375829,nan,nan,nan,0,0,100,0,1,-0,0,-0.000187914,0.103018,0.162087,0.0013512,0,0,-0.001,0.0196865,-0.00868087,-1,0.00056068,Idle,,nan,nan,nan,nan,1,1,1,0,0,-0.001,0.0169753,0.0225651,0.00256654,0.00199302,6.98375e-06,0.002,0,nan,nan,nan,nan,nan,nan,nan,nan
0.36438,0.0202931,-0.00948329,0.0214545,0.0122384,0.0136644,-0.00491306,-0.0258336,-0.0407271,0.000134008,-0.00624859,-0.0215405,0.038569,nan,nan,nan,-0.000375829,nan,nan,nan,0,0,100,0,1,-0,0,-0.000187914,0.103273,0.162907,0.000496638,0,0,-0.001,0.0196865,-0.00868087,-1,0.00056068,Idle,,nan,nan,nan,nan,1,1,1,0,0,-0.001,0.0173577,0.029569,0.00169313,0.00199071,9.29388e-06,0.002,0,nan,nan,nan,nan,nan,nan,nan,nan
0.378343,0.0204241,-0.00936043,0.021493,0.0137968,0.0147682,-0.00466301,-0.025927,-0.0407847,0.000596541,-0.00833956,-0.00764604,0.0513834,nan,nan,nan,0.000596541,nan,nan,nan,0,0,100,0,1,0,0,0.000298271,0.103642,0.16314,0.000185532,0,0,-0.001,0.0196865,-0.00868087,-1,0.00056068,Idle,,nan,nan,nan,nan,1,1,1,0,0,-0.001,0.0173665,0.0262947,0.000577658,0.00199179,8.21227e-06,0.002,0,nan,nan,nan,nan,nan,nan,nan,nan
0.387208,0.020563,-0.00923366,0.0215257,0.0144681,0.0149541,-0.00578423,-0.0260286,-0.040859,0.00102663,-0.00940965,-0.0094306,0.0477215,nan,nan,nan,0.000596541,nan,nan,nan,0,0,100,0,1,0,0,0.000298271,0.10405,0.163437,0.000284857,0,0,-0.001,0.0196865,-0.00868087,-1,0.00056068,Idle,,nan,nan,nan,nan,1,1,1,0,0,-0.001,0.0164422,0.0259966,-0.000718974,0.00198377,0,0.00200811,8.11588e-06,nan,nan,nan,nan,nan,nan,nan,nan
0.399841,0.0208491,-0.00897189,0.0215901,0.0139147,0.015285,-0.00456867,-0.0260097,-0.0409823,0.00132616,0.00431464,-0.00482256,0.00625473,nan,nan,nan,0.00127013,nan,nan,nan,0,0,100,0,1,0,0,0.000635064,0.104128,0.163754,0.000811139,0,0,-0.001,0.0196865,-0.00868087,-1,0.00056068,Idle,,nan,nan,nan,nan,1,1,1,0,0,-0.001,0.0135011,0.026629,-0.00152669,0.00198336,0,0.00200832,8.32364e-06,nan,nan,nan,nan,nan,nan,nan,nan
0.413506,0.0209928,-0.00884133,0.0216198,0.0150292,0.0157323,-0.0046764,-0.0260207,-0.0410889,0.00117318,-0.00198338,-0.0113971,-0.0172383,nan,nan,nan,0.00117318,nan,nan,nan,0,0,100,0,1,0,0,0.00058659,0.104005,0.164294,0.00185953,0,0,-0.001,0.0196865,-0.00868087,-1,0.00056068,Idle,,nan,nan,nan,nan,1,1,1,0,0,-0.001,0.0154724,0.02534,-0.00113711,0.00198421,0,0.00200789,7.90085e-06,nan,nan,nan,nan,nan,nan,nan,nan
0.421707,0.0212889,-0.00855467,0.0216734,0.0167165,0.0178523,-0.00468698,-0.025929,-0.0411299,0.000485753,0.00341272,-0.00823491,-0.0410176,nan,nan,nan,0.00117318,nan,nan,nan,0,0,100,0,1,0,0,0.00058659,0.103698,0.164239,0.00204254,0,0,-0.001,0.0196865,-0.00868087,-1,0.00056068,Idle,,nan,nan,nan,nan,1,1,1,0,0,-0.001,0.0141162,0.0230479,-0.000114815,0.00198572,0,0.00200714,7.14065e-06,nan,nan,nan,nan,nan,nan,nan,nan
0.431518,0.0214468,-0.00839594,0.0217012,0.016477,0.0188619,-0.00382718,-0.0259498,-0.0410411,0.000126395,-0.00400667,0.0110091,-0.0395492,nan,nan,nan,0.000485753,nan,nan,nan,0,0,100,0,1,0,0,0.000242876,0.103714,0.164258,0.00203043,0,0,-0.001,0.0196865,-0.00868087,-1,0.00056068,Idle,,nan,nan,nan,nan,1,1,1,0,0,-0.001,0.0162881,0.0227688,0.000968015,0.00199295,7.04714e-06,0.002,0,nan,nan,nan,nan,nan,nan,nan,nan
0.440716,0.0216388,-0.00819273,0.0217207,0.0174584,0.021233,-0.00444378,-0.025963,-0.0411485,-0.000111119,-0.00258469,-0.0111335,-0.026429,nan,nan,nan,0.000485753,nan,nan,nan,0,0,100,0,1,0,0,0.000242876,0.103711,0.164262,0.00187607,0,0,-0.001,0.0196865,-0.00868087,-1,0.00056068,Idle,,nan,nan,nan,nan,1,1,1,0,0,-0.001,0.0170592,0.0256094,0.00169601,0.00199201,7.9884e-06,0.002,0,nan,nan,nan,nan,nan,nan,nan,nan
0.454579,0.0218121,-0.00799916,0.021743,0.0195076,0.0230306,-0.00426839,-0.0258854,-0.0411251,-0.000150944,0.00845749,0.00280186,-0.00422673,nan,nan,nan,-0.000150944,nan,nan,nan,0,0,100,0,1,-0,0,-7.5472e-05,0.103492,0.164491,0.00160169,0,0,-0.001,0.0196865,-0.00868087,-1,0.00056068,Idle,,nan,nan,nan,nan,1,1,1,0,0,-0.001,0.0137164,0.0253893,0.00209034,0.00199209,7.91601e-06,0.002,8.81648e-11,nan,nan,nan,nan,nan,nan,nan,nan
0.463786,0.0220022,-0.00778949,0.0217683,0.0205415,0.0245376,-0.00326679,-0.0259051,-0.041208,-1.84919e-05,-0.00163371,-0.00953071,0.0146406,nan,nan,nan,-0.000150944,nan,nan,nan,0,0,100,0,1,-0,0,-7.5472e-05,0.103565,0.164826,0.0011236,0,0,-0.001,0.0196865,-0.00868087,-1,0.00056068,Idle,,nan,nan,nan,nan,1,1,1,0,0,-0.001,0.0157467,0.0264172,0.00186934,0.00199175,8.25187e-06,0.002,2.66056e-11,nan,nan,nan,nan,nan,nan,nan,nan
0.47614,0.0221975,-0.00757274,0.0217952,0.0209635,0.0250318,-0.00371123,-0.025963,-0.0412362,0.00029898,-0.00504129,-0.00397922,0.0353962,nan,nan,nan,0.00029898,nan,nan,nan,0,0,100,0,1,0,0,0.00014949,0.10379,0.164942,0.000610059,0,0,-0.001,0.0196865,-0.00868087,-1,0.00056068,Idle,,nan,nan,nan,nan,1,1,1,0,0,-0.001,0.0173811,0.0253149,0.0010738,0.00199211,7.88944e-06,0.002,0,nan,nan,nan,nan,nan,nan,nan,nan
0.484531,0.0224048,-0.00734819,0.0218112,0.0217048,0.0263516,-0.00464553,-0.0260128,-0.0413371,0.000650206,-0.00396878,-0.0121821,0.0389209,nan,nan,nan,0.00029898,nan,nan,nan,0,0,100,0,1,0,0,0.00014949,0.103988,0.165347,0.000522121,0,0,-0.001,0.0196865,-0.00868087,-1,0.00056068,Idle,,nan,nan,nan,nan,1,1,1,0,0,-0.001,0.0149329,0.0266764,5.4465e-05,0.00199166,8.33806e-06,0.002,1.08181e-12,nan,nan,nan,nan,nan,nan,nan,nan
0.496651,0.02283,-0.00688098,0.021842,0.0220921,0.0269815,-0.00386741,-0.0260325,-0.0414608,0.00112582,-0.00121852,-0.0110588,0.0207007,nan,nan,nan,0.00029898,nan,nan,nan,0,0,100,0,1,0,0,0.00014949,0.104139,0.165628,0.00148891,0,0,-0.001,0.0196865,-0.00868087,-1,0.00056068,Idle,,nan,nan,nan,nan,1,1,1,0,0,-0.001,0.0167475,0.0242282,-0.00117645,0.00198494,0,0.00200753,7.529e-06,nan,nan,nan,nan,nan,nan,nan,nan
0.509432,0.0232606,-0.00640721,0.0218658,0.0227614,0.028027,-0.00422078,-0.0259972,-0.0415539,0.000972616,0.0065653,-0.0083108,-0.0160289,nan,nan,nan,0.00111561,nan,nan,nan,0,0,100,0,1,0,0,0.000557806,0.103961,0.166058,0.00172541,0,0,-0.001,0.0196865,-0.00868087,-1,0.00056068,Idle,,nan,nan,nan,nan,1,1,1,0,0,-0.001,0.0145403,0.0271346,-0.0010645,0.00198303,0,0.00200848,8.49049e-06,nan,nan,nan,nan,nan,nan,nan,nan
0.51832,0.0234875,-0.00615429,0.0218742,0.0244045,0.0293218,-0.00424519,-0.0259531,-0.0415466,0.000700863,0.00361778,0.00166088,-0.0301029,nan,nan,nan,0.00111561,nan,nan,nan,0,0,100,0,1,0,0,0.000557806,0.103857,0.166136,0.00177858,0,0,-0.001,0.0196865,-0.00868087,-1,0.00056068,Idle,,nan,nan,nan,nan,1,1,1,0,0,-0.001,0.0137264,0.0230001,-0.000482411,0.00198575,0,0.00200712,7.12696e-06,nan,nan,nan,nan,nan,nan,nan,nan
0.532976,0.0237165,-0.00589557,0.021883,0.0241624,0.0287908,-0.00429634,-0.0259054,-0.0416186,0.000390038,0.00380593,-0.00701021,-0.0344996,nan,nan,nan,0.000700863,nan,nan,nan,0,0,100,0,1,0,0,0.000350431,0.103575,0.166411,0.00185727,0,0,-0.001,0.0196865,-0.00868087,-1,0.00056068,Idle,,nan,nan,nan,nan,1,1,1,0,0,-0.001,0.0145104,0.0262749,0.000250071,0.00199179,8.20842e-06,0.002,1.246e-11,nan,nan,nan,nan,nan,nan,nan,nan
0.542193,0.0239546,-0.00562016,0.0218873,0.0271063,0.0330475,-0.00436761,-0.0258464,-0.041638,0.00011886,0.00530898,-0.00132174,-0.0302763,nan,nan,nan,0.000700863,nan,nan,nan,0,0,100,0,1,0,0,0.000350431,0.103342,0.166537,0.00226559,0,0,-0.001,0.0196865,-0.00868087,-1,0.00056068,Idle,,nan,nan,nan,nan,1,1,1,0,0,-0.001,0.014587,0.0243403,0.00113692,0.00199243,7.56862e-06,0.002,0,nan,nan,nan,nan,nan,nan,nan,nan
0.554396,0.0242151,-0.00532992,0.0218869,0.0284105,0.0345635,-0.00514599,-0.0257898,-0.0417532,-6.37253e-06,0.00567373,-0.0124063,-0.0141682,nan,nan,nan,-6.37252e-06,nan,nan,nan,0,0,100,0,1,-0,0,-3.18626e-06,0.103111,0.167001,0.00185793,0,0,-0.001,0.0196865,-0.00868087,-1,0.00056068,Idle,,nan,nan,nan,nan,1,1,1,0,0,-0.001,0.0143826,0.0278418,0.0016243,0.00199127,8.72533e-06,0.002,1.86294e-11,nan,nan,nan,nan,nan,nan,nan,nan
0.564366,0.0245249,-0.0049731,0.0218803,0.0280625,0.0347038,-0.00423835,-0.0258264,-0.0417928,4.73505e-06,-0.00405538,-0.00437478,0.00121282,nan,nan,nan,-6.37252e-06,nan,nan,nan,0,0,100,0,1,-0,0,-3.18626e-06,0.103253,0.167162,0.00147986,0,0,-0.001,0.0196865,-0.00868087,-1,0.00056068,Idle,,nan,nan,nan,nan,1,1,1,0,0,-0.001,0.0171717,0.0258662,0.00166118,0.00199193,8.07247e-06,0.002,3.08821e-11,nan,nan,nan,nan,nan,nan,nan,nan
0.58624,0.0247932,-0.00465419,0.0218835,0.0323555,0.0366819,-0.00372563,-0.0258499,-0.0418992,9.93894e-05,-0.00221004,-0.0120578,0.0103103,nan,nan,nan,9.93894e-05,nan,nan,nan,0,0,100,0,1,0,0,4.96947e-05,0.10349,0.167823,0.00118388,0,0,-0.001,0.0196865,-0.00868087,-1,0.00056068,Idle,,nan,nan,nan,nan,1,1,1,0,0,-0.001,0.0153536,0.0238831,0.000658906,0.00199258,7.41699e-06,0.002,1.48821e-11,nan,nan,nan,nan,nan,nan,nan,nan
0.586485,0.025368,-0.00397236,0.0218813,0.0326782,0.0404618,-0.00514779,-0.0259168,-0.0420508,0.000583641,-0.0016702,-0.00913552,0.0277863,nan,nan,nan,9.93894e-05,nan,nan,nan,0,0,100,0,1,0,0,4.96947e-05,0.10349,0.167823,0.00118388,0,0,-0.001,0.0196865,-0.00868087,-1,0.00056068,Idle,,nan,nan,nan,nan,1,1,1,0,0,-0.001,0.0153536,0.0238831,0.000658906,0.00199258,7.41699e-06,0.002,1.48821e-11,nan,nan,nan,nan,nan,nan,nan,nan
0.599843,0.0259481,-0.00328212,0.0218374,0.0330692,0.0414389,-0.00408092,-0.0259425,-0.0421737,0.000932745,-0.00153126,-0.00504921,0.0154697,nan,nan,nan,0.000583641,nan,nan,nan,0,0,100,0,1,0,0,0.00029182,0.103593,0.168643,0.00123034,0,0,-0.001,0.0196865,-0.00868087,-1,0.00056068,Idle,,nan,nan,nan,nan,1,1,1,0,0,-0.001,0.0157928,0.0300893,3.27011e-05,0.00199053,9.46636e-06,0.002,0,nan,nan,nan,nan,nan,nan,nan,nan
0.611874,0.0262389,-0.00293466,0.0218201,0.0323802,0.0412064,-0.00526229,-0.0259208,-0.0422815,0.00091628,0.00234433,-0.0119299,-0.0020513,nan,nan,nan,0.000932745,nan,nan,nan,0,0,100,0,1,0,0,0.000466372,0.103592,0.168809,0.00151835,0,0,-0.001,0.0196865,-0.00868087,-1,0.00056068,Idle,,nan,nan,nan,nan,1,1,1,0,0,-0.001,0.0155464,0.0272314,-0.0007501,0.00198296,0,0.00200852,8.52428e-06,nan,nan,nan,nan,nan,nan,nan,nan
0.621365,0.0265271,-0.00258814,0.0218021,0.0336854,0.0419057,-0.00495826,-0.0258885,-0.0421909,0.000803103,0.00306378,0.0103889,-0.0121754,nan,nan,nan,0.000932745,nan,nan,nan,0,0,100,0,1,0,0,0.000466372,0.103557,0.168924,0.00166722,0,0,-0.001,0.0196865,-0.00868087,-1,0.00056068,Idle,,nan,nan,nan,nan,1,1,1,0,0,-0.001,0.013923,0.0220226,-0.000594804,0.0019864,0,0.0020068,6.80163e-06,nan,nan,nan,nan,nan,nan,nan,nan
0.632038,0.0268241,-0.00222169,0.0217802,0.0320178,0.0426775,-0.00375653,-0.0258672,-0.0422459,0.000623911,0.0015566,-0.00561468,-0.0201106,nan,nan,nan,0.000623911,nan,nan,nan,0,0,100,0,1,0,0,0.000311956,0.103421,0.16897,0.00203132,0,0,-0.001,0.0196865,-0.00868087,-1,0.00056068,Idle,,nan,nan,nan,nan,1,1,1,0,0,-0.001,0.013923,0.0220226,-0.000594804,0.0019864,0,0.0020068,6.80163e-06,nan,nan,nan,nan,nan,nan,nan,nan
0.640867,0.0271181,-0.00185903,0.0217554,0.033231,0.0427046,-0.00479313,-0.0258439,-0.0422785,0.000370598,0.00141518,-0.00287664,-0.0281856,nan,nan,nan,0.000623911,nan,nan,nan,0,0,100,0,1,0,0,0.000311956,0.10333,0.169099,0.0022386,0,0,-0.001,0.0196865,-0.00868087,-1,0.00056068,Idle,,nan,nan,nan,nan,1,1,1,0,0,-0.001,0.0157549,0.0253499,0.000523072,0.0019921,7.90226e-06,0.002,0,nan,nan,nan,nan,nan,nan,nan,nan
0.65406,0.0274233,-0.00147875,0.0217326,0.0327825,0.044411,-0.00517087,-0.0258119,-0.0423082,0.000186464,0.00270823,-0.0027506,-0.0204921,nan,nan,nan,0.000186464,nan,nan,nan,0,0,100,0,1,0,0,9.3232e-05,0.1032,0.169219,0.00204414,0,0,-0.001,0.0196865,-0.00868087,-1,0.00056068,Idle,,nan,nan,nan,nan,1,1,1,0,0,-0.001,0.0138144,0.0265278,0.00110963,0.00199171,8.29028e-06,0.002,3.28561e-11,nan,nan,nan,nan,nan,nan,nan,nan
0.664408,0.0277312,-0.00109146,0.0217112,0.0347062,0.0467481,-0.00393735,-0.0257265,-0.0421757,8.86308e-05,0.00906518,0.0150387,-0.0104289,nan,nan,nan,0.000186464,nan,nan,nan,0,0,100,0,1,0,0,9.3232e-05,0.102856,0.168691,0.00179274,0,0,-0.001,0.0196865,-0.00868087,-1,0.00056068,Idle,,nan,nan,nan,nan,1,1,1,0,0,-0.001,0.0150765,0.023781,0.00135668,0.00199262,7.38469e-06,0.002,7.86636e-12,nan,nan,nan,nan,nan,nan,nan,nan
0.67623,0.0280504,-0.000685269,0.021688,0.0370455,0.0483064,-0.00294134,-0.0258044,-0.0422061,7.39407e-05,-0.00868439,-0.00331037,-0.00164446,nan,nan,nan,7.39407e-05,nan,nan,nan,0,0,100,0,1,0,0,3.69703e-05,0.103187,0.168731,0.00130706,0,0,-0.001,0.0196865,-0.00868087,-1,0.00056068,Idle,,nan,nan,nan,nan,1,1,1,0,0,-0.001,0.0177527,0.0234502,0.00129884,0.00199272,7.27523e-06,0.002,0,nan,nan,nan,nan,nan,nan,nan,nan
0.685929,0.0284325,-0.00019886,0.0216598,0.038891,0.0497367,-0.00416377,-0.0257736,-0.0421791,0.000173868,0.00393704,0.00275266,0.0113153,nan,nan,nan,7.39407e-05,nan,nan,nan,0,0,100,0,1,0,0,3.69703e-05,0.102814,0.168866,0.00130639,0,0,-0.001,0.0196865,-0.00868087,-1,0.00056068,Idle,,nan,nan,nan,nan,1,1,1,0,0,-0.001,0.0128963,0.0262433,0.00095738,0.0019918,8.1957e-06,0.002,2.14204e-11,nan,nan,nan,nan,nan,nan,nan,nan
0.690609,0.0290994,0.000638392,0.0216103,0.0403775,0.0526863,-0.00565548,-0.0258288,-0.0420992,0.000541935,-0.0146902,0.0154911,0.0217692,nan,nan,nan,7.39407e-05,nan,nan,nan,0,0,100,0,1,0,0,3.69703e-05,0.102814,0.168866,0.00130639,0,0,-0.001,0.0196865,-0.00868087,-1,0.00056068,Idle,,nan,nan,nan,nan,1,1,1,0,0,-0.001,0.0159996,0.0236024,0.000469311,0.0019918,8.1957e-06,0.002,2.14204e-11,nan,nan,nan,nan,nan,nan,nan,nan
0.699471,0.0294269,0.00104854,0.0215796,0.0387974,0.0523458,-0.00387422,-0.0259,-0.0421674,0.000725078,-0.00695646,-0.00816537,0.0202936,nan,nan,nan,7.39407e-05,nan,nan,nan,0,0,100,0,1,0,0,3.69703e-05,0.103431,0.168887,0.00124246,0,0,-0.001,0.0196865,-0.00868087,-1,0.00056068,Idle,,nan,nan,nan,nan,1,1,1,0,0,-0.001,0.0196005,0.0282806,-0.000104281,0.00198227,0,0.00200886,8.86785e-06,nan,nan,nan,nan,nan,nan,nan,nan
0.71337,0.0297587,0.00146996,0.021552,0.0404921,0.0543143,-0.00398597,-0.0258981,-0.0421354,0.000810249,0.000721758,0.00325895,0.00963384,nan,nan,nan,0.000810249,nan,nan,nan,0,0,100,0,1,0,0,0.000405125,0.103536,0.168534,0.00128915,0,0,-0.001,0.0196865,-0.00868087,-1,0.00056068,Idle,,nan,nan,nan,nan,1,1,1,0,0,-0.001,0.0143509,0.0241945,-0.0004987,0.00198496,0,0.00200752,7.52083e-06,nan,nan,nan,nan,nan,nan,nan,nan
0.72289,0.0301024,0.00189786,0.0215289,0.0404781,0.0537854,-0.0040315,-0.0258086,-0.0422571,0.000794097,0.0100586,-0.0136219,-0.00204191,nan,nan,nan,0.000810249,nan,nan,nan,0,0,100,0,1,0,0,0.000405125,0.103181,0.169018,0.00157189,0,0,-0.001,0.0196865,-0.00868087,-1,0.00056068,Idle,,nan,nan,nan,nan,1,1,1,0,0,-0.001,0.0121638,0.0291168,-0.000563861,0.00198172,0,0.00200914,9.1433e-06,nan,nan,nan,nan,nan,nan,nan,nan
0.735475,0.0304467,0.00232772,0.0215011,0.0417793,0.0540985,-0.0046883,-0.025822,-0.0421085,0.000677081,-0.00193435,0.0168299,-0.0124748,nan,nan,nan,0.000677081,nan,nan,nan,0,0,100,0,1,0,0,0.00033854,0.103239,0.168422,0.00184965,0,0,-0.001,0.0196865,-0.00868087,-1,0.00056068,Idle,,nan,nan,nan,nan,1,1,1,0,0,-0.001,0.016425,0.021016,-0.000360066,0.00198706,0,0.00200647,6.46974e-06,nan,nan,nan,nan,nan,nan,nan,nan
0.744601,0.0307998,0.00276429,0.0214654,0.0416334,0.0535275,-0.00487362,-0.0258078,-0.0421999,0.00055579,0.00113002,-0.00986984,-0.0136423,nan,nan,nan,0.000677081,nan,nan,nan,0,0,100,0,1,0,0,0.00033854,0.103182,0.168787,0.00186408,0,0,-0.001,0.0196865,-0.00868087,-1,0.00056068,Idle,,nan,nan,nan,nan,1,1,1,0,0,-0.001,0.0158191,0.0268109,0.000111302,0.00199162,8.38286e-06,0.002,0,nan,nan,nan,nan,nan,nan,nan,nan
0.749342,0.0311583,0.00321299,0.0214357,0.0426378,0.0560391,-0.00360599,-0.0258208,-0.0421053,0.000386664,-0.00212541,0.0109669,-0.0184305,nan,nan,nan,0.000677081,nan,nan,nan,0,0,100,0,1,0,0,0.00033854,0.103182,0.168787,0.00186408,0,0,-0.001,0.0196865,-0.00868087,-1,0.00056068,Idle,,nan,nan,nan,nan,1,1,1,0,0,-0.001,0.0164644,0.0246067,0.000494746,0.00199162,8.38286e-06,0.002,0,nan,nan,nan,nan,nan,nan,nan,nan
0.758041,0.0315265,0.00367457,0.0214091,0.0440902,0.0562346,-0.00450657,-0.0258363,-0.0422532,0.000281668,-0.00208397,-0.0161409,-0.0119364,nan,nan,nan,0.000677081,nan,nan,nan,0,0,100,0,1,0,0,0.00033854,0.103444,0.168744,0.00162228,0,0,-0.001,0.0196865,-0.00868087,-1,0.00056068,Idle,,nan,nan,nan,nan,1,1,1,0,0,-0.001,0.0164551,0.0251799,0.000843869,0.00199216,7.8451e-06,0.002,0,nan,nan,nan,nan,nan,nan,nan,nan
0.778856,0.0319059,0.00414438,0.0213775,0.0454124,0.058667,-0.00444571,-0.0258117,-0.0422184,0.000249015,0.00271676,0.00393396,-0.00344518,nan,nan,nan,0.000249015,nan,nan,nan,0,0,100,0,1,0,0,0.000124507,0.10343,0.168776,0.00153482,0,0,-0.001,0.0196865,-0.00868087,-1,0.00056068,Idle,,nan,nan,nan,nan,1,1,1,0,0,-0.001,0.016328,0.0250892,0.00090781,0.00199218,7.81531e-06,0.002,8.17803e-12,nan,nan,nan,nan,nan,nan,nan,nan
0.780104,0.0326534,0.00510849,0.0213142,0.0477883,0.0617268,-0.00436443,-0.0259041,-0.0422746,0.000293063,-0.00311805,-0.00602413,0.00356814,nan,nan,nan,0.000249015,nan,nan,nan,0,0,100,0,1,0,0,0.000124507,0.103536,0.168893,0.00151796,0,0,-0.001,0.0196865,-0.00868087,-1,0.00056068,Idle,,nan,nan,nan,nan,1,1,1,0,0,-0.001,0.0160856,0.0256437,0.000822333,0.001992,7.99727e-06,0.002,2.30352e-11,nan,nan,nan,nan,nan,nan,nan,nan
0.79396,0.0330856,0.00568401,0.0212811,0.0473798,0.0617813,-0.00457453,-0.0259287,-0.0422591,0.000424746,-0.00194854,0.00119168,0.0148242,nan,nan,nan,0.000293063,nan,nan,nan,0,0,100,0,1,0,0,0.000146532,0.103576,0.16926,0.00131094,0,0,-0.001,0.0196865,-0.00868087,-1,0.00056068,Idle,,nan,nan,nan,nan,1,1,1,0,0,-0.001,0.0155395,0.0267556,0.000586113,0.00199163,8.36664e-06,0.002,0,nan,nan,nan,nan,nan,nan,nan,nan
0.804381,0.0334586,0.00617162,0.0212603,0.0474329,0.0633764,-0.00259096,-0.0259308,-0.0423276,0.000575236,0.000655763,-0.00816939,0.0165865,nan,nan,nan,0.000293063,nan,nan,nan,0,0,100,0,1,0,0,0.000146532,0.103664,0.169304,0.00111522,0,0,-0.001,0.0196865,-0.00868087,-1,0.00056068,Idle,,nan,nan,nan,nan,1,1,1,0,0,-0.001,0.0150613,0.0262966,0.000200795,0.00199179,8.21364e-06,0.002,0,nan,nan,nan,nan,nan,nan,nan,nan
0.822263,0.0342114,0.0071802,0.0212073,0.0499187,0.0642282,-0.00398848,-0.0260127,-0.0423391,0.000688144,-0.00479207,-0.00561891,0.00164037,nan,nan,nan,0.000673271,nan,nan,nan,0,0,100,0,1,0,0,0.000336635,0.103996,0.169347,0.00150011,0,0,-0.001,0.0196865,-0.00868087,-1,0.00056068,Idle,,nan,nan,nan,nan,1,1,1,0,0,-0.001,0.0160338,0.0246811,-9.68889e-05,0.00198464,0,0.00200767,7.68065e-06,nan,nan,nan,nan,nan,nan,nan,nan
0.843258,0.0349731,0.00822201,0.0211515,0.0498678,0.065266,-0.00451322,-0.026029,-0.0423312,0.000642939,0.00591375,-0.000271957,-0.00459366,nan,nan,nan,0.000685293,nan,nan,nan,0,0,100,0,1,0,0,0.000342647,0.104063,0.169314,0.00166097,0,0,-0.001,0.0196865,-0.00868087,-1,0.00056068,Idle,,nan,nan,nan,nan,1,1,1,0,0,-0.001,0.0138637,0.0266711,-8.74366e-05,0.00198333,0,0.00200833,8.33706e-06,nan,nan,nan,nan,nan,nan,nan,nan
0.851248,0.0357538,0.00929757,0.0210944,0.0514576,0.0692547,-0.00495849,-0.0260008,-0.0423302,0.00047311,0.00219837,-0.00280614,-0.00881611,nan,nan,nan,0.000685293,nan,nan,nan,0,0,100,0,1,0,0,0.000342647,0.104018,0.169159,0.00166208,0,0,-0.001,0.0196865,-0.00868087,-1,0.00056068,Idle,,nan,nan,nan,nan,1,1,1,0,0,-0.001,0.0152627,0.0237531,0.000176142,0.00199263,7.37339e-06,0.002,0,nan,nan,nan,nan,nan,nan,nan,nan
0.861552,0.0361592,0.00986001,0.0210616,0.0507875,0.0701509,-0.00341466,-0.0260564,-0.0422614,0.000376753,-0.00647204,0.00777598,-0.0103995,nan,nan,nan,0.000685293,nan,nan,nan,0,0,100,0,1,0,0,0.000342647,0.104087,0.169095,0.0016911,0,0,-0.001,0.0196865,-0.00868087,-1,0.00056068,Idle,,nan,nan,nan,nan,1,1,1,0,0,-0.001,0.0165982,0.0250352,0.000464065,0.0019922,7.79758e-06,0.002,0,nan,nan,nan,nan,nan,nan,nan,nan
0.875306,0.0365623,0.010432,0.0210356,0.052006,0.0693746,-0.00439507,-0.0260013,-0.0423002,0.000326005,0.00607453,-0.00433332,-0.00564005,nan,nan,nan,0.000376753,nan,nan,nan,0,0,100,0,1,0,0,0.000188376,0.104238,0.169003,0.00159116,0,0,-0.001,0.0196865,-0.00868087,-1,0.00056068,Idle,,nan,nan,nan,nan,1,1,1,0,0,-0.001,0.0151437,0.0251183,0.000652905,0.00199218,7.82521e-06,0.002,0,nan,nan,nan,nan,nan,nan,nan,nan
0.882591,0.0369908,0.0110169,0.0210057,0.0536894,0.0719207,-0.00402927,-0.0260413,-0.0422734,0.000351881,-0.00416481,0.00275638,0.00306925,nan,nan,nan,0.000376753,nan,nan,nan,0,0,100,0,1,0,0,0.000188376,0.103982,0.169057,0.00142881,0,0,-0.001,0.0196865,-0.00868087,-1,0.00056068,Idle,,nan,nan,nan,nan,1,1,1,0,0,-0.001,0.0151198,0.0246271,0.000674172,0.00199234,7.66263e-06,0.002,6.03997e-12,nan,nan,nan,nan,nan,nan,nan,nan
0.902891,0.0377317,0.0121601,0.0210027,0.0560268,0.0748388,-0.00487621,-0.0260133,-0.0422561,0.000527006,0.00668376,-0.00355378,0.0148497,nan,nan,nan,0.000394961,nan,nan,nan,0,0,100,0,1,0,0,0.00019748,0.103995,0.169018,0.00116914,0,0,-0.001,0.0196865,-0.00868087,-1,0.00056068,Idle,,nan,nan,nan,nan,1,1,1,0,0,-0.001,0.014369,0.0264036,0.0003614,0.00199175,8.24939e-06,0.002,0,nan,nan,nan,nan,nan,nan,nan,nan
0.909829,0.0382026,0.0128627,0.0209886,0.0549099,0.0767872,-0.00366752,-0.0260629,-0.0421749,0.00058841,-0.00499395,0.00856786,0.00722188,nan,nan,nan,0.000394961,nan,nan,nan,0,0,100,0,1,0,0,0.00019748,0.104195,0.168691,0.00136684,0,0,-0.001,0.0196865,-0.00868087,-1,0.00056068,Idle,,nan,nan,nan,nan,1,1,1,0,0,-0.001,0.0157083,0.0238077,9.05426e-05,0.00199261,7.39212e-06,0.002,0,nan,nan,nan,nan,nan,nan,nan,nan
0.919014,0.0385981,0.0134631,0.0209922,0.0561357,0.075225,-0.00187079,-0.0260459,-0.0422717,0.000631563,0.00231698,-0.0112093,0.00467228,nan,nan,nan,0.000394961,nan,nan,nan,0,0,100,0,1,0,0,0.00019748,0.104128,0.169078,0.00142046,0,0,-0.001,0.0196865,-0.00868087,-1,0.00056068,Idle,,nan,nan,nan,nan,1,1,1,0,0,-0.001,0.0147269,0.0292945,-6.41608e-05,0.0019816,0,0.0020092,9.20323e-06,nan,nan,nan,nan,nan,nan,nan,nan
0.932069,0.0389964,0.0140639,0.0209997,0.0559629,0.0766637,-0.00334367,-0.0260281,-0.0422017,0.000650215,0.00230177,0.00744047,0.00242847,nan,nan,nan,0.000650215,nan,nan,nan,0,0,100,0,1,0,0,0.000325108,0.103937,0.168816,0.00154581,0,0,-0.001,0.0196865,-0.00868087,-1,0.00056068,Idle,,nan,nan,nan,nan,1,1,1,0,0,-0.001,0.0149694,0.0226261,-0.000120621,0.001986,0,0.002007,7.0012e-06,nan,nan,nan,nan,nan,nan,nan,nan
0.941237,0.0394068,0.0146871,0.0209939,0.0577973,0.0787977,-0.00437163,-0.0260157,-0.0422442,0.000649723,0.00159517,-0.00500305,-2.95504e-05,nan,nan,nan,0.000650215,nan,nan,nan,0,0,100,0,1,0,0,0.000325108,0.103898,0.169118,0.00163751,0,0,-0.001,0.0196865,-0.00868087,-1,0.00056068,Idle,,nan,nan,nan,nan,1,1,1,0,0,-0.001,0.0156931,0.0277439,-3.16668e-05,0.00198262,0,0.00200868,8.69292e-06,nan,nan,nan,nan,nan,nan,nan,nan
0.954434,0.0398247,0.0153137,0.02099,0.0570845,0.078258,-0.00276968,-0.0260136,-0.0422161,0.000542616,-5.26759e-05,0.00315887,-0.011747,nan,nan,nan,0.000542616,nan,nan,nan,0,0,100,0,1,0,0,0.000271308,0.103925,0.16883,0.00163349,0,0,-0.001,0.0196865,-0.00868087,-1,0.00056068,Idle,,nan,nan,nan,nan,1,1,1,0,0,-0.001,0.0156711,0.0243582,0.000218251,0.00199243,7.57299e-06,0.002,5.89492e-12,nan,nan,nan,nan,nan,nan,nan,nan
0.965601,0.0406775,0.0165868,0.0209961,0.0594498,0.0806914,-0.00223565,-0.0259389,-0.0422786,0.000403727,0.00450472,4.57749e-05,-0.00786127,nan,nan,nan,0.000542616,nan,nan,nan,0,0,100,0,1,0,0,0.000271308,0.103922,0.169182,0.00167969,0,0,-0.001,0.0196865,-0.00868087,-1,0.00056068,Idle,,nan,nan,nan,nan,1,1,1,0,0,-0.001,0.0149577,0.0272192,0.000465268,0.00199148,8.51986e-06,0.002,8.46566e-12,nan,nan,nan,nan,nan,nan,nan,nan
0.976783,0.0411143,0.0172392,0.0209954,0.0596441,0.0809182,-0.00323066,-0.0259098,-0.0422373,0.000364372,0.00326666,0.00441762,-0.00412143,nan,nan,nan,0.000403727,nan,nan,nan,0,0,100,0,1,0,0,0.000201864,0.103635,0.168915,0.0015787,0,0,-0.001,0.0196865,-0.00868087,-1,0.00056068,Idle,,nan,nan,nan,nan,1,1,1,0,0,-0.001,0.0141121,0.023046,0.000573768,0.00199286,7.14137e-06,0.002,0,nan,nan,nan,nan,nan,nan,nan,nan
0.98595,0.0415599,0.0179073,0.0209888,0.0615143,0.0829318,-0.00334369,-0.0259248,-0.0423035,0.000317766,-0.00166841,-0.00747423,-0.00521384,nan,nan,nan,0.000403727,nan,nan,nan,0,0,100,0,1,0,0,0.000201864,0.103647,0.169203,0.00166569,0,0,-0.001,0.0196865,-0.00868087,-1,0.00056068,Idle,,nan,nan,nan,nan,1,1,1,0,0,-0.001,0.0166317,0.0278731,0.000655758,0.00199127,8.73097e-06,0.002,1.07418e-12,nan,nan,nan,nan,nan,nan,nan,nan
0.998448,0.0423239,0.0191659,0.0210943,0.0612921,0.0865331,-0.00301,-0.0259465,-0.0422957,0.000465224,0.00207955,0.00169225,0.00859822,nan,nan,nan,0.000389889,nan,nan,nan,0,0,100,0,1,0,0,0.000194945,0.10378,0.16926,0.00133588,0,0,-0.001,0.0196865,-0.00868087,-1,0.00056068,Idle,,nan,nan,nan,nan,1,1,1,0,0,-0.001,0.016856,0.0269179,0.000630807,0.00199158,8.42038e-06,0.002,1.66789e-11,nan,nan,nan,nan,nan,nan,nan,nan
1.01191,0.0427224,0.019822,0.021138,0.0628314,0.0863867,-0.00146252,-0.0259802,-0.0422464,0.000521531,-0.00317589,0.00486237,0.00655935,nan,nan,nan,0.000521531,nan,nan,nan,0,0,100,0,1,0,0,0.000260765,0.103865,0.168977,0.00137883,0,0,-0.001,0.0196865,-0.00868087,-1,0.00056068,Idle,,nan,nan,nan,nan,1,1,1,0,0,-0.001,0.0156658,0.023828,0.000232208,0.0019926,7.39848e-06,0.002,1.16991e-12,nan,nan,nan,nan,nan,nan,nan,nan
1.02159,0.0432157,0.0206065,0.0211849,0.0616976,0.0865247,-0.00088868,-0.0259952,-0.0422995,0.000584939,-0.00105951,-0.00655574,0.00704898,nan,nan,nan,0.000521531,nan,nan,nan,0,0,100,0,1,0,0,0.000260765,0.10414,0.169276,0.00133819,0,0,-0.001,0.0196865,-0.00868087,-1,0.00056068,Idle,,nan,nan,nan,nan,1,1,1,0,0,-0.001,0.0176108,0.0272484,7.06867e-06,0.00199147,8.52958e-06,0.00199999,0,nan,nan,nan,nan,nan,nan,nan,nan
1.03476,0.0436212,0.0212705,0.0212268,0.0646046,0.0865899,-0.00317093,-0.0260817,-0.0423093,0.000674962,-0.00885603,-0.00180175,0.0100803,nan,nan,nan,0.000674962,nan,nan,nan,0,0,100,0,1,0,0,0.000337481,0.104025,0.169153,0.00155529,0,0,-0.001,0.0196865,-0.00868087,-1,0.00056068,Idle,,nan,nan,nan,nan,1,1,1,0,0,-0.001,0.0146122,0.0251462,-0.000116577,0.00198433,0,0.00200783,7.83447e-06,nan,nan,nan,nan,nan,nan,nan,nan
1.04298,0.0444602,0.0226419,0.0213227,0.0631092,0.0889852,-0.00218054,-0.0259809,-0.0422319,0.000639897,0.00223382,0.00651671,-0.00977171,nan,nan,nan,0.000674962,nan,nan,nan,0,0,100,0,1,0,0,0.000337481,0.103908,0.169156,0.0017233,0,0,-0.001,0.0196865,-0.00868087,-1,0.00056068,Idle,,nan,nan,nan,nan,1,1,1,0,0,-0.001,0.0139653,0.0241962,-0.000160351,0.00198496,0,0.00200752,7.51972e-06,nan,nan,nan,nan,nan,nan,nan,nan
1.06634,0.0453342,0.0240439,0.021402,0.064084,0.090802,-0.00253262,-0.02604,-0.0421982,0.000524958,0.00192991,0.0107514,-0.00755852,nan,nan,nan,0.000639897,nan,nan,nan,0,0,100,0,1,0,0,0.000319949,0.104178,0.168843,0.00159071,0,0,-0.001,0.0196865,-0.00868087,-1,0.00056068,Idle,,nan,nan,4,0.20944,1,1,1,0,0,-0.001,0.0173863,0.0224717,0.000161557,0.00199305,6.95144e-06,0.002,3.58386e-12,nan,nan,nan,nan,nan,nan,nan,nan
1.07003,0.0457854,0.0247639,0.0214344,0.0684547,0.092037,-0.00269123,-0.0260372,-0.0422864,0.000474801,0.000359425,-0.0100607,-0.00567241,nan,nan,nan,0.000639897,nan,nan,nan,0,0,100,0,1,0,0,0.000319949,0.104178,0.168843,0.00159071,0,0,-0.001,0.0196865,-0.00868087,-1,0.00056068,Idle,,nan,nan,4,0.20944,1,1,1,0,0,-0.001,0.0173863,0.0224717,0.000161557,0.00199305,6.95144e-06,0.002,3.58386e-12,nan,nan,nan,nan,nan,nan,nan,nan
1.07944,0.0462495,0.0254995,0.0214771,0.0664321,0.0931638,-0.000531334,-0.0260458,-0.0421469,0.000488094,-0.000612381,0.015145,0.00202231,nan,nan,nan,0.000639897,nan,nan,nan,0,0,100,0,1,0,0,0.000319949,-0.00479596,0.255793,0.00497251,0,0,-0.00506281,0.0196865,-0.00868087,-1,0.00056068,Idle,,nan,nan,4,0.20944,1,1,1,0,0,-0.00506281,-0.000837337,0.0362916,0.000563439,0.010116,9.6141e-06,0.0101256,2.39308e-11,nan,nan,nan,nan,nan,nan,nan,nan
1.09267,0.0466185,0.0261658,0.0215622,0.0663846,0.0936862,-0.00202942,-0.0260812,-0.0422644,0.000465254,-0.00377686,-0.0134308,-0.00275671,0.0196865,-0.00868087,-1,0.00056068,-0.0255854,-0.0331044,2.38639,-0.190468,-0.271004,9.68411,0,0.999857,-0.0138071,0.00971254,0.000414448,-0.0064416,0.247666,0.00492697,0,0,-0.00704324,0.0196865,-0.00868087,-1,0.00056068,Idle,,nan,nan,4,0.20944,1,1,1,0,0,-0.00704324,-0.000240709,0.0387989,0.000644977,0.014077,9.51858e-06,0.0140865,2.07418e-11,nan,nan,nan,nan,nan,nan,nan,nan
1.1016,0.0470163,0.0268502,0.0216253,0.0701253,0.0969585,-0.00241638,-0.026023,-0.0421456,0.000467005,0.00692564,0.012582,0.000701211,0.0196865,-0.00868087,-1,0.00056068,-0.0255854,-0.0331044,2.38639,-0.190468,-0.271004,9.68411,0,0.999857,-0.0138071,0.00971254,0.000414448,-0.0064735,0.246181,0.00488483,0,0,-0.00812694,0.0196865,-0.00868087,-1,0.00056068,Idle,,nan,nan,4,0.20944,1,1,1,0,0,-0.00812694,-0.00173852,0.0354222,0.000655536,0.016246,7.89738e-06,0.0162539,0,nan,nan,nan,nan,nan,nan,nan,nan
1.11427,0.0474132,0.0275545,0.0216964,0.0679223,0.0965956,-0.000376336,-0.026081,-0.0421218,0.000505207,-0.00584372,0.00190911,0.00447589,0.0196865,-0.00868087,-1,0.00056068,-0.0263403,-0.0344236,2.35375,-0.194494,-0.281747,9.63245,0,0.999848,-0.0143541,0.00991777,0.000422709,-0.0105784,0.247911,0.00484754,0,0,-0.0115532,0.0196865,-0.00868087,-1,0.00056068,Idle,,nan,nan,4,0.20944,1,1,1,0,0,-0.00950946,-0.0013055,0.0376982,0.000630112,0.0190109,8.00262e-06,0.0190189,0,nan,nan,nan,nan,nan,nan,nan,nan
1.1225,0.048249,0.0289905,0.0218434,0.0681671,0.0986956,-0.00166842,-0.0261265,-0.0421256,0.000612179,-0.000376849,0.00132646,0.00545249,0.0196865,-0.00868087,-1,0.00056068,-0.0263403,-0.0344236,2.35375,-0.194494,-0.281747,9.63245,0,0.999848,-0.0143541,0.00991777,0.000422709,-0.0116404,0.260864,0.0049282,0,0,-0.0128667,0.0196865,-0.00868087,-1,0.00056068,Idle,,nan,nan,4,0.20944,1,1,1,0,0,-0.0115532,-0.0010156,0.0368491,0.000540775,0.0230997,6.76827e-06,0.0231065,1.77635e-11,nan,nan,nan,nan,nan,nan,nan,nan
1.13631,0.0487741,0.029881,0.0219044,0.0698139,0.101085,-0.00297871,-0.0261075,-0.0421734,0.000636213,0.00265248,-0.00600304,0.00268047,0.0196865,-0.00868087,-1,0.00056068,-0.0271344,-0.0357878,2.32111,-0.187758,-0.288136,9.59157,0,0.999846,-0.0146806,0.0095751,0.000420921,-0.0132053,0.244944,0.00464905,0,0,-0.0142648,0.0196865,-0.00868087,-1,0.00056068,Idle,,nan,nan,4,0.20944,1,1,1,0,0,-0.0142648,-0.00297935,0.0359905,0.00044171,0.0285243,5.21762e-06,0.0285295,0,nan,nan,nan,nan,nan,nan,nan,nan
1.14581,0.0492207,0.03063,0.0219633,0.0719944,0.100738,-0.00140166,-0.0261119,-0.0421041,0.000640586,-6.12428e-05,0.00710262,0.000830648,0.0196865,-0.00868087,-1,0.00056068,-0.0271344,-0.0357878,2.32111,-0.187758,-0.288136,9.59157,0,0.999846,-0.0146806,0.0095751,0.000420921,-0.0185029,0.250173,0.00473519,0,0,-0.0154947,0.0196865,-0.00868087,-1,0.00056068,Idle,,nan,nan,4,0.20944,1,1,1,0,0,-0.0154947,-0.00306919,0.0355165,0.000410358,0.030985,4.48525e-06,0.0309894,7.18555e-12,nan,nan,nan,nan,nan,nan,nan,nan
1.16576,0.0505987,0.0329459,0.0221457,0.0726738,0.103113,-0.00173056,-0.0260944,-0.0420917,0.000612833,-0.00195017,0.00127658,0.000492442,0.0196865,-0.00868087,-1,0.00056068,-0.0293665,-0.0395454,2.23952,-0.207192,-0.297893,9.47108,0,0.999829,-0.0151764,0.0105655,0.000440698,-0.0149057,0.264722,0.00503296,0,0,-0.0205922,0.0196865,-0.00868087,-1,0.00056068,Idle,,nan,nan,4,0.20944,1,1,1,0,0,-0.0174935,-0.00128733,0.0403254,0.000469387,0.034982,5.13936e-06,0.0349871,4.21472e-12,nan,nan,nan,nan,nan,nan,nan,nan
1.1758,0.0510708,0.0337354,0.0222028,0.0737914,0.105241,-0.000261101,-0.0260125,-0.0420819,0.000532551,0.00913352,0.000757726,-0.00877248,0.0196865,-0.00868087,-1,0.00056068,-0.0293665,-0.0395454,2.23952,-0.207192,-0.297893,9.47108,0,0.999829,-0.0151764,0.0105655,0.000440698,-0.0223325,0.255489,0.00525828,0,0,-0.0243217,0.0196865,-0.00868087,-1,0.00056068,Idle,,nan,nan,4,0.20944,1,1,1,0,0,-0.0205922,-0.00319186,0.0395334,0.000651582,0.0411817,2.77668e-06,0.0411844,1.02769e-11,nan,nan,nan,nan,nan,nan,nan,nan
1.18618,0.0514627,0.0344481,0.0223032,0.0735724,0.105632,-0.00120107,-0.0260859,-0.0419923,0.000522084,-0.007838,0.0094547,-0.000780088,0.0196865,-0.00868087,-1,0.00056068,-0.0301874,-0.0409725,2.20688,-0.210053,-0.307471,9.41839,0,0.99982,-0.0156642,0.0107115,0.000448142,-0.0223325,0.255489,0.00525828,0,0,-0.0243217,0.0196865,-0.00868087,-1,0.00056068,Idle,,nan,nan,4,0.20944,1,1,1,0,0,-0.0222573,-0.00270656,0.0397914,0.000859397,0.0445118,2.73779e-06,0.0445146,0,nan,nan,nan,nan,nan,nan,nan,nan
1.19565,0.0518517,0.0351755,0.0223961,0.0744481,0.106176,-0.00153234,-0.0260875,-0.0419013,0.000503594,0.000305057,0.00939675,-0.00167183,0.0196865,-0.00868087,-1,0.00056068,-0.0301874,-0.0409725,2.20688,-0.210053,-0.307471,9.41839,0,0.99982,-0.0156642,0.0107115,0.000448142,-0.0220944,0.255189,0.00525999,0,0,-0.0243217,0.0196865,-0.00868087,-1,0.00056068,Idle,,nan,nan,4,0.20944,1,1,1,0,0,-0.0243217,-0.00105241,0.0370937,0.000917772,0.0486426,8.8237e-07,0.0486435,1.28332e-11,nan,nan,nan,nan,nan,nan,nan,nan
1.20518,0.0522548,0.0359209,0.0224845,0.0771117,0.106996,-0.000635739,-0.0260137,-0.0418583,0.000520768,0.00883034,0.00393993,0.00214028,0.0196865,-0.00868087,-1,0.00056068,-0.0301874,-0.0409725,2.20688,-0.210053,-0.307471,9.41839,0,0.99982,-0.0156642,0.0107115,0.000448142,-0.0211761,0.255313,0.00524878,0,0,-0.0273643,0.0196865,-0.00868087,-1,0.00056068,Idle,,nan,nan,4,0.20944,1,1,1,0,0,-0.0257528,-0.00434325,0.037777,0.000948452,0.0515051,4.39468e-07,0.0515055,1.34417e-12,nan,nan,nan,nan,nan,nan,nan,nan
1.22073,0.0530811,0.0374389,0.0226659,0.0750904,0.10991,-1.30859e-05,-0.0261273,-0.0417924,0.000632682,0.00158689,-0.00185529,0.00605859,0.0196865,-0.00868087,-1,0.00056068,-0.0301874,-0.0409725,2.20688,-0.210053,-0.307471,9.41839,0,0.99982,-0.0156642,0.0107115,0.000448142,-0.0192858,0.250576,0.00494226,0,0,-0.0307938,0.0196865,-0.00868087,-1,0.00056068,Idle,,nan,nan,4,0.20944,1,1,1,0,0,-0.0307938,-0.00125651,0.039248,0.000845021,0.0602728,0.0030044,0.0567769,0.00312106,nan,nan,nan,nan,nan,nan,nan,nan
1.23412,0.0535224,0.038219,0.0227494,0.0767007,0.109424,-0.000865819,-0.0260212,-0.0417332,0.00065484,0.0124635,0.00578984,0.00274174,0.0196865,-0.00868087,-1,0.00056068,-0.0317249,-0.0438137,2.14161,-0.21291,-0.324943,9.30942,0,0.999804,-0.0165523,0.0108564,0.000460062,-0.0281078,0.25374,0.00503197,0,0,-0.0329833,0.0196865,-0.00868087,-1,0.00056068,Idle,,nan,nan,4,0.20944,1,1,1,0,0,-0.0329833,-0.0057402,0.0370936,0.000713935,0.0639779,0.00341616,0.0544028,0.0101362,nan,nan,nan,nan,nan,nan,nan,nan
1.24367,0.0539586,0.0390107,0.0228386,0.0764967,0.110677,-0.00019585,-0.0260793,-0.0416503,0.000686076,-0.00578817,0.00840191,0.00381618,0.0196865,-0.00868087,-1,0.00056068,-0.0317249,-0.0438137,2.14161,-0.21291,-0.324943,9.30942,0,0.999804,-0.0165523,0.0108564,0.000460062,-0.0245178,0.257777,0.00490651,0,0,-0.0345353,0.0196865,-0.00868087,-1,0.00056068,Idle,,nan,nan,4,0.20944,1,1,1,0,0,-0.0345353,-0.00249318,0.0373626,0.00064065,0.0633505,0.00700112,0.0585129,0.00927666,nan,nan,nan,nan,nan,nan,nan,nan
1.25582,0.0545254,0.0399845,0.0229183,0.0806556,0.112163,-0.000549531,-0.0261698,-0.0416507,0.000703677,-0.00941489,-0.00081215,0.00204428,0.0196865,-0.00868087,-1,0.00056068,-0.033097,-0.0462321,2.09257,-0.248541,-0.329051,9.22993,0,0.999779,-0.0167596,0.0126719,0.000492735,-0.0265451,0.256076,0.00488425,0,0,-0.0365103,0.0196865,-0.00868087,-1,0.00056068,Idle,,nan,nan,4,0.20944,1,1,1,0,0,-0.0365103,-0.00140084,0.0396795,0.000598936,0.0633505,0.00700112,0.0585129,0.00927666,nan,nan,nan,nan,nan,nan,nan,nan
1.26455,0.0554576,0.0416181,0.0230902,0.0767151,0.112381,0.000783974,-0.0261314,-0.0415298,0.000668073,-0.0055799,0.00294628,-0.000239183,0.0196865,-0.00868087,-1,0.00056068,-0.033097,-0.0462321,2.09257,-0.248541,-0.329051,9.22993,0,0.999779,-0.0167596,0.0126719,0.000492735,-0.0298961,0.267507,0.00527003,0,0,-0.0382594,0.0196865,-0.00868087,-1,0.00056068,Idle,,nan,nan,4,0.20944,1,1,1,0,0,-0.0382594,-0.00763249,0.0370197,0.000640095,0.0704648,0.00733398,0.0583585,0.0168805,nan,nan,nan,nan,nan,nan,nan,nan
1.27639,0.0559649,0.0425182,0.0231751,0.0735079,0.116538,0.00103756,-0.0261873,-0.0415236,0.000615022,-0.00596795,0.000168842,-0.00579497,0.0196865,-0.00868087,-1,0.00056068,-0.033097,-0.0462321,2.09257,-0.248541,-0.329051,9.22993,0,0.999779,-0.0167596,0.0126719,0.000492735,-0.0273507,0.251771,0.00495606,0,0,-0.0422793,0.0196865,-0.00868087,-1,0.00056068,Idle,,nan,nan,4,0.20944,1,1,1,0,0,-0.0422793,-0.00158434,0.039315,0.000841113,0.0720309,0.0142095,0.0680733,0.0148034,nan,nan,nan,nan,nan,nan,nan,nan
1.28625,0.0564053,0.0433809,0.0232657,0.0756096,0.115408,0.000809339,-0.026145,-0.041498,0.000569837,0.00499345,0.00231497,-0.00486804,0.0196865,-0.00868087,-1,0.00056068,-0.0348829,-0.0494587,2.02738,-0.208983,-0.336334,9.11229,0,0.999796,-0.0171329,0.0106566,0.000462949,-0.0388491,0.242805,0.00524305,0,0,-0.0442255,0.0196865,-0.00868087,-1,0.00056068,Idle,,nan,nan,4,0.20944,1,1,1,0,0,-0.0422793,-0.00158434,0.039315,0.000841113,0.0720309,0.0142095,0.0680733,0.0148034,nan,nan,nan,nan,nan,nan,nan,nan
1.29149,0.0567525,0.0441131,0.0233827,0.0776286,0.117014,0.000592431,-0.026124,-0.0413512,0.00059296,0.00291195,0.0155524,0.00306221,0.0196865,-0.00868087,-1,0.00056068,-0.0348829,-0.0494587,2.02738,-0.208983,-0.336334,9.11229,0,0.999796,-0.0171329,0.0106566,0.000462949,-0.0388491,0.242805,0.00524305,0,0,-0.0442255,0.0196865,-0.00868087,-1,0.00056068,Idle,,nan,nan,4,0.20944,1,1,1,0,0,-0.0442255,-0.0109358,0.0375753,0.000978661,0.0794966,0.0109112,0.0620387,0.0244554,nan,nan,nan,nan,nan,nan,nan,nan
1.30042,0.0571211,0.044856,0.023505,0.0788744,0.117036,0.00185966,-0.0262353,-0.0413937,0.000561237,-0.0117967,-0.00559208,-0.00364108,0.0196865,-0.00868087,-1,0.00056068,-0.0348829,-0.0494587,2.02738,-0.208983,-0.336334,9.11229,0,0.999796,-0.0171329,0.0106566,0.000462949,-0.0356694,0.257475,0.00543401,0,0,-0.0479446,0.0196865,-0.00868087,-1,0.00056068,Idle,,nan,nan,4,0.20944,1,1,1,0,0,-0.0479446,-0.00379039,0.039973,0.00100121,0.0798801,0.018011,0.0724796,0.0214076,nan,nan,nan,nan,nan,nan,nan,nan
1.31472,0.0575083,0.0456021,0.0236219,0.0797575,0.117216,0.00233986,-0.0262238,-0.041517,0.000568928,0.00210601,-0.0146472,0.000521647,0.0196865,-0.00868087,-1,0.00056068,-0.0355629,-0.05086,1.99474,-0.232246,-0.339567,9.05023,0,0.99978,-0.0172959,0.0118418,0.000485182,-0.0335226,0.26065,0.00552627,0,0,-0.0501807,0.0196865,-0.00868087,-1,0.00056068,Idle,,nan,nan,4,0.20944,1,1,1,0,0,-0.0501807,-0.00199287,0.0424056,0.00102945,0.0825931,0.0198268,0.0776761,0.0206269,nan,nan,nan,nan,nan,nan,nan,nan
1.32348,0.0579173,0.0463788,0.0237364,0.0814752,0.121018,0.00130449,-0.0262316,-0.0414709,0.000654723,0.000303774,0.00399994,0.0096998,0.0196865,-0.00868087,-1,0.00056068,-0.0355629,-0.05086,1.99474,-0.232246,-0.339567,9.05023,0,0.99978,-0.0172959,0.0118418,0.000485182,-0.0326567,0.261604,0.00535806,0,0,-0.0522765,0.0196865,-0.00868087,-1,0.00056068,Idle,,nan,nan,4,0.20944,1,1,1,0,0,-0.0522765,-0.00653828,0.0375757,0.00100029,0.0844581,0.0220951,0.0731719,0.029381,nan,nan,nan,nan,nan,nan,nan,nan
1.33637,0.0583398,0.0471651,0.0238465,0.0829616,0.118832,0.000347559,-0.0262689,-0.0416067,0.000637867,-0.00346027,-0.0159423,-0.00225303,0.0196865,-0.00868087,-1,0.00056068,-0.0367206,-0.0530537,1.94578,-0.251877,-0.340158,8.96677,0,0.999767,-0.0173254,0.0128424,0.000502863,-0.0428616,0.266398,0.00568073,0,0,-0.0539839,0.0196865,-0.00868087,-1,0.00056068,Idle,,nan,nan,4,0.20944,1,1,1,0,0,-0.0539839,-0.00609816,0.0440434,0.000908327,0.0903354,0.0194486,0.0798523,0.0262993,nan,nan,nan,nan,nan,nan,nan,nan
1.3454,0.058779,0.047966,0.0239682,0.0827606,0.121283,0.00328193,-0.0262321,-0.0415009,0.000642432,0.00485647,0.0108614,0.00082831,0.0196865,-0.00868087,-1,0.00056068,-0.0367206,-0.0530537,1.94578,-0.251877,-0.340158,8.96677,0,0.999767,-0.0173254,0.0128424,0.000502863,-0.0338058,0.268615,0.00549685,0,0,-0.0557206,0.0196865,-0.00868087,-1,0.00056068,Idle,,nan,nan,4,0.20944,1,1,1,0,0,-0.0557206,-0.00584415,0.0379862,0.000954032,0.0876546,0.0256942,0.0774406,0.0320929,nan,nan,nan,nan,nan,nan,nan,nan
1.35017,0.0592288,0.048795,0.024085,0.0818561,0.124378,0.00231743,-0.0262602,-0.041636,0.000728189,-0.00199403,-0.0162205,0.00920328,0.0196865,-0.00868087,-1,0.00056068,-0.0367206,-0.0530537,1.94578,-0.251877,-0.340158,8.96677,0,0.999767,-0.0173254,0.0128424,0.000502863,-0.0338058,0.268615,0.00549685,0,0,-0.0557206,0.0196865,-0.00868087,-1,0.00056068,Idle,,nan,nan,4,0.20944,1,1,1,0,0,-0.0585368,-0.00546456,0.0421788,0.000851244,0.0876546,0.0256942,0.0774406,0.0320929,nan,nan,nan,nan,nan,nan,nan,nan
1.35922,0.0596675,0.0496244,0.0241983,0.0815422,0.122211,0.00306829,-0.0263436,-0.0417055,0.000690443,-0.00872445,-0.00844895,-0.00439317,0.0196865,-0.00868087,-1,0.00056068,-0.0367206,-0.0530537,1.94578,-0.251877,-0.340158,8.96677,0,0.999767,-0.0173254,0.0128424,0.000502863,-0.047378,0.262584,0.00556682,0,0,-0.0602845,0.0196865,-0.00868087,-1,0.00056068,Idle,,nan,nan,4,0.20944,1,1,1,0,0,-0.0602845,-0.0077726,0.040954,0.000805866,0.0955315,0.0266488,0.0828831,0.0360745,nan,nan,nan,nan,nan,nan,nan,nan
1.37266,0.0601131,0.0504679,0.0243265,0.0823517,0.125684,0.0034942,-0.0263362,-0.0416205,0.000696318,0.00158186,0.00863794,0.000908051,0.0196865,-0.00868087,-1,0.00056068,-0.0384052,-0.0561914,1.88051,-0.236821,-0.374886,8.83095,0,0.999745,-0.0190933,0.0120752,0.000510944,-0.0476635,0.263738,0.00557334,0,0,-0.0647372,0.0196865,-0.00868087,-1,0.00056068,Idle,,nan,nan,4,0.20944,1,1,1,0,0,-0.0625436,-0.008047,0.0433865,0.000850948,0.0997493,0.0270394,0.0866206,0.0367651,nan,nan,nan,nan,nan,nan,nan,nan
1.38125,0.0609058,0.0520261,0.0245718,0.0826708,0.125775,0.0026311,-0.0263426,-0.0417163,0.000610089,-0.00140889,0.0115856,-0.00962624,0.0196865,-0.00868087,-1,0.00056068,-0.0384052,-0.0561914,1.88051,-0.236821,-0.374886,8.83095,0,0.999745,-0.0190933,0.0120752,0.000510944,-0.0376422,0.266474,0.00542948,0,0,-0.0667143,0.0196865,-0.00868087,-1,0.00056068,Idle,,nan,nan,4,0.20944,1,1,1,0,0,-0.0647372,-0.00838482,0.0400992,0.000907038,0.0999128,0.0313753,0.0861944,0.0414664,nan,nan,nan,nan,nan,nan,nan,nan
1.39449,0.0612556,0.0527488,0.0246891,0.0829541,0.124262,0.00356112,-0.0263962,-0.0420156,0.000601284,-0.0049689,-0.0345547,-0.00183648,0.0196865,-0.00868087,-1,0.00056068,-0.0391583,-0.0576716,1.84779,-0.235372,-0.368404,8.77065,0,0.999752,-0.0187639,0.0120015,0.00050558,-0.0449497,0.262732,0.00589884,0,0,-0.0687362,0.0196865,-0.00868087,-1,0.00056068,Idle,,nan,nan,4,0.20944,1,1,1,0,0,-0.0687362,-0.00636058,0.038766,0.00110121,0.101731,0.0379435,0.0904854,0.0447851,nan,nan,nan,nan,nan,nan,nan,nan
1.40334,0.061735,0.0536687,0.0248153,0.0817986,0.125937,0.00400015,-0.0263189,-0.0418463,0.000535731,0.00934943,0.0179798,-0.00676559,0.0196865,-0.00868087,-1,0.00056068,-0.0391583,-0.0576716,1.84779,-0.235372,-0.368404,8.77065,0,0.999752,-0.0187639,0.0120015,0.00050558,-0.0385855,0.264075,0.00583165,0,0,-0.0710771,0.0196865,-0.00868087,-1,0.00056068,Idle,,nan,nan,4,0.20944,1,1,1,0,0,-0.0710771,-0.00766547,0.0388127,0.00125671,0.105182,0.0394847,0.0917795,0.0478619,nan,nan,nan,nan,nan,nan,nan,nan
1.41609,0.0621122,0.0544249,0.024938,0.0865477,0.126381,0.00303333,-0.0264319,-0.0418315,0.000552097,-0.011472,0.000560888,0.00188951,0.0196865,-0.00868087,-1,0.00056068,-0.0399461,-0.0592321,1.81523,-0.227594,-0.364952,8.70093,0,0.99976,-0.0185878,0.0116047,0.000496089,-0.0434249,0.259795,0.0057739,0,0,-0.0733591,0.0196865,-0.00868087,-1,0.00056068,Idle,,nan,nan,4,0.20944,1,1,1,0,0,-0.0733591,-0.00624668,0.0306004,0.00129504,0.105182,0.0394847,0.0917795,0.0478619,nan,nan,nan,nan,nan,nan,nan,nan
1.42532,0.0625092,0.0551927,0.0250538,0.085108,0.128586,0.00329754,-0.0265095,-0.0419438,0.000509415,-0.00781644,-0.0133939,-0.00505484,0.0196865,-0.00868087,-1,0.00056068,-0.0399461,-0.0592321,1.81523,-0.227594,-0.364952,8.70093,0,0.99976,-0.0185878,0.0116047,0.000496089,-0.0430804,0.275024,0.00628278,0,0,-0.075282,0.0196865,-0.00868087,-1,0.00056068,Idle,,nan,nan,4,0.20944,1,1,1,0,0,-0.075282,-0.00305348,0.0449033,0.00136326,0.110538,0.0427515,0.10344,0.0443976,nan,nan,nan,nan,nan,nan,nan,nan
1.43868,0.0629072,0.0559828,0.0251689,0.0839076,0.129689,0.00272356,-0.0265082,-0.0417283,0.000542861,0.00131193,0.0227672,0.00435368,0.0196865,-0.00868087,-1,0.00056068,-0.0410596,-0.0614305,1.76619,-0.236765,-0.383284,8.60661,0,0.999736,-0.0195199,0.0120719,0.000516036,-0.048733,0.267722,0.0061587,0,0,-0.077544,0.0196865,-0.00868087,-1,0.00056068,Idle,,nan,nan,4,0.20944,1,1,1,0,0,-0.077544,-0.00767543,0.0304904,0.00136224,0.105875,0.0519365,0.0922472,0.060117,nan,nan,nan,nan,nan,nan,nan,nan
1.44076,0.0633263,0.0567944,0.0252699,0.0846452,0.129769,0.00294607,-0.026516,-0.0420731,0.000589,0.000342271,-0.0397087,0.00415394,0.0196865,-0.00868087,-1,0.00056068,-0.0410596,-0.0614305,1.76619,-0.236765,-0.383284,8.60661,0,0.999736,-0.0195199,0.0120719,0.000516036,-0.048733,0.267722,0.0061587,0,0,-0.077544,0.0196865,-0.00868087,-1,0.00056068,Idle,,nan,nan,4,0.20944,1,1,1,0,0,-0.077544,-0.00767543,0.0304904,0.00136224,0.105875,0.0519365,0.0922472,0.060117,nan,nan,nan,nan,nan,nan,nan,nan
1.45447,0.0637435,0.0576137,0.0253805,0.0844557,0.129282,0.00403644,-0.0265206,-0.0418792,0.000581697,0.000433661,0.0206376,-0.000223986,0.0196865,-0.00868087,-1,0.00056068,-0.0418541,-0.0629799,1.73364,-0.240232,-0.372766,8.53419,0,0.999745,-0.0189854,0.0122491,0.00051294,-0.0486689,0.266211,0.00601633,0,0,-0.0818789,0.0196865,-0.00868087,-1,0.00056068,Idle,,nan,nan,4,0.20944,1,1,1,0,0,-0.0818789,-0.0046111,0.0304073,0.00114307,0.107765,0.0582788,0.098906,0.0625663,nan,nan,nan,nan,nan,nan,nan,nan
1.46328,0.0646381,0.059304,0.025593,0.0848605,0.132423,0.00376704,-0.0265313,-0.0419932,0.000650692,0.00577918,0.0264099,-0.000412208,0.0196865,-0.00868087,-1,0.00056068,-0.0418541,-0.0629799,1.73364,-0.240232,-0.372766,8.53419,0,0.999745,-0.0189854,0.0122491,0.00051294,-0.0584746,0.28323,0.00642306,0,0,-0.0863986,0.0196865,-0.00868087,-1,0.00056068,Idle,,nan,nan,4,0.20944,1,1,1,0,0,-0.0844268,-0.00865437,0.0465984,0.00102746,0.124504,0.0464036,0.110152,0.0566473,nan,nan,nan,nan,nan,nan,nan,nan
1.47324,0.0650954,0.0601661,0.0257003,0.089239,0.132921,0.00171234,-0.0266418,-0.0420108,0.000617213,-0.0114585,-0.00275695,-0.00374675,0.0196865,-0.00868087,-1,0.00056068,-0.042704,-0.0645857,1.701,-0.235739,-0.387734,8.46658,0,0.999733,-0.0197474,0.0120203,0.000517766,-0.05149,0.263536,0.00586193,0,0,-0.0889168,0.0196865,-0.00868087,-1,0.00056068,Idle,,nan,nan,4,0.20944,1,1,1,0,0,-0.0863986,-0.00865437,0.0465984,0.00102746,0.124504,0.0464036,0.110152,0.0566473,nan,nan,nan,nan,nan,nan,nan,nan
1.48243,0.0655819,0.0610361,0.0257959,0.0887119,0.133523,0.0025956,-0.0267105,-0.0421513,0.000593726,-0.00686632,-0.0165493,-0.003037,0.0196865,-0.00868087,-1,0.00056068,-0.042704,-0.0645857,1.701,-0.235739,-0.387734,8.46658,0,0.999733,-0.0197474,0.0120203,0.000517766,-0.0517858,0.278552,0.00629132,0,0,-0.0907106,0.0196865,-0.00868087,-1,0.00056068,Idle,,nan,nan,4,0.20944,1,1,1,0,0,-0.0907106,-0.00635518,0.0523112,0.00113029,0.133303,0.0503779,0.121992,0.0571697,nan,nan,nan,nan,nan,nan,nan,nan
1.49751,0.0659099,0.061709,0.025928,0.0883876,0.135341,0.00398219,-0.0266832,-0.0418972,0.000608698,0.00401526,0.0273808,0.00242835,0.0196865,-0.00868087,-1,0.00056068,-0.0436006,-0.0662311,1.66836,-0.260891,-0.390175,8.40159,0,0.999714,-0.019869,0.0133011,0.000544677,-0.052364,0.274381,0.00618223,0,0,-0.0932364,0.0196865,-0.00868087,-1,0.00056068,Idle,,nan,nan,4,0.20944,1,1,1,0,0,-0.0932364,-0.00849251,0.0323251,0.0011698,0.123247,0.065565,0.108839,0.0752945,nan,nan,nan,nan,nan,nan,nan,nan
1.50589,0.0662652,0.0623988,0.0260498,0.0897795,0.132668,0.00227549,-0.0267171,-0.042305,0.000503304,-0.00286728,-0.0463012,-0.0129432,0.0196865,-0.00868087,-1,0.00056068,-0.0436006,-0.0662311,1.66836,-0.260891,-0.390175,8.40159,0,0.999714,-0.019869,0.0133011,0.000544677,-0.056951,0.272903,0.00648859,0,0,-0.0959634,0.0196865,-0.00868087,-1,0.00056068,Idle,,nan,nan,4,0.20944,1,1,1,0,0,-0.0959634,-0.0105004,0.0499633,0.00126175,0.139957,0.0544924,0.122518,0.0668853,nan,nan,nan,nan,nan,nan,nan,nan
1.51748,0.0671538,0.0640401,0.0263108,0.0909361,0.13666,0.00408387,-0.0267774,-0.0423599,0.00051819,0.00246864,-0.0415814,-0.00555248,0.0196865,-0.00868087,-1,0.00056068,-0.0445958,-0.0681981,1.61941,-0.264351,-0.407584,8.28988,0,0.999694,-0.0207548,0.0134777,0.000560135,-0.0464951,0.275644,0.00629575,0,0,-0.0978713,0.0196865,-0.00868087,-1,0.00056068,Idle,,nan,nan,4,0.20944,1,1,1,0,0,-0.0978713,-0.00343692,0.0356195,0.00139244,0.126858,0.071669,0.119151,0.0738071,nan,nan,nan,nan,nan,nan,nan,nan
1.53151,0.0675453,0.0647836,0.0264358,0.0880167,0.137398,0.00454263,-0.0267473,-0.0422501,0.000517317,0.00471667,0.0111241,0.000219343,0.0196865,-0.00868087,-1,0.00056068,-0.0454658,-0.0697912,1.58677,-0.243443,-0.404377,8.214,0,0.999711,-0.0205929,0.0124124,0.000536016,-0.0569719,0.277993,0.00671167,0,0,-0.103175,0.0196865,-0.00868087,-1,0.00056068,Idle,,nan,nan,4,0.20944,1,1,1,0,0,-0.103175,-0.00771935,0.0299672,0.00141838,0.131218,0.0779686,0.117402,0.0861118,nan,nan,nan,nan,nan,nan,nan,nan
1.54062,0.0679535,0.0655444,0.0265623,0.093176,0.138825,0.00488987,-0.0268096,-0.0424012,0.000503929,-0.00568086,-0.0179228,-0.00195228,0.0196865,-0.00868087,-1,0.00056068,-0.0454658,-0.0697912,1.58677,-0.243443,-0.404377,8.214,0,0.999711,-0.0205929,0.0124124,0.000536016,-0.0576553,0.26872,0.00655743,0,0,-0.105685,0.0196865,-0.00868087,-1,0.00056068,Idle,,nan,nan,4,0.20944,1,1,1,0,0,-0.105685,-0.00788322,0.0485618,0.0014094,0.146983,0.0672058,0.132946,0.0756067,nan,nan,nan,nan,nan,nan,nan,nan
1.55341,0.0688028,0.0671083,0.0268031,0.0939295,0.138718,0.00437907,-0.0267428,-0.0423758,0.000466629,0.00590792,0.00699632,-0.00083783,0.0196865,-0.00868087,-1,0.00056068,-0.0462529,-0.0712556,1.55413,-0.2523,-0.411519,8.14076,0,0.999698,-0.0209549,0.0128632,0.000549961,-0.0606,0.271025,0.00672426,0,0,-0.110551,0.0196865,-0.00868087,-1,0.00056068,Idle,,nan,nan,4,0.20944,1,1,1,0,0,-0.108248,-0.00889729,0.0316646,0.00145768,0.138362,0.0810488,0.122799,0.0907824,nan,nan,nan,nan,nan,nan,nan,nan
1.56398,0.0692598,0.0679172,0.0269216,0.0927588,0.141361,0.00477704,-0.0269116,-0.042667,0.000490807,-0.017331,-0.0333861,0.00179759,0.0196865,-0.00868087,-1,0.00056068,-0.0462529,-0.0712556,1.55413,-0.2523,-0.411519,8.14076,0,0.999698,-0.0209549,0.0128632,0.000549961,-0.057244,0.285934,0.00708112,0,0,-0.11306,0.0196865,-0.00868087,-1,0.00056068,Idle,,nan,nan,4,0.20944,1,1,1,0,0,-0.110551,-0.00735476,0.0495818,0.00148728,0.152273,0.0718035,0.138825,0.0793041,nan,nan,nan,nan,nan,nan,nan,nan
1.57583,0.0697185,0.0687323,0.027041,0.0959066,0.137534,0.00429014,-0.0268429,-0.0425133,0.000490269,0.00894303,0.0161459,0.000388089,0.0196865,-0.00868087,-1,0.00056068,-0.0470947,-0.0727682,1.52141,-0.270892,-0.421531,8.0634,0,0.999674,-0.021463,0.0138105,0.000576835,-0.0640468,0.27931,0.00703505,0,0,-0.115696,0.0196865,-0.00868087,-1,0.00056068,Idle,,nan,nan,4,0.20944,1,1,1,0,0,-0.115696,-0.00716094,0.029588,0.00148239,0.143137,0.0912196,0.129977,0.0984513,nan,nan,nan,nan,nan,nan,nan,nan
1.58505,0.0702074,0.069566,0.0271565,0.0954484,0.143303,0.00521331,-0.0269332,-0.0428423,0.000440763,-0.00908832,-0.0375036,-0.00650541,0.0196865,-0.00868087,-1,0.00056068,-0.0470947,-0.0727682,1.52141,-0.270892,-0.421531,8.0634,0,0.999674,-0.021463,0.0138105,0.000576835,-0.0508362,0.289465,0.00709954,0,0,-0.118051,0.0196865,-0.00868087,-1,0.00056068,Idle,,nan,nan,4,0.20944,1,1,1,0,0,-0.118051,-0.00763322,0.0542994,0.00153219,0.163349,0.075817,0.149412,0.083627,nan,nan,nan,nan,nan,nan,nan,nan
1.59811,0.0705253,0.070144,0.0272874,0.0946078,0.138834,0.00516676,-0.0269211,-0.0426762,0.000431048,0.00249721,0.0175272,-0.00059771,0.0196865,-0.00868087,-1,0.00056068,-0.0482969,-0.0748836,1.47254,-0.273568,-0.394705,7.94719,0,0.999701,-0.0200989,0.0139471,0.000560721,-0.0690614,0.286039,0.00748186,0,0,-0.120868,0.0196865,-0.00868087,-1,0.00056068,Idle,,nan,nan,4,0.20944,1,1,1,0,0,-0.120868,-0.0129852,0.038932,0.00154901,0.1591,0.0857334,0.137564,0.101075,nan,nan,nan,nan,nan,nan,nan,nan
1.6076,0.0708752,0.0707378,0.0274112,0.0970001,0.146062,0.00451585,-0.0269745,-0.0429595,0.000469013,-0.00395108,-0.0330126,0.00337323,0.0196865,-0.00868087,-1,0.00056068,-0.0482969,-0.0748836,1.47254,-0.273568,-0.394705,7.94719,0,0.999701,-0.0200989,0.0139471,0.000560721,-0.0530626,0.283216,0.00691861,0,0,-0.123395,0.0196865,-0.00868087,-1,0.00056068,Idle,,nan,nan,4,0.20944,1,1,1,0,0,-0.123395,-0.00777708,0.0501277,0.00151582,0.165827,0.0839944,0.151718,0.0920418,nan,nan,nan,nan,nan,nan,nan,nan
1.62037,0.0719925,0.072664,0.0277857,0.0967702,0.142551,0.00575212,-0.026991,-0.0432603,0.000461141,0.00198705,-0.0266752,-0.00594283,0.0196865,-0.00868087,-1,0.00056068,-0.0489757,-0.0760466,1.43982,-0.27407,-0.409617,7.86329,0,0.999685,-0.0208568,0.0139723,0.000571827,-0.075023,0.289683,0.00764861,0,0,-0.125841,0.0196865,-0.00868087,-1,0.00056068,Idle,,nan,nan,4,0.20944,1,1,1,0,0,-0.125841,-0.0117118,0.0443629,0.00150972,0.166973,0.0877287,0.147312,0.101352,nan,nan,nan,nan,nan,nan,nan,nan
1.63453,0.0725319,0.0735516,0.0279204,0.0950635,0.149922,0.00728486,-0.02702,-0.0431535,0.000474086,-0.00144636,0.0105934,0.00175918,0.0196865,-0.00868087,-1,0.00056068,-0.0496907,-0.0772776,1.40727,-0.282116,-0.409308,7.7874,0,0.999679,-0.0208399,0.0143818,0.000580125,-0.0720733,0.284082,0.00743791,0,0,-0.131247,0.0196865,-0.00868087,-1,0.00056068,Idle,,nan,nan,4,0.20944,1,1,1,0,0,-0.131247,-0.0127419,0.0474702,0.00151683,0.175309,0.090217,0.154174,0.105287,nan,nan,nan,nan,nan,nan,nan,nan
1.6418,0.0729446,0.0742551,0.0280461,0.0975667,0.144162,0.00593084,-0.0270048,-0.0433802,0.0004236,0.00313667,-0.0263291,-0.00629839,0.0196865,-0.00868087,-1,0.00056068,-0.0496907,-0.0772776,1.40727,-0.282116,-0.409308,7.7874,0,0.999679,-0.0208399,0.0143818,0.000580125,-0.0812395,0.281059,0.00763355,0,0,-0.137108,0.0196865,-0.00868087,-1,0.00056068,Idle,,nan,nan,4,0.20944,1,1,1,0,0,-0.134011,-0.0082948,0.0354003,0.00151584,0.166393,0.104661,0.151551,0.11344,nan,nan,nan,nan,nan,nan,nan,nan
1.65682,0.0733671,0.0749671,0.0281615,0.0958935,0.148375,0.00598023,-0.027099,-0.0431823,0.00046673,-0.00857555,0.0205785,0.00536346,0.0196865,-0.00868087,-1,0.00056068,-0.0505952,-0.0787892,1.37463,-0.286937,-0.413205,7.70615,0,0.999671,-0.0210382,0.0146277,0.000588153,-0.0602969,0.290584,0.00732446,0,0,-0.139407,0.0196865,-0.00868087,-1,0.00056068,Idle,,nan,nan,4,0.20944,1,1,1,0,0,-0.139407,-0.00778744,0.0513969,0.00156382,0.182788,0.0991531,0.16856,0.107128,nan,nan,nan,nan,nan,nan,nan,nan
1.66534,0.0738039,0.0756999,0.028281,0.0999897,0.14387,0.00519736,-0.0270521,-0.043469,0.000396848,0.0065647,-0.0330608,-0.00868318,0.0196865,-0.00868087,-1,0.00056068,-0.0505952,-0.0787892,1.37463,-0.286937,-0.413205,7.70615,0,0.999671,-0.0210382,0.0146277,0.000588153,-0.0733154,0.282982,0.00759395,0,0,-0.142157,0.0196865,-0.00868087,-1,0.00056068,Idle,,nan,nan,4,0.20944,1,1,1,0,0,-0.142157,-0.0130683,0.0313168,0.00154697,0.175056,0.112352,0.153399,0.127823,nan,nan,nan,nan,nan,nan,nan,nan
1.68399,0.0747337,0.0772124,0.0285136,0.100752,0.1452,0.00564696,-0.0271624,-0.0435275,0.000400414,-0.00355292,-0.0172809,-0.0023877,0.0196865,-0.00868087,-1,0.00056068,-0.0514115,-0.0801617,1.34199,-0.302786,-0.407391,7.62753,0,0.999666,-0.0207408,0.0154346,0.000600532,-0.0736161,0.286359,0.00773844,0,0,-0.147743,0.0196865,-0.00868087,-1,0.00056068,Idle,,nan,nan,4,0.20944,1,1,1,0,0,-0.147743,-0.00860208,0.0413152,0.00167261,0.184678,0.114153,0.169079,0.123063,nan,nan,nan,nan,nan,nan,nan,nan
1.69806,0.0750371,0.0777009,0.0286531,0.0985225,0.150692,0.00601498,-0.0271271,-0.0437447,0.000359887,0.00527132,-0.0251594,-0.00516534,0.0196865,-0.00868087,-1,0.00056068,-0.052583,-0.0820627,1.29304,-0.282959,-0.457456,7.49943,0,0.999624,-0.0232888,0.0144251,0.000616398,-0.0610473,0.298702,0.00782904,0,0,-0.150261,0.0196865,-0.00868087,-1,0.00056068,Idle,,nan,nan,4,0.20944,1,1,1,0,0,-0.150261,-0.0107399,0.0529806,0.00169016,0.196973,0.106928,0.178311,0.118832,nan,nan,nan,nan,nan,nan,nan,nan
1.70666,0.0753482,0.0782073,0.028791,0.100391,0.146476,0.00472215,-0.0272785,-0.0436461,0.00042298,-0.0142353,0.00920511,0.00732681,0.0196865,-0.00868087,-1,0.00056068,-0.052583,-0.0820627,1.29304,-0.282959,-0.457456,7.49943,0,0.999624,-0.0232888,0.0144251,0.000616398,-0.0773892,0.289726,0.00788032,0,0,-0.153156,0.0196865,-0.00868087,-1,0.00056068,Idle,,nan,nan,4,0.20944,1,1,1,0,0,-0.153156,-0.0100855,0.0420085,0.00166059,0.191617,0.118016,0.173941,0.12905,nan,nan,nan,nan,nan,nan,nan,nan
1.71033,0.0756866,0.078738,0.0289243,0.10106,0.151054,0.00711205,-0.027232,-0.0439635,0.000395195,0.00728701,-0.0369524,-0.00402255,0.0196865,-0.00868087,-1,0.00056068,-0.052583,-0.0820627,1.29304,-0.282959,-0.457456,7.49943,0,0.999624,-0.0232888,0.0144251,0.000616398,-0.0773892,0.289726,0.00788032,0,0,-0.153156,0.0196865,-0.00868087,-1,0.00056068,Idle,,nan,nan,4,0.20944,1,1,1,0,0,-0.155615,-0.0100855,0.0420085,0.00166059,0.191617,0.118016,0.173941,0.12905,nan,nan,nan,nan,nan,nan,nan,nan
1.72013,0.0760326,0.0792857,0.0290613,0.0995699,0.147463,0.00556444,-0.0272183,-0.0438968,0.000428715,0.00385961,0.00586074,0.00398236,0.0196865,-0.00868087,-1,0.00056068,-0.052583,-0.0820627,1.29304,-0.282959,-0.457456,7.49943,0,0.999624,-0.0232888,0.0144251,0.000616398,-0.0769133,0.296923,0.00802525,0,0,-0.15906,0.0196865,-0.00868087,-1,0.00056068,Idle,,nan,nan,4,0.20944,1,1,1,0,0,-0.15906,-0.0113219,0.0419271,0.00157427,0.19825,0.123018,0.178996,0.135977,nan,nan,nan,nan,nan,nan,nan,nan
1.73287,0.0767942,0.0804449,0.0293317,0.101713,0.149128,0.00796473,-0.0274027,-0.0441446,0.00038382,-0.00827834,0.0021752,-0.000770956,0.0196865,-0.00868087,-1,0.00056068,-0.0538781,-0.0841046,1.22776,-0.317564,-0.459338,7.32606,0,0.999595,-0.0233804,0.0161868,0.000658914,-0.0779155,0.3064,0.0083301,0,0,-0.164684,0.0196865,-0.00868087,-1,0.00056068,Idle,,nan,nan,4,0.20944,1,1,1,0,0,-0.161467,-0.00743504,0.0530187,0.00162691,0.205803,0.120383,0.191935,0.127745,nan,nan,nan,nan,nan,nan,nan,nan
1.74133,0.0773507,0.0812671,0.0294823,0.105783,0.152168,0.00612543,-0.0274638,-0.0443745,0.000347358,-0.00489723,-0.0267268,-0.00467998,0.0196865,-0.00868087,-1,0.00056068,-0.0538781,-0.0841046,1.22776,-0.317564,-0.459338,7.32606,0,0.999595,-0.0233804,0.0161868,0.000658914,-0.0667747,0.296737,0.00801147,0,0,-0.167848,0.0196865,-0.00868087,-1,0.00056068,Idle,,nan,nan,4,0.20944,1,1,1,0,0,-0.167848,-0.00740097,0.042447,0.00171041,0.204767,0.134349,0.190781,0.141496,nan,nan,nan,nan,nan,nan,nan,nan
1.75616,0.0777893,0.0818984,0.0296076,0.10256,0.148912,0.00633711,-0.0275291,-0.0446016,0.00023483,-0.00581445,-0.0264355,-0.0132236,0.0196865,-0.00868087,-1,0.00056068,-0.054781,-0.0854505,1.19504,-0.323228,-0.456049,7.24126,0,0.999595,-0.0232127,0.0164753,0.000662893,-0.0760707,0.309651,0.00882429,0,0,-0.170314,0.0196865,-0.00868087,-1,0.00056068,Idle,,nan,nan,4,0.20944,1,1,1,0,0,-0.170314,-0.0131039,0.0555319,0.00187211,0.22068,0.123692,0.198299,0.138586,nan,nan,nan,nan,nan,nan,nan,nan
1.76506,0.0782223,0.0825285,0.0297421,0.105918,0.151878,0.00681915,-0.0276866,-0.0446975,0.00014781,-0.015966,-0.0117396,-0.00992004,0.0196865,-0.00868087,-1,0.00056068,-0.054781,-0.0854505,1.19504,-0.323228,-0.456049,7.24126,0,0.999595,-0.0232127,0.0164753,0.000662893,-0.0643442,0.297925,0.00835323,0,0,-0.173219,0.0196865,-0.00868087,-1,0.00056068,Idle,,nan,nan,4,0.20944,0,1,0,0,0,-0.173219,-0.00501383,0.0443355,0.00206284,0.210136,0.140426,0.198818,0.143495,nan,nan,nan,nan,nan,nan,nan,nan
1.78085,0.0786856,0.0831924,0.0298744,0.104856,0.147458,0.00813994,-0.0276904,-0.0449016,7.9294e-05,0.00120632,-0.0238124,-0.00819468,0.0196865,-0.00868087,-1,0.00056068,-0.0560491,-0.0872796,1.14617,-0.306099,-0.417829,7.10088,0,0.999652,-0.0212715,0.0156034,0.000612325,-0.0736736,0.308984,0.00932874,0,0,-0.176321,0.0196865,-0.00868087,-1,0.00056068,Idle,,nan,nan,4,0.20944,0,0,0,0,0,-0.176321,-0.012788,0.0507527,0.00226047,0.22347,0.133692,0.200759,0.147363,nan,nan,nan,nan,nan,nan,nan,nan
1.7855,0.078965,0.0835607,0.0300363,0.106436,0.151906,0.00738094,-0.0277601,-0.0451125,4.01633e-05,-0.00602958,-0.0246164,-0.00494879,0.0196865,-0.00868087,-1,0.00056068,-0.0560491,-0.0872796,1.14617,-0.306099,-0.417829,7.10088,0,0.999652,-0.0212715,0.0156034,0.000612325,-0.0736736,0.308984,0.00932874,0,0,-0.176321,0.0196865,-0.00868087,-1,0.00056068,Idle,,nan,nan,4,0.20944,0,0,0,0,0,-0.176321,-0.012788,0.0507527,0.00226047,0.22347,0.133692,0.200759,0.147363,nan,nan,nan,nan,nan,nan,nan,nan
1.80634,0.079592,0.0843881,0.030351,0.106618,0.150572,0.00659809,-0.0278958,-0.0455674,-7.23349e-05,-0.0119964,-0.0332266,-0.00740574,0.0196865,-0.00868087,-1,0.00056068,-0.0566052,-0.0880172,1.11345,-0.313481,-0.431086,7.01444,0,0.999631,-0.0219454,0.0159797,0.00063111,-0.0642326,0.309758,0.00956134,0,0,-0.185345,0.0196865,-0.00868087,-1,0.00056068,Idle,,nan,nan,4,0.20944,0,0,0,0,0,-0.185345,-0.00733365,0.0523242,0.00251754,0.230004,0.145721,0.214487,0.15117,nan,nan,nan,nan,nan,nan,nan,nan
1.82207,0.08064,0.0858078,0.0307905,0.106107,0.152322,0.00835313,-0.0281442,-0.0459399,6.28533e-05,-0.00439072,0.00673716,0.000405553,0.0196865,-0.00868087,-1,0.00056068,-0.0566052,-0.0880172,1.11345,-0.313481,-0.431086,7.01444,0,0.999631,-0.0219454,0.0159797,0.00063111,-0.0672311,0.307646,0.00930336,0,0,-0.194112,0.0196865,-0.00868087,-1,0.00056068,Idle,,nan,nan,4,0.20944,0,0,0,0,0,-0.191274,-0.00894837,0.0516133,0.00229338,0.236347,0.150788,0.218991,0.158972,nan,nan,nan,nan,nan,nan,nan,nan
1.83292,0.0810199,0.0863203,0.0309389,0.108258,0.152983,0.00589831,-0.0281893,-0.0463687,0.000116431,-0.00235979,-0.0491834,0.00467748,0.0196865,-0.00868087,-1,0.00056068,-0.0579058,-0.0897643,1.04826,-0.302894,-0.455416,6.82674,0,0.999612,-0.0231829,0.0154401,0.000638401,-0.0726121,0.307427,0.00937007,0,0,-0.19782,0.0196865,-0.00868087,-1,0.00056068,Idle,,nan,nan,4,0.20944,0,0,0,0,0,-0.19782,-0.00863297,0.0538503,0.00214127,0.244097,0.155824,0.227488,0.16387,nan,nan,nan,nan,nan,nan,nan,nan
1.84218,0.0814242,0.0868571,0.0310851,0.106659,0.152282,0.00840246,-0.0282976,-0.0462744,0.000162867,-0.00953753,0.00887662,0.00557789,0.0196865,-0.00868087,-1,0.00056068,-0.0579058,-0.0897643,1.04826,-0.302894,-0.455416,6.82674,0,0.999612,-0.0231829,0.0154401,0.000638401,-0.073876,0.315325,0.00941409,0,0,-0.200297,0.0196865,-0.00868087,-1,0.00056068,Idle,,nan,nan,4,0.20944,0,0,0,0,0,-0.200297,-0.0127095,0.0550047,0.00202229,0.250154,0.154484,0.228016,0.168535,nan,nan,nan,nan,nan,nan,nan,nan
1.85606,0.0818362,0.0874164,0.0312339,0.108147,0.152623,0.00747523,-0.0281657,-0.0465266,0.000155989,0.0169334,-0.0295477,-0.00146927,0.0196865,-0.00868087,-1,0.00056068,-0.0586508,-0.0907611,1.01562,-0.304546,-0.45121,6.73319,0,0.999615,-0.0229689,0.0155243,0.000637024,-0.0706002,0.309396,0.00905778,0,0,-0.204027,0.0196865,-0.00868087,-1,0.00056068,Idle,,nan,nan,4,0.20944,0,0,0,0,0,-0.204027,-0.0149374,0.0533343,0.00189362,0.254149,0.157692,0.229116,0.175152,nan,nan,nan,nan,nan,nan,nan,nan
1.86432,0.0824269,0.0882192,0.0313763,0.109114,0.153082,0.00800944,-0.0283871,-0.0466367,0.000268384,-0.0218239,-0.0140596,0.0122383,0.0196865,-0.00868087,-1,0.00056068,-0.0586508,-0.0907611,1.01562,-0.304546,-0.45121,6.73319,0,0.999615,-0.0229689,0.0155243,0.000637024,-0.0712921,0.31501,0.00904256,0,0,-0.206929,0.0196865,-0.00868087,-1,0.00056068,Idle,,nan,nan,4,0.20944,0,0,0,0,0,-0.206929,-0.00967141,0.0570117,0.00186218,0.255895,0.161686,0.238369,0.171765,nan,nan,nan,nan,nan,nan,nan,nan
1.87666,0.0828634,0.0888154,0.0315101,0.108779,0.154604,0.00648825,-0.0284613,-0.0466021,0.000272721,-0.00604587,0.00240192,0.00067956,0.0196865,-0.00868087,-1,0.00056068,-0.060018,-0.0926215,0.966663,-0.317146,-0.467032,6.59835,0,0.999587,-0.0237721,0.0161659,0.000664765,-0.0723294,0.317286,0.0091351,0,0,-0.21023,0.0196865,-0.00868087,-1,0.00056068,Idle,,nan,nan,4,0.20944,0,0,0,0,0,-0.21023,-0.0111138,0.0489109,0.00180296,0.254427,0.169637,0.234981,0.181873,nan,nan,nan,nan,nan,nan,nan,nan
1.88513,0.0831173,0.0891082,0.0316622,0.108265,0.153559,0.00698879,-0.0285463,-0.0471331,0.000206717,-0.00761553,-0.0599673,-0.00889102,0.0196865,-0.00868087,-1,0.00056068,-0.060018,-0.0926215,0.966663,-0.317146,-0.467032,6.59835,0,0.999587,-0.0237721,0.0161659,0.000664765,-0.0762482,0.317511,0.00945393,0,0,-0.213003,0.0196865,-0.00868087,-1,0.00056068,Idle,,nan,nan,4,0.20944,0,0,0,0,0,-0.213003,-0.0110844,0.0665096,0.00182909,0.26965,0.160014,0.250186,0.172163,nan,nan,nan,nan,nan,nan,nan,nan
1.9008,0.0839009,0.0900803,0.0321124,0.106434,0.152796,0.0080846,-0.0287209,-0.0469927,-8.72869e-05,0.00656961,0.0323311,-0.0166396,0.0196865,-0.00868087,-1,0.00056068,-0.060018,-0.0926215,0.966663,-0.317146,-0.467032,6.59835,0,0.999587,-0.0237721,0.0161659,0.000664765,-0.0620112,0.314413,0.0093771,0,0,-0.221992,0.0196865,-0.00868087,-1,0.00056068,Idle,,nan,nan,4,0.20944,0,0,0,0,0,-0.219441,-0.00964205,0.0619258,0.0022092,0.272206,0.171095,0.25402,0.180446,nan,nan,nan,nan,nan,nan,nan,nan
1.91324,0.0842035,0.0904411,0.0322577,0.109242,0.149675,0.00459412,-0.0287896,-0.0473698,-6.88753e-05,-0.00481711,-0.0437912,0.000936454,0.0196865,-0.00868087,-1,0.00056068,-0.0610037,-0.0938231,0.901386,-0.299143,-0.451313,6.3981,0,0.999619,-0.0229752,0.0152495,0.000630809,-0.0689282,0.309914,0.00993882,0,0,-0.226268,0.0196865,-0.00868087,-1,0.00056068,Idle,,nan,nan,4,0.20944,0,0,0,0,0,-0.221992,-0.0113591,0.0498588,0.00246071,0.267688,0.181216,0.246574,0.192489,nan,nan,nan,nan,nan,nan,nan,nan
1.92199,0.0845263,0.090815,0.0323982,0.108327,0.151838,0.00475144,-0.0289796,-0.0471519,-5.2293e-05,-0.0182991,0.0223596,0.00262577,0.0196865,-0.00868087,-1,0.00056068,-0.0610037,-0.0938231,0.901386,-0.299143,-0.451313,6.3981,0,0.999619,-0.0229752,0.0152495,0.000630809,-0.0595247,0.320433,0.0102818,0,0,-0.228603,0.0196865,-0.00868087,-1,0.00056068,Idle,,nan,nan,4,0.20944,0,0,0,0,0,-0.228603,-0.00927854,0.065546,0.00264706,0.284105,0.178393,0.265552,0.18636,nan,nan,nan,nan,nan,nan,nan,nan
1.93561,0.0848639,0.0912158,0.032546,0.107204,0.153069,0.00669125,-0.0289922,-0.0473853,-0.000179458,0.000561597,-0.0274029,-0.0148759,0.0196865,-0.00868087,-1,0.00056068,-0.0615978,-0.094521,0.868665,-0.313584,-0.449487,6.31241,0,0.99961,-0.0228802,0.0159843,0.000646173,-0.0673035,0.317054,0.0104413,0,0,-0.231965,0.0196865,-0.00868087,-1,0.00056068,Idle,,nan,nan,4,0.20944,0,0,0,0,0,-0.231965,-0.0122162,0.0639452,0.00267869,0.288444,0.180843,0.265672,0.192902,nan,nan,nan,nan,nan,nan,nan,nan
1.94584,0.0852373,0.0916328,0.0326897,0.112286,0.150278,0.0084993,-0.0291075,-0.0477504,-0.000218736,-0.0104754,-0.0421704,-0.00545739,0.0196865,-0.00868087,-1,0.00056068,-0.0615978,-0.094521,0.868665,-0.313584,-0.449487,6.31241,0,0.99961,-0.0228802,0.0159843,0.000646173,-0.0705266,0.314502,0.0104031,0,0,-0.235761,0.0196865,-0.00868087,-1,0.00056068,Idle,,nan,nan,4,0.20944,0,0,0,0,0,-0.235761,-0.0122852,0.0692281,0.00267517,0.296019,0.180851,0.273153,0.193019,nan,nan,nan,nan,nan,nan,nan,nan
1.95014,0.0856207,0.0920877,0.0328369,0.112408,0.151173,0.00699437,-0.0292853,-0.0477574,-0.000209206,-0.0172322,-0.00243066,0.00112512,0.0196865,-0.00868087,-1,0.00056068,-0.0615978,-0.094521,0.868665,-0.313584,-0.449487,6.31241,0,0.99961,-0.0228802,0.0159843,0.000646173,-0.0705266,0.314502,0.0104031,0,0,-0.235761,0.0196865,-0.00868087,-1,0.00056068,Idle,,nan,nan,4,0.20944,0,0,0,0,0,-0.235761,-0.0122852,0.0692281,0.00267517,0.296019,0.180851,0.273153,0.193019,nan,nan,nan,nan,nan,nan,nan,nan
1.95875,0.0860323,0.0925472,0.0329835,0.112399,0.151024,0.00784702,-0.0295198,-0.0481375,-0.000106876,-0.0230916,-0.0442218,0.0102193,0.0196865,-0.00868087,-1,0.00056068,-0.0615978,-0.094521,0.868665,-0.313584,-0.449487,6.31241,0,0.99961,-0.0228802,0.0159843,0.000646173,-0.0647306,0.330781,0.0105765,0,0,-0.242533,0.0196865,-0.00868087,-1,0.00056068,Idle,,nan,nan,4,0.20944,0,0,0,0,0,-0.242533,-0.00610798,0.0756656,0.00253794,0.302837,0.187304,0.288975,0.191016,nan,nan,nan,nan,nan,nan,nan,nan
1.97349,0.0866337,0.093268,0.0331338,0.111745,0.15223,0.00815411,-0.0296042,-0.0481636,1.02377e-05,-0.00633558,-0.00481336,0.0129522,0.0196865,-0.00868087,-1,0.00056068,-0.0635999,-0.0968514,0.787072,-0.328969,-0.459538,6.04688,0,0.999586,-0.0233897,0.0167678,0.000672654,-0.064573,0.329318,0.010225,0,0,-0.246121,0.0196865,-0.00868087,-1,0.00056068,Idle,,nan,nan,4,0.20944,0,0,0,0,0,-0.246121,-0.00802311,0.0619098,0.00227954,0.297793,0.199007,0.281743,0.205942,nan,nan,nan,nan,nan,nan,nan,nan
1.98142,0.0875836,0.0943128,0.033405,0.11758,0.152729,0.00875467,-0.0297775,-0.0487859,5.05307e-05,-0.0110138,-0.027741,-0.000591743,0.0196865,-0.00868087,-1,0.00056068,-0.0635999,-0.0968514,0.787072,-0.328969,-0.459538,6.04688,0,0.999586,-0.0233897,0.0167678,0.000672654,-0.0687761,0.327952,0.0102124,0,0,-0.249617,0.0196865,-0.00868087,-1,0.00056068,Idle,,nan,nan,4,0.20944,0,0,0,0,0,-0.249617,-0.0146736,0.0758722,0.00214695,0.315731,0.187795,0.290534,0.204407,nan,nan,nan,nan,nan,nan,nan,nan
1.99542,0.0878648,0.0944923,0.0335762,0.121213,0.152372,0.00816648,-0.0298957,-0.0488901,-2.7503e-05,-0.011378,-0.0127479,-0.00894678,0.0196865,-0.00868087,-1,0.00056068,-0.0645023,-0.097844,0.754518,-0.365822,-0.462915,5.94198,0,0.999548,-0.0235564,0.0186432,0.000719637,-0.069854,0.345019,0.0109698,0,0,-0.256619,0.0196865,-0.00868087,-1,0.00056068,Idle,,nan,nan,4,0.20944,0,0,0,0,0,-0.252622,-0.0157244,0.0757352,0.00222439,0.319459,0.190232,0.292619,0.208176,nan,nan,nan,nan,nan,nan,nan,nan
2.00357,0.0881791,0.0946902,0.0337505,0.117007,0.152402,0.0103152,-0.0300269,-0.0497023,-0.000139583,-0.0121743,-0.0919894,-0.0151161,0.0196865,-0.00868087,-1,0.00056068,-0.0645023,-0.097844,0.754518,-0.365822,-0.462915,5.94198,0,0.999548,-0.0235564,0.0186432,0.000719637,-0.0676551,0.354942,0.011248,0,0,-0.259924,0.0196865,-0.00868087,-1,0.00056068,Idle,,nan,nan,4,0.20944,0,0,0,0,0,-0.256619,-0.00934922,0.0799914,0.00236907,0.322102,0.195874,0.303985,0.204516,nan,nan,nan,nan,nan,nan,nan,nan
2.01798,0.0885025,0.0949109,0.0339063,0.119556,0.149959,0.00804705,-0.0300624,-0.0499856,-0.000211977,-0.00136708,-0.0330459,-0.00890096,0.0196865,-0.00868087,-1,0.00056068,-0.0650679,-0.0982026,0.721881,-0.344801,-0.459607,5.8317,0,0.999572,-0.0233909,0.0175733,0.000691517,-0.0667777,0.338702,0.0111879,0,0,-0.263918,0.0196865,-0.00868087,-1,0.00056068,Idle,,nan,nan,4,0.20944,0,0,0,0,0,-0.263918,-0.00739204,0.0707427,0.0026523,0.321758,0.211381,0.305843,0.21669,nan,nan,nan,nan,nan,nan,nan,nan
2.02294,0.0888563,0.0951585,0.0340629,0.121163,0.151496,0.00847733,-0.0302668,-0.0505555,-0.000324767,-0.0205611,-0.0652688,-0.0144793,0.0196865,-0.00868087,-1,0.00056068,-0.0650679,-0.0982026,0.721881,-0.344801,-0.459607,5.8317,0,0.999572,-0.0233909,0.0175733,0.000691517,-0.0667777,0.338702,0.0111879,0,0,-0.263918,0.0196865,-0.00868087,-1,0.00056068,Idle,,nan,nan,4,0.20944,0,0,0,0,0,-0.266817,-0.0107535,0.0804909,0.00294266,0.321758,0.211381,0.305843,0.21669,nan,nan,nan,nan,nan,nan,nan,nan
2.03689,0.0892276,0.0954295,0.0342276,0.122537,0.153123,0.00782546,-0.0306026,-0.0507559,-0.000423835,-0.0350889,-0.0238075,-0.0116475,0.0196865,-0.00868087,-1,0.00056068,-0.066064,-0.0989048,0.672925,-0.373514,-0.468969,5.68336,0,0.999534,-0.0238635,0.019035,0.000734721,-0.0637717,0.352865,0.012282,0,0,-0.270433,0.0196865,-0.00868087,-1,0.00056068,Idle,,nan,nan,4,0.20944,0,0,0,0,0,-0.270433,-0.00538967,0.0737175,0.00329498,0.329602,0.217853,0.315229,0.219049,nan,nan,nan,nan,nan,nan,nan,nan
2.04601,0.0896306,0.095722,0.0343794,0.121398,0.151845,0.00954814,-0.0307536,-0.0512031,-0.000589664,-0.0149393,-0.0510076,-0.0199201,0.0196865,-0.00868087,-1,0.00056068,-0.066064,-0.0989048,0.672925,-0.373514,-0.468969,5.68336,0,0.999534,-0.0238635,0.019035,0.000734721,-0.0683036,0.356529,0.0130246,0,0,-0.273808,0.0196865,-0.00868087,-1,0.00056068,Idle,,nan,nan,4,0.20944,0,0,0,0,0,-0.273808,-0.00936884,0.0804765,0.00360167,0.340876,0.213942,0.320258,0.220156,nan,nan,nan,nan,nan,nan,nan,nan
2.0618,0.0904955,0.0963831,0.0346606,0.122486,0.150149,0.00757077,-0.0310317,-0.0520295,-0.000783413,-0.0203931,-0.0411119,-0.00835982,0.0196865,-0.00868087,-1,0.00056068,-0.0668521,-0.0994783,0.640287,-0.356243,-0.440763,5.58528,0,0.999583,-0.0224319,0.0181559,0.000687713,-0.0557327,0.352809,0.0131446,0,0,-0.280266,0.0196865,-0.00868087,-1,0.00056068,Idle,,nan,nan,4,0.20944,0,0,0,0,0,-0.280266,-0.0149575,0.0902724,0.00404648,0.358656,0.209968,0.329239,0.223203,nan,nan,nan,nan,nan,nan,nan,nan
2.07204,0.0909398,0.0967518,0.0348029,0.122349,0.151812,0.00677948,-0.0311686,-0.052389,-0.000847844,-0.0130545,-0.0416924,-0.00841737,0.0196865,-0.00868087,-1,0.00056068,-0.0676906,-0.100161,0.60765,-0.35979,-0.464812,5.47254,0,0.999583,-0.0224319,0.0181559,0.000687713,-0.0591137,0.357104,0.0135791,0,0,-0.284409,0.0196865,-0.00868087,-1,0.00056068,Idle,,nan,nan,4,0.20944,0,0,0,0,0,-0.284409,-0.0106329,0.0882925,0.00422258,0.358515,0.218745,0.334861,0.225514,nan,nan,nan,nan,nan,nan,nan,nan
2.08037,0.0916555,0.0972001,0.0350913,0.123272,0.150604,0.0100754,-0.0317584,-0.0533932,-0.00106286,-0.0399878,-0.0837972,-0.0141955,0.0196865,-0.00868087,-1,0.00056068,-0.0676906,-0.100161,0.60765,-0.35979,-0.464812,5.47254,0,0.999583,-0.0224319,0.0181559,0.000687713,-0.0710675,0.355105,0.0143993,0,0,-0.291362,0.0196865,-0.00868087,-1,0.00056068,Idle,,nan,nan,4,0.20944,0,0,0,0,0,-0.287787,-0.00699381,0.0807456,0.00435487,0.354115,0.230167,0.335344,0.231523,nan,nan,nan,nan,nan,nan,nan,nan
2.09426,0.0921187,0.0975008,0.0352546,0.122629,0.151301,0.0075762,-0.0320023,-0.0535939,-0.00117975,-0.0245675,-0.0240657,-0.0136135,0.0196865,-0.00868087,-1,0.00056068,-0.0683705,-0.100587,0.575013,-0.364916,-0.451807,5.35005,0,0.999562,-0.0229924,0.0185975,0.000708057,-0.0571057,0.361689,0.0145937,0,0,-0.295908,0.0196865,-0.00868087,-1,0.00056068,Idle,,nan,nan,4,0.20944,0,0,0,0,0,-0.295908,-0.0059835,0.0826529,0.00451796,0.363032,0.237819,0.345358,0.237424,nan,nan,nan,nan,nan,nan,nan,nan
2.10355,0.0924136,0.0976052,0.0353897,0.125326,0.147445,0.00513132,-0.0321832,-0.0542296,-0.00137469,-0.0179999,-0.0717761,-0.0237239,0.0196865,-0.00868087,-1,0.00056068,-0.0683705,-0.100587,0.575013,-0.364916,-0.451807,5.35005,0,0.999562,-0.0229924,0.0185975,0.000708057,-0.0584558,0.360268,0.0149792,0,0,-0.298908,0.0196865,-0.00868087,-1,0.00056068,Idle,,nan,nan,4,0.20944,0,0,0,0,0,-0.298908,-0.00399725,0.0811299,0.00471138,0.363742,0.243494,0.34849,0.239905,nan,nan,nan,nan,nan,nan,nan,nan
2.11628,0.0927202,0.0977401,0.0355058,0.125608,0.151899,0.00537485,-0.0326339,-0.0547079,-0.00147917,-0.0479115,-0.0551965,-0.0133216,0.0196865,-0.00868087,-1,0.00056068,-0.0690907,-0.100972,0.54229,-0.377126,-0.431751,5.25898,0,0.999574,-0.0219718,0.0192192,0.000702713,-0.046263,0.370088,0.0154921,0,0,-0.301941,0.0196865,-0.00868087,-1,0.00056068,Idle,,nan,nan,4,0.20944,0,0,0,0,0,-0.301941,-0.00477515,0.0896839,0.00507639,0.373739,0.240294,0.356652,0.23708,nan,nan,nan,nan,nan,nan,nan,nan
2.12618,0.0930546,0.0978951,0.0356145,0.12905,0.153409,0.00289912,-0.0328211,-0.0549972,-0.00173362,-0.0193177,-0.0332796,-0.0292497,0.0196865,-0.00868087,-1,0.00056068,-0.0690907,-0.100972,0.54229,-0.377126,-0.431751,5.25898,0,0.999574,-0.0219718,0.0192192,0.000702713,-0.0605925,0.372188,0.0169447,0,0,-0.305726,0.0196865,-0.00868087,-1,0.00056068,Idle,,nan,nan,4,0.20944,0,0,0,0,0,-0.305726,-0.0103897,0.0857697,0.00548884,0.379137,0.24329,0.353285,0.247191,nan,nan,nan,nan,nan,nan,nan,nan
2.13011,0.0934254,0.0980671,0.035705,0.130529,0.148239,0.00152589,-0.0331732,-0.0556664,-0.00203983,-0.0380685,-0.0753288,-0.036408,0.0196865,-0.00868087,-1,0.00056068,-0.0690907,-0.100972,0.54229,-0.377126,-0.431751,5.25898,0,0.999574,-0.0219718,0.0192192,0.000702713,-0.0631532,0.383768,0.0183091,0,0,-0.308827,0.0196865,-0.00868087,-1,0.00056068,Idle,,nan,nan,4,0.20944,0,0,0,0,0,-0.305726,-0.0103897,0.0857697,0.00548884,0.379137,0.24329,0.353285,0.247191,nan,nan,nan,nan,nan,nan,nan,nan
2.13895,0.0938286,0.09826,0.0357857,0.129756,0.150565,0.00273367,-0.0334932,-0.0564868,-0.002301,-0.0343086,-0.0922594,-0.0319917,0.0196865,-0.00868087,-1,0.00056068,-0.0690907,-0.100972,0.54229,-0.377126,-0.431751,5.25898,0,0.999574,-0.0219718,0.0192192,0.000702713,-0.0453248,0.388815,0.0186627,0,0,-0.312138,0.0196865,-0.00868087,-1,0.00056068,Idle,,nan,nan,4,0.20944,0,0,0,0,0,-0.312138,-0.00386835,0.0993748,0.00648941,0.391557,0.245695,0.372919,0.238381,nan,nan,nan,nan,nan,nan,nan,nan
2.15296,0.0942765,0.0984762,0.0358594,0.133868,0.150661,0.0028664,-0.0336724,-0.0570837,-0.00259201,-0.0188041,-0.066885,-0.0343154,0.0196865,-0.00868087,-1,0.00056068,-0.0708605,-0.101799,0.460696,-0.415622,-0.46183,4.98712,0,0.999499,-0.0234953,0.0211777,0.000778054,-0.0534095,0.386101,0.0197267,0,0,-0.316222,0.0196865,-0.00868087,-1,0.00056068,Idle,,nan,nan,4,0.20944,0,0,0,0,0,-0.316222,-0.00699249,0.102752,0.00710497,0.400853,0.245799,0.376563,0.241675,nan,nan,nan,nan,nan,nan,nan,nan
2.1651,0.0952688,0.0989933,0.0360441,0.133477,0.149167,0.00395548,-0.0344637,-0.0581623,-0.00325687,-0.0576255,-0.0493415,-0.0394946,0.0196865,-0.00868087,-1,0.00056068,-0.0708605,-0.101799,0.460696,-0.415622,-0.46183,4.98712,0,0.999499,-0.0234953,0.0211777,0.000778054,-0.0529403,0.399251,0.0210612,0,0,-0.320086,0.0196865,-0.00868087,-1,0.00056068,Idle,,nan,nan,4,0.20944,0,0,0,0,0,-0.320086,-0.00312957,0.100642,0.0076595,0.401047,0.254441,0.381111,0.243747,nan,nan,nan,nan,nan,nan,nan,nan
2.17401,0.0957835,0.0992647,0.0361482,0.137505,0.147709,0.00745611,-0.0348583,-0.059159,-0.0035331,-0.0430272,-0.11164,-0.0344724,0.0196865,-0.00868087,-1,0.00056068,-0.0718032,-0.102291,0.428145,-0.395136,-0.456751,4.8687,0,0.999527,-0.0232397,0.0201352,0.000748402,-0.0479932,0.394212,0.0221417,0,0,-0.327915,0.0196865,-0.00868087,-1,0.00056068,Idle,,nan,nan,4,0.20944,0,0,0,0,0,-0.324042,-0.000302699,0.105372,0.00824374,0.406931,0.257637,0.389821,0.241779,nan,nan,nan,nan,nan,nan,nan,nan
2.18273,0.096095,0.0992294,0.0362445,0.139356,0.153479,0.00325609,-0.0350269,-0.0598564,-0.00385123,-0.0182456,-0.0780961,-0.0379951,0.0196865,-0.00868087,-1,0.00056068,-0.0718032,-0.102291,0.428145,-0.395136,-0.456751,4.8687,0,0.999527,-0.0232397,0.0201352,0.000748402,-0.0432074,0.408594,0.0233893,0,0,-0.332697,0.0196865,-0.00868087,-1,0.00056068,Idle,,nan,nan,4,0.20944,0,0,0,0,0,-0.332697,-0.0100683,0.109187,0.00880383,0.425747,0.257251,0.393701,0.25409,nan,nan,nan,nan,nan,nan,nan,nan
2.19443,0.0964537,0.0992289,0.0363183,0.139822,0.150658,0.00151943,-0.0352957,-0.0606435,-0.00419207,-0.0286511,-0.0880526,-0.0406401,0.0196865,-0.00868087,-1,0.00056068,-0.0729289,-0.102514,0.379103,-0.424142,-0.466222,4.7042,0,0.999485,-0.023717,0.0216108,0.000793029,-0.0489273,0.416968,0.0258234,0,0,-0.338896,0.0196865,-0.00868087,-1,0.00056068,Idle,,nan,nan,4,0.20944,0,0,0,0,0,-0.332697,-0.0100683,0.109187,0.00880383,0.425747,0.257251,0.393701,0.25409,nan,nan,nan,nan,nan,nan,nan,nan
2.20306,0.0970503,0.0994481,0.0363913,0.141959,0.148468,-0.00149946,-0.0357607,-0.0614938,-0.0045425,-0.051073,-0.0959405,-0.0424225,0.0196865,-0.00868087,-1,0.00056068,-0.0729289,-0.102514,0.379103,-0.424142,-0.466222,4.7042,0,0.999485,-0.023717,0.0216108,0.000793029,-0.0476419,0.417439,0.0264672,0,0,-0.338896,0.0196865,-0.00868087,-1,0.00056068,Idle,,nan,nan,4,0.20944,0,0,0,0,0,-0.338896,-0.00686054,0.115615,0.00990029,0.435317,0.26227,0.405611,0.252385,nan,nan,nan,nan,nan,nan,nan,nan
2.22606,0.0979241,0.0995574,0.0364631,0.140922,0.144002,0.000575242,-0.0363409,-0.0635491,-0.00509309,-0.0225172,-0.114734,-0.0333846,0.0196865,-0.00868087,-1,0.00056068,-0.0739051,-0.10277,0.346551,-0.423358,-0.436602,4.59735,0,0.99952,-0.0222117,0.0215707,0.000759563,-0.0333326,0.425305,0.0278746,0,0,-0.345944,0.0196865,-0.00868087,-1,0.00056068,Idle,,nan,nan,4,0.20944,0,0,0,0,0,-0.345944,-0.00341768,0.118527,0.0109718,0.443059,0.270766,0.416075,0.253874,nan,nan,nan,nan,nan,nan,nan,nan
2.2398,0.0989338,0.0997369,0.0364999,0.145745,0.140659,-0.00147595,-0.0369251,-0.0655411,-0.00577756,-0.0316548,-0.118054,-0.048901,0.0196865,-0.00868087,-1,0.00056068,-0.0747789,-0.102901,0.313914,-0.442473,-0.442028,4.4925,0,0.999493,-0.0224852,0.0225433,0.000787345,-0.033322,0.440879,0.0304087,0,0,-0.352945,0.0196865,-0.00868087,-1,0.00056068,Idle,,nan,nan,4,0.20944,0,0,0,0,0,-0.352945,-0.00490898,0.11629,0.0116832,0.450243,0.279008,0.419725,0.262805,nan,nan,nan,nan,nan,nan,nan,nan
2.25196,0.100166,0.100004,0.036513,0.151928,0.140655,-0.00379445,-0.0375003,-0.0679479,-0.0063064,-0.0210373,-0.141693,-0.0380344,0.0196865,-0.00868087,-1,0.00056068,-0.0758479,-0.103112,0.281276,-0.466881,-0.42321,4.35993,0,0.999485,-0.0215254,0.0237845,0.000792401,-0.0240634,0.456536,0.0319656,0,0,-0.361762,0.0196865,-0.00868087,-1,0.00056068,Idle,,nan,nan,4,0.20944,0,0,0,0,0,-0.357641,-0.00426054,0.119461,0.012152,0.45719,0.282391,0.426648,0.264336,nan,nan,nan,nan,nan,nan,nan,nan
2.26206,0.10083,0.100148,0.0364953,0.156571,0.141282,-0.00347134,-0.0376156,-0.0692507,-0.00669061,-0.0129179,-0.145258,-0.0480335,0.0196865,-0.00868087,-1,0.00056068,-0.0758479,-0.103112,0.281276,-0.466881,-0.42321,4.35993,0,0.999485,-0.0215254,0.0237845,0.000792401,-0.0245813,0.463311,0.0333008,0,0,-0.365054,0.0196865,-0.00868087,-1,0.00056068,Idle,,nan,nan,4,0.20944,0,0,0,0,0,-0.365054,-0.00942479,0.128171,0.0126838,0.474944,0.280526,0.436029,0.268718,nan,nan,nan,nan,nan,nan,nan,nan
2.27485,0.101538,0.100309,0.0364735,0.162385,0.140678,-0.00371591,-0.0376167,-0.0706003,-0.00712642,-0.000737546,-0.15018,-0.0539637,0.0196865,-0.00868087,-1,0.00056068,-0.0770866,-0.103388,0.248637,-0.495814,-0.435498,4.24878,0,0.999435,-0.0221452,0.025255,0.000839734,-0.0281171,0.478729,0.0348481,0,0,-0.369218,0.0196865,-0.00868087,-1,0.00056068,Idle,,nan,nan,4,0.20944,0,0,0,0,0,-0.369218,-0.00758002,0.13307,0.0131638,0.481745,0.283011,0.444475,0.267638,nan,nan,nan,nan,nan,nan,nan,nan
2.28505,0.102084,0.100114,0.0364146,0.166489,0.136699,-0.00640014,-0.0378563,-0.0718745,-0.00753684,-0.027107,-0.141122,-0.050588,0.0196865,-0.00868087,-1,0.00056068,-0.0770866,-0.103388,0.248637,-0.495814,-0.435498,4.24878,0,0.999435,-0.0221452,0.025255,0.000839734,-0.0270888,0.496276,0.0362082,0,0,-0.373246,0.0196865,-0.00868087,-1,0.00056068,Idle,,nan,nan,4,0.20944,0,0,0,0,0,-0.373246,-0.00534399,0.139709,0.013712,0.489434,0.284475,0.454226,0.264848,nan,nan,nan,nan,nan,nan,nan,nan
2.29496,0.102678,0.0999338,0.0363285,0.166153,0.134361,-0.00998874,-0.0382912,-0.0732095,-0.00784014,-0.0475923,-0.150323,-0.0393767,0.0196865,-0.00868087,-1,0.00056068,-0.0770866,-0.103388,0.248637,-0.495814,-0.435498,4.24878,0,0.999435,-0.0221452,0.025255,0.000839734,-0.014702,0.510353,0.0378077,0,0,-0.376594,0.0196865,-0.00868087,-1,0.00056068,Idle,,nan,nan,4,0.20944,0,0,0,0,0,-0.376594,0.00442027,0.142811,0.0141915,0.48855,0.293014,0.46619,0.258622,nan,nan,nan,nan,nan,nan,nan,nan
2.30462,0.10332,0.0997796,0.0362327,0.169885,0.135168,-0.00767163,-0.038786,-0.0749577,-0.00809228,-0.0537317,-0.195678,-0.0353396,0.0196865,-0.00868087,-1,0.00056068,-0.0770866,-0.103388,0.248637,-0.495814,-0.435498,4.24878,0,0.999435,-0.0221452,0.025255,0.000839734,-0.00867849,0.509137,0.0383883,0,0,-0.379631,0.0196865,-0.00868087,-1,0.00056068,Idle,,nan,nan,4,0.20944,0,0,0,0,0,-0.379631,0.00632662,0.153957,0.0145907,0.498518,0.289917,0.47805,0.252037,nan,nan,nan,nan,nan,nan,nan,nan
2.31763,0.10402,0.0996594,0.0361569,0.179938,0.137369,-0.00585393,-0.0391957,-0.0767709,-0.00837844,-0.0446768,-0.202694,-0.0394849,0.0196865,-0.00868087,-1,0.00056068,-0.080117,-0.102923,0.167044,-0.593106,-0.434655,3.95189,0,0.999299,-0.0220857,0.030197,0.000947414,-0.0130159,0.522216,0.0398984,0,0,-0.384388,0.0196865,-0.00868087,-1,0.00056068,Idle,,nan,nan,4,0.20944,0,0,0,0,0,-0.384388,0.00171776,0.158325,0.0150894,0.510121,0.288826,0.482134,0.25647,nan,nan,nan,nan,nan,nan,nan,nan
2.32584,0.105824,0.0996884,0.0358974,0.179978,0.140744,-0.0159879,-0.0400921,-0.0804846,-0.00927442,-0.0507237,-0.208825,-0.0635448,0.0196865,-0.00868087,-1,0.00056068,-0.080117,-0.102923,0.167044,-0.593106,-0.434655,3.95189,0,0.999299,-0.0220857,0.030197,0.000947414,-0.0202701,0.553516,0.0424077,0,0,-0.389152,0.0196865,-0.00868087,-1,0.00056068,Idle,,nan,nan,4,0.20944,0,0,0,0,0,-0.389152,0.0052019,0.163908,0.0156422,0.516921,0.29266,0.492751,0.254275,nan,nan,nan,nan,nan,nan,nan,nan
2.33589,0.106676,0.0996493,0.035726,0.190467,0.138076,-0.0187273,-0.0404522,-0.0822204,-0.00981347,-0.0420443,-0.193741,-0.0677876,0.0196865,-0.00868087,-1,0.00056068,-0.0818311,-0.102951,0.134323,-0.556562,-0.46052,3.86757,0,0.999324,-0.0234057,0.0283414,0.000943876,-0.0233291,0.545475,0.0438989,0,0,-0.391524,0.0196865,-0.00868087,-1,0.00056068,Idle,,nan,nan,4,0.20944,0,0,0,0,0,-0.389152,0.0052019,0.163908,0.0156422,0.516921,0.29266,0.492751,0.254275,nan,nan,nan,nan,nan,nan,nan,nan
2.34605,0.107623,0.0996242,0.0355381,0.189867,0.134934,-0.0216025,-0.0408313,-0.0842504,-0.0104034,-0.0446027,-0.225193,-0.0744773,0.0196865,-0.00868087,-1,0.00056068,-0.0818311,-0.102951,0.134323,-0.556562,-0.46052,3.86757,0,0.999324,-0.0234057,0.0283414,0.000943876,-0.0180498,0.583598,0.0471968,0,0,-0.398239,0.0196865,-0.00868087,-1,0.00056068,Idle,,nan,nan,4,0.20944,0,0,0,0,0,-0.394718,-0.00111433,0.174324,0.0172203,0.535894,0.287974,0.499631,0.255372,nan,nan,nan,nan,nan,nan,nan,nan
2.35475,0.108585,0.0996009,0.0353149,0.190016,0.130039,-0.0256642,-0.0412711,-0.0863827,-0.011174,-0.0532923,-0.235658,-0.0950658,0.0196865,-0.00868087,-1,0.00056068,-0.0835394,-0.10289,0.101769,-0.593364,-0.41629,3.76498,0,0.999319,-0.0211537,0.0302109,0.000919527,-0.0180498,0.583598,0.0471968,0,0,-0.398239,0.0196865,-0.00868087,-1,0.00056068,Idle,,nan,nan,4,0.20944,0,0,0,0,0,-0.394718,-0.00111433,0.174324,0.0172203,0.535894,0.287974,0.499631,0.255372,nan,nan,nan,nan,nan,nan,nan,nan
2.36967,0.109607,0.0995855,0.0350648,0.19583,0.129166,-0.0308272,-0.0419975,-0.0886243,-0.0120577,-0.086561,-0.247207,-0.108226,0.0196865,-0.00868087,-1,0.00056068,-0.0854248,-0.102853,0.0691318,-0.609185,-0.389293,3.67554,0,0.999323,-0.0197805,0.0310146,0.00089389,0.00772798,0.604482,0.0541305,0,0,-0.407482,0.0196865,-0.00868087,-1,0.00056068,Idle,,nan,nan,4,0.20944,0,0,0,0,0,-0.404567,0.0133741,0.18547,0.0200271,0.546183,0.302996,0.52479,0.244299,nan,nan,nan,nan,nan,nan,nan,nan
2.37571,0.110685,0.0995863,0.0347721,0.199624,0.129919,-0.0330146,-0.0427945,-0.0908912,-0.013041,-0.0952238,-0.248106,-0.118924,0.0196865,-0.00868087,-1,0.00056068,-0.0854248,-0.102853,0.0691318,-0.609185,-0.389293,3.67554,0,0.999323,-0.0197805,0.0310146,0.00089389,0.00772798,0.604482,0.0541305,0,0,-0.407482,0.0196865,-0.00868087,-1,0.00056068,Idle,,nan,nan,4,0.20944,0,0,0,0,0,-0.407482,0.0205387,0.187462,0.0215817,0.546994,0.311124,0.532624,0.239188,nan,nan,nan,nan,nan,nan,nan,nan
2.38539,0.111616,0.099226,0.0344516,0.207236,0.129135,-0.0303033,-0.0436965,-0.0932965,-0.0141359,-0.109473,-0.265507,-0.133483,0.0196865,-0.00868087,-1,0.00056068,-0.0854248,-0.102853,0.0691318,-0.609185,-0.389293,3.67554,0,0.999323,-0.0197805,0.0310146,0.00089389,0.00752561,0.622637,0.0596563,0,0,-0.411198,0.0196865,-0.00868087,-1,0.00056068,Idle,,nan,nan,4,0.20944,0,0,0,0,0,-0.411198,0.0217095,0.189661,0.0236742,0.553528,0.316206,0.536627,0.238432,nan,nan,nan,nan,nan,nan,nan,nan
2.40464,0.11367,0.0985137,0.0338107,0.22075,0.110817,-0.0339336,-0.0458668,-0.0986687,-0.016807,-0.140048,-0.302128,-0.165116,0.0196865,-0.00868087,-1,0.00056068,-0.0882742,-0.102186,0.0201758,-0.673497,-0.314522,3.48147,0,0.999284,-0.0159734,0.0342784,0.000827814,0.0517478,0.665402,0.0667824,0,0,-0.420445,0.0196865,-0.00868087,-1,0.00056068,Idle,,nan,nan,4,0.20944,0,0,0,0,0,-0.420445,0.0325183,0.216482,0.0283948,0.578813,0.318853,0.567748,0.216366,nan,nan,nan,nan,nan,nan,nan,nan
2.41262,0.114787,0.0981462,0.0334875,0.224873,0.109543,-0.0322811,-0.0471483,-0.101238,-0.0182532,-0.15532,-0.280477,-0.17317,0.0196865,-0.00868087,-1,0.00056068,-0.0903452,-0.101486,-0.0124616,-0.718859,-0.30683,3.3611,0,0.999209,-0.0155757,0.0365778,0.000849986,0.0517478,0.665402,0.0667824,0,0,-0.420445,0.0196865,-0.00868087,-1,0.00056068,Idle,,nan,nan,4,0.20944,0,0,0,0,0,-0.423815,0.0325183,0.216482,0.0283948,0.578813,0.318853,0.567748,0.216366,nan,nan,nan,nan,nan,nan,nan,nan
2.4223,0.115975,0.097816,0.0331384,0.23185,0.113275,-0.0330493,-0.0486763,-0.104013,-0.0197007,-0.182338,-0.301518,-0.173849,0.0196865,-0.00868087,-1,0.00056068,-0.0903452,-0.101486,-0.0124616,-0.718859,-0.30683,3.3611,0,0.999209,-0.0155757,0.0365778,0.000849986,0.0501202,0.719845,0.0805133,0,0,-0.432862,0.0196865,-0.00868087,-1,0.00056068,Idle,,nan,nan,4,0.20944,0,0,0,0,0,-0.428576,0.0459087,0.21805,0.0339784,0.584163,0.34093,0.580868,0.208343,nan,nan,nan,nan,nan,nan,nan,nan
2.43748,0.117238,0.0975,0.0327858,0.234286,0.113225,-0.0311813,-0.0502565,-0.106885,-0.0212708,-0.192069,-0.314504,-0.190284,0.0196865,-0.00868087,-1,0.00056068,-0.0926738,-0.100872,-0.0450988,-0.735173,-0.361454,3.22658,0,0.999131,-0.0183449,0.0374037,0.000966561,0.0511187,0.728311,0.0859691,0,0,-0.437656,0.0196865,-0.00868087,-1,0.00056068,Idle,,nan,nan,4,0.20944,0,0,0,0,0,-0.432862,0.0329871,0.227143,0.0365147,0.606551,0.332186,0.579906,0.212806,nan,nan,nan,nan,nan,nan,nan,nan
2.44398,0.119061,0.0973868,0.0323253,0.25225,0.121723,-0.0377618,-0.0515435,-0.109774,-0.0229496,-0.160312,-0.31378,-0.201796,0.0196865,-0.00868087,-1,0.00056068,-0.0926738,-0.100872,-0.0450988,-0.735173,-0.361454,3.22658,0,0.999131,-0.0183449,0.0374037,0.000966561,0.0258319,0.784599,0.0946266,0,0,-0.440782,0.0196865,-0.00868087,-1,0.00056068,Idle,,nan,nan,4,0.20944,0,0,0,0,0,-0.437656,0.0190966,0.242085,0.0395734,0.634789,0.319652,0.582378,0.213806,nan,nan,nan,nan,nan,nan,nan,nan
2.45801,0.120547,0.0971286,0.0319203,0.257353,0.114387,-0.0424549,-0.0526397,-0.112941,-0.024683,-0.140368,-0.344109,-0.209747,0.0196865,-0.00868087,-1,0.00056068,-0.0958174,-0.100519,-0.0777363,-0.842507,-0.371952,3.14045,0,0.998904,-0.0188553,0.0428353,0.00108817,0.0539941,0.796159,0.0985183,0,0,-0.44379,0.0196865,-0.00868087,-1,0.00056068,Idle,,nan,nan,4,0.20944,0,0,0,0,0,-0.440782,0.0233892,0.242496,0.0423203,0.637915,0.32827,0.586082,0.210861,nan,nan,nan,nan,nan,nan,nan,nan
2.46662,0.122094,0.0968819,0.0315032,0.263214,0.10593,-0.0453787,-0.053752,-0.115989,-0.0265632,-0.144707,-0.329774,-0.225588,0.0196865,-0.00868087,-1,0.00056068,-0.0958174,-0.100519,-0.0777363,-0.842507,-0.371952,3.14045,0,0.998904,-0.0188553,0.0428353,0.00108817,0.0829951,0.810314,0.102909,0,0,-0.447338,0.0196865,-0.00868087,-1,0.00056068,Idle,,nan,nan,4,0.20944,0,0,0,0,0,-0.447338,0.0472504,0.229923,0.0454719,0.621856,0.363742,0.597469,0.206284,nan,nan,nan,nan,nan,nan,nan,nan
2.4717,0.125412,0.0964075,0.0305379,0.281031,0.103759,-0.0563611,-0.0564815,-0.121771,-0.0302336,-0.179828,-0.297329,-0.222072,0.0196865,-0.00868087,-1,0.00056068,-0.0958174,-0.100519,-0.0777363,-0.842507,-0.371952,3.14045,0,0.998904,-0.0188553,0.0428353,0.00108817,0.0829951,0.810314,0.102909,0,0,-0.447338,0.0196865,-0.00868087,-1,0.00056068,Idle,,nan,nan,4,0.20944,0,0,0,0,0,-0.447338,0.0472504,0.229923,0.0454719,0.621856,0.363742,0.597469,0.206284,nan,nan,nan,nan,nan,nan,nan,nan
2.48303,0.126983,0.0957482,0.0299148,0.285399,0.107626,-0.0596742,-0.0577677,-0.124035,-0.0321599,-0.166694,-0.241229,-0.226786,0.0196865,-0.00868087,-1,0.00056068,-0.103519,-0.0985947,-0.15933,-0.9219,-0.371455,2.87853,0,0.998724,-0.0188119,0.0468456,0.00116184,0.0877721,0.861164,0.119171,0,0,-0.453528,0.0196865,-0.00868087,-1,0.00056068,Idle,,nan,nan,4,0.20944,0,0,0,0,0,-0.453528,0.0278424,0.238674,0.0511097,0.653592,0.35566,0.590481,0.21438,nan,nan,nan,nan,nan,nan,nan,nan
2.49441,0.128654,0.095103,0.0292532,0.291933,0.107889,-0.0599049,-0.0591761,-0.125916,-0.0340995,-0.180014,-0.198715,-0.225866,0.0196865,-0.00868087,-1,0.00056068,-0.103519,-0.0985947,-0.15933,-0.9219,-0.371455,2.87853,0,0.998724,-0.0188119,0.0468456,0.00116184,0.0777362,0.86482,0.126322,0,0,-0.457108,0.0196865,-0.00868087,-1,0.00056068,Idle,,nan,nan,4,0.20944,0,0,0,0,0,-0.457108,0.0376081,0.233788,0.0544607,0.650159,0.372952,0.59416,0.211159,nan,nan,nan,nan,nan,nan,nan,nan
2.50292,0.130395,0.0944517,0.0285523,0.293809,0.0919259,-0.071948,-0.0603282,-0.12749,-0.0359743,-0.151016,-0.164739,-0.216884,0.0196865,-0.00868087,-1,0.00056068,-0.103519,-0.0985947,-0.15933,-0.9219,-0.371455,2.87853,0,0.998724,-0.0188119,0.0468456,0.00116184,0.0801442,0.87604,0.132431,0,0,-0.461559,0.0196865,-0.00868087,-1,0.00056068,Idle,,nan,nan,4,0.20944,0,0,0,0,0,-0.461559,0.0255092,0.228848,0.0567661,0.661976,0.374648,0.584258,0.225355,nan,nan,nan,nan,nan,nan,nan,nan
2.51571,0.132214,0.0938465,0.0277764,0.309636,0.08529,-0.0835424,-0.0608179,-0.129077,-0.0379106,-0.0781253,-0.16464,-0.222698,0.0196865,-0.00868087,-1,0.00056068,-0.106901,-0.097401,-0.192052,-0.990874,-0.228114,2.83854,0,0.998666,-0.0115406,0.0503279,0.000860882,0.141096,0.914295,0.13748,0,0,-0.464333,0.0196865,-0.00868087,-1,0.00056068,Idle,,nan,nan,4,0.20944,0,0,0,0,0,-0.462559,0.030204,0.227902,0.0592682,0.661488,0.382139,0.585407,0.221202,nan,nan,nan,nan,nan,nan,nan,nan
2.52515,0.136199,0.0926082,0.0259265,0.325802,0.0990838,-0.100397,-0.0614894,-0.131851,-0.0417944,-0.0584396,-0.115897,-0.228619,0.0196865,-0.00868087,-1,0.00056068,-0.106901,-0.097401,-0.192052,-0.990874,-0.228114,2.83854,0,0.998666,-0.0115406,0.0503279,0.000860882,0.133094,0.957713,0.145149,0,0,-0.466748,0.0196865,-0.00868087,-1,0.00056068,Idle,,nan,nan,4,0.20944,0,0,0,0,0,-0.464333,0.0399519,0.233941,0.0613697,0.662739,0.388638,0.59624,0.209715,nan,nan,nan,nan,nan,nan,nan,nan
2.52917,0.138313,0.092013,0.0248643,0.333648,0.0932088,-0.10962,-0.0612231,-0.132734,-0.0438003,0.00353094,-0.0864476,-0.226769,0.0196865,-0.00868087,-1,0.00056068,-0.106901,-0.097401,-0.192052,-0.990874,-0.228114,2.83854,0,0.998666,-0.0115406,0.0503279,0.000860882,0.133094,0.957713,0.145149,0,0,-0.466748,0.0196865,-0.00868087,-1,0.00056068,Idle,,nan,nan,4,0.20944,0,0,0,0,0,-0.469125,0.0399519,0.233941,0.0613697,0.662739,0.388638,0.59624,0.209715,nan,nan,nan,nan,nan,nan,nan,nan
2.53962,0.140546,0.0914715,0.0236794,0.341739,0.0821919,-0.12886,-0.060555,-0.13373,-0.0457238,0.049226,-0.0996553,-0.218405,0.0196865,-0.00868087,-1,0.00056068,-0.106901,-0.097401,-0.192052,-0.990874,-0.228114,2.83854,0,0.998666,-0.0115406,0.0503279,0.000860882,0.0969722,0.947803,0.158189,0,0,-0.471196,0.0196865,-0.00868087,-1,0.00056068,Idle,,nan,nan,4,0.20944,0,0,0,0,0,-0.471196,-0.00534169,0.24359,0.066354,0.713434,0.361635,0.57291,0.236805,nan,nan,nan,nan,nan,nan,nan,nan
2.55225,0.142884,0.0909129,0.022398,0.357966,0.0773168,-0.143705,-0.0594667,-0.135019,-0.0477715,0.0933612,-0.130767,-0.232712,0.0196865,-0.00868087,-1,0.00056068,-0.114817,-0.0951448,-0.257242,-1.06347,-0.248659,2.75044,0,0.998462,-0.0125677,0.0539836,0.000958631,0.124198,0.960494,0.161506,0,0,-0.470588,0.0196865,-0.00868087,-1,0.00056068,Idle,,nan,nan,4,0.20944,0,0,0,0,0,-0.470588,0.00198994,0.237569,0.0683842,0.705413,0.372499,0.571201,0.233238,nan,nan,nan,nan,nan,nan,nan,nan
2.56198,0.145341,0.0903716,0.020995,0.366453,0.0869596,-0.150736,-0.0583762,-0.135539,-0.0498911,0.0932354,-0.0460674,-0.237898,0.0196865,-0.00868087,-1,0.00056068,-0.114817,-0.0951448,-0.257242,-1.06347,-0.248659,2.75044,0,0.998462,-0.0125677,0.0539836,0.000958631,0.122997,0.997799,0.169836,0,0,-0.471575,0.0196865,-0.00868087,-1,0.00056068,Idle,,nan,nan,4,0.20944,0,0,0,0,0,-0.471575,-0.00387272,0.248162,0.0706806,0.720332,0.364147,0.573234,0.228588,nan,nan,nan,nan,nan,nan,nan,nan
2.57741,0.1479,0.0898159,0.0194796,0.374846,0.0870697,-0.165454,-0.0573806,-0.135889,-0.0519403,0.0830394,-0.0275229,-0.227765,0.0196865,-0.00868087,-1,0.00056068,-0.121802,-0.0935719,-0.306198,-1.17809,-0.323009,2.69386,0,0.99808,-0.0162989,0.0597402,0.00125444,0.0818179,1.00344,0.178634,0,0,-0.474398,0.0196865,-0.00868087,-1,0.00056068,Idle,,nan,nan,4,0.20944,0,0,0,0,0,-0.474398,-0.00216159,0.241331,0.0729451,0.719377,0.375275,0.570173,0.232766,nan,nan,nan,nan,nan,nan,nan,nan
2.59809,0.15635,0.0873336,0.0137779,0.402487,0.064728,-0.205757,-0.0538148,-0.135052,-0.0579156,0.106005,0.102023,-0.224272,0.0196865,-0.00868087,-1,0.00056068,-0.12732,-0.0922063,-0.338837,-1.21202,-0.228506,2.65915,0,0.998043,-0.0115214,0.0614447,0.000988084,0.115444,1.02145,0.18516,0,0,-0.475935,0.0196865,-0.00868087,-1,0.00056068,Idle,,nan,nan,4,0.20944,0,0,0,0,0,-0.475935,0.0094077,0.232323,0.0765771,0.709993,0.394994,0.569893,0.228858,nan,nan,nan,nan,nan,nan,nan,nan
2.60737,0.159108,0.0863115,0.0117006,0.408731,0.054703,-0.224128,-0.0526711,-0.134056,-0.0597523,0.104353,0.120062,-0.196984,0.0196865,-0.00868087,-1,0.00056068,-0.12732,-0.0922063,-0.338837,-1.21202,-0.228506,2.65915,0,0.998043,-0.0115214,0.0614447,0.000988084,0.112303,1.03766,0.192933,0,0,-0.478233,0.0196865,-0.00868087,-1,0.00056068,Idle,,nan,nan,4,0.20944,0,0,0,0,0,-0.477479,0.00506706,0.233719,0.0782731,0.717289,0.39418,0.567658,0.230791,nan,nan,nan,nan,nan,nan,nan,nan
2.61865,0.161971,0.0853073,0.00949777,0.417147,0.0639784,-0.231819,-0.0520585,-0.1331,-0.0616853,0.0433532,0.115539,-0.207003,0.0196865,-0.00868087,-1,0.00056068,-0.13245,-0.0902428,-0.371474,-1.25619,-0.141163,2.65699,0,0.997946,-0.00710626,0.0636584,0.000731944,0.130038,1.03454,0.196078,0,0,-0.477811,0.0196865,-0.00868087,-1,0.00056068,Idle,,nan,nan,4,0.20944,0,0,0,0,0,-0.478233,0.0112947,0.230655,0.0796373,0.712836,0.402868,0.569286,0.227943,nan,nan,nan,nan,nan,nan,nan,nan
2.62053,0.164942,0.0842956,0.00717858,0.424795,0.0552075,-0.243812,-0.0512544,-0.131702,-0.0636128,0.0649298,0.164544,-0.203944,0.0196865,-0.00868087,-1,0.00056068,-0.13245,-0.0902428,-0.371474,-1.25619,-0.141163,2.65699,0,0.997946,-0.00710626,0.0636584,0.000731944,0.130038,1.03454,0.196078,0,0,-0.477811,0.0196865,-0.00868087,-1,0.00056068,Idle,,nan,nan,4,0.20944,0,0,0,0,0,-0.478233,0.0112947,0.230655,0.0796373,0.712836,0.402868,0.569286,0.227943,nan,nan,nan,nan,nan,nan,nan,nan
2.63519,0.168009,0.0833078,0.00475227,0.44393,0.0451209,-0.265072,-0.0504664,-0.130484,-0.0653191,0.0665755,0.143258,-0.180771,0.0196865,-0.00868087,-1,0.00056068,-0.137992,-0.0883277,-0.404111,-1.29519,-0.180396,2.59974,0,0.997804,-0.00907939,0.0656084,0.000875534,0.106059,1.03948,0.207326,0,0,-0.481913,0.0196865,-0.00868087,-1,0.00056068,Idle,,nan,nan,4,0.20944,0,0,0,0,0,-0.481913,0.0129671,0.233086,0.0823281,0.719741,0.408703,0.573175,0.226033,nan,nan,nan,nan,nan,nan,nan,nan
2.64418,0.171191,0.082342,0.00219921,0.449729,0.0543124,-0.277691,-0.0498846,-0.129387,-0.067215,0.0407952,0.130008,-0.201487,0.0196865,-0.00868087,-1,0.00056068,-0.137992,-0.0883277,-0.404111,-1.29519,-0.180396,2.59974,0,0.997804,-0.00907939,0.0656084,0.000875534,0.122036,1.07402,0.213227,0,0,-0.481419,0.0196865,-0.00868087,-1,0.00056068,Idle,,nan,nan,4,0.20944,0,0,0,0,0,-0.481419,0.0178072,0.254158,0.0835019,0.731897,0.397904,0.589822,0.20605,nan,nan,nan,nan,nan,nan,nan,nan
2.65473,0.174479,0.08137,-0.000503479,0.455111,0.049697,-0.292226,-0.0490313,-0.127995,-0.0690181,0.0731551,0.163806,-0.191802,0.0196865,-0.00868087,-1,0.00056068,-0.147053,-0.0855484,-0.453065,-1.38368,-0.18999,2.58904,0,0.997499,-0.00954749,0.0700274,0.000948548,0.0808275,1.06252,0.221235,0,0,-0.482635,0.0196865,-0.00868087,-1,0.00056068,Idle,,nan,nan,4,0.20944,0,0,0,0,0,-0.481419,0.0178072,0.254158,0.0835019,0.731897,0.397904,0.589822,0.20605,nan,nan,nan,nan,nan,nan,nan,nan
2.66367,0.177868,0.0804327,-0.00335129,0.467038,0.0393205,-0.310898,-0.0481312,-0.126778,-0.0706343,0.0808074,0.142395,-0.171293,0.0196865,-0.00868087,-1,0.00056068,-0.147053,-0.0855484,-0.453065,-1.38368,-0.18999,2.58904,0,0.997499,-0.00954749,0.0700274,0.000948548,0.0875159,1.05625,0.224271,0,0,-0.483222,0.0196865,-0.00868087,-1,0.00056068,Idle,,nan,nan,4,0.20944,0,0,0,0,0,-0.483222,0.00423067,0.250146,0.0856807,0.742642,0.395123,0.577012,0.218111,nan,nan,nan,nan,nan,nan,nan,nan
2.67754,0.181349,0.0795102,-0.00631597,0.47723,0.0434325,-0.324281,-0.0475812,-0.125535,-0.0724075,0.03974,0.14602,-0.188644,0.0196865,-0.00868087,-1,0.00056068,-0.15358,-0.0837815,-0.485704,-1.46403,-0.176872,2.58098,0,0.997216,-0.00887307,0.0740294,0.000936743,0.109603,1.07197,0.226908,0,0,-0.48307,0.0196865,-0.00868087,-1,0.00056068,Idle,,nan,nan,4,0.20944,0,0,0,0,0,-0.48307,0.0236461,0.248041,0.0867629,0.728354,0.411272,0.588019,0.204636,nan,nan,nan,nan,nan,nan,nan,nan
2.68559,0.188401,0.077183,-0.0127939,0.494723,0.0330807,-0.359841,-0.0464706,-0.12267,-0.0755951,0.0474115,0.158805,-0.158196,0.0196865,-0.00868087,-1,0.00056068,-0.15358,-0.0837815,-0.485704,-1.46403,-0.176872,2.58098,0,0.997216,-0.00887307,0.0740294,0.000936743,0.0852656,1.07715,0.233501,0,0,-0.484313,0.0196865,-0.00868087,-1,0.00056068,Idle,,nan,nan,4,0.20944,0,0,0,0,0,-0.484313,0.0131375,0.252885,0.087607,0.741297,0.402502,0.58441,0.209043,nan,nan,nan,nan,nan,nan,nan,nan
2.69891,0.196388,0.0745199,-0.020526,0.506958,0.0256105,-0.395594,-0.0456829,-0.119186,-0.0787673,0.0212541,0.205789,-0.154981,0.0196865,-0.00868087,-1,0.00056068,-0.160279,-0.0815706,-0.518425,-1.50743,-0.119957,2.58653,0,0.997075,-0.00600609,0.0761872,0.000736827,0.102476,1.08623,0.238012,0,0,-0.484217,0.0196865,-0.00868087,-1,0.00056068,Idle,,nan,nan,4,0.20944,0,0,0,0,0,-0.484847,0.0101719,0.246844,0.0885378,0.740587,0.406142,0.577648,0.215013,nan,nan,nan,nan,nan,nan,nan,nan
2.71125,0.200152,0.0732103,-0.0243321,0.517026,0.0307275,-0.410125,-0.0453911,-0.117174,-0.0801883,0.0180436,0.229056,-0.145942,0.0196865,-0.00868087,-1,0.00056068,-0.167866,-0.0790408,-0.550979,-1.51651,-0.0905541,2.59362,0,0.997048,-0.00452794,0.076638,0.000625906,0.110175,1.07629,0.245018,0,0,-0.483793,0.0196865,-0.00868087,-1,0.00056068,Idle,,nan,nan,4,0.20944,0,0,0,0,0,-0.483793,0.0228373,0.240491,0.0899096,0.727455,0.419909,0.579689,0.208121,nan,nan,nan,nan,nan,nan,nan,nan
2.72173,0.204014,0.0718887,-0.0282747,0.525271,0.0309812,-0.422668,-0.0450765,-0.11475,-0.0817099,0.0195536,0.275545,-0.155099,0.0196865,-0.00868087,-1,0.00056068,-0.167866,-0.0790408,-0.550979,-1.51651,-0.0905541,2.59362,0,0.997048,-0.00452794,0.076638,0.000625906,0.0836923,1.08082,0.251027,0,0,-0.484797,0.0196865,-0.00868087,-1,0.00056068,Idle,,nan,nan,4,0.20944,0,0,0,0,0,-0.484797,0.0124018,0.238727,0.0904345,0.735115,0.415305,0.571541,0.217225,nan,nan,nan,nan,nan,nan,nan,nan
2.73512,0.207991,0.0706202,-0.032352,0.534309,0.0183382,-0.441773,-0.0448712,-0.112043,-0.0829449,0.0112938,0.303944,-0.121524,0.0196865,-0.00868087,-1,0.00056068,-0.175111,-0.0765411,-0.583617,-1.5806,-0.158216,2.56576,0,0.996778,-0.00791571,0.0798152,0.000911499,0.0771827,1.07505,0.256661,0,0,-0.486193,0.0196865,-0.00868087,-1,0.00056068,Idle,,nan,nan,4,0.20944,0,0,0,0,0,-0.486193,0.017809,0.236786,0.090856,0.731736,0.422319,0.574967,0.21575,nan,nan,nan,nan,nan,nan,nan,nan
2.74397,0.212044,0.0693602,-0.0365593,0.541862,0.0256247,-0.457207,-0.0446536,-0.109313,-0.0842334,0.0124201,0.310037,-0.128718,0.0196865,-0.00868087,-1,0.00056068,-0.175111,-0.0765411,-0.583617,-1.5806,-0.158216,2.56576,0,0.996778,-0.00791571,0.0798152,0.000911499,0.109718,1.07842,0.256899,0,0,-0.485848,0.0196865,-0.00868087,-1,0.00056068,Idle,,nan,nan,4,0.20944,0,0,0,0,0,-0.485848,0.0235659,0.234321,0.0910415,0.725763,0.427974,0.576765,0.212891,nan,nan,nan,nan,nan,nan,nan,nan
2.75836,0.216191,0.0681065,-0.0409222,0.546983,0.0216667,-0.473551,-0.0443024,-0.106055,-0.0855319,0.027457,0.367149,-0.126692,0.0196865,-0.00868087,-1,0.00056068,-0.186679,-0.072948,-0.632573,-1.63197,-0.120836,2.56487,0,0.996584,-0.00603359,0.0823582,0.000776103,0.0776467,1.0707,0.263042,0,0,-0.486446,0.0196865,-0.00868087,-1,0.00056068,Idle,,nan,nan,4,0.20944,0,0,0,0,0,-0.486446,0.012942,0.227573,0.091228,0.729288,0.426017,0.564895,0.225584,nan,nan,nan,nan,nan,nan,nan,nan
2.76184,0.220405,0.0669117,-0.0454114,0.553972,0.0167459,-0.492769,-0.0441014,-0.10274,-0.0865777,0.0140711,0.372399,-0.0985921,0.0196865,-0.00868087,-1,0.00056068,-0.186679,-0.072948,-0.632573,-1.63197,-0.120836,2.56487,0,0.996584,-0.00603359,0.0823582,0.000776103,0.0776467,1.0707,0.263042,0,0,-0.486446,0.0196865,-0.00868087,-1,0.00056068,Idle,,nan,nan,4,0.20944,0,0,0,0,0,-0.486446,0.012942,0.227573,0.091228,0.729288,0.426017,0.564895,0.225584,nan,nan,nan,nan,nan,nan,nan,nan
2.78327,0.224674,0.0657357,-0.0500368,0.557233,0.0263657,-0.504772,-0.0440193,-0.0989711,-0.0877932,-0.00074881,0.423675,-0.115268,0.0196865,-0.00868087,-1,0.00056068,-0.194738,-0.0706958,-0.66521,-1.64588,-0.176102,2.55355,0,0.996506,-0.00880027,0.083045,0.00101082,0.0833505,1.02849,0.271752,0,0,-0.487171,0.0196865,-0.00868087,-1,0.00056068,Idle,,nan,nan,4,0.20944,0,0,0,0,0,-0.487547,0.00938915,0.210793,0.0912277,0.721035,0.436472,0.551624,0.241058,nan,nan,nan,nan,nan,nan,nan,nan
2.78717,0.228995,0.0645757,-0.0548067,0.561786,0.0186633,-0.52339,-0.0438652,-0.09483,-0.0887966,0.00995423,0.461761,-0.0895981,0.0196865,-0.00868087,-1,0.00056068,-0.194738,-0.0706958,-0.66521,-1.64588,-0.176102,2.55355,0,0.996506,-0.00880027,0.083045,0.00101082,0.0833505,1.02849,0.271752,0,0,-0.487171,0.0196865,-0.00868087,-1,0.00056068,Idle,,nan,nan,4,0.20944,0,0,0,0,0,-0.487547,0.00938915,0.210793,0.0912277,0.721035,0.436472,0.551624,0.241058,nan,nan,nan,nan,nan,nan,nan,nan
2.80332,0.24165,0.0598935,-0.0702902,0.575957,0.0178147,-0.57206,-0.0423233,-0.0822529,-0.0917932,0.0741973,0.491754,-0.075396,0.0196865,-0.00868087,-1,0.00056068,-0.202785,-0.0680808,-0.697847,-1.69463,-0.128187,2.565,0,0.996321,-0.00639271,0.0854527,0.000825556,0.0572045,1.00962,0.278126,0,0,-0.488635,0.0196865,-0.00868087,-1,0.00056068,Idle,,nan,nan,4,0.20944,0,0,0,0,0,-0.488635,-0.00139266,0.210574,0.0911453,0.72951,0.430009,0.545015,0.250008,nan,nan,nan,nan,nan,nan,nan,nan
2.81713,0.246847,0.0584214,-0.0765714,0.58324,0.0155611,-0.587883,-0.041617,-0.0779276,-0.0927987,0.0742704,0.484127,-0.0899438,0.0196865,-0.00868087,-1,0.00056068,-0.210865,-0.0651456,-0.730485,-1.68784,-0.114914,2.55018,0,0.996354,-0.00572933,0.0851182,0.000766743,0.0737833,0.990439,0.278509,0,0,-0.488074,0.0196865,-0.00868087,-1,0.00056068,Idle,,nan,nan,4,0.20944,0,0,0,0,0,-0.488074,0.00524976,0.205637,0.091115,0.720731,0.437605,0.545692,0.248269,nan,nan,nan,nan,nan,nan,nan,nan
2.82648,0.251261,0.0569546,-0.0821661,0.590086,0.0114972,-0.611537,-0.0410209,-0.0734555,-0.093767,0.0624046,0.497754,-0.0850776,0.0196865,-0.00868087,-1,0.00056068,-0.210865,-0.0651456,-0.730485,-1.68784,-0.114914,2.55018,0,0.996354,-0.00572933,0.0851182,0.000766743,0.0734857,0.979778,0.281392,0,0,-0.488713,0.0196865,-0.00868087,-1,0.00056068,Idle,,nan,nan,4,0.20944,0,0,0,0,0,-0.488713,0.0101372,0.210575,0.0911353,0.721426,0.438228,0.553256,0.241942,nan,nan,nan,nan,nan,nan,nan,nan
2.83957,0.260284,0.0541797,-0.0937805,0.595321,0.0175613,-0.639872,-0.0391978,-0.0652874,-0.0956171,0.093715,0.44792,-0.0938252,0.0196865,-0.00868087,-1,0.00056068,-0.224266,-0.0610173,-0.779441,-1.7596,-0.109892,2.55559,0,0.996047,-0.00546842,0.0886539,0.000763749,0.0778915,0.97584,0.282432,0,0,-0.487201,0.0196865,-0.00868087,-1,0.00056068,Idle,,nan,nan,4,0.20944,0,0,0,0,0,-0.487201,-0.000726339,0.214178,0.0911928,0.730201,0.426544,0.546552,0.245506,nan,nan,nan,nan,nan,nan,nan,nan
2.85308,0.264849,0.0528393,-0.0998061,0.595527,0.0131815,-0.66056,-0.0382327,-0.0611485,-0.0964285,0.10598,0.462469,-0.0709395,0.0196865,-0.00868087,-1,0.00056068,-0.232905,-0.0584441,-0.812078,-1.74337,-0.0988376,2.5638,0,0.996121,-0.00491791,0.0878551,0.000710833,0.0471423,0.941411,0.288158,0,0,-0.488731,0.0196865,-0.00868087,-1,0.00056068,Idle,,nan,nan,4,0.20944,0,0,0,0,0,-0.488731,-0.00513498,0.217084,0.0915313,0.73724,0.42324,0.546679,0.247762,nan,nan,nan,nan,nan,nan,nan,nan
2.86182,0.269466,0.0515217,-0.105949,0.603031,0.0124227,-0.670453,-0.0373639,-0.0572251,-0.0972837,0.0952583,0.438651,-0.0771619,0.0196865,-0.00868087,-1,0.00056068,-0.232905,-0.0584441,-0.812078,-1.74337,-0.0988376,2.5638,0,0.996121,-0.00491791,0.0878551,0.000710833,0.0540299,0.932255,0.289959,0,0,-0.489939,0.0196865,-0.00868087,-1,0.00056068,Idle,,nan,nan,4,0.20944,0,0,0,0,0,-0.487618,-0.0020936,0.213158,0.0917695,0.73144,0.427293,0.544705,0.247035,nan,nan,nan,nan,nan,nan,nan,nan
2.8765,0.278826,0.0489316,-0.118615,0.608195,0.00854852,-0.702858,-0.0355964,-0.0494765,-0.0988395,0.109003,0.423463,-0.0520855,0.0196865,-0.00868087,-1,0.00056068,-0.241709,-0.0559477,-0.844801,-1.76763,-0.12072,2.5309,0,0.996009,-0.00600844,0.0890482,0.000814184,0.0412457,0.90751,0.292288,0,0,-0.490055,0.0196865,-0.00868087,-1,0.00056068,Idle,,nan,nan,4,0.20944,0,0,0,0,0,-0.489939,-0.00312361,0.217031,0.0919449,0.737402,0.426322,0.548858,0.247173,nan,nan,nan,nan,nan,nan,nan,nan
2.88405,0.283326,0.0472586,-0.125209,0.609808,0.0133204,-0.71301,-0.0347582,-0.0458656,-0.0996678,0.0927794,0.403731,-0.0766312,0.0196865,-0.00868087,-1,0.00056068,-0.241709,-0.0559477,-0.844801,-1.76763,-0.12072,2.5309,0,0.996009,-0.00600844,0.0890482,0.000814184,0.0564962,0.910348,0.292515,0,0,-0.490542,0.0196865,-0.00868087,-1,0.00056068,Idle,,nan,nan,4,0.20944,0,0,0,0,0,-0.490542,-0.00679019,0.218541,0.0921078,0.741829,0.423428,0.547773,0.249139,nan,nan,nan,nan,nan,nan,nan,nan
2.90337,0.292431,0.0440031,-0.138753,0.613322,0.00697285,-0.742331,-0.0338296,-0.0388504,-0.100886,0.0268765,0.385093,-0.0461708,0.0196865,-0.00868087,-1,0.00056068,-0.250458,-0.0531425,-0.874791,-1.81035,-0.108886,2.51151,0,0.995822,-0.00541129,0.0911481,0.000772136,0.0410751,0.879901,0.296205,0,0,-0.485638,0.0196865,-0.00868087,-1,0.00056068,Idle,,nan,nan,4,0.20944,0,0,0,0,0,-0.485638,0.0128513,0.21854,0.0922041,0.723133,0.432509,0.556664,0.230248,nan,nan,nan,nan,nan,nan,nan,nan
2.91272,0.297036,0.0424599,-0.145708,0.613765,0.0182012,-0.756931,-0.0336086,-0.0352881,-0.101648,0.0259699,0.395493,-0.0689882,0.0196865,-0.00868087,-1,0.00056068,-0.263482,-0.0485837,-0.854292,-1.82336,-0.147173,2.76166,0,0.995751,-0.00732024,0.0917858,0.000951553,0.0517456,0.867992,0.297429,0,0,-0.480645,0.0196865,-0.00868087,-1,0.00056068,Idle,,nan,nan,4,0.20944,0,0,0,0,0,-0.485638,0.0128513,0.21854,0.0922041,0.723133,0.432509,0.556664,0.230248,nan,nan,nan,nan,nan,nan,nan,nan
2.92093,0.301667,0.0409752,-0.152801,0.614364,0.0180565,-0.774023,-0.0334541,-0.0319733,-0.102148,0.0199941,0.371018,-0.0414781,0.0196865,-0.00868087,-1,0.00056068,-0.263482,-0.0485837,-0.854292,-1.82336,-0.147173,2.76166,0,0.995751,-0.00732024,0.0917858,0.000951553,0.0159095,0.851308,0.301155,0,0,-0.475008,0.0196865,-0.00868087,-1,0.00056068,Idle,,nan,nan,4,0.20944,0,0,0,0,0,-0.475008,0.00995594,0.22316,0.0922065,0.717821,0.416564,0.547256,0.218389,nan,nan,nan,nan,nan,nan,nan,nan
2.93502,0.307224,0.0395832,-0.161153,0.608203,0.0160531,-0.783268,-0.0331184,-0.0287475,-0.102781,0.0396658,0.359697,-0.0565307,0.0196865,-0.00868087,-1,0.00056068,-0.273161,-0.0458509,-0.838847,-1.78318,-0.111788,2.92572,0,0.995943,-0.00555997,0.0898132,0.000778333,0.018754,0.839951,0.302232,0,0,-0.468619,0.0196865,-0.00868087,-1,0.00056068,Idle,,nan,nan,4,0.20944,0,0,0,0,0,-0.468619,-0.0027251,0.215837,0.0923524,0.715369,0.406531,0.526585,0.225992,nan,nan,nan,nan,nan,nan,nan,nan
2.94338,0.311867,0.0381561,-0.168476,0.610579,0.0167625,-0.802676,-0.0327635,-0.0253717,-0.103423,0.0419219,0.376456,-0.0571228,0.0196865,-0.00868087,-1,0.00056068,-0.273161,-0.0458509,-0.838847,-1.78318,-0.111788,2.92572,0,0.995943,-0.00555997,0.0898132,0.000778333,0.0275274,0.810476,0.302779,0,0,-0.463586,0.0196865,-0.00868087,-1,0.00056068,Idle,,nan,nan,4,0.20944,0,0,0,0,0,-0.463586,0.00486954,0.21151,0.0924838,0.702039,0.410058,0.523736,0.218512,nan,nan,nan,nan,nan,nan,nan,nan
2.95584,0.321203,0.0354783,-0.183467,0.610526,0.0241748,-0.824802,-0.0326468,-0.0184865,-0.104594,-0.00178862,0.393555,-0.063438,0.0196865,-0.00868087,-1,0.00056068,-0.282003,-0.0432038,-0.824086,-1.79704,-0.0760238,3.10832,0,0.99589,-0.00377197,0.0904945,0.000619638,0.0392192,0.796293,0.303959,0,0,-0.451382,0.0196865,-0.00868087,-1,0.00056068,Idle,,nan,nan,4,0.20944,0,0,0,0,0,-0.456681,0.00895594,0.20839,0.0927184,0.702039,0.410058,0.523736,0.218512,nan,nan,nan,nan,nan,nan,nan,nan
2.96565,0.325885,0.0341986,-0.191119,0.606918,0.0192268,-0.839165,-0.0325595,-0.0151698,-0.105094,0.0128793,0.37141,-0.0419145,0.0196865,-0.00868087,-1,0.00056068,-0.282003,-0.0432038,-0.824086,-1.79704,-0.0760238,3.10832,0,0.99589,-0.00377197,0.0904945,0.000619638,0.00369522,0.79264,0.307657,0,0,-0.446903,0.0196865,-0.00868087,-1,0.00056068,Idle,,nan,nan,4,0.20944,0,0,0,0,0,-0.451382,0.015923,0.205528,0.0928742,0.678181,0.410287,0.514738,0.20232,nan,nan,nan,nan,nan,nan,nan,nan
2.96996,0.330558,0.0329814,-0.19886,0.603024,0.0177326,-0.849061,-0.0324776,-0.0118476,-0.105576,0.0122863,0.370066,-0.0396594,0.0196865,-0.00868087,-1,0.00056068,-0.282003,-0.0432038,-0.824086,-1.79704,-0.0760238,3.10832,0,0.99589,-0.00377197,0.0904945,0.000619638,0.00369522,0.79264,0.307657,0,0,-0.446903,0.0196865,-0.00868087,-1,0.00056068,Idle,,nan,nan,4,0.20944,0,0,0,0,0,-0.440771,0.015923,0.205528,0.0928742,0.678181,0.410287,0.514738,0.20232,nan,nan,nan,nan,nan,nan,nan,nan
2.98077,0.334956,0.0313793,-0.206802,0.605765,0.0238187,-0.858879,-0.0326031,-0.00850633,-0.10618,-0.010898,0.372681,-0.0532267,0.0196865,-0.00868087,-1,0.00056068,-0.282003,-0.0432038,-0.824086,-1.79704,-0.0760238,3.10832,0,0.99589,-0.00377197,0.0904945,0.000619638,0.0299341,0.75428,0.308177,0,0,-0.435848,0.0196865,-0.00868087,-1,0.00056068,Idle,,nan,nan,4,0.20944,0,0,0,0,0,-0.435848,0.00901943,0.208121,0.0933057,0.669797,0.388466,0.495736,0.189391,nan,nan,nan,nan,nan,nan,nan,nan
2.99306,0.339368,0.0298119,-0.214824,0.598699,0.0157954,-0.868206,-0.032687,-0.00511969,-0.106628,-0.00493977,0.376554,-0.0347331,0.0196865,-0.00868087,-1,0.00056068,-0.299506,-0.0380572,-0.793198,-1.83173,-0.136824,3.41062,0,0.995717,-0.00680238,0.0921969,0.000906615,0.0126579,0.755185,0.310737,0,0,-0.431311,0.0196865,-0.00868087,-1,0.00056068,Idle,,nan,nan,4,0.20944,0,0,0,0,0,-0.431311,0.0118113,0.215687,0.0935223,0.668854,0.380769,0.498308,0.177314,nan,nan,nan,nan,nan,nan,nan,nan
3.00292,0.343761,0.0283099,-0.222904,0.595157,0.0161733,-0.877175,-0.0328831,-0.0015351,-0.107056,-0.0173039,0.396578,-0.0316098,0.0196865,-0.00868087,-1,0.00056068,-0.299506,-0.0380572,-0.793198,-1.83173,-0.136824,3.41062,0,0.995717,-0.00680238,0.0921969,0.000906615,0.0419189,0.719944,0.310103,0,0,-0.426207,0.0196865,-0.00868087,-1,0.00056068,Idle,,nan,nan,4,0.20944,0,0,0,0,0,-0.426207,0.0126329,0.195205,0.0936623,0.648826,0.390868,0.479172,0.185961,nan,nan,nan,nan,nan,nan,nan,nan
3.01613,0.34815,0.0268308,-0.231057,0.592884,0.0233434,-0.881442,-0.0329265,0.00171041,-0.107601,-0.00033728,0.363207,-0.0461367,0.0196865,-0.00868087,-1,0.00056068,-0.312041,-0.0337361,-0.768943,-1.79016,-0.124,3.60237,0,0.995908,-0.00616894,0.0901564,0.00083537,0.0400973,0.704433,0.311486,0,0,-0.421466,0.0196865,-0.00868087,-1,0.00056068,Idle,,nan,nan,4,0.20944,0,0,0,0,0,-0.421466,0.0113798,0.204678,0.0937545,0.651764,0.378634,0.480152,0.175315,nan,nan,nan,nan,nan,nan,nan,nan
3.02463,0.35688,0.0240168,-0.247482,0.583598,0.0110777,-0.896406,-0.0327955,0.008665,-0.108197,0.00545762,0.363271,-0.0180563,0.0196865,-0.00868087,-1,0.00056068,-0.312041,-0.0337361,-0.768943,-1.79016,-0.124,3.60237,0,0.995908,-0.00616894,0.0901564,0.00083537,0.0179392,0.689831,0.313338,0,0,-0.418057,0.0196865,-0.00868087,-1,0.00056068,Idle,,nan,nan,4,0.20944,0,0,0,0,0,-0.418057,0.00157581,0.195728,0.0937589,0.648964,0.374624,0.463483,0.185157,nan,nan,nan,nan,nan,nan,nan,nan
3.03792,0.361226,0.0226572,-0.255731,0.578867,0.0210807,-0.894727,-0.0328869,0.0124477,-0.108522,-0.00566911,0.420473,-0.019569,0.0196865,-0.00868087,-1,0.00056068,-0.320334,-0.0310628,-0.752518,-1.76808,-0.0284847,3.73228,0,0.996024,-0.00139901,0.0890711,0.000402102,0.0496583,0.674917,0.311972,0,0,-0.413005,0.0196865,-0.00868087,-1,0.00056068,Idle,,nan,nan,4,0.20944,0,0,0,0,0,-0.413005,0.0127005,0.19723,0.0936193,0.636968,0.376236,0.467502,0.171313,nan,nan,nan,nan,nan,nan,nan,nan
3.04528,0.366373,0.0213993,-0.265322,0.569489,0.0142703,-0.900074,-0.0328807,0.0166207,-0.108752,0.00503847,0.461248,-0.00759384,0.0196865,-0.00868087,-1,0.00056068,-0.320334,-0.0310628,-0.752518,-1.76808,-0.0284847,3.73228,0,0.996024,-0.00139901,0.0890711,0.000402102,0.0249731,0.643027,0.314083,0,0,-0.407132,0.0196865,-0.00868087,-1,0.00056068,Idle,,nan,nan,4,0.20944,0,0,0,0,0,-0.409112,0.0160461,0.186131,0.0933478,0.622591,0.382284,0.458404,0.173167,nan,nan,nan,nan,nan,nan,nan,nan
3.05396,0.37066,0.0201716,-0.273576,0.569254,0.0190915,-0.901599,-0.0327939,0.020293,-0.10889,0.0139304,0.409675,0.000910062,0.0196865,-0.00868087,-1,0.00056068,-0.329352,-0.0285761,-0.734678,-1.72169,-0.0496241,3.8236,0,0.996224,-0.00245862,0.0867875,0.00049135,0.0249731,0.643027,0.314083,0,0,-0.407132,0.0196865,-0.00868087,-1,0.00056068,Idle,,nan,nan,4,0.20944,0,0,0,0,0,-0.409112,0.0160461,0.186131,0.0933478,0.622591,0.382284,0.458404,0.173167,nan,nan,nan,nan,nan,nan,nan,nan
3.06368,0.374943,0.0189615,-0.28183,0.564372,0.0255717,-0.895797,-0.0326023,0.0245605,-0.109046,0.0255042,0.473887,0.000836977,0.0196865,-0.00868087,-1,0.00056068,-0.329352,-0.0285761,-0.734678,-1.72169,-0.0496241,3.8236,0,0.996224,-0.00245862,0.0867875,0.00049135,0.0323802,0.609203,0.314117,0,0,-0.400051,0.0196865,-0.00868087,-1,0.00056068,Idle,,nan,nan,4,0.20944,0,0,0,0,0,-0.400051,0.00743749,0.179082,0.0927485,0.614036,0.371519,0.43888,0.175767,nan,nan,nan,nan,nan,nan,nan,nan
3.07713,0.378917,0.0174362,-0.290216,0.557156,0.0260718,-0.89786,-0.0323774,0.0285894,-0.10925,0.0293006,0.447658,-0.00542374,0.0196865,-0.00868087,-1,0.00056068,-0.337493,-0.0262602,-0.71817,-1.74928,-0.128743,3.87864,0,0.996087,-0.00641217,0.0881458,0.000844494,0.0133587,0.589424,0.314821,0,0,-0.399153,0.0196865,-0.00868087,-1,0.00056068,Idle,,nan,nan,4,0.20944,0,0,0,0,0,-0.399153,-0.0021704,0.181054,0.0923795,0.620959,0.362064,0.432952,0.180638,nan,nan,nan,nan,nan,nan,nan,nan
3.0849,0.382823,0.0159837,-0.298547,0.547378,0.0193984,-0.894807,-0.0318351,0.0323359,-0.109314,0.0651197,0.415064,0.00992115,0.0196865,-0.00868087,-1,0.00056068,-0.337493,-0.0262602,-0.71817,-1.74928,-0.128743,3.87864,0,0.996087,-0.00641217,0.0881458,0.000844494,0.0166298,0.565802,0.314582,0,0,-0.395962,0.0196865,-0.00868087,-1,0.00056068,Idle,,nan,nan,4,0.20944,0,0,0,0,0,-0.399153,-0.0021704,0.181054,0.0923795,0.620959,0.362064,0.432952,0.180638,nan,nan,nan,nan,nan,nan,nan,nan
3.10612,0.390574,0.0131923,-0.315036,0.54239,0.0337104,-0.8792,-0.0307153,0.0402311,-0.109593,0.0667192,0.44877,-0.00678948,0.0196865,-0.00868087,-1,0.00056068,-0.348662,-0.0220923,-0.693193,-1.69702,-0.0819369,3.95067,0,0.996324,-0.0040776,0.0855714,0.000627467,0.0261173,0.515896,0.313748,0,0,-0.393926,0.0196865,-0.00868087,-1,0.00056068,Idle,,nan,nan,4,0.20944,0,0,0,0,0,-0.393926,-0.00145,0.176361,0.0917234,0.611248,0.360007,0.425577,0.17887,nan,nan,nan,nan,nan,nan,nan,nan
3.11836,0.394432,0.0118724,-0.323224,0.534994,0.036617,-0.874399,-0.0301417,0.0441962,-0.109768,0.0688138,0.439925,-0.0023591,0.0196865,-0.00868087,-1,0.00056068,-0.356009,-0.0195256,-0.676776,-1.70834,-0.159847,3.97562,0,0.996252,-0.00797462,0.0861284,0.000966645,-0.00790821,0.510742,0.315332,0,0,-0.393658,0.0196865,-0.00868087,-1,0.00056068,Idle,,nan,nan,4,0.20944,0,0,0,0,0,-0.393658,-0.00793437,0.178553,0.0916536,0.617046,0.353535,0.422343,0.181709,nan,nan,nan,nan,nan,nan,nan,nan
3.12759,0.398224,0.010628,-0.331331,0.520812,0.0237568,-0.869569,-0.0292843,0.0476903,-0.109847,0.0998904,0.387215,0.00628053,0.0196865,-0.00868087,-1,0.00056068,-0.356009,-0.0195256,-0.676776,-1.70834,-0.159847,3.97562,0,0.996252,-0.00797462,0.0861284,0.000966645,-0.0118888,0.487902,0.315064,0,0,-0.392361,0.0196865,-0.00868087,-1,0.00056068,Idle,,nan,nan,4,0.20944,0,0,0,0,0,-0.392361,-0.00821513,0.181498,0.0916207,0.617997,0.349923,0.422963,0.17856,nan,nan,nan,nan,nan,nan,nan,nan
3.1334,0.401971,0.00941599,-0.339353,0.516007,0.0225719,-0.863198,-0.0288126,0.051129,-0.10993,0.0568617,0.381106,0.00544807,0.0196865,-0.00868087,-1,0.00056068,-0.356009,-0.0195256,-0.676776,-1.70834,-0.159847,3.97562,0,0.996252,-0.00797462,0.0861284,0.000966645,0.0350209,0.448263,0.312749,0,0,-0.390128,0.0196865,-0.00868087,-1,0.00056068,Idle,,nan,nan,4,0.20944,0,0,0,0,0,-0.392361,-0.00821513,0.181498,0.0916207,0.617997,0.349923,0.422963,0.17856,nan,nan,nan,nan,nan,nan,nan,nan
3.14149,0.40939,0.00714793,-0.355197,0.507092,0.0445373,-0.844487,-0.0282433,0.0583324,-0.110033,0.0303996,0.38954,0.0177541,0.0196865,-0.00868087,-1,0.00056068,-0.356009,-0.0195256,-0.676776,-1.70834,-0.159847,3.97562,0,0.996252,-0.00797462,0.0861284,0.000966645,-0.010656,0.435763,0.314156,0,0,-0.390448,0.0196865,-0.00868087,-1,0.00056068,Idle,,nan,nan,4,0.20944,0,0,0,0,0,-0.390448,0.000749418,0.175495,0.0913882,0.605268,0.358361,0.42338,0.174782,nan,nan,nan,nan,nan,nan,nan,nan
3.15421,0.413771,0.0060956,-0.364246,0.492491,0.0258398,-0.840825,-0.0277827,0.0615809,-0.109938,0.0541918,0.359512,0.0240628,0.0196865,-0.00868087,-1,0.00056068,-0.370219,-0.0150374,-0.644803,-1.66993,-0.18697,3.99829,0,0.996402,-0.00933962,0.0842326,0.0010669,-0.0280893,0.424463,0.314512,0,0,-0.390598,0.0196865,-0.00868087,-1,0.00056068,Idle,,nan,nan,4,0.20944,0,0,0,0,0,-0.390598,-0.00471239,0.171631,0.0912211,0.606382,0.357214,0.417104,0.181693,nan,nan,nan,nan,nan,nan,nan,nan
3.16479,0.417373,0.00507957,-0.371949,0.489851,0.0342056,-0.831344,-0.0273811,0.0644002,-0.109841,0.0474526,0.311755,0.0229187,0.0196865,-0.00868087,-1,0.00056068,-0.370219,-0.0150374,-0.644803,-1.66993,-0.18697,3.99829,0,0.996402,-0.00933962,0.0842326,0.0010669,0.0368295,0.389204,0.311641,0,0,-0.38841,0.0196865,-0.00868087,-1,0.00056068,Idle,,nan,nan,4,0.20944,0,0,0,0,0,-0.38841,0.00455124,0.162354,0.0909395,0.590802,0.367854,0.415192,0.17979,nan,nan,nan,nan,nan,nan,nan,nan
3.18375,0.420901,0.00410018,-0.37959,0.481156,0.0490842,-0.821123,-0.0271832,0.0675171,-0.109783,0.0249038,0.345068,0.0192184,0.0196865,-0.00868087,-1,0.00056068,-0.377802,-0.0130724,-0.628051,-1.6329,-0.0945031,4.01997,0,0.996588,-0.00471376,0.0824047,0.000667245,0.00696043,0.381552,0.311789,0,0,-0.388848,0.0196865,-0.00868087,-1,0.00056068,Idle,,nan,nan,4,0.20944,0,0,0,0,0,-0.388848,0.00215489,0.172933,0.0905823,0.600058,0.358761,0.421769,0.174805,nan,nan,nan,nan,nan,nan,nan,nan
3.18577,0.423972,0.0028173,-0.387237,0.470271,0.0486475,-0.807398,-0.0271942,0.0707409,-0.109646,0.000884528,0.354937,0.0279983,0.0196865,-0.00868087,-1,0.00056068,-0.377802,-0.0130724,-0.628051,-1.6329,-0.0945031,4.01997,0,0.996588,-0.00471376,0.0824047,0.000667245,-0.0335615,0.356744,0.312418,0,0,-0.389221,0.0196865,-0.00868087,-1,0.00056068,Idle,,nan,nan,4,0.20944,0,0,0,0,0,-0.389221,-0.000614224,0.164796,0.0902691,0.596322,0.362616,0.414746,0.1832,nan,nan,nan,nan,nan,nan,nan,nan
3.19118,0.427028,0.00160375,-0.394765,0.458716,0.0307702,-0.798086,-0.0271753,0.0735205,-0.10944,0.00446561,0.307803,0.0359917,0.0196865,-0.00868087,-1,0.00056068,-0.386974,-0.0097704,-0.605235,-1.5412,-0.0185966,3.98898,0,0.996964,-0.000912258,0.0778631,0.000349032,-0.0335615,0.356744,0.312418,0,0,-0.389221,0.0196865,-0.00868087,-1,0.00056068,Idle,,nan,nan,4,0.20944,0,0,0,0,0,-0.389221,-0.000614224,0.164796,0.0902691,0.596322,0.362616,0.414746,0.1832,nan,nan,nan,nan,nan,nan,nan,nan
3.20887,0.4359,-0.0017742,-0.416851,0.438456,0.0552336,-0.768182,-0.0269738,0.0803065,-0.10856,-0.0224756,0.269733,0.0396954,0.0196865,-0.00868087,-1,0.00056068,-0.395403,-0.00656134,-0.583149,-1.54621,-0.19186,3.96818,0,0.996898,-0.00961023,0.0781101,0.00103077,-0.00876087,0.294205,0.30765,0,0,-0.390188,0.0196865,-0.00868087,-1,0.00056068,Idle,,nan,nan,4,0.20944,0,0,0,0,0,-0.390338,0.00309765,0.168418,0.0892937,0.596401,0.362821,0.422022,0.180108,nan,nan,nan,nan,nan,nan,nan,nan
3.2227,0.438764,-0.0027914,-0.424033,0.433018,0.0553615,-0.764653,-0.0270756,0.0826967,-0.108304,-0.010116,0.261521,0.0396117,0.0196865,-0.00868087,-1,0.00056068,-0.395403,-0.00656134,-0.583149,-1.54621,-0.19186,3.96818,0,0.996898,-0.00961023,0.0781101,0.00103077,-0.0313918,0.288491,0.307799,0,0,-0.391836,0.0196865,-0.00868087,-1,0.00056068,Idle,,nan,nan,4,0.20944,0,0,0,0,0,-0.390188,0.000855275,0.173038,0.0883101,0.60012,0.356835,0.424535,0.179262,nan,nan,nan,nan,nan,nan,nan,nan
3.23557,0.441591,-0.00375777,-0.431125,0.420433,0.043485,-0.755369,-0.0269591,0.0841741,-0.108071,0.0142575,0.162243,0.0346616,0.0196865,-0.00868087,-1,0.00056068,-0.398124,-0.005595,-0.575967,-1.55364,-0.169886,3.98611,0,0.996879,-0.00850604,0.0784792,0.00094739,-0.0224303,0.285793,0.306422,0,0,-0.390663,0.0196865,-0.00868087,-1,0.00056068,Idle,,nan,nan,4,0.20944,0,0,0,0,0,-0.390663,0.0013288,0.182018,0.0878395,0.606139,0.350825,0.432161,0.173527,nan,nan,nan,nan,nan,nan,nan,nan
3.24597,0.44435,-0.00469478,-0.438093,0.409488,0.0391233,-0.746606,-0.0267248,0.0854823,-0.10769,0.0257532,0.142165,0.0502871,0.0196865,-0.00868087,-1,0.00056068,-0.398124,-0.005595,-0.575967,-1.55364,-0.169886,3.98611,0,0.996879,-0.00850604,0.0784792,0.00094739,0.0226031,0.263459,0.304301,0,0,-0.39068,0.0196865,-0.00868087,-1,0.00056068,Idle,,nan,nan,4,0.20944,0,0,0,0,0,-0.39068,0.00961878,0.176482,0.0874215,0.595962,0.3602,0.434545,0.172012,nan,nan,nan,nan,nan,nan,nan,nan
3.25858,0.447055,-0.00555076,-0.444993,0.401778,0.0492656,-0.738021,-0.0268141,0.0867289,-0.107263,-0.0108869,0.135211,0.0551186,0.0196865,-0.00868087,-1,0.00056068,-0.40343,-0.00378678,-0.561907,-1.47608,-0.0339372,3.97691,0,0.99721,-0.00168557,0.0746291,0.000404137,0.0355431,0.24651,0.302952,0,0,-0.390759,0.0196865,-0.00868087,-1,0.00056068,Idle,,nan,nan,4,0.20944,0,0,0,0,0,-0.390759,0.00667527,0.186309,0.0870748,0.604725,0.350902,0.439836,0.167574,nan,nan,nan,nan,nan,nan,nan,nan
3.27099,0.452841,-0.00712589,-0.459523,0.381375,0.0506915,-0.710925,-0.0272475,0.0889305,-0.106428,-0.0201598,0.119473,0.0593752,0.0196865,-0.00868087,-1,0.00056068,-0.411497,-0.00147723,-0.540477,-1.42709,-0.0940936,3.92957,0,0.997379,-0.00471485,0.0721918,0.000619414,0.00389669,0.236981,0.302012,0,0,-0.390999,0.0196865,-0.00868087,-1,0.00056068,Idle,,nan,nan,4,0.20944,0,0,0,0,0,-0.390759,0.00667527,0.186309,0.0870748,0.604725,0.350902,0.439836,0.167574,nan,nan,nan,nan,nan,nan,nan,nan
3.28676,0.45693,-0.00919489,-0.472771,0.365341,0.0567859,-0.698539,-0.0270797,0.0899404,-0.105588,-0.00158479,0.028771,0.0525897,0.0196865,-0.00868087,-1,0.00056068,-0.411497,-0.00147723,-0.540477,-1.42709,-0.0940936,3.92957,0,0.997379,-0.00471485,0.0721918,0.000619414,0.0139473,0.211949,0.29908,0,0,-0.393663,0.0196865,-0.00868087,-1,0.00056068,Idle,,nan,nan,4,0.20944,0,0,0,0,0,-0.393663,0.00753924,0.194581,0.0857045,0.611496,0.347198,0.450563,0.165393,nan,nan,nan,nan,nan,nan,nan,nan
3.29738,0.458861,-0.0101629,-0.479247,0.355319,0.0674173,-0.681226,-0.027359,0.0906602,-0.105111,-0.032465,0.0755269,0.0601595,0.0196865,-0.00868087,-1,0.00056068,-0.415382,0.000488317,-0.527229,-1.41254,-0.130812,3.93925,0,0.997421,-0.00656423,0.0714667,0.000748531,0.0139762,0.223583,0.297982,0,0,-0.392013,0.0196865,-0.00868087,-1,0.00056068,Idle,,nan,nan,4,0.20944,0,0,0,0,0,-0.392013,0.0116437,0.189913,0.0852661,0.603206,0.351313,0.448956,0.164578,nan,nan,nan,nan,nan,nan,nan,nan
3.30599,0.460756,-0.0110935,-0.485627,0.344629,0.0687274,-0.673225,-0.0277637,0.0915176,-0.10452,-0.0477323,0.0905188,0.0730386,0.0196865,-0.00868087,-1,0.00056068,-0.415382,0.000488317,-0.527229,-1.41254,-0.130812,3.93925,0,0.997421,-0.00656423,0.0714667,0.000748531,-0.0239565,0.18892,0.296162,0,0,-0.395576,0.0196865,-0.00868087,-1,0.00056068,Idle,,nan,nan,4,0.20944,0,0,0,0,0,-0.392948,0.0129069,0.179578,0.08476,0.595433,0.359943,0.443985,0.172431,nan,nan,nan,nan,nan,nan,nan,nan
3.31485,0.462601,-0.0119777,-0.491928,0.328894,0.061893,-0.665059,-0.0282344,0.0921346,-0.103955,-0.054699,0.0635391,0.0690215,0.0196865,-0.00868087,-1,0.00056068,-0.419016,0.00229196,-0.514373,-1.36854,-0.185411,3.89538,0,0.997554,-0.00931964,0.0692724,0.000925507,-0.0175488,0.178604,0.294491,0,0,-0.395674,0.0196865,-0.00868087,-1,0.00056068,Idle,,nan,nan,4,0.20944,0,0,0,0,0,-0.392948,0.0129069,0.179578,0.08476,0.595433,0.359943,0.443985,0.172431,nan,nan,nan,nan,nan,nan,nan,nan
3.32411,0.464362,-0.0128084,-0.498105,0.320762,0.0539776,-0.657074,-0.0284085,0.0924364,-0.103392,-0.0221835,0.028946,0.0685481,0.0196865,-0.00868087,-1,0.00056068,-0.419016,0.00229196,-0.514373,-1.36854,-0.185411,3.89538,0,0.997554,-0.00931964,0.0692724,0.000925507,0.0136721,0.154691,0.292341,0,0,-0.395622,0.0196865,-0.00868087,-1,0.00056068,Idle,,nan,nan,4,0.20944,0,0,0,0,0,-0.395622,0.0125739,0.171932,0.0836213,0.591798,0.36665,0.442156,0.181885,nan,nan,nan,nan,nan,nan,nan,nan
3.34077,0.466073,-0.0135938,-0.504201,0.316692,0.0620747,-0.649172,-0.0286545,0.0927454,-0.102712,-0.0314098,0.02928,0.0809576,0.0196865,-0.00868087,-1,0.00056068,-0.422442,0.00392114,-0.501895,-1.31325,-0.0526069,3.88637,0,0.997782,-0.00263408,0.0665123,0.000454065,0.0169715,0.162596,0.288662,0,0,-0.396393,0.0196865,-0.00868087,-1,0.00056068,Idle,,nan,nan,4,0.20944,0,0,0,0,0,-0.395914,0.0204436,0.17392,0.082951,0.58726,0.37043,0.450087,0.175877,nan,nan,nan,nan,nan,nan,nan,nan
3.34564,0.467708,-0.0143257,-0.510211,0.305074,0.0747268,-0.633066,-0.0289982,0.0934506,-0.102089,-0.0418549,0.0736009,0.075964,0.0196865,-0.00868087,-1,0.00056068,-0.422442,0.00392114,-0.501895,-1.31325,-0.0526069,3.88637,0,0.997782,-0.00263408,0.0665123,0.000454065,0.0169715,0.162596,0.288662,0,0,-0.396393,0.0196865,-0.00868087,-1,0.00056068,Idle,,nan,nan,4,0.20944,0,0,0,0,0,-0.396393,0.0081778,0.183625,0.0822669,0.602591,0.35469,0.449436,0.178856,nan,nan,nan,nan,nan,nan,nan,nan
3.36263,0.472269,-0.0162741,-0.527701,0.26726,0.0646277,-0.613739,-0.0297428,0.0944568,-0.0998239,0.000261776,-0.0120961,0.0923869,0.0196865,-0.00868087,-1,0.00056068,-0.429953,0.00721352,-0.472299,-1.21063,-0.0878712,3.84453,0,0.998105,-0.00442083,0.0613761,0.000550604,-0.0142259,0.143413,0.286176,0,0,-0.398784,0.0196865,-0.00868087,-1,0.00056068,Idle,,nan,nan,4,0.20944,0,0,0,0,0,-0.398784,0.0104497,0.173739,0.0814585,0.595577,0.36487,0.447253,0.187437,nan,nan,nan,nan,nan,nan,nan,nan
3.37252,0.473114,-0.0171695,-0.533368,0.264212,0.0660759,-0.599048,-0.030091,0.0944578,-0.099092,-0.0440085,-0.0050085,0.0853448,0.0196865,-0.00868087,-1,0.00056068,-0.429953,0.00721352,-0.472299,-1.21063,-0.0878712,3.84453,0,0.998105,-0.00442083,0.0613761,0.000550604,0.0233097,0.104325,0.28099,0,0,-0.398196,0.0196865,-0.00868087,-1,0.00056068,Idle,,nan,nan,4,0.20944,0,0,0,0,0,-0.398196,0.00917971,0.17247,0.0798564,0.593387,0.362679,0.44647,0.190245,nan,nan,nan,nan,nan,nan,nan,nan
3.38057,0.474273,-0.0179364,-0.539821,0.250354,0.0848805,-0.584112,-0.0303966,0.095123,-0.0983964,-0.0381876,0.0676949,0.0847521,0.0196865,-0.00868087,-1,0.00056068,-0.429953,0.00721352,-0.472299,-1.21063,-0.0878712,3.84453,0,0.998105,-0.00442083,0.0613761,0.000550604,0.0385764,0.106828,0.278856,0,0,-0.398194,0.0196865,-0.00868087,-1,0.00056068,Idle,,nan,nan,4,0.20944,0,0,0,0,0,-0.398194,0.0170323,0.174295,0.0792369,0.588505,0.366321,0.453931,0.184021,nan,nan,nan,nan,nan,nan,nan,nan
3.39845,0.475005,-0.0187332,-0.545313,0.239879,0.0793219,-0.582849,-0.0305204,0.0956535,-0.0976991,-0.0181133,0.0527422,0.0843792,0.0196865,-0.00868087,-1,0.00056068,-0.431857,0.00879273,-0.460179,-1.19985,-0.234743,3.7794,0,0.998077,-0.0118386,0.0608345,0.00100038,0.0094015,0.0894386,0.273819,0,0,-0.401157,0.0196865,-0.00868087,-1,0.00056068,Idle,,nan,nan,4,0.20944,0,0,0,0,0,-0.400637,0.0107917,0.178321,0.0785543,0.597525,0.360821,0.455487,0.188716,nan,nan,nan,nan,nan,nan,nan,nan
3.41267,0.475654,-0.0194433,-0.550748,0.223646,0.0661985,-0.578352,-0.0305054,0.0956844,-0.097002,-0.00277846,-0.00279132,0.0821541,0.0196865,-0.00868087,-1,0.00056068,-0.43317,0.0102243,-0.449252,-1.11857,-0.0597894,3.8046,0,0.998383,-0.00300803,0.0567553,0.000449983,0.0563107,0.0672113,0.27143,0,0,-0.400412,0.0196865,-0.00868087,-1,0.00056068,Idle,,nan,nan,4,0.20944,0,0,0,0,0,-0.400412,0.0178364,0.170537,0.077467,0.585728,0.369995,0.455829,0.190098,nan,nan,nan,nan,nan,nan,nan,nan
3.41677,0.476241,-0.0201129,-0.556086,0.216002,0.0677315,-0.566499,-0.0304905,0.0954378,-0.0962747,-0.00321446,-0.0339109,0.0853263,0.0196865,-0.00868087,-1,0.00056068,-0.43317,0.0102243,-0.449252,-1.11857,-0.0597894,3.8046,0,0.998383,-0.00300803,0.0567553,0.000449983,0.0563107,0.0672113,0.27143,0,0,-0.400412,0.0196865,-0.00868087,-1,0.00056068,Idle,,nan,nan,4,0.20944,0,0,0,0,0,-0.400412,0.0178364,0.170537,0.077467,0.585728,0.369995,0.455829,0.190098,nan,nan,nan,nan,nan,nan,nan,nan
3.43317,0.476774,-0.0207552,-0.561332,0.208063,0.0875825,-0.556191,-0.0306338,0.0952904,-0.0955877,-0.0204717,-0.0225041,0.0806368,0.0196865,-0.00868087,-1,0.00056068,-0.434233,0.0114706,-0.438668,-1.12756,-0.226257,3.76281,0,0.998297,-0.0114234,0.0572064,0.000933589,-0.0102489,0.0653267,0.268138,0,0,-0.40334,0.0196865,-0.00868087,-1,0.00056068,Idle,,nan,nan,4,0.20944,0,0,0,0,0,-0.402038,0.0126122,0.185558,0.0770248,0.601227,0.356863,0.464818,0.185244,nan,nan,nan,nan,nan,nan,nan,nan
3.44621,0.478025,-0.0223391,-0.576697,0.176008,0.076926,-0.539037,-0.0310232,0.0944026,-0.0936857,-0.00569995,-0.0831713,0.0711927,0.0196865,-0.00868087,-1,0.00056068,-0.435422,0.0129753,-0.423303,-1.06725,-0.0892925,3.76186,0,0.998521,-0.00450401,0.0541751,0.000523474,-0.0102489,0.0653267,0.268138,0,0,-0.40334,0.0196865,-0.00868087,-1,0.00056068,Idle,,nan,nan,4,0.20944,0,0,0,0,0,-0.40334,0.00608976,0.192485,0.0767532,0.611768,0.348384,0.466674,0.186536,nan,nan,nan,nan,nan,nan,nan,nan
3.45549,0.478323,-0.0227792,-0.581666,0.168397,0.0812445,-0.533736,-0.0309012,0.0938443,-0.0931211,0.0101732,-0.0679862,0.065615,0.0196865,-0.00868087,-1,0.00056068,-0.435422,0.0129753,-0.423303,-1.06725,-0.0892925,3.76186,0,0.998521,-0.00450401,0.0541751,0.000523474,0.0144852,0.0404829,0.263301,0,0,-0.403803,0.0196865,-0.00868087,-1,0.00056068,Idle,,nan,nan,4,0.20944,0,0,0,0,0,-0.403803,0.0157791,0.180183,0.0764261,0.596352,0.36407,0.46562,0.189169,nan,nan,nan,nan,nan,nan,nan,nan
3.4635,0.478553,-0.0231687,-0.586588,0.158005,0.0958173,-0.522079,-0.0309553,0.0934047,-0.0925961,-0.00914414,-0.0541994,0.0611488,0.0196865,-0.00868087,-1,0.00056068,-0.435422,0.0129753,-0.423303,-1.06725,-0.0892925,3.76186,0,0.998521,-0.00450401,0.0541751,0.000523474,0.0482848,0.0521158,0.261714,0,0,-0.40304,0.0196865,-0.00868087,-1,0.00056068,Idle,,nan,nan,4,0.20944,0,0,0,0,0,-0.40304,0.0157033,0.185589,0.0763049,0.599345,0.359309,0.468746,0.184759,nan,nan,nan,nan,nan,nan,nan,nan
3.47814,0.478722,-0.023527,-0.591425,0.146065,0.0973544,-0.509416,-0.0313368,0.0930998,-0.0920668,-0.0457314,-0.0391418,0.061948,0.0196865,-0.00868087,-1,0.00056068,-0.435923,0.0137634,-0.413412,-1.04222,-0.229261,3.73774,0,0.998531,-0.0115902,0.0529148,0.000893377,0.0343015,0.052529,0.260346,0,0,-0.403002,0.0196865,-0.00868087,-1,0.00056068,Idle,,nan,nan,4,0.20944,0,0,0,0,0,-0.403002,0.0183429,0.18208,0.0763046,0.594958,0.363618,0.468094,0.185336,nan,nan,nan,nan,nan,nan,nan,nan
3.4916,0.478201,-0.0242175,-0.596101,0.131735,0.0888441,-0.507345,-0.0314501,0.0923662,-0.0915433,-0.0158577,-0.0867805,0.0596765,0.0196865,-0.00868087,-1,0.00056068,-0.435588,0.0147598,-0.403899,-0.957044,-0.139022,3.72062,0,0.998792,-0.00703216,0.0486228,0.000621688,-0.00130445,0.0318601,0.257842,0,0,-0.406431,0.0196865,-0.00868087,-1,0.00056068,Idle,,nan,nan,4,0.20944,0,0,0,0,0,-0.404631,0.00443962,0.195829,0.0763198,0.616157,0.34571,0.469594,0.187064,nan,nan,nan,nan,nan,nan,nan,nan
3.49957,0.477182,-0.025266,-0.606006,0.112129,0.0971464,-0.494024,-0.0312159,0.0902591,-0.0903541,-0.00325524,-0.114202,0.0671237,0.0196865,-0.00868087,-1,0.00056068,-0.435588,0.0147598,-0.403899,-0.957044,-0.139022,3.72062,0,0.998792,-0.00703216,0.0486228,0.000621688,0.0337938,0.0153432,0.255962,0,0,-0.405348,0.0196865,-0.00868087,-1,0.00056068,Idle,,nan,nan,4,0.20944,0,0,0,0,0,-0.406431,0.00369791,0.186055,0.0763329,0.611582,0.35391,0.463947,0.196285,nan,nan,nan,nan,nan,nan,nan,nan
3.51393,0.476475,-0.0257967,-0.610509,0.0967426,0.102225,-0.484494,-0.0315045,0.089584,-0.0898191,-0.0347007,-0.0816553,0.0620248,0.0196865,-0.00868087,-1,0.00056068,-0.434621,0.0157559,-0.393994,-0.928556,-0.201935,3.71066,0,0.998834,-0.0102237,0.0471851,0.000762389,0.0101086,0.00731268,0.253128,0,0,-0.405944,0.0196865,-0.00868087,-1,0.00056068,Idle,,nan,nan,4,0.20944,0,0,0,0,0,-0.405944,0.0073648,0.189191,0.0762655,0.610653,0.353731,0.468337,0.191056,nan,nan,nan,nan,nan,nan,nan,nan
3.52843,0.474928,-0.0267037,-0.619282,0.0847779,0.0876512,-0.478096,-0.0314904,0.0879662,-0.0887022,0.00910355,-0.108229,0.0676553,0.0196865,-0.00868087,-1,0.00056068,-0.432479,0.0171217,-0.380718,-0.900782,-0.0888167,3.7052,0,0.998941,-0.00449176,0.0457834,0.000485326,0.0162588,0.00440575,0.249071,0,0,-0.407664,0.0196865,-0.00868087,-1,0.00056068,Idle,,nan,nan,4,0.20944,0,0,0,0,0,-0.406972,0.00498367,0.179596,0.07623,0.606543,0.359825,0.460934,0.200585,nan,nan,nan,nan,nan,nan,nan,nan
3.5367,0.474094,-0.0270901,-0.623602,0.0712196,0.09,-0.474495,-0.0314054,0.086698,-0.0881316,0.00644049,-0.14683,0.0632113,0.0196865,-0.00868087,-1,0.00056068,-0.432479,0.0171217,-0.380718,-0.900782,-0.0888167,3.7052,0,0.998941,-0.00449176,0.0457834,0.000485326,0.0162588,0.00440575,0.249071,0,0,-0.407664,0.0196865,-0.00868087,-1,0.00056068,Idle,,nan,nan,4,0.20944,0,0,0,0,0,-0.407664,0.0119311,0.177778,0.0761532,0.60096,0.366638,0.46533,0.197726,nan,nan,nan,nan,nan,nan,nan,nan
3.5439,0.473177,-0.0274161,-0.627883,0.0606542,0.105427,-0.463338,-0.0314713,0.0855941,-0.0876157,-0.00985265,-0.129725,0.058259,0.0196865,-0.00868087,-1,0.00056068,-0.432479,0.0171217,-0.380718,-0.900782,-0.0888167,3.7052,0,0.998941,-0.00449176,0.0457834,0.000485326,0.0577375,0.0139999,0.247565,0,0,-0.406132,0.0196865,-0.00868087,-1,0.00056068,Idle,,nan,nan,4,0.20944,0,0,0,0,0,-0.406132,0.0154849,0.19448,0.07606,0.608633,0.355716,0.47821,0.18197,nan,nan,nan,nan,nan,nan,nan,nan
3.55788,0.472188,-0.0277145,-0.632087,0.0503734,0.110992,-0.454225,-0.0316244,0.0846942,-0.0871243,-0.0192806,-0.10618,0.0558162,0.0196865,-0.00868087,-1,0.00056068,-0.430816,0.0177984,-0.372117,-0.827662,-0.229611,3.6841,0,0.999046,-0.0116409,0.0420868,0.000770008,0.0496508,-0.00231619,0.245969,0,0,-0.405653,0.0196865,-0.00868087,-1,0.00056068,Idle,,nan,nan,4,0.20944,0,0,0,0,0,-0.405653,0.0193413,0.181889,0.0760036,0.596467,0.36681,0.471615,0.187719,nan,nan,nan,nan,nan,nan,nan,nan
3.56706,0.471177,-0.0279853,-0.636233,0.0389893,0.100143,-0.451375,-0.0318043,0.0835248,-0.086594,-0.0226798,-0.136255,0.0590367,0.0196865,-0.00868087,-1,0.00056068,-0.430816,0.0177984,-0.372117,-0.827662,-0.229611,3.6841,0,0.999046,-0.0116409,0.0420868,0.000770008,0.00407272,-0.0114184,0.2445,0,0,-0.407366,0.0196865,-0.00868087,-1,0.00056068,Idle,,nan,nan,4,0.20944,0,0,0,0,0,-0.407366,0.00784165,0.179712,0.0759945,0.604763,0.361923,0.463666,0.199112,nan,nan,nan,nan,nan,nan,nan,nan
3.58012,0.470134,-0.0281923,-0.640339,0.0297435,0.0910522,-0.454853,-0.0317313,0.0820855,-0.0860629,0.00548463,-0.166183,0.058018,0.0196865,-0.00868087,-1,0.00056068,-0.428916,0.0183392,-0.363767,-0.777525,-0.152286,3.67282,0,0.999188,-0.00772244,0.0395511,0.00058537,0.0371262,-0.0203395,0.24202,0,0,-0.407884,0.0196865,-0.00868087,-1,0.00056068,Idle,,nan,nan,4,0.20944,0,0,0,0,0,-0.408515,0.00272468,0.192928,0.0759882,0.61887,0.350102,0.470544,0.194546,nan,nan,nan,nan,nan,nan,nan,nan
3.59262,0.468363,-0.0287159,-0.644271,0.0199754,0.0957099,-0.447366,-0.0315768,0.08021,-0.0855456,0.0146149,-0.21346,0.0545614,0.0196865,-0.00868087,-1,0.00056068,-0.426242,0.0190332,-0.355729,-0.745973,-0.127303,3.69222,0,0.999259,-0.00645632,0.0379532,0.000524959,0.0495667,-0.022989,0.239393,0,0,-0.406479,0.0196865,-0.00868087,-1,0.00056068,Idle,,nan,nan,4,0.20944,0,0,0,0,0,-0.405688,0.00272468,0.192928,0.0759882,0.61887,0.350102,0.470544,0.194546,nan,nan,nan,nan,nan,nan,nan,nan
3.61098,0.464645,-0.0295756,-0.652146,-0.0031014,0.107234,-0.419152,-0.0318374,0.0774098,-0.084586,-0.0200744,-0.161184,0.051847,0.0196865,-0.00868087,-1,0.00056068,-0.42271,0.01985,-0.347854,-0.676756,-0.189206,3.61398,0,0.99936,-0.00960737,0.034445,0.000610991,-0.00960075,-0.0230601,0.238034,0,0,-0.409168,0.0196865,-0.00868087,-1,0.00056068,Idle,,nan,nan,4,0.20944,0,0,0,0,0,-0.409168,0.000287215,0.19801,0.0761475,0.624999,0.345597,0.472905,0.193172,nan,nan,nan,nan,nan,nan,nan,nan
3.61659,0.46271,-0.030025,-0.655859,-0.0145024,0.0967689,-0.416657,-0.0317836,0.0757874,-0.0840848,0.00449813,-0.18775,0.0545306,0.0196865,-0.00868087,-1,0.00056068,-0.42271,0.01985,-0.347854,-0.676756,-0.189206,3.61398,0,0.99936,-0.00960737,0.034445,0.000610991,0.0266962,-0.0354103,0.235808,0,0,-0.411512,0.0196865,-0.00868087,-1,0.00056068,Idle,,nan,nan,4,0.20944,0,0,0,0,0,-0.411512,0.013986,0.186866,0.0761956,0.624999,0.345597,0.472905,0.193172,nan,nan,nan,nan,nan,nan,nan,nan
3.62626,0.460727,-0.0304141,-0.659529,-0.0190112,0.0936265,-0.417983,-0.0313335,0.0737395,-0.083597,0.0487711,-0.234957,0.0514721,0.0196865,-0.00868087,-1,0.00056068,-0.42271,0.01985,-0.347854,-0.676756,-0.189206,3.61398,0,0.99936,-0.00960737,0.034445,0.000610991,0.0604771,-0.036326,0.234551,0,0,-0.41097,0.0196865,-0.00868087,-1,0.00056068,Idle,,nan,nan,4,0.20944,0,0,0,0,0,-0.41097,0.010844,0.190258,0.0762073,0.613914,0.360406,0.476632,0.19293,nan,nan,nan,nan,nan,nan,nan,nan
3.63295,0.456656,-0.0310645,-0.666701,-0.0398088,0.109537,-0.396773,-0.0312599,0.0703948,-0.0825894,-0.0126675,-0.163461,0.0488388,0.0196865,-0.00868087,-1,0.00056068,-0.417079,0.0209708,-0.336854,-0.673356,-0.116904,3.62026,0,0.999395,-0.00593309,0.0342724,0.000483315,0.0604771,-0.036326,0.234551,0,0,-0.41097,0.0196865,-0.00868087,-1,0.00056068,Idle,,nan,nan,4,0.20944,0,0,0,0,0,-0.41097,0.010844,0.190258,0.0762073,0.613914,0.360406,0.476632,0.19293,nan,nan,nan,nan,nan,nan,nan,nan
3.64166,0.454564,-0.0313355,-0.670194,-0.051218,0.107927,-0.390656,-0.0311574,0.0687946,-0.0820963,0.0101095,-0.184864,0.053362,0.0196865,-0.00868087,-1,0.00056068,-0.417079,0.0209708,-0.336854,-0.673356,-0.116904,3.62026,0,0.999395,-0.00593309,0.0342724,0.000483315,0.0548157,-0.0131114,0.232083,0,0,-0.411038,0.0196865,-0.00868087,-1,0.00056068,Idle,,nan,nan,4,0.20944,0,0,0,0,0,-0.411038,0.014373,0.187428,0.0761483,0.609426,0.364911,0.477254,0.192561,nan,nan,nan,nan,nan,nan,nan,nan
3.65542,0.452349,-0.0313694,-0.674177,-0.0614521,0.0953756,-0.386593,-0.0308571,0.0668985,-0.08154,0.0316877,-0.21792,0.0592735,0.0196865,-0.00868087,-1,0.00056068,-0.413134,0.0215219,-0.329806,-0.575463,-0.19128,3.57859,0,0.999523,-0.00972212,0.0293042,0.000565027,0.0155147,-0.0356062,0.230345,0,0,-0.413079,0.0196865,-0.00868087,-1,0.00056068,Idle,,nan,nan,4,0.20944,0,0,0,0,0,-0.413079,-0.000756232,0.191566,0.0761074,0.625049,0.353287,0.47156,0.202417,nan,nan,nan,nan,nan,nan,nan,nan
3.67258,0.450171,-0.0315482,-0.677554,-0.0677311,0.101601,-0.384153,-0.0306588,0.064951,-0.0809623,0.020256,-0.223607,0.0614149,0.0196865,-0.00868087,-1,0.00056068,-0.40896,0.0217239,-0.322446,-0.55808,-0.145719,3.5842,0,0.999569,-0.00740603,0.0284209,0.000490585,0.0677132,-0.044261,0.228035,0,0,-0.413426,0.0196865,-0.00868087,-1,0.00056068,Idle,,nan,nan,4,0.20944,0,0,0,0,0,-0.413146,0.0140139,0.181977,0.0758555,0.60764,0.370328,0.475546,0.19907,nan,nan,nan,nan,nan,nan,nan,nan
3.67878,0.447953,-0.0317001,-0.680882,-0.0771397,0.114369,-0.371913,-0.0306793,0.0633596,-0.0804971,-0.00325748,-0.182516,0.0497719,0.0196865,-0.00868087,-1,0.00056068,-0.40896,0.0217239,-0.322446,-0.55808,-0.145719,3.5842,0,0.999569,-0.00740603,0.0284209,0.000490585,0.0452353,-0.0374801,0.226705,0,0,-0.413146,0.0196865,-0.00868087,-1,0.00056068,Idle,,nan,nan,4,0.20944,0,0,0,0,0,-0.413146,0.0140139,0.181977,0.0758555,0.60764,0.370328,0.475546,0.19907,nan,nan,nan,nan,nan,nan,nan,nan
3.68769,0.445698,-0.0318172,-0.684143,-0.0825459,0.117543,-0.364606,-0.0306553,0.0622035,-0.079996,0.00143107,-0.135721,0.0556621,0.0196865,-0.00868087,-1,0.00056068,-0.40896,0.0217239,-0.322446,-0.55808,-0.145719,3.5842,0,0.999569,-0.00740603,0.0284209,0.000490585,0.00702829,-0.041736,0.225051,0,0,-0.415463,0.0196865,-0.00868087,-1,0.00056068,Idle,,nan,nan,4,0.20944,0,0,0,0,0,-0.415463,0.000793415,0.188199,0.0757808,0.62363,0.358822,0.472986,0.206414,nan,nan,nan,nan,nan,nan,nan,nan
3.6998,0.442717,-0.0322206,-0.687116,-0.0947334,0.103011,-0.362278,-0.0305509,0.0608389,-0.0794531,0.0100817,-0.158249,0.0591772,0.0196865,-0.00868087,-1,0.00056068,-0.404711,0.0219795,-0.315857,-0.542244,-0.244425,3.53443,0,0.999541,-0.0124278,0.0276163,0.000623406,0.00369428,-0.0324609,0.223667,0,0,-0.416496,0.0196865,-0.00868087,-1,0.00056068,Idle,,nan,nan,4,0.20944,0,0,0,0,0,-0.416496,0.00603253,0.182754,0.0756435,0.61697,0.367274,0.474011,0.20773,nan,nan,nan,nan,nan,nan,nan,nan
3.70907,0.436676,-0.0328795,-0.692939,-0.104478,0.113513,-0.351499,-0.0301562,0.0576276,-0.0784477,0.0120231,-0.175545,0.053185,0.0196865,-0.00868087,-1,0.00056068,-0.39614,0.0229887,-0.307061,-0.506695,-0.21088,3.51984,0,0.999609,-0.0107249,0.02581,0.000556994,0.00369428,-0.0324609,0.223667,0,0,-0.416496,0.0196865,-0.00868087,-1,0.00056068,Idle,,nan,nan,4,0.20944,0,0,0,0,0,-0.416496,0.00603253,0.182754,0.0756435,0.61697,0.367274,0.474011,0.20773,nan,nan,nan,nan,nan,nan,nan,nan
3.72524,0.430566,-0.0334022,-0.698581,-0.126065,0.113348,-0.336943,-0.0302711,0.0551925,-0.0774894,-0.00226686,-0.150529,0.051056,0.0196865,-0.00868087,-1,0.00056068,-0.39614,0.0229887,-0.307061,-0.506695,-0.21088,3.51984,0,0.999609,-0.0107249,0.02581,0.000556994,0.0188855,-0.0269944,0.219084,0,0,-0.417352,0.0196865,-0.00868087,-1,0.00056068,Idle,,nan,nan,4,0.20944,0,0,0,0,0,-0.417352,0.0124386,0.182367,0.0753636,0.612742,0.372653,0.479402,0.204609,nan,nan,nan,nan,nan,nan,nan,nan
3.73668,0.427486,-0.0335763,-0.701349,-0.136299,0.101414,-0.34288,-0.0301106,0.0534877,-0.0769866,0.0174874,-0.197081,0.0535994,0.0196865,-0.00868087,-1,0.00056068,-0.390336,0.0234853,-0.301419,-0.418073,-0.179888,3.48565,0,0.999731,-0.00915465,0.0213039,0.000475243,0.00363766,-0.03571,0.217623,0,0,-0.419312,0.0196865,-0.00868087,-1,0.00056068,Idle,,nan,nan,4,0.20944,0,0,0,0,0,-0.419312,0.00207879,0.191439,0.0753184,0.628397,0.360828,0.480492,0.20753,nan,nan,nan,nan,nan,nan,nan,nan
3.74763,0.424371,-0.0337121,-0.704094,-0.142952,0.103815,-0.338548,-0.0298361,0.0515568,-0.076531,0.0305211,-0.221991,0.0475237,0.0196865,-0.00868087,-1,0.00056068,-0.390336,0.0234853,-0.301419,-0.418073,-0.179888,3.48565,0,0.999731,-0.00915465,0.0213039,0.000475243,0.0715887,-0.0585443,0.215619,0,0,-0.416954,0.0196865,-0.00868087,-1,0.00056068,Idle,,nan,nan,4,0.20944,0,0,0,0,0,-0.419417,0.00906862,0.190053,0.0753049,0.622567,0.366841,0.484574,0.203685,nan,nan,nan,nan,nan,nan,nan,nan
3.755,0.421219,-0.0338039,-0.706808,-0.145734,0.125064,-0.329872,-0.0298468,0.0499287,-0.0761043,-0.00105918,-0.188073,0.0452472,0.0196865,-0.00868087,-1,0.00056068,-0.390336,0.0234853,-0.301419,-0.418073,-0.179888,3.48565,0,0.999731,-0.00915465,0.0213039,0.000475243,0.0601713,-0.0555141,0.214273,0,0,-0.417327,0.0196865,-0.00868087,-1,0.00056068,Idle,,nan,nan,4,0.20944,0,0,0,0,0,-0.419417,0.00906862,0.190053,0.0753049,0.622567,0.366841,0.484574,0.203685,nan,nan,nan,nan,nan,nan,nan,nan
3.76708,0.417807,-0.0337309,-0.709979,-0.161547,0.116025,-0.324679,-0.0301012,0.0485499,-0.0756159,-0.0283564,-0.159628,0.0525453,0.0196865,-0.00868087,-1,0.00056068,-0.378214,0.0237976,-0.290021,-0.316888,-0.191591,3.48504,0,0.999822,-0.00975566,0.0161516,0.000437841,-0.00721345,-0.0432074,0.213001,0,0,-0.419032,0.0196865,-0.00868087,-1,0.00056068,Idle,,nan,nan,4,0.20944,0,0,0,0,0,-0.419032,0.00169388,0.199218,0.0753223,0.633895,0.354778,0.485435,0.20202,nan,nan,nan,nan,nan,nan,nan,nan
3.77695,0.414637,-0.0337364,-0.712629,-0.163672,0.10794,-0.324255,-0.0300999,0.046758,-0.0751579,0.000139763,-0.207252,0.0481416,0.0196865,-0.00868087,-1,0.00056068,-0.378214,0.0237976,-0.290021,-0.316888,-0.191591,3.48504,0,0.999822,-0.00975566,0.0161516,0.000437841,0.0298129,-0.0668088,0.211412,0,0,-0.419305,0.0196865,-0.00868087,-1,0.00056068,Idle,,nan,nan,4,0.20944,0,0,0,0,0,-0.419305,0.0111355,0.187271,0.0752939,0.619015,0.370148,0.483968,0.204089,nan,nan,nan,nan,nan,nan,nan,nan
3.79108,0.410854,-0.0340493,-0.714953,-0.160863,0.114862,-0.320292,-0.0296795,0.0444751,-0.0747024,0.0468474,-0.260647,0.0458992,0.0196865,-0.00868087,-1,0.00056068,-0.371609,0.0241,-0.285047,-0.398824,-0.183047,3.48867,0,0.99975,-0.00931632,0.0203236,0.000469567,0.0563328,-0.0474591,0.210597,0,0,-0.418668,0.0196865,-0.00868087,-1,0.00056068,Idle,,nan,nan,4,0.20944,0,0,0,0,0,-0.418668,0.0179021,0.191746,0.0752815,0.616745,0.371119,0.491292,0.195517,nan,nan,nan,nan,nan,nan,nan,nan
3.79685,0.40325,-0.0345886,-0.719545,-0.181594,0.126682,-0.304929,-0.0295404,0.0408839,-0.0738464,-0.00176067,-0.196452,0.0438369,0.0196865,-0.00868087,-1,0.00056068,-0.371609,0.0241,-0.285047,-0.398824,-0.183047,3.48867,0,0.99975,-0.00931632,0.0203236,0.000469567,0.0314027,-0.0141795,0.209131,0,0,-0.419185,0.0196865,-0.00868087,-1,0.00056068,Idle,,nan,nan,4,0.20944,0,0,0,0,0,-0.418668,0.0179021,0.191746,0.0752815,0.616745,0.371119,0.491292,0.195517,nan,nan,nan,nan,nan,nan,nan,nan
3.81861,0.395588,-0.0349272,-0.724018,-0.195446,0.110611,-0.299654,-0.0289086,0.0363067,-0.0729454,0.0443324,-0.278223,0.0498217,0.0196865,-0.00868087,-1,0.00056068,-0.360746,0.0247972,-0.278196,-0.234664,-0.134604,3.45594,0,0.999905,-0.0068571,0.0119645,0.000362336,0.00833509,-0.0430108,0.206321,0,0,-0.421868,0.0196865,-0.00868087,-1,0.00056068,Idle,,nan,nan,4,0.20944,0,0,0,0,0,-0.421868,-0.000235413,0.210704,0.0752967,0.646191,0.348103,0.495048,0.19813,nan,nan,nan,nan,nan,nan,nan,nan
3.82658,0.391778,-0.0350395,-0.726212,-0.198617,0.121976,-0.294908,-0.0287495,0.0340643,-0.0724897,0.0187706,-0.256956,0.0460632,0.0196865,-0.00868087,-1,0.00056068,-0.360746,0.0247972,-0.278196,-0.234664,-0.134604,3.45594,0,0.999905,-0.0068571,0.0119645,0.000362336,0.0531153,-0.0545535,0.204931,0,0,-0.421095,0.0196865,-0.00868087,-1,0.00056068,Idle,,nan,nan,4,0.20944,0,0,0,0,0,-0.421095,0.00832706,0.201363,0.0753279,0.632789,0.360022,0.493696,0.197873,nan,nan,nan,nan,nan,nan,nan,nan
3.84118,0.387969,-0.0351293,-0.728417,-0.209546,0.128743,-0.290988,-0.0287385,0.0322967,-0.0720807,0.0024873,-0.203822,0.0422862,0.0196865,-0.00868087,-1,0.00056068,-0.353487,0.0250407,-0.273788,-0.268839,-0.2116,3.43462,0,0.999848,-0.0107776,0.013705,0.000428006,0.0211697,-0.0300279,0.203472,0,0,-0.422605,0.0196865,-0.00868087,-1,0.00056068,Idle,,nan,nan,4,0.20944,0,0,0,0,0,-0.421882,0.0194251,0.200515,0.0753826,0.625184,0.369311,0.501677,0.191357,nan,nan,nan,nan,nan,nan,nan,nan
3.84955,0.384111,-0.0351884,-0.730595,-0.217837,0.126274,-0.289223,-0.0286817,0.0303824,-0.0717075,0.00774034,-0.219917,0.037748,0.0196865,-0.00868087,-1,0.00056068,-0.346203,0.0251822,-0.269405,-0.183713,-0.22039,3.43014,0,0.999893,-0.0112295,0.00936804,0.00038553,0.0211697,-0.0300279,0.203472,0,0,-0.422605,0.0196865,-0.00868087,-1,0.00056068,Idle,,nan,nan,4,0.20944,0,0,0,0,0,-0.421882,0.0194251,0.200515,0.0753826,0.625184,0.369311,0.501677,0.191357,nan,nan,nan,nan,nan,nan,nan,nan
3.86655,0.376407,-0.0351307,-0.734844,-0.220344,0.117997,-0.282454,-0.0286839,0.0259476,-0.070928,-0.0114505,-0.232138,0.035651,0.0196865,-0.00868087,-1,0.00056068,-0.346203,0.0251822,-0.269405,-0.183713,-0.22039,3.43014,0,0.999893,-0.0112295,0.00936804,0.00038553,0.0522745,-0.0442694,0.200256,0,0,-0.422054,0.0196865,-0.00868087,-1,0.00056068,Idle,,nan,nan,4,0.20944,0,0,0,0,0,-0.422054,0.0188196,0.195002,0.0756393,0.622142,0.37321,0.497267,0.195598,nan,nan,nan,nan,nan,nan,nan,nan
3.87847,0.372579,-0.0350864,-0.736926,-0.223004,0.13295,-0.276532,-0.0290415,0.024422,-0.0706553,-0.0380508,-0.175973,0.0274912,0.0196865,-0.00868087,-1,0.00056068,-0.338884,0.0251273,-0.265156,-0.228413,-0.158939,3.42082,0,0.999899,-0.00809731,0.011646,0.000374603,0.0438347,-0.0144247,0.199577,0,0,-0.423433,0.0196865,-0.00868087,-1,0.00056068,Idle,,nan,nan,4,0.20944,0,0,0,0,0,-0.423433,0.0207102,0.204523,0.0757919,0.622142,0.37321,0.497267,0.195598,nan,nan,nan,nan,nan,nan,nan,nan
3.89393,0.358959,-0.0354655,-0.742569,-0.242216,0.130821,-0.270416,-0.0299985,0.0190804,-0.069777,-0.0414309,-0.227654,0.0272281,0.0196865,-0.00868087,-1,0.00056068,-0.326512,0.025305,-0.25917,-0.14402,-0.0998728,3.41196,0,0.99996,-0.0050895,0.00734421,0.000317701,0.00094531,-0.00720146,0.198448,0,0,-0.424536,0.0196865,-0.00868087,-1,0.00056068,Idle,,nan,nan,4,0.20944,0,0,0,0,0,-0.424536,0.0210471,0.197878,0.0759975,0.62544,0.375591,0.502997,0.194115,nan,nan,nan,nan,nan,nan,nan,nan
3.90188,0.35452,-0.0355842,-0.744305,-0.248276,0.136116,-0.264001,-0.0305071,0.0175637,-0.0696029,-0.0542062,-0.176445,0.0159172,0.0196865,-0.00868087,-1,0.00056068,-0.326512,0.025305,-0.25917,-0.14402,-0.0998728,3.41196,0,0.99996,-0.0050895,0.00734421,0.000317701,0.0749651,-0.0216155,0.196624,0,0,-0.423918,0.0196865,-0.00868087,-1,0.00056068,Idle,,nan,nan,4,0.20944,0,0,0,0,0,-0.423918,0.0346026,0.203251,0.0765804,0.619619,0.381342,0.515179,0.179531,nan,nan,nan,nan,nan,nan,nan,nan
3.91574,0.350109,-0.0356714,-0.746039,-0.256087,0.12142,-0.263148,-0.0309338,0.0160211,-0.0693289,-0.0450435,-0.178585,0.0267019,0.0196865,-0.00868087,-1,0.00056068,-0.318091,0.0255582,-0.255695,-0.11263,-0.268019,3.38614,0,0.99989,-0.01366,0.00574614,0.000358853,0.0203513,-0.0212188,0.196085,0,0,-0.424505,0.0196865,-0.00868087,-1,0.00056068,Idle,,nan,nan,4,0.20944,0,0,0,0,0,-0.424505,0.0210615,0.192507,0.0768606,0.622463,0.380232,0.498318,0.197007,nan,nan,nan,nan,nan,nan,nan,nan
3.92585,0.345716,-0.0357007,-0.747749,-0.259681,0.114564,-0.266474,-0.0311057,0.0142369,-0.0690367,-0.0167104,-0.205409,0.0277329,0.0196865,-0.00868087,-1,0.00056068,-0.318091,0.0255582,-0.255695,-0.11263,-0.268019,3.38614,0,0.99989,-0.01366,0.00574614,0.000358853,0.0622708,-0.0328351,0.194838,0,0,-0.425378,0.0196865,-0.00868087,-1,0.00056068,Idle,,nan,nan,4,0.20944,0,0,0,0,0,-0.425748,0.0103223,0.208377,0.0771909,0.642852,0.36299,0.502852,0.194298,nan,nan,nan,nan,nan,nan,nan,nan
3.93527,0.341349,-0.0356976,-0.749467,-0.260917,0.12265,-0.264937,-0.0312888,0.0123187,-0.068861,-0.0177863,-0.219783,0.0141802,0.0196865,-0.00868087,-1,0.00056068,-0.309728,0.0256688,-0.252251,-0.0731757,-0.103049,3.41012,0,0.999979,-0.00525229,0.00373204,0.00029994,0.0811569,-0.0282078,0.19438,0,0,-0.424007,0.0196865,-0.00868087,-1,0.00056068,Idle,,nan,nan,4,0.20944,0,0,0,0,0,-0.425378,0.0103223,0.208377,0.0771909,0.642852,0.36299,0.502852,0.194298,nan,nan,nan,nan,nan,nan,nan,nan
3.95964,0.33262,-0.0356557,-0.752955,-0.27724,0.130647,-0.258878,-0.031806,0.00956879,-0.0685089,-0.0327256,-0.154815,0.0195265,0.0196865,-0.00868087,-1,0.00056068,-0.30144,0.0256615,-0.248797,-0.0297225,-0.263677,3.40064,0,0.999908,-0.0134406,0.00151916,0.000300784,0.0173678,-0.0360153,0.192939,0,0,-0.424756,0.0196865,-0.00868087,-1,0.00056068,Idle,,nan,nan,4,0.20944,0,0,0,0,0,-0.424756,0.0135771,0.202512,0.0781878,0.636407,0.369443,0.499021,0.194152,nan,nan,nan,nan,nan,nan,nan,nan
3.97214,0.32827,-0.0355365,-0.754697,-0.283682,0.121363,-0.261389,-0.031567,0.00771289,-0.0683193,0.0290942,-0.212502,0.0155909,0.0196865,-0.00868087,-1,0.00056068,-0.293154,0.0255129,-0.245303,0.0216227,-0.147933,3.41851,0,0.999971,-0.0075415,-0.00110021,0.00027205,0.0354884,-0.0365666,0.19222,0,0,-0.424666,0.0196865,-0.00868087,-1,0.00056068,Idle,,nan,nan,4,0.20944,0,0,0,0,0,-0.424666,0.0114854,0.197636,0.078528,0.634689,0.371662,0.493666,0.198647,nan,nan,nan,nan,nan,nan,nan,nan
3.98104,0.32395,-0.0353937,-0.756427,-0.276237,0.126275,-0.259386,-0.0312285,0.00586579,-0.0681935,0.040187,-0.211129,0.00850807,0.0196865,-0.00868087,-1,0.00056068,-0.293154,0.0255129,-0.245303,0.0216227,-0.147933,3.41851,0,0.999971,-0.0075415,-0.00110021,0.00027205,0.0648152,-0.0372619,0.191931,0,0,-0.423465,0.0196865,-0.00868087,-1,0.00056068,Idle,,nan,nan,4,0.20944,0,0,0,0,0,-0.423465,0.011161,0.204707,0.0788906,0.639081,0.365594,0.496872,0.192314,nan,nan,nan,nan,nan,nan,nan,nan
3.98389,0.31431,-0.0356992,-0.759251,-0.283445,0.137462,-0.249827,-0.0307214,0.00336159,-0.0681416,0.0271285,-0.138224,-0.00202311,0.0196865,-0.00868087,-1,0.00056068,-0.293154,0.0255129,-0.245303,0.0216227,-0.147933,3.41851,0,0.999971,-0.0075415,-0.00110021,0.00027205,0.0648152,-0.0372619,0.191931,0,0,-0.423465,0.0196865,-0.00868087,-1,0.00056068,Idle,,nan,nan,4,0.20944,0,0,0,0,0,-0.423465,0.011161,0.204707,0.0788906,0.639081,0.365594,0.496872,0.192314,nan,nan,nan,nan,nan,nan,nan,nan
4.0173,0.299566,-0.0356445,-0.763934,-0.292843,0.140038,-0.244834,-0.0288233,-0.000968832,-0.0682898,0.058001,-0.131095,-0.0187084,0.0196865,-0.00868087,-1,0.00056068,-0.270398,0.0255995,-0.237511,0.00502685,-0.2496,3.40666,0,0.999919,-0.0127221,-0.000252691,0.000277148,0.0154842,-0.00898057,0.192562,0,0,-0.424339,0.0196865,-0.00868087,-1,0.00056068,Idle,,nan,nan,4,0.20944,0,0,0,0,0,-0.423752,0.0157722,0.191565,0.0813702,0.629292,0.380914,0.488652,0.196149,nan,nan,nan,nan,nan,nan,nan,nan
4.03965,0.290144,-0.035559,-0.766846,-0.301541,0.123645,-0.24875,-0.027805,-0.00333459,-0.0684477,0.0796964,-0.145868,-0.0111595,0.0196865,-0.00868087,-1,0.00056068,-0.261398,0.025606,-0.234606,0.0701406,-0.189024,3.41073,0,0.999947,-0.00963606,-0.00357293,0.000245917,0.058147,-0.0181487,0.193212,0,0,-0.423478,0.0196865,-0.00868087,-1,0.00056068,Idle,,nan,nan,4,0.20944,0,0,0,0,0,-0.423478,0.01483,0.197019,0.0835628,0.635733,0.37831,0.489375,0.190494,nan,nan,nan,nan,nan,nan,nan,nan
4.04263,0.285486,-0.0354468,-0.768297,-0.302797,0.129066,-0.245257,-0.0273822,-0.00489923,-0.0685133,0.050083,-0.180039,-0.0121622,0.0196865,-0.00868087,-1,0.00056068,-0.261398,0.025606,-0.234606,0.0701406,-0.189024,3.41073,0,0.999947,-0.00963606,-0.00357293,0.000245917,0.058147,-0.0181487,0.193212,0,0,-0.423478,0.0196865,-0.00868087,-1,0.00056068,Idle,,nan,nan,4,0.20944,0,0,0,0,0,-0.423478,0.01483,0.197019,0.0835628,0.635733,0.37831,0.489375,0.190494,nan,nan,nan,nan,nan,nan,nan,nan
4.06086,0.280848,-0.0353207,-0.769756,-0.308776,0.136836,-0.239667,-0.027431,-0.00584774,-0.0686419,-0.00279944,-0.110206,-0.0172617,0.0196865,-0.00868087,-1,0.00056068,-0.252509,0.0254276,-0.231703,0.0725008,-0.18763,3.41048,0,0.999947,-0.0095656,-0.00369349,0.000245015,0.0352531,-0.0118457,0.193604,0,0,-0.424038,0.0196865,-0.00868087,-1,0.00056068,Idle,,nan,nan,4,0.20944,0,0,0,0,0,-0.424038,0.0136595,0.199279,0.084168,0.639323,0.377049,0.490099,0.189679,nan,nan,nan,nan,nan,nan,nan,nan
4.07189,0.271641,-0.0349679,-0.772675,-0.316442,0.127175,-0.245126,-0.0271798,-0.00841718,-0.0686408,0.0208745,-0.161598,0.00661617,0.0196865,-0.00868087,-1,0.00056068,-0.239356,0.0249727,-0.227325,0.143275,-0.163494,3.42805,0,0.999939,-0.0083353,-0.00730126,0.000219465,0.011802,-0.0236012,0.193656,0,0,-0.425189,0.0196865,-0.00868087,-1,0.00056068,Idle,,nan,nan,4,0.20944,0,0,0,0,0,-0.425189,0.0121397,0.197176,0.0846338,0.640527,0.379079,0.488223,0.192926,nan,nan,nan,nan,nan,nan,nan,nan
4.07758,0.267092,-0.0347125,-0.774151,-0.313396,0.128974,-0.241484,-0.0269847,-0.00998126,-0.0685798,0.0241324,-0.177902,0.00185524,0.0196865,-0.00868087,-1,0.00056068,-0.239356,0.0249727,-0.227325,0.143275,-0.163494,3.42805,0,0.999939,-0.0083353,-0.00730126,0.000219465,0.011802,-0.0236012,0.193656,0,0,-0.425189,0.0196865,-0.00868087,-1,0.00056068,Idle,,nan,nan,5,0.211235,0,0,0,0,0,-0.425088,0.00770442,0.202143,0.0850466,0.647487,0.372742,0.488084,0.192039,nan,nan,nan,nan,nan,nan,nan,nan
4.08616,0.262082,-0.034784,-0.775217,-0.312896,0.140482,-0.235927,-0.026818,-0.0112686,-0.0686226,0.0210169,-0.148338,-0.00893255,0.0196865,-0.00868087,-1,0.00056068,-0.239356,0.0249727,-0.227325,0.143275,-0.163494,3.42805,0,0.999939,-0.0083353,-0.00730126,0.000219465,0.0451081,-0.0235598,0.193244,0,0,-0.422888,0.0196865,-0.00868087,-1,0.00056068,Idle,,nan,nan,5,0.213041,0,0,0,0,0,-0.422888,0.0103603,0.199083,0.0852976,0.641496,0.374834,0.48535,0.18987,nan,nan,nan,nan,nan,nan,nan,nan
4.09467,0.257101,-0.0348335,-0.776287,-0.313988,0.143653,-0.23347,-0.0266232,-0.0124648,-0.0685427,0.0248917,-0.138772,0.00416943,0.0196865,-0.00868087,-1,0.00056068,-0.230276,0.024798,-0.224783,0.104957,-0.271646,3.40202,0,0.99989,-0.013847,-0.00534687,0.000206308,0.0353808,-0.00536175,0.193648,0,0,-0.423438,0.0196865,-0.00868087,-1,0.00056068,Idle,,nan,nan,5,0.213041,0,0,0,0,0,-0.422888,0.0103603,0.199083,0.0852976,0.641496,0.374834,0.48535,0.18987,nan,nan,nan,nan,nan,nan,nan,nan
4.10799,0.252165,-0.0347969,-0.777377,-0.320405,0.131173,-0.238185,-0.0263626,-0.0141905,-0.0683156,0.0323779,-0.198009,0.0189798,0.0196865,-0.00868087,-1,0.00056068,-0.220854,0.0248102,-0.222623,0.163969,-0.17755,3.42007,0,0.999924,-0.00905168,-0.00835587,0.000204682,-0.00628316,-0.000776979,0.193213,0,0,-0.425068,0.0196865,-0.00868087,-1,0.00056068,Idle,,nan,nan,5,0.213041,0,0,0,0,0,-0.424696,0.00123006,0.211998,0.0855946,0.659189,0.361351,0.489531,0.188711,nan,nan,nan,nan,nan,nan,nan,nan
4.11837,0.247261,-0.0347296,-0.778483,-0.317316,0.132681,-0.236989,-0.0263107,-0.0158268,-0.06819,0.00893041,-0.187605,0.007927,0.0196865,-0.00868087,-1,0.00056068,-0.220854,0.0248102,-0.222623,0.163969,-0.17755,3.42007,0,0.999924,-0.00905168,-0.00835587,0.000204682,0.0372127,-0.0129149,0.192731,0,0,-0.423441,0.0196865,-0.00868087,-1,0.00056068,Idle,,nan,nan,5,0.21842,0,0,0,0,0,-0.425068,0.00670876,0.21281,0.0855833,0.656251,0.365012,0.494363,0.184647,nan,nan,nan,nan,nan,nan,nan,nan
4.12631,0.241923,-0.0344689,-0.779962,-0.316379,0.150965,-0.228113,-0.0262039,-0.0171253,-0.0681267,0.0147976,-0.148908,0.00194728,0.0196865,-0.00868087,-1,0.00056068,-0.220854,0.0248102,-0.222623,0.163969,-0.17755,3.42007,0,0.999924,-0.00905168,-0.00835587,0.000204682,0.0293294,0.00340062,0.192475,0,0,-0.423442,0.0196865,-0.00868087,-1,0.00056068,Idle,,nan,nan,5,0.21842,0,0,0,0,0,-0.423442,0.0105488,0.211444,0.0855134,0.650874,0.366998,0.494558,0.18134,nan,nan,nan,nan,nan,nan,nan,nan
4.13788,0.237113,-0.0343237,-0.781085,-0.322875,0.134708,-0.22876,-0.026164,-0.0185181,-0.0679561,0.00762009,-0.161179,0.0136725,0.0196865,-0.00868087,-1,0.00056068,-0.211124,0.0244986,-0.220038,0.134021,-0.330843,3.39068,0,0.999835,-0.0168616,-0.00682722,0.000165223,-0.0262612,0.00940382,0.19206,0,0,-0.425542,0.0196865,-0.00868087,-1,0.00056068,Idle,,nan,nan,5,0.222021,0,0,0,0,0,-0.425542,0.0105488,0.211444,0.0855134,0.650874,0.366998,0.494558,0.18134,nan,nan,nan,nan,nan,nan,nan,nan
4.14753,0.232326,-0.0341406,-0.782212,-0.322516,0.129969,-0.230642,-0.0259494,-0.0201132,-0.0677395,0.0270845,-0.18286,0.0181273,0.0196865,-0.00868087,-1,0.00056068,-0.211124,0.0244986,-0.220038,0.134021,-0.330843,3.39068,0,0.999835,-0.0168616,-0.00682722,0.000165223,0.0315514,-0.00145574,0.191213,0,0,-0.424939,0.0196865,-0.00868087,-1,0.00056068,Idle,,nan,nan,5,0.222021,0,0,0,0,0,-0.424939,0.00794555,0.200706,0.0853934,0.646499,0.374127,0.486744,0.192388,nan,nan,nan,nan,nan,nan,nan,nan
4.15365,0.222855,-0.0337005,-0.784487,-0.3251,0.145604,-0.222489,-0.026458,-0.0229818,-0.0674265,-0.0272594,-0.129172,0.0100213,0.0196865,-0.00868087,-1,0.00056068,-0.197497,0.0239958,-0.216651,0.175557,-0.282495,3.39037,0,0.999856,-0.0143984,-0.00894486,0.000151525,0.0315514,-0.00145574,0.191213,0,0,-0.424939,0.0196865,-0.00868087,-1,0.00056068,Idle,,nan,nan,5,0.222021,0,0,0,0,0,-0.424939,0.00794555,0.200706,0.0853934,0.646499,0.374127,0.486744,0.192388,nan,nan,nan,nan,nan,nan,nan,nan
4.16349,0.218191,-0.0334113,-0.785646,-0.326619,0.134649,-0.228881,-0.0266453,-0.0242895,-0.0671692,-0.0175932,-0.149833,0.0232274,0.0196865,-0.00868087,-1,0.00056068,-0.197497,0.0239958,-0.216651,0.175557,-0.282495,3.39037,0,0.999856,-0.0143984,-0.00894486,0.000151525,-0.00408504,0.0127815,0.19064,0,0,-0.425526,0.0196865,-0.00868087,-1,0.00056068,Idle,,nan,nan,5,0.222021,0,0,0,0,0,-0.425526,0.011221,0.200346,0.0852594,0.64438,0.37715,0.489525,0.191047,nan,nan,nan,nan,nan,nan,nan,nan
4.17675,0.213104,-0.0334001,-0.786377,-0.327629,0.133198,-0.228185,-0.0268996,-0.0259288,-0.0670099,-0.0255903,-0.18802,0.0114625,0.0196865,-0.00868087,-1,0.00056068,-0.18858,0.0234939,-0.214354,0.219271,-0.18438,3.4173,0,0.999893,-0.0093993,-0.011174,0.000175261,0.00109676,0.00525707,0.189759,0,0,-0.425766,0.0196865,-0.00868087,-1,0.00056068,Idle,,nan,nan,5,0.231001,0,0,0,0,0,-0.425766,0.00920738,0.210237,0.0851993,0.652979,0.368913,0.495393,0.185781,nan,nan,nan,nan,nan,nan,nan,nan
4.19679,0.208058,-0.0333682,-0.78711,-0.326854,0.148491,-0.217841,-0.0274309,-0.0273075,-0.0669035,-0.0558129,-0.158815,0.00505407,0.0196865,-0.00868087,-1,0.00056068,-0.178953,0.023453,-0.21289,0.224918,-0.299346,3.37953,0,0.999818,-0.0152562,-0.0114605,0.000105442,-0.00535273,0.0114713,0.188791,0,0,-0.42631,0.0196865,-0.00868087,-1,0.00056068,Idle,,nan,nan,5,0.231001,0,0,0,0,0,-0.423655,0.0242887,0.204032,0.0851962,0.635834,0.381871,0.499586,0.177414,nan,nan,nan,nan,nan,nan,nan,nan
4.19715,0.203064,-0.0333147,-0.787849,-0.327973,0.14883,-0.213625,-0.0280092,-0.0283868,-0.0667138,-0.0608506,-0.12559,0.015151,0.0196865,-0.00868087,-1,0.00056068,-0.178953,0.023453,-0.21289,0.224918,-0.299346,3.37953,0,0.999818,-0.0152562,-0.0114605,0.000105442,-0.00535273,0.0114713,0.188791,0,0,-0.42631,0.0196865,-0.00868087,-1,0.00056068,Idle,,nan,nan,5,0.234584,0,0,0,0,0,-0.423655,0.0242887,0.204032,0.0851962,0.635834,0.381871,0.499586,0.177414,nan,nan,nan,nan,nan,nan,nan,nan
4.20519,0.198128,-0.0331948,-0.78861,-0.330868,0.137626,-0.218187,-0.0282454,-0.0297813,-0.0665554,-0.0229134,-0.160449,0.0106274,0.0196865,-0.00868087,-1,0.00056068,-0.178953,0.023453,-0.21289,0.224918,-0.299346,3.37953,0,0.999818,-0.0152562,-0.0114605,0.000105442,0.00100255,0.0125911,0.188387,0,0,-0.427225,0.0196865,-0.00868087,-1,0.00056068,Idle,,nan,nan,5,0.234584,0,0,0,0,0,-0.427225,0.0116921,0.209276,0.0852994,0.652101,0.372909,0.497828,0.186064,nan,nan,nan,nan,nan,nan,nan,nan
4.22225,0.183129,-0.0325075,-0.79129,-0.324361,0.138118,-0.208645,-0.0292431,-0.0336121,-0.0662034,-0.0319157,-0.121177,0.00806932,0.0196865,-0.00868087,-1,0.00056068,-0.15527,0.0226353,-0.20871,0.246197,-0.1981,3.35979,0,0.99987,-0.0100987,-0.0125466,0.000153568,0.00101453,0.0403096,0.187863,0,0,-0.427561,0.0196865,-0.00868087,-1,0.00056068,Idle,,nan,nan,5,0.234584,0,0,0,0,0,-0.427225,0.0116921,0.209276,0.0852994,0.652101,0.372909,0.497828,0.186064,nan,nan,nan,nan,nan,nan,nan,nan
4.23327,0.178386,-0.0322741,-0.792083,-0.322698,0.135095,-0.211971,-0.0291976,-0.0349275,-0.0660032,0.00842348,-0.151265,0.0153653,0.0196865,-0.00868087,-1,0.00056068,-0.15527,0.0226353,-0.20871,0.246197,-0.1981,3.35979,0,0.99987,-0.0100987,-0.0125466,0.000153568,0.0432673,0.0336192,0.186913,0,0,-0.42753,0.0196865,-0.00868087,-1,0.00056068,Idle,,nan,nan,5,0.243564,0,0,0,0,0,-0.427561,0.0130231,0.207935,0.0856849,0.650933,0.375519,0.497772,0.18602,nan,nan,nan,nan,nan,nan,nan,nan
4.25044,0.173696,-0.0319947,-0.792906,-0.321526,0.148163,-0.208443,-0.0292003,-0.0362117,-0.0658526,0.00280757,-0.147519,0.00993983,0.0196865,-0.00868087,-1,0.00056068,-0.146309,0.0221482,-0.207094,0.247157,-0.286454,3.36553,0,0.999814,-0.0145982,-0.0125931,9.64319e-05,0.0508834,0.0369483,0.186981,0,0,-0.426421,0.0196865,-0.00868087,-1,0.00056068,Idle,,nan,nan,5,0.243564,0,0,0,0,0,-0.426421,0.0219859,0.204856,0.0858606,0.641453,0.383069,0.500618,0.180542,nan,nan,nan,nan,nan,nan,nan,nan
4.26045,0.169029,-0.0316942,-0.793752,-0.328127,0.148919,-0.204155,-0.0294049,-0.0370043,-0.0657966,-0.020012,-0.0918804,0.00100582,0.0196865,-0.00868087,-1,0.00056068,-0.146309,0.0221482,-0.207094,0.247157,-0.286454,3.36553,0,0.999814,-0.0145982,-0.0125931,9.64319e-05,0.0083678,0.0376725,0.186686,0,0,-0.427245,0.0196865,-0.00868087,-1,0.00056068,Idle,,nan,nan,5,0.247156,0,0,0,0,0,-0.426421,0.017373,0.204704,0.0859371,0.644684,0.379991,0.497173,0.183835,nan,nan,nan,nan,nan,nan,nan,nan
4.26975,0.164431,-0.0313762,-0.794605,-0.329204,0.138998,-0.207221,-0.0293465,-0.0377919,-0.0656799,0.00942376,-0.0923925,0.00781584,0.0196865,-0.00868087,-1,0.00056068,-0.146309,0.0221482,-0.207094,0.247157,-0.286454,3.36553,0,0.999814,-0.0145982,-0.0125931,9.64319e-05,0.0108956,0.017862,0.185633,0,0,-0.428227,0.0196865,-0.00868087,-1,0.00056068,Idle,,nan,nan,5,0.247156,0,0,0,0,0,-0.428227,0.00864955,0.207903,0.08601,0.654993,0.373441,0.494997,0.189477,nan,nan,nan,nan,nan,nan,nan,nan
4.27994,0.155023,-0.0309104,-0.795884,-0.324303,0.147507,-0.20424,-0.0291409,-0.039325,-0.0653821,0.00215706,-0.076699,0.00765594,0.0196865,-0.00868087,-1,0.00056068,-0.146309,0.0221482,-0.207094,0.247157,-0.286454,3.36553,0,0.999814,-0.0145982,-0.0125931,9.64319e-05,0.0525377,0.0315408,0.185288,0,0,-0.427275,0.0196865,-0.00868087,-1,0.00056068,Idle,,nan,nan,5,0.247156,0,0,0,0,0,-0.427275,0.0144537,0.201194,0.0861655,0.645348,0.381492,0.493253,0.189007,nan,nan,nan,nan,nan,nan,nan,nan
4.28907,0.150173,-0.0307846,-0.796346,-0.326046,0.150162,-0.201795,-0.0290377,-0.0395689,-0.0652945,0.0146562,-0.0317787,0.00517522,0.0196865,-0.00868087,-1,0.00056068,-0.128569,0.0211181,-0.204116,0.297306,-0.279655,3.36066,0,0.999784,-0.0142502,-0.0151477,6.43673e-05,0.010708,0.0297186,0.184948,0,0,-0.42762,0.0196865,-0.00868087,-1,0.00056068,Idle,,nan,nan,5,0.25434,0,0,0,0,0,-0.427275,0.0144537,0.201194,0.0861655,0.645348,0.381492,0.493253,0.189007,nan,nan,nan,nan,nan,nan,nan,nan
4.29874,0.14536,-0.030631,-0.796834,-0.326112,0.14225,-0.203977,-0.0287945,-0.0401068,-0.0651788,0.0301431,-0.0641332,0.00735606,0.0196865,-0.00868087,-1,0.00056068,-0.128569,0.0211181,-0.204116,0.297306,-0.279655,3.36066,0,0.999784,-0.0142502,-0.0151477,6.43673e-05,0.00571125,0.0219381,0.184468,0,0,-0.428193,0.0196865,-0.00868087,-1,0.00056068,Idle,,nan,nan,5,0.25434,0,0,0,0,0,-0.42762,0.00831444,0.19717,0.0862921,0.647316,0.380468,0.486286,0.19641,nan,nan,nan,nan,nan,nan,nan,nan
4.31416,0.140621,-0.030438,-0.79732,-0.32245,0.13655,-0.201532,-0.0284958,-0.0407679,-0.0649618,0.0370643,-0.0788026,0.0183944,0.0196865,-0.00868087,-1,0.00056068,-0.11939,0.0208526,-0.203166,0.330131,-0.223583,3.36338,0,0.999794,-0.0113941,-0.0168207,8.85425e-05,0.0320768,0.0224118,0.183782,0,0,-0.427423,0.0196865,-0.00868087,-1,0.00056068,Idle,,nan,nan,5,0.257941,0,0,0,0,0,-0.427423,0.00840736,0.203113,0.0865081,0.651471,0.376351,0.490139,0.191731,nan,nan,nan,nan,nan,nan,nan,nan
4.32388,0.135958,-0.0301926,-0.797835,-0.320803,0.153575,-0.19922,-0.0283626,-0.0411934,-0.0648546,0.0178622,-0.051677,0.0068939,0.0196865,-0.00868087,-1,0.00056068,-0.11939,0.0208526,-0.203166,0.330131,-0.223583,3.36338,0,0.999794,-0.0113941,-0.0168207,8.85425e-05,0.0469916,0.0324559,0.183608,0,0,-0.42788,0.0196865,-0.00868087,-1,0.00056068,Idle,,nan,nan,5,0.257941,0,0,0,0,0,-0.42788,0.0152765,0.195901,0.0865909,0.642054,0.386847,0.490273,0.192346,nan,nan,nan,nan,nan,nan,nan,nan
4.33686,0.131333,-0.0299282,-0.79839,-0.32001,0.158203,-0.196182,-0.0281386,-0.0414264,-0.0647475,0.0279113,-0.0301333,0.00751999,0.0196865,-0.00868087,-1,0.00056068,-0.106064,0.020185,-0.20161,0.321391,-0.338982,3.33836,0,0.999717,-0.0172687,-0.0163727,-2.54668e-06,-0.00860962,0.0300867,0.183462,0,0,-0.428511,0.0196865,-0.00868087,-1,0.00056068,Idle,,nan,nan,5,0.26332,0,0,0,0,0,-0.428511,0.00370558,0.203974,0.0866488,0.656633,0.373646,0.48837,0.195395,nan,nan,nan,nan,nan,nan,nan,nan
4.34861,0.126779,-0.0296148,-0.798994,-0.318658,0.146297,-0.200771,-0.0276564,-0.041903,-0.0645349,0.0570863,-0.0574632,0.0185429,0.0196865,-0.00868087,-1,0.00056068,-0.106064,0.020185,-0.20161,0.321391,-0.338982,3.33836,0,0.999717,-0.0172687,-0.0163727,-2.54668e-06,0.0234344,0.0295547,0.182823,0,0,-0.427716,0.0196865,-0.00868087,-1,0.00056068,Idle,,nan,nan,5,0.26332,0,0,0,0,0,-0.429214,0.000800795,0.202571,0.0866967,0.658446,0.373335,0.485979,0.199097,nan,nan,nan,nan,nan,nan,nan,nan
4.36297,0.117327,-0.0286422,-0.800528,-0.312923,0.160395,-0.195391,-0.0272759,-0.0432571,-0.0642702,0.0225144,-0.067238,0.00318256,0.0196865,-0.00868087,-1,0.00056068,-0.0969981,0.0193188,-0.200108,0.326596,-0.301068,3.35157,0,0.999744,-0.0153388,-0.0166386,2.49742e-05,-0.0182144,0.0385183,0.181641,0,0,-0.428848,0.0196865,-0.00868087,-1,0.00056068,Idle,,nan,nan,5,0.266921,0,0,0,0,0,-0.428848,0.00628104,0.204489,0.0866781,0.654986,0.374913,0.490306,0.192961,nan,nan,nan,nan,nan,nan,nan,nan
4.37869,0.104002,-0.0276633,-0.802042,-0.313399,0.153843,-0.190835,-0.0266418,-0.0455611,-0.0635067,0.00678505,-0.106659,0.0155149,0.0196865,-0.00868087,-1,0.00056068,-0.0885936,0.0185738,-0.198812,0.335776,-0.212773,3.36286,0,0.999795,-0.0108436,-0.0171086,9.46761e-05,0.0487537,0.0295045,0.179709,0,0,-0.428101,0.0196865,-0.00868087,-1,0.00056068,Idle,,nan,nan,5,0.270504,0,0,0,0,0,-0.427455,0.00859687,0.20555,0.0864697,0.662183,0.368718,0.498228,0.186263,nan,nan,nan,nan,nan,nan,nan,nan
4.39206,0.0994462,-0.0274791,-0.80229,-0.311031,0.15684,-0.188667,-0.026431,-0.0461015,-0.0632461,0.0272308,-0.0643384,0.0225541,0.0196865,-0.00868087,-1,0.00056068,-0.0800997,0.0180333,-0.197958,0.364417,-0.297751,3.33135,0,0.999713,-0.0151681,-0.0185644,-1.44066e-06,-0.00561254,0.0285263,0.179141,0,0,-0.429687,0.0196865,-0.00868087,-1,0.00056068,Idle,,nan,nan,5,0.274096,0,0,0,0,0,-0.428101,0.0137595,0.212432,0.0862855,0.654732,0.374001,0.50141,0.182261,nan,nan,nan,nan,nan,nan,nan,nan
4.40419,0.0949603,-0.0272586,-0.802561,-0.309158,0.144253,-0.191663,-0.0261926,-0.0469076,-0.0628962,0.0310297,-0.0948961,0.0320527,0.0196865,-0.00868087,-1,0.00056068,-0.0800997,0.0180333,-0.197958,0.364417,-0.297751,3.33135,0,0.999713,-0.0151681,-0.0185644,-1.44066e-06,-0.0124684,0.0330425,0.17827,0,0,-0.430218,0.0196865,-0.00868087,-1,0.00056068,Idle,,nan,nan,5,0.274096,0,0,0,0,0,-0.430218,0.00116528,0.207525,0.0859502,0.661949,0.370347,0.491487,0.197088,nan,nan,nan,nan,nan,nan,nan,nan
4.4183,0.0905355,-0.0269976,-0.802833,-0.305772,0.140856,-0.190863,-0.0259229,-0.0479543,-0.0625542,0.0342534,-0.121029,0.0304067,0.0196865,-0.00868087,-1,0.00056068,-0.0673065,0.0174009,-0.197167,0.35348,-0.194467,3.33423,0,0.999789,-0.00991044,-0.0180097,0.000101695,0.0279475,0.0387217,0.177241,0,0,-0.429246,0.0196865,-0.00868087,-1,0.00056068,Idle,,nan,nan,5,0.279484,0,0,0,0,0,-0.429246,0.011173,0.209738,0.0857073,0.655222,0.374644,0.499399,0.187718,nan,nan,nan,nan,nan,nan,nan,nan
4.42769,0.0861643,-0.0267207,-0.803111,-0.304441,0.159358,-0.182722,-0.0259216,-0.0488888,-0.0623218,0.0037444,-0.108118,0.0186292,0.0196865,-0.00868087,-1,0.00056068,-0.0673065,0.0174009,-0.197167,0.35348,-0.194467,3.33423,0,0.999789,-0.00991044,-0.0180097,0.000101695,-0.0264364,0.0400858,0.176434,0,0,-0.431649,0.0196865,-0.00868087,-1,0.00056068,Idle,,nan,nan,5,0.279484,0,0,0,0,0,-0.429365,0.0129493,0.208804,0.0855436,0.653261,0.376516,0.500277,0.187405,nan,nan,nan,nan,nan,nan,nan,nan
4.44536,0.0775974,-0.0260435,-0.803722,-0.302912,0.149485,-0.179658,-0.0258229,-0.0501663,-0.0617649,0.0053701,-0.096409,0.0260744,0.0196865,-0.00868087,-1,0.00056068,-0.0590364,0.0168479,-0.196594,0.391155,-0.328738,3.28379,0,0.999661,-0.0167428,-0.019924,-5.34848e-05,0.0138359,0.040268,0.174969,0,0,-0.432245,0.0196865,-0.00868087,-1,0.00056068,Idle,,nan,nan,5,0.283076,0,0,0,0,0,-0.432245,0.0151369,0.209726,0.0853817,0.655084,0.380129,0.505516,0.188251,nan,nan,nan,nan,nan,nan,nan,nan
4.47289,0.0692812,-0.0252555,-0.804375,-0.296061,0.155215,-0.173474,-0.025563,-0.0515571,-0.061417,0.0153409,-0.048196,0.0102874,0.0196865,-0.00868087,-1,0.00056068,-0.042854,0.0151256,-0.194999,0.367267,-0.238285,3.28003,0,0.999751,-0.012141,-0.0187106,5.29919e-05,0.0159453,0.0567378,0.173209,0,0,-0.433025,0.0196865,-0.00868087,-1,0.00056068,Idle,,nan,nan,5,0.286668,0,0,0,0,0,-0.433025,0.00873475,0.213019,0.0854962,0.663606,0.37494,0.504753,0.191888,nan,nan,nan,nan,nan,nan,nan,nan
4.47327,0.0607676,-0.024139,-0.80536,-0.294729,0.143278,-0.175827,-0.0257631,-0.0530785,-0.0609917,0.00576839,-0.103401,0.0234217,0.0196865,-0.00868087,-1,0.00056068,-0.042854,0.0151256,-0.194999,0.367267,-0.238285,3.28003,0,0.999751,-0.012141,-0.0187106,5.29919e-05,0.0159453,0.0567378,0.173209,0,0,-0.433025,0.0196865,-0.00868087,-1,0.00056068,Idle,,nan,nan,5,0.29026,0,0,0,0,0,-0.433025,0.0170505,0.207959,0.0856164,0.663606,0.37494,0.504753,0.191888,nan,nan,nan,nan,nan,nan,nan,nan
4.48074,0.0567849,-0.0236466,-0.805735,-0.291927,0.15426,-0.170749,-0.0260675,-0.0538956,-0.0607487,-0.0304284,-0.0938785,0.0205721,0.0196865,-0.00868087,-1,0.00056068,-0.042854,0.0151256,-0.194999,0.367267,-0.238285,3.28003,0,0.999751,-0.012141,-0.0187106,5.29919e-05,0.0287197,0.0467334,0.172288,0,0,-0.432916,0.0196865,-0.00868087,-1,0.00056068,Idle,,nan,nan,5,0.29026,0,0,0,0,0,-0.433025,0.0170505,0.207959,0.0856164,0.653496,0.383747,0.506165,0.188693,nan,nan,nan,nan,nan,nan,nan,nan
4.49724,0.052651,-0.0233948,-0.805743,-0.288903,0.157146,-0.171318,-0.0264595,-0.0543626,-0.0606294,-0.0413423,-0.0552089,0.00803134,0.0196865,-0.00868087,-1,0.00056068,-0.0352435,0.0142175,-0.194265,0.39617,-0.302312,3.263,0,0.999678,-0.0153984,-0.0201803,-3.06427e-05,-0.00673195,0.0488473,0.172188,0,0,-0.434283,0.0196865,-0.00868087,-1,0.00056068,Idle,,nan,nan,5,0.293861,0,0,0,0,0,-0.434283,0.0197135,0.207547,0.0858253,0.652788,0.387389,0.508805,0.188151,nan,nan,nan,nan,nan,nan,nan,nan
4.50675,0.0486015,-0.0231181,-0.805791,-0.288266,0.146011,-0.174868,-0.0268291,-0.0548556,-0.0604053,-0.0375248,-0.0585241,0.0183742,0.0196865,-0.00868087,-1,0.00056068,-0.0352435,0.0142175,-0.194265,0.39617,-0.302312,3.263,0,0.999678,-0.0153984,-0.0201803,-3.06427e-05,-0.0115194,0.0524625,0.171676,0,0,-0.434171,0.0196865,-0.00868087,-1,0.00056068,Idle,,nan,nan,5,0.293861,0,0,0,0,0,-0.434171,0.0129969,0.209481,0.0858865,0.658854,0.38122,0.505249,0.191359,nan,nan,nan,nan,nan,nan,nan,nan
4.52559,0.0406308,-0.0224742,-0.805987,-0.286649,0.16003,-0.171065,-0.0275661,-0.0560966,-0.0599135,-0.0588859,-0.0575057,0.0191558,0.0196865,-0.00868087,-1,0.00056068,-0.0236685,0.0134199,-0.194129,0.402613,-0.234782,3.27926,0,0.999718,-0.0119611,-0.0205096,3.47971e-05,-0.0194989,0.0414257,0.169944,0,0,-0.434358,0.0196865,-0.00868087,-1,0.00056068,Idle,,nan,nan,5,0.29924,0,0,0,0,0,-0.433134,0.0151289,0.20484,0.0859488,0.65309,0.385036,0.502378,0.192033,nan,nan,nan,nan,nan,nan,nan,nan
4.53966,0.0328713,-0.0216471,-0.806329,-0.278337,0.155846,-0.175184,-0.0281162,-0.0568379,-0.0594734,-0.00973349,-0.0584912,0.0253559,0.0196865,-0.00868087,-1,0.00056068,-0.0161741,0.0127351,-0.193854,0.403943,-0.345685,3.26078,0,0.999633,-0.0176036,-0.0205738,-8.21001e-05,0.00541429,0.0566236,0.168889,0,0,-0.4331,0.0196865,-0.00868087,-1,0.00056068,Idle,,nan,nan,5,0.302842,0,0,0,0,0,-0.434508,0.011221,0.205677,0.0859298,0.65309,0.385036,0.502378,0.192033,nan,nan,nan,nan,nan,nan,nan,nan
4.5549,0.0291146,-0.0211845,-0.806551,-0.271524,0.149845,-0.174821,-0.0283064,-0.057426,-0.0591782,-0.0173499,-0.0689035,0.0263542,0.0196865,-0.00868087,-1,0.00056068,-0.00895673,0.0118785,-0.193449,0.372969,-0.245422,3.27986,0,0.999741,-0.0125046,-0.0190016,4.25399e-05,0.0233457,0.0713734,0.168267,0,0,-0.433054,0.0196865,-0.00868087,-1,0.00056068,Idle,,nan,nan,5,0.306424,0,0,0,0,0,-0.433054,0.00948862,0.210919,0.0857797,0.661128,0.376499,0.502776,0.191813,nan,nan,nan,nan,nan,nan,nan,nan
4.56272,0.0217869,-0.0202232,-0.807175,-0.269151,0.162639,-0.17761,-0.0285057,-0.0576945,-0.0587643,0.00338847,-0.0228295,0.0215284,0.0196865,-0.00868087,-1,0.00056068,-0.00895673,0.0118785,-0.193449,0.372969,-0.245422,3.27986,0,0.999741,-0.0125046,-0.0190016,4.25399e-05,-0.0117542,0.0616234,0.167343,0,0,-0.433743,0.0196865,-0.00868087,-1,0.00056068,Idle,,nan,nan,5,0.306424,0,0,0,0,0,-0.433054,0.00948862,0.210919,0.0857797,0.661128,0.376499,0.502776,0.191813,nan,nan,nan,nan,nan,nan,nan,nan
4.57889,0.0177898,-0.0194346,-0.807824,-0.263969,0.151413,-0.179741,-0.0283122,-0.058099,-0.0584351,0.025312,-0.0480674,0.0308359,0.0196865,-0.00868087,-1,0.00056068,-0.00199539,0.0109652,-0.192825,0.403135,-0.337951,3.29281,0,0.999641,-0.0172106,-0.0205332,-7.33123e-05,-0.013892,0.0604375,0.166396,0,0,-0.432368,0.0196865,-0.00868087,-1,0.00056068,Idle,,nan,nan,5,0.310016,0,0,0,0,0,-0.432368,0.0049885,0.20976,0.0855846,0.66261,0.373256,0.498284,0.195323,nan,nan,nan,nan,nan,nan,nan,nan
4.58811,0.0142498,-0.0188766,-0.808236,-0.264702,0.160451,-0.179248,-0.028424,-0.0584879,-0.0581748,-0.00911012,-0.0465292,0.0236219,0.0196865,-0.00868087,-1,0.00056068,-0.00199539,0.0109652,-0.192825,0.403135,-0.337951,3.29281,0,0.999641,-0.0172106,-0.0205332,-7.33123e-05,0.0226493,0.070321,0.165634,0,0,-0.431502,0.0196865,-0.00868087,-1,0.00056068,Idle,,nan,nan,5,0.310016,0,0,0,0,0,-0.431502,0.0173842,0.207479,0.0855136,0.651295,0.382696,0.504643,0.187374,nan,nan,nan,nan,nan,nan,nan,nan
4.60586,0.00700416,-0.0181655,-0.808486,-0.26256,0.151599,-0.181338,-0.0285959,-0.058862,-0.057679,-0.00390856,-0.0289791,0.031885,0.0196865,-0.00868087,-1,0.00056068,0.00864166,0.00938188,-0.191647,0.40108,-0.326551,3.30511,0,0.999653,-0.0166307,-0.0204288,-5.96606e-05,0.025606,0.0501944,0.163509,0,0,-0.431049,0.0196865,-0.00868087,-1,0.00056068,Idle,,nan,nan,5,0.315404,0,0,0,0,0,-0.431531,0.015313,0.206393,0.0854145,0.651921,0.38193,0.502538,0.189735,nan,nan,nan,nan,nan,nan,nan,nan
4.62154,7.30433e-05,-0.0173023,-0.808906,-0.250148,0.16114,-0.181702,-0.0289763,-0.0594178,-0.0571388,-0.0221843,-0.0214943,0.0194219,0.0196865,-0.00868087,-1,0.00056068,0.0153772,0.00859913,-0.191335,0.393769,-0.268544,3.32556,0,0.999705,-0.0136799,-0.0200587,5.71571e-06,-0.00954316,0.0710642,0.162548,0,0,-0.430874,0.0196865,-0.00868087,-1,0.00056068,Idle,,nan,nan,5,0.318996,0,0,0,0,0,-0.430874,0.00791282,0.214847,0.0852309,0.662292,0.369878,0.502808,0.188518,nan,nan,nan,nan,nan,nan,nan,nan
4.63502,-0.0033027,-0.0168575,-0.809185,-0.251094,0.156818,-0.185333,-0.0289291,-0.0594836,-0.0568699,0.00896354,-0.0103253,0.0249474,0.0196865,-0.00868087,-1,0.00056068,0.0218397,0.0077678,-0.190815,0.4228,-0.293835,3.33033,0,0.999656,-0.0149651,-0.0215352,-4.22105e-05,0.00667607,0.0597082,0.161484,0,0,-0.429852,0.0196865,-0.00868087,-1,0.00056068,Idle,,nan,nan,5,0.322588,0,0,0,0,0,-0.429852,0.011684,0.207048,0.0851004,0.652958,0.376906,0.499072,0.190471,nan,nan,nan,nan,nan,nan,nan,nan
4.64239,-0.00992768,-0.0157974,-0.809831,-0.245901,0.164447,-0.183353,-0.0288837,-0.0602931,-0.0562212,-0.0048263,-0.0539237,0.0246867,0.0196865,-0.00868087,-1,0.00056068,0.0218397,0.0077678,-0.190815,0.4228,-0.293835,3.33033,0,0.999656,-0.0149651,-0.0215352,-4.22105e-05,0.0269808,0.0551184,0.159852,0,0,-0.428955,0.0196865,-0.00868087,-1,0.00056068,Idle,,nan,nan,5,0.322588,0,0,0,0,0,-0.429852,0.011684,0.207048,0.0851004,0.652958,0.376906,0.499072,0.190471,nan,nan,nan,nan,nan,nan,nan,nan
4.65566,-0.0131501,-0.0152292,-0.810183,-0.241622,0.169812,-0.175861,-0.028726,-0.060034,-0.0559271,0.0212275,0.0260498,0.0289928,0.0196865,-0.00868087,-1,0.00056068,0.0281335,0.00676068,-0.190169,0.419935,-0.361442,3.32485,0,0.999602,-0.0184038,-0.0213871,-0.000113567,-0.0218434,0.0612145,0.159452,0,0,-0.430309,0.0196865,-0.00868087,-1,0.00056068,Idle,,nan,nan,5,0.32618,0,0,0,0,0,-0.428955,0.0141308,0.21597,0.0849064,0.656446,0.371236,0.506404,0.181732,nan,nan,nan,nan,nan,nan,nan,nan
4.66521,-0.016282,-0.0146754,-0.810564,-0.235251,0.156685,-0.178807,-0.0286243,-0.0601235,-0.0555918,0.0151467,-0.0127438,0.032391,0.0196865,-0.00868087,-1,0.00056068,0.0281335,0.00676068,-0.190169,0.419935,-0.361442,3.32485,0,0.999602,-0.0184038,-0.0213871,-0.000113567,-0.0342301,0.0655439,0.158695,0,0,-0.432241,0.0196865,-0.00868087,-1,0.00056068,Idle,,nan,nan,5,0.32618,0,0,0,0,0,-0.430309,0.00354042,0.204201,0.0847602,0.65682,0.373278,0.492097,0.199039,nan,nan,nan,nan,nan,nan,nan,nan
4.68633,-0.0225678,-0.0136657,-0.811086,-0.228468,0.16603,-0.178503,-0.0280869,-0.0601907,-0.0551615,0.0168939,0.00703135,0.017149,0.0196865,-0.00868087,-1,0.00056068,0.0341701,0.00569478,-0.189436,0.384892,-0.279932,3.30923,0,0.999706,-0.0142595,-0.0196061,5.51505e-07,0.0308832,0.0675149,0.157062,0,0,-0.430482,0.0196865,-0.00868087,-1,0.00056068,Idle,,nan,nan,5,0.331568,0,0,0,0,0,-0.430482,0.0204189,0.200927,0.0845706,0.642553,0.387512,0.50208,0.189781,nan,nan,nan,nan,nan,nan,nan,nan
4.70232,-0.0291359,-0.0125155,-0.811652,-0.227032,0.150488,-0.177795,-0.0281204,-0.0595942,-0.0546246,0.00250692,0.0198908,0.0274654,0.0196865,-0.00868087,-1,0.00056068,0.0431303,0.00433088,-0.188759,0.398399,-0.356817,3.28268,0,0.999629,-0.0181703,-0.0202914,-8.86239e-05,0.0261589,0.0601176,0.155222,0,0,-0.431224,0.0196865,-0.00868087,-1,0.00056068,Idle,,nan,nan,5,0.331568,0,0,0,0,0,-0.431224,0.0232075,0.199168,0.0846198,0.640129,0.391519,0.503502,0.189746,nan,nan,nan,nan,nan,nan,nan,nan
4.71498,-0.0321425,-0.0119919,-0.811843,-0.220631,0.164719,-0.172647,-0.0280087,-0.0596858,-0.0543952,0.0156923,-0.0125521,0.0201105,0.0196865,-0.00868087,-1,0.00056068,0.0492375,0.00314548,-0.188157,0.397066,-0.355742,3.28869,0,0.999631,-0.0181163,-0.0202242,-8.63095e-05,-0.02143,0.0678636,0.155048,0,0,-0.432659,0.0196865,-0.00868087,-1,0.00056068,Idle,,nan,nan,5,0.338761,0,0,0,0,0,-0.432659,0.012516,0.203124,0.0846672,0.651968,0.382644,0.500124,0.195898,nan,nan,nan,nan,nan,nan,nan,nan
4.72451,-0.0351025,-0.0114721,-0.812062,-0.223351,0.164982,-0.167965,-0.0282384,-0.0592732,-0.0542029,-0.0226684,0.0439097,0.0178654,0.0196865,-0.00868087,-1,0.00056068,0.0492375,0.00314548,-0.188157,0.397066,-0.355742,3.28869,0,0.999631,-0.0181163,-0.0202242,-8.63095e-05,-0.0193086,0.0497904,0.153859,0,0,-0.433937,0.0196865,-0.00868087,-1,0.00056068,Idle,,nan,nan,5,0.338761,0,0,0,0,0,-0.433937,0.00656338,0.201419,0.0846896,0.656273,0.380942,0.495965,0.20257,nan,nan,nan,nan,nan,nan,nan,nan
4.73516,-0.0408446,-0.0103581,-0.812552,-0.216621,0.152499,-0.173141,-0.0285591,-0.0589895,-0.0537096,-0.0139093,-0.0159188,0.0278291,0.0196865,-0.00868087,-1,0.00056068,0.0548027,0.00214559,-0.187697,0.452982,-0.269159,3.27865,0,0.99964,-0.0137079,-0.0230716,-3.62337e-05,0.0151491,0.0455291,0.152691,0,0,-0.43331,0.0196865,-0.00868087,-1,0.00056068,Idle,,nan,nan,5,0.338761,0,0,0,0,0,-0.433937,0.00656338,0.201419,0.0846896,0.656273,0.380942,0.495965,0.20257,nan,nan,nan,nan,nan,nan,nan,nan
4.75493,-0.0463558,-0.00909121,-0.813141,-0.206694,0.170046,-0.167215,-0.0289083,-0.0588774,-0.0531753,-0.0229683,0.0206931,0.0213334,0.0196865,-0.00868087,-1,0.00056068,0.0601509,0.000999339,-0.187172,0.398044,-0.367448,3.27938,0,0.999619,-0.0187113,-0.0202734,-9.9269e-05,-0.0245218,0.0657469,0.151892,0,0,-0.433297,0.0196865,-0.00868087,-1,0.00056068,Idle,,nan,nan,5,0.345936,0,0,0,0,0,-0.433297,0.0113652,0.211899,0.0846188,0.659577,0.376215,0.506198,0.191198,nan,nan,nan,nan,nan,nan,nan,nan
4.76471,-0.0491075,-0.00836996,-0.813582,-0.203062,0.158142,-0.174426,-0.0289602,-0.0590082,-0.0529232,-0.00262302,-0.0167936,0.0234018,0.0196865,-0.00868087,-1,0.00056068,0.0601509,0.000999339,-0.187172,0.398044,-0.367448,3.27938,0,0.999619,-0.0187113,-0.0202734,-9.9269e-05,-0.0352138,0.0672619,0.151299,0,0,-0.433918,0.0196865,-0.00868087,-1,0.00056068,Idle,,nan,nan,5,0.345936,0,0,0,0,0,-0.433918,0.000787255,0.218171,0.0845321,0.672026,0.364834,0.503859,0.194952,nan,nan,nan,nan,nan,nan,nan,nan
4.78321,-0.0543569,-0.0072541,-0.814167,-0.194689,0.16697,-0.168727,-0.0289451,-0.059675,-0.0523701,-0.0168497,-0.0354565,0.0188656,0.0196865,-0.00868087,-1,0.00056068,0.067814,-0.000934722,-0.186017,0.38396,-0.256714,3.2957,0,0.999723,-0.0130788,-0.0195605,2.43048e-05,-0.0300735,0.0754335,0.14951,0,0,-0.433249,0.0196865,-0.00868087,-1,0.00056068,Idle,,nan,nan,5,0.351324,0,0,0,0,0,-0.432034,0.0126707,0.215336,0.084453,0.659656,0.37328,0.508454,0.186748,nan,nan,nan,nan,nan,nan,nan,nan
4.79586,-0.0569769,-0.00677959,-0.814395,-0.191702,0.169316,-0.168995,-0.0290642,-0.0595232,-0.0521723,-0.0101067,0.0148647,0.0173715,0.0196865,-0.00868087,-1,0.00056068,0.0728302,-0.00180622,-0.185605,0.385694,-0.386966,3.28164,0,0.999613,-0.0197048,-0.0196442,-0.000107004,-0.032418,0.0754277,0.148737,0,0,-0.433158,0.0196865,-0.00868087,-1,0.00056068,Idle,,nan,nan,5,0.351324,0,0,0,0,0,-0.433158,0.00813501,0.216244,0.0844093,0.664585,0.37051,0.507056,0.190482,nan,nan,nan,nan,nan,nan,nan,nan
4.80715,-0.0595222,-0.00624999,-0.814662,-0.190977,0.158865,-0.17288,-0.0290573,-0.0598426,-0.0518619,0.00459135,-0.0377033,0.0283396,0.0196865,-0.00868087,-1,0.00056068,0.0728302,-0.00180622,-0.185605,0.385694,-0.386966,3.28164,0,0.999613,-0.0197048,-0.0196442,-0.000107004,0.00341852,0.0692727,0.147772,0,0,-0.431978,0.0196865,-0.00868087,-1,0.00056068,Idle,,nan,nan,5,0.354916,0,0,0,0,0,-0.431978,0.00847991,0.211168,0.0844072,0.65957,0.37316,0.502535,0.192645,nan,nan,nan,nan,nan,nan,nan,nan
4.81893,-0.0620208,-0.00570312,-0.81496,-0.188692,0.152754,-0.172634,-0.029015,-0.0602589,-0.0515467,0.00860636,-0.0489075,0.0289637,0.0196865,-0.00868087,-1,0.00056068,0.077622,-0.00282887,-0.18504,0.409047,-0.262622,3.29794,0,0.999693,-0.0133777,-0.0208365,1.35172e-06,0.0199189,0.0689212,0.146938,0,0,-0.431937,0.0196865,-0.00868087,-1,0.00056068,Idle,,nan,nan,5,0.358508,0,0,0,0,0,-0.431937,0.0176701,0.215668,0.0844096,0.656215,0.376439,0.51217,0.182924,nan,nan,nan,nan,nan,nan,nan,nan
4.83079,-0.0691918,-0.00395603,-0.816006,-0.182047,0.154148,-0.177035,-0.0299224,-0.0609007,-0.0509111,-0.0326505,-0.0394557,0.0258331,0.0196865,-0.00868087,-1,0.00056068,0.0822116,-0.00388806,-0.184384,0.387096,-0.354024,3.28566,0,0.999643,-0.0180297,-0.0197169,-7.53942e-05,-0.0155279,0.0787784,0.145842,0,0,-0.43284,0.0196865,-0.00868087,-1,0.00056068,Idle,,nan,nan,5,0.358508,0,0,0,0,0,-0.431937,0.0176701,0.215668,0.0844096,0.656215,0.376439,0.51217,0.182924,nan,nan,nan,nan,nan,nan,nan,nan
4.84371,-0.0717363,-0.00302377,-0.816685,-0.176391,0.163587,-0.17149,-0.0304066,-0.0614616,-0.0506606,-0.050397,-0.0640397,0.0214761,0.0196865,-0.00868087,-1,0.00056068,0.0822116,-0.00388806,-0.184384,0.387096,-0.354024,3.28566,0,0.999643,-0.0180297,-0.0197169,-7.53942e-05,0.0169669,0.0672615,0.144667,0,0,-0.430596,0.0196865,-0.00868087,-1,0.00056068,Idle,,nan,nan,5,0.363896,0,0,0,0,0,-0.430596,0.016971,0.217388,0.0846234,0.656798,0.373601,0.511337,0.180647,nan,nan,nan,nan,nan,nan,nan,nan
4.85972,-0.0761379,-0.00164633,-0.817664,-0.175366,0.154687,-0.176002,-0.0310745,-0.0616191,-0.050308,-0.03174,-0.0301237,0.0235224,0.0196865,-0.00868087,-1,0.00056068,0.0868517,-0.00537425,-0.183315,0.399633,-0.360341,3.29931,0,0.999624,-0.018349,-0.0203537,-9.33976e-05,0.0195869,0.063267,0.143392,0,0,-0.430487,0.0196865,-0.00868087,-1,0.00056068,Idle,,nan,nan,5,0.367488,0,0,0,0,0,-0.431965,0.0091662,0.206379,0.0847712,0.65605,0.377384,0.499259,0.195169,nan,nan,nan,nan,nan,nan,nan,nan
4.87702,-0.0782659,-0.000912572,-0.818186,-0.168052,0.156689,-0.176164,-0.031385,-0.0618629,-0.0500659,-0.0314968,-0.028942,0.0220453,0.0196865,-0.00868087,-1,0.00056068,0.0930548,-0.00737989,-0.181814,0.395566,-0.308806,3.32353,0,0.999673,-0.0157287,-0.0201493,-3.68222e-05,0.00898238,0.0784006,0.14323,0,0,-0.430273,0.0196865,-0.00868087,-1,0.00056068,Idle,,nan,nan,5,0.37108,0,0,0,0,0,-0.430487,0.016607,0.202145,0.0848521,0.646397,0.384242,0.49997,0.191339,nan,nan,nan,nan,nan,nan,nan,nan
4.88514,-0.0804515,-0.000418154,-0.818521,-0.16155,0.170133,-0.16961,-0.0316608,-0.0618008,-0.0498834,-0.0280747,0.00536651,0.0166234,0.0196865,-0.00868087,-1,0.00056068,0.0930548,-0.00737989,-0.181814,0.395566,-0.308806,3.32353,0,0.999673,-0.0157287,-0.0201493,-3.68222e-05,-0.033833,0.0882646,0.143,0,0,-0.432055,0.0196865,-0.00868087,-1,0.00056068,Idle,,nan,nan,5,0.37108,0,0,0,0,0,-0.432055,0.00339166,0.212663,0.0848083,0.664703,0.368984,0.49967,0.194863,nan,nan,nan,nan,nan,nan,nan,nan
4.89823,-0.0825904,0.000103524,-0.818888,-0.159103,0.16888,-0.170912,-0.0319531,-0.0614519,-0.0496261,-0.0288754,0.0366388,0.0248466,0.0196865,-0.00868087,-1,0.00056068,0.0971631,-0.00834518,-0.181112,0.376203,-0.392198,3.30502,0,0.999617,-0.0199716,-0.019161,-0.000102581,-0.0230904,0.0854941,0.142107,0,0,-0.4316,0.0196865,-0.00868087,-1,0.00056068,Idle,,nan,nan,5,0.37108,0,0,0,0,0,-0.4316,0.0148783,0.198131,0.0846986,0.64574,0.386817,0.497176,0.196666,nan,nan,nan,nan,nan,nan,nan,nan
4.91079,-0.0886956,0.00190991,-0.820185,-0.14845,0.167601,-0.169842,-0.0327332,-0.0601567,-0.0488316,-0.0230908,0.0913914,0.0189234,0.0196865,-0.00868087,-1,0.00056068,0.101085,-0.00949175,-0.180276,0.348668,-0.322379,3.32661,0,0.999707,-0.0164217,-0.0177613,-1.15125e-05,0.0075554,0.0921142,0.140326,0,0,-0.430011,0.0196865,-0.00868087,-1,0.00056068,Idle,,nan,nan,5,0.374681,0,0,0,0,0,-0.4316,0.0148783,0.198131,0.0846986,0.64574,0.386817,0.497176,0.196666,nan,nan,nan,nan,nan,nan,nan,nan
4.91882,-0.0906431,0.00252538,-0.820686,-0.150897,0.161278,-0.172878,-0.0329241,-0.0594216,-0.048585,-0.0180219,0.0799835,0.0257469,0.0196865,-0.00868087,-1,0.00056068,0.101085,-0.00949175,-0.180276,0.348668,-0.322379,3.32661,0,0.999707,-0.0164217,-0.0177613,-1.15125e-05,0.0075554,0.0921142,0.140326,0,0,-0.430011,0.0196865,-0.00868087,-1,0.00056068,Idle,,nan,nan,5,0.38006,0,0,0,0,0,-0.430011,0.0117317,0.198079,0.0844716,0.646113,0.382812,0.493553,0.197564,nan,nan,nan,nan,nan,nan,nan,nan
4.94221,-0.0944164,0.00393189,-0.821756,-0.141465,0.160193,-0.174903,-0.0331224,-0.0583407,-0.047995,-0.0143997,0.0675619,0.0260952,0.0196865,-0.00868087,-1,0.00056068,0.104813,-0.0106459,-0.179314,0.410018,-0.336875,3.31952,0,0.999635,-0.0171554,-0.0208835,-7.81964e-05,0.0226419,0.0576934,0.13711,0,0,-0.429308,0.0196865,-0.00868087,-1,0.00056068,Idle,,nan,nan,5,0.381856,0,0,0,0,0,-0.429308,0.0136808,0.189518,0.0840193,0.637526,0.389089,0.488631,0.201986,nan,nan,nan,nan,nan,nan,nan,nan
4.95536,-0.0962001,0.00465042,-0.82232,-0.139672,0.168048,-0.169164,-0.0332926,-0.0574684,-0.0477765,-0.0160701,0.0954453,0.0234985,0.0196865,-0.00868087,-1,0.00056068,0.110092,-0.0126647,-0.17768,0.378116,-0.404854,3.31099,0,0.999602,-0.0206149,-0.0192579,-0.000116915,-0.0237483,0.0679475,0.136449,0,0,-0.431229,0.0196865,-0.00868087,-1,0.00056068,Idle,,nan,nan,5,0.381856,0,0,0,0,0,-0.429736,0.00832057,0.205057,0.0838947,0.652608,0.374615,0.496376,0.195347,nan,nan,nan,nan,nan,nan,nan,nan
4.96629,-0.0981434,0.00569146,-0.823152,-0.140125,0.155503,-0.173853,-0.033358,-0.0566896,-0.0475049,-0.00412431,0.0848842,0.0291659,0.0196865,-0.00868087,-1,0.00056068,0.110092,-0.0126647,-0.17768,0.378116,-0.404854,3.31099,0,0.999602,-0.0206149,-0.0192579,-0.000116915,0.0165521,0.0563245,0.135242,0,0,-0.429656,0.0196865,-0.00868087,-1,0.00056068,Idle,,nan,nan,5,0.381856,0,0,0,0,0,-0.431229,-0.00113272,0.199607,0.0838047,0.656841,0.373186,0.487421,0.207466,nan,nan,nan,nan,nan,nan,nan,nan
4.97888,-0.0998263,0.00648123,-0.823755,-0.1294,0.157816,-0.175585,-0.0329205,-0.0564331,-0.0471751,0.052178,0.0265716,0.0338291,0.0196865,-0.00868087,-1,0.00056068,0.113537,-0.014404,-0.176245,0.338249,-0.332974,3.34221,0,0.999708,-0.0169617,-0.0172308,-1.20951e-05,0.00368196,0.0793346,0.135255,0,0,-0.428975,0.0196865,-0.00868087,-1,0.00056068,Idle,,nan,nan,5,0.390836,0,0,0,0,0,-0.428975,0.00591345,0.20381,0.083679,0.652451,0.372817,0.493246,0.197384,nan,nan,nan,nan,nan,nan,nan,nan
4.99269,-0.103227,0.00764244,-0.824812,-0.12961,0.168972,-0.168607,-0.0328765,-0.0555601,-0.0467052,0.00732203,0.0570529,0.0186405,0.0196865,-0.00868087,-1,0.00056068,0.116767,-0.0155071,-0.175188,0.381902,-0.412573,3.31838,0,0.99959,-0.0210072,-0.0194505,-0.000128525,-0.0297819,0.0597351,0.133316,0,0,-0.430759,0.0196865,-0.00868087,-1,0.00056068,Idle,,nan,nan,5,0.394428,0,0,0,0,0,-0.430759,0.00531134,0.20711,0.0835752,0.656891,0.371738,0.49704,0.197366,nan,nan,nan,nan,nan,nan,nan,nan
5.00033,-0.106445,0.00896901,-0.825935,-0.115309,0.1569,-0.168804,-0.0323869,-0.0554368,-0.046058,0.0312648,-0.00390619,0.035349,0.0196865,-0.00868087,-1,0.00056068,0.116767,-0.0155071,-0.175188,0.381902,-0.412573,3.31838,0,0.99959,-0.0210072,-0.0194505,-0.000128525,-0.00393299,0.0615312,0.131922,0,0,-0.429821,0.0196865,-0.00868087,-1,0.00056068,Idle,,nan,nan,5,0.394428,0,0,0,0,0,-0.430759,0.00531134,0.20711,0.0835752,0.656891,0.371738,0.49704,0.197366,nan,nan,nan,nan,nan,nan,nan,nan
5.01592,-0.107959,0.00961652,-0.826527,-0.112816,0.167891,-0.165594,-0.0324482,-0.0551992,-0.0458172,-0.00375997,0.0248471,0.0236269,0.0196865,-0.00868087,-1,0.00056068,0.119824,-0.0167674,-0.174065,0.312394,-0.320557,3.32349,0,0.99974,-0.0163318,-0.0159152,2.02795e-05,0.00591543,0.0874711,0.131795,0,0,-0.430162,0.0196865,-0.00868087,-1,0.00056068,Idle,,nan,nan,5,0.39802,0,0,0,0,0,-0.430162,0.0148108,0.213846,0.0833527,0.654117,0.372873,0.508143,0.185513,nan,nan,nan,nan,nan,nan,nan,nan
5.02574,-0.109431,0.0103001,-0.827161,-0.113729,0.165276,-0.167774,-0.0323193,-0.0548854,-0.04559,0.017213,0.0332218,0.0223856,0.0196865,-0.00868087,-1,0.00056068,0.119824,-0.0167674,-0.174065,0.312394,-0.320557,3.32349,0,0.99974,-0.0163318,-0.0159152,2.02795e-05,-0.0308881,0.0806708,0.131289,0,0,-0.431024,0.0196865,-0.00868087,-1,0.00056068,Idle,,nan,nan,5,0.39802,0,0,0,0,0,-0.431024,0.00334469,0.209681,0.0832498,0.660038,0.368469,0.498056,0.19753,nan,nan,nan,nan,nan,nan,nan,nan
5.03986,-0.110893,0.0110446,-0.82781,-0.116597,0.156014,-0.168781,-0.0320626,-0.0550147,-0.0452681,0.0322318,-0.0163022,0.0317072,0.0196865,-0.00868087,-1,0.00056068,0.12405,-0.0187392,-0.17219,0.395398,-0.31471,3.33056,0,0.999669,-0.016029,-0.0201404,-4.27326e-05,-0.0209437,0.0684613,0.129981,0,0,-0.430289,0.0196865,-0.00868087,-1,0.00056068,Idle,,nan,nan,5,0.403408,0,0,0,0,0,-0.430289,0.011382,0.216274,0.0831448,0.658178,0.368651,0.50777,0.186557,nan,nan,nan,nan,nan,nan,nan,nan
5.04392,-0.112303,0.0118006,-0.828467,-0.111132,0.155575,-0.168534,-0.0323659,-0.0552437,-0.0449561,-0.0303921,-0.0272575,0.0302039,0.0196865,-0.00868087,-1,0.00056068,0.12405,-0.0187392,-0.17219,0.395398,-0.31471,3.33056,0,0.999669,-0.016029,-0.0201404,-4.27326e-05,-0.0209437,0.0684613,0.129981,0,0,-0.430289,0.0196865,-0.00868087,-1,0.00056068,Idle,,nan,nan,5,0.403408,0,0,0,0,0,-0.430289,0.011382,0.216274,0.0831448,0.658178,0.368651,0.50777,0.186557,nan,nan,nan,nan,nan,nan,nan,nan
5.05422,-0.113656,0.0125603,-0.82914,-0.106891,0.166841,-0.162754,-0.0326445,-0.0550041,-0.0447605,-0.0283866,0.0253369,0.0190449,0.0196865,-0.00868087,-1,0.00056068,0.126676,-0.0201791,-0.17086,0.352186,-0.414801,3.31166,0,0.999616,-0.0211229,-0.0179379,-9.87796e-05,-0.0314091,0.0700414,0.128086,0,0,-0.43116,0.0196865,-0.00868087,-1,0.00056068,Idle,,nan,nan,5,0.407,0,0,0,0,0,-0.430289,0.011382,0.216274,0.0831448,0.658178,0.368651,0.50777,0.186557,nan,nan,nan,nan,nan,nan,nan,nan
5.06582,-0.114952,0.0133341,-0.829826,-0.102077,0.166614,-0.165517,-0.0328957,-0.0550057,-0.0445096,-0.0250516,-0.00169406,0.0244371,0.0196865,-0.00868087,-1,0.00056068,0.126676,-0.0201791,-0.17086,0.352186,-0.414801,3.31166,0,0.999616,-0.0211229,-0.0179379,-9.87796e-05,-0.0266058,0.0766833,0.127776,0,0,-0.430213,0.0196865,-0.00868087,-1,0.00056068,Idle,,nan,nan,5,0.407,0,0,0,0,0,-0.430213,0.0149967,0.212388,0.083038,0.652691,0.373772,0.507609,0.186779,nan,nan,nan,nan,nan,nan,nan,nan
5.08044,-0.118775,0.0160486,-0.83225,-0.0945878,0.170769,-0.16351,-0.0339763,-0.0550592,-0.0438968,-0.0426701,0.0176275,0.0100321,0.0196865,-0.00868087,-1,0.00056068,0.129106,-0.0217025,-0.169454,0.370217,-0.314875,3.33982,0,0.999694,-0.0160387,-0.0188585,-2.23331e-05,-0.0168426,0.076643,0.126429,0,0,-0.430512,0.0196865,-0.00868087,-1,0.00056068,Idle,,nan,nan,5,0.410601,0,0,0,0,0,-0.429157,0.02004,0.210287,0.0831224,0.646669,0.377852,0.508552,0.183557,nan,nan,nan,nan,nan,nan,nan,nan
5.09482,-0.120003,0.0166887,-0.832933,-0.0964699,0.155987,-0.165642,-0.034491,-0.055077,-0.0436357,-0.0544954,-0.0034633,0.0259896,0.0196865,-0.00868087,-1,0.00056068,0.131539,-0.023493,-0.16775,0.335083,-0.444495,3.32678,0,0.999598,-0.0226344,-0.0170667,-0.000106161,-0.036327,0.076169,0.125866,0,0,-0.430187,0.0196865,-0.00868087,-1,0.00056068,Idle,,nan,nan,5,0.414184,0,0,0,0,0,-0.430512,0.0181712,0.214439,0.0832172,0.652375,0.375044,0.511424,0.183204,nan,nan,nan,nan,nan,nan,nan,nan
5.10677,-0.121193,0.0173483,-0.833638,-0.0875244,0.156608,-0.165914,-0.034969,-0.0552929,-0.0433647,-0.0498675,-0.0256787,0.0255961,0.0196865,-0.00868087,-1,0.00056068,0.131539,-0.023493,-0.16775,0.335083,-0.444495,3.32678,0,0.999598,-0.0226344,-0.0170667,-0.000106161,0.0143302,0.0653287,0.124484,0,0,-0.429293,0.0196865,-0.00868087,-1,0.00056068,Idle,,nan,nan,5,0.414184,0,0,0,0,0,-0.429293,0.0260073,0.218881,0.0833676,0.648907,0.376376,0.518736,0.173154,nan,nan,nan,nan,nan,nan,nan,nan
5.12071,-0.122321,0.0180058,-0.834354,-0.0844951,0.169642,-0.155914,-0.0357146,-0.0552597,-0.0432071,-0.0799807,0.00248933,0.0140034,0.0196865,-0.00868087,-1,0.00056068,0.133835,-0.0247278,-0.166362,0.315389,-0.341665,3.34184,0,0.999719,-0.0174049,-0.0160664,5.61862e-07,0.0100503,0.0864152,0.124639,0,0,-0.428979,0.0196865,-0.00868087,-1,0.00056068,Idle,,nan,nan,5,0.419581,0,0,0,0,0,-0.428979,0.0294265,0.211479,0.083389,0.640962,0.383735,0.515587,0.175632,nan,nan,nan,nan,nan,nan,nan,nan
5.13654,-0.124471,0.0194297,-0.835848,-0.0840037,0.155161,-0.164987,-0.0367747,-0.0549607,-0.0426929,-0.0441856,0.00444609,0.0300045,0.0196865,-0.00868087,-1,0.00056068,0.136949,-0.0267051,-0.164152,0.351933,-0.321034,3.34667,0,0.999705,-0.0163537,-0.0179282,-1.30368e-05,0.0247252,0.0707566,0.122429,0,0,-0.428683,0.0196865,-0.00868087,-1,0.00056068,Idle,,nan,nan,5,0.419581,0,0,0,0,0,-0.430824,0.0135839,0.211972,0.0832894,0.654259,0.37393,0.506677,0.188432,nan,nan,nan,nan,nan,nan,nan,nan
5.14494,-0.125515,0.020186,-0.836632,-0.0810226,0.151183,-0.166399,-0.037291,-0.0550421,-0.0423472,-0.0538211,-0.0109933,0.0348201,0.0196865,-0.00868087,-1,0.00056068,0.136949,-0.0267051,-0.164152,0.351933,-0.321034,3.34667,0,0.999705,-0.0163537,-0.0179282,-1.30368e-05,0.0331958,0.0734129,0.121679,0,0,-0.428063,0.0196865,-0.00868087,-1,0.00056068,Idle,,nan,nan,5,0.423164,0,0,0,0,0,-0.428063,0.0235951,0.205002,0.0830896,0.63929,0.382976,0.506269,0.183716,nan,nan,nan,nan,nan,nan,nan,nan
5.16274,-0.127482,0.021732,-0.838207,-0.0750113,0.168104,-0.157741,-0.038274,-0.0541885,-0.0418478,-0.0484223,0.0706282,0.0313178,0.0196865,-0.00868087,-1,0.00056068,0.138899,-0.0281395,-0.162583,0.328389,-0.451732,3.33438,0,0.999596,-0.0230018,-0.0167249,-0.000104562,-0.0176742,0.0756984,0.120206,0,0,-0.430136,0.0196865,-0.00868087,-1,0.00056068,Idle,,nan,nan,5,0.426756,0,0,0,0,0,-0.430136,0.0104863,0.1972,0.0826448,0.64467,0.380852,0.494002,0.201018,nan,nan,nan,nan,nan,nan,nan,nan
5.17344,-0.129287,0.0233921,-0.839875,-0.0766643,0.154751,-0.163547,-0.0385187,-0.053379,-0.0411688,-0.00385379,0.0276377,0.0360578,0.0196865,-0.00868087,-1,0.00056068,0.140661,-0.0296754,-0.16097,0.357041,-0.336482,3.3642,0,0.999688,-0.0171392,-0.0181875,-3.15746e-05,0.0235875,0.062199,0.118379,0,0,-0.42755,0.0196865,-0.00868087,-1,0.00056068,Idle,,nan,nan,5,0.430348,0,0,0,0,0,-0.430136,0.0104863,0.1972,0.0826448,0.64467,0.380852,0.494002,0.201018,nan,nan,nan,nan,nan,nan,nan,nan
5.18304,-0.130173,0.0242459,-0.840719,-0.0711911,0.171448,-0.15636,-0.0387579,-0.0524087,-0.0409423,-0.0239348,0.106578,0.0266256,0.0196865,-0.00868087,-1,0.00056068,0.140661,-0.0296754,-0.16097,0.357041,-0.336482,3.3642,0,0.999688,-0.0171392,-0.0181875,-3.15746e-05,0.0219858,0.0543786,0.117565,0,0,-0.428048,0.0196865,-0.00868087,-1,0.00056068,Idle,,nan,nan,5,0.430348,0,0,0,0,0,-0.42755,0.0138972,0.203441,0.0823917,0.643834,0.37601,0.498494,0.19186,nan,nan,nan,nan,nan,nan,nan,nan
5.19884,-0.131189,0.025142,-0.841813,-0.072905,0.156869,-0.159673,-0.0390191,-0.0515309,-0.0406722,-0.0262119,0.0961213,0.0312,0.0196865,-0.00868087,-1,0.00056068,0.142367,-0.0312805,-0.159281,0.334603,-0.475737,3.33176,0,0.999561,-0.0242217,-0.0170408,-0.000132639,-0.0314998,0.0621258,0.117371,0,0,-0.42992,0.0196865,-0.00868087,-1,0.00056068,Idle,,nan,nan,5,0.43394,0,0,0,0,0,-0.42992,0.00890276,0.194011,0.0820526,0.642728,0.381179,0.491005,0.204768,nan,nan,nan,nan,nan,nan,nan,nan
5.21384,-0.132915,0.0265165,-0.843509,-0.0578409,0.167891,-0.154234,-0.0388532,-0.0502466,-0.0400927,0.0173008,0.0647975,0.0288811,0.0196865,-0.00868087,-1,0.00056068,0.144972,-0.0334375,-0.156491,0.278058,-0.45299,3.3344,0,0.999634,-0.0230701,-0.0141626,-4.65222e-05,0.0116632,0.0713827,0.115719,0,0,-0.428678,0.0196865,-0.00868087,-1,0.00056068,Idle,,nan,nan,5,0.439328,0,0,0,0,0,-0.428678,0.0135288,0.19912,0.0818719,0.641647,0.379414,0.496826,0.196824,nan,nan,nan,nan,nan,nan,nan,nan
5.2249,-0.13372,0.0272165,-0.844383,-0.0584885,0.170549,-0.152462,-0.038938,-0.0492525,-0.0399061,-0.00670798,0.109276,0.0220708,0.0196865,-0.00868087,-1,0.00056068,0.144972,-0.0334375,-0.156491,0.278058,-0.45299,3.3344,0,0.999634,-0.0230701,-0.0141626,-4.65222e-05,-0.0287037,0.0644876,0.114845,0,0,-0.429919,0.0196865,-0.00868087,-1,0.00056068,Idle,,nan,nan,5,0.439328,0,0,0,0,0,-0.429621,0.00285486,0.20508,0.0818327,0.654313,0.368556,0.494473,0.201142,nan,nan,nan,nan,nan,nan,nan,nan
5.24138,-0.135283,0.0286949,-0.846169,-0.0582288,0.155703,-0.155552,-0.0386353,-0.0481779,-0.0394097,0.0277045,0.0159999,0.0301279,0.0196865,-0.00868087,-1,0.00056068,0.146488,-0.0347885,-0.154719,0.329152,-0.365469,3.35494,0,0.999686,-0.0186156,-0.0167668,-3.19521e-05,0.0167549,0.05052,0.112932,0,0,-0.428463,0.0196865,-0.00868087,-1,0.00056068,Idle,,nan,nan,5,0.44292,0,0,0,0,0,-0.428463,0.0126561,0.204107,0.0817506,0.645158,0.374638,0.499344,0.193526,nan,nan,nan,nan,nan,nan,nan,nan
5.25781,-0.136685,0.0303007,-0.847951,-0.0524446,0.167235,-0.148147,-0.0388733,-0.0472141,-0.0389324,-0.0275544,0.0659148,0.0251102,0.0196865,-0.00868087,-1,0.00056068,0.148553,-0.0370325,-0.152049,0.312582,-0.445443,3.32776,0,0.999616,-0.0226844,-0.0159211,-8.09952e-05,-0.0208623,0.0558327,0.111523,0,0,-0.430091,0.0196865,-0.00868087,-1,0.00056068,Idle,,nan,nan,5,0.44292,0,0,0,0,0,-0.428463,0.0174265,0.20088,0.0817088,0.639758,0.380548,0.500775,0.192772,nan,nan,nan,nan,nan,nan,nan,nan
5.26516,-0.137324,0.0310885,-0.848865,-0.049805,0.159495,-0.153052,-0.0389471,-0.0469094,-0.0386574,-0.00524379,0.0322578,0.0293521,0.0196865,-0.00868087,-1,0.00056068,0.148553,-0.0370325,-0.152049,0.312582,-0.445443,3.32776,0,0.999616,-0.0226844,-0.0159211,-8.09952e-05,-0.0202193,0.0533707,0.111406,0,0,-0.430091,0.0196865,-0.00868087,-1,0.00056068,Idle,,nan,nan,5,0.448308,0,0,0,0,0,-0.429732,0.0109006,0.218912,0.0815684,0.658611,0.364671,0.510672,0.186412,nan,nan,nan,nan,nan,nan,nan,nan
5.27794,-0.137953,0.031927,-0.849797,-0.0517222,0.1496,-0.15672,-0.0387549,-0.0468651,-0.0383202,0.0246704,0.00303527,0.0352081,0.0196865,-0.00868087,-1,0.00056068,0.14916,-0.037781,-0.151135,0.306336,-0.384134,3.35097,0,0.999687,-0.0195666,-0.0156046,-2.51338e-05,0.00382316,0.0565759,0.110407,0,0,-0.428429,0.0196865,-0.00868087,-1,0.00056068,Idle,,nan,nan,5,0.448308,0,0,0,0,0,-0.430091,0.00781953,0.204544,0.0815327,0.650594,0.372616,0.498375,0.198781,nan,nan,nan,nan,nan,nan,nan,nan
5.28702,-0.138656,0.0325995,-0.850758,-0.0465302,0.15978,-0.153747,-0.038976,-0.0468674,-0.0380268,-0.021639,-0.00194729,0.0302422,0.0196865,-0.00868087,-1,0.00056068,0.14916,-0.037781,-0.151135,0.306336,-0.384134,3.35097,0,0.999687,-0.0195666,-0.0156046,-2.51338e-05,0.0317184,0.0461668,0.10917,0,0,-0.427143,0.0196865,-0.00868087,-1,0.00056068,Idle,,nan,nan,5,0.4519,0,0,0,0,0,-0.427143,0.0183319,0.208875,0.0813053,0.643048,0.373811,0.506149,0.185564,nan,nan,nan,nan,nan,nan,nan,nan
5.30156,-0.14004,0.0341516,-0.852956,-0.048167,0.153684,-0.153086,-0.0393509,-0.0462948,-0.0374545,-0.0193788,0.0156051,0.0383448,0.0196865,-0.00868087,-1,0.00056068,0.151067,-0.039853,-0.148264,0.300608,-0.488914,3.34136,0,0.999573,-0.0248938,-0.0153093,-0.000100941,0.018686,0.0394429,0.107289,0,0,-0.427326,0.0196865,-0.00868087,-1,0.00056068,Idle,,nan,nan,5,0.4519,0,0,0,0,0,-0.429263,0.0118289,0.212869,0.0810776,0.652362,0.368281,0.50672,0.189688,nan,nan,nan,nan,nan,nan,nan,nan
5.31509,-0.14065,0.0348844,-0.853939,-0.0405114,0.154174,-0.150427,-0.0394957,-0.0462798,-0.0371558,-0.0128223,-0.000251707,0.0306975,0.0196865,-0.00868087,-1,0.00056068,0.15232,-0.041387,-0.146061,0.293025,-0.371021,3.36109,0,0.99971,-0.0189003,-0.0149272,-1.91391e-06,0.012889,0.058302,0.107022,0,0,-0.427718,0.0196865,-0.00868087,-1,0.00056068,Idle,,nan,nan,5,0.459084,0,0,0,0,0,-0.427326,0.023183,0.201142,0.0809605,0.633987,0.382548,0.504641,0.188127,nan,nan,nan,nan,nan,nan,nan,nan
5.324,-0.141208,0.0355813,-0.854928,-0.0346752,0.165248,-0.143977,-0.039869,-0.0461406,-0.0369236,-0.0386633,0.0138625,0.0239285,0.0196865,-0.00868087,-1,0.00056068,0.15232,-0.041387,-0.146061,0.293025,-0.371021,3.36109,0,0.99971,-0.0189003,-0.0149272,-1.91391e-06,-0.0234465,0.0685997,0.106716,0,0,-0.429294,0.0196865,-0.00868087,-1,0.00056068,Idle,,nan,nan,5,0.459084,0,0,0,0,0,-0.429294,0.0125474,0.214572,0.0808698,0.652881,0.367408,0.50867,0.188216,nan,nan,nan,nan,nan,nan,nan,nan
5.33488,-0.141729,0.0362895,-0.855919,-0.032148,0.162288,-0.145691,-0.0402851,-0.0455734,-0.0366641,-0.0433315,0.0613729,0.0289725,0.0196865,-0.00868087,-1,0.00056068,0.153345,-0.0427218,-0.144081,0.264422,-0.432913,3.35013,0,0.999666,-0.0220499,-0.0134685,-1.67481e-05,-0.0104362,0.069001,0.105829,0,0,-0.42852,0.0196865,-0.00868087,-1,0.00056068,Idle,,nan,nan,5,0.459084,0,0,0,0,0,-0.429294,0.0125474,0.214572,0.0808698,0.652881,0.367408,0.50867,0.188216,nan,nan,nan,nan,nan,nan,nan,nan
5.34679,-0.142236,0.0370549,-0.856943,-0.033866,0.148405,-0.154082,-0.0404627,-0.0452538,-0.0363452,-0.0164435,0.0333835,0.0343831,0.0196865,-0.00868087,-1,0.00056068,0.153345,-0.0427218,-0.144081,0.264422,-0.432913,3.35013,0,0.999666,-0.0220499,-0.0134685,-1.67481e-05,0.033122,0.0561108,0.104602,0,0,-0.425884,0.0196865,-0.00868087,-1,0.00056068,Idle,,nan,nan,5,0.462676,0,0,0,0,0,-0.425884,0.02246,0.203827,0.0806992,0.634694,0.378434,0.504848,0.185559,nan,nan,nan,nan,nan,nan,nan,nan
5.35772,-0.143194,0.0386026,-0.859012,-0.0315297,0.16192,-0.144396,-0.041162,-0.0450137,-0.0359034,-0.0446919,0.0384947,0.019648,0.0196865,-0.00868087,-1,0.00056068,0.15429,-0.0441882,-0.142017,0.298631,-0.354472,3.3884,0,0.999721,-0.0180582,-0.0152133,5.48749e-06,0.0250336,0.0529605,0.103528,0,0,-0.425886,0.0196865,-0.00868087,-1,0.00056068,Idle,,nan,nan,5,0.466268,0,0,0,0,0,-0.425884,0.02246,0.203827,0.0806992,0.634694,0.378434,0.504848,0.185559,nan,nan,nan,nan,nan,nan,nan,nan
5.36074,-0.143615,0.0393784,-0.860021,-0.0293625,0.156739,-0.142939,-0.041604,-0.0445773,-0.0356607,-0.0464733,0.0468884,0.0268961,0.0196865,-0.00868087,-1,0.00056068,0.15429,-0.0441882,-0.142017,0.298631,-0.354472,3.3884,0,0.999721,-0.0180582,-0.0152133,5.48749e-06,0.0250336,0.0529605,0.103528,0,0,-0.425886,0.0196865,-0.00868087,-1,0.00056068,Idle,,nan,nan,5,0.466268,0,0,0,0,0,-0.425884,0.02246,0.203827,0.0806992,0.634694,0.378434,0.504848,0.185559,nan,nan,nan,nan,nan,nan,nan,nan
5.38078,-0.144563,0.0406848,-0.862233,-0.0268322,0.14338,-0.150824,-0.0419008,-0.0442192,-0.0350603,0.004649,0.00465405,0.0298894,0.0196865,-0.00868087,-1,0.00056068,0.155137,-0.0456563,-0.139979,0.292868,-0.415518,3.35602,0,0.999665,-0.021164,-0.0149181,-3.55223e-05,0.043124,0.0478374,0.100967,0,0,-0.425859,0.0196865,-0.00868087,-1,0.00056068,Idle,,nan,nan,5,0.46986,0,0,0,0,0,-0.425859,0.0159608,0.198218,0.0804081,0.635008,0.377489,0.496554,0.194385,nan,nan,nan,nan,nan,nan,nan,nan
5.39505,-0.145015,0.04134,-0.863346,-0.0252106,0.155193,-0.143955,-0.0421487,-0.0437562,-0.034825,-0.0248011,0.0499419,0.0262601,0.0196865,-0.00868087,-1,0.00056068,0.156466,-0.0475198,-0.136654,0.290786,-0.440687,3.37387,0,0.999638,-0.0224438,-0.0148112,-5.22204e-05,-0.00648798,0.0493722,0.100181,0,0,-0.426992,0.0196865,-0.00868087,-1,0.00056068,Idle,,nan,nan,5,0.475248,0,0,0,0,0,-0.425308,0.0156786,0.201459,0.0802873,0.636828,0.374325,0.498216,0.191863,nan,nan,nan,nan,nan,nan,nan,nan
5.40477,-0.145448,0.0420264,-0.86446,-0.0227286,0.157596,-0.141614,-0.0424441,-0.04306,-0.0345442,-0.0298075,0.0754196,0.0323769,0.0196865,-0.00868087,-1,0.00056068,0.156466,-0.0475198,-0.136654,0.290786,-0.440687,3.37387,0,0.999638,-0.0224438,-0.0148112,-5.22204e-05,-0.0123067,0.05125,0.0993617,0,0,-0.427327,0.0196865,-0.00868087,-1,0.00056068,Idle,,nan,nan,5,0.475248,0,0,0,0,0,-0.426992,0.00420351,0.203211,0.0801454,0.647723,0.366515,0.493165,0.200566,nan,nan,nan,nan,nan,nan,nan,nan
5.41712,-0.145823,0.0427347,-0.865557,-0.0201727,0.141132,-0.143887,-0.0422916,-0.042731,-0.034231,0.0201711,0.03443,0.0343331,0.0196865,-0.00868087,-1,0.00056068,0.157234,-0.0488447,-0.134443,0.274399,-0.328696,3.38268,0,0.999762,-0.0167476,-0.0139797,4.61151e-05,0.0391506,0.0520716,0.0985502,0,0,-0.426197,0.0196865,-0.00868087,-1,0.00056068,Idle,,nan,nan,5,0.47884,0,0,0,0,0,-0.426197,0.0149776,0.192418,0.079992,0.631524,0.380816,0.492513,0.199933,nan,nan,nan,nan,nan,nan,nan,nan
5.42652,-0.146206,0.0437074,-0.866853,-0.0169135,0.156177,-0.141594,-0.041968,-0.042421,-0.0339176,0.0391686,0.0323246,0.0343372,0.0196865,-0.00868087,-1,0.00056068,0.157234,-0.0488447,-0.134443,0.274399,-0.328696,3.38268,0,0.999762,-0.0167476,-0.0139797,4.61151e-05,-0.0141604,0.0526184,0.098231,0,0,-0.426658,0.0196865,-0.00868087,-1,0.00056068,Idle,,nan,nan,5,0.47884,0,0,0,0,0,-0.426658,-0.000301479,0.198369,0.0798952,0.646901,0.366168,0.486474,0.207089,nan,nan,nan,nan,nan,nan,nan,nan
5.44294,-0.147193,0.0459535,-0.870174,-0.0190543,0.14352,-0.13962,-0.0413855,-0.0396367,-0.0335003,0.0481249,0.0849225,0.018752,0.0196865,-0.00868087,-1,0.00056068,0.157922,-0.0504735,-0.132037,0.277905,-0.461879,3.36805,0,0.999623,-0.0235221,-0.0141546,-5.27375e-05,0.0132339,0.0260233,0.0961175,0,0,-0.426273,0.0196865,-0.00868087,-1,0.00056068,Idle,,nan,nan,5,0.482442,0,0,0,0,0,-0.427404,0.00301416,0.195497,0.0799533,0.64333,0.371349,0.487476,0.207463,nan,nan,nan,nan,nan,nan,nan,nan
5.46027,-0.147737,0.0475291,-0.872378,-0.0143887,0.154091,-0.132479,-0.0411136,-0.0379503,-0.0332831,0.0115191,0.119127,0.0128972,0.0196865,-0.00868087,-1,0.00056068,0.158536,-0.0519027,-0.129826,0.304404,-0.360747,3.38467,0,0.999711,-0.0183772,-0.0155072,-4.77522e-06,-0.00179525,0.0402312,0.0959751,0,0,-0.426384,0.0196865,-0.00868087,-1,0.00056068,Idle,,nan,nan,5,0.486024,0,0,0,0,0,-0.426384,0.0120365,0.191155,0.080457,0.633362,0.380282,0.489264,0.202628,nan,nan,nan,nan,nan,nan,nan,nan
5.47416,-0.147974,0.0483184,-0.873475,-0.0113622,0.151374,-0.132768,-0.04112,-0.0370257,-0.0331431,0.0012766,0.101103,0.0181575,0.0196865,-0.00868087,-1,0.00056068,0.159277,-0.0541493,-0.126525,0.271918,-0.429534,3.37089,0,0.999665,-0.0218776,-0.0138504,-2.27886e-05,-0.0159435,0.0250374,0.0951782,0,0,-0.427583,0.0196865,-0.00868087,-1,0.00056068,Idle,,nan,nan,5,0.491422,0,0,0,0,0,-0.427583,0.00663118,0.199954,0.0805116,0.64466,0.371492,0.492804,0.201377,nan,nan,nan,nan,nan,nan,nan,nan
5.48538,-0.148272,0.0490249,-0.874603,-0.0140461,0.136522,-0.137079,-0.0407935,-0.0365282,-0.0329013,0.0389021,0.0539284,0.0278016,0.0196865,-0.00868087,-1,0.00056068,0.159277,-0.0541493,-0.126525,0.271918,-0.429534,3.37089,0,0.999665,-0.0218776,-0.0138504,-2.27886e-05,0.036941,0.0178712,0.0939452,0,0,-0.425551,0.0196865,-0.00868087,-1,0.00056068,Idle,,nan,nan,5,0.491422,0,0,0,0,0,-0.427145,0.00811324,0.199101,0.0804993,0.642558,0.372692,0.492824,0.200505,nan,nan,nan,nan,nan,nan,nan,nan
5.49624,-0.148547,0.0497316,-0.875738,-0.00727511,0.136324,-0.138463,-0.0407359,-0.0362338,-0.0326804,0.00895589,0.0309937,0.0243171,0.0196865,-0.00868087,-1,0.00056068,0.159821,-0.0554918,-0.124262,0.255192,-0.339974,3.40305,0,0.999765,-0.0173223,-0.013001,5.50506e-05,0.0289317,0.0344402,0.0937842,0,0,-0.424839,0.0196865,-0.00868087,-1,0.00056068,Idle,,nan,nan,5,0.491422,0,0,0,0,0,-0.425551,0.0237663,0.197445,0.0804847,0.62871,0.383323,0.501143,0.189027,nan,nan,nan,nan,nan,nan,nan,nan
5.50576,-0.148795,0.0504436,-0.876867,-0.00915122,0.150715,-0.13194,-0.0408398,-0.0357704,-0.0325518,-0.00944934,0.050228,0.0148742,0.0196865,-0.00868087,-1,0.00056068,0.159821,-0.0554918,-0.124262,0.255192,-0.339974,3.40305,0,0.999765,-0.0173223,-0.013001,5.50506e-05,-0.0213779,0.0220759,0.0928876,0,0,-0.426499,0.0196865,-0.00868087,-1,0.00056068,Idle,,nan,nan,5,0.495004,0,0,0,0,0,-0.426499,0.00578992,0.209502,0.0804047,0.650816,0.362954,0.497981,0.194245,nan,nan,nan,nan,nan,nan,nan,nan
5.52265,-0.149389,0.0527091,-0.880253,-0.00332651,0.134468,-0.132682,-0.040686,-0.0352073,-0.0317023,-0.00105369,-0.0165588,0.0256728,0.0196865,-0.00868087,-1,0.00056068,0.160278,-0.0568609,-0.121998,0.276692,-0.48698,3.37595,0,0.999593,-0.0247978,-0.0140919,-6.92481e-05,0.0210477,0.0191964,0.0908688,0,0,-0.425306,0.0196865,-0.00868087,-1,0.00056068,Idle,,nan,nan,5,0.498596,0,0,0,0,0,-0.426932,0.00914596,0.200841,0.0802207,0.642567,0.3717,0.494849,0.19861,nan,nan,nan,nan,nan,nan,nan,nan
5.53812,-0.149695,0.0544717,-0.882681,-0.00136021,0.138242,-0.131337,-0.0413084,-0.0343817,-0.0313207,-0.040652,0.0395539,0.0219697,0.0196865,-0.00868087,-1,0.00056068,0.160622,-0.0583205,-0.119747,0.256243,-0.341516,3.39876,0,0.999763,-0.0174006,-0.0130544,5.3101e-05,-0.0325515,0.0226236,0.0900553,0,0,-0.427152,0.0196865,-0.00868087,-1,0.00056068,Idle,,0.582008,0,5,0.502188,0,0,0,0,0,-0.425306,0.0166759,0.212302,0.0800675,0.643568,0.367141,0.506802,0.183712,nan,nan,nan,nan,nan,nan,nan,nan
5.5554,-0.149828,0.0552655,-0.883799,-0.0027382,0.132526,-0.131407,-0.0413677,-0.0341824,-0.031059,-0.00424616,0.0203146,0.0288374,0.0196865,-0.00868087,-1,0.00056068,0.160912,-0.059995,-0.117319,0.259429,-0.37506,3.40343,0,0.99973,-0.0191079,-0.0132162,2.77158e-05,0.0161366,0.0261177,0.0892878,0,0,-0.424874,0.0196865,-0.00868087,-1,0.00056068,Idle,,0.538504,0,5,0.507576,0,0,0,0,0,-0.424874,0.0173786,0.207638,0.0798641,0.639138,0.3703,0.503774,0.186282,nan,nan,nan,nan,nan,nan,nan,nan
5.56404,-0.149954,0.0560801,-0.884926,0.00103949,0.147186,-0.131002,-0.0415132,-0.0342823,-0.0308452,-0.0140099,-0.0126768,0.0220838,0.0196865,-0.00868087,-1,0.00056068,0.160912,-0.059995,-0.117319,0.259429,-0.37506,3.40343,0,0.99973,-0.0191079,-0.0132162,2.77158e-05,0.0294211,0.0192905,0.0884674,0,0,-0.424515,0.0196865,-0.00868087,-1,0.00056068,Idle,,0.538504,0,5,0.507576,0,0,0,0,0,-0.424515,0.0224697,0.202344,0.0798327,0.631404,0.377254,0.503305,0.186097,nan,nan,nan,nan,nan,nan,nan,nan
5.57736,-0.150076,0.056902,-0.886062,-0.0037964,0.150749,-0.124298,-0.041789,-0.0337336,-0.0306691,-0.0289333,0.0599147,0.0211825,0.0196865,-0.00868087,-1,0.00056068,0.161274,-0.0623037,-0.113938,0.299364,-0.487738,3.38961,0,0.999575,-0.0248338,-0.0152459,-9.84469e-05,-0.0274194,0.00760217,0.0872717,0,0,-0.426055,0.0196865,-0.00868087,-1,0.00056068,Idle,,0.50797,0,5,0.507576,0,0,0,0,0,-0.424499,0.011263,0.201803,0.0797158,0.638813,0.369579,0.495099,0.194504,nan,nan,nan,nan,nan,nan,nan,nan
5.58372,-0.15017,0.057727,-0.887181,-0.00372901,0.137556,-0.124665,-0.0421334,-0.0333035,-0.0304992,-0.0365038,0.0464558,0.0198981,0.0196865,-0.00868087,-1,0.00056068,0.161274,-0.0623037,-0.113938,0.299364,-0.487738,3.38961,0,0.999575,-0.0248338,-0.0152459,-9.84469e-05,0.0161513,0.00796919,0.0866806,0,0,-0.425446,0.0196865,-0.00868087,-1,0.00056068,Idle,,0.50797,0,5,0.511168,0,0,0,0,0,-0.424499,0.011263,0.201803,0.0797158,0.638813,0.369579,0.495099,0.194504,nan,nan,nan,nan,nan,nan,nan,nan
5.60512,-0.150409,0.0591093,-0.88955,0.00137983,0.136627,-0.126489,-0.0419766,-0.0329235,-0.0300681,0.0126259,0.0291654,0.0191291,0.0196865,-0.00868087,-1,0.00056068,0.161483,-0.0637364,-0.111633,0.286981,-0.334748,3.41007,0,0.999748,-0.0170552,-0.0146206,3.08702e-05,0.007346,0.0167307,0.0860842,0,0,-0.424296,0.0196865,-0.00868087,-1,0.00056068,Idle,,0.480187,0,5,0.51476,0,0,0,0,0,-0.424296,0.00955936,0.206232,0.0796789,0.642911,0.365002,0.49686,0.192412,nan,nan,nan,nan,nan,nan,nan,nan
5.61759,-0.150692,0.0612457,-0.89312,0.000648424,0.127251,-0.12716,-0.0417641,-0.0313495,-0.0297194,0.0467794,0.0135421,0.0157775,0.0196865,-0.00868087,-1,0.00056068,0.161697,-0.0650472,-0.109251,0.292635,-0.453533,3.40005,0,0.999622,-0.0230962,-0.0149045,-6.40462e-05,-0.00104676,0.00524524,0.0849772,0,0,-0.424174,0.0196865,-0.00868087,-1,0.00056068,Idle,,0.459169,0,5,0.51476,0,0,0,0,0,-0.424296,0.00955936,0.206232,0.0796789,0.642911,0.365002,0.49686,0.192412,nan,nan,nan,nan,nan,nan,nan,nan
5.63555,-0.150757,0.0619927,-0.894285,0.00339958,0.129372,-0.12503,-0.041539,-0.0309618,-0.0296311,0.0267327,0.0420767,0.0109166,0.0196865,-0.00868087,-1,0.00056068,0.161859,-0.0664303,-0.10688,0.28108,-0.341339,3.43078,0,0.999746,-0.0173909,-0.0143199,3.11965e-05,0.0305263,0.00496917,0.0846859,0,0,-0.423032,0.0196865,-0.00868087,-1,0.00056068,Idle,,0.45,0,5,0.521944,0,0,0,0,0,-0.423032,0.0102991,0.195908,0.0801426,0.634286,0.372025,0.488359,0.197457,nan,nan,nan,nan,nan,nan,nan,nan
5.64269,-0.150823,0.0627579,-0.89544,3.7914e-05,0.14405,-0.116878,-0.0416445,-0.0301991,-0.0295996,-0.0103153,0.0840866,0.00638166,0.0196865,-0.00868087,-1,0.00056068,0.161859,-0.0664303,-0.10688,0.28108,-0.341339,3.43078,0,0.999746,-0.0173909,-0.0143199,3.11965e-05,0.0173646,0.00852761,0.0847149,0,0,-0.423295,0.0196865,-0.00868087,-1,0.00056068,Idle,,0.45,0,5,0.521944,0,0,0,0,0,-0.423032,0.0102991,0.195908,0.0801426,0.634286,0.372025,0.488359,0.197457,nan,nan,nan,nan,nan,nan,nan,nan
5.66393,-0.150908,0.0645025,-0.897882,-0.00216303,0.124768,-0.117479,-0.0413014,-0.0291293,-0.0294311,0.0272486,0.0414415,0.018312,0.0196865,-0.00868087,-1,0.00056068,0.162017,-0.0687859,-0.103236,0.307161,-0.39938,3.41377,0,0.999671,-0.020342,-0.0156462,-3.80853e-05,0.026301,-0.0153636,0.0839837,0,0,-0.424305,0.0196865,-0.00868087,-1,0.00056068,Idle,,0.451635,0,5,0.527342,0,0,0,0,0,-0.424289,0.0110114,0.194221,0.0808135,0.634517,0.37565,0.488256,0.198732,nan,nan,nan,nan,nan,nan,nan,nan
5.6776,-0.150926,0.0653143,-0.898993,0.00404761,0.138796,-0.115923,-0.0411269,-0.0289929,-0.0293904,0.0207782,0.0144009,0.00463209,0.0196865,-0.00868087,-1,0.00056068,0.162082,-0.0702954,-0.101007,0.261747,-0.468072,3.41082,0,0.999627,-0.0238385,-0.0133318,-3.75836e-05,-0.023208,0.000939315,0.0840344,0,0,-0.424559,0.0196865,-0.00868087,-1,0.00056068,Idle,,0.45,0,5,0.527342,0,0,0,0,0,-0.424559,0.00252665,0.193704,0.0809605,0.640568,0.370433,0.482014,0.205221,nan,nan,nan,nan,nan,nan,nan,nan
5.68635,-0.150938,0.0661066,-0.900104,0.00529786,0.145722,-0.11025,-0.040936,-0.0283042,-0.0293464,0.0225716,0.0758652,0.00754206,0.0196865,-0.00868087,-1,0.00056068,0.162082,-0.0702954,-0.101007,0.261747,-0.468072,3.41082,0,0.999627,-0.0238385,-0.0133318,-3.75836e-05,-0.0429866,0.00152777,0.0834772,0,0,-0.425848,0.0196865,-0.00868087,-1,0.00056068,Idle,,0.45,0,5,0.530924,0,0,0,0,0,-0.425848,0.00142348,0.204369,0.0809664,0.650184,0.363407,0.490053,0.199747,nan,nan,nan,nan,nan,nan,nan,nan
5.69924,-0.150926,0.066904,-0.901216,0.00540745,0.137611,-0.111691,-0.0410574,-0.0278391,-0.029232,-0.0120331,0.0506824,0.0144012,0.0196865,-0.00868087,-1,0.00056068,0.162082,-0.0718057,-0.0987842,0.26472,-0.441624,3.40323,0,0.999656,-0.0224926,-0.0134833,-2.30453e-05,-0.0133756,3.03994e-05,0.0830748,0,0,-0.425013,0.0196865,-0.00868087,-1,0.00056068,Idle,,0.450288,0,5,0.534517,0,0,0,0,0,-0.425013,0.0145495,0.196292,0.0809413,0.634331,0.37754,0.492817,0.195364,nan,nan,nan,nan,nan,nan,nan,nan
5.71247,-0.150964,0.0689218,-0.904739,0.00624236,0.137989,-0.10744,-0.0410814,-0.0275467,-0.0286716,-0.0236695,0.0278407,0.016454,0.0196865,-0.00868087,-1,0.00056068,0.162122,-0.0730866,-0.0964258,0.249658,-0.371202,3.42903,0,0.99974,-0.0189115,-0.0127181,3.97407e-05,0.0160451,0.003986,0.0819912,0,0,-0.423158,0.0196865,-0.00868087,-1,0.00056068,Idle,,0.450288,0,5,0.538109,0,0,0,0,0,-0.425013,0.0145495,0.196292,0.0809413,0.634331,0.37754,0.492817,0.195364,nan,nan,nan,nan,nan,nan,nan,nan
5.72525,-0.15096,0.0695934,-0.905892,0.00226038,0.13411,-0.10794,-0.0413621,-0.0271633,-0.0284714,-0.0292687,0.0411607,0.0237757,0.0196865,-0.00868087,-1,0.00056068,0.162122,-0.0730866,-0.0964258,0.249658,-0.371202,3.42903,0,0.99974,-0.0189115,-0.0127181,3.97407e-05,-0.026813,-0.00754035,0.0811105,0,0,-0.425231,0.0196865,-0.00868087,-1,0.00056068,Idle,,0.450288,0,5,0.538109,0,0,0,0,0,-0.425231,0.0144946,0.190892,0.0804924,0.630321,0.381089,0.489629,0.199887,nan,nan,nan,nan,nan,nan,nan,nan
5.74383,-0.150915,0.0710223,-0.90817,0.00616098,0.121306,-0.109815,-0.0417594,-0.0274994,-0.0279508,-0.0152581,-0.0266748,0.022741,0.0196865,-0.00868087,-1,0.00056068,0.162114,-0.0743606,-0.0941077,0.304195,-0.444519,3.40807,0,0.999624,-0.0226374,-0.0154937,-7.05592e-05,0.0207684,-0.00622249,0.0796279,0,0,-0.423428,0.0196865,-0.00868087,-1,0.00056068,Idle,,0.45,0,5,0.543497,0,0,0,0,0,-0.423636,0.0237011,0.186642,0.0800945,0.618813,0.38861,0.491938,0.195181,nan,nan,nan,nan,nan,nan,nan,nan
5.75922,-0.150879,0.0717426,-0.909283,0.00939192,0.136569,-0.103214,-0.0421394,-0.0272763,-0.0277822,-0.0407345,0.023616,0.0197323,0.0196865,-0.00868087,-1,0.00056068,0.162037,-0.0764023,-0.0907169,0.248985,-0.494382,3.40361,0,0.999603,-0.0251759,-0.0126805,-3.90085e-05,-0.0301457,0.00211157,0.0792321,0,0,-0.425079,0.0196865,-0.00868087,-1,0.00056068,Idle,,0.45,0,5,0.547089,0,0,0,0,0,-0.423428,0.0170521,0.200794,0.0799841,0.633204,0.373584,0.497142,0.189784,nan,nan,nan,nan,nan,nan,nan,nan
5.76751,-0.150833,0.0726037,-0.91056,0.00508786,0.120429,-0.104955,-0.0425322,-0.0270743,-0.0275884,-0.0419096,0.0210458,0.0223677,0.0196865,-0.00868087,-1,0.00056068,0.162037,-0.0764023,-0.0907169,0.248985,-0.494382,3.40361,0,0.999603,-0.0251759,-0.0126805,-3.90085e-05,0.0233387,-0.0124455,0.0783053,0,0,-0.424067,0.0196865,-0.00868087,-1,0.00056068,Idle,,0.45,0,5,0.547089,0,0,0,0,0,-0.424067,0.0197309,0.196251,0.0799128,0.628665,0.379258,0.496535,0.191812,nan,nan,nan,nan,nan,nan,nan,nan
5.77978,-0.150786,0.0733347,-0.911642,0.00824207,0.119219,-0.105148,-0.0426768,-0.0271456,-0.0273931,-0.0142953,-0.00936901,0.0212726,0.0196865,-0.00868087,-1,0.00056068,0.161949,-0.0779148,-0.0883578,0.264725,-0.371998,3.42128,0,0.999729,-0.0189521,-0.0134862,2.46522e-05,0.0227261,-0.00435678,0.0781374,0,0,-0.42369,0.0196865,-0.00868087,-1,0.00056068,Idle,,0.45,0,5,0.547089,0,0,0,0,0,-0.42369,0.0182576,0.197657,0.0798469,0.630258,0.376779,0.496176,0.191548,nan,nan,nan,nan,nan,nan,nan,nan
5.79417,-0.150649,0.0753046,-0.915029,0.0043269,0.127353,-0.102232,-0.0431825,-0.0269182,-0.0269411,-0.0120487,0.0278314,0.0118116,0.0196865,-0.00868087,-1,0.00056068,0.161854,-0.0792148,-0.0861247,0.280228,-0.492341,3.40616,0,0.999584,-0.0250697,-0.0142716,-7.75921e-05,-0.0247526,-0.0118098,0.0766796,0,0,-0.424942,0.0196865,-0.00868087,-1,0.00056068,Idle,,0.45,0,5,0.550681,0,0,0,0,0,-0.42369,0.0182576,0.197657,0.0798469,0.630258,0.376779,0.496176,0.191548,nan,nan,nan,nan,nan,nan,nan,nan
5.80258,-0.15059,0.0759507,-0.916165,0.00715399,0.117447,-0.102983,-0.0428723,-0.0271357,-0.0267657,0.0364934,-0.0255755,0.0185421,0.0196865,-0.00868087,-1,0.00056068,0.161854,-0.0792148,-0.0861247,0.280228,-0.492341,3.40616,0,0.999584,-0.0250697,-0.0142716,-7.75921e-05,0.00074416,-0.0199693,0.0759481,0,0,-0.423658,0.0196865,-0.00868087,-1,0.00056068,Idle,,0.45,0,5,0.556069,0,0,0,0,0,-0.424942,0.00757781,0.190799,0.0797381,0.634103,0.375219,0.485137,0.205308,nan,nan,nan,nan,nan,nan,nan,nan
5.82403,-0.150459,0.0772392,-0.918382,0.00679854,0.127066,-0.0949213,-0.0425054,-0.0269507,-0.0266333,-0.00137596,0.0269633,0.00569482,0.0196865,-0.00868087,-1,0.00056068,0.161763,-0.0804,-0.0838354,0.279824,-0.358544,3.43183,0,0.999732,-0.0182661,-0.0142551,1.98458e-05,0.0178777,-0.00478449,0.0760375,0,0,-0.423082,0.0196865,-0.00868087,-1,0.00056068,Idle,,0.45,0,5,0.557865,0,0,0,0,0,-0.423082,0.0146164,0.191337,0.0800445,0.627953,0.378262,0.488329,0.197783,nan,nan,nan,nan,nan,nan,nan,nan
5.83863,-0.150396,0.0778817,-0.919467,0.0074975,0.127154,-0.0947972,-0.0423626,-0.0265514,-0.0266161,0.0171781,0.0436365,0.00390085,0.0196865,-0.00868087,-1,0.00056068,0.161579,-0.0822344,-0.0805334,0.281424,-0.455062,3.41322,0,0.999629,-0.0231752,-0.014334,-5.19878e-05,-0.0134738,-0.0118976,0.0754444,0,0,-0.424397,0.0196865,-0.00868087,-1,0.00056068,Idle,,0.45027,0,5,0.563262,0,0,0,0,0,-0.424678,0.00542011,0.198353,0.0802609,0.641229,0.368611,0.488164,0.200708,nan,nan,nan,nan,nan,nan,nan,nan
5.84813,-0.150311,0.0785586,-0.920551,0.00604543,0.109105,-0.099542,-0.042093,-0.0264264,-0.0264932,0.0318476,0.0129225,0.014467,0.0196865,-0.00868087,-1,0.00056068,0.161579,-0.0822344,-0.0805334,0.281424,-0.455062,3.41322,0,0.999629,-0.0231752,-0.014334,-5.19878e-05,0.0403593,-0.0175843,0.0753568,0,0,-0.422618,0.0196865,-0.00868087,-1,0.00056068,Idle,,0.45027,0,5,0.563262,0,0,0,0,0,-0.424397,0.00409321,0.192938,0.0804434,0.63824,0.371403,0.482936,0.205009,nan,nan,nan,nan,nan,nan,nan,nan
5.8597,-0.150219,0.0792388,-0.921616,0.00778855,0.107306,-0.101073,-0.041786,-0.0265161,-0.0264223,0.0356463,-0.0107587,0.00761722,0.0196865,-0.00868087,-1,0.00056068,0.16141,-0.0835237,-0.0783842,0.27841,-0.330357,3.44753,0,0.999758,-0.0168319,-0.014184,4.14946e-05,0.0356379,-0.0137175,0.0754429,0,0,-0.421901,0.0196865,-0.00868087,-1,0.00056068,Idle,,0.45027,0,5,0.566845,0,0,0,0,0,-0.421901,0.0139116,0.187301,0.080668,0.62504,0.38006,0.483175,0.199329,nan,nan,nan,nan,nan,nan,nan,nan
5.87719,-0.150034,0.0806392,-0.923724,0.00754676,0.131825,-0.0901696,-0.0416892,-0.025627,-0.0264489,-0.00799804,0.0500635,0.00790047,0.0196865,-0.00868087,-1,0.00056068,0.161234,-0.084854,-0.0762759,0.28356,-0.518495,3.41307,0,0.999547,-0.0263983,-0.0144404,-0.000101025,-0.042544,-0.0179326,0.0750935,0,0,-0.424545,0.0196865,-0.00868087,-1,0.00056068,Idle,,0.45027,0,5,0.570437,0,0,0,0,0,-0.424545,0.0114021,0.189891,0.0811444,0.631766,0.379576,0.485397,0.201443,nan,nan,nan,nan,nan,nan,nan,nan
5.88365,-0.149794,0.0819595,-0.926007,0.00959878,0.119582,-0.0922365,-0.0414784,-0.0254983,-0.0262963,0.0150621,-0.01795,0.00333706,0.0196865,-0.00868087,-1,0.00056068,0.161234,-0.084854,-0.0762759,0.28356,-0.518495,3.41307,0,0.999547,-0.0263983,-0.0144404,-0.000101025,0.0340371,-0.0299466,0.0744249,0,0,-0.422737,0.0196865,-0.00868087,-1,0.00056068,Idle,,0.45027,0,5,0.570437,0,0,0,0,0,-0.424545,0.0114021,0.189891,0.0811444,0.631766,0.379576,0.485397,0.201443,nan,nan,nan,nan,nan,nan,nan,nan
5.90371,-0.149545,0.0831491,-0.928094,0.00744058,0.121549,-0.0870805,-0.0416868,-0.0247515,-0.0261982,-0.0143907,0.0554994,0.0111554,0.0196865,-0.00868087,-1,0.00056068,0.161006,-0.0861084,-0.0739926,0.262748,-0.437763,3.43107,0,0.999662,-0.0222966,-0.0133831,-1.81641e-05,-0.0322215,-0.0202363,0.0743325,0,0,-0.42467,0.0196865,-0.00868087,-1,0.00056068,Idle,,0.45,0,5,0.574029,0,0,0,0,0,-0.42467,0.0131349,0.18922,0.0813249,0.630371,0.38158,0.486092,0.200635,nan,nan,nan,nan,nan,nan,nan,nan
5.9215,-0.149279,0.0844138,-0.930114,0.014271,0.107776,-0.0912392,-0.0417098,-0.0251088,-0.025881,0.00784954,-0.0409289,0.0166491,0.0196865,-0.00868087,-1,0.00056068,0.160646,-0.0878472,-0.0708836,0.294216,-0.333663,3.43686,0,0.999743,-0.0169989,-0.0149884,2.54349e-05,0.0220893,0.000773407,0.0739102,0,0,-0.422091,0.0196865,-0.00868087,-1,0.00056068,Idle,,0.45,0,5,0.579417,0,0,0,0,0,-0.422633,0.027665,0.193319,0.0810768,0.620711,0.386671,0.497477,0.185674,nan,nan,nan,nan,nan,nan,nan,nan
5.93221,-0.149152,0.0851383,-0.931168,0.00427312,0.129972,-0.0836354,-0.0419805,-0.0250129,-0.0257335,-0.0286231,0.00970133,0.017319,0.0196865,-0.00868087,-1,0.00056068,0.160396,-0.0891282,-0.068832,0.314167,-0.543234,3.41887,0,0.99949,-0.0276522,-0.015998,-0.000162266,-0.0492431,-0.0327907,0.0721975,0,0,-0.424258,0.0196865,-0.00868087,-1,0.00056068,Idle,,0.45,0,5,0.583009,0,0,0,0,0,-0.422633,0.027665,0.193319,0.0810768,0.620711,0.386671,0.497477,0.185674,nan,nan,nan,nan,nan,nan,nan,nan
5.94391,-0.149032,0.0858487,-0.932167,0.0014738,0.12462,-0.084364,-0.0424343,-0.0248439,-0.0255889,-0.0489016,0.0177994,0.0172537,0.0196865,-0.00868087,-1,0.00056068,0.160396,-0.0891282,-0.068832,0.314167,-0.543234,3.41887,0,0.99949,-0.0276522,-0.015998,-0.000162266,-0.0256995,-0.0375965,0.0714875,0,0,-0.423674,0.0196865,-0.00868087,-1,0.00056068,Idle,,0.45,0,5,0.583009,0,0,0,0,0,-0.423674,0.0106104,0.197958,0.0807798,0.636795,0.372075,0.490033,0.195794,nan,nan,nan,nan,nan,nan,nan,nan
5.95705,-0.148915,0.0866091,-0.933161,0.00219421,0.113279,-0.0912973,-0.0425479,-0.0249465,-0.0254036,-0.010946,-0.0126067,0.020502,0.0196865,-0.00868087,-1,0.00056068,0.160172,-0.0905255,-0.0668386,0.315446,-0.397906,3.45806,0,0.999666,-0.020266,-0.0160677,-4.54486e-05,0.0118511,-0.0325188,0.0715409,0,0,-0.421358,0.0196865,-0.00868087,-1,0.00056068,Idle,,0.45,0,5,0.586601,0,0,0,0,0,-0.421358,0.0225241,0.196151,0.0806293,0.624627,0.379311,0.495017,0.186479,nan,nan,nan,nan,nan,nan,nan,nan
5.96473,-0.148664,0.0881072,-0.935115,0.00665609,0.126718,-0.0820557,-0.0431896,-0.0255082,-0.0249808,-0.0464943,-0.000195337,0.0185365,0.0196865,-0.00868087,-1,0.00056068,0.160172,-0.0905255,-0.0668386,0.315446,-0.397906,3.45806,0,0.999666,-0.020266,-0.0160677,-4.54486e-05,0.00708516,-0.017635,0.0710258,0,0,-0.421563,0.0196865,-0.00868087,-1,0.00056068,Idle,,0.45,0,5,0.586601,0,0,0,0,0,-0.421358,0.0225241,0.196151,0.0806293,0.624627,0.379311,0.495017,0.186479,nan,nan,nan,nan,nan,nan,nan,nan
5.98518,-0.148315,0.0895074,-0.937051,0.00644246,0.114744,-0.0858032,-0.0437738,-0.0254622,-0.0246944,-0.0134559,-0.0135316,0.0230877,0.0196865,-0.00868087,-1,0.00056068,0.159933,-0.0919487,-0.0648846,0.278275,-0.513855,3.42977,0,0.999557,-0.0261631,-0.0141715,-9.05829e-05,-0.0244419,-0.00657153,0.0705583,0,0,-0.423216,0.0196865,-0.00868087,-1,0.00056068,Idle,,0.450238,0,5,0.590202,0,0,0,0,0,-0.423216,0.0103265,0.205305,0.0803202,0.641273,0.365761,0.495026,0.190802,nan,nan,nan,nan,nan,nan,nan,nan
5.99967,-0.147954,0.0908023,-0.938997,0.008015,0.126542,-0.0800531,-0.0439257,-0.0255951,-0.0244416,-0.0133193,0.0169595,0.0120788,0.0196865,-0.00868087,-1,0.00056068,0.159602,-0.0932788,-0.0629489,0.286719,-0.409775,3.45312,0,0.999675,-0.0208721,-0.0146049,-2.46217e-05,0.0290677,-0.0208455,0.0694374,0,0,-0.421645,0.0196865,-0.00868087,-1,0.00056068,Idle,,0.45,0,5,0.590202,0,0,0,0,0,-0.421645,0.0187772,0.193175,0.0802178,0.625047,0.378641,0.490961,0.191931,nan,nan,nan,nan,nan,nan,nan,nan
6.01498,-0.147766,0.0914732,-0.939957,0.00840306,0.130044,-0.0758945,-0.0440429,-0.0252184,-0.0243943,-0.0116015,0.0413087,0.00766332,0.0196865,-0.00868087,-1,0.00056068,0.15908,-0.0951464,-0.0600431,0.272015,-0.537093,3.42627,0,0.99953,-0.0273441,-0.013852,-9.85848e-05,-0.0406057,-0.0133096,0.0691144,0,0,-0.423698,0.0196865,-0.00868087,-1,0.00056068,Idle,,0.45,0,5,0.590202,0,0,0,0,0,-0.422838,0.0032835,0.202937,0.0802396,0.644121,0.361997,0.488076,0.197159,nan,nan,nan,nan,nan,nan,nan,nan
6.0209,-0.14756,0.0921414,-0.940906,0.00674818,0.113104,-0.0787196,-0.0437918,-0.0251105,-0.0242974,0.0296198,0.0114439,0.0119642,0.0196865,-0.00868087,-1,0.00056068,0.15908,-0.0951464,-0.0600431,0.272015,-0.537093,3.42627,0,0.99953,-0.0273441,-0.013852,-9.85848e-05,0.0154306,-0.0197476,0.0689268,0,0,-0.422412,0.0196865,-0.00868087,-1,0.00056068,Idle,,0.45,0,5,0.599182,0,0,0,0,0,-0.422838,0.0032835,0.202937,0.0802396,0.644121,0.361997,0.488076,0.197159,nan,nan,nan,nan,nan,nan,nan,nan
6.03708,-0.147343,0.0930433,-0.941938,0.0105031,0.115104,-0.0801891,-0.0435979,-0.0252554,-0.0242485,0.0229238,-0.0164973,0.00532006,0.0196865,-0.00868087,-1,0.00056068,0.158678,-0.096638,-0.058062,0.257752,-0.427708,3.45201,0,0.999676,-0.0217851,-0.0131286,-5.76586e-06,0.00369676,-0.00978638,0.0691642,0,0,-0.421741,0.0196865,-0.00868087,-1,0.00056068,Idle,,0.45,0,5,0.602765,0,0,0,0,0,-0.421741,0.00964209,0.190361,0.0805292,0.629924,0.374579,0.482297,0.200164,nan,nan,nan,nan,nan,nan,nan,nan
6.04444,-0.147146,0.0937198,-0.942857,0.00809218,0.123483,-0.0740128,-0.0435646,-0.0249843,-0.0243038,0.00472394,0.030306,-0.00425741,0.0196865,-0.00868087,-1,0.00056068,0.158678,-0.096638,-0.058062,0.257752,-0.427708,3.45201,0,0.999676,-0.0217851,-0.0131286,-5.76586e-06,-0.0252879,-0.0193054,0.0688143,0,0,-0.423275,0.0196865,-0.00868087,-1,0.00056068,Idle,,0.45,0,5,0.602765,0,0,0,0,0,-0.423275,0.00299093,0.198023,0.0808397,0.64189,0.366302,0.484233,0.200676,nan,nan,nan,nan,nan,nan,nan,nan
6.05604,-0.146758,0.0951316,-0.944678,0.00329319,0.103757,-0.0819249,-0.0434744,-0.0241585,-0.024304,0.00931169,0.0340527,0.00749312,0.0196865,-0.00868087,-1,0.00056068,0.158306,-0.0979276,-0.0562355,0.293333,-0.44041,3.44278,0,0.999637,-0.0224295,-0.0149408,-5.49212e-05,-0.00271901,-0.0272639,0.0688203,0,0,-0.422421,0.0196865,-0.00868087,-1,0.00056068,Idle,,0.450081,0,5,0.606357,0,0,0,0,0,-0.423275,0.00299093,0.198023,0.0808397,0.64189,0.366302,0.484233,0.200676,nan,nan,nan,nan,nan,nan,nan,nan
6.06249,-0.146557,0.0958666,-0.945577,0.00597759,0.102753,-0.0801987,-0.0432022,-0.0242818,-0.0242168,0.0317781,-0.014298,0.00972529,0.0196865,-0.00868087,-1,0.00056068,0.158306,-0.0979276,-0.0562355,0.293333,-0.44041,3.44278,0,0.999637,-0.0224295,-0.0149408,-5.49212e-05,0.031741,-0.0338184,0.068459,0,0,-0.420424,0.0196865,-0.00868087,-1,0.00056068,Idle,,0.450081,0,5,0.606357,0,0,0,0,0,-0.422421,0.0130351,0.184316,0.0811465,0.64189,0.366302,0.484233,0.200676,nan,nan,nan,nan,nan,nan,nan,nan
6.07893,-0.146157,0.0973095,-0.947329,0.00435225,0.119796,-0.0693959,-0.0433951,-0.0237466,-0.0241815,-0.0225397,0.0530076,0.00593998,0.0196865,-0.00868087,-1,0.00056068,0.157931,-0.0993201,-0.0544231,0.287011,-0.367023,3.46814,0,0.999718,-0.0186966,-0.0146205,6.86754e-06,-0.0310662,-0.0281668,0.0683996,0,0,-0.422207,0.0196865,-0.00868087,-1,0.00056068,Idle,,0.45,0,5,0.606357,0,0,0,0,0,-0.422207,0.00838594,0.19033,0.0815193,0.632246,0.375168,0.480863,0.200549,nan,nan,nan,nan,nan,nan,nan,nan
6.0934,-0.145902,0.0979208,-0.948136,0.00371108,0.105217,-0.0722066,-0.0434277,-0.0235581,-0.0240512,-0.0023243,0.0202811,0.0159444,0.0196865,-0.00868087,-1,0.00056068,0.157309,-0.101272,-0.0518636,0.298751,-0.388749,3.44754,0,0.999688,-0.0198018,-0.0152182,-2.11433e-05,-0.0277537,-0.0314328,0.0679311,0,0,-0.423216,0.0196865,-0.00868087,-1,0.00056068,Idle,,0.45,0,5,0.615337,0,0,0,0,0,-0.423216,0.00550665,0.199917,0.0814857,0.642036,0.367329,0.486645,0.196853,nan,nan,nan,nan,nan,nan,nan,nan
6.10332,-0.14565,0.0985483,-0.94892,0.00951848,0.103562,-0.0729333,-0.0432033,-0.0238914,-0.0239252,0.0263924,-0.0374836,0.013134,0.0196865,-0.00868087,-1,0.00056068,0.157309,-0.101272,-0.0518636,0.298751,-0.388749,3.44754,0,0.999688,-0.0198018,-0.0152182,-2.11433e-05,0.0168426,-0.0135589,0.0683259,0,0,-0.421542,0.0196865,-0.00868087,-1,0.00056068,Idle,,0.45,0,5,0.615337,0,0,0,0,0,-0.422018,0.0176938,0.19281,0.0813936,0.627103,0.379682,0.489135,0.192153,nan,nan,nan,nan,nan,nan,nan,nan
6.11633,-0.145399,0.0991891,-0.94969,0.0105728,0.116614,-0.069527,-0.0433426,-0.0237619,-0.0237757,-0.0139968,0.0137788,0.0181204,0.0196865,-0.00868087,-1,0.00056068,0.156831,-0.102476,-0.0503102,0.250914,-0.500566,3.44379,0,0.999593,-0.0254901,-0.0127786,-4.5498e-05,-0.0279467,-0.0129432,0.0677376,0,0,-0.422427,0.0196865,-0.00868087,-1,0.00056068,Idle,,0.45,0,5,0.618929,0,0,0,0,0,-0.422427,0.00776027,0.198762,0.0812498,0.638602,0.368714,0.48687,0.195522,nan,nan,nan,nan,nan,nan,nan,nan
6.1272,-0.145149,0.0998211,-0.950458,0.00964605,0.118712,-0.0638646,-0.0436438,-0.0233794,-0.0237108,-0.0322264,0.0422685,0.0098467,0.0196865,-0.00868087,-1,0.00056068,0.156831,-0.102476,-0.0503102,0.250914,-0.500566,3.44379,0,0.999593,-0.0254901,-0.0127786,-4.5498e-05,-0.0309735,-0.0163049,0.0669492,0,0,-0.423737,0.0196865,-0.00868087,-1,0.00056068,Idle,,0.45,0,5,0.618929,0,0,0,0,0,-0.423737,0.012268,0.204528,0.0810995,0.640652,0.368984,0.495593,0.189721,nan,nan,nan,nan,nan,nan,nan,nan
6.13879,-0.144884,0.10045,-0.95122,0.00693806,0.105992,-0.0675157,-0.0438299,-0.0234019,-0.0235397,-0.0191571,-0.00330701,0.0196798,0.0196865,-0.00868087,-1,0.00056068,0.156342,-0.103674,-0.0487798,0.285412,-0.409494,3.44247,0,0.999677,-0.0208578,-0.0145384,-2.30245e-05,0.0115523,-0.0257792,0.0662603,0,0,-0.422374,0.0196865,-0.00868087,-1,0.00056068,Idle,,0.45,0,5,0.622521,0,0,0,0,0,-0.422374,0.0215333,0.184822,0.0808959,0.618598,0.387903,0.487057,0.195936,nan,nan,nan,nan,nan,nan,nan,nan
6.15338,-0.144099,0.10254,-0.95346,0.00507341,0.108892,-0.0608304,-0.044892,-0.0233779,-0.0229756,-0.0476281,0.0269495,0.0178188,0.0196865,-0.00868087,-1,0.00056068,0.155846,-0.105051,-0.0472403,0.268794,-0.483247,3.42093,0,0.999603,-0.0246089,-0.0136899,-5.66808e-05,-0.014839,-0.0205023,0.0652805,0,0,-0.423928,0.0196865,-0.00868087,-1,0.00056068,Idle,,0.45,0,5,0.626122,0,0,0,0,0,-0.422374,0.0215333,0.184822,0.0808959,0.618598,0.387903,0.487057,0.195936,nan,nan,nan,nan,nan,nan,nan,nan
6.16455,-0.143843,0.103226,-0.954169,0.00421019,0.0975846,-0.0656189,-0.0452116,-0.0234376,-0.0227174,-0.0339134,-0.00787029,0.0291345,0.0196865,-0.00868087,-1,0.00056068,0.155846,-0.105051,-0.0472403,0.268794,-0.483247,3.42093,0,0.999603,-0.0246089,-0.0136899,-5.66808e-05,-0.00237337,-0.0312357,0.0642208,0,0,-0.423597,0.0196865,-0.00868087,-1,0.00056068,Idle,,0.45,0,5,0.626122,0,0,0,0,0,-0.423597,0.0138651,0.194494,0.0802016,0.631389,0.376171,0.490387,0.196441,nan,nan,nan,nan,nan,nan,nan,nan
6.18419,-0.143311,0.104589,-0.955545,0.00973543,0.109364,-0.0569714,-0.0458104,-0.0239583,-0.0222975,-0.0350587,-0.00892724,0.0213198,0.0196865,-0.00868087,-1,0.00056068,0.155103,-0.106962,-0.0451311,0.273137,-0.38634,3.44147,0,0.99971,-0.0196804,-0.0139136,6.40792e-06,-0.015623,-0.0137018,0.0633986,0,0,-0.424034,0.0196865,-0.00868087,-1,0.00056068,Idle,,0.45,0,5,0.631501,0,0,0,0,0,-0.422385,0.0140288,0.193581,0.079773,0.628987,0.375291,0.489074,0.196186,nan,nan,nan,nan,nan,nan,nan,nan
6.1988,-0.143009,0.105164,-0.956155,0.0123518,0.114193,-0.0557116,-0.0460264,-0.0238505,-0.0221247,-0.022579,0.0111234,0.0203309,0.0196865,-0.00868087,-1,0.00056068,0.15456,-0.108152,-0.043845,0.240465,-0.523368,3.41706,0,0.99957,-0.026649,-0.0122456,-4.60964e-05,-0.0280723,-0.00588364,0.0630496,0,0,-0.424242,0.0196865,-0.00868087,-1,0.00056068,Idle,,0.450078,0,5,0.631501,0,0,0,0,0,-0.424034,0.00245081,0.207398,0.0796265,0.648447,0.358837,0.492447,0.196405,nan,nan,nan,nan,nan,nan,nan,nan
6.20817,-0.142695,0.105769,-0.956766,0.00719322,0.0951032,-0.0589028,-0.0459282,-0.0239776,-0.0218936,0.0127326,-0.0152729,0.0260209,0.0196865,-0.00868087,-1,0.00056068,0.15456,-0.108152,-0.043845,0.240465,-0.523368,3.41706,0,0.99957,-0.026649,-0.0122456,-4.60964e-05,0.0332574,-0.0227316,0.0621838,0,0,-0.422973,0.0196865,-0.00868087,-1,0.00056068,Idle,,0.450078,0,5,0.635103,0,0,0,0,0,-0.422973,0.0110471,0.195223,0.0794729,0.632545,0.37231,0.489015,0.198023,nan,nan,nan,nan,nan,nan,nan,nan
6.21925,-0.14239,0.106374,-0.95736,0.0092771,0.0942883,-0.0593292,-0.0455391,-0.0245143,-0.021716,0.0448926,-0.0604678,0.0178363,0.0196865,-0.00868087,-1,0.00056068,0.153973,-0.109302,-0.0426396,0.267053,-0.384782,3.43684,0,0.999715,-0.019602,-0.0136042,1.35704e-05,0.0283405,-0.0156406,0.0618479,0,0,-0.422682,0.0196865,-0.00868087,-1,0.00056068,Idle,,0.450078,0,5,0.638685,0,0,0,0,0,-0.422682,0.00786355,0.200645,0.0793621,0.638228,0.365823,0.490415,0.196262,nan,nan,nan,nan,nan,nan,nan,nan
6.23297,-0.141482,0.108223,-0.959114,0.00752475,0.0980326,-0.0517668,-0.0453046,-0.0247214,-0.0213571,0.0145779,-0.00921509,0.00949617,0.0196865,-0.00868087,-1,0.00056068,0.153404,-0.110486,-0.0414599,0.285248,-0.514988,3.39717,0,0.999551,-0.02622,-0.0145265,-0.00010071,-0.0261211,-0.0217428,0.060682,0,0,-0.425595,0.0196865,-0.00868087,-1,0.00056068,Idle,,0.450078,0,5,0.642277,0,0,0,0,0,-0.422682,0.00786355,0.200645,0.0793621,0.638228,0.365823,0.490415,0.196262,nan,nan,nan,nan,nan,nan,nan,nan
6.24256,-0.141183,0.108873,-0.959663,0.00589677,0.088559,-0.0542031,-0.0449981,-0.0251772,-0.0212416,0.0356092,-0.0514114,0.0113687,0.0196865,-0.00868087,-1,0.00056068,0.153404,-0.110486,-0.0414599,0.285248,-0.514988,3.39717,0,0.999551,-0.02622,-0.0145265,-0.00010071,0.015792,-0.0174665,0.0605482,0,0,-0.42424,0.0196865,-0.00868087,-1,0.00056068,Idle,,0.450078,0,5,0.642277,0,0,0,0,0,-0.425595,0.0104178,0.190623,0.0793546,0.63224,0.377622,0.488056,0.204461,nan,nan,nan,nan,nan,nan,nan,nan
6.26394,-0.140574,0.110314,-0.960767,0.00890033,0.101718,-0.0458618,-0.0453527,-0.0252924,-0.0211042,-0.0347234,0.0172031,0.00781969,0.0196865,-0.00868087,-1,0.00056068,0.152826,-0.111676,-0.040337,0.291195,-0.350921,3.42638,0,0.99973,-0.0178775,-0.0148343,1.50207e-05,-0.0146032,-0.00989652,0.0603833,0,0,-0.42571,0.0196865,-0.00868087,-1,0.00056068,Idle,,0.45,0,5,0.645869,0,0,0,0,0,-0.42571,0.0168994,0.19382,0.0797123,0.63039,0.380417,0.494656,0.197375,nan,nan,nan,nan,nan,nan,nan,nan
6.27624,-0.139957,0.11161,-0.961797,0.00998625,0.0871262,-0.0519796,-0.0456967,-0.0258021,-0.0208241,2.01797e-06,-0.0547444,0.0145148,0.0196865,-0.00868087,-1,0.00056068,0.151662,-0.114277,-0.0382033,0.257532,-0.380775,3.42673,0,0.999726,-0.0193981,-0.0131189,2.57681e-05,0.041467,-0.0151848,0.0594632,0,0,-0.423459,0.0196865,-0.00868087,-1,0.00056068,Idle,,0.45,0,5,0.645869,0,0,0,0,0,-0.42571,0.0168994,0.19382,0.0797123,0.63039,0.380417,0.494656,0.197375,nan,nan,nan,nan,nan,nan,nan,nan
6.29084,-0.139632,0.1122,-0.962209,0.0103395,0.10113,-0.042434,-0.0460076,-0.026173,-0.020699,-0.0336066,-0.0419672,0.0127641,0.0196865,-0.00868087,-1,0.00056068,0.151662,-0.114277,-0.0382033,0.257532,-0.380775,3.42673,0,0.999726,-0.0193981,-0.0131189,2.57681e-05,0.0314169,-0.00651715,0.059793,0,0,-0.423335,0.0196865,-0.00868087,-1,0.00056068,Idle,,0.45,0,5,0.653063,0,0,0,0,0,-0.423335,0.0276075,0.193125,0.0798917,0.620132,0.386285,0.499185,0.18774,nan,nan,nan,nan,nan,nan,nan,nan
6.3088,-0.138973,0.113366,-0.962998,0.00878848,0.088274,-0.0445351,-0.0466935,-0.0257797,-0.0204783,-0.0300911,0.000151142,0.0154764,0.0196865,-0.00868087,-1,0.00056068,0.151352,-0.114837,-0.0377913,0.257026,-0.498666,3.39045,0,0.999592,-0.0253928,-0.0130898,-5.21639e-05,-0.0150143,-0.0119626,0.0585665,0,0,-0.42664,0.0196865,-0.00868087,-1,0.00056068,Idle,,0.450176,0,5,0.654849,0,0,0,0,0,-0.42664,0.0161557,0.19346,0.079843,0.631722,0.381207,0.494675,0.198956,nan,nan,nan,nan,nan,nan,nan,nan
6.31915,-0.13832,0.114568,-0.963785,0.0126461,0.0966597,-0.0439672,-0.0470981,-0.0261375,-0.0200976,-0.0385915,-0.010054,0.0184703,0.0196865,-0.00868087,-1,0.00056068,0.150727,-0.115944,-0.0370017,0.268836,-0.392807,3.40213,0,0.999706,-0.0200105,-0.0136949,6.1944e-06,0.0354262,-0.00448516,0.0577349,0,0,-0.424917,0.0196865,-0.00868087,-1,0.00056068,Idle,,0.450176,0,5,0.654849,0,0,0,0,0,-0.42664,0.0161557,0.19346,0.079843,0.631722,0.381207,0.494675,0.198956,nan,nan,nan,nan,nan,nan,nan,nan
6.33549,-0.137995,0.115173,-0.964183,0.0118073,0.0998951,-0.039542,-0.0473913,-0.0257412,-0.0200383,-0.0318317,0.044181,0.00947965,0.0196865,-0.00868087,-1,0.00056068,0.150106,-0.117086,-0.0362147,0.241472,-0.482586,3.40328,0,0.999622,-0.0245766,-0.0122981,-2.19979e-05,-0.00503963,0.000591178,0.057747,0,0,-0.425067,0.0196865,-0.00868087,-1,0.00056068,Idle,,0.45,0,5,0.662043,0,0,0,0,0,-0.425067,0.0194157,0.192488,0.0795772,0.626891,0.382361,0.494987,0.19603,nan,nan,nan,nan,nan,nan,nan,nan
6.3447,-0.137659,0.11576,-0.964584,0.0113112,0.0890196,-0.042767,-0.0475739,-0.0257084,-0.0199627,-0.019331,0.00343971,0.0093063,0.0196865,-0.00868087,-1,0.00056068,0.150106,-0.117086,-0.0362147,0.241472,-0.482586,3.40328,0,0.999622,-0.0245766,-0.0122981,-2.19979e-05,-0.012576,-0.00385543,0.0573859,0,0,-0.426183,0.0196865,-0.00868087,-1,0.00056068,Idle,,0.45,0,5,0.662043,0,0,0,0,0,-0.426183,0.0111575,0.19421,0.0795384,0.635026,0.376381,0.491519,0.201808,nan,nan,nan,nan,nan,nan,nan,nan
6.35858,-0.137332,0.116378,-0.964965,0.00653057,0.0770082,-0.0443781,-0.0473319,-0.0259396,-0.0197858,0.0282134,-0.026481,0.0191609,0.0196865,-0.00868087,-1,0.00056068,0.149168,-0.118806,-0.0350349,0.293115,-0.338475,3.40998,0,0.99974,-0.0172448,-0.0149331,2.27036e-05,0.0214771,-0.00461378,0.0568589,0,0,-0.425048,0.0196865,-0.00868087,-1,0.00056068,Idle,,0.45,0,5,0.667422,0,0,0,0,0,-0.425048,0.0102974,0.197787,0.0795479,0.637037,0.372117,0.492295,0.198742,nan,nan,nan,nan,nan,nan,nan,nan
6.36359,-0.136998,0.117017,-0.965354,0.0114599,0.0858243,-0.0454265,-0.0474182,-0.0259944,-0.0196319,-0.00843759,-0.00672312,0.0175281,0.0196865,-0.00868087,-1,0.00056068,0.149168,-0.118806,-0.0350349,0.293115,-0.338475,3.40998,0,0.99974,-0.0172448,-0.0149331,2.27036e-05,0.0214771,-0.00461378,0.0568589,0,0,-0.425048,0.0196865,-0.00868087,-1,0.00056068,Idle,,0.45,0,5,0.667422,0,0,0,0,0,-0.425048,0.0102974,0.197787,0.0795479,0.637037,0.372117,0.492295,0.198742,nan,nan,nan,nan,nan,nan,nan,nan
6.37424,-0.136668,0.117626,-0.965746,0.00941078,0.0963119,-0.0386341,-0.04749,-0.0259084,-0.0195177,-0.00691606,0.00909283,0.0137567,0.0196865,-0.00868087,-1,0.00056068,0.148537,-0.119992,-0.0342535,0.268182,-0.508872,3.39049,0,0.999571,-0.0259106,-0.0136577,-7.3674e-05,-0.0156182,-0.00791538,0.0553964,0,0,-0.426004,0.0196865,-0.00868087,-1,0.00056068,Idle,,0.45,0,5,0.671023,0,0,0,0,0,-0.425048,0.0102974,0.197787,0.0795479,0.637037,0.372117,0.492295,0.198742,nan,nan,nan,nan,nan,nan,nan,nan
6.38637,-0.136315,0.118411,-0.96619,0.00719348,0.0780219,-0.0440173,-0.0474002,-0.0258454,-0.0193126,0.0113406,0.00612544,0.0239146,0.0196865,-0.00868087,-1,0.00056068,0.148537,-0.119992,-0.0342535,0.268182,-0.508872,3.39049,0,0.999571,-0.0259106,-0.0136577,-7.3674e-05,0.0416613,-0.0135269,0.0550172,0,0,-0.424195,0.0196865,-0.00868087,-1,0.00056068,Idle,,0.45,0,5,0.671023,0,0,0,0,0,-0.424195,0.0138581,0.198206,0.0792301,0.633645,0.373168,0.494574,0.195393,nan,nan,nan,nan,nan,nan,nan,nan
6.39967,-0.135253,0.120253,-0.967104,0.0141302,0.0945627,-0.0332303,-0.0466712,-0.0266156,-0.0186761,0.0177703,0.0214211,0.0214296,0.0196865,-0.00868087,-1,0.00056068,0.147871,-0.121359,-0.0334232,0.235304,-0.376732,3.41733,0,0.999744,-0.0191944,-0.0119874,5.01815e-05,-0.0207225,0.00594573,0.054122,0,0,-0.426083,0.0196865,-0.00868087,-1,0.00056068,Idle,,0.45,0,5,0.674606,0,0,0,0,0,-0.424195,0.0138581,0.198206,0.0792301,0.633645,0.373168,0.494574,0.195393,nan,nan,nan,nan,nan,nan,nan,nan
6.41365,-0.134888,0.120853,-0.96736,0.0122066,0.0793222,-0.0382936,-0.0465873,-0.0265963,-0.0184341,0.0106841,0.00106794,0.0276666,0.0196865,-0.00868087,-1,0.00056068,0.147193,-0.122487,-0.0328962,0.236674,-0.510989,3.37484,0,0.999589,-0.02602,-0.0120527,-3.33654e-05,-0.0199847,0.0061156,0.0534481,0,0,-0.427013,0.0196865,-0.00868087,-1,0.00056068,Idle,,0.450078,0,5,0.678198,0,0,0,0,0,-0.426083,0.00454928,0.203832,0.0788645,0.645728,0.36413,0.49422,0.200254,nan,nan,nan,nan,nan,nan,nan,nan
6.42585,-0.134536,0.121453,-0.967596,0.0127794,0.0765957,-0.0376507,-0.0462544,-0.0268023,-0.0181937,0.0386466,-0.024092,0.0265662,0.0196865,-0.00868087,-1,0.00056068,0.147193,-0.122487,-0.0328962,0.236674,-0.510989,3.37484,0,0.999589,-0.02602,-0.0120527,-3.33654e-05,0.0273108,0.000561842,0.0525551,0,0,-0.425381,0.0196865,-0.00868087,-1,0.00056068,Idle,,0.450078,0,5,0.678198,0,0,0,0,0,-0.425381,0.0166121,0.205932,0.0783873,0.637505,0.369995,0.50401,0.190015,nan,nan,nan,nan,nan,nan,nan,nan
6.44019,-0.134173,0.122077,-0.967827,0.0168251,0.0923299,-0.031806,-0.0461785,-0.0267336,-0.0180316,0.00955646,0.00698774,0.019133,0.0196865,-0.00868087,-1,0.00056068,0.146511,-0.123627,-0.0324041,0.250066,-0.385154,3.3946,0,0.999726,-0.0196217,-0.0127388,3.02992e-05,0.0296177,0.00203107,0.0521438,0,0,-0.425467,0.0196865,-0.00868087,-1,0.00056068,Idle,,0.45,0,5,0.683586,0,0,0,0,0,-0.425467,0.0236393,0.19225,0.0781817,0.622741,0.384519,0.499599,0.195007,nan,nan,nan,nan,nan,nan,nan,nan
6.4558,-0.133441,0.12326,-0.968231,0.00852796,0.0795146,-0.0247175,-0.0465805,-0.0258879,-0.0176856,-0.0223323,0.0398258,0.0214593,0.0196865,-0.00868087,-1,0.00056068,0.145471,-0.125344,-0.0317691,0.287109,-0.406808,3.34534,0,0.999678,-0.0207207,-0.0146245,-2.28175e-05,0.0226384,-0.0148467,0.0500679,0,0,-0.428817,0.0196865,-0.00868087,-1,0.00056068,Idle,,0.45,0,5,0.683586,0,0,0,0,0,-0.429259,0.0162217,0.200217,0.0778609,0.63709,0.377113,0.504095,0.198737,nan,nan,nan,nan,nan,nan,nan,nan
6.46242,-0.133096,0.123874,-0.968395,0.0109929,0.0716429,-0.0276805,-0.0464741,-0.026076,-0.0174332,0.0130716,-0.0219479,0.0276384,0.0196865,-0.00868087,-1,0.00056068,0.145471,-0.125344,-0.0317691,0.287109,-0.406808,3.34534,0,0.999678,-0.0207207,-0.0146245,-2.28175e-05,0.0422202,-0.00621667,0.049912,0,0,-0.427887,0.0196865,-0.00868087,-1,0.00056068,Idle,,0.45,0,5,0.687178,0,0,0,0,0,-0.429259,0.0162217,0.200217,0.0778609,0.63709,0.377113,0.504095,0.198737,nan,nan,nan,nan,nan,nan,nan,nan
6.48276,-0.132372,0.125085,-0.968719,0.0117828,0.0865622,-0.0182045,-0.0468308,-0.0257497,-0.017047,-0.0210424,0.0462095,0.0180494,0.0196865,-0.00868087,-1,0.00056068,0.144799,-0.126516,-0.0314388,0.233761,-0.423842,3.34881,0,0.999696,-0.0215906,-0.0119072,2.3183e-05,-0.013364,-0.00394722,0.0487268,0,0,-0.430581,0.0196865,-0.00868087,-1,0.00056068,Idle,,0.45,0,5,0.69077,0,0,0,0,0,-0.430581,0.0138607,0.204977,0.0774873,0.643074,0.373027,0.507485,0.198739,nan,nan,nan,nan,nan,nan,nan,nan
6.49443,-0.131588,0.126361,-0.968894,0.016118,0.0677141,-0.024212,-0.0467941,-0.0264711,-0.0165672,0.0221151,-0.0625392,0.0323184,0.0196865,-0.00868087,-1,0.00056068,0.144073,-0.127715,-0.031166,0.233165,-0.379995,3.34428,0,0.999742,-0.0193602,-0.0118781,5.03109e-05,0.0339246,0.00812019,0.0482247,0,0,-0.428778,0.0196865,-0.00868087,-1,0.00056068,Idle,,0.450183,0,5,0.694362,0,0,0,0,0,-0.430581,0.0138607,0.204977,0.0774873,0.643074,0.373027,0.507485,0.198739,nan,nan,nan,nan,nan,nan,nan,nan
6.50409,-0.131198,0.126988,-0.968965,0.0178627,0.0869989,-0.0200448,-0.0466819,-0.0269357,-0.0163758,0.013471,-0.052243,0.0195176,0.0196865,-0.00868087,-1,0.00056068,0.144073,-0.127715,-0.031166,0.233165,-0.379995,3.34428,0,0.999742,-0.0193602,-0.0118781,5.03109e-05,0.0384887,0.0124779,0.0478111,0,0,-0.428684,0.0196865,-0.00868087,-1,0.00056068,Idle,,0.450183,0,5,0.694362,0,0,0,0,0,-0.428778,0.0168153,0.209608,0.0774133,0.642383,0.369964,0.511119,0.191647,nan,nan,nan,nan,nan,nan,nan,nan
6.51877,-0.130808,0.127608,-0.969032,0.0170079,0.0882812,-0.0166999,-0.0467138,-0.0270989,-0.0162478,-0.00270989,-0.018755,0.0141898,0.0196865,-0.00868087,-1,0.00056068,0.14334,-0.128885,-0.0310351,0.218003,-0.525057,3.32879,0,0.999581,-0.0267368,-0.0111016,-1.65573e-05,-0.0255272,0.0160875,0.0476778,0,0,-0.430083,0.0196865,-0.00868087,-1,0.00056068,Idle,,0.45,0,5,0.697963,0,0,0,0,0,-0.430083,0.0104475,0.212915,0.0772932,0.650409,0.364308,0.510378,0.195238,nan,nan,nan,nan,nan,nan,nan,nan
6.53517,-0.130007,0.128803,-0.969168,0.0159779,0.0671318,-0.0214351,-0.0462632,-0.0281762,-0.0158951,0.0352411,-0.0819304,0.0167317,0.0196865,-0.00868087,-1,0.00056068,0.142209,-0.130609,-0.0308317,0.238191,-0.366818,3.33446,0,0.999752,-0.0186899,-0.0121348,5.34727e-05,0.0152531,0.0101998,0.0464218,0,0,-0.430751,0.0196865,-0.00868087,-1,0.00056068,Idle,,0.45,0,5,0.703342,0,0,0,0,0,-0.430751,0.0146464,0.21803,0.0773308,0.651762,0.364365,0.517592,0.189285,nan,nan,nan,nan,nan,nan,nan,nan
6.5459,-0.129604,0.129433,-0.969235,0.020367,0.0784978,-0.0182333,-0.0462008,-0.0289148,-0.0157838,0.00769549,-0.0825927,0.00925332,0.0196865,-0.00868087,-1,0.00056068,0.142209,-0.130609,-0.0308317,0.238191,-0.366818,3.33446,0,0.999752,-0.0186899,-0.0121348,5.34727e-05,-0.00379064,0.0281194,0.0466904,0,0,-0.430413,0.0196865,-0.00868087,-1,0.00056068,Idle,,0.45,0,5,0.703342,0,0,0,0,0,-0.429413,0.0241775,0.206236,0.0775017,0.635516,0.378278,0.514488,0.189371,nan,nan,nan,nan,nan,nan,nan,nan
6.56356,-0.128794,0.130594,-0.969357,0.0180487,0.0716439,-0.0163819,-0.0466662,-0.0293557,-0.0157237,-0.0290917,-0.0359274,0.00501264,0.0196865,-0.00868087,-1,0.00056068,0.141451,-0.13177,-0.0307088,0.207746,-0.495817,3.29879,0,0.999625,-0.0252517,-0.0105801,1.31172e-05,0.0205361,0.0220362,0.046071,0,0,-0.430826,0.0196865,-0.00868087,-1,0.00056068,Idle,,0.45,0,5,0.703342,0,0,0,0,0,-0.430826,0.0232442,0.210759,0.0779564,0.641241,0.376287,0.517982,0.187793,nan,nan,nan,nan,nan,nan,nan,nan
6.57522,-0.128379,0.131209,-0.969424,0.0173579,0.0623693,-0.022736,-0.0466469,-0.0299604,-0.0156223,0.00282736,-0.0676632,0.00876351,0.0196865,-0.00868087,-1,0.00056068,0.140662,-0.132895,-0.0305758,0.239027,-0.35409,3.33971,0,0.999763,-0.0180418,-0.0121775,6.05677e-05,0.0450289,0.020289,0.0458512,0,0,-0.429045,0.0196865,-0.00868087,-1,0.00056068,Idle,,0.45,0,5,0.710526,0,0,0,0,0,-0.430826,0.0232442,0.210759,0.0779564,0.641241,0.376287,0.517982,0.187793,nan,nan,nan,nan,nan,nan,nan,nan
6.58228,-0.127553,0.132429,-0.969593,0.0160547,0.0795264,-0.0154997,-0.0472637,-0.0306462,-0.015536,-0.0380234,-0.0116615,0.00456936,0.0196865,-0.00868087,-1,0.00056068,0.140662,-0.132895,-0.0305758,0.239027,-0.35409,3.33971,0,0.999763,-0.0180418,-0.0121775,6.05677e-05,0.0217909,0.0303527,0.0460476,0,0,-0.429058,0.0196865,-0.00868087,-1,0.00056068,Idle,,0.45,0,5,0.710526,0,0,0,0,0,-0.430826,0.0232442,0.210759,0.0779564,0.641241,0.376287,0.517982,0.187793,nan,nan,nan,nan,nan,nan,nan,nan
6.59639,-0.127137,0.133027,-0.969578,0.0183641,0.0763109,-0.0137254,-0.0474093,-0.0306781,-0.015421,-0.0154363,-0.00401479,0.0131187,0.0196865,-0.00868087,-1,0.00056068,0.139878,-0.134054,-0.0304073,0.249614,-0.508314,3.31116,0,0.999584,-0.0258843,-0.0127124,-4.88231e-05,-0.0157992,0.0177633,0.0454059,0,0,-0.431248,0.0196865,-0.00868087,-1,0.00056068,Idle,,0.450193,0,5,0.714118,0,0,0,0,0,-0.429058,0.0216202,0.212442,0.0783531,0.642209,0.372577,0.51586,0.185586,nan,nan,nan,nan,nan,nan,nan,nan
6.61681,-0.126259,0.134411,-0.969544,0.0219141,0.0762321,-0.0145541,-0.0472592,-0.031622,-0.0151743,0.000473032,-0.0446714,0.0130845,0.0196865,-0.00868087,-1,0.00056068,0.139052,-0.135348,-0.0304358,0.218155,-0.364376,3.33247,0,0.999766,-0.0185657,-0.0111135,7.39576e-05,0.0419918,0.0351185,0.0451131,0,0,-0.429521,0.0196865,-0.00868087,-1,0.00056068,Idle,,0.450193,0,5,0.719506,0,0,0,0,0,-0.429521,0.020951,0.201091,0.0785897,0.635355,0.38083,0.507591,0.194308,nan,nan,nan,nan,nan,nan,nan,nan
6.62459,-0.12583,0.13502,-0.969529,0.0224408,0.079026,-0.0122339,-0.0473243,-0.0312236,-0.0151631,-0.00699137,0.0443867,0.00394131,0.0196865,-0.00868087,-1,0.00056068,0.139052,-0.135348,-0.0304358,0.218155,-0.364376,3.33247,0,0.999766,-0.0185657,-0.0111135,7.39576e-05,-0.0100187,0.0380353,0.0453649,0,0,-0.431481,0.0196865,-0.00868087,-1,0.00056068,Idle,,0.450193,0,5,0.719506,0,0,0,0,0,-0.429521,0.020951,0.201091,0.0785897,0.635355,0.38083,0.507591,0.194308,nan,nan,nan,nan,nan,nan,nan,nan
6.64407,-0.124957,0.13625,-0.969511,0.0243194,0.0621554,-0.0198401,-0.0467504,-0.0309915,-0.0150014,0.0572034,0.000356394,0.0114741,0.0196865,-0.00868087,-1,0.00056068,0.137815,-0.137102,-0.0304757,0.220107,-0.386536,3.31478,0,0.999743,-0.019694,-0.0112129,5.94577e-05,0.0285437,0.0397173,0.0450197,0,0,-0.429938,0.0196865,-0.00868087,-1,0.00056068,Idle,,0.450039,0,5,0.723098,0,0,0,0,0,-0.429938,0.0141514,0.189905,0.078752,0.632832,0.384511,0.495131,0.207277,nan,nan,nan,nan,nan,nan,nan,nan
6.65568,-0.124527,0.136885,-0.969514,0.0265076,0.0756273,-0.0166828,-0.0465015,-0.0307742,-0.0150028,0.0280433,0.0244154,0.00153895,0.0196865,-0.00868087,-1,0.00056068,0.137003,-0.138288,-0.030486,0.184382,-0.505195,3.31379,0,0.999625,-0.0257293,-0.0093893,3.8725e-05,-0.0186248,0.042666,0.0452607,0,0,-0.431003,0.0196865,-0.00868087,-1,0.00056068,Idle,,0.45,0,5,0.723098,0,0,0,0,0,-0.429938,0.0141514,0.189905,0.078752,0.632832,0.384511,0.495131,0.207277,nan,nan,nan,nan,nan,nan,nan,nan
6.66583,-0.124089,0.137507,-0.969523,0.0234745,0.0777283,-0.0118965,-0.046432,-0.0299419,-0.0150135,0.00787471,0.0927445,0.00365524,0.0196865,-0.00868087,-1,0.00056068,0.137003,-0.138288,-0.030486,0.184382,-0.505195,3.31379,0,0.999625,-0.0257293,-0.0093893,3.8725e-05,-0.0239025,0.0302013,0.044447,0,0,-0.432333,0.0196865,-0.00868087,-1,0.00056068,Idle,,0.45,0,5,0.72669,0,0,0,0,0,-0.432333,0.00353239,0.189487,0.0790196,0.642707,0.379961,0.489453,0.217211,nan,nan,nan,nan,nan,nan,nan,nan
6.67348,-0.123227,0.138755,-0.969551,0.0195371,0.0610469,-0.0159937,-0.0455721,-0.0290898,-0.0150145,0.0528465,0.0198969,0.00847834,0.0196865,-0.00868087,-1,0.00056068,0.137003,-0.138288,-0.030486,0.184382,-0.505195,3.31379,0,0.999625,-0.0257293,-0.0093893,3.8725e-05,0.00782437,0.0207355,0.0442886,0,0,-0.43101,0.0196865,-0.00868087,-1,0.00056068,Idle,,0.45005,0,5,0.72669,0,0,0,0,0,-0.432333,0.00353239,0.189487,0.0790196,0.642707,0.379961,0.489453,0.217211,nan,nan,nan,nan,nan,nan,nan,nan
6.6837,-0.122799,0.139402,-0.969561,0.02209,0.0656006,-0.0153024,-0.0453469,-0.0286259,-0.0149946,0.0251336,0.0513172,0.00500979,0.0196865,-0.00868087,-1,0.00056068,0.137003,-0.138288,-0.030486,0.184382,-0.505195,3.31379,0,0.999625,-0.0257293,-0.0093893,3.8725e-05,0.0233298,0.0141896,0.0439994,0,0,-0.431057,0.0196865,-0.00868087,-1,0.00056068,Idle,,0.45005,0,5,0.732078,0,0,0,0,0,-0.43101,0.00687033,0.19185,0.0791777,0.640853,0.379485,0.492003,0.211698,nan,nan,nan,nan,nan,nan,nan,nan
6.69657,-0.122339,0.140054,-0.969449,0.0210215,0.0703664,-0.0113669,-0.0451396,-0.0280215,-0.0149849,0.0233626,0.0676605,0.0046135,0.0196865,-0.00868087,-1,0.00056068,0.135361,-0.140678,-0.0304395,0.216977,-0.43926,3.30736,0,0.999689,-0.0223756,-0.0110517,3.29922e-05,0.00296203,0.0208947,0.0442153,0,0,-0.43132,0.0196865,-0.00868087,-1,0.00056068,Idle,,0.45,0,5,0.733884,0,0,0,0,0,-0.43132,0.0103272,0.194705,0.0793465,0.640906,0.38039,0.496606,0.207378,nan,nan,nan,nan,nan,nan,nan,nan
6.70687,-0.121868,0.140696,-0.96935,0.0260851,0.0705146,-0.0160285,-0.0448511,-0.0276047,-0.0149715,0.0322125,0.0464541,0.0041006,0.0196865,-0.00868087,-1,0.00056068,0.135361,-0.140678,-0.0304395,0.216977,-0.43926,3.30736,0,0.999689,-0.0223756,-0.0110517,3.29922e-05,-0.01468,0.0159524,0.0440501,0,0,-0.432504,0.0196865,-0.00868087,-1,0.00056068,Idle,,0.45,0,5,0.733884,0,0,0,0,0,-0.432504,0.0022715,0.198304,0.079365,0.65035,0.373351,0.494619,0.211696,nan,nan,nan,nan,nan,nan,nan,nan
6.72536,-0.120855,0.142112,-0.969208,0.0290503,0.0687718,-0.0154228,-0.0441217,-0.0275222,-0.0147593,0.0214069,-0.00511067,0.00877117,0.0196865,-0.00868087,-1,0.00056068,0.133975,-0.14264,-0.0307094,0.17976,-0.363081,3.32559,0,0.999787,-0.018501,-0.00915723,0.000110898,-0.0207531,0.0341583,0.0440235,0,0,-0.431511,0.0196865,-0.00868087,-1,0.00056068,Idle,,0.45,0,5,0.739262,0,0,0,0,0,-0.429941,0.0119235,0.198685,0.0793605,0.641227,0.377339,0.499156,0.202042,nan,nan,nan,nan,nan,nan,nan,nan
6.73924,-0.119883,0.143424,-0.969075,0.025326,0.0593286,-0.0196023,-0.0436604,-0.0269591,-0.0146135,0.0232028,0.00320629,0.0134536,0.0196865,-0.00868087,-1,0.00056068,0.133061,-0.143867,-0.0308717,0.190367,-0.519187,3.30049,0,0.999603,-0.0264399,-0.00969382,2.39929e-05,0.0104168,0.0201247,0.0432012,0,0,-0.430346,0.0196865,-0.00868087,-1,0.00056068,Idle,,0.450042,0,5,0.742863,0,0,0,0,0,-0.429941,0.0119235,0.198685,0.0793605,0.641227,0.377339,0.499156,0.202042,nan,nan,nan,nan,nan,nan,nan,nan
6.75635,-0.119397,0.144087,-0.969012,0.0265537,0.054478,-0.0188579,-0.0433848,-0.0270353,-0.0145014,0.0310104,-0.00888435,0.0125331,0.0196865,-0.00868087,-1,0.00056068,0.132129,-0.14513,-0.0309876,0.199556,-0.382647,3.31755,0,0.999758,-0.0194965,-0.0101657,8.21071e-05,0.0192719,0.0228758,0.0430143,0,0,-0.430524,0.0196865,-0.00868087,-1,0.00056068,Idle,,0.45,0,5,0.746446,0,0,0,0,0,-0.430524,0.0133713,0.199645,0.0792413,0.641346,0.378148,0.50156,0.201042,nan,nan,nan,nan,nan,nan,nan,nan
6.7629,-0.118433,0.145409,-0.968938,0.0296584,0.0742228,-0.0156168,-0.0436575,-0.0266354,-0.0144411,-0.0279793,0.0387684,0.00366283,0.0196865,-0.00868087,-1,0.00056068,0.132129,-0.14513,-0.0309876,0.199556,-0.382647,3.31755,0,0.999758,-0.0194965,-0.0101657,8.21071e-05,-0.0449103,0.0295715,0.0430768,0,0,-0.431756,0.0196865,-0.00868087,-1,0.00056068,Idle,,0.45,0,5,0.746446,0,0,0,0,0,-0.430524,0.0133713,0.199645,0.0792413,0.641346,0.378148,0.50156,0.201042,nan,nan,nan,nan,nan,nan,nan,nan
6.7773,-0.117951,0.146069,-0.968925,0.0263342,0.0587478,-0.0206649,-0.0437823,-0.02638,-0.0143462,-0.0135748,0.0279348,0.0121342,0.0196865,-0.00868087,-1,0.00056068,0.131213,-0.146385,-0.0310615,0.180628,-0.531393,3.30379,0,0.999592,-0.0270608,-0.00919743,3.14151e-05,-0.0402101,0.0288325,0.042774,0,0,-0.431725,0.0196865,-0.00868087,-1,0.00056068,Idle,,0.45,0,5,0.750038,0,0,0,0,0,-0.431725,0.0122815,0.19796,0.0791992,0.642084,0.379727,0.500841,0.204247,nan,nan,nan,nan,nan,nan,nan,nan
6.78463,-0.117479,0.146729,-0.968801,0.0295922,0.0515192,-0.0247891,-0.0439507,-0.0265542,-0.0142476,-0.0185976,-0.0198424,0.0105417,0.0196865,-0.00868087,-1,0.00056068,0.131213,-0.146385,-0.0310615,0.180628,-0.531393,3.30379,0,0.999592,-0.0270608,-0.00919743,3.14151e-05,0.0102939,0.0189859,0.0420575,0,0,-0.430173,0.0196865,-0.00868087,-1,0.00056068,Idle,,0.45,0,5,0.750038,0,0,0,0,0,-0.431725,0.0122815,0.19796,0.0791992,0.642084,0.379727,0.500841,0.204247,nan,nan,nan,nan,nan,nan,nan,nan
6.80641,-0.11651,0.148046,-0.968567,0.0288774,0.0674644,-0.0187063,-0.0443578,-0.0259701,-0.0142077,-0.021041,0.0519479,0.00653297,0.0196865,-0.00868087,-1,0.00056068,0.129843,-0.14827,-0.0313184,0.182876,-0.521992,3.31653,0,0.999603,-0.0265824,-0.00931197,3.27696e-05,-0.0238012,0.024328,0.0418039,0,0,-0.430987,0.0196865,-0.00868087,-1,0.00056068,Idle,,0.45,0,5,0.755426,0,0,0,0,0,-0.430859,0.0076092,0.207223,0.0792092,0.651082,0.369018,0.503208,0.200128,nan,nan,nan,nan,nan,nan,nan,nan
6.82084,-0.115439,0.14951,-0.968466,0.0311126,0.0681611,-0.0248214,-0.0441318,-0.0259554,-0.0140759,0.0350945,-0.0176837,0.00130614,0.0196865,-0.00868087,-1,0.00056068,0.128894,-0.149519,-0.0314998,0.203394,-0.394478,3.34163,0,0.999744,-0.0200983,-0.0103609,7.20621e-05,0.0169814,0.0185505,0.0415534,0,0,-0.42895,0.0196865,-0.00868087,-1,0.00056068,Idle,,0.45,0,5,0.759018,0,0,0,0,0,-0.42895,0.00927947,0.19655,0.0793452,0.640581,0.375973,0.494803,0.204445,nan,nan,nan,nan,nan,nan,nan,nan
6.83507,-0.114945,0.150178,-0.968438,0.028735,0.0703602,-0.02322,-0.0440529,-0.0255862,-0.0141079,0.00867612,0.0415777,-0.00129767,0.0196865,-0.00868087,-1,0.00056068,0.1279,-0.150916,-0.0315619,0.193479,-0.525143,3.33096,0,0.999594,-0.0267421,-0.00985209,1.68269e-05,-0.0372841,0.0200558,0.0416852,0,0,-0.429917,0.0196865,-0.00868087,-1,0.00056068,Idle,,0.45,0,5,0.76261,0,0,0,0,0,-0.429917,-0.00120379,0.204964,0.0794582,0.655024,0.36369,0.49419,0.206765,nan,nan,nan,nan,nan,nan,nan,nan
6.84254,-0.113973,0.151524,-0.968426,0.0272784,0.0540759,-0.0302665,-0.0435252,-0.0251284,-0.0140725,0.0543295,0.00198077,0.0014607,0.0196865,-0.00868087,-1,0.00056068,0.1279,-0.150916,-0.0315619,0.193479,-0.525143,3.33096,0,0.999594,-0.0267421,-0.00985209,1.68269e-05,0.00230076,0.00987349,0.0412999,0,0,-0.428619,0.0196865,-0.00868087,-1,0.00056068,Idle,,0.45,0,5,0.76261,0,0,0,0,0,-0.429917,-0.00120379,0.204964,0.0794582,0.655024,0.36369,0.49419,0.206765,nan,nan,nan,nan,nan,nan,nan,nan
6.85631,-0.113489,0.152216,-0.968413,0.0314853,0.0650773,-0.0268363,-0.0431142,-0.0251994,-0.0140567,0.0457423,-0.00785408,0.00181698,0.0196865,-0.00868087,-1,0.00056068,0.126977,-0.152195,-0.0315743,0.198155,-0.410103,3.35887,0,0.999731,-0.0208933,-0.0100935,6.94147e-05,0.00651542,0.0176068,0.0414778,0,0,-0.42783,0.0196865,-0.00868087,-1,0.00056068,Idle,,0.45,0,5,0.766202,0,0,0,0,0,-0.428619,0.00727089,0.195325,0.0795997,0.641058,0.375341,0.491931,0.206144,nan,nan,nan,nan,nan,nan,nan,nan
6.86462,-0.113001,0.152874,-0.968416,0.0304247,0.0695352,-0.0220197,-0.0430198,-0.0247607,-0.0141429,0.0101534,0.0490757,-0.00704952,0.0196865,-0.00868087,-1,0.00056068,0.126977,-0.152195,-0.0315743,0.198155,-0.410103,3.35887,0,0.999731,-0.0208933,-0.0100935,6.94147e-05,-0.0322941,0.0286676,0.0421596,0,0,-0.42891,0.0196865,-0.00868087,-1,0.00056068,Idle,,0.45,0,5,0.766202,0,0,0,0,0,-0.42891,0.00976682,0.198184,0.080043,0.642049,0.375819,0.495565,0.202207,nan,nan,nan,nan,nan,nan,nan,nan
6.87924,-0.112006,0.154195,-0.968322,0.0280636,0.0562542,-0.0279144,-0.0425575,-0.0242352,-0.0142767,0.0358569,0.00231718,-0.00101,0.0196865,-0.00868087,-1,0.00056068,0.126053,-0.153477,-0.0315836,0.177176,-0.53319,3.32573,0,0.999591,-0.0271514,-0.00902118,3.5371e-05,-0.026946,0.0225865,0.0423124,0,0,-0.429291,0.0196865,-0.00868087,-1,0.00056068,Idle,,0.450024,0,5,0.766202,0,0,0,0,0,-0.429291,0.00993691,0.210181,0.080528,0.651278,0.368322,0.50406,0.193503,nan,nan,nan,nan,nan,nan,nan,nan
6.8937,-0.111524,0.154865,-0.968234,0.0295317,0.0608843,-0.0258202,-0.0425785,-0.024147,-0.0143235,-0.00252506,0.0101201,-0.00425642,0.0196865,-0.00868087,-1,0.00056068,0.12465,-0.155368,-0.0317659,0.183765,-0.474117,3.33986,0,0.999665,-0.0241496,-0.00935875,5.42986e-05,-0.0208917,0.0175714,0.0425366,0,0,-0.429205,0.0196865,-0.00868087,-1,0.00056068,Idle,,0.45,0,5,0.766202,0,0,0,0,0,-0.428541,0.0222392,0.194767,0.0807417,0.631144,0.387385,0.500902,0.194735,nan,nan,nan,nan,nan,nan,nan,nan
6.9,-0.111057,0.155512,-0.968155,0.0255,0.0670696,-0.0219207,-0.0428838,-0.0237227,-0.0144348,-0.0343447,0.0478141,-0.00984576,0.0196865,-0.00868087,-1,0.00056068,0.12465,-0.155368,-0.0317659,0.183765,-0.474117,3.33986,0,0.999665,-0.0241496,-0.00935875,5.42986e-05,-0.0398161,0.0061556,0.0420931,0,0,-0.430402,0.0196865,-0.00868087,-1,0.00056068,Idle,,0.45,0,5,0.775182,0,0,0,0,0,-0.428541,0.0222392,0.194767,0.0807417,0.631144,0.387385,0.500902,0.194735,nan,nan,nan,nan,nan,nan,nan,nan
6.91627,-0.110594,0.156154,-0.968083,0.0270641,0.0658675,-0.0237087,-0.0432413,-0.0234526,-0.014455,-0.0397131,0.0300615,-0.000448711,0.0196865,-0.00868087,-1,0.00056068,0.123767,-0.156593,-0.0319172,0.195989,-0.508472,3.33052,0,0.999615,-0.0258953,-0.00998062,2.1841e-05,-0.0322872,0.0122126,0.042364,0,0,-0.42991,0.0196865,-0.00868087,-1,0.00056068,Idle,,0.45,0,5,0.778784,0,0,0,0,0,-0.42991,0.0188417,0.197475,0.0809237,0.637011,0.384619,0.5016,0.196411,nan,nan,nan,nan,nan,nan,nan,nan
6.92602,-0.110135,0.156839,-0.968007,0.0257131,0.0524927,-0.0280723,-0.0434266,-0.0234501,-0.0143988,-0.0206427,8.47142e-05,0.00679482,0.0196865,-0.00868087,-1,0.00056068,0.123767,-0.156593,-0.0319172,0.195989,-0.508472,3.33052,0,0.999615,-0.0258953,-0.00998062,2.1841e-05,0.0104852,0.00759847,0.04221,0,0,-0.428584,0.0196865,-0.00868087,-1,0.00056068,Idle,,0.45,0,5,0.778784,0,0,0,0,0,-0.428584,0.0212743,0.198367,0.0808922,0.634564,0.38435,0.502656,0.192765,nan,nan,nan,nan,nan,nan,nan,nan
6.94002,-0.109648,0.157511,-0.967942,0.0320331,0.0508927,-0.0280851,-0.0440341,-0.0234438,-0.0143402,-0.0675456,0.000484951,0.00702529,0.0196865,-0.00868087,-1,0.00056068,0.122868,-0.157882,-0.0320576,0.153391,-0.412345,3.34725,0,0.999749,-0.0210089,-0.00781247,0.000116204,0.010453,0.0272485,0.0424755,0,0,-0.42857,0.0196865,-0.00868087,-1,0.00056068,Idle,,0.45,0,5,0.782367,0,0,0,0,0,-0.42857,0.0266122,0.201467,0.0808028,0.632879,0.385829,0.508697,0.186875,nan,nan,nan,nan,nan,nan,nan,nan
6.95501,-0.108128,0.159552,-0.967836,0.0318096,0.0466489,-0.0296149,-0.0450602,-0.0224886,-0.0141186,-0.0108262,0.00780127,0.0152539,0.0196865,-0.00868087,-1,0.00056068,0.121895,-0.159197,-0.0321206,0.176446,-0.414319,3.35391,0,0.999737,-0.0211085,-0.0089872,9.06122e-05,0.0124513,0.0155637,0.0416068,0,0,-0.428149,0.0196865,-0.00868087,-1,0.00056068,Idle,,0.45,0,5,0.785398,0,0,0,0,0,-0.428149,0.0129351,0.202734,0.080498,0.64272,0.374535,0.499805,0.195533,nan,nan,nan,nan,nan,nan,nan,nan
6.96476,-0.107666,0.16021,-0.967798,0.0264826,0.0654349,-0.0239405,-0.0454045,-0.0223558,-0.0139884,-0.0382695,0.0142405,0.0156733,0.0196865,-0.00868087,-1,0.00056068,0.121895,-0.159197,-0.0321206,0.176446,-0.414319,3.35391,0,0.999737,-0.0211085,-0.0089872,9.06122e-05,0.0192819,0.0200522,0.0413706,0,0,-0.428197,0.0196865,-0.00868087,-1,0.00056068,Idle,,0.45,0,5,0.785398,0,0,0,0,0,-0.428197,0.0197556,0.194566,0.0803066,0.631978,0.384991,0.499094,0.196724,nan,nan,nan,nan,nan,nan,nan,nan
6.98404,-0.106762,0.161512,-0.967732,0.0288238,0.0524724,-0.0200789,-0.0455356,-0.0214118,-0.0138566,-0.000453919,0.0356262,0.0139439,0.0196865,-0.00868087,-1,0.00056068,0.120566,-0.161068,-0.0322311,0.189007,-0.580269,3.31545,0,0.999517,-0.029542,-0.00962265,-3.98651e-06,0.00545281,0.00984434,0.0407303,0,0,-0.430857,0.0196865,-0.00868087,-1,0.00056068,Idle,,0.450056,0,5,0.785398,0,0,0,0,0,-0.431079,-0.000680164,0.20273,0.0800187,0.654796,0.367363,0.493582,0.208576,nan,nan,nan,nan,nan,nan,nan,nan
6.99564,-0.106309,0.162116,-0.967541,0.0328049,0.0487191,-0.0208494,-0.0452665,-0.0212733,-0.0137397,0.0301857,0.0148531,0.0141093,0.0196865,-0.00868087,-1,0.00056068,0.119696,-0.162257,-0.032459,0.150014,-0.418772,3.3158,0,0.999743,-0.0213363,-0.00764033,0.000117321,0.0118149,0.0200655,0.0407515,0,0,-0.430666,0.0196865,-0.00868087,-1,0.00056068,Idle,,0.45,0,5,0.785398,0,0,0,0,0,-0.430666,0.0153239,0.194327,0.0799321,0.637037,0.384122,0.498633,0.202871,nan,nan,nan,nan,nan,nan,nan,nan
7.00548,-0.105841,0.162726,-0.967375,0.0380454,0.0643466,-0.0220044,-0.0453046,-0.0212479,-0.0136637,-0.00395179,0.00242785,0.00923314,0.0196865,-0.00868087,-1,0.00056068,0.119696,-0.162257,-0.032459,0.150014,-0.418772,3.3158,0,0.999743,-0.0213363,-0.00764033,0.000117321,-0.0408698,0.0332943,0.0410123,0,0,-0.430674,0.0196865,-0.00868087,-1,0.00056068,Idle,,0.45,0,5,0.785398,0,0,0,0,0,-0.430674,0.0014209,0.208973,0.079849,0.657149,0.363858,0.499245,0.202442,nan,nan,nan,nan,nan,nan,nan,nan
7.01899,-0.105387,0.163327,-0.967241,0.0317425,0.0666953,-0.0180291,-0.0450832,-0.0207509,-0.0136606,0.0248781,0.0555411,0.00355438,0.0196865,-0.00868087,-1,0.00056068,0.11882,-0.163407,-0.0327593,0.171868,-0.555645,3.30292,0,0.999561,-0.0282928,-0.00875031,3.27402e-05,-0.0460418,0.0111775,0.0399045,0,0,-0.431835,0.0196865,-0.00868087,-1,0.00056068,Idle,,0.45,0,5,0.785398,0,0,0,0,0,-0.431835,-0.00638216,0.196688,0.079776,0.655068,0.368117,0.486278,0.217877,nan,nan,nan,nan,nan,nan,nan,nan
7.03149,-0.104082,0.165191,-0.966852,0.0298952,0.0615559,-0.022,-0.0438541,-0.0207846,-0.0133282,0.0379734,0.00190399,0.0105728,0.0196865,-0.00868087,-1,0.00056068,0.117998,-0.164568,-0.0330238,0.200326,-0.432611,3.33285,0,0.999705,-0.0220381,-0.0102035,5.54319e-05,0.000213138,-0.000903998,0.0388903,0,0,-0.429601,0.0196865,-0.00868087,-1,0.00056068,Idle,,0.45,0,5,0.785398,0,0,0,0,0,-0.431835,-0.00638216,0.196688,0.079776,0.655068,0.368117,0.486278,0.217877,nan,nan,nan,nan,nan,nan,nan,nan
7.04349,-0.103633,0.165796,-0.966743,0.0284811,0.0651258,-0.0190677,-0.043776,-0.0204382,-0.0132955,0.00881296,0.0381521,0.00593972,0.0196865,-0.00868087,-1,0.00056068,0.117998,-0.164568,-0.0330238,0.200326,-0.432611,3.33285,0,0.999705,-0.0220381,-0.0102035,5.54319e-05,-0.0404775,0.00898426,0.0391508,0,0,-0.430864,0.0196865,-0.00868087,-1,0.00056068,Idle,,0.45,0,5,0.785398,0,0,0,0,0,-0.430864,0.00695989,0.197859,0.079514,0.645229,0.37549,0.495831,0.206906,nan,nan,nan,nan,nan,nan,nan,nan
7.0608,-0.103184,0.166396,-0.966652,0.0254548,0.0552168,-0.0232295,-0.0437676,-0.0203025,-0.0132096,0.00124068,0.0147347,0.010908,0.0196865,-0.00868087,-1,0.00056068,0.116727,-0.166323,-0.0333478,0.201291,-0.471719,3.32032,0,0.999659,-0.0240268,-0.0102517,3.39767e-05,-0.0490407,0.00437885,0.0387584,0,0,-0.431744,0.0196865,-0.00868087,-1,0.00056068,Idle,,0.45,0,5,0.785398,0,0,0,0,0,-0.431744,0.00357306,0.200156,0.0795039,0.650118,0.372341,0.49595,0.208568,nan,nan,nan,nan,nan,nan,nan,nan
7.07114,-0.102695,0.167124,-0.966595,0.0292736,0.0533674,-0.0252744,-0.0435591,-0.0205034,-0.0131633,0.0234102,-0.0226062,0.00480001,0.0196865,-0.00868087,-1,0.00056068,0.116727,-0.166323,-0.0333478,0.201291,-0.471719,3.32032,0,0.999659,-0.0240268,-0.0102517,3.39767e-05,-0.0168931,-0.00255449,0.0383796,0,0,-0.430512,0.0196865,-0.00868087,-1,0.00056068,Idle,,0.45,0,5,0.785398,0,0,0,0,0,-0.430512,0.00357306,0.200156,0.0795039,0.650118,0.372341,0.49595,0.208568,nan,nan,nan,nan,nan,nan,nan,nan
7.08043,-0.102259,0.167717,-0.96651,0.0270513,0.0615443,-0.0177278,-0.0440035,-0.0205414,-0.0131512,-0.0493525,-0.00431419,0.0017661,0.0196865,-0.00868087,-1,0.00056068,0.115848,-0.167578,-0.0334897,0.183904,-0.53321,3.29742,0,0.999587,-0.0271527,-0.00936416,2.60389e-05,-0.0408335,0.00294822,0.0385767,0,0,-0.432155,0.0196865,-0.00868087,-1,0.00056068,Idle,,0.45,0,5,0.785398,0,0,0,0,0,-0.429955,0.0150965,0.196338,0.0797085,0.637685,0.381604,0.499407,0.201123,nan,nan,nan,nan,nan,nan,nan,nan
7.09345,-0.101463,0.168865,-0.966106,0.0176015,0.0619424,-0.0214617,-0.0445811,-0.0201488,-0.0131475,-0.0295471,-0.00554586,0.00468009,0.0196865,-0.00868087,-1,0.00056068,0.115461,-0.168078,-0.0336998,0.183131,-0.507133,3.30835,0,0.999623,-0.0258276,-0.00932547,3.94515e-05,-0.0368267,-0.0236409,0.0376779,0,0,-0.431366,0.0196865,-0.00868087,-1,0.00056068,Idle,,0.45,0,5,0.785398,0,0,0,0,0,-0.431368,0.0150965,0.196338,0.0797085,0.637685,0.381604,0.499407,0.201123,nan,nan,nan,nan,nan,nan,nan,nan
7.10547,-0.101129,0.169538,-0.965915,0.0205186,0.0733939,-0.0195183,-0.0448383,-0.0203081,-0.0131015,-0.0284564,-0.0180878,0.0052185,0.0196865,-0.00868087,-1,0.00056068,0.115461,-0.168078,-0.0336998,0.183131,-0.507133,3.30835,0,0.999623,-0.0258276,-0.00932547,3.94515e-05,-0.0681449,-0.00994791,0.0380104,0,0,-0.43212,0.0196865,-0.00868087,-1,0.00056068,Idle,,0.45,0,5,0.785398,0,0,0,0,0,-0.43212,0.00273333,0.200725,0.0799745,0.65196,0.372191,0.495663,0.208665,nan,nan,nan,nan,nan,nan,nan,nan
7.12149,-0.100145,0.17151,-0.965476,0.0188911,0.0574509,-0.0243825,-0.0453904,-0.0202588,-0.013003,0.0141851,-0.0313911,0.00737254,0.0196865,-0.00868087,-1,0.00056068,0.114458,-0.169935,-0.0342466,0.207066,-0.615558,3.28693,0,0.999453,-0.0313325,-0.0105416,-5.00445e-05,-0.0447097,-0.0040067,0.0378832,0,0,-0.431392,0.0196865,-0.00868087,-1,0.00056068,Idle,,0.45,0,5,0.785398,0,0,0,0,0,-0.43212,0.00273333,0.200725,0.0799745,0.65196,0.372191,0.495663,0.208665,nan,nan,nan,nan,nan,nan,nan,nan
7.13963,-0.0994761,0.172842,-0.96524,0.0182459,0.0731376,-0.0204482,-0.0456355,-0.0204743,-0.0130427,-0.0222463,0.00771494,-0.00811269,0.0196865,-0.00868087,-1,0.00056068,0.11384,-0.171181,-0.0345239,0.207687,-0.460893,3.31835,0,0.999668,-0.023476,-0.0105778,3.19635e-05,-0.0303852,0.000199185,0.0381397,0,0,-0.430989,0.0196865,-0.00868087,-1,0.00056068,Idle,,0.45,0,5,0.785398,0,0,0,0,0,-0.430989,0.00914702,0.193601,0.0802294,0.641512,0.380888,0.493779,0.207779,nan,nan,nan,nan,nan,nan,nan,nan
7.15496,-0.0991466,0.173483,-0.965146,0.0142169,0.0689539,-0.022213,-0.0457423,-0.0203524,-0.013063,-0.0116984,0.0136016,-0.000844382,0.0196865,-0.00868087,-1,0.00056068,0.112891,-0.173056,-0.0348544,0.229687,-0.550774,3.30772,0,0.999538,-0.0280426,-0.0116961,-4.77476e-05,-0.0400406,-0.0140453,0.0375972,0,0,-0.431556,0.0196865,-0.00868087,-1,0.00056068,Idle,,0.45,0,5,0.785398,0,0,0,0,0,-0.432061,0.00139447,0.198755,0.0803547,0.651836,0.372959,0.492886,0.210565,nan,nan,nan,nan,nan,nan,nan,nan
7.16393,-0.098836,0.174168,-0.965074,0.0115033,0.0567382,-0.0309683,-0.0457023,-0.020441,-0.013014,0.0048118,-0.0101701,0.00577609,0.0196865,-0.00868087,-1,0.00056068,0.112891,-0.173056,-0.0348544,0.229687,-0.550774,3.30772,0,0.999538,-0.0280426,-0.0116961,-4.77476e-05,-0.00227897,-0.0194699,0.0377335,0,0,-0.429072,0.0196865,-0.00868087,-1,0.00056068,Idle,,0.45,0,5,0.785398,0,0,0,0,0,-0.431556,0.0080976,0.191955,0.0805018,0.641929,0.382149,0.492168,0.209979,nan,nan,nan,nan,nan,nan,nan,nan
7.17799,-0.0985194,0.174857,-0.965028,0.0149478,0.061116,-0.0294122,-0.0459442,-0.020751,-0.013045,-0.0267586,-0.0343877,-0.00425516,0.0196865,-0.00868087,-1,0.00056068,0.112296,-0.174361,-0.0349724,0.205536,-0.50667,3.33574,0,0.999612,-0.0258033,-0.010467,1.01988e-05,-0.0212197,-0.00567503,0.038214,0,0,-0.429568,0.0196865,-0.00868087,-1,0.00056068,Idle,,0.45,0,5,0.785398,0,0,0,0,0,-0.429568,0.0100548,0.194748,0.0807202,0.64075,0.379788,0.49332,0.204413,nan,nan,nan,nan,nan,nan,nan,nan
7.18657,-0.0982335,0.175513,-0.964986,0.0136385,0.0753031,-0.0257031,-0.0461854,-0.0204208,-0.0131458,-0.0267041,0.0369935,-0.0087172,0.0196865,-0.00868087,-1,0.00056068,0.112296,-0.174361,-0.0349724,0.205536,-0.50667,3.33574,0,0.999612,-0.0258033,-0.010467,1.01988e-05,-0.0654292,-0.00795445,0.0379885,0,0,-0.43085,0.0196865,-0.00868087,-1,0.00056068,Idle,,0.45,0,5,0.785398,0,0,0,0,0,-0.43085,0.00768238,0.196687,0.0808439,0.645205,0.378146,0.494171,0.205879,nan,nan,nan,nan,nan,nan,nan,nan
7.20045,-0.0979472,0.176134,-0.964797,0.0168679,0.0700438,-0.0249709,-0.0465494,-0.0202505,-0.0131462,-0.0405062,0.0189925,0.00158507,0.0196865,-0.00868087,-1,0.00056068,0.111752,-0.175574,-0.0352026,0.18361,-0.564299,3.31679,0,0.999543,-0.0287313,-0.00934814,1.17119e-05,-0.0428156,0.0040392,0.0386744,0,0,-0.430945,0.0196865,-0.00868087,-1,0.00056068,Idle,,0.45,0,5,0.785398,0,0,0,0,0,-0.430945,0.0182393,0.19577,0.0809228,0.637265,0.386432,0.501004,0.199079,nan,nan,nan,nan,nan,nan,nan,nan
7.21009,-0.0970658,0.178212,-0.964326,0.0172949,0.0723839,-0.0268069,-0.0477716,-0.0202949,-0.0131955,-0.0654287,0.0289938,-0.00402188,0.0196865,-0.00868087,-1,0.00056068,0.111176,-0.176951,-0.0355125,0.186155,-0.605118,3.31134,0,0.999481,-0.0308036,-0.00947663,-1.16312e-05,-0.0428156,0.0040392,0.0386744,0,0,-0.430945,0.0196865,-0.00868087,-1,0.00056068,Idle,,0.45,0,5,0.785398,0,0,0,0,0,-0.430945,0.0182393,0.19577,0.0809228,0.637265,0.386432,0.501004,0.199079,nan,nan,nan,nan,nan,nan,nan,nan
7.22455,-0.0967591,0.17886,-0.96422,0.0176396,0.0592604,-0.0342052,-0.0481961,-0.0202163,-0.0131626,-0.046684,0.00846114,0.00492509,0.0196865,-0.00868087,-1,0.00056068,0.111176,-0.176951,-0.0355125,0.186155,-0.605118,3.31134,0,0.999481,-0.0308036,-0.00947663,-1.16312e-05,-0.0425053,0.00495139,0.0386662,0,0,-0.430649,0.0196865,-0.00868087,-1,0.00056068,Idle,,0.45,0,5,0.785398,0,0,0,0,0,-0.430649,0.012588,0.199916,0.0811381,0.644113,0.379424,0.499427,0.199633,nan,nan,nan,nan,nan,nan,nan,nan
7.24391,-0.0962193,0.180121,-0.964039,0.015318,0.068939,-0.0296162,-0.0487657,-0.0206484,-0.0129929,-0.0480221,-0.0322183,0.0132284,0.0196865,-0.00868087,-1,0.00056068,0.110356,-0.178768,-0.0358734,0.196835,-0.468381,3.3436,0,0.999665,-0.0238577,-0.0100249,4.11254e-05,-0.0380642,0.000307261,0.0376886,0,0,-0.430007,0.0196865,-0.00868087,-1,0.00056068,Idle,,0.45,0,5,0.785398,0,0,0,0,0,-0.428955,0.0265499,0.200648,0.0808573,0.632783,0.386804,0.508405,0.187829,nan,nan,nan,nan,nan,nan,nan,nan
7.25317,-0.0959767,0.180754,-0.963978,0.0130047,0.067656,-0.0286891,-0.0493306,-0.0203398,-0.0129325,-0.0625025,0.0339367,0.00922424,0.0196865,-0.00868087,-1,0.00056068,0.10988,-0.179963,-0.0360217,0.209329,-0.564977,3.32756,0,0.999529,-0.0287647,-0.0106585,-2.63229e-05,-0.0380642,0.000307261,0.0376886,0,0,-0.430007,0.0196865,-0.00868087,-1,0.00056068,Idle,,0.45,0,5,0.785398,0,0,0,0,0,-0.428955,0.0265499,0.200648,0.0808573,0.632783,0.386804,0.508405,0.187829,nan,nan,nan,nan,nan,nan,nan,nan
7.2627,-0.0957194,0.181393,-0.963915,0.0128593,0.0502092,-0.0323417,-0.0497595,-0.0203173,-0.0127679,-0.0471194,0.0015423,0.0192417,0.0196865,-0.00868087,-1,0.00056068,0.10988,-0.179963,-0.0360217,0.209329,-0.564977,3.32756,0,0.999529,-0.0287647,-0.0106585,-2.63229e-05,0.0237935,-0.00427993,0.0369097,0,0,-0.429018,0.0196865,-0.00868087,-1,0.00056068,Idle,,0.45,0,5,0.785398,0,0,0,0,0,-0.429018,0.0259808,0.197284,0.0804071,0.63042,0.388393,0.506137,0.191122,nan,nan,nan,nan,nan,nan,nan,nan
7.27613,-0.0954524,0.182022,-0.963859,0.014324,0.0495026,-0.0365303,-0.0499628,-0.0205643,-0.0125643,-0.0218098,-0.0285134,0.0219422,0.0196865,-0.00868087,-1,0.00056068,0.109382,-0.181168,-0.0361409,0.19194,-0.451576,3.35825,0,0.999688,-0.0230032,-0.0097759,5.54264e-05,0.0186818,-0.000150602,0.0366812,0,0,-0.427945,0.0196865,-0.00868087,-1,0.00056068,Idle,,0.45,0,5,0.785398,0,0,0,0,0,-0.427945,0.0167498,0.20021,0.0800717,0.637608,0.378388,0.500941,0.194843,nan,nan,nan,nan,nan,nan,nan,nan
7.28353,-0.0949478,0.183259,-0.96382,0.00702938,0.0641047,-0.0308534,-0.0507187,-0.0199738,-0.0122682,-0.0410191,0.0414608,0.0183235,0.0196865,-0.00868087,-1,0.00056068,0.109382,-0.181168,-0.0361409,0.19194,-0.451576,3.35825,0,0.999688,-0.0230032,-0.0097759,5.54264e-05,-0.0327615,-0.0116314,0.035524,0,0,-0.429464,0.0196865,-0.00868087,-1,0.00056068,Idle,,0.45,0,5,0.785398,0,0,0,0,0,-0.427945,0.0167498,0.20021,0.0800717,0.637608,0.378388,0.500941,0.194843,nan,nan,nan,nan,nan,nan,nan,nan
7.29939,-0.0947233,0.183866,-0.963659,0.00565855,0.0557361,-0.0366135,-0.0506847,-0.0199323,-0.0120359,0.00454134,0.00325021,0.0267717,0.0196865,-0.00868087,-1,0.00056068,0.108689,-0.182919,-0.0363415,0.240366,-0.505595,3.35762,0,0.999594,-0.0257466,-0.0122414,-3.49321e-05,-0.00146165,-0.0216734,0.0345827,0,0,-0.428148,0.0196865,-0.00868087,-1,0.00056068,Idle,,0.45,0,5,0.785398,0,0,0,0,0,-0.429464,0.0114177,0.194874,0.0797329,0.638786,0.379571,0.495257,0.204244,nan,nan,nan,nan,nan,nan,nan,nan
7.30914,-0.0945108,0.184472,-0.963505,0.0122645,0.0516192,-0.0372884,-0.0506774,-0.020082,-0.0118148,0.00155276,-0.0179617,0.0246173,0.0196865,-0.00868087,-1,0.00056068,0.108689,-0.182919,-0.0363415,0.240366,-0.505595,3.35762,0,0.999594,-0.0257466,-0.0122414,-3.49321e-05,0.00693876,0.00134138,0.0349333,0,0,-0.427908,0.0196865,-0.00868087,-1,0.00056068,Idle,,0.45,0,5,0.785398,0,0,0,0,0,-0.428148,0.0106052,0.190914,0.0792244,0.634736,0.379972,0.491076,0.206808,nan,nan,nan,nan,nan,nan,nan,nan
7.32802,-0.094043,0.185765,-0.963292,0.0100306,0.0578821,-0.0347455,-0.0510806,-0.0195955,-0.0115362,-0.00385401,0.02933,0.0190073,0.0196865,-0.00868087,-1,0.00056068,0.108487,-0.183495,-0.0364949,0.183447,-0.483846,3.35971,0,0.999653,-0.024644,-0.0093422,5.00794e-05,-0.037426,0.000501695,0.033943,0,0,-0.429695,0.0196865,-0.00868087,-1,0.00056068,Idle,,0.45,0,5,0.785398,0,0,0,0,0,-0.429695,0.00119441,0.206196,0.0785523,0.653072,0.363387,0.497441,0.204882,nan,nan,nan,nan,nan,nan,nan,nan
7.34093,-0.0935857,0.186993,-0.963058,0.0129392,0.0607145,-0.0341481,-0.050505,-0.0199692,-0.0109867,0.026589,-0.0280944,0.0250559,0.0196865,-0.00868087,-1,0.00056068,0.107836,-0.185295,-0.0368397,0.202721,-0.482828,3.34976,0,0.999644,-0.0245913,-0.0103242,2.6404e-05,-0.0299918,0.00432263,0.0323305,0,0,-0.429068,0.0196865,-0.00868087,-1,0.00056068,Idle,,0.45,0,5,0.785398,0,0,0,0,0,-0.429695,0.00119441,0.206196,0.0785523,0.653072,0.363387,0.497441,0.204882,nan,nan,nan,nan,nan,nan,nan,nan
7.36152,-0.0931641,0.188157,-0.962875,0.00540284,0.054704,-0.027851,-0.0501544,-0.020005,-0.0105665,0.0279406,-0.00763069,0.0265228,0.0196865,-0.00868087,-1,0.00056068,0.107393,-0.186456,-0.03703,0.199891,-0.605026,3.32243,0,0.999474,-0.030799,-0.0101766,-3.31653e-05,-0.00859146,-0.014749,0.0299966,0,0,-0.43072,0.0196865,-0.00868087,-1,0.00056068,Idle,,0.45,0,5,0.785398,0,0,0,0,0,-0.43072,0.00977336,0.201196,0.0771395,0.643082,0.372601,0.502409,0.204789,nan,nan,nan,nan,nan,nan,nan,nan
7.37172,-0.0927686,0.18938,-0.962662,0.0105634,0.0492787,-0.0311136,-0.0497331,-0.0208912,-0.00997774,0.0113627,-0.053705,0.0263602,0.0196865,-0.00868087,-1,0.00056068,0.107032,-0.187575,-0.037238,0.228292,-0.465936,3.33579,0,0.999651,-0.0237316,-0.0116275,4.3263e-06,0.00998886,-0.0114356,0.0291448,0,0,-0.429498,0.0196865,-0.00868087,-1,0.00056068,Idle,,0.45,0,5,0.785398,0,0,0,0,0,-0.43072,0.00977336,0.201196,0.0771395,0.643082,0.372601,0.502409,0.204789,nan,nan,nan,nan,nan,nan,nan,nan
7.38141,-0.0925483,0.189948,-0.962566,0.00903647,0.0629049,-0.0250852,-0.0498236,-0.0209857,-0.00982305,-0.00952875,-0.0114308,0.0173602,0.0196865,-0.00868087,-1,0.00056068,0.107032,-0.187575,-0.037238,0.228292,-0.465936,3.33579,0,0.999651,-0.0237316,-0.0116275,4.3263e-06,-0.00344545,0.00733931,0.0293649,0,0,-0.429844,0.0196865,-0.00868087,-1,0.00056068,Idle,,0.45,0,5,0.785398,0,0,0,0,0,-0.429498,0.0118267,0.207056,0.0768576,0.644271,0.368405,0.507063,0.198254,nan,nan,nan,nan,nan,nan,nan,nan
7.39803,-0.0923551,0.19053,-0.96229,0.00550694,0.0574329,-0.0232937,-0.0501123,-0.0210442,-0.00964121,-0.0315463,-0.00757142,0.0205538,0.0196865,-0.00868087,-1,0.00056068,0.106623,-0.188697,-0.0374345,0.196318,-0.608931,3.30642,0,0.99947,-0.0309973,-0.00999449,-2.95344e-05,-0.0467717,0.00181418,0.0286811,0,0,-0.431761,0.0196865,-0.00868087,-1,0.00056068,Idle,,0.450071,0,5,0.785398,0,0,0,0,0,-0.431761,0.0137873,0.199237,0.076624,0.639384,0.37735,0.505418,0.204892,nan,nan,nan,nan,nan,nan,nan,nan
7.40418,-0.0921754,0.191144,-0.962008,0.00374826,0.0434024,-0.0272761,-0.0504173,-0.021498,-0.00938664,-0.0330816,-0.0516744,0.0263687,0.0196865,-0.00868087,-1,0.00056068,0.106623,-0.188697,-0.0374345,0.196318,-0.608931,3.30642,0,0.99947,-0.0309973,-0.00999449,-2.95344e-05,-0.0252518,-0.00656756,0.0276417,0,0,-0.432219,0.0196865,-0.00868087,-1,0.00056068,Idle,,0.450071,0,5,0.785398,0,0,0,0,0,-0.431761,0.0137873,0.199237,0.076624,0.639384,0.37735,0.505418,0.204892,nan,nan,nan,nan,nan,nan,nan,nan
7.41789,-0.0919838,0.191742,-0.961729,0.00970592,0.0478622,-0.0265981,-0.0508146,-0.0220088,-0.00926104,-0.04406,-0.0578674,0.011864,0.0196865,-0.00868087,-1,0.00056068,0.106087,-0.190402,-0.0382707,0.180199,-0.507701,3.30846,0,0.999624,-0.0258573,-0.00917633,4.30335e-05,0.017992,-0.0074852,0.0272692,0,0,-0.431029,0.0196865,-0.00868087,-1,0.00056068,Idle,,0.45,0,5,0.785398,0,0,0,0,0,-0.431029,0.0290949,0.201266,0.0765379,0.629176,0.385921,0.51703,0.191987,nan,nan,nan,nan,nan,nan,nan,nan
7.42747,-0.091802,0.192318,-0.961459,0.00624276,0.0603087,-0.020711,-0.0514451,-0.0218306,-0.00918228,-0.0699196,0.0193167,0.0104625,0.0196865,-0.00868087,-1,0.00056068,0.106087,-0.190402,-0.0382707,0.180199,-0.507701,3.30846,0,0.999624,-0.0258573,-0.00917633,4.30335e-05,-0.0401894,0.00132813,0.0271104,0,0,-0.433282,0.0196865,-0.00868087,-1,0.00056068,Idle,,0.45,0,5,0.785398,0,0,0,0,0,-0.43136,0.022377,0.207283,0.076558,0.638532,0.377267,0.516843,0.192796,nan,nan,nan,nan,nan,nan,nan,nan
7.43992,-0.0914419,0.193529,-0.960999,0.0033238,0.0396596,-0.0259605,-0.0523258,-0.0222651,-0.00887406,-0.0291387,-0.04318,0.0181134,0.0196865,-0.00868087,-1,0.00056068,0.105747,-0.191483,-0.0387878,0.21549,-0.566844,3.28055,0,0.999523,-0.0288594,-0.0109723,-3.64e-05,0.030548,-0.0039255,0.0261755,0,0,-0.431688,0.0196865,-0.00868087,-1,0.00056068,Idle,,0.450073,0,5,0.785398,0,0,0,0,0,-0.431688,0.0303552,0.195583,0.0765372,0.624925,0.39149,0.514564,0.195773,nan,nan,nan,nan,nan,nan,nan,nan
7.45447,-0.0912903,0.194095,-0.960775,0.00510297,0.0559133,-0.023356,-0.0527276,-0.022742,-0.00869577,-0.0439863,-0.0538365,0.0175697,0.0196865,-0.00868087,-1,0.00056068,0.105428,-0.192637,-0.0392249,0.207063,-0.584431,3.29058,0,0.999502,-0.0297525,-0.0105424,-3.34009e-05,-0.024368,0.00356094,0.0258346,0,0,-0.432758,0.0196865,-0.00868087,-1,0.00056068,Idle,,0.45,0,5,0.785398,0,0,0,0,0,-0.432758,0.0111816,0.212145,0.0764427,0.651169,0.367196,0.513875,0.198791,nan,nan,nan,nan,nan,nan,nan,nan
7.4609,-0.0909824,0.195186,-0.960379,-0.0004785,0.0377257,-0.0229956,-0.0537184,-0.0226296,-0.00843143,-0.0528084,0.00586466,0.0159948,0.0196865,-0.00868087,-1,0.00056068,0.105428,-0.192637,-0.0392249,0.207063,-0.584431,3.29058,0,0.999502,-0.0297525,-0.0105424,-3.34009e-05,-0.020644,-0.00244478,0.0251171,0,0,-0.433819,0.0196865,-0.00868087,-1,0.00056068,Idle,,0.45,0,5,0.785398,0,0,0,0,0,-0.432758,0.0111816,0.212145,0.0764427,0.651169,0.367196,0.513875,0.198791,nan,nan,nan,nan,nan,nan,nan,nan
7.47426,-0.0908215,0.195729,-0.960182,0.0041987,0.0348538,-0.0274247,-0.05376,-0.0229888,-0.00822411,-0.00404984,-0.0412169,0.0214697,0.0196865,-0.00868087,-1,0.00056068,0.105135,-0.193674,-0.0396215,0.242628,-0.442668,3.28691,0,0.999669,-0.0225473,-0.0123582,1.61104e-06,0.035465,-0.00852257,0.0243221,0,0,-0.432711,0.0196865,-0.00868087,-1,0.00056068,Idle,,0.45,0,5,0.785398,0,0,0,0,0,-0.433819,0.0149018,0.196414,0.0763664,0.638399,0.381935,0.506524,0.208416,nan,nan,nan,nan,nan,nan,nan,nan
7.48363,-0.0906452,0.196298,-0.959815,0.00545881,0.0471716,-0.0285204,-0.0538012,-0.0232834,-0.00800099,-0.00395445,-0.0341367,0.0235872,0.0196865,-0.00868087,-1,0.00056068,0.105135,-0.193674,-0.0396215,0.242628,-0.442668,3.28691,0,0.999669,-0.0225473,-0.0123582,1.61104e-06,0.0355334,0.00960526,0.0243258,0,0,-0.431565,0.0196865,-0.00868087,-1,0.00056068,Idle,,0.45,0,5,0.785398,0,0,0,0,0,-0.432711,0.0197696,0.197919,0.0762966,0.634844,0.383135,0.509992,0.202871,nan,nan,nan,nan,nan,nan,nan,nan
7.49727,-0.0904705,0.196848,-0.959509,0.00314587,0.0506598,-0.0277803,-0.0540686,-0.0230348,-0.00791761,-0.0294542,0.0270164,0.0113315,0.0196865,-0.00868087,-1,0.00056068,0.104649,-0.195253,-0.0404913,0.210973,-0.577845,3.30184,0,0.999509,-0.0294178,-0.0107417,-3.57413e-05,-0.00823131,0.0119481,0.0242328,0,0,-0.431624,0.0196865,-0.00868087,-1,0.00056068,Idle,,0.45,0,5,0.785398,0,0,0,0,0,-0.431624,0.00962139,0.198048,0.0761356,0.640864,0.37462,0.501983,0.209029,nan,nan,nan,nan,nan,nan,nan,nan
7.50596,-0.0903193,0.197386,-0.959226,-0.00281922,0.0425212,-0.0308142,-0.0541327,-0.0229449,-0.00782406,-0.00697254,0.00949838,0.0116093,0.0196865,-0.00868087,-1,0.00056068,0.104649,-0.195253,-0.0404913,0.210973,-0.577845,3.30184,0,0.999509,-0.0294178,-0.0107417,-3.57413e-05,0.00680886,-0.0120827,0.0226695,0,0,-0.431168,0.0196865,-0.00868087,-1,0.00056068,Idle,,0.45,0,5,0.785398,0,0,0,0,0,-0.431996,-0.000521484,0.203759,0.0760898,0.652401,0.363736,0.499266,0.212583,nan,nan,nan,nan,nan,nan,nan,nan
7.51932,-0.0900258,0.198507,-0.958718,0.00194328,0.0450535,-0.0296778,-0.0535532,-0.0234119,-0.00751247,0.0207816,-0.0139889,0.0144674,0.0196865,-0.00868087,-1,0.00056068,0.104371,-0.196293,-0.0410334,0.237076,-0.485992,3.32337,0,0.999621,-0.0247501,-0.0120741,-1.85842e-05,-0.0100134,0.00711849,0.0229446,0,0,-0.431666,0.0196865,-0.00868087,-1,0.00056068,Idle,,0.45,0,5,0.785398,0,0,0,0,0,-0.431666,0.00373101,0.199847,0.0761798,0.646387,0.369268,0.499087,0.21192,nan,nan,nan,nan,nan,nan,nan,nan
7.53099,-0.0898663,0.199033,-0.958485,0.00104087,0.0490052,-0.0267978,-0.0535293,-0.0229929,-0.00746804,0.00271974,0.0463498,0.00798136,0.0196865,-0.00868087,-1,0.00056068,0.104075,-0.197328,-0.0415149,0.211186,-0.580729,3.29307,0,0.999505,-0.0295645,-0.0107526,-3.76381e-05,-0.0233503,0.00500164,0.022508,0,0,-0.432587,0.0196865,-0.00868087,-1,0.00056068,Idle,,0.45,0,5,0.785398,0,0,0,0,0,-0.432587,0.00373101,0.199847,0.0761798,0.646387,0.369268,0.499087,0.21192,nan,nan,nan,nan,nan,nan,nan,nan
7.54341,-0.0896981,0.199531,-0.958288,0.00386113,0.0482779,-0.0318082,-0.0532422,-0.0227703,-0.00738332,0.0319485,0.0241456,0.0112069,0.0196865,-0.00868087,-1,0.00056068,0.104075,-0.197328,-0.0415149,0.211186,-0.580729,3.29307,0,0.999505,-0.0295645,-0.0107526,-3.76381e-05,-0.0200212,0.0125341,0.022596,0,0,-0.43128,0.0196865,-0.00868087,-1,0.00056068,Idle,,0.45,0,5,0.785398,0,0,0,0,0,-0.43128,0.00325959,0.190529,0.0762401,0.639806,0.375199,0.491723,0.218394,nan,nan,nan,nan,nan,nan,nan,nan
7.5561,-0.0895374,0.200073,-0.958125,0.00123287,0.0344447,-0.0377325,-0.0527738,-0.022787,-0.00720579,0.0528161,-0.00289671,0.0202491,0.0196865,-0.00868087,-1,0.00056068,0.103763,-0.198316,-0.0418746,0.212084,-0.466646,3.33492,0,0.999659,-0.0237678,-0.0108015,2.35558e-05,0.0219106,0.00207101,0.0219961,0,0,-0.429542,0.0196865,-0.00868087,-1,0.00056068,Idle,,0.45,0,5,0.785398,0,0,0,0,0,-0.429542,0.00709722,0.199358,0.0762295,0.641587,0.369919,0.49895,0.20771,nan,nan,nan,nan,nan,nan,nan,nan
7.56306,-0.0892283,0.201129,-0.957894,0.00447116,0.0484923,-0.0335466,-0.0522232,-0.0222253,-0.00713795,0.0316962,0.048608,0.00369509,0.0196865,-0.00868087,-1,0.00056068,0.103763,-0.198316,-0.0418746,0.212084,-0.466646,3.33492,0,0.999659,-0.0237678,-0.0108015,2.35558e-05,-0.0233646,0.0116512,0.0220375,0,0,-0.431573,0.0196865,-0.00868087,-1,0.00056068,Idle,,0.45,0,5,0.785398,0,0,0,0,0,-0.429542,0.00709722,0.199358,0.0762295,0.641587,0.369919,0.49895,0.20771,nan,nan,nan,nan,nan,nan,nan,nan
7.58479,-0.0889702,0.202148,-0.957668,-0.00336826,0.0250944,-0.0382717,-0.0515068,-0.0220705,-0.007036,0.056041,-0.0034029,0.00917208,0.0196865,-0.00868087,-1,0.00056068,0.103469,-0.199319,-0.0421059,0.190712,-0.583008,3.31699,0,0.999512,-0.0296817,-0.00970965,-7.91577e-06,0.0200622,-0.00904407,0.0209781,0,0,-0.429662,0.0196865,-0.00868087,-1,0.00056068,Idle,,0.45,0,5,0.785398,0,0,0,0,0,-0.429662,0.00634935,0.193904,0.0765938,0.638744,0.373732,0.494322,0.21185,nan,nan,nan,nan,nan,nan,nan,nan
7.60053,-0.0887055,0.203168,-0.957055,-0.000335429,0.0458761,-0.0317829,-0.0510742,-0.0215765,-0.00720256,0.0245501,0.0482327,-0.0098178,0.0196865,-0.00868087,-1,0.00056068,0.103101,-0.200775,-0.0426512,0.223056,-0.584355,3.31508,0,0.999493,-0.0297481,-0.0113572,-5.76171e-05,-0.0377668,-0.00139946,0.0213704,0,0,-0.431759,0.0196865,-0.00868087,-1,0.00056068,Idle,,0.45,0,5,0.785398,0,0,0,0,0,-0.431146,0.00310846,0.199129,0.0771399,0.646759,0.369776,0.49666,0.211388,nan,nan,nan,nan,nan,nan,nan,nan
7.61259,-0.0885452,0.203632,-0.956779,-0.00228893,0.0283127,-0.0342097,-0.0510031,-0.0212485,-0.00722975,0.00772616,0.0367055,-0.000655132,0.0196865,-0.00868087,-1,0.00056068,0.10282,-0.201698,-0.0432213,0.226373,-0.458771,3.31451,0,0.99966,-0.0233676,-0.01153,1.084e-05,0.0165161,-0.00786588,0.0216072,0,0,-0.430894,0.0196865,-0.00868087,-1,0.00056068,Idle,,0.45,0,5,0.785398,0,0,0,0,0,-0.430894,0.0122238,0.195611,0.0774764,0.637911,0.378794,0.500032,0.20684,nan,nan,nan,nan,nan,nan,nan,nan
7.62208,-0.0883971,0.204114,-0.956516,-0.00449138,0.022684,-0.0392847,-0.0505769,-0.0213912,-0.00725474,0.0472812,-0.0156621,-0.00309872,0.0196865,-0.00868087,-1,0.00056068,0.10282,-0.201698,-0.0432213,0.226373,-0.458771,3.31451,0,0.99966,-0.0233676,-0.01153,1.084e-05,0.0257876,-0.0150387,0.0215852,0,0,-0.429593,0.0196865,-0.00868087,-1,0.00056068,Idle,,0.45,0,5,0.785398,0,0,0,0,0,-0.429593,0.0140041,0.197961,0.077806,0.637342,0.377419,0.501321,0.202289,nan,nan,nan,nan,nan,nan,nan,nan
7.63656,-0.0882639,0.204609,-0.95628,-9.71691e-05,0.0390157,-0.0359825,-0.0503961,-0.0214833,-0.0073126,0.0197653,-0.00979171,-0.00644606,0.0196865,-0.00868087,-1,0.00056068,0.102553,-0.202625,-0.0437199,0.202033,-0.574333,3.31937,0,0.99952,-0.0292401,-0.0102865,-2.05076e-05,-0.0319694,-8.94091e-05,0.0221473,0,0,-0.430815,0.0196865,-0.00868087,-1,0.00056068,Idle,,0.45,0,5,0.785398,0,0,0,0,0,-0.430815,0.00756264,0.207281,0.078022,0.649925,0.367712,0.504359,0.201263,nan,nan,nan,nan,nan,nan,nan,nan
7.64466,-0.088024,0.205537,-0.955863,-0.0026916,0.0367199,-0.0325007,-0.0505478,-0.020913,-0.00733793,-0.0106675,0.0235845,0.00499088,0.0196865,-0.00868087,-1,0.00056068,0.102553,-0.202625,-0.0437199,0.202033,-0.574333,3.31937,0,0.99952,-0.0292401,-0.0102865,-2.05076e-05,-0.0495635,-0.00455792,0.02197,0,0,-0.432087,0.0196865,-0.00868087,-1,0.00056068,Idle,,0.45,0,5,0.785398,0,0,0,0,0,-0.430815,0.00756264,0.207281,0.078022,0.649925,0.367712,0.504359,0.201263,nan,nan,nan,nan,nan,nan,nan,nan
7.6544,-0.0879016,0.206031,-0.95567,-0.000892855,0.0273622,-0.0379754,-0.0504022,-0.0212541,-0.00726984,0.0162379,-0.0382382,0.00607972,0.0196865,-0.00868087,-1,0.00056068,0.102325,-0.203507,-0.044137,0.222394,-0.540447,3.30342,0,0.999557,-0.0275184,-0.0113248,-3.13878e-05,-0.0495635,-0.00455792,0.02197,0,0,-0.432087,0.0196865,-0.00868087,-1,0.00056068,Idle,,0.45,0,5,0.785398,0,0,0,0,0,-0.432087,0.0100011,0.194791,0.078166,0.640784,0.379684,0.498383,0.209495,nan,nan,nan,nan,nan,nan,nan,nan
7.67775,-0.0876287,0.206955,-0.955382,-0.000568165,0.0382758,-0.0311816,-0.0505424,-0.0208179,-0.00717226,-0.0175467,0.0486687,0.00825877,0.0196865,-0.00868087,-1,0.00056068,0.101949,-0.204854,-0.0446177,0.213401,-0.576802,0.415004,0,0.99951,-0.0293648,-0.0108655,-3.88069e-05,-0.00395995,0.0146781,0.0222026,0,0,-0.430616,0.0196865,-0.00868087,-1,0.00056068,Idle,,0.45,0,5,0.785398,0,0,0,0,0,-0.430616,0.0178796,0.198322,0.0779887,0.636062,0.38111,0.505157,0.200134,nan,nan,nan,nan,nan,nan,nan,nan
7.68345,-0.0874998,0.207411,-0.95523,-0.000172437,0.0225878,-0.0363765,-0.05074,-0.0205827,-0.00710289,-0.0220962,0.0259794,0.00946751,0.0196865,-0.00868087,-1,0.00056068,0.101949,-0.204854,-0.0446177,0.213401,-0.576802,0.415004,0,0.99951,-0.0293648,-0.0108655,-3.88069e-05,0.0171874,-0.00310607,0.0211514,0,0,-0.430621,0.0196865,-0.00868087,-1,0.00056068,Idle,,0.45,0,5,0.785398,0,0,0,0,0,-0.430616,0.0178796,0.198322,0.0779887,0.636062,0.38111,0.505157,0.200134,nan,nan,nan,nan,nan,nan,nan,nan
7.70358,-0.0873072,0.208249,-0.954504,-0.00316901,0.0323366,-0.0291156,-0.0510462,-0.0206636,-0.00691353,-0.0360693,5.61507e-05,0.00591535,0.0196865,-0.00868087,-1,0.00056068,0.101733,-0.205692,-0.045142,0.21534,-0.471937,0.428048,0,0.999651,-0.024038,-0.0109678,1.66334e-05,-0.0219894,-0.0133254,0.0203173,0,0,-0.43236,0.0196865,-0.00868087,-1,0.00056068,Idle,,0.45,1,5,0.785398,0,0,0,0,0,-0.43236,0.0168323,0.202015,0.0776468,0.640816,0.379161,0.509111,0.200352,nan,nan,nan,nan,nan,nan,nan,nan
7.71875,-0.0870993,0.209053,-0.953807,-0.00462937,0.0177798,-0.0333163,-0.052007,-0.0201266,-0.00683408,-0.0459642,0.00515038,0.00877348,0.0196865,-0.00868087,-1,0.00056068,0.101556,-0.206469,-0.0458545,0.240575,-0.544976,0.394625,0,0.99954,-0.0277469,-0.0122506,-5.96885e-05,0.0245706,-0.0151671,0.0200669,0,0,-0.431505,0.0196865,-0.00868087,-1,0.00056068,Idle,,0.450065,1,5,0.785398,0,0,0,0,0,-0.431505,0.025319,0.198731,0.0775327,0.631524,0.386515,0.51205,0.19593,nan,nan,nan,nan,nan,nan,nan,nan
7.72976,-0.0869142,0.209872,-0.953184,-0.00644692,0.0303833,-0.0325217,-0.0526584,-0.0205774,-0.0066701,-0.0513805,-0.0120262,0.00189535,0.0196865,-0.00868087,-1,0.00056068,0.10135,-0.207229,-0.0465181,0.242798,-0.466636,0.419891,0,0.999641,-0.0237662,-0.0123663,-1.36516e-05,0.0211366,-0.0179808,0.0196337,0,0,-0.431352,0.0196865,-0.00868087,-1,0.00056068,Idle,,0.45,1,5,0.785398,0,0,0,0,0,-0.431505,0.025319,0.198731,0.0775327,0.631524,0.386515,0.51205,0.19593,nan,nan,nan,nan,nan,nan,nan,nan
7.74184,-0.0868412,0.210267,-0.952899,-0.00636544,0.0347694,-0.0293105,-0.0530468,-0.0204425,-0.0066664,-0.0433711,0.0150463,0.00163534,0.0196865,-0.00868087,-1,0.00056068,0.10135,-0.207229,-0.0465181,0.242798,-0.466636,0.419891,0,0.999641,-0.0237662,-0.0123663,-1.36516e-05,-0.0226365,-0.0168772,0.0196025,0,0,-0.432078,0.0196865,-0.00868087,-1,0.00056068,Idle,,0.45,1,5,0.785398,0,0,0,0,0,-0.432078,0.0140084,0.197935,0.0775648,0.639564,0.379685,0.504031,0.205032,nan,nan,nan,nan,nan,nan,nan,nan
7.75402,-0.0867549,0.210635,-0.952617,-0.00577236,0.020458,-0.029013,-0.0531895,-0.02075,-0.00660991,-0.0158845,-0.0344682,0.0048806,0.0196865,-0.00868087,-1,0.00056068,0.101201,-0.208001,-0.0471011,0.234051,-0.604719,0.395402,0,0.999455,-0.0307811,-0.0119166,-8.65943e-05,-0.0329053,-0.0140048,0.0195453,0,0,-0.432799,0.0196865,-0.00868087,-1,0.00056068,Idle,,0.45,1,5,0.785398,0,0,0,0,0,-0.432078,0.0140084,0.197935,0.0775648,0.639564,0.379685,0.504031,0.205032,nan,nan,nan,nan,nan,nan,nan,nan
7.76517,-0.0866603,0.211003,-0.95234,-0.00310264,0.0144598,-0.0333207,-0.0532363,-0.0213301,-0.00649435,-0.00504564,-0.0647927,0.00976747,0.0196865,-0.00868087,-1,0.00056068,0.101201,-0.208001,-0.0471011,0.234051,-0.604719,0.395402,0,0.999455,-0.0307811,-0.0119166,-8.65943e-05,0.0137046,-0.00861341,0.0194631,0,0,-0.432633,0.0196865,-0.00868087,-1,0.00056068,Idle,,0.45,1,5,0.785398,0,0,0,0,0,-0.432633,0.0154662,0.20749,0.0775894,0.645869,0.374539,0.512344,0.197779,nan,nan,nan,nan,nan,nan,nan,nan
7.7793,-0.0865425,0.21139,-0.952108,0.00121518,0.0252792,-0.0346172,-0.0533698,-0.0215935,-0.00651966,-0.0151219,-0.0292413,-0.00400092,0.0196865,-0.00868087,-1,0.00056068,0.100918,-0.209068,-0.0478925,0.177216,-0.554219,0.412557,0,0.999561,-0.0282198,-0.00902274,2.56856e-05,-0.0118686,0.0118276,0.0202308,0,0,-0.431827,0.0196865,-0.00868087,-1,0.00056068,Idle,,0.45,1,5,0.785398,0,0,0,0,0,-0.431818,0.0158607,0.199322,0.0776869,0.639097,0.379876,0.505939,0.20236,nan,nan,nan,nan,nan,nan,nan,nan
7.79413,-0.0863869,0.212134,-0.951576,-0.00240173,0.0141513,-0.0397444,-0.0535974,-0.0216506,-0.00647293,0.00180956,-0.017222,0.00643887,0.0196865,-0.00868087,-1,0.00056068,0.10077,-0.209774,-0.0484238,0.211594,-0.466957,0.430391,0,0.999659,-0.023784,-0.0107767,2.39702e-05,0.0242726,0.000639443,0.019496,0,0,-0.430838,0.0196865,-0.00868087,-1,0.00056068,Idle,,0.45,1,5,0.785398,0,0,0,0,0,-0.430838,0.0129637,0.199773,0.0777371,0.640535,0.376579,0.50318,0.203059,nan,nan,nan,nan,nan,nan,nan,nan
7.80406,-0.0863271,0.212488,-0.951236,-0.000479691,0.0139992,-0.0414903,-0.053394,-0.0220762,-0.00638052,0.022747,-0.0478717,0.00823453,0.0196865,-0.00868087,-1,0.00056068,0.10077,-0.209774,-0.0484238,0.211594,-0.466957,0.430391,0,0.999659,-0.023784,-0.0107767,2.39702e-05,0.0187601,0.0059367,0.0196833,0,0,-0.430605,0.0196865,-0.00868087,-1,0.00056068,Idle,,0.45,1,5,0.785398,0,0,0,0,0,-0.430605,0.00876353,0.203742,0.0777426,0.646084,0.370575,0.502776,0.202985,nan,nan,nan,nan,nan,nan,nan,nan
7.82016,-0.0862231,0.213515,-0.950366,-0.0100348,0.0101983,-0.0425444,-0.053225,-0.0222539,-0.0063357,0.0155652,0.0018342,0.00911367,0.0196865,-0.00868087,-1,0.00056068,0.100681,-0.210428,-0.0490837,0.219251,-0.595605,0.417425,0,0.999478,-0.0303191,-0.0111629,-5.82088e-05,-0.0128702,-0.00610849,0.0190999,0,0,-0.431556,0.0196865,-0.00868087,-1,0.00056068,Idle,,0.45,1,5,0.785398,0,0,0,0,0,-0.430605,0.00876353,0.203742,0.0777426,0.646084,0.370575,0.502776,0.202985,nan,nan,nan,nan,nan,nan,nan,nan
7.83596,-0.0861832,0.213853,-0.950125,-0.00513911,0.00689898,-0.0460149,-0.0528907,-0.0225875,-0.00627914,0.0372558,-0.0374391,0.00476602,0.0196865,-0.00868087,-1,0.00056068,0.100614,-0.211086,-0.0496343,0.269653,-0.456518,0.436049,0,0.999635,-0.0232492,-0.0137339,-3.90817e-05,0.0262296,-0.0207851,0.0184436,0,0,-0.430619,0.0196865,-0.00868087,-1,0.00056068,Idle,,0.45,1,5,0.785398,0,0,0,0,0,-0.430619,0.00633856,0.200622,0.0778758,0.64574,0.371213,0.498738,0.206785,nan,nan,nan,nan,nan,nan,nan,nan
7.844,-0.0861367,0.214164,-0.949913,-0.00878412,0.0228725,-0.0421456,-0.052673,-0.0225282,-0.00627918,0.0241278,0.00657842,0.000781811,0.0196865,-0.00868087,-1,0.00056068,0.100614,-0.211086,-0.0496343,0.269653,-0.456518,0.436049,0,0.999635,-0.0232492,-0.0137339,-3.90817e-05,0.0280639,-0.00283596,0.0190701,0,0,-0.429968,0.0196865,-0.00868087,-1,0.00056068,Idle,,0.45,1,5,0.785398,0,0,0,0,0,-0.430619,0.00633856,0.200622,0.0778758,0.64574,0.371213,0.498738,0.206785,nan,nan,nan,nan,nan,nan,nan,nan
7.85908,-0.0861058,0.214467,-0.949743,-0.00891015,0.0213748,-0.0433591,-0.0523649,-0.0220754,-0.00626222,0.0340572,0.0499883,0.00493439,0.0196865,-0.00868087,-1,0.00056068,0.100503,-0.21199,-0.0502574,0.247366,-0.566592,0.436478,0,0.999505,-0.0288444,-0.0125959,-8.3113e-05,-0.0278204,-0.0156013,0.0185193,0,0,-0.43106,0.0196865,-0.00868087,-1,0.00056068,Idle,,0.45,1,5,0.785398,0,0,0,0,0,-0.43106,-0.00712296,0.192817,0.0778806,0.650185,0.367659,0.484138,0.222256,nan,nan,nan,nan,nan,nan,nan,nan
7.87414,-0.0860513,0.215115,-0.949474,-0.0076079,0.00951879,-0.0500369,-0.0513167,-0.0223739,-0.00619653,0.0621428,-0.0287369,0.000383506,0.0196865,-0.00868087,-1,0.00056068,0.100451,-0.212606,-0.0505258,0.22557,-0.488856,0.461968,0,0.999624,-0.0248967,-0.0114881,-5.75238e-06,0.00636279,-0.0061595,0.0192211,0,0,-0.429447,0.0196865,-0.00868087,-1,0.00056068,Idle,,0.45,1,5,0.785398,0,0,0,0,0,-0.429636,-0.00712296,0.192817,0.0778806,0.650185,0.367659,0.484138,0.222256,nan,nan,nan,nan,nan,nan,nan,nan
7.88265,-0.0860423,0.215427,-0.949338,-0.00838907,0.0245348,-0.0426172,-0.0510175,-0.022174,-0.00630343,0.0329519,0.0228302,-0.0103531,0.0196865,-0.00868087,-1,0.00056068,0.100451,-0.212606,-0.0505258,0.22557,-0.488856,0.461968,0,0.999624,-0.0248967,-0.0114881,-5.75238e-06,-0.0449649,-0.00799344,0.0191004,0,0,-0.43114,0.0196865,-0.00868087,-1,0.00056068,Idle,,0.45,1,5,0.785398,0,0,0,0,0,-0.43114,-0.00473972,0.202684,0.0782039,0.65588,0.362771,0.492554,0.213354,nan,nan,nan,nan,nan,nan,nan,nan
7.89649,-0.0860592,0.215718,-0.949067,-0.00657746,0.0233211,-0.0434458,-0.0508327,-0.0218724,-0.00639892,0.0202506,0.0340609,-0.00852548,0.0196865,-0.00868087,-1,0.00056068,0.100458,-0.213179,-0.0509327,0.218909,-0.590021,0.433815,0,0.999487,-0.030036,-0.0111458,-5.4533e-05,-0.0382659,-0.00240023,0.0194403,0,0,-0.430978,0.0196865,-0.00868087,-1,0.00056068,Idle,,0.450103,1,5,0.785398,0,0,0,0,0,-0.430978,0.00368345,0.190131,0.07843,0.641112,0.377668,0.48925,0.215883,nan,nan,nan,nan,nan,nan,nan,nan
7.90484,-0.0860939,0.21605,-0.948857,-0.00855465,0.00806232,-0.0474754,-0.0502628,-0.0218323,-0.00645259,0.0629491,0.00463608,-0.00514139,0.0196865,-0.00868087,-1,0.00056068,0.100458,-0.213179,-0.0509327,0.218909,-0.590021,0.433815,0,0.999487,-0.030036,-0.0111458,-5.4533e-05,0.0084857,-0.0103571,0.0196419,0,0,-0.430021,0.0196865,-0.00868087,-1,0.00056068,Idle,,0.450103,1,5,0.785398,0,0,0,0,0,-0.430978,0.00368345,0.190131,0.07843,0.641112,0.377668,0.48925,0.215883,nan,nan,nan,nan,nan,nan,nan,nan
7.91225,-0.0861226,0.216562,-0.948386,-0.0110188,0.0186377,-0.0391914,-0.0498008,-0.0218126,-0.00674603,0.00799352,0.0264337,-0.0221744,0.0196865,-0.00868087,-1,0.00056068,0.100458,-0.213179,-0.0509327,0.218909,-0.590021,0.433815,0,0.999487,-0.030036,-0.0111458,-5.4533e-05,-0.0205555,-0.00169154,0.0204215,0,0,-0.430926,0.0196865,-0.00868087,-1,0.00056068,Idle,,0.45,1,5,0.785398,0,0,0,0,0,-0.430021,0.00642393,0.194106,0.0786919,0.641289,0.376099,0.492779,0.209915,nan,nan,nan,nan,nan,nan,nan,nan
7.92443,-0.086147,0.216778,-0.948183,-0.0105301,0.0123253,-0.044456,-0.0498362,-0.0216734,-0.00692556,-0.00443173,0.0163733,-0.018652,0.0196865,-0.00868087,-1,0.00056068,0.100458,-0.213179,-0.0509327,0.218909,-0.590021,0.433815,0,0.999487,-0.030036,-0.0111458,-5.4533e-05,-0.0309659,-0.0192869,0.0202613,0,0,-0.431882,0.0196865,-0.00868087,-1,0.00056068,Idle,,0.45,1,5,0.785398,0,0,0,0,0,-0.431882,0.0114987,0.192885,0.0794445,0.63945,0.383165,0.496612,0.2083,nan,nan,nan,nan,nan,nan,nan,nan
7.93454,-0.0861799,0.217026,-0.947989,-0.0122932,0.00196001,-0.0448939,-0.0496346,-0.0218612,-0.00702524,0.022161,-0.0204445,-0.0115943,0.0196865,-0.00868087,-1,0.00056068,0.100573,-0.214422,-0.0520113,0.258894,-0.449403,0.434597,0,0.999651,-0.0228894,-0.0131869,-2.16064e-05,-0.0120745,-0.0153049,0.0207141,0,0,-0.430835,0.0196865,-0.00868087,-1,0.00056068,Idle,,0.45,1,5,0.785398,0,0,0,0,0,-0.431882,0.0114987,0.192885,0.0794445,0.63945,0.383165,0.496612,0.2083,nan,nan,nan,nan,nan,nan,nan,nan
7.94761,-0.0861991,0.217255,-0.947809,-0.00811022,0.00360702,-0.0449147,-0.0497484,-0.0222137,-0.00710017,-0.0128254,-0.0387049,-0.00971422,0.0196865,-0.00868087,-1,0.00056068,0.100573,-0.214422,-0.0520113,0.258894,-0.449403,0.434597,0,0.999651,-0.0228894,-0.0131869,-2.16064e-05,0.004888,-0.0053632,0.0214642,0,0,-0.43072,0.0196865,-0.00868087,-1,0.00056068,Idle,,0.45,1,5,0.785398,0,0,0,0,0,-0.430659,0.021257,0.193499,0.0800281,0.632345,0.388991,0.502141,0.199158,nan,nan,nan,nan,nan,nan,nan,nan
7.96538,-0.0862449,0.217637,-0.947503,-0.0108574,0.0116521,-0.0446998,-0.0502615,-0.021803,-0.00730563,-0.0307321,0.0212511,-0.00778265,0.0196865,-0.00868087,-1,0.00056068,0.100606,-0.214828,-0.0523542,0.240915,-0.548342,0.416241,0,0.999535,-0.0279176,-0.0122677,-6.22595e-05,-0.0228989,-0.0137902,0.0213461,0,0,-0.431018,0.0196865,-0.00868087,-1,0.00056068,Idle,,0.45,1,5,0.785398,0,0,0,0,0,-0.431018,0.0124883,0.193532,0.0802102,0.639109,0.383309,0.49614,0.205512,nan,nan,nan,nan,nan,nan,nan,nan
7.98008,-0.0863195,0.21807,-0.947277,-0.0104029,0.000886945,-0.0472093,-0.050359,-0.0222053,-0.00723787,-0.0156543,-0.0170598,0.00228517,0.0196865,-0.00868087,-1,0.00056068,0.100673,-0.21521,-0.0526141,0.264548,-0.440604,0.443866,0,0.999657,-0.0224413,-0.0134749,-2.2164e-05,0.00229019,-0.0110089,0.0217222,0,0,-0.430458,0.0196865,-0.00868087,-1,0.00056068,Idle,,0.45,1,5,0.785398,0,0,0,0,0,-0.430458,0.0127325,0.200716,0.0801404,0.643388,0.377772,0.500901,0.199773,nan,nan,nan,nan,nan,nan,nan,nan
7.9942,-0.0863665,0.218248,-0.947022,-0.00849131,0.0128807,-0.0358904,-0.0506132,-0.021973,-0.00733761,-0.0284264,0.0261473,-0.00927363,0.0196865,-0.00868087,-1,0.00056068,0.10075,-0.215582,-0.0529777,0.224085,-0.587555,0.398807,0,0.999487,-0.02991,-0.0114094,-6.10186e-05,-0.0367114,-0.00499308,0.0218817,0,0,-0.432812,0.0196865,-0.00868087,-1,0.00056068,Idle,,0.45,1,5,0.785398,0,0,0,0,0,-0.430458,0.0127325,0.200716,0.0801404,0.643388,0.377772,0.500901,0.199773,nan,nan,nan,nan,nan,nan,nan,nan
8.00148,-0.0864221,0.218589,-0.946612,-0.00904859,-0.00837227,-0.0409886,-0.0507152,-0.0217623,-0.00729765,0.0160056,-0.00260293,0.00473424,0.0196865,-0.00868087,-1,0.00056068,0.10075,-0.215582,-0.0529777,0.224085,-0.587555,0.398807,0,0.999487,-0.02991,-0.0114094,-6.10186e-05,-0.0360483,-0.00715111,0.0217576,0,0,-0.432682,0.0196865,-0.00868087,-1,0.00056068,Idle,,0.45,1,5,0.785398,0,0,0,0,0,-0.432812,0.00715883,0.19546,0.0801125,0.645938,0.379874,0.495625,0.209812,nan,nan,nan,nan,nan,nan,nan,nan
8.02326,-0.0864784,0.218894,-0.946181,-0.00801174,0.011711,-0.0357328,-0.0511018,-0.0216946,-0.00740376,-0.0249102,0.0240611,-0.00794675,0.0196865,-0.00868087,-1,0.00056068,0.100803,-0.215906,-0.0533884,0.233782,-0.416884,0.412052,0,0.999704,-0.021236,-0.011908,2.73895e-05,-0.029731,-0.00243547,0.0222378,0,0,-0.433027,0.0196865,-0.00868087,-1,0.00056068,Idle,,0.45,1,5,0.785398,0,0,0,0,0,-0.433027,0.0156166,0.198802,0.0800013,0.642424,0.383595,0.504293,0.201795,nan,nan,nan,nan,nan,nan,nan,nan
8.03399,-0.0865194,0.219044,-0.945997,-0.012968,-0.00531012,-0.0397939,-0.0513625,-0.0216303,-0.00739262,-0.0288739,0.00689572,0.00219702,0.0196865,-0.00868087,-1,0.00056068,0.100896,-0.216339,-0.0540033,0.269583,-0.451239,0.403935,0,0.999642,-0.0229815,-0.0137309,-3.53352e-05,0.0230127,-0.0226187,0.0213941,0,0,-0.432084,0.0196865,-0.00868087,-1,0.00056068,Idle,,0.45,1,5,0.785398,0,0,0,0,0,-0.433027,0.0156166,0.198802,0.0800013,0.642424,0.383595,0.504293,0.201795,nan,nan,nan,nan,nan,nan,nan,nan
8.04639,-0.0865737,0.2192,-0.945816,-0.0117115,-0.012788,-0.0416273,-0.0515785,-0.0220521,-0.00734986,-0.0240804,-0.0475591,0.00294464,0.0196865,-0.00868087,-1,0.00056068,0.100896,-0.216339,-0.0540033,0.269583,-0.451239,0.403935,0,0.999642,-0.0229815,-0.0137309,-3.53352e-05,0.0402122,-0.0171717,0.021691,0,0,-0.431702,0.0196865,-0.00868087,-1,0.00056068,Idle,,0.45,1,5,0.785398,0,0,0,0,0,-0.432084,0.0239721,0.19868,0.079902,0.635388,0.388547,0.509272,0.195129,nan,nan,nan,nan,nan,nan,nan,nan
8.05834,-0.0866261,0.219336,-0.945636,-0.0102364,0.00515349,-0.0394432,-0.0519803,-0.0224948,-0.00729646,-0.0446253,-0.0497047,0.00396687,0.0196865,-0.00868087,-1,0.00056068,0.100997,-0.216616,-0.0543638,0.242317,-0.567702,0.40061,0,0.999506,-0.0289004,-0.0123384,-7.6369e-05,-0.0213651,-0.0114292,0.0215777,0,0,-0.432471,0.0196865,-0.00868087,-1,0.00056068,Idle,,0.45,1,5,0.785398,0,0,0,0,0,-0.432084,0.0239721,0.19868,0.079902,0.635388,0.388547,0.509272,0.195129,nan,nan,nan,nan,nan,nan,nan,nan
8.07341,-0.086693,0.219578,-0.945367,-0.0140312,-0.0105148,-0.0419199,-0.0527969,-0.0225155,-0.00728593,-0.0503035,-0.0182707,0.00120892,0.0196865,-0.00868087,-1,0.00056068,0.10106,-0.216846,-0.0546326,0.270022,-0.444808,0.408858,0,0.999649,-0.0226549,-0.0137537,-3.13671e-05,0.0303094,-0.0201985,0.0212658,0,0,-0.431845,0.0196865,-0.00868087,-1,0.00056068,Idle,,0.45,1,5,0.785398,0,0,0,0,0,-0.431845,0.0240486,0.200113,0.0797025,0.635908,0.38715,0.5103,0.194023,nan,nan,nan,nan,nan,nan,nan,nan
8.08145,-0.0867766,0.219772,-0.945072,-0.0104393,0.00440172,-0.041288,-0.0528595,-0.023551,-0.00718699,-0.0102501,-0.0421043,0.00329421,0.0196865,-0.00868087,-1,0.00056068,0.10106,-0.216846,-0.0546326,0.270022,-0.444808,0.408858,0,0.999649,-0.0226549,-0.0137537,-3.13671e-05,0.0293964,-0.0140315,0.0212262,0,0,-0.431425,0.0196865,-0.00868087,-1,0.00056068,Idle,,0.45,1,5,0.785398,0,0,0,0,0,-0.431845,0.0240486,0.200113,0.0797025,0.635908,0.38715,0.5103,0.194023,nan,nan,nan,nan,nan,nan,nan,nan
8.09316,-0.0868237,0.219853,-0.944919,-0.0101073,0.00603231,-0.0406523,-0.053104,-0.0235705,-0.00723873,-0.0272754,-0.00197365,-0.00517897,0.0196865,-0.00868087,-1,0.00056068,0.10114,-0.217031,-0.054928,0.236874,-0.587063,0.404733,0,0.999481,-0.0298841,-0.0120607,-8.02075e-05,0.0293964,-0.0140315,0.0212262,0,0,-0.431425,0.0196865,-0.00868087,-1,0.00056068,Idle,,0.45,1,5,0.785398,0,0,0,0,0,-0.431425,0.0131143,0.209115,0.0797071,0.64959,0.372636,0.508506,0.194967,nan,nan,nan,nan,nan,nan,nan,nan
8.10169,-0.0868454,0.219913,-0.944788,-0.0109133,-0.00610412,-0.0413462,-0.0530547,-0.023825,-0.00719948,0.00567361,-0.028634,0.00353456,0.0196865,-0.00868087,-1,0.00056068,0.10114,-0.217031,-0.054928,0.236874,-0.587063,0.404733,0,0.999481,-0.0298841,-0.0120607,-8.02075e-05,-0.0272002,-0.00286806,0.0216458,0,0,-0.432488,0.0196865,-0.00868087,-1,0.00056068,Idle,,0.45,1,5,0.785398,0,0,0,0,0,-0.432488,0.00439842,0.205896,0.0796752,0.654509,0.369781,0.501163,0.204501,nan,nan,nan,nan,nan,nan,nan,nan
8.11576,-0.0868768,0.219977,-0.944655,-0.00970563,-0.00951336,-0.0452417,-0.0527809,-0.0244367,-0.00717672,0.0306424,-0.0682628,-0.000412915,0.0196865,-0.00868087,-1,0.00056068,0.101235,-0.217225,-0.0553452,0.2365,-0.47534,0.418127,0,0.999634,-0.0242091,-0.0120453,-1.13518e-05,0.0115548,-0.00346437,0.021561,0,0,-0.432168,0.0196865,-0.00868087,-1,0.00056068,Idle,,0.45,1,5,0.785398,0,0,0,0,0,-0.432168,0.0135169,0.208384,0.079717,0.649542,0.374191,0.509007,0.195933,nan,nan,nan,nan,nan,nan,nan,nan
8.12542,-0.086926,0.220067,-0.944611,-0.01247,0.00172091,-0.0388203,-0.0528175,-0.0247409,-0.00718463,-0.00398759,-0.0337047,-0.00200899,0.0196865,-0.00868087,-1,0.00056068,0.101235,-0.217225,-0.0553452,0.2365,-0.47534,0.418127,0,0.999634,-0.0242091,-0.0120453,-1.13518e-05,-0.0199034,-0.00777959,0.0214487,0,0,-0.432884,0.0196865,-0.00868087,-1,0.00056068,Idle,,0.45,1,5,0.785398,0,0,0,0,0,-0.431444,0.0132864,0.204752,0.0798336,0.646529,0.375989,0.505437,0.197822,nan,nan,nan,nan,nan,nan,nan,nan
8.13784,-0.0869591,0.220091,-0.944533,-0.0113792,-0.00256683,-0.0425045,-0.0529178,-0.0247619,-0.00730597,-0.0114711,-0.00172818,-0.0130413,0.0196865,-0.00868087,-1,0.00056068,0.101313,-0.217333,-0.0554674,0.249133,-0.531406,0.406206,0,0.999553,-0.0270573,-0.012687,-6.30551e-05,-0.00460961,-0.00129038,0.0217906,0,0,-0.432132,0.0196865,-0.00868087,-1,0.00056068,Idle,,0.450049,1,5,0.785398,0,0,0,0,0,-0.432884,0.0100743,0.214707,0.0799205,0.657366,0.368206,0.511553,0.194411,nan,nan,nan,nan,nan,nan,nan,nan
8.15326,-0.0870167,0.220176,-0.944427,-0.00935102,-0.015421,-0.0458083,-0.0526629,-0.0258221,-0.00729175,0.00082979,-0.0706528,-0.000432779,0.0196865,-0.00868087,-1,0.00056068,0.101368,-0.217414,-0.0555725,0.233297,-0.454795,0.418602,0,0.999661,-0.0231651,-0.0118829,4.99425e-06,0.0274071,0.00669096,0.022446,0,0,-0.431376,0.0196865,-0.00868087,-1,0.00056068,Idle,,0.450049,1,5,0.785398,0,0,0,0,0,-0.431376,0.0117709,0.211255,0.0801714,0.652469,0.370589,0.508556,0.193891,nan,nan,nan,nan,nan,nan,nan,nan
8.16053,-0.0870382,0.220173,-0.944381,-0.0107624,-0.00707159,-0.0401538,-0.0527655,-0.0260847,-0.00738092,-0.0115962,-0.0287743,-0.0108595,0.0196865,-0.00868087,-1,0.00056068,0.101368,-0.217414,-0.0555725,0.233297,-0.454795,0.418602,0,0.999661,-0.0231651,-0.0118829,4.99425e-06,-0.00419973,0.00303616,0.0223321,0,0,-0.432612,0.0196865,-0.00868087,-1,0.00056068,Idle,,0.450049,1,5,0.785398,0,0,0,0,0,-0.432612,0.0117709,0.211255,0.0801714,0.652469,0.370589,0.508556,0.193891,nan,nan,nan,nan,nan,nan,nan,nan
8.17536,-0.087081,0.220177,-0.944346,-0.0157384,-0.0231263,-0.0516672,-0.0524434,-0.0263841,-0.00738049,0.0231392,-0.0252832,0.0044938,0.0196865,-0.00868087,-1,0.00056068,0.101406,-0.217393,-0.0556567,0.242704,-0.529303,0.41378,0,0.99956,-0.0269504,-0.0123594,-5.28607e-05,-0.00510021,0.00497318,0.0224452,0,0,-0.431772,0.0196865,-0.00868087,-1,0.00056068,Idle,,0.450053,1,5,0.785398,0,0,0,0,0,-0.431772,0.00771924,0.19718,0.0803667,0.65743,0.368331,0.505379,0.19931,nan,nan,nan,nan,nan,nan,nan,nan
8.18608,-0.0870738,0.22015,-0.944279,-0.0134278,-0.0231449,-0.0511172,-0.052174,-0.026924,-0.00740481,0.0300284,-0.0599809,-0.00529795,0.0196865,-0.00868087,-1,0.00056068,0.101406,-0.217393,-0.0556567,0.242704,-0.529303,0.41378,0,0.99956,-0.0269504,-0.0123594,-5.28607e-05,0.0416026,-0.0100651,0.0219841,0,0,-0.430322,0.0196865,-0.00868087,-1,0.00056068,Idle,,0.450053,1,5,0.785398,0,0,0,0,0,-0.430322,0.00804998,0.205104,0.0804138,0.649939,0.371496,0.500282,0.199573,nan,nan,nan,nan,nan,nan,nan,nan
8.19843,-0.0870842,0.220093,-0.944214,-0.0147902,-0.00762285,-0.0433207,-0.0518942,-0.0268049,-0.00753799,0.0309383,0.0140199,-0.0134621,0.0196865,-0.00868087,-1,0.00056068,0.101422,-0.217389,-0.0557209,0.262651,-0.432776,0.438522,0,0.999667,-0.0220428,-0.0133782,-1.46577e-05,0.0320446,-0.00126199,0.0226492,0,0,-0.43045,0.0196865,-0.00868087,-1,0.00056068,Idle,,0.45,1,5,0.785398,0,0,0,0,0,-0.43045,0.00770481,0.188774,0.0805242,0.638874,0.383036,0.488514,0.211375,nan,nan,nan,nan,nan,nan,nan,nan
8.21539,-0.0870728,0.219969,-0.944114,-0.0117687,-0.021662,-0.0475043,-0.0511093,-0.0263055,-0.00768565,0.0586409,0.023271,-0.00863231,0.0196865,-0.00868087,-1,0.00056068,0.101421,-0.217218,-0.0558857,0.247796,-0.444452,0.422834,0,0.999664,-0.0226378,-0.0126215,-5.4748e-06,0.0224759,0.00187924,0.0236581,0,0,-0.431177,0.0196865,-0.00868087,-1,0.00056068,Idle,,0.45,1,5,0.785398,0,0,0,0,0,-0.43257,-0.00619201,0.193567,0.0808928,0.654578,0.37231,0.483825,0.219567,nan,nan,nan,nan,nan,nan,nan,nan
8.22104,-0.0870671,0.219893,-0.944095,-0.00982947,-0.0281589,-0.048402,-0.0504797,-0.0263421,-0.0078158,0.070278,-0.00334321,-0.0141446,0.0196865,-0.00868087,-1,0.00056068,0.101421,-0.217218,-0.0558857,0.247796,-0.444452,0.422834,0,0.999664,-0.0226378,-0.0126215,-5.4748e-06,0.0340693,0.00554059,0.0241037,0,0,-0.430944,0.0196865,-0.00868087,-1,0.00056068,Idle,,0.45,1,5,0.785398,0,0,0,0,0,-0.43257,-0.00619201,0.193567,0.0808928,0.654578,0.37231,0.483825,0.219567,nan,nan,nan,nan,nan,nan,nan,nan
8.24288,-0.0870522,0.219687,-0.944184,-0.0105257,-0.0208689,-0.0458379,-0.0496671,-0.0251976,-0.00828343,0.0350273,0.0704055,-0.018703,0.0196865,-0.00868087,-1,0.00056068,0.101414,-0.217062,-0.0559109,0.215739,-0.573728,0.412511,0,0.999513,-0.0292088,-0.0109848,-4.05993e-05,-0.0342694,0.0109164,0.0252098,0,0,-0.431912,0.0196865,-0.00868087,-1,0.00056068,Idle,,0.45,1,5,0.785398,0,0,0,0,0,-0.431912,-0.000875951,0.194385,0.0819466,0.651793,0.375886,0.486452,0.213518,nan,nan,nan,nan,nan,nan,nan,nan
8.25657,-0.087056,0.21959,-0.944233,-0.00763504,-0.0269513,-0.0512548,-0.0490856,-0.0250538,-0.00845691,0.0644537,0.0169675,-0.01794,0.0196865,-0.00868087,-1,0.00056068,0.101405,-0.216858,-0.0557669,0.229888,-0.436588,0.43765,0,0.999684,-0.0222391,-0.0117096,1.98596e-05,0.0180959,0.00446633,0.0258024,0,0,-0.430461,0.0196865,-0.00868087,-1,0.00056068,Idle,,0.45,1,5,0.785398,0,0,0,0,0,-0.431554,-0.00265231,0.19443,0.0823382,0.653114,0.374632,0.484478,0.213992,nan,nan,nan,nan,nan,nan,nan,nan
8.26646,-0.0870377,0.219482,-0.944299,-0.00610121,-0.0120271,-0.0491938,-0.0483554,-0.0249908,-0.00866467,0.0804968,0.00812449,-0.0221013,0.0196865,-0.00868087,-1,0.00056068,0.101405,-0.216858,-0.0557669,0.229888,-0.436588,0.43765,0,0.999684,-0.0222391,-0.0117096,1.98596e-05,-0.0333676,0.00564752,0.0263828,0,0,-0.431097,0.0196865,-0.00868087,-1,0.00056068,Idle,,0.45,1,5,0.785398,0,0,0,0,0,-0.430461,0.00124314,0.198883,0.0826491,0.652726,0.373456,0.488977,0.206686,nan,nan,nan,nan,nan,nan,nan,nan
8.27637,-0.0869991,0.219235,-0.944474,-0.010726,-0.0312233,-0.0475464,-0.0478331,-0.0242491,-0.00905661,0.0113458,0.0426474,-0.0178846,0.0196865,-0.00868087,-1,0.00056068,0.101378,-0.216636,-0.0556164,0.244868,-0.538757,0.414908,0,0.999546,-0.0274311,-0.0124697,-6.18316e-05,-0.0272289,-0.00478803,0.0267863,0,0,-0.431745,0.0196865,-0.00868087,-1,0.00056068,Idle,,0.45,1,5,0.785398,0,0,0,0,0,-0.430461,0.00124314,0.198883,0.0826491,0.652726,0.373456,0.488977,0.206686,nan,nan,nan,nan,nan,nan,nan,nan
8.29399,-0.0868422,0.218928,-0.94457,-0.0032608,-0.0211232,-0.0511372,-0.0470866,-0.0242656,-0.00920592,0.0228704,-0.013559,-0.00808662,0.0196865,-0.00868087,-1,0.00056068,0.101202,-0.216228,-0.0554302,0.211151,-0.517662,0.437973,0,0.999595,-0.0263617,-0.0107529,-3.19036e-06,0.0233766,0.00533259,0.0275291,0,0,-0.429896,0.0196865,-0.00868087,-1,0.00056068,Idle,,0.45,1,5,0.785398,0,0,0,0,0,-0.429896,0.0156133,0.192833,0.0831504,0.638223,0.38783,0.493796,0.199733,nan,nan,nan,nan,nan,nan,nan,nan
8.30448,-0.0867512,0.218761,-0.944674,-0.00458148,-0.0193853,-0.0531135,-0.0471609,-0.0238111,-0.00929768,-0.00824202,0.050928,-0.00728947,0.0196865,-0.00868087,-1,0.00056068,0.101202,-0.216228,-0.0554302,0.211151,-0.517662,0.437973,0,0.999595,-0.0263617,-0.0107529,-3.19036e-06,-0.0259052,0.00101824,0.0275905,0,0,-0.430262,0.0196865,-0.00868087,-1,0.00056068,Idle,,0.45,1,5,0.785398,0,0,0,0,0,-0.430601,0.00829658,0.197961,0.0831261,0.647703,0.379712,0.492975,0.202013,nan,nan,nan,nan,nan,nan,nan,nan
8.31565,-0.0865996,0.218411,-0.944913,-0.0104182,-0.0345606,-0.0573268,-0.0470679,-0.0237363,-0.00928814,0.0212322,-0.0163347,0.00384708,0.0196865,-0.00868087,-1,0.00056068,0.100972,-0.215737,-0.0550869,0.268384,-0.429065,0.46401,0,0.999668,-0.0218544,-0.0136707,-1.85358e-05,0.015232,-0.0181165,0.0273198,0,0,-0.429278,0.0196865,-0.00868087,-1,0.00056068,Idle,,0.45,1,5,0.785398,0,0,0,0,0,-0.430601,0.00829658,0.197961,0.0831261,0.647703,0.379712,0.492975,0.202013,nan,nan,nan,nan,nan,nan,nan,nan
8.32847,-0.0865357,0.218246,-0.945041,-0.00998233,-0.01732,-0.0498247,-0.0472884,-0.0237544,-0.00928524,-0.0243132,-0.00185756,0.000670102,0.0196865,-0.00868087,-1,0.00056068,0.100972,-0.215737,-0.0550869,0.268384,-0.429065,0.46401,0,0.999668,-0.0218544,-0.0136707,-1.85358e-05,0.01531,-0.0160603,0.0270748,0,0,-0.429278,0.0196865,-0.00868087,-1,0.00056068,Idle,,0.45,1,5,0.785398,0,0,0,0,0,-0.429278,0.014941,0.194851,0.0828305,0.639188,0.384991,0.494449,0.198485,nan,nan,nan,nan,nan,nan,nan,nan
8.34413,-0.086387,0.217911,-0.94536,-0.00066112,-0.0282164,-0.0572596,-0.047343,-0.0231736,-0.00924804,0.0110298,0.00928477,0.0069489,0.0196865,-0.00868087,-1,0.00056068,0.100911,-0.215581,-0.0549588,0.26176,-0.567875,0.436593,0,0.999493,-0.0289082,-0.0133288,-0.000105124,-0.0332915,-0.00901363,0.0271706,0,0,-0.430634,0.0196865,-0.00868087,-1,0.00056068,Idle,,0.45,1,5,0.785398,0,0,0,0,0,-0.430933,0.00435265,0.19693,0.0826407,0.64961,0.377499,0.490276,0.206348,nan,nan,nan,nan,nan,nan,nan,nan
8.36064,-0.0862465,0.217555,-0.945754,-0.00581264,-0.0237392,-0.0545566,-0.0471658,-0.0231761,-0.00914258,-0.0054216,0.0133544,0.00307867,0.0196865,-0.00868087,-1,0.00056068,0.10077,-0.215263,-0.0546396,0.192824,-0.467914,0.465402,0,0.999668,-0.023834,-0.00982051,4.6239e-05,0.0199811,0.000294824,0.0271966,0,0,-0.428421,0.0196865,-0.00868087,-1,0.00056068,Idle,,0.45,1,5,0.785398,0,0,0,0,0,-0.428421,0.0139436,0.196063,0.0819523,0.639015,0.381693,0.494622,0.198354,nan,nan,nan,nan,nan,nan,nan,nan
0.0143464,-0.0861334,0.217367,-0.945945,-0.00717437,-0.019688,-0.0518238,-0.0471519,-0.0231526,-0.00913358,0.00179155,0.00273275,0.00148953,0.0196865,-0.00868087,-1,0.00056068,0.100529,-0.214746,-0.0540549,0.255073,-0.547545,0.446483,0,0.999527,-0.0278764,-0.012989,-8.18788e-05,-0.023178,-0.00918056,0.0268499,0,0,-0.429802,0,0,-1,-0.00914258,StepHold,step_start,0.45006,1,5,0.785398,0,0,0,0,0,-0.429802,0.00284797,0.202291,0.0817145,0.652408,0.370586,0.492796,0.203417,nan,nan,nan,nan,nan,nan,nan,nan
0.0185301,-0.0859943,0.217172,-0.946149,-0.00746053,-0.0332549,-0.0547351,-0.0468556,-0.0234426,-0.00893736,0.0337431,-0.0329534,0.020651,0.0196865,-0.00868087,-1,0.00056068,0.100529,-0.214746,-0.0540549,0.255073,-0.547545,0.446483,0,0.999527,-0.0278764,-0.012989,-8.18788e-05,-0.0346926,-0.0121541,0.0261879,0,0,-0.430341,0,0,-1,-0.00914258,StepHold,,0.45006,1,5,0.785398,0,0,0,0,0,-0.430341,-0.00180549,0.204728,0.0814761,0.657722,0.365873,0.492004,0.205763,nan,nan,nan,nan,nan,nan,nan,nan
0.0334047,-0.085857,0.21697,-0.946425,-0.006511,-0.0268361,-0.0528883,-0.0465956,-0.0239147,-0.00877991,0.0294441,-0.0527322,0.015304,0.0196865,-0.00868087,-1,0.00056068,0.100266,-0.214369,-0.0535755,0.246957,-0.49764,0.452317,0,0.9996,-0.0253414,-0.0125771,-3.84851e-05,-0.0151123,-0.00707512,0.025985,0,0,-0.429933,0,0,-1,-0.00914258,StepHold,,0.45,1,5,0.785398,0,0,0,0,0,-0.429533,0.00989283,0.200704,0.0812306,0.657722,0.365873,0.492004,0.205763,nan,nan,nan,nan,nan,nan,nan,nan
0.040383,-0.0857276,0.216785,-0.946641,-0.00638853,-0.0179096,-0.0507521,-0.0465999,-0.0241847,-0.00874161,-0.000154893,-0.0300609,0.00319006,0.0196865,-0.00868087,-1,0.00056068,0.100266,-0.214369,-0.0535755,0.246957,-0.49764,0.452317,0,0.9996,-0.0253414,-0.0125771,-3.84851e-05,-0.0365713,0.0103006,-0.000991334,0,0,-0.430362,0,0,-1,-0.00914258,StepHold,,0.45,1,5,0.785398,0,0,0,0,0,-0.430362,0.00340821,0.213013,0.0809472,0.659387,0.363194,0.502097,0.196772,nan,nan,nan,nan,nan,nan,nan,nan
0.0510063,-0.0855875,0.216586,-0.946861,-0.00628036,-0.028479,-0.0517218,-0.0464074,-0.02439,-0.00867305,0.0218379,-0.0228649,0.00686091,0.0196865,-0.00868087,-1,0.00056068,0.100266,-0.214369,-0.0535755,0.246957,-0.49764,0.452317,0,0.9996,-0.0253414,-0.0125771,-3.84851e-05,-0.00130689,0.0126826,-0.000986121,0,0,-0.429947,0,0,-1,-0.00914258,StepHold,,0.45,1,5,0.785398,0,0,0,0,0,-0.429947,0.00765674,0.205074,0.0802293,0.649636,0.370678,0.499792,0.19968,nan,nan,nan,nan,nan,nan,nan,nan
0.061246,-0.0854599,0.216405,-0.947066,-0.0072075,-0.0382064,-0.0540776,-0.0460825,-0.024931,-0.00856558,0.0366933,-0.0603999,0.0094492,0.0196865,-0.00868087,-1,0.00056068,0.100266,-0.214369,-0.0535755,0.246957,-0.49764,0.452317,0,0.9996,-0.0253414,-0.0125771,-3.84851e-05,0.0253137,0.0103206,-0.00105149,0,0,-0.429358,0,0,-1,-0.00914258,StepHold,,0.45,1,5,0.785398,0,0,0,0,0,-0.429358,0.0102602,0.202963,0.0797383,0.645223,0.372933,0.500043,0.199234,nan,nan,nan,nan,nan,nan,nan,nan
0.0716014,-0.0851647,0.216031,-0.947454,-0.000717035,-0.0174322,-0.045725,-0.0460308,-0.0256694,-0.00857973,0.00221553,-0.0109196,-0.00863268,0,0,-1,-0.00914258,0.0810509,-0.205417,-0.052747,0.170634,-0.488626,0.436498,0,0.999641,-0.0248452,-0.00881007,-0.00479111,-0.0143895,0.0313388,-0.000527523,0,0,-0.430628,0,0,-1,-0.00914258,StepHold,,0.45,1,5,0.785398,0,0,0,0,0,-0.429358,0.0102602,0.202963,0.0797383,0.645223,0.372933,0.500043,0.199234,nan,nan,nan,nan,nan,nan,nan,nan
0.0894103,-0.0849032,0.215624,-0.947866,-0.00960543,-0.0399115,-0.0500937,-0.045839,-0.0262378,-0.0086792,0.0250757,-0.0505569,-0.00128207,0,0,-1,-0.00914258,0.0807719,-0.205026,-0.0523364,0.208316,-0.456638,0.426106,0,0.999662,-0.0232075,-0.0107227,-0.00482063,-0.00198057,0.0183631,-0.000705729,0,0,-0.431011,0,0,-1,-0.00914258,StepHold,,0.45,1,5,0.785398,0,0,0,0,0,-0.431011,0.00579595,0.208463,0.0788603,0.653043,0.366661,0.503303,0.201035,nan,nan,nan,nan,nan,nan,nan,nan
0.104476,-0.084786,0.215428,-0.948076,-0.00497681,-0.0333433,-0.0491596,-0.0458411,-0.0267585,-0.00877368,-0.00031923,-0.057091,-0.0129425,0,0,-1,-0.00914258,0.0807719,-0.205026,-0.0523364,0.208316,-0.456638,0.426106,0,0.999662,-0.0232075,-0.0107227,-0.00482063,0.027169,0.00627913,-0.000846785,0,0,-0.429975,0,0,-1,-0.00914258,StepHold,,0.45,1,5,0.785398,0,0,0,0,0,-0.429975,0.0167729,0.199547,0.0787387,0.637821,0.379571,0.50385,0.19866,nan,nan,nan,nan,nan,nan,nan,nan
0.114276,-0.0846527,0.215206,-0.948285,-0.00689384,-0.0230689,-0.0428785,-0.0460552,-0.0267408,-0.00890716,-0.0240729,0.00297684,-0.014562,0,0,-1,-0.00914258,0.0804201,-0.204446,-0.0517148,0.217976,-0.530699,0.420622,0,0.999561,-0.0269687,-0.011231,-0.00487507,-0.0313278,0.0173567,-0.00015475,0,0,-0.431499,0,0,-1,-0.00914258,StepHold,,0.45,1,5,0.785398,0,0,0,0,0,-0.430192,0.0114643,0.205913,0.0787536,0.646306,0.371547,0.504796,0.198116,nan,nan,nan,nan,nan,nan,nan,nan
0.123389,-0.0845174,0.214971,-0.948508,-0.00841544,-0.0290285,-0.045146,-0.0463042,-0.0266779,-0.00903768,-0.0277936,0.00794129,-0.01393,0,0,-1,-0.00914258,0.0804201,-0.204446,-0.0517148,0.217976,-0.530699,0.420622,0,0.999561,-0.0269687,-0.011231,-0.00487507,-0.00803571,0.0133333,0.000139691,0,0,-0.430939,0,0,-1,-0.00914258,StepHold,,0.45,1,5,0.785398,0,0,0,0,0,-0.431499,0.0140489,0.202204,0.0787972,0.643208,0.377349,0.505266,0.200175,nan,nan,nan,nan,nan,nan,nan,nan
0.134878,-0.0843392,0.214815,-0.948765,-0.00980033,-0.0404096,-0.056094,-0.0464728,-0.0268318,-0.0091061,-0.0188979,-0.0165352,-0.0082692,0,0,-1,-0.00914258,0.0801223,-0.204074,-0.0512354,0.234033,-0.394602,0.473731,0,0.999715,-0.0200452,-0.0120194,-0.00481219,0.0268212,0.00927476,0.000475542,0,0,-0.42873,0,0,-1,-0.00914258,StepHold,,0.45,1,5,0.785398,0,0,0,0,0,-0.42873,0.0227112,0.19264,0.0788453,0.627599,0.387515,0.501816,0.19799,nan,nan,nan,nan,nan,nan,nan,nan
0.150147,-0.0840114,0.214379,-0.949415,-0.0083074,-0.0269434,-0.0492126,-0.0467454,-0.0262955,-0.00946997,-0.0168149,0.075134,-0.0194149,0,0,-1,-0.00914258,0.0798108,-0.20366,-0.0505854,0.221093,-0.509486,0.448947,0,0.999588,-0.0258906,-0.0113855,-0.0048668,-0.0209485,0.0132269,0.0012662,0,0,-0.430087,0,0,-1,-0.00914258,StepHold,,0.45,1,5,0.785398,0,0,0,0,0,-0.430087,0.00462169,0.192816,0.0789844,0.642011,0.376096,0.490367,0.211875,nan,nan,nan,nan,nan,nan,nan,nan
0.156464,-0.083707,0.214037,-0.950028,-0.00573991,-0.0361605,-0.0552585,-0.0466803,-0.025764,-0.00965979,0.0132717,0.0177627,-0.0103307,0,0,-1,-0.00914258,0.0798108,-0.20366,-0.0505854,0.221093,-0.509486,0.448947,0,0.999588,-0.0258906,-0.0113855,-0.0048668,0.0221169,0.00589145,0.00163028,0,0,-0.428702,0,0,-1,-0.00914258,StepHold,,0.45,1,5,0.785398,0,0,0,0,0,-0.430087,0.00462169,0.192816,0.0789844,0.642011,0.376096,0.490367,0.211875,nan,nan,nan,nan,nan,nan,nan,nan
0.168291,-0.0835593,0.213855,-0.950325,-0.00227548,-0.0220689,-0.0474009,-0.0467239,-0.0253983,-0.00983425,-0.00532155,0.0422245,-0.0174222,0,0,-1,-0.00914258,0.0795217,-0.203335,-0.049972,0.196325,-0.448251,0.475652,0,0.999678,-0.0227852,-0.0101101,-0.00480218,0.0221169,0.00589145,0.00163028,0,0,-0.428702,0,0,-1,-0.00914258,StepHold,,0.45,1,5,0.785398,0,0,0,0,0,-0.428702,0.015317,0.191423,0.0790484,0.632142,0.383322,0.495497,0.203847,nan,nan,nan,nan,nan,nan,nan,nan
0.179046,-0.0833923,0.213668,-0.950637,-0.00122643,-0.0227832,-0.0489156,-0.0467344,-0.0246285,-0.0100286,-0.0016593,0.0870607,-0.0174549,0,0,-1,-0.00914258,0.0795217,-0.203335,-0.049972,0.196325,-0.448251,0.475652,0,0.999678,-0.0227852,-0.0101101,-0.00480218,-0.0388998,0.0254163,0.00340313,0,0,-0.430315,0,0,-1,-0.00914258,StepHold,,0.45,1,5,0.785398,0,0,0,0,0,-0.430315,0.00557702,0.19422,0.0792713,0.642842,0.376293,0.491975,0.210148,nan,nan,nan,nan,nan,nan,nan,nan
0.19075,-0.0832078,0.213484,-0.950964,-0.0011297,-0.0406555,-0.0537087,-0.0466103,-0.0239909,-0.0102109,0.0133757,0.0722881,-0.0168056,0,0,-1,-0.00914258,0.0790474,-0.202809,-0.0490359,0.177865,-0.395092,0.473237,0,0.999745,-0.0200858,-0.00915748,-0.00475559,-0.0312848,0.0234101,0.00382355,0,0,-0.429931,0,0,-1,-0.00914258,StepHold,,0.45,1,5,0.785398,0,0,0,0,0,-0.429931,0.00282418,0.202418,0.0794747,0.650406,0.368369,0.495236,0.205713,nan,nan,nan,nan,nan,nan,nan,nan
0.201821,-0.0830526,0.213282,-0.951284,-0.00383881,-0.038589,-0.0551247,-0.0463685,-0.0239833,-0.0104109,0.026439,0.00228694,-0.0220669,0,0,-1,-0.00914258,0.0790474,-0.202809,-0.0490359,0.177865,-0.395092,0.473237,0,0.999745,-0.0200858,-0.00915748,-0.00475559,0.0148224,0.00990367,0.00429812,0,0,-0.428455,0,0,-1,-0.00914258,StepHold,,0.45,1,5,0.785398,0,0,0,0,0,-0.428702,0.0226991,0.198046,0.0797168,0.632273,0.384528,0.50473,0.193279,nan,nan,nan,nan,nan,nan,nan,nan
0.215939,-0.0829196,0.213095,-0.95163,-0.00537047,-0.0279422,-0.0534104,-0.0464547,-0.0236873,-0.0106277,-0.0100885,0.0342638,-0.0223382,0,0,-1,-0.00914258,0.0787736,-0.20244,-0.0483696,0.214058,-0.511663,0.474909,0,0.999589,-0.0260033,-0.0110275,-0.00485884,-0.0214317,0.0048093,0.00463033,0,0,-0.428892,0,0,-1,-0.00914258,StepHold,,0.45,1,5,0.785398,0,0,0,0,0,-0.428455,0.012942,0.197163,0.0799137,0.638498,0.378202,0.496763,0.200357,nan,nan,nan,nan,nan,nan,nan,nan
0.228955,-0.0825887,0.212749,-0.952314,-0.00738581,-0.0389508,-0.0536293,-0.0465484,-0.0231839,-0.0110588,0.0123888,-0.00676421,-0.0215662,0,0,-1,-0.00914258,0.0784593,-0.202112,-0.0476855,0.221562,-0.418688,0.478622,0,0.999697,-0.0212731,-0.0113888,-0.00481375,0.0169197,0.000715059,0.00572067,0,0,-0.428536,0,0,-1,-0.00914258,StepHold,,0.45,1,5,0.785398,0,0,0,0,0,-0.428536,0.0138914,0.19725,0.080388,0.638444,0.379368,0.497103,0.199232,nan,nan,nan,nan,nan,nan,nan,nan
0.238258,-0.0823849,0.212602,-0.952644,-0.00620058,-0.0426569,-0.0559786,-0.0463644,-0.0233614,-0.0112273,0.0199445,-0.0184027,-0.0193875,0,0,-1,-0.00914258,0.0784593,-0.202112,-0.0476855,0.221562,-0.418688,0.478622,0,0.999697,-0.0212731,-0.0113888,-0.00481375,0.0237483,0.00421246,0.00647216,0,0,-0.427998,0,0,-1,-0.00914258,StepHold,,0.45,1,5,0.785398,0,0,0,0,0,-0.427998,0.0121408,0.207541,0.0805917,0.646624,0.370518,0.502397,0.192453,nan,nan,nan,nan,nan,nan,nan,nan
0.248989,-0.0819793,0.212246,-0.95346,-0.00520039,-0.0344604,-0.0575543,-0.0466332,-0.022939,-0.0117209,-0.0131042,0.0401322,-0.0291542,0,0,-1,-0.00914258,0.0780634,-0.201846,-0.0470059,0.19672,-0.510312,0.486912,0,0.9996,-0.025939,-0.0101436,-0.00483531,-0.0204233,0.00909533,0.00754055,0,0,-0.428321,0,0,-1,-0.00914258,StepHold,,0.45,1,5,0.785398,0,0,0,0,0,-0.427998,0.0121408,0.207541,0.0805917,0.646624,0.370518,0.502397,0.192453,nan,nan,nan,nan,nan,nan,nan,nan
0.258818,-0.0817833,0.212098,-0.95385,-0.00752165,-0.0424095,-0.061094,-0.046422,-0.0230096,-0.0119276,0.0229927,-0.00636664,-0.0232199,0,0,-1,-0.00914258,0.0780634,-0.201846,-0.0470059,0.19672,-0.510312,0.486912,0,0.9996,-0.025939,-0.0101436,-0.00483531,-0.00389982,0.00654636,0.00802004,0,0,-0.427666,0,0,-1,-0.00914258,StepHold,,0.45,1,5,0.785398,0,0,0,0,0,-0.428321,0.011604,0.200724,0.0808639,0.642778,0.375555,0.49725,0.197703,nan,nan,nan,nan,nan,nan,nan,nan
0.273773,-0.0815995,0.211956,-0.954254,-0.00360956,-0.0341809,-0.0602683,-0.0462807,-0.0232801,-0.0120787,0.0152147,-0.0288553,-0.0179522,0,0,-1,-0.00914258,0.0776941,-0.201493,-0.0461496,0.221494,-0.410259,0.51523,0,0.999706,-0.0208454,-0.011384,-0.00480874,0.0190255,0.000764631,0.00824981,0,0,-0.426839,0,0,-1,-0.00914258,StepHold,,0.45,1,5,0.785398,0,0,0,0,0,-0.427666,0.00405079,0.202665,0.0811445,0.649117,0.368466,0.492346,0.200735,nan,nan,nan,nan,nan,nan,nan,nan
0.29197,-0.0812494,0.211597,-0.955049,-0.00283483,-0.0270856,-0.0545997,-0.0462763,-0.0229466,-0.0126381,0.00775691,0.0299279,-0.0280807,0,0,-1,-0.00914258,0.0771869,-0.201017,-0.0449507,0.191478,-0.519709,0.494722,0,0.99959,-0.0264188,-0.00987887,-0.00483328,-0.0261582,0.0122972,0.010311,0,0,-0.42798,0,0,-1,-0.00914258,StepHold,,0.45,1,5,0.785398,0,0,0,0,0,-0.428254,0.00403545,0.209832,0.0818764,0.655515,0.364708,0.497256,0.195537,nan,nan,nan,nan,nan,nan,nan,nan
0.298693,-0.0810908,0.211457,-0.955465,-0.00519857,-0.0392089,-0.060973,-0.046095,-0.023025,-0.0127993,0.0195346,-0.0074382,-0.018014,0,0,-1,-0.00914258,0.0771869,-0.201017,-0.0449507,0.191478,-0.519709,0.494722,0,0.99959,-0.0264188,-0.00987887,-0.00483328,0.0130528,0.00406154,0.0107954,0,0,-0.42654,0,0,-1,-0.00914258,StepHold,,0.45,1,5,0.785398,0,0,0,0,0,-0.428254,0.00403545,0.209832,0.0818764,0.655515,0.364708,0.497256,0.195537,nan,nan,nan,nan,nan,nan,nan,nan
0.317176,-0.080789,0.211125,-0.956321,-0.00399195,-0.0260374,-0.0510582,-0.0459496,-0.0232505,-0.0132361,0.00712012,0.00786639,-0.0259852,0,0,-1,-0.00914258,0.0768878,-0.200746,-0.0441041,0.200393,-0.435578,0.517851,0,0.99969,-0.0221396,-0.0103147,-0.00480008,-0.033888,0.00934789,0.0116918,0,0,-0.428411,0,0,-1,-0.00914258,StepHold,,0.45,1,5,0.785398,0,0,0,0,0,-0.428411,-0.00177412,0.205843,0.0823644,0.657447,0.364064,0.489998,0.202133,nan,nan,nan,nan,nan,nan,nan,nan
0.329366,-0.0806202,0.210985,-0.956713,-0.00401506,-0.029171,-0.0504419,-0.0458094,-0.0231836,-0.0133772,0.0150982,0.00854713,-0.0151429,0,0,-1,-0.00914258,0.0765892,-0.200435,-0.0432873,0.201932,-0.502293,0.485612,0,0.999608,-0.0255307,-0.0104077,-0.00483782,-0.0204396,0.00967843,0.0122304,0,0,-0.428368,0,0,-1,-0.00914258,StepHold,,0.450106,1,5,0.785398,0,0,0,0,0,-0.428411,-0.00177412,0.205843,0.0823644,0.657447,0.364064,0.489998,0.202133,nan,nan,nan,nan,nan,nan,nan,nan
0.338247,-0.0802725,0.210776,-0.957547,-0.00707503,-0.0423535,-0.0598619,-0.0451482,-0.0235835,-0.0135633,0.0386019,-0.0278071,-0.0137525,0,0,-1,-0.00914258,0.0765892,-0.200435,-0.0432873,0.201932,-0.502293,0.485612,0,0.999608,-0.0255307,-0.0104077,-0.00483782,0.022355,0.00392791,0.0125016,0,0,-0.426401,0,0,-1,-0.00914258,StepHold,,0.450106,1,5,0.785398,0,0,0,0,0,-0.428368,0.00428565,0.198785,0.082408,0.648172,0.373342,0.489208,0.20275,nan,nan,nan,nan,nan,nan,nan,nan
0.353978,-0.0801379,0.210641,-0.957954,-0.00799608,-0.0259622,-0.0535347,-0.04487,-0.0233433,-0.0137891,0.0302755,0.02836,-0.0236153,0,0,-1,-0.00914258,0.0762589,-0.200237,-0.0424533,0.222217,-0.416771,0.527056,0,0.999699,-0.0211753,-0.0114217,-0.00481332,0.0109032,0.000408508,0.0130312,0,0,-0.426308,0,0,-1,-0.00914258,StepHold,,0.45,1,5,0.785398,0,0,0,0,0,-0.426308,0.003082,0.192587,0.0824721,0.642645,0.374877,0.481854,0.205857,nan,nan,nan,nan,nan,nan,nan,nan
0.369358,-0.0798651,0.210332,-0.958832,-0.00607977,-0.0445368,-0.0563933,-0.0442771,-0.0229037,-0.0141935,0.040245,0.0137487,-0.021374,0,0,-1,-0.00914258,0.0758719,-0.199816,-0.0411682,0.209172,-0.38706,0.518997,0,0.999737,-0.019668,-0.0107507,-0.00478285,-0.0406322,0.00635094,0.0143785,0,0,-0.428106,0,0,-1,-0.00914258,StepHold,,0.45,1,5,0.785398,0,0,0,0,0,-0.428106,-0.00390474,0.198659,0.0827894,0.653993,0.367758,0.482684,0.207987,nan,nan,nan,nan,nan,nan,nan,nan
0.379128,-0.0797255,0.210218,-0.959224,-0.00545364,-0.023503,-0.0506424,-0.0438373,-0.0229305,-0.014419,0.0481279,-0.00154949,-0.0247894,0,0,-1,-0.00914258,0.0758719,-0.199816,-0.0411682,0.209172,-0.38706,0.518997,0,0.999737,-0.019668,-0.0107507,-0.00478285,-0.0512371,0.00233835,0.0152253,0,0,-0.427937,0,0,-1,-0.00914258,StepHold,,0.45,1,5,0.785398,0,0,0,0,0,-0.426613,0.00739851,0.187808,0.0830439,0.637091,0.382185,0.481262,0.205915,nan,nan,nan,nan,nan,nan,nan,nan
0.397258,-0.0794464,0.209925,-0.960004,-0.00397888,-0.0362454,-0.0502205,-0.043404,-0.0216991,-0.0149473,0.0186044,0.0598607,-0.0289225,0,0,-1,-0.00914258,0.0756252,-0.199576,-0.0403952,0.188541,-0.53107,0.483834,0,0.999576,-0.0269972,-0.00973186,-0.00483512,-0.0064492,0.00481248,0.0165591,0,0,-0.427593,0,0,-1,-0.00914258,StepHold,,0.450031,1,5,0.785398,0,0,0,0,0,-0.427593,0.00128349,0.195219,0.0834832,0.648074,0.37404,0.482717,0.205543,nan,nan,nan,nan,nan,nan,nan,nan
0.410723,-0.0793175,0.209794,-0.960401,-0.00582662,-0.0426052,-0.0539524,-0.0427879,-0.0215121,-0.0151356,0.0678684,0.0220082,-0.0196437,0,0,-1,-0.00914258,0.0753517,-0.199305,-0.039599,0.211857,-0.401416,0.516253,0,0.999721,-0.0203979,-0.0108908,-0.00479361,0.00885103,-0.00353525,0.0170273,0,0,-0.426767,0,0,-1,-0.00914258,StepHold,,0.45,1,5,0.785398,0,0,0,0,0,-0.426767,0.0040136,0.190347,0.0836861,0.642075,0.378792,0.480175,0.206026,nan,nan,nan,nan,nan,nan,nan,nan
0.41837,-0.0792042,0.209676,-0.960797,-0.00231823,-0.026838,-0.0504131,-0.0424411,-0.0214783,-0.0152927,0.0379671,0.00478072,-0.0169246,0,0,-1,-0.00914258,0.0753517,-0.199305,-0.039599,0.211857,-0.401416,0.516253,0,0.999721,-0.0203979,-0.0108908,-0.00479361,-0.0445505,0.00610871,0.0176494,0,0,-0.427576,0,0,-1,-0.00914258,StepHold,,0.45,1,5,0.785398,0,0,0,0,0,-0.426767,0.0040136,0.190347,0.0836861,0.642075,0.378792,0.480175,0.206026,nan,nan,nan,nan,nan,nan,nan,nan
0.431429,-0.0789004,0.209643,-0.961532,-0.0090398,-0.0366519,-0.0442912,-0.0423754,-0.0206905,-0.0157004,0.00520702,0.0429442,-0.0158764,0,0,-1,-0.00914258,0.0751096,-0.199184,-0.0388293,0.22074,-0.54112,0.482419,0,0.999545,-0.0274975,-0.0113742,-0.004885,-0.0495084,-0.0106323,0.0180203,0,0,-0.428664,0,0,-1,-0.00914258,StepHold,,0.45,1,5,0.785398,0,0,0,0,0,-0.427576,-0.00107649,0.205455,0.0837234,0.657203,0.365357,0.488025,0.19972,nan,nan,nan,nan,nan,nan,nan,nan
0.446928,-0.078574,0.209635,-0.962227,-0.00375465,-0.0297992,-0.0483325,-0.0421123,-0.0207748,-0.0157939,-0.00194982,-0.0107392,-0.00731422,0,0,-1,-0.00914258,0.0746453,-0.199153,-0.037773,0.18855,-0.508875,0.501949,0,0.999606,-0.0258691,-0.00972737,-0.00482388,-0.00198923,-0.00869163,0.0183778,0,0,-0.427275,0,0,-1,-0.00914258,StepHold,,0.45,1,5,0.785398,0,0,0,0,0,-0.428664,0.00196403,0.191724,0.0837663,0.646474,0.378346,0.481514,0.20832,nan,nan,nan,nan,nan,nan,nan,nan
0.457194,-0.0784233,0.20961,-0.962607,-0.00826416,-0.0236743,-0.0444042,-0.0423451,-0.0203642,-0.0159483,-0.0268199,0.0466827,-0.0147569,0,0,-1,-0.00914258,0.0746453,-0.199153,-0.037773,0.18855,-0.508875,0.501949,0,0.999606,-0.0258691,-0.00972737,-0.00482388,-0.0367048,0.0013083,0.0191187,0,0,-0.42762,0,0,-1,-0.00914258,StepHold,,0.45,1,5,0.785398,0,0,0,0,0,-0.42762,0.00590262,0.192955,0.0836873,0.643437,0.379139,0.484205,0.2037,nan,nan,nan,nan,nan,nan,nan,nan
0.47178,-0.0782947,0.209566,-0.962966,-0.00752895,-0.0308838,-0.0439873,-0.0424539,-0.0202017,-0.0160962,-0.0129903,0.0190563,-0.0152147,0,0,-1,-0.00914258,0.07438,-0.199088,-0.0370339,0.216222,-0.48457,0.48784,0,0.999623,-0.0246256,-0.0111317,-0.00484602,-0.0259041,-0.0106461,0.0193115,0,0,-0.42824,0,0,-1,-0.00914258,StepHold,,0.45,1,5,0.785398,0,0,0,0,0,-0.428391,0.00463813,0.196308,0.0836205,0.647406,0.376577,0.486518,0.203062,nan,nan,nan,nan,nan,nan,nan,nan
0.479245,-0.078172,0.209555,-0.963317,-0.00644346,-0.0344047,-0.0507677,-0.0424561,-0.0204131,-0.0161534,-0.000909647,-0.0228707,-0.00684737,0,0,-1,-0.00914258,0.07438,-0.199088,-0.0370339,0.216222,-0.48457,0.48784,0,0.999623,-0.0246256,-0.0111317,-0.00484602,-0.0146915,-0.00728459,0.019772,0,0,-0.426862,0,0,-1,-0.00914258,StepHold,,0.45,1,5,0.785398,0,0,0,0,0,-0.428391,0.00463813,0.196308,0.0836205,0.647406,0.376577,0.486518,0.203062,nan,nan,nan,nan,nan,nan,nan,nan
0.493688,-0.0780649,0.209527,-0.963751,-0.0063188,-0.0240849,-0.0440303,-0.0427456,-0.0203723,-0.0162346,-0.0331244,0.005213,-0.00840765,0,0,-1,-0.00914258,0.0741616,-0.19905,-0.0362487,0.206144,-0.540383,0.492205,0,0.999554,-0.027464,-0.0106303,-0.00486429,-0.0480295,-0.0068637,0.0198884,0,0,-0.428188,0,0,-1,-0.00914258,StepHold,,0.45,1,5,0.785398,0,0,0,0,0,-0.428188,-0.000876006,0.201795,0.0835687,0.65493,0.368544,0.486345,0.202932,nan,nan,nan,nan,nan,nan,nan,nan
0.507631,-0.0778258,0.209496,-0.964511,-0.00843344,-0.0334189,-0.0512719,-0.0429823,-0.0200903,-0.016427,-0.00282918,-0.00584434,-0.00691286,0,0,-1,-0.00914258,0.0739345,-0.199021,-0.035489,0.22257,-0.456368,0.523865,0,0.999654,-0.02319,-0.0114489,-0.00483718,-0.0119947,-0.0127267,0.019964,0,0,-0.426532,0,0,-1,-0.00914258,StepHold,,0.45,1,5,0.785398,0,0,0,0,0,-0.428188,-0.000876006,0.201795,0.0835687,0.65493,0.368544,0.486345,0.202932,nan,nan,nan,nan,nan,nan,nan,nan
0.515607,-0.0776057,0.20945,-0.96527,-0.00822437,-0.0240303,-0.0424697,-0.0432056,-0.0202574,-0.0164714,-0.0323193,0.0105193,-0.00585966,0,0,-1,-0.00914258,0.0739345,-0.199021,-0.035489,0.22257,-0.456368,0.523865,0,0.999654,-0.02319,-0.0114489,-0.00483718,-0.00994633,-0.00875477,0.020264,0,0,-0.426996,0,0,-1,-0.00914258,StepHold,,0.45,1,5,0.785398,0,0,0,0,0,-0.426532,0.00751078,0.192268,0.0833988,0.640438,0.379384,0.484058,0.202247,nan,nan,nan,nan,nan,nan,nan,nan
0.531642,-0.0774421,0.209555,-0.965611,-0.00932893,-0.0229472,-0.0444006,-0.0433966,-0.0200072,-0.0165341,-0.0220327,0.028496,-0.00538054,0,0,-1,-0.00914258,0.0737254,-0.198978,-0.0347301,0.217814,-0.53844,0.492868,0,0.999551,-0.0273625,-0.0112246,-0.00487937,-0.0442835,-0.0123352,0.0202963,0,0,-0.428163,0,0,-1,-0.00914258,StepHold,,0.450032,1,5,0.785398,0,0,0,0,0,-0.428163,0.00620525,0.192461,0.0831241,0.642854,0.379682,0.485175,0.204941,nan,nan,nan,nan,nan,nan,nan,nan
0.542147,-0.0772875,0.209708,-0.965966,-0.0109751,-0.0345411,-0.0486917,-0.0434397,-0.0199667,-0.0164602,-0.00551264,0.0044517,0.00893773,0,0,-1,-0.00914258,0.0737254,-0.198978,-0.0347301,0.217814,-0.53844,0.492868,0,0.999551,-0.0273625,-0.0112246,-0.00487937,-0.0440398,-0.0151445,0.0199923,0,0,-0.427745,0,0,-1,-0.00914258,StepHold,,0.450032,1,5,0.785398,0,0,0,0,0,-0.427745,0.00492744,0.197193,0.0829379,0.646499,0.374828,0.487385,0.202268,nan,nan,nan,nan,nan,nan,nan,nan
0.556282,-0.077151,0.209841,-0.966314,-0.0101106,-0.0362267,-0.0467229,-0.0436944,-0.0202483,-0.0164557,-0.0292121,-0.0310471,-0.000359295,0,0,-1,-0.00914258,0.0732935,-0.199349,-0.0336859,0.223415,-0.443216,0.513981,0,0.999669,-0.0225206,-0.0114889,-0.00483033,-0.00353099,-0.0149545,0.0203287,0,0,-0.426961,0,0,-1,-0.00914258,StepHold,,0.45,1,5,0.785398,0,0,0,0,0,-0.426691,0.0153834,0.190533,0.0828218,0.633226,0.385761,0.489134,0.198644,nan,nan,nan,nan,nan,nan,nan,nan
0.572387,-0.0768832,0.210043,-0.966962,-0.00187592,-0.0177236,-0.0395528,-0.044427,-0.0198889,-0.0165159,-0.0383753,0.0232824,0.000555351,0,0,-1,-0.00914258,0.073039,-0.199541,-0.0330377,0.164074,-0.577035,0.48821,0,0.999522,-0.0293387,-0.00849536,-0.00482209,-0.0562755,0.00988822,0.0209872,0,0,-0.428397,0,0,-1,-0.00914258,StepHold,,0.45,1,5,0.785398,0,0,0,0,0,-0.428649,0.00442935,0.208138,0.0825365,0.655093,0.367239,0.496072,0.196191,nan,nan,nan,nan,nan,nan,nan,nan
0.577413,-0.0767258,0.210161,-0.967287,-0.00426685,-0.0351636,-0.0436789,-0.0445649,-0.0200213,-0.0164429,-0.0161292,-0.0148977,0.0079809,0,0,-1,-0.00914258,0.073039,-0.199541,-0.0330377,0.164074,-0.577035,0.48821,0,0.999522,-0.0293387,-0.00849536,-0.00482209,0.00326895,-0.000577401,0.0206212,0,0,-0.427275,0,0,-1,-0.00914258,StepHold,,0.45,1,5,0.785398,0,0,0,0,0,-0.428649,0.00442935,0.208138,0.0825365,0.655093,0.367239,0.496072,0.196191,nan,nan,nan,nan,nan,nan,nan,nan
0.596289,-0.0764083,0.21036,-0.968334,-0.0126939,-0.0339451,-0.0408793,-0.0454132,-0.0204142,-0.0163997,-0.0348513,-0.00905261,0.00483605,0,0,-1,-0.00914258,0.0727628,-0.199747,-0.032391,0.221485,-0.42043,0.499231,0,0.999695,-0.0213633,-0.0113861,-0.00481473,-0.0469833,-0.0173638,0.0197204,0,0,-0.428073,0,0,-1,-0.00914258,StepHold,,0.45,1,5,0.785398,0,0,0,0,0,-0.427593,0.0107962,0.207896,0.0822253,0.649054,0.370544,0.499659,0.191114,nan,nan,nan,nan,nan,nan,nan,nan
0.607152,-0.0763106,0.210451,-0.968657,-0.0121427,-0.0407247,-0.0413248,-0.0455882,-0.0207942,-0.0162988,-0.0199562,-0.0423126,0.00967766,0,0,-1,-0.00914258,0.0725879,-0.199842,-0.0316656,0.248024,-0.459132,0.499633,0,0.999635,-0.0233226,-0.012746,-0.00486876,-0.00308296,-0.0209769,0.0193766,0,0,-0.427677,0,0,-1,-0.00914258,StepHold,,0.45,1,5,0.785398,0,0,0,0,0,-0.428073,0.00481279,0.198256,0.0820675,0.64679,0.373453,0.489253,0.202797,nan,nan,nan,nan,nan,nan,nan,nan
0.622461,-0.0762051,0.210535,-0.968968,-0.00967655,-0.0216994,-0.0386827,-0.0459253,-0.0213749,-0.0162173,-0.0383577,-0.0651158,0.00655789,0,0,-1,-0.00914258,0.0725879,-0.199842,-0.0316656,0.248024,-0.459132,0.499633,0,0.999635,-0.0233226,-0.012746,-0.00486876,0.0151961,-0.0141001,0.0193867,0,0,-0.427436,0,0,-1,-0.00914258,StepHold,,0.45,1,5,0.785398,0,0,0,0,0,-0.427436,0.0129396,0.207264,0.0817322,0.646441,0.371857,0.501064,0.190382,nan,nan,nan,nan,nan,nan,nan,nan
0.634526,-0.0760205,0.210755,-0.969335,-0.00954301,-0.018102,-0.0377126,-0.0461987,-0.0214096,-0.0162116,-0.0312027,-0.00366381,0.000864069,0,0,-1,-0.00914258,0.0722195,-0.200218,-0.0306645,0.213845,-0.58529,0.491453,0,0.999485,-0.0297425,-0.0110325,-0.00490074,-0.0466546,-0.00575953,0.0196086,0,0,-0.428172,0,0,-1,-0.00914258,StepHold,,0.45,1,5,0.785398,0,0,0,0,0,-0.428172,0.00175052,0.196133,0.0816325,0.647119,0.372453,0.486121,0.206997,nan,nan,nan,nan,nan,nan,nan,nan
0.648725,-0.0756547,0.211144,-0.970074,-0.0107021,-0.0379945,-0.0441778,-0.0466259,-0.0223203,-0.0160949,-0.00389797,-0.0751169,0.0111657,0,0,-1,-0.00914258,0.071872,-0.200587,-0.0299261,0.218255,-0.433256,0.520579,0,0.999683,-0.0220154,-0.0112237,-0.00481867,0.0117126,-0.00313763,0.0196158,0,0,-0.426633,0,0,-1,-0.00914258,StepHold,,0.45,1,5,0.785398,0,0,0,0,0,-0.427457,0.00923081,0.199195,0.0815881,0.643235,0.374817,0.492904,0.198872,nan,nan,nan,nan,nan,nan,nan,nan
0.657508,-0.0754847,0.211345,-0.970432,-0.00741006,-0.0195984,-0.0388425,-0.0468257,-0.022971,-0.0160777,-0.0231755,-0.0717272,-0.00105146,0,0,-1,-0.00914258,0.071872,-0.200587,-0.0299261,0.218255,-0.433256,0.520579,0,0.999683,-0.0220154,-0.0112237,-0.00481867,-0.0474331,0.0079266,0.0197662,0,0,-0.427845,0,0,-1,-0.00914258,StepHold,,0.45,1,5,0.785398,0,0,0,0,0,-0.427845,0.00301619,0.205719,0.0815437,0.652586,0.366153,0.493552,0.199088,nan,nan,nan,nan,nan,nan,nan,nan
0.672962,-0.0753231,0.211534,-0.97079,-0.00650766,-0.0152307,-0.033533,-0.0471805,-0.0230129,-0.0160814,-0.0407915,-0.00428495,-0.000212308,0,0,-1,-0.00914258,0.0715569,-0.200957,-0.0292102,0.190795,-0.59959,0.482188,0,0.999475,-0.0304764,-0.00986176,-0.00487342,-0.0548105,0.0118414,0.0197039,0,0,-0.428795,0,0,-1,-0.00914258,StepHold,,0.450019,1,5,0.785398,0,0,0,0,0,-0.428795,0.00218726,0.203473,0.0814811,0.652472,0.368043,0.492391,0.202275,nan,nan,nan,nan,nan,nan,nan,nan
0.680323,-0.0751578,0.211699,-0.971146,-0.0100453,-0.0282729,-0.034404,-0.0475205,-0.0231099,-0.0160397,-0.038806,-0.0106518,0.00452553,0,0,-1,-0.00914258,0.0715569,-0.200957,-0.0292102,0.190795,-0.59959,0.482188,0,0.999475,-0.0304764,-0.00986176,-0.00487342,-0.00802532,0.00132226,0.0191614,0,0,-0.428325,0,0,-1,-0.00914258,StepHold,,0.450019,1,5,0.785398,0,0,0,0,0,-0.428325,0.0128983,0.196466,0.0813974,0.63939,0.380018,0.494627,0.199267,nan,nan,nan,nan,nan,nan,nan,nan
0.691837,-0.0748558,0.212057,-0.971822,-0.00807419,-0.0258888,-0.0342368,-0.0476558,-0.024023,-0.0158503,-0.0176846,-0.0382755,0.00842912,0,0,-1,-0.00914258,0.0712571,-0.201283,-0.0285117,0.216167,-0.444579,0.505918,0,0.999671,-0.0225924,-0.0111202,-0.00482289,0.0108792,0.00505279,0.0189601,0,0,-0.427327,0,0,-1,-0.00914258,StepHold,,0.45,1,5,0.785398,0,0,0,0,0,-0.428325,0.0128983,0.196466,0.0813974,0.63939,0.380018,0.494627,0.199267,nan,nan,nan,nan,nan,nan,nan,nan
0.709427,-0.0745882,0.212311,-0.972489,-0.0160783,-0.0273237,-0.0328702,-0.0482352,-0.0236322,-0.0157517,-0.0231234,0.00737989,0.00611795,0,0,-1,-0.00914258,0.0709816,-0.201581,-0.0278442,0.236522,-0.553127,0.472275,0,0.999519,-0.0281025,-0.0121806,-0.00491451,-0.030829,-0.00541752,0.0183294,0,0,-0.429144,0,0,-1,-0.00914258,StepHold,,0.45,1,5,0.785398,0,0,0,0,0,-0.429144,0.00274696,0.196348,0.0809504,0.646856,0.373295,0.48863,0.207794,nan,nan,nan,nan,nan,nan,nan,nan
0.718168,-0.0744371,0.212556,-0.972922,-0.010131,-0.0337885,-0.0377485,-0.0481644,-0.0238248,-0.0156419,0.0071996,-0.0216748,0.0115104,0,0,-1,-0.00914258,0.0709816,-0.201581,-0.0278442,0.236522,-0.553127,0.472275,0,0.999519,-0.0281025,-0.0121806,-0.00491451,-0.0112704,-0.0139905,0.0177287,0,0,-0.428418,0,0,-1,-0.00914258,StepHold,,0.45,1,5,0.785398,0,0,0,0,0,-0.428418,0.00381421,0.191726,0.0808117,0.641968,0.376454,0.485531,0.209719,nan,nan,nan,nan,nan,nan,nan,nan
0.734495,-0.0742877,0.212784,-0.973314,-0.0157655,-0.0225141,-0.0327172,-0.0483183,-0.0237255,-0.0155876,-0.0182351,0.0111503,0.00699874,0,0,-1,-0.00914258,0.0705733,-0.202145,-0.0266862,0.251348,-0.552994,0.48922,0,0.999509,-0.0280907,-0.0129356,-0.00493545,-0.0302305,-0.0123888,0.0175455,0,0,-0.428385,0,0,-1,-0.00914258,StepHold,,0.45,1,5,0.785398,0,0,0,0,0,-0.427288,0.00649403,0.189586,0.0806933,0.637312,0.378613,0.484903,0.208324,nan,nan,nan,nan,nan,nan,nan,nan
0.739505,-0.0741478,0.213023,-0.973713,-0.0150611,-0.0221276,-0.0346541,-0.048526,-0.0231364,-0.0155731,-0.0242983,0.0658453,0.0051981,0,0,-1,-0.00914258,0.0705733,-0.202145,-0.0266862,0.251348,-0.552994,0.48922,0,0.999509,-0.0280907,-0.0129356,-0.00493545,-0.0295893,-0.00831672,0.0174429,0,0,-0.42793,0,0,-1,-0.00914258,StepHold,,0.45,1,5,0.785398,0,0,0,0,0,-0.427288,0.00649403,0.189586,0.0806933,0.637312,0.378613,0.484903,0.208324,nan,nan,nan,nan,nan,nan,nan,nan
0.754919,-0.0739988,0.213269,-0.974101,-0.0131659,-0.0334082,-0.0379875,-0.0483967,-0.0228862,-0.015541,0.0132146,0.0279,0.00529406,0,0,-1,-0.00914258,0.0702989,-0.202606,-0.0258986,0.222588,-0.462489,0.513398,0,0.999646,-0.0235015,-0.0114514,-0.00484084,0.00595211,-0.00271128,0.0176951,0,0,-0.427025,0,0,-1,-0.00914258,StepHold,,0.45,1,5,0.785398,0,0,0,0,0,-0.427025,0.00714883,0.187303,0.0805537,0.634833,0.380288,0.483629,0.209351,nan,nan,nan,nan,nan,nan,nan,nan
0.766795,-0.073546,0.213904,-0.975215,-0.00767217,-0.0176848,-0.0304372,-0.048023,-0.0220271,-0.0153441,0.00691635,0.0664312,0.0012931,0,0,-1,-0.00914258,0.0700086,-0.203013,-0.0251485,0.186527,-0.590703,0.489066,0,0.999491,-0.030026,-0.00964224,-0.00486234,-0.0473082,0.00839399,0.0177069,0,0,-0.428486,0,0,-1,-0.00914258,StepHold,,0.45,1,5,0.785398,0,0,0,0,0,-0.427025,0.00714883,0.187303,0.0805537,0.634833,0.380288,0.483629,0.209351,nan,nan,nan,nan,nan,nan,nan,nan
0.776305,-0.0734037,0.214086,-0.97559,-0.00897135,-0.0321163,-0.0319523,-0.0477655,-0.0217798,-0.015227,0.0278493,0.0272375,0.0146948,0,0,-1,-0.00914258,0.0700086,-0.203013,-0.0251485,0.186527,-0.590703,0.489066,0,0.999491,-0.030026,-0.00964224,-0.00486234,-0.0470827,0.00532793,0.017261,0,0,-0.428447,0,0,-1,-0.00914258,StepHold,,0.45,1,5,0.785398,0,0,0,0,0,-0.428486,0.000214815,0.194566,0.0803412,0.64612,0.371497,0.485532,0.210795,nan,nan,nan,nan,nan,nan,nan,nan
0.799125,-0.07316,0.214459,-0.976296,-0.0107335,-0.0224474,-0.0267477,-0.0475048,-0.021734,-0.0151321,-0.00197226,0.0153545,0.00345551,0,0,-1,-0.00914258,0.0697335,-0.203381,-0.0244095,0.205537,-0.470918,0.495854,0,0.999646,-0.023935,-0.0105845,-0.00482523,0.0112255,-0.00975322,0.0164681,0,0,-0.427531,0,0,-1,-0.00914258,StepHold,,0.45,1,5,0.785398,0,0,0,0,0,-0.427531,0.0170513,0.191835,0.0801527,0.63114,0.38419,0.494741,0.200053,nan,nan,nan,nan,nan,nan,nan,nan
0.812324,-0.0730412,0.214624,-0.976629,-0.0110971,-0.0192384,-0.0242039,-0.0476278,-0.0213643,-0.0151784,-0.0148488,0.04171,-0.00287286,0,0,-1,-0.00914258,0.0693892,-0.203893,-0.0233712,0.21954,-0.582813,0.469486,0,0.999485,-0.0296154,-0.0113222,-0.00490786,-0.039135,-0.006546,0.016681,0,0,-0.428879,0,0,-1,-0.00914258,StepHold,,0.450049,1,5,0.785398,0,0,0,0,0,-0.428879,0.00445603,0.191281,0.0802004,0.64105,0.377071,0.486743,0.210652,nan,nan,nan,nan,nan,nan,nan,nan
0.822938,-0.0728758,0.214886,-0.977017,-0.012903,-0.0307897,-0.0264598,-0.0476814,-0.0211996,-0.0150804,-0.00675146,0.0181372,0.0120781,0,0,-1,-0.00914258,0.0693892,-0.203893,-0.0233712,0.21954,-0.582813,0.469486,0,0.999485,-0.0296154,-0.0113222,-0.00490786,-0.0066125,-0.0122059,0.0162796,0,0,-0.428627,0,0,-1,-0.00914258,StepHold,,0.450049,1,5,0.785398,0,0,0,0,0,-0.429325,0.00178933,0.195517,0.0802617,0.646438,0.372699,0.488235,0.20993,nan,nan,nan,nan,nan,nan,nan,nan
0.831878,-0.0727313,0.215168,-0.977389,-0.015162,-0.0401881,-0.0313215,-0.0475546,-0.0214073,-0.0150695,0.0128502,-0.022819,0.000605465,0,0,-1,-0.00914258,0.0690947,-0.20441,-0.0226109,0.245701,-0.427374,0.500951,0,0.999673,-0.0217082,-0.0126206,-0.0048453,0.0185482,-0.0186546,0.0162361,0,0,-0.427552,0,0,-1,-0.00914258,StepHold,,0.45,1,5,0.785398,0,0,0,0,0,-0.429325,0.00178933,0.195517,0.0802617,0.646438,0.372699,0.488235,0.20993,nan,nan,nan,nan,nan,nan,nan,nan
0.849384,-0.0724828,0.215582,-0.97819,-0.0135331,-0.0242563,-0.0289111,-0.0478421,-0.0211108,-0.0151374,-0.0194773,0.0310587,-0.00137446,0,0,-1,-0.00914258,0.0688587,-0.204803,-0.0218098,0.23122,-0.551091,0.494718,0,0.999525,-0.0280008,-0.0119102,-0.00490573,-0.0320591,-0.0124208,0.0161794,0,0,-0.428091,0,0,-1,-0.00914258,StepHold,,0.45,1,5,0.785398,0,0,0,0,0,-0.428091,0.0109136,0.196526,0.0805164,0.639721,0.377457,0.493913,0.201275,nan,nan,nan,nan,nan,nan,nan,nan
0.855949,-0.0722586,0.21612,-0.978961,-0.0101834,-0.0340906,-0.0322752,-0.0481116,-0.0214714,-0.0149413,-0.0126035,-0.0420185,0.0115936,0,0,-1,-0.00914258,0.0688587,-0.204803,-0.0218098,0.23122,-0.551091,0.494718,0,0.999525,-0.0280008,-0.0119102,-0.00490573,0.000910646,-0.0189116,0.0156138,0,0,-0.426989,0,0,-1,-0.00914258,StepHold,,0.45,1,5,0.785398,0,0,0,0,0,-0.428091,0.0109136,0.196526,0.0805164,0.639721,0.377457,0.493913,0.201275,nan,nan,nan,nan,nan,nan,nan,nan
0.869669,-0.0721472,0.216345,-0.979316,-0.00744639,-0.0158002,-0.0247617,-0.0483363,-0.0215116,-0.0148753,-0.0260239,-0.00452736,0.00756894,0,0,-1,-0.00914258,0.0686456,-0.205314,-0.021039,0.198994,-0.485947,0.511604,0,0.999631,-0.0246998,-0.010254,-0.0048253,-0.00342571,0.0019565,0.0161342,0,0,-0.427135,0,0,-1,-0.00914258,StepHold,,0.45,1,5,0.785398,0,0,0,0,0,-0.426989,0.0137438,0.201671,0.0804733,0.640212,0.374674,0.498491,0.194577,nan,nan,nan,nan,nan,nan,nan,nan
0.880483,-0.0720286,0.216571,-0.97967,-0.00761341,-0.0192809,-0.0234721,-0.0486054,-0.0211902,-0.0147838,-0.0307216,0.0353529,0.0122779,0,0,-1,-0.00914258,0.0686456,-0.205314,-0.021039,0.198994,-0.485947,0.511604,0,0.999631,-0.0246998,-0.010254,-0.0048253,-0.0600712,0.006501,0.016077,0,0,-0.428778,0,0,-1,-0.00914258,StepHold,,0.45,1,5,0.785398,0,0,0,0,0,-0.428778,0.00730031,0.198486,0.080163,0.643996,0.37385,0.493783,0.203485,nan,nan,nan,nan,nan,nan,nan,nan
0.89157,-0.0719051,0.216798,-0.980027,-0.0102007,-0.0346634,-0.0292418,-0.0487519,-0.021202,-0.0146077,-0.0170953,-0.00200081,0.0200348,0,0,-1,-0.00914258,0.0683098,-0.205958,-0.0199732,0.214024,-0.463731,0.50406,0,0.999631,-0.0246998,-0.010254,-0.0048253,-0.0421875,0.00373373,0.0154657,0,0,-0.428839,0,0,-1,-0.00914258,StepHold,,0.450004,1,5,0.785398,0,0,0,0,0,-0.428839,0.00421578,0.209739,0.0798676,0.653899,0.363477,0.49991,0.19807,nan,nan,nan,nan,nan,nan,nan,nan
0.899668,-0.0718086,0.217007,-0.980371,-0.0121916,-0.0361888,-0.0283435,-0.0487518,-0.0214429,-0.0144601,-0.000717961,-0.0273251,0.0155278,0,0,-1,-0.00914258,0.0683098,-0.205958,-0.0199732,0.214024,-0.463731,0.50406,0,0.999631,-0.0246998,-0.010254,-0.0048253,0.00731242,-0.00424353,0.0147597,0,0,-0.427449,0,0,-1,-0.00914258,StepHold,,0.450004,1,5,0.785398,0,0,0,0,0,-0.427449,0.0135417,0.19709,0.0796085,0.636711,0.377366,0.496435,0.199283,nan,nan,nan,nan,nan,nan,nan,nan
0.916702,-0.0717367,0.217207,-0.980702,-0.0136304,-0.0201165,-0.0211617,-0.0490957,-0.0214067,-0.0143187,-0.0390079,0.00351076,0.0163115,0,0,-1,-0.00914258,0.0681499,-0.206346,-0.0192977,0.237155,-0.596157,0.476267,0,0.999454,-0.030287,-0.0122222,-0.0049427,-0.0441016,-0.0145308,0.0135124,0,0,-0.42913,0,0,-1,-0.00914258,StepHold,,0.45,1,5,0.785398,0,0,0,0,0,-0.427562,0.017419,0.193946,0.0792999,0.631551,0.382136,0.497376,0.199185,nan,nan,nan,nan,nan,nan,nan,nan
0.927459,-0.0715544,0.217849,-0.981367,-0.0159312,-0.0389694,-0.0212302,-0.0500163,-0.0209257,-0.0139183,-0.0430395,0.0108157,0.025065,0,0,-1,-0.00914258,0.0679766,-0.206957,-0.0186325,0.247454,-0.442016,0.477718,0,0.999655,-0.0224522,-0.0127131,-0.00485684,0.0219677,-0.0198111,0.0126003,0,0,-0.42865,0,0,-1,-0.00914258,StepHold,,0.45,1,5,0.785398,0,0,0,0,0,-0.42865,0.0215619,0.189223,0.0787271,0.625796,0.38892,0.498626,0.201255,nan,nan,nan,nan,nan,nan,nan,nan
0.938185,-0.071475,0.218146,-0.981675,-0.0120872,-0.0376786,-0.0239337,-0.0501791,-0.0211672,-0.0137127,-0.019052,-0.0279098,0.0221587,0,0,-1,-0.00914258,0.0679766,-0.206957,-0.0186325,0.247454,-0.442016,0.477718,0,0.999655,-0.0224522,-0.0127131,-0.00485684,0.0125016,-0.00758308,0.0125786,0,0,-0.428115,0,0,-1,-0.00914258,StepHold,,0.45,1,5,0.785398,0,0,0,0,0,-0.428115,0.0139595,0.204544,0.0784568,0.641202,0.371906,0.503816,0.195538,nan,nan,nan,nan,nan,nan,nan,nan
0.948511,-0.0713174,0.218669,-0.982315,-0.0151237,-0.0294458,-0.018775,-0.0509643,-0.0207703,-0.0134422,-0.0392703,0.0301189,0.0174405,0,0,-1,-0.00914258,0.0678274,-0.20752,-0.0180263,0.201468,-0.608411,0.4676,0,0.999456,-0.0309197,-0.010407,-0.00489465,-0.0428067,-0.00236759,0.0119642,0,0,-0.429502,0,0,-1,-0.00914258,StepHold,,0.45,1,5,0.785398,0,0,0,0,0,-0.428115,0.0139595,0.204544,0.0784568,0.641202,0.371906,0.503816,0.195538,nan,nan,nan,nan,nan,nan,nan,nan
0.958289,-0.0712491,0.218947,-0.982596,-0.013231,-0.0353541,-0.0201281,-0.0508616,-0.0209095,-0.01323,0.0107106,-0.0164776,0.0233044,0,0,-1,-0.00914258,0.0678274,-0.20752,-0.0180263,0.201468,-0.608411,0.4676,0,0.999456,-0.0309197,-0.010407,-0.00489465,-0.0107705,-0.0175542,0.0108151,0,0,-0.429102,0,0,-1,-0.00914258,StepHold,,0.45,1,5,0.785398,0,0,0,0,0,-0.429502,0.00515431,0.198892,0.0782585,0.644619,0.370865,0.495178,0.207345,nan,nan,nan,nan,nan,nan,nan,nan
0.973341,-0.071111,0.219434,-0.983163,-0.0131516,-0.0207199,-0.015226,-0.050706,-0.0214375,-0.0129042,-0.000946553,-0.00456268,0.0134734,0,0,-1,-0.00914258,0.0676182,-0.208244,-0.0171273,0.19252,-0.528696,0.47164,0,0.999578,-0.0268748,-0.00993383,-0.00483931,-0.010571,0.00276202,0.0111644,0,0,-0.429062,0,0,-1,-0.00914258,StepHold,,0.45,1,5,0.785398,0,0,0,0,0,-0.429102,0.00465573,0.195681,0.0780879,0.642131,0.372212,0.492327,0.209737,nan,nan,nan,nan,nan,nan,nan,nan
0.992108,-0.0710595,0.219668,-0.98345,-0.0152003,-0.0200786,-0.0182363,-0.0507281,-0.0214947,-0.0127911,-0.00332223,-0.00681561,0.0127182,0,0,-1,-0.00914258,0.0675065,-0.208684,-0.0165499,0.241767,-0.600055,0.474271,0,0.999445,-0.0304835,-0.012458,-0.00495228,-0.0437142,-0.00926856,0.00982628,0,0,-0.429777,0,0,-1,-0.00914258,StepHold,,0.45,1,5,0.785398,0,0,0,0,0,-0.429777,-0.00582874,0.212,0.0776217,0.661294,0.353467,0.497588,0.206758,nan,nan,nan,nan,nan,nan,nan,nan
1.0054,-0.0709549,0.220133,-0.983969,-0.0110643,-0.0406759,-0.0178068,-0.0502396,-0.0225796,-0.0123808,0.0160186,-0.0659997,0.0230495,0,0,-1,-0.00914258,0.0675065,-0.208684,-0.0165499,0.241767,-0.600055,0.474271,0,0.999445,-0.0304835,-0.012458,-0.00495228,0.014192,-0.0141042,0.00887375,0,0,-0.429024,0,0,-1,-0.00914258,StepHold,,0.45,1,5,0.785398,0,0,0,0,0,-0.429168,0.0015628,0.205305,0.0773744,0.650476,0.362572,0.497721,0.205902,nan,nan,nan,nan,nan,nan,nan,nan
1.01978,-0.0708444,0.220504,-0.984461,-0.0136421,-0.0225571,-0.0129732,-0.0505985,-0.0227723,-0.0122412,-0.0255048,-0.0032042,0.00642656,0,0,-1,-0.00914258,0.0674071,-0.209126,-0.016031,0.203625,-0.454984,0.474673,0,0.999666,-0.0231248,-0.0104833,-0.00481423,-0.0370993,-0.0015197,0.00853484,0,0,-0.430112,0,0,-1,-0.00914258,StepHold,,0.45004,1,5,0.785398,0,0,0,0,0,-0.430112,0.00677084,0.206888,0.0772834,0.648766,0.365988,0.503557,0.202136,nan,nan,nan,nan,nan,nan,nan,nan
1.0335,-0.0707873,0.220825,-0.984694,-0.0176313,-0.0375403,-0.0145671,-0.0506328,-0.0230845,-0.0121164,-0.00447482,-0.0352782,0.0125181,0,0,-1,-0.00914258,0.0673021,-0.209479,-0.0155389,0.22657,-0.595183,0.457269,0,0.999462,-0.0302406,-0.0116827,-0.00492589,-0.0391945,-0.00263659,0.00819411,0,0,-0.429921,0,0,-1,-0.00914258,StepHold,,0.45004,1,5,0.785398,0,0,0,0,0,-0.429921,0.0115514,0.200688,0.0773524,0.640879,0.373631,0.502295,0.202878,nan,nan,nan,nan,nan,nan,nan,nan
1.03774,-0.0707476,0.221126,-0.984911,-0.0134823,-0.0400241,-0.0144691,-0.0508008,-0.023514,-0.0120224,-0.0197576,-0.04814,0.00855849,0,0,-1,-0.00914258,0.0673021,-0.209479,-0.0155389,0.22657,-0.595183,0.457269,0,0.999462,-0.0302406,-0.0116827,-0.00492589,0.0100419,-0.0123378,0.00764214,0,0,-0.429336,0,0,-1,-0.00914258,StepHold,,0.45004,1,5,0.785398,0,0,0,0,0,-0.429921,0.0115514,0.200688,0.0773524,0.640879,0.373631,0.502295,0.202878,nan,nan,nan,nan,nan,nan,nan,nan
1.04898,-0.0707619,0.221358,-0.985072,-0.0198308,-0.0285714,-0.000820787,-0.0512067,-0.0236241,-0.0120464,-0.0465315,-0.0119487,-0.00276646,0,0,-1,-0.00914258,0.0672102,-0.21007,-0.0150886,0.219379,-0.471996,0.464996,0,0.999637,-0.0239851,-0.0112896,-0.00484258,0.0100419,-0.0123378,0.00764214,0,0,-0.429336,0,0,-1,-0.00914258,StepHold,,0.45,1,5,0.785398,0,0,0,0,0,-0.429336,0.0131337,0.202668,0.077471,0.640695,0.372883,0.504111,0.199655,nan,nan,nan,nan,nan,nan,nan,nan
1.06866,-0.0707709,0.221802,-0.985384,-0.0176025,-0.0457828,-0.00634115,-0.0516705,-0.0235139,-0.011904,-0.0192859,-0.0064024,0.0134607,0,0,-1,-0.00914258,0.0672323,-0.210712,-0.014616,0.243873,-0.430935,0.433896,0,0.99967,-0.0218895,-0.0125281,-0.0048456,-0.0318075,-0.00260826,0.00764098,0,0,-0.43139,0,0,-1,-0.00914258,StepHold,,0.45,1,5,0.785398,0,0,0,0,0,-0.43139,0.00926172,0.205799,0.0777973,0.648026,0.370312,0.505312,0.201909,nan,nan,nan,nan,nan,nan,nan,nan
1.07922,-0.0707843,0.221988,-0.985538,-0.0204108,-0.0503838,-0.00870929,-0.0518103,-0.0238373,-0.0118303,-0.0165637,-0.0362557,0.00681925,0,0,-1,-0.00914258,0.0672323,-0.210712,-0.014616,0.243873,-0.430935,0.433896,0,0.99967,-0.0218895,-0.0125281,-0.0048456,0.0394433,-0.0150384,0.00711606,0,0,-0.430177,0,0,-1,-0.00914258,StepHold,,0.45,1,5,0.785398,0,0,0,0,0,-0.430638,0.0218688,0.192212,0.0778143,0.628769,0.388099,0.503855,0.201828,nan,nan,nan,nan,nan,nan,nan,nan
1.09347,-0.0708238,0.222165,-0.985711,-0.0218159,-0.0309607,-0.00670625,-0.0521292,-0.0237523,-0.0117998,-0.0365773,0.00939658,0.00435418,0,0,-1,-0.00914258,0.0672826,-0.211057,-0.0142892,0.267063,-0.582253,0.436412,0,0.999456,-0.029571,-0.0137421,-0.00497854,-0.0265351,-0.0164562,0.00654493,0,0,-0.430891,0,0,-1,-0.00914258,StepHold,,0.45,1,5,0.785398,0,0,0,0,0,-0.430177,0.0219401,0.19683,0.0777667,0.631475,0.384376,0.506756,0.198101,nan,nan,nan,nan,nan,nan,nan,nan
1.10141,-0.0708824,0.222336,-0.98589,-0.0244453,-0.0304284,-0.00380522,-0.0524218,-0.0235365,-0.0116808,-0.0333966,0.0234276,0.0149535,0,0,-1,-0.00914258,0.0672826,-0.211057,-0.0142892,0.267063,-0.582253,0.436412,0,0.999456,-0.029571,-0.0137421,-0.00497854,-0.0234512,-0.0210901,0.00597335,0,0,-0.431404,0,0,-1,-0.00914258,StepHold,,0.45,1,5,0.785398,0,0,0,0,0,-0.431404,0.0107348,0.198214,0.077591,0.641429,0.376525,0.501213,0.206449,nan,nan,nan,nan,nan,nan,nan,nan
1.11601,-0.070963,0.22239,-0.986069,-0.0258156,-0.052126,-0.00618806,-0.0526811,-0.0236439,-0.0114787,-0.0292829,-0.012941,0.0221804,0,0,-1,-0.00914258,0.0674149,-0.21127,-0.013931,0.283123,-0.41337,0.435451,0,0.999662,-0.0209848,-0.0145237,-0.00487569,0.0444882,-0.0225519,0.00573818,0,0,-0.430579,0,0,-1,-0.00914258,StepHold,,0.45,1,5,0.785398,0,0,0,0,0,-0.430579,0.0198629,0.18955,0.0773815,0.627813,0.388072,0.500929,0.205502,nan,nan,nan,nan,nan,nan,nan,nan
1.12777,-0.07105,0.223022,-0.986459,-0.0257421,-0.0443179,-0.00414686,-0.0535109,-0.0235357,-0.0110699,-0.0359692,0.0288402,0.0170676,0,0,-1,-0.00914258,0.0674796,-0.211662,-0.0136623,0.269764,-0.573487,0.413892,0,0.999467,-0.0291249,-0.0138776,-0.00497627,-0.0182931,-0.0184041,0.0046836,0,0,-0.43193,0,0,-1,-0.00914258,StepHold,,0.45,1,5,0.785398,0,0,0,0,0,-0.430579,0.0198629,0.18955,0.0773815,0.627813,0.388072,0.500929,0.205502,nan,nan,nan,nan,nan,nan,nan,nan
1.13985,-0.071072,0.223258,-0.986575,-0.0259959,-0.0525773,-0.00912323,-0.0535807,-0.0236974,-0.01086,-0.00853053,-0.0190912,0.0229747,0,0,-1,-0.00914258,0.0674796,-0.211662,-0.0136623,0.269764,-0.573487,0.413892,0,0.999467,-0.0291249,-0.0138776,-0.00497627,0.017102,-0.0168333,0.00420619,0,0,-0.431037,0,0,-1,-0.00914258,StepHold,,0.45,1,5,0.785398,0,0,0,0,0,-0.431037,0.0105637,0.200691,0.0767417,0.642086,0.373436,0.503325,0.205301,nan,nan,nan,nan,nan,nan,nan,nan
1.15784,-0.0711192,0.223669,-0.986803,-0.0190859,-0.0333925,-0.00111823,-0.0540796,-0.0242103,-0.0105635,-0.0443264,-8.2566e-05,0.0136891,0,0,-1,-0.00914258,0.0675184,-0.212095,-0.0134251,0.266603,-0.436222,0.448518,0,0.999649,-0.0221521,-0.0136874,-0.0048744,0.000544208,0.00825168,0.00429556,0,0,-0.43026,0,0,-1,-0.00914258,StepHold,,0.45,1,5,0.785398,0,0,0,0,0,-0.43026,0.0200885,0.200723,0.0764494,0.634304,0.37908,0.509598,0.198059,nan,nan,nan,nan,nan,nan,nan,nan
1.17234,-0.0711453,0.223841,-0.986912,-0.0218252,-0.0384772,-0.00170608,-0.054422,-0.0241275,-0.0104416,-0.0390227,0.00859589,0.0146086,0,0,-1,-0.00914258,0.067588,-0.212649,-0.0130878,0.244814,-0.547596,0.419812,0,0.999521,-0.0278193,-0.012602,-0.00492268,-0.00543201,-0.00392325,0.00311129,0,0,-0.431541,0,0,-1,-0.00914258,StepHold,,0.450078,1,5,0.785398,0,0,0,0,0,-0.431755,0.00297134,0.209881,0.076306,0.654235,0.361852,0.505604,0.205329,nan,nan,nan,nan,nan,nan,nan,nan
1.17979,-0.0711852,0.224032,-0.987029,-0.0224547,-0.0504087,-0.00860703,-0.0543885,-0.0245035,-0.0102563,0.00304562,-0.0428078,0.0188754,0,0,-1,-0.00914258,0.067588,-0.212649,-0.0130878,0.244814,-0.547596,0.419812,0,0.999521,-0.0278193,-0.012602,-0.00492268,0.031537,-0.0056294,0.00277435,0,0,-0.430067,0,0,-1,-0.00914258,StepHold,,0.450078,1,5,0.785398,0,0,0,0,0,-0.431755,0.00297134,0.209881,0.076306,0.654235,0.361852,0.505604,0.205329,nan,nan,nan,nan,nan,nan,nan,nan
1.19494,-0.0712274,0.224197,-0.987157,-0.0190421,-0.0471366,-0.00741906,-0.0542785,-0.0249357,-0.0100708,0.0115902,-0.0490707,0.0185372,0,0,-1,-0.00914258,0.067666,-0.212987,-0.012843,0.224384,-0.497398,0.443363,0,0.999602,-0.0252751,-0.0115503,-0.00486385,0.0165677,0.00532919,0.00278374,0,0,-0.43032,0,0,-1,-0.00914258,StepHold,,0.45,1,5,0.785398,0,0,0,0,0,-0.43032,0.0113464,0.204237,0.0760701,0.642651,0.370093,0.506339,0.202196,nan,nan,nan,nan,nan,nan,nan,nan
1.2072,-0.0713104,0.224436,-0.987375,-0.0210592,-0.0401506,0.00170658,-0.0547428,-0.0252483,-0.00987024,-0.0234052,-0.0254662,0.0121741,0,0,-1,-0.00914258,0.0677449,-0.213215,-0.0126252,0.245061,-0.547641,0.408128,0,0.999521,-0.0278216,-0.0126146,-0.00492306,-0.00350304,0.00178018,0.00178212,0,0,-0.432113,0,0,-1,-0.00914258,StepHold,,0.45,1,5,0.785398,0,0,0,0,0,-0.43032,0.0113464,0.204237,0.0760701,0.642651,0.370093,0.506339,0.202196,nan,nan,nan,nan,nan,nan,nan,nan
1.21855,-0.0713385,0.224555,-0.987466,-0.0203786,-0.0534472,-0.0052484,-0.054437,-0.0257463,-0.00973424,0.0333531,-0.0560887,0.0125984,0,0,-1,-0.00914258,0.0677449,-0.213215,-0.0126252,0.245061,-0.547641,0.408128,0,0.999521,-0.0278216,-0.0126146,-0.00492306,0.0372293,0.00390834,0.00175917,0,0,-0.430604,0,0,-1,-0.00914258,StepHold,,0.45,1,5,0.785398,0,0,0,0,0,-0.430604,0.0119683,0.215499,0.0759962,0.650385,0.362779,0.515096,0.194154,nan,nan,nan,nan,nan,nan,nan,nan
1.23205,-0.0713586,0.224977,-0.987571,-0.0211134,-0.0414487,0.0021302,-0.054838,-0.0266991,-0.00957229,-0.0364781,-0.0229005,0.000531658,0,0,-1,-0.00914258,0.0677965,-0.213507,-0.0124758,0.250569,-0.561971,0.414218,0,0.999497,-0.0285472,-0.012898,-0.00494036,-0.00855651,0.00242277,0.00129963,0,0,-0.431855,0,0,-1,-0.00914258,StepHold,,0.45,1,5,0.785398,0,0,0,0,0,-0.431855,0.014711,0.20255,0.0760714,0.640615,0.375202,0.509059,0.202544,nan,nan,nan,nan,nan,nan,nan,nan
1.24027,-0.0713389,0.225165,-0.987611,-0.0230476,-0.0517271,-0.00266376,-0.0550625,-0.027021,-0.00953457,-0.0261067,-0.0356615,0.00286167,0,0,-1,-0.00914258,0.0677965,-0.213507,-0.0124758,0.250569,-0.561971,0.414218,0,0.999497,-0.0285472,-0.012898,-0.00494036,-0.00229235,0.00555014,0.00131417,0,0,-0.432186,0,0,-1,-0.00914258,StepHold,,0.45,1,5,0.785398,0,0,0,0,0,-0.431855,0.014711,0.20255,0.0760714,0.640615,0.375202,0.509059,0.202544,nan,nan,nan,nan,nan,nan,nan,nan
1.25501,-0.071337,0.225364,-0.98765,-0.0236808,-0.0572719,-0.00369685,-0.0550239,-0.0278937,-0.00943437,0.00329483,-0.0979911,0.00646481,0,0,-1,-0.00914258,0.0677701,-0.214096,-0.0123502,0.262891,-0.443552,0.429051,0,0.999643,-0.0225258,-0.0134998,-0.00487537,0.0287098,0.00354366,0.000945404,0,0,-0.431151,0,0,-1,-0.00914258,StepHold,,0.45,1,5,0.785398,0,0,0,0,0,-0.431151,0.0133974,0.215419,0.0763427,0.650211,0.364741,0.516251,0.193402,nan,nan,nan,nan,nan,nan,nan,nan
1.26775,-0.0713689,0.2257,-0.987689,-0.020678,-0.0385587,0.00342076,-0.0555164,-0.0289801,-0.00945975,-0.0398025,-0.0377621,-0.00969333,0,0,-1,-0.00914258,0.0678004,-0.214415,-0.0123112,0.238276,-0.598143,0.400769,0,0.999451,-0.0303871,-0.0122796,-0.00494567,-0.0212886,0.0170245,0.00158406,0,0,-0.432557,0,0,-1,-0.00914258,StepHold,,0.45,1,5,0.785398,0,0,0,0,0,-0.431151,0.0133974,0.215419,0.0763427,0.650211,0.364741,0.516251,0.193402,nan,nan,nan,nan,nan,nan,nan,nan
1.27884,-0.0713691,0.225827,-0.987705,-0.0183938,-0.0439933,0.00335842,-0.055845,-0.0291846,-0.00945185,-0.037797,-0.0226223,0.000212055,0,0,-1,-0.00914258,0.0678004,-0.214415,-0.0123112,0.238276,-0.598143,0.400769,0,0.999451,-0.0303871,-0.0122796,-0.00494567,0.000781771,0.0247785,0.00175779,0,0,-0.43241,0,0,-1,-0.00914258,StepHold,,0.45,1,5,0.785398,0,0,0,0,0,-0.43241,0.0104424,0.205526,0.076977,0.647198,0.371539,0.507793,0.203108,nan,nan,nan,nan,nan,nan,nan,nan
1.298,-0.0713623,0.22606,-0.987754,-0.0138657,-0.0557847,-0.00395118,-0.0558111,-0.0298964,-0.00943091,-0.000606448,-0.0348328,-0.00192357,0,0,-1,-0.00914258,0.0678006,-0.214657,-0.012282,0.239568,-0.441123,0.421998,0,0.999661,-0.0224093,-0.0123113,-0.00484734,0.0298652,0.0356862,0.00227782,0,0,-0.430892,0,0,-1,-0.00914258,StepHold,,0.45,1,5,0.785398,0,0,0,0,0,-0.431199,0.0127617,0.196634,0.0771584,0.638241,0.378438,0.501758,0.20636,nan,nan,nan,nan,nan,nan,nan,nan
1.30932,-0.0714151,0.226195,-0.987851,-0.0183328,-0.0432132,0.00105368,-0.0558285,-0.0294013,-0.00961115,0.0103263,0.0278014,-0.00671887,0,0,-1,-0.00914258,0.0678105,-0.21483,-0.0122016,0.245668,-0.588963,0.406761,0,0.99946,-0.0299185,-0.012654,-0.00495099,-0.0155754,0.0150951,0.00192507,0,0,-0.432289,0,0,-1,-0.00914258,StepHold,,0.45,1,5,0.785398,0,0,0,0,0,-0.430892,0.00823909,0.202705,0.0773131,0.645579,0.370794,0.502389,0.204805,nan,nan,nan,nan,nan,nan,nan,nan
1.32174,-0.0713963,0.226409,-0.987842,-0.023398,-0.0595943,-0.00193334,-0.0555501,-0.0291014,-0.00963807,0.0298296,0.0336583,-0.000595499,0,0,-1,-0.00914258,0.0678105,-0.21483,-0.0122016,0.245668,-0.588963,0.406761,0,0.99946,-0.0299185,-0.012654,-0.00495099,-0.00856835,0.0169134,0.0020603,0,0,-0.432068,0,0,-1,-0.00914258,StepHold,,0.45,1,5,0.785398,0,0,0,0,0,-0.432068,0.000257655,0.188967,0.0777609,0.643132,0.37649,0.487763,0.220888,nan,nan,nan,nan,nan,nan,nan,nan
1.33332,-0.0714011,0.226601,-0.987843,-0.0184264,-0.0442831,-0.00429149,-0.0553717,-0.0290846,-0.00974462,0.018003,0.00278,-0.0110216,0,0,-1,-0.00914258,0.0678311,-0.215271,-0.0121575,0.235225,-0.572037,0.430272,0,0.999492,-0.0290626,-0.0121185,-0.00492455,0.0419001,0.00168405,0.00174601,0,0,-0.431292,0,0,-1,-0.00914258,StepHold,,0.45,1,5,0.785398,0,0,0,0,0,-0.432068,0.000257655,0.188967,0.0777609,0.643132,0.37649,0.487763,0.220888,nan,nan,nan,nan,nan,nan,nan,nan
1.35036,-0.0713654,0.22693,-0.987898,-0.0206531,-0.0584588,-0.00118451,-0.0547779,-0.0278845,-0.0100746,0.0380546,0.064043,-0.0117457,0,0,-1,-0.00914258,0.0677971,-0.215583,-0.0121025,0.257027,-0.455948,0.417729,0,0.999633,-0.023158,-0.0132039,-0.00487717,0.0341509,0.00595491,0.00286763,0,0,-0.431445,0,0,-1,-0.00914258,StepHold,,0.45,1,5,0.785398,0,0,0,0,0,-0.431645,0.000585552,0.203507,0.0786377,0.653635,0.366893,0.496972,0.209078,nan,nan,nan,nan,nan,nan,nan,nan
1.35757,-0.071336,0.227074,-0.987891,-0.0190869,-0.0669521,-0.00403932,-0.0544438,-0.027633,-0.0101505,0.0356342,0.0286707,-0.00628416,0,0,-1,-0.00914258,0.0677971,-0.215583,-0.0121025,0.257027,-0.455948,0.417729,0,0.999633,-0.023158,-0.0132039,-0.00487717,0.0520375,0.0087917,0.00342043,0,0,-0.430824,0,0,-1,-0.00914258,StepHold,,0.45,1,5,0.785398,0,0,0,0,0,-0.431645,0.000585552,0.203507,0.0786377,0.653635,0.366893,0.496972,0.209078,nan,nan,nan,nan,nan,nan,nan,nan
1.37786,-0.0712403,0.22729,-0.987951,-0.017649,-0.0485606,-0.00432887,-0.0537495,-0.0271675,-0.0104147,0.0237742,0.0508447,-0.0124229,0,0,-1,-0.00914258,0.0677289,-0.215842,-0.0120962,0.211767,-0.532556,0.434255,0,0.999562,-0.0270651,-0.0109152,-0.00486766,-0.01483,0.00811986,0.00386958,0,0,-0.431108,0,0,-1,-0.00914258,StepHold,,0.45,1,5,0.785398,0,0,0,0,0,-0.431108,-0.000818599,0.201431,0.0792446,0.653229,0.367438,0.493368,0.210395,nan,nan,nan,nan,nan,nan,nan,nan
1.3883,-0.0712136,0.227353,-0.988006,-0.0216143,-0.0570738,-0.00769104,-0.0535207,-0.0266976,-0.0104388,0.0242877,0.0529147,0.000702262,0,0,-1,-0.00914258,0.0676529,-0.215985,-0.0119944,0.270082,-0.49637,0.443587,0,0.999574,-0.0252085,-0.0138776,-0.00492137,0.0113103,-0.00449567,0.00359114,0,0,-0.430358,0,0,-1,-0.00914258,StepHold,,0.45,1,5,0.785398,0,0,0,0,0,-0.431108,-0.000818599,0.201431,0.0792446,0.653229,0.367438,0.493368,0.210395,nan,nan,nan,nan,nan,nan,nan,nan
1.39627,-0.071174,0.227513,-0.98812,-0.0154804,-0.0528379,-0.00924688,-0.0529066,-0.0268358,-0.0105204,0.0241317,-0.00363214,-0.00528276,0,0,-1,-0.00914258,0.0676529,-0.215985,-0.0119944,0.270082,-0.49637,0.443587,0,0.999574,-0.0252085,-0.0138776,-0.00492137,0.0299972,-0.00175956,0.00380025,0,0,-0.429302,0,0,-1,-0.00914258,StepHold,,0.45,1,5,0.785398,0,0,0,0,0,-0.430358,0.0127301,0.194421,0.0792635,0.637961,0.381244,0.497226,0.204999,nan,nan,nan,nan,nan,nan,nan,nan
1.41225,-0.0711557,0.227534,-0.988163,-0.0144197,-0.048129,-0.00354009,-0.0529071,-0.0262809,-0.0106617,-0.00162249,0.0627814,-0.0119033,0,0,-1,-0.00914258,0.0676153,-0.216138,-0.0118796,0.218235,-0.548332,0.450209,0,0.999536,-0.027865,-0.0112483,-0.00488574,-0.0107788,0.013726,0.00478077,0,0,-0.430118,0,0,-1,-0.00914258,StepHold,,0.45,1,5,0.785398,0,0,0,0,0,-0.430118,0.0139619,0.195871,0.079417,0.638029,0.381004,0.498729,0.20271,nan,nan,nan,nan,nan,nan,nan,nan
1.42259,-0.0710479,0.227715,-0.988137,-0.0154393,-0.0545271,-0.00640818,-0.0531633,-0.0258099,-0.010754,-0.029761,0.0528871,-0.00692994,0,0,-1,-0.00914258,0.0676153,-0.216138,-0.0118796,0.218235,-0.548332,0.450209,0,0.999536,-0.027865,-0.0112483,-0.00488574,-0.0222545,0.0126945,0.00501609,0,0,-0.431237,0,0,-1,-0.00914258,StepHold,,0.45,1,5,0.785398,0,0,0,0,0,-0.431237,0.00761958,0.203239,0.0795096,0.648935,0.372521,0.500477,0.203015,nan,nan,nan,nan,nan,nan,nan,nan
1.44113,-0.0708535,0.22807,-0.988121,-0.011232,-0.0588453,-0.00983671,-0.0528188,-0.0255684,-0.0107738,0.00563139,0.0169065,-0.0046437,0,0,-1,-0.00914258,0.0674041,-0.216506,-0.0118769,0.22763,-0.449268,0.462178,0,0.999659,-0.0228268,-0.0117048,-0.00483878,0.00513808,0.0156792,0.00516826,0,0,-0.429916,0,0,-1,-0.00914258,StepHold,,0.45,1,5,0.785398,0,0,0,0,0,-0.429357,0.0150531,0.193798,0.0794844,0.635098,0.382547,0.497207,0.202575,nan,nan,nan,nan,nan,nan,nan,nan
1.4571,-0.0707225,0.22827,-0.988136,-0.0160508,-0.0647466,-0.0125611,-0.0529627,-0.0247811,-0.0108661,-0.000304268,0.0239639,-0.00254665,0,0,-1,-0.00914258,0.0672384,-0.216791,-0.0118759,0.242048,-0.565006,0.43277,0,0.999498,-0.0287038,-0.0124646,-0.00493003,0.0243424,-0.00164689,0.00428565,0,0,-0.429362,0,0,-1,-0.00914258,StepHold,,0.45,1,5,0.785398,0,0,0,0,0,-0.429362,0.0139651,0.193316,0.0791785,0.635227,0.381818,0.496409,0.203996,nan,nan,nan,nan,nan,nan,nan,nan
1.46996,-0.0706518,0.228383,-0.988145,-0.0122039,-0.0676874,-0.0111633,-0.0527469,-0.0249592,-0.0107112,0.0229579,-0.0202716,0.016742,0,0,-1,-0.00914258,0.0671192,-0.216964,-0.0118548,0.21619,-0.453908,0.457536,0,0.99966,-0.0230667,-0.0111234,-0.00482829,0.0281234,0.00881683,0.00467989,0,0,-0.429568,0,0,-1,-0.00914258,StepHold,,0.45,1,5,0.785398,0,0,0,0,0,-0.429568,0.00909925,0.206147,0.0789591,0.647727,0.369291,0.502462,0.198794,nan,nan,nan,nan,nan,nan,nan,nan
1.47791,-0.0705188,0.228575,-0.988153,-0.0139379,-0.0529059,-0.00745601,-0.0527237,-0.0247467,-0.0105059,0.014105,0.0286907,0.0136495,0,0,-1,-0.00914258,0.0671192,-0.216964,-0.0118548,0.21619,-0.453908,0.457536,0,0.99966,-0.0230667,-0.0111234,-0.00482829,-0.0220044,0.00190084,0.00389628,0,0,-0.430621,0,0,-1,-0.00914258,StepHold,,0.45,1,5,0.785398,0,0,0,0,0,-0.429568,0.00909925,0.206147,0.0789591,0.647727,0.369291,0.502462,0.198794,nan,nan,nan,nan,nan,nan,nan,nan
1.4902,-0.070452,0.228646,-0.988147,-0.0163801,-0.0664112,-0.0081149,-0.0523725,-0.0248005,-0.0103787,0.0381681,-0.00639899,0.0144279,0,0,-1,-0.00914258,0.0669928,-0.217146,-0.0118474,0.23456,-0.567075,0.442637,0,0.9995,-0.0288114,-0.0120837,-0.00492047,-0.0204848,0.00115513,0.00351016,0,0,-0.430529,0,0,-1,-0.00914258,StepHold,,0.45,1,5,0.785398,0,0,0,0,0,-0.430621,0.000663316,0.202761,0.078635,0.652026,0.366448,0.49548,0.208529,nan,nan,nan,nan,nan,nan,nan,nan
1.50775,-0.0703336,0.228777,-0.988088,-0.0142048,-0.0513772,-0.000329483,-0.0519648,-0.0252083,-0.0101715,0.00341313,-0.00937585,0.00834205,0,0,-1,-0.00914258,0.0668169,-0.217338,-0.0119118,0.233877,-0.595668,0.414808,0,0.999457,-0.0302626,-0.0120548,-0.00493736,0.0223337,-0.00157966,0.00282894,0,0,-0.430364,0,0,-1,-0.00914258,StepHold,,0.45,1,5,0.785398,0,0,0,0,0,-0.430364,0.0153054,0.194921,0.0779489,0.635185,0.381403,0.50072,0.204146,nan,nan,nan,nan,nan,nan,nan,nan
1.51932,-0.0701996,0.228999,-0.98794,-0.0140973,-0.0456365,0.00237917,-0.0518221,-0.0248255,-0.0102211,0.0146325,0.043401,-0.00275627,0,0,-1,-0.00914258,0.0668169,-0.217338,-0.0119118,0.233877,-0.595668,0.414808,0,0.999457,-0.0302626,-0.0120548,-0.00493736,-0.0478808,0.00206945,0.00304062,0,0,-0.432554,0,0,-1,-0.00914258,StepHold,,0.45,1,5,0.785398,0,0,0,0,0,-0.431936,-0.00117237,0.202111,0.0779488,0.653494,0.36624,0.495722,0.212289,nan,nan,nan,nan,nan,nan,nan,nan
1.53191,-0.0700707,0.229176,-0.987793,-0.0167152,-0.0578102,0.000885427,-0.0515372,-0.024625,-0.0102577,0.0300084,0.0229693,-0.0021653,0,0,-1,-0.00914258,0.0665671,-0.217718,-0.0122072,0.254315,-0.520385,0.407129,0,0.999553,-0.0264335,-0.0130797,-0.00491757,-0.00517283,-0.00640522,0.00291373,0,0,-0.43207,0,0,-1,-0.00914258,StepHold,,0.450035,1,5,0.785398,0,0,0,0,0,-0.432554,-0.00160808,0.201915,0.0779991,0.654331,0.366738,0.495843,0.213303,nan,nan,nan,nan,nan,nan,nan,nan
1.54071,-0.0699615,0.22937,-0.987644,-0.0180427,-0.0665018,-0.00317185,-0.0512914,-0.0247765,-0.010223,0.0258863,-0.0165755,0.00372897,0,0,-1,-0.00914258,0.0665671,-0.217718,-0.0122072,0.254315,-0.520385,0.407129,0,0.999553,-0.0264335,-0.0130797,-0.00491757,0.0198279,-0.0101848,0.00288362,0,0,-0.431238,0,0,-1,-0.00914258,StepHold,,0.450035,1,5,0.785398,0,0,0,0,0,-0.431238,0.0179892,0.190264,0.0780994,0.631019,0.387619,0.50005,0.206264,nan,nan,nan,nan,nan,nan,nan,nan
1.5552,-0.0698513,0.229561,-0.987485,-0.0134458,-0.0601571,0.00103469,-0.0512643,-0.0248648,-0.0102568,0.00138079,-0.00916357,-0.00353344,0,0,-1,-0.00914258,0.0663588,-0.218083,-0.012515,0.224208,-0.520218,0.405031,0,0.999572,-0.0264342,-0.0115461,-0.00487728,-0.00529106,0.004796,0.00327128,0,0,-0.432139,0,0,-1,-0.00914258,StepHold,,0.45,1,5,0.785398,0,0,0,0,0,-0.432139,0.00834282,0.203722,0.0781393,0.648298,0.372223,0.503601,0.204435,nan,nan,nan,nan,nan,nan,nan,nan
1.56889,-0.0696426,0.229789,-0.987145,-0.0145815,-0.0590677,0.00402129,-0.0514154,-0.0242981,-0.0102815,-0.00161408,0.0172776,0.00473509,0,0,-1,-0.00914258,0.0661605,-0.218299,-0.0128548,0.236925,-0.519847,0.391014,0,0.999565,-0.0264121,-0.0121941,-0.00489404,-0.00485225,-0.000257247,0.00304333,0,0,-0.43279,0,0,-1,-0.00914258,StepHold,,0.45,1,5,0.785398,0,0,0,0,0,-0.43279,0.00916856,0.194462,0.0781086,0.641786,0.379975,0.498321,0.211078,nan,nan,nan,nan,nan,nan,nan,nan
1.57928,-0.0694471,0.229933,-0.986801,-0.0122869,-0.0547531,0.00436487,-0.0515331,-0.0245314,-0.0101502,-0.0215308,-0.0155606,0.0046545,0,0,-1,-0.00914258,0.0661605,-0.218299,-0.0128548,0.236925,-0.519847,0.391014,0,0.999565,-0.0264121,-0.0121941,-0.00489404,0.0307872,0.00975706,0.00314954,0,0,-0.431554,0,0,-1,-0.00914258,StepHold,,0.45,1,5,0.785398,0,0,0,0,0,-0.431554,0.0161068,0.200969,0.0780028,0.64014,0.378938,0.506697,0.200442,nan,nan,nan,nan,nan,nan,nan,nan
1.59732,-0.0692424,0.230062,-0.986524,-0.0156601,-0.0696923,-0.00259413,-0.0521633,-0.0237315,-0.0100608,-0.0457624,0.0260449,0.00954772,0,0,-1,-0.00914258,0.0659747,-0.218436,-0.0131992,0.225689,-0.573198,0.387759,0,0.999496,-0.029125,-0.0116332,-0.00491125,-0.0146683,-0.00173522,0.00250839,0,0,-0.432528,0,0,-1,-0.00914258,StepHold,,0.45,1,5,0.785398,0,0,0,0,0,-0.432528,0.0128497,0.202375,0.0777875,0.644196,0.3764,0.506576,0.202942,nan,nan,nan,nan,nan,nan,nan,nan
1.61223,-0.069165,0.230106,-0.986394,-0.0153307,-0.0693135,-0.00387191,-0.0522992,-0.0238774,-0.00997473,-0.0163144,-0.0164012,0.00937885,0,0,-1,-0.00914258,0.0657068,-0.2186,-0.0136057,0.248537,-0.471692,0.418302,0,0.999619,-0.0239607,-0.0127748,-0.00487766,0.0187324,-0.00980964,0.00203543,0,0,-0.431441,0,0,-1,-0.00914258,StepHold,,0.45,1,5,0.785398,0,0,0,0,0,-0.431614,0.0175335,0.190221,0.0776754,0.631263,0.387279,0.500496,0.207417,nan,nan,nan,nan,nan,nan,nan,nan
1.61817,-0.0690127,0.230329,-0.986125,-0.0139216,-0.0498481,0.00445416,-0.0526508,-0.0237367,-0.00993575,-0.0403322,0.0158157,0.00574946,0,0,-1,-0.00914258,0.0657068,-0.2186,-0.0136057,0.248537,-0.471692,0.418302,0,0.999619,-0.0239607,-0.0127748,-0.00487766,-0.0424256,-0.00528491,0.00195168,0,0,-0.433394,0,0,-1,-0.00914258,StepHold,,0.45,1,5,0.785398,0,0,0,0,0,-0.431441,0.0175335,0.190221,0.0776754,0.631263,0.387279,0.500496,0.207417,nan,nan,nan,nan,nan,nan,nan,nan
1.6347,-0.0688571,0.23053,-0.985865,-0.011572,-0.0516934,0.00530141,-0.0531264,-0.0232906,-0.00994495,-0.054687,0.0502504,0.00235705,0,0,-1,-0.00914258,0.0654143,-0.219003,-0.0141351,0.219646,-0.595431,0.379666,0,0.999466,-0.0302555,-0.0113302,-0.00491545,-0.0294975,0.00215427,0.00207279,0,0,-0.433515,0,0,-1,-0.00914258,StepHold,,0.450085,1,5,0.785398,0,0,0,0,0,-0.433515,0.00549337,0.199918,0.0775129,0.648371,0.373647,0.500898,0.211141,nan,nan,nan,nan,nan,nan,nan,nan
1.64538,-0.068368,0.231015,-0.985103,-0.00772542,-0.0559092,0.00262567,-0.0533602,-0.0232005,-0.00965262,-0.0169155,0.0137609,0.00779171,0,0,-1,-0.00914258,0.0650922,-0.219325,-0.0146502,0.208821,-0.473557,0.401954,0,0.999641,-0.0240683,-0.0107525,-0.00483068,0.0213041,0.00576919,0.00163438,0,0,-0.432156,0,0,-1,-0.00914258,StepHold,,0.450085,1,5,0.785398,0,0,0,0,0,-0.433515,0.00549337,0.199918,0.0775129,0.648371,0.373647,0.500898,0.211141,nan,nan,nan,nan,nan,nan,nan,nan
1.65517,-0.0682164,0.23114,-0.984862,-0.0116587,-0.0566944,0.00683711,-0.0536062,-0.0229893,-0.00962224,-0.028878,0.0238572,0.00531797,0,0,-1,-0.00914258,0.0650922,-0.219325,-0.0146502,0.208821,-0.473557,0.401954,0,0.999641,-0.0240683,-0.0107525,-0.00483068,-0.0213057,0.00680257,0.00161325,0,0,-0.43315,0,0,-1,-0.00914258,StepHold,,0.450085,1,5,0.785398,0,0,0,0,0,-0.432156,0.00875401,0.20329,0.0772501,0.64683,0.371947,0.504492,0.205356,nan,nan,nan,nan,nan,nan,nan,nan
1.67182,-0.0680554,0.231223,-0.984618,-0.0149656,-0.0681498,0.00355759,-0.0534858,-0.0232258,-0.00956515,0.012036,-0.0261021,0.00560613,0,0,-1,-0.00914258,0.0648056,-0.219583,-0.0151383,0.237336,-0.567081,0.367861,0,0.999498,-0.0288108,-0.0122251,-0.00492452,-0.0161016,-0.00607972,0.000948269,0,0,-0.433982,0,0,-1,-0.00914258,StepHold,,0.450012,1,5,0.785398,0,0,0,0,0,-0.433982,0.000326937,0.19997,0.0770471,0.652063,0.369959,0.498214,0.215691,nan,nan,nan,nan,nan,nan,nan,nan
1.67971,-0.0679209,0.231242,-0.984339,-0.0118223,-0.0646515,0.00696844,-0.0534833,-0.0235947,-0.00945837,-0.000929178,-0.0411253,0.0103265,0,0,-1,-0.00914258,0.0648056,-0.219583,-0.0151383,0.237336,-0.567081,0.367861,0,0.999498,-0.0288108,-0.0122251,-0.00492452,0.0200825,-0.0137092,0.000395448,0,0,-0.433259,0,0,-1,-0.00914258,StepHold,,0.450012,1,5,0.785398,0,0,0,0,0,-0.433982,0.000326937,0.19997,0.0770471,0.652063,0.369959,0.498214,0.215691,nan,nan,nan,nan,nan,nan,nan,nan
1.69412,-0.0677676,0.231305,-0.984081,-0.0155626,-0.0577894,0.0114797,-0.0538785,-0.0238457,-0.00947914,-0.0452988,-0.0271218,-0.00315319,0,0,-1,-0.00914258,0.0643792,-0.21974,-0.0159193,0.260181,-0.568879,0.345212,0,0.99948,-0.0288948,-0.013389,-0.004959,0.00670848,-0.00148047,0.000888381,0,0,-0.434004,0,0,-1,-0.00914258,StepHold,,0.45,1,5,0.785398,0,0,0,0,0,-0.434004,0.0171275,0.198516,0.0771857,0.639316,0.383027,0.50895,0.204722,nan,nan,nan,nan,nan,nan,nan,nan
1.70592,-0.0675187,0.23139,-0.983557,-0.0166992,-0.0729429,0.00567504,-0.0545635,-0.0241567,-0.00958318,-0.0313771,-0.0486972,-0.00138634,0,0,-1,-0.00914258,0.0641428,-0.21982,-0.0164435,0.25889,-0.451287,0.364959,0,0.999637,-0.0229204,-0.0132977,-0.00487614,0.036305,-0.010862,0.00108279,0,0,-0.433862,0,0,-1,-0.00914258,StepHold,,0.45,1,5,0.785398,0,0,0,0,0,-0.434004,0.0171275,0.198516,0.0771857,0.639316,0.383027,0.50895,0.204722,nan,nan,nan,nan,nan,nan,nan,nan
1.71812,-0.0673048,0.23158,-0.983117,-0.0110716,-0.0707563,0.00765878,-0.0548514,-0.0246963,-0.00961245,-0.0334821,-0.0593238,-0.0059554,0,0,-1,-0.00914258,0.0641428,-0.21982,-0.0164435,0.25889,-0.451287,0.364959,0,0.999637,-0.0229204,-0.0132977,-0.00487614,0.0242614,0.00762185,0.00194541,0,0,-0.434345,0,0,-1,-0.00914258,StepHold,,0.45,1,5,0.785398,0,0,0,0,0,-0.434345,0.0160534,0.195854,0.0778079,0.639156,0.385114,0.506028,0.207083,nan,nan,nan,nan,nan,nan,nan,nan
1.73246,-0.0670983,0.231723,-0.982667,-0.00810441,-0.0591439,0.0141536,-0.0553012,-0.0247413,-0.00969235,-0.0520353,-0.00383835,-0.00846427,0,0,-1,-0.00914258,0.0637433,-0.220136,-0.0173327,0.196344,-0.577667,0.327847,0,0.999506,-0.0293611,-0.0101394,-0.00487037,-0.0135056,0.0162229,0.0021861,0,0,-0.435852,0,0,-1,-0.00914258,StepHold,,0.45,1,5,0.785398,0,0,0,0,0,-0.435852,0.0103118,0.207007,0.077999,0.652801,0.374866,0.511166,0.204577,nan,nan,nan,nan,nan,nan,nan,nan
1.73934,-0.0666669,0.231969,-0.981846,-0.00788426,-0.075197,0.00579015,-0.0558318,-0.0247684,-0.0097985,-0.0137186,-0.00999292,-0.00510236,0,0,-1,-0.00914258,0.0637433,-0.220136,-0.0173327,0.196344,-0.577667,0.327847,0,0.999506,-0.0293611,-0.0101394,-0.00487037,-0.0189464,0.0207027,0.00268393,0,0,-0.435438,0,0,-1,-0.00914258,StepHold,,0.45,1,5,0.785398,0,0,0,0,0,-0.435852,0.0103118,0.207007,0.077999,0.652801,0.374866,0.511166,0.204577,nan,nan,nan,nan,nan,nan,nan,nan
1.75243,-0.0664793,0.232055,-0.981467,-0.0106435,-0.0802746,0.00486219,-0.0558242,-0.0252281,-0.00984481,-0.000902544,-0.05018,-0.00736614,0,0,-1,-0.00914258,0.0633336,-0.220371,-0.0181537,0.209959,-0.441964,0.355728,0,0.999678,-0.0224614,-0.0108034,-0.00481435,0.044039,0.013494,0.00244356,0,0,-0.434216,0,0,-1,-0.00914258,StepHold,,0.45,1,5,0.785398,0,0,0,0,0,-0.435438,0.0112182,0.19805,0.0781985,0.645611,0.381625,0.504863,0.209652,nan,nan,nan,nan,nan,nan,nan,nan
1.76996,-0.0661827,0.232194,-0.980783,-0.0102099,-0.0594423,0.00850411,-0.0561568,-0.0251797,-0.0100043,-0.0183011,0.0137456,-0.00241586,0,0,-1,-0.00914258,0.0628735,-0.220585,-0.0192173,0.227428,-0.582471,0.339305,0,0.999481,-0.0295954,-0.0117238,-0.00491946,-0.0195628,-0.000748724,0.00238559,0,0,-0.435024,0,0,-1,-0.00914258,StepHold,,0.45,1,5,0.785398,0,0,0,0,0,-0.435024,0.00556691,0.200378,0.0786499,0.651291,0.376021,0.501648,0.211138,nan,nan,nan,nan,nan,nan,nan,nan
1.77866,-0.066013,0.232231,-0.980467,-0.0113143,-0.0761223,0.00483237,-0.0560195,-0.0252349,-0.0100206,0.0136776,-0.00539328,-0.0015698,0,0,-1,-0.00914258,0.0628735,-0.220585,-0.0192173,0.227428,-0.582471,0.339305,0,0.999481,-0.0295954,-0.0117238,-0.00491946,-0.0122211,0.00580832,0.00269635,0,0,-0.435312,0,0,-1,-0.00914258,StepHold,,0.45,1,5,0.785398,0,0,0,0,0,-0.435312,0.00310731,0.203651,0.0787223,0.655705,0.372328,0.502437,0.21078,nan,nan,nan,nan,nan,nan,nan,nan
1.79497,-0.0658453,0.232255,-0.980135,-0.00945051,-0.0840476,0.00260458,-0.0557228,-0.0254913,-0.0100423,0.0316683,-0.0279172,-0.0034461,0,0,-1,-0.00914258,0.062553,-0.220642,-0.0198655,0.22117,-0.409433,0.359372,0,0.999707,-0.0208031,-0.0113671,-0.0048079,0.0585301,0.00906833,0.00309446,0,0,-0.433997,0,0,-1,-0.00914258,StepHold,,0.45,1,5,0.785398,0,0,0,0,0,-0.434425,0.0185902,0.195416,0.0788427,0.638166,0.388332,0.506557,0.204643,nan,nan,nan,nan,nan,nan,nan,nan
1.80196,-0.0656997,0.232165,-0.9798,-0.00965178,-0.0640095,0.00730716,-0.0557217,-0.0254674,-0.0102215,-0.00182001,0.00435831,-0.0192197,0,0,-1,-0.00914258,0.062553,-0.220642,-0.0198655,0.22117,-0.409433,0.359372,0,0.999707,-0.0208031,-0.0113671,-0.0048079,-0.0115805,0.00777244,0.00317928,0,0,-0.435319,0,0,-1,-0.00914258,StepHold,,0.45,1,5,0.785398,0,0,0,0,0,-0.435319,0.00242609,0.20826,0.0790897,0.65982,0.36896,0.504852,0.207643,nan,nan,nan,nan,nan,nan,nan,nan
1.8106,-0.0655349,0.232119,-0.979521,-0.0119592,-0.0751958,0.00256522,-0.0555765,-0.0251032,-0.0103286,0.0144796,0.0417314,-0.00911468,0,0,-1,-0.00914258,0.062553,-0.220642,-0.0198655,0.22117,-0.409433,0.359372,0,0.999707,-0.0208031,-0.0113671,-0.0048079,0.0237394,0.000835857,0.00336043,0,0,-0.434322,0,0,-1,-0.00914258,StepHold,,0.450011,1,5,0.785398,0,0,0,0,0,-0.434322,0.00372006,0.197107,0.0793124,0.650244,0.376988,0.496666,0.21339,nan,nan,nan,nan,nan,nan,nan,nan
1.82971,-0.0649374,0.232253,-0.978387,-0.0179796,-0.0654678,0.00182831,-0.0540769,-0.0249517,-0.0108713,0.0419231,0.0352193,-0.0324316,0,0,-1,-0.00914258,0.0618915,-0.220577,-0.0211897,0.235363,-0.54775,0.38012,0,0.999527,-0.0278293,-0.0121202,-0.00490947,-0.00575604,0.00140329,0.00490023,0,0,-0.433356,0,0,-1,-0.00914258,StepHold,,0.450011,1,5,0.785398,0,0,0,0,0,-0.433028,0.012055,0.194879,0.0795961,0.641764,0.383446,0.499408,0.207492,nan,nan,nan,nan,nan,nan,nan,nan
1.83897,-0.0647441,0.2323,-0.977977,-0.018001,-0.0687844,-1.32809e-05,-0.0535148,-0.0245707,-0.011129,0.060274,0.044617,-0.0257316,0,0,-1,-0.00914258,0.0618915,-0.220577,-0.0211897,0.235363,-0.54775,0.38012,0,0.999527,-0.0278293,-0.0121202,-0.00490947,-0.0208156,-0.0179447,0.00486324,0,0,-0.434708,0,0,-1,-0.00914258,StepHold,,0.450011,1,5,0.785398,0,0,0,0,0,-0.433356,-0.00332946,0.200379,0.0799897,0.657254,0.3694,0.492351,0.214418,nan,nan,nan,nan,nan,nan,nan,nan
1.86028,-0.064369,0.232393,-0.977194,-0.0097961,-0.0796247,-0.00523851,-0.0522465,-0.0246378,-0.0115963,0.068241,-0.0109461,-0.026592,0,0,-1,-0.00914258,0.0615069,-0.220685,-0.022023,0.270551,-0.546005,0.35888,0,0.999506,-0.0277299,-0.0139122,-0.00495765,0.010355,-0.00414463,0.00672879,0,0,-0.432907,0,0,-1,-0.00914258,StepHold,,0.45,1,5,0.785398,0,0,0,0,0,-0.432907,0.00405005,0.193189,0.0814744,0.647987,0.380739,0.490555,0.212348,nan,nan,nan,nan,nan,nan,nan,nan
1.8765,-0.0639836,0.232328,-0.976471,-0.00742162,-0.0679299,-0.00550811,-0.0516739,-0.02385,-0.0122906,0.0244149,0.0440023,-0.0332529,0,0,-1,-0.00914258,0.0609666,-0.220745,-0.0231818,0.188839,-0.578351,0.357267,0,0.999508,-0.0293981,-0.00975731,-0.00485957,-0.0208775,0.0124954,0.00938428,0,0,-0.433649,0,0,-1,-0.00914258,StepHold,,0.45,1,5,0.785398,0,0,0,0,0,-0.434451,-0.00121915,0.207267,0.0824673,0.664203,0.369595,0.497329,0.206676,nan,nan,nan,nan,nan,nan,nan,nan
1.88834,-0.0637985,0.232302,-0.976142,-0.00909681,-0.0790983,-0.00734829,-0.0510795,-0.0238692,-0.0124758,0.0642782,-0.000434725,-0.0201439,0,0,-1,-0.00914258,0.0606086,-0.220687,-0.0238583,0.216709,-0.470169,0.379179,0,0.999641,-0.0238933,-0.0111534,-0.0048383,0.0139628,0.00399179,0.00995235,0,0,-0.433203,0,0,-1,-0.00914258,StepHold,,0.45,1,5,0.785398,0,0,0,0,0,-0.433203,0.0117068,0.195471,0.0828273,0.645834,0.386188,0.496525,0.204264,nan,nan,nan,nan,nan,nan,nan,nan
1.89799,-0.0636257,0.232239,-0.975827,-0.00957644,-0.0822533,-0.0077704,-0.0508453,-0.0239596,-0.0126992,0.0240962,-0.00816589,-0.0248147,0,0,-1,-0.00914258,0.0606086,-0.220687,-0.0238583,0.216709,-0.470169,0.379179,0,0.999641,-0.0238933,-0.0111534,-0.0048383,0.0179875,0.00169072,0.0102578,0,0,-0.433176,0,0,-1,-0.00914258,StepHold,,0.45,1,5,0.785398,0,0,0,0,0,-0.433176,0.00981512,0.202168,0.0830512,0.652104,0.380312,0.499671,0.200618,nan,nan,nan,nan,nan,nan,nan,nan
1.91241,-0.0634621,0.23216,-0.975524,-0.0121366,-0.0714499,-0.000838311,-0.0508602,-0.0236615,-0.0128953,-0.00352631,0.0348753,-0.0195897,0,0,-1,-0.00914258,0.060289,-0.220552,-0.0244759,0.242067,-0.548902,0.351286,0,0.999521,-0.027886,-0.0124621,-0.00491965,-0.0198862,-0.00607502,0.0101722,0,0,-0.434747,0,0,-1,-0.00914258,StepHold,,0.45,1,5,0.785398,0,0,0,0,0,-0.434747,0.0055179,0.19418,0.0831041,0.651118,0.384546,0.492504,0.210821,nan,nan,nan,nan,nan,nan,nan,nan
1.91923,-0.0630578,0.231929,-0.974698,-0.0101865,-0.0894915,-0.00831699,-0.0505045,-0.0233529,-0.0130821,0.020606,0.00947255,-0.00124091,0,0,-1,-0.00914258,0.060289,-0.220552,-0.0244759,0.242067,-0.548902,0.351286,0,0.999521,-0.027886,-0.0124621,-0.00491965,0.00894221,-0.000557102,0.0110215,0,0,-0.433533,0,0,-1,-0.00914258,StepHold,,0.45,1,5,0.785398,0,0,0,0,0,-0.434747,0.0055179,0.19418,0.0831041,0.651118,0.384546,0.492504,0.210821,nan,nan,nan,nan,nan,nan,nan,nan
1.93146,-0.0628001,0.23194,-0.974172,-0.0097516,-0.0732896,-0.00467447,-0.0506918,-0.023326,-0.0131371,-0.022572,0.00409578,-0.00524166,0,0,-1,-0.00914258,0.0599049,-0.220333,-0.0253018,0.225909,-0.420558,0.375935,0,0.999693,-0.0213677,-0.0116111,-0.00481956,0.0326017,-0.00109403,0.0111567,0,0,-0.433262,0,0,-1,-0.00914258,StepHold,,0.45,1,5,0.785398,0,0,0,0,0,-0.433533,0.00777412,0.190496,0.0830256,0.645625,0.387454,0.490361,0.210694,nan,nan,nan,nan,nan,nan,nan,nan
1.94892,-0.0623095,0.231925,-0.973213,-0.0125553,-0.0834765,-0.00990224,-0.0508546,-0.0227682,-0.0131731,-0.000748854,0.0203367,0.00776447,0,0,-1,-0.00914258,0.059194,-0.220329,-0.0267874,0.247312,-0.464276,0.375334,0,0.999629,-0.0235839,-0.0127107,-0.0048713,-0.0338512,0.00356958,0.0114393,0,0,-0.433779,0,0,-1,-0.00914258,StepHold,,0.45,1,5,0.785398,0,0,0,0,0,-0.433779,0.00316276,0.201473,0.082508,0.656377,0.376158,0.495621,0.206959,nan,nan,nan,nan,nan,nan,nan,nan
1.95945,-0.0620689,0.231898,-0.972745,-0.00979881,-0.0857091,-0.010213,-0.0508223,-0.0229014,-0.0131003,0.00231654,-0.0144132,0.00796919,0,0,-1,-0.00914258,0.059194,-0.220329,-0.0267874,0.247312,-0.464276,0.375334,0,0.999629,-0.0235839,-0.0127107,-0.0048713,0.0180421,-0.00314505,0.011248,0,0,-0.433405,0,0,-1,-0.00914258,StepHold,,0.45,1,5,0.785398,0,0,0,0,0,-0.433399,0.012715,0.195933,0.0821982,0.645015,0.386141,0.49839,0.204051,nan,nan,nan,nan,nan,nan,nan,nan
1.97727,-0.0615737,0.231766,-0.971825,-0.00551242,-0.0661751,-0.00275879,-0.0509295,-0.0225945,-0.0130547,-0.000388208,0.04602,0.00748567,0,0,-1,-0.00914258,0.0587289,-0.220244,-0.0277209,0.206173,-0.596738,0.340089,0,0.999471,-0.0303262,-0.0106443,-0.00489555,-0.0396979,0.00922308,0.0112291,0,0,-0.435288,0,0,-1,-0.00914258,StepHold,,0.45,1,5,0.785398,0,0,0,0,0,-0.435288,0.00204593,0.208339,0.0815875,0.66261,0.371104,0.502112,0.205328,nan,nan,nan,nan,nan,nan,nan,nan
1.99051,-0.0611093,0.231603,-0.971022,-0.00924954,-0.0848603,-0.0133355,-0.0504869,-0.0232974,-0.0128855,0.0244952,-0.0575124,0.00405253,0,0,-1,-0.00914258,0.0580538,-0.220023,-0.0289783,0.231658,-0.459797,0.378474,0,0.999644,-0.0233613,-0.0119125,-0.00484992,0.0166404,-0.00409514,0.0104178,0,0,-0.433229,0,0,-1,-0.00914258,StepHold,,0.450008,1,5,0.785398,0,0,0,0,0,-0.435288,0.00204593,0.208339,0.0815875,0.66261,0.371104,0.502112,0.205328,nan,nan,nan,nan,nan,nan,nan,nan
2.00322,-0.0609091,0.231504,-0.970618,-0.00804623,-0.0687346,-0.00448545,-0.0503776,-0.0235173,-0.0128784,0.0108551,-0.0237041,0.000152282,0,0,-1,-0.00914258,0.0580538,-0.220023,-0.0289783,0.231658,-0.459797,0.378474,0,0.999644,-0.0233613,-0.0119125,-0.00484992,0.0153856,-0.00281751,0.0103733,0,0,-0.433229,0,0,-1,-0.00914258,StepHold,,0.45,1,5,0.785398,0,0,0,0,0,-0.433229,0.00581122,0.208995,0.0810648,0.65783,0.370719,0.503703,0.200663,nan,nan,nan,nan,nan,nan,nan,nan
2.01306,-0.0606997,0.231381,-0.970205,-0.00826329,-0.0706693,-0.00209378,-0.0501794,-0.0236272,-0.0128769,0.0209476,-0.011635,0.000132622,0,0,-1,-0.00914258,0.0578636,-0.219928,-0.0293816,0.220823,-0.588657,0.343007,0,0.999476,-0.029911,-0.0113886,-0.00491323,-0.0378553,0.00139779,0.0105246,0,0,-0.435236,1,0,-1,-0.00914258,StepApplied,,0.45,1,5,0.785398,0,0,0,0,0,-0.433229,0.00581122,0.208995,0.0810648,0.65783,0.370719,0.503703,0.200663,nan,nan,nan,nan,nan,nan,nan,nan
2.02117,-0.0604602,0.231245,-0.969809,-0.00942589,-0.0852924,-0.00611361,-0.0500499,-0.0239413,-0.0128425,0.0133183,-0.0345016,0.00263726,0,0,-1,-0.00914258,0.0578636,-0.219928,-0.0293816,0.220823,-0.588657,0.343007,0,0.999476,-0.029911,-0.0113886,-0.00491323,-0.027777,0.00217904,0.0104548,0,0,-0.435707,1,0,-1,-0.00914258,StepApplied,,0.45,1,5,0.785398,0,0,0,0,0,-0.435707,0.0012114,0.205442,0.0808732,0.660856,0.372266,0.500607,0.209098,nan,nan,nan,nan,nan,nan,nan,nan
2.03506,-0.0598518,0.231043,-0.968406,-0.0084142,-0.0705916,0.00162041,-0.0501428,-0.0247052,-0.0129715,-0.028071,-0.00501342,-0.0114386,0,0,-1,-0.00914258,0.0574372,-0.219683,-0.0301915,0.230381,-0.448975,0.3435,0,0.999658,-0.0228113,-0.011845,-0.00484177,-0.0304934,0.012965,0.0112258,0,0,-0.435916,1,0,-1,-0.00914258,StepApplied,,0.45,1,5,0.785398,0,0,0,0,0,-0.435916,0.00930197,0.199249,0.0810541,0.651146,0.382757,0.501979,0.207783,nan,nan,nan,nan,nan,nan,nan,nan
2.04921,-0.0595345,0.23096,-0.967726,-0.00910228,-0.0815944,-0.0005454,-0.0505752,-0.0248848,-0.0130688,-0.0495227,-0.0185178,-0.0110556,1,0,-1,-0.00914258,1.00656,-0.219412,-0.0322741,2.13084,-0.47587,0.311353,0,0.993983,-0.0230764,-0.10685,-0.00697428,0.0206552,-0.755429,-0.014496,0,0,-0.446381,1,0,-1,-0.00914258,StepApplied,,0.45001,1,5,0.785398,0,0,0,0,0,-0.446764,0.0142954,0.0943476,0.0806083,0.583837,0.47087,0.442654,0.289694,nan,nan,nan,nan,nan,nan,nan,nan
2.05587,-0.0592479,0.230858,-0.967033,-0.00519662,-0.0852631,3.86134e-05,-0.0507899,-0.0253418,-0.0130778,-0.0253948,-0.0502315,-0.00288579,1,0,-1,-0.00914258,1.00656,-0.219412,-0.0322741,2.13084,-0.47587,0.311353,0,0.993983,-0.0230764,-0.10685,-0.00697428,0.0297176,-0.743743,-0.013472,0,0,-0.446356,1,0,-1,-0.00914258,StepApplied,,0.45001,1,5,0.785398,0,0,0,0,0,-0.446764,0.0142954,0.0943476,0.0806083,0.583837,0.47087,0.442654,0.289694,nan,nan,nan,nan,nan,nan,nan,nan
2.07191,-0.0589321,0.230748,-0.966348,0.00316129,-0.0724507,0.00199981,-0.0511968,-0.0265615,-0.0130631,-0.0465506,-0.134942,-0.00461412,1,0,-1,-0.00914258,1.00599,-0.219211,-0.0336516,2.04909,-0.563813,0.294745,0,0.994285,-0.0274957,-0.102894,-0.00734525,-0.0119711,-0.718093,-0.0153256,0,0,-0.446618,1,0,-1,-0.00914258,StepApplied,,0.45,1,5,0.785398,0,0,0,0,0,-0.446618,0.001456,0.120553,0.0798823,0.610575,0.442389,0.452677,0.280832,nan,nan,nan,nan,nan,nan,nan,nan
2.08151,-0.0585916,0.230632,-0.965713,0.00527917,-0.0667467,0.00370161,-0.0512539,-0.0274571,-0.0131817,-0.00797376,-0.0981624,-0.0176217,1,0,-1,-0.00914258,1.00599,-0.219211,-0.0336516,2.04909,-0.563813,0.294745,0,0.994285,-0.0274957,-0.102894,-0.00734525,-0.0267658,-0.709282,-0.0160998,0,0,-0.447184,1,0,-1,-0.00914258,StepApplied,,0.45,1,5,0.785398,0,0,0,0,0,-0.447184,-0.00507273,0.151639,0.0795534,0.63741,0.416028,0.470925,0.264374,nan,nan,nan,nan,nan,nan,nan,nan
2.08771,-0.0578578,0.230355,-0.964515,0.00904382,-0.0862505,-0.00435526,-0.0505236,-0.0337064,-0.0131415,0.0659821,-0.404681,-0.0114861,1,0,-1,-0.00914258,1.00599,-0.219211,-0.0336516,2.04909,-0.563813,0.294745,0,0.994285,-0.0274957,-0.102894,-0.00734525,0.000158523,-0.693065,-0.0134486,0,0,-0.446419,1,0,-1,-0.00914258,StepApplied,,0.45002,1,5,0.785398,0,0,0,0,0,-0.447184,-0.00507273,0.151639,0.0795534,0.63741,0.416028,0.470925,0.264374,nan,nan,nan,nan,nan,nan,nan,nan
2.09779,-0.0574389,0.230199,-0.963929,0.0184386,-0.0856748,-0.0036254,-0.0500218,-0.0386827,-0.0131351,0.0550357,-0.555604,-0.026648,1,0,-1,-0.00914258,1.00599,-0.219211,-0.0336516,2.04909,-0.563813,0.294745,0,0.994285,-0.0274957,-0.102894,-0.00734525,0.0317311,-0.671279,-0.010612,0,0,-0.445621,1,0,-1,-0.00914258,StepApplied,,0.45002,1,5,0.785398,0,0,0,0,0,-0.446419,-0.00587444,0.171263,0.0794261,0.650961,0.400692,0.48359,0.250432,nan,nan,nan,nan,nan,nan,nan,nan
2.11156,-0.0569772,0.230005,-0.963371,0.0245664,-0.0668046,-0.00186447,-0.0496548,-0.0439535,-0.01314,0.039731,-0.585496,-0.0291748,1,0,-1,-0.00914258,1.00457,-0.218689,-0.0360707,1.99777,-0.462659,0.304821,0,0.99467,-0.0225294,-0.10039,-0.00677669,0.0223858,-0.629099,-0.00959612,0,0,-0.445443,1,0,-1,-0.00914258,StepApplied,,0.45,1,5,0.785398,0,0,0,0,0,-0.445443,0.00355144,0.218173,0.0797753,0.676841,0.373559,0.522086,0.209287,nan,nan,nan,nan,nan,nan,nan,nan
2.12124,-0.0563865,0.22991,-0.962552,0.0215428,-0.0701259,-0.00412628,-0.0491725,-0.050092,-0.0131363,0.0526614,-0.68208,-0.032758,1,0,-1,-0.00914258,1.00457,-0.218689,-0.0360707,1.99777,-0.462659,0.304821,0,0.99467,-0.0225294,-0.10039,-0.00677669,-0.0389051,-0.596678,-0.0115526,0,0,-0.446072,1,0,-1,-0.00914258,StepApplied,,0.45,1,5,0.785398,0,0,0,0,0,-0.446072,-0.0128099,0.244015,0.0801267,0.707664,0.344696,0.529058,0.20287,nan,nan,nan,nan,nan,nan,nan,nan
2.1414,-0.055174,0.229682,-0.960971,0.0337445,-0.0829352,-0.00571356,-0.0479026,-0.0646241,-0.0130065,0.0581794,-0.825742,-0.0326847,1,0,-1,-0.00914258,1.003,-0.218316,-0.0382418,2.02121,-0.479694,0.312125,0,0.994534,-0.0233552,-0.101532,-0.00688565,0.00894974,-0.52309,-0.00617655,0,0,-0.445492,1,0,-1,-0.00914258,StepApplied,,0.45,1,5,0.785398,0,0,0,0,0,-0.445345,0.0103155,0.239989,0.080847,0.688457,0.363889,0.541118,0.187916,nan,nan,nan,nan,nan,nan,nan,nan
2.15489,-0.0537809,0.229207,-0.959576,0.040169,-0.0802055,-0.00989751,-0.0477268,-0.0783861,-0.0130715,0.00566872,-0.743731,-0.0400391,1,0,-1,-0.00914258,1.00175,-0.217922,-0.0397391,1.97556,-0.613004,0.294869,0,0.994575,-0.0299993,-0.0993209,-0.00750096,0.0024949,-0.465174,-0.00479643,0,0,-0.445056,1,0,-1,-0.00914258,StepApplied,,0.450011,1,5,0.785398,0,0,0,0,0,-0.445056,0.00974026,0.238654,0.0815413,0.688326,0.364832,0.538786,0.188283,nan,nan,nan,nan,nan,nan,nan,nan
2.16962,-0.0530431,0.229028,-0.958926,0.0480486,-0.0851663,-0.0175651,-0.0473427,-0.0853739,-0.012986,0.0424284,-0.776921,-0.0268654,1,0,-1,-0.00914258,1.00039,-0.217577,-0.0410736,1.9336,-0.461856,0.33646,0,0.994981,-0.0225391,-0.0972602,-0.00671036,0.0142323,-0.425961,-0.00300859,0,0,-0.4434,1,0,-1,-0.00914258,StepApplied,,0.45,1,5,0.785398,0,0,0,0,0,-0.4434,0.00976973,0.227404,0.0819,0.679052,0.37151,0.528841,0.194197,nan,nan,nan,nan,nan,nan,nan,nan
2.17591,-0.0514625,0.228638,-0.957809,0.061194,-0.0696002,-0.0195262,-0.0479364,-0.0976787,-0.0130442,-0.0549985,-0.638837,-0.0411671,1,0,-1,-0.00914258,1.00039,-0.217577,-0.0410736,1.9336,-0.461856,0.33646,0,0.994981,-0.0225391,-0.0972602,-0.00671036,-0.0270247,-0.376741,-0.00279189,0,0,-0.443128,1,0,-1,-0.00914258,StepApplied,,0.45,1,5,0.785398,0,0,0,0,0,-0.4434,0.00976973,0.227404,0.0819,0.679052,0.37151,0.528841,0.194197,nan,nan,nan,nan,nan,nan,nan,nan
2.18949,-0.0506201,0.228415,-0.957315,0.0651029,-0.0817878,-0.0275526,-0.0482223,-0.103112,-0.012983,-0.0323383,-0.607117,-0.0218384,1,0,-1,-0.00914258,0.998889,-0.217206,-0.0421908,1.89693,-0.578868,0.339014,0,0.995,-0.0283796,-0.0954799,-0.00723344,-0.0295135,-0.354082,-0.00229562,0,0,-0.443239,1,0,-1,-0.00914258,StepApplied,,0.45,1,5,0.785398,0,0,0,0,0,-0.443128,0.0169358,0.221402,0.0821878,0.669756,0.380837,0.529107,0.192811,nan,nan,nan,nan,nan,nan,nan,nan
2.202,-0.0497564,0.228168,-0.956863,0.0671275,-0.0883446,-0.0316865,-0.0485022,-0.108336,-0.012902,-0.0311911,-0.580583,-0.0185851,1,0,-1,-0.00914258,0.998889,-0.217206,-0.0421908,1.89693,-0.578868,0.339014,0,0.995,-0.0283796,-0.0954799,-0.00723344,0.0111147,-0.333622,-0.000655674,0,0,-0.441632,1,0,-1,-0.00914258,StepApplied,,0.45,1,5,0.785398,0,0,0,0,0,-0.441632,0.014741,0.21413,0.0825401,0.665023,0.383283,0.520569,0.197654,nan,nan,nan,nan,nan,nan,nan,nan
2.21111,-0.0488862,0.227957,-0.956447,0.0688696,-0.0680769,-0.0287679,-0.048991,-0.112904,-0.0129842,-0.0564163,-0.507111,-0.0333348,1,0,-1,-0.00914258,0.998889,-0.217206,-0.0421908,1.89693,-0.578868,0.339014,0,0.995,-0.0283796,-0.0954799,-0.00723344,0.0290843,-0.320643,0.000389467,0,0,-0.440991,1,0,-1,-0.00914258,StepApplied,,0.45,1,5,0.785398,0,0,0,0,0,-0.440991,0.0229369,0.208102,0.0826998,0.654483,0.39286,0.521303,0.195318,nan,nan,nan,nan,nan,nan,nan,nan
2.22228,-0.0477999,0.227766,-0.955809,0.0804508,-0.0721293,-0.0294819,-0.0493682,-0.116971,-0.0130432,-0.0436742,-0.451273,-0.0282365,1,0,-1,-0.00914258,0.998889,-0.217206,-0.0421908,1.89693,-0.578868,0.339014,0,0.995,-0.0283796,-0.0954799,-0.00723344,-0.0348209,-0.316622,-0.00161824,0,0,-0.442102,1,0,-1,-0.00914258,StepApplied,,0.450004,1,5,0.785398,0,0,0,0,0,-0.442102,0.00700027,0.207236,0.082721,0.666272,0.383335,0.510511,0.208289,nan,nan,nan,nan,nan,nan,nan,nan
2.23567,-0.0467484,0.227687,-0.955151,0.0883782,-0.0826328,-0.0345437,-0.0495176,-0.121068,-0.0128812,-0.0155976,-0.453409,-0.00393865,1,0,-1,-0.00914258,0.994411,-0.216302,-0.044849,1.83358,-0.477403,0.387035,0,0.995428,-0.0233883,-0.0923677,-0.00668389,0.017657,-0.250276,0.0020331,0,0,-0.440234,1,0,-1,-0.00914258,StepApplied,,0.450004,1,5,0.785398,0,0,0,0,0,-0.441453,0.0104521,0.206458,0.0826801,0.662591,0.385636,0.511794,0.20579,nan,nan,nan,nan,nan,nan,nan,nan
2.24713,-0.0444434,0.227505,-0.95398,0.101534,-0.0653915,-0.0350292,-0.0498824,-0.127919,-0.0128405,-0.0157565,-0.349892,-0.0167286,1,0,-1,-0.00914258,0.992221,-0.216129,-0.0460203,1.80432,-0.599207,0.383882,0,0.995394,-0.0294728,-0.0909444,-0.00720891,-0.0308384,-0.211252,0.00182783,0,0,-0.440435,1,0,-1,-0.00914258,StepApplied,,0.450004,1,5,0.785398,0,0,0,0,0,-0.440435,0.00851149,0.216849,0.0824191,0.670033,0.375637,0.517011,0.19906,nan,nan,nan,nan,nan,nan,nan,nan
2.25729,-0.0431725,0.227414,-0.953473,0.108523,-0.0765198,-0.0421916,-0.0501114,-0.131064,-0.0127289,-0.0249751,-0.349695,-0.00454104,1,0,-1,-0.00914258,0.992221,-0.216129,-0.0460203,1.80432,-0.599207,0.383882,0,0.995394,-0.0294728,-0.0909444,-0.00720891,0.00705429,-0.193363,0.00315125,0,0,-0.438841,1,0,-1,-0.00914258,StepApplied,,0.450004,1,5,0.785398,0,0,0,0,0,-0.438841,0.0123095,0.210095,0.0822801,0.660838,0.381365,0.513468,0.199691,nan,nan,nan,nan,nan,nan,nan,nan
2.26854,-0.0403893,0.227125,-0.952541,0.125934,-0.0695086,-0.0376573,-0.0501235,-0.136717,-0.0126606,-0.0103998,-0.283123,-0.0165687,1,0,-1,-0.00914258,0.989732,-0.215932,-0.0470096,1.74613,-0.486268,0.409159,0,0.995805,-0.0238959,-0.0880725,-0.00663249,0.0140638,-0.160164,0.00428252,0,0,-0.438529,1,0,-1,-0.00914258,StepApplied,,0.45,1,5,0.785398,0,0,0,0,0,-0.438841,0.0123095,0.210095,0.0822801,0.660838,0.381365,0.513468,0.199691,nan,nan,nan,nan,nan,nan,nan,nan
2.27814,-0.0389023,0.226932,-0.952137,0.138197,-0.0690201,-0.0430893,-0.0500659,-0.13896,-0.0126789,0.00517485,-0.250027,-0.0139814,1,0,-1,-0.00914258,0.989732,-0.215932,-0.0470096,1.74613,-0.486268,0.409159,0,0.995805,-0.0238959,-0.0880725,-0.00663249,-0.0200458,-0.147151,0.00434364,0,0,-0.439614,1,0,-1,-0.00914258,StepApplied,,0.45,1,5,0.785398,0,0,0,0,0,-0.438529,0.00642698,0.214027,0.0821617,0.667348,0.373994,0.511894,0.200878,nan,nan,nan,nan,nan,nan,nan,nan
2.29399,-0.0373241,0.226767,-0.951765,0.14614,-0.0790224,-0.0462099,-0.0500108,-0.141395,-0.0125919,0.00654114,-0.270605,-0.00338673,1,0,-1,-0.00914258,0.986957,-0.215586,-0.0478625,1.68386,-0.567434,0.408219,0,0.995962,-0.0279929,-0.0850142,-0.0069126,-0.0194111,-0.117202,0.00522587,0,0,-0.43829,1,0,-1,-0.00914258,StepApplied,,0.45,1,5,0.785398,0,0,0,0,0,-0.43829,0.00862566,0.219717,0.0821157,0.669532,0.371241,0.517278,0.19511,nan,nan,nan,nan,nan,nan,nan,nan
2.31148,-0.033917,0.226395,-0.951109,0.170734,-0.064255,-0.0431461,-0.0503605,-0.145349,-0.0127382,-0.0243835,-0.188516,-0.0260352,1,0,-1,-0.00914258,0.982221,-0.215075,-0.0488906,1.58636,-0.60321,0.404179,0,0.996307,-0.0298589,-0.0802002,-0.00693246,-0.0334514,-0.0589546,0.00743898,0,0,-0.437867,1,0,-1,-0.00914258,StepApplied,,0.45,1,5,0.785398,0,0,0,0,0,-0.437163,0.0108262,0.215605,0.0822507,0.664076,0.374712,0.514666,0.195196,nan,nan,nan,nan,nan,nan,nan,nan
2.32029,-0.032004,0.226256,-0.950622,0.180175,-0.0706659,-0.0457402,-0.0505606,-0.147,-0.0127261,-0.022815,-0.182172,-0.00734066,1,0,-1,-0.00914258,0.982221,-0.215075,-0.0488906,1.58636,-0.60321,0.404179,0,0.996307,-0.0298589,-0.0802002,-0.00693246,-0.00863547,-0.0459335,0.00832157,0,0,-0.437212,1,0,-1,-0.00914258,StepApplied,,0.45,1,5,0.785398,0,0,0,0,0,-0.437867,0.0111276,0.215351,0.0823006,0.664438,0.375859,0.515354,0.195817,nan,nan,nan,nan,nan,nan,nan,nan
2.338,-0.0276416,0.225916,-0.949789,0.201658,-0.0642286,-0.0442698,-0.0506356,-0.149709,-0.0126923,-0.00627497,-0.128231,-0.0104896,1,0,-1,-0.00914258,0.978516,-0.214815,-0.0498458,1.54995,-0.461653,0.421641,0,0.996643,-0.022805,-0.0783797,-0.00632356,-0.0332899,-0.0144733,0.00935419,0,0,-0.43741,1,0,-1,-0.00914258,StepApplied,,0.45,1,5,0.785398,0,0,0,0,0,-0.43741,0.00296393,0.208058,0.0822996,0.664595,0.374785,0.503971,0.206288,nan,nan,nan,nan,nan,nan,nan,nan
2.35014,-0.0254677,0.22572,-0.94939,0.214579,-0.071917,-0.0467745,-0.0507136,-0.150444,-0.0127916,-0.0113533,-0.0805055,-0.0143785,1,0,-1,-0.00914258,0.974194,-0.214434,-0.0506099,1.47126,-0.535425,0.411516,0,0.996847,-0.0265558,-0.0744827,-0.0065188,-0.0050996,0.00625426,0.0101807,0,0,-0.436576,1,0,-1,-0.00914258,StepApplied,,0.45,1,5,0.785398,0,0,0,0,0,-0.436576,0.00835902,0.205409,0.0823387,0.658113,0.379679,0.505041,0.203472,nan,nan,nan,nan,nan,nan,nan,nan
2.35776,-0.020865,0.225359,-0.948684,0.235908,-0.0754212,-0.0532971,-0.0506598,-0.151646,-0.0127695,-0.0124296,-0.0590871,0.00209156,1,0,-1,-0.00914258,0.974194,-0.214434,-0.0506099,1.47126,-0.535425,0.411516,0,0.996847,-0.0265558,-0.0744827,-0.0065188,0.0256386,0.0107963,0.0104124,0,0,-0.435527,1,0,-1,-0.00914258,StepApplied,,0.45,1,5,0.785398,0,0,0,0,0,-0.436576,0.00835902,0.205409,0.0823387,0.658113,0.379679,0.505041,0.203472,nan,nan,nan,nan,nan,nan,nan,nan
2.37015,-0.0184382,0.225146,-0.948398,0.247056,-0.068389,-0.0515307,-0.0506368,-0.151764,-0.0128794,-0.000213298,-0.0119479,-0.0121522,1,0,-1,-0.00914258,0.969822,-0.214091,-0.0513164,1.42457,-0.524216,0.434725,0,0.997033,-0.0260269,-0.0721594,-0.00642057,-0.00141491,0.0273435,0.0113407,0,0,-0.435173,1,0,-1,-0.00914258,StepApplied,,0.45,1,5,0.785398,0,0,0,0,0,-0.435527,0.00759508,0.199488,0.0823856,0.653464,0.382323,0.499221,0.2071,nan,nan,nan,nan,nan,nan,nan,nan
2.38769,-0.0133301,0.224687,-0.947883,0.263438,-0.0866564,-0.0584056,-0.0503843,-0.151601,-0.012885,0.0137173,0.00646498,0.00568464,1,0,-1,-0.00914258,0.962664,-0.213453,-0.0521168,1.38598,-0.444275,0.452075,0,0.997269,-0.0220387,-0.0702256,-0.0060903,0.0123815,0.0366451,0.0116384,0,0,-0.43444,1,0,-1,-0.00914258,StepApplied,,0.45,1,5,0.785398,0,0,0,0,0,-0.43444,0.00845052,0.20092,0.0821729,0.652572,0.380616,0.499965,0.204608,nan,nan,nan,nan,nan,nan,nan,nan
2.39905,-0.0106335,0.224458,-0.947653,0.276021,-0.0751633,-0.0566783,-0.0504359,-0.151512,-0.0129482,-0.0076423,0.0109258,-0.00581436,1,0,-1,-0.00914258,0.962664,-0.213453,-0.0521168,1.38598,-0.444275,0.452075,0,0.997269,-0.0220387,-0.0702256,-0.0060903,-0.0105105,0.0568416,0.0124745,0,0,-0.434276,1,0,-1,-0.00914258,StepApplied,,0.45,1,5,0.785398,0,0,0,0,0,-0.433957,0.011234,0.193008,0.0820642,0.644418,0.387587,0.495967,0.207857,nan,nan,nan,nan,nan,nan,nan,nan
2.41176,-0.00784396,0.224197,-0.947476,0.286096,-0.0691244,-0.0563706,-0.0504062,-0.150771,-0.0129784,0.00198788,0.0826446,0.00144882,1,0,-1,-0.00914258,0.957452,-0.212987,-0.0525241,1.32279,-0.584679,0.442498,0,0.9973,-0.0291338,-0.0670922,-0.00650208,-0.027941,0.063562,0.0128707,0,0,-0.434343,1,0,-1,-0.00914258,StepApplied,,0.45,1,5,0.785398,0,0,0,0,0,-0.434276,0.00227341,0.198617,0.081967,0.654942,0.377505,0.494011,0.210645,nan,nan,nan,nan,nan,nan,nan,nan
2.42078,-0.00485486,0.224026,-0.947094,0.297257,-0.0856915,-0.0576483,-0.0502804,-0.150183,-0.0129173,0.0143315,0.0659725,0.0106757,1,0,-1,-0.00914258,0.957452,-0.212987,-0.0525241,1.32279,-0.584679,0.442498,0,0.9973,-0.0291338,-0.0670922,-0.00650208,0.0239476,0.0733245,0.0128909,0,0,-0.433697,1,0,-1,-0.00914258,StepApplied,,0.45,1,5,0.785398,0,0,0,0,0,-0.433697,0.00775391,0.196896,0.0818115,0.649115,0.381863,0.496247,0.207562,nan,nan,nan,nan,nan,nan,nan,nan
2.43591,-0.00178913,0.223861,-0.946731,0.308289,-0.0898875,-0.0611341,-0.0499855,-0.149785,-0.0128592,0.0327306,0.0447315,0.00933018,1,0,-1,-0.00914258,0.9517,-0.212668,-0.0532691,1.26445,-0.436037,0.458727,0,0.997686,-0.021697,-0.0641551,-0.00593918,0.0302981,0.0810971,0.0131761,0,0,-0.432922,1,0,-1,-0.00914258,StepApplied,,0.45,1,5,0.785398,0,0,0,0,0,-0.432922,0.0150439,0.202216,0.0816626,0.646798,0.382332,0.504536,0.198021,nan,nan,nan,nan,nan,nan,nan,nan
2.44645,0.00789649,0.223299,-0.945777,0.337712,-0.0848383,-0.0531234,-0.0499105,-0.147221,-0.0129672,0.0111393,0.0994824,0.0109098,1,0,-1,-0.00914258,0.945662,-0.212331,-0.05392,1.20774,-0.582174,0.42667,0,0.997673,-0.0290881,-0.0613369,-0.00633557,-0.0293691,0.0956141,0.014234,0,0,-0.434425,1,0,-1,-0.00914258,StepApplied,,0.45,1,5,0.785398,0,0,0,0,0,-0.432922,0.0150439,0.202216,0.0816626,0.646798,0.382332,0.504536,0.198021,nan,nan,nan,nan,nan,nan,nan,nan
2.45992,0.011804,0.222973,-0.945553,0.352341,-0.0733719,-0.0545447,-0.0496907,-0.146622,-0.0130109,0.0229016,0.0679909,-0.000829747,1,0,-1,-0.00914258,0.945662,-0.212331,-0.05392,1.20774,-0.582174,0.42667,0,0.997673,-0.0290881,-0.0613369,-0.00633557,0.0164594,0.0920496,0.0138315,0,0,-0.434346,1,0,-1,-0.00914258,StepApplied,,0.45,1,5,0.785398,0,0,0,0,0,-0.434346,0.0114382,0.205545,0.0816368,0.6531,0.378827,0.505788,0.199668,nan,nan,nan,nan,nan,nan,nan,nan
2.47724,0.0188629,0.222457,-0.945025,0.371201,-0.0846066,-0.0514577,-0.049518,-0.144104,-0.0130653,-0.0101396,0.137378,0.00802208,1,0,-1,-0.00914258,0.938786,-0.211825,-0.0544475,1.15162,-0.561539,0.427859,0,0.997872,-0.0280864,-0.0585199,-0.00619655,-0.033942,0.11074,0.0150982,0,0,-0.435287,1,0,-1,-0.00914258,StepApplied,,0.45,1,5,0.785398,0,0,0,0,0,-0.435287,0.00693061,0.20545,0.0814573,0.656982,0.376469,0.503653,0.204045,nan,nan,nan,nan,nan,nan,nan,nan
2.49215,0.0225059,0.22218,-0.944773,0.384031,-0.0883024,-0.0549999,-0.0493071,-0.143146,-0.012947,0.0244725,0.106604,0.0189137,1,0,-1,-0.00914258,0.928619,-0.211071,-0.0552268,1.07483,-0.44681,0.42638,0,0.998239,-0.0223461,-0.0546449,-0.00577508,0.0229976,0.131048,0.0149164,0,0,-0.433456,1,0,-1,-0.00914258,StepApplied,,0.45,1,5,0.785398,0,0,0,0,0,-0.434306,0.0175521,0.197924,0.0812477,0.642959,0.388111,0.505074,0.201081,nan,nan,nan,nan,nan,nan,nan,nan
2.49784,0.0262332,0.221905,-0.944541,0.395682,-0.0791376,-0.0525643,-0.0493256,-0.142132,-0.0128203,-0.000920649,0.112119,0.0200188,1,0,-1,-0.00914258,0.928619,-0.211071,-0.0552268,1.07483,-0.44681,0.42638,0,0.998239,-0.0223461,-0.0546449,-0.00577508,-0.00965158,0.139099,0.0151884,0,0,-0.433973,1,0,-1,-0.00914258,StepApplied,,0.45,1,5,0.785398,0,0,0,0,0,-0.434306,0.0175521,0.197924,0.0812477,0.642959,0.388111,0.505074,0.201081,nan,nan,nan,nan,nan,nan,nan,nan
2.5134,0.0300418,0.221598,-0.944331,0.400844,-0.0774947,-0.0487894,-0.0496205,-0.140638,-0.0127787,-0.0332068,0.167436,0.0134762,1,0,-1,-0.00914258,0.92146,-0.210518,-0.0556692,1.05855,-0.538144,0.399712,0,0.998167,-0.0269646,-0.05384,-0.00600737,-0.0142722,0.128728,0.014405,0,0,-0.434811,1,0,-1,-0.00914258,StepApplied,,0.45,1,5,0.785398,0,0,0,0,0,-0.434811,0.0088353,0.206329,0.0806517,0.654976,0.375913,0.505951,0.202406,nan,nan,nan,nan,nan,nan,nan,nan
2.5254,0.0420115,0.220695,-0.94349,0.422903,-0.0795611,-0.0471133,-0.0500557,-0.137023,-0.0123425,-0.032663,0.139863,0.0220923,1,0,-1,-0.00914258,0.913996,-0.209872,-0.0560915,1.04505,-0.453624,0.413997,0,0.998312,-0.022706,-0.0531475,-0.00576178,0.0216347,0.121059,0.0129328,0,0,-0.433901,1,0,-1,-0.00914258,StepApplied,,0.45,1,5,0.785398,0,0,0,0,0,-0.434811,0.0088353,0.206329,0.0806517,0.654976,0.375913,0.505951,0.202406,nan,nan,nan,nan,nan,nan,nan,nan
2.53491,0.0461862,0.220449,-0.943091,0.43436,-0.074937,-0.0443759,-0.0503456,-0.135375,-0.0122534,-0.0317735,0.182492,0.0195062,1,0,-1,-0.00914258,0.913996,-0.209872,-0.0560915,1.04505,-0.453624,0.413997,0,0.998312,-0.022706,-0.0531475,-0.00576178,-0.0141067,0.122175,0.0131348,0,0,-0.435147,1,0,-1,-0.00914258,StepApplied,,0.45,1,5,0.785398,0,0,0,0,0,-0.433901,0.0151619,0.20466,0.0799537,0.647715,0.379958,0.509033,0.198899,nan,nan,nan,nan,nan,nan,nan,nan
2.55291,0.0504549,0.220167,-0.942692,0.449164,-0.082215,-0.0438886,-0.0505611,-0.134246,-0.0121016,-0.0228229,0.126196,0.0237625,1,0,-1,-0.00914258,0.906123,-0.209427,-0.0569091,0.979769,-0.572487,0.376668,0,0.998324,-0.0287445,-0.049879,-0.00599214,-0.0250094,0.1357,0.0133606,0,0,-0.435603,1,0,-1,-0.00914258,StepApplied,,0.45,1,5,0.785398,0,0,0,0,0,-0.435603,0.00926221,0.2063,0.079311,0.654105,0.375686,0.508364,0.204257,nan,nan,nan,nan,nan,nan,nan,nan
2.56075,0.0548052,0.219891,-0.942298,0.458871,-0.0910607,-0.0468216,-0.05079,-0.133037,-0.0118915,-0.0233341,0.134033,0.0305323,1,0,-1,-0.00914258,0.906123,-0.209427,-0.0569091,0.979769,-0.572487,0.376668,0,0.998324,-0.0287445,-0.049879,-0.00599214,0.00113221,0.158163,0.0132839,0,0,-0.435341,1,0,-1,-0.00914258,StepApplied,,0.45,1,5,0.785398,0,0,0,0,0,-0.435341,0.015356,0.202003,0.0789745,0.646159,0.382435,0.50971,0.203059,nan,nan,nan,nan,nan,nan,nan,nan
2.57418,0.0599371,0.219515,-0.941981,0.46927,-0.0758467,-0.0410054,-0.0512834,-0.131682,-0.0117489,-0.053783,0.150568,0.0239501,1,0,-1,-0.00914258,0.89306,-0.208539,-0.058019,0.861624,-0.569067,0.358322,0,0.998608,-0.028639,-0.0439168,-0.00581931,0.0285468,0.161953,0.012686,0,0,-0.43466,1,0,-1,-0.00914258,StepApplied,,0.45,1,5,0.785398,0,0,0,0,0,-0.43466,0.0212155,0.202737,0.0786879,0.641567,0.385092,0.513977,0.198003,nan,nan,nan,nan,nan,nan,nan,nan
2.58595,0.0690414,0.218881,-0.94129,0.484169,-0.0909042,-0.0456388,-0.0514397,-0.128416,-0.0113486,0.0124086,0.176024,0.0362593,1,0,-1,-0.00914258,0.884411,-0.207937,-0.0587103,0.848502,-0.442744,0.373258,0,0.998802,-0.0222548,-0.0432316,-0.00552278,0.0302032,0.164273,0.0113774,0,0,-0.434929,1,0,-1,-0.00914258,StepApplied,,0.45,1,5,0.785398,0,0,0,0,0,-0.43466,0.0212155,0.202737,0.0786879,0.641567,0.385092,0.513977,0.198003,nan,nan,nan,nan,nan,nan,nan,nan
2.59823,0.0736911,0.21856,-0.940984,0.493732,-0.0884407,-0.0452789,-0.0514194,-0.127187,-0.0111355,0.00443238,0.136803,0.0311921,1,0,-1,-0.00914258,0.884411,-0.207937,-0.0587103,0.848502,-0.442744,0.373258,0,0.998802,-0.0222548,-0.0432316,-0.00552278,0.0174213,0.169776,0.0112695,0,0,-0.435013,1,0,-1,-0.00914258,StepApplied,,0.45,1,5,0.785398,0,0,0,0,0,-0.435013,0.00686641,0.196525,0.0776305,0.646617,0.378634,0.500851,0.21395,nan,nan,nan,nan,nan,nan,nan,nan
2.61704,0.0783791,0.218205,-0.940698,0.501624,-0.0752473,-0.0384567,-0.0515077,-0.125598,-0.0109755,-0.00842526,0.176424,0.027209,1,0,-1,-0.00914258,0.87554,-0.207295,-0.0593023,0.80128,-0.576764,0.342491,0,0.998725,-0.0290608,-0.0408676,-0.00575082,-0.000819702,0.166952,0.00967593,0,0,-0.436261,1,0,-1,-0.00914258,StepApplied,,0.45,1,5,0.785398,0,0,0,0,0,-0.436517,0.00466275,0.200668,0.0772473,0.652226,0.375267,0.504106,0.214469,nan,nan,nan,nan,nan,nan,nan,nan
2.61897,0.0880935,0.217552,-0.939987,0.515037,-0.0915008,-0.04491,-0.0515808,-0.122104,-0.0104423,0.00336349,0.182592,0.0421352,1,0,-1,-0.00914258,0.87554,-0.207295,-0.0593023,0.80128,-0.576764,0.342491,0,0.998725,-0.0290608,-0.0408676,-0.00575082,-0.000819702,0.166952,0.00967593,0,0,-0.436261,1,0,-1,-0.00914258,StepApplied,,0.45,1,5,0.785398,0,0,0,0,0,-0.436517,0.00466275,0.200668,0.0772473,0.652226,0.375267,0.504106,0.214469,nan,nan,nan,nan,nan,nan,nan,nan
2.63367,0.0931203,0.217248,-0.939584,0.523735,-0.0951903,-0.0445985,-0.0515045,-0.120709,-0.0101537,0.0113945,0.153678,0.0401101,1,0,-1,-0.00914258,0.866311,-0.206674,-0.0600132,0.77945,-0.444923,0.363904,0,0.998944,-0.0223972,-0.0397394,-0.00545252,0.0283921,0.163573,0.00831806,0,0,-0.435112,1,0,-1,-0.00914258,StepApplied,,0.45,1,5,0.785398,0,0,0,0,0,-0.436261,0.00787522,0.192815,0.0768122,0.64371,0.3824,0.501007,0.217926,nan,nan,nan,nan,nan,nan,nan,nan
2.64992,0.103337,0.216545,-0.938828,0.535156,-0.0801964,-0.0368218,-0.0514603,-0.116944,-0.00964376,0.00282252,0.214558,0.042391,1,0,-1,-0.00914258,0.85183,-0.205718,-0.0611718,0.729735,-0.542841,0.325979,0,0.998916,-0.0273805,-0.0372403,-0.00558416,-0.0202165,0.159651,0.00743959,0,0,-0.43651,1,0,-1,-0.00914258,StepApplied,,0.45,1,5,0.785398,0,0,0,0,0,-0.43651,-0.00506908,0.194381,0.0755062,0.652914,0.371082,0.494515,0.227527,nan,nan,nan,nan,nan,nan,nan,nan
2.65854,0.108542,0.216211,-0.938471,0.541901,-0.0921251,-0.0409266,-0.051075,-0.115242,-0.0093287,0.0461173,0.188346,0.0449132,1,0,-1,-0.00914258,0.85183,-0.205718,-0.0611718,0.729735,-0.542841,0.325979,0,0.998916,-0.0273805,-0.0372403,-0.00558416,-0.0135983,0.161583,0.00649412,0,0,-0.436909,1,0,-1,-0.00914258,StepApplied,,0.45,1,5,0.785398,0,0,0,0,0,-0.436909,-0.0083783,0.195764,0.0751336,0.656259,0.367791,0.493924,0.229662,nan,nan,nan,nan,nan,nan,nan,nan
2.67389,0.113804,0.21586,-0.938115,0.55584,-0.0908048,-0.0402675,-0.0505302,-0.113692,-0.00908645,0.062908,0.171865,0.0359116,1,0,-1,-0.00914258,0.841886,-0.205067,-0.0618852,0.635962,-0.468853,0.336095,0,0.999178,-0.0236738,-0.0324732,-0.00533467,0.0132529,0.188,0.00628984,0,0,-0.435986,1,0,-1,-0.00914258,StepApplied,,0.45,1,5,0.785398,0,0,0,0,0,-0.435964,0.00295453,0.188522,0.0748418,0.641888,0.379688,0.496166,0.226112,nan,nan,nan,nan,nan,nan,nan,nan
2.68196,0.119943,0.215371,-0.937808,0.561433,-0.0761051,-0.0333926,-0.0501617,-0.111658,-0.0089409,0.0418344,0.225083,0.0277074,1,0,-1,-0.00914258,0.841886,-0.205067,-0.0618852,0.635962,-0.468853,0.336095,0,0.999178,-0.0236738,-0.0324732,-0.00533467,0.012139,0.185677,0.00576094,0,0,-0.435986,1,0,-1,-0.00914258,StepApplied,,0.45,1,5,0.785398,0,0,0,0,0,-0.435986,-0.00463538,0.201556,0.0747048,0.656356,0.36499,0.50017,0.222427,nan,nan,nan,nan,nan,nan,nan,nan
2.69033,0.125327,0.214973,-0.937478,0.567635,-0.0899871,-0.0371618,-0.0498717,-0.109379,-0.00876959,0.0337749,0.254664,0.0321396,1,0,-1,-0.00914258,0.841886,-0.205067,-0.0618852,0.635962,-0.468853,0.336095,0,0.999178,-0.0236738,-0.0324732,-0.00533467,0.00991046,0.181151,0.00488387,0,0,-0.43666,1,0,-1,-0.00914258,StepApplied,,0.450031,1,5,0.785398,0,0,0,0,0,-0.43666,0.000999547,0.193828,0.0745714,0.647447,0.37498,0.499499,0.224712,nan,nan,nan,nan,nan,nan,nan,nan
2.70943,0.141713,0.213758,-0.936562,0.582167,-0.0785821,-0.0313793,-0.0483937,-0.103505,-0.00825739,0.0251957,0.24951,0.0246535,1,0,-1,-0.00914258,0.820598,-0.203474,-0.0631632,0.586676,-0.535915,0.311965,0,0.999169,-0.0270961,-0.0299853,-0.00537989,-0.0225729,0.172957,0.00372755,0,0,-0.437113,1,0,-1,-0.00914258,StepApplied,,0.450031,1,5,0.785398,0,0,0,0,0,-0.436512,0.00271623,0.192489,0.0744478,0.645015,0.376869,0.499743,0.22442,nan,nan,nan,nan,nan,nan,nan,nan
2.71906,0.147425,0.213362,-0.936136,0.586726,-0.0818828,-0.0334121,-0.0481675,-0.101279,-0.00810199,0.0261129,0.246215,0.0292918,1,0,-1,-0.00914258,0.820598,-0.203474,-0.0631632,0.586676,-0.535915,0.311965,0,0.999169,-0.0270961,-0.0299853,-0.00537989,-0.0316309,0.158985,0.00289292,0,0,-0.438113,1,0,-1,-0.00914258,StepApplied,,0.450031,1,5,0.785398,0,0,0,0,0,-0.437113,-0.00201037,0.192492,0.0743269,0.648839,0.374005,0.497124,0.228483,nan,nan,nan,nan,nan,nan,nan,nan
2.74,0.158988,0.212625,-0.935333,0.604892,-0.0878692,-0.0368761,-0.0474336,-0.0973967,-0.00754666,0.0212562,0.213632,0.0432626,1,0,-1,-0.00914258,0.809946,-0.202694,-0.0638642,0.586629,-0.522401,0.297887,0,0.999187,-0.0264105,-0.0299798,-0.00535907,0.0109267,0.163066,0.000794867,0,0,-0.437015,1,0,-1,-0.00914258,StepApplied,,0.45,1,5,0.785398,0,0,0,0,0,-0.437015,0.0127313,0.188069,0.0735817,0.634445,0.386713,0.505069,0.221832,nan,nan,nan,nan,nan,nan,nan,nan
2.75639,0.170747,0.211768,-0.934595,0.618993,-0.0822742,-0.038765,-0.0472333,-0.0927598,-0.00707371,0.0169638,0.254153,0.0403574,1,0,-1,-0.00914258,0.793396,-0.201597,-0.0650491,0.49083,-0.509097,0.284443,0,0.999339,-0.0257752,-0.0251113,-0.0052161,-0.024947,0.185633,0.000150791,0,0,-0.4368,1,0,-1,-0.00914258,StepApplied,,0.45,1,5,0.785398,0,0,0,0,0,-0.438109,0.00320874,0.191262,0.0728813,0.643831,0.378116,0.502385,0.228103,nan,nan,nan,nan,nan,nan,nan,nan
2.76913,0.176675,0.211353,-0.934272,0.618577,-0.0952687,-0.0411359,-0.047049,-0.090821,-0.00672042,0.0232545,0.213806,0.0491783,1,0,-1,-0.00914258,0.782159,-0.200785,-0.0657279,0.472307,-0.427477,0.318698,0,0.999461,-0.0216382,-0.0241536,-0.00509123,0.015629,0.164083,-0.00192503,0,0,-0.436293,1,0,-1,-0.00914258,StepApplied,,0.45,1,5,0.785398,0,0,0,0,0,-0.436293,0.0133419,0.182205,0.0724707,0.628035,0.38946,0.501745,0.225934,nan,nan,nan,nan,nan,nan,nan,nan
2.77678,0.182629,0.210926,-0.933949,0.626696,-0.0940528,-0.0377787,-0.0472563,-0.0889127,-0.00635018,-0.0202229,0.212537,0.0514168,1,0,-1,-0.00914258,0.782159,-0.200785,-0.0657279,0.472307,-0.427477,0.318698,0,0.999461,-0.0216382,-0.0241536,-0.00509123,0.00659555,0.17276,-0.00252486,0,0,-0.436948,1,0,-1,-0.00914258,StepApplied,,0.45,1,5,0.785398,0,0,0,0,0,-0.436293,0.0133419,0.182205,0.0724707,0.628035,0.38946,0.501745,0.225934,nan,nan,nan,nan,nan,nan,nan,nan
2.79351,0.188626,0.210449,-0.933631,0.631777,-0.0797678,-0.0315243,-0.0473171,-0.0866477,-0.00611345,-0.0051645,0.251779,0.0382545,1,0,-1,-0.00914258,0.770805,-0.199926,-0.0663688,0.414938,-0.561251,0.277584,0,0.999356,-0.0284519,-0.0212635,-0.00517536,-0.0390039,0.171583,-0.00293457,0,0,-0.438408,1,0,-1,-0.00914258,StepApplied,,0.45,1,5,0.785398,0,0,0,0,0,-0.438408,0.00594621,0.19169,0.071601,0.641217,0.378767,0.506202,0.227445,nan,nan,nan,nan,nan,nan,nan,nan
2.80344,0.20165,0.209407,-0.933103,0.641257,-0.0972997,-0.0365062,-0.0473562,-0.0824733,-0.00534398,0.0180554,0.220721,0.0535082,1,0,-1,-0.00914258,0.770805,-0.199926,-0.0663688,0.414938,-0.561251,0.277584,0,0.999356,-0.0284519,-0.0212635,-0.00517536,0.0117135,0.148054,-0.00587714,0,0,-0.437246,1,0,-1,-0.00914258,StepApplied,,0.45,1,5,0.785398,0,0,0,0,0,-0.437246,0.00887178,0.187117,0.0711435,0.634295,0.382451,0.504335,0.227904,nan,nan,nan,nan,nan,nan,nan,nan
2.81222,0.207748,0.208903,-0.93285,0.646304,-0.0789308,-0.0324588,-0.0475451,-0.0806549,-0.00503873,-0.0188011,0.200622,0.0432818,1,0,-1,-0.00914258,0.758433,-0.198937,-0.0668967,0.374629,-0.429852,0.293395,0,0.999566,-0.021793,-0.0191855,-0.0049881,0.0156224,0.168843,-0.00610253,0,0,-0.437274,1,0,-1,-0.00914258,StepApplied,,0.45,1,5,0.785398,0,0,0,0,0,-0.437246,0.00887178,0.187117,0.0711435,0.634295,0.382451,0.504335,0.227904,nan,nan,nan,nan,nan,nan,nan,nan
2.83165,0.220374,0.208044,-0.932214,0.653448,-0.0931555,-0.0373117,-0.0473746,-0.0766552,-0.00445367,0.00711189,0.1996,0.0445262,1,0,-1,-0.00914258,0.740645,-0.197642,-0.0677855,0.338472,-0.441204,0.291266,0,0.999587,-0.0223824,-0.0173478,-0.00495878,-0.0410278,0.164187,-0.00710083,0,0,-0.438424,1,0,-1,-0.00914258,StepApplied,,0.45,1,5,0.785398,0,0,0,0,0,-0.438424,-0.00264454,0.208041,0.0700373,0.657307,0.359584,0.513263,0.223544,nan,nan,nan,nan,nan,nan,nan,nan
2.84107,0.22672,0.207602,-0.931914,0.658709,-0.0974238,-0.0375489,-0.0470203,-0.0751941,-0.0041215,0.0414808,0.162202,0.0444243,1,0,-1,-0.00914258,0.740645,-0.197642,-0.0677855,0.338472,-0.441204,0.291266,0,0.999587,-0.0223824,-0.0173478,-0.00495878,0.0179793,0.168772,-0.00908156,0,0,-0.437293,1,0,-1,-0.00914258,StepApplied,,0.45,1,5,0.785398,0,0,0,0,0,-0.437336,0.00575221,0.199212,0.0698261,0.643827,0.370464,0.512084,0.222968,nan,nan,nan,nan,nan,nan,nan,nan
2.85867,0.239489,0.206689,-0.931341,0.663025,-0.0804455,-0.0324548,-0.0469365,-0.0718246,-0.00372364,-0.00368125,0.197614,0.026435,1,0,-1,-0.00914258,0.728569,-0.196798,-0.0683875,0.308127,-0.551242,0.269756,0,0.999471,-0.0279829,-0.0158263,-0.00501442,-0.0339918,0.160014,-0.0101453,0,0,-0.438653,1,0,-1,-0.00914258,StepApplied,,0.45,1,5,0.785398,0,0,0,0,0,-0.438653,0.00271053,0.208228,0.0696844,0.653529,0.363114,0.517764,0.220207,nan,nan,nan,nan,nan,nan,nan,nan
2.87308,0.245918,0.206198,-0.931097,0.660327,-0.0954021,-0.0353305,-0.0469855,-0.0701098,-0.00352253,-0.00459796,0.192064,0.0313133,1,0,-1,-0.00914258,0.716378,-0.195888,-0.0689026,0.333895,-0.424605,0.276483,0,0.999609,-0.0215396,-0.017111,-0.00493901,0.0148684,0.141705,-0.0116712,0,0,-0.437976,1,0,-1,-0.00914258,StepApplied,,0.45,1,5,0.785398,0,0,0,0,0,-0.437976,0.0175766,0.193619,0.0697527,0.632077,0.383348,0.517204,0.219274,nan,nan,nan,nan,nan,nan,nan,nan
2.88242,0.252344,0.205706,-0.930862,0.66304,-0.0966907,-0.0382443,-0.046969,-0.0690364,-0.0033608,0.00239079,0.119887,0.0234187,1,0,-1,-0.00914258,0.716378,-0.195888,-0.0689026,0.333895,-0.424605,0.276483,0,0.999609,-0.0215396,-0.017111,-0.00493901,0.0150183,0.143605,-0.011909,0,0,-0.437485,1,0,-1,-0.00914258,StepApplied,,0.45,1,5,0.785398,0,0,0,0,0,-0.437485,0.0128997,0.202056,0.0698936,0.641,0.373725,0.519229,0.215986,nan,nan,nan,nan,nan,nan,nan,nan
2.89292,0.2652,0.204741,-0.930442,0.671612,-0.0730562,-0.0294898,-0.047312,-0.0657848,-0.00305374,-0.0264813,0.214608,0.0238931,1,0,-1,-0.00914258,0.704169,-0.194973,-0.0693545,0.281979,-0.559255,0.267547,0,0.999479,-0.0283988,-0.0144968,-0.00498356,-0.0384301,0.147183,-0.0116925,0,0,-0.438634,1,0,-1,-0.00914258,StepApplied,,0.45,1,5,0.785398,0,0,0,0,0,-0.437485,0.0128997,0.202056,0.0698936,0.641,0.373725,0.519229,0.215986,nan,nan,nan,nan,nan,nan,nan,nan
2.91029,0.278131,0.203748,-0.930091,0.6794,-0.0880001,-0.0412643,-0.0475578,-0.0626735,-0.0027647,0.00423885,0.170943,0.0226297,1,0,-1,-0.00914258,0.691919,-0.194024,-0.0697454,0.24787,-0.486599,0.258354,0,0.999601,-0.0247188,-0.0127441,-0.00488668,-0.0080084,0.148867,-0.0128098,0,0,-0.438824,1,0,-1,-0.00914258,StepApplied,,0.45,1,5,0.785398,0,0,0,0,0,-0.438824,0.00780107,0.196625,0.0701242,0.642334,0.375529,0.512892,0.224539,nan,nan,nan,nan,nan,nan,nan,nan
2.91973,0.285619,0.203156,-0.930004,0.683027,-0.0763557,-0.0344139,-0.0477312,-0.0608069,-0.00265427,-0.0191277,0.208227,0.0219742,1,0,-1,-0.00914258,0.691919,-0.194024,-0.0697454,0.24787,-0.486599,0.258354,0,0.999601,-0.0247188,-0.0127441,-0.00488668,-0.000276849,0.159805,-0.0128372,0,0,-0.437147,1,0,-1,-0.00914258,StepApplied,,0.45,1,5,0.785398,0,0,0,0,0,-0.437147,0.0148383,0.185151,0.0702081,0.627652,0.387026,0.508,0.225911,nan,nan,nan,nan,nan,nan,nan,nan
2.93641,0.298901,0.202235,-0.92958,0.688502,-0.0895621,-0.045194,-0.0478339,-0.0562047,-0.00252491,0.0143062,0.240251,0.0195798,1,0,-1,-0.00914258,0.672352,-0.192565,-0.0702279,0.187852,-0.525195,0.266454,0,0.999585,-0.026699,-0.00969552,-0.00483121,0.0106222,0.160114,-0.0135851,0,0,-0.436506,1,0,-1,-0.00914258,StepApplied,,0.450038,1,5,0.785398,0,0,0,0,0,-0.438481,0.00418038,0.187974,0.070367,0.627652,0.387026,0.508,0.225911,nan,nan,nan,nan,nan,nan,nan,nan
2.95153,0.305538,0.201761,-0.92943,0.689085,-0.0928748,-0.0462828,-0.0476906,-0.0543257,-0.00241252,0.0158603,0.208817,0.0219491,1,0,-1,-0.00914258,0.659739,-0.191673,-0.0705705,0.150737,-0.428002,0.308191,0,0.999721,-0.0217686,-0.00778288,-0.0047414,0.0171167,0.14997,-0.0140438,0,0,-0.436324,1,0,-1,-0.00914258,StepApplied,,0.45,1,5,0.785398,0,0,0,0,0,-0.436324,0.00834799,0.174716,0.0704875,0.624319,0.389271,0.494934,0.236772,nan,nan,nan,nan,nan,nan,nan,nan
2.96131,0.312149,0.201267,-0.929313,0.686269,-0.0782176,-0.0432127,-0.0475956,-0.0520462,-0.00234221,0.0103541,0.255955,0.0195843,1,0,-1,-0.00914258,0.659739,-0.191673,-0.0705705,0.150737,-0.428002,0.308191,0,0.999721,-0.0217686,-0.00778288,-0.0047414,-0.0322164,0.13255,-0.0144983,0,0,-0.437208,1,0,-1,-0.00914258,StepApplied,,0.45,1,5,0.785398,0,0,0,0,0,-0.437208,-0.00442528,0.18348,0.0705277,0.640472,0.374966,0.492939,0.240454,nan,nan,nan,nan,nan,nan,nan,nan
2.97318,0.318763,0.200781,-0.929219,0.689295,-0.0769611,-0.0426905,-0.047592,-0.0496253,-0.0023279,-0.000179533,0.270639,0.0139981,1,0,-1,-0.00914258,0.647175,-0.190742,-0.0707806,0.145832,-0.544836,0.292052,0,0.999576,-0.0277085,-0.00755878,-0.00478216,-0.0324054,0.135825,-0.0148126,0,0,-0.43732,1,0,-1,-0.00914258,StepApplied,,0.45,1,5,0.785398,0,0,0,0,0,-0.43732,-0.00350093,0.177846,0.0704966,0.640472,0.374966,0.492939,0.240454,nan,nan,nan,nan,nan,nan,nan,nan
2.98921,0.338659,0.199314,-0.929062,0.686836,-0.0815161,-0.0488655,-0.0463982,-0.0432797,-0.00190208,0.0287924,0.232433,0.0243678,1,0,-1,-0.00914258,0.634584,-0.189797,-0.070924,0.14273,-0.427356,0.321831,0,0.999725,-0.0217369,-0.00737435,-0.00473231,0.0113106,0.114476,-0.0166838,0,0,-0.435691,1,0,-1,-0.00914258,StepApplied,,0.45,1,5,0.785398,0,0,0,0,0,-0.435691,-0.00133506,0.180122,0.0703077,0.634176,0.377789,0.491455,0.239344,nan,nan,nan,nan,nan,nan,nan,nan
3.00449,0.351879,0.198277,-0.929124,0.685764,-0.0841311,-0.0510019,-0.0455815,-0.0388933,-0.0018288,0.0428788,0.23708,0.0142935,1,0,-1,-0.00914258,0.615715,-0.188363,-0.0708763,0.13207,-0.478973,0.322824,0,0.999668,-0.0243651,-0.0068428,-0.00473908,-0.0137813,0.0981154,-0.0176177,0,0,-0.435745,1,0,-1,-0.00914258,StepApplied,,0.45,1,5,0.785398,0,0,0,0,0,-0.436213,-0.00964977,0.175438,0.0702786,0.637237,0.375714,0.482816,0.249085,nan,nan,nan,nan,nan,nan,nan,nan
3.01477,0.358461,0.197784,-0.929172,0.689261,-0.0908689,-0.0583379,-0.0451188,-0.0372459,-0.00169841,0.0515333,0.183867,0.0223834,1,0,-1,-0.00914258,0.615715,-0.188363,-0.0708763,0.13207,-0.478973,0.322824,0,0.999668,-0.0243651,-0.0068428,-0.00473908,-0.0147979,0.094652,-0.0177513,0,0,-0.435745,1,0,-1,-0.00914258,StepApplied,,0.45,1,5,0.785398,0,0,0,0,0,-0.436094,-0.00806338,0.182423,0.0702966,0.629086,0.382959,0.49148,0.239453,nan,nan,nan,nan,nan,nan,nan,nan
3.02605,0.365174,0.197338,-0.929118,0.694596,-0.0872295,-0.0567615,-0.0449161,-0.0355805,-0.00166996,0.0221557,0.186333,0.0110818,1,0,-1,-0.00914258,0.615715,-0.188363,-0.0708763,0.13207,-0.478973,0.322824,0,0.999668,-0.0243651,-0.0068428,-0.00473908,0.00457928,0.105808,-0.0176411,0,0,-0.434286,1,0,-1,-0.00914258,StepApplied,,0.45,1,5,0.785398,0,0,0,0,0,-0.435745,0.00190974,0.178246,0.0703261,0.630627,0.381481,0.492459,0.238411,nan,nan,nan,nan,nan,nan,nan,nan
3.03532,0.372905,0.196699,-0.929177,0.693137,-0.0754209,-0.0528755,-0.0446697,-0.0333781,-0.00158037,0.0269749,0.244764,0.020299,1,0,-1,-0.00914258,0.603084,-0.187471,-0.0708823,0.0445962,-0.467601,0.345258,0,0.999668,-0.0243651,-0.0068428,-0.00473908,-0.0120948,0.114871,-0.0174811,0,0,-0.434655,1,0,-1,-0.00914258,StepApplied,,0.45,1,5,0.785398,0,0,0,0,0,-0.434655,-0.00290697,0.185913,0.0704152,0.638454,0.371653,0.493294,0.235218,nan,nan,nan,nan,nan,nan,nan,nan
3.05549,0.386266,0.195725,-0.929159,0.692524,-0.0883574,-0.0554011,-0.0439394,-0.0298737,-0.0013391,0.0504421,0.171229,0.0234334,1,0,-1,-0.00914258,0.58939,-0.186413,-0.0708312,0.0619936,-0.429502,0.332972,0,0.999745,-0.0218675,-0.00326008,-0.0046436,0.000543231,0.0938831,-0.0189851,0,0,-0.435146,1,0,-1,-0.00914258,StepApplied,,0.45,1,5,0.785398,0,0,0,0,0,-0.435146,0.000882539,0.176629,0.0703678,0.629654,0.381342,0.48995,0.23964,nan,nan,nan,nan,nan,nan,nan,nan
3.06424,0.392907,0.195246,-0.929192,0.690278,-0.0728522,-0.0541119,-0.0437075,-0.0283098,-0.00120385,0.0256529,0.174679,0.0221397,1,0,-1,-0.00914258,0.58939,-0.186413,-0.0708312,0.0619936,-0.429502,0.332972,0,0.999745,-0.0218675,-0.00326008,-0.0046436,-0.0117309,0.0987217,-0.0191277,0,0,-0.434914,1,0,-1,-0.00914258,StepApplied,,0.45,1,5,0.785398,0,0,0,0,0,-0.434914,5.60425e-06,0.185009,0.0701742,0.635774,0.374371,0.495214,0.234299,nan,nan,nan,nan,nan,nan,nan,nan
3.08405,0.406128,0.194247,-0.929327,0.68618,-0.0875779,-0.0528979,-0.0439517,-0.0246616,-0.000853045,-0.021849,0.205354,0.0331072,1,0,-1,-0.00914258,0.576738,-0.185484,-0.0708078,0.0413968,-0.574849,0.333798,0,0.999559,-0.0292613,-0.00224375,-0.00463888,-0.00104579,0.0801258,-0.0212891,0,0,-0.435339,1,0,-1,-0.00914258,StepApplied,,0.45,1,5,0.785398,0,0,0,0,0,-0.43581,-0.00042675,0.173947,0.0696595,0.628639,0.382268,0.4885,0.243834,nan,nan,nan,nan,nan,nan,nan,nan
3.09372,0.412726,0.193756,-0.929384,0.690469,-0.0882878,-0.0600214,-0.0438975,-0.0232913,-0.000620078,0.00613331,0.15334,0.0322546,1,0,-1,-0.00914258,0.557911,-0.184068,-0.0706157,-0.00713554,-0.43782,0.357252,0,0.999741,-0.0223063,0.000261636,-0.00456657,-0.00125682,0.0921237,-0.0213504,0,0,-0.434039,1,0,-1,-0.00914258,StepApplied,,0.45,1,5,0.785398,0,0,0,0,0,-0.43581,-0.00042675,0.173947,0.0696595,0.628639,0.382268,0.4885,0.243834,nan,nan,nan,nan,nan,nan,nan,nan
3.10332,0.419312,0.193278,-0.929467,0.690181,-0.0822839,-0.0576665,-0.0441193,-0.0217355,-0.000375778,-0.0246324,0.173105,0.0342774,1,0,-1,-0.00914258,0.557911,-0.184068,-0.0706157,-0.00713554,-0.43782,0.357252,0,0.999741,-0.0223063,0.000261636,-0.00456657,-0.0219246,0.0887968,-0.0219014,0,0,-0.434574,1,0,-1,-0.00914258,StepApplied,,0.45,1,5,0.785398,0,0,0,0,0,-0.434039,0.0160625,0.175301,0.0690361,0.615542,0.390575,0.499969,0.230068,nan,nan,nan,nan,nan,nan,nan,nan
3.11598,0.42587,0.192752,-0.929574,0.686269,-0.0740882,-0.0554755,-0.0445937,-0.0198777,-0.000227105,-0.0530198,0.207135,0.0251974,1,0,-1,-0.00914258,0.545424,-0.183114,-0.0704261,0.000477357,-0.548166,0.339407,0,0.9996,-0.027915,-0.000152136,-0.0045773,-0.0451785,0.0769,-0.0228527,0,0,-0.435104,1,0,-1,-0.00914258,StepApplied,,0.45,1,5,0.785398,0,0,0,0,0,-0.434574,0.00664752,0.185435,0.0687486,0.629614,0.377,0.501297,0.230386,nan,nan,nan,nan,nan,nan,nan,nan
3.13384,0.445684,0.191324,-0.929665,0.686257,-0.0872348,-0.0584624,-0.0454549,-0.0160683,0.000625831,-0.0317518,0.123264,0.0356503,1,0,-1,-0.00914258,0.532869,-0.182216,-0.0703776,-0.0133771,-0.458859,0.356311,0,0.999716,-0.0233789,0.000574871,-0.00455908,-0.00535529,0.0697598,-0.025127,0,0,-0.434125,1,0,-1,-0.00914258,StepApplied,,0.45,1,5,0.785398,0,0,0,0,0,-0.434125,0.0112532,0.177521,0.0679979,0.619561,0.384652,0.499262,0.233023,nan,nan,nan,nan,nan,nan,nan,nan
3.14475,0.452252,0.190822,-0.929743,0.684227,-0.0700615,-0.0571303,-0.0456441,-0.0144591,0.000806419,-0.0212852,0.179378,0.0278524,1,0,-1,-0.00914258,0.532869,-0.182216,-0.0703776,-0.0133771,-0.458859,0.356311,0,0.999716,-0.0233789,0.000574871,-0.00455908,0.00332918,0.0817116,-0.0252961,0,0,-0.434335,1,0,-1,-0.00914258,StepApplied,,0.45,1,5,0.785398,0,0,0,0,0,-0.434335,-0.000616501,0.188498,0.0675926,0.635522,0.368302,0.499242,0.234274,nan,nan,nan,nan,nan,nan,nan,nan
3.16234,0.46632,0.189673,-0.930057,0.675455,-0.0862823,-0.063407,-0.0455921,-0.0123633,0.00139208,0.0194898,0.0966136,0.0371052,1,0,-1,-0.00914258,0.520361,-0.181281,-0.0702571,-0.0560607,-0.572548,0.345798,0,0.999561,-0.0291674,0.00272359,-0.0044937,0.00385924,0.0621372,-0.028103,0,0,-0.433382,1,0,-1,-0.00914258,StepApplied,,0.45,1,5,0.785398,0,0,0,0,0,-0.434818,0.000458454,0.184924,0.0668944,0.632019,0.371374,0.498657,0.237221,nan,nan,nan,nan,nan,nan,nan,nan
3.17381,0.472787,0.189192,-0.930199,0.675177,-0.0769733,-0.0627546,-0.0455879,-0.011817,0.00167517,0.000382701,0.0601986,0.0337207,1,0,-1,-0.00914258,0.506996,-0.180189,-0.0699431,-0.0343634,-0.439603,0.371673,0,0.999737,-0.022405,0.00164915,-0.00453545,0.00385924,0.0621372,-0.028103,0,0,-0.433382,1,0,-1,-0.00914258,StepApplied,,0.45,1,5,0.785398,0,0,0,0,0,-0.433382,0.00363421,0.194252,0.0665544,0.634595,0.365248,0.5064,0.227287,nan,nan,nan,nan,nan,nan,nan,nan
3.18207,0.479203,0.188683,-0.930342,0.674734,-0.0681557,-0.0567322,-0.045794,-0.0110396,0.00185168,-0.0232897,0.087185,0.0233525,1,0,-1,-0.00914258,0.506996,-0.180189,-0.0699431,-0.0343634,-0.439603,0.371673,0,0.999737,-0.022405,0.00164915,-0.00453545,-0.0497851,0.0731325,-0.028765,0,0,-0.434882,1,0,-1,-0.00914258,StepApplied,,0.450031,1,5,0.785398,0,0,0,0,0,-0.433647,0.0102013,0.190507,0.0663989,0.627412,0.372649,0.508817,0.225711,nan,nan,nan,nan,nan,nan,nan,nan
3.19424,0.491994,0.187658,-0.930629,0.666756,-0.0894597,-0.0622746,-0.0463071,-0.00955457,0.00222505,-0.0250805,0.0638294,0.0222638,1,0,-1,-0.00914258,0.488666,-0.178758,-0.0695218,-0.0529315,-0.490939,0.349095,0,0.999673,-0.0250194,0.00258343,-0.00450801,-0.0149526,0.0601463,-0.0298375,0,0,-0.434531,1,0,-1,-0.00914258,StepApplied,,0.450031,1,5,0.785398,0,0,0,0,0,-0.434882,0.00100696,0.205445,0.0662722,0.645585,0.356693,0.514234,0.223017,nan,nan,nan,nan,nan,nan,nan,nan
3.20375,0.498345,0.187135,-0.930787,0.662148,-0.0880806,-0.0628586,-0.0464974,-0.00945986,0.00237753,-0.0214224,0.0107947,0.0171264,1,0,-1,-0.00914258,0.488666,-0.178758,-0.0695218,-0.0529315,-0.490939,0.349095,0,0.999673,-0.0250194,0.00258343,-0.00450801,0.0229007,0.0618707,-0.0303931,0,0,-0.433447,1,0,-1,-0.00914258,StepApplied,,0.45,1,5,0.785398,0,0,0,0,0,-0.434531,0.00892912,0.197721,0.0662939,0.634191,0.367427,0.514004,0.222501,nan,nan,nan,nan,nan,nan,nan,nan
3.21654,0.504624,0.186603,-0.930972,0.65631,-0.0700116,-0.0588036,-0.0468243,-0.00874954,0.00248908,-0.0364848,0.0790305,0.0157033,1,0,-1,-0.00914258,0.476573,-0.177778,-0.0692134,-0.0492748,-0.424508,0.371577,0,0.999753,-0.0216396,0.00241272,-0.00452008,0.0141668,0.0555065,-0.030848,0,0,-0.43336,1,0,-1,-0.00914258,StepApplied,,0.45,1,5,0.785398,0,0,0,0,0,-0.43336,0.0174012,0.183319,0.0663708,0.616923,0.382509,0.508569,0.225441,nan,nan,nan,nan,nan,nan,nan,nan
3.23298,0.517217,0.185571,-0.931048,0.649704,-0.0842529,-0.0540432,-0.0476907,-0.00697338,0.00272699,-0.0311435,0.0928302,0.0186543,1,0,-1,-0.00914258,0.464613,-0.176789,-0.0689886,-0.0459816,-0.566849,0.335195,0,0.99957,-0.0288757,0.00221126,-0.00450927,0.0149752,0.0469163,-0.0319394,0,0,-0.434969,1,0,-1,-0.00914258,StepApplied,,0.45,1,5,0.785398,0,0,0,0,0,-0.435378,0.00726018,0.181823,0.0664431,0.625126,0.378486,0.502285,0.235616,nan,nan,nan,nan,nan,nan,nan,nan
3.24275,0.523485,0.185061,-0.931098,0.654137,-0.0815322,-0.0616855,-0.0477647,-0.00649757,0.00285294,-0.00855652,0.0533032,0.0163922,1,0,-1,-0.00914258,0.464613,-0.176789,-0.0689886,-0.0459816,-0.566849,0.335195,0,0.99957,-0.0288757,0.00221126,-0.00450927,0.00476338,0.0685139,-0.0313017,0,0,-0.433649,1,0,-1,-0.00914258,StepApplied,,0.45,1,5,0.785398,0,0,0,0,0,-0.434969,0.0110324,0.18603,0.0665182,0.625099,0.377844,0.507442,0.22949,nan,nan,nan,nan,nan,nan,nan,nan
3.25616,0.529732,0.184575,-0.931171,0.653075,-0.0715243,-0.0561524,-0.0479351,-0.00550574,0.00289388,-0.019336,0.111117,0.00970361,1,0,-1,-0.00914258,0.452689,-0.175808,-0.0689016,-0.111926,-0.459069,0.367285,0,0.9997,-0.0234111,0.00559782,-0.00444123,-0.0260715,0.070526,-0.0312811,0,0,-0.434838,1,0,-1,-0.00914258,StepApplied,,0.45,1,5,0.785398,0,0,0,0,0,-0.433649,0.010571,0.190059,0.0666406,0.627077,0.373471,0.508522,0.225526,nan,nan,nan,nan,nan,nan,nan,nan
3.26442,0.536869,0.183879,-0.931341,0.644826,-0.07162,-0.05359,-0.048316,-0.00420413,0.00294682,-0.0425504,0.144732,0.0126777,1,0,-1,-0.00914258,0.452689,-0.175808,-0.0689016,-0.111926,-0.459069,0.367285,0,0.9997,-0.0234111,0.00559782,-0.00444123,-0.0218819,0.0520257,-0.0322508,0,0,-0.435242,1,0,-1,-0.00914258,StepApplied,,0.450011,1,5,0.785398,0,0,0,0,0,-0.434838,0.00951882,0.183618,0.0667313,0.624545,0.378561,0.504322,0.231921,nan,nan,nan,nan,nan,nan,nan,nan
3.27464,0.543024,0.183353,-0.931447,0.642334,-0.0850614,-0.0620532,-0.0483735,-0.00298424,0.00295232,-0.00679549,0.137309,0.00710777,1,0,-1,-0.00914258,0.452689,-0.175808,-0.0689016,-0.111926,-0.459069,0.367285,0,0.9997,-0.0234111,0.00559782,-0.00444123,0.0225652,0.051685,-0.032327,0,0,-0.433458,1,0,-1,-0.00914258,StepApplied,,0.450011,1,5,0.785398,0,0,0,0,0,-0.435242,0.00232432,0.192205,0.0668367,0.636215,0.367912,0.505604,0.231239,nan,nan,nan,nan,nan,nan,nan,nan
3.28126,0.555205,0.182263,-0.931737,0.634961,-0.070971,-0.0569222,-0.0480528,-0.00139323,0.00298246,0.0057258,0.109022,0.00594287,1,0,-1,-0.00914258,0.452689,-0.175808,-0.0689016,-0.111926,-0.459069,0.367285,0,0.9997,-0.0234111,0.00559782,-0.00444123,0.0225652,0.051685,-0.032327,0,0,-0.433458,1,0,-1,-0.00914258,StepApplied,,0.45,1,5,0.785398,0,0,0,0,0,-0.433458,0.014218,0.179986,0.0670166,0.61756,0.383358,0.503415,0.229499,nan,nan,nan,nan,nan,nan,nan,nan
3.2993,0.561226,0.181711,-0.931908,0.631764,-0.0677402,-0.0572202,-0.0482064,-5.44427e-05,0.00294067,-0.0174244,0.149991,0.00245804,1,0,-1,-0.00914258,0.422555,-0.17315,-0.0682626,-0.0942723,-0.537331,0.350274,0,0.999604,-0.0273853,0.00467922,-0.00444465,-0.0261035,0.0413787,-0.0326617,0,0,-0.434614,1,0,-1,-0.00914258,StepApplied,,0.45,1,5,0.785398,0,0,0,0,0,-0.433548,0.00829597,0.181422,0.0671685,0.623005,0.378397,0.50018,0.23261,nan,nan,nan,nan,nan,nan,nan,nan
3.30603,0.567205,0.181159,-0.932097,0.626275,-0.0803409,-0.0610484,-0.0481741,0.000993938,0.00284568,0.00327917,0.117338,-0.00497101,1,0,-1,-0.00914258,0.422555,-0.17315,-0.0682626,-0.0942723,-0.537331,0.350274,0,0.999604,-0.0273853,0.00467922,-0.00444465,-0.0312781,0.038086,-0.0322251,0,0,-0.434571,1,0,-1,-0.00914258,StepApplied,,0.45,1,5,0.785398,0,0,0,0,0,-0.434571,-0.00156079,0.190911,0.0673305,0.637869,0.365902,0.500777,0.233735,nan,nan,nan,nan,nan,nan,nan,nan
3.32083,0.579099,0.180156,-0.932352,0.626974,-0.0810388,-0.0645581,-0.0475831,0.00264401,0.00266185,0.014861,0.0975749,-0.0136515,1,0,-1,-0.00914258,0.411155,-0.172101,-0.0679025,-0.0923429,-0.444976,0.367468,0,0.999722,-0.0226906,0.00460315,-0.00446783,0.0184677,0.0503914,-0.0314825,0,0,-0.43262,1,0,-1,-0.00914258,StepApplied,,0.45,1,5,0.785398,0,0,0,0,0,-0.43262,-3.86294e-05,0.181085,0.0680171,0.628581,0.372661,0.492274,0.236964,nan,nan,nan,nan,nan,nan,nan,nan
3.3362,0.584995,0.179634,-0.932423,0.626894,-0.071856,-0.0621527,-0.0473773,0.00372388,0.00238226,0.0226059,0.12235,-0.0254974,1,0,-1,-0.00914258,0.399856,-0.171148,-0.067648,-0.154578,-0.455353,0.382373,0,0.99969,-0.0232294,0.00777203,-0.00439151,0.00396817,0.0485465,-0.0307064,0,0,-0.432974,1,0,-1,-0.00914258,StepApplied,,0.45,1,5,0.785398,0,0,0,0,0,-0.432974,0.000289063,0.191311,0.0686105,0.636526,0.36661,0.499492,0.229266,nan,nan,nan,nan,nan,nan,nan,nan
3.34979,0.596663,0.178642,-0.93267,0.609001,-0.0863542,-0.0684889,-0.0468404,0.00553331,0.00195386,0.034076,0.0701641,-0.0199631,1,0,-1,-0.00914258,0.399856,-0.171148,-0.067648,-0.154578,-0.455353,0.382373,0,0.99969,-0.0232294,0.00777203,-0.00439151,0.0241664,0.0159043,-0.0304729,0,0,-0.432061,1,0,-1,-0.00914258,StepApplied,,0.45,1,5,0.785398,0,0,0,0,0,-0.433577,-0.00302661,0.179823,0.0692397,0.63198,0.373622,0.489003,0.239704,nan,nan,nan,nan,nan,nan,nan,nan
3.36011,0.602416,0.178155,-0.932824,0.605297,-0.0847566,-0.0689338,-0.0465588,0.00613609,0.00179216,0.0312488,0.0689162,-0.0150102,1,0,-1,-0.00914258,0.399856,-0.171148,-0.067648,-0.154578,-0.455353,0.382373,0,0.99969,-0.0232294,0.00777203,-0.00439151,0.013461,0.0160836,-0.0297185,0,0,-0.432001,1,0,-1,-0.00914258,StepApplied,,0.45,1,5,0.785398,0,0,0,0,0,-0.432061,0.00841378,0.182173,0.070268,0.625065,0.379561,0.496211,0.227408,nan,nan,nan,nan,nan,nan,nan,nan
3.37355,0.608129,0.177656,-0.932982,0.604287,-0.0620093,-0.0614046,-0.0465472,0.0070007,0.00151281,0.00112104,0.0982589,-0.0266621,1,0,-1,-0.00914258,0.372277,-0.168773,-0.0670182,-0.136854,-0.599016,0.373074,0,0.999501,-0.0305263,0.00683408,-0.00436437,-0.0582993,0.0257822,-0.0287594,0,0,-0.433771,1,0,-1,-0.00914258,StepApplied,,0.45,1,5,0.785398,0,0,0,0,0,-0.432001,0.00848156,0.183088,0.0707391,0.626074,0.379373,0.496374,0.226183,nan,nan,nan,nan,nan,nan,nan,nan
3.38322,0.614088,0.177016,-0.933176,0.602322,-0.0792549,-0.0594825,-0.046666,0.00816784,0.00133822,-0.013436,0.131341,-0.0134245,1,0,-1,-0.00914258,0.372277,-0.168773,-0.0670182,-0.136854,-0.599016,0.373074,0,0.999501,-0.0305263,0.00683408,-0.00436437,0.00236367,0.0301967,-0.0283075,0,0,-0.433752,1,0,-1,-0.00914258,StepApplied,,0.450024,1,5,0.785398,0,0,0,0,0,-0.433771,-0.00326589,0.189312,0.0710297,0.640842,0.368726,0.493945,0.231571,nan,nan,nan,nan,nan,nan,nan,nan
3.39515,0.625322,0.175722,-0.933561,0.593087,-0.0974247,-0.0673422,-0.0467404,0.00951376,0.000996646,-0.00770592,0.0578187,-0.0233813,1,0,-1,-0.00914258,0.361262,-0.16754,-0.0666418,-0.139895,-0.332314,0.387392,0,0.999821,-0.0169661,0.00705349,-0.00445191,0.0514987,0.0192286,-0.027863,0,0,-0.432516,1,0,-1,-0.00914258,StepApplied,,0.450024,1,5,0.785398,0,0,0,0,0,-0.432516,0.0217644,0.179414,0.0713327,0.615192,0.392472,0.503091,0.219308,nan,nan,nan,nan,nan,nan,nan,nan
3.40993,0.636283,0.174421,-0.933991,0.583,-0.0826972,-0.0598027,-0.0475664,0.011394,0.000515803,-0.0643319,0.104701,-0.0226727,1,0,-1,-0.00914258,0.361262,-0.16754,-0.0666418,-0.139895,-0.332314,0.387392,0,0.999821,-0.0169661,0.00705349,-0.00445191,-0.0143155,0.00900907,-0.026764,0,0,-0.433095,1,0,-1,-0.00914258,StepApplied,,0.45,1,5,0.785398,0,0,0,0,0,-0.433095,0.010482,0.180682,0.0719574,0.625269,0.384802,0.495964,0.226345,nan,nan,nan,nan,nan,nan,nan,nan
3.4211,0.64258,0.173654,-0.934332,0.579063,-0.0991927,-0.0709395,-0.0478424,0.0120676,0.000367306,-0.0308418,0.0761898,-0.0129671,1,0,-1,-0.00914258,0.361262,-0.16754,-0.0666418,-0.139895,-0.332314,0.387392,0,0.999821,-0.0169661,0.00705349,-0.00445191,0.0536972,0.0119929,-0.0263077,0,0,-0.43125,1,0,-1,-0.00914258,StepApplied,,0.45,1,5,0.785398,0,0,0,0,0,-0.433571,0.00940953,0.177644,0.0721536,0.624553,0.386864,0.493339,0.229531,nan,nan,nan,nan,nan,nan,nan,nan
3.43367,0.647914,0.1731,-0.934375,0.578754,-0.0974858,-0.0664627,-0.047898,0.0122618,0.00021846,-0.0062842,0.0228299,-0.0155452,1,0,-1,-0.00914258,0.339549,-0.164972,-0.0656685,-0.146415,-0.339948,0.415291,0,0.999812,-0.0173559,0.00738389,-0.00444342,0.0419479,0.0215957,-0.0254167,0,0,-0.432134,1,0,-1,-0.00914258,StepApplied,,0.45,1,5,0.785398,0,0,0,0,0,-0.43125,0.00975763,0.189181,0.0723696,0.630359,0.376847,0.499203,0.218592,nan,nan,nan,nan,nan,nan,nan,nan
3.44233,0.653216,0.172502,-0.934412,0.574445,-0.0825337,-0.0599669,-0.0481171,0.0127574,6.61152e-05,-0.0245892,0.0559608,-0.0145487,1,0,-1,-0.00914258,0.339549,-0.164972,-0.0656685,-0.146415,-0.339948,0.415291,0,0.999812,-0.0173559,0.00738389,-0.00444342,-0.00757655,0.018703,-0.0249833,0,0,-0.433553,1,0,-1,-0.00914258,StepApplied,,0.450035,1,5,0.785398,0,0,0,0,0,-0.432134,0.0193724,0.182497,0.0726224,0.61997,0.389508,0.501908,0.217149,nan,nan,nan,nan,nan,nan,nan,nan
3.4521,0.658498,0.171938,-0.934494,0.563974,-0.0811777,-0.0602686,-0.048355,0.0134495,-0.000123539,-0.0268865,0.0786976,-0.0177982,1,0,-1,-0.00914258,0.324427,-0.163341,-0.0655062,-0.126615,-0.493425,0.373261,0,0.999654,-0.0251607,0.00633809,-0.00441293,-0.0084572,-0.000990461,-0.0253982,0,0,-0.433456,1,0,-1,-0.00914258,StepApplied,,0.450035,1,5,0.785398,0,0,0,0,0,-0.432134,0.0193724,0.182497,0.0726224,0.61997,0.389508,0.501908,0.217149,nan,nan,nan,nan,nan,nan,nan,nan
3.46106,0.668876,0.17077,-0.934714,0.554665,-0.0967765,-0.0668504,-0.048112,0.0132018,-0.000464437,0.040291,-0.040477,-0.0142498,1,0,-1,-0.00914258,0.324427,-0.163341,-0.0655062,-0.126615,-0.493425,0.373261,0,0.999654,-0.0251607,0.00633809,-0.00441293,0.0348733,-0.0118106,-0.02468,0,0,-0.432353,1,0,-1,-0.00914258,StepApplied,,0.45,1,5,0.785398,0,0,0,0,0,-0.433456,-0.00124639,0.196058,0.0730351,0.645874,0.367074,0.497821,0.223054,nan,nan,nan,nan,nan,nan,nan,nan
3.47487,0.673995,0.170187,-0.934827,0.553738,-0.0901887,-0.0619365,-0.0480232,0.012952,-0.000726971,0.00977217,-0.0261595,-0.0308581,1,0,-1,-0.00914258,0.314568,-0.162232,-0.065286,-0.139545,-0.379374,0.400368,0,0.999778,-0.0193614,0.00702434,-0.00443577,0.0373963,0.0050522,-0.0234273,0,0,-0.431995,1,0,-1,-0.00914258,StepApplied,,0.45,1,5,0.785398,0,0,0,0,0,-0.431995,0.00925658,0.1869,0.0733935,0.630868,0.379874,0.496957,0.220279,nan,nan,nan,nan,nan,nan,nan,nan
3.48421,0.679076,0.169563,-0.934935,0.554482,-0.083301,-0.0582501,-0.0481427,0.0130618,-0.00109156,-0.0132046,0.0142847,-0.0400737,1,0,-1,-0.00914258,0.314568,-0.162232,-0.065286,-0.139545,-0.379374,0.400368,0,0.999778,-0.0193614,0.00702434,-0.00443577,0.0141312,0.0162674,-0.0220344,0,0,-0.433002,1,0,-1,-0.00914258,StepApplied,,0.45,1,5,0.785398,0,0,0,0,0,-0.433002,0.00367561,0.20093,0.0738081,0.646158,0.367429,0.503519,0.214903,nan,nan,nan,nan,nan,nan,nan,nan
3.50408,0.68916,0.168325,-0.935254,0.53976,-0.101977,-0.064964,-0.0477681,0.0127334,-0.00173684,0.0381216,-0.0316993,-0.03733,1,0,-1,-0.00914258,0.304877,-0.161085,-0.0650649,-0.204698,-0.486751,0.367075,0,0.999629,-0.024835,0.0103182,-0.00431562,0.0570422,0.00997564,-0.0200177,0,0,-0.432176,1,0,-1,-0.00914258,StepApplied,,0.45,1,5,0.785398,0,0,0,0,0,-0.432478,0.00123375,0.195286,0.074965,0.644526,0.370325,0.496124,0.218937,nan,nan,nan,nan,nan,nan,nan,nan
3.52128,0.698968,0.167114,-0.935413,0.529751,-0.0859877,-0.0641406,-0.0478284,0.0118332,-0.00238507,-0.0163595,-0.0322216,-0.0418263,1,0,-1,-0.00914258,0.295298,-0.159909,-0.0647459,-0.147382,-0.330424,0.394837,0,0.99982,-0.0168713,0.00743546,-0.00444609,-0.00489637,0.0129844,-0.0181834,0,0,-0.432574,1,0,-1,-0.00914258,StepApplied,,0.45,1,5,0.785398,0,0,0,0,0,-0.432086,0.0167435,0.196834,0.0759953,0.635291,0.380837,0.506764,0.205454,nan,nan,nan,nan,nan,nan,nan,nan
3.53303,0.704548,0.166358,-0.935557,0.519578,-0.0938096,-0.062804,-0.0479327,0.0118386,-0.00270438,-0.0117635,0.00229281,-0.0357872,1,0,-1,-0.00914258,0.280679,-0.15804,-0.0644429,-0.110316,-0.414296,0.387416,0,0.999752,-0.0211321,0.00552617,-0.00445528,0.0229611,-0.000147246,-0.0178119,0,0,-0.432635,1,0,-1,-0.00914258,StepApplied,,0.45,1,5,0.785398,0,0,0,0,0,-0.432574,0.00368283,0.191444,0.0764263,0.635291,0.380837,0.506764,0.205454,nan,nan,nan,nan,nan,nan,nan,nan
3.543,0.709308,0.165797,-0.935589,0.519308,-0.102592,-0.0676967,-0.0479366,0.0117791,-0.00291807,-0.000780554,-0.00551783,-0.024702,1,0,-1,-0.00914258,0.280679,-0.15804,-0.0644429,-0.110316,-0.414296,0.387416,0,0.999752,-0.0211321,0.00552617,-0.00445528,0.0485808,0.0153386,-0.0164823,0,0,-0.431648,1,0,-1,-0.00914258,StepApplied,,0.45,1,5,0.785398,0,0,0,0,0,-0.432635,0.00287724,0.192715,0.076711,0.643448,0.375209,0.49388,0.218004,nan,nan,nan,nan,nan,nan,nan,nan
3.55263,0.718785,0.164551,-0.935754,0.515229,-0.0900652,-0.0669828,-0.0480111,0.0112876,-0.00340285,-0.0154568,0.000194761,-0.024862,1,0,-1,-0.00914258,0.271636,-0.156937,-0.0643471,-0.204557,-0.38961,0.417541,0,0.999752,-0.0211321,0.00552617,-0.00445528,0.0329146,0.0377378,-0.0149214,0,0,-0.431274,1,0,-1,-0.00914258,StepApplied,,0.45,1,5,0.785398,0,0,0,0,0,-0.431648,0.0219079,0.185065,0.0769481,0.623831,0.393325,0.500706,0.208729,nan,nan,nan,nan,nan,nan,nan,nan
3.57458,0.72801,0.163312,-0.936052,0.496829,-0.103197,-0.0771896,-0.0483575,0.0116003,-0.00379698,-0.00960973,0.000291453,-0.0151975,1,0,-1,-0.00914258,0.262738,-0.155714,-0.064116,-0.130429,-0.435438,0.420313,0,0.999722,-0.0222122,0.00654626,-0.00442667,0.0157486,0.00613086,-0.0147825,0,0,-0.431175,1,0,-1,-0.00914258,StepApplied,,0.45,1,5,0.785398,0,0,0,0,0,-0.431175,0.00764372,0.190432,0.0771831,0.637475,0.379206,0.493707,0.214314,nan,nan,nan,nan,nan,nan,nan,nan
3.59046,0.732542,0.1627,-0.936226,0.500066,-0.0982647,-0.0769732,-0.0483179,0.0112753,-0.00395556,0.00406339,-0.0355763,-0.0199729,1,0,-1,-0.00914258,0.254086,-0.154565,-0.0637742,-0.183309,-0.39779,0.447309,0,0.999741,-0.020307,0.00925011,-0.00438375,0.0312574,0.0264841,-0.0130888,0,0,-0.429902,1,0,-1,-0.00914258,StepApplied,,0.45,1,5,0.785398,0,0,0,0,0,-0.429783,0.0187763,0.182381,0.0772291,0.622565,0.391424,0.494451,0.210693,nan,nan,nan,nan,nan,nan,nan,nan
3.60335,0.741516,0.161458,-0.936628,0.495471,-0.082496,-0.0730104,-0.0485489,0.0119723,-0.00439777,-0.0222181,0.056031,-0.0221247,1,0,-1,-0.00914258,0.254086,-0.154565,-0.0637742,-0.183309,-0.39779,0.447309,0,0.999741,-0.020307,0.00925011,-0.00438375,-0.00987374,0.0362252,-0.011962,0,0,-0.430756,1,0,-1,-0.00914258,StepApplied,,0.45,1,5,0.785398,0,0,0,0,0,-0.431352,0.00656148,0.193337,0.077248,0.640537,0.376628,0.495107,0.213138,nan,nan,nan,nan,nan,nan,nan,nan
3.61454,0.745968,0.160821,-0.936877,0.488649,-0.100023,-0.0763397,-0.0483137,0.0122193,-0.0045993,0.02591,0.0284243,-0.0215627,1,0,-1,-0.00914258,0.24556,-0.153385,-0.0633721,-0.206481,-0.495541,0.433419,0,0.999617,-0.0252824,0.0104069,-0.0043088,0.0482922,0.0254754,-0.011842,0,0,-0.429799,1,0,-1,-0.00914258,StepApplied,,0.45,1,5,0.785398,0,0,0,0,0,-0.430756,0.00147671,0.200416,0.0772915,0.640537,0.376628,0.495107,0.213138,nan,nan,nan,nan,nan,nan,nan,nan
3.63726,0.758759,0.158961,-0.937166,0.473736,-0.0867118,-0.068015,-0.0477692,0.0123971,-0.00520147,0.000238832,0.0324895,-0.0277924,1,0,-1,-0.00914258,0.233151,-0.151602,-0.0628551,-0.167135,-0.459707,0.427037,0,0.99968,-0.0234541,0.00841112,-0.00437472,0.00341853,0.0189897,-0.0109942,0,0,-0.43096,1,0,-1,-0.00914258,StepApplied,,0.45,1,5,0.785398,0,0,0,0,0,-0.429638,0.0131269,0.197713,0.0774267,0.637453,0.37664,0.50095,0.203508,nan,nan,nan,nan,nan,nan,nan,nan
3.64887,0.763602,0.158236,-0.937288,0.46952,-0.101865,-0.0748479,-0.0473607,0.0123808,-0.00533034,0.045069,-0.00154223,-0.0148337,1,0,-1,-0.00914258,0.229179,-0.151013,-0.0628337,-0.169625,-0.458237,0.416478,0,0.999681,-0.0233794,0.00853829,-0.00437235,0.00341853,0.0189897,-0.0109942,0,0,-0.43096,1,0,-1,-0.00914258,StepApplied,,0.450004,1,5,0.785398,0,0,0,0,0,-0.43096,4.45284e-06,0.205994,0.0775058,0.653988,0.362907,0.498766,0.208179,nan,nan,nan,nan,nan,nan,nan,nan
3.65571,0.767737,0.157606,-0.937333,0.471414,-0.10308,-0.0749292,-0.0468951,0.0119888,-0.00553309,0.0515482,-0.0429683,-0.0250125,1,0,-1,-0.00914258,0.229179,-0.151013,-0.0628337,-0.169625,-0.458237,0.416478,0,0.999681,-0.0233794,0.00853829,-0.00437235,0.0492775,0.0217617,-0.00949114,0,0,-0.429934,1,0,-1,-0.00914258,StepApplied,,0.450004,1,5,0.785398,0,0,0,0,0,-0.431427,-0.000944944,0.196767,0.0775975,0.648694,0.369319,0.491948,0.215747,nan,nan,nan,nan,nan,nan,nan,nan
3.66293,0.771832,0.156952,-0.937396,0.464516,-0.0867749,-0.0707029,-0.0467912,0.0118311,-0.00571202,0.0111729,-0.0169464,-0.0210142,1,0,-1,-0.00914258,0.229179,-0.151013,-0.0628337,-0.169625,-0.458237,0.416478,0,0.999681,-0.0233794,0.00853829,-0.00437235,0.0473529,0.0411681,-0.00843154,0,0,-0.429946,1,0,-1,-0.00914258,StepApplied,,0.450004,1,5,0.785398,0,0,0,0,0,-0.429946,-0.000944944,0.196767,0.0775975,0.648694,0.369319,0.491948,0.215747,nan,nan,nan,nan,nan,nan,nan,nan
3.68228,0.779855,0.155659,-0.937561,0.447991,-0.0989873,-0.0709548,-0.0466191,0.0120014,-0.00614565,0.0154138,-0.00100263,-0.0164084,1,0,-1,-0.00914258,0.216759,-0.149105,-0.0626042,-0.192794,-0.471245,0.428598,0,0.999654,-0.0240444,0.00971537,-0.00433828,-0.0122327,0.0217809,-0.00766554,0,0,-0.430998,1,0,-1,-0.00914258,StepApplied,,0.45,1,5,0.785398,0,0,0,0,0,-0.430998,0.00801076,0.193416,0.0781274,0.640092,0.378121,0.494954,0.210823,nan,nan,nan,nan,nan,nan,nan,nan
3.69924,0.787699,0.154363,-0.937703,0.445163,-0.0805271,-0.0640472,-0.0463458,0.0121936,-0.00652374,0.00909327,0.0312289,-0.02352,1,0,-1,-0.00914258,0.209138,-0.147876,-0.0624392,-0.133052,-0.354221,0.430549,0,0.999804,-0.0180804,0.00669963,-0.00445057,-0.0229113,0.0242179,-0.00628721,0,0,-0.432136,1,0,-1,-0.00914258,StepApplied,,0.45,1,5,0.785398,0,0,0,0,0,-0.431192,0.0128181,0.188441,0.0782795,0.633521,0.385386,0.494879,0.210983,nan,nan,nan,nan,nan,nan,nan,nan
3.7126,0.791583,0.153708,-0.937821,0.441019,-0.0781565,-0.0633527,-0.0463351,0.012847,-0.00672661,0.000960613,0.0729134,-0.0194458,1,0,-1,-0.00914258,0.197996,-0.146022,-0.0621791,-0.185566,-0.507461,0.401452,0,0.999612,-0.0258851,0.00933861,-0.0043304,-0.0224048,0.02371,-0.00594009,0,0,-0.432233,1,0,-1,-0.00914258,StepApplied,,0.45,1,5,0.785398,0,0,0,0,0,-0.432136,0.00736782,0.186049,0.0783011,0.633521,0.385386,0.494879,0.210983,nan,nan,nan,nan,nan,nan,nan,nan
3.7225,0.795284,0.153007,-0.937703,0.428765,-0.0935182,-0.0663247,-0.0462067,0.013547,-0.00690805,0.0141572,0.0787652,-0.0170008,1,0,-1,-0.00914258,0.197996,-0.146022,-0.0621791,-0.185566,-0.507461,0.401452,0,0.999612,-0.0258851,0.00933861,-0.0043304,0.0304387,-0.00342417,-0.00615978,0,0,-0.431405,1,0,-1,-0.00914258,StepApplied,,0.45,1,5,0.785398,0,0,0,0,0,-0.432233,-0.00360362,0.189438,0.0783167,0.646916,0.374146,0.484976,0.222894,nan,nan,nan,nan,nan,nan,nan,nan
3.73606,0.798933,0.152334,-0.937589,0.424615,-0.103338,-0.0678548,-0.0458272,0.0137309,-0.00703538,0.0419759,0.0203451,-0.0133173,1,0,-1,-0.00914258,0.191014,-0.144717,-0.0624105,-0.133447,-0.309013,0.418629,0,0.999843,-0.0157779,0.00673022,-0.00446533,0.0573222,-0.00262419,-0.00551686,0,0,-0.431044,1,0,-1,-0.00914258,StepApplied,,0.45,1,5,0.785398,0,0,0,0,0,-0.431405,0.00656953,0.180085,0.0783319,0.632296,0.38714,0.484716,0.221467,nan,nan,nan,nan,nan,nan,nan,nan
3.74386,0.806112,0.150979,-0.937393,0.418471,-0.08383,-0.0636557,-0.0454124,0.0147354,-0.00743086,-9.92311e-05,0.0888462,-0.0184043,1,0,-1,-0.00914258,0.191014,-0.144717,-0.0624105,-0.133447,-0.309013,0.418629,0,0.999843,-0.0157779,0.00673022,-0.00446533,0.00651444,0.00720307,-0.00457181,0,0,-0.431057,1,0,-1,-0.00914258,StepApplied,,0.45,1,5,0.785398,0,0,0,0,0,-0.431057,0.0065736,0.19073,0.0783622,0.632296,0.38714,0.484716,0.221467,nan,nan,nan,nan,nan,nan,nan,nan
3.76372,0.813164,0.14961,-0.937327,0.407061,-0.102723,-0.0770837,-0.0450331,0.0154159,-0.00765577,0.039528,0.0137602,-0.00962172,1,0,-1,-0.00914258,0.184193,-0.14343,-0.062607,-0.156382,-0.462017,0.401533,0,0.999682,-0.0235692,0.0078625,-0.00438676,0.0155429,0.00203612,-0.00410475,0,0,-0.430927,1,0,-1,-0.00914258,StepApplied,,0.45,1,5,0.785398,0,0,0,0,0,-0.430927,0.0123839,0.185646,0.0783118,0.631619,0.386823,0.492299,0.212968,nan,nan,nan,nan,nan,nan,nan,nan
3.78182,0.820639,0.148075,-0.937465,0.397611,-0.085321,-0.0678675,-0.0446312,0.0162133,-0.00793345,0.00362511,0.0601177,-0.0187597,1,0,-1,-0.00914258,0.177495,-0.14213,-0.0626733,-0.136207,-0.310884,0.454853,0,0.99984,-0.0158747,0.0068709,-0.00446244,-0.0032569,-0.0124038,-0.00353377,0,0,-0.431248,1,0,-1,-0.00914258,StepApplied,,0.45,1,5,0.785398,0,0,0,0,0,-0.430693,0.00706144,0.184552,0.0782552,0.634318,0.383541,0.487585,0.217327,nan,nan,nan,nan,nan,nan,nan,nan
3.79264,0.824013,0.147374,-0.937511,0.388658,-0.0946623,-0.0731763,-0.044488,0.0166239,-0.00812863,0.0159441,0.0459038,-0.0196812,1,0,-1,-0.00914258,0.170393,-0.140672,-0.0625349,-0.132686,-0.439998,0.418956,0,0.999716,-0.0224441,0.0066601,-0.00442261,0.027746,-0.0262213,-0.00331447,0,0,-0.430106,1,0,-1,-0.00914258,StepApplied,,0.45,1,5,0.785398,0,0,0,0,0,-0.431248,0.00457294,0.184686,0.0783043,0.636777,0.382291,0.486426,0.219498,nan,nan,nan,nan,nan,nan,nan,nan
3.80264,0.827355,0.146681,-0.937562,0.391566,-0.0945811,-0.0698388,-0.0440039,0.016445,-0.00824072,0.0534759,-0.019986,-0.0132757,1,0,-1,-0.00914258,0.170393,-0.140672,-0.0625349,-0.132686,-0.439998,0.418956,0,0.999716,-0.0224441,0.0066601,-0.00442261,0.0246468,-0.00265003,-0.00225636,0,0,-0.430746,1,0,-1,-0.00914258,StepApplied,,0.45,1,5,0.785398,0,0,0,0,0,-0.430106,0.00529093,0.193932,0.078361,0.641722,0.375175,0.492271,0.211256,nan,nan,nan,nan,nan,nan,nan,nan
3.81322,0.830674,0.146,-0.937612,0.390853,-0.0818295,-0.0665846,-0.0437496,0.0164764,-0.00832463,0.0282897,0.00318796,-0.00921061,1,0,-1,-0.00914258,0.16086,-0.1387,-0.0623884,-0.185707,-0.466356,0.414833,0,0.999716,-0.0224441,0.0066601,-0.00442261,-0.0167394,0.00578386,-0.00183495,0,0,-0.431529,1,0,-1,-0.00914258,StepApplied,,0.45,1,5,0.785398,0,0,0,0,0,-0.430746,0.00674852,0.185786,0.0783447,0.635555,0.382591,0.4882,0.21664,nan,nan,nan,nan,nan,nan,nan,nan
3.8218,0.837201,0.14457,-0.937774,0.382669,-0.0854283,-0.0689722,-0.0431747,0.0170167,-0.00855715,0.031467,0.0100345,-0.0130653,1,0,-1,-0.00914258,0.16086,-0.1387,-0.0623884,-0.185707,-0.466356,0.414833,0,0.999716,-0.0224441,0.0066601,-0.00442261,-0.0119557,0.00498718,-0.00148457,0,0,-0.432011,1,0,-1,-0.00914258,StepApplied,,0.45,1,5,0.785398,0,0,0,0,0,-0.431529,-0.00256588,0.200283,0.078249,0.653079,0.366439,0.492738,0.213858,nan,nan,nan,nan,nan,nan,nan,nan
3.83715,0.840162,0.143842,-0.937585,0.374781,-0.0991628,-0.0724491,-0.0427471,0.0167181,-0.00853997,0.0472954,-0.0340048,0.000533627,1,0,-1,-0.00914258,0.154659,-0.137342,-0.0622264,-0.174175,-0.415394,0.425131,0,0.999727,-0.021201,0.00878044,-0.00438558,0.00108356,0.00271171,-0.00160763,0,0,-0.430946,1,0,-1,-0.00914258,StepApplied,,0.45,1,5,0.785398,0,0,0,0,0,-0.430946,0.00535555,0.19543,0.078139,0.643353,0.37478,0.494436,0.211214,nan,nan,nan,nan,nan,nan,nan,nan
3.846,0.843098,0.143118,-0.937403,0.37363,-0.0964001,-0.0685616,-0.0425267,0.0165292,-0.00856921,0.0242418,-0.0220004,-0.00378018,1,0,-1,-0.00914258,0.154659,-0.137342,-0.0622264,-0.174175,-0.415394,0.425131,0,0.999727,-0.021201,0.00878044,-0.00438558,0.0429255,-0.00931252,-0.00184851,0,0,-0.430144,1,0,-1,-0.00914258,StepApplied,,0.45,1,5,0.785398,0,0,0,0,0,-0.430144,0.00792263,0.187389,0.0780321,0.634943,0.381372,0.489873,0.214386,nan,nan,nan,nan,nan,nan,nan,nan
3.85898,0.848894,0.141594,-0.937081,0.359746,-0.0825311,-0.0638468,-0.0424009,0.0170797,-0.00883407,0.0125553,0.0370849,-0.00650941,1,0,-1,-0.00914258,0.149057,-0.135962,-0.0625971,-0.164452,-0.344963,0.422307,0,0.999801,-0.0176148,0.00830194,-0.00442525,-0.0113294,-0.0215425,-0.00160549,0,0,-0.432007,1,0,-1,-0.00914258,StepApplied,,0.45,1,5,0.785398,0,0,0,0,0,-0.432362,0.00424725,0.182598,0.0779451,0.636285,0.384293,0.486192,0.222678,nan,nan,nan,nan,nan,nan,nan,nan
3.87358,0.85172,0.140861,-0.936962,0.351776,-0.0954466,-0.0665755,-0.0418991,0.0170445,-0.0088672,0.0557532,-0.00496322,-0.00347107,1,0,-1,-0.00914258,0.143551,-0.134514,-0.062919,-0.116392,-0.440263,0.402255,0,0.999721,-0.0224553,0.00582991,-0.00444125,0.0301882,-0.0330692,-0.00127042,0,0,-0.431333,1,0,-1,-0.00914258,StepApplied,,0.45,1,5,0.785398,0,0,0,0,0,-0.432007,-0.00442916,0.186989,0.0779508,0.645176,0.374703,0.4828,0.225348,nan,nan,nan,nan,nan,nan,nan,nan
3.8826,0.855026,0.140055,-0.936941,0.348566,-0.0792489,-0.0655637,-0.0416368,0.0169478,-0.008971,0.0292395,-0.0114649,-0.0116093,1,0,-1,-0.00914258,0.143551,-0.134514,-0.062919,-0.116392,-0.440263,0.402255,0,0.999721,-0.0224553,0.00582991,-0.00444125,-0.023145,-0.0285886,-0.00102907,0,0,-0.431754,1,0,-1,-0.00914258,StepApplied,,0.45,1,5,0.785398,0,0,0,0,0,-0.431333,0.00386423,0.188131,0.0780092,0.639505,0.379144,0.488741,0.217944,nan,nan,nan,nan,nan,nan,nan,nan
3.89501,0.860451,0.138583,-0.936802,0.337129,-0.0873477,-0.0609586,-0.0411999,0.0177791,-0.00929635,0.0186665,0.0429037,-0.0137215,1,0,-1,-0.00914258,0.135129,-0.132358,-0.0631316,-0.0945571,-0.478937,0.392907,0,0.999681,-0.0244173,0.00470772,-0.0044575,-0.0307408,-0.0343273,-0.000652128,0,0,-0.432505,1,0,-1,-0.00914258,StepApplied,,0.45,1,5,0.785398,0,0,0,0,0,-0.431754,0.00396667,0.174776,0.0780595,0.630459,0.389132,0.479744,0.227682,nan,nan,nan,nan,nan,nan,nan,nan
3.90346,0.863122,0.137881,-0.936732,0.336496,-0.0931591,-0.0640074,-0.0406839,0.0178947,-0.00939465,0.0575291,0.0121632,-0.00999777,1,0,-1,-0.00914258,0.135129,-0.132358,-0.0631316,-0.0945571,-0.478937,0.392907,0,0.999681,-0.0244173,0.00470772,-0.0044575,0.0109329,-0.0335488,-0.000410411,0,0,-0.432449,1,0,-1,-0.00914258,StepApplied,,0.45,1,5,0.785398,0,0,0,0,0,-0.431754,0.00396667,0.174776,0.0780595,0.630459,0.389132,0.479744,0.227682,nan,nan,nan,nan,nan,nan,nan,nan
3.91489,0.865624,0.13717,-0.936469,0.341219,-0.0789095,-0.0681672,-0.0401616,0.0177365,-0.00951831,0.0582771,-0.0181757,-0.0140545,1,0,-1,-0.00914258,0.130034,-0.130987,-0.0632678,-0.122613,-0.33254,0.401563,0,0.999827,-0.0169747,0.00617288,-0.00446688,0.0245937,-0.0222161,0.00047563,0,0,-0.431855,1,0,-1,-0.00914258,StepApplied,,0.45,1,5,0.785398,0,0,0,0,0,-0.431855,0.00497085,0.185549,0.0782783,0.637687,0.382544,0.48795,0.21924,nan,nan,nan,nan,nan,nan,nan,nan
3.92369,0.868071,0.136433,-0.936251,0.327449,-0.0765449,-0.0613152,-0.0398823,0.017899,-0.0097506,0.0314691,0.017611,-0.0244639,1,0,-1,-0.00914258,0.130034,-0.130987,-0.0632678,-0.122613,-0.33254,0.401563,0,0.999827,-0.0169747,0.00617288,-0.00446688,-0.0230254,0.00225696,0.00177144,0,0,-0.43138,1,0,-1,-0.00914258,StepApplied,,0.45,1,5,0.785398,0,0,0,0,0,-0.43138,-0.000483654,0.194354,0.0784154,0.647432,0.372122,0.489705,0.216261,nan,nan,nan,nan,nan,nan,nan,nan
3.93905,0.872853,0.134977,-0.935845,0.314546,-0.0938129,-0.0683442,-0.0396131,0.0177379,-0.0101598,0.0262861,-0.0431955,-0.0228936,1,0,-1,-0.00914258,0.125332,-0.129612,-0.0637492,-0.101271,-0.452051,0.389541,0,0.999712,-0.0230517,0.00505635,-0.00445573,0.0308615,-0.0410087,0.00223844,0,0,-0.431173,1,0,-1,-0.00914258,StepApplied,,0.45,1,5,0.785398,0,0,0,0,0,-0.432571,0.00594642,0.185147,0.0789789,0.638129,0.384934,0.488372,0.21885,nan,nan,nan,nan,nan,nan,nan,nan
3.95235,0.875231,0.134258,-0.935675,0.313416,-0.0902607,-0.0657811,-0.0393707,0.0172472,-0.0103556,0.0273121,-0.0551794,-0.023279,1,0,-1,-0.00914258,0.12079,-0.128229,-0.0641546,-0.0745888,-0.313523,0.415364,0,0.999855,-0.0159957,0.00372928,-0.00451211,0.014935,-0.0308154,0.00332512,0,0,-0.431738,1,0,-1,-0.00914258,StepApplied,,0.45,1,5,0.785398,0,0,0,0,0,-0.431173,0.00715782,0.196247,0.0793171,0.644061,0.376881,0.495338,0.208411,nan,nan,nan,nan,nan,nan,nan,nan
3.9626,0.877558,0.133497,-0.935524,0.306825,-0.0760056,-0.0627781,-0.0395374,0.0171767,-0.010675,-0.0180197,-0.00787564,-0.0351883,1,0,-1,-0.00914258,0.12079,-0.128229,-0.0641546,-0.0745888,-0.313523,0.415364,0,0.999855,-0.0159957,0.00372928,-0.00451211,-0.0307688,-0.0370925,0.00371459,0,0,-0.432507,1,0,-1,-0.00914258,StepApplied,,0.45,1,5,0.785398,0,0,0,0,0,-0.431738,0.0101278,0.190124,0.079799,0.638679,0.384359,0.493194,0.210722,nan,nan,nan,nan,nan,nan,nan,nan
3.97535,0.879842,0.132779,-0.935415,0.301938,-0.0782418,-0.0633967,-0.0395515,0.0170687,-0.0110162,-0.000956737,-0.0119207,-0.0377788,1,0,-1,-0.00914258,0.11415,-0.12614,-0.0645849,-0.0759867,-0.429228,0.393923,0,0.999743,-0.0218852,0.00377308,-0.00448968,-0.0186243,-0.0372718,0.00459637,0,0,-0.43235,1,0,-1,-0.00914258,StepApplied,,0.45,1,5,0.785398,0,0,0,0,0,-0.432507,-0.00637549,0.194718,0.0803102,0.654876,0.370721,0.485028,0.219403,nan,nan,nan,nan,nan,nan,nan,nan
3.98865,0.884316,0.131353,-0.935204,0.30182,-0.0905188,-0.0678565,-0.0389932,0.0156143,-0.011534,0.0275572,-0.0828693,-0.0326046,1,0,-1,-0.00914258,0.1099,-0.124785,-0.0647956,-0.133881,-0.334075,0.410964,0,0.999822,-0.0170554,0.00674692,-0.00445654,0.00898043,-0.026965,0.0059853,0,0,-0.431348,1,0,-1,-0.00914258,StepApplied,,0.45,1,5,0.785398,0,0,0,0,0,-0.43235,-0.00344865,0.198933,0.080691,0.656011,0.370034,0.48954,0.213817,nan,nan,nan,nan,nan,nan,nan,nan
3.99713,0.88916,0.129747,-0.93516,0.290761,-0.0818742,-0.0633278,-0.0387922,0.015274,-0.0122143,0.00687342,-0.0232954,-0.0416199,1,0,-1,-0.00914258,0.1099,-0.124785,-0.0647956,-0.133881,-0.334075,0.410964,0,0.999822,-0.0170554,0.00674692,-0.00445654,-0.0369746,-0.0257054,0.00782792,0,0,-0.433011,1,0,-1,-0.00914258,StepApplied,,0.450024,1,5,0.785398,0,0,0,0,0,-0.433011,-0.00635031,0.195958,0.0815974,0.657526,0.371653,0.48514,0.217726,nan,nan,nan,nan,nan,nan,nan,nan
4.01096,0.891199,0.129036,-0.934911,0.282229,-0.0879463,-0.0679436,-0.0384405,0.014935,-0.0124551,0.0395632,-0.0380087,-0.0275822,1,0,-1,-0.00914258,0.105298,-0.123259,-0.0648405,-0.0998455,-0.387332,0.392644,0,0.999782,-0.0197584,0.0049991,-0.00447321,-0.00464296,-0.0209676,0.00870865,0,0,-0.432342,1,0,-1,-0.00914258,StepApplied,,0.450024,1,5,0.785398,0,0,0,0,0,-0.432342,0.00486049,0.192437,0.0819823,0.646824,0.381786,0.489525,0.211233,nan,nan,nan,nan,nan,nan,nan,nan
4.02246,0.893211,0.128374,-0.934704,0.279724,-0.073439,-0.0638274,-0.0383611,0.014252,-0.0128316,0.00938309,-0.07554,-0.043727,1,0,-1,-0.00914258,0.10145,-0.121955,-0.0652959,-0.074076,-0.452904,0.392844,0,0.999717,-0.0230897,0.00367016,-0.00448764,-0.0314723,-0.0292824,0.00996203,0,0,-0.432446,1,0,-1,-0.00914258,StepApplied,,0.450024,1,5,0.785398,0,0,0,0,0,-0.432342,0.00486049,0.192437,0.0819823,0.646824,0.381786,0.489525,0.211233,nan,nan,nan,nan,nan,nan,nan,nan
4.033,0.895169,0.127687,-0.934505,0.272806,-0.0664205,-0.0568652,-0.0384208,0.0141473,-0.0132921,-0.00596675,-0.0112649,-0.0511137,1,0,-1,-0.00914258,0.10145,-0.121955,-0.0652959,-0.074076,-0.452904,0.392844,0,0.999717,-0.0230897,0.00367016,-0.00448764,-0.0313273,-0.0287782,0.0107766,0,0,-0.432446,1,0,-1,-0.00914258,StepApplied,,0.45,1,5,0.785398,0,0,0,0,0,-0.432446,8.17119e-05,0.195491,0.0828083,0.653293,0.377177,0.487583,0.211732,nan,nan,nan,nan,nan,nan,nan,nan
4.04538,0.897113,0.126976,-0.93431,0.268721,-0.0795476,-0.0600846,-0.038375,0.0138156,-0.013654,0.00566259,-0.0368544,-0.0408501,1,0,-1,-0.00914258,0.10145,-0.121955,-0.0652959,-0.074076,-0.452904,0.392844,0,0.999717,-0.0230897,0.00367016,-0.00448764,-0.046682,-0.0372872,0.0114914,0,0,-0.433837,1,0,-1,-0.00914258,StepApplied,,0.45,1,5,0.785398,0,0,0,0,0,-0.433837,0.000129617,0.190163,0.0834506,0.651523,0.383012,0.484598,0.216213,nan,nan,nan,nan,nan,nan,nan,nan
4.06397,0.900938,0.12564,-0.934014,0.265671,-0.0764301,-0.0670563,-0.0378938,0.0125961,-0.0143857,0.0176634,-0.0732917,-0.0473234,1,0,-1,-0.00914258,0.0977426,-0.120628,-0.0656903,-0.0513013,-0.374341,0.376112,0,0.999804,-0.019088,0.00252796,-0.0045238,-0.0156306,-0.0182829,0.0148849,0,0,-0.43191,1,0,-1,-0.00914258,StepApplied,,0.45,1,5,0.785398,0,0,0,0,0,-0.433062,-0.00246527,0.197501,0.0840225,0.658345,0.375785,0.486605,0.211514,nan,nan,nan,nan,nan,nan,nan,nan
4.07737,0.902786,0.12498,-0.933906,0.260604,-0.0617191,-0.0620509,-0.0380157,0.0121369,-0.0148901,-0.012808,-0.0501014,-0.0569534,1,0,-1,-0.00914258,0.0923528,-0.118731,-0.0660941,-0.0711691,-0.509819,0.382541,0,0.999646,-0.0259835,0.00350853,-0.00448154,-0.057524,-0.02155,0.0158248,0,0,-0.433052,1,0,-1,-0.00914258,StepApplied,,0.45,1,5,0.785398,0,0,0,0,0,-0.43191,0.00592242,0.198107,0.0851815,0.652848,0.381294,0.490653,0.202843,nan,nan,nan,nan,nan,nan,nan,nan
4.08669,0.904607,0.124298,-0.933801,0.255611,-0.0708191,-0.0614454,-0.0378605,0.0118192,-0.0153438,0.0179921,-0.0349858,-0.0513002,1,0,-1,-0.00914258,0.0923528,-0.118731,-0.0660941,-0.0711691,-0.509819,0.382541,0,0.999646,-0.0259835,0.00350853,-0.00448154,-0.0211979,-0.0236808,0.0172956,0,0,-0.432993,1,0,-1,-0.00914258,StepApplied,,0.45,1,5,0.785398,0,0,0,0,0,-0.43191,-0.0105587,0.207311,0.08583,0.672801,0.364922,0.485998,0.208485,nan,nan,nan,nan,nan,nan,nan,nan
4.10166,0.909955,0.122463,-0.933661,0.243307,-0.0603628,-0.0599678,-0.0371236,0.00974264,-0.0169165,0.0252764,-0.0445928,-0.0655874,1,0,-1,-0.00914258,0.0888975,-0.117506,-0.0662732,-0.0440108,-0.39011,0.402902,0,0.99979,-0.0198878,0.00215247,-0.00452933,-0.0344793,-0.0148191,0.0213575,0,0,-0.432034,1,0,-1,-0.00914258,StepApplied,,0.45,1,5,0.785398,0,0,0,0,0,-0.432034,-0.00609959,0.20636,0.0873839,0.669511,0.369284,0.485908,0.203432,nan,nan,nan,nan,nan,nan,nan,nan
4.11375,0.912032,0.121782,-0.933754,0.233921,-0.0744791,-0.0681171,-0.036972,0.0092455,-0.0174538,0.0173804,-0.0540481,-0.0607784,1,0,-1,-0.00914258,0.0855423,-0.11634,-0.0663387,-0.0426743,-0.47733,0.373575,0,0.999692,-0.0243248,0.00206382,-0.00452238,-0.0469664,-0.0228738,0.0226096,0,0,-0.433406,1,0,-1,-0.00914258,StepApplied,,0.45,1,5,0.785398,0,0,0,0,0,-0.433406,-0.00575559,0.198643,0.0880401,0.665838,0.377012,0.481413,0.20936,nan,nan,nan,nan,nan,nan,nan,nan
4.12325,0.913642,0.121263,-0.933631,0.236014,-0.0688404,-0.0683521,-0.0364828,0.00856431,-0.0180037,0.0553306,-0.0751388,-0.0635768,1,0,-1,-0.00914258,0.0855423,-0.11634,-0.0663387,-0.0426743,-0.47733,0.373575,0,0.999692,-0.0243248,0.00206382,-0.00452238,-0.000187061,-0.0365859,0.0238921,0,0,-0.431669,1,0,-1,-0.00914258,StepApplied,,0.45,1,5,0.785398,0,0,0,0,0,-0.431669,-0.00577708,0.187774,0.0888336,0.657225,0.38374,0.471187,0.214526,nan,nan,nan,nan,nan,nan,nan,nan
4.13316,0.915247,0.120718,-0.933507,0.231298,-0.0589776,-0.0602291,-0.0362969,0.00804887,-0.0185868,0.0210901,-0.0562899,-0.0661127,1,0,-1,-0.00914258,0.0855423,-0.11634,-0.0663387,-0.0426743,-0.47733,0.373575,0,0.999692,-0.0243248,0.00206382,-0.00452238,-0.0484883,-0.0207983,0.0267173,0,0,-0.433381,1,0,-1,-0.00914258,StepApplied,,0.45,1,5,0.785398,0,0,0,0,0,-0.431733,-0.00506704,0.191265,0.0896952,0.660116,0.382699,0.473359,0.210759,nan,nan,nan,nan,nan,nan,nan,nan
4.14181,0.91682,0.120178,-0.933415,0.225329,-0.0607435,-0.0665367,-0.0361675,0.00809299,-0.0192406,0.014843,0.00629178,-0.0717199,1,0,-1,-0.00914258,0.0855423,-0.11634,-0.0663387,-0.0426743,-0.47733,0.373575,0,0.999692,-0.0243248,0.00206382,-0.00452238,-0.0380823,-0.0276463,0.0284011,0,0,-0.432184,1,0,-1,-0.00914258,StepApplied,,0.45,1,5,0.785398,0,0,0,0,0,-0.433381,-0.0032402,0.181936,0.0904451,0.654625,0.392985,0.468955,0.216959,nan,nan,nan,nan,nan,nan,nan,nan
4.15456,0.918369,0.119691,-0.93337,0.219154,-0.0723043,-0.0737625,-0.0359283,0.00797831,-0.0198638,0.0270447,-0.0114804,-0.0689695,1,0,-1,-0.00914258,0.0775496,-0.113707,-0.0666298,0.00177944,-0.352314,0.426741,0,0.999828,-0.0179539,-0.000172839,-0.00457511,-0.000249319,-0.0351476,0.0305105,0,0,-0.430696,1,0,-1,-0.00914258,StepApplied,,0.45,1,5,0.785398,0,0,0,0,0,-0.432184,-0.00750637,0.187925,0.0913672,0.661601,0.385458,0.468053,0.213623,nan,nan,nan,nan,nan,nan,nan,nan
4.16394,0.91988,0.119193,-0.933336,0.216349,-0.0638591,-0.0713385,-0.0356633,0.00759009,-0.0205301,0.0297911,-0.041514,-0.074478,1,0,-1,-0.00914258,0.0775496,-0.113707,-0.0666298,0.00177944,-0.352314,0.426741,0,0.999828,-0.0179539,-0.000172839,-0.00457511,-0.029651,-0.0332251,0.0323835,0,0,-0.431261,1,0,-1,-0.00914258,StepApplied,,0.45,1,5,0.785398,0,0,0,0,0,-0.430696,-0.00136625,0.175013,0.0923257,0.6476,0.3984,0.460824,0.215959,nan,nan,nan,nan,nan,nan,nan,nan
4.18219,0.924251,0.117705,-0.933342,0.202986,-0.0617859,-0.071919,-0.0349991,0.00808008,-0.0226053,0.0370147,0.00567423,-0.0709064,1,0,-1,-0.00914258,0.0747159,-0.112743,-0.0666859,0.0038429,-0.499164,0.390431,0,0.999666,-0.0254239,-0.000312239,-0.00458069,-0.0484669,-0.044036,0.0364663,0,0,-0.432701,1,0,-1,-0.00914258,StepApplied,,0.45,1,5,0.785398,0,0,0,0,0,-0.432701,-0.0042987,0.180724,0.0938444,0.657234,0.395813,0.463272,0.214484,nan,nan,nan,nan,nan,nan,nan,nan
4.19339,0.925662,0.11725,-0.9334,0.20365,-0.0577257,-0.0703612,-0.0347232,0.00798997,-0.0232023,0.0311109,-0.00875365,-0.066038,1,0,-1,-0.00914258,0.0719615,-0.11182,-0.066658,0.00922281,-0.401441,0.419379,0,0.99978,-0.0204528,-0.000563718,-0.00458376,-0.0247433,-0.039419,0.0383539,0,0,-0.431117,1,0,-1,-0.00914258,StepApplied,,0.45,1,5,0.785398,0,0,0,0,0,-0.432701,-0.0042987,0.180724,0.0938444,0.657234,0.395813,0.463272,0.214484,nan,nan,nan,nan,nan,nan,nan,nan
4.203,0.927038,0.116773,-0.933462,0.19956,-0.0502283,-0.0648699,-0.0345816,0.00829314,-0.0239392,0.0162086,0.0353973,-0.0796916,1,0,-1,-0.00914258,0.0719615,-0.11182,-0.066658,0.00922281,-0.401441,0.419379,0,0.99978,-0.0204528,-0.000563718,-0.00458376,-0.0376481,-0.028471,0.0406835,0,0,-0.431444,1,0,-1,-0.00914258,StepApplied,,0.45,1,5,0.785398,0,0,0,0,0,-0.431444,-0.00938839,0.19029,0.0951598,0.667656,0.385508,0.463864,0.208749,nan,nan,nan,nan,nan,nan,nan,nan
4.21631,0.928409,0.116284,-0.933539,0.196039,-0.0549082,-0.069576,-0.0343492,0.00828539,-0.0246167,0.0265063,0.000777349,-0.0750997,1,0,-1,-0.00914258,0.0693142,-0.110934,-0.0665377,-0.0112103,-0.480374,0.392141,0,0.99969,-0.0244725,0.000459392,-0.0045614,-0.0394099,-0.033856,0.043101,0,0,-0.431562,1,0,-1,-0.00914258,StepApplied,,0.45,1,5,0.785398,0,0,0,0,0,-0.432539,-0.00618471,0.186237,0.095827,0.664285,0.392401,0.463691,0.209776,nan,nan,nan,nan,nan,nan,nan,nan
4.23361,0.931306,0.115607,-0.93369,0.186603,-0.0450046,-0.0677507,-0.0340551,0.00774219,-0.0257599,-0.0124267,-0.0282312,-0.0681945,1,0,-1,-0.00914258,0.066758,-0.110193,-0.066451,0.0148668,-0.42186,0.427788,0,0.999758,-0.0214909,-0.000856185,-0.00459073,-0.0678327,-0.0439992,0.0462408,0,0,-0.431999,1,0,-1,-0.00914258,StepApplied,,0.45,1,5,0.785398,0,0,0,0,0,-0.430769,0.00313315,0.191296,0.0969801,0.660657,0.394795,0.470935,0.196688,nan,nan,nan,nan,nan,nan,nan,nan
4.24404,0.932558,0.115299,-0.933763,0.182261,-0.0439276,-0.0717374,-0.0339597,0.00775931,-0.0264286,0.0107148,0.00348859,-0.0735602,1,0,-1,-0.00914258,0.066758,-0.110193,-0.066451,0.0148668,-0.42186,0.427788,0,0.999758,-0.0214909,-0.000856185,-0.00459073,-0.0648276,-0.0460581,0.0476338,0,0,-0.431235,1,0,-1,-0.00914258,StepApplied,,0.45,1,5,0.785398,0,0,0,0,0,-0.431999,-0.0106998,0.188005,0.0974994,0.66986,0.38909,0.459538,0.209506,nan,nan,nan,nan,nan,nan,nan,nan
4.26126,0.936188,0.114555,-0.934023,0.177158,-0.0338415,-0.0650468,-0.0335697,0.00690282,-0.0279753,-0.0041631,-0.00323725,-0.0681066,1,0,-1,-0.00914258,0.0629128,-0.109293,-0.0661594,0.028985,-0.425867,0.427437,0,0.999753,-0.0216912,-0.00157677,-0.00460654,-0.0576658,-0.0215049,0.0521702,0,0,-0.431288,1,0,-1,-0.00914258,StepApplied,,0.45,1,5,0.785398,0,0,0,0,0,-0.430794,-0.00132279,0.189452,0.098123,0.663671,0.394116,0.465363,0.200024,nan,nan,nan,nan,nan,nan,nan,nan
4.27512,0.937351,0.114302,-0.934134,0.171663,-0.0393546,-0.0651425,-0.0335,0.00665121,-0.0285315,0.00770203,-0.0267317,-0.0621089,1,0,-1,-0.00914258,0.0606212,-0.108827,-0.0659775,0.00271706,-0.540911,0.395678,0,0.99961,-0.0275466,-0.000264597,-0.0045803,-0.0864195,-0.0336282,0.0533137,0,0,-0.432519,1,0,-1,-0.00914258,StepApplied,,0.45,1,5,0.785398,0,0,0,0,0,-0.432519,-0.00869787,0.19774,0.0984164,0.676765,0.385059,0.467437,0.200814,nan,nan,nan,nan,nan,nan,nan,nan
4.29154,0.93962,0.113888,-0.934295,0.16723,-0.0369578,-0.0650002,-0.0335955,0.00564687,-0.0294836,-0.0167391,-0.0578646,-0.0559436,1,0,-1,-0.00914258,0.0584381,-0.108382,-0.0657903,0.0584107,-0.391154,0.392587,0,0.999786,-0.0199166,-0.00306855,-0.00463324,-0.0671197,-0.0324095,0.0568492,0,0,-0.432374,1,0,-1,-0.00914258,StepApplied,,0.45,1,5,0.785398,0,0,0,0,0,-0.432343,-0.00288559,0.188419,0.0987872,0.666259,0.395955,0.464412,0.202745,nan,nan,nan,nan,nan,nan,nan,nan
4.30188,0.940736,0.113692,-0.934434,0.160662,-0.0252576,-0.0640321,-0.0337467,0.00535744,-0.0300639,-0.0170422,-0.0309082,-0.0653324,1,0,-1,-0.00914258,0.0584381,-0.108382,-0.0657903,0.0584107,-0.391154,0.392587,0,0.999786,-0.0199166,-0.00306855,-0.00463324,-0.0968174,-0.0437363,0.0579798,0,0,-0.432709,1,0,-1,-0.00914258,StepApplied,,0.45,1,5,0.785398,0,0,0,0,0,-0.432374,-0.00333059,0.197507,0.099563,0.673806,0.390021,0.469777,0.195892,nan,nan,nan,nan,nan,nan,nan,nan
4.31492,0.941809,0.113479,-0.934569,0.154258,-0.0376506,-0.0618567,-0.033868,0.00486144,-0.0305898,-0.0136909,-0.053901,-0.0597606,1,0,-1,-0.00914258,0.0563003,-0.108007,-0.065566,0.0420339,-0.570012,0.392789,0,0.999566,-0.0290149,-0.00227507,-0.0046392,-0.0489295,-0.0515769,0.0597187,0,0,-0.432828,1,0,-1,-0.00914258,StepApplied,,0.45,1,5,0.785398,0,0,0,0,0,-0.432709,-0.010837,0.191011,0.100022,0.675315,0.390102,0.459753,0.205667,nan,nan,nan,nan,nan,nan,nan,nan
4.32362,0.942865,0.11329,-0.934685,0.15518,-0.0408615,-0.0633396,-0.0340651,0.00419442,-0.0310351,-0.0221949,-0.0731968,-0.051455,1,0,-1,-0.00914258,0.0563003,-0.108007,-0.065566,0.0420339,-0.570012,0.392789,0,0.999566,-0.0290149,-0.00227507,-0.0046392,-0.0382174,-0.037213,0.0614948,0,0,-0.432479,1,0,-1,-0.00914258,StepApplied,,0.45,1,5,0.785398,0,0,0,0,0,-0.432828,-0.000746733,0.191687,0.100443,0.669197,0.397299,0.467064,0.197753,nan,nan,nan,nan,nan,nan,nan,nan
4.34241,0.946057,0.113182,-0.935109,0.145266,-0.036909,-0.0656889,-0.0350202,0.00293706,-0.0325146,-0.0298287,-0.0708926,-0.0435518,1,0,-1,-0.00914258,0.0532788,-0.10747,-0.065183,-0.000867251,-0.572676,0.394355,0,0.999564,-0.0291606,-8.9331e-05,-0.00457582,-0.0837963,-0.0342845,0.0644343,0,0,-0.43327,1,0,-1,-0.00914258,StepApplied,,0.450001,1,5,0.785398,0,0,0,0,0,-0.43264,-0.00364117,0.203929,0.101021,0.68029,0.386985,0.472904,0.190381,nan,nan,nan,nan,nan,nan,nan,nan
4.35145,0.946984,0.113221,-0.93521,0.144652,-0.0203934,-0.059961,-0.0355483,0.00230065,-0.0329275,-0.0595982,-0.0698536,-0.0476771,1,0,-1,-0.00914258,0.0512455,-0.107523,-0.0648907,0.0598172,-0.421433,0.401884,0,0.999754,-0.0214571,-0.00314722,-0.0046398,-0.0837963,-0.0342845,0.0644343,0,0,-0.43327,1,0,-1,-0.00914258,StepApplied,,0.450001,1,5,0.785398,0,0,0,0,0,-0.431965,-0.00364117,0.203929,0.101021,0.68029,0.386985,0.472904,0.190381,nan,nan,nan,nan,nan,nan,nan,nan
4.36302,0.947905,0.113259,-0.935344,0.142855,-0.0186995,-0.0612879,-0.0362278,0.0020995,-0.0333812,-0.0764555,-0.0211944,-0.0505437,1,0,-1,-0.00914258,0.0512455,-0.107523,-0.0648907,0.0598172,-0.421433,0.401884,0,0.999754,-0.0214571,-0.00314722,-0.0046398,-0.0782786,-0.033094,0.0668902,0,0,-0.433273,1,0,-1,-0.00914258,StepApplied,,0.450019,1,5,0.785398,0,0,0,0,0,-0.433273,0.00214833,0.196604,0.10138,0.672008,0.39725,0.472094,0.191738,nan,nan,nan,nan,nan,nan,nan,nan
4.37509,0.948816,0.113338,-0.93551,0.136436,-0.0279475,-0.0695797,-0.0365911,0.00165719,-0.0337458,-0.0412867,-0.0483394,-0.0416431,1,0,-1,-0.00914258,0.0494906,-0.107596,-0.0646561,0.0391757,-0.545724,0.385145,0,0.999601,-0.0277815,-0.00212378,-0.00463203,-0.0754748,-0.0296968,0.0680213,0,0,-0.432999,1,0,-1,-0.00914258,StepApplied,,0.450019,1,5,0.785398,0,0,0,0,0,-0.432999,0.000614416,0.194439,0.101556,0.671464,0.397598,0.46903,0.193904,nan,nan,nan,nan,nan,nan,nan,nan
4.39475,0.950536,0.11347,-0.935854,0.13283,-0.0103991,-0.054332,-0.0373282,0.000540394,-0.0343869,-0.0503114,-0.0425588,-0.0401555,1,0,-1,-0.00914258,0.0478023,-0.107743,-0.0643138,0.0677478,-0.49294,0.408222,0,0.999668,-0.0250924,-0.00356792,-0.00466218,-0.0506966,-0.0363935,0.0696475,0,0,-0.431823,1,0,-1,-0.00914258,StepApplied,,0.45,1,5,0.785398,0,0,0,0,0,-0.431823,-0.00231231,0.197917,0.101733,0.674994,0.39207,0.468066,0.19216,nan,nan,nan,nan,nan,nan,nan,nan
4.4046,0.951393,0.113557,-0.936029,0.133624,-0.0101533,-0.061144,-0.0375894,0.000413895,-0.0347625,-0.0299609,-0.013031,-0.0416544,1,0,-1,-0.00914258,0.0478023,-0.107743,-0.0643138,0.0677478,-0.49294,0.408222,0,0.999668,-0.0250924,-0.00356792,-0.00466218,-0.0814152,-0.0214351,0.0713992,0,0,-0.432968,1,0,-1,-0.00914258,StepApplied,,0.45,1,5,0.785398,0,0,0,0,0,-0.434298,-0.00773139,0.195278,0.10174,0.679441,0.392588,0.464835,0.200327,nan,nan,nan,nan,nan,nan,nan,nan
4.4228,0.953026,0.113816,-0.936446,0.122054,-0.0141038,-0.0610986,-0.0379512,-0.000558332,-0.0352414,-0.0378342,-0.0551789,-0.029209,1,0,-1,-0.00914258,0.0453847,-0.107995,-0.0637627,0.0732087,-0.505832,0.404786,0,0.99965,-0.0257461,-0.00384913,-0.00467182,-0.0595405,-0.0400045,0.0722608,0,0,-0.432799,1,0,-1,-0.00914258,StepApplied,,0.450005,1,5,0.785398,0,0,0,0,0,-0.432968,-6.36738e-05,0.189867,0.101626,0.667793,0.399434,0.464262,0.196555,nan,nan,nan,nan,nan,nan,nan,nan
4.43668,0.953829,0.114122,-0.936641,0.120384,-0.00671849,-0.0571382,-0.0383687,-0.000837347,-0.0355863,-0.0471304,-0.0298737,-0.038754,1,0,-1,-0.00914258,0.043862,-0.108416,-0.063359,0.0804399,-0.572226,0.373737,0,0.999556,-0.0291177,-0.00423278,-0.00469639,-0.0783667,-0.0352932,0.073044,0,0,-0.433609,1,0,-1,-0.00914258,StepApplied,,0.450005,1,5,0.785398,0,0,0,0,0,-0.432799,-0.00394941,0.197199,0.101568,0.676455,0.392232,0.467542,0.194967,nan,nan,nan,nan,nan,nan,nan,nan
4.44532,0.955391,0.114726,-0.937065,0.114985,-0.0173576,-0.0643255,-0.038893,-0.0018999,-0.035963,-0.0349226,-0.0789888,-0.0195653,1,0,-1,-0.00914258,0.043862,-0.108416,-0.063359,0.0804399,-0.572226,0.373737,0,0.999556,-0.0291177,-0.00423278,-0.00469639,-0.0637683,-0.0286046,0.0742545,0,0,-0.432214,1,0,-1,-0.00914258,StepApplied,,0.45,1,5,0.785398,0,0,0,0,0,-0.432214,-0.000180795,0.190218,0.101593,0.668294,0.399273,0.464663,0.196626,nan,nan,nan,nan,nan,nan,nan,nan
4.45153,0.956312,0.115058,-0.937366,0.110394,0.00293078,-0.0569867,-0.0394462,-0.00227507,-0.0363078,-0.062997,-0.040636,-0.0390419,1,0,-1,-0.00914258,0.043862,-0.108416,-0.063359,0.0804399,-0.572226,0.373737,0,0.999556,-0.0291177,-0.00423278,-0.00469639,-0.0341948,-0.0330074,0.0751291,0,0,-0.431986,1,0,-1,-0.00914258,StepApplied,,0.45,1,5,0.785398,0,0,0,0,0,-0.432214,-0.000180795,0.190218,0.101593,0.668294,0.399273,0.464663,0.196626,nan,nan,nan,nan,nan,nan,nan,nan
4.46137,0.95704,0.115335,-0.937602,0.112888,-0.00937189,-0.0599913,-0.0397573,-0.0023791,-0.0365683,-0.0360076,-0.0108009,-0.0285031,1,0,-1,-0.00914258,0.043862,-0.108416,-0.063359,0.0804399,-0.572226,0.373737,0,0.999556,-0.0291177,-0.00423278,-0.00469639,-0.0953433,-0.0409543,0.0754344,0,0,-0.433667,1,0,-1,-0.00914258,StepApplied,,0.450025,1,5,0.785398,0,0,0,0,0,-0.433667,-0.00527126,0.189509,0.101591,0.672842,0.397625,0.462016,0.202183,nan,nan,nan,nan,nan,nan,nan,nan
4.47508,0.957769,0.115632,-0.937837,0.109455,-0.0159894,-0.063974,-0.0399678,-0.00287652,-0.0367434,-0.0246532,-0.0546401,-0.0206619,1,0,-1,-0.00914258,0.0408118,-0.109568,-0.0623979,0.0644387,-0.516518,0.388644,0,0.999638,-0.0262919,-0.00340468,-0.00466232,-0.0496291,-0.0221968,0.0766576,0,0,-0.432775,1,0,-1,-0.00914258,StepApplied,,0.450025,1,5,0.785398,0,0,0,0,0,-0.432775,-0.000591685,0.192682,0.101575,0.670869,0.397783,0.466692,0.195754,nan,nan,nan,nan,nan,nan,nan,nan
4.4858,0.958458,0.11595,-0.938113,0.107829,-0.000969649,-0.0635376,-0.0404737,-0.00328323,-0.0369035,-0.0579711,-0.045112,-0.0188168,1,0,-1,-0.00914258,0.0408118,-0.109568,-0.0623979,0.0644387,-0.516518,0.388644,0,0.999638,-0.0262919,-0.00340468,-0.00466232,-0.0750922,-0.0250636,0.0771431,0,0,-0.432205,1,0,-1,-0.00914258,StepApplied,,0.45,1,5,0.785398,0,0,0,0,0,-0.431898,0.00327205,0.191902,0.101516,0.66665,0.40013,0.468056,0.192755,nan,nan,nan,nan,nan,nan,nan,nan
4.50286,0.959796,0.11659,-0.938698,0.103078,-0.00820581,-0.0647691,-0.0414056,-0.0039652,-0.0372858,-0.0564243,-0.0416349,-0.0125826,1,0,-1,-0.00914258,0.0394651,-0.110152,-0.0618868,0.0753958,-0.586404,0.404863,0,0.999536,-0.029839,-0.00397896,-0.00469198,-0.0379168,-0.0246489,0.0783179,0,0,-0.431677,1,0,-1,-0.00914258,StepApplied,,0.45,1,5,0.785398,0,0,0,0,0,-0.432985,-0.00312537,0.19287,0.101435,0.672863,0.395928,0.465384,0.197764,nan,nan,nan,nan,nan,nan,nan,nan
4.5201,0.961728,0.117778,-0.939722,0.093381,0.00412387,-0.0589478,-0.0422817,-0.00511346,-0.0376801,-0.0173349,-0.00580696,-0.0178436,1,0,-1,-0.00914258,0.0375632,-0.111076,-0.0610041,0.0962174,-0.493154,0.42033,0,0.999661,-0.0250959,-0.00501893,-0.00469853,-0.0825512,-0.0321301,0.0788513,0,0,-0.432823,1,0,-1,-0.00914258,StepApplied,,0.45003,1,5,0.785398,0,0,0,0,0,-0.431277,-0.00575075,0.188757,0.101229,0.669899,0.395066,0.45912,0.201024,nan,nan,nan,nan,nan,nan,nan,nan
4.53189,0.962406,0.118273,-0.940139,0.0973479,0.00656263,-0.0700775,-0.0421676,-0.00542536,-0.0377922,0.0111186,-0.034428,-0.0127213,1,0,-1,-0.00914258,0.0363588,-0.111889,-0.0602782,0.110151,-0.588258,0.393116,0,0.999524,-0.0299246,-0.00575055,-0.00474525,-0.0692915,-0.0318117,0.0792046,0,0,-0.432767,1,0,-1,-0.00914258,StepApplied,,0.45003,1,5,0.785398,0,0,0,0,0,-0.432767,-0.012473,0.184159,0.101154,0.669899,0.395066,0.45912,0.201024,nan,nan,nan,nan,nan,nan,nan,nan
4.54147,0.963049,0.118843,-0.940585,0.0973648,0.0221166,-0.0695379,-0.0422296,-0.00570844,-0.0379774,-0.00850886,-0.0308636,-0.0207304,1,0,-1,-0.00914258,0.0363588,-0.111889,-0.0602782,0.110151,-0.588258,0.393116,0,0.999524,-0.0299246,-0.00575055,-0.00474525,-0.0731556,-0.0124398,0.0804165,0,0,-0.43065,1,0,-1,-0.00914258,StepApplied,,0.45,1,5,0.785398,0,0,0,0,0,-0.43065,-0.0144428,0.189732,0.101162,0.67604,0.387536,0.453103,0.205921,nan,nan,nan,nan,nan,nan,nan,nan
4.55574,0.963674,0.119395,-0.941057,0.0949265,0.0225513,-0.0676715,-0.0422811,-0.00548082,-0.0382945,-0.00739072,0.0265892,-0.0330143,1,0,-1,-0.00914258,0.035103,-0.112901,-0.0594145,0.0572803,-0.701258,0.439041,0,0.999348,-0.0356714,-0.0030821,-0.00468413,-0.115381,-0.0116733,0.0813305,0,0,-0.430959,1,0,-1,-0.00914258,StepApplied,,0.45,1,5,0.785398,0,0,0,0,0,-0.430959,-0.0208742,0.18933,0.101266,0.680717,0.383685,0.448476,0.210956,nan,nan,nan,nan,nan,nan,nan,nan
4.56536,0.964304,0.119935,-0.941531,0.0952351,0.00983873,-0.0740411,-0.0421133,-0.00555917,-0.0385285,0.0170065,-0.00778688,-0.0251068,1,0,-1,-0.00914258,0.035103,-0.112901,-0.0594145,0.0572803,-0.701258,0.439041,0,0.999348,-0.0356714,-0.0030821,-0.00468413,-0.0600817,-0.00914813,0.0822659,0,0,-0.429555,1,0,-1,-0.00914258,StepApplied,,0.45,1,5,0.785398,0,0,0,0,0,-0.431138,-0.0146639,0.183814,0.101504,0.672841,0.392394,0.448909,0.210406,nan,nan,nan,nan,nan,nan,nan,nan
4.58366,0.965492,0.121013,-0.942506,0.0841315,0.0205807,-0.0719379,-0.0421413,-0.00574778,-0.0389479,-0.0310383,0.00786318,-0.0261177,1,0,-1,-0.00914258,0.0339108,-0.113938,-0.0584694,0.0588148,-0.564315,0.461173,0,0.999572,-0.0287218,-0.003129,-0.004663,-0.0935679,-0.0356743,0.0823953,0,0,-0.429981,1,0,-1,-0.00914258,StepApplied,,0.45,1,5,0.785398,0,0,0,0,0,-0.429198,-0.00212104,0.180019,0.101983,0.659829,0.402487,0.452679,0.201798,nan,nan,nan,nan,nan,nan,nan,nan
4.60162,0.9666,0.122121,-0.943531,0.0839775,0.0192296,-0.0761675,-0.042368,-0.00566641,-0.0392196,-0.00948143,-0.00508157,-0.0068665,1,0,-1,-0.00914258,0.0322548,-0.115477,-0.0569801,0.105981,-0.671742,0.454717,0,0.999389,-0.0341614,-0.00555664,-0.00476366,-0.075185,-0.0257576,0.0839654,0,0,-0.428869,1,0,-1,-0.00914258,StepApplied,,0.45,1,5,0.785398,0,0,0,0,0,-0.430165,-0.00248083,0.179545,0.102115,0.660846,0.403666,0.452924,0.203223,nan,nan,nan,nan,nan,nan,nan,nan
4.61336,0.967269,0.122729,-0.944152,0.0816425,0.0244063,-0.0695484,-0.0428558,-0.00567802,-0.0393255,-0.0554379,-0.000933635,-0.0106902,1,0,-1,-0.00914258,0.0310948,-0.116593,-0.0558481,0.0996833,-0.641478,0.455418,0,0.999443,-0.032628,-0.00522901,-0.00474422,-0.088027,-0.0289854,0.083876,0,0,-0.430054,1,0,-1,-0.00914258,StepApplied,,0.45,1,5,0.785398,0,0,0,0,0,-0.428869,-0.00248083,0.179545,0.102115,0.660846,0.403666,0.452924,0.203223,nan,nan,nan,nan,nan,nan,nan,nan
4.62178,0.968389,0.123982,-0.945341,0.0772339,0.0167299,-0.0769033,-0.0436322,-0.00517542,-0.0396566,-0.035811,0.00754689,-0.00580181,1,0,-1,-0.00914258,0.0310948,-0.116593,-0.0558481,0.0996833,-0.641478,0.455418,0,0.999443,-0.032628,-0.00522901,-0.00474422,-0.0925869,-0.0293938,0.0844594,0,0,-0.429651,1,0,-1,-0.00914258,StepApplied,,0.45,1,5,0.785398,0,0,0,0,0,-0.429651,-0.00154477,0.18726,0.102062,0.665073,0.398305,0.458579,0.196648,nan,nan,nan,nan,nan,nan,nan,nan
4.6362,0.968918,0.124631,-0.945947,0.0734011,0.0207,-0.0751575,-0.0442335,-0.00528504,-0.0396489,-0.0684342,-0.012296,0.00175698,1,0,-1,-0.00914258,0.0300307,-0.117783,-0.0546588,0.111105,-0.565446,0.489855,0,0.999558,-0.0287654,-0.00579393,-0.00473966,-0.0516625,-0.0329169,0.0843682,0,0,-0.428259,1,0,-1,-0.00914258,StepApplied,,0.45,1,5,0.785398,0,0,0,0,0,-0.428259,0.00132534,0.185188,0.101993,0.660118,0.400339,0.457822,0.194759,nan,nan,nan,nan,nan,nan,nan,nan
4.65062,0.969432,0.125254,-0.946559,0.0694442,0.0288305,-0.0722596,-0.0449785,-0.00520517,-0.0396984,-0.0844154,0.0090773,-0.00370857,1,0,-1,-0.00914258,0.0290398,-0.118991,-0.0534413,0.142021,-0.660741,0.476928,0,0.999397,-0.0335932,-0.00739033,-0.00482188,-0.0864209,-0.0461345,0.0839559,0,0,-0.429131,1,0,-1,-0.00914258,StepApplied,,0.45,1,5,0.785398,0,0,0,0,0,-0.428551,0.00276855,0.193314,0.101851,0.664994,0.395764,0.465018,0.188429,nan,nan,nan,nan,nan,nan,nan,nan
4.66325,0.970422,0.126459,-0.947797,0.066313,0.0148133,-0.0759074,-0.0459616,-0.0057439,-0.0395958,-0.0476624,-0.0454003,0.0134399,1,0,-1,-0.00914258,0.0290398,-0.118991,-0.0534413,0.142021,-0.660741,0.476928,0,0.999397,-0.0335932,-0.00739033,-0.00482188,-0.0363005,-0.0398418,0.0842049,0,0,-0.42789,1,0,-1,-0.00914258,StepApplied,,0.45,1,5,0.785398,0,0,0,0,0,-0.429131,0.0017985,0.190741,0.10162,0.666653,0.392637,0.459637,0.194443,nan,nan,nan,nan,nan,nan,nan,nan
4.68521,0.971822,0.128274,-0.949644,0.0619913,0.019074,-0.0723716,-0.047303,-0.00681302,-0.0395595,-0.0350972,-0.0580792,0.00418637,1,0,-1,-0.00914258,0.026769,-0.12186,-0.050356,0.139771,-0.561995,0.491629,0,0.999554,-0.0285814,-0.00725368,-0.00478018,-0.105628,-0.0234492,0.0843641,0,0,-0.42903,1,0,-1,-0.00914258,StepApplied,,0.45,1,5,0.785398,0,0,0,0,0,-0.428539,-0.00602656,0.197761,0.100798,0.673293,0.385334,0.462984,0.192546,nan,nan,nan,nan,nan,nan,nan,nan
4.69516,0.972251,0.128853,-0.950234,0.0615925,0.0101669,-0.0711556,-0.0476806,-0.00751154,-0.0395285,-0.0430348,-0.0774825,0.00102096,1,0,-1,-0.00914258,0.026769,-0.12186,-0.050356,0.139771,-0.561995,0.491629,0,0.999554,-0.0285814,-0.00725368,-0.00478018,-0.0362658,-0.0360215,0.0838086,0,0,-0.428185,1,0,-1,-0.00914258,StepApplied,,0.45,1,5,0.785398,0,0,0,0,0,-0.42903,-0.00734034,0.208485,0.100665,0.673293,0.385334,0.462984,0.192546,nan,nan,nan,nan,nan,nan,nan,nan
4.70219,0.972677,0.129418,-0.95082,0.0622289,0.0316361,-0.0695121,-0.0483233,-0.00802638,-0.0395478,-0.0731635,-0.0574589,-0.00367426,1,0,-1,-0.00914258,0.026769,-0.12186,-0.050356,0.139771,-0.561995,0.491629,0,0.999554,-0.0285814,-0.00725368,-0.00478018,-0.0116089,-0.0287824,0.0842315,0,0,-0.428148,1,0,-1,-0.00914258,StepApplied,,0.45,1,5,0.785398,0,0,0,0,0,-0.428185,0.0072648,0.191896,0.100627,0.659222,0.398355,0.468054,0.18711,nan,nan,nan,nan,nan,nan,nan,nan
4.71359,0.973096,0.130058,-0.951493,0.055862,0.0320223,-0.0659434,-0.0490389,-0.0085858,-0.0395318,-0.0808278,-0.0623042,-4.52924e-05,1,0,-1,-0.00914258,0.0259566,-0.122947,-0.0491798,0.114179,-0.685661,0.485676,0,0.999554,-0.0285814,-0.00725368,-0.00478018,-0.0811248,-0.0226986,0.084321,0,0,-0.428787,1,0,-1,-0.00914258,StepApplied,,0.45,1,5,0.785398,0,0,0,0,0,-0.428787,0.00231606,0.20828,0.100621,0.674902,0.383866,0.476742,0.179638,nan,nan,nan,nan,nan,nan,nan,nan
4.72828,0.973583,0.13076,-0.952241,0.0530134,0.0151152,-0.0727083,-0.0494807,-0.009311,-0.0394435,-0.0503874,-0.0811207,0.00744236,1,0,-1,-0.00914258,0.0250959,-0.124222,-0.0477593,0.159934,-0.543942,0.504819,0,0.999572,-0.0276592,-0.00827715,-0.00480158,-0.0763524,-0.0368054,0.083775,0,0,-0.429299,1,0,-1,-0.00914258,StepApplied,,0.45,1,5,0.785398,0,0,0,0,0,-0.429299,-0.000262424,0.192453,0.100629,0.666054,0.393756,0.464235,0.193152,nan,nan,nan,nan,nan,nan,nan,nan
4.73687,0.973967,0.131354,-0.952885,0.0583586,0.0302282,-0.0640415,-0.0500108,-0.0101631,-0.0394283,-0.0602538,-0.0948096,-0.00145434,1,0,-1,-0.00914258,0.0250959,-0.124222,-0.0477593,0.159934,-0.543942,0.504819,0,0.999572,-0.0276592,-0.00827715,-0.00480158,-0.0702259,-0.0138799,0.0846893,0,0,-0.429309,1,0,-1,-0.00914258,StepApplied,,0.45,1,5,0.785398,0,0,0,0,0,-0.427548,0.0010559,0.196315,0.100618,0.666091,0.390194,0.466158,0.187749,nan,nan,nan,nan,nan,nan,nan,nan
4.74464,0.974353,0.131945,-0.953551,0.0566145,0.0322021,-0.0683215,-0.0504954,-0.0102746,-0.0396014,-0.0550953,-0.0113379,-0.0182538,1,0,-1,-0.00914258,0.0250959,-0.124222,-0.0477593,0.159934,-0.543942,0.504819,0,0.999572,-0.0276592,-0.00827715,-0.00480158,-0.0712885,-0.0140561,0.0846208,0,0,-0.42841,1,0,-1,-0.00914258,StepApplied,,0.45,1,5,0.785398,0,0,0,0,0,-0.429309,-0.00483456,0.195742,0.100674,0.671669,0.388252,0.463293,0.194025,nan,nan,nan,nan,nan,nan,nan,nan
4.7619,0.975064,0.133167,-0.954909,0.0495752,0.020738,-0.0708208,-0.0511778,-0.011474,-0.0396165,-0.0248733,-0.0852501,-0.00234916,1,0,-1,-0.00914258,0.0243644,-0.125347,-0.0464495,0.114612,-0.676422,0.493262,0,0.999379,-0.0343966,-0.00599747,-0.00478014,-0.0343258,-0.0231408,0.0846526,0,0,-0.427454,1,0,-1,-0.00914258,StepApplied,,0.45,1,5,0.785398,0,0,0,0,0,-0.426857,0.00259969,0.192698,0.100915,0.662047,0.393449,0.463707,0.188225,nan,nan,nan,nan,nan,nan,nan,nan
4.77416,0.97541,0.133722,-0.955567,0.0455207,0.029989,-0.0624792,-0.0516991,-0.0117411,-0.0396714,-0.0592189,-0.029345,-0.00618678,1,0,-1,-0.00914258,0.0233609,-0.127036,-0.0444334,0.166252,-0.671148,0.480046,0,0.999369,-0.0341141,-0.00862706,-0.0048679,-0.0636794,-0.0297231,0.0841453,0,0,-0.429068,1,0,-1,-0.00914258,StepApplied,,0.45,1,5,0.785398,0,0,0,0,0,-0.427454,-0.000341997,0.185823,0.100994,0.662047,0.393449,0.463707,0.188225,nan,nan,nan,nan,nan,nan,nan,nan
4.78431,0.975753,0.134275,-0.95624,0.0435856,0.0272713,-0.0699325,-0.0520602,-0.0120079,-0.0397364,-0.0413615,-0.0292499,-0.00734612,1,0,-1,-0.00914258,0.0233609,-0.127036,-0.0444334,0.166252,-0.671148,0.480046,0,0.999369,-0.0341141,-0.00862706,-0.0048679,-0.0513864,-0.0283736,0.0843911,0,0,-0.427481,1,0,-1,-0.00914258,StepApplied,,0.45,1,5,0.785398,0,0,0,0,0,-0.429068,-0.0079279,0.195239,0.101068,0.673652,0.386572,0.460115,0.195932,nan,nan,nan,nan,nan,nan,nan,nan
4.79408,0.976055,0.134871,-0.956929,0.0396626,0.0207747,-0.0732607,-0.0520485,-0.0125948,-0.0396676,0.000363472,-0.0652705,0.00560557,1,0,-1,-0.00914258,0.0233609,-0.127036,-0.0444334,0.166252,-0.671148,0.480046,0,0.999369,-0.0341141,-0.00862706,-0.0048679,-0.0309217,-0.0339141,0.0846101,0,0,-0.4266,1,0,-1,-0.00914258,StepApplied,,0.45,1,5,0.785398,0,0,0,0,0,-0.4266,-0.00601847,0.185041,0.101157,0.662712,0.392753,0.451703,0.199231,nan,nan,nan,nan,nan,nan,nan,nan
4.81578,0.976926,0.136509,-0.958971,0.0414674,0.0277266,-0.0694467,-0.0519101,-0.0132795,-0.0399364,0.0329588,-0.0141365,-0.013697,1,0,-1,-0.00914258,0.0221891,-0.129202,-0.0417209,0.150735,-0.681737,0.492813,0,0.999357,-0.0346551,-0.00783885,-0.00484541,-0.0673919,-0.0189526,0.0855927,0,0,-0.428482,1,0,-1,-0.00914258,StepApplied,,0.450011,1,5,0.785398,0,0,0,0,0,-0.428482,-0.0171768,0.187854,0.101507,0.674823,0.385108,0.447331,0.206666,nan,nan,nan,nan,nan,nan,nan,nan
4.82443,0.977165,0.137143,-0.959744,0.0350758,0.0173048,-0.074216,-0.0513345,-0.0136893,-0.0400957,0.0629829,-0.0446001,-0.0188241,1,0,-1,-0.00914258,0.0221891,-0.129202,-0.0417209,0.150735,-0.681737,0.492813,0,0.999357,-0.0346551,-0.00783885,-0.00484541,-0.0550458,-0.0106248,0.0863936,0,0,-0.426964,1,0,-1,-0.00914258,StepApplied,,0.45,1,5,0.785398,0,0,0,0,0,-0.426964,-0.023044,0.191463,0.101895,0.680394,0.377275,0.443829,0.206356,nan,nan,nan,nan,nan,nan,nan,nan
4.84604,0.977619,0.138393,-0.961384,0.0323145,0.024966,-0.0679759,-0.0510955,-0.0139487,-0.040504,0.0127476,-0.00685581,-0.022582,1,0,-1,-0.00914258,0.0216928,-0.130285,-0.0402558,0.177676,-0.569304,0.545654,0,0.999527,-0.0289423,-0.00918669,-0.0048386,-0.0526409,-0.0236669,0.0868457,0,0,-0.426719,1,0,-1,-0.00914258,StepApplied,,0.45,1,5,0.785398,0,0,0,0,0,-0.426769,-0.0115806,0.187511,0.102646,0.67005,0.388733,0.448196,0.200098,nan,nan,nan,nan,nan,nan,nan,nan
4.85476,0.977817,0.13898,-0.962121,0.0277896,0.0145556,-0.0699596,-0.050758,-0.0141296,-0.0405697,0.0364825,-0.0197451,-0.00679805,1,0,-1,-0.00914258,0.0212623,-0.131473,-0.0386163,0.174074,-0.637445,0.528395,0,0.999422,-0.0324019,-0.00901808,-0.00486547,-0.023012,-0.0329202,0.0872003,0,0,-0.426017,1,0,-1,-0.00914258,StepApplied,,0.45,1,5,0.785398,0,0,0,0,0,-0.426769,-0.0115806,0.187511,0.102646,0.67005,0.388733,0.448196,0.200098,nan,nan,nan,nan,nan,nan,nan,nan
4.86333,0.978041,0.139599,-0.962878,0.0309134,0.029895,-0.0705265,-0.0507095,-0.0145822,-0.0406345,0.00433888,-0.0499712,-0.0082675,1,0,-1,-0.00914258,0.0212623,-0.131473,-0.0386163,0.174074,-0.637445,0.528395,0,0.999422,-0.0324019,-0.00901808,-0.00486547,-0.0762014,-0.0190304,0.0879425,0,0,-0.426071,1,0,-1,-0.00914258,StepApplied,,0.45,1,5,0.785398,0,0,0,0,0,-0.426017,-0.00277888,0.190538,0.10322,0.665788,0.392638,0.455233,0.190409,nan,nan,nan,nan,nan,nan,nan,nan
4.87557,0.978235,0.140188,-0.96365,0.0296752,0.0352557,-0.0675295,-0.0508285,-0.0146562,-0.0407963,-0.0144475,-0.00732148,-0.0169547,1,0,-1,-0.00914258,0.0206771,-0.133178,-0.0363502,0.164179,-0.722576,0.537373,0,0.999277,-0.0367215,-0.0085327,-0.0048874,-0.0888753,-0.0193561,0.0878473,0,0,-0.426554,1,0,-1,-0.00914258,StepApplied,,0.45,1,5,0.785398,0,0,0,0,0,-0.426071,-0.0119223,0.19166,0.10334,0.673221,0.385553,0.449496,0.196015,nan,nan,nan,nan,nan,nan,nan,nan
4.89389,0.97873,0.141808,-0.965852,0.0255357,0.0283726,-0.0626533,-0.0511794,-0.0149771,-0.0407432,-0.0473386,-0.0157459,-0.00485451,1,0,-1,-0.00914258,0.0203573,-0.134227,-0.0348834,0.155511,-0.564146,0.549586,0,0.999544,-0.0286874,-0.00805641,-0.00480392,-0.02242,-0.0126746,0.0881268,0,0,-0.425537,1,0,-1,-0.00914258,StepApplied,,0.45,1,5,0.785398,0,0,0,0,0,-0.425537,0.00089833,0.189718,0.103105,0.662012,0.395222,0.45689,0.188022,nan,nan,nan,nan,nan,nan,nan,nan
4.90425,0.978877,0.14231,-0.966578,0.0232925,0.0250038,-0.0591909,-0.0514251,-0.0150475,-0.0406553,-0.0280165,-0.00834124,0.0106885,1,0,-1,-0.00914258,0.0203573,-0.134227,-0.0348834,0.155511,-0.564146,0.549586,0,0.999544,-0.0286874,-0.00805641,-0.00480392,-0.0700321,-0.0235937,0.0874117,0,0,-0.426858,1,0,-1,-0.00914258,StepApplied,,0.450012,1,5,0.785398,0,0,0,0,0,-0.426858,-0.00230303,0.19358,0.102884,0.668107,0.391329,0.458896,0.1891,nan,nan,nan,nan,nan,nan,nan,nan
4.9225,0.97918,0.143529,-0.9681,0.0221809,0.0208157,-0.064714,-0.0519987,-0.0157099,-0.0400884,-0.0523061,-0.0598255,0.0294957,1,0,-1,-0.00914258,0.0200667,-0.135194,-0.0334223,0.187266,-0.654466,0.518075,0,0.999388,-0.033261,-0.00969367,-0.00489576,-0.0482907,-0.0202762,0.085823,0,0,-0.425847,1,0,-1,-0.00914258,StepApplied,,0.45,1,5,0.785398,0,0,0,0,0,-0.425821,0.000360337,0.200021,0.102022,0.66888,0.386759,0.465157,0.182489,nan,nan,nan,nan,nan,nan,nan,nan
4.93388,0.979295,0.144086,-0.968849,0.0197102,0.0318055,-0.0579536,-0.0522054,-0.0159075,-0.0399034,-0.0237175,-0.0232073,0.0212504,1,0,-1,-0.00914258,0.0197794,-0.136353,-0.0318999,0.176935,-0.634917,0.547244,0,0.999425,-0.032273,-0.00916333,-0.00486896,-0.0482907,-0.0202762,0.085823,0,0,-0.425847,1,0,-1,-0.00914258,StepApplied,,0.45,1,5,0.785398,0,0,0,0,0,-0.425847,-0.00307609,0.19673,0.101387,0.668375,0.386046,0.461062,0.187905,nan,nan,nan,nan,nan,nan,nan,nan
4.94248,0.979418,0.144598,-0.969559,0.0226017,0.0197334,-0.0534681,-0.0525066,-0.0162779,-0.0396217,-0.033907,-0.0428801,0.0308429,1,0,-1,-0.00914258,0.0197794,-0.136353,-0.0318999,0.176935,-0.634917,0.547244,0,0.999425,-0.032273,-0.00916333,-0.00486896,-0.0392828,-0.00936595,0.0847126,0,0,-0.427545,1,0,-1,-0.00914258,StepApplied,,0.450018,1,5,0.785398,0,0,0,0,0,-0.427189,-0.00536014,0.2065,0.100768,0.677622,0.378246,0.468311,0.184577,nan,nan,nan,nan,nan,nan,nan,nan
4.95098,0.979743,0.14575,-0.971027,0.0233077,0.0290654,-0.0531825,-0.0529763,-0.0170377,-0.0392043,-0.0390597,-0.0380991,0.0138635,1,0,-1,-0.00914258,0.0193789,-0.137963,-0.029671,0.15258,-0.67219,0.52153,0,0.999373,-0.0341712,-0.00793087,-0.00484467,-0.0591912,-0.00440892,0.0841509,0,0,-0.42712,1,0,-1,-0.00914258,StepApplied,,0.450018,1,5,0.785398,0,0,0,0,0,-0.427189,-0.00536014,0.2065,0.100768,0.677622,0.378246,0.468311,0.184577,nan,nan,nan,nan,nan,nan,nan,nan
4.96276,0.97984,0.146242,-0.971716,0.0142711,0.0132158,-0.04965,-0.0533988,-0.0173978,-0.0389815,-0.0471677,-0.0411961,0.0240809,1,0,-1,-0.00914258,0.0193789,-0.137963,-0.029671,0.15258,-0.67219,0.52153,0,0.999373,-0.0341712,-0.00793087,-0.00484467,-0.0677491,-0.00183421,0.0835104,0,0,-0.427498,1,0,-1,-0.00914258,StepApplied,,0.45,1,5,0.785398,0,0,0,0,0,-0.42712,-0.00606366,0.205736,0.0999508,0.676692,0.377402,0.468022,0.186363,nan,nan,nan,nan,nan,nan,nan,nan
4.97469,0.979922,0.146726,-0.972344,0.0146573,0.00631059,-0.0519493,-0.0538187,-0.0179478,-0.0386113,-0.0470296,-0.063756,0.0396161,1,0,-1,-0.00914258,0.0191517,-0.13893,-0.0282842,0.216037,-0.574158,0.503836,0,0.9995,-0.0291769,-0.0111418,-0.00489759,-0.0151694,-0.025153,0.0816421,0,0,-0.427715,1,0,-1,-0.00914258,StepApplied,,0.45,1,5,0.785398,0,0,0,0,0,-0.427715,0.00875688,0.204707,0.0996324,0.665761,0.388887,0.478687,0.177525,nan,nan,nan,nan,nan,nan,nan,nan
4.98366,0.980029,0.147242,-0.972987,0.0193823,0.0279395,-0.0531442,-0.0543759,-0.0186498,-0.0382855,-0.062116,-0.0800713,0.0334893,1,0,-1,-0.00914258,0.0191517,-0.13893,-0.0282842,0.216037,-0.574158,0.503836,0,0.9995,-0.0291769,-0.0111418,-0.00489759,0.000782108,-0.0157847,0.0811014,0,0,-0.42706,1,0,-1,-0.00914258,StepApplied,,0.45,1,5,0.785398,0,0,0,0,0,-0.42706,0.0130685,0.197074,0.0993446,0.656373,0.39639,0.475975,0.179503,nan,nan,nan,nan,nan,nan,nan,nan
5.00371,0.980207,0.148198,-0.974277,0.0146233,0.0113091,-0.0479551,-0.0552624,-0.0191464,-0.0376755,-0.0281266,-0.0207469,0.0396007,1,0,-1,-0.00914258,0.0189725,-0.13988,-0.027013,0.157796,-0.719996,0.523717,0,0.999285,-0.0365926,-0.00820698,-0.00487438,-0.0109044,-0.00690772,0.0793154,0,0,-0.427463,1,0,-1,-0.00914258,StepApplied,,0.45,1,5,0.785398,0,0,0,0,0,-0.42809,-0.00506624,0.192415,0.098368,0.665955,0.386915,0.461863,0.197626,nan,nan,nan,nan,nan,nan,nan,nan
5.01671,0.98029,0.148654,-0.974886,0.0201467,0.0122505,-0.055305,-0.0555614,-0.0196647,-0.0372302,-0.0328201,-0.0601287,0.0474478,1,0,-1,-0.00914258,0.0188036,-0.140788,-0.0257229,0.184467,-0.57887,0.508968,0,0.99951,-0.029426,-0.00953476,-0.00485332,-0.0184553,0.012079,0.0789654,0,0,-0.426007,1,0,-1,-0.00914258,StepApplied,,0.45,1,5,0.785398,0,0,0,0,0,-0.427463,0.00215775,0.196095,0.0978627,0.662318,0.388288,0.469451,0.189795,nan,nan,nan,nan,nan,nan,nan,nan
5.02561,0.980344,0.149197,-0.975531,0.0177599,0.0241358,-0.0502699,-0.0561385,-0.0198422,-0.0368739,-0.0644418,-0.0221199,0.0400705,1,0,-1,-0.00914258,0.0188036,-0.140788,-0.0257229,0.184467,-0.57887,0.508968,0,0.99951,-0.029426,-0.00953476,-0.00485332,-0.056699,0.00443358,0.0772747,0,0,-0.427087,1,0,-1,-0.00914258,StepApplied,,0.450003,1,5,0.785398,0,0,0,0,0,-0.426007,0.00502127,0.19396,0.0972606,0.656726,0.389764,0.469115,0.188424,nan,nan,nan,nan,nan,nan,nan,nan
5.03409,0.980437,0.150236,-0.976769,0.0105071,0.010471,-0.0516866,-0.0571712,-0.0201029,-0.0360016,-0.0432984,-0.0435067,0.0563898,1,0,-1,-0.00914258,0.0188036,-0.140788,-0.0257229,0.184467,-0.57887,0.508968,0,0.99951,-0.029426,-0.00953476,-0.00485332,-0.00910056,-0.012201,0.074115,0,0,-0.426296,1,0,-1,-0.00914258,StepApplied,,0.450003,1,5,0.785398,0,0,0,0,0,-0.426007,0.00502127,0.19396,0.0972606,0.656726,0.389764,0.469115,0.188424,nan,nan,nan,nan,nan,nan,nan,nan
5.04962,0.980485,0.15075,-0.977394,0.00852642,0.0118269,-0.0509429,-0.0576014,-0.0203812,-0.0354664,-0.0475031,-0.0344828,0.0594381,1,0,-1,-0.00914258,0.0185395,-0.143213,-0.0226057,0.212533,-0.617538,0.53569,0,0.999435,-0.0313803,-0.0109729,-0.00491721,-0.0174112,-0.0148243,0.0727741,0,0,-0.426361,1,0,-1,-0.00914258,StepApplied,,0.45,1,5,0.785398,0,0,0,0,0,-0.426296,0.00250869,0.194294,0.0956642,0.658352,0.385298,0.470416,0.191117,nan,nan,nan,nan,nan,nan,nan,nan
5.05767,0.980501,0.151207,-0.978018,0.00611243,0.0211592,-0.0426336,-0.0581846,-0.0203809,-0.0350415,-0.0644258,-0.00282294,0.0486539,1,0,-1,-0.00914258,0.0185395,-0.143213,-0.0226057,0.212533,-0.617538,0.53569,0,0.999435,-0.0313803,-0.0109729,-0.00491721,-0.0156414,-0.0138135,0.0720528,0,0,-0.426361,1,0,-1,-0.00914258,StepApplied,,0.45,1,5,0.785398,0,0,0,0,0,-0.426296,0.00268448,0.184228,0.0952843,0.649809,0.393306,0.462847,0.19922,nan,nan,nan,nan,nan,nan,nan,nan
5.08306,0.980632,0.152546,-0.979767,0.0146329,0.0189128,-0.0395879,-0.0590836,-0.0209855,-0.0336634,-0.0477152,-0.0187103,0.0452087,1,0,-1,-0.00914258,0.0183994,-0.144919,-0.0202333,0.149482,-0.69069,0.501371,0,0.999341,-0.0351094,-0.00777699,-0.00484689,-0.0426516,0.0143827,0.0687901,0,0,-0.428101,1,0,-1,-0.00914258,StepApplied,,0.45,1,5,0.785398,0,0,0,0,0,-0.427197,-0.00122277,0.200363,0.0935352,0.663135,0.378286,0.474138,0.193231,nan,nan,nan,nan,nan,nan,nan,nan
5.0942,0.980666,0.152958,-0.980335,0.00800701,0.0188713,-0.0417657,-0.0592917,-0.0211174,-0.0333204,-0.0230638,-0.0170516,0.0387933,1,0,-1,-0.00914258,0.0183994,-0.144919,-0.0202333,0.149482,-0.69069,0.501371,0,0.999341,-0.0351094,-0.00777699,-0.00484689,-0.0387262,-0.00444697,0.0666397,0,0,-0.427605,1,0,-1,-0.00914258,StepApplied,,0.45,1,5,0.785398,0,0,0,0,0,-0.428101,-0.00579941,0.201261,0.093117,0.667491,0.374901,0.472856,0.197154,nan,nan,nan,nan,nan,nan,nan,nan
5.10798,0.980676,0.153397,-0.980897,0.00327831,0.00740199,-0.0424279,-0.059355,-0.0215467,-0.0328356,-0.00653275,-0.0507973,0.0522722,1,0,-1,-0.00914258,0.0183582,-0.145727,-0.0191025,0.230086,-0.599105,0.517999,0,0.999454,-0.0304385,-0.0118626,-0.00493368,-0.00155992,-0.0146127,0.0652539,0,0,-0.427142,1,0,-1,-0.00914258,StepApplied,,0.45,1,5,0.785398,0,0,0,0,0,-0.427605,-0.0050728,0.196006,0.0927823,0.662431,0.3783,0.469495,0.200193,nan,nan,nan,nan,nan,nan,nan,nan
5.1175,0.980693,0.153803,-0.981423,0.00903916,0.00602314,-0.0407399,-0.0595712,-0.0221984,-0.0323445,-0.0236485,-0.0761976,0.051977,1,0,-1,-0.00914258,0.0183582,-0.145727,-0.0191025,0.230086,-0.599105,0.517999,0,0.999454,-0.0304385,-0.0118626,-0.00493368,-0.00336231,0.00824905,0.0649995,0,0,-0.427295,1,0,-1,-0.00914258,StepApplied,,0.45,1,5,0.785398,0,0,0,0,0,-0.427142,-0.00193494,0.204491,0.0924025,0.66537,0.373676,0.477628,0.191894,nan,nan,nan,nan,nan,nan,nan,nan
5.1308,0.980718,0.154686,-0.982532,0.00480712,0.016149,-0.0401471,-0.0600515,-0.0225476,-0.0316057,-0.00946804,-0.0205272,0.0391222,1,0,-1,-0.00914258,0.0183179,-0.146952,-0.0174684,0.202759,-0.684456,0.516544,0,0.999328,-0.0347766,-0.0104892,-0.00493829,-0.0343025,-0.0011668,0.0629705,0,0,-0.42839,1,0,-1,-0.00914258,StepApplied,,0.450007,1,5,0.785398,0,0,0,0,0,-0.427295,-0.000403407,0.195433,0.0920999,0.657733,0.381015,0.472765,0.197669,nan,nan,nan,nan,nan,nan,nan,nan
5.14275,0.980692,0.155575,-0.983599,0.00724598,0.00794041,-0.0392503,-0.0606256,-0.023278,-0.0306934,-0.0435526,-0.0256715,0.0437567,1,0,-1,-0.00914258,0.018343,-0.147797,-0.0164011,0.173348,-0.637018,0.518028,0,0.999423,-0.0323804,-0.008981,-0.00486408,0.00864426,-0.00352915,0.0602838,0,0,-0.427268,1,0,-1,-0.00914258,StepApplied,,0.45,1,5,0.785398,0,0,0,0,0,-0.427425,-0.000300304,0.196082,0.0915303,0.657679,0.380189,0.473995,0.197837,nan,nan,nan,nan,nan,nan,nan,nan
5.15363,0.980688,0.15597,-0.984146,0.00691827,0.0167855,-0.0343578,-0.0609707,-0.0231546,-0.030322,-0.0384042,0.0110752,0.0440564,1,0,-1,-0.00914258,0.018343,-0.147797,-0.0164011,0.173348,-0.637018,0.518028,0,0.999423,-0.0323804,-0.008981,-0.00486408,-0.0132212,0.014105,0.0600318,0,0,-0.427194,1,0,-1,-0.00914258,StepApplied,,0.45,1,5,0.785398,0,0,0,0,0,-0.427194,0.00217857,0.19698,0.0912289,0.656029,0.380774,0.476453,0.195519,nan,nan,nan,nan,nan,nan,nan,nan
5.16774,0.980674,0.156333,-0.984688,0.00350251,0.00814856,-0.0347221,-0.0611076,-0.0229546,-0.0298457,-0.0147369,0.0188053,0.0559729,1,0,-1,-0.00914258,0.0183601,-0.148517,-0.0153123,0.202646,-0.636734,0.505013,0,0.999409,-0.0323569,-0.0104733,-0.00491198,-0.0113429,0.00294411,0.0575525,0,0,-0.427816,1,0,-1,-0.00914258,StepApplied,,0.450003,1,5,0.785398,0,0,0,0,0,-0.428186,-0.00194283,0.191274,0.0908424,0.655514,0.382501,0.470884,0.203846,nan,nan,nan,nan,nan,nan,nan,nan
5.17515,0.980653,0.15671,-0.985205,0.000470197,-0.00664398,-0.0360331,-0.0612831,-0.0232102,-0.0293351,-0.0189207,-0.0320663,0.0566382,1,0,-1,-0.00914258,0.0183601,-0.148517,-0.0153123,0.202646,-0.636734,0.505013,0,0.999409,-0.0323569,-0.0104733,-0.00491198,0.0317901,-0.0037612,0.0560248,0,0,-0.427215,1,0,-1,-0.00914258,StepApplied,,0.450003,1,5,0.785398,0,0,0,0,0,-0.427816,-0.00182023,0.189029,0.0904561,0.653083,0.383419,0.4694,0.205362,nan,nan,nan,nan,nan,nan,nan,nan
5.19511,0.980631,0.157354,-0.986284,0.00148115,0.000128231,-0.0330363,-0.061826,-0.0229141,-0.0285477,-0.0032476,0.0373231,0.0471872,1,0,-1,-0.00914258,0.0183912,-0.149204,-0.0142908,0.19677,-0.633809,0.515094,0,0.999417,-0.0322109,-0.0101735,-0.00490081,0.000381452,0.00137891,0.0536768,0,0,-0.427715,1,0,-1,-0.00914258,StepApplied,,0.45,1,5,0.785398,0,0,0,0,0,-0.427215,0.0105859,0.196709,0.0900246,0.64871,0.385728,0.483431,0.190992,nan,nan,nan,nan,nan,nan,nan,nan
5.21227,0.980592,0.157995,-0.987335,-0.000126336,0.00196692,-0.0404294,-0.0616612,-0.0228522,-0.0276031,0.000120355,-0.0108038,0.047768,1,0,-1,-0.00914258,0.0184379,-0.150095,-0.0126646,0.206241,-0.649748,0.540433,0,0.999386,-0.0330157,-0.0106591,-0.0049251,0.0178577,-0.00729705,0.0514584,0,0,-0.425723,1,0,-1,-0.00914258,StepApplied,,0.45,1,5,0.785398,0,0,0,0,0,-0.427715,-0.01122,0.191741,0.0893462,0.660437,0.373643,0.465678,0.2111,nan,nan,nan,nan,nan,nan,nan,nan
5.21764,0.980533,0.158316,-0.98786,-0.000423149,0.0147356,-0.035348,-0.061621,-0.0225969,-0.0273198,0.00460011,0.0262623,0.0346722,1,0,-1,-0.00914258,0.0184379,-0.150095,-0.0126646,0.206241,-0.649748,0.540433,0,0.999386,-0.0330157,-0.0106591,-0.0049251,-0.0156995,-0.000867991,0.0509525,0,0,-0.426227,1,0,-1,-0.00914258,StepApplied,,0.45,1,5,0.785398,0,0,0,0,0,-0.427715,-0.00269071,0.185925,0.0890682,0.648024,0.381516,0.465886,0.207465,nan,nan,nan,nan,nan,nan,nan,nan
5.23077,0.980461,0.158874,-0.98883,0.00106142,-0.00789545,-0.036147,-0.0612139,-0.0218486,-0.0265245,0.0336854,0.0165811,0.0479939,1,0,-1,-0.00914258,0.0184379,-0.150095,-0.0126646,0.206241,-0.649748,0.540433,0,0.999386,-0.0330157,-0.0106591,-0.0049251,0.00237211,-0.00482555,0.0485413,0,0,-0.427595,1,0,-1,-0.00914258,StepApplied,,0.450003,1,5,0.785398,0,0,0,0,0,-0.427595,-0.00540333,0.18924,0.0886243,0.653715,0.378683,0.468626,0.209357,nan,nan,nan,nan,nan,nan,nan,nan
5.24572,0.980435,0.159171,-0.989335,0.00535263,0.00463531,-0.0410101,-0.0610119,-0.0216952,-0.0261274,0.0229615,0.0142135,0.0469828,1,0,-1,-0.00914258,0.0185863,-0.151212,-0.0106652,0.158187,-0.680908,0.552469,0,0.999355,-0.0346115,-0.00821837,-0.00485817,-0.0312404,0.0141483,0.0475805,0,0,-0.425726,1,0,-1,-0.00914258,StepApplied,,0.45,1,5,0.785398,0,0,0,0,0,-0.426462,-0.00046629,0.187742,0.0884457,0.647852,0.381921,0.470104,0.205969,nan,nan,nan,nan,nan,nan,nan,nan
5.25536,0.980379,0.159429,-0.989862,-0.0007076,0.00415798,-0.0336846,-0.061061,-0.0212844,-0.025766,-0.00519578,0.0430121,0.0444759,1,0,-1,-0.00914258,0.0185863,-0.151212,-0.0106652,0.158187,-0.680908,0.552469,0,0.999355,-0.0346115,-0.00821837,-0.00485817,-0.0273191,-0.00560742,0.045297,0,0,-0.426969,1,0,-1,-0.00914258,StepApplied,,0.45,1,5,0.785398,0,0,0,0,0,-0.425726,-0.00432639,0.197531,0.0881253,0.656449,0.371213,0.473879,0.201364,nan,nan,nan,nan,nan,nan,nan,nan
5.2626,0.980303,0.159641,-0.990341,-0.00597293,-0.00754212,-0.0303806,-0.0611161,-0.020957,-0.0252898,-0.00558988,0.0329585,0.0566293,1,0,-1,-0.00914258,0.0185863,-0.151212,-0.0106652,0.158187,-0.680908,0.552469,0,0.999355,-0.0346115,-0.00821837,-0.00485817,0.00907425,-0.0207223,0.0435257,0,0,-0.42726,1,0,-1,-0.00914258,StepApplied,,0.45001,1,5,0.785398,0,0,0,0,0,-0.426969,-0.00227166,0.185583,0.087741,0.647406,0.381974,0.468513,0.209985,nan,nan,nan,nan,nan,nan,nan,nan
5.27704,0.980242,0.159882,-0.990803,-0.0028837,-0.0121537,-0.0398172,-0.0610928,-0.0208669,-0.0247507,0.00328568,0.00615456,0.0619693,1,0,-1,-0.00914258,0.0187121,-0.151659,-0.00965941,0.244242,-0.584585,0.515153,0,0.999468,-0.0296971,-0.0125806,-0.00494599,0.0176253,-0.0100655,0.0427199,0,0,-0.425338,1,0,-1,-0.00914258,StepApplied,,0.45001,1,5,0.785398,0,0,0,0,0,-0.42726,0.00126162,0.183113,0.0873294,0.64304,0.386098,0.469967,0.209934,nan,nan,nan,nan,nan,nan,nan,nan
5.28946,0.98007,0.160502,-0.992204,-0.00480404,-0.0100265,-0.0279062,-0.061494,-0.0201599,-0.0230744,-0.00463634,0.0149074,0.0715506,1,0,-1,-0.00914258,0.0187121,-0.151659,-0.00965941,0.244242,-0.584585,0.515153,0,0.999468,-0.0296971,-0.0125806,-0.00494599,-0.0338343,-0.0153025,0.0383845,0,0,-0.427502,1,0,-1,-0.00914258,StepApplied,,0.45,1,5,0.785398,0,0,0,0,0,-0.426063,-0.0023329,0.186727,0.0862129,0.645824,0.378687,0.4699,0.209841,nan,nan,nan,nan,nan,nan,nan,nan
5.30339,0.98001,0.160681,-0.992665,-3.42761e-06,-0.00831036,-0.0300947,-0.0613055,-0.0202651,-0.0224409,0.0219303,-0.0162008,0.0709596,1,0,-1,-0.00914258,0.0189907,-0.152647,-0.00733525,0.182809,-0.609996,0.525246,0,0.999463,-0.0310064,-0.009457,-0.00486622,0.00902789,-0.014813,0.0366666,0,0,-0.427268,1,0,-1,-0.00914258,StepApplied,,0.45,1,5,0.785398,0,0,0,0,0,-0.427502,-0.00890735,0.196019,0.085595,0.657865,0.368288,0.473874,0.209979,nan,nan,nan,nan,nan,nan,nan,nan
5.31277,0.979959,0.160812,-0.993089,-0.00122025,0.00134883,-0.0243251,-0.0612239,-0.0200133,-0.0218508,0.00994948,0.0237941,0.0685407,1,0,-1,-0.00914258,0.0189907,-0.152647,-0.00733525,0.182809,-0.609996,0.525246,0,0.999463,-0.0310064,-0.009457,-0.00486622,-0.00186139,8.48137e-05,0.0356475,0,0,-0.426795,1,0,-1,-0.00914258,StepApplied,,0.45,1,5,0.785398,0,0,0,0,0,-0.427268,0.00122619,0.189107,0.0848659,0.644849,0.379379,0.476649,0.208194,nan,nan,nan,nan,nan,nan,nan,nan
5.32666,0.979891,0.160958,-0.993449,-0.0064493,-0.00595266,-0.0287557,-0.0611383,-0.0196645,-0.0213409,0.0101599,0.0349474,0.0599146,1,0,-1,-0.00914258,0.0191033,-0.15291,-0.00655091,0.233729,-0.628414,0.523749,0,0.999405,-0.0319247,-0.0120545,-0.00495765,-0.0338761,-0.0066383,0.0339227,0,0,-0.427994,1,0,-1,-0.00914258,StepApplied,,0.45001,1,5,0.785398,0,0,0,0,0,-0.427994,-0.0157297,0.200237,0.0841695,0.664739,0.359549,0.473947,0.213741,nan,nan,nan,nan,nan,nan,nan,nan
5.33658,0.979801,0.161118,-0.993799,-0.00823256,-0.0167129,-0.0318054,-0.0608472,-0.0199368,-0.0207231,0.0335055,-0.0348079,0.0684363,1,0,-1,-0.00914258,0.0191033,-0.15291,-0.00655091,0.233729,-0.628414,0.523749,0,0.999405,-0.0319247,-0.0120545,-0.00495765,0.0202133,-0.0222867,0.0306699,0,0,-0.42613,1,0,-1,-0.00914258,StepApplied,,0.45001,1,5,0.785398,0,0,0,0,0,-0.426961,-0.00756645,0.196857,0.0836372,0.655011,0.366146,0.47683,0.209856,nan,nan,nan,nan,nan,nan,nan,nan
5.35044,0.979716,0.161226,-0.994101,-0.00260729,-0.0189875,-0.0279042,-0.0606222,-0.0203535,-0.0200694,0.0261062,-0.05091,0.0710645,1,0,-1,-0.00914258,0.0192699,-0.153165,-0.00589859,0.193009,-0.554405,0.523811,0,0.999541,-0.0281812,-0.0099646,-0.00485333,0.018667,-0.00319693,0.0300536,0,0,-0.426726,1,0,-1,-0.00914258,StepApplied,,0.45,1,5,0.785398,0,0,0,0,0,-0.42613,0.00187816,0.191566,0.0830776,0.643202,0.375175,0.479498,0.206645,nan,nan,nan,nan,nan,nan,nan,nan
5.35802,0.979646,0.161307,-0.994395,-0.00632032,-0.00756561,-0.0234002,-0.0606361,-0.0203006,-0.0195526,-0.000792843,0.00224053,0.0589811,1,0,-1,-0.00914258,0.0192699,-0.153165,-0.00589859,0.193009,-0.554405,0.523811,0,0.999541,-0.0281812,-0.0099646,-0.00485333,-0.0233851,-0.0143822,0.0278648,0,0,-0.427776,1,0,-1,-0.00914258,StepApplied,,0.45,1,5,0.785398,0,0,0,0,0,-0.426726,-0.00120007,0.199829,0.0826199,0.65136,0.367294,0.484215,0.204036,nan,nan,nan,nan,nan,nan,nan,nan
5.37259,0.979555,0.161387,-0.994711,-0.00880442,-0.00878461,-0.0256569,-0.0605913,-0.0202907,-0.0190485,0.00574133,-0.00245535,0.0572267,1,0,-1,-0.00914258,0.019423,-0.153318,-0.00528854,0.23738,-0.6431,0.517978,0,0.999379,-0.0326688,-0.0122437,-0.0049729,-0.0192589,-0.0196127,0.0261041,0,0,-0.427272,1,0,-1,-0.00914258,StepApplied,,0.45,1,5,0.785398,0,0,0,0,0,-0.427776,-0.00108796,0.194851,0.0823162,0.648507,0.371639,0.482128,0.20883,nan,nan,nan,nan,nan,nan,nan,nan
5.38529,0.979264,0.161544,-0.995523,-0.00169605,-0.00978468,-0.0176609,-0.0607516,-0.0206686,-0.0172899,-0.0282199,0.039171,0.0640752,1,0,-1,-0.00914258,0.0196994,-0.153467,-0.00447667,0.185609,-0.663373,0.490318,0,0.999373,-0.0337137,-0.00961132,-0.00489746,0.0219328,0.0108999,0.0232882,0,0,-0.427513,1,0,-1,-0.00914258,StepApplied,,0.450003,1,5,0.785398,0,0,0,0,0,-0.426783,0.00963704,0.19494,0.0813879,0.639065,0.377238,0.48971,0.201117,nan,nan,nan,nan,nan,nan,nan,nan
5.39517,0.979155,0.161565,-0.995789,-0.00514207,-0.0107237,-0.0200933,-0.0610195,-0.0204335,-0.0167227,-0.0288614,0.0221578,0.065608,1,0,-1,-0.00914258,0.0196994,-0.153467,-0.00447667,0.185609,-0.663373,0.490318,0,0.999373,-0.0337137,-0.00961132,-0.00489746,-0.0247383,0.00155738,0.0213365,0,0,-0.428555,1,0,-1,-0.00914258,StepApplied,,0.450003,1,5,0.785398,0,0,0,0,0,-0.427513,0.0121477,0.193681,0.0809558,0.636697,0.380202,0.491757,0.201395,nan,nan,nan,nan,nan,nan,nan,nan
5.41401,0.97887,0.161599,-0.996245,-0.00789663,-0.0142761,-0.015307,-0.0614328,-0.0208828,-0.0153256,-0.0448699,-0.0226839,0.0769593,1,0,-1,-0.00914258,0.0199317,-0.153516,-0.0039686,0.251288,-0.542216,0.496078,0,0.999525,-0.0275431,-0.0129301,-0.00492814,0.0264354,-0.0223143,0.0164249,0,0,-0.428029,1,0,-1,-0.00914258,StepApplied,,0.45,1,5,0.785398,0,0,0,0,0,-0.428029,0.0131964,0.186899,0.0797023,0.630423,0.385002,0.489474,0.207216,nan,nan,nan,nan,nan,nan,nan,nan
5.42979,0.978708,0.161596,-0.996293,-0.0087643,-0.0155157,-0.0109701,-0.0619483,-0.0206858,-0.0146758,-0.0564688,0.0174089,0.0748154,1,0,-1,-0.00914258,0.0202274,-0.153516,-0.00370735,0.229579,-0.628976,0.467612,0,0.999407,-0.0319543,-0.0118432,-0.00495129,-0.00695181,-0.0133002,0.0137626,0,0,-0.42954,1,0,-1,-0.00914258,StepApplied,,0.45,1,5,0.785398,0,0,0,0,0,-0.428029,0.00918038,0.195262,0.0790805,0.638554,0.375627,0.493166,0.204768,nan,nan,nan,nan,nan,nan,nan,nan
5.43895,0.978572,0.161557,-0.996323,-0.0116744,-0.0291859,-0.0142209,-0.0623251,-0.0206223,-0.0140058,-0.0407489,0.00224088,0.0758357,1,0,-1,-0.00914258,0.0202274,-0.153516,-0.00370735,0.229579,-0.628976,0.467612,0,0.999407,-0.0319543,-0.0118432,-0.00495129,0.0350183,-0.0205801,0.0117376,0,0,-0.428694,1,0,-1,-0.00914258,StepApplied,,0.45,1,5,0.785398,0,0,0,0,0,-0.42954,0.00760814,0.195436,0.0783835,0.640604,0.375207,0.494384,0.207966,nan,nan,nan,nan,nan,nan,nan,nan
5.45043,0.978416,0.161512,-0.996352,-0.0129533,-0.0353107,-0.0152958,-0.062331,-0.0210204,-0.0132007,0.00090315,-0.0500125,0.087609,1,0,-1,-0.00914258,0.0205045,-0.153436,-0.00364751,0.251344,-0.502675,0.485474,0,0.999578,-0.025535,-0.0129248,-0.00490177,0.0467149,-0.0221662,0.0100668,0,0,-0.428425,1,0,-1,-0.00914258,StepApplied,,0.45,1,5,0.785398,0,0,0,0,0,-0.428694,0.00334224,0.194798,0.0776936,0.641634,0.371105,0.490762,0.211276,nan,nan,nan,nan,nan,nan,nan,nan
5.46432,0.978072,0.161412,-0.996392,-0.013874,-0.0134259,-0.00312969,-0.0625774,-0.0212819,-0.0119581,-0.000745501,0.00802231,0.0628987,1,0,-1,-0.00914258,0.0208312,-0.153341,-0.00360805,0.244093,-0.675962,0.437873,0,0.999319,-0.0343329,-0.0125925,-0.00500549,-0.0243344,-0.0164772,0.00611496,0,0,-0.431088,1,0,-1,-0.00914258,StepApplied,,0.450029,1,5,0.785398,0,0,0,0,0,-0.430034,-0.00510878,0.19319,0.0765109,0.64663,0.366424,0.48617,0.220912,nan,nan,nan,nan,nan,nan,nan,nan
5.47386,0.977743,0.161206,-0.996399,-0.0160984,-0.0374833,-0.0109411,-0.0624311,-0.0217908,-0.0107404,0.0264575,-0.0484591,0.0658227,1,0,-1,-0.00914258,0.0208312,-0.153341,-0.00360805,0.244093,-0.675962,0.437873,0,0.999319,-0.0343329,-0.0125925,-0.00500549,0.020217,-0.0137772,0.0039018,0,0,-0.430424,1,0,-1,-0.00914258,StepApplied,,0.450029,1,5,0.785398,0,0,0,0,0,-0.431088,-0.00493284,0.206251,0.0759851,0.656269,0.357841,0.497104,0.213137,nan,nan,nan,nan,nan,nan,nan,nan
5.48371,0.977561,0.16111,-0.996398,-0.0154513,-0.0294176,-0.0040041,-0.0624577,-0.0223847,-0.0102112,-0.00189689,-0.0698315,0.0554091,1,0,-1,-0.00914258,0.0208312,-0.153341,-0.00360805,0.244093,-0.675962,0.437873,0,0.999319,-0.0343329,-0.0125925,-0.00500549,0.0470444,-0.0160763,0.00235805,0,0,-0.4292,1,0,-1,-0.00914258,StepApplied,,0.45,1,5,0.785398,0,0,0,0,0,-0.430424,0.00271009,0.199549,0.0756629,0.64514,0.366998,0.497431,0.212127,nan,nan,nan,nan,nan,nan,nan,nan
5.493,0.977366,0.160974,-0.996355,-0.0165468,-0.0195851,0.00238816,-0.0626394,-0.0224358,-0.0097391,-0.019284,-0.00911862,0.052798,1,0,-1,-0.00914258,0.0213173,-0.153054,-0.00360233,0.244511,-0.58059,0.441383,0,0.999473,-0.0294943,-0.0125934,-0.00494378,0.0150719,-0.0122494,0.00115113,0,0,-0.430652,1,0,-1,-0.00914258,StepApplied,,0.45,1,5,0.785398,0,0,0,0,0,-0.430424,0.00869513,0.196935,0.0755036,0.637677,0.371695,0.498751,0.208677,nan,nan,nan,nan,nan,nan,nan,nan
5.50649,0.977171,0.1608,-0.996309,-0.0164206,-0.0310098,-0.000679672,-0.0626637,-0.0227333,-0.00918908,-0.00152855,-0.0368529,0.0593962,1,0,-1,-0.00914258,0.0216873,-0.15276,-0.0036909,0.245746,-0.566918,0.427182,0,0.999493,-0.0287997,-0.0126533,-0.00493665,-0.0164626,-0.0134189,-0.000478416,0,0,-0.432057,1,0,-1,-0.00914258,StepApplied,,0.450041,1,5,0.785398,0,0,0,0,0,-0.432057,-0.00377434,0.20532,0.0752836,0.65506,0.359587,0.498935,0.214647,nan,nan,nan,nan,nan,nan,nan,nan
5.51783,0.97699,0.160651,-0.996274,-0.0165849,-0.0427232,-0.00698331,-0.062571,-0.0231989,-0.00857534,0.0117497,-0.0564528,0.0659292,1,0,-1,-0.00914258,0.0216873,-0.15276,-0.0036909,0.245746,-0.566918,0.427182,0,0.999493,-0.0287997,-0.0126533,-0.00493665,0.0523306,-0.00944263,-0.00263331,0,0,-0.429917,1,0,-1,-0.00914258,StepApplied,,0.450041,1,5,0.785398,0,0,0,0,0,-0.431251,0.0041801,0.193365,0.0750482,0.63994,0.372624,0.49554,0.216901,nan,nan,nan,nan,nan,nan,nan,nan
5.53733,0.976546,0.160285,-0.995746,-0.017279,-0.0289201,0.0017489,-0.0629505,-0.0235253,-0.00749824,-0.0263066,0.00478053,0.0569692,1,0,-1,-0.00914258,0.0220718,-0.152464,-0.00399566,0.244636,-0.609948,0.418179,0,0.999428,-0.0309846,-0.0126062,-0.00496317,0.00312901,-0.00784807,-0.00600914,0,0,-0.431921,1,0,-1,-0.00914258,StepApplied,,0.45,1,5,0.785398,0,0,0,0,0,-0.429917,0.010982,0.194617,0.0747846,0.634418,0.374949,0.500165,0.210134,nan,nan,nan,nan,nan,nan,nan,nan
5.55305,0.976113,0.159879,-0.995223,-0.0155734,-0.0509874,0.00193062,-0.0631434,-0.0237533,-0.00629363,-0.00690122,-0.0404314,0.0690233,1,0,-1,-0.00914258,0.0224819,-0.152096,-0.00450844,0.255505,-0.511931,0.42617,0,0.999428,-0.0309846,-0.0126062,-0.00496317,0.0647166,-0.000606008,-0.00869993,0,0,-0.431688,1,0,-1,-0.00914258,StepApplied,,0.45,1,5,0.785398,0,0,0,0,0,-0.431176,0.0130992,0.20221,0.0736676,0.638433,0.37122,0.509403,0.205649,nan,nan,nan,nan,nan,nan,nan,nan
5.56571,0.9757,0.1594,-0.99471,-0.0148575,-0.029043,0.00725503,-0.0634305,-0.0235705,-0.00521555,-0.0147339,0.0231027,0.0607251,1,0,-1,-0.00914258,0.023085,-0.15143,-0.00528991,0.231068,-0.636863,0.388464,0,0.999393,-0.0323539,-0.0119207,-0.00495858,-0.0120869,0.00623937,-0.0107328,0,0,-0.432993,1,0,-1,-0.00914258,StepApplied,,0.450003,1,5,0.785398,0,0,0,0,0,-0.431688,0.0165807,0.191509,0.0732517,0.6285,0.381345,0.505229,0.211678,nan,nan,nan,nan,nan,nan,nan,nan
5.57644,0.975489,0.15914,-0.994476,-0.0210258,-0.0455039,0.0041614,-0.0635056,-0.0235662,-0.00463127,-0.00701718,-0.00379284,0.0654381,1,0,-1,-0.00914258,0.023085,-0.15143,-0.00528991,0.231068,-0.636863,0.388464,0,0.999393,-0.0323539,-0.0119207,-0.00495858,-0.0048656,-0.00116919,-0.0127068,0,0,-0.433205,1,0,-1,-0.00914258,StepApplied,,0.450003,1,5,0.785398,0,0,0,0,0,-0.432993,0.00029384,0.204572,0.0728188,0.650126,0.361463,0.504681,0.215701,nan,nan,nan,nan,nan,nan,nan,nan
5.58601,0.975264,0.158884,-0.99423,-0.0198403,-0.0527624,0.00352931,-0.0634703,-0.0240267,-0.00397641,0.00548951,-0.0559496,0.0699711,1,0,-1,-0.00914258,0.023085,-0.15143,-0.00528991,0.231068,-0.636863,0.388464,0,0.999393,-0.0323539,-0.0119207,-0.00495858,0.047187,-0.0178719,-0.0152012,0,0,-0.432413,1,0,-1,-0.00914258,StepApplied,,0.45,1,5,0.785398,0,0,0,0,0,-0.433205,0.000746586,0.206106,0.0724195,0.650703,0.360511,0.506696,0.214907,nan,nan,nan,nan,nan,nan,nan,nan
5.59654,0.975056,0.158594,-0.993956,-0.0177431,-0.0403431,0.00874363,-0.0635897,-0.0243931,-0.00340194,-0.0118621,-0.0446821,0.0613577,1,0,-1,-0.00914258,0.0234996,-0.15094,-0.00577021,0.262385,-0.470351,0.401047,0,0.999612,-0.0238888,-0.0134801,-0.00489346,0.0188691,-0.00273531,-0.0168871,0,0,-0.433505,1,0,-1,-0.00914258,StepApplied,,0.45,1,5,0.785398,0,0,0,0,0,-0.433205,0.000746586,0.206106,0.0724195,0.650703,0.360511,0.506696,0.214907,nan,nan,nan,nan,nan,nan,nan,nan
5.61883,0.974626,0.157926,-0.993462,-0.0267869,-0.0497369,0.00628814,-0.063903,-0.0245741,-0.00244165,-0.0169375,-0.0206084,0.0534666,1,0,-1,-0.00914258,0.0238919,-0.150367,-0.00629997,0.267495,-0.593912,0.37082,0,0.999438,-0.0301628,-0.0137667,-0.0049875,0.0468896,-0.024976,-0.0204159,0,0,-0.433073,1,0,-1,-0.00914258,StepApplied,,0.450011,1,5,0.785398,0,0,0,0,0,-0.433938,0.0014227,0.202351,0.0714173,0.647301,0.363376,0.506255,0.21882,nan,nan,nan,nan,nan,nan,nan,nan
5.6317,0.974177,0.157289,-0.992758,-0.0175293,-0.0531078,0.00476134,-0.0635825,-0.0259096,-0.00138831,0.00629729,-0.0715756,0.0536406,1,0,-1,-0.00914258,0.0238919,-0.150367,-0.00629997,0.267495,-0.593912,0.37082,0,0.999438,-0.0301628,-0.0137667,-0.0049875,0.0438658,0.00986536,-0.0216459,0,0,-0.432859,1,0,-1,-0.00914258,StepApplied,,0.45,1,5,0.785398,0,0,0,0,0,-0.431838,0.00728986,0.202277,0.0710624,0.640646,0.365122,0.508608,0.212977,nan,nan,nan,nan,nan,nan,nan,nan
5.64054,0.973952,0.156934,-0.992269,-0.0158703,-0.0417591,0.0102026,-0.0637313,-0.0259117,-0.000952868,-0.0154779,-0.00343535,0.0486012,1,0,-1,-0.00914258,0.0238919,-0.150367,-0.00629997,0.267495,-0.593912,0.37082,0,0.999438,-0.0301628,-0.0137667,-0.0049875,0.00588389,0.0157406,-0.0228244,0,0,-0.434183,1,0,-1,-0.00914258,StepApplied,,0.450017,1,5,0.785398,0,0,0,0,0,-0.432859,0.0120681,0.197931,0.0708916,0.635044,0.372424,0.510105,0.213862,nan,nan,nan,nan,nan,nan,nan,nan
5.65349,0.973476,0.156082,-0.991349,-0.0177894,-0.0605382,0.005069,-0.063569,-0.0263891,5.46559e-05,0.0335202,-0.0528664,0.0610128,1,0,-1,-0.00914258,0.0247461,-0.149087,-0.00773132,0.218151,-0.608975,0.365569,0,0.999446,-0.0309442,-0.0112572,-0.00492111,0.0704206,-0.00466759,-0.0259524,0,0,-0.433228,1,0,-1,-0.00914258,StepApplied,,0.450017,1,5,0.785398,0,0,0,0,0,-0.434183,-0.00236548,0.204655,0.0706781,0.651116,0.358574,0.506189,0.220855,nan,nan,nan,nan,nan,nan,nan,nan
5.66313,0.973253,0.155703,-0.990918,-0.0169444,-0.0475175,0.00574402,-0.0633328,-0.0266676,0.000565584,0.0275834,-0.0346798,0.0552242,1,0,-1,-0.00914258,0.0247461,-0.149087,-0.00773132,0.218151,-0.608975,0.365569,0,0.999446,-0.0309442,-0.0112572,-0.00492111,0.0566725,0.0109724,-0.0267789,0,0,-0.433142,1,0,-1,-0.00914258,StepApplied,,0.45,1,5,0.785398,0,0,0,0,0,-0.433228,0.0108008,0.196019,0.0703688,0.634435,0.372727,0.50875,0.217002,nan,nan,nan,nan,nan,nan,nan,nan
5.67631,0.973038,0.155302,-0.990516,-0.0212233,-0.0484622,0.00862444,-0.0634466,-0.0265482,0.00101583,-0.0115621,0.00997575,0.0512736,1,0,-1,-0.00914258,0.0254092,-0.147918,-0.0090819,0.232175,-0.590814,0.376809,0,0.999466,-0.0300171,-0.0119673,-0.00493174,0.01304,0.011759,-0.0279784,0,0,-0.433615,1,0,-1,-0.00914258,StepApplied,,0.45,1,5,0.785398,0,0,0,0,0,-0.433615,-0.00184804,0.198315,0.0700332,0.645054,0.36221,0.50215,0.225046,nan,nan,nan,nan,nan,nan,nan,nan
5.69149,0.972808,0.154867,-0.990125,-0.0235838,-0.0638625,0.00384223,-0.0635264,-0.0266329,0.00145902,-0.00774614,-0.0125942,0.0487805,1,0,-1,-0.00914258,0.0258325,-0.147123,-0.00987506,0.281826,-0.460497,0.380653,0,0.99961,-0.0233812,-0.0144677,-0.00490947,0.0657882,-0.00605262,-0.0307011,0,0,-0.433188,1,0,-1,-0.00914258,StepApplied,,0.45,1,5,0.785398,0,0,0,0,0,-0.434234,0.00110348,0.204991,0.069731,0.648005,0.359893,0.509877,0.219162,nan,nan,nan,nan,nan,nan,nan,nan
5.70875,0.972257,0.153982,-0.989287,-0.0304436,-0.0569844,0.0101607,-0.0631212,-0.0273828,0.00247966,0.0136911,-0.0496996,0.0558103,1,0,-1,-0.00914258,0.0258325,-0.147123,-0.00987506,0.281826,-0.460497,0.380653,0,0.99961,-0.0233812,-0.0144677,-0.00490947,0.0325579,-0.0209822,-0.0338577,0,0,-0.434761,1,0,-1,-0.00914258,StepApplied,,0.450007,1,5,0.785398,0,0,0,0,0,-0.433646,0.00586656,0.203103,0.069091,0.642074,0.363368,0.511963,0.21718,nan,nan,nan,nan,nan,nan,nan,nan
5.72693,0.971702,0.153004,-0.988522,-0.0322541,-0.0698023,0.005151,-0.0632077,-0.0274158,0.0032676,0.00394484,-0.00997969,0.0451547,1,0,-1,-0.00914258,0.0268833,-0.145353,-0.0114779,0.314799,-0.446222,0.367712,0,0.999601,-0.0226453,-0.0161438,-0.00493636,0.0695261,-0.0162181,-0.0361707,0,0,-0.433798,1,0,-1,-0.00914258,StepApplied,,0.45,1,5,0.785398,0,0,0,0,0,-0.434895,0.00364138,0.196177,0.068655,0.639563,0.367506,0.507178,0.225335,nan,nan,nan,nan,nan,nan,nan,nan
5.73524,0.971425,0.152526,-0.987877,-0.0312684,-0.0724932,0.00366646,-0.0628916,-0.0282164,0.00376417,0.0363659,-0.092074,0.0496016,1,0,-1,-0.00914258,0.0268833,-0.145353,-0.0114779,0.314799,-0.446222,0.367712,0,0.999601,-0.0226453,-0.0161438,-0.00493636,0.0714374,-0.00944041,-0.0369187,0,0,-0.433629,1,0,-1,-0.00914258,StepApplied,,0.45,1,5,0.785398,0,0,0,0,0,-0.433798,0.0101592,0.208919,0.0684281,0.64264,0.36178,0.519922,0.210849,nan,nan,nan,nan,nan,nan,nan,nan
5.75497,0.97059,0.151,-0.985923,-0.025161,-0.060353,0.0119638,-0.0630585,-0.0296759,0.00486596,-0.0116144,-0.0520751,0.0364063,1,0,-1,-0.00914258,0.0276861,-0.143956,-0.0134342,0.264218,-0.553301,0.317133,0,0.9995,-0.0281026,-0.0135913,-0.00495393,0.026312,0.01211,-0.0387674,0,0,-0.436335,1,0,-1,-0.00914258,StepApplied,,0.450018,1,5,0.785398,0,0,0,0,0,-0.434994,0.00313952,0.209025,0.0683129,0.64876,0.357822,0.516344,0.21705,nan,nan,nan,nan,nan,nan,nan,nan
5.76876,0.970334,0.150479,-0.985306,-0.0229501,-0.0741364,0.00738985,-0.0628567,-0.0304374,0.00532958,0.0237982,-0.0879606,0.0465026,1,0,-1,-0.00914258,0.0281829,-0.142955,-0.0146937,0.240309,-0.439981,0.343911,0,0.999662,-0.0223513,-0.0123489,-0.00484746,0.0289354,0.0202205,-0.0397346,0,0,-0.435738,1,0,-1,-0.00914258,StepApplied,,0.45,1,5,0.785398,0,0,0,0,0,-0.435738,0.00513374,0.206612,0.0682061,0.64628,0.361576,0.516898,0.218196,nan,nan,nan,nan,nan,nan,nan,nan
5.79268,0.969799,0.149342,-0.984134,-0.0247277,-0.062753,0.00974351,-0.0629394,-0.0314667,0.00603084,-0.00943299,-0.03415,0.0344313,1,0,-1,-0.00914258,0.0286913,-0.141875,-0.0158658,0.263044,-0.557064,0.328978,0,0.999496,-0.0282942,-0.0135324,-0.0049549,0.0236257,0.021515,-0.042352,0,0,-0.435761,1,0,-1,-0.00914258,StepApplied,,0.45,1,5,0.785398,0,0,0,0,0,-0.435125,0.00956753,0.208246,0.0680021,0.643484,0.362739,0.520781,0.213497,nan,nan,nan,nan,nan,nan,nan,nan
5.80544,0.969215,0.148074,-0.982977,-0.0263351,-0.0846431,0.00661788,-0.0627652,-0.0321383,0.00681767,0.0290972,-0.0520396,0.0466063,1,0,-1,-0.00914258,0.0292457,-0.14067,-0.0170231,0.27922,-0.382737,0.335849,0,0.999697,-0.0194284,-0.0143186,-0.00484899,0.095166,0.016709,-0.0445615,0,0,-0.435096,1,0,-1,-0.00914258,StepApplied,,0.45,1,5,0.785398,0,0,0,0,0,-0.436586,3.01509e-05,0.194677,0.0677114,0.641803,0.366761,0.506197,0.231584,nan,nan,nan,nan,nan,nan,nan,nan
5.8187,0.96868,0.146846,-0.981905,-0.0213499,-0.0698844,0.0107914,-0.0625108,-0.0326289,0.0074849,0.00929634,0.00334676,0.0317895,1,0,-1,-0.00914258,0.0292457,-0.14067,-0.0170231,0.27922,-0.382737,0.335849,0,0.999697,-0.0194284,-0.0143186,-0.00484899,0.0463045,0.0227484,-0.0457005,0,0,-0.436044,1,0,-1,-0.00914258,StepApplied,,0.45,1,5,0.785398,0,0,0,0,0,-0.436044,0.0057092,0.194417,0.0672807,0.636631,0.369988,0.509918,0.227641,nan,nan,nan,nan,nan,nan,nan,nan
5.83268,0.968176,0.145491,-0.98031,-0.02404,-0.0893477,0.00529718,-0.0618829,-0.0327321,0.00816664,0.0530291,-0.00906231,0.040513,1,0,-1,-0.00914258,0.0299917,-0.138847,-0.0188937,0.275248,-0.459461,0.313751,0,0.999616,-0.0233311,-0.0141328,-0.00490099,0.0593493,0.0204004,-0.0477278,0,0,-0.436252,1,0,-1,-0.00914258,StepApplied,,0.45,1,5,0.785398,0,0,0,0,0,-0.436324,-0.00211955,0.201613,0.067115,0.647369,0.359477,0.509913,0.228536,nan,nan,nan,nan,nan,nan,nan,nan
5.84787,0.967947,0.144803,-0.979555,-0.0196967,-0.091904,0.00403099,-0.0615428,-0.0331024,0.00849904,0.0389493,-0.0435,0.0346319,1,0,-1,-0.00914258,0.0304501,-0.137563,-0.0204453,0.238759,-0.376055,0.330105,0,0.999731,-0.0191005,-0.0122562,-0.00480522,0.0926673,0.0241734,-0.048576,0,0,-0.435406,1,0,-1,-0.00914258,StepApplied,,0.45,1,5,0.785398,0,0,0,0,0,-0.436252,0.00467651,0.196645,0.0669744,0.638838,0.367584,0.511276,0.227311,nan,nan,nan,nan,nan,nan,nan,nan
5.85827,0.967714,0.144064,-0.978812,-0.0234587,-0.0795924,0.00997064,-0.0612269,-0.0329998,0.00872347,0.0358622,0.00980736,0.02587,1,0,-1,-0.00914258,0.0304501,-0.137563,-0.0204453,0.238759,-0.376055,0.330105,0,0.999731,-0.0191005,-0.0122562,-0.00480522,0.0906558,0.0362618,-0.0487876,0,0,-0.435301,1,0,-1,-0.00914258,StepApplied,,0.45,1,5,0.785398,0,0,0,0,0,-0.435406,0.0124475,0.196026,0.0669239,0.63201,0.372619,0.515539,0.221457,nan,nan,nan,nan,nan,nan,nan,nan
5.87031,0.96748,0.143311,-0.97809,-0.0218428,-0.0799875,0.00933065,-0.0609032,-0.0327842,0.00900329,0.036736,0.0218943,0.0326091,1,0,-1,-0.00914258,0.0308942,-0.136145,-0.02191,0.261488,-0.480025,0.302047,0,0.9996,-0.0243801,-0.0134361,-0.00489908,0.0450458,0.0217733,-0.050013,0,0,-0.4368,1,0,-1,-0.00914258,StepApplied,,0.450019,1,5,0.785398,0,0,0,0,0,-0.4368,0.000953084,0.204866,0.0668571,0.647715,0.359568,0.515118,0.224799,nan,nan,nan,nan,nan,nan,nan,nan
5.87956,0.967008,0.141816,-0.976686,-0.023556,-0.0983109,0.00776887,-0.0601779,-0.0332243,0.00974347,0.0345121,-0.0329655,0.0385716,1,0,-1,-0.00914258,0.0308942,-0.136145,-0.02191,0.261488,-0.480025,0.302047,0,0.9996,-0.0243801,-0.0134361,-0.00489908,0.0910793,0.0211072,-0.0524895,0,0,-0.436629,1,0,-1,-0.00914258,StepApplied,,0.45,1,5,0.785398,0,0,0,0,0,-0.436051,0.0116328,0.200848,0.0664444,0.63616,0.368799,0.519494,0.21975,nan,nan,nan,nan,nan,nan,nan,nan
5.89401,0.966769,0.141038,-0.975977,-0.0217812,-0.0800639,0.0155399,-0.0600325,-0.0330618,0.010035,0.0171553,0.0160634,0.0336757,1,0,-1,-0.00914258,0.0313428,-0.134725,-0.0233139,0.274273,-0.363176,0.301615,0,0.99972,-0.0184339,-0.0140618,-0.00482997,0.0287377,0.0275892,-0.0531915,0,0,-0.438499,1,0,-1,-0.00914258,StepApplied,,0.45,1,5,0.785398,0,0,0,0,0,-0.436629,0.0167648,0.197089,0.0661478,0.630155,0.375368,0.52134,0.219653,nan,nan,nan,nan,nan,nan,nan,nan
5.90733,0.966541,0.140264,-0.975293,-0.019704,-0.0761561,0.0147552,-0.0599044,-0.0327932,0.0103226,0.015203,0.0278976,0.0339363,1,0,-1,-0.00914258,0.0317863,-0.133251,-0.0247075,0.249411,-0.532271,0.266986,0,0.99954,-0.0270392,-0.0128327,-0.00491894,0.0200122,0.0326644,-0.0538541,0,0,-0.438542,1,0,-1,-0.00914258,StepApplied,,0.450008,1,5,0.785398,0,0,0,0,0,-0.438499,0.00520774,0.193135,0.0659244,0.637177,0.371638,0.512465,0.232714,nan,nan,nan,nan,nan,nan,nan,nan
5.91786,0.966329,0.139461,-0.97462,-0.0218153,-0.0943156,0.0148403,-0.0593791,-0.0326929,0.0107186,0.0595134,0.00843997,0.0446154,1,0,-1,-0.00914258,0.0317863,-0.133251,-0.0247075,0.249411,-0.532271,0.266986,0,0.99954,-0.0270392,-0.0128327,-0.00491894,0.0778011,0.0229387,-0.0551438,0,0,-0.438433,1,0,-1,-0.00914258,StepApplied,,0.450008,1,5,0.785398,0,0,0,0,0,-0.438542,-0.00453415,0.202464,0.0656647,0.650446,0.357936,0.512473,0.233312,nan,nan,nan,nan,nan,nan,nan,nan
5.92568,0.965897,0.137707,-0.973011,-0.0193981,-0.0756118,0.0195006,-0.0587254,-0.0326577,0.0114263,0.0409909,0.0280524,0.035962,1,0,-1,-0.00914258,0.0323982,-0.130822,-0.026989,0.253885,-0.536162,0.236524,0,0.99954,-0.0270392,-0.0128327,-0.00491894,0.0499206,0.0215861,-0.056844,0,0,-0.438973,1,0,-1,-0.00914258,StepApplied,,0.45,1,5,0.785398,0,0,0,0,0,-0.438433,0.0128009,0.19547,0.065337,0.632807,0.374703,0.520007,0.226216,nan,nan,nan,nan,nan,nan,nan,nan
5.9358,0.96573,0.136847,-0.972106,-0.0181215,-0.0890702,0.0202223,-0.0583426,-0.0324442,0.0117316,0.04369,0.0217554,0.0354909,1,0,-1,-0.00914258,0.0323982,-0.130822,-0.026989,0.253885,-0.536162,0.236524,0,0.999532,-0.0272354,-0.0130614,-0.00492767,0.0136421,0.0288263,-0.0573735,0,0,-0.439949,1,0,-1,-0.00914258,StepApplied,,0.45,1,5,0.785398,0,0,0,0,0,-0.438433,0.0128009,0.19547,0.065337,0.632807,0.374703,0.520007,0.226216,nan,nan,nan,nan,nan,nan,nan,nan
5.94951,0.965556,0.135995,-0.971215,-0.0194612,-0.101641,0.0128849,-0.05781,-0.0325179,0.0121141,0.0606612,-0.0106617,0.0421894,1,0,-1,-0.00914258,0.032722,-0.129196,-0.0287855,0.263137,-0.335693,0.254101,0,0.999752,-0.0170385,-0.0134884,-0.00480055,0.0577153,0.0310247,-0.0584623,0,0,-0.440032,1,0,-1,-0.00914258,StepApplied,,0.45,1,5,0.785398,0,0,0,0,0,-0.440032,0.0064484,0.209802,0.0646878,0.648383,0.361027,0.527891,0.222828,nan,nan,nan,nan,nan,nan,nan,nan
5.95998,0.965403,0.135137,-0.970359,-0.0146574,-0.100998,0.0137127,-0.0574354,-0.0329924,0.0125039,0.0428954,-0.0549567,0.0402199,1,0,-1,-0.00914258,0.032722,-0.129196,-0.0287855,0.263137,-0.335693,0.254101,0,0.999752,-0.0170385,-0.0134884,-0.00480055,0.0819181,0.0395763,-0.0594436,0,0,-0.439099,1,0,-1,-0.00914258,StepApplied,,0.45,1,5,0.785398,0,0,0,0,0,-0.438754,0.00929706,0.20088,0.0643891,0.638484,0.367773,0.522621,0.22614,nan,nan,nan,nan,nan,nan,nan,nan
5.9713,0.965063,0.133336,-0.968644,-0.0166154,-0.0929978,0.0231551,-0.0567439,-0.033071,0.0130207,0.0334535,-0.0100107,0.0313451,1,0,-1,-0.00914258,0.032722,-0.129196,-0.0287855,0.263137,-0.335693,0.254101,0,0.999752,-0.0170385,-0.0134884,-0.00480055,0.0515447,0.0329247,-0.0615106,0,0,-0.441375,1,0,-1,-0.00914258,StepApplied,,0.45,1,5,0.785398,0,0,0,0,0,-0.439099,0.00040006,0.204972,0.0640076,0.649287,0.360209,0.521603,0.231923,nan,nan,nan,nan,nan,nan,nan,nan
5.98553,0.964912,0.13246,-0.967789,-0.0204057,-0.107947,0.0205325,-0.0564303,-0.0332384,0.0133496,0.0361292,-0.0206618,0.0356238,1,0,-1,-0.00914258,0.0333339,-0.125837,-0.0322113,0.285864,-0.317867,0.206385,0,0.999751,-0.0161252,-0.0146425,-0.00480655,0.0945196,0.0195424,-0.0627098,0,0,-0.440948,1,0,-1,-0.00914258,StepApplied,,0.45,1,5,0.785398,0,0,0,0,0,-0.441375,0.00648906,0.201135,0.0638745,0.642755,0.367714,0.523949,0.231082,nan,nan,nan,nan,nan,nan,nan,nan
5.99445,0.96462,0.13066,-0.966097,-0.0147925,-0.0953328,0.0230733,-0.0558764,-0.034007,0.0140267,0.0201467,-0.0280363,0.028228,1,0,-1,-0.00914258,0.0333339,-0.125837,-0.0322113,0.285864,-0.317867,0.206385,0,0.999751,-0.0161252,-0.0146425,-0.00480655,0.0979152,0.0362684,-0.0637849,0,0,-0.440906,1,0,-1,-0.00914258,StepApplied,,0.45,1,5,0.785398,0,0,0,0,0,-0.440948,0.00783909,0.205651,0.0636193,0.644311,0.364793,0.527923,0.226764,nan,nan,nan,nan,nan,nan,nan,nan
6.00916,0.964484,0.129734,-0.965285,-0.0166116,-0.0956202,0.0260748,-0.055844,-0.0338512,0.0144027,0.00506768,0.0150949,0.0430834,1,0,-1,-0.00914258,0.0337406,-0.123247,-0.0347151,0.264055,-0.439877,0.171621,0,0.999647,-0.0223379,-0.0135579,-0.0048741,0.0388505,0.0377768,-0.0646315,0,0,-0.441994,1,0,-1,-0.00914258,StepApplied,,0.450009,1,5,0.785398,0,0,0,0,0,-0.440906,0.0141407,0.197885,0.0633141,0.634017,0.374393,0.527153,0.228059,nan,nan,nan,nan,nan,nan,nan,nan
6.01571,0.964363,0.128772,-0.964486,-0.0191411,-0.112528,0.0243835,-0.0557595,-0.0338161,0.0149042,0.0113075,0.000806809,0.0560563,1,0,-1,-0.00914258,0.0337406,-0.123247,-0.0347151,0.264055,-0.439877,0.171621,0,0.999647,-0.0223379,-0.0135579,-0.0048741,0.0420742,0.0304424,-0.0663038,0,0,-0.442745,1,0,-1,-0.00914258,StepApplied,,0.450009,1,5,0.785398,0,0,0,0,0,-0.441994,0.00702765,0.205666,0.0628791,0.645202,0.364515,0.529145,0.229115,nan,nan,nan,nan,nan,nan,nan,nan
6.02767,0.964294,0.127774,-0.963412,-0.0174149,-0.115791,0.0216708,-0.0555077,-0.0342408,0.0153755,0.0298405,-0.0501057,0.0498391,1,0,-1,-0.00914258,0.0337406,-0.123247,-0.0347151,0.264055,-0.439877,0.171621,0,0.999647,-0.0223379,-0.0135579,-0.0048741,0.0420742,0.0304424,-0.0663038,0,0,-0.442745,1,0,-1,-0.00914258,StepApplied,,0.45,1,5,0.785398,0,0,0,0,0,-0.442745,0.00252705,0.201447,0.0623878,0.645661,0.364576,0.524223,0.236521,nan,nan,nan,nan,nan,nan,nan,nan
6.03903,0.96422,0.126554,-0.962332,-0.0161131,-0.0994268,0.0290233,-0.0555125,-0.0343348,0.0157781,0.00112332,-0.0127743,0.0443301,1,0,-1,-0.00914258,0.0337406,-0.123247,-0.0347151,0.264055,-0.439877,0.171621,0,0.999647,-0.0223379,-0.0135579,-0.0048741,0.041098,0.0338165,-0.0692217,0,0,-0.443971,1,0,-1,-0.00914258,StepApplied,,0.45,1,5,0.785398,0,0,0,0,0,-0.442153,0.0214651,0.197651,0.0617596,0.628365,0.379431,0.534966,0.225848,nan,nan,nan,nan,nan,nan,nan,nan
6.05161,0.964162,0.125496,-0.961293,-0.0203779,-0.109164,0.0290015,-0.055721,-0.0341336,0.0162103,-0.0213289,0.0197481,0.0491944,1,0,-1,-0.00914258,0.0340463,-0.119221,-0.0387071,0.292853,-0.359846,0.139569,0,0.999709,-0.0182585,-0.015007,-0.00484456,0.0729258,0.0212165,-0.0709717,0,0,-0.444109,1,0,-1,-0.00914258,StepApplied,,0.45,1,5,0.785398,0,0,0,0,0,-0.443971,0.0125881,0.209591,0.0611623,0.644306,0.365933,0.539543,0.226104,nan,nan,nan,nan,nan,nan,nan,nan
6.05926,0.96406,0.123453,-0.959257,-0.0129403,-0.106111,0.0265907,-0.0554652,-0.034955,0.0172528,0.0299588,-0.0812421,0.0546002,1,0,-1,-0.00914258,0.0340463,-0.119221,-0.0387071,0.292853,-0.359846,0.139569,0,0.999709,-0.0182585,-0.015007,-0.00484456,0.0934435,0.0261208,-0.073122,0,0,-0.443642,1,0,-1,-0.00914258,StepApplied,,0.45,1,5,0.785398,0,0,0,0,0,-0.444109,0.016361,0.199871,0.0606463,0.634387,0.375095,0.535994,0.230959,nan,nan,nan,nan,nan,nan,nan,nan
6.0817,0.963992,0.121364,-0.957231,-0.0108762,-0.102806,0.0368827,-0.0552624,-0.0352981,0.0181513,0.00698399,-0.0200995,0.052235,1,0,-1,-0.00914258,0.034186,-0.116292,-0.0417541,0.229257,-0.463201,0.0978918,0,0.999642,-0.0235357,-0.0117913,-0.00484918,0.029569,0.0506352,-0.0740431,0,0,-0.446183,1,0,-1,-0.00914258,StepApplied,,0.45,1,5,0.785398,0,0,0,0,0,-0.443642,0.0154399,0.21647,0.0600165,0.64568,0.36161,0.547237,0.220042,nan,nan,nan,nan,nan,nan,nan,nan
6.09181,0.963982,0.119257,-0.955242,-0.00247692,-0.118721,0.0322014,-0.0548595,-0.0366774,0.0190009,0.0387381,-0.090547,0.0376901,1,0,-1,-0.00914258,0.034186,-0.116292,-0.0417541,0.229257,-0.463201,0.0978918,0,0.999642,-0.0235357,-0.0117913,-0.00484918,0.100551,0.0574291,-0.0771242,0,0,-0.445642,1,0,-1,-0.00914258,StepApplied,,0.450055,1,5,0.785398,0,0,0,0,0,-0.446183,0.00778078,0.21261,0.0589414,0.649831,0.360389,0.542707,0.231803,nan,nan,nan,nan,nan,nan,nan,nan
6.10055,0.963983,0.118168,-0.954268,-0.00435904,-0.103725,0.0375253,-0.0547605,-0.037144,0.0193842,0.0127497,-0.0540438,0.0398869,1,0,-1,-0.00914258,0.034186,-0.116292,-0.0417541,0.229257,-0.463201,0.0978918,0,0.999642,-0.0235357,-0.0117913,-0.00484918,0.094555,0.0765384,-0.0776074,0,0,-0.445956,1,0,-1,-0.00914258,StepApplied,,0.45,1,5,0.785398,0,0,0,0,0,-0.445642,0.0244651,0.207833,0.0582371,0.633411,0.374321,0.551292,0.223546,nan,nan,nan,nan,nan,nan,nan,nan
6.11489,0.964059,0.117026,-0.953054,-0.00648195,-0.104066,0.0400904,-0.0548865,-0.0372968,0.0197517,-0.0123551,-0.0190605,0.0400273,1,0,-1,-0.00914258,0.0342163,-0.11226,-0.0457324,0.211421,-0.422353,0.0684965,0,0.999699,-0.021464,-0.0108737,-0.00480496,0.0453434,0.0665734,-0.0786726,0,0,-0.447405,1,0,-1,-0.00914258,StepApplied,,0.45,1,5,0.785398,0,0,0,0,0,-0.445956,0.0200454,0.219334,0.0580474,0.644793,0.363186,0.556798,0.219046,nan,nan,nan,nan,nan,nan,nan,nan
6.13987,0.964221,0.114719,-0.950687,-0.00496316,-0.124029,0.0305997,-0.0546168,-0.0385391,0.0205673,0.0236978,-0.0809639,0.043404,1,0,-1,-0.00914258,0.0340607,-0.11008,-0.0481389,0.250782,-0.254282,0.0645969,0,0.999823,-0.0128978,-0.0128414,-0.00473617,0.106187,0.0627535,-0.0816388,0,0,-0.446776,1,0,-1,-0.00914258,StepApplied,,0.450041,1,5,0.785398,0,0,0,0,0,-0.447332,0.0238,0.207443,0.0575603,0.634619,0.375139,0.552911,0.22666,nan,nan,nan,nan,nan,nan,nan,nan
6.15149,0.964392,0.112226,-0.948407,-0.00343774,-0.118384,0.0327697,-0.0549257,-0.0384919,0.0212988,-0.0373018,0.0155946,0.0419025,1,0,-1,-0.00914258,0.0340607,-0.11008,-0.0481389,0.250782,-0.254282,0.0645969,0,0.999823,-0.0128978,-0.0128414,-0.00473617,0.0869726,0.0663078,-0.083897,0,0,-0.447791,1,0,-1,-0.00914258,StepApplied,,0.450018,1,5,0.785398,0,0,0,0,0,-0.447921,0.0163876,0.206692,0.0568951,0.639254,0.370352,0.548393,0.233686,nan,nan,nan,nan,nan,nan,nan,nan
6.16516,0.964483,0.111061,-0.947335,-0.000865329,-0.12902,0.0250421,-0.054913,-0.038509,0.0217358,0.00355282,-0.00421576,0.0484424,1,0,-1,-0.00914258,0.0337413,-0.105508,-0.0526648,0.21175,-0.24556,0.0810097,0,0.999852,-0.0124645,-0.010851,-0.00470609,0.117636,0.0700528,-0.0848601,0,0,-0.446527,1,0,-1,-0.00914258,StepApplied,,0.45,1,5,0.785398,0,0,0,0,0,-0.447791,0.0142888,0.205892,0.0564854,0.639632,0.368895,0.546623,0.236015,nan,nan,nan,nan,nan,nan,nan,nan
6.1747,0.964687,0.1087,-0.945278,0.00375538,-0.113616,0.0306535,-0.0546681,-0.0384611,0.0224535,-0.000536531,0.0260323,0.0408568,1,0,-1,-0.00914258,0.0337413,-0.105508,-0.0526648,0.21175,-0.24556,0.0810097,0,0.999852,-0.0124645,-0.010851,-0.00470609,0.0788662,0.0857119,-0.0851579,0,0,-0.447135,1,0,-1,-0.00914258,StepApplied,,0.45,1,5,0.785398,0,0,0,0,0,-0.446527,0.0173294,0.204469,0.0561109,0.634838,0.370411,0.546878,0.23398,nan,nan,nan,nan,nan,nan,nan,nan
6.18797,0.964809,0.107508,-0.944295,0.0018124,-0.119502,0.0283151,-0.0546986,-0.0379791,0.0227375,-0.00193007,0.0524889,0.0346527,1,0,-1,-0.00914258,0.0334315,-0.102133,-0.0557046,0.218443,-0.320971,0.0513826,0,0.999793,-0.0163028,-0.011209,-0.00475378,0.0648138,0.0755674,-0.0868548,0,0,-0.448233,1,0,-1,-0.00914258,StepApplied,,0.450024,1,5,0.785398,0,0,0,0,0,-0.447135,0.016178,0.200837,0.055842,0.633424,0.372505,0.544374,0.238239,nan,nan,nan,nan,nan,nan,nan,nan
6.19656,0.964937,0.106348,-0.943339,0.00434849,-0.131833,0.0206788,-0.0543498,-0.0379159,0.0230876,0.0405851,0.00524688,0.0392515,1,0,-1,-0.00914258,0.0334315,-0.102133,-0.0557046,0.218443,-0.320971,0.0513826,0,0.999793,-0.0163028,-0.011209,-0.00475378,0.0840893,0.0661183,-0.0882521,0,0,-0.447993,1,0,-1,-0.00914258,StepApplied,,0.450024,1,5,0.785398,0,0,0,0,0,-0.448233,0.00602052,0.213691,0.0555552,0.650505,0.357044,0.547659,0.237722,nan,nan,nan,nan,nan,nan,nan,nan
6.21014,0.96508,0.105175,-0.942409,0.0112061,-0.126301,0.0195605,-0.0537641,-0.0380801,0.0233655,0.0666914,-0.0195825,0.0298778,1,0,-1,-0.00914258,0.0331737,-0.0999158,-0.0575913,0.158509,-0.288025,0.0759642,0,0.999849,-0.0146419,-0.0081476,-0.00469061,0.118198,0.0724519,-0.0890612,0,0,-0.446705,1,0,-1,-0.00914258,StepApplied,,0.45,1,5,0.785398,0,0,0,0,0,-0.446705,0.0190199,0.203067,0.0553436,0.632062,0.37201,0.548027,0.234722,nan,nan,nan,nan,nan,nan,nan,nan
6.22076,0.965304,0.103884,-0.941276,0.00976518,-0.120662,0.0278042,-0.0534795,-0.0379334,0.0235798,0.0328719,0.0153689,0.0246604,1,0,-1,-0.00914258,0.0331737,-0.0999158,-0.0575913,0.158509,-0.288025,0.0759642,0,0.999849,-0.0146419,-0.0081476,-0.00469061,0.094363,0.0904355,-0.0890214,0,0,-0.446765,1,0,-1,-0.00914258,StepApplied,,0.45,1,5,0.785398,0,0,0,0,0,-0.446765,0.0133678,0.210903,0.0552554,0.641572,0.362443,0.549717,0.233328,nan,nan,nan,nan,nan,nan,nan,nan
6.24585,0.966065,0.100008,-0.938088,0.0113664,-0.134269,0.0192172,-0.0522633,-0.0380119,0.024136,0.0631773,-0.0458527,0.0164511,1,0,-1,-0.00914258,0.0322383,-0.0950077,-0.0619125,0.185225,-0.244877,0.0540937,0,0.999867,-0.0124362,-0.00949876,-0.00468915,0.107414,0.0777374,-0.0912997,0,0,-0.447737,1,0,-1,-0.00914258,StepApplied,,0.45,1,5,0.785398,0,0,0,0,0,-0.447947,0.0194141,0.219497,0.0554451,0.644745,0.362013,0.561058,0.223972,nan,nan,nan,nan,nan,nan,nan,nan
6.2561,0.966316,0.0987133,-0.937075,0.0114522,-0.122936,0.0250208,-0.0520335,-0.0379347,0.024298,0.0266712,0.00814456,0.0182876,1,0,-1,-0.00914258,0.0322383,-0.0950077,-0.0619125,0.185225,-0.244877,0.0540937,0,0.999867,-0.0124362,-0.00949876,-0.00468915,0.0677717,0.0775464,-0.0916787,0,0,-0.449184,1,0,-1,-0.00914258,StepApplied,,0.45,1,5,0.785398,0,0,0,0,0,-0.447737,0.0175693,0.213136,0.0555272,0.641423,0.36508,0.554965,0.22948,nan,nan,nan,nan,nan,nan,nan,nan
6.27425,0.967188,0.0946043,-0.9342,0.0176736,-0.132688,0.0181842,-0.0509871,-0.0381661,0.0248613,0.0697285,-0.0337779,0.0248649,1,0,-1,-0.00914258,0.0314584,-0.0911012,-0.0648848,0.177951,-0.223762,0.0451397,0,0.999883,-0.0113625,-0.00912331,-0.00467467,0.110343,0.0830989,-0.0930655,0,0,-0.448119,1,0,-1,-0.00914258,StepApplied,,0.450015,1,5,0.785398,0,0,0,0,0,-0.448905,0.0091907,0.215387,0.0555566,0.650136,0.35876,0.55177,0.234953,nan,nan,nan,nan,nan,nan,nan,nan
6.28893,0.9675,0.0932678,-0.933326,0.0170513,-0.127064,0.0191789,-0.0509137,-0.0381683,0.0249788,0.00906443,-0.000419151,0.0128771,1,0,-1,-0.00914258,0.0308746,-0.0886044,-0.0666741,0.171881,-0.313223,0.0276385,0,0.999823,-0.0159201,-0.00883404,-0.00471197,0.090406,0.0913187,-0.0930415,0,0,-0.448552,1,0,-1,-0.00914258,StepApplied,,0.45,1,5,0.785398,0,0,0,0,0,-0.448119,0.0188899,0.204958,0.0555626,0.635124,0.372214,0.550466,0.234673,nan,nan,nan,nan,nan,nan,nan,nan
6.29748,0.967811,0.0919449,-0.932488,0.0158155,-0.130058,0.0158731,-0.0508116,-0.0378018,0.0250559,0.0120754,0.0408064,0.0104605,1,0,-1,-0.00914258,0.0308746,-0.0886044,-0.0666741,0.171881,-0.313223,0.0276385,0,0.999823,-0.0159201,-0.00883404,-0.00471197,0.0732314,0.084778,-0.0933268,0,0,-0.44903,1,0,-1,-0.00914258,StepApplied,,0.45,1,5,0.785398,0,0,0,0,0,-0.44903,0.0107453,0.218787,0.0555947,0.651605,0.357619,0.555359,0.231538,nan,nan,nan,nan,nan,nan,nan,nan
6.31172,0.96813,0.0906391,-0.931683,0.0180506,-0.140781,0.00851238,-0.0503386,-0.0378049,0.025183,0.0535906,-0.000582175,0.0139184,1,0,-1,-0.00914258,0.0302766,-0.0861071,-0.0683174,0.17282,-0.201966,0.0606728,0,0.999897,-0.0102536,-0.00885701,-0.0046618,0.115588,0.0832019,-0.0940608,0,0,-0.44738,1,0,-1,-0.00914258,StepApplied,,0.45,1,5,0.785398,0,0,0,0,0,-0.448619,0.011875,0.212206,0.0556561,0.645802,0.362721,0.551034,0.234917,nan,nan,nan,nan,nan,nan,nan,nan
6.31882,0.968955,0.0878935,-0.929817,0.0204637,-0.127782,0.011778,-0.0496782,-0.0376496,0.025343,0.021777,0.0392945,0.00613701,1,0,-1,-0.00914258,0.0302766,-0.0861071,-0.0683174,0.17282,-0.201966,0.0606728,0,0.999897,-0.0102536,-0.00885701,-0.0046618,0.0683597,0.0854517,-0.0940979,0,0,-0.448573,1,0,-1,-0.00914258,StepApplied,,0.450023,1,5,0.785398,0,0,0,0,0,-0.447486,0.0159662,0.212602,0.0559215,0.642322,0.364466,0.55281,0.230345,nan,nan,nan,nan,nan,nan,nan,nan
6.33414,0.969361,0.0865333,-0.928954,0.0190005,-0.125487,0.00844303,-0.0495391,-0.0370335,0.0253478,0.0159859,0.0691473,0.00377587,1,0,-1,-0.00914258,0.0294927,-0.0834988,-0.0701835,0.166568,-0.309641,0.0378732,0,0.999828,-0.0157397,-0.00856278,-0.00470613,0.0642083,0.0783605,-0.0944768,0,0,-0.448208,1,0,-1,-0.00914258,StepApplied,,0.450023,1,5,0.785398,0,0,0,0,0,-0.448573,0.0163584,0.201002,0.0560675,0.635075,0.374179,0.545829,0.239208,nan,nan,nan,nan,nan,nan,nan,nan
6.34793,0.970204,0.0838232,-0.927354,0.023472,-0.137203,-0.000970595,-0.0483254,-0.0367244,0.0254633,0.0664586,0.00381879,0.00912027,1,0,-1,-0.00914258,0.0283066,-0.079632,-0.0726463,0.151462,-0.223952,0.0742998,0,0.999894,-0.0113788,-0.00777319,-0.00465961,0.0993305,0.0758383,-0.0950075,0,0,-0.447136,1,0,-1,-0.00914258,StepApplied,,0.45,1,5,0.785398,0,0,0,0,0,-0.448208,0.00664963,0.206714,0.0561775,0.645725,0.363021,0.542526,0.241561,nan,nan,nan,nan,nan,nan,nan,nan
6.36596,0.97106,0.0811187,-0.925915,0.0228384,-0.121063,0.00286729,-0.0476785,-0.0354662,0.025367,0.0441737,0.0859547,-0.00170948,1,0,-1,-0.00914258,0.0283066,-0.079632,-0.0726463,0.151462,-0.223952,0.0742998,0,0.999894,-0.0113788,-0.00777319,-0.00465961,0.0564284,0.0750802,-0.0945368,0,0,-0.447657,1,0,-1,-0.00914258,StepApplied,,0.450014,1,5,0.785398,0,0,0,0,0,-0.44676,0.00825344,0.20314,0.0565134,0.640952,0.365569,0.539352,0.241168,nan,nan,nan,nan,nan,nan,nan,nan
6.38352,0.972012,0.0782612,-0.92463,0.0257359,-0.132593,-0.00794993,-0.0466908,-0.0351806,0.0253986,0.0541183,0.00183815,0.00481579,1,0,-1,-0.00914258,0.0265883,-0.0743482,-0.0753705,0.151363,-0.242611,0.0861168,0,0.999883,-0.0123296,-0.00777254,-0.00466704,0.111804,0.0843625,-0.0947959,0,0,-0.445798,1,0,-1,-0.00914258,StepApplied,,0.45,1,5,0.785398,0,0,0,0,0,-0.445798,0.0211426,0.204441,0.0567786,0.63206,0.373067,0.548158,0.229907,nan,nan,nan,nan,nan,nan,nan,nan
6.39497,0.97247,0.0768975,-0.924042,0.0273865,-0.125726,-0.00386738,-0.0465459,-0.0346308,0.0252811,0.0160971,0.0623498,-0.0103811,1,0,-1,-0.00914258,0.0265883,-0.0743482,-0.0753705,0.151363,-0.242611,0.0861168,0,0.999883,-0.0123296,-0.00777254,-0.00466704,0.0637223,0.0825035,-0.094185,0,0,-0.447207,1,0,-1,-0.00914258,StepApplied,,0.45,1,5,0.785398,0,0,0,0,0,-0.446238,0.0152685,0.213824,0.0569606,0.64347,0.3629,0.550894,0.227687,nan,nan,nan,nan,nan,nan,nan,nan
6.40796,0.972934,0.0755286,-0.923497,0.0272935,-0.125957,-0.0100148,-0.0463626,-0.0340348,0.0251976,0.0203895,0.0669359,-0.0063151,1,0,-1,-0.00914258,0.0257124,-0.0717521,-0.0765027,0.149066,-0.279793,0.0873408,0,0.999858,-0.0142243,-0.00766402,-0.00468036,0.0671855,0.0793591,-0.0941241,0,0,-0.446225,1,0,-1,-0.00914258,StepApplied,,0.450021,1,5,0.785398,0,0,0,0,0,-0.447207,0.011512,0.213957,0.0571099,0.647339,0.361268,0.549151,0.231069,nan,nan,nan,nan,nan,nan,nan,nan
6.41658,0.973401,0.0741956,-0.922994,0.0301238,-0.136609,-0.0153736,-0.0459697,-0.0338335,0.0251846,0.0443451,0.0231466,-0.000574567,1,0,-1,-0.00914258,0.0257124,-0.0717521,-0.0765027,0.149066,-0.279793,0.0873408,0,0.999858,-0.0142243,-0.00766402,-0.00468036,0.102139,0.0835064,-0.0939917,0,0,-0.445283,1,0,-1,-0.00914258,StepApplied,,0.450021,1,5,0.785398,0,0,0,0,0,-0.446225,0.0162817,0.207386,0.057277,0.638505,0.368472,0.546732,0.231191,nan,nan,nan,nan,nan,nan,nan,nan
6.43091,0.973971,0.0728403,-0.922307,0.0341743,-0.135881,-0.0180948,-0.0455244,-0.0339269,0.0252268,0.0501359,-0.0100574,0.00406741,1,0,-1,-0.00914258,0.0247273,-0.0691982,-0.077693,0.107893,-0.205357,0.112598,0,0.999919,-0.0104415,-0.00554771,-0.00462924,0.096484,0.0920552,-0.0936035,0,0,-0.444958,1,0,-1,-0.00914258,StepApplied,,0.45,1,5,0.785398,0,0,0,0,0,-0.445283,0.0168749,0.219778,0.0573648,0.645994,0.359274,0.55488,0.220983,nan,nan,nan,nan,nan,nan,nan,nan
6.43617,0.975123,0.0701231,-0.921033,0.0361155,-0.119397,-0.0142535,-0.0452677,-0.0330268,0.02507,0.0292538,0.0562873,-0.00381884,1,0,-1,-0.00914258,0.0247273,-0.0691982,-0.077693,0.107893,-0.205357,0.112598,0,0.999919,-0.0104415,-0.00554771,-0.00462924,0.0481975,0.0910374,-0.0933453,0,0,-0.446517,1,0,-1,-0.00914258,StepApplied,,0.45,1,5,0.785398,0,0,0,0,0,-0.445283,0.0168749,0.219778,0.0573648,0.645994,0.359274,0.55488,0.220983,nan,nan,nan,nan,nan,nan,nan,nan
6.44836,0.975711,0.0687868,-0.920465,0.0366921,-0.133112,-0.0189363,-0.0447438,-0.0327638,0.0250766,0.0584401,0.029792,0.00196459,1,0,-1,-0.00914258,0.0230746,-0.0653474,-0.0795348,0.113959,-0.19657,0.105158,0,0.999922,-0.00999285,-0.00585519,-0.00462978,0.0500338,0.0892225,-0.0934575,0,0,-0.446131,1,0,-1,-0.00914258,StepApplied,,0.450007,1,5,0.785398,0,0,0,0,0,-0.446517,0.00650192,0.212331,0.0574811,0.649413,0.358556,0.543399,0.234699,nan,nan,nan,nan,nan,nan,nan,nan
6.45866,0.9763,0.0674368,-0.919914,0.0373135,-0.1386,-0.0215261,-0.0441681,-0.032688,0.0250383,0.0646708,0.00937476,-0.00397703,1,0,-1,-0.00914258,0.0230746,-0.0653474,-0.0795348,0.113959,-0.19657,0.105158,0,0.999922,-0.00999285,-0.00585519,-0.00462978,0.0947573,0.0869186,-0.0937589,0,0,-0.445294,1,0,-1,-0.00914258,StepApplied,,0.450007,1,5,0.785398,0,0,0,0,0,-0.446131,0.00269086,0.205795,0.0575311,0.64715,0.360147,0.535649,0.241577,nan,nan,nan,nan,nan,nan,nan,nan
6.47433,0.977464,0.0647827,-0.918942,0.0405852,-0.115843,-0.0210293,-0.0433013,-0.0313386,0.0247507,0.0546997,0.0959292,-0.0142253,1,0,-1,-0.00914258,0.0230746,-0.0653474,-0.0795348,0.113959,-0.19657,0.105158,0,0.999922,-0.00999285,-0.00585519,-0.00462978,0.0397574,0.0886454,-0.0924701,0,0,-0.445476,1,0,-1,-0.00914258,StepApplied,,0.45,1,5,0.785398,0,0,0,0,0,-0.445573,0.00200485,0.209408,0.0578276,0.649928,0.356845,0.536863,0.238654,nan,nan,nan,nan,nan,nan,nan,nan
6.48788,0.978056,0.0634225,-0.918514,0.0390898,-0.127611,-0.0236016,-0.0426517,-0.0309038,0.0247091,0.0725353,0.0492354,-0.00259981,1,0,-1,-0.00914258,0.0208466,-0.0602513,-0.0814857,0.117278,-0.214291,0.111706,0,0.999912,-0.0108956,-0.00602882,-0.00463699,0.0801575,0.0778035,-0.0925416,0,0,-0.445012,1,0,-1,-0.00914258,StepApplied,,0.45,1,5,0.785398,0,0,0,0,0,-0.445476,0.0021976,0.205703,0.0580054,0.647253,0.359682,0.534107,0.240862,nan,nan,nan,nan,nan,nan,nan,nan
6.49556,0.978708,0.0619517,-0.918132,0.0436373,-0.127984,-0.0290567,-0.0420824,-0.0306939,0.0246664,0.0632376,0.024083,-0.00378975,1,0,-1,-0.00914258,0.0208466,-0.0602513,-0.0814857,0.117278,-0.214291,0.111706,0,0.999912,-0.0108956,-0.00602882,-0.00463699,0.0802067,0.0874582,-0.0920639,0,0,-0.444112,1,0,-1,-0.00914258,StepApplied,,0.45,1,5,0.785398,0,0,0,0,0,-0.445012,0.010195,0.198368,0.0581112,0.636054,0.370166,0.534008,0.239821,nan,nan,nan,nan,nan,nan,nan,nan
6.50978,0.979301,0.0606118,-0.917753,0.0445322,-0.117081,-0.0236083,-0.0418295,-0.0301429,0.024539,0.0281972,0.0628686,-0.011704,1,0,-1,-0.00914258,0.0196637,-0.0575812,-0.0822474,0.0876208,-0.292483,0.1073,0,0.999868,-0.0148865,-0.004535,-0.00463915,0.0458364,0.086576,-0.0919472,0,0,-0.44532,1,0,-1,-0.00914258,StepApplied,,0.450028,1,5,0.785398,0,0,0,0,0,-0.444112,0.0175946,0.212658,0.058151,0.640065,0.364433,0.548401,0.223548,nan,nan,nan,nan,nan,nan,nan,nan
6.51811,0.979895,0.0592789,-0.917392,0.0454625,-0.116111,-0.0259125,-0.0415952,-0.0293591,0.0244376,0.0260555,0.0883022,-0.00767839,1,0,-1,-0.00914258,0.0196637,-0.0575812,-0.0822474,0.0876208,-0.292483,0.1073,0,0.999868,-0.0148865,-0.004535,-0.00463915,0.047798,0.0851527,-0.0919377,0,0,-0.445001,1,0,-1,-0.00914258,StepApplied,,0.450028,1,5,0.785398,0,0,0,0,0,-0.44532,0.0163612,0.201559,0.058169,0.634315,0.372636,0.540873,0.233456,nan,nan,nan,nan,nan,nan,nan,nan
6.5315,0.981886,0.0553822,-0.916113,0.0494675,-0.119519,-0.0274466,-0.0410985,-0.0280642,0.0244627,0.0177279,0.0628646,0.00229868,1,0,-1,-0.00914258,0.0196637,-0.0575812,-0.0822474,0.0876208,-0.292483,0.1073,0,0.999868,-0.0148865,-0.004535,-0.00463915,0.0980601,0.0902983,-0.0922872,0,0,-0.443807,1,0,-1,-0.00914258,StepApplied,,0.45,1,5,0.785398,0,0,0,0,0,-0.443608,0.026398,0.207253,0.0579141,0.629278,0.373739,0.550539,0.220876,nan,nan,nan,nan,nan,nan,nan,nan
6.54085,0.982583,0.0540754,-0.915679,0.0535548,-0.113324,-0.0293123,-0.0410312,-0.0275421,0.024463,0.00774893,0.0591921,0.00254013,1,0,-1,-0.00914258,0.0196637,-0.0575812,-0.0822474,0.0876208,-0.292483,0.1073,0,0.999868,-0.0148865,-0.004535,-0.00463915,0.0539231,0.0820847,-0.0921621,0,0,-0.445056,1,0,-1,-0.00914258,StepApplied,,0.450027,1,5,0.785398,0,0,0,0,0,-0.443807,0.020193,0.207217,0.0577467,0.633672,0.369409,0.546492,0.225656,nan,nan,nan,nan,nan,nan,nan,nan
6.5549,0.983303,0.0528006,-0.915275,0.0494853,-0.131362,-0.0301724,-0.0407288,-0.0270243,0.0245265,0.0340789,0.0581047,0.00953866,1,0,-1,-0.00914258,0.0165458,-0.0513716,-0.084321,0.0515963,-0.30059,0.116387,0,0.999869,-0.0153083,-0.00270044,-0.0046131,0.0392348,0.0902814,-0.0920558,0,0,-0.444877,1,0,-1,-0.00914258,StepApplied,,0.450027,1,5,0.785398,0,0,0,0,0,-0.444877,0.00970962,0.219221,0.0575029,0.650399,0.354334,0.548876,0.225899,nan,nan,nan,nan,nan,nan,nan,nan
6.5782,0.984695,0.0502675,-0.914459,0.0523949,-0.120748,-0.0306756,-0.0403782,-0.0267039,0.0246393,0.0153383,0.0389873,0.00400407,1,0,-1,-0.00914258,0.0151975,-0.0489478,-0.0851422,0.0864586,-0.141287,0.118656,0,0.999954,-0.00718289,-0.00444106,-0.00460316,0.0596904,0.0788368,-0.092952,0,0,-0.444923,1,0,-1,-0.00914258,StepApplied,,0.45,1,5,0.785398,0,0,0,0,0,-0.444619,0.0194186,0.212752,0.0569106,0.638109,0.364923,0.551503,0.223939,nan,nan,nan,nan,nan,nan,nan,nan
6.59125,0.986085,0.0477293,-0.913752,0.0496962,-0.126576,-0.0291505,-0.0399487,-0.0257615,0.0247316,0.0200457,0.0309967,0.00726044,1,0,-1,-0.00914258,0.0151975,-0.0489478,-0.0851422,0.0864586,-0.141287,0.118656,0,0.999954,-0.00718289,-0.00444106,-0.00460316,0.0855114,0.0648261,-0.093633,0,0,-0.44537,1,0,-1,-0.00914258,StepApplied,,0.45001,1,5,0.785398,0,0,0,0,0,-0.445591,0.0122817,0.209541,0.0564154,0.641362,0.362625,0.545654,0.232724,nan,nan,nan,nan,nan,nan,nan,nan
6.60552,0.986768,0.0465075,-0.913414,0.0499831,-0.134278,-0.0344861,-0.0395094,-0.0256043,0.0248888,0.0495145,0.0174996,0.0183115,1,0,-1,-0.00914258,0.0125703,-0.0441821,-0.0865861,0.0954173,-0.124231,0.121977,0,0.999958,-0.00631105,-0.00489363,-0.00460208,0.106947,0.0639037,-0.093961,0,0,-0.444459,1,0,-1,-0.00914258,StepApplied,,0.45,1,5,0.785398,0,0,0,0,0,-0.44537,0.00987961,0.209671,0.05616,0.642677,0.360357,0.544082,0.234365,nan,nan,nan,nan,nan,nan,nan,nan
6.61702,0.988319,0.0438156,-0.912664,0.0544517,-0.117029,-0.0266826,-0.0389467,-0.0248523,0.0249743,0.0262206,0.0579647,0.00765799,1,0,-1,-0.00914258,0.0125703,-0.0441821,-0.0865861,0.0954173,-0.124231,0.121977,0,0.999958,-0.00631105,-0.00489363,-0.00460208,0.0426072,0.0871969,-0.0935155,0,0,-0.445741,1,0,-1,-0.00914258,StepApplied,,0.45,1,5,0.785398,0,0,0,0,0,-0.444459,0.0188733,0.204864,0.0558294,0.631677,0.368875,0.546464,0.230822,nan,nan,nan,nan,nan,nan,nan,nan
6.63464,0.989933,0.0414228,-0.911732,0.0569616,-0.134626,-0.0320292,-0.0380565,-0.0246235,0.0251394,0.0633321,-0.00429815,0.009447,1,0,-1,-0.00914258,0.0103278,-0.0404856,-0.0878035,0.0707879,-0.119496,0.0975146,0,0.999964,-0.00607484,-0.00363645,-0.00459336,0.0538631,0.0732341,-0.0941542,0,0,-0.446212,1,0,-1,-0.00914258,StepApplied,,0.45003,1,5,0.785398,0,0,0,0,0,-0.446212,0.00645826,0.218781,0.0553678,0.651588,0.351546,0.549735,0.231981,nan,nan,nan,nan,nan,nan,nan,nan
6.65896,0.991517,0.0390808,-0.91088,0.0554721,-0.115561,-0.02355,-0.0373407,-0.0243504,0.0250465,0.0193589,0.0381977,-0.0074098,1,0,-1,-0.00914258,0.0088081,-0.0382405,-0.0887089,0.0564402,-0.279507,0.0866406,0,0.999884,-0.0142331,-0.00294247,-0.00461356,0.0476002,0.0730997,-0.0943244,0,0,-0.44731,1,0,-1,-0.00914258,StepApplied,,0.45,1,5,0.785398,0,0,0,0,0,-0.446225,0.00971974,0.217306,0.0552113,0.648095,0.354751,0.551167,0.230885,nan,nan,nan,nan,nan,nan,nan,nan
6.67042,0.992325,0.0378909,-0.910485,0.0542273,-0.12335,-0.0292874,-0.0371142,-0.0241033,0.0250537,0.0252764,0.0283217,0.00216733,1,0,-1,-0.00914258,0.0072917,-0.0359963,-0.0895153,0.0767646,-0.175144,0.0820979,0,0.999942,-0.00891073,-0.00395455,-0.00460659,0.0748415,0.0682657,-0.0944102,0,0,-0.446318,1,0,-1,-0.00914258,StepApplied,,0.45,1,5,0.785398,0,0,0,0,0,-0.44731,0.00971974,0.217306,0.0552113,0.648095,0.354751,0.551167,0.230885,nan,nan,nan,nan,nan,nan,nan,nan
6.68879,0.993905,0.0356175,-0.909717,0.0597565,-0.122731,-0.0328581,-0.0361747,-0.0242805,0.0250929,0.0532844,-0.02479,0.00130349,1,0,-1,-0.00914258,0.00579002,-0.0338367,-0.0902829,0.0293498,-0.190735,0.0911561,0,0.999941,-0.00971568,-0.00154067,-0.00458644,0.0669967,0.085228,-0.0940033,0,0,-0.445903,1,0,-1,-0.00914258,StepApplied,,0.45,1,5,0.785398,0,0,0,0,0,-0.446181,0.0160849,0.220352,0.0552567,0.645749,0.357101,0.557732,0.224143,nan,nan,nan,nan,nan,nan,nan,nan
6.69761,0.995465,0.0332837,-0.909049,0.0534996,-0.117332,-0.0267919,-0.0364009,-0.0234325,0.0250046,-0.033962,0.0454906,0.00056337,1,0,-1,-0.00914258,0.00579002,-0.0338367,-0.0902829,0.0293498,-0.190735,0.0911561,0,0.999941,-0.00971568,-0.00154067,-0.00458644,0.0481278,0.0665773,-0.0942249,0,0,-0.447304,1,0,-1,-0.00914258,StepApplied,,0.45,1,5,0.785398,0,0,0,0,0,-0.445903,0.0186445,0.209874,0.0552324,0.636228,0.366018,0.551883,0.229485,nan,nan,nan,nan,nan,nan,nan,nan
6.71328,0.997186,0.0308889,-0.908302,0.0572541,-0.110533,-0.0300558,-0.0359525,-0.0234968,0.0250049,0.0279487,-0.0120385,-0.00221519,1,0,-1,-0.00914258,0.00357396,-0.0305521,-0.091261,0.0868193,-0.112186,0.0857493,0,0.999963,-0.00570064,-0.00445372,-0.0045966,0.0967487,0.0603762,-0.09461,0,0,-0.446112,1,0,-1,-0.00914258,StepApplied,,0.450028,1,5,0.785398,0,0,0,0,0,-0.447304,0.0167044,0.213907,0.0551871,0.641807,0.36315,0.554806,0.229454,nan,nan,nan,nan,nan,nan,nan,nan
6.7334,0.998929,0.0286183,-0.907479,0.0500609,-0.123668,-0.030292,-0.0362295,-0.0226457,0.0249175,-0.0215696,0.0553772,0.00268051,1,0,-1,-0.00914258,0.00184777,-0.0282695,-0.0921154,0.0620769,-0.232748,0.0499173,0,0.999914,-0.0118494,-0.00321897,-0.00460967,0.0489277,0.0679473,-0.0939649,0,0,-0.44788,1,0,-1,-0.00914258,StepApplied,,0.450011,1,5,0.785398,0,0,0,0,0,-0.44788,0.0132782,0.217848,0.0551223,0.647528,0.358451,0.55581,0.229732,nan,nan,nan,nan,nan,nan,nan,nan
6.74892,0.999791,0.0275001,-0.907088,0.0546828,-0.123614,-0.0346266,-0.0358907,-0.0227418,0.0248851,0.037666,-0.00963931,-0.00354039,1,0,-1,-0.00914258,0.000198752,-0.0261251,-0.0929118,0.0515204,-0.137749,0.0799149,0,0.999961,-0.00700808,-0.00265787,-0.00458996,0.0859537,0.0713485,-0.0938392,0,0,-0.446383,1,0,-1,-0.00914258,StepApplied,,0.45,1,5,0.785398,0,0,0,0,0,-0.447067,0.0188383,0.210844,0.0550761,0.637784,0.366476,0.554024,0.229983,nan,nan,nan,nan,nan,nan,nan,nan
6.758,1.00065,0.0264179,-0.90671,0.0567234,-0.110618,-0.0298372,-0.0356023,-0.0230829,0.0248552,0.0320627,-0.036948,-0.00422653,1,0,-1,-0.00914258,0.000198752,-0.0261251,-0.0929118,0.0515204,-0.137749,0.0799149,0,0.999961,-0.00700808,-0.00265787,-0.00458996,0.0452325,0.0779247,-0.0932003,0,0,-0.447462,1,0,-1,-0.00914258,StepApplied,,0.45,1,5,0.785398,0,0,0,0,0,-0.446383,0.0247905,0.218982,0.0551273,0.638698,0.364297,0.56325,0.219287,nan,nan,nan,nan,nan,nan,nan,nan
6.76569,1.0015,0.0253177,-0.90635,0.055584,-0.105869,-0.0247756,-0.035581,-0.0228736,0.0246785,0.00191801,0.0247508,-0.018287,1,0,-1,-0.00914258,0.000198752,-0.0261251,-0.0929118,0.0515204,-0.137749,0.0799149,0,0.999961,-0.00700808,-0.00265787,-0.00458996,0.0355725,0.0755438,-0.0927938,0,0,-0.448534,1,0,-1,-0.00914258,StepApplied,,0.450056,1,5,0.785398,0,0,0,0,0,-0.447462,0.0147083,0.22411,0.0552711,0.650675,0.354765,0.560679,0.223728,nan,nan,nan,nan,nan,nan,nan,nan
6.7769,1.00234,0.0242336,-0.906007,0.0545483,-0.107946,-0.0261438,-0.0356228,-0.0226931,0.0244869,-0.00516222,0.021819,-0.0202512,1,0,-1,-0.00914258,-0.00142705,-0.0240518,-0.0936496,0.0460721,-0.255632,0.036584,0,0.999902,-0.0130202,-0.00240854,-0.00460298,0.0483792,0.0728606,-0.0924302,0,0,-0.448368,1,0,-1,-0.00914258,StepApplied,,0.450056,1,5,0.785398,0,0,0,0,0,-0.447462,0.0147083,0.22411,0.0552711,0.650675,0.354765,0.560679,0.223728,nan,nan,nan,nan,nan,nan,nan,nan
6.79084,1.00402,0.0220902,-0.90537,0.0586697,-0.115729,-0.031702,-0.0349564,-0.0233579,0.0240314,0.0414225,-0.0482938,-0.0289031,1,0,-1,-0.00914258,-0.00382011,-0.0209857,-0.0946302,0.0180712,-0.1552,0.0555727,0,0.999958,-0.00790774,-0.000957481,-0.00457898,0.0774662,0.0730499,-0.0916077,0,0,-0.447386,1,0,-1,-0.00914258,StepApplied,,0.45,1,5,0.785398,0,0,0,0,0,-0.448368,0.0161388,0.222769,0.0559482,0.650298,0.358308,0.560972,0.223893,nan,nan,nan,nan,nan,nan,nan,nan
6.79908,1.00485,0.0210265,-0.905083,0.0569939,-0.0983448,-0.0246443,-0.0350318,-0.0232622,0.0237017,-0.00925112,0.0127491,-0.0358702,1,0,-1,-0.00914258,-0.00382011,-0.0209857,-0.0946302,0.0180712,-0.1552,0.0555727,0,0.999958,-0.00790774,-0.000957481,-0.00457898,0.0758143,0.085871,-0.0906414,0,0,-0.447507,1,0,-1,-0.00914258,StepApplied,,0.45,1,5,0.785398,0,0,0,0,0,-0.447386,0.0200758,0.217534,0.0564896,0.643372,0.364354,0.558534,0.223286,nan,nan,nan,nan,nan,nan,nan,nan
6.81269,1.0066,0.0189117,-0.904398,0.0577023,-0.107173,-0.0297352,-0.0350872,-0.0230902,0.0230369,0.0097447,-0.00519642,-0.0373764,1,0,-1,-0.00914258,-0.00382011,-0.0209857,-0.0946302,0.0180712,-0.1552,0.0555727,0,0.999958,-0.00790774,-0.000957481,-0.00457898,0.0301604,0.0803794,-0.0883756,0,0,-0.448962,1,0,-1,-0.00914258,StepApplied,,0.450044,1,5,0.785398,0,0,0,0,0,-0.449038,0.012464,0.220583,0.0575944,0.653666,0.359572,0.555853,0.227062,nan,nan,nan,nan,nan,nan,nan,nan
6.82258,1.0075,0.0178683,-0.903996,0.0596661,-0.10886,-0.0326519,-0.0349927,-0.0234489,0.0227803,0.00984126,-0.0379821,-0.0294339,1,0,-1,-0.00914258,-0.00382011,-0.0209857,-0.0946302,0.0180712,-0.1552,0.0555727,0,0.999958,-0.00790774,-0.000957481,-0.00457898,0.067803,0.0845907,-0.087831,0,0,-0.44823,1,0,-1,-0.00914258,StepApplied,,0.45,1,5,0.785398,0,0,0,0,0,-0.44823,0.0229332,0.210939,0.0581507,0.639192,0.373543,0.555076,0.22511,nan,nan,nan,nan,nan,nan,nan,nan
6.8374,1.00849,0.0166517,-0.903677,0.0563888,-0.0988658,-0.0286893,-0.035305,-0.0232016,0.0223832,-0.0358326,0.0299873,-0.0427007,1,0,-1,-0.00914258,-0.00712754,-0.0169749,-0.0960042,0.0133055,-0.160154,0.0490467,0,0.999956,-0.00816286,-0.000715803,-0.00457727,0.0448632,0.0780964,-0.0859403,0,0,-0.448717,1,0,-1,-0.00914258,StepApplied,,0.45,1,5,0.785398,0,0,0,0,0,-0.44781,0.0234504,0.21938,0.0587336,0.644957,0.368101,0.560405,0.217774,nan,nan,nan,nan,nan,nan,nan,nan
6.85797,1.01025,0.0145882,-0.903047,0.0580602,-0.107654,-0.0397084,-0.0356853,-0.0225885,0.0215222,-0.00775089,0.0258624,-0.0424173,1,0,-1,-0.00914258,-0.00891008,-0.0148203,-0.0966573,0.0265619,-0.213269,0.0490534,0,0.999929,-0.0108648,-0.00140381,-0.00458678,0.0550399,0.0817089,-0.0842372,0,0,-0.447857,1,0,-1,-0.00914258,StepApplied,,0.450018,1,5,0.785398,0,0,0,0,0,-0.447857,0.0246764,0.210854,0.0598839,0.639258,0.376195,0.554143,0.22183,nan,nan,nan,nan,nan,nan,nan,nan
6.87264,1.0129,0.011369,-0.902339,0.0610632,-0.0997625,-0.0376557,-0.0356197,-0.0215215,0.0201106,0.000923248,0.0731773,-0.0584835,1,0,-1,-0.00914258,-0.00891008,-0.0148203,-0.0966573,0.0265619,-0.213269,0.0490534,0,0.999929,-0.0108648,-0.00140381,-0.00458678,0.056407,0.0848141,-0.0802346,0,0,-0.448141,1,0,-1,-0.00914258,StepApplied,,0.450003,1,5,0.785398,0,0,0,0,0,-0.447208,0.0241623,0.211792,0.0609578,0.64071,0.375594,0.552721,0.219808,nan,nan,nan,nan,nan,nan,nan,nan
6.88692,1.01376,0.0103396,-0.902156,0.0601036,-0.109332,-0.0429181,-0.0353431,-0.0212007,0.0195966,0.0295613,0.0385246,-0.0554632,1,0,-1,-0.00914258,-0.0130703,-0.00982258,-0.097844,0.0104389,-0.116491,0.0749633,0,0.999972,-0.00593644,-0.000559356,-0.00457467,0.0617186,0.0858679,-0.0788279,0,0,-0.447531,1,0,-1,-0.00914258,StepApplied,,0.45,1,5,0.785398,0,0,0,0,0,-0.448141,0.0167938,0.210974,0.0616842,0.647,0.37262,0.547139,0.225803,nan,nan,nan,nan,nan,nan,nan,nan
6.89449,1.01461,0.00930725,-0.901993,0.0661047,-0.110618,-0.0431576,-0.0350506,-0.0209442,0.019079,0.0311674,0.0311851,-0.0558508,1,0,-1,-0.00914258,-0.0130703,-0.00982258,-0.097844,0.0104389,-0.116491,0.0749633,0,0.999972,-0.00593644,-0.000559356,-0.00457467,0.0921444,0.0809371,-0.0776949,0,0,-0.446592,1,0,-1,-0.00914258,StepApplied,,0.45,1,5,0.785398,0,0,0,0,0,-0.447531,0.0148628,0.213021,0.0624325,0.649951,0.369946,0.545862,0.224363,nan,nan,nan,nan,nan,nan,nan,nan
6.90971,1.01545,0.00826518,-0.901851,0.064693,-0.0952956,-0.0391521,-0.0349848,-0.0206681,0.0184801,0.00594647,0.0339812,-0.0654709,1,0,-1,-0.00914258,-0.0146811,-0.00785192,-0.0981495,-0.0168799,-0.231214,0.057159,0,0.99992,-0.01179,0.000806673,-0.00456208,0.0935518,0.0978708,-0.0757542,0,0,-0.446624,1,0,-1,-0.00914258,StepApplied,,0.45,1,5,0.785398,0,0,0,0,0,-0.446592,0.0233491,0.210638,0.0631106,0.642005,0.377371,0.548563,0.218429,nan,nan,nan,nan,nan,nan,nan,nan
6.91863,1.01638,0.00726333,-0.901543,0.0663093,-0.0881522,-0.0404905,-0.0348065,-0.0199729,0.0178796,0.0184702,0.0804259,-0.0636861,1,0,-1,-0.00914258,-0.0146811,-0.00785192,-0.0981495,-0.0168799,-0.231214,0.057159,0,0.99992,-0.01179,0.000806673,-0.00456208,0.0445739,0.0886733,-0.0738707,0,0,-0.447523,1,0,-1,-0.00914258,StepApplied,,0.45,1,5,0.785398,0,0,0,0,0,-0.447523,0.0126221,0.214853,0.0639268,0.654318,0.368553,0.544072,0.22315,nan,nan,nan,nan,nan,nan,nan,nan
6.93043,1.01824,0.0052699,-0.901022,0.0684985,-0.108306,-0.0474503,-0.0343718,-0.0193177,0.0168008,0.0165045,0.0179883,-0.0567864,1,0,-1,-0.00914258,-0.0146811,-0.00785192,-0.0981495,-0.0168799,-0.231214,0.057159,0,0.99992,-0.01179,0.000806673,-0.00456208,0.0949295,0.0918349,-0.0700629,0,0,-0.446195,1,0,-1,-0.00914258,StepApplied,,0.450005,1,5,0.785398,0,0,0,0,0,-0.446504,0.0209005,0.207075,0.0653028,0.64332,0.380263,0.542034,0.220398,nan,nan,nan,nan,nan,nan,nan,nan
6.94545,1.01915,0.0043003,-0.900799,0.0676889,-0.0919045,-0.0444714,-0.0341253,-0.0188047,0.0161423,0.0258413,0.0601646,-0.0703954,1,0,-1,-0.00914258,-0.0181884,-0.00408528,-0.0992014,-0.0274245,-0.230247,0.0700634,0,0.99992,-0.0117433,0.0013445,-0.00455579,0.0423013,0.0864107,-0.0682621,0,0,-0.446922,1,0,-1,-0.00914258,StepApplied,,0.450013,1,5,0.785398,0,0,0,0,0,-0.446195,0.0219399,0.212723,0.065991,0.646958,0.377384,0.545765,0.214674,nan,nan,nan,nan,nan,nan,nan,nan
6.95514,1.02005,0.00331704,-0.900619,0.0713625,-0.0860385,-0.0459361,-0.0340501,-0.0181999,0.015496,0.00699354,0.0709764,-0.0694277,1,0,-1,-0.00914258,-0.0181884,-0.00408528,-0.0992014,-0.0274245,-0.230247,0.0700634,0,0.99992,-0.0117433,0.0013445,-0.00455579,0.0304643,0.0959559,-0.0664867,0,0,-0.446767,1,0,-1,-0.00914258,StepApplied,,0.450013,1,5,0.785398,0,0,0,0,0,-0.446922,0.0201569,0.211949,0.0666739,0.649081,0.378081,0.544001,0.216527,nan,nan,nan,nan,nan,nan,nan,nan
6.97609,1.0227,0.000484239,-0.900281,0.0673033,-0.0892362,-0.0549166,-0.0332381,-0.0168521,0.013767,0.0335584,0.0509698,-0.0666598,1,0,-1,-0.00914258,-0.0199025,-0.00222731,-0.0995193,-0.0146513,-0.136075,0.089733,0,0.999965,-0.00693944,0.000715134,-0.00456642,0.0857167,0.068561,-0.0630721,0,0,-0.445025,1,0,-1,-0.00914258,StepApplied,,0.45,1,5,0.785398,0,0,0,0,0,-0.445926,0.0209768,0.212945,0.0677686,0.649303,0.378054,0.543195,0.213151,nan,nan,nan,nan,nan,nan,nan,nan
6.99074,1.02448,-0.00148753,-0.900298,0.0639111,-0.09671,-0.0602598,-0.0324099,-0.0153318,0.0125883,0.0573889,0.0710866,-0.06289,1,0,-1,-0.00914258,-0.0199025,-0.00222731,-0.0995193,-0.0146513,-0.136075,0.089733,0,0.999965,-0.00693944,0.000715134,-0.00456642,0.0527227,0.0690221,-0.0596122,0,0,-0.445425,1,0,-1,-0.00914258,StepApplied,,0.45,1,5,0.785398,0,0,0,0,0,-0.445255,0.0115682,0.216631,0.0687256,0.658849,0.36908,0.53752,0.21557,nan,nan,nan,nan,nan,nan,nan,nan
7.00563,1.02531,-0.00236569,-0.900292,0.0649744,-0.0943839,-0.0593947,-0.0318858,-0.0148716,0.0120488,0.0573701,0.0538664,-0.0579047,1,0,-1,-0.00914258,-0.0240476,0.00224741,-0.0997079,-0.0151111,-0.159104,0.121503,0,0.999956,-0.00811734,0.000733577,-0.00456547,0.0629731,0.0640582,-0.0571452,0,0,-0.444484,1,0,-1,-0.00914258,StepApplied,,0.45,1,5,0.785398,0,0,0,0,0,-0.444279,0.0167398,0.199627,0.0692805,0.642747,0.38434,0.52763,0.2224,nan,nan,nan,nan,nan,nan,nan,nan
7.01524,1.02623,-0.00324553,-0.900168,0.0644645,-0.0794644,-0.054863,-0.031452,-0.0141364,0.0113411,0.0470806,0.0850112,-0.0756913,1,0,-1,-0.00914258,-0.0240476,0.00224741,-0.0997079,-0.0151111,-0.159104,0.121503,0,0.999956,-0.00811734,0.000733577,-0.00456547,0.0174505,0.0621336,-0.0553606,0,0,-0.445475,1,0,-1,-0.00914258,StepApplied,,0.45,1,5,0.785398,0,0,0,0,0,-0.444484,0.00965077,0.202774,0.0698403,0.650749,0.377866,0.524486,0.224833,nan,nan,nan,nan,nan,nan,nan,nan
7.0227,1.02714,-0.00409574,-0.900073,0.0598434,-0.0813144,-0.055009,-0.0310363,-0.0130737,0.0106196,0.0450784,0.121726,-0.0759773,1,0,-1,-0.00914258,-0.0240476,0.00224741,-0.0997079,-0.0151111,-0.159104,0.121503,0,0.999956,-0.00811734,0.000733577,-0.00456547,0.0296304,0.0470096,-0.05388,0,0,-0.445462,1,0,-1,-0.00914258,StepApplied,,0.450011,1,5,0.785398,0,0,0,0,0,-0.445475,0.0013205,0.198377,0.070481,0.655162,0.376717,0.515839,0.234182,nan,nan,nan,nan,nan,nan,nan,nan
7.03662,1.02803,-0.00490815,-0.900005,0.0570665,-0.0956767,-0.0601012,-0.0304621,-0.0121981,0.00999014,0.0626049,0.100006,-0.066104,1,0,-1,-0.00914258,-0.0257814,0.00389095,-0.0999267,0.0157363,-0.228989,0.101786,0,0.999921,-0.0116683,-0.000855589,-0.00458156,0.0762143,0.0379607,-0.0523646,0,0,-0.444484,1,0,-1,-0.00914258,StepApplied,,0.450011,1,5,0.785398,0,0,0,0,0,-0.445462,0.00530373,0.192524,0.0710258,0.648738,0.384204,0.513961,0.234945,nan,nan,nan,nan,nan,nan,nan,nan
7.04949,1.0289,-0.00571744,-0.899956,0.0606123,-0.0917836,-0.064714,-0.0296246,-0.0116246,0.00937504,0.0927992,0.0671327,-0.0662793,1,0,-1,-0.00914258,-0.027457,0.00543157,-0.100044,-0.00991809,-0.144258,0.138378,0,0.999962,-0.00735776,0.000472105,-0.00456792,0.0601855,0.0484697,-0.0501739,0,0,-0.443698,1,0,-1,-0.00914258,StepApplied,,0.45,1,5,0.785398,0,0,0,0,0,-0.444484,0.00641394,0.199116,0.0716117,0.652222,0.379936,0.517842,0.227936,nan,nan,nan,nan,nan,nan,nan,nan
7.05841,1.03062,-0.00733706,-0.899971,0.0587951,-0.0785732,-0.0636449,-0.0286185,-0.00975595,0.00808216,0.0525136,0.108701,-0.0681174,1,0,-1,-0.00914258,-0.027457,0.00543157,-0.100044,-0.00991809,-0.144258,0.138378,0,0.999962,-0.00735776,0.000472105,-0.00456792,0.0252132,0.0439733,-0.0474583,0,0,-0.444597,1,0,-1,-0.00914258,StepApplied,,0.45,1,5,0.785398,0,0,0,0,0,-0.443698,0.0143327,0.196943,0.0721847,0.644874,0.386859,0.520548,0.222513,nan,nan,nan,nan,nan,nan,nan,nan
7.07187,1.03148,-0.00810333,-0.900033,0.0555765,-0.0923601,-0.0681091,-0.0279876,-0.00890894,0.00747832,0.0694752,0.0969791,-0.0639578,1,0,-1,-0.00914258,-0.0299037,0.00769816,-0.0999674,0.0131266,-0.110857,0.150264,0,0.999973,-0.00564646,-0.000694812,-0.00457527,0.0194613,0.0384495,-0.0458638,0,0,-0.444024,1,0,-1,-0.00914258,StepApplied,,0.45,1,5,0.785398,0,0,0,0,0,-0.443698,0.00278122,0.20077,0.0725965,0.657058,0.377295,0.515571,0.228464,nan,nan,nan,nan,nan,nan,nan,nan
7.08142,1.03314,-0.00961949,-0.900201,0.0516402,-0.0776756,-0.0664319,-0.0272423,-0.00783029,0.00640917,0.0219939,0.0913967,-0.0580033,1,0,-1,-0.00914258,-0.0314811,0.00913851,-0.0997988,0.0276241,-0.225819,0.143644,0,0.999922,-0.0115062,-0.00146115,-0.00458837,0.0546789,0.032567,-0.0430849,0,0,-0.44252,1,0,-1,-0.00914258,StepApplied,,0.45,1,5,0.785398,0,0,0,0,0,-0.443698,0.00278122,0.20077,0.0725965,0.657058,0.377295,0.515571,0.228464,nan,nan,nan,nan,nan,nan,nan,nan
7.09197,1.03394,-0.0103522,-0.900342,0.0503932,-0.0714618,-0.0685665,-0.0269914,-0.00712973,0.00588731,0.027375,0.080327,-0.0554447,1,0,-1,-0.00914258,-0.0314811,0.00913851,-0.0997988,0.0276241,-0.225819,0.143644,0,0.999922,-0.0115062,-0.00146115,-0.00458837,0.00254675,0.0193437,-0.0411812,0,0,-0.443194,1,0,-1,-0.00914258,StepApplied,,0.450023,1,5,0.785398,0,0,0,0,0,-0.44252,0.0159937,0.197541,0.0735125,0.644271,0.38776,0.519641,0.218409,nan,nan,nan,nan,nan,nan,nan,nan
7.1057,1.03481,-0.0111474,-0.900589,0.0503868,-0.0828371,-0.0746269,-0.0264621,-0.0068121,0.00546125,0.0584903,0.0373681,-0.0459671,1,0,-1,-0.00914258,-0.0330741,0.01059,-0.099411,0.0152485,-0.152568,0.176321,0,0.999959,-0.00777582,-0.000813131,-0.00457773,0.043762,0.0202727,-0.0398801,0,0,-0.441963,1,0,-1,-0.00914258,StepApplied,,0.450023,1,5,0.785398,0,0,0,0,0,-0.443551,0.00737752,0.209547,0.0737369,0.660108,0.374433,0.522839,0.216823,nan,nan,nan,nan,nan,nan,nan,nan
7.12507,1.0356,-0.0118194,-0.90077,0.0478632,-0.0723141,-0.0689132,-0.0260692,-0.00668628,0.00511441,0.04336,0.0157381,-0.0377384,1,0,-1,-0.00914258,-0.0330741,0.01059,-0.099411,0.0152485,-0.152568,0.176321,0,0.999959,-0.00777582,-0.000813131,-0.00457773,0.0109451,0.0147939,-0.0388723,0,0,-0.443067,1,0,-1,-0.00914258,StepApplied,,0.45,1,5,0.785398,0,0,0,0,0,-0.441963,0.010901,0.210156,0.0737998,0.656523,0.374969,0.524111,0.21225,nan,nan,nan,nan,nan,nan,nan,nan
7.13356,1.0381,-0.0137509,-0.901154,0.046168,-0.0758231,-0.0729196,-0.0256971,-0.00583852,0.00404203,0.0236259,0.00200421,-0.0304492,1,0,-1,-0.00914258,-0.0330741,0.01059,-0.099411,0.0152485,-0.152568,0.176321,0,0.999959,-0.00777582,-0.000813131,-0.00457773,0.0163041,0.0133444,-0.0367049,0,0,-0.442376,1,0,-1,-0.00914258,StepApplied,,0.450019,1,5,0.785398,0,0,0,0,0,-0.443067,0.015406,0.213151,0.073685,0.656444,0.377026,0.530631,0.208167,nan,nan,nan,nan,nan,nan,nan,nan
7.1444,1.03895,-0.0143216,-0.901264,0.0489304,-0.0631087,-0.0727876,-0.0257503,-0.00587109,0.00372375,-0.00632042,-0.00177739,-0.0348997,1,0,-1,-0.00914258,-0.0369981,0.0136055,-0.0987363,-0.0170028,-0.249156,0.169179,0,0.999909,-0.0127048,0.000808784,-0.00456136,0.0163041,0.0133444,-0.0367049,0,0,-0.442376,1,0,-1,-0.00914258,StepApplied,,0.45,1,5,0.785398,0,0,0,0,0,-0.442376,0.0147799,0.211301,0.0734853,0.654688,0.377001,0.528391,0.209426,nan,nan,nan,nan,nan,nan,nan,nan
7.1541,1.03977,-0.014903,-0.901396,0.0485951,-0.0543061,-0.0686453,-0.0257131,-0.00556885,0.00330718,0.00369948,0.035756,-0.0448964,1,0,-1,-0.00914258,-0.0369981,0.0136055,-0.0987363,-0.0170028,-0.249156,0.169179,0,0.999909,-0.0127048,0.000808784,-0.00456136,0.039392,0.0196462,-0.0357448,0,0,-0.442267,1,0,-1,-0.00914258,StepApplied,,0.45,1,5,0.785398,0,0,0,0,0,-0.442267,0.0247178,0.205771,0.0734049,0.643561,0.387749,0.531481,0.206279,nan,nan,nan,nan,nan,nan,nan,nan
7.17123,1.04059,-0.0154925,-0.901551,0.0476888,-0.0577247,-0.0715466,-0.0258774,-0.00534251,0.00299036,-0.0185841,0.0268628,-0.0338451,1,0,-1,-0.00914258,-0.0385615,0.0147179,-0.0984491,-0.0127423,-0.248444,0.16436,0,0.999909,-0.0126662,0.000591676,-0.00456414,0.00174422,0.0278165,-0.0330909,0,0,-0.4426,1,0,-1,-0.00914258,StepApplied,,0.450016,1,5,0.785398,0,0,0,0,0,-0.44238,0.0108684,0.211543,0.0733417,0.657486,0.373924,0.525943,0.212168,nan,nan,nan,nan,nan,nan,nan,nan
7.18645,1.04218,-0.0165603,-0.901909,0.0477453,-0.0616609,-0.0751662,-0.0257893,-0.00554816,0.00254834,0.000958228,-0.0167274,-0.0253588,1,0,-1,-0.00914258,-0.0400738,0.0157323,-0.0980907,-0.0235595,-0.207424,0.179345,0,0.999933,-0.0105792,0.00115277,-0.00455933,0.0184789,0.0307918,-0.0316761,0,0,-0.44187,1,0,-1,-0.00914258,StepApplied,,0.450016,1,5,0.785398,0,0,0,0,0,-0.443199,0.0133945,0.21641,0.0732201,0.659838,0.372966,0.532108,0.207883,nan,nan,nan,nan,nan,nan,nan,nan
7.19631,1.04295,-0.0171068,-0.90212,0.0480737,-0.051906,-0.069098,-0.0258981,-0.0053103,0.00222307,-0.0124998,0.0282571,-0.034967,1,0,-1,-0.00914258,-0.0400738,0.0157323,-0.0980907,-0.0235595,-0.207424,0.179345,0,0.999933,-0.0105792,0.00115277,-0.00455933,-0.00729466,0.0339001,-0.030911,0,0,-0.443037,1,0,-1,-0.00914258,StepApplied,,0.450016,1,5,0.785398,0,0,0,0,0,-0.44187,0.013544,0.210493,0.0729214,0.653921,0.375628,0.527004,0.210928,nan,nan,nan,nan,nan,nan,nan,nan
7.2165,1.04451,-0.0182112,-0.902666,0.0467076,-0.0658383,-0.0781184,-0.0261239,-0.00540146,0.00173188,0.00164945,-0.0132309,-0.0240403,1,0,-1,-0.00914258,-0.0415175,0.0167641,-0.0976718,-0.0205439,-0.232206,0.158209,0,0.999919,-0.0118413,0.000993236,-0.00455983,0.0480237,0.0302182,-0.0297222,0,0,-0.441203,1,0,-1,-0.00914258,StepApplied,,0.450029,1,5,0.785398,0,0,0,0,0,-0.443037,0.0178748,0.216365,0.0728035,0.656059,0.375587,0.535499,0.205001,nan,nan,nan,nan,nan,nan,nan,nan
7.22925,1.04681,-0.0196243,-0.903298,0.0415269,-0.0570302,-0.0801735,-0.0271905,-0.00509132,0.00111252,-0.0417399,0.0265126,-0.0167335,1,0,-1,-0.00914258,-0.0437154,0.0182259,-0.0969032,-0.0103663,-0.266292,0.173165,0,0.999897,-0.0135753,0.000466399,-0.00456536,0.0480237,0.0302182,-0.0297222,0,0,-0.441203,1,0,-1,-0.00914258,StepApplied,,0.450023,1,5,0.785398,0,0,0,0,0,-0.442298,0.0173064,0.202462,0.0724306,0.645519,0.383905,0.524906,0.214863,nan,nan,nan,nan,nan,nan,nan,nan
7.23866,1.04758,-0.0200493,-0.90351,0.0393215,-0.0578782,-0.0802678,-0.02744,-0.00530131,0.000960234,-0.028056,-0.021956,-0.0168558,1,0,-1,-0.00914258,-0.0437154,0.0182259,-0.0969032,-0.0103663,-0.266292,0.173165,0,0.999897,-0.0135753,0.000466399,-0.00456536,0.000127145,0.0247055,-0.0282547,0,0,-0.442226,1,0,-1,-0.00914258,StepApplied,,0.45,1,5,0.785398,0,0,0,0,0,-0.442226,0.0164177,0.212743,0.0722003,0.653115,0.375704,0.531702,0.208384,nan,nan,nan,nan,nan,nan,nan,nan
7.25583,1.04831,-0.0204815,-0.90374,0.0355351,-0.0401274,-0.074248,-0.0280067,-0.00512268,0.000891398,-0.0629786,0.0209215,-0.00635785,1,0,-1,-0.00914258,-0.0452033,0.0190468,-0.0964902,0.0121391,-0.172303,0.203211,0,0.999951,-0.00877962,-0.00065894,-0.00457723,0.0417289,0.0156837,-0.0278501,0,0,-0.440744,1,0,-1,-0.00914258,StepApplied,,0.45,1,5,0.785398,0,0,0,0,0,-0.44079,0.0317331,0.202221,0.0719475,0.633157,0.392285,0.533913,0.203806,nan,nan,nan,nan,nan,nan,nan,nan
7.27722,1.04975,-0.0213227,-0.904242,0.033908,-0.0530132,-0.0762815,-0.0292897,-0.00428288,0.000658528,-0.0632195,0.0424344,-0.00575333,1,0,-1,-0.00914258,-0.0465761,0.0198576,-0.0960169,0.0125899,-0.273574,0.172051,0,0.999892,-0.013942,-0.000705644,-0.00458155,0.0476568,0.00816033,-0.027203,0,0,-0.441393,1,0,-1,-0.00914258,StepApplied,,0.450026,1,5,0.785398,0,0,0,0,0,-0.442306,0.0246638,0.20216,0.0713163,0.638997,0.388214,0.531016,0.210996,nan,nan,nan,nan,nan,nan,nan,nan
7.29096,1.05045,-0.0217412,-0.904504,0.0345235,-0.0509162,-0.0786552,-0.0297307,-0.00435172,0.000592578,-0.0492978,-0.00657006,-0.00688975,1,0,-1,-0.00914258,-0.0479275,0.0206541,-0.0954965,0.00721113,-0.190743,0.199266,0,0.999942,-0.00972174,-0.000412091,-0.00457549,0.0435045,0.0129084,-0.0266499,0,0,-0.44094,1,0,-1,-0.00914258,StepApplied,,0.45,1,5,0.785398,0,0,0,0,0,-0.441393,0.0354971,0.197521,0.0711001,0.626928,0.398025,0.534702,0.205917,nan,nan,nan,nan,nan,nan,nan,nan
7.3016,1.05113,-0.0221221,-0.904783,0.0353831,-0.034466,-0.0744474,-0.0304988,-0.00429779,0.000495752,-0.0857584,0.00718561,-0.00993399,1,0,-1,-0.00914258,-0.0479275,0.0206541,-0.0954965,0.00721113,-0.190743,0.199266,0,0.999942,-0.00972174,-0.000412091,-0.00457549,-0.00431892,0.0185384,-0.0263664,0,0,-0.441813,1,0,-1,-0.00914258,StepApplied,,0.45,1,5,0.785398,0,0,0,0,0,-0.44094,0.0342712,0.214276,0.0709258,0.639015,0.384683,0.545398,0.194663,nan,nan,nan,nan,nan,nan,nan,nan
7.31112,1.05244,-0.0228787,-0.905411,0.0286732,-0.036495,-0.0760789,-0.031434,-0.00388783,0.000302071,-0.0417966,-0.0122698,-0.00667559,1,0,-1,-0.00914258,-0.0498184,0.0217348,-0.094589,0.0314154,-0.250231,0.191523,0,0.999907,-0.0127486,-0.00166005,-0.00459279,-0.00938283,0.0133125,-0.0261557,0,0,-0.442028,1,0,-1,-0.00914258,StepApplied,,0.45,1,5,0.785398,0,0,0,0,0,-0.44094,0.0342712,0.214276,0.0709258,0.639015,0.384683,0.545398,0.194663,nan,nan,nan,nan,nan,nan,nan,nan
7.32142,1.05387,-0.0235466,-0.905875,0.0355845,-0.0410825,-0.0780329,-0.0322961,-0.00458604,-2.18139e-05,-0.067851,-0.0239149,-0.0250625,1,0,-1,-0.00914258,-0.051178,0.0223693,-0.0941246,-0.0380745,-0.204176,0.200584,0,0.999934,-0.0104164,0.00189341,-0.00455177,-0.00938283,0.0133125,-0.0261557,0,0,-0.442028,1,0,-1,-0.00914258,StepApplied,,0.45,1,5,0.785398,0,0,0,0,0,-0.442028,0.0342712,0.214276,0.0709258,0.639015,0.384683,0.545398,0.194663,nan,nan,nan,nan,nan,nan,nan,nan
7.33094,1.05462,-0.0239854,-0.906261,0.0292346,-0.0240907,-0.0750787,-0.0327649,-0.0046729,-0.000319223,-0.0524984,-0.00760564,-0.0326149,1,0,-1,-0.00914258,-0.051178,0.0223693,-0.0941246,-0.0380745,-0.204176,0.200584,0,0.999934,-0.0104164,0.00189341,-0.00455177,0.0362272,0.013764,-0.0252784,0,0,-0.440837,1,0,-1,-0.00914258,StepApplied,,0.45,1,5,0.785398,0,0,0,0,0,-0.440837,0.0288167,0.212128,0.0705366,0.640861,0.381853,0.540309,0.200325,nan,nan,nan,nan,nan,nan,nan,nan
7.34825,1.05528,-0.0242989,-0.906546,0.0267749,-0.0425751,-0.0786148,-0.0331974,-0.00484307,-0.000537289,-0.0481816,-0.0170898,-0.0239897,1,0,-1,-0.00914258,-0.0525203,0.0230839,-0.0934541,0.0199764,-0.171883,0.20497,0,0.999951,-0.00875748,-0.00105849,-0.00458071,0.0627082,0.0129066,-0.0234074,0,0,-0.440663,1,0,-1,-0.00914258,StepApplied,,0.450003,1,5,0.785398,0,0,0,0,0,-0.440895,0.0278206,0.224968,0.0707613,0.650927,0.372352,0.548513,0.191787,nan,nan,nan,nan,nan,nan,nan,nan
7.3569,1.05593,-0.024633,-0.906839,0.0308259,-0.0426641,-0.0828295,-0.0334299,-0.00540361,-0.000758834,-0.0263021,-0.0609367,-0.0261016,1,0,-1,-0.00914258,-0.0525203,0.0230839,-0.0934541,0.0199764,-0.171883,0.20497,0,0.999951,-0.00875748,-0.00105849,-0.00458071,0.0625085,0.0290481,-0.0224143,0,0,-0.439852,1,0,-1,-0.00914258,StepApplied,,0.450003,1,5,0.785398,0,0,0,0,0,-0.441528,0.0171422,0.217691,0.0709836,0.654188,0.370803,0.53623,0.204892,nan,nan,nan,nan,nan,nan,nan,nan
7.37011,1.05656,-0.0249344,-0.90716,0.0288914,-0.0234793,-0.0806206,-0.0337708,-0.00580634,-0.000996719,-0.0382585,-0.0430173,-0.0272302,1,0,-1,-0.00914258,-0.0537358,0.0236877,-0.0928401,-0.00690983,-0.323337,0.214998,0,0.999854,-0.0164794,0.000276867,-0.00456733,0.0625085,0.0290481,-0.0224143,0,0,-0.439852,1,0,-1,-0.00914258,StepApplied,,0.45,1,5,0.785398,0,0,0,0,0,-0.439852,0.0282255,0.216195,0.0713444,0.643978,0.378382,0.540974,0.196075,nan,nan,nan,nan,nan,nan,nan,nan
7.37687,1.05718,-0.0252418,-0.907519,0.0283556,-0.0196077,-0.0785121,-0.0341629,-0.00559666,-0.00133772,-0.0440057,0.0255195,-0.0364208,1,0,-1,-0.00914258,-0.0537358,0.0236877,-0.0928401,-0.00690983,-0.323337,0.214998,0,0.999854,-0.0164794,0.000276867,-0.00456733,0.0017926,0.026739,-0.0211395,0,0,-0.440716,1,0,-1,-0.00914258,StepApplied,,0.45,1,5,0.785398,0,0,0,0,0,-0.439852,0.0282255,0.216195,0.0713444,0.643978,0.378382,0.540974,0.196075,nan,nan,nan,nan,nan,nan,nan,nan
7.39424,1.05892,-0.026049,-0.908739,0.0292699,-0.0244659,-0.0865509,-0.0346756,-0.00574734,-0.00204856,-0.0145957,-0.00582146,-0.026927,1,0,-1,-0.00914258,-0.0554307,0.0245173,-0.0916793,0.00284458,-0.173837,0.252101,0,0.99995,-0.00886141,-0.000185543,-0.0045731,0.067774,0.0217755,-0.019468,0,0,-0.438501,1,0,-1,-0.00914258,StepApplied,,0.45,1,5,0.785398,0,0,0,0,0,-0.439693,0.0251494,0.199352,0.0720782,0.634817,0.388691,0.526003,0.20926,nan,nan,nan,nan,nan,nan,nan,nan
7.40507,1.05948,-0.0263282,-0.909176,0.0281008,-0.0252265,-0.0825452,-0.0350541,-0.00535958,-0.00231286,-0.0424344,0.0449906,-0.0272247,1,0,-1,-0.00914258,-0.0565032,0.0250118,-0.0908236,-0.026866,-0.265956,0.230223,0,0.999897,-0.0135631,0.00130773,-0.00455394,0.067774,0.0217755,-0.019468,0,0,-0.438501,1,0,-1,-0.00914258,StepApplied,,0.45,1,5,0.785398,0,0,0,0,0,-0.438501,0.0239836,0.207805,0.0722948,0.640644,0.380914,0.529745,0.202701,nan,nan,nan,nan,nan,nan,nan,nan
7.41485,1.06003,-0.0266212,-0.909626,0.0256045,-0.0295415,-0.0861915,-0.035408,-0.00500845,-0.00259191,-0.0396761,0.0409579,-0.0290127,1,0,-1,-0.00914258,-0.0565032,0.0250118,-0.0908236,-0.026866,-0.265956,0.230223,0,0.999897,-0.0135631,0.00130773,-0.00455394,0.0243179,0.0361652,-0.018321,0,0,-0.438974,1,0,-1,-0.00914258,StepApplied,,0.45,1,5,0.785398,0,0,0,0,0,-0.438974,0.0233676,0.201115,0.0724506,0.636977,0.385839,0.524898,0.208183,nan,nan,nan,nan,nan,nan,nan,nan
7.42435,1.06063,-0.0268343,-0.910006,0.0207357,-0.0403615,-0.0927058,-0.0353346,-0.00502443,-0.0027494,0.00796765,-0.000399414,-0.0169438,1,0,-1,-0.00914258,-0.0565032,0.0250118,-0.0908236,-0.026866,-0.265956,0.230223,0,0.999897,-0.0135631,0.00130773,-0.00455394,0.0331015,0.0307422,-0.0176762,0,0,-0.439609,1,0,-1,-0.00914258,StepApplied,,0.45,1,5,0.785398,0,0,0,0,0,-0.439609,0.021164,0.214031,0.0726097,0.648463,0.375941,0.532945,0.201089,nan,nan,nan,nan,nan,nan,nan,nan
7.43709,1.06124,-0.0270538,-0.910404,0.0219651,-0.0307208,-0.0912119,-0.0355022,-0.00508699,-0.00289493,-0.0188584,-0.00543291,-0.0155981,1,0,-1,-0.00914258,-0.057599,0.0254926,-0.0899941,0.0220603,-0.145133,0.273731,0,0.999962,-0.00739302,-0.00115841,-0.00457995,0.0497579,0.0173267,-0.0166362,0,0,-0.437757,1,0,-1,-0.00914258,StepApplied,,0.45,1,5,0.785398,0,0,0,0,0,-0.439609,0.021164,0.214031,0.0726097,0.648463,0.375941,0.532945,0.201089,nan,nan,nan,nan,nan,nan,nan,nan
7.45395,1.06243,-0.0275189,-0.911339,0.0152669,-0.0338291,-0.0860694,-0.0355282,-0.00463481,-0.00344015,0.0101066,0.0223417,-0.029637,1,0,-1,-0.00914258,-0.0587549,0.025926,-0.089065,0.00750403,-0.320106,0.234609,0,0.999856,-0.0163127,-0.000457169,-0.00457934,0.0662019,0.00390001,-0.0156969,0,0,-0.438496,1,0,-1,-0.00914258,StepApplied,,0.45,1,5,0.785398,0,0,0,0,0,-0.437757,0.0216952,0.21426,0.0728137,0.646601,0.374506,0.531427,0.198493,nan,nan,nan,nan,nan,nan,nan,nan
7.46701,1.06298,-0.0277165,-0.911744,0.0149383,-0.032015,-0.0855029,-0.0352221,-0.00498648,-0.00361007,0.033805,-0.037613,-0.0195839,1,0,-1,-0.00914258,-0.0598284,0.0263307,-0.0882558,0.0296558,-0.203589,0.251771,0,0.999934,-0.0103715,-0.0015594,-0.00458768,0.057978,0.00722731,-0.0147164,0,0,-0.438543,1,0,-1,-0.00914258,StepApplied,,0.45,1,5,0.785398,0,0,0,0,0,-0.438496,0.0229326,0.209776,0.0731362,0.643616,0.379614,0.529549,0.201205,nan,nan,nan,nan,nan,nan,nan,nan
7.47682,1.06401,-0.0280711,-0.912565,0.0150321,-0.0136584,-0.0822888,-0.0351052,-0.00534821,-0.00413689,-0.00945198,0.00551698,-0.0313236,1,0,-1,-0.00914258,-0.0598284,0.0263307,-0.0882558,0.0296558,-0.203589,0.251771,0,0.999934,-0.0103715,-0.0015594,-0.00458768,0.0263159,0.0215392,-0.0135423,0,0,-0.438966,1,0,-1,-0.00914258,StepApplied,,0.45,1,5,0.785398,0,0,0,0,0,-0.438543,0.0200201,0.221193,0.0733499,0.65401,0.369742,0.535393,0.195029,nan,nan,nan,nan,nan,nan,nan,nan
7.49023,1.0645,-0.0282518,-0.912999,0.0170194,-0.0145557,-0.0837949,-0.0349785,-0.00523163,-0.00440889,0.0138323,0.0149022,-0.0293065,1,0,-1,-0.00914258,-0.0612709,0.0268392,-0.0870009,-0.00680996,-0.302864,0.249733,0,0.99987,-0.0154374,0.000276564,-0.00456755,0.00592979,0.0143054,-0.0129189,0,0,-0.439139,1,0,-1,-0.00914258,StepApplied,,0.45,1,5,0.785398,0,0,0,0,0,-0.438966,0.0208667,0.220376,0.0735625,0.653469,0.371553,0.535624,0.195217,nan,nan,nan,nan,nan,nan,nan,nan
7.49327,1.06499,-0.0284063,-0.913436,0.012768,-0.0289198,-0.0865272,-0.0347605,-0.00519534,-0.00459515,0.023989,0.00552909,-0.0199425,1,0,-1,-0.00914258,-0.0612709,0.0268392,-0.0870009,-0.00680996,-0.302864,0.249733,0,0.99987,-0.0154374,0.000276564,-0.00456755,0.00592979,0.0143054,-0.0129189,0,0,-0.439139,1,0,-1,-0.00914258,StepApplied,,0.45,1,5,0.785398,0,0,0,0,0,-0.438966,0.0208667,0.220376,0.0735625,0.653469,0.371553,0.535624,0.195217,nan,nan,nan,nan,nan,nan,nan,nan
7.50999,1.06593,-0.0287321,-0.914361,0.0149521,-0.00727432,-0.079432,-0.0342768,-0.00491902,-0.00509177,0.0272161,0.0574059,-0.0279659,1,0,-1,-0.00914258,-0.0621889,0.0271356,-0.0861055,-0.0315375,-0.235412,0.273908,0,0.999916,-0.0120065,0.00155287,-0.00455294,0.0410175,0.0320724,-0.0106914,0,0,-0.437559,1,0,-1,-0.00914258,StepApplied,,0.45,1,5,0.785398,0,0,0,0,0,-0.43875,0.0141239,0.213358,0.0739705,0.653466,0.37194,0.525271,0.204321,nan,nan,nan,nan,nan,nan,nan,nan
7.52416,1.06635,-0.0288824,-0.914854,0.0135764,-0.00506497,-0.0807788,-0.0342337,-0.00436568,-0.00532673,0.00449117,0.0628395,-0.0233331,1,0,-1,-0.00914258,-0.0630283,0.0274383,-0.0851459,0.0046466,-0.343566,0.24542,0,0.999836,-0.0175082,-0.000316968,-0.00457752,-0.00459993,0.0151993,-0.0101268,0,0,-0.439028,1,0,-1,-0.00914258,StepApplied,,0.450045,1,5,0.785398,0,0,0,0,0,-0.439369,0.00827248,0.20899,0.0741845,0.655348,0.371725,0.518452,0.211952,nan,nan,nan,nan,nan,nan,nan,nan
7.53104,1.06682,-0.0289692,-0.915271,0.0114707,-0.0217313,-0.0839895,-0.0338716,-0.00398307,-0.00552035,0.0402773,0.0442125,-0.0196351,1,0,-1,-0.00914258,-0.0630283,0.0274383,-0.0851459,0.0046466,-0.343566,0.24542,0,0.999836,-0.0175082,-0.000316968,-0.00457752,-0.00459993,0.0151993,-0.0101268,0,0,-0.439028,1,0,-1,-0.00914258,StepApplied,,0.450045,1,5,0.785398,0,0,0,0,0,-0.439028,0.00880826,0.2004,0.0742584,0.648628,0.377911,0.512345,0.217229,nan,nan,nan,nan,nan,nan,nan,nan
7.54662,1.06726,-0.0290423,-0.915696,0.0137307,-0.0243671,-0.0892446,-0.0336794,-0.00385854,-0.00573059,0.0210069,0.0154698,-0.0221918,1,0,-1,-0.00914258,-0.0638985,0.0275902,-0.0843036,-0.00853146,-0.189459,0.282108,0,0.999943,-0.00966111,0.000390834,-0.00456771,0.058619,0.0159163,-0.00885274,0,0,-0.437137,1,0,-1,-0.00914258,StepApplied,,0.45,1,5,0.785398,0,0,0,0,0,-0.43819,0.0217461,0.195491,0.0743601,0.635272,0.389794,0.517085,0.21061,nan,nan,nan,nan,nan,nan,nan,nan
7.5563,1.06768,-0.0291109,-0.916126,0.0153859,-0.00716061,-0.0834652,-0.0336983,-0.00326244,-0.00600996,-0.00250176,0.0681872,-0.0281382,1,0,-1,-0.00914258,-0.0638985,0.0275902,-0.0843036,-0.00853146,-0.189459,0.282108,0,0.999943,-0.00966111,0.000390834,-0.00456771,0.00285712,0.0208746,-0.00814693,0,0,-0.438273,1,0,-1,-0.00914258,StepApplied,,0.45,1,5,0.785398,0,0,0,0,0,-0.437137,0.0218451,0.203679,0.0744688,0.640047,0.383129,0.521781,0.20359,nan,nan,nan,nan,nan,nan,nan,nan
7.57548,1.06884,-0.0293253,-0.917572,0.010781,-0.0129734,-0.0824298,-0.0331319,-0.00205271,-0.00674363,0.0431623,0.017466,-0.0308883,1,0,-1,-0.00914258,-0.0650433,0.027813,-0.0828669,0.0309059,-0.206988,0.272357,0,0.999933,-0.0105441,-0.00162386,-0.00458863,0.0482035,-0.00493955,-0.00681257,0,0,-0.437602,1,0,-1,-0.00914258,StepApplied,,0.450012,1,5,0.785398,0,0,0,0,0,-0.438273,0.0132225,0.200465,0.0745997,0.645139,0.380571,0.514417,0.212964,nan,nan,nan,nan,nan,nan,nan,nan
7.58956,1.06955,-0.0294639,-0.918468,0.00237741,-0.00876874,-0.078822,-0.0331805,-0.000876823,-0.00738446,-0.000252638,0.0702413,-0.0387082,1,0,-1,-0.00914258,-0.065739,0.0279369,-0.0819858,0.0412039,-0.29914,0.242156,0,0.999871,-0.0152368,-0.00217027,-0.00460484,0.0482035,-0.00493955,-0.00681257,0,0,-0.437602,1,0,-1,-0.00914258,StepApplied,,0.450002,1,5,0.785398,0,0,0,0,0,-0.438123,0.0212155,0.196491,0.0752429,0.63717,0.389528,0.516468,0.209329,nan,nan,nan,nan,nan,nan,nan,nan
7.60588,1.06987,-0.0294937,-0.918929,0.000860862,-0.0192947,-0.0863108,-0.0328876,-0.000563965,-0.00765074,0.0323193,0.036466,-0.0278735,1,0,-1,-0.00914258,-0.0663768,0.028019,-0.081071,0.0400653,-0.20054,0.28326,0,0.999935,-0.0102139,-0.00208943,-0.00459282,0.0154994,-0.0143671,-0.00449032,0,0,-0.438647,1,0,-1,-0.00914258,StepApplied,,0.45,1,5,0.785398,0,0,0,0,0,-0.439118,0.0112458,0.202158,0.0755656,0.649543,0.379788,0.514094,0.213046,nan,nan,nan,nan,nan,nan,nan,nan
7.61807,1.07016,-0.0295226,-0.919407,-0.00501978,-0.0204991,-0.0854372,-0.0325849,-0.000419311,-0.00790896,0.0332535,0.0175911,-0.0274774,1,0,-1,-0.00914258,-0.0663768,0.028019,-0.081071,0.0400653,-0.20054,0.28326,0,0.999935,-0.0102139,-0.00208943,-0.00459282,0.0501064,-0.0310841,-0.00329164,0,0,-0.437173,1,0,-1,-0.00914258,StepApplied,,0.45,1,5,0.785398,0,0,0,0,0,-0.437097,0.0275869,0.194906,0.0759014,0.631176,0.394786,0.518169,0.204258,nan,nan,nan,nan,nan,nan,nan,nan
7.63515,1.07074,-0.0294985,-0.920179,-0.00855947,0.000611915,-0.0785975,-0.0324877,0.000483989,-0.00861537,0.0181568,0.0690762,-0.0375911,1,0,-1,-0.00914258,-0.0669382,0.0280411,-0.0802147,0.0691706,-0.326404,0.271493,0,0.999845,-0.0166191,-0.0036024,-0.00463169,-0.0126159,-0.0320523,-0.00212595,0,0,-0.438464,1,0,-1,-0.00914258,StepApplied,,0.45,1,5,0.785398,0,0,0,0,0,-0.437173,0.0217949,0.191084,0.0762095,0.632953,0.393777,0.51114,0.210823,nan,nan,nan,nan,nan,nan,nan,nan
7.64796,1.07101,-0.0294912,-0.920571,-0.011971,-0.0115865,-0.0793458,-0.0321995,0.00073421,-0.008794,0.0317355,0.0291709,-0.0183031,1,0,-1,-0.00914258,-0.0674619,0.0280166,-0.079429,0.0835847,-0.239922,0.262169,0,0.999905,-0.0122113,-0.00431763,-0.00462421,0.0301304,-0.0379911,-0.00119288,0,0,-0.438117,1,0,-1,-0.00914258,StepApplied,,0.450009,1,5,0.785398,0,0,0,0,0,-0.438464,0.0133151,0.192417,0.0766893,0.641662,0.388609,0.506896,0.216689,nan,nan,nan,nan,nan,nan,nan,nan
7.65758,1.07154,-0.0294243,-0.921364,-0.00415593,0.00130857,-0.0791264,-0.0313654,0.000725816,-0.00929946,0.0499722,0.0221795,-0.0300668,1,0,-1,-0.00914258,-0.0674619,0.0280166,-0.079429,0.0835847,-0.239922,0.262169,0,0.999905,-0.0122113,-0.00431763,-0.00462421,0.0340916,-0.0229318,4.23005e-06,0,0,-0.437589,1,0,-1,-0.00914258,StepApplied,,0.450009,1,5,0.785398,0,0,0,0,0,-0.438117,0.0155784,0.207714,0.0768509,0.650693,0.379207,0.5188,0.203768,nan,nan,nan,nan,nan,nan,nan,nan
7.67003,1.07178,-0.0294003,-0.921784,-0.00122309,0.0107913,-0.0772649,-0.0311544,0.00099554,-0.00960939,0.0232924,0.0318824,-0.0331066,1,0,-1,-0.00914258,-0.0681901,0.0279303,-0.0782156,-0.0162031,-0.394368,0.258753,0,0.999787,-0.0200997,0.000734063,-0.00455744,-0.0142004,-0.00732224,0.00113898,0,0,-0.438126,1,0,-1,-0.00914258,StepApplied,,0.45,1,5,0.785398,0,0,0,0,0,-0.437589,0.0126948,0.207294,0.0769847,0.652041,0.377071,0.515803,0.205442,nan,nan,nan,nan,nan,nan,nan,nan
7.67492,1.07198,-0.0292957,-0.922319,-0.0098427,-0.00909793,-0.0844186,-0.0306778,0.00114641,-0.0098339,0.0527476,0.0181571,-0.0238603,1,0,-1,-0.00914258,-0.0681901,0.0279303,-0.0782156,-0.0162031,-0.394368,0.258753,0,0.999787,-0.0200997,0.000734063,-0.00455744,-0.0142004,-0.00732224,0.00113898,0,0,-0.438126,1,0,-1,-0.00914258,StepApplied,,0.45,1,5,0.785398,0,0,0,0,0,-0.437589,0.0126948,0.207294,0.0769847,0.652041,0.377071,0.515803,0.205442,nan,nan,nan,nan,nan,nan,nan,nan
7.68436,1.07216,-0.0292338,-0.922753,-0.00453154,-0.00562577,-0.0837026,-0.0299857,0.000847262,-0.0100256,0.0767471,-0.0320746,-0.0217519,1,0,-1,-0.00914258,-0.0681901,0.0279303,-0.0782156,-0.0162031,-0.394368,0.258753,0,0.999787,-0.0200997,0.000734063,-0.00455744,-0.0381257,0.000446512,0.00194819,0,0,-0.438481,1,0,-1,-0.00914258,StepApplied,,0.45,1,5,0.785398,0,0,0,0,0,-0.438481,8.76944e-05,0.214135,0.0773788,0.667079,0.364605,0.512221,0.21002,nan,nan,nan,nan,nan,nan,nan,nan
7.69248,1.07234,-0.0291899,-0.923201,-0.0087884,0.0132025,-0.0760564,-0.0295428,0.000585381,-0.0102908,0.0490065,-0.0277142,-0.0298208,1,0,-1,-0.00914258,-0.0685565,0.0277721,-0.0772471,0.00396094,-0.25698,0.288482,0,0.999904,-0.0130982,-0.000261837,-0.00457509,-0.0433943,-0.019729,0.00288052,0,0,-0.438438,1,0,-1,-0.00914258,StepApplied,,0.45,1,5,0.785398,0,0,0,0,0,-0.438481,8.76944e-05,0.214135,0.0773788,0.667079,0.364605,0.512221,0.21002,nan,nan,nan,nan,nan,nan,nan,nan
7.70543,1.07248,-0.029124,-0.923644,-0.0132943,0.00885117,-0.0721444,-0.0293789,0.000948974,-0.0105241,0.0178349,0.0415623,-0.0240882,1,0,-1,-0.00914258,-0.0688551,0.0276678,-0.0763555,0.0634463,-0.340647,0.246785,0,0.999833,-0.0173448,-0.00331367,-0.00462937,-0.0231683,-0.0289929,0.00322179,0,0,-0.438989,1,0,-1,-0.00914258,StepApplied,,0.450031,1,5,0.785398,0,0,0,0,0,-0.436912,0.0169151,0.20441,0.0776317,0.646988,0.382064,0.515426,0.203171,nan,nan,nan,nan,nan,nan,nan,nan
7.71402,1.07261,-0.0290199,-0.924092,-0.0177494,-0.0016489,-0.0777524,-0.0289427,0.000840392,-0.0106722,0.0485142,-0.0111416,-0.0163826,1,0,-1,-0.00914258,-0.0688551,0.0276678,-0.0763555,0.0634463,-0.340647,0.246785,0,0.999833,-0.0173448,-0.00331367,-0.00462937,0.0131113,-0.0383877,0.00367543,0,0,-0.437768,1,0,-1,-0.00914258,StepApplied,,0.450031,1,5,0.785398,0,0,0,0,0,-0.438989,0.00482965,0.200571,0.0776262,0.654889,0.378305,0.506248,0.216515,nan,nan,nan,nan,nan,nan,nan,nan
7.72851,1.0727,-0.0289233,-0.92454,-0.0153851,0.000677388,-0.0775332,-0.0284113,0.000591726,-0.0107716,0.0588538,-0.0268597,-0.0113298,1,0,-1,-0.00914258,-0.0690647,0.0274772,-0.0754601,0.0561551,-0.272537,0.27101,0,0.999889,-0.0138792,-0.00292654,-0.00461228,0.00423252,-0.0270661,0.00420329,0,0,-0.43774,1,0,-1,-0.00914258,StepApplied,,0.45,1,5,0.785398,0,0,0,0,0,-0.437768,0.0144594,0.19487,0.0775773,0.642779,0.387876,0.507856,0.212562,nan,nan,nan,nan,nan,nan,nan,nan
7.73853,1.07279,-0.0287621,-0.924909,-0.0153926,0.00819756,-0.0712278,-0.0284028,0.000544586,-0.0108465,0.000630948,-0.00453219,-0.00798003,1,0,-1,-0.00914258,-0.0690647,0.0274772,-0.0754601,0.0561551,-0.272537,0.27101,0,0.999889,-0.0138792,-0.00292654,-0.00461228,-0.0185547,-0.0235655,0.00443747,0,0,-0.438903,1,0,-1,-0.00914258,StepApplied,,0.45,1,5,0.785398,0,0,0,0,0,-0.43774,0.0141804,0.20381,0.0774169,0.64911,0.381168,0.51411,0.206573,nan,nan,nan,nan,nan,nan,nan,nan
7.75225,1.07297,-0.0284313,-0.925649,-0.0205626,-0.00327279,-0.0742844,-0.0286525,0.000685116,-0.01102,0.0123178,-0.00176347,0.00266466,1,0,-1,-0.00914258,-0.0693184,0.0270098,-0.0743511,0.07511,-0.224755,0.26236,0,0.999916,-0.0114388,-0.00388149,-0.00461587,-0.0231576,-0.0271876,0.00465904,0,0,-0.438806,1,0,-1,-0.00914258,StepApplied,,0.450007,1,5,0.785398,0,0,0,0,0,-0.438903,0.0227406,0.203389,0.0772974,0.643802,0.388562,0.521147,0.2021,nan,nan,nan,nan,nan,nan,nan,nan
7.76114,1.07305,-0.0280727,-0.926372,-0.0304418,0.0136866,-0.0664467,-0.0287689,3.81959e-05,-0.0109481,-0.0196441,-0.0141983,0.00101524,1,0,-1,-0.00914258,-0.0694018,0.0266691,-0.0736277,0.126851,-0.361396,0.234611,0,0.999799,-0.0183855,-0.00655043,-0.0046922,-0.0231576,-0.0271876,0.00465904,0,0,-0.438806,1,0,-1,-0.00914258,StepApplied,,0.45,1,5,0.785398,0,0,0,0,0,-0.438089,0.0196402,0.203689,0.0766921,0.644788,0.384738,0.518958,0.203871,nan,nan,nan,nan,nan,nan,nan,nan
7.77128,1.07305,-0.0278719,-0.926732,-0.0307093,0.0190501,-0.0629675,-0.0287312,-0.000182591,-0.0109192,0.0037658,-0.0242524,0.0031296,1,0,-1,-0.00914258,-0.0694018,0.0266691,-0.0736277,0.126851,-0.361396,0.234611,0,0.999799,-0.0183855,-0.00655043,-0.0046922,0.00686206,-0.0384408,0.00430594,0,0,-0.438099,1,0,-1,-0.00914258,StepApplied,,0.45,1,5,0.785398,0,0,0,0,0,-0.438099,0.00850732,0.203246,0.0762667,0.651932,0.376764,0.511208,0.212492,nan,nan,nan,nan,nan,nan,nan,nan
7.7892,1.073,-0.0276908,-0.927178,-0.0309579,0.00431284,-0.0673089,-0.0284241,-0.000839336,-0.0108779,0.0337774,-0.0728366,0.00310389,1,0,-1,-0.00914258,-0.0693471,0.0263062,-0.0728223,0.10061,-0.260814,0.240348,0,0.999888,-0.0132696,-0.00518964,-0.00464036,0.00820927,-0.0381695,0.00424821,0,0,-0.439153,1,0,-1,-0.00914258,StepApplied,,0.450041,1,5,0.785398,0,0,0,0,0,-0.439602,0.00253808,0.212253,0.0759107,0.663668,0.367321,0.515211,0.212207,nan,nan,nan,nan,nan,nan,nan,nan
7.7975,1.07297,-0.0274629,-0.927515,-0.0288889,0.0161486,-0.0626459,-0.0283062,-0.00185723,-0.0108124,0.0126507,-0.112554,0.00464823,1,0,-1,-0.00914258,-0.0693471,0.0263062,-0.0728223,0.10061,-0.260814,0.240348,0,0.999888,-0.0132696,-0.00518964,-0.00464036,-0.030332,-0.025096,0.00445202,0,0,-0.440071,1,0,-1,-0.00914258,StepApplied,,0.450041,1,5,0.785398,0,0,0,0,0,-0.440215,0.00783714,0.21216,0.075666,0.660224,0.371503,0.519749,0.209384,nan,nan,nan,nan,nan,nan,nan,nan
7.81236,1.07293,-0.0272412,-0.92785,-0.028725,0.023069,-0.058947,-0.0283147,-0.00239797,-0.0108598,-0.00137145,-0.0599834,-0.00644852,1,0,-1,-0.00914258,-0.0692789,0.0258791,-0.0721504,0.068674,-0.392765,0.209852,0,0.999783,-0.0199965,-0.00359214,-0.00464394,-0.0477081,-0.0192842,0.00431347,0,0,-0.440763,1,0,-1,-0.00914258,StepApplied,,0.450019,1,5,0.785398,0,0,0,0,0,-0.440071,0.00330206,0.221422,0.0754489,0.669619,0.361385,0.523161,0.206118,nan,nan,nan,nan,nan,nan,nan,nan
7.81724,1.07288,-0.0270319,-0.928189,-0.0267371,0.0194023,-0.0605146,-0.0283939,-0.00296609,-0.0108832,-0.00923905,-0.0628178,-0.00384832,1,0,-1,-0.00914258,-0.0692789,0.0258791,-0.0721504,0.068674,-0.392765,0.209852,0,0.999783,-0.0199965,-0.00359214,-0.00464394,-0.0292243,-0.00740682,0.00455582,0,0,-0.440344,1,0,-1,-0.00914258,StepApplied,,0.450019,1,5,0.785398,0,0,0,0,0,-0.440071,0.00330206,0.221422,0.0754489,0.669619,0.361385,0.523161,0.206118,nan,nan,nan,nan,nan,nan,nan,nan
7.83308,1.0728,-0.025995,-0.928853,-0.0286329,0.0265689,-0.053561,-0.0282229,-0.00495811,-0.0107491,-0.0255386,-0.0401934,-0.00775938,1,0,-1,-0.00914258,-0.0692205,0.0253524,-0.0715951,0.0701565,-0.274286,0.215285,0,0.999885,-0.0139624,-0.00364013,-0.00462246,-0.0319448,0.00782941,0.0046775,0,0,-0.440148,1,0,-1,-0.00914258,StepApplied,,0.45,1,5,0.785398,0,0,0,0,0,-0.440304,0.0119507,0.216513,0.0749238,0.659741,0.370681,0.526566,0.204231,nan,nan,nan,nan,nan,nan,nan,nan
7.84396,1.07272,-0.0256794,-0.929074,-0.0339985,0.0253444,-0.051993,-0.0283935,-0.00532778,-0.0106736,-0.0196763,-0.0412219,0.00794383,1,0,-1,-0.00914258,-0.0690859,0.0243954,-0.0709263,0.100572,-0.367538,0.185876,0,0.999801,-0.0187046,-0.0052123,-0.00466939,-0.0319448,0.00782941,0.0046775,0,0,-0.440148,1,0,-1,-0.00914258,StepApplied,,0.450036,1,5,0.785398,0,0,0,0,0,-0.440148,0.0223704,0.215114,0.0747201,0.651023,0.378678,0.532991,0.197899,nan,nan,nan,nan,nan,nan,nan,nan
7.85382,1.07261,-0.0253143,-0.929282,-0.0393888,0.0147042,-0.0533031,-0.0286247,-0.00577218,-0.0104789,-0.026225,-0.0497248,0.0209212,1,0,-1,-0.00914258,-0.0690859,0.0243954,-0.0709263,0.100572,-0.367538,0.185876,0,0.999801,-0.0187046,-0.0052123,-0.00466939,-0.0453384,-0.00641038,0.00413693,0,0,-0.441601,1,0,-1,-0.00914258,StepApplied,,0.450036,1,5,0.785398,0,0,0,0,0,-0.441601,0.0173573,0.213957,0.0743766,0.65486,0.377061,0.530425,0.204059,nan,nan,nan,nan,nan,nan,nan,nan
7.86308,1.0725,-0.0249296,-0.929496,-0.0359745,0.0221742,-0.0515279,-0.0291371,-0.00638207,-0.0103115,-0.0575398,-0.0680808,0.0173087,1,0,-1,-0.00914258,-0.0690859,0.0243954,-0.0709263,0.100572,-0.367538,0.185876,0,0.999801,-0.0187046,-0.0052123,-0.00466939,-0.0349056,-0.019479,0.00329378,0,0,-0.441837,1,0,-1,-0.00914258,StepApplied,,0.450014,1,5,0.785398,0,0,0,0,0,-0.441837,0.0206264,0.210618,0.0740418,0.650088,0.381635,0.530946,0.204679,nan,nan,nan,nan,nan,nan,nan,nan
7.87903,1.07238,-0.0245784,-0.929695,-0.0381181,0.0287639,-0.0437514,-0.0293853,-0.00647934,-0.0102424,-0.0281792,-0.0107208,0.00799397,1,0,-1,-0.00914258,-0.0688734,0.0236832,-0.0705036,0.0926164,-0.34244,0.184618,0,0.999826,-0.017428,-0.00480078,-0.00465549,-0.0386534,-0.0153771,0.00221866,0,0,-0.443316,1,0,-1,-0.00914258,StepApplied,,0.450014,1,5,0.785398,0,0,0,0,0,-0.441837,0.0206264,0.210618,0.0740418,0.650088,0.381635,0.530946,0.204679,nan,nan,nan,nan,nan,nan,nan,nan
7.89382,1.07215,-0.0238659,-0.930092,-0.0415422,0.0139529,-0.0530338,-0.0295784,-0.00727834,-0.00983796,-0.00833286,-0.0619146,0.0204222,1,0,-1,-0.00914258,-0.0686577,0.0230352,-0.0701115,0.0834096,-0.343642,0.158929,0,0.999827,-0.0174925,-0.00433204,-0.00464763,0.0125809,-0.0197286,0.00147507,0,0,-0.441405,1,0,-1,-0.00914258,StepApplied,,0.450051,1,5,0.785398,0,0,0,0,0,-0.44303,0.0109841,0.210045,0.0728592,0.656511,0.375232,0.526097,0.214277,nan,nan,nan,nan,nan,nan,nan,nan
7.90841,1.07197,-0.0233911,-0.930361,-0.0333957,0.0324837,-0.0441302,-0.0298378,-0.00773475,-0.0097359,-0.0293611,-0.0508492,0.0104291,1,0,-1,-0.00914258,-0.0683671,0.0222215,-0.0696386,0.0483897,-0.410934,0.157409,0,0.999767,-0.0209262,-0.0025624,-0.00462586,-0.0476942,0.0096939,0.00164142,0,0,-0.443207,1,0,-1,-0.00914258,StepApplied,,0.450037,1,5,0.785398,0,0,0,0,0,-0.441405,0.0184206,0.21675,0.0724856,0.653997,0.373751,0.534845,0.203028,nan,nan,nan,nan,nan,nan,nan,nan
7.91765,1.07166,-0.0225224,-0.930644,-0.0412374,0.018512,-0.0540915,-0.0305398,-0.00831558,-0.00953442,-0.043475,-0.0464543,0.0118693,1,0,-1,-0.00914258,-0.0683671,0.0222215,-0.0696386,0.0483897,-0.410934,0.157409,0,0.999767,-0.0209262,-0.0025624,-0.00462586,-0.030703,-0.00443084,0.000991149,0,0,-0.442685,1,0,-1,-0.00914258,StepApplied,,0.450037,1,5,0.785398,0,0,0,0,0,-0.443207,0.0147662,0.223666,0.072331,0.663119,0.367924,0.539104,0.202682,nan,nan,nan,nan,nan,nan,nan,nan
7.93072,1.07148,-0.0220272,-0.930731,-0.042468,0.0204912,-0.0525989,-0.0308232,-0.00908508,-0.00939065,-0.0320028,-0.0853842,0.0140732,1,0,-1,-0.00914258,-0.0679097,0.0209258,-0.0692692,0.108514,-0.30986,0.19083,0,0.999849,-0.0157658,-0.00560387,-0.00465998,0.00687084,-0.00788922,0.000529318,0,0,-0.441187,1,0,-1,-0.00914258,StepApplied,,0.45,1,5,0.785398,0,0,0,0,0,-0.442685,0.0241162,0.211173,0.0722061,0.647026,0.382723,0.536488,0.204503,nan,nan,nan,nan,nan,nan,nan,nan
7.93366,1.07128,-0.0215571,-0.930822,-0.0427118,0.0380065,-0.0467367,-0.0314798,-0.00957977,-0.00934188,-0.0742086,-0.0552224,0.00449345,1,0,-1,-0.00914258,-0.0679097,0.0209258,-0.0692692,0.108514,-0.30986,0.19083,0,0.999849,-0.0157658,-0.00560387,-0.00465998,0.00687084,-0.00788922,0.000529318,0,0,-0.441187,1,0,-1,-0.00914258,StepApplied,,0.45,1,5,0.785398,0,0,0,0,0,-0.442685,0.0241162,0.211173,0.0722061,0.647026,0.382723,0.536488,0.204503,nan,nan,nan,nan,nan,nan,nan,nan
7.9495,1.07087,-0.020585,-0.93104,-0.0451517,0.0248113,-0.0495515,-0.0327005,-0.00972253,-0.00910294,-0.0579954,-0.0281406,0.0167345,1,0,-1,-0.00914258,-0.0675184,0.0200276,-0.0690721,0.11545,-0.424812,0.153118,0,0.999737,-0.0216161,-0.00598385,-0.00470147,8.44263e-07,-0.00711544,0.000401438,0,0,-0.441491,1,0,-1,-0.00914258,StepApplied,,0.450025,1,5,0.785398,0,0,0,0,0,-0.442793,0.011605,0.210985,0.071857,0.655499,0.373767,0.527966,0.213939,nan,nan,nan,nan,nan,nan,nan,nan
7.96869,1.07065,-0.0201143,-0.931156,-0.0429699,0.0265814,-0.0494135,-0.0329398,-0.0100291,-0.00891939,-0.0271598,-0.0345275,0.0200174,1,0,-1,-0.00914258,-0.0671209,0.0191086,-0.0688438,0.0893964,-0.332826,0.178268,0,0.999835,-0.0169411,-0.00463493,-0.00465031,-0.00254549,0.000904882,-0.000496593,0,0,-0.442093,1,0,-1,-0.00914258,StepApplied,,0.45,1,5,0.785398,0,0,0,0,0,-0.442054,0.0216702,0.20065,0.0716226,0.6401,0.387219,0.527274,0.213621,nan,nan,nan,nan,nan,nan,nan,nan
7.97331,1.07043,-0.0196246,-0.931298,-0.0428739,0.0446702,-0.0441153,-0.0335339,-0.00995934,-0.00879148,-0.066368,0.00750714,0.0151087,1,0,-1,-0.00914258,-0.0671209,0.0191086,-0.0688438,0.0893964,-0.332826,0.178268,0,0.999835,-0.0169411,-0.00463493,-0.00465031,-0.00254549,0.000904882,-0.000496593,0,0,-0.442093,1,0,-1,-0.00914258,StepApplied,,0.45,1,5,0.785398,0,0,0,0,0,-0.442093,0.0196674,0.197865,0.0714199,0.639383,0.387608,0.524131,0.217247,nan,nan,nan,nan,nan,nan,nan,nan
7.98914,1.07016,-0.0191346,-0.931462,-0.0428358,0.0438033,-0.0454738,-0.0341215,-0.00970722,-0.00870518,-0.0663726,0.0281278,0.0112943,1,0,-1,-0.00914258,-0.0666544,0.0181779,-0.0685378,0.0868518,-0.440746,0.163024,0,0.999727,-0.0224334,-0.0045297,-0.00467392,-0.0436084,0.00282025,-0.0015296,0,0,-0.442987,1,0,-1,-0.00914258,StepApplied,,0.450022,1,5,0.785398,0,0,0,0,0,-0.443303,0.0128147,0.20895,0.0711898,0.653048,0.375905,0.52856,0.2157,nan,nan,nan,nan,nan,nan,nan,nan
7.99847,1.06989,-0.0186177,-0.931653,-0.0454259,0.0322807,-0.0514941,-0.0342535,-0.00964496,-0.00852952,-0.0151912,0.00649661,0.0204514,1,0,-1,-0.00914258,-0.0666544,0.0181779,-0.0685378,0.0868518,-0.440746,0.163024,0,0.999727,-0.0224334,-0.0045297,-0.00467392,-0.00142252,-0.0051398,-0.00192045,0,0,-0.441696,1,0,-1,-0.00914258,StepApplied,,0.450022,1,5,0.785398,0,0,0,0,0,-0.442987,0.0104,0.200082,0.0709758,0.647955,0.379938,0.520483,0.223573,nan,nan,nan,nan,nan,nan,nan,nan
8.01094,1.06929,-0.0175741,-0.932055,-0.0445795,0.0449712,-0.0486139,-0.0346799,-0.00986365,-0.00837791,-0.0250416,0.010534,0.00367493,1,0,-1,-0.00914258,-0.0658271,0.0166953,-0.0679448,0.094297,-0.439847,0.177246,0,0.999726,-0.0223861,-0.00490903,-0.00468217,-0.00844102,-0.00204017,-0.00219344,0,0,-0.441397,1,0,-1,-0.00914258,StepApplied,,0.45,1,5,0.785398,0,0,0,0,0,-0.441696,0.0158868,0.209048,0.0708173,0.648966,0.376028,0.529568,0.212223,nan,nan,nan,nan,nan,nan,nan,nan
8.02092,1.06897,-0.0170618,-0.932293,-0.0471769,0.0307242,-0.0423686,-0.0349694,-0.00983146,-0.00833499,-0.0326468,0.00360353,0.00548912,1,0,-1,-0.00914258,-0.0658271,0.0166953,-0.0679448,0.094297,-0.439847,0.177246,0,0.999726,-0.0223861,-0.00490903,-0.00468217,-0.0390792,-0.000636005,-0.00228095,0,0,-0.442348,1,0,-1,-0.00914258,StepApplied,,0.45,1,5,0.785398,0,0,0,0,0,-0.441397,0.0109106,0.209483,0.0707179,0.652394,0.371803,0.526157,0.215234,nan,nan,nan,nan,nan,nan,nan,nan
8.0285,1.06871,-0.0165797,-0.93237,-0.046894,0.017176,-0.0471277,-0.0348931,-0.0101589,-0.0083343,0.00792179,-0.036435,-0.000599244,1,0,-1,-0.00914258,-0.0652788,0.0157507,-0.0676304,0.106584,-0.232147,0.171466,0,0.999905,-0.011808,-0.00548778,-0.00463619,-0.0390792,-0.000636005,-0.00228095,0,0,-0.442348,1,0,-1,-0.00914258,StepApplied,,0.45,1,5,0.785398,0,0,0,0,0,-0.441397,0.0109106,0.209483,0.0707179,0.652394,0.371803,0.526157,0.215234,nan,nan,nan,nan,nan,nan,nan,nan
8.04406,1.06819,-0.0156393,-0.932516,-0.04907,0.0273076,-0.0446715,-0.0354337,-0.0108302,-0.00841102,-0.048342,-0.0187784,-0.0130044,1,0,-1,-0.00914258,-0.0647852,0.0148574,-0.0674838,0.118688,-0.357741,0.161393,0,0.999805,-0.0182002,-0.00613309,-0.00468341,0.0586147,0.00107352,-0.00202769,0,0,-0.44256,1,0,-1,-0.00914258,StepApplied,,0.45,1,5,0.785398,0,0,0,0,0,-0.443272,0.0170243,0.217734,0.0708849,0.652394,0.371803,0.526157,0.215234,nan,nan,nan,nan,nan,nan,nan,nan
8.05553,1.06785,-0.0151436,-0.932694,-0.0483574,0.0225167,-0.044595,-0.0358158,-0.0109271,-0.00852124,-0.0435014,-0.0100544,-0.0119462,1,0,-1,-0.00914258,-0.0647852,0.0148574,-0.0674838,0.118688,-0.357741,0.161393,0,0.999805,-0.0182002,-0.00613309,-0.00468341,0.013218,0.000563893,-0.00189523,0,0,-0.44286,1,0,-1,-0.00914258,StepApplied,,0.45,1,5,0.785398,0,0,0,0,0,-0.442921,0.024298,0.221342,0.0714332,0.653551,0.375124,0.544813,0.198196,nan,nan,nan,nan,nan,nan,nan,nan
8.06735,1.06756,-0.0146757,-0.932786,-0.0511064,0.0147926,-0.0468236,-0.0358752,-0.0112925,-0.00853568,-0.00739793,-0.0401099,-0.00236557,1,0,-1,-0.00914258,-0.0641833,0.0139419,-0.0672137,0.127539,-0.271347,0.170265,0,0.999872,-0.0137997,-0.00656491,-0.00466201,0.0346698,-0.00705051,-0.00175431,0,0,-0.442394,1,0,-1,-0.00914258,StepApplied,,0.45,1,5,0.785398,0,0,0,0,0,-0.44286,0.0263878,0.218443,0.0717203,0.65025,0.378878,0.543894,0.19842,nan,nan,nan,nan,nan,nan,nan,nan
8.07698,1.06728,-0.0141813,-0.93291,-0.0495221,0.0254471,-0.0499929,-0.0360666,-0.011753,-0.00853757,-0.0222319,-0.0512299,-0.00138758,1,0,-1,-0.00914258,-0.0641833,0.0139419,-0.0672137,0.127539,-0.271347,0.170265,0,0.999872,-0.0137997,-0.00656491,-0.00466201,-0.00249638,-3.28378e-05,-0.00139728,0,0,-0.441932,1,0,-1,-0.00914258,StepApplied,,0.45,1,5,0.785398,0,0,0,0,0,-0.442394,0.0236486,0.207024,0.0720415,0.643967,0.38487,0.533099,0.207639,nan,nan,nan,nan,nan,nan,nan,nan
8.09163,1.06698,-0.013715,-0.933058,-0.0526569,0.030284,-0.0453807,-0.036181,-0.0119584,-0.00868549,-0.0137098,-0.0219854,-0.0166265,1,0,-1,-0.00914258,-0.0636277,0.0130292,-0.0669419,0.132341,-0.397014,0.165283,0,0.999762,-0.0201966,-0.00683824,-0.00471002,-0.0162328,-0.00764586,-0.00148673,0,0,-0.442836,1,0,-1,-0.00914258,StepApplied,,0.450018,1,5,0.785398,0,0,0,0,0,-0.441932,0.0144753,0.21581,0.0722659,0.656429,0.371933,0.532137,0.207229,nan,nan,nan,nan,nan,nan,nan,nan
8.0963,1.0663,-0.0127839,-0.933383,-0.0600215,0.0176429,-0.0535287,-0.0362489,-0.0119678,-0.00887223,-0.000544626,-0.00915097,-0.00507687,1,0,-1,-0.00914258,-0.0636277,0.0130292,-0.0669419,0.132341,-0.397014,0.165283,0,0.999762,-0.0201966,-0.00683824,-0.00471002,-0.0148179,-0.0233201,-0.00137974,0,0,-0.442784,1,0,-1,-0.00914258,StepApplied,,0.450018,1,5,0.785398,0,0,0,0,0,-0.441932,0.0144753,0.21581,0.0722659,0.656429,0.371933,0.532137,0.207229,nan,nan,nan,nan,nan,nan,nan,nan
8.11054,1.06558,-0.0118604,-0.93378,-0.0560621,0.0344976,-0.0489743,-0.0361095,-0.0121993,-0.00906437,0.0146961,0.0247753,-0.0178547,1,0,-1,-0.00914258,-0.0626648,0.0116835,-0.0664168,0.138183,-0.329335,0.197549,0,0.999823,-0.0167497,-0.00712047,-0.00469085,0.010688,-0.0087714,-0.000432676,0,0,-0.441227,1,0,-1,-0.00914258,StepApplied,,0.45,1,5,0.785398,0,0,0,0,0,-0.442784,0.0132846,0.205938,0.0727711,0.651646,0.379429,0.524664,0.215396,nan,nan,nan,nan,nan,nan,nan,nan
8.12401,1.0653,-0.011321,-0.933883,-0.0568596,0.0339893,-0.0504554,-0.0361753,-0.012091,-0.0092151,-0.0082247,0.0128905,-0.015767,1,0,-1,-0.00914258,-0.0620324,0.010755,-0.0661174,0.131424,-0.414126,0.186958,0,0.999744,-0.0210667,-0.00679512,-0.00471515,-0.0303456,-0.00512169,5.98416e-05,0,0,-0.44216,1,0,-1,-0.00914258,StepApplied,,0.45,1,5,0.785398,0,0,0,0,0,-0.441227,0.0128704,0.200688,0.073197,0.647097,0.381718,0.518679,0.217415,nan,nan,nan,nan,nan,nan,nan,nan
8.13766,1.065,-0.0107623,-0.934,-0.0596184,0.0222566,-0.0547083,-0.0359632,-0.0121609,-0.00943249,0.0224338,-0.00648812,-0.0236882,1,0,-1,-0.00914258,-0.0620324,0.010755,-0.0661174,0.131424,-0.414126,0.186958,0,0.999744,-0.0210667,-0.00679512,-0.00471515,-0.0303456,-0.00512169,5.98416e-05,0,0,-0.44216,1,0,-1,-0.00914258,StepApplied,,0.45,1,5,0.785398,0,0,0,0,0,-0.441854,0.0144825,0.205357,0.0738126,0.6505,0.380799,0.52313,0.212987,nan,nan,nan,nan,nan,nan,nan,nan
8.15339,1.0647,-0.010225,-0.934126,-0.0549665,0.0241747,-0.0551017,-0.0357623,-0.0126584,-0.00965401,0.0211893,-0.0540693,-0.0258733,1,0,-1,-0.00914258,-0.0614631,0.00971379,-0.0658735,0.11051,-0.341852,0.206035,0,0.999821,-0.017394,-0.00571284,-0.00467112,0.00394163,0.00278902,0.00211493,0,0,-0.440841,1,0,-1,-0.00914258,StepApplied,,0.45,1,5,0.785398,0,0,0,0,0,-0.441854,0.0049125,0.204324,0.0740096,0.656734,0.374959,0.515436,0.220287,nan,nan,nan,nan,nan,nan,nan,nan
8.17004,1.06408,-0.00916513,-0.934429,-0.0593638,0.03927,-0.0452998,-0.0359998,-0.012604,-0.0102524,-0.0146914,0.0147484,-0.0328824,1,0,-1,-0.00914258,-0.0608765,0.00870688,-0.0655707,0.146254,-0.437953,0.168315,0,0.999712,-0.0222763,-0.00755678,-0.00474039,-0.035568,-0.00945082,0.00324922,0,0,-0.442803,1,0,-1,-0.00914258,StepApplied,,0.45,1,5,0.785398,0,0,0,0,0,-0.442479,0.00743106,0.210094,0.0752156,0.655704,0.375145,0.52708,0.205435,nan,nan,nan,nan,nan,nan,nan,nan
8.18624,1.06299,-0.00753776,-0.935103,-0.0582207,0.0431292,-0.0500819,-0.0359335,-0.0133199,-0.0112899,-0.0254503,0.0123219,-0.0451052,1,0,-1,-0.00914258,-0.0598371,0.00716087,-0.0648969,0.129434,-0.454221,0.188497,0,0.999699,-0.0231068,-0.00670275,-0.0047271,-0.0353637,-0.00658376,0.00583126,0,0,-0.441826,1,0,-1,-0.00914258,StepApplied,,0.45,1,5,0.785398,0,0,0,0,0,-0.442803,0.010257,0.206906,0.0757406,0.65746,0.379593,0.520259,0.213902,nan,nan,nan,nan,nan,nan,nan,nan
8.19463,1.06263,-0.00700938,-0.935347,-0.0604249,0.03313,-0.0549118,-0.0361493,-0.0132326,-0.011618,-0.0251551,0.0113598,-0.0353174,1,0,-1,-0.00914258,-0.0598371,0.00716087,-0.0648969,0.129434,-0.454221,0.188497,0,0.999699,-0.0231068,-0.00670275,-0.0047271,-0.0353637,-0.00658376,0.00583126,0,0,-0.441826,1,0,-1,-0.00914258,StepApplied,,0.45,1,5,0.785398,0,0,0,0,0,-0.441826,0.0130336,0.20775,0.0769597,0.656335,0.381201,0.520623,0.209145,nan,nan,nan,nan,nan,nan,nan,nan
8.20743,1.06223,-0.00648175,-0.935597,-0.0584597,0.0304119,-0.0602866,-0.0360622,-0.0133306,-0.0119543,0.00848981,-0.00923815,-0.0373629,1,0,-1,-0.00914258,-0.0591184,0.00615767,-0.0644031,0.128836,-0.352629,0.230849,0,0.999806,-0.0179391,-0.00664981,-0.00469101,-0.0398962,-0.00198655,0.00687998,0,0,-0.441862,1,0,-1,-0.00914258,StepApplied,,0.45,1,5,0.785398,0,0,0,0,0,-0.441862,0.0152851,0.212154,0.0776265,0.658559,0.380381,0.524698,0.203809,nan,nan,nan,nan,nan,nan,nan,nan
8.21269,1.06184,-0.00594886,-0.935867,-0.0596858,0.0364339,-0.0555695,-0.0363002,-0.013341,-0.0122596,-0.0276926,0.000441023,-0.0333933,1,0,-1,-0.00914258,-0.0591184,0.00615767,-0.0644031,0.128836,-0.352629,0.230849,0,0.999806,-0.0179391,-0.00664981,-0.00469101,-0.00547092,-0.00789049,0.00767428,0,0,-0.440792,1,0,-1,-0.00914258,StepApplied,,0.45,1,5,0.785398,0,0,0,0,0,-0.440792,0.0152851,0.212154,0.0776265,0.658559,0.380381,0.524698,0.203809,nan,nan,nan,nan,nan,nan,nan,nan
8.23183,1.06117,-0.00484247,-0.936266,-0.0617254,0.0341227,-0.0591935,-0.0368378,-0.0126345,-0.0131927,-0.021371,0.0345626,-0.0490391,1,0,-1,-0.00914258,-0.0583769,0.00516512,-0.0638466,0.127992,-0.432333,0.211247,0,0.999725,-0.0219947,-0.00662455,-0.00471781,-0.00459831,-0.0135476,0.0112851,0,0,-0.439881,1,0,-1,-0.00914258,StepApplied,,0.450015,1,5,0.785398,0,0,0,0,0,-0.440643,0.0199392,0.206858,0.0792142,0.651891,0.387786,0.52144,0.201454,nan,nan,nan,nan,nan,nan,nan,nan
8.24908,1.06087,-0.00421795,-0.936404,-0.0627203,0.0275127,-0.0639698,-0.0367371,-0.0125421,-0.0135447,0.00972066,0.0122461,-0.0377509,1,0,-1,-0.00914258,-0.0578309,0.00400705,-0.0635958,0.157924,-0.331999,0.248341,0,0.999813,-0.0168807,-0.00812742,-0.00470869,0.0139188,-0.0172828,0.0127543,0,0,-0.438912,1,0,-1,-0.00914258,StepApplied,,0.45,1,5,0.785398,0,0,0,0,0,-0.438912,0.0122034,0.20169,0.0805803,0.653343,0.385605,0.509223,0.207479,nan,nan,nan,nan,nan,nan,nan,nan
8.25574,1.06025,-0.00297511,-0.936782,-0.064144,0.0392959,-0.0655072,-0.0367412,-0.0119684,-0.0146677,0.00319248,0.0527844,-0.0645917,1,0,-1,-0.00914258,-0.0578309,0.00400705,-0.0635958,0.157924,-0.331999,0.248341,0,0.999813,-0.0168807,-0.00812742,-0.00470869,-0.00907954,-0.0127192,0.0151428,0,0,-0.438507,1,0,-1,-0.00914258,StepApplied,,0.45,1,5,0.785398,0,0,0,0,0,-0.438912,0.0122034,0.20169,0.0805803,0.653343,0.385605,0.509223,0.207479,nan,nan,nan,nan,nan,nan,nan,nan
8.2694,1.05989,-0.00238817,-0.937004,-0.0660455,0.0393019,-0.0682952,-0.0368011,-0.0117606,-0.0151691,-0.00822626,0.0257377,-0.0541503,1,0,-1,-0.00914258,-0.0568959,0.00226877,-0.0629964,0.173986,-0.425139,0.268143,0,0.999715,-0.0216153,-0.00896646,-0.00476565,-0.0276036,-0.0224823,0.016253,0,0,-0.438735,1,0,-1,-0.00914258,StepApplied,,0.45,1,5,0.785398,0,0,0,0,0,-0.438507,0.00805185,0.201958,0.0813843,0.656866,0.382879,0.505268,0.209015,nan,nan,nan,nan,nan,nan,nan,nan
8.27808,1.05952,-0.0017627,-0.937248,-0.0720134,0.0275088,-0.0709125,-0.0366167,-0.0118565,-0.0156764,0.0189885,-0.0080476,-0.0560713,1,0,-1,-0.00914258,-0.0568959,0.00226877,-0.0629964,0.173986,-0.425139,0.268143,0,0.999715,-0.0216153,-0.00896646,-0.00476565,-0.0257046,-0.0261834,0.0175772,0,0,-0.438176,1,0,-1,-0.00914258,StepApplied,,0.45,1,5,0.785398,0,0,0,0,0,-0.438735,0.0135124,0.199801,0.0821042,0.652427,0.389213,0.507113,0.206187,nan,nan,nan,nan,nan,nan,nan,nan
8.29172,1.05866,-0.000441738,-0.937865,-0.0697046,0.0462132,-0.0652293,-0.0365333,-0.011683,-0.0167783,0.000184009,0.0342963,-0.0636162,1,0,-1,-0.00914258,-0.0568959,0.00226877,-0.0629964,0.173986,-0.425139,0.268143,0,0.999715,-0.0216153,-0.00896646,-0.00476565,-0.0257046,-0.0261834,0.0175772,0,0,-0.438176,1,0,-1,-0.00914258,StepApplied,,0.45,1,5,0.785398,0,0,0,0,0,-0.437523,0.0134633,0.197064,0.0836978,0.650907,0.391495,0.50234,0.205349,nan,nan,nan,nan,nan,nan,nan,nan
8.3016,1.05827,0.000172123,-0.938158,-0.0701687,0.0306659,-0.0698114,-0.0366065,-0.0115991,-0.0173303,-0.009686,0.0121163,-0.0603601,1,0,-1,-0.00914258,-0.0568959,0.00226877,-0.0629964,0.173986,-0.425139,0.268143,0,0.999715,-0.0216153,-0.00896646,-0.00476565,-0.0410366,-0.0362616,0.0203386,0,0,-0.43862,1,0,-1,-0.00914258,StepApplied,,0.45,1,5,0.785398,0,0,0,0,0,-0.43862,0.0063852,0.197432,0.0842998,0.657871,0.387929,0.49809,0.210589,nan,nan,nan,nan,nan,nan,nan,nan
8.318,1.0579,0.000771681,-0.938445,-0.0634705,0.030004,-0.0715882,-0.0364473,-0.0117605,-0.0177738,0.0163538,-0.0156363,-0.0492948,1,0,-1,-0.00914258,-0.0553581,-0.000163517,-0.0618423,0.176525,-0.346966,0.279181,0,0.999792,-0.0176376,-0.00907875,-0.00473157,0.00268795,-0.00750866,0.0250494,0,0,-0.437122,1,0,-1,-0.00914258,StepApplied,,0.45,1,5,0.785398,0,0,0,0,0,-0.438665,0.00509015,0.20576,0.0849986,0.66542,0.381868,0.502407,0.204966,nan,nan,nan,nan,nan,nan,nan,nan
8.33087,1.0575,0.00135417,-0.938745,-0.06302,0.0485842,-0.0674257,-0.03659,-0.0119567,-0.0183423,-0.01741,-0.0190078,-0.0633685,1,0,-1,-0.00914258,-0.0546277,-0.00128646,-0.0612553,0.127386,-0.499234,0.272489,0,0.999644,-0.0253968,-0.00660876,-0.00474034,-0.0566704,-0.0092174,0.0263705,0,0,-0.438108,1,0,-1,-0.00914258,StepApplied,,0.45,1,5,0.785398,0,0,0,0,0,-0.437534,0.0177649,0.199858,0.0855679,0.651721,0.394442,0.505498,0.198473,nan,nan,nan,nan,nan,nan,nan,nan
8.33997,1.05719,0.00205722,-0.938843,-0.0661162,0.0474822,-0.0654485,-0.0367304,-0.0115246,-0.0189461,-0.0170888,0.0507817,-0.0644268,1,0,-1,-0.00914258,-0.0546277,-0.00128646,-0.0612553,0.127386,-0.499234,0.272489,0,0.999644,-0.0253968,-0.00660876,-0.00474034,-0.0470938,-0.0195538,0.0273853,0,0,-0.438414,1,0,-1,-0.00914258,StepApplied,,0.45,1,5,0.785398,0,0,0,0,0,-0.438414,0.00782726,0.19976,0.0868367,0.660827,0.389633,0.498013,0.205181,nan,nan,nan,nan,nan,nan,nan,nan
8.35087,1.05621,0.00417616,-0.93923,-0.0629465,0.0478129,-0.0676867,-0.0363016,-0.0116457,-0.0205439,0.00730952,0.0112928,-0.061337,1,0,-1,-0.00914258,-0.0540412,-0.00262518,-0.0610374,0.168291,-0.39467,0.281102,0,0.999644,-0.0253968,-0.00660876,-0.00474034,-0.0132188,-0.0120031,0.0316256,0,0,-0.437047,1,0,-1,-0.00914258,StepApplied,,0.450004,1,5,0.785398,0,0,0,0,0,-0.438414,0.00782726,0.19976,0.0868367,0.660827,0.389633,0.498013,0.205181,nan,nan,nan,nan,nan,nan,nan,nan
8.36395,1.05587,0.00488551,-0.939391,-0.0632239,0.0502636,-0.0662733,-0.0363992,-0.0113306,-0.0211623,-0.0126131,0.0382481,-0.0665803,1,0,-1,-0.00914258,-0.0530786,-0.00464124,-0.0606095,0.141357,-0.48622,0.270936,0,0.999656,-0.0247308,-0.0073176,-0.00475333,-0.0479364,-0.0137664,0.0332784,0,0,-0.437903,1,0,-1,-0.00914258,StepApplied,,0.450006,1,5,0.785398,0,0,0,0,0,-0.437047,0.00750108,0.204653,0.0879022,0.664216,0.385641,0.49881,0.199521,nan,nan,nan,nan,nan,nan,nan,nan
8.37175,1.05555,0.00557259,-0.939567,-0.0684587,0.0381965,-0.0696014,-0.0360405,-0.0113806,-0.0217692,0.0380304,-0.00242944,-0.0664431,1,0,-1,-0.00914258,-0.0530786,-0.00464124,-0.0606095,0.141357,-0.48622,0.270936,0,0.999656,-0.0247308,-0.0073176,-0.00475333,-0.0479364,-0.0137664,0.0332784,0,0,-0.437903,1,0,-1,-0.00914258,StepApplied,,0.450006,1,5,0.785398,0,0,0,0,0,-0.437903,0.00487922,0.204166,0.0886987,0.667378,0.385785,0.496672,0.201779,nan,nan,nan,nan,nan,nan,nan,nan
8.38661,1.05519,0.00626293,-0.93975,-0.0695717,0.0324326,-0.0715346,-0.0358842,-0.0116446,-0.0223057,0.0158787,-0.02671,-0.0601481,1,0,-1,-0.00914258,-0.0524309,-0.00594978,-0.0602502,0.186594,-0.353715,0.293685,0,0.999781,-0.017978,-0.00959314,-0.00474387,-0.0527151,-0.016282,0.0349023,0,0,-0.43815,1,0,-1,-0.00914258,StepApplied,,0.45,1,5,0.785398,0,0,0,0,0,-0.43815,-0.000934162,0.201892,0.0891972,0.670627,0.384027,0.490703,0.207245,nan,nan,nan,nan,nan,nan,nan,nan
8.39642,1.05482,0.0069772,-0.939941,-0.0671049,0.047827,-0.0711583,-0.0359909,-0.0116879,-0.0229585,-0.013632,-0.00155649,-0.0719091,1,0,-1,-0.00914258,-0.0524309,-0.00594978,-0.0602502,0.186594,-0.353715,0.293685,0,0.999781,-0.017978,-0.00959314,-0.00474387,-0.0130535,-0.0313221,0.0360543,0,0,-0.437337,1,0,-1,-0.00914258,StepApplied,,0.45,1,5,0.785398,0,0,0,0,0,-0.437337,0.0117108,0.20037,0.0899283,0.660526,0.393963,0.497025,0.197835,nan,nan,nan,nan,nan,nan,nan,nan
8.41157,1.05436,0.00771148,-0.940254,-0.0647591,0.04309,-0.0685592,-0.0361199,-0.0115495,-0.0235674,-0.0160305,0.0184865,-0.0663049,1,0,-1,-0.00914258,-0.0516394,-0.0073259,-0.0597464,0.147149,-0.436916,0.2842,0,0.999713,-0.0222222,-0.00760173,-0.00474097,-0.0318954,-0.0165297,0.0404466,0,0,-0.437441,1,0,-1,-0.00914258,StepApplied,,0.45,1,5,0.785398,0,0,0,0,0,-0.436886,0.0176588,0.201348,0.090568,0.660526,0.393963,0.497025,0.197835,nan,nan,nan,nan,nan,nan,nan,nan
8.42878,1.05369,0.00928526,-0.940396,-0.0664158,0.0511187,-0.06901,-0.0363857,-0.0121869,-0.0245201,-0.0217883,-0.0463818,-0.0582138,1,0,-1,-0.00914258,-0.0510048,-0.008821,-0.0596043,0.155433,-0.504317,0.286939,0,0.999627,-0.0256462,-0.0080387,-0.00477856,-0.0583944,-0.0209624,0.043417,0,0,-0.437465,1,0,-1,-0.00914258,StepApplied,,0.45,1,5,0.785398,0,0,0,0,0,-0.437441,0.0161247,0.205552,0.0911198,0.662365,0.394715,0.502722,0.189964,nan,nan,nan,nan,nan,nan,nan,nan
8.43768,1.05309,0.0109312,-0.940323,-0.0647683,0.0487648,-0.0642261,-0.0369192,-0.0122406,-0.0256154,-0.0414028,-0.00461329,-0.0582944,1,0,-1,-0.00914258,-0.0510048,-0.008821,-0.0596043,0.155433,-0.504317,0.286939,0,0.999627,-0.0256462,-0.0080387,-0.00477856,-0.0727298,-0.0238687,0.0454077,0,0,-0.438681,1,0,-1,-0.00914258,StepApplied,,0.45,1,5,0.785398,0,0,0,0,0,-0.437465,0.0107419,0.209665,0.0919838,0.669967,0.388888,0.500983,0.190023,nan,nan,nan,nan,nan,nan,nan,nan
8.45053,1.05276,0.0117785,-0.940292,-0.0662331,0.0461471,-0.0675959,-0.0369488,-0.0124606,-0.0260983,-0.00509355,-0.0217371,-0.0534924,1,0,-1,-0.00914258,-0.0501252,-0.0111896,-0.0597078,0.160698,-0.438404,0.281179,0,0.999706,-0.0222948,-0.00829274,-0.00475687,-0.0374298,-0.0144215,0.0470965,0,0,-0.43824,1,0,-1,-0.00914258,StepApplied,,0.45,1,5,0.785398,0,0,0,0,0,-0.438681,0.0144336,0.206038,0.0924099,0.666433,0.395706,0.501819,0.190767,nan,nan,nan,nan,nan,nan,nan,nan
8.45532,1.05244,0.0126322,-0.940271,-0.0633431,0.0567985,-0.0615298,-0.0370601,-0.0128318,-0.0265774,-0.0141681,-0.0386021,-0.0537195,1,0,-1,-0.00914258,-0.0501252,-0.0111896,-0.0597078,0.160698,-0.438404,0.281179,0,0.999706,-0.0222948,-0.00829274,-0.00475687,-0.0287024,-0.0188254,0.0483192,0,0,-0.437593,1,0,-1,-0.00914258,StepApplied,,0.45,1,5,0.785398,0,0,0,0,0,-0.43824,0.0144336,0.206038,0.0924099,0.666433,0.395706,0.501819,0.190767,nan,nan,nan,nan,nan,nan,nan,nan
8.46801,1.05179,0.0143059,-0.940258,-0.0637493,0.050896,-0.0576024,-0.0371423,-0.0128455,-0.027532,-0.00300976,-0.0135473,-0.0543603,1,0,-1,-0.00914258,-0.0495088,-0.012805,-0.0597348,0.131714,-0.55795,0.230708,0,0.999562,-0.0283792,-0.00684246,-0.00476705,-0.0287024,-0.0188254,0.0483192,0,0,-0.437593,1,0,-1,-0.00914258,StepApplied,,0.450019,1,5,0.785398,0,0,0,0,0,-0.437593,0.0097543,0.209356,0.0930768,0.671666,0.389629,0.499101,0.189975,nan,nan,nan,nan,nan,nan,nan,nan
8.48593,1.05142,0.015131,-0.94025,-0.0685585,0.0448097,-0.0619158,-0.0368904,-0.0131875,-0.0280372,0.0262699,-0.035277,-0.0565561,1,0,-1,-0.00914258,-0.0488493,-0.0143745,-0.0597505,0.192271,-0.408575,0.258328,0,0.999724,-0.0207671,-0.00989427,-0.00477711,-0.0157084,-0.0305594,0.0530302,0,0,-0.43861,1,0,-1,-0.00914258,StepApplied,,0.450013,1,5,0.785398,0,0,0,0,0,-0.440207,-0.00119464,0.212322,0.0936647,0.684707,0.382993,0.49548,0.197649,nan,nan,nan,nan,nan,nan,nan,nan
8.4934,1.05106,0.0159766,-0.940262,-0.065921,0.0606709,-0.0602729,-0.0370156,-0.0134482,-0.0285856,-0.0157709,-0.0260801,-0.0610553,1,0,-1,-0.00914258,-0.0488493,-0.0143745,-0.0597505,0.192271,-0.408575,0.258328,0,0.999724,-0.0207671,-0.00989427,-0.00477711,-0.0677976,-0.0211959,0.0545117,0,0,-0.439163,1,0,-1,-0.00914258,StepApplied,,0.450013,1,5,0.785398,0,0,0,0,0,-0.439449,0.0136069,0.203109,0.0940751,0.667379,0.399626,0.498267,0.192525,nan,nan,nan,nan,nan,nan,nan,nan
8.50568,1.05069,0.0168056,-0.94028,-0.067466,0.0616096,-0.0559134,-0.0371588,-0.0133115,-0.0291784,-0.0178359,0.0183106,-0.064362,1,0,-1,-0.00914258,-0.048152,-0.0159653,-0.0597203,0.180074,-0.531933,0.234725,0,0.999579,-0.0270432,-0.00930058,-0.00482396,-0.0677976,-0.0211959,0.0545117,0,0,-0.439163,1,0,-1,-0.00914258,StepApplied,,0.45,1,5,0.785398,0,0,0,0,0,-0.439163,0.00837171,0.211194,0.0946176,0.677054,0.390463,0.499452,0.189683,nan,nan,nan,nan,nan,nan,nan,nan
8.51814,1.05025,0.0177035,-0.940408,-0.0634814,0.0509629,-0.0614594,-0.0373038,-0.0133563,-0.0296779,-0.017771,-0.00224563,-0.054466,1,0,-1,-0.00914258,-0.048152,-0.0159653,-0.0597203,0.180074,-0.531933,0.234725,0,0.999579,-0.0270432,-0.00930058,-0.00482396,-0.0653391,-0.0261183,0.0567285,0,0,-0.43996,1,0,-1,-0.00914258,StepApplied,,0.45,1,5,0.785398,0,0,0,0,0,-0.43996,0.012969,0.20005,0.095102,0.667203,0.402876,0.495138,0.194622,nan,nan,nan,nan,nan,nan,nan,nan
8.53232,1.04961,0.0195498,-0.940234,-0.0676215,0.0653179,-0.0542972,-0.0378412,-0.0136001,-0.0306935,-0.0463816,0.0120205,-0.0656481,1,0,-1,-0.00914258,-0.0471254,-0.0185723,-0.0597664,0.186648,-0.552797,0.228033,0,0.999547,-0.0281015,-0.00964019,-0.00484345,-0.0559584,-0.0147247,0.0599441,0,0,-0.43946,1,0,-1,-0.00914258,StepApplied,,0.45,1,5,0.785398,0,0,0,0,0,-0.43946,0.0111721,0.20434,0.0955301,0.671935,0.399,0.496471,0.192433,nan,nan,nan,nan,nan,nan,nan,nan
8.54676,1.04893,0.0214907,-0.939818,-0.0635747,0.0550862,-0.0545375,-0.0383018,-0.0137183,-0.0316093,-0.0177727,-0.0103732,-0.0405205,1,0,-1,-0.00914258,-0.0464839,-0.0204162,-0.0601816,0.147462,-0.46534,0.226881,0,0.99968,-0.0236681,-0.00762424,-0.00475265,-0.0512811,-0.0382289,0.0617671,0,0,-0.440238,1,0,-1,-0.00914258,StepApplied,,0.45,1,5,0.785398,0,0,0,0,0,-0.43946,0.0121924,0.205932,0.0959569,0.672266,0.398522,0.497392,0.189659,nan,nan,nan,nan,nan,nan,nan,nan
8.56368,1.0483,0.0234889,-0.93945,-0.062422,0.0754153,-0.0475955,-0.0386763,-0.0137083,-0.0326057,-0.0294776,0.0128378,-0.0545165,1,0,-1,-0.00914258,-0.0464839,-0.0204162,-0.0601816,0.147462,-0.46534,0.226881,0,0.99968,-0.0236681,-0.00762424,-0.00475265,-0.0339442,-0.010847,0.064028,0,0,-0.440133,1.04893,0.0214907,0,-0.0316093,Idle,landing_start,0.450005,1,5,0.785398,0,0,0,0,0,-0.440133,0.0102698,0.20448,0.0970237,0.674339,0.39993,0.494613,0.191652,nan,nan,nan,nan,nan,nan,nan,nan
8.57634,1.04798,0.0244999,-0.939302,-0.0670508,0.0646414,-0.0495175,-0.0384795,-0.0136794,-0.0330791,0.0199939,0.00591602,-0.0514756,1,0,-1,-0.00914258,-0.0458806,-0.0223145,-0.0605499,0.151319,-0.60689,0.19767,0,0.999481,-0.0308585,-0.00785222,-0.00481545,-0.051335,-0.0281928,0.0670415,0,0,-0.441308,1.04893,0.0214907,0,-0.0316093,Idle,,0.450005,1,5,0.785398,0,0,0,0,0,-0.441023,0.00187459,0.212519,0.0973612,0.674339,0.39993,0.494613,0.191652,nan,nan,nan,nan,nan,nan,nan,nan
8.59612,1.04726,0.0264478,-0.938995,-0.0647562,0.0707213,-0.0434888,-0.0385295,-0.0142838,-0.0341375,-0.00841044,-0.0180481,-0.0691944,1,0,-1,-0.00914258,-0.0452266,-0.0242117,-0.0608463,0.179312,-0.465405,0.213108,0,0.999666,-0.0236626,-0.00924725,-0.00479084,-0.0567588,-0.0566282,0.00572721,0,0,-0.258707,1.04893,0.0214907,0,-0.0316093,Idle,,0.45,1,5,0.785398,0,0,0,0,0,-0.258707,0.00211595,0.202982,0.0980989,0.498737,0.21483,0.305422,0.01584,nan,nan,nan,nan,nan,nan,nan,nan
8.60789,1.04692,0.027424,-0.938844,-0.0617905,0.0761518,-0.0433766,-0.0383984,-0.0143385,-0.0346897,0.0125236,-0.00309163,-0.0603531,1.04893,0.0214907,0,-0.0316093,0.00190677,-0.00563662,0.938844,0.241477,-0.557218,4.19592,0,0.999391,-0.0281664,-0.0127512,-0.0161655,-0.0700443,-0.0470959,0.00755227,0,0,-0.257975,1.04893,0.0214907,0,-0.0316093,Idle,,0.450037,1,5,0.785398,0,0,0,0,0,-0.258707,0.00211595,0.202982,0.0980989,0.498737,0.21483,0.305422,0.01584,nan,nan,nan,nan,nan,nan,nan,nan
8.61862,1.0462,0.0294053,-0.938553,-0.070976,0.0615716,-0.0360961,-0.0381207,-0.0148773,-0.0356169,0.00936976,-0.0247427,-0.0517281,1.04893,0.0214907,0,-0.0316093,0.00190677,-0.00563662,0.938844,0.241477,-0.557218,4.19592,0,0.999391,-0.0281664,-0.0127512,-0.0161655,-0.0273643,-0.0619173,0.00942521,0,0,-0.2562,1.04893,0.0214907,0,-0.0316093,Idle,,0.450037,1,5,0.785398,0,0,0,0,0,-0.257975,0.0020144,0.205628,0.097258,0.499108,0.211314,0.30733,0.0141498,nan,nan,nan,nan,nan,nan,nan,nan
8.6317,1.04588,0.0305433,-0.938037,-0.0623512,0.0807749,-0.0129891,-0.037967,-0.0145629,-0.0361091,0.0152657,0.0376159,-0.052521,1.04893,0.0214907,0,-0.0316093,0.00289555,-0.00859988,0.938037,0.240608,-0.592037,4.12355,0,0.99934,-0.0299351,-0.0127346,-0.0161884,-0.0241156,-0.0749681,0.0104522,0,0,-0.257641,1.04893,0.0214907,0,-0.0316093,Idle,,0.45,1,5,0.785398,0,0,0,0,0,-0.2562,0.00706576,0.197701,0.0964222,0.48732,0.217879,0.304361,0.0152399,nan,nan,nan,nan,nan,nan,nan,nan
8.63456,1.04547,0.031828,-0.937353,-0.0659507,0.0695818,0.00917317,-0.0377338,-0.0135624,-0.0365623,0.0238139,0.113942,-0.0450365,1.04893,0.0214907,0,-0.0316093,0.00289555,-0.00859988,0.938037,0.240608,-0.592037,4.12355,0,0.99934,-0.0299351,-0.0127346,-0.0161884,-0.0241156,-0.0749681,0.0104522,0,0,-0.257641,1.04893,0.0214907,0,-0.0316093,Idle,,0.45,1,5,0.785398,0,0,0,0,0,-0.2562,0.00706576,0.197701,0.0964222,0.48732,0.217879,0.304361,0.0152399,nan,nan,nan,nan,nan,nan,nan,nan
8.64758,1.04478,0.034169,-0.935461,-0.0664113,0.0675629,0.0541539,-0.0365067,-0.0108983,-0.0374285,0.061293,0.189062,-0.0457325,1.04893,0.0214907,0,-0.0316093,0.00361083,-0.0109351,0.936495,0.294706,-0.480937,4.00575,0,0.999457,-0.0242443,-0.0154014,-0.0161763,-0.0864936,-0.0524625,0.0120995,0,0,-0.261335,1.04893,0.0214907,0,-0.0316093,Idle,,0.45,1,5,0.785398,0,0,0,0,0,-0.261335,-0.00492859,0.168038,0.0948236,0.478361,0.233911,0.281643,0.0514233,nan,nan,nan,nan,nan,nan,nan,nan
8.66412,1.04438,0.0352929,-0.934169,-0.0712973,0.0852514,0.0840457,-0.0360914,-0.00894349,-0.0377576,0.0445058,0.219506,-0.0276371,1.04893,0.0214907,0,-0.0316093,0.00432497,-0.013112,0.934169,0.308111,-0.615115,3.78592,0,0.999254,-0.0310446,-0.0161892,-0.016308,-0.101895,-0.104844,0.0145006,0,0,-0.276954,1.04893,0.0214907,0,-0.0316093,Idle,,0.45,1,5,0.785398,0,0,0,0,0,-0.266627,-0.00347684,0.139452,0.0932162,0.460806,0.258838,0.269361,0.0775043,nan,nan,nan,nan,nan,nan,nan,nan
8.67334,1.04398,0.0364401,-0.932673,-0.0721681,0.0836503,0.11652,-0.0357896,-0.006281,-0.0381516,0.0319371,0.298494,-0.032139,1.04893,0.0214907,0,-0.0316093,0.00432497,-0.013112,0.934169,0.308111,-0.615115,3.78592,0,0.999254,-0.0310446,-0.0161892,-0.016308,-0.0920721,-0.115105,0.0153848,0,0,-0.282448,1.04893,0.0214907,0,-0.0316093,Idle,,0.45,1,5,0.785398,0,0,0,0,0,-0.271705,-0.0016003,0.134755,0.0926235,0.460642,0.267972,0.273035,0.0851706,nan,nan,nan,nan,nan,nan,nan,nan
8.69014,1.04356,0.037612,-0.930908,-0.07477,0.0864232,0.145972,-0.03529,-0.00345681,-0.0385089,0.0541295,0.316313,-0.0275589,1.04893,0.0214907,0,-0.0316093,0.00510152,-0.0153152,0.930908,0.322682,-0.591785,3.5551,0,0.999278,-0.0298473,-0.0169124,-0.016309,-0.0972066,-0.131001,0.0158981,0,0,-0.287543,1.04893,0.0214907,0,-0.0316093,Idle,,0.45,1,5,0.785398,0,0,0,0,0,-0.287543,-0.0108361,0.128942,0.09131,0.477584,0.28008,0.279536,0.112973,nan,nan,nan,nan,nan,nan,nan,nan
8.69956,1.04312,0.0387845,-0.928891,-0.0795306,0.0922407,0.174618,-0.0346403,-0.000189231,-0.0390192,0.070582,0.364312,-0.0428489,1.04893,0.0214907,0,-0.0316093,0.00510152,-0.0153152,0.930908,0.322682,-0.591785,3.5551,0,0.999278,-0.0298473,-0.0169124,-0.016309,-0.111493,-0.15516,0.0159158,0,0,-0.292619,1.04893,0.0214907,0,-0.0316093,Idle,,0.45,1,5,0.785398,0,0,0,0,0,-0.287543,-0.0108361,0.128942,0.09131,0.477584,0.28008,0.279536,0.112973,nan,nan,nan,nan,nan,nan,nan,nan
8.71535,1.04174,0.0424111,-0.921038,-0.0805259,0.0874782,0.274121,-0.0321966,0.00871672,-0.0403361,0.0799054,0.354193,-0.0463048,1.04893,0.0214907,0,-0.0316093,0.00641487,-0.0186169,0.924027,0.346892,-0.514362,3.1785,0,0.999369,-0.0258949,-0.0180839,-0.0162697,-0.0752259,-0.184284,0.0190746,0,0,-0.304775,1.04893,0.0214907,0,-0.0316093,Idle,,0.45,1,5,0.785398,0,0,0,0,0,-0.292619,-0.0178589,0.119687,0.0908546,0.480625,0.286281,0.273556,0.130016,nan,nan,nan,nan,nan,nan,nan,nan
8.72743,1.0413,0.0437557,-0.917767,-0.0782794,0.0893744,0.30924,-0.0313703,0.0113201,-0.0407992,0.0909557,0.292071,-0.0410907,1.04893,0.0214907,0,-0.0316093,0.00724702,-0.0211517,0.917767,0.309357,-0.579771,2.91479,0,0.999308,-0.02925,-0.0162249,-0.016279,-0.0752259,-0.184284,0.0190746,0,0,-0.304775,1.04893,0.0214907,0,-0.0316093,Idle,,0.450036,1,5,0.785398,0,0,0,0,0,-0.304775,-0.0161088,0.118653,0.0902314,0.490186,0.299785,0.286832,0.142297,nan,nan,nan,nan,nan,nan,nan,nan
8.73512,1.04084,0.0451288,-0.914233,-0.0814526,0.0877146,0.341212,-0.0306484,0.0141622,-0.0412899,0.0791025,0.316996,-0.0433595,1.04893,0.0214907,0,-0.0316093,0.00724702,-0.0211517,0.917767,0.309357,-0.579771,2.91479,0,0.999308,-0.02925,-0.0162249,-0.016279,-0.0752259,-0.184284,0.0190746,0,0,-0.304775,1.04893,0.0214907,0,-0.0316093,Idle,,0.450036,1,5,0.785398,0,0,0,0,0,-0.31048,-0.0173727,0.128811,0.0902214,0.503956,0.297404,0.298828,0.14173,nan,nan,nan,nan,nan,nan,nan,nan
8.75677,1.03972,0.0479769,-0.905755,-0.0837704,0.089355,0.415133,-0.0293034,0.01845,-0.0422095,0.067554,0.220248,-0.0410728,1.04893,0.0214907,0,-0.0316093,0.00724702,-0.0211517,0.917767,0.309357,-0.579771,2.91479,0,0.999308,-0.02925,-0.0162249,-0.016279,-0.109193,-0.227126,0.0233995,0,0,-0.337291,1.04893,0.0214907,0,-0.0316093,Idle,,0.450086,1,5,0.785398,0,0,0,0,0,-0.323024,-0.0102626,0.138804,0.0903153,0.518629,0.308006,0.323359,0.142099,nan,nan,nan,nan,nan,nan,nan,nan
8.76847,1.03921,0.0493035,-0.901372,-0.0813654,0.0939209,0.444934,-0.0289439,0.0202997,-0.0426116,0.0394339,0.207756,-0.0376248,1.04893,0.0214907,0,-0.0316093,0.00923057,-0.0264221,0.901372,0.318,-0.600788,2.34809,0,0.999268,-0.0303088,-0.0166814,-0.0163102,-0.124286,-0.223907,0.0243826,0,0,-0.343218,1.04893,0.0214907,0,-0.0316093,Idle,,0.450086,1,5,0.785398,0,0,0,0,0,-0.337291,-0.0102626,0.138804,0.0903153,0.518629,0.308006,0.323359,0.142099,nan,nan,nan,nan,nan,nan,nan,nan
8.77935,1.03868,0.050643,-0.896742,-0.0825567,0.0885056,0.47489,-0.0285841,0.0217413,-0.0430122,0.0395631,0.162305,-0.0388621,1.04893,0.0214907,0,-0.0316093,0.00923057,-0.0264221,0.901372,0.318,-0.600788,2.34809,0,0.999268,-0.0303088,-0.0166814,-0.0163102,-0.107067,-0.232244,0.0254874,0,0,-0.349122,1.04893,0.0214907,0,-0.0316093,Idle,,0.450086,1,5,0.785398,0,0,0,0,0,-0.343218,-0.0138678,0.149352,0.0903392,0.548851,0.318221,0.348421,0.157379,nan,nan,nan,nan,nan,nan,nan,nan
8.79687,1.037,0.0546665,-0.881393,-0.0868259,0.104809,0.561077,-0.0280105,0.0238306,-0.0439012,0.00820417,0.0379389,-0.0390269,1.04893,0.0214907,0,-0.0316093,0.0107742,-0.030235,0.88674,0.380532,-0.624887,1.95617,0,0.999172,-0.0314714,-0.0198814,-0.0164282,-0.136047,-0.260713,0.0262142,0,0,-0.361486,1.04893,0.0214907,0,-0.0316093,Idle,,0.450224,1,5,0.785398,0,0,0,0,0,-0.349122,-0.0121284,0.156188,0.0903413,0.55836,0.320525,0.36038,0.157224,nan,nan,nan,nan,nan,nan,nan,nan
8.80909,1.03585,0.0575632,-0.86983,-0.0915391,0.108068,0.610115,-0.0281115,0.023415,-0.0444056,-0.00922218,-0.0434481,-0.0321134,1.04893,0.0214907,0,-0.0316093,0.0118928,-0.0327962,0.875807,0.395579,-0.666784,1.71698,0,0.999086,-0.03358,-0.0206789,-0.0164973,-0.150903,-0.245671,0.0269864,0,0,-0.367114,1.04893,0.0214907,0,-0.0316093,Idle,,0.450347,1,5,0.785398,0,0,0,0,0,-0.361486,-0.00892815,0.160166,0.0901715,0.571101,0.332172,0.377979,0.164693,nan,nan,nan,nan,nan,nan,nan,nan
8.82319,1.03525,0.0590925,-0.863659,-0.0908382,0.10663,0.63124,-0.0281071,0.0224089,-0.0447388,-0.00042091,-0.109852,-0.0388446,1.04893,0.0214907,0,-0.0316093,0.0130004,-0.0357217,0.863659,0.353145,-0.641262,1.50118,0,0.999171,-0.0323276,-0.0185008,-0.0164023,-0.152301,-0.265939,0.0270675,0,0,-0.37269,1.04893,0.0214907,0,-0.0316093,Idle,,0.450419,1,5,0.785398,0,0,0,0,0,-0.37269,-0.0159451,0.17442,0.0899529,0.597125,0.328119,0.394505,0.171011,nan,nan,nan,nan,nan,nan,nan,nan
8.83402,1.03464,0.060629,-0.857301,-0.0985393,0.107153,0.654562,-0.0284577,0.0212349,-0.0451542,-0.0399613,-0.129519,-0.0490166,1.04893,0.0214907,0,-0.0316093,0.0130004,-0.0357217,0.863659,0.353145,-0.641262,1.50118,0,0.999171,-0.0323276,-0.0185008,-0.0164023,-0.150334,-0.248594,0.0286222,0,0,-0.377804,1.04893,0.0214907,0,-0.0316093,Idle,,0.450419,1,5,0.785398,0,0,0,0,0,-0.377804,-0.010808,0.18644,0.0900171,0.607169,0.328431,0.411679,0.163937,nan,nan,nan,nan,nan,nan,nan,nan
8.85377,1.03336,0.0637186,-0.844063,-0.0988075,0.101629,0.695987,-0.0296303,0.0179016,-0.0457478,-0.0796315,-0.197033,-0.0357816,1.04893,0.0214907,0,-0.0316093,0.0141683,-0.0386616,0.850765,0.376343,-0.626503,1.29202,0,0.999173,-0.0315575,-0.0196696,-0.0164234,-0.115802,-0.240729,0.0325716,0,0,-0.397543,1.04893,0.0214907,0,-0.0316093,Idle,,0.45049,1,5,0.785398,0,0,0,0,0,-0.382556,-0.00075259,0.188012,0.0902902,0.606194,0.339456,0.424375,0.160198,nan,nan,nan,nan,nan,nan,nan,nan
8.86847,1.03253,0.0654646,-0.836153,-0.100015,0.115545,0.720215,-0.030544,0.0162191,-0.0459624,-0.102974,-0.186092,-0.0284582,1.04893,0.0214907,0,-0.0316093,0.0155819,-0.0417752,0.836153,0.395925,-0.706441,1.05203,0,0.999015,-0.0355886,-0.0207273,-0.0165416,-0.156243,-0.235243,0.0324949,0,0,-0.403642,1.04893,0.0214907,0,-0.0316093,Idle,,0.450567,1,5,0.785398,0,0,0,0,0,-0.397543,0.00587487,0.193548,0.0908608,0.620976,0.355788,0.44738,0.166026,nan,nan,nan,nan,nan,nan,nan,nan
8.87794,1.03109,0.068531,-0.822025,-0.10594,0.116888,0.747093,-0.0326478,0.0125241,-0.0464503,-0.115739,-0.225122,-0.0297251,1.04893,0.0214907,0,-0.0316093,0.0155819,-0.0417752,0.836153,0.395925,-0.706441,1.05203,0,0.999015,-0.0355886,-0.0207273,-0.0165416,-0.152443,-0.224451,0.0334604,0,0,-0.408069,1.04893,0.0214907,0,-0.0316093,Idle,,0.450567,1,5,0.785398,0,0,0,0,0,-0.403642,-0.000656749,0.198179,0.0909408,0.635047,0.354076,0.452049,0.173395,nan,nan,nan,nan,nan,nan,nan,nan
8.89876,1.02958,0.0716439,-0.807459,-0.108445,0.110759,0.771872,-0.0346984,0.00764573,-0.0467535,-0.102857,-0.285217,-0.0199294,1.04893,0.0214907,0,-0.0316093,0.0176581,-0.046171,0.814803,0.446144,-0.622983,0.811733,0,0.999103,-0.0313112,-0.0232162,-0.016526,-0.106751,-0.223391,0.034899,0,0,-0.414634,1.04893,0.0214907,0,-0.0316093,Idle,,0.450653,1,5,0.785398,0,0,0,0,0,-0.408069,0.00744788,0.194585,0.0909428,0.631203,0.366779,0.459662,0.174634,nan,nan,nan,nan,nan,nan,nan,nan
8.90839,1.02797,0.0747197,-0.792543,-0.106311,0.126181,0.802044,-0.0370196,0.00312785,-0.047071,-0.141228,-0.247301,-0.0253747,1.04893,0.0214907,0,-0.0316093,0.019129,-0.0491183,0.800054,0.409832,-0.724912,0.661648,0,0.998965,-0.0365097,-0.0214485,-0.0165869,-0.106751,-0.223391,0.034899,0,0,-0.414634,1.04893,0.0214907,0,-0.0316093,Idle,,0.450697,1,5,0.785398,0,0,0,0,0,-0.414634,0.010964,0.210249,0.0910019,0.646416,0.364814,0.47972,0.167587,nan,nan,nan,nan,nan,nan,nan,nan
8.92595,1.0272,0.0764583,-0.78469,-0.111744,0.121959,0.803054,-0.0380706,0.000766282,-0.0471251,-0.119042,-0.263557,-0.0151336,1.04893,0.0214907,0,-0.0316093,0.0206473,-0.0522191,0.78469,0.436063,-0.709094,0.52458,0,0.998966,-0.0356827,-0.0227697,-0.0166145,-0.127142,-0.186589,0.0366664,0,0,-0.428183,1.04893,0.0214907,0,-0.0316093,Idle,,0.450782,1,5,0.785398,0,0,0,0,0,-0.421826,-9.9667e-05,0.211466,0.0908473,0.662135,0.363169,0.480097,0.181902,nan,nan,nan,nan,nan,nan,nan,nan
8.93437,1.02639,0.0781983,-0.776796,-0.117411,0.110811,0.8102,-0.0389509,-0.00208276,-0.0473104,-0.0999216,-0.315827,-0.0317537,1.04893,0.0214907,0,-0.0316093,0.0206473,-0.0522191,0.78469,0.436063,-0.709094,0.52458,0,0.998966,-0.0356827,-0.0227697,-0.0166145,-0.0873356,-0.189463,0.0377982,0,0,-0.43079,1.04893,0.0214907,0,-0.0316093,Idle,,0.450782,1,5,0.785398,0,0,0,0,0,-0.42661,-0.00537431,0.215934,0.0908245,0.673784,0.361043,0.484329,0.187285,nan,nan,nan,nan,nan,nan,nan,nan
8.94671,1.02556,0.0799074,-0.768803,-0.108921,0.113784,0.823068,-0.0397814,-0.00526265,-0.0474813,-0.0943929,-0.352691,-0.0319066,1.04893,0.0214907,0,-0.0316093,0.0221993,-0.0554958,0.768803,0.396256,-0.657945,0.381143,0,0.9991,-0.0331317,-0.0207066,-0.0164886,-0.0873356,-0.189463,0.0377982,0,0,-0.43079,1.04893,0.0214907,0,-0.0316093,Idle,,0.450772,1,5,0.785398,0,0,0,0,0,-0.43079,0.00960064,0.202052,0.0909746,0.657709,0.385779,0.489134,0.19054,nan,nan,nan,nan,nan,nan,nan,nan
8.95905,1.02476,0.0816264,-0.760789,-0.106179,0.130147,0.826358,-0.0406762,-0.00780418,-0.0477064,-0.101603,-0.281405,-0.0354149,1.04893,0.0214907,0,-0.0316093,0.0221993,-0.0554958,0.768803,0.396256,-0.657945,0.381143,0,0.9991,-0.0331317,-0.0207066,-0.0164886,-0.147481,-0.132811,0.0398088,0,0,-0.437129,1.04893,0.0214907,0,-0.0316093,Idle,,0.450772,1,5,0.785398,0,0,0,0,0,-0.43462,0.00114049,0.220067,0.0912751,0.680559,0.371189,0.49941,0.187322,nan,nan,nan,nan,nan,nan,nan,nan
8.97165,1.02306,0.0849685,-0.744692,-0.115173,0.119161,0.844953,-0.0425328,-0.012914,-0.0481778,-0.100998,-0.301178,-0.0277476,1.04893,0.0214907,0,-0.0316093,0.0245726,-0.0603038,0.744692,0.446115,-0.679687,0.194796,0,0.999007,-0.0341837,-0.0232581,-0.0165956,-0.130852,-0.138132,0.0407442,0,0,-0.441018,1.04893,0.0214907,0,-0.0316093,Idle,,0.450812,1,5,0.785398,0,0,0,0,0,-0.437129,-0.00632067,0.221076,0.0915317,0.680559,0.371189,0.49941,0.187322,nan,nan,nan,nan,nan,nan,nan,nan
8.98925,1.02123,0.088517,-0.727212,-0.112999,0.129864,0.85122,-0.0440598,-0.0186217,-0.048261,-0.115773,-0.319228,-0.0174695,1.04893,0.0214907,0,-0.0316093,0.0263125,-0.0636749,0.727212,0.428411,-0.773087,0.0963606,0,0.998851,-0.038928,-0.0224297,-0.0166775,-0.0904275,-0.10193,0.042714,0,0,-0.445148,1.04893,0.0214907,0,-0.0316093,Idle,,0.450812,1,5,0.785398,0,0,0,0,0,-0.441018,0.00362802,0.210611,0.0918075,0.679042,0.386567,0.500348,0.198117,nan,nan,nan,nan,nan,nan,nan,nan
9.00983,1.01947,0.091851,-0.711037,-0.121964,0.117439,0.846269,-0.0459138,-0.0234125,-0.048455,-0.0944742,-0.285275,-0.0140926,1.04893,0.0214907,0,-0.0316093,0.0279862,-0.0668423,0.711037,0.484399,-0.670595,0.0461755,0,0.998976,-0.0336852,-0.0251968,-0.0166469,-0.125651,-0.105656,0.042679,0,0,-0.448272,1.04893,0.0214907,0,-0.0316093,Idle,,0.45087,1,5,0.785398,0,0,0,0,0,-0.448272,-0.00468472,0.207265,0.0920468,0.690045,0.390549,0.499114,0.213379,nan,nan,nan,nan,nan,nan,nan,nan
9.01781,1.01861,0.0935058,-0.702933,-0.110166,0.12821,0.850107,-0.0466997,-0.0262062,-0.0484992,-0.0896499,-0.311891,-0.0185857,1.04893,0.0214907,0,-0.0316093,0.0279862,-0.0668423,0.711037,0.484399,-0.670595,0.0461755,0,0.998976,-0.0336852,-0.0251968,-0.0166469,-0.113116,-0.0652724,0.044862,0,0,-0.452754,1.04893,0.0214907,0,-0.0316093,Idle,,0.45087,1,5,0.785398,0,0,0,0,0,-0.448272,-0.00468472,0.207265,0.0920468,0.690045,0.390549,0.499114,0.213379,nan,nan,nan,nan,nan,nan,nan,nan
9.03607,1.01704,0.0971489,-0.686244,-0.110149,0.123612,0.849577,-0.0485799,-0.0306342,-0.0487176,-0.103436,-0.259355,-0.0237228,1.04893,0.0214907,0,-0.0316093,0.0295531,-0.0701558,0.694569,0.390387,-0.786584,-0.0517727,0,0.998865,-0.0396493,-0.0205073,-0.0166198,-0.0879891,-0.0501504,0.0458125,0,0,-0.455868,1.04893,0.0214907,0,-0.0316093,Idle,,0.450875,1,5,0.785398,0,0,0,0,0,-0.455868,0.00547929,0.222934,0.0921227,0.701608,0.394331,0.52489,0.202644,nan,nan,nan,nan,nan,nan,nan,nan
9.04702,1.01624,0.0989457,-0.677918,-0.109184,0.116307,0.847901,-0.0491408,-0.0332098,-0.0487368,-0.0644817,-0.285976,-0.0151825,1.04893,0.0214907,0,-0.0316093,0.0310574,-0.0735822,0.677918,0.403772,-0.670669,-0.103559,0,0.99907,-0.0337689,-0.0210985,-0.016515,-0.0655908,-0.0396127,0.0465105,0,0,-0.457074,1.04893,0.0214907,0,-0.0316093,Idle,,0.450871,1,5,0.785398,0,0,0,0,0,-0.455868,0.00547929,0.222934,0.0921227,0.701608,0.394331,0.52489,0.202644,nan,nan,nan,nan,nan,nan,nan,nan
9.057,1.01468,0.102477,-0.661346,-0.105374,0.125155,0.852722,-0.0510149,-0.0380917,-0.0489345,-0.0991536,-0.24282,-0.0265581,1.04893,0.0214907,0,-0.0316093,0.0310574,-0.0735822,0.677918,0.403772,-0.670669,-0.103559,0,0.99907,-0.0337689,-0.0210985,-0.016515,-0.104612,-0.0132808,0.0479986,0,0,-0.459646,1.04893,0.0214907,0,-0.0316093,Idle,,0.450871,1,5,0.785398,0,0,0,0,0,-0.457074,0.00578853,0.231744,0.0921793,0.708881,0.389582,0.532483,0.197349,nan,nan,nan,nan,nan,nan,nan,nan
9.07045,1.01392,0.104227,-0.653123,-0.10683,0.113872,0.843261,-0.0513441,-0.040622,-0.0489261,-0.0384478,-0.281109,-0.0125885,1.04893,0.0214907,0,-0.0316093,0.0332574,-0.0785999,0.653123,0.41189,-0.667567,-0.194148,0,0.999067,-0.0336042,-0.0215092,-0.0165249,-0.0903106,-0.0124259,0.0480132,0,0,-0.461552,1.04893,0.0214907,0,-0.0316093,Idle,,0.450898,1,5,0.785398,0,0,0,0,0,-0.459646,0.00704439,0.2303,0.092332,0.709697,0.394217,0.534769,0.199903,nan,nan,nan,nan,nan,nan,nan,nan
9.0739,1.01317,0.105966,-0.64494,-0.102668,0.122121,0.841844,-0.0521976,-0.0432223,-0.0489687,-0.0970327,-0.288599,-0.0188432,1.04893,0.0214907,0,-0.0316093,0.0332574,-0.0785999,0.653123,0.41189,-0.667567,-0.194148,0,0.999067,-0.0336042,-0.0215092,-0.0165249,-0.0903106,-0.0124259,0.0480132,0,0,-0.461552,1.04893,0.0214907,0,-0.0316093,Idle,,0.450898,1,5,0.785398,0,0,0,0,0,-0.459646,0.00704439,0.2303,0.092332,0.709697,0.394217,0.534769,0.199903,nan,nan,nan,nan,nan,nan,nan,nan
9.08853,1.01158,0.109503,-0.627504,-0.0992388,0.111709,0.829711,-0.0535319,-0.047427,-0.0489447,-0.0674691,-0.236725,0.00230833,1.04893,0.0214907,0,-0.0316093,0.0346694,-0.0818667,0.636813,0.38546,-0.76535,-0.257882,0,0.998913,-0.0385799,-0.0202402,-0.0165872,-0.0543307,-0.00791474,0.048328,0,0,-0.461248,1.04893,0.0214907,0,-0.0316093,Idle,,0.450854,1,5,0.785398,0,0,0,0,0,-0.461248,0.0147733,0.228688,0.0926145,0.704975,0.402707,0.540413,0.196898,nan,nan,nan,nan,nan,nan,nan,nan
9.10492,1.01088,0.111172,-0.6195,-0.0966686,0.124473,0.828982,-0.0540983,-0.0495574,-0.0488824,-0.0647438,-0.238218,-0.00504622,1.04893,0.0214907,0,-0.0316093,0.0361482,-0.0851976,0.6195,0.369457,-0.786658,-0.286499,0,0.998886,-0.0396739,-0.0194431,-0.0165791,-0.0937224,0.0354674,0.0501647,0,0,-0.465812,1.04893,0.0214907,0,-0.0316093,Idle,,0.450816,1,5,0.785398,0,0,0,0,0,-0.464479,0.00446478,0.226775,0.0924801,0.714008,0.399867,0.535134,0.208906,nan,nan,nan,nan,nan,nan,nan,nan
9.11396,1.01021,0.112783,-0.61155,-0.0949682,0.119975,0.828919,-0.0551223,-0.0513641,-0.0489234,-0.115878,-0.200347,-0.0147471,1.04893,0.0214907,0,-0.0316093,0.0361482,-0.0851976,0.6195,0.369457,-0.786658,-0.286499,0,0.998886,-0.0396739,-0.0194431,-0.0165791,-0.0762815,0.0444433,0.0502889,0,0,-0.467308,1.04893,0.0214907,0,-0.0316093,Idle,,0.450816,1,5,0.785398,0,0,0,0,0,-0.463926,0.00978377,0.229307,0.0923528,0.711357,0.401157,0.54026,0.20293,nan,nan,nan,nan,nan,nan,nan,nan
9.1288,1.00966,0.114596,-0.603394,-0.0886224,0.11155,0.816315,-0.055927,-0.0530311,-0.0487881,-0.0903851,-0.185904,0.00550196,1.04893,0.0214907,0,-0.0316093,0.0373084,-0.0884496,0.603394,0.332524,-0.695446,-0.308924,0,0.999096,-0.0350931,-0.0174938,-0.0164205,-0.051358,0.0658791,0.0511638,0,0,-0.466411,1.04893,0.0214907,0,-0.0316093,Idle,,0.450835,1,5,0.785398,0,0,0,0,0,-0.467308,0.0142842,0.230832,0.0922343,0.712516,0.406526,0.548018,0.202173,nan,nan,nan,nan,nan,nan,nan,nan
9.14312,1.00859,0.118141,-0.587319,-0.0849498,0.124205,0.809297,-0.0571532,-0.056176,-0.0487034,-0.0750827,-0.142623,-0.00661145,1.04893,0.0214907,0,-0.0316093,0.0373084,-0.0884496,0.603394,0.332524,-0.695446,-0.308924,0,0.999096,-0.0350931,-0.0174938,-0.0164205,-0.0863732,0.0851571,0.0520263,0,0,-0.467173,1.04893,0.0214907,0,-0.0316093,Idle,,0.450835,1,5,0.785398,0,0,0,0,0,-0.466411,0.00710122,0.231762,0.0920735,0.717196,0.399731,0.542861,0.205858,nan,nan,nan,nan,nan,nan,nan,nan
9.1514,1.00809,0.119899,-0.579398,-0.0802834,0.114799,0.800809,-0.0575581,-0.0574809,-0.0485558,-0.0462945,-0.14632,0.00912486,1.04893,0.0214907,0,-0.0316093,0.0388013,-0.0934879,0.579398,0.321694,-0.73205,-0.355627,0,0.999038,-0.0369571,-0.0169712,-0.0164353,-0.0890148,0.0744586,0.0511374,0,0,-0.468843,1.04893,0.0214907,0,-0.0316093,Idle,,0.450763,1,5,0.785398,0,0,0,0,0,-0.467173,0.00246817,0.231442,0.0918846,0.720818,0.397254,0.540308,0.210311,nan,nan,nan,nan,nan,nan,nan,nan
9.15689,1.00762,0.121626,-0.57155,-0.0683414,0.122667,0.794296,-0.0581019,-0.058944,-0.0485152,-0.0621541,-0.162508,-0.00391513,1.04893,0.0214907,0,-0.0316093,0.0388013,-0.0934879,0.579398,0.321694,-0.73205,-0.355627,0,0.999038,-0.0369571,-0.0169712,-0.0164353,-0.0584908,0.0902776,0.0515625,0,0,-0.468625,1.04893,0.0214907,0,-0.0316093,Idle,,0.450763,1,5,0.785398,0,0,0,0,0,-0.468843,-0.000297985,0.232866,0.0916842,0.720818,0.397254,0.540308,0.210311,nan,nan,nan,nan,nan,nan,nan,nan
9.17265,1.00717,0.123318,-0.563786,-0.0688266,0.123182,0.792008,-0.0586264,-0.0599123,-0.0485751,-0.0606081,-0.106836,-0.0119463,1.04893,0.0214907,0,-0.0316093,0.0396728,-0.0967359,0.563786,0.281601,-0.804583,-0.39126,0,0.998925,-0.040666,-0.0149877,-0.0164214,-0.0861792,0.112116,0.0529053,0,0,-0.47046,1.04893,0.0214907,0,-0.0316093,Idle,,0.450708,1,5,0.785398,0,0,0,0,0,-0.468625,0.00951223,0.232886,0.0915953,0.718021,0.402378,0.54805,0.206053,nan,nan,nan,nan,nan,nan,nan,nan
9.18256,1.00675,0.124994,-0.556094,-0.0683033,0.112644,0.781739,-0.0590395,-0.0610747,-0.0484921,-0.047197,-0.129349,0.00256173,1.04893,0.0214907,0,-0.0316093,0.0396728,-0.0967359,0.563786,0.281601,-0.804583,-0.39126,0,0.998925,-0.040666,-0.0149877,-0.0164214,-0.0519464,0.110092,0.0527173,0,0,-0.469911,1.04893,0.0214907,0,-0.0316093,Idle,,0.450708,1,5,0.785398,0,0,0,0,0,-0.47046,-0.001143,0.234762,0.0916778,0.728799,0.395435,0.543593,0.214015,nan,nan,nan,nan,nan,nan,nan,nan
9.18933,1.0063,0.126661,-0.5481,-0.0616192,0.113842,0.775301,-0.0596551,-0.0621421,-0.0484491,-0.069617,-0.117925,-0.0013314,1.04893,0.0214907,0,-0.0316093,0.0396728,-0.0967359,0.563786,0.281601,-0.804583,-0.39126,0,0.998925,-0.040666,-0.0149877,-0.0164214,-0.0519464,0.110092,0.0527173,0,0,-0.469911,1.04893,0.0214907,0,-0.0316093,Idle,,0.450669,1,5,0.785398,0,0,0,0,0,-0.469911,0.00815348,0.229192,0.091733,0.717792,0.405452,0.545626,0.210773,nan,nan,nan,nan,nan,nan,nan,nan
9.20019,1.00589,0.128209,-0.540592,-0.0639388,0.108258,0.76908,-0.060182,-0.0628132,-0.048526,-0.0612093,-0.0740844,-0.0121397,1.04893,0.0214907,0,-0.0316093,0.0405036,-0.0999119,0.5481,0.266479,-0.75048,-0.396679,0,0.999046,-0.0379429,-0.0141759,-0.0163486,-0.0440258,0.115481,0.0526863,0,0,-0.470793,1.04893,0.0214907,0,-0.0316093,Idle,,0.450669,1,5,0.785398,0,0,0,0,0,-0.469911,0.00815348,0.229192,0.091733,0.717792,0.405452,0.545626,0.210773,nan,nan,nan,nan,nan,nan,nan,nan
9.21814,1.00517,0.131261,-0.525795,-0.0553501,0.107835,0.753049,-0.0612745,-0.0642823,-0.048399,-0.0682043,-0.0761952,-0.0034629,1.04893,0.0214907,0,-0.0316093,0.0412384,-0.102841,0.533157,0.290919,-0.681074,-0.401972,0,0.999156,-0.0344046,-0.0153657,-0.0163364,-0.0547003,0.132771,0.0533123,0,0,-0.471017,1.04893,0.0214907,0,-0.0316093,Idle,,0.450633,1,5,0.785398,0,0,0,0,0,-0.471017,0.00181059,0.229703,0.0915391,0.723552,0.401519,0.542801,0.216198,nan,nan,nan,nan,nan,nan,nan,nan
9.22993,1.0048,0.134627,-0.510953,-0.046275,0.0903188,0.733797,-0.0620171,-0.0650952,-0.0482925,-0.040964,-0.0498449,0.0105696,1.04893,0.0214907,0,-0.0316093,0.0419195,-0.10748,0.510953,0.241837,-0.650864,-0.403123,0,0.999244,-0.0329191,-0.0128438,-0.0162314,-0.0395596,0.142467,0.0534954,0,0,-0.471096,1.04893,0.0214907,0,-0.0316093,Idle,,0.450575,1,5,0.785398,0,0,0,0,0,-0.471017,0.00181059,0.229703,0.0915391,0.723552,0.401519,0.542801,0.216198,nan,nan,nan,nan,nan,nan,nan,nan
9.23974,1.00467,0.136251,-0.503676,-0.041135,0.097945,0.725895,-0.0624595,-0.0654056,-0.0483301,-0.0517596,-0.0338553,-0.00529719,1.04893,0.0214907,0,-0.0316093,0.0419195,-0.10748,0.510953,0.241837,-0.650864,-0.403123,0,0.999244,-0.0329191,-0.0128438,-0.0162314,-0.00970672,0.150008,0.0535912,0,0,-0.470191,1.04893,0.0214907,0,-0.0316093,Idle,,0.450575,1,5,0.785398,0,0,0,0,0,-0.471096,0.00262834,0.226517,0.0915024,0.720762,0.404392,0.541243,0.217987,nan,nan,nan,nan,nan,nan,nan,nan
9.25237,1.00451,0.137953,-0.495452,-0.04137,0.0950401,0.716499,-0.0625542,-0.0656283,-0.048323,-0.0124082,-0.0242706,0.000256311,1.04893,0.0214907,0,-0.0316093,0.0422021,-0.11064,0.495452,0.248629,-0.725014,-0.405253,0,0.999107,-0.0366697,-0.0132474,-0.0162963,-0.0434397,0.156328,0.0543517,0,0,-0.470522,1.04893,0.0214907,0,-0.0316093,Idle,,0.450469,1,5,0.785398,0,0,0,0,0,-0.470191,0.00852853,0.230164,0.0914685,0.71823,0.405046,0.547122,0.210366,nan,nan,nan,nan,nan,nan,nan,nan
9.26161,1.00438,0.1411,-0.481406,-0.0268367,0.0990405,0.702248,-0.0626907,-0.0657497,-0.0482783,-0.0174829,-0.0109159,-0.00600877,1.04893,0.0214907,0,-0.0316093,0.0423231,-0.113629,0.481406,0.187322,-0.779323,-0.41345,0,0.999037,-0.0394755,-0.0101689,-0.0162154,-0.0434397,0.156328,0.0543517,0,0,-0.470522,1.04893,0.0214907,0,-0.0316093,Idle,,0.450469,1,5,0.785398,0,0,0,0,0,-0.470191,0.00852853,0.230164,0.0914685,0.71823,0.405046,0.547122,0.210366,nan,nan,nan,nan,nan,nan,nan,nan
9.26951,1.00438,0.14261,-0.474524,-0.0268383,0.0860095,0.691262,-0.062525,-0.0655804,-0.0482431,0.0168604,0.0189864,0.00602321,1.04893,0.0214907,0,-0.0316093,0.0423231,-0.113629,0.481406,0.187322,-0.779323,-0.41345,0,0.999037,-0.0394755,-0.0101689,-0.0162154,-0.045282,0.176936,0.0552602,0,0,-0.47043,1.04893,0.0214907,0,-0.0316093,Idle,,0.450469,1,5,0.785398,0,0,0,0,0,-0.47043,-0.00205138,0.233664,0.0913444,0.728302,0.395205,0.542478,0.215736,nan,nan,nan,nan,nan,nan,nan,nan
9.28859,1.0044,0.144107,-0.467731,-0.0165986,0.0880744,0.683685,-0.0625498,-0.0654486,-0.0481208,-0.00360636,0.0143794,0.0155089,1.04893,0.0214907,0,-0.0316093,0.0423079,-0.116486,0.467731,0.155039,-0.724145,-0.403448,0,0.99916,-0.0367098,-0.0084813,-0.0161243,-0.0399576,0.183935,0.0550416,0,0,-0.470179,1.04893,0.0214907,0,-0.0316093,Idle,,0.450345,1,5,0.785398,0,0,0,0,0,-0.470945,-0.00583103,0.223545,0.0913005,0.72429,0.400159,0.533212,0.22612,nan,nan,nan,nan,nan,nan,nan,nan
9.3052,1.00445,0.145547,-0.461043,-0.0129551,0.0914025,0.674422,-0.0627808,-0.0654507,-0.0482197,-0.0281235,0.000954585,-0.0100423,1.04893,0.0214907,0,-0.0316093,0.0423079,-0.116486,0.467731,0.155039,-0.724145,-0.403448,0,0.99916,-0.0367098,-0.0084813,-0.0161243,-0.0549992,0.182621,0.0550183,0,0,-0.47002,1.04893,0.0214907,0,-0.0316093,Idle,,0.450345,1,5,0.785398,0,0,0,0,0,-0.47002,0.00222354,0.227154,0.0911896,0.72011,0.402267,0.540644,0.21706,nan,nan,nan,nan,nan,nan,nan,nan
9.30576,1.00452,0.146967,-0.454427,-0.0162172,0.0807584,0.668743,-0.0627923,-0.0650036,-0.0481028,-0.00205484,0.0493647,0.0170041,1.04893,0.0214907,0,-0.0316093,0.0423079,-0.116486,0.467731,0.155039,-0.724145,-0.403448,0,0.99916,-0.0367098,-0.0084813,-0.0161243,-0.0549992,0.182621,0.0550183,0,0,-0.47002,1.04893,0.0214907,0,-0.0316093,Idle,,0.450281,1,5,0.785398,0,0,0,0,0,-0.47002,0.00222354,0.227154,0.0911896,0.72011,0.402267,0.540644,0.21706,nan,nan,nan,nan,nan,nan,nan,nan
9.3186,1.00484,0.15002,-0.44133,-0.00500371,0.0901454,0.651927,-0.0628398,-0.0645571,-0.0480124,-0.00654233,0.0363421,0.000282399,1.04893,0.0214907,0,-0.0316093,0.0421941,-0.119203,0.454427,0.20475,-0.691295,-0.405784,0,0.999196,-0.0350018,-0.010987,-0.0161954,-0.047948,0.171554,0.0543169,0,0,-0.470544,1.04893,0.0214907,0,-0.0316093,Idle,,0.450281,1,5,0.785398,0,0,0,0,0,-0.470162,0.00222354,0.227154,0.0911896,0.72011,0.402267,0.540644,0.21706,nan,nan,nan,nan,nan,nan,nan,nan
9.33575,1.00537,0.153197,-0.428443,0.0023807,0.0817779,0.638409,-0.0629362,-0.0638345,-0.0477227,-0.0196171,0.0189182,0.0196225,1.04893,0.0214907,0,-0.0316093,0.0416538,-0.123624,0.434844,0.191239,-0.701492,-0.401689,0,0.999184,-0.0355308,-0.0103071,-0.0161777,-0.0293995,0.163485,0.0528458,0,0,-0.469902,1.04893,0.0214907,0,-0.0316093,Idle,,0.450201,1,5,0.785398,0,0,0,0,0,-0.470544,-0.000844422,0.227557,0.0908898,0.722789,0.400037,0.539583,0.219768,nan,nan,nan,nan,nan,nan,nan,nan
9.35285,1.00602,0.156214,-0.415916,0.00527297,0.0764783,0.621669,-0.0627252,-0.0625885,-0.0474175,0.0141685,0.0601952,0.032157,1.04893,0.0214907,0,-0.0316093,0.0410868,-0.126566,0.422133,0.128113,-0.787187,-0.404479,0,0.999047,-0.039926,-0.00716014,-0.0161013,-0.0293995,0.163485,0.0528458,0,0,-0.469902,1.04893,0.0214907,0,-0.0316093,Idle,,0.450156,1,5,0.785398,0,0,0,0,0,-0.470211,-0.00692718,0.220317,0.0902531,0.721001,0.399885,0.530468,0.229489,nan,nan,nan,nan,nan,nan,nan,nan
9.36185,1.00643,0.15781,-0.408888,0.0096724,0.0780975,0.616272,-0.0626168,-0.0621213,-0.0473029,0.0109158,0.051497,0.0168638,1.04893,0.0214907,0,-0.0316093,0.0410868,-0.126566,0.422133,0.128113,-0.787187,-0.404479,0,0.999047,-0.039926,-0.00716014,-0.0161013,-0.0405713,0.170564,0.0524249,0,0,-0.469707,1.04893,0.0214907,0,-0.0316093,Idle,,0.450091,1,5,0.785398,0,0,0,0,0,-0.47024,-0.00683673,0.228519,0.0899715,0.726485,0.393896,0.53664,0.223939,nan,nan,nan,nan,nan,nan,nan,nan
9.37565,1.00685,0.159196,-0.40287,0.0189507,0.0717413,0.605939,-0.0624897,-0.061166,-0.0472058,0.0130299,0.106662,0.0184762,1.04893,0.0214907,0,-0.0316093,0.0403708,-0.129503,0.408888,0.141519,-0.75157,-0.408671,0,0.999113,-0.0381113,-0.0078146,-0.0161119,-0.0531166,0.174151,0.0521631,0,0,-0.470262,1.04893,0.0214907,0,-0.0316093,Idle,,0.450091,1,5,0.785398,0,0,0,0,0,-0.469707,-0.00930076,0.219409,0.0897354,0.721016,0.397826,0.528162,0.231822,nan,nan,nan,nan,nan,nan,nan,nan
9.40073,1.00777,0.161915,-0.39109,0.0225397,0.076178,0.591542,-0.0624352,-0.059657,-0.0467239,-0.00330652,0.0875105,0.0280511,1.04893,0.0214907,0,-0.0316093,0.0395567,-0.132135,0.396935,0.0632012,-0.696105,-0.372026,0,0.99924,-0.0353681,-0.00378109,-0.0159473,-0.0672417,0.1748,0.0506849,0,0,-0.469589,1.04893,0.0214907,0,-0.0316093,Idle,,0.450038,1,5,0.785398,0,0,0,0,0,-0.469589,-0.0064751,0.219303,0.0886128,0.717499,0.400234,0.53646,0.223728,nan,nan,nan,nan,nan,nan,nan,nan
9.41139,1.00881,0.164443,-0.37962,0.037117,0.0617334,0.57457,-0.0624546,-0.0578219,-0.046098,-0.00467696,0.0954957,0.0486501,1.04893,0.0214907,0,-0.0316093,0.0381098,-0.135804,0.37962,0.0463602,-0.695404,-0.378879,0,0.999244,-0.0353466,-0.00292258,-0.015917,-0.0448863,0.188343,0.0496547,0,0,-0.469482,1.04893,0.0214907,0,-0.0316093,Idle,,0.450009,1,5,0.785398,0,0,0,0,0,-0.469589,-0.0064751,0.219303,0.0886128,0.717703,0.398659,0.53109,0.230905,nan,nan,nan,nan,nan,nan,nan,nan
9.42067,1.00937,0.165668,-0.374018,0.0349904,0.0693082,0.571623,-0.0626307,-0.0569133,-0.0458544,-0.019784,0.10038,0.034368,1.04893,0.0214907,0,-0.0316093,0.0381098,-0.135804,0.37962,0.0463602,-0.695404,-0.378879,0,0.999244,-0.0353466,-0.00292258,-0.015917,-0.0311038,0.195368,0.0490865,0,0,-0.468565,1.04893,0.0214907,0,-0.0316093,Idle,,0.450009,1,5,0.785398,0,0,0,0,0,-0.469482,0.00242506,0.220664,0.08807,0.711722,0.40334,0.53878,0.224085,nan,nan,nan,nan,nan,nan,nan,nan
9.43424,1.0101,0.167084,-0.368421,0.0414968,0.0657625,0.562725,-0.0626478,-0.0559194,-0.0455116,-0.00133347,0.108625,0.0457871,1.04893,0.0214907,0,-0.0316093,0.0368917,-0.138313,0.368421,0.0546575,-0.750493,-0.383352,0,0.99914,-0.0381315,-0.00338952,-0.0159445,-0.0607024,0.173704,0.0475858,0,0,-0.469495,1.04893,0.0214907,0,-0.0316093,Idle,,0.45,1,5,0.785398,0,0,0,0,0,-0.468565,0.0043318,0.223493,0.0875315,0.711722,0.40334,0.53878,0.224085,nan,nan,nan,nan,nan,nan,nan,nan
9.44184,1.01158,0.169835,-0.357468,0.0464183,0.0629156,0.549761,-0.0627228,-0.0541685,-0.0447552,-0.0154804,0.10403,0.039657,1.04893,0.0214907,0,-0.0316093,0.0354872,-0.140927,0.357468,0.0574767,-0.75805,-0.382234,0,0.999125,-0.0385115,-0.00353916,-0.0159517,-0.0607024,0.173704,0.0475858,0,0,-0.469495,1.04893,0.0214907,0,-0.0316093,Idle,,0.45,1,5,0.785398,0,0,0,0,0,-0.469495,0.0043318,0.223493,0.0875315,0.711722,0.40334,0.53878,0.224085,nan,nan,nan,nan,nan,nan,nan,nan
9.45264,1.01233,0.171132,-0.352121,0.0518488,0.0603704,0.540594,-0.0626664,-0.0531351,-0.04438,0.00651296,0.112445,0.0495327,1.04893,0.0214907,0,-0.0316093,0.0354872,-0.140927,0.357468,0.0574767,-0.75805,-0.382234,0,0.999125,-0.0385115,-0.00353916,-0.0159517,-0.0565645,0.177609,0.0450012,0,0,-0.468942,1.04893,0.0214907,0,-0.0316093,Idle,,0.45,1,5,0.785398,0,0,0,0,0,-0.468385,-0.00270122,0.222182,0.0856062,0.712862,0.395081,0.537595,0.228003,nan,nan,nan,nan,nan,nan,nan,nan
9.46269,1.0131,0.172411,-0.346851,0.0529555,0.0491062,0.53005,-0.0625078,-0.0522595,-0.0438524,0.0189252,0.0949413,0.065928,1.04893,0.0214907,0,-0.0316093,0.0354872,-0.140927,0.357468,0.0574767,-0.75805,-0.382234,0,0.999125,-0.0385115,-0.00353916,-0.0159517,-0.0522804,0.183556,0.0443357,0,0,-0.468355,1.04893,0.0214907,0,-0.0316093,Idle,,0.45,1,5,0.785398,0,0,0,0,0,-0.468942,-0.00335941,0.220457,0.0850513,0.71211,0.395838,0.537022,0.2308,nan,nan,nan,nan,nan,nan,nan,nan
9.47733,1.0139,0.173671,-0.341671,0.0550277,0.0559106,0.527026,-0.062599,-0.0511969,-0.0435531,-0.0103232,0.116795,0.0415043,1.04893,0.0214907,0,-0.0316093,0.0340342,-0.143374,0.346851,0.0443125,-0.674987,-0.352713,0,0.999281,-0.0343135,-0.00280189,-0.0159092,-0.05309,0.171692,0.0410975,0,0,-0.46809,1.04893,0.0214907,0,-0.0316093,Idle,,0.45,1,5,0.785398,0,0,0,0,0,-0.46809,-0.0071852,0.217024,0.0836964,0.710181,0.393352,0.532393,0.236433,nan,nan,nan,nan,nan,nan,nan,nan
9.48985,1.01477,0.174972,-0.335823,0.0558882,0.0519441,0.51567,-0.0623525,-0.0500989,-0.0431133,0.0280873,0.119741,0.0573274,1.04893,0.0214907,0,-0.0316093,0.0324521,-0.145807,0.335823,0.0516598,-0.728147,-0.345903,0,0.999183,-0.0370017,-0.00321886,-0.0159337,-0.0449983,0.164398,0.0396839,0,0,-0.467161,1.04893,0.0214907,0,-0.0316093,Idle,,0.45,1,5,0.785398,0,0,0,0,0,-0.46809,-0.0071852,0.217024,0.0836964,0.710181,0.393352,0.532393,0.236433,nan,nan,nan,nan,nan,nan,nan,nan
9.49527,1.01557,0.176174,-0.330814,0.0607156,0.0504401,0.508338,-0.0622054,-0.0490296,-0.0425869,0.0174706,0.11595,0.0666843,1.04893,0.0214907,0,-0.0316093,0.0324521,-0.145807,0.335823,0.0516598,-0.728147,-0.345903,0,0.999183,-0.0370017,-0.00321886,-0.0159337,-0.0449983,0.164398,0.0396839,0,0,-0.467161,1.04893,0.0214907,0,-0.0316093,Idle,,0.45,1,5,0.785398,0,0,0,0,0,-0.467161,-0.0103079,0.212076,0.0831144,0.707381,0.393132,0.526342,0.241791,nan,nan,nan,nan,nan,nan,nan,nan
9.51212,1.01724,0.178452,-0.32105,0.0646686,0.0469159,0.494971,-0.0620059,-0.0463695,-0.0416705,0.0229561,0.145394,0.0664113,1.04893,0.0214907,0,-0.0316093,0.0301103,-0.149113,0.32105,0.0262314,-0.720023,-0.331825,0,0.999201,-0.0366108,-0.00191691,-0.0158847,-0.0678007,0.162122,0.0362633,0,0,-0.467196,1.04893,0.0214907,0,-0.0316093,Idle,,0.45,1,5,0.785398,0,0,0,0,0,-0.466885,-0.00651234,0.213081,0.082344,0.70436,0.394058,0.530229,0.238891,nan,nan,nan,nan,nan,nan,nan,nan
9.51724,1.01826,0.179812,-0.316193,0.0703351,0.0413539,0.485123,-0.0620028,-0.0451485,-0.041063,0.00178446,0.13222,0.0766488,1.04893,0.0214907,0,-0.0316093,0.0301103,-0.149113,0.32105,0.0262314,-0.720023,-0.331825,0,0.999201,-0.0366108,-0.00191691,-0.0158847,-0.0678007,0.162122,0.0362633,0,0,-0.467196,1.04893,0.0214907,0,-0.0316093,Idle,,0.45,1,5,0.785398,0,0,0,0,0,-0.466885,-0.00651234,0.213081,0.082344,0.70436,0.394058,0.530229,0.238891,nan,nan,nan,nan,nan,nan,nan,nan
9.53169,1.02036,0.182371,-0.306731,0.072432,0.0369515,0.47043,-0.0619712,-0.0424042,-0.0400856,0.0149372,0.152284,0.0690483,1.04893,0.0214907,0,-0.0316093,0.0281419,-0.151641,0.311428,-0.00320919,-0.738217,-0.314559,0,0.999169,-0.0375571,-0.000431776,-0.0158313,-0.0442791,0.157526,0.0339942,0,0,-0.46648,1.04893,0.0214907,0,-0.0316093,Idle,,0.45,1,5,0.785398,0,0,0,0,0,-0.46648,0.00026867,0.2096,0.0807286,0.695085,0.399295,0.533774,0.237767,nan,nan,nan,nan,nan,nan,nan,nan
9.54151,1.02144,0.183589,-0.302107,0.0718743,0.0305912,0.465827,-0.0619221,-0.0411727,-0.0393929,0.00656093,0.132447,0.0856859,1.04893,0.0214907,0,-0.0316093,0.0281419,-0.151641,0.311428,-0.00320919,-0.738217,-0.314559,0,0.999169,-0.0375571,-0.000431776,-0.0158313,-0.0320583,0.152242,0.0299015,0,0,-0.464923,1.04893,0.0214907,0,-0.0316093,Idle,,0.45,1,5,0.785398,0,0,0,0,0,-0.465748,-0.000565045,0.213003,0.0792349,0.695856,0.394073,0.536351,0.236712,nan,nan,nan,nan,nan,nan,nan,nan
9.55522,1.02251,0.184747,-0.297559,0.0747614,0.0331741,0.461827,-0.0621513,-0.0397764,-0.0388476,-0.0252573,0.153261,0.071268,1.04893,0.0214907,0,-0.0316093,0.0261195,-0.153994,0.302107,0.0238655,-0.664057,-0.303122,0,0.999302,-0.0337758,-0.00175133,-0.0158721,-0.0208388,0.141915,0.027618,0,0,-0.464973,1.04893,0.0214907,0,-0.0316093,Idle,,0.45,1,5,0.785398,0,0,0,0,0,-0.464923,0.00145026,0.213484,0.078486,0.693197,0.393583,0.53804,0.23487,nan,nan,nan,nan,nan,nan,nan,nan
9.57305,1.02359,0.185862,-0.293075,0.0805904,0.0285575,0.449899,-0.0621279,-0.0383632,-0.03821,0.0033727,0.153668,0.0812529,1.04893,0.0214907,0,-0.0316093,0.0240781,-0.156153,0.293075,-0.02571,-0.686971,-0.281429,0,0.999263,-0.0349781,0.000756003,-0.0157872,-0.0293184,0.150985,0.0244871,0,0,-0.46405,1.04893,0.0214907,0,-0.0316093,Idle,,0.45,1,5,0.785398,0,0,0,0,0,-0.46405,0.00873865,0.212829,0.0765672,0.684789,0.396409,0.543776,0.231226,nan,nan,nan,nan,nan,nan,nan,nan
9.57814,1.02573,0.188037,-0.28433,0.0700905,0.030371,0.440729,-0.0626327,-0.0356223,-0.03684,-0.0142618,0.162709,0.0814689,1.04893,0.0214907,0,-0.0316093,0.0240781,-0.156153,0.293075,-0.02571,-0.686971,-0.281429,0,0.999263,-0.0349781,0.000756003,-0.0157872,-0.0191932,0.121189,0.0202022,0,0,-0.463729,1.04893,0.0214907,0,-0.0316093,Idle,,0.45,1,5,0.785398,0,0,0,0,0,-0.46405,0.00873865,0.212829,0.0765672,0.684789,0.396409,0.543776,0.231226,nan,nan,nan,nan,nan,nan,nan,nan
9.59182,1.02679,0.189066,-0.280089,0.0784656,0.0324119,0.431323,-0.0623836,-0.0340237,-0.0362105,0.0281608,0.173352,0.0812097,1.04893,0.0214907,0,-0.0316093,0.0210314,-0.159197,0.280089,0.000321873,-0.76141,-0.267476,0,0.999124,-0.0387283,-0.00063038,-0.0158402,-0.0501754,0.0978493,0.0176271,0,0,-0.464417,1.04893,0.0214907,0,-0.0316093,Idle,,0.45,1,5,0.785398,0,0,0,0,0,-0.463729,-0.000885033,0.20479,0.0755717,0.684594,0.393972,0.531964,0.244387,nan,nan,nan,nan,nan,nan,nan,nan
9.59912,1.02798,0.190149,-0.275288,0.0808725,0.0233085,0.419737,-0.0623919,-0.0327744,-0.0354471,7.52624e-05,0.135201,0.0945233,1.04893,0.0214907,0,-0.0316093,0.0210314,-0.159197,0.280089,0.000321873,-0.76141,-0.267476,0,0.999124,-0.0387283,-0.00063038,-0.0158402,-0.0601532,0.119671,0.0166425,0,0,-0.463665,1.04893,0.0214907,0,-0.0316093,Idle,,0.45,1,5,0.785398,0,0,0,0,0,-0.464417,-0.0117498,0.197876,0.0747501,0.684594,0.393972,0.531964,0.244387,nan,nan,nan,nan,nan,nan,nan,nan
9.60994,1.03026,0.192252,-0.267106,0.0785168,0.02535,0.409368,-0.0622851,-0.0298229,-0.0341305,0.0212198,0.166318,0.08428,1.04893,0.0214907,0,-0.0316093,0.0210314,-0.159197,0.280089,0.000321873,-0.76141,-0.267476,0,0.999124,-0.0387283,-0.00063038,-0.0158402,-0.0601532,0.119671,0.0166425,0,0,-0.463665,1.04893,0.0214907,0,-0.0316093,Idle,,0.45,1,5,0.785398,0,0,0,0,0,-0.463665,-0.00548906,0.207287,0.0737983,0.687779,0.387113,0.532182,0.247586,nan,nan,nan,nan,nan,nan,nan,nan
9.61862,1.03148,0.193361,-0.263093,0.0781096,0.0145394,0.400847,-0.062245,-0.0287425,-0.0332938,0.0050428,0.11556,0.101012,1.04893,0.0214907,0,-0.0316093,0.0210314,-0.159197,0.280089,0.000321873,-0.76141,-0.267476,0,0.999124,-0.0387283,-0.00063038,-0.0158402,-0.0543138,0.108174,0.0123177,0,0,-0.46291,1.04893,0.0214907,0,-0.0316093,Idle,,0.45,1,5,0.785398,0,0,0,0,0,-0.46291,-0.0101168,0.204862,0.0721392,0.686924,0.383141,0.528099,0.253476,nan,nan,nan,nan,nan,nan,nan,nan
9.63707,1.03271,0.194455,-0.259141,0.0807795,0.0257672,0.401932,-0.0622843,-0.0274829,-0.0325196,-0.00402408,0.135209,0.0948061,1.04893,0.0214907,0,-0.0316093,0.0165752,-0.163277,0.263093,0.0199115,-0.664149,-0.224044,0,0.999302,-0.0337835,-0.00154994,-0.0158653,-0.0636733,0.0972287,0.00618599,0,0,-0.462728,1.04893,0.0214907,0,-0.0316093,Idle,,0.45,1,5,0.785398,0,0,0,0,0,-0.462283,-0.00577989,0.208245,0.0711904,0.684674,0.38224,0.533879,0.24834,nan,nan,nan,nan,nan,nan,nan,nan
9.65344,1.03516,0.196545,-0.251422,0.0832455,0.0199061,0.386152,-0.0622929,-0.0249848,-0.0310112,-0.00365554,0.122304,0.0984725,1.04893,0.0214907,0,-0.0316093,0.014253,-0.165308,0.255249,-0.0430086,-0.808672,-0.231955,0,0.999027,-0.0411551,0.00153852,-0.015754,-0.0807292,0.109971,0.00483856,0,0,-0.462212,1.04893,0.0214907,0,-0.0316093,Idle,,0.450017,1,5,0.785398,0,0,0,0,0,-0.462212,-0.00884886,0.21195,0.069446,0.687649,0.375634,0.536,0.249564,nan,nan,nan,nan,nan,nan,nan,nan
9.67096,1.03762,0.198501,-0.243961,0.0891808,0.0285867,0.378966,-0.0627555,-0.0228638,-0.0294187,-0.0254941,0.127535,0.0906086,1.04893,0.0214907,0,-0.0316093,0.0107438,-0.16816,0.243961,-0.0462604,-0.805177,-0.225393,0,0.999034,-0.0409808,0.00170699,-0.0157472,-0.0511918,0.0936034,-0.00161054,0,0,-0.461276,1.04893,0.0214907,0,-0.0316093,Idle,,0.45,1,5,0.785398,0,0,0,0,0,-0.461317,-0.00154083,0.20416,0.0686069,0.67524,0.384576,0.535606,0.249846,nan,nan,nan,nan,nan,nan,nan,nan
9.68092,1.03884,0.1994,-0.240316,0.0905059,0.016389,0.373631,-0.0630009,-0.0217625,-0.0285889,-0.026976,0.117152,0.0998073,1.04893,0.0214907,0,-0.0316093,0.0107438,-0.16816,0.243961,-0.0462604,-0.805177,-0.225393,0,0.999034,-0.0409808,0.00170699,-0.0157472,-0.076185,0.0961812,-0.00358959,0,0,-0.461897,1.04893,0.0214907,0,-0.0316093,Idle,,0.45,1,5,0.785398,0,0,0,0,0,-0.461276,0.00348311,0.209271,0.0676679,0.674322,0.383535,0.543668,0.24358,nan,nan,nan,nan,nan,nan,nan,nan
9.69078,1.04005,0.200264,-0.236706,0.0903806,0.0102821,0.367134,-0.0631716,-0.0208973,-0.0277498,-0.0189275,0.091902,0.100236,1.04893,0.0214907,0,-0.0316093,0.00843715,-0.169835,0.236706,-0.0427022,-0.68162,-0.211914,0,0.999272,-0.0347196,0.00162604,-0.015757,-0.0381962,0.0954511,-0.00628601,0,0,-0.461364,1.04893,0.0214907,0,-0.0316093,Idle,,0.45,1,5,0.785398,0,0,0,0,0,-0.461276,0.00348311,0.209271,0.0676679,0.674322,0.383535,0.543668,0.24358,nan,nan,nan,nan,nan,nan,nan,nan
9.70675,1.04242,0.201905,-0.229658,0.091246,0.0245141,0.358989,-0.0637061,-0.0186366,-0.0263196,-0.0166511,0.122525,0.0931965,1.04893,0.0214907,0,-0.0316093,0.00618101,-0.171393,0.229658,-0.0411184,-0.808493,-0.212241,0,0.999028,-0.0411445,0.00144239,-0.015758,-0.0381962,0.0954511,-0.00628601,0,0,-0.461364,1.04893,0.0214907,0,-0.0316093,Idle,,0.450002,1,5,0.785398,0,0,0,0,0,-0.460838,0.0080704,0.206602,0.0652925,0.666378,0.385852,0.546962,0.244159,nan,nan,nan,nan,nan,nan,nan,nan
9.71507,1.04386,0.202879,-0.225685,0.0885936,0.00579308,0.350232,-0.0638241,-0.0176978,-0.0254838,-0.0131025,0.0994851,0.0998634,1.04893,0.0214907,0,-0.0316093,0.00618101,-0.171393,0.229658,-0.0411184,-0.808493,-0.212241,0,0.999028,-0.0411445,0.00144239,-0.015758,-0.0555173,0.0864349,-0.0105698,0,0,-0.46162,1.04893,0.0214907,0,-0.0316093,Idle,,0.450002,1,5,0.785398,0,0,0,0,0,-0.46162,-0.00175473,0.210982,0.0646589,0.676572,0.375956,0.544525,0.249427,nan,nan,nan,nan,nan,nan,nan,nan
9.73313,1.04643,0.204659,-0.218941,0.0870794,0.0164856,0.344211,-0.064517,-0.0157151,-0.0239611,-0.0327627,0.123218,0.08798,1.04893,0.0214907,0,-0.0316093,0.00618101,-0.171393,0.229658,-0.0411184,-0.808493,-0.212241,0,0.999028,-0.0411445,0.00144239,-0.015758,-0.0562057,0.0612887,-0.0196057,0,0,-0.460731,1.04893,0.0214907,0,-0.0316093,Idle,,0.45,1,5,0.785398,0,0,0,0,0,-0.461303,-0.00541246,0.205942,0.0639646,0.674583,0.375922,0.538753,0.255953,nan,nan,nan,nan,nan,nan,nan,nan
9.7408,1.04768,0.205521,-0.215649,0.0873061,0.00267439,0.336356,-0.0646246,-0.0147415,-0.0231705,-0.0125462,0.10385,0.0950646,1.04893,0.0214907,0,-0.0316093,0.00618101,-0.171393,0.229658,-0.0411184,-0.808493,-0.212241,0,0.999028,-0.0411445,0.00144239,-0.015758,-0.0562057,0.0612887,-0.0196057,0,0,-0.460731,1.04893,0.0214907,0,-0.0316093,Idle,,0.45,1,5,0.785398,0,0,0,0,0,-0.460731,-0.00426404,0.198471,0.0624639,0.666417,0.379944,0.535214,0.261349,nan,nan,nan,nan,nan,nan,nan,nan
9.75709,1.05011,0.207137,-0.209226,0.0902402,0.0100134,0.332243,-0.0651844,-0.0129176,-0.0216251,-0.0262319,0.107144,0.0857577,1.04893,0.0214907,0,-0.0316093,0.00119194,-0.174829,0.215649,-0.0238348,-0.673655,-0.186855,0,0.999287,-0.0343006,0.000671221,-0.0157903,-0.0312332,0.059344,-0.0251518,0,0,-0.459264,1.04893,0.0214907,0,-0.0316093,Idle,,0.45,1,5,0.785398,0,0,0,0,0,-0.459656,0.00177769,0.200371,0.0618476,0.661797,0.381182,0.540371,0.255275,nan,nan,nan,nan,nan,nan,nan,nan
9.77078,1.05131,0.207865,-0.206077,0.0874488,-0.00386945,0.32386,-0.0652914,-0.0119717,-0.0208566,-0.0125406,0.100271,0.0919511,1.04893,0.0214907,0,-0.0316093,-0.00225909,-0.177055,0.206077,-0.0295028,-0.66223,-0.181645,0,0.999306,-0.0337261,0.000969262,-0.0157803,-0.048514,0.061669,-0.0271055,0,0,-0.460576,1.04893,0.0214907,0,-0.0316093,Idle,,0.450023,1,5,0.785398,0,0,0,0,0,-0.459264,-0.000970952,0.206019,0.0611578,0.666653,0.374163,0.542716,0.253525,nan,nan,nan,nan,nan,nan,nan,nan
9.77861,1.05249,0.208566,-0.202968,0.0859679,-0.0100575,0.317839,-0.0653807,-0.0113126,-0.019967,-0.0105547,0.0683722,0.104317,1.04893,0.0214907,0,-0.0316093,-0.00225909,-0.177055,0.206077,-0.0295028,-0.66223,-0.181645,0,0.999306,-0.0337261,0.000969262,-0.0157803,-0.00850095,0.0517519,-0.030261,0,0,-0.459381,1.04893,0.0214907,0,-0.0316093,Idle,,0.450023,1,5,0.785398,0,0,0,0,0,-0.460576,-0.00599577,0.204173,0.0605441,0.669599,0.372613,0.539783,0.260309,nan,nan,nan,nan,nan,nan,nan,nan
9.78872,1.05482,0.209895,-0.196908,0.0846705,-0.000462072,0.313937,-0.065706,-0.00977584,-0.0184072,-0.00796083,0.100851,0.0911032,1.04893,0.0214907,0,-0.0316093,-0.00450628,-0.178375,0.19991,-0.0232045,-0.735739,-0.183574,0,0.999306,-0.0337261,0.000969262,-0.0157803,-0.00850095,0.0517519,-0.030261,0,0,-0.459381,1.04893,0.0214907,0,-0.0316093,Idle,,0.45,1,5,0.785398,0,0,0,0,0,-0.459381,0.00245464,0.210545,0.0597985,0.666189,0.372142,0.549813,0.24938,nan,nan,nan,nan,nan,nan,nan,nan
9.79826,1.05597,0.210497,-0.19396,0.0800757,-0.0160485,0.307203,-0.0658215,-0.00910277,-0.0175587,-0.0135215,0.0697417,0.0992987,1.04893,0.0214907,0,-0.0316093,-0.00450628,-0.178375,0.19991,-0.0232045,-0.735739,-0.183574,0,0.999306,-0.0337261,0.000969262,-0.0157803,-0.0369583,0.0428303,-0.0349522,0,0,-0.459717,1.04893,0.0214907,0,-0.0316093,Idle,,0.45,1,5,0.785398,0,0,0,0,0,-0.459717,-0.000204546,0.209391,0.0582246,0.666017,0.36984,0.549026,0.253986,nan,nan,nan,nan,nan,nan,nan,nan
9.81082,1.0571,0.211059,-0.191046,0.0812988,-0.0243692,0.302279,-0.066025,-0.00864267,-0.0167549,-0.0232471,0.0461158,0.092284,1.04893,0.0214907,0,-0.0316093,-0.00669017,-0.179556,0.19396,0.00433343,-0.630018,-0.171873,0,0.99936,-0.0320649,-0.000728717,-0.0158355,0.00824923,0.0289475,-0.0389866,0,0,-0.458831,1.04893,0.0214907,0,-0.0316093,Idle,,0.45,1,5,0.785398,0,0,0,0,0,-0.459785,0.00570288,0.206629,0.0576945,0.659424,0.375508,0.551849,0.252359,nan,nan,nan,nan,nan,nan,nan,nan
9.82693,1.05833,0.211703,-0.188183,0.0795663,-0.0119151,0.301592,-0.0661683,-0.00776158,-0.0160721,-0.0168645,0.094474,0.0828417,1.04893,0.0214907,0,-0.0316093,-0.00892797,-0.180701,0.188183,-0.00985443,-0.714926,-0.176499,0,0.999213,-0.0363826,-7.44143e-05,-0.0158172,0.023217,0.0342737,-0.0410203,0,0,-0.45845,1.04893,0.0214907,0,-0.0316093,Idle,,0.45,1,5,0.785398,0,0,0,0,0,-0.45845,0.00819734,0.200709,0.0570614,0.651507,0.379489,0.548727,0.254076,nan,nan,nan,nan,nan,nan,nan,nan
9.83816,1.05965,0.212301,-0.184948,0.0792205,-0.0181941,0.296871,-0.0664459,-0.00714746,-0.0153109,-0.0319978,0.0639811,0.089018,1.04893,0.0214907,0,-0.0316093,-0.00892797,-0.180701,0.188183,-0.00985443,-0.714926,-0.176499,0,0.999213,-0.0363826,-7.44143e-05,-0.0158172,-0.00812701,0.0304854,-0.0457648,0,0,-0.45901,1.04893,0.0214907,0,-0.0316093,Idle,,0.45,1,5,0.785398,0,0,0,0,0,-0.459319,0.00260554,0.209165,0.0564293,0.661677,0.369793,0.55225,0.253555,nan,nan,nan,nan,nan,nan,nan,nan
9.84371,1.06083,0.2129,-0.182167,0.0791717,-0.0284602,0.293604,-0.0666692,-0.00647107,-0.0144202,-0.0258482,0.0698876,0.103874,1.04893,0.0214907,0,-0.0316093,-0.00892797,-0.180701,0.188183,-0.00985443,-0.714926,-0.176499,0,0.999213,-0.0363826,-7.44143e-05,-0.0158172,-0.00812701,0.0304854,-0.0457648,0,0,-0.45901,1.04893,0.0214907,0,-0.0316093,Idle,,0.45,1,5,0.785398,0,0,0,0,0,-0.45901,0.0127777,0.200298,0.0558202,0.647297,0.382338,0.553476,0.25293,nan,nan,nan,nan,nan,nan,nan,nan
9.85793,1.06315,0.213968,-0.176729,0.0790014,-0.016425,0.287992,-0.0672761,-0.00519638,-0.012847,-0.0405546,0.0943977,0.0876646,1.04893,0.0214907,0,-0.0316093,-0.0124227,-0.182359,0.179418,-0.0243577,-0.735081,-0.173797,0,0.999175,-0.0374145,0.000648135,-0.0157908,-0.0303688,0.0266817,-0.0513459,0,0,-0.459261,1.04893,0.0214907,0,-0.0316093,Idle,,0.45,1,5,0.785398,0,0,0,0,0,-0.458825,0.0127777,0.200298,0.0558202,0.647297,0.382338,0.553476,0.25293,nan,nan,nan,nan,nan,nan,nan,nan
9.86981,1.06537,0.214925,-0.17147,0.0734238,-0.0346871,0.274558,-0.0682539,-0.0042825,-0.0111897,-0.0499209,0.0265019,0.0941173,1.04893,0.0214907,0,-0.0316093,-0.0145781,-0.183324,0.174088,-0.0168041,-0.642171,-0.153483,0,0.999175,-0.0374145,0.000648135,-0.0157908,-0.0254309,0.0284833,-0.0535807,0,0,-0.459341,1.04893,0.0214907,0,-0.0316093,Idle,,0.45,1,5,0.785398,0,0,0,0,0,-0.459261,0.000260107,0.203759,0.0543213,0.657348,0.369792,0.54882,0.261086,nan,nan,nan,nan,nan,nan,nan,nan
9.88097,1.06643,0.215336,-0.168894,0.0712133,-0.0224912,0.272589,-0.0688714,-0.00388921,-0.0104542,-0.0698436,0.0392677,0.0845558,1.04893,0.0214907,0,-0.0316093,-0.016625,-0.184153,0.168894,0.000515833,-0.726334,-0.151495,0,0.999191,-0.0369518,-0.000611943,-0.0158374,0.0113079,0.0210534,-0.0563127,0,0,-0.458022,1.04893,0.0214907,0,-0.0316093,Idle,,0.45,1,5,0.785398,0,0,0,0,0,-0.458022,0.0125544,0.20654,0.0530537,0.648116,0.374011,0.559508,0.250454,nan,nan,nan,nan,nan,nan,nan,nan
9.8931,1.06746,0.215702,-0.166377,0.0678954,-0.025738,0.271645,-0.0695935,-0.00335967,-0.00967093,-0.0814637,0.0539534,0.0909135,1.04893,0.0214907,0,-0.0316093,-0.016625,-0.184153,0.168894,0.000515833,-0.726334,-0.151495,0,0.999191,-0.0369518,-0.000611943,-0.0158374,-0.0187008,0.0116069,-0.0603061,0,0,-0.458203,1.04893,0.0214907,0,-0.0316093,Idle,,0.45,1,5,0.785398,0,0,0,0,0,-0.457653,0.0157546,0.204884,0.0524239,0.643683,0.376446,0.560861,0.249622,nan,nan,nan,nan,nan,nan,nan,nan
9.90274,1.06849,0.216056,-0.163885,0.0634526,-0.0391976,0.264705,-0.070097,-0.00306198,-0.00885558,-0.0568115,0.0277118,0.0922218,1.04893,0.0214907,0,-0.0316093,-0.016625,-0.184153,0.168894,0.000515833,-0.726334,-0.151495,0,0.999191,-0.0369518,-0.000611943,-0.0158374,-0.0173784,0.0102592,-0.061075,0,0,-0.458203,1.04893,0.0214907,0,-0.0316093,Idle,,0.450002,1,5,0.785398,0,0,0,0,0,-0.458503,0.00935097,0.210665,0.0517227,0.652448,0.367979,0.561969,0.251616,nan,nan,nan,nan,nan,nan,nan,nan
9.91828,1.06948,0.216363,-0.16141,0.0634948,-0.0424243,0.261538,-0.0703071,-0.00318755,-0.00808135,-0.0245144,-0.0190042,0.0852796,1.04893,0.0214907,0,-0.0316093,-0.0185815,-0.184837,0.163885,0.0335173,-0.611157,-0.14375,0,0.999388,-0.0310839,-0.00220054,-0.0158799,0.0350781,0.00261914,-0.066919,0,0,-0.457432,1.04893,0.0214907,0,-0.0316093,Idle,,0.450002,1,5,0.785398,0,0,0,0,0,-0.457432,0.0184828,0.217662,0.0507302,0.648876,0.367426,0.573293,0.240135,nan,nan,nan,nan,nan,nan,nan,nan
9.93015,1.07058,0.216706,-0.158989,0.0639495,-0.0277023,0.264251,-0.0709365,-0.00298306,-0.00738129,-0.0710661,0.0182699,0.0791743,1.04893,0.0214907,0,-0.0316093,-0.0205626,-0.185454,0.158989,0.00115073,-0.737299,-0.16464,0,0.999171,-0.0375071,-0.000653145,-0.0158396,-0.0159504,0.00937897,-0.0685999,0,0,-0.458869,1.04893,0.0214907,0,-0.0316093,Idle,,0.45,1,5,0.785398,0,0,0,0,0,-0.457432,0.0184828,0.217662,0.0507302,0.648876,0.367426,0.573293,0.240135,nan,nan,nan,nan,nan,nan,nan,nan
9.93683,1.07164,0.217004,-0.156596,0.0626665,-0.0306403,0.263017,-0.0716877,-0.00279653,-0.00671495,-0.0847537,0.0167325,0.075189,1.04893,0.0214907,0,-0.0316093,-0.0205626,-0.185454,0.158989,0.00115073,-0.737299,-0.16464,0,0.999171,-0.0375071,-0.000653145,-0.0158396,-0.0159504,0.00937897,-0.0685999,0,0,-0.458869,1.04893,0.0214907,0,-0.0316093,Idle,,0.45,1,5,0.785398,0,0,0,0,0,-0.458869,0.012334,0.215368,0.0504314,0.652739,0.365837,0.569058,0.24784,nan,nan,nan,nan,nan,nan,nan,nan
9.95245,1.07384,0.217457,-0.151554,0.0576995,-0.0429886,0.252372,-0.0723249,-0.0036985,-0.00525934,-0.026271,-0.0683731,0.0741515,1.04893,0.0214907,0,-0.0316093,-0.0236664,-0.186168,0.151554,0.014475,-0.647579,-0.152953,0,0.999331,-0.0329476,-0.00125961,-0.015854,0.0492208,0.00499457,-0.073691,0,0,-0.457655,1.04893,0.0214907,0,-0.0316093,Idle,,0.45,1,5,0.785398,0,0,0,0,0,-0.458869,0.012334,0.215368,0.0504314,0.652739,0.365837,0.569058,0.24784,nan,nan,nan,nan,nan,nan,nan,nan
9.96171,1.07583,0.217707,-0.147053,0.0532946,-0.0562435,0.244695,-0.0736337,-0.00400084,-0.0040857,-0.0796718,-0.0151763,0.0633846,1.04893,0.0214907,0,-0.0316093,-0.0255535,-0.186406,0.147053,0.0238803,-0.575576,-0.143922,0,0.999444,-0.0292853,-0.00168085,-0.0158599,0.0492208,0.00499457,-0.073691,0,0,-0.457655,1.04893,0.0214907,0,-0.0316093,Idle,,0.45,1,5,0.785398,0,0,0,0,0,-0.458869,0.012334,0.215368,0.0504314,0.652739,0.365837,0.569058,0.24784,nan,nan,nan,nan,nan,nan,nan,nan
9.97144,1.0768,0.217794,-0.144868,0.0556893,-0.0654693,0.236383,-0.0738339,-0.0045059,-0.00342131,-0.0230639,-0.0603893,0.0693062,1.04893,0.0214907,0,-0.0316093,-0.0255535,-0.186406,0.147053,0.0238803,-0.575576,-0.143922,0,0.999444,-0.0292853,-0.00168085,-0.0158599,0.0360853,0.0085451,-0.0768211,0,0,-0.458566,1.04893,0.0214907,0,-0.0316093,Idle,,0.45,1,5,0.785398,0,0,0,0,0,-0.458566,0.01377,0.21622,0.0493817,0.650975,0.364899,0.571422,0.24697,nan,nan,nan,nan,nan,nan,nan,nan
9.98072,1.07776,0.21785,-0.142725,0.0583694,-0.053662,0.233318,-0.0740761,-0.00512592,-0.00283834,-0.0277003,-0.0725368,0.0593092,1.04893,0.0214907,0,-0.0316093,-0.0255535,-0.186406,0.147053,0.0238803,-0.575576,-0.143922,0,0.999444,-0.0292853,-0.00168085,-0.0158599,0.0791631,0.0201222,-0.0786217,0,0,-0.456227,1.04893,0.0214907,0,-0.0316093,Idle,,0.45,1,5,0.785398,0,0,0,0,0,-0.457391,0.0149777,0.216484,0.0492601,0.649011,0.364269,0.57141,0.244875,nan,nan,nan,nan,nan,nan,nan,nan
9.99682,1.07869,0.217839,-0.140633,0.0542089,-0.0576874,0.235107,-0.0746142,-0.00511943,-0.00236131,-0.0603484,-0.00212748,0.0524263,1.04893,0.0214907,0,-0.0316093,-0.0273883,-0.186541,0.142725,-0.0328465,-0.646536,-0.119122,0,0.999332,-0.032933,0.00115235,-0.0157746,0.0432628,0.0233015,-0.0816638,0,0,-0.457177,1.04893,0.0214907,0,-0.0316093,Idle,,0.45,1,5,0.785398,0,0,0,0,0,-0.456227,0.0208595,0.2109,0.0492171,0.639696,0.371169,0.570502,0.243541,nan,nan,nan,nan,nan,nan,nan,nan
10.0028,1.07962,0.217783,-0.138598,0.0514969,-0.0624231,0.225348,-0.075036,-0.00526455,-0.00191779,-0.047928,-0.0188431,0.0479534,1.04893,0.0214907,0,-0.0316093,-0.0273883,-0.186541,0.142725,-0.0328465,-0.646536,-0.119122,0,0.999332,-0.032933,0.00115235,-0.0157746,0.0432628,0.0233015,-0.0816638,0,0,-0.457177,1.04893,0.0214907,0,-0.0316093,Idle,,0.450016,1,5,0.785398,0,0,0,0,0,-0.457177,0.0101065,0.222992,0.0491604,0.656744,0.355909,0.572451,0.243605,nan,nan,nan,nan,nan,nan,nan,nan
10.0176,1.08137,0.217605,-0.13469,0.0513053,-0.0702816,0.212128,-0.0751153,-0.00612285,-0.000953596,-0.00107429,-0.057191,0.0469722,1.04893,0.0214907,0,-0.0316093,-0.0291509,-0.186477,0.138598,0.00751218,-0.600189,-0.107083,0,0.999407,-0.0305487,-0.000866642,-0.0158378,0.0819676,0.0208547,-0.0850336,0,0,-0.454198,1.04893,0.0214907,0,-0.0316093,Idle,,0.450016,1,5,0.785398,0,0,0,0,0,-0.455765,0.0249388,0.209267,0.0491363,0.635114,0.374666,0.571851,0.241429,nan,nan,nan,nan,nan,nan,nan,nan
10.0346,1.08323,0.217261,-0.131084,0.048536,-0.0729923,0.205351,-0.0757647,-0.00621614,-0.000427325,-0.0257115,-0.0228424,0.0244646,1.04893,0.0214907,0,-0.0316093,-0.031713,-0.186165,0.132869,0.00390087,-0.606164,-0.0905025,0,0.999398,-0.0308547,-0.000687437,-0.0158327,0.0559781,0.0234699,-0.0863588,0,0,-0.455036,1.04893,0.0214907,0,-0.0316093,Idle,,0.45,1,5,0.785398,0,0,0,0,0,-0.454198,0.0138684,0.224386,0.0491782,0.652109,0.354621,0.573102,0.236961,nan,nan,nan,nan,nan,nan,nan,nan
10.047,1.08413,0.217047,-0.12935,0.0468374,-0.0859054,0.196173,-0.0755549,-0.00663863,-9.21877e-05,0.0228792,-0.0488694,0.0333831,1.04893,0.0214907,0,-0.0316093,-0.03344,-0.185779,0.12935,7.70669e-05,-0.503342,-0.0345349,0,0.999546,-0.0256344,-0.000409638,-0.0158197,0.0559781,0.0234699,-0.0863588,0,0,-0.455036,1.04893,0.0214907,0,-0.0316093,Idle,,0.45,1,5,0.785398,0,0,0,0,0,-0.455036,0.016308,0.216587,0.0496018,0.64613,0.363123,0.569729,0.241163,nan,nan,nan,nan,nan,nan,nan,nan
10.0559,1.08501,0.216776,-0.127669,0.0484823,-0.0882394,0.193059,-0.0756337,-0.00695139,0.000171363,-0.00938964,-0.0358638,0.0261944,1.04893,0.0214907,0,-0.0316093,-0.03344,-0.185779,0.12935,7.70669e-05,-0.503342,-0.0345349,0,0.999546,-0.0256344,-0.000409638,-0.0158197,0.0633451,0.0290456,-0.0870439,0,0,-0.453697,1.04893,0.0214907,0,-0.0316093,Idle,,0.45,1,5,0.785398,0,0,0,0,0,-0.453697,0.0111366,0.217571,0.0499014,0.649443,0.357731,0.56513,0.242485,nan,nan,nan,nan,nan,nan,nan,nan
10.0724,1.08592,0.216309,-0.125756,0.0411434,-0.081482,0.191964,-0.0756991,-0.0068472,0.000320567,-0.00793802,0.0113655,0.0170097,1.04893,0.0214907,0,-0.0316093,-0.0351386,-0.185078,0.125756,0.029243,-0.583714,-0.0344446,0,0.999431,-0.0296935,-0.00196062,-0.0158691,0.0938939,0.0361467,-0.0879255,0,0,-0.451992,1.04893,0.0214907,0,-0.0316093,Idle,,0.45,1,5,0.785398,0,0,0,0,0,-0.452179,0.0224103,0.2108,0.050181,0.635446,0.369251,0.56652,0.2375,nan,nan,nan,nan,nan,nan,nan,nan
10.0791,1.08673,0.215945,-0.124146,0.0408038,-0.0971673,0.184234,-0.0756073,-0.00674405,0.000469323,0.00960299,0.0112247,0.0169561,1.04893,0.0214907,0,-0.0316093,-0.0351386,-0.185078,0.125756,0.029243,-0.583714,-0.0344446,0,0.999431,-0.0296935,-0.00196062,-0.0158691,0.106982,0.0215595,-0.0894505,0,0,-0.451046,1.04893,0.0214907,0,-0.0316093,Idle,,0.45,1,5,0.785398,0,0,0,0,0,-0.451992,0.0224103,0.2108,0.050181,0.635446,0.369251,0.56652,0.2375,nan,nan,nan,nan,nan,nan,nan,nan
10.0903,1.0883,0.215103,-0.121046,0.041599,-0.0886421,0.179705,-0.0752821,-0.00744726,0.000825224,0.0104807,-0.0187488,0.0185778,1.04893,0.0214907,0,-0.0316093,-0.0366639,-0.184339,0.12257,-0.00562946,-0.475617,0.00933401,0,0.999581,-0.0242295,-9.64503e-05,-0.015811,0.107826,0.0312919,-0.0893028,0,0,-0.4501,1.04893,0.0214907,0,-0.0316093,Idle,,0.45,1,5,0.785398,0,0,0,0,0,-0.451046,0.0211887,0.212284,0.0509413,0.636985,0.366965,0.564812,0.23542,nan,nan,nan,nan,nan,nan,nan,nan
10.1082,1.08981,0.214089,-0.118058,0.0363769,-0.103614,0.17398,-0.0749515,-0.00710266,0.000863824,0.0394708,0.0121838,0.00301673,1.04893,0.0214907,0,-0.0316093,-0.0388318,-0.182968,0.118058,0.0200898,-0.490245,0.00132734,0,0.999562,-0.0249534,-0.00141903,-0.0158443,0.06883,0.0281519,-0.0897839,0,0,-0.451295,1.04893,0.0214907,0,-0.0316093,Idle,,0.450012,1,5,0.785398,0,0,0,0,0,-0.451161,0.00884019,0.216869,0.0516444,0.649777,0.355809,0.558734,0.240323,nan,nan,nan,nan,nan,nan,nan,nan
10.1179,1.09059,0.213518,-0.116612,0.0348017,-0.11217,0.168446,-0.0742646,-0.00710148,0.000913539,0.0759745,0.000591871,0.00513404,1.04893,0.0214907,0,-0.0316093,-0.0388318,-0.182968,0.118058,0.0200898,-0.490245,0.00132734,0,0.999562,-0.0249534,-0.00141903,-0.0158443,0.0971087,0.0209968,-0.0902833,0,0,-0.450502,1.04893,0.0214907,0,-0.0316093,Idle,,0.450012,1,5,0.785398,0,0,0,0,0,-0.451295,0.0128875,0.207331,0.0520727,0.640733,0.365978,0.55456,0.243909,nan,nan,nan,nan,nan,nan,nan,nan
10.1308,1.09135,0.212919,-0.115194,0.0376395,-0.105001,0.16693,-0.0738373,-0.00702132,0.000866002,0.0467995,0.0102674,-0.00501908,1.04893,0.0214907,0,-0.0316093,-0.0402956,-0.181856,0.115194,-0.0101934,-0.524022,0.0161342,0,0.999519,-0.0266939,9.70696e-05,-0.015807,0.113158,0.0203919,-0.0901929,0,0,-0.449702,1.04893,0.0214907,0,-0.0316093,Idle,,0.45,1,5,0.785398,0,0,0,0,0,-0.450502,0.00901844,0.205028,0.0524786,0.641453,0.364483,0.548999,0.247072,nan,nan,nan,nan,nan,nan,nan,nan
10.1355,1.09207,0.212268,-0.113807,0.0335671,-0.1032,0.168722,-0.0735467,-0.00618398,0.000663993,0.0319012,0.0961375,-0.0160688,1.04893,0.0214907,0,-0.0316093,-0.0402956,-0.181856,0.115194,-0.0101934,-0.524022,0.0161342,0,0.999519,-0.0266939,9.70696e-05,-0.015807,0.113158,0.0203919,-0.0901929,0,0,-0.449702,1.04893,0.0214907,0,-0.0316093,Idle,,0.45,1,5,0.785398,0,0,0,0,0,-0.450502,0.00901844,0.205028,0.0524786,0.641453,0.364483,0.548999,0.247072,nan,nan,nan,nan,nan,nan,nan,nan
10.1494,1.09349,0.210871,-0.111128,0.0311707,-0.119442,0.156285,-0.0723544,-0.00497009,0.000358153,0.0862974,0.0712289,-0.0101725,1.04893,0.0214907,0,-0.0316093,-0.0416716,-0.180575,0.112447,-0.00321328,-0.518273,0.0203601,0,0.999526,-0.0263965,-0.000254007,-0.0158162,0.080457,0.0295089,-0.0891992,0,0,-0.449901,1.04893,0.0214907,0,-0.0316093,Idle,,0.450009,1,5,0.785398,0,0,0,0,0,-0.449901,0.0134005,0.191302,0.0537346,0.629304,0.377942,0.540541,0.251817,nan,nan,nan,nan,nan,nan,nan,nan
10.1656,1.09413,0.210096,-0.109811,0.0331871,-0.125405,0.154921,-0.0719276,-0.00445405,0.000243813,0.0470872,0.0591403,-0.00894703,1.04893,0.0214907,0,-0.0316093,-0.0429406,-0.179175,0.109811,-0.00644706,-0.419738,0.0390105,0,0.999646,-0.0213885,-9.70092e-06,-0.0158078,0.115293,0.0182685,-0.088118,0,0,-0.44862,1.04893,0.0214907,0,-0.0316093,Idle,,0.45,1,5,0.785398,0,0,0,0,0,-0.449692,0.00624299,0.193379,0.0549205,0.63681,0.37239,0.535554,0.254016,nan,nan,nan,nan,nan,nan,nan,nan
10.1748,1.0948,0.209113,-0.108316,0.0273731,-0.11835,0.153879,-0.0717765,-0.00335247,-7.37801e-05,0.0162408,0.125117,-0.0267093,1.04893,0.0214907,0,-0.0316093,-0.0429406,-0.179175,0.109811,-0.00644706,-0.419738,0.0390105,0,0.999646,-0.0213885,-9.70092e-06,-0.0158078,0.0827831,-9.40392e-05,-0.0882847,0,0,-0.448902,1.04893,0.0214907,0,-0.0316093,Idle,,0.45,1,5,0.785398,0,0,0,0,0,-0.448637,0.0197555,0.194586,0.0554327,0.627566,0.380548,0.544395,0.24204,nan,nan,nan,nan,nan,nan,nan,nan
10.1892,1.09596,0.20743,-0.105858,0.026692,-0.135226,0.141447,-0.0705222,-0.00181604,-0.000463872,0.0775365,0.0647387,-0.0136746,1.04893,0.0214907,0,-0.0316093,-0.0446771,-0.176642,0.105858,0.0126127,-0.39714,0.0747553,0,0.99967,-0.0202231,-0.000962915,-0.0158267,0.105045,-0.00800901,-0.0876316,0,0,-0.447693,1.04893,0.0214907,0,-0.0316093,Idle,,0.45,1,5,0.785398,0,0,0,0,0,-0.448902,0.00797949,0.19172,0.0561149,0.634812,0.375195,0.533625,0.251975,nan,nan,nan,nan,nan,nan,nan,nan
10.2016,1.09653,0.206577,-0.104664,0.0269955,-0.126187,0.1406,-0.0696752,-0.00135325,-0.000609616,0.0940051,0.0533449,-0.0129338,1.04893,0.0214907,0,-0.0316093,-0.0446771,-0.176642,0.105858,0.0126127,-0.39714,0.0747553,0,0.99967,-0.0202231,-0.000962915,-0.0158267,0.116799,0.00089434,-0.0868536,0,0,-0.446936,1.04893,0.0214907,0,-0.0316093,Idle,,0.45,1,5,0.785398,0,0,0,0,0,-0.446936,0.00895755,0.203682,0.0569811,0.64148,0.366328,0.539941,0.239995,nan,nan,nan,nan,nan,nan,nan,nan
10.2178,1.09764,0.204741,-0.102309,0.0284391,-0.126139,0.142841,-0.0681411,-0.000164381,-0.00108349,0.078546,0.0632911,-0.0231107,1.04893,0.0214907,0,-0.0316093,-0.0452191,-0.175832,0.104664,0.00321583,-0.486325,0.0727315,0,0.999568,-0.0247671,-0.000555881,-0.0158226,0.0623897,0.00645234,-0.0853305,0,0,-0.448558,1.04893,0.0214907,0,-0.0316093,Idle,,0.45,1,5,0.785398,0,0,0,0,0,-0.446936,0.00895755,0.203682,0.0569811,0.64148,0.366328,0.539941,0.239995,nan,nan,nan,nan,nan,nan,nan,nan
10.2291,1.09876,0.202791,-0.100076,0.0260855,-0.144526,0.13266,-0.0655259,0.000184706,-0.00163075,0.154774,0.000368929,-0.0391339,1.04893,0.0214907,0,-0.0316093,-0.046774,-0.173197,0.101165,0.0289621,-0.378231,0.0722269,0,0.999688,-0.0192473,-0.00178098,-0.0158411,0.0623897,0.00645234,-0.0853305,0,0,-0.448558,1.04893,0.0214907,0,-0.0316093,Idle,,0.450006,1,5,0.785398,0,0,0,0,0,-0.448558,0.00425862,0.202659,0.0576995,0.646419,0.366069,0.536798,0.244946,nan,nan,nan,nan,nan,nan,nan,nan
10.2471,1.09932,0.201756,-0.0989958,0.0228726,-0.130724,0.137723,-0.0642841,0.000562744,-0.00202718,0.13821,0.0456963,-0.0414413,1.04893,0.0214907,0,-0.0316093,-0.0478742,-0.171252,0.0989958,0.0103616,-0.50345,0.0587045,0,0.999546,-0.0256323,-0.000933869,-0.0158331,0.0488795,-0.00820309,-0.0827595,0,0,-0.447919,1.04893,0.0214907,0,-0.0316093,Idle,,0.45,1,5,0.785398,0,0,0,0,0,-0.44702,0.000169689,0.197001,0.0588778,0.644949,0.366819,0.527193,0.249118,nan,nan,nan,nan,nan,nan,nan,nan
10.2546,1.09986,0.200697,-0.0979491,0.0220654,-0.129917,0.13488,-0.0630708,0.00104832,-0.00240456,0.13508,0.0574349,-0.0386064,1.04893,0.0214907,0,-0.0316093,-0.0478742,-0.171252,0.0989958,0.0103616,-0.50345,0.0587045,0,0.999546,-0.0256323,-0.000933869,-0.0158331,0.0415539,-0.00841486,-0.0817602,0,0,-0.447627,1.04893,0.0214907,0,-0.0316093,Idle,,0.45,1,5,0.785398,0,0,0,0,0,-0.446515,-0.000851973,0.201241,0.0594955,0.648783,0.36321,0.528346,0.24572,nan,nan,nan,nan,nan,nan,nan,nan
10.2684,1.10038,0.199595,-0.0969258,0.01862,-0.147377,0.131542,-0.0615982,0.00134607,-0.00269906,0.163114,0.0357194,-0.0306022,1.04893,0.0214907,0,-0.0316093,-0.0488771,-0.169199,0.0969258,0.0284131,-0.375025,0.0732834,0,0.999691,-0.0190838,-0.00175033,-0.0158402,0.0903022,-0.0173133,-0.0809064,0,0,-0.446966,1.04893,0.0214907,0,-0.0316093,Idle,,0.450005,1,5,0.785398,0,0,0,0,0,-0.447627,-0.0198125,0.204749,0.0601047,0.666392,0.349044,0.517921,0.257152,nan,nan,nan,nan,nan,nan,nan,nan
10.2792,1.10086,0.198484,-0.0959104,0.0162467,-0.153784,0.125613,-0.0601547,0.00129211,-0.00304201,0.161619,-0.00294194,-0.0387747,1.04893,0.0214907,0,-0.0316093,-0.0488771,-0.169199,0.0969258,0.0284131,-0.375025,0.0732834,0,0.999691,-0.0190838,-0.00175033,-0.0158402,0.0975351,-0.022283,-0.0799113,0,0,-0.446045,1.04893,0.0214907,0,-0.0316093,Idle,,0.450005,1,5,0.785398,0,0,0,0,0,-0.446966,-0.00354748,0.197283,0.0606857,0.64953,0.365744,0.522903,0.249685,nan,nan,nan,nan,nan,nan,nan,nan
10.2939,1.10178,0.195959,-0.0938028,0.0166501,-0.14347,0.12108,-0.0580177,0.00198259,-0.00386268,0.108778,0.0611936,-0.0427871,1.04893,0.0214907,0,-0.0316093,-0.0488771,-0.169199,0.0969258,0.0284131,-0.375025,0.0732834,0,0.999691,-0.0190838,-0.00175033,-0.0158402,0.0495853,-0.010323,-0.0781541,0,0,-0.446153,1.04893,0.0214907,0,-0.0316093,Idle,,0.45,1,5,0.785398,0,0,0,0,0,-0.446153,-0.000573789,0.202516,0.0617453,0.651374,0.364393,0.526833,0.242011,nan,nan,nan,nan,nan,nan,nan,nan
10.3086,1.10258,0.193633,-0.091983,0.0140478,-0.153072,0.112587,-0.0558386,0.0021186,-0.00446024,0.120216,-0.00332135,-0.0309798,1.04893,0.0214907,0,-0.0316093,-0.0509675,-0.163535,0.091983,0.022012,-0.395084,0.126772,0,0.999671,-0.0201112,-0.00144034,-0.0158361,0.08125,-0.0215323,-0.0767632,0,0,-0.444688,1.04893,0.0214907,0,-0.0316093,Idle,,0.45,1,5,0.785398,0,0,0,0,0,-0.445828,-0.0012332,0.201368,0.0621552,0.651113,0.364824,0.52482,0.242553,nan,nan,nan,nan,nan,nan,nan,nan
10.3156,1.10294,0.19242,-0.0911139,0.0140742,-0.145064,0.114413,-0.0549066,0.00222481,-0.00480268,0.104452,0.0146193,-0.0376495,1.04893,0.0214907,0,-0.0316093,-0.0509675,-0.163535,0.091983,0.022012,-0.395084,0.126772,0,0.999671,-0.0201112,-0.00144034,-0.0158361,0.08125,-0.0215323,-0.0767632,0,0,-0.444688,1.04893,0.0214907,0,-0.0316093,Idle,,0.45,1,5,0.785398,0,0,0,0,0,-0.444688,0.00155675,0.204232,0.0625484,0.65042,0.364024,0.527286,0.237023,nan,nan,nan,nan,nan,nan,nan,nan
10.3255,1.10328,0.191172,-0.0902753,0.0113056,-0.149605,0.110966,-0.0539946,0.00238484,-0.00517633,0.101708,0.0206554,-0.0405994,1.04893,0.0214907,0,-0.0316093,-0.0516344,-0.161197,0.0902753,0.0300678,-0.424291,0.125638,0,0.99964,-0.0215903,-0.00187441,-0.015848,0.0587063,-0.0183195,-0.0757373,0,0,-0.444544,1.04893,0.0214907,0,-0.0316093,Idle,,0.450004,1,5,0.785398,0,0,0,0,0,-0.444544,0.00278743,0.200933,0.0628829,0.647407,0.367418,0.525346,0.238006,nan,nan,nan,nan,nan,nan,nan,nan
10.339,1.10368,0.18996,-0.0894902,0.00464125,-0.163388,0.104233,-0.0529742,0.00245258,-0.00548716,0.113777,0.00995498,-0.0341731,1.04893,0.0214907,0,-0.0316093,-0.0516344,-0.161197,0.0902753,0.0300678,-0.424291,0.125638,0,0.99964,-0.0215903,-0.00187441,-0.015848,0.0785162,-0.0382526,-0.0736946,0,0,-0.443415,1.04893,0.0214907,0,-0.0316093,Idle,,0.450004,1,5,0.785398,0,0,0,0,0,-0.444544,0.00278743,0.200933,0.0628829,0.647407,0.367418,0.525346,0.238006,nan,nan,nan,nan,nan,nan,nan,nan
