control_time_s,pos_x,pos_y,pos_z,vel_x,vel_y,vel_z,roll,pitch,yaw,angular_vel_x,angular_vel_y,angular_vel_z,local_sp_x,local_sp_y,local_sp_z,local_sp_yaw,local_sp_vx,local_sp_vy,local_sp_vz,local_sp_ax,local_sp_ay,local_sp_az,local_sp_yawspeed,att_sp_qw,att_sp_qx,att_sp_qy,att_sp_qz,rate_sp_roll,rate_sp_pitch,rate_sp_yaw,rate_sp_thrust_x,rate_sp_thrust_y,rate_sp_thrust_z,target_x,target_y,target_z,target_yaw,phase,event,hover_thrust,hover_thrust_valid,takeoff_state,takeoff_tilt_limit,landed,ground_contact,maybe_landed,thrust_sp_x,thrust_sp_y,thrust_sp_z,torque_sp_x,torque_sp_y,torque_sp_z,actuator_motor_0,actuator_motor_1,actuator_motor_2,actuator_motor_3,actuator_motor_4,actuator_motor_5,actuator_motor_6,actuator_motor_7,actuator_motor_8,actuator_motor_9,actuator_motor_10,actuator_motor_11
0.0126799,0.00667693,-0.00417087,0.0312405,0.00509308,-0.000425262,-0.011495,-0.0232626,-0.0431236,-0.000669246,0.00262456,0.00220583,0.000629576,nan,nan,nan,nan,nan,nan,nan,nan,nan,nan,nan,nan,nan,nan,nan,0.0930039,0.172498,0.00145632,0,0,-0.001,0.00673143,-0.00424002,-1,-0.000674282,Idle,,nan,nan,nan,nan,1,1,1,0,0,-0.001,0.0127063,0.0254142,0.000212688,0.00199208,7.9218e-06,0.002,0,nan,nan,nan,nan,nan,nan,nan,nan
0.0201474,0.00662012,-0.0041002,0.0311815,0.00519436,-0.000305563,-0.0118675,-0.0232607,-0.0431189,-0.000660294,0.000119822,0.000223734,0.00099451,nan,nan,nan,nan,nan,nan,nan,nan,nan,nan,nan,nan,nan,nan,nan,0.0930039,0.172498,0.00145632,0,0,-0.001,0.00673143,-0.00424002,-1,-0.000674282,Idle,,nan,nan,nan,nan,1,1,1,0,0,-0.001,0.014079,0.0257598,0.000214932,0.00199196,8.03477e-06,0.002,0,nan,nan,nan,nan,nan,nan,nan,nan
0.0305921,0.00656808,-0.00403007,0.0311177,0.00542631,-0.000223103,-0.0118727,-0.0232489,-0.043112,-0.000678474,0.00109653,0.000544882,-0.00201511,nan,nan,nan,nan,nan,nan,nan,nan,nan,nan,nan,nan,nan,nan,nan,0.0930039,0.172498,0.00145632,0,0,-0.001,0.00673143,-0.00424002,-1,-0.000674282,Idle,,nan,nan,nan,nan,1,1,1,0,0,-0.001,0.0135511,0.0254167,0.000203149,0.00199208,7.92413e-06,0.002,6.91311e-12,nan,nan,nan,nan,nan,nan,nan,nan
0.0495235,0.0064255,-0.00383388,0.03092,0.00474779,-0.000831661,-0.0119959,-0.0232286,-0.043153,-0.000667129,0.00269367,-0.00133506,-0.000503126,nan,nan,nan,nan,nan,nan,nan,nan,nan,nan,nan,nan,nan,nan,nan,0.0928651,0.172601,0.0014151,0,0,-0.001,0.00673143,-0.00424002,-1,-0.000674282,Idle,,nan,nan,nan,nan,1,1,1,0,0,-0.001,0.0135511,0.0254167,0.000203149,0.00199208,7.92413e-06,0.002,6.91311e-12,nan,nan,nan,nan,nan,nan,nan,nan
0.0646009,0.00637708,-0.00377538,0.0308491,0.00478923,-0.000823482,-0.0122712,-0.0232185,-0.043145,-0.000652808,0.00108754,0.000618272,0.00161381,nan,nan,nan,nan,nan,nan,nan,nan,nan,nan,nan,nan,nan,nan,nan,0.0928205,0.172514,0.00138742,0,0,-0.001,0.00673143,-0.00424002,-1,-0.000674282,Idle,,nan,nan,nan,nan,1,1,1,0,0,-0.001,0.0143548,0.0258074,0.000212739,0.00199195,8.05271e-06,0.002,0,nan,nan,nan,nan,nan,nan,nan,nan
0.0804071,0.00629091,-0.003654,0.0307063,0.00475387,-8.22939e-05,-0.0122152,-0.0232284,-0.0431302,-0.000655327,-0.00170655,0.00203493,0.00208905,nan,nan,nan,nan,nan,nan,nan,nan,nan,nan,nan,nan,nan,nan,nan,0.0927613,0.172446,0.00142344,0,0,-0.001,0.00673143,-0.00424002,-1,-0.000674282,Idle,,nan,nan,nan,nan,1,1,1,0,0,-0.001,0.0133277,0.0257202,0.000214709,0.00199198,8.02225e-06,0.002,4.90388e-12,nan,nan,nan,nan,nan,nan,nan,nan
0.0906328,0.00625004,-0.00359361,0.0306336,0.00453295,-0.000210729,-0.0118617,-0.0232172,-0.0431122,-0.000645145,0.00119287,0.0017546,0.00117621,nan,nan,nan,nan,nan,nan,nan,nan,nan,nan,nan,nan,nan,nan,nan,0.0927613,0.172446,0.00142344,0,0,-0.001,0.00673143,-0.00424002,-1,-0.000674282,Idle,,nan,nan,nan,nan,1,1,1,0,0,-0.001,0.0133685,0.0255324,0.000201847,0.00199204,7.96301e-06,0.002,0,nan,nan,nan,nan,nan,nan,nan,nan
0.1022,0.00620818,-0.0035341,0.0305613,0.00420933,-0.000234353,-0.0118417,-0.0232118,-0.0431081,-0.000674846,0.000368128,0.00031684,-0.00330703,nan,nan,nan,nan,nan,nan,nan,nan,nan,nan,nan,nan,nan,nan,nan,0.0927819,0.172412,0.00149443,0,0,-0.001,0.00673143,-0.00424002,-1,-0.000674282,Idle,,nan,nan,nan,nan,1,1,1,0,0,-0.001,0.0138058,0.0255772,0.000232547,0.00199202,7.97778e-06,0.002,6.33174e-13,nan,nan,nan,nan,nan,nan,nan,nan
0.105796,0.00616772,-0.00347518,0.0304889,0.00417023,4.24333e-05,-0.0117156,-0.0232315,-0.0431044,-0.000694306,-0.00237513,0.000267221,-0.00219998,nan,nan,nan,nan,nan,nan,nan,nan,nan,nan,nan,nan,nan,nan,nan,0.0927819,0.172412,0.00149443,0,0,-0.001,0.00673143,-0.00424002,-1,-0.000674282,Idle,,nan,nan,nan,nan,1,1,1,0,0,-0.001,0.0138058,0.0255772,0.000232547,0.00199202,7.97778e-06,0.002,6.33174e-13,nan,nan,nan,nan,nan,nan,nan,nan
0.117688,0.00612403,-0.003417,0.0304277,0.00429973,0.000343117,-0.0114211,-0.0232085,-0.0431046,-0.000654352,0.00265662,-0.000318454,0.00439848,nan,nan,nan,nan,nan,nan,nan,nan,nan,nan,nan,nan,nan,nan,nan,0.0927832,0.172408,0.00128858,0,0,-0.001,0.00673143,-0.00424002,-1,-0.000674282,Idle,,nan,nan,nan,nan,1,1,1,0,0,-0.001,0.0143746,0.0260171,0.000265497,0.00199188,8.11816e-06,0.002,1.03091e-11,nan,nan,nan,nan,nan,nan,nan,nan
0.1245,0.0060846,-0.00331865,0.0303667,0.00493325,0.00096526,-0.0112836,-0.0232399,-0.0431339,-0.000658854,-0.00359631,-0.00345371,-0.000621625,nan,nan,nan,nan,nan,nan,nan,nan,nan,nan,nan,nan,nan,nan,nan,0.0927832,0.172408,0.00128858,0,0,-0.001,0.00673143,-0.00424002,-1,-0.000674282,Idle,,nan,nan,nan,nan,1,1,1,0,0,-0.001,0.0134166,0.0260756,0.000253744,0.00199186,8.13879e-06,0.002,0,nan,nan,nan,nan,nan,nan,nan,nan
0.140467,0.0060428,-0.00322032,0.0303191,0.00472547,0.000967861,-0.0118219,-0.0232178,-0.0431292,-0.000658573,0.00229785,0.000298404,8.91196e-06,nan,nan,nan,nan,nan,nan,nan,nan,nan,nan,nan,nan,nan,nan,nan,0.0928215,0.172506,0.00140098,0,0,-0.001,0.00673143,-0.00424002,-1,-0.000674282,Idle,,nan,nan,nan,nan,1,1,1,0,0,-0.001,0.0144162,0.0251969,0.000267637,0.00199215,7.8509e-06,0.002,1.15371e-11,nan,nan,nan,nan,nan,nan,nan,nan
0.146417,0.00600182,-0.00312533,0.0302658,0.00476142,0.000711472,-0.0116619,-0.023234,-0.0430988,-0.000676804,-0.00205971,0.00322817,-0.00199424,nan,nan,nan,nan,nan,nan,nan,nan,nan,nan,nan,nan,nan,nan,nan,0.0928215,0.172506,0.00140098,0,0,-0.001,0.00673143,-0.00424002,-1,-0.000674282,Idle,,nan,nan,nan,nan,1,1,1,0,0,-0.001,0.014079,0.0251321,0.000275935,0.00199217,7.82762e-06,0.002,5.52249e-12,nan,nan,nan,nan,nan,nan,nan,nan
0.155712,0.00595974,-0.00303531,0.0302142,0.00400952,0.000392614,-0.0116022,-0.0232388,-0.0431046,-0.000667426,-0.000644837,-0.000871663,0.000993738,nan,nan,nan,nan,nan,nan,nan,nan,nan,nan,nan,nan,nan,nan,nan,0.0930108,0.172438,0.00140889,0,0,-0.001,0.00673143,-0.00424002,-1,-0.000674282,Idle,,nan,nan,nan,nan,1,1,1,0,0,-0.001,0.014079,0.0251321,0.000275935,0.00199217,7.82762e-06,0.002,5.52249e-12,nan,nan,nan,nan,nan,nan,nan,nan
0.16582,0.00591713,-0.00294853,0.0301588,0.00422838,0.000403737,-0.0118039,-0.0232918,-0.0430816,-0.000645446,-0.00594015,0.00230271,0.0024697,nan,nan,nan,nan,nan,nan,nan,nan,nan,nan,nan,nan,nan,nan,nan,0.0930108,0.172438,0.00140889,0,0,-0.001,0.00673143,-0.00424002,-1,-0.000674282,Idle,,nan,nan,nan,nan,1,1,1,0,0,-0.001,0.0142236,0.0254581,0.000253267,0.00199206,7.93557e-06,0.002,0,nan,nan,nan,nan,nan,nan,nan,nan
0.176353,0.00587864,-0.00286258,0.0301049,0.00428089,0.000669968,-0.0114369,-0.0232432,-0.0431045,-0.000667199,0.0051669,-0.00268645,-0.00251359,nan,nan,nan,nan,nan,nan,nan,nan,nan,nan,nan,nan,nan,nan,nan,0.0928986,0.172348,0.00141645,0,0,-0.001,0.00673143,-0.00424002,-1,-0.000674282,Idle,,nan,nan,nan,nan,1,1,1,0,0,-0.001,0.0132679,0.0261774,0.000274507,0.00199182,8.17451e-06,0.002,4.6344e-12,nan,nan,nan,nan,nan,nan,nan,nan
0.180809,0.00581132,-0.00269044,0.029989,0.0043068,0.000952508,-0.0116175,-0.0232854,-0.0430869,-0.000684751,-0.00451083,0.000569102,-0.00189235,nan,nan,nan,nan,nan,nan,nan,nan,nan,nan,nan,nan,nan,nan,nan,0.0928986,0.172348,0.00141645,0,0,-0.001,0.00673143,-0.00424002,-1,-0.000674282,Idle,,nan,nan,nan,nan,1,1,1,0,0,-0.001,0.0132679,0.0261774,0.000274507,0.00199182,8.17451e-06,0.002,4.6344e-12,nan,nan,nan,nan,nan,nan,nan,nan
0.200797,0.00578325,-0.00260416,0.0299269,0.00540987,0.00118124,-0.0123475,-0.0232716,-0.0430931,-0.000621718,0.00169153,-0.00103197,0.00696051,nan,nan,nan,nan,nan,nan,nan,nan,nan,nan,nan,nan,nan,nan,nan,0.0930348,0.172363,0.00122741,0,0,-0.001,0.00673143,-0.00424002,-1,-0.000674282,Idle,,nan,nan,nan,nan,1,1,1,0,0,-0.001,0.0138274,0.0260897,0.000272951,0.00199185,8.1459e-06,0.002,0,nan,nan,nan,nan,nan,nan,nan,nan
0.201772,0.00576135,-0.00251877,0.0298609,0.00480806,0.00185275,-0.0120364,-0.0232675,-0.0430657,-0.000538519,0.00072511,0.00266637,0.00929008,nan,nan,nan,nan,nan,nan,nan,nan,nan,nan,nan,nan,nan,nan,nan,0.0930348,0.172363,0.00122741,0,0,-0.001,0.00673143,-0.00424002,-1,-0.000674282,Idle,,nan,nan,nan,nan,1,1,1,0,0,-0.001,0.0136568,0.023629,9.22304e-05,0.00199267,7.33322e-06,0.002,2.55096e-12,nan,nan,nan,nan,nan,nan,nan,nan
0.217655,0.00575698,-0.00240307,0.0298031,0.00523522,0.00140866,-0.0124192,-0.023267,-0.0431104,-0.000467239,0.000268947,-0.00532532,0.00777781,nan,nan,nan,nan,nan,nan,nan,nan,nan,nan,nan,nan,nan,nan,nan,0.0930158,0.172432,0.0012046,0,0,-0.001,0.00673143,-0.00424002,-1,-0.000674282,Idle,,nan,nan,nan,nan,1,1,1,0,0,-0.001,0.0142423,0.0275717,-0.000116156,0.00198273,0,0.00200863,8.63604e-06,nan,nan,nan,nan,nan,nan,nan,nan
0.226165,0.00575094,-0.00229151,0.029747,0.00394804,0.00203172,-0.0120435,-0.0232633,-0.0430261,-0.000552472,-0.000188996,0.00944822,-0.00930653,nan,nan,nan,nan,nan,nan,nan,nan,nan,nan,nan,nan,nan,nan,nan,0.0930158,0.172432,0.0012046,0,0,-0.001,0.00673143,-0.00424002,-1,-0.000674282,Idle,,nan,nan,nan,nan,1,1,1,0,0,-0.001,0.0132598,0.0229435,-1.63031e-05,0.00198579,0,0.0020071,7.10905e-06,nan,nan,nan,nan,nan,nan,nan,nan
0.235762,0.00575178,-0.00217858,0.0296873,0.0073311,0.00157836,-0.0131339,-0.0231853,-0.0431177,-0.000678135,0.00793448,-0.0100335,-0.0143792,nan,nan,nan,nan,nan,nan,nan,nan,nan,nan,nan,nan,nan,nan,nan,0.092704,0.172633,0.0014575,0,0,-0.001,0.00673143,-0.00424002,-1,-0.000674282,Idle,,nan,nan,nan,nan,1,1,1,0,0,-0.001,0.0120304,0.0317035,0.000358772,0.00199,9.9983e-06,0.002,0,nan,nan,nan,nan,nan,nan,nan,nan
0.240367,0.0057678,-0.00205299,0.029607,0.0056822,0.0049985,-0.0114473,-0.0232008,-0.0428886,-0.000646497,-0.0017651,0.0253199,0.00401927,nan,nan,nan,nan,nan,nan,nan,nan,nan,nan,nan,nan,nan,nan,nan,0.092704,0.172633,0.0014575,0,0,-0.001,0.00673143,-0.00424002,-1,-0.000674282,Idle,,nan,nan,nan,nan,1,1,1,0,0,-0.001,0.0120304,0.0317035,0.000358772,0.00199,9.9983e-06,0.002,0,nan,nan,nan,nan,nan,nan,nan,nan
0.253813,0.00579373,-0.00192416,0.0295422,0.00872979,0.00372408,-0.0132959,-0.0231737,-0.0432009,-0.000477951,0.00364592,-0.0352893,0.0178487,nan,nan,nan,nan,nan,nan,nan,nan,nan,nan,nan,nan,nan,nan,nan,0.0927799,0.172542,0.00126816,0,0,-0.001,0.00673143,-0.00424002,-1,-0.000674282,Idle,,nan,nan,nan,nan,1,1,1,0,0,-0.001,0.0151762,0.0287372,-6.58355e-07,0.00199032,8.3632e-06,0.00200066,6.58384e-07,nan,nan,nan,nan,nan,nan,nan,nan
0.261028,0.00581806,-0.0017831,0.029474,0.00696117,0.00733581,-0.0123877,-0.0232104,-0.0429414,-0.000387299,-0.00383852,0.0285713,0.0106624,nan,nan,nan,nan,nan,nan,nan,nan,nan,nan,nan,nan,nan,nan,nan,0.0927799,0.172542,0.00126816,0,0,-0.001,0.00673143,-0.00424002,-1,-0.000674282,Idle,,nan,nan,nan,nan,1,1,1,0,0,-0.001,0.0135605,0.0256907,-0.000309331,0.00198398,0,0.00200801,8.01199e-06,nan,nan,nan,nan,nan,nan,nan,nan
0.272514,0.00588276,-0.00150348,0.0293381,0.00692615,0.00689509,-0.0114964,-0.0232038,-0.0429544,-0.000389673,-0.00446906,0.0279265,-0.00570053,nan,nan,nan,nan,nan,nan,nan,nan,nan,nan,nan,nan,nan,nan,nan,0.0927678,0.171806,0.00155183,0,0,-0.001,0.00673143,-0.00424002,-1,-0.000674282,Idle,,nan,nan,nan,nan,1,1,1,0,0,-0.001,0.0135605,0.0256907,-0.000309331,0.00198398,0,0.00200801,8.01199e-06,nan,nan,nan,nan,nan,nan,nan,nan
0.27938,0.00592513,-0.00136504,0.0292682,0.00998331,0.00617733,-0.0122514,-0.0231597,-0.0432544,-0.00055822,0.00392574,-0.0330421,-0.0196142,nan,nan,nan,nan,nan,nan,nan,nan,nan,nan,nan,nan,nan,nan,nan,0.0927678,0.171806,0.00155183,0,0,-0.001,0.00673143,-0.00424002,-1,-0.000674282,Idle,,nan,nan,nan,nan,1,1,1,0,0,-0.001,0.0147531,0.0214543,-0.000310199,0.00198677,0,0.00200661,6.61668e-06,nan,nan,nan,nan,nan,nan,nan,nan
0.293264,0.00598121,-0.00120874,0.0291901,0.010467,0.00877841,-0.0122768,-0.0231555,-0.0430836,-0.000729436,-0.000529001,0.0193872,-0.0186929,nan,nan,nan,nan,nan,nan,nan,nan,nan,nan,nan,nan,nan,nan,nan,0.0925785,0.17232,0.00187579,0,0,-0.001,0.00673143,-0.00424002,-1,-0.000674282,Idle,,nan,nan,nan,nan,1,1,1,0,0,-0.001,0.0134228,0.0211874,0.000513232,0.00199347,6.52658e-06,0.002,0,nan,nan,nan,nan,nan,nan,nan,nan
0.301332,0.00605265,-0.00103414,0.0291552,0.0129192,0.00903655,-0.0131226,-0.0231792,-0.043243,-0.0008737,-0.00350191,-0.017443,-0.0165475,nan,nan,nan,nan,nan,nan,nan,nan,nan,nan,nan,nan,nan,nan,nan,0.0925785,0.17232,0.00187579,0,0,-0.001,0.00673143,-0.00424002,-1,-0.000674282,Idle,,nan,nan,nan,nan,1,1,1,0,0,-0.001,0.0161269,0.0329098,0.00092681,0.0019896,1.03944e-05,0.002,0,nan,nan,nan,nan,nan,nan,nan,nan
0.312868,0.00612716,-0.000840612,0.0291199,0.0126274,0.0109826,-0.011565,-0.0232001,-0.0432167,-0.000934232,-0.00281908,0.00300742,-0.00657339,nan,nan,nan,nan,nan,nan,nan,nan,nan,nan,nan,nan,nan,nan,nan,0.0927893,0.172925,0.00147323,0,0,-0.001,0.00673143,-0.00424002,-1,-0.000674282,Idle,,nan,nan,nan,nan,1,1,1,0,0,-0.001,0.0161269,0.0329098,0.00092681,0.0019896,1.03944e-05,0.002,0,nan,nan,nan,nan,nan,nan,nan,nan
0.323065,0.00621338,-0.000651025,0.0290937,0.0144949,0.0118667,-0.01217,-0.0231645,-0.0433281,-0.000977013,0.00357019,-0.0124161,-0.00501343,nan,nan,nan,nan,nan,nan,nan,nan,nan,nan,nan,nan,nan,nan,nan,0.0927893,0.172925,0.00147323,0,0,-0.001,0.00673143,-0.00424002,-1,-0.000674282,Idle,,nan,nan,nan,nan,1,1,1,0,0,-0.001,0.0127948,0.027977,0.00109739,0.00199123,8.76886e-06,0.002,0,nan,nan,nan,nan,nan,nan,nan,nan
0.331192,0.00630873,-0.000442328,0.029063,0.0158761,0.0135661,-0.0124828,-0.0232138,-0.0433456,-0.000890948,-0.00525353,-0.00224018,0.00958555,nan,nan,nan,nan,nan,nan,nan,nan,nan,nan,nan,nan,nan,nan,nan,0.0929259,0.173538,0.00117582,0,0,-0.001,0.00673143,-0.00424002,-1,-0.000674282,Idle,,nan,nan,nan,nan,1,1,1,0,0,-0.001,0.0127948,0.027977,0.00109739,0.00199123,8.76886e-06,0.002,0,nan,nan,nan,nan,nan,nan,nan,nan
0.338055,0.00641927,-0.000230622,0.0290285,0.0159957,0.0146917,-0.0124363,-0.0232378,-0.043413,-0.000733486,-0.00209637,-0.00798116,0.0173983,nan,nan,nan,nan,nan,nan,nan,nan,nan,nan,nan,nan,nan,nan,nan,0.0929259,0.173538,0.00117582,0,0,-0.001,0.00673143,-0.00424002,-1,-0.000674282,Idle,,nan,nan,nan,nan,1,1,1,0,0,-0.001,0.0154272,0.026781,0.000890695,0.00199163,8.37532e-06,0.002,0,nan,nan,nan,nan,nan,nan,nan,nan
0.35356,0.00653073,-2.12424e-06,0.0289929,0.0176026,0.016249,-0.0124281,-0.0232266,-0.0434371,-0.000597506,0.00172923,-0.0031115,0.0151233,nan,nan,nan,nan,nan,nan,nan,nan,nan,nan,nan,nan,nan,nan,nan,0.0929812,0.174001,0.00117265,0,0,-0.001,0.00673143,-0.00424002,-1,-0.000674282,Idle,,nan,nan,nan,nan,1,1,1,0,0,-0.001,0.0143985,0.0289088,-3.59429e-05,0.00198185,0,0.00200907,9.07768e-06,nan,nan,nan,nan,nan,nan,nan,nan
0.358297,0.00677871,0.000463084,0.028922,0.018837,0.0177491,-0.0123897,-0.0232874,-0.0434663,-0.000298579,-0.000567545,0.000719632,0.0158767,nan,nan,nan,nan,nan,nan,nan,nan,nan,nan,nan,nan,nan,nan,nan,0.0929812,0.174001,0.00117265,0,0,-0.001,0.00673143,-0.00424002,-1,-0.000674282,Idle,,nan,nan,nan,nan,1,1,1,0,0,-0.001,0.0143985,0.0289088,-3.59429e-05,0.00198185,0,0.00200907,9.07768e-06,nan,nan,nan,nan,nan,nan,nan,nan
0.370994,0.00691235,0.00069991,0.0288795,0.0175551,0.0181033,-0.0118599,-0.0232974,-0.0435206,-0.000268944,-0.00114199,-0.00617502,0.00321822,nan,nan,nan,nan,nan,nan,nan,nan,nan,nan,nan,nan,nan,nan,nan,0.093138,0.174072,0.00133639,0,0,-0.001,0.00673143,-0.00424002,-1,-0.000674282,Idle,,nan,nan,nan,nan,1,1,1,0,0,-0.001,0.0136968,0.0243662,-0.000413349,0.00198485,0,0.00200757,7.57824e-06,nan,nan,nan,nan,nan,nan,nan,nan
0.38028,0.00704225,0.000945089,0.0288431,0.0187948,0.0187955,-0.012025,-0.0232933,-0.0434471,-0.000353226,-0.000115262,0.00836304,-0.00911921,nan,nan,nan,nan,nan,nan,nan,nan,nan,nan,nan,nan,nan,nan,nan,0.093138,0.174072,0.00133639,0,0,-0.001,0.00673143,-0.00424002,-1,-0.000674282,Idle,,nan,nan,nan,nan,1,1,1,0,0,-0.001,0.0145696,0.0250564,-0.000428805,0.00198439,0,0.0020078,7.80552e-06,nan,nan,nan,nan,nan,nan,nan,nan
0.394022,0.0072092,0.00121923,0.0287878,0.0184246,0.0194391,-0.0112485,-0.0233013,-0.0435215,-0.000507339,-0.00178624,-0.00793788,-0.0172713,nan,nan,nan,nan,nan,nan,nan,nan,nan,nan,nan,nan,nan,nan,nan,0.0931597,0.174072,0.00185099,0,0,-0.001,0.00673143,-0.00424002,-1,-0.000674282,Idle,,nan,nan,nan,nan,1,1,1,0,0,-0.001,0.0135146,0.0258415,-6.71844e-06,0.00198522,1.34396e-06,0.00200672,6.71845e-06,nan,nan,nan,nan,nan,nan,nan,nan
0.400824,0.00735413,0.00147117,0.0287497,0.0203775,0.0203143,-0.0118291,-0.0232325,-0.0434275,-0.000670691,0.00667881,0.0107923,-0.0177664,nan,nan,nan,nan,nan,nan,nan,nan,nan,nan,nan,nan,nan,nan,nan,0.0931597,0.174072,0.00185099,0,0,-0.001,0.00673143,-0.00424002,-1,-0.000674282,Idle,,nan,nan,nan,nan,1,1,1,0,0,-0.001,0.0140476,0.02713,0.000499344,0.00199151,8.48993e-06,0.002,0,nan,nan,nan,nan,nan,nan,nan,nan
0.413625,0.00750857,0.00173068,0.0287055,0.0197706,0.0221705,-0.0114083,-0.023278,-0.043509,-0.000805547,-0.00590069,-0.00880892,-0.0152182,nan,nan,nan,nan,nan,nan,nan,nan,nan,nan,nan,nan,nan,nan,nan,0.0930669,0.173665,0.00159222,0,0,-0.001,0.00673143,-0.00424002,-1,-0.000674282,Idle,,nan,nan,nan,nan,1,1,1,0,0,-0.001,0.0146852,0.0243127,0.000832139,0.00199244,7.55949e-06,0.002,2.12157e-11,nan,nan,nan,nan,nan,nan,nan,nan
0.420543,0.00765913,0.00200192,0.0286905,0.0214685,0.0228167,-0.011578,-0.0232677,-0.0434248,-0.000889356,0.000602109,0.00956439,-0.00903175,nan,nan,nan,nan,nan,nan,nan,nan,nan,nan,nan,nan,nan,nan,nan,0.0930669,0.173665,0.00159222,0,0,-0.001,0.00673143,-0.00424002,-1,-0.000674282,Idle,,nan,nan,nan,nan,1,1,1,0,0,-0.001,0.0146476,0.0277015,0.00100407,0.00199132,8.67759e-06,0.002,0,nan,nan,nan,nan,nan,nan,nan,nan
0.434451,0.00782025,0.00228252,0.0286709,0.0216874,0.0247112,-0.0113481,-0.0232875,-0.0434977,-0.000882102,-0.00230765,-0.00819584,0.000756742,nan,nan,nan,nan,nan,nan,nan,nan,nan,nan,nan,nan,nan,nan,nan,0.0930059,0.173825,0.00133403,0,0,-0.001,0.00673143,-0.00424002,-1,-0.000674282,Idle,,nan,nan,nan,nan,1,1,1,0,0,-0.001,0.0127789,0.0265285,0.000862892,0.00199171,8.28912e-06,0.002,1.27798e-11,nan,nan,nan,nan,nan,nan,nan,nan
0.44109,0.0079905,0.00257284,0.0286511,0.0233933,0.0250047,-0.0112944,-0.023267,-0.0434973,-0.000784591,0.00261798,-0.000254696,0.0109879,nan,nan,nan,nan,nan,nan,nan,nan,nan,nan,nan,nan,nan,nan,nan,0.0930059,0.173825,0.00133403,0,0,-0.001,0.00673143,-0.00424002,-1,-0.000674282,Idle,,nan,nan,nan,nan,1,1,1,0,0,-0.001,0.013833,0.0270253,0.000579946,0.00199154,8.45443e-06,0.002,8.26095e-12,nan,nan,nan,nan,nan,nan,nan,nan
0.451645,0.00835667,0.00317068,0.0286054,0.0250304,0.0270581,-0.0108104,-0.0233175,-0.0435663,-0.000509322,-0.00516108,-0.00660938,0.0185699,nan,nan,nan,nan,nan,nan,nan,nan,nan,nan,nan,nan,nan,nan,nan,0.0932134,0.174257,0.00095727,0,0,-0.001,0.00673143,-0.00424002,-1,-0.000674282,Idle,,nan,nan,nan,nan,1,1,1,0,0,-0.001,0.013833,0.0270253,0.000579946,0.00199154,8.45443e-06,0.002,8.26095e-12,nan,nan,nan,nan,nan,nan,nan,nan
0.456478,0.00854834,0.00348039,0.0285838,0.0251987,0.0281336,-0.0109842,-0.0233145,-0.043552,-0.000391861,0.000779561,0.00123882,0.0132503,nan,nan,nan,nan,nan,nan,nan,nan,nan,nan,nan,nan,nan,nan,nan,0.0932134,0.174257,0.00095727,0,0,-0.001,0.00673143,-0.00424002,-1,-0.000674282,Idle,,nan,nan,nan,nan,1,1,1,0,0,-0.001,0.0149671,0.0275604,0.000147542,0.00199137,8.63179e-06,0.002,5.93779e-12,nan,nan,nan,nan,nan,nan,nan,nan
0.472128,0.00875716,0.00379084,0.0285568,0.0269031,0.0281547,-0.0111488,-0.0233392,-0.0436851,-0.000339286,-0.002607,-0.0149923,0.00565402,nan,nan,nan,nan,nan,nan,nan,nan,nan,nan,nan,nan,nan,nan,nan,0.0933039,0.17473,0.00128009,0,0,-0.001,0.00673143,-0.00424002,-1,-0.000674282,Idle,,nan,nan,nan,nan,1,1,1,0,0,-0.001,0.0141079,0.0294131,-0.000401301,0.00198152,0,0.00200923,9.24244e-06,nan,nan,nan,nan,nan,nan,nan,nan
0.480007,0.00897347,0.00410595,0.0285298,0.0276525,0.0291776,-0.0111076,-0.0233744,-0.043645,-0.000317858,-0.00392911,0.00436489,0.00264129,nan,nan,nan,nan,nan,nan,nan,nan,nan,nan,nan,nan,nan,nan,nan,0.0933039,0.17473,0.00128009,0,0,-0.001,0.00673143,-0.00424002,-1,-0.000674282,Idle,,nan,nan,nan,nan,1,1,1,0,0,-0.001,0.0147915,0.0248725,-0.000384376,0.00198451,0,0.00200774,7.74539e-06,nan,nan,nan,nan,nan,nan,nan,nan
0.494503,0.00920439,0.00442831,0.0285021,0.0286727,0.030294,-0.0107258,-0.0233882,-0.0437606,-0.000391997,-0.00198342,-0.0126559,-0.00835176,nan,nan,nan,nan,nan,nan,nan,nan,nan,nan,nan,nan,nan,nan,nan,0.093543,0.175005,0.0016005,0,0,-0.001,0.00673143,-0.00424002,-1,-0.000674282,Idle,,nan,nan,nan,nan,1,1,1,0,0,-0.001,0.0146395,0.027917,-0.000191217,0.00198251,0,0.00200874,8.74945e-06,nan,nan,nan,nan,nan,nan,nan,nan
0.501801,0.00943613,0.00476027,0.0284738,0.0291267,0.0303183,-0.0109622,-0.0233605,-0.0437494,-0.000488583,0.00252649,0.00146209,-0.0106178,nan,nan,nan,nan,nan,nan,nan,nan,nan,nan,nan,nan,nan,nan,nan,0.093543,0.175005,0.0016005,0,0,-0.001,0.00673143,-0.00424002,-1,-0.000674282,Idle,,nan,nan,nan,nan,1,1,1,0,0,-0.001,0.012416,0.0275955,0.000126971,0.00199136,8.64167e-06,0.002,0,nan,nan,nan,nan,nan,nan,nan,nan
0.512708,0.00972315,0.00513602,0.0284249,0.0295901,0.0321768,-0.0105201,-0.0233143,-0.0438967,-0.000620767,0.00440722,-0.0160929,-0.0149352,nan,nan,nan,nan,nan,nan,nan,nan,nan,nan,nan,nan,nan,nan,nan,0.0931954,0.175373,0.00164075,0,0,-0.001,0.00673143,-0.00424002,-1,-0.000674282,Idle,,nan,nan,nan,nan,1,1,1,0,0,-0.001,0.0132027,0.0259007,0.000495735,0.00199191,8.08685e-06,0.002,1.7268e-11,nan,nan,nan,nan,nan,nan,nan,nan
0.521165,0.009938,0.00544021,0.0284167,0.0295335,0.033065,-0.0105963,-0.0232656,-0.0439041,-0.000732189,0.00478034,-0.000575923,-0.0123444,nan,nan,nan,nan,nan,nan,nan,nan,nan,nan,nan,nan,nan,nan,nan,0.0931954,0.175373,0.00164075,0,0,-0.001,0.00673143,-0.00424002,-1,-0.000674282,Idle,,nan,nan,nan,nan,1,1,1,0,0,-0.001,0.0159665,0.0308725,0.000749762,0.00199028,9.7269e-06,0.002,0,nan,nan,nan,nan,nan,nan,nan,nan
0.530687,0.0101437,0.00573205,0.0284129,0.0305555,0.0350731,-0.0104182,-0.0233628,-0.0440652,-0.000813379,-0.0112229,-0.0178273,-0.00939365,nan,nan,nan,nan,nan,nan,nan,nan,nan,nan,nan,nan,nan,nan,nan,0.093514,0.17622,0.00147087,0,0,-0.001,0.00673143,-0.00424002,-1,-0.000674282,Idle,,nan,nan,nan,nan,1,1,1,0,0,-0.001,0.0159665,0.0308725,0.000749762,0.00199028,9.7269e-06,0.002,0,nan,nan,nan,nan,nan,nan,nan,nan
0.53929,0.0105897,0.00634848,0.0283914,0.0324874,0.0366601,-0.011925,-0.0233384,-0.0441232,-0.000689494,0.00068592,-0.00378651,0.011755,nan,nan,nan,nan,nan,nan,nan,nan,nan,nan,nan,nan,nan,nan,nan,0.093514,0.17622,0.00147087,0,0,-0.001,0.00673143,-0.00424002,-1,-0.000674282,Idle,,nan,nan,nan,nan,1,1,1,0,0,-0.001,0.014564,0.0271189,0.000854767,0.00199151,8.48621e-06,0.002,2.5936e-11,nan,nan,nan,nan,nan,nan,nan,nan
0.550706,0.0108165,0.00667009,0.0283763,0.03201,0.0386625,-0.00995828,-0.0233636,-0.0441886,-0.000613272,-0.00231667,-0.007689,0.00834815,nan,nan,nan,nan,nan,nan,nan,nan,nan,nan,nan,nan,nan,nan,nan,0.0933993,0.176744,0.00123186,0,0,-0.001,0.00673143,-0.00424002,-1,-0.000674282,Idle,,nan,nan,nan,nan,1,1,1,0,0,-0.001,0.0127915,0.0252916,0.000674045,0.00199212,7.88469e-06,0.002,8.07833e-13,nan,nan,nan,nan,nan,nan,nan,nan
0.557769,0.011051,0.00699821,0.028365,0.032566,0.0381212,-0.0115832,-0.0233551,-0.0441906,-0.000527547,0.00148161,-0.000647665,0.00956933,nan,nan,nan,nan,nan,nan,nan,nan,nan,nan,nan,nan,nan,nan,nan,0.0933993,0.176744,0.00123186,0,0,-0.001,0.00673143,-0.00424002,-1,-0.000674282,Idle,,nan,nan,nan,nan,1,1,1,0,0,-0.001,0.0140606,0.027444,0.000435702,0.00199141,8.59206e-06,0.002,7.8286e-12,nan,nan,nan,nan,nan,nan,nan,nan
0.573944,0.0112916,0.00734175,0.0283493,0.0344943,0.0414757,-0.00952399,-0.0233831,-0.0442196,-0.000411745,-0.00242134,-0.00373671,0.0128413,nan,nan,nan,nan,nan,nan,nan,nan,nan,nan,nan,nan,nan,nan,nan,0.093476,0.176869,0.0011233,0,0,-0.001,0.00673143,-0.00424002,-1,-0.000674282,Idle,,nan,nan,nan,nan,1,1,1,0,0,-0.001,0.0158427,0.0266678,-8.45853e-05,0.00198333,0,0.00200833,8.34035e-06,nan,nan,nan,nan,nan,nan,nan,nan
0.58044,0.0115303,0.00769346,0.0283313,0.0311102,0.0405625,-0.0104462,-0.0233673,-0.0442685,-0.000440346,0.00173947,-0.00553359,-0.00325574,nan,nan,nan,nan,nan,nan,nan,nan,nan,nan,nan,nan,nan,nan,nan,0.093476,0.176869,0.0011233,0,0,-0.001,0.00673143,-0.00424002,-1,-0.000674282,Idle,,nan,nan,nan,nan,1,1,1,0,0,-0.001,0.0141412,0.0251339,-0.000136311,0.00198434,0,0.00200783,7.83194e-06,nan,nan,nan,nan,nan,nan,nan,nan
0.590691,0.0117768,0.00804426,0.0283142,0.0348648,0.0405017,-0.0105435,-0.0234016,-0.0443175,-0.000442937,-0.00371041,-0.00568274,-0.000383981,nan,nan,nan,nan,nan,nan,nan,nan,nan,nan,nan,nan,nan,nan,nan,0.0935149,0.177403,0.00147269,0,0,-0.001,0.00673143,-0.00424002,-1,-0.000674282,Idle,,nan,nan,nan,nan,1,1,1,0,0,-0.001,0.0141412,0.0251339,-0.000136311,0.00198434,0,0.00200783,7.83194e-06,nan,nan,nan,nan,nan,nan,nan,nan
0.599986,0.0120419,0.00841377,0.028292,0.0353351,0.0419587,-0.0111652,-0.0234133,-0.0442872,-0.000476307,-0.00133054,0.00325675,-0.00360115,nan,nan,nan,nan,nan,nan,nan,nan,nan,nan,nan,nan,nan,nan,nan,0.0935149,0.177403,0.00147269,0,0,-0.001,0.00673143,-0.00424002,-1,-0.000674282,Idle,,nan,nan,nan,nan,1,1,1,0,0,-0.001,0.0130232,0.0233125,8.35845e-05,0.00199277,7.22895e-06,0.002,1.44683e-12,nan,nan,nan,nan,nan,nan,nan,nan
0.614099,0.0122982,0.00878015,0.0282563,0.0353878,0.0440693,-0.0101775,-0.0233574,-0.0442739,-0.000559182,0.00595874,0.0015002,-0.00915454,nan,nan,nan,nan,nan,nan,nan,nan,nan,nan,nan,nan,nan,nan,nan,0.0934513,0.177185,0.00160803,0,0,-0.001,0.00673143,-0.00424002,-1,-0.000674282,Idle,,nan,nan,nan,nan,1,1,1,0,0,-0.001,0.0138678,0.0275182,0.000343263,0.00199138,8.61721e-06,0.002,0,nan,nan,nan,nan,nan,nan,nan,nan
0.618738,0.0128425,0.00949312,0.0282104,0.0366969,0.044627,-0.0119653,-0.0233808,-0.0442452,-0.00071512,-0.00529482,0.00513111,-0.00392916,nan,nan,nan,nan,nan,nan,nan,nan,nan,nan,nan,nan,nan,nan,nan,0.0934513,0.177185,0.00160803,0,0,-0.001,0.00673143,-0.00424002,-1,-0.000674282,Idle,,nan,nan,nan,nan,1,1,1,0,0,-0.001,0.0138678,0.0275182,0.000343263,0.00199138,8.61721e-06,0.002,0,nan,nan,nan,nan,nan,nan,nan,nan
0.631467,0.0131066,0.00984675,0.0281997,0.0391042,0.0460509,-0.0103521,-0.0233521,-0.0442646,-0.000728987,0.00341298,-0.00239949,-0.00160989,nan,nan,nan,nan,nan,nan,nan,nan,nan,nan,nan,nan,nan,nan,nan,0.0933566,0.177046,0.00148581,0,0,-0.001,0.00673143,-0.00424002,-1,-0.000674282,Idle,,nan,nan,nan,nan,1,1,1,0,0,-0.001,0.0154416,0.0245379,0.000577768,0.00199237,7.63445e-06,0.002,0,nan,nan,nan,nan,nan,nan,nan,nan
0.640717,0.0133781,0.0102007,0.0281766,0.0384525,0.045323,-0.0113429,-0.0234075,-0.0442642,-0.000729238,-0.00588756,-0.000214283,-3.95242e-05,nan,nan,nan,nan,nan,nan,nan,nan,nan,nan,nan,nan,nan,nan,nan,0.0933566,0.177046,0.00148581,0,0,-0.001,0.00673143,-0.00424002,-1,-0.000674282,Idle,,nan,nan,nan,nan,1,1,1,0,0,-0.001,0.0138556,0.0250586,0.000646171,0.00199219,7.80483e-06,0.002,1.19758e-11,nan,nan,nan,nan,nan,nan,nan,nan
0.655917,0.0136675,0.0105743,0.0281632,0.0398809,0.0482446,-0.0106996,-0.0234907,-0.0442303,-0.000619359,-0.00845108,0.00322717,0.012295,nan,nan,nan,nan,nan,nan,nan,nan,nan,nan,nan,nan,nan,nan,nan,0.093906,0.176911,0.00114688,0,0,-0.001,0.00673143,-0.00424002,-1,-0.000674282,Idle,,nan,nan,nan,nan,1,1,1,0,0,-0.001,0.0172037,0.0253365,0.00042532,0.0019921,7.89563e-06,0.002,0,nan,nan,nan,nan,nan,nan,nan,nan
0.662359,0.0139515,0.0109511,0.028138,0.0405772,0.0484043,-0.0106651,-0.0234637,-0.0441928,-0.000578218,0.00348497,0.0038022,0.00465262,nan,nan,nan,nan,nan,nan,nan,nan,nan,nan,nan,nan,nan,nan,nan,0.093906,0.176911,0.00114688,0,0,-0.001,0.00673143,-0.00424002,-1,-0.000674282,Idle,,nan,nan,nan,nan,1,1,1,0,0,-0.001,0.012028,0.0269217,0.000241625,0.00199158,8.4187e-06,0.002,0,nan,nan,nan,nan,nan,nan,nan,nan
0.674276,0.0142506,0.0113322,0.0281134,0.0401966,0.0481311,-0.0106748,-0.0233944,-0.0442391,-0.000507563,0.00829766,-0.00557081,0.00767307,nan,nan,nan,nan,nan,nan,nan,nan,nan,nan,nan,nan,nan,nan,nan,0.0932295,0.176725,0.00138504,0,0,-0.001,0.00673143,-0.00424002,-1,-0.000674282,Idle,,nan,nan,nan,nan,1,1,1,0,0,-0.001,0.00979108,0.0254772,9.36355e-05,0.00199206,7.94099e-06,0.002,2.48376e-12,nan,nan,nan,nan,nan,nan,nan,nan
0.684138,0.0145574,0.0117226,0.0280907,0.0424309,0.0498739,-0.0112843,-0.0233361,-0.0442277,-0.000466699,0.0070113,0.000914534,0.00456946,nan,nan,nan,nan,nan,nan,nan,nan,nan,nan,nan,nan,nan,nan,nan,0.0932295,0.176725,0.00138504,0,0,-0.001,0.00673143,-0.00424002,-1,-0.000674282,Idle,,nan,nan,nan,nan,1,1,1,0,0,-0.001,0.0159102,0.0276722,-3.71757e-05,0.00198267,0,0.00200867,8.66876e-06,nan,nan,nan,nan,nan,nan,nan,nan
0.693171,0.0148762,0.0121238,0.0280536,0.0434239,0.0518722,-0.0110495,-0.0234129,-0.0443272,-0.000455521,-0.00820384,-0.0113712,0.000951002,nan,nan,nan,nan,nan,nan,nan,nan,nan,nan,nan,nan,nan,nan,nan,0.0937095,0.177053,0.00150838,0,0,-0.001,0.00673143,-0.00424002,-1,-0.000674282,Idle,,nan,nan,nan,nan,1,1,1,0,0,-0.001,0.0168044,0.0253535,-1.98251e-05,0.0019842,0,0.0020079,7.90433e-06,nan,nan,nan,nan,nan,nan,nan,nan
0.701451,0.0152046,0.0125344,0.0280108,0.0437172,0.0505245,-0.0127032,-0.0233938,-0.0442064,-0.000450693,0.0024314,0.0131801,0.000816801,nan,nan,nan,nan,nan,nan,nan,nan,nan,nan,nan,nan,nan,nan,nan,0.0937095,0.177053,0.00150838,0,0,-0.001,0.00673143,-0.00424002,-1,-0.000674282,Idle,,nan,nan,nan,nan,1,1,1,0,0,-0.001,0.0112138,0.0284356,8.34285e-05,0.00199108,8.92153e-06,0.002,2.24762e-12,nan,nan,nan,nan,nan,nan,nan,nan
0.712519,0.0158341,0.0133034,0.0279379,0.0456049,0.0556586,-0.0105581,-0.0233523,-0.0443459,-0.000657911,-0.000123159,0.00162695,-0.01524,nan,nan,nan,nan,nan,nan,nan,nan,nan,nan,nan,nan,nan,nan,nan,0.0933616,0.177369,0.00183513,0,0,-0.001,0.00673143,-0.00424002,-1,-0.000674282,Idle,,nan,nan,nan,nan,1,1,1,0,0,-0.001,0.0112138,0.0284356,8.34285e-05,0.00199108,8.92153e-06,0.002,2.24762e-12,nan,nan,nan,nan,nan,nan,nan,nan
0.719434,0.0161373,0.0136666,0.0279046,0.0462303,0.053942,-0.0113307,-0.0233943,-0.0443394,-0.000670569,-0.00431893,0.000357813,-0.00141729,nan,nan,nan,nan,nan,nan,nan,nan,nan,nan,nan,nan,nan,nan,nan,0.0933616,0.177369,0.00183513,0,0,-0.001,0.00673143,-0.00424002,-1,-0.000674282,Idle,,nan,nan,nan,nan,1,1,1,0,0,-0.001,0.0136978,0.0271721,0.000288931,0.0019915,8.50344e-06,0.002,0,nan,nan,nan,nan,nan,nan,nan,nan
0.730915,0.0164136,0.014003,0.027869,0.0461731,0.0565029,-0.0125924,-0.0233633,-0.0442611,-0.000684879,0.00382404,0.00836004,-0.00140794,nan,nan,nan,nan,nan,nan,nan,nan,nan,nan,nan,nan,nan,nan,nan,0.0934011,0.177032,0.00148762,0,0,-0.001,0.00673143,-0.00424002,-1,-0.000674282,Idle,,nan,nan,nan,nan,1,1,1,0,0,-0.001,0.0157183,0.0262984,0.000464528,0.00199179,8.2147e-06,0.002,6.94714e-12,nan,nan,nan,nan,nan,nan,nan,nan
0.741415,0.0166969,0.0143565,0.0278317,0.0486555,0.0576908,-0.0115995,-0.0234252,-0.0443549,-0.000716162,-0.00642428,-0.0109348,-0.00376416,nan,nan,nan,nan,nan,nan,nan,nan,nan,nan,nan,nan,nan,nan,nan,0.0934011,0.177032,0.00148762,0,0,-0.001,0.00673143,-0.00424002,-1,-0.000674282,Idle,,nan,nan,nan,nan,1,1,1,0,0,-0.001,0.0146264,0.0308221,0.000611978,0.00199029,9.70898e-06,0.002,0,nan,nan,nan,nan,nan,nan,nan,nan
0.751289,0.0170579,0.0148052,0.027783,0.0466749,0.0593474,-0.0109903,-0.0233886,-0.044397,-0.000697117,0.00479837,-0.00530475,0.00196693,nan,nan,nan,nan,nan,nan,nan,nan,nan,nan,nan,nan,nan,nan,nan,0.0935011,0.177576,0.00140028,0,0,-0.001,0.00673143,-0.00424002,-1,-0.000674282,Idle,,nan,nan,nan,nan,1,1,1,0,0,-0.001,0.0146264,0.0308221,0.000611978,0.00199029,9.70898e-06,0.002,0,nan,nan,nan,nan,nan,nan,nan,nan
0.760082,0.0173589,0.0151841,0.0277475,0.0498238,0.0589631,-0.0126121,-0.0234254,-0.0443272,-0.000621938,-0.0030782,0.00697584,0.00845824,nan,nan,nan,nan,nan,nan,nan,nan,nan,nan,nan,nan,nan,nan,nan,0.0935011,0.177576,0.00140028,0,0,-0.001,0.00673143,-0.00424002,-1,-0.000674282,Idle,,nan,nan,nan,nan,1,1,1,0,0,-0.001,0.0144574,0.0299387,0.000362074,0.00199059,9.41648e-06,0.002,0,nan,nan,nan,nan,nan,nan,nan,nan
0.770232,0.0176714,0.0155767,0.0277079,0.0499003,0.0605779,-0.0109881,-0.0234293,-0.0443611,-0.000572878,0.00042687,-0.00448812,0.00535178,nan,nan,nan,nan,nan,nan,nan,nan,nan,nan,nan,nan,nan,nan,nan,0.0938422,0.177387,0.00133472,0,0,-0.001,0.00673143,-0.00424002,-1,-0.000674282,Idle,,nan,nan,nan,nan,1,1,1,0,0,-0.001,0.0144574,0.0299387,0.000362074,0.00199059,9.41648e-06,0.002,0,nan,nan,nan,nan,nan,nan,nan,nan
0.77717,0.0179922,0.0159693,0.0276683,0.0525122,0.0614962,-0.0109961,-0.023509,-0.0442942,-0.000516575,-0.00797172,0.00673592,0.00639288,nan,nan,nan,nan,nan,nan,nan,nan,nan,nan,nan,nan,nan,nan,nan,0.0938422,0.177387,0.00133472,0,0,-0.001,0.00673143,-0.00424002,-1,-0.000674282,Idle,,nan,nan,nan,nan,1,1,1,0,0,-0.001,0.0150642,0.0256145,0.000216373,0.00199201,7.989e-06,0.002,9.48288e-13,nan,nan,nan,nan,nan,nan,nan,nan
0.793788,0.0183272,0.0163729,0.0276251,0.0507265,0.0626535,-0.0117021,-0.0234979,-0.04441,-0.000498069,0.00193931,-0.013483,0.00171032,nan,nan,nan,nan,nan,nan,nan,nan,nan,nan,nan,nan,nan,nan,nan,0.0939361,0.177379,0.00144818,0,0,-0.001,0.00673143,-0.00424002,-1,-0.000674282,Idle,,nan,nan,nan,nan,1,1,1,0,0,-0.001,0.0120975,0.02278,7.19024e-05,0.00199294,7.05403e-06,0.002,0,nan,nan,nan,nan,nan,nan,nan,nan
0.798326,0.0190103,0.0172075,0.027545,0.0513081,0.0623105,-0.0112732,-0.023551,-0.0443553,-0.000481242,-0.00510723,-0.00867533,0.000562885,nan,nan,nan,nan,nan,nan,nan,nan,nan,nan,nan,nan,nan,nan,nan,0.0939361,0.177379,0.00144818,0,0,-0.001,0.00673143,-0.00424002,-1,-0.000674282,Idle,,nan,nan,nan,nan,1,1,1,0,0,-0.001,0.0120975,0.02278,7.19024e-05,0.00199294,7.05403e-06,0.002,0,nan,nan,nan,nan,nan,nan,nan,nan
0.811354,0.0193055,0.0175549,0.0274948,0.0522401,0.064278,-0.0108574,-0.0235298,-0.0443391,-0.00049926,0.00289273,0.00132095,-0.00201764,nan,nan,nan,nan,nan,nan,nan,nan,nan,nan,nan,nan,nan,nan,nan,0.0940666,0.177344,0.00151088,0,0,-0.001,0.00673143,-0.00424002,-1,-0.000674282,Idle,,nan,nan,nan,nan,1,1,1,0,0,-0.001,0.0152461,0.0277579,7.24135e-05,0.0019913,8.69691e-06,0.00199999,0,nan,nan,nan,nan,nan,nan,nan,nan
0.820501,0.0196169,0.0179069,0.0274482,0.0529728,0.065113,-0.0113733,-0.0235342,-0.0444359,-0.00058109,-0.000120452,-0.0112165,-0.0094493,nan,nan,nan,nan,nan,nan,nan,nan,nan,nan,nan,nan,nan,nan,nan,0.0940666,0.177344,0.00151088,0,0,-0.001,0.00673143,-0.00424002,-1,-0.000674282,Idle,,nan,nan,nan,nan,1,1,1,0,0,-0.001,0.0136425,0.0291543,0.000226401,0.00199084,9.158e-06,0.002,0,nan,nan,nan,nan,nan,nan,nan,nan
0.834864,0.0199314,0.0182724,0.0273973,0.0544835,0.0653765,-0.0111371,-0.0235704,-0.0443674,-0.00062926,-0.00350616,0.00710533,-0.00527209,nan,nan,nan,nan,nan,nan,nan,nan,nan,nan,nan,nan,nan,nan,nan,0.0942302,0.177456,0.00159874,0,0,-0.001,0.00673143,-0.00424002,-1,-0.000674282,Idle,,nan,nan,nan,nan,1,1,1,0,0,-0.001,0.0156802,0.0262701,0.00042063,0.00199179,8.20547e-06,0.002,0,nan,nan,nan,nan,nan,nan,nan,nan
0.84081,0.020263,0.018651,0.0273473,0.0567223,0.0654195,-0.00940613,-0.0236344,-0.0443943,-0.000649208,-0.00646395,-0.00358522,-0.00238326,nan,nan,nan,nan,nan,nan,nan,nan,nan,nan,nan,nan,nan,nan,nan,0.0942302,0.177456,0.00159874,0,0,-0.001,0.00673143,-0.00424002,-1,-0.000674282,Idle,,nan,nan,nan,nan,1,1,1,0,0,-0.001,0.0137371,0.0289873,0.000493691,0.0019909,9.10199e-06,0.002,0,nan,nan,nan,nan,nan,nan,nan,nan
0.853536,0.0206035,0.0190398,0.0272962,0.0550132,0.0666681,-0.0104151,-0.0236066,-0.0444634,-0.000662299,0.00376948,-0.00826304,-0.00172225,nan,nan,nan,nan,nan,nan,nan,nan,nan,nan,nan,nan,nan,nan,nan,0.0944481,0.177646,0.00142786,0,0,-0.001,0.00673143,-0.00424002,-1,-0.000674282,Idle,,nan,nan,nan,nan,1,1,1,0,0,-0.001,0.0143386,0.0254863,0.000495269,0.00199205,7.94569e-06,0.002,0,nan,nan,nan,nan,nan,nan,nan,nan
0.861237,0.0210406,0.0195502,0.0272375,0.0561846,0.0686242,-0.0110218,-0.0235916,-0.0445455,-0.000647899,0.00249882,-0.00984917,0.00130039,nan,nan,nan,nan,nan,nan,nan,nan,nan,nan,nan,nan,nan,nan,nan,0.0944481,0.177646,0.00142786,0,0,-0.001,0.00673143,-0.00424002,-1,-0.000674282,Idle,,nan,nan,nan,nan,1,1,1,0,0,-0.001,0.0130915,0.0251023,0.0004319,0.00199218,7.822e-06,0.002,0,nan,nan,nan,nan,nan,nan,nan,nan
0.874336,0.0214047,0.0199645,0.0271902,0.05714,0.0680898,-0.0117064,-0.0235839,-0.0444365,-0.000589211,0.00189591,0.0113498,0.00672169,nan,nan,nan,nan,nan,nan,nan,nan,nan,nan,nan,nan,nan,nan,nan,0.0942626,0.177953,0.00139912,0,0,-0.001,0.00673143,-0.00424002,-1,-0.000674282,Idle,,nan,nan,nan,nan,1,1,1,0,0,-0.001,0.0140479,0.0256555,0.000287618,0.001992,8.00274e-06,0.002,0,nan,nan,nan,nan,nan,nan,nan,nan
0.881294,0.0217744,0.0203893,0.0271314,0.0585299,0.0697333,-0.0103447,-0.0236203,-0.0444028,-0.000530996,-0.00303468,0.00298254,0.00647263,nan,nan,nan,nan,nan,nan,nan,nan,nan,nan,nan,nan,nan,nan,nan,0.0942626,0.177953,0.00139912,0,0,-0.001,0.00673143,-0.00424002,-1,-0.000674282,Idle,,nan,nan,nan,nan,1,1,1,0,0,-0.001,0.0125319,0.0303245,0.000204864,0.00199046,9.5423e-06,0.002,5.0818e-12,nan,nan,nan,nan,nan,nan,nan,nan
0.891878,0.0225481,0.0212762,0.0270223,0.0592585,0.0724424,-0.0106788,-0.0235717,-0.0445422,-0.00051087,-0.000835057,-0.00217617,0.000350617,nan,nan,nan,nan,nan,nan,nan,nan,nan,nan,nan,nan,nan,nan,nan,0.0942329,0.178157,0.00145772,0,0,-0.001,0.00673143,-0.00424002,-1,-0.000674282,Idle,,nan,nan,nan,nan,1,1,1,0,0,-0.001,0.0125319,0.0303245,0.000204864,0.00199046,9.5423e-06,0.002,5.0818e-12,nan,nan,nan,nan,nan,nan,nan,nan
0.901954,0.0229447,0.0217432,0.0269667,0.0599426,0.0735251,-0.0110681,-0.0235754,-0.0444978,-0.000466338,0.000511626,0.00425215,0.00500652,nan,nan,nan,nan,nan,nan,nan,nan,nan,nan,nan,nan,nan,nan,nan,0.0942329,0.178157,0.00145772,0,0,-0.001,0.00673143,-0.00424002,-1,-0.000674282,Idle,,nan,nan,nan,nan,1,1,1,0,0,-0.001,0.0142126,0.0261222,7.60901e-05,0.00199184,8.15387e-06,0.002,0,nan,nan,nan,nan,nan,nan,nan,nan
0.912373,0.0232849,0.0221266,0.0269158,0.060619,0.0715806,-0.0113487,-0.0236201,-0.0444727,-0.000451666,-0.00420574,0.00217663,0.00161045,nan,nan,nan,nan,nan,nan,nan,nan,nan,nan,nan,nan,nan,nan,nan,0.0944263,0.177879,0.0014294,0,0,-0.001,0.00673143,-0.00424002,-1,-0.000674282,Idle,,nan,nan,nan,nan,1,1,1,0,0,-0.001,0.0154241,0.0248785,7.33177e-05,0.00199225,7.7474e-06,0.002,0,nan,nan,nan,nan,nan,nan,nan,nan
0.921604,0.0236315,0.022519,0.0268648,0.0611043,0.0744676,-0.0103113,-0.02358,-0.044486,-0.00052787,0.0049694,-0.00201637,-0.00870589,nan,nan,nan,nan,nan,nan,nan,nan,nan,nan,nan,nan,nan,nan,nan,0.0944263,0.177879,0.0014294,0,0,-0.001,0.00673143,-0.00424002,-1,-0.000674282,Idle,,nan,nan,nan,nan,1,1,1,0,0,-0.001,0.0145495,0.0268546,0.000171894,0.0019916,8.39912e-06,0.002,0,nan,nan,nan,nan,nan,nan,nan,nan
0.934549,0.0239857,0.0229269,0.0268144,0.0616081,0.0751117,-0.0104203,-0.023564,-0.0445371,-0.000590173,0.00233666,-0.0062527,-0.00726512,nan,nan,nan,nan,nan,nan,nan,nan,nan,nan,nan,nan,nan,nan,nan,0.0943283,0.177807,0.0014783,0,0,-0.001,0.00673143,-0.00424002,-1,-0.000674282,Idle,,nan,nan,nan,nan,1,1,1,0,0,-0.001,0.0129782,0.0262348,0.000348764,0.00199181,8.19453e-06,0.002,0,nan,nan,nan,nan,nan,nan,nan,nan
0.940818,0.0242925,0.0232768,0.0267749,0.0624254,0.0772744,-0.00948784,-0.0235574,-0.0444364,-0.000598049,0.00152852,0.010461,-0.000807696,nan,nan,nan,nan,nan,nan,nan,nan,nan,nan,nan,nan,nan,nan,nan,0.0943283,0.177807,0.0014783,0,0,-0.001,0.00673143,-0.00424002,-1,-0.000674282,Idle,,nan,nan,nan,nan,1,1,1,0,0,-0.001,0.0144503,0.0283248,0.000411051,0.00199112,8.88415e-06,0.002,6.73329e-12,nan,nan,nan,nan,nan,nan,nan,nan
0.953574,0.0246105,0.0236472,0.0267285,0.0624124,0.0766008,-0.0108482,-0.0236407,-0.0444441,-0.000582337,-0.00809164,-0.00188842,0.00150316,nan,nan,nan,nan,nan,nan,nan,nan,nan,nan,nan,nan,nan,nan,nan,0.0946694,0.177897,0.00145969,0,0,-0.001,0.00673143,-0.00424002,-1,-0.000674282,Idle,,nan,nan,nan,nan,1,1,1,0,0,-0.001,0.0165225,0.0266565,0.000409967,0.00199167,8.33242e-06,0.002,0,nan,nan,nan,nan,nan,nan,nan,nan
0.960348,0.0249362,0.0240207,0.0266787,0.062344,0.0752228,-0.0113966,-0.0236668,-0.044363,-0.000578578,-0.00177185,0.00804509,0.000401161,nan,nan,nan,nan,nan,nan,nan,nan,nan,nan,nan,nan,nan,nan,nan,0.0946694,0.177897,0.00145969,0,0,-0.001,0.00673143,-0.00424002,-1,-0.000674282,Idle,,nan,nan,nan,nan,1,1,1,0,0,-0.001,0.0118855,0.0292296,0.000370253,0.00199082,9.18188e-06,0.002,7.13352e-12,nan,nan,nan,nan,nan,nan,nan,nan
0.97072,0.0252738,0.0244129,0.0266304,0.0627062,0.0764778,-0.0113794,-0.0236128,-0.0444796,-0.000579431,0.00710965,-0.0139304,-0.000631313,nan,nan,nan,nan,nan,nan,nan,nan,nan,nan,nan,nan,nan,nan,nan,0.0944678,0.177628,0.00138766,0,0,-0.001,0.00673143,-0.00424002,-1,-0.000674282,Idle,,nan,nan,nan,nan,1,1,1,0,0,-0.001,0.0118855,0.0292296,0.000370253,0.00199082,9.18188e-06,0.002,7.13352e-12,nan,nan,nan,nan,nan,nan,nan,nan
0.978296,0.0260789,0.0253428,0.0265232,0.0646818,0.0798804,-0.0100178,-0.023602,-0.0444402,-0.00046277,0.00510659,-0.00659251,0.00476908,nan,nan,nan,nan,nan,nan,nan,nan,nan,nan,nan,nan,nan,nan,nan,0.0944678,0.177628,0.00138766,0,0,-0.001,0.00673143,-0.00424002,-1,-0.000674282,Idle,,nan,nan,nan,nan,1,1,1,0,0,-0.001,0.0131431,0.0250633,0.000338613,0.00199219,7.80486e-06,0.002,8.01096e-12,nan,nan,nan,nan,nan,nan,nan,nan
0.990502,0.0264477,0.0257751,0.0264719,0.0648026,0.0806426,-0.0102273,-0.0236255,-0.0443487,-0.000464418,-0.00157355,0.00932071,-0.000170129,nan,nan,nan,nan,nan,nan,nan,nan,nan,nan,nan,nan,nan,nan,nan,0.0944488,0.177383,0.00147132,0,0,-0.001,0.00673143,-0.00424002,-1,-0.000674282,Idle,,nan,nan,nan,nan,1,1,1,0,0,-0.001,0.0136545,0.028486,0.000215635,0.00199106,8.93703e-06,0.002,0,nan,nan,nan,nan,nan,nan,nan,nan
0.997711,0.0268235,0.0262086,0.0264188,0.0655885,0.0787994,-0.0110577,-0.0236332,-0.0444514,-0.000463621,0.000188001,-0.0123247,-0.000405167,nan,nan,nan,nan,nan,nan,nan,nan,nan,nan,nan,nan,nan,nan,nan,0.0944488,0.177383,0.00147132,0,0,-0.001,0.00673143,-0.00424002,-1,-0.000674282,Idle,,nan,nan,nan,nan,1,1,1,0,0,-0.001,0.0139896,0.0237981,0.000106019,0.00199261,7.38849e-06,0.002,0,nan,nan,nan,nan,nan,nan,nan,nan
1.01504,0.0271391,0.0265614,0.0263816,0.0669244,0.081647,-0.00986346,-0.023635,-0.0443548,-0.000434135,0.000955323,0.00979265,0.00331257,nan,nan,nan,nan,nan,nan,nan,nan,nan,nan,nan,nan,nan,nan,nan,0.0944858,0.177408,0.00138497,0,0,-0.001,0.00673143,-0.00424002,-1,-0.000674282,Idle,,nan,nan,nan,nan,1,1,1,0,0,-0.001,0.0139005,0.0254153,0.000104925,0.00199208,7.92382e-06,0.002,0,nan,nan,nan,nan,nan,nan,nan,nan
1.02069,0.0274649,0.0269236,0.0263468,0.067285,0.0809478,-0.00993793,-0.0236327,-0.0443565,-0.00044728,0.00142464,-0.00117765,-0.00167063,nan,nan,nan,nan,nan,nan,nan,nan,nan,nan,nan,nan,nan,nan,nan,0.0944858,0.177408,0.00138497,0,0,-0.001,0.00673143,-0.00424002,-1,-0.000674282,Idle,,nan,nan,nan,nan,1,1,1,0,0,-0.001,0.0132914,0.0270672,0.000138808,0.00199153,8.46719e-06,0.002,0,nan,nan,nan,nan,nan,nan,nan,nan
1.03066,0.0278061,0.0272922,0.0263011,0.0678602,0.0840806,-0.0101554,-0.0236377,-0.0443527,-0.000457292,0.000590827,-0.000556287,-0.00129887,nan,nan,nan,nan,nan,nan,nan,nan,nan,nan,nan,nan,nan,nan,nan,0.0943923,0.177551,0.00147282,0,0,-0.001,0.00673143,-0.00424002,-1,-0.000674282,Idle,,nan,nan,nan,nan,1,1,1,0,0,-0.001,0.0132914,0.0270672,0.000138808,0.00199153,8.46719e-06,0.002,0,nan,nan,nan,nan,nan,nan,nan,nan
1.04325,0.0281578,0.0276779,0.0262583,0.0670902,0.0821382,-0.0104196,-0.023635,-0.04435,-0.000482814,0.00136931,-0.000632927,-0.00304741,nan,nan,nan,nan,nan,nan,nan,nan,nan,nan,nan,nan,nan,nan,nan,0.0943923,0.177551,0.00147282,0,0,-0.001,0.00673143,-0.00424002,-1,-0.000674282,Idle,,nan,nan,nan,nan,1,1,1,0,0,-0.001,0.0146231,0.0236516,0.000262553,0.00199266,7.33905e-06,0.002,4.93329e-12,nan,nan,nan,nan,nan,nan,nan,nan
1.05396,0.0285239,0.0280695,0.0262082,0.0695956,0.0827188,-0.0117018,-0.0236355,-0.0443413,-0.000499558,0.00102785,3.58053e-05,-0.0020366,nan,nan,nan,nan,nan,nan,nan,nan,nan,nan,nan,nan,nan,nan,nan,-0.00191659,0.25844,0.00384251,0,0,-0.00122463,0.00673143,-0.00424002,-1,-0.000674282,Idle,,nan,nan,nan,nan,1,1,1,0,0,-0.00122463,0.000319709,0.0395096,0.000340164,0.00243679,1.24723e-05,0.00244926,1.38844e-11,nan,nan,nan,nan,nan,nan,nan,nan
1.05859,0.0292867,0.0289014,0.0261158,0.0717085,0.0845259,-0.00955929,-0.0236749,-0.0443525,-0.000514687,0.000949392,-0.00443336,-0.00356612,nan,nan,nan,nan,nan,nan,nan,nan,nan,nan,nan,nan,nan,nan,nan,-0.00191659,0.25844,0.00384251,0,0,-0.00122463,0.00673143,-0.00424002,-1,-0.000674282,Idle,,nan,nan,nan,nan,1,1,1,0,0,-0.00122463,0.000319709,0.0395096,0.000340164,0.00243679,1.24723e-05,0.00244926,1.38844e-11,nan,nan,nan,nan,nan,nan,nan,nan
1.07152,0.0296873,0.029338,0.0260691,0.0698737,0.0863195,-0.00997603,-0.0236515,-0.0444173,-0.000477386,0.00387805,-0.00820417,0.00376803,nan,nan,nan,nan,nan,nan,nan,nan,nan,nan,nan,nan,nan,nan,nan,-0.00557913,0.262038,0.00391306,0,0,-0.00464294,0.00673143,-0.00424002,-1,-0.000674282,Idle,,nan,nan,nan,nan,1,1,1,0,0,-0.00311672,-0.00111919,0.0379911,0.00038452,0.00622236,1.10856e-05,0.00623345,0,nan,nan,nan,nan,nan,nan,nan,nan
1.08073,0.0300946,0.0297782,0.026019,0.0719838,0.0847394,-0.0111817,-0.0236819,-0.0443241,-0.000462292,-0.00223618,0.00947545,0.00174513,nan,nan,nan,nan,nan,nan,nan,nan,nan,nan,nan,nan,nan,nan,nan,-0.00557913,0.262038,0.00391306,0,0,-0.00464294,0.00673143,-0.00424002,-1,-0.000674282,Idle,,nan,nan,nan,nan,1,1,1,0,0,-0.00601023,-2.11182e-05,0.0370801,0.00040056,0.012011,9.43462e-06,0.0120205,9.34689e-12,nan,nan,nan,nan,nan,nan,nan,nan
1.09461,0.0305097,0.0302371,0.0259653,0.0702612,0.0872834,-0.00996154,-0.0237421,-0.0443317,-0.000428392,-0.00545505,-0.00184178,0.00356424,nan,nan,nan,nan,nan,nan,nan,nan,nan,nan,nan,nan,nan,nan,nan,-0.00275035,0.2601,0.00369496,0,0,-0.00712779,0.00673143,-0.00424002,-1,-0.000674282,Idle,,nan,nan,nan,nan,1,1,1,0,0,-0.00712779,2.41824e-05,0.0391923,0.000360546,0.014246,9.60744e-06,0.0142556,1.30185e-11,nan,nan,nan,nan,nan,nan,nan,nan
1.10286,0.0310369,0.0308424,0.025904,0.0721514,0.0876659,-0.00873944,-0.0237424,-0.0442967,-0.000365341,0.00132432,0.00285469,0.00692511,nan,nan,nan,nan,nan,nan,nan,nan,nan,nan,nan,nan,nan,nan,nan,-0.00275035,0.2601,0.00369496,0,0,-0.00712779,0.00673143,-0.00424002,-1,-0.000674282,Idle,,nan,nan,nan,nan,1,1,1,0,0,-0.00895892,-0.00255186,0.039217,0.000293282,0.0179091,8.76112e-06,0.0179178,0,nan,nan,nan,nan,nan,nan,nan,nan
1.11417,0.0313925,0.0312225,0.0258975,0.0716287,0.0882161,-0.00995975,-0.0237047,-0.044362,-0.000352302,0.00528775,-0.00816712,0.00110235,nan,nan,nan,nan,nan,nan,nan,nan,nan,nan,nan,nan,nan,nan,nan,-0.00965275,0.256244,0.00354294,0,0,-0.0120073,0.00673143,-0.00424002,-1,-0.000674282,Idle,,nan,nan,nan,nan,1,1,1,0,0,-0.0107964,-0.00161528,0.0372253,0.000264773,0.0215855,7.24505e-06,0.0215927,9.45635e-12,nan,nan,nan,nan,nan,nan,nan,nan
1.12075,0.0317524,0.0316195,0.025884,0.073186,0.0891059,-0.00999193,-0.0237275,-0.0442958,-0.000297815,-0.0010386,0.00616638,0.0060107,nan,nan,nan,nan,nan,nan,nan,nan,nan,nan,nan,nan,nan,nan,nan,-0.00965275,0.256244,0.00354294,0,0,-0.0120073,0.00673143,-0.00424002,-1,-0.000674282,Idle,,nan,nan,nan,nan,1,1,1,0,0,-0.0135737,-0.000783957,0.0398751,0.000253182,0.0271405,6.82016e-06,0.0271473,0,nan,nan,nan,nan,nan,nan,nan,nan
1.1341,0.0321283,0.0320314,0.0258632,0.0738022,0.0876282,-0.0108113,-0.023761,-0.0442426,-0.000310348,-0.00260984,0.00497706,-0.00144837,nan,nan,nan,nan,nan,nan,nan,nan,nan,nan,nan,nan,nan,nan,nan,-0.00482072,0.260943,0.00347552,0,0,-0.0148909,0.00673143,-0.00424002,-1,-0.000674282,Idle,,nan,nan,nan,nan,1,1,1,0,0,-0.0148909,-0.000779017,0.0385188,0.000307258,0.029776,5.76066e-06,0.0297818,0,nan,nan,nan,nan,nan,nan,nan,nan
1.14012,0.0325087,0.0324579,0.0258427,0.0726278,0.0895007,-0.00875452,-0.0237607,-0.0442578,-0.000330016,0.00110307,-0.00262609,-0.00240899,nan,nan,nan,nan,nan,nan,nan,nan,nan,nan,nan,nan,nan,nan,nan,-0.00482072,0.260943,0.00347552,0,0,-0.0148909,0.00673143,-0.00424002,-1,-0.000674282,Idle,,nan,nan,nan,nan,1,1,1,0,0,-0.0170413,-0.00207403,0.039234,0.000410378,0.0340775,4.99081e-06,0.0340825,7.99819e-12,nan,nan,nan,nan,nan,nan,nan,nan
1.15203,0.0332914,0.0333673,0.0257998,0.0732424,0.0937455,-0.0104132,-0.0237432,-0.0441711,-0.000329095,0.00229355,0.00987493,0.00135207,nan,nan,nan,nan,nan,nan,nan,nan,nan,nan,nan,nan,nan,nan,nan,-0.014438,0.255791,0.00360637,0,0,-0.0182506,0.00673143,-0.00424002,-1,-0.000674282,Idle,,nan,nan,nan,nan,1,1,1,0,0,-0.0170413,-0.00207403,0.039234,0.000410378,0.0340775,4.99081e-06,0.0340825,7.99819e-12,nan,nan,nan,nan,nan,nan,nan,nan
1.15898,0.0336985,0.0338501,0.0257682,0.0745828,0.0936772,-0.0105169,-0.0237915,-0.0440828,-0.000363469,-0.0044414,0.00896306,-0.00373358,nan,nan,nan,nan,nan,nan,nan,nan,nan,nan,nan,nan,nan,nan,nan,-0.014438,0.255791,0.00360637,0,0,-0.0182506,0.00673143,-0.00424002,-1,-0.000674282,Idle,,nan,nan,nan,nan,1,1,1,0,0,-0.0182506,-0.00268967,0.0360388,0.000504732,0.0364978,3.37097e-06,0.0365011,0,nan,nan,nan,nan,nan,nan,nan,nan
1.17291,0.0341151,0.0343352,0.0257365,0.0747268,0.0921234,-0.0101509,-0.0237755,-0.0441172,-0.000421464,0.00255734,-0.00457519,-0.00673372,nan,nan,nan,nan,nan,nan,nan,nan,nan,nan,nan,nan,nan,nan,nan,-0.0170779,0.26072,0.00401922,0,0,-0.0214883,0.00673143,-0.00424002,-1,-0.000674282,Idle,,nan,nan,nan,nan,1,1,1,0,0,-0.0214883,-0.00310131,0.0402127,0.000636429,0.0429733,3.23646e-06,0.0429765,1.63932e-11,nan,nan,nan,nan,nan,nan,nan,nan
1.18033,0.0345342,0.0348361,0.0257112,0.0747968,0.0937715,-0.00955685,-0.0237934,-0.0440859,-0.000393044,-0.000827419,0.00254912,0.00309221,nan,nan,nan,nan,nan,nan,nan,nan,nan,nan,nan,nan,nan,nan,nan,-0.0170779,0.26072,0.00401922,0,0,-0.0214883,0.00673143,-0.00424002,-1,-0.000674282,Idle,,nan,nan,nan,nan,1,1,1,0,0,-0.0232165,-0.0012046,0.0382387,0.000677169,0.0464312,1.7765e-06,0.046433,1.36454e-11,nan,nan,nan,nan,nan,nan,nan,nan
1.19168,0.034966,0.0353514,0.0256837,0.075567,0.094283,-0.0095027,-0.023836,-0.043993,-0.000361159,-0.00359004,0.00942642,0.00364762,nan,nan,nan,nan,nan,nan,nan,nan,nan,nan,nan,nan,nan,nan,nan,-0.0146939,0.25922,0.00378003,0,0,-0.0250768,0.00673143,-0.00424002,-1,-0.000674282,Idle,,nan,nan,nan,nan,1,1,1,0,0,-0.0250768,-0.00137893,0.0392535,0.000624627,0.0464312,1.7765e-06,0.046433,1.36454e-11,nan,nan,nan,nan,nan,nan,nan,nan
1.20008,0.0354107,0.0358699,0.025652,0.0758633,0.0958289,-0.00875647,-0.023811,-0.04395,-0.000322723,0.00393279,0.00388011,0.00424884,nan,nan,nan,nan,nan,nan,nan,nan,nan,nan,nan,nan,nan,nan,nan,-0.0146939,0.25922,0.00378003,0,0,-0.0250768,0.00673143,-0.00424002,-1,-0.000674282,Idle,,nan,nan,nan,nan,1,1,1,0,0,-0.0267995,-0.00215622,0.0382644,0.000560362,0.0535989,1.11177e-07,0.053599,1.30555e-11,nan,nan,nan,nan,nan,nan,nan,nan
1.21051,0.0359818,0.0365502,0.0256013,0.0766506,0.0971597,-0.0104624,-0.023828,-0.0438994,-0.000352351,-0.00109823,0.00489726,-0.00327923,nan,nan,nan,nan,nan,nan,nan,nan,nan,nan,nan,nan,nan,nan,nan,-0.0208447,0.262649,0.00391167,0,0,-0.0300452,0.00673143,-0.00424002,-1,-0.000674282,Idle,,nan,nan,nan,nan,1,1,1,0,0,-0.0267995,-0.00215622,0.0382644,0.000560362,0.0535989,1.11177e-07,0.053599,1.30555e-11,nan,nan,nan,nan,nan,nan,nan,nan
1.21713,0.0363494,0.0370014,0.0256075,0.0778394,0.0969631,-0.010739,-0.023852,-0.0439311,-0.000334066,-0.00169043,-0.00435395,0.00182939,nan,nan,nan,nan,nan,nan,nan,nan,nan,nan,nan,nan,nan,nan,nan,-0.0208447,0.262649,0.00391167,0,0,-0.0300452,0.00673143,-0.00424002,-1,-0.000674282,Idle,,nan,nan,nan,nan,1,1,1,0,0,-0.0287264,-0.00224478,0.0395968,0.000585416,0.058038,0.000585416,0.0553722,0.00091012,nan,nan,nan,nan,nan,nan,nan,nan
1.23352,0.0367317,0.0374598,0.0256197,0.0788546,0.097606,-0.00844247,-0.0238674,-0.0438094,-0.00032752,-0.000573261,0.0125573,0.000843497,nan,nan,nan,nan,nan,nan,nan,nan,nan,nan,nan,nan,nan,nan,nan,-0.0189454,0.266667,0.00386984,0,0,-0.0341092,0.00673143,-0.00424002,-1,-0.000674282,Idle,,nan,nan,nan,nan,1,1,1,0,0,-0.0341092,-0.0021156,0.0399293,0.000599828,0.0644317,0.00498613,0.060209,0.00681004,nan,nan,nan,nan,nan,nan,nan,nan
1.23811,0.0375267,0.0384179,0.0256341,0.0797169,0.099881,-0.0104076,-0.0239362,-0.043715,-0.000347315,-0.00706201,0.00565498,0.00190304,nan,nan,nan,nan,nan,nan,nan,nan,nan,nan,nan,nan,nan,nan,nan,-0.0189454,0.266667,0.00386984,0,0,-0.0341092,0.00673143,-0.00424002,-1,-0.000674282,Idle,,nan,nan,nan,nan,1,1,1,0,0,-0.0341092,-0.0021156,0.0399293,0.000599828,0.0644317,0.00498613,0.060209,0.00681004,nan,nan,nan,nan,nan,nan,nan,nan
1.25086,0.0379446,0.0389289,0.025629,0.0787311,0.0991881,-0.0113458,-0.0238831,-0.0437025,-0.000380329,0.00673242,0.000570258,-0.00381207,nan,nan,nan,nan,nan,nan,nan,nan,nan,nan,nan,nan,nan,nan,nan,-0.0233662,0.266167,0.00416933,0,0,-0.0372226,0.00673143,-0.00424002,-1,-0.000674282,Idle,,nan,nan,nan,nan,1,1,1,0,0,-0.0358385,-0.00113579,0.0381269,0.000680273,0.0642735,0.00876362,0.0612755,0.00904121,nan,nan,nan,nan,nan,nan,nan,nan
1.26093,0.0383786,0.0394445,0.0256276,0.0815747,0.0995978,-0.00939138,-0.0238747,-0.0437027,-0.000355261,0.00206245,-0.000973673,0.00261278,nan,nan,nan,nan,nan,nan,nan,nan,nan,nan,nan,nan,nan,nan,nan,-0.0233662,0.266167,0.00416933,0,0,-0.0372226,0.00673143,-0.00424002,-1,-0.000674282,Idle,,nan,nan,nan,nan,1,1,1,0,0,-0.0388375,-0.00391093,0.0401156,0.000752229,0.0707124,0.00846676,0.0636437,0.0125273,nan,nan,nan,nan,nan,nan,nan,nan
1.27404,0.0388235,0.0399862,0.0256254,0.0817078,0.0990523,-0.0102705,-0.023877,-0.0436275,-0.000378859,0.000600574,0.00758965,-0.00260778,nan,nan,nan,nan,nan,nan,nan,nan,nan,nan,nan,nan,nan,nan,nan,-0.019802,0.269862,0.00414906,0,0,-0.0411848,0.00673143,-0.00424002,-1,-0.000674282,Idle,,nan,nan,nan,nan,1,1,1,0,0,-0.0411848,-0.000914427,0.0416577,0.000771656,0.0720501,0.0118624,0.0691785,0.0116482,nan,nan,nan,nan,nan,nan,nan,nan
1.28073,0.0392813,0.0405295,0.0256128,0.0814006,0.101013,-0.0110314,-0.0239253,-0.0436821,-0.000402916,-0.00455698,-0.00684524,-0.00299934,nan,nan,nan,nan,nan,nan,nan,nan,nan,nan,nan,nan,nan,nan,nan,-0.019802,0.269862,0.00414906,0,0,-0.0411848,0.00673143,-0.00424002,-1,-0.000674282,Idle,,nan,nan,nan,nan,1,1,1,0,0,-0.0428465,-0.00312653,0.0388643,0.000839215,0.0733679,0.0140031,0.067233,0.0167819,nan,nan,nan,nan,nan,nan,nan,nan
1.29347,0.0397502,0.0410824,0.0256005,0.083223,0.100958,-0.0100638,-0.0238632,-0.0436323,-0.00041162,0.00778129,0.00475416,-0.00100965,nan,nan,nan,nan,nan,nan,nan,nan,nan,nan,nan,nan,nan,nan,nan,-0.0213587,0.270825,0.00413618,0,0,-0.046726,0.00673143,-0.00424002,-1,-0.000674282,Idle,,nan,nan,nan,nan,1,1,1,0,0,-0.0445483,-0.00398912,0.0386218,0.000860114,0.0755287,0.0152877,0.0681313,0.0192454,nan,nan,nan,nan,nan,nan,nan,nan
1.30024,0.0402315,0.0416548,0.0255879,0.0833325,0.101958,-0.0104447,-0.0239376,-0.0436595,-0.000353316,-0.0070895,-0.00393564,0.0062112,nan,nan,nan,nan,nan,nan,nan,nan,nan,nan,nan,nan,nan,nan,nan,-0.0213587,0.270825,0.00413618,0,0,-0.046726,0.00673143,-0.00424002,-1,-0.000674282,Idle,,nan,nan,nan,nan,1,1,1,0,0,-0.0485896,-0.00149368,0.0409669,0.000756634,0.0793594,0.0193328,0.075695,0.0199713,nan,nan,nan,nan,nan,nan,nan,nan
1.31065,0.0407268,0.0422376,0.0255712,0.0842354,0.102019,-0.010612,-0.0239934,-0.0435563,-0.000370544,-0.00547686,0.0108242,-0.00181467,nan,nan,nan,nan,nan,nan,nan,nan,nan,nan,nan,nan,nan,nan,nan,-0.0225836,0.271581,0.00430981,0,0,-0.0504708,0.00673143,-0.00424002,-1,-0.000674282,Idle,,nan,nan,nan,nan,1,1,1,0,0,-0.0485896,-0.00149368,0.0409669,0.000756634,0.0793594,0.0193328,0.075695,0.0199713,nan,nan,nan,nan,nan,nan,nan,nan
1.32267,0.0415096,0.0431692,0.0255986,0.0853213,0.104493,-0.010305,-0.0238976,-0.0436434,-0.000365993,0.00191863,-0.00479703,0.000942116,nan,nan,nan,nan,nan,nan,nan,nan,nan,nan,nan,nan,nan,nan,nan,-0.0225836,0.271581,0.00430981,0,0,-0.0504708,0.00673143,-0.00424002,-1,-0.000674282,Idle,,nan,nan,nan,nan,1,1,1,0,0,-0.0526552,-0.00512693,0.0398774,0.000808016,0.0852741,0.0216519,0.0763672,0.0273275,nan,nan,nan,nan,nan,nan,nan,nan
1.33166,0.0420359,0.0438213,0.0255931,0.0844204,0.105807,-0.0108772,-0.0239645,-0.0437031,-0.000358708,-0.00634499,-0.00765046,0.000446465,nan,nan,nan,nan,nan,nan,nan,nan,nan,nan,nan,nan,nan,nan,nan,-0.0276632,0.272597,0.00434742,0,0,-0.0545462,0.00673143,-0.00424002,-1,-0.000674282,Idle,,nan,nan,nan,nan,1,1,1,0,0,-0.0526552,-0.00512693,0.0398774,0.000808016,0.0852741,0.0216519,0.0763672,0.0273275,nan,nan,nan,nan,nan,nan,nan,nan
1.33648,0.0424611,0.0443291,0.0256067,0.0866745,0.106374,-0.0104704,-0.0239944,-0.0436374,-0.000412431,-0.00252569,0.00647524,-0.00596924,nan,nan,nan,nan,nan,nan,nan,nan,nan,nan,nan,nan,nan,nan,nan,-0.0276632,0.272597,0.00434742,0,0,-0.0545462,0.00673143,-0.00424002,-1,-0.000674282,Idle,,nan,nan,nan,nan,1,1,1,0,0,-0.0545462,-0.00165977,0.043346,0.000796167,0.0871538,0.0235306,0.0831717,0.0243288,nan,nan,nan,nan,nan,nan,nan,nan
1.35276,0.0428998,0.0448672,0.025607,0.0876895,0.107741,-0.0104222,-0.0239628,-0.0437005,-0.000440006,0.00443626,-0.00793182,-0.00345014,nan,nan,nan,nan,nan,nan,nan,nan,nan,nan,nan,nan,nan,nan,nan,-0.0300853,0.274972,0.00467858,0,0,-0.058583,0.00673143,-0.00424002,-1,-0.000674282,Idle,,nan,nan,nan,nan,1,1,1,0,0,-0.058583,-0.00569973,0.0448007,0.000933607,0.0952124,0.0238204,0.0852396,0.0300596,nan,nan,nan,nan,nan,nan,nan,nan
1.36009,0.0433527,0.0454071,0.0256038,0.0878787,0.107889,-0.00993021,-0.0239955,-0.0436927,-0.000440468,-0.00265158,-4.347e-05,-0.000222794,nan,nan,nan,nan,nan,nan,nan,nan,nan,nan,nan,nan,nan,nan,nan,-0.0300853,0.274972,0.00467858,0,0,-0.058583,0.00673143,-0.00424002,-1,-0.000674282,Idle,,nan,nan,nan,nan,1,1,1,0,0,-0.060621,-0.0060963,0.042056,0.00101193,0.0956679,0.0275976,0.0849776,0.0342411,nan,nan,nan,nan,nan,nan,nan,nan
1.37432,0.0438088,0.0459639,0.0256182,0.0864196,0.108002,-0.00931096,-0.0240465,-0.0436398,-0.000462244,-0.00482439,0.00505636,-0.00246889,nan,nan,nan,nan,nan,nan,nan,nan,nan,nan,nan,nan,nan,nan,nan,-0.0297815,0.270202,0.00462211,0,0,-0.065098,0.00673143,-0.00424002,-1,-0.000674282,Idle,,nan,nan,nan,nan,1,1,1,0,0,-0.062839,-0.00246845,0.0425291,0.00104355,0.0956861,0.0320785,0.0900619,0.0335295,nan,nan,nan,nan,nan,nan,nan,nan
1.3819,0.0442754,0.0465319,0.0256161,0.0880695,0.108044,-0.0107187,-0.0240202,-0.0438065,-0.000470013,0.00384063,-0.0194061,-0.00149495,nan,nan,nan,nan,nan,nan,nan,nan,nan,nan,nan,nan,nan,nan,nan,-0.0297815,0.270202,0.00462211,0,0,-0.065098,0.00673143,-0.00424002,-1,-0.000674282,Idle,,nan,nan,nan,nan,1,1,1,0,0,-0.065098,-0.00407469,0.0381242,0.00104794,0.0959699,0.0363214,0.0880658,0.0400347,nan,nan,nan,nan,nan,nan,nan,nan
1.39272,0.044758,0.047108,0.0255955,0.0886057,0.107718,-0.0108392,-0.0239547,-0.043835,-0.000468507,0.0081806,-0.00400364,-8.9405e-05,nan,nan,nan,nan,nan,nan,nan,nan,nan,nan,nan,nan,nan,nan,nan,-0.0272508,0.275255,0.0046695,0,0,-0.0689677,0.00673143,-0.00424002,-1,-0.000674282,Idle,,nan,nan,nan,nan,1,1,1,0,0,-0.0689677,-0.00461562,0.0366588,0.00102707,0.0991642,0.0408248,0.0905353,0.0453463,nan,nan,nan,nan,nan,nan,nan,nan
1.40046,0.0452494,0.0476956,0.0255919,0.0899368,0.108971,-0.0106675,-0.0240574,-0.0437436,-0.000453757,-0.0105201,0.00935116,0.0017152,nan,nan,nan,nan,nan,nan,nan,nan,nan,nan,nan,nan,nan,nan,nan,-0.0272508,0.275255,0.0046695,0,0,-0.0689677,0.00673143,-0.00424002,-1,-0.000674282,Idle,,nan,nan,nan,nan,1,1,1,0,0,-0.0711377,-0.00222852,0.0412495,0.00100102,0.102866,0.0414111,0.0976623,0.0426116,nan,nan,nan,nan,nan,nan,nan,nan
1.41063,0.0457565,0.0482972,0.0255822,0.090962,0.109694,-0.0102845,-0.0241395,-0.0436685,-0.000409273,-0.00806251,0.0074457,0.00497757,nan,nan,nan,nan,nan,nan,nan,nan,nan,nan,nan,nan,nan,nan,nan,-0.0316617,0.280942,0.0049034,0,0,-0.0734257,0.00673143,-0.00424002,-1,-0.000674282,Idle,,nan,nan,nan,nan,1,1,1,0,0,-0.0711377,-0.00222852,0.0412495,0.00100102,0.102866,0.0414111,0.0976623,0.0426116,nan,nan,nan,nan,nan,nan,nan,nan
1.41769,0.0464909,0.0492912,0.0256109,0.0902043,0.110992,-0.00860359,-0.0240287,-0.0437487,-0.000441987,0.0108671,-0.0151538,-0.00137529,nan,nan,nan,nan,nan,nan,nan,nan,nan,nan,nan,nan,nan,nan,nan,-0.0316617,0.280942,0.0049034,0,0,-0.0734257,0.00673143,-0.00424002,-1,-0.000674282,Idle,,nan,nan,nan,nan,1,1,1,0,0,-0.0734257,-0.00570371,0.0439741,0.000994387,0.109531,0.0393089,0.0994235,0.0454395,nan,nan,nan,nan,nan,nan,nan,nan
1.43049,0.0468866,0.0498094,0.0256218,0.0911288,0.110711,-0.010793,-0.0241049,-0.0438507,-0.000450666,-0.00740043,-0.0123724,-0.00143945,nan,nan,nan,nan,nan,nan,nan,nan,nan,nan,nan,nan,nan,nan,nan,-0.03349,0.276993,0.00485776,0,0,-0.0782814,0.00673143,-0.00424002,-1,-0.000674282,Idle,,nan,nan,nan,nan,1,1,1,0,0,-0.0763131,-0.0094472,0.0437877,0.000972036,0.11491,0.0396594,0.0995524,0.0511302,nan,nan,nan,nan,nan,nan,nan,nan
1.43736,0.0472887,0.0503447,0.0256354,0.0917367,0.114624,-0.0105905,-0.0241631,-0.0437218,-0.000391143,-0.00514673,0.0131691,0.00679899,nan,nan,nan,nan,nan,nan,nan,nan,nan,nan,nan,nan,nan,nan,nan,-0.03349,0.276993,0.00485776,0,0,-0.0782814,0.00673143,-0.00424002,-1,-0.000674282,Idle,,nan,nan,nan,nan,1,1,1,0,0,-0.0782814,-0.00328769,0.04624,0.000959946,0.114245,0.0442375,0.10762,0.0470235,nan,nan,nan,nan,nan,nan,nan,nan
1.45361,0.0477303,0.0509659,0.0256344,0.0844407,0.115131,-0.00831224,-0.0241,-0.0435883,-0.000422704,0.00790415,0.0138703,-0.00335031,nan,nan,nan,nan,nan,nan,nan,nan,nan,nan,nan,nan,nan,nan,nan,-0.0426939,0.27886,0.00504029,0,0,-0.0822377,0.00673143,-0.00424002,-1,-0.000674282,Idle,,nan,nan,nan,nan,1,1,1,0,0,-0.0822377,-0.00896441,0.0401242,0.000965736,0.117895,0.048511,0.103231,0.0593132,nan,nan,nan,nan,nan,nan,nan,nan
1.46037,0.0480971,0.0515576,0.0256667,0.084208,0.117112,-0.00624657,-0.0242269,-0.0435156,-0.00046439,-0.0133178,0.00716616,-0.00463465,nan,nan,nan,nan,nan,nan,nan,nan,nan,nan,nan,nan,nan,nan,nan,-0.0426939,0.27886,0.00504029,0,0,-0.0822377,0.00673143,-0.00424002,-1,-0.000674282,Idle,,nan,nan,nan,nan,1,1,1,0,0,-0.085113,-0.00190015,0.0399122,0.00105661,0.115716,0.0566231,0.110859,0.0572547,nan,nan,nan,nan,nan,nan,nan,nan
1.47071,0.0484813,0.0521695,0.0256981,0.0837052,0.117921,-0.00705503,-0.0242724,-0.0437185,-0.000506589,-0.00428012,-0.0235023,-0.00543127,nan,nan,nan,nan,nan,nan,nan,nan,nan,nan,nan,nan,nan,nan,nan,-0.0448791,0.259846,0.00482919,0,0,-0.0900596,0.00673143,-0.00424002,-1,-0.000674282,Idle,,nan,nan,nan,nan,1,1,1,0,0,-0.085113,-0.00190015,0.0399122,0.00105661,0.115716,0.0566231,0.110859,0.0572547,nan,nan,nan,nan,nan,nan,nan,nan
1.47988,0.0488776,0.0528015,0.0257199,0.0846867,0.117147,-0.00543677,-0.0242122,-0.0436798,-0.000503604,0.00765314,0.00327688,0.00024992,nan,nan,nan,nan,nan,nan,nan,nan,nan,nan,nan,nan,nan,nan,nan,-0.0448791,0.259846,0.00482919,0,0,-0.0900596,0.00673143,-0.00424002,-1,-0.000674282,Idle,,nan,nan,nan,nan,1,1,1,0,0,-0.0928444,-0.00662924,0.0340484,0.00110581,0.122692,0.0652079,0.111047,0.0724308,nan,nan,nan,nan,nan,nan,nan,nan
1.49404,0.0494205,0.0536241,0.0257367,0.0873781,0.119539,-0.00620359,-0.0242446,-0.0437907,-0.000493267,-0.00262463,-0.0134346,0.000672746,nan,nan,nan,nan,nan,nan,nan,nan,nan,nan,nan,nan,nan,nan,nan,-0.0462036,0.2748,0.00536547,0,0,-0.094974,0.00673143,-0.00424002,-1,-0.000674282,Idle,,nan,nan,nan,nan,1,1,1,0,0,-0.094974,-0.00348825,0.0462014,0.00110429,0.131192,0.0609639,0.123987,0.0637532,nan,nan,nan,nan,nan,nan,nan,nan
1.49882,0.0503151,0.0549635,0.0257689,0.0916379,0.122319,-0.00546481,-0.024371,-0.0437638,-0.000376957,-0.000585419,0.00927009,0.00613957,nan,nan,nan,nan,nan,nan,nan,nan,nan,nan,nan,nan,nan,nan,nan,-0.0462036,0.2748,0.00536547,0,0,-0.094974,0.00673143,-0.00424002,-1,-0.000674282,Idle,,nan,nan,nan,nan,1,1,1,0,0,-0.094974,-0.00348825,0.0462014,0.00110429,0.131192,0.0609639,0.123987,0.0637532,nan,nan,nan,nan,nan,nan,nan,nan
1.51122,0.0507837,0.0556582,0.0257845,0.091128,0.120838,-0.00717416,-0.0243217,-0.0439533,-0.000429987,0.00610663,-0.0218748,-0.00657831,nan,nan,nan,nan,nan,nan,nan,nan,nan,nan,nan,nan,nan,nan,nan,-0.0511294,0.286823,0.00548106,0,0,-0.0999581,0.00673143,-0.00424002,-1,-0.000674282,Idle,,nan,nan,nan,nan,1,1,1,0,0,-0.096957,-0.0058835,0.0385215,0.00101967,0.129353,0.0665995,0.118931,0.0729438,nan,nan,nan,nan,nan,nan,nan,nan
1.52058,0.0510849,0.0562054,0.0258179,0.0913003,0.123463,-0.00704915,-0.0243792,-0.0439308,-0.000418171,-0.00547998,0.0015768,0.00120831,nan,nan,nan,nan,nan,nan,nan,nan,nan,nan,nan,nan,nan,nan,nan,-0.0511294,0.286823,0.00548106,0,0,-0.0999581,0.00673143,-0.00424002,-1,-0.000674282,Idle,,nan,nan,nan,nan,1,1,1,0,0,-0.101909,-0.00576813,0.041115,0.000974461,0.136011,0.0697553,0.12584,0.0760303,nan,nan,nan,nan,nan,nan,nan,nan
1.53522,0.051397,0.0567785,0.0258486,0.0919775,0.120633,-0.00733535,-0.0244255,-0.0440854,-0.000335393,-0.00358804,-0.0188662,0.00873688,nan,nan,nan,nan,nan,nan,nan,nan,nan,nan,nan,nan,nan,nan,nan,-0.050396,0.28277,0.00513154,0,0,-0.104402,0.00673143,-0.00424002,-1,-0.000674282,Idle,,nan,nan,nan,nan,1,1,1,0,0,-0.104402,-0.00682884,0.0471571,0.000856857,0.143408,0.0671083,0.131968,0.075122,nan,nan,nan,nan,nan,nan,nan,nan
1.542,0.0517231,0.0573496,0.0258738,0.0906782,0.120649,-0.00772723,-0.0243788,-0.0441501,-0.000391735,0.00608869,-0.00836228,-0.00653196,nan,nan,nan,nan,nan,nan,nan,nan,nan,nan,nan,nan,nan,nan,nan,-0.050396,0.28277,0.00513154,0,0,-0.104402,0.00673143,-0.00424002,-1,-0.000674282,Idle,,nan,nan,nan,nan,1,1,1,0,0,-0.106735,-0.00760738,0.0417325,0.000909055,0.142508,0.0727799,0.129863,0.0817895,nan,nan,nan,nan,nan,nan,nan,nan
1.5543,0.0520596,0.0579446,0.0258911,0.0939513,0.124198,-0.00967851,-0.0244307,-0.0441841,-0.000407649,-0.0047315,-0.00502332,-0.00194722,nan,nan,nan,nan,nan,nan,nan,nan,nan,nan,nan,nan,nan,nan,nan,-0.049875,0.289522,0.00546207,0,0,-0.111096,0.00673143,-0.00424002,-1,-0.000674282,Idle,,nan,nan,nan,nan,1,1,1,0,0,-0.109107,-0.00435744,0.0510974,0.00097416,0.149269,0.0708935,0.141085,0.0751813,nan,nan,nan,nan,nan,nan,nan,nan
1.5621,0.0524212,0.0585543,0.025906,0.0924813,0.122542,-0.00757523,-0.0244549,-0.0444179,-0.000398048,-0.00154174,-0.0273225,0.000351262,nan,nan,nan,nan,nan,nan,nan,nan,nan,nan,nan,nan,nan,nan,nan,-0.049875,0.289522,0.00546207,0,0,-0.111096,0.00673143,-0.00424002,-1,-0.000674282,Idle,,nan,nan,nan,nan,1,1,1,0,0,-0.114148,-0.0062331,0.032646,0.00103618,0.14265,0.087719,0.131694,0.0945312,nan,nan,nan,nan,nan,nan,nan,nan
1.57282,0.0527736,0.0591745,0.0259168,0.0914312,0.124188,-0.00798077,-0.0244984,-0.0440685,-0.000474897,-0.00412161,0.037671,-0.00763104,nan,nan,nan,nan,nan,nan,nan,nan,nan,nan,nan,nan,nan,nan,nan,-0.0474047,0.279822,0.00558999,0,0,-0.116593,0.00673143,-0.00424002,-1,-0.000674282,Idle,,nan,nan,nan,nan,1,1,1,0,0,-0.116593,-0.00427629,0.0509206,0.00118399,0.15678,0.0787734,0.148288,0.0825305,nan,nan,nan,nan,nan,nan,nan,nan
1.57998,0.0531572,0.0598159,0.0259221,0.0937691,0.124195,-0.00925674,-0.0245638,-0.0445562,-0.000553733,-0.00664361,-0.0555856,-0.0102242,nan,nan,nan,nan,nan,nan,nan,nan,nan,nan,nan,nan,nan,nan,nan,-0.0474047,0.279822,0.00558999,0,0,-0.116593,0.00673143,-0.00424002,-1,-0.000674282,Idle,,nan,nan,nan,nan,1,1,1,0,0,-0.118774,-0.00775405,0.0361875,0.0013919,0.15121,0.0891221,0.137388,0.0973775,nan,nan,nan,nan,nan,nan,nan,nan
1.5921,0.0539509,0.0611488,0.0259395,0.0944596,0.125387,-0.00764631,-0.0246329,-0.0446167,-0.0006081,-0.00572738,-0.0613898,-0.00599399,nan,nan,nan,nan,nan,nan,nan,nan,nan,nan,nan,nan,nan,nan,nan,-0.0482245,0.275645,0.00572971,0,0,-0.121865,0.00673143,-0.00424002,-1,-0.000674282,Idle,,nan,nan,nan,nan,1,1,1,0,0,-0.118774,-0.00775405,0.0361875,0.0013919,0.15121,0.0891221,0.137388,0.0973775,nan,nan,nan,nan,nan,nan,nan,nan
1.59912,0.0545073,0.0620219,0.0259362,0.091026,0.126462,-0.0065844,-0.0247115,-0.0444607,-0.000604349,-0.00775029,0.0162134,0.000789643,nan,nan,nan,nan,nan,nan,nan,nan,nan,nan,nan,nan,nan,nan,nan,-0.0482245,0.275645,0.00572971,0,0,-0.121865,0.00673143,-0.00424002,-1,-0.000674282,Idle,,nan,nan,nan,nan,1,1,1,0,0,-0.121865,-0.00675524,0.0495527,0.00141579,0.163069,0.0834931,0.150605,0.0902946,nan,nan,nan,nan,nan,nan,nan,nan
1.61046,0.0547534,0.0625619,0.0259453,0.0960446,0.126431,-0.00848902,-0.0246958,-0.0446757,-0.000603288,0.00268977,-0.0249395,-0.000522012,nan,nan,nan,nan,nan,nan,nan,nan,nan,nan,nan,nan,nan,nan,nan,-0.0505668,0.278593,0.00584891,0,0,-0.127248,0.00673143,-0.00424002,-1,-0.000674282,Idle,,nan,nan,nan,nan,1,1,1,0,0,-0.124367,-0.00505474,0.0435929,0.00149791,0.160235,0.0914944,0.150014,0.0957259,nan,nan,nan,nan,nan,nan,nan,nan
1.62119,0.0550116,0.0631211,0.0259507,0.0928055,0.126374,-0.00712895,-0.0246055,-0.0447414,-0.000531355,0.0118064,-0.00911946,0.00777295,nan,nan,nan,nan,nan,nan,nan,nan,nan,nan,nan,nan,nan,nan,nan,-0.0505668,0.278593,0.00584891,0,0,-0.127248,0.00673143,-0.00424002,-1,-0.000674282,Idle,,nan,nan,nan,nan,1,1,1,0,0,-0.129404,-0.00822755,0.0362891,0.00128599,0.162138,0.0992413,0.147853,0.108384,nan,nan,nan,nan,nan,nan,nan,nan
1.63066,0.0552922,0.0636956,0.0259553,0.0963386,0.126987,-0.00588709,-0.0246952,-0.044773,-0.000529698,-0.00868691,-0.00506852,1.52404e-05,nan,nan,nan,nan,nan,nan,nan,nan,nan,nan,nan,nan,nan,nan,nan,-0.0483869,0.282899,0.00568202,0,0,-0.132366,0.00673143,-0.00424002,-1,-0.000674282,Idle,,nan,nan,nan,nan,1,1,1,0,0,-0.129404,-0.00822755,0.0362891,0.00128599,0.162138,0.0992413,0.147853,0.108384,nan,nan,nan,nan,nan,nan,nan,nan
1.63986,0.0555985,0.0642926,0.0259637,0.0952093,0.129039,-0.00619063,-0.024635,-0.0450343,-0.000429487,0.00848074,-0.0308757,0.0103514,nan,nan,nan,nan,nan,nan,nan,nan,nan,nan,nan,nan,nan,nan,nan,-0.0483869,0.282899,0.00568202,0,0,-0.132366,0.00673143,-0.00424002,-1,-0.000674282,Idle,,nan,nan,nan,nan,1,1,1,0,0,-0.13538,-0.00820848,0.0371312,0.00103958,0.168449,0.104391,0.15468,0.114002,nan,nan,nan,nan,nan,nan,nan,nan
1.65013,0.0559093,0.0648959,0.0259669,0.096696,0.127945,-0.0067008,-0.02469,-0.0447911,-0.000421309,-0.00483992,0.0255663,0.00150475,nan,nan,nan,nan,nan,nan,nan,nan,nan,nan,nan,nan,nan,nan,nan,-0.0504628,0.292738,0.00561964,0,0,-0.140555,0.00673143,-0.00424002,-1,-0.000674282,Idle,,nan,nan,nan,nan,1,1,1,0,0,-0.13538,-0.00820848,0.0371312,0.00103958,0.168449,0.104391,0.15468,0.114002,nan,nan,nan,nan,nan,nan,nan,nan
1.65695,0.0562508,0.0655218,0.0259728,0.0974693,0.130808,-0.0064425,-0.0248036,-0.045052,-0.000426387,-0.0113958,-0.0303459,-0.00134446,nan,nan,nan,nan,nan,nan,nan,nan,nan,nan,nan,nan,nan,nan,nan,-0.0504628,0.292738,0.00561964,0,0,-0.140555,0.00673143,-0.00424002,-1,-0.000674282,Idle,,nan,nan,nan,nan,1,1,1,0,0,-0.137988,-0.00645649,0.0438508,0.000968587,0.174497,0.103415,0.163344,0.110695,nan,nan,nan,nan,nan,nan,nan,nan
1.67401,0.0565905,0.0661576,0.0259762,0.0969194,0.126684,-0.00616225,-0.0248404,-0.044977,-0.000442427,-0.00300594,0.00699451,-0.00164799,nan,nan,nan,nan,nan,nan,nan,nan,nan,nan,nan,nan,nan,nan,nan,-0.0442515,0.291573,0.00565742,0,0,-0.146147,0.00673143,-0.00424002,-1,-0.000674282,Idle,,nan,nan,nan,nan,1,1,1,0,0,-0.146147,-0.0100803,0.043262,0.00109667,0.184929,0.109559,0.168391,0.121711,nan,nan,nan,nan,nan,nan,nan,nan
1.67819,0.0573282,0.0674665,0.0259788,0.0980691,0.12477,-0.0071047,-0.0247905,-0.0452931,-0.000560072,0.00579358,-0.0256646,-0.00759646,nan,nan,nan,nan,nan,nan,nan,nan,nan,nan,nan,nan,nan,nan,nan,-0.0442515,0.291573,0.00565742,0,0,-0.146147,0.00673143,-0.00424002,-1,-0.000674282,Idle,,nan,nan,nan,nan,1,1,1,0,0,-0.146147,-0.0100803,0.043262,0.00109667,0.184929,0.109559,0.168391,0.121711,nan,nan,nan,nan,nan,nan,nan,nan
1.69119,0.0577221,0.0681357,0.0259758,0.0978644,0.13174,-0.00499031,-0.0248436,-0.0451474,-0.000601885,-0.00500218,0.0149788,-0.00429691,nan,nan,nan,nan,nan,nan,nan,nan,nan,nan,nan,nan,nan,nan,nan,-0.0382057,0.293819,0.00588723,0,0,-0.151445,0.00673143,-0.00424002,-1,-0.000674282,Idle,,nan,nan,nan,nan,1,1,1,0,0,-0.148954,-0.00949546,0.0507098,0.00130332,0.192794,0.107719,0.176666,0.118635,nan,nan,nan,nan,nan,nan,nan,nan
1.7001,0.0581366,0.0688389,0.0259799,0.0998625,0.127747,-0.00690314,-0.024905,-0.0454598,-0.000681207,-0.00609784,-0.035717,-0.00968254,nan,nan,nan,nan,nan,nan,nan,nan,nan,nan,nan,nan,nan,nan,nan,-0.0382057,0.293819,0.00588723,0,0,-0.151445,0.00673143,-0.00424002,-1,-0.000674282,Idle,,nan,nan,nan,nan,1,1,1,0,0,-0.154839,-0.0066239,0.0516204,0.0015554,0.197543,0.115245,0.184969,0.121599,nan,nan,nan,nan,nan,nan,nan,nan
1.71482,0.0583427,0.0693243,0.0259783,0.0977167,0.133148,-0.00530752,-0.0249365,-0.0452192,-0.000651312,-0.00229438,0.0255314,0.0039698,nan,nan,nan,nan,nan,nan,nan,nan,nan,nan,nan,nan,nan,nan,nan,-0.0471045,0.298366,0.00637181,0,0,-0.157163,0.00673143,-0.00424002,-1,-0.000674282,Idle,,nan,nan,nan,nan,1,1,1,0,0,-0.157163,-0.00754429,0.0372726,0.0015932,0.190409,0.127101,0.176462,0.134677,nan,nan,nan,nan,nan,nan,nan,nan
1.72067,0.0587196,0.0700413,0.0259806,0.100745,0.129483,-0.0070584,-0.024994,-0.0456779,-0.000718666,-0.00518613,-0.0526763,-0.0088901,nan,nan,nan,nan,nan,nan,nan,nan,nan,nan,nan,nan,nan,nan,nan,-0.0471045,0.298366,0.00637181,0,0,-0.157163,0.00673143,-0.00424002,-1,-0.000674282,Idle,,nan,nan,nan,nan,1,1,1,0,0,-0.160413,-0.00756612,0.0558438,0.001665,0.206879,0.117277,0.192749,0.124749,nan,nan,nan,nan,nan,nan,nan,nan
1.73373,0.0589701,0.0705764,0.0259849,0.0979887,0.133383,-0.00374084,-0.0249716,-0.0455318,-0.000718187,0.00401888,0.0144996,0.00033743,nan,nan,nan,nan,nan,nan,nan,nan,nan,nan,nan,nan,nan,nan,nan,-0.0622171,0.291129,0.00679162,0,0,-0.166575,0.00673143,-0.00424002,-1,-0.000674282,Idle,,nan,nan,nan,nan,1,1,1,0,0,-0.162808,-0.00685605,0.0374249,0.00164828,0.19573,0.133182,0.182643,0.139678,nan,nan,nan,nan,nan,nan,nan,nan
1.74115,0.0592455,0.0711307,0.0259928,0.102748,0.131414,-0.00638757,-0.0251282,-0.0458249,-0.000729766,-0.0159977,-0.0343304,-0.00222619,nan,nan,nan,nan,nan,nan,nan,nan,nan,nan,nan,nan,nan,nan,nan,-0.0622171,0.291129,0.00679162,0,0,-0.166575,0.00673143,-0.00424002,-1,-0.000674282,Idle,,nan,nan,nan,nan,1,1,1,0,0,-0.168781,-0.00832674,0.0586734,0.00163139,0.217749,0.123074,0.202605,0.131694,nan,nan,nan,nan,nan,nan,nan,nan
1.75442,0.0595471,0.0717032,0.0259934,0.100362,0.136262,-0.00470733,-0.0251105,-0.045827,-0.000683181,0.00365238,-0.00205589,0.00503059,nan,nan,nan,nan,nan,nan,nan,nan,nan,nan,nan,nan,nan,nan,nan,-0.0682152,0.297293,0.00713266,0,0,-0.172181,0.00673143,-0.00424002,-1,-0.000674282,Idle,,nan,nan,nan,nan,1,1,1,0,0,-0.172181,-0.0102598,0.0394198,0.00158157,0.208851,0.138673,0.191078,0.150121,nan,nan,nan,nan,nan,nan,nan,nan
1.76194,0.059862,0.0722881,0.0259971,0.103271,0.131355,-0.00549318,-0.0251359,-0.0460071,-0.000698483,-0.00146297,-0.0217888,-0.00233542,nan,nan,nan,nan,nan,nan,nan,nan,nan,nan,nan,nan,nan,nan,nan,-0.0682152,0.297293,0.00713266,0,0,-0.172181,0.00673143,-0.00424002,-1,-0.000674282,Idle,,nan,nan,nan,nan,1,1,1,0,0,-0.174864,-0.00825748,0.0530009,0.00156322,0.219703,0.133151,0.204792,0.14181,nan,nan,nan,nan,nan,nan,nan,nan
1.77199,0.0605379,0.0735079,0.0259988,0.102652,0.132708,-0.00500974,-0.0252803,-0.0462326,-0.000689313,-0.00384935,-0.0151249,0.00306951,nan,nan,nan,nan,nan,nan,nan,nan,nan,nan,nan,nan,nan,nan,nan,-0.0604906,0.298919,0.00691284,0,0,-0.178114,0.00673143,-0.00424002,-1,-0.000674282,Idle,,nan,nan,nan,nan,0,0,0,0,0,-0.174864,-0.00825748,0.0530009,0.00156322,0.219703,0.133151,0.204792,0.14181,nan,nan,nan,nan,nan,nan,nan,nan
1.77878,0.0609032,0.0741552,0.0259939,0.10152,0.135476,-0.00626968,-0.0252996,-0.0464573,-0.000710557,-0.000898823,-0.0265332,-0.00310798,nan,nan,nan,nan,nan,nan,nan,nan,nan,nan,nan,nan,nan,nan,nan,-0.0604906,0.298919,0.00691284,0,0,-0.178114,0.00673143,-0.00424002,-1,-0.000674282,Idle,,nan,nan,nan,nan,0,0,0,0,0,-0.178114,-0.00808579,0.0463611,0.00157864,0.21815,0.141233,0.203453,0.149618,nan,nan,nan,nan,nan,nan,nan,nan
1.79376,0.0612766,0.0747949,0.0259916,0.102524,0.13385,-0.00618712,-0.0253633,-0.0465138,-0.000692956,-0.00563715,-0.00784585,0.00167753,nan,nan,nan,nan,nan,nan,nan,nan,nan,nan,nan,nan,nan,nan,nan,-0.0625515,0.300999,0.00704266,0,0,-0.183613,0.00673143,-0.00424002,-1,-0.000674282,Idle,,nan,nan,nan,nan,0,0,0,0,0,-0.183613,-0.00911839,0.0473529,0.00154976,0.225052,0.145274,0.208948,0.15518,nan,nan,nan,nan,nan,nan,nan,nan
1.80196,0.061661,0.0754658,0.0259859,0.102498,0.134974,-0.00504587,-0.0254164,-0.0466736,-0.00069659,-0.0046446,-0.0193941,-0.000970604,nan,nan,nan,nan,nan,nan,nan,nan,nan,nan,nan,nan,nan,nan,nan,-0.0625515,0.300999,0.00704266,0,0,-0.183613,0.00673143,-0.00424002,-1,-0.000674282,Idle,,nan,nan,nan,nan,0,0,0,0,0,-0.186667,-0.00580379,0.0501522,0.00156251,0.227753,0.148705,0.216309,0.153901,nan,nan,nan,nan,nan,nan,nan,nan
1.81458,0.0620733,0.076139,0.02597,0.103824,0.134728,-0.0071907,-0.0254142,-0.0469513,-0.000748409,0.00124315,-0.0322386,-0.00665632,nan,nan,nan,nan,nan,nan,nan,nan,nan,nan,nan,nan,nan,nan,nan,-0.058512,0.308327,0.00745123,0,0,-0.192479,0.00673143,-0.00424002,-1,-0.000674282,Idle,,nan,nan,nan,nan,0,0,0,0,0,-0.189982,-0.0110175,0.0471931,0.00166501,0.232764,0.15053,0.213741,0.162894,nan,nan,nan,nan,nan,nan,nan,nan
1.82164,0.0622606,0.076593,0.0259882,0.104519,0.137009,-0.00619119,-0.0254807,-0.046954,-0.000845129,-0.00667591,-0.00144631,-0.0108661,nan,nan,nan,nan,nan,nan,nan,nan,nan,nan,nan,nan,nan,nan,nan,-0.058512,0.308327,0.00745123,0,0,-0.192479,0.00673143,-0.00424002,-1,-0.000674282,Idle,,nan,nan,nan,nan,0,0,0,0,0,-0.192479,-0.00596192,0.0544997,0.00186165,0.237049,0.151632,0.224779,0.156458,nan,nan,nan,nan,nan,nan,nan,nan
1.8338,0.0624699,0.0770622,0.0260045,0.101011,0.131557,-0.0038524,-0.0256542,-0.0472068,-0.000954472,-0.0181396,-0.0298098,-0.0130994,nan,nan,nan,nan,nan,nan,nan,nan,nan,nan,nan,nan,nan,nan,nan,-0.0465178,0.299335,0.00733222,0,0,-0.199497,0.00673143,-0.00424002,-1,-0.000674282,Idle,,nan,nan,nan,nan,0,0,0,0,0,-0.199497,-0.00412607,0.0511296,0.00205031,0.240573,0.162522,0.230519,0.164376,nan,nan,nan,nan,nan,nan,nan,nan
1.84121,0.0628391,0.077755,0.0260083,0.104088,0.136448,-0.00607143,-0.02576,-0.0471512,-0.000927003,-0.00985006,0.0041662,0.00298163,nan,nan,nan,nan,nan,nan,nan,nan,nan,nan,nan,nan,nan,nan,nan,-0.0465178,0.299335,0.00733222,0,0,-0.199497,0.00673143,-0.00424002,-1,-0.000674282,Idle,,nan,nan,nan,nan,0,0,0,0,0,-0.202095,-0.00872493,0.0585964,0.0021418,0.251793,0.15668,0.235049,0.164859,nan,nan,nan,nan,nan,nan,nan,nan
1.8528,0.0630859,0.0782699,0.0260182,0.102499,0.135662,-0.00641596,-0.0258861,-0.047464,-0.000959404,-0.0125699,-0.0368105,-0.0047427,nan,nan,nan,nan,nan,nan,nan,nan,nan,nan,nan,nan,nan,nan,nan,-0.0590774,0.305045,0.00806745,0,0,-0.205093,0.00673143,-0.00424002,-1,-0.000674282,Idle,,nan,nan,nan,nan,0,0,0,0,0,-0.205093,-0.00819467,0.0512256,0.00216935,0.249231,0.165293,0.233183,0.172666,nan,nan,nan,nan,nan,nan,nan,nan
1.85774,0.0636226,0.0793566,0.0260345,0.10367,0.136086,-0.0067995,-0.0259925,-0.0476025,-0.00106402,-0.00828551,-0.017869,-0.00645761,nan,nan,nan,nan,nan,nan,nan,nan,nan,nan,nan,nan,nan,nan,nan,-0.0590774,0.305045,0.00806745,0,0,-0.205093,0.00673143,-0.00424002,-1,-0.000674282,Idle,,nan,nan,nan,nan,0,0,0,0,0,-0.205093,-0.00819467,0.0512256,0.00216935,0.249231,0.165293,0.233183,0.172666,nan,nan,nan,nan,nan,nan,nan,nan
1.8708,0.0639304,0.0799444,0.0260332,0.104291,0.137157,-0.00529172,-0.0261169,-0.047771,-0.00109794,-0.0124221,-0.0204324,-0.00447147,nan,nan,nan,nan,nan,nan,nan,nan,nan,nan,nan,nan,nan,nan,nan,-0.0575832,0.310035,0.00841484,0,0,-0.211325,0.00673143,-0.00424002,-1,-0.000674282,Idle,,nan,nan,nan,nan,0,0,0,0,0,-0.20802,-0.0103112,0.0548249,0.00219346,0.256223,0.164203,0.237131,0.174524,nan,nan,nan,nan,nan,nan,nan,nan
1.87848,0.0642535,0.0805337,0.0260359,0.106485,0.139812,-0.00965932,-0.0261458,-0.0478643,-0.0010477,-0.00136167,-0.0122142,0.00507796,nan,nan,nan,nan,nan,nan,nan,nan,nan,nan,nan,nan,nan,nan,nan,-0.0575832,0.310035,0.00841484,0,0,-0.211325,0.00673143,-0.00424002,-1,-0.000674282,Idle,,nan,nan,nan,nan,0,0,0,0,0,-0.211325,-0.00903439,0.0586016,0.00222117,0.261322,0.165769,0.243977,0.174231,nan,nan,nan,nan,nan,nan,nan,nan
1.89436,0.0646075,0.0811564,0.0260384,0.106206,0.140322,-0.00665354,-0.0263869,-0.0480503,-0.00109514,-0.0256815,-0.0223945,-0.00606124,nan,nan,nan,nan,nan,nan,nan,nan,nan,nan,nan,nan,nan,nan,nan,-0.0674747,0.318766,0.00894704,0,0,-0.217029,0.00673143,-0.00424002,-1,-0.000674282,Idle,,nan,nan,nan,nan,0,0,0,0,0,-0.217029,-0.00932619,0.0573985,0.00225244,0.266412,0.17215,0.24859,0.180965,nan,nan,nan,nan,nan,nan,nan,nan
1.90036,0.0649668,0.0817763,0.0260407,0.105214,0.138024,-0.00714676,-0.0263733,-0.048076,-0.00110434,0.00298317,-0.00450372,-0.00130564,nan,nan,nan,nan,nan,nan,nan,nan,nan,nan,nan,nan,nan,nan,nan,-0.0674747,0.318766,0.00894704,0,0,-0.217029,0.00673143,-0.00424002,-1,-0.000674282,Idle,,nan,nan,nan,nan,0,0,0,0,0,-0.221022,-0.00857048,0.0581988,0.00218881,0.270372,0.176049,0.253743,0.183925,nan,nan,nan,nan,nan,nan,nan,nan
1.91056,0.0653447,0.0824343,0.0260402,0.107607,0.139172,-0.00726544,-0.0264507,-0.048305,-0.00107563,-0.00698646,-0.0271921,0.00231566,nan,nan,nan,nan,nan,nan,nan,nan,nan,nan,nan,nan,nan,nan,nan,-0.0622151,0.322152,0.0088429,0,0,-0.227379,0.00673143,-0.00424002,-1,-0.000674282,Idle,,nan,nan,nan,nan,0,0,0,0,0,-0.221022,-0.00857048,0.0581988,0.00218881,0.270372,0.176049,0.253743,0.183925,nan,nan,nan,nan,nan,nan,nan,nan
1.92074,0.0654881,0.0828063,0.0260475,0.10373,0.13889,-0.00724282,-0.0264782,-0.0482719,-0.00102313,-0.00134144,0.001965,0.00573421,nan,nan,nan,nan,nan,nan,nan,nan,nan,nan,nan,nan,nan,nan,nan,-0.0622151,0.322152,0.0088429,0,0,-0.227379,0.00673143,-0.00424002,-1,-0.000674282,Idle,,nan,nan,nan,nan,0,0,0,0,0,-0.230647,-0.0110131,0.0583484,0.00210417,0.281744,0.183759,0.261825,0.195263,nan,nan,nan,nan,nan,nan,nan,nan
1.93398,0.0656606,0.0832185,0.0260444,0.107572,0.138386,-0.00515458,-0.0265372,-0.0486174,-0.00106825,-0.00472912,-0.0402421,-0.00631047,nan,nan,nan,nan,nan,nan,nan,nan,nan,nan,nan,nan,nan,nan,nan,-0.0586388,0.322984,0.0088124,0,0,-0.234549,0.00673143,-0.00424002,-1,-0.000674282,Idle,,nan,nan,nan,nan,0,0,0,0,0,-0.234549,-0.00864714,0.0637175,0.00212868,0.287793,0.185562,0.271167,0.193676,nan,nan,nan,nan,nan,nan,nan,nan
1.93974,0.0660545,0.0840788,0.0260472,0.110122,0.137487,-0.00343226,-0.0268979,-0.0489198,-0.00111448,-0.0234517,-0.0256843,-0.00808739,nan,nan,nan,nan,nan,nan,nan,nan,nan,nan,nan,nan,nan,nan,nan,-0.0586388,0.322984,0.0088124,0,0,-0.234549,0.00673143,-0.00424002,-1,-0.000674282,Idle,,nan,nan,nan,nan,0,0,0,0,0,-0.234549,-0.00864714,0.0637175,0.00212868,0.287793,0.185562,0.271167,0.193676,nan,nan,nan,nan,nan,nan,nan,nan
1.95135,0.0664466,0.0847423,0.0260275,0.106017,0.137762,-0.00212867,-0.0268088,-0.0492574,-0.00115951,0.0116304,-0.0394523,-0.00631787,nan,nan,nan,nan,nan,nan,nan,nan,nan,nan,nan,nan,nan,nan,nan,-0.0569138,0.330829,0.00921202,0,0,-0.241671,0.00673143,-0.00424002,-1,-0.000674282,Idle,,nan,nan,nan,nan,0,0,0,0,0,-0.237434,-0.00751871,0.0550106,0.00215917,0.283753,0.195433,0.268663,0.201888,nan,nan,nan,nan,nan,nan,nan,nan
1.95812,0.0666938,0.0852194,0.026032,0.109184,0.139434,-0.00283018,-0.0269709,-0.0492069,-0.00114202,-0.0160477,0.00361885,0.00179808,nan,nan,nan,nan,nan,nan,nan,nan,nan,nan,nan,nan,nan,nan,nan,-0.0569138,0.330829,0.00921202,0,0,-0.241671,0.00673143,-0.00424002,-1,-0.000674282,Idle,,nan,nan,nan,nan,0,0,0,0,0,-0.241671,-0.0134393,0.067186,0.00218404,0.30081,0.1869,0.277291,0.201685,nan,nan,nan,nan,nan,nan,nan,nan
1.97432,0.0669561,0.0857187,0.0260276,0.104163,0.140592,-0.00427625,-0.0269999,-0.0496241,-0.00123317,-0.00184269,-0.0478296,-0.0116239,nan,nan,nan,nan,nan,nan,nan,nan,nan,nan,nan,nan,nan,nan,nan,-0.0631702,0.327767,0.00956952,0,0,-0.248601,0.00673143,-0.00424002,-1,-0.000674282,Idle,,nan,nan,nan,nan,0,0,0,0,0,-0.248601,-0.0117159,0.0630842,0.00248036,0.303915,0.198247,0.282239,0.210004,nan,nan,nan,nan,nan,nan,nan,nan
1.98191,0.0672429,0.0862382,0.0260237,0.106963,0.140522,-0.00640042,-0.0269572,-0.049816,-0.00131799,0.00616328,-0.0231031,-0.0103533,nan,nan,nan,nan,nan,nan,nan,nan,nan,nan,nan,nan,nan,nan,nan,-0.0631702,0.327767,0.00956952,0,0,-0.248601,0.00673143,-0.00424002,-1,-0.000674282,Idle,,nan,nan,nan,nan,0,0,0,0,0,-0.251626,-0.0162138,0.0631656,0.0026205,0.310318,0.198175,0.281999,0.216014,nan,nan,nan,nan,nan,nan,nan,nan
1.99386,0.067542,0.0867808,0.0260227,0.107822,0.143357,-0.00856089,-0.0271124,-0.0496934,-0.00141253,-0.0159928,0.0121015,-0.0104326,nan,nan,nan,nan,nan,nan,nan,nan,nan,nan,nan,nan,nan,nan,nan,-0.0719044,0.325571,0.0104667,0,0,-0.257382,0.00673143,-0.00424002,-1,-0.000674282,Idle,,nan,nan,nan,nan,0,0,0,0,0,-0.25448,-0.00683584,0.0693523,0.00282887,0.311122,0.203494,0.295645,0.207657,nan,nan,nan,nan,nan,nan,nan,nan
2.00075,0.0678754,0.0873426,0.0260218,0.106678,0.140633,-0.00593337,-0.0272938,-0.0499553,-0.00153738,-0.0191208,-0.0305649,-0.0149609,nan,nan,nan,nan,nan,nan,nan,nan,nan,nan,nan,nan,nan,nan,nan,-0.0719044,0.325571,0.0104667,0,0,-0.257382,0.00673143,-0.00424002,-1,-0.000674282,Idle,,nan,nan,nan,nan,0,0,0,0,0,-0.261506,-0.0099079,0.0631868,0.00303893,0.316169,0.212919,0.295927,0.221009,nan,nan,nan,nan,nan,nan,nan,nan
2.01394,0.0682094,0.0879207,0.0260187,0.110634,0.138652,-0.00407597,-0.0272469,-0.0498914,-0.00164723,0.00634987,0.00570375,-0.0123024,nan,nan,nan,nan,nan,nan,nan,nan,nan,nan,nan,nan,nan,nan,nan,-0.0554771,0.334965,0.0105407,0,0,-0.265493,0.00673143,-0.00424002,-1,-0.000674282,Idle,,nan,nan,nan,nan,0,0,0,0,0,-0.265493,-0.00972121,0.0742048,0.00317163,0.327947,0.209381,0.307697,0.216947,nan,nan,nan,nan,nan,nan,nan,nan
2.02116,0.0683399,0.0882139,0.0259786,0.11024,0.140224,-0.00391592,-0.0274024,-0.0503206,-0.00159182,-0.015243,-0.0493835,0.00455514,nan,nan,nan,nan,nan,nan,nan,nan,nan,nan,nan,nan,nan,nan,nan,-0.0554771,0.334965,0.0105407,0,0,-0.265493,0.00673143,-0.00424002,-1,-0.000674282,Idle,,nan,nan,nan,nan,0,0,0,0,0,-0.269073,-0.011726,0.0609628,0.00321532,0.323624,0.220951,0.300455,0.231262,nan,nan,nan,nan,nan,nan,nan,nan
2.03215,0.0686539,0.088869,0.0258762,0.108974,0.141914,-0.00617228,-0.0276905,-0.0507611,-0.00160025,0.000938478,-0.0631449,-0.000325817,nan,nan,nan,nan,nan,nan,nan,nan,nan,nan,nan,nan,nan,nan,nan,-0.0570572,0.33239,0.0106927,0,0,-0.272604,0.00673143,-0.00424002,-1,-0.000674282,Idle,,nan,nan,nan,nan,0,0,0,0,0,-0.269073,-0.011726,0.0609628,0.00321532,0.323624,0.220951,0.300455,0.231262,nan,nan,nan,nan,nan,nan,nan,nan
2.03892,0.0688472,0.089225,0.0258172,0.108975,0.140189,-0.00614102,-0.0277981,-0.0508507,-0.00163556,-0.0099058,-0.0120237,-0.0045533,nan,nan,nan,nan,nan,nan,nan,nan,nan,nan,nan,nan,nan,nan,nan,-0.0570572,0.33239,0.0106927,0,0,-0.272604,0.00673143,-0.00424002,-1,-0.000674282,Idle,,nan,nan,nan,nan,0,0,0,0,0,-0.272604,-0.0103055,0.0796395,0.00318803,0.339329,0.212254,0.318215,0.220619,nan,nan,nan,nan,nan,nan,nan,nan
2.05441,0.0690576,0.0896039,0.0257713,0.111334,0.142656,-0.00850215,-0.0279271,-0.0510468,-0.00164,-0.01216,-0.0239194,-0.00144735,nan,nan,nan,nan,nan,nan,nan,nan,nan,nan,nan,nan,nan,nan,nan,-0.0593648,0.32909,0.010845,0,0,-0.279079,0.00673143,-0.00424002,-1,-0.000674282,Idle,,nan,nan,nan,nan,0,0,0,0,0,-0.279079,-0.010316,0.0735872,0.00312059,0.341463,0.222935,0.320468,0.231451,nan,nan,nan,nan,nan,nan,nan,nan
2.06118,0.0693005,0.0900033,0.0257417,0.110129,0.141474,-0.00475107,-0.0282239,-0.0512719,-0.00166845,-0.0308519,-0.026889,-0.00418522,nan,nan,nan,nan,nan,nan,nan,nan,nan,nan,nan,nan,nan,nan,nan,-0.0593648,0.32909,0.010845,0,0,-0.279079,0.00673143,-0.00424002,-1,-0.000674282,Idle,,nan,nan,nan,nan,0,0,0,0,0,-0.282073,-0.00719293,0.068315,0.00312365,0.338523,0.23187,0.321939,0.235962,nan,nan,nan,nan,nan,nan,nan,nan
2.07067,0.069563,0.0904241,0.0256936,0.113093,0.140308,-0.00505411,-0.028394,-0.0515392,-0.00174176,-0.0173019,-0.0317062,-0.00937776,nan,nan,nan,nan,nan,nan,nan,nan,nan,nan,nan,nan,nan,nan,nan,-0.0607301,0.333424,0.0113859,0,0,-0.286665,0.00673143,-0.00424002,-1,-0.000674282,Idle,,nan,nan,nan,nan,0,0,0,0,0,-0.282073,-0.00719293,0.068315,0.00312365,0.338523,0.23187,0.321939,0.235962,nan,nan,nan,nan,nan,nan,nan,nan
2.08017,0.0700362,0.091073,0.0256264,0.113753,0.139442,-0.00682439,-0.0284835,-0.0520212,-0.00184735,-0.00845353,-0.0552943,-0.0135966,nan,nan,nan,nan,nan,nan,nan,nan,nan,nan,nan,nan,nan,nan,nan,-0.0607301,0.333424,0.0113859,0,0,-0.286665,0.00673143,-0.00424002,-1,-0.000674282,Idle,,nan,nan,nan,nan,0,0,0,0,0,-0.29019,-0.0119855,0.0768515,0.00338948,0.356329,0.230829,0.332428,0.241175,nan,nan,nan,nan,nan,nan,nan,nan
2.0902,0.0703539,0.091521,0.0255725,0.117119,0.14042,-0.00708526,-0.0286072,-0.0521408,-0.00195051,-0.0123055,-0.0149234,-0.0121741,nan,nan,nan,nan,nan,nan,nan,nan,nan,nan,nan,nan,nan,nan,nan,-0.0586252,0.3547,0.0128132,0,0,-0.296985,0.00673143,-0.00424002,-1,-0.000674282,Idle,,nan,nan,nan,nan,0,0,0,0,0,-0.29019,-0.0119855,0.0768515,0.00338948,0.356329,0.230829,0.332428,0.241175,nan,nan,nan,nan,nan,nan,nan,nan
2.09723,0.0706999,0.091986,0.0255229,0.116339,0.14088,-0.00436553,-0.0288311,-0.0524018,-0.00206753,-0.0235698,-0.0305641,-0.0141646,nan,nan,nan,nan,nan,nan,nan,nan,nan,nan,nan,nan,nan,nan,nan,-0.0586252,0.3547,0.0128132,0,0,-0.296985,0.00673143,-0.00424002,-1,-0.000674282,Idle,,nan,nan,nan,nan,0,0,0,0,0,-0.293361,-0.0133234,0.0852153,0.0036303,0.3666,0.227381,0.340321,0.239142,nan,nan,nan,nan,nan,nan,nan,nan
2.11646,0.0710543,0.0924763,0.0254767,0.112736,0.139368,-0.00408062,-0.0290047,-0.0528192,-0.00226663,-0.0184178,-0.0474108,-0.0236668,nan,nan,nan,nan,nan,nan,nan,nan,nan,nan,nan,nan,nan,nan,nan,-0.0537501,0.338586,0.012961,0,0,-0.30513,0.00673143,-0.00424002,-1,-0.000674282,Idle,,nan,nan,nan,nan,0,0,0,0,0,-0.30513,-0.0019007,0.0764607,0.00430473,0.364772,0.254095,0.353297,0.248356,nan,nan,nan,nan,nan,nan,nan,nan
2.11972,0.0713412,0.0929014,0.0253388,0.115716,0.142597,-0.00555705,-0.0297458,-0.053352,-0.00250837,-0.0367292,-0.013577,-0.0123898,nan,nan,nan,nan,nan,nan,nan,nan,nan,nan,nan,nan,nan,nan,nan,-0.0537501,0.338586,0.012961,0,0,-0.30513,0.00673143,-0.00424002,-1,-0.000674282,Idle,,nan,nan,nan,nan,0,0,0,0,0,-0.308711,-0.00390729,0.0783677,0.0046245,0.364772,0.254095,0.353297,0.248356,nan,nan,nan,nan,nan,nan,nan,nan
2.13094,0.071518,0.0931497,0.0252617,0.116281,0.140524,-0.00550287,-0.0300331,-0.0535814,-0.00266861,-0.0303774,-0.0272883,-0.0189222,nan,nan,nan,nan,nan,nan,nan,nan,nan,nan,nan,nan,nan,nan,nan,-0.0617383,0.34947,0.0148169,0,0,-0.312233,0.00673143,-0.00424002,-1,-0.000674282,Idle,,nan,nan,nan,nan,0,0,0,0,0,-0.308711,-0.00390729,0.0783677,0.0046245,0.37144,0.25523,0.356485,0.251691,nan,nan,nan,nan,nan,nan,nan,nan
2.14023,0.0717196,0.0934083,0.0252034,0.115285,0.137131,-0.00223876,-0.030175,-0.0539864,-0.00279726,-0.0140486,-0.046892,-0.0159985,nan,nan,nan,nan,nan,nan,nan,nan,nan,nan,nan,nan,nan,nan,nan,-0.0617383,0.34947,0.0148169,0,0,-0.312233,0.00673143,-0.00424002,-1,-0.000674282,Idle,,nan,nan,nan,nan,0,0,0,0,0,-0.315982,-0.00890935,0.0836532,0.00508025,0.386439,0.255683,0.363493,0.258313,nan,nan,nan,nan,nan,nan,nan,nan
2.15388,0.0719359,0.0936995,0.0251284,0.115661,0.142568,-0.00522679,-0.0302343,-0.0544427,-0.00289855,-0.00470462,-0.0523691,-0.0130586,nan,nan,nan,nan,nan,nan,nan,nan,nan,nan,nan,nan,nan,nan,nan,-0.0437541,0.350197,0.0149762,0,0,-0.320582,0.00673143,-0.00424002,-1,-0.000674282,Idle,,nan,nan,nan,nan,0,0,0,0,0,-0.320582,-0.0080288,0.0826323,0.00526576,0.389879,0.261814,0.367805,0.262829,nan,nan,nan,nan,nan,nan,nan,nan
2.16075,0.0721896,0.0940205,0.0250374,0.115298,0.1398,-0.00888347,-0.0303231,-0.0548865,-0.00304782,-0.00841485,-0.0513055,-0.0185109,nan,nan,nan,nan,nan,nan,nan,nan,nan,nan,nan,nan,nan,nan,nan,-0.0437541,0.350197,0.0149762,0,0,-0.320582,0.00673143,-0.00424002,-1,-0.000674282,Idle,,nan,nan,nan,nan,0,0,0,0,0,-0.323678,-0.0125422,0.0900411,0.00539867,0.401537,0.256613,0.372811,0.26375,nan,nan,nan,nan,nan,nan,nan,nan
2.17363,0.0724641,0.0943632,0.0249412,0.118797,0.139179,-0.00846035,-0.0305679,-0.0551752,-0.00301487,-0.0246783,-0.0343403,0.00236396,nan,nan,nan,nan,nan,nan,nan,nan,nan,nan,nan,nan,nan,nan,nan,-0.049391,0.364495,0.0161893,0,0,-0.330432,0.00673143,-0.00424002,-1,-0.000674282,Idle,,nan,nan,nan,nan,0,0,0,0,0,-0.326461,-0.00644771,0.089534,0.00537538,0.399628,0.264042,0.379566,0.262607,nan,nan,nan,nan,nan,nan,nan,nan
2.18038,0.0727588,0.094719,0.024859,0.120034,0.1438,-0.00450967,-0.0309159,-0.0555055,-0.00298377,-0.0362183,-0.0389061,0.00201364,nan,nan,nan,nan,nan,nan,nan,nan,nan,nan,nan,nan,nan,nan,nan,-0.049391,0.364495,0.0161893,0,0,-0.330432,0.00673143,-0.00424002,-1,-0.000674282,Idle,,nan,nan,nan,nan,0,0,0,0,0,-0.335394,-0.00397955,0.101366,0.00520285,0.415008,0.266183,0.398773,0.261612,nan,nan,nan,nan,nan,nan,nan,nan
2.19767,0.0730928,0.095107,0.0247908,0.117013,0.139393,-0.00842098,-0.0312058,-0.0560094,-0.00301807,-0.0302061,-0.057978,-0.00586044,nan,nan,nan,nan,nan,nan,nan,nan,nan,nan,nan,nan,nan,nan,nan,-0.0464278,0.359833,0.0155775,0,0,-0.338144,0.00673143,-0.00424002,-1,-0.000674282,Idle,,nan,nan,nan,nan,0,0,0,0,0,-0.342426,-0.0133468,0.100258,0.00478124,0.414293,0.271903,0.398579,0.267799,nan,nan,nan,nan,nan,nan,nan,nan
2.20221,0.0734432,0.095518,0.0247092,0.118527,0.142921,-0.00724945,-0.0315373,-0.0565197,-0.00288776,-0.0336733,-0.0588924,0.0123348,nan,nan,nan,nan,nan,nan,nan,nan,nan,nan,nan,nan,nan,nan,nan,-0.0464278,0.359833,0.0155775,0,0,-0.338144,0.00673143,-0.00424002,-1,-0.000674282,Idle,,nan,nan,nan,nan,0,0,0,0,0,-0.342426,-0.0133468,0.100258,0.00478124,0.427457,0.266955,0.398814,0.276477,nan,nan,nan,nan,nan,nan,nan,nan
2.21196,0.0741989,0.0962434,0.0244956,0.123595,0.138879,-0.00732989,-0.0318248,-0.0576229,-0.00289559,-0.00914301,-0.0467636,-0.002058,nan,nan,nan,nan,nan,nan,nan,nan,nan,nan,nan,nan,nan,nan,nan,-0.0453877,0.380367,0.0161972,0,0,-0.346137,0.00673143,-0.00424002,-1,-0.000674282,Idle,,nan,nan,nan,nan,0,0,0,0,0,-0.342426,-0.0133468,0.100258,0.00478124,0.427457,0.266955,0.398814,0.276477,nan,nan,nan,nan,nan,nan,nan,nan
2.21661,0.0743867,0.0963169,0.0243936,0.121129,0.137365,-0.00937013,-0.0321968,-0.0580767,-0.00297094,-0.0389802,-0.0526473,-0.0102564,nan,nan,nan,nan,nan,nan,nan,nan,nan,nan,nan,nan,nan,nan,nan,-0.0453877,0.380367,0.0161972,0,0,-0.346137,0.00673143,-0.00424002,-1,-0.000674282,Idle,,nan,nan,nan,nan,0,0,0,0,0,-0.346137,-0.013952,0.0971905,0.00467928,0.429324,0.272306,0.400029,0.282889,nan,nan,nan,nan,nan,nan,nan,nan
2.23282,0.0746021,0.0964321,0.024277,0.12578,0.141709,-0.0099779,-0.0324765,-0.0587258,-0.00307335,-0.0289508,-0.0742357,-0.0139739,nan,nan,nan,nan,nan,nan,nan,nan,nan,nan,nan,nan,nan,nan,nan,-0.038771,0.376403,0.0165449,0,0,-0.353581,0.00673143,-0.00424002,-1,-0.000674282,Idle,,nan,nan,nan,nan,0,0,0,0,0,-0.353581,-0.002733,0.0997867,0.0049476,0.430938,0.286118,0.416967,0.280303,nan,nan,nan,nan,nan,nan,nan,nan
2.24008,0.0748733,0.0965888,0.0241469,0.129102,0.141508,-0.0106202,-0.0329074,-0.0592693,-0.00331467,-0.0464929,-0.0615667,-0.0288758,nan,nan,nan,nan,nan,nan,nan,nan,nan,nan,nan,nan,nan,nan,nan,-0.038771,0.376403,0.0165449,0,0,-0.353581,0.00673143,-0.00424002,-1,-0.000674282,Idle,,nan,nan,nan,nan,0,0,0,0,0,-0.357488,-0.00393554,0.110436,0.00541444,0.443691,0.282111,0.427081,0.277069,nan,nan,nan,nan,nan,nan,nan,nan
2.25448,0.0751686,0.096752,0.0240487,0.124587,0.137256,-0.0092341,-0.0332699,-0.0600309,-0.00357019,-0.0395201,-0.0865798,-0.0316197,nan,nan,nan,nan,nan,nan,nan,nan,nan,nan,nan,nan,nan,nan,nan,-0.0346131,0.3875,0.018684,0,0,-0.365582,0.00673143,-0.00424002,-1,-0.000674282,Idle,,nan,nan,nan,nan,0,0,0,0,0,-0.361349,-0.00302138,0.11264,0.00605024,0.449098,0.285697,0.432507,0.278093,nan,nan,nan,nan,nan,nan,nan,nan
2.2608,0.0754715,0.0969194,0.0239662,0.123856,0.137454,-0.00423536,-0.0337243,-0.0608796,-0.00382666,-0.0496258,-0.0956989,-0.0318923,nan,nan,nan,nan,nan,nan,nan,nan,nan,nan,nan,nan,nan,nan,nan,-0.0346131,0.3875,0.018684,0,0,-0.365582,0.00673143,-0.00424002,-1,-0.000674282,Idle,,nan,nan,nan,nan,0,0,0,0,0,-0.365582,-0.00435271,0.102992,0.0066191,0.448018,0.296381,0.428408,0.289521,nan,nan,nan,nan,nan,nan,nan,nan
2.27278,0.0758281,0.0971418,0.0238761,0.130351,0.140541,-0.00509217,-0.0339559,-0.062018,-0.00408417,-0.024905,-0.127871,-0.0331213,nan,nan,nan,nan,nan,nan,nan,nan,nan,nan,nan,nan,nan,nan,nan,-0.0455477,0.409781,0.0215425,0,0,-0.374875,0.00673143,-0.00424002,-1,-0.000674282,Idle,,nan,nan,nan,nan,0,0,0,0,0,-0.374875,-0.0117469,0.109316,0.0072888,0.467679,0.296645,0.436266,0.29891,nan,nan,nan,nan,nan,nan,nan,nan
2.28048,0.076225,0.0974028,0.0237911,0.132473,0.141547,-0.00569377,-0.0341676,-0.0627348,-0.0043755,-0.0230041,-0.0807687,-0.0353027,nan,nan,nan,nan,nan,nan,nan,nan,nan,nan,nan,nan,nan,nan,nan,-0.0455477,0.409781,0.0215425,0,0,-0.374875,0.00673143,-0.00424002,-1,-0.000674282,Idle,,nan,nan,nan,nan,0,0,0,0,0,-0.378809,-0.00652545,0.112409,0.00788868,0.470707,0.302685,0.445476,0.296369,nan,nan,nan,nan,nan,nan,nan,nan
2.29175,0.0766505,0.0976883,0.0236956,0.133687,0.141815,-0.00940103,-0.0344895,-0.0634972,-0.00470402,-0.0354242,-0.0852043,-0.0394099,nan,nan,nan,nan,nan,nan,nan,nan,nan,nan,nan,nan,nan,nan,nan,-0.0454552,0.420865,0.0232794,0,0,-0.381938,0.00673143,-0.00424002,-1,-0.000674282,Idle,,nan,nan,nan,nan,0,0,0,0,0,-0.381938,-0.00475179,0.121957,0.00834421,0.470707,0.302685,0.445476,0.296369,nan,nan,nan,nan,nan,nan,nan,nan
2.29794,0.0776078,0.0983433,0.0234478,0.141688,0.143268,-0.0119452,-0.0352358,-0.0653807,-0.00509754,-0.0427553,-0.104331,-0.0186058,nan,nan,nan,nan,nan,nan,nan,nan,nan,nan,nan,nan,nan,nan,nan,-0.0454552,0.420865,0.0232794,0,0,-0.381938,0.00673143,-0.00424002,-1,-0.000674282,Idle,,nan,nan,nan,nan,0,0,0,0,0,-0.381938,-0.00475179,0.121957,0.00834421,0.479788,0.300772,0.456149,0.291041,nan,nan,nan,nan,nan,nan,nan,nan
2.311,0.0779158,0.0983514,0.0232894,0.144013,0.146311,-0.0162475,-0.035659,-0.0663699,-0.00526728,-0.0460188,-0.111298,-0.0229447,nan,nan,nan,nan,nan,nan,nan,nan,nan,nan,nan,nan,nan,nan,nan,-0.0453217,0.447614,0.0257913,0,0,-0.389559,0.00673143,-0.00424002,-1,-0.000674282,Idle,,nan,nan,nan,nan,0,0,0,0,0,-0.38643,-0.00380122,0.117902,0.00878469,0.481179,0.309247,0.458004,0.297291,nan,nan,nan,nan,nan,nan,nan,nan
2.3184,0.07846,0.0986085,0.023069,0.146391,0.143169,-0.0218973,-0.0361117,-0.06719,-0.00548495,-0.04887,-0.092832,-0.0276678,nan,nan,nan,nan,nan,nan,nan,nan,nan,nan,nan,nan,nan,nan,nan,-0.0453217,0.447614,0.0257913,0,0,-0.389559,0.00673143,-0.00424002,-1,-0.000674282,Idle,,nan,nan,nan,nan,0,0,0,0,0,-0.389559,-0.00201619,0.123073,0.00905718,0.486975,0.310254,0.465776,0.295233,nan,nan,nan,nan,nan,nan,nan,nan
2.33767,0.0788458,0.0986941,0.0228268,0.144745,0.146591,-0.0256566,-0.0364208,-0.0684944,-0.00569562,-0.0327361,-0.145919,-0.0287225,nan,nan,nan,nan,nan,nan,nan,nan,nan,nan,nan,nan,nan,nan,nan,-0.0479741,0.451927,0.027495,0,0,-0.398402,0.00673143,-0.00424002,-1,-0.000674282,Idle,,nan,nan,nan,nan,0,0,0,0,0,-0.395209,-0.00942392,0.130633,0.00959641,0.503746,0.305861,0.470987,0.300243,nan,nan,nan,nan,nan,nan,nan,nan
2.34452,0.0792724,0.0988102,0.0225643,0.150294,0.142177,-0.0274043,-0.0367217,-0.0697081,-0.00578607,-0.0313144,-0.137723,-0.0152678,nan,nan,nan,nan,nan,nan,nan,nan,nan,nan,nan,nan,nan,nan,nan,-0.0479741,0.451927,0.027495,0,0,-0.398402,0.00673143,-0.00424002,-1,-0.000674282,Idle,,nan,nan,nan,nan,0,0,0,0,0,-0.398402,-0.0101619,0.133043,0.00976843,0.509337,0.307,0.475188,0.302084,nan,nan,nan,nan,nan,nan,nan,nan
2.35294,0.0797713,0.0989312,0.022297,0.155435,0.14094,-0.0300166,-0.037122,-0.0708676,-0.00587036,-0.0422623,-0.130949,-0.0143224,nan,nan,nan,nan,nan,nan,nan,nan,nan,nan,nan,nan,nan,nan,nan,-0.0279312,0.485713,0.0287941,0,0,-0.405637,0.00673143,-0.00424002,-1,-0.000674282,Idle,,nan,nan,nan,nan,0,0,0,0,0,-0.398402,-0.0101619,0.133043,0.00976843,0.509337,0.307,0.475188,0.302084,nan,nan,nan,nan,nan,nan,nan,nan
2.36202,0.0803229,0.0990492,0.0220411,0.156981,0.13738,-0.0232744,-0.0373872,-0.0720644,-0.00600285,-0.0276586,-0.134856,-0.0198648,nan,nan,nan,nan,nan,nan,nan,nan,nan,nan,nan,nan,nan,nan,nan,-0.0279312,0.485713,0.0287941,0,0,-0.405637,0.00673143,-0.00424002,-1,-0.000674282,Idle,,nan,nan,nan,nan,0,0,0,0,0,-0.411597,-0.00124872,0.151338,0.00989199,0.529285,0.313687,0.507482,0.295932,nan,nan,nan,nan,nan,nan,nan,nan
2.37411,0.0808981,0.0991436,0.0218272,0.158064,0.128857,-0.0196321,-0.0376809,-0.0733533,-0.00609327,-0.0305837,-0.145193,-0.0156065,nan,nan,nan,nan,nan,nan,nan,nan,nan,nan,nan,nan,nan,nan,nan,0.0064697,0.492256,0.0277909,0,0,-0.416707,0.00673143,-0.00424002,-1,-0.000674282,Idle,,nan,nan,nan,nan,0,0,0,0,0,-0.416707,0.00289541,0.153694,0.00984026,0.533078,0.320012,0.517235,0.296503,nan,nan,nan,nan,nan,nan,nan,nan
2.37871,0.0821973,0.0992901,0.0214057,0.163018,0.124875,-0.024249,-0.0381798,-0.0764064,-0.00621297,-0.0176514,-0.166824,-0.0143175,nan,nan,nan,nan,nan,nan,nan,nan,nan,nan,nan,nan,nan,nan,nan,0.0064697,0.492256,0.0277909,0,0,-0.416707,0.00673143,-0.00424002,-1,-0.000674282,Idle,,nan,nan,nan,nan,0,0,0,0,0,-0.416707,0.00289541,0.153694,0.00984026,0.533078,0.320012,0.517235,0.296503,nan,nan,nan,nan,nan,nan,nan,nan
2.39132,0.0829209,0.0993954,0.0211584,0.165347,0.127991,-0.024973,-0.0383954,-0.0781846,-0.00638392,-0.0227835,-0.199141,-0.0267152,nan,nan,nan,nan,nan,nan,nan,nan,nan,nan,nan,nan,nan,nan,nan,0.00644497,0.514802,0.0294883,0,0,-0.424076,0.00673143,-0.00424002,-1,-0.000674282,Idle,,nan,nan,nan,nan,0,0,0,0,0,-0.420245,-0.000496606,0.149982,0.00987135,0.536421,0.323808,0.515718,0.305034,nan,nan,nan,nan,nan,nan,nan,nan
2.40059,0.083673,0.099521,0.0209016,0.170539,0.130343,-0.026443,-0.0386209,-0.0799161,-0.00672381,-0.0254987,-0.193182,-0.045296,nan,nan,nan,nan,nan,nan,nan,nan,nan,nan,nan,nan,nan,nan,nan,0.00644497,0.514802,0.0294883,0,0,-0.424076,0.00673143,-0.00424002,-1,-0.000674282,Idle,,nan,nan,nan,nan,0,0,0,0,0,-0.428257,0.00300654,0.167651,0.0106599,0.555236,0.322593,0.537901,0.297299,nan,nan,nan,nan,nan,nan,nan,nan
2.41548,0.0842725,0.0992825,0.0206127,0.178191,0.132756,-0.0291968,-0.0390654,-0.0818035,-0.00708284,-0.0501823,-0.210346,-0.0481426,nan,nan,nan,nan,nan,nan,nan,nan,nan,nan,nan,nan,nan,nan,nan,-0.0156359,0.541611,0.0334454,0,0,-0.432291,0.00673143,-0.00424002,-1,-0.000674282,Idle,,nan,nan,nan,nan,0,0,0,0,0,-0.432291,0.00760024,0.17332,0.0114346,0.560804,0.326643,0.548412,0.293307,nan,nan,nan,nan,nan,nan,nan,nan
2.42139,0.0849559,0.0990951,0.0202867,0.180053,0.132241,-0.035529,-0.0394726,-0.0837864,-0.00751523,-0.0456469,-0.220031,-0.0563686,nan,nan,nan,nan,nan,nan,nan,nan,nan,nan,nan,nan,nan,nan,nan,-0.0156359,0.541611,0.0334454,0,0,-0.432291,0.00673143,-0.00424002,-1,-0.000674282,Idle,,nan,nan,nan,nan,0,0,0,0,0,-0.436037,0.000690349,0.180411,0.0122165,0.57523,0.321271,0.551499,0.296148,nan,nan,nan,nan,nan,nan,nan,nan
2.43427,0.0856875,0.0989307,0.0199466,0.182413,0.128335,-0.0360565,-0.0400569,-0.0859567,-0.0078854,-0.0655242,-0.243481,-0.0509533,nan,nan,nan,nan,nan,nan,nan,nan,nan,nan,nan,nan,nan,nan,nan,-0.00341942,0.57662,0.0369502,0,0,-0.442851,0.00673143,-0.00424002,-1,-0.000674282,Idle,,nan,nan,nan,nan,0,0,0,0,0,-0.438703,0.00939468,0.181872,0.013097,0.573654,0.32994,0.56047,0.290747,nan,nan,nan,nan,nan,nan,nan,nan
2.43848,0.0867707,0.0990117,0.0195475,0.192902,0.123812,-0.0357946,-0.0408539,-0.0883312,-0.00822991,-0.088788,-0.264952,-0.0489168,nan,nan,nan,nan,nan,nan,nan,nan,nan,nan,nan,nan,nan,nan,nan,-0.00341942,0.57662,0.0369502,0,0,-0.442851,0.00673143,-0.00424002,-1,-0.000674282,Idle,,nan,nan,nan,nan,0,0,0,0,0,-0.438703,0.00939468,0.181872,0.013097,0.573654,0.32994,0.56047,0.290747,nan,nan,nan,nan,nan,nan,nan,nan
2.45294,0.0876574,0.0988844,0.0191813,0.197147,0.119317,-0.0422132,-0.0417286,-0.090785,-0.00862303,-0.0980965,-0.273473,-0.0548847,nan,nan,nan,nan,nan,nan,nan,nan,nan,nan,nan,nan,nan,nan,nan,0.0240934,0.621615,0.0398076,0,0,-0.450104,0.00673143,-0.00424002,-1,-0.000674282,Idle,,nan,nan,nan,nan,0,0,0,0,0,-0.450104,0.023404,0.18859,0.0147014,0.5815,0.348104,0.584914,0.285899,nan,nan,nan,nan,nan,nan,nan,nan
2.46092,0.0886002,0.0987675,0.0187848,0.201083,0.119683,-0.0438146,-0.0426944,-0.0931967,-0.00906478,-0.108894,-0.268435,-0.0603048,nan,nan,nan,nan,nan,nan,nan,nan,nan,nan,nan,nan,nan,nan,nan,0.0240934,0.621615,0.0398076,0,0,-0.450104,0.00673143,-0.00424002,-1,-0.000674282,Idle,,nan,nan,nan,nan,0,0,0,0,0,-0.454139,0.0222455,0.206062,0.015642,0.599648,0.339907,0.599535,0.277467,nan,nan,nan,nan,nan,nan,nan,nan
2.47223,0.0906896,0.0986435,0.0179228,0.215419,0.121049,-0.0467364,-0.0446432,-0.098594,-0.0101558,-0.104178,-0.287628,-0.0777183,nan,nan,nan,nan,nan,nan,nan,nan,nan,nan,nan,nan,nan,nan,nan,0.0179914,0.660847,0.0460298,0,0,-0.458032,0.00673143,-0.00424002,-1,-0.000674282,Idle,,nan,nan,nan,nan,0,0,0,0,0,-0.454139,0.0222455,0.206062,0.015642,0.599648,0.339907,0.599535,0.277467,nan,nan,nan,nan,nan,nan,nan,nan
2.47912,0.0918329,0.0986026,0.0174571,0.221348,0.118974,-0.0487467,-0.0456078,-0.101489,-0.0108388,-0.112034,-0.32061,-0.0901688,nan,nan,nan,nan,nan,nan,nan,nan,nan,nan,nan,nan,nan,nan,nan,0.0179914,0.660847,0.0460298,0,0,-0.458032,0.00673143,-0.00424002,-1,-0.000674282,Idle,,nan,nan,nan,nan,0,0,0,0,0,-0.458032,0.015659,0.21295,0.0168451,0.614271,0.335475,0.602433,0.279948,nan,nan,nan,nan,nan,nan,nan,nan
2.49354,0.0930584,0.09854,0.0169623,0.226677,0.112645,-0.0508744,-0.0465264,-0.104321,-0.0116042,-0.108143,-0.313216,-0.0992541,nan,nan,nan,nan,nan,nan,nan,nan,nan,nan,nan,nan,nan,nan,nan,0.0282883,0.702917,0.0515845,0,0,-0.466454,0.00673143,-0.00424002,-1,-0.000674282,Idle,,nan,nan,nan,nan,0,0,0,0,0,-0.466454,0.0187237,0.224599,0.0197385,0.631652,0.340722,0.618356,0.275083,nan,nan,nan,nan,nan,nan,nan,nan
2.50132,0.0943576,0.098482,0.0164489,0.233364,0.113689,-0.0530493,-0.0475253,-0.107229,-0.0123927,-0.117676,-0.321231,-0.102461,nan,nan,nan,nan,nan,nan,nan,nan,nan,nan,nan,nan,nan,nan,nan,0.0282883,0.702917,0.0515845,0,0,-0.466454,0.00673143,-0.00424002,-1,-0.000674282,Idle,,nan,nan,nan,nan,0,0,0,0,0,-0.470347,0.0296275,0.22898,0.0214009,0.632595,0.350891,0.631392,0.26651,nan,nan,nan,nan,nan,nan,nan,nan
2.51072,0.0954873,0.0980344,0.0158844,0.237264,0.112995,-0.0518849,-0.0486229,-0.110334,-0.0133249,-0.13007,-0.340496,-0.119097,nan,nan,nan,nan,nan,nan,nan,nan,nan,nan,nan,nan,nan,nan,nan,0.0442155,0.739784,0.0575182,0,0,-0.47439,0.00673143,-0.00424002,-1,-0.000674282,Idle,,nan,nan,nan,nan,0,0,0,0,0,-0.470347,0.0296275,0.22898,0.0214009,0.632595,0.350891,0.631392,0.26651,nan,nan,nan,nan,nan,nan,nan,nan
2.52215,0.0966712,0.0975738,0.0152979,0.242355,0.10914,-0.0572306,-0.0497901,-0.113375,-0.0143135,-0.139357,-0.337054,-0.126499,nan,nan,nan,nan,nan,nan,nan,nan,nan,nan,nan,nan,nan,nan,nan,0.0442155,0.739784,0.0575182,0,0,-0.47439,0.00673143,-0.00424002,-1,-0.000674282,Idle,,nan,nan,nan,nan,0,0,0,0,0,-0.479252,0.0281088,0.248598,0.0252018,0.660242,0.348653,0.649282,0.258829,nan,nan,nan,nan,nan,nan,nan,nan
2.53056,0.0979483,0.0971119,0.0146721,0.249142,0.103142,-0.0615192,-0.0509357,-0.116798,-0.0155323,-0.139601,-0.376235,-0.153756,nan,nan,nan,nan,nan,nan,nan,nan,nan,nan,nan,nan,nan,nan,nan,0.076678,0.787438,0.0660845,0,0,-0.485816,0.00673143,-0.00424002,-1,-0.000674282,Idle,,nan,nan,nan,nan,0,0,0,0,0,-0.479252,0.0281088,0.248598,0.0252018,0.660242,0.348653,0.649282,0.258829,nan,nan,nan,nan,nan,nan,nan,nan
2.53853,0.0992934,0.0966494,0.0140138,0.251997,0.0988428,-0.0653443,-0.0522572,-0.120117,-0.0168606,-0.161181,-0.363761,-0.165676,nan,nan,nan,nan,nan,nan,nan,nan,nan,nan,nan,nan,nan,nan,nan,0.076678,0.787438,0.0660845,0,0,-0.485816,0.00673143,-0.00424002,-1,-0.000674282,Idle,,nan,nan,nan,nan,0,0,0,0,0,-0.48236,0.0327273,0.257427,0.0272722,0.668397,0.350854,0.659825,0.250363,nan,nan,nan,nan,nan,nan,nan,nan
2.55374,0.100714,0.0962009,0.0133549,0.257664,0.0923876,-0.0682792,-0.0538328,-0.123649,-0.018366,-0.192431,-0.386197,-0.18693,nan,nan,nan,nan,nan,nan,nan,nan,nan,nan,nan,nan,nan,nan,nan,0.10893,0.818209,0.0746894,0,0,-0.493162,0.00673143,-0.00424002,-1,-0.000674282,Idle,,nan,nan,nan,nan,0,0,0,0,0,-0.493162,0.054956,0.262492,0.0329091,0.672694,0.379433,0.684282,0.236239,nan,nan,nan,nan,nan,nan,nan,nan
2.5597,0.104142,0.0954917,0.0118372,0.275927,0.0996298,-0.0736863,-0.0572865,-0.129868,-0.0213852,-0.221292,-0.30848,-0.185617,nan,nan,nan,nan,nan,nan,nan,nan,nan,nan,nan,nan,nan,nan,nan,0.10893,0.818209,0.0746894,0,0,-0.493162,0.00673143,-0.00424002,-1,-0.000674282,Idle,,nan,nan,nan,nan,0,0,0,0,0,-0.493162,0.054956,0.262492,0.0329091,0.672694,0.379433,0.684282,0.236239,nan,nan,nan,nan,nan,nan,nan,nan
2.57134,0.105798,0.0950559,0.0110857,0.278942,0.0896933,-0.0758399,-0.0592528,-0.133014,-0.0230203,-0.239643,-0.341338,-0.200529,nan,nan,nan,nan,nan,nan,nan,nan,nan,nan,nan,nan,nan,nan,nan,0.0861474,0.882415,0.0919983,0,0,-0.501479,0.00673143,-0.00424002,-1,-0.000674282,Idle,,nan,nan,nan,nan,0,0,0,0,0,-0.496709,0.0464237,0.249949,0.035967,0.67646,0.388875,0.669872,0.251628,nan,nan,nan,nan,nan,nan,nan,nan
2.58034,0.107539,0.0946223,0.0102672,0.288144,0.0848133,-0.086029,-0.0612076,-0.135696,-0.0247929,-0.241022,-0.288358,-0.213181,nan,nan,nan,nan,nan,nan,nan,nan,nan,nan,nan,nan,nan,nan,nan,0.0861474,0.882415,0.0919983,0,0,-0.501479,0.00673143,-0.00424002,-1,-0.000674282,Idle,,nan,nan,nan,nan,0,0,0,0,0,-0.505375,0.0575332,0.249773,0.0416537,0.682828,0.41121,0.680579,0.246883,nan,nan,nan,nan,nan,nan,nan,nan
2.59507,0.109393,0.0942086,0.00939264,0.300081,0.0834283,-0.0969596,-0.0627516,-0.138374,-0.0265881,-0.196184,-0.28738,-0.216043,nan,nan,nan,nan,nan,nan,nan,nan,nan,nan,nan,nan,nan,nan,nan,0.136527,0.914658,0.101152,0,0,-0.507468,0.00673143,-0.00424002,-1,-0.000674282,Idle,,nan,nan,nan,nan,0,0,0,0,0,-0.507468,0.0470445,0.264944,0.044674,0.706084,0.398179,0.682958,0.242652,nan,nan,nan,nan,nan,nan,nan,nan
2.59935,0.111347,0.0938087,0.00846755,0.30769,0.0735722,-0.102781,-0.0641547,-0.140731,-0.0283468,-0.17959,-0.250241,-0.209048,nan,nan,nan,nan,nan,nan,nan,nan,nan,nan,nan,nan,nan,nan,nan,0.136527,0.914658,0.101152,0,0,-0.507468,0.00673143,-0.00424002,-1,-0.000674282,Idle,,nan,nan,nan,nan,0,0,0,0,0,-0.507468,0.0470445,0.264944,0.044674,0.706084,0.398179,0.682958,0.242652,nan,nan,nan,nan,nan,nan,nan,nan
2.61368,0.113556,0.0934112,0.00743049,0.316218,0.07544,-0.110102,-0.0656305,-0.142595,-0.0300017,-0.18846,-0.198102,-0.196474,nan,nan,nan,nan,nan,nan,nan,nan,nan,nan,nan,nan,nan,nan,nan,0.156109,0.975237,0.115972,0,0,-0.515559,0.00673143,-0.00424002,-1,-0.000674282,Idle,,nan,nan,nan,nan,0,0,0,0,0,-0.512664,0.0612369,0.265037,0.0497513,0.706384,0.418424,0.693176,0.232673,nan,nan,nan,nan,nan,nan,nan,nan
2.62135,0.115402,0.0926009,0.00623426,0.319674,0.0856474,-0.121176,-0.0673707,-0.144652,-0.0316603,-0.217444,-0.218237,-0.197578,nan,nan,nan,nan,nan,nan,nan,nan,nan,nan,nan,nan,nan,nan,nan,0.156109,0.975237,0.115972,0,0,-0.515559,0.00673143,-0.00424002,-1,-0.000674282,Idle,,nan,nan,nan,nan,0,0,0,0,0,-0.517373,0.0374368,0.274423,0.0522089,0.737014,0.402125,0.68523,0.245123,nan,nan,nan,nan,nan,nan,nan,nan
2.63448,0.117361,0.0918453,0.00494163,0.327135,0.0847527,-0.133523,-0.0686153,-0.146519,-0.0333992,-0.162888,-0.196693,-0.205067,nan,nan,nan,nan,nan,nan,nan,nan,nan,nan,nan,nan,nan,nan,nan,0.129681,0.991045,0.129224,0,0,-0.518891,0.00673143,-0.00424002,-1,-0.000674282,Idle,,nan,nan,nan,nan,0,0,0,0,0,-0.518891,0.0355122,0.275192,0.0545068,0.742734,0.404036,0.683633,0.24516,nan,nan,nan,nan,nan,nan,nan,nan
2.64229,0.119432,0.0910637,0.00357743,0.336083,0.0748235,-0.147196,-0.0690021,-0.148371,-0.0351334,-0.0677311,-0.19489,-0.204565,nan,nan,nan,nan,nan,nan,nan,nan,nan,nan,nan,nan,nan,nan,nan,0.129681,0.991045,0.129224,0,0,-0.518891,0.00673143,-0.00424002,-1,-0.000674282,Idle,,nan,nan,nan,nan,0,0,0,0,0,-0.520023,0.0396567,0.270293,0.056393,0.739356,0.413449,0.682347,0.244939,nan,nan,nan,nan,nan,nan,nan,nan
2.65169,0.123906,0.0895756,0.000546103,0.359113,0.0779184,-0.16679,-0.0704486,-0.151344,-0.038283,-0.112427,-0.184782,-0.187207,nan,nan,nan,nan,nan,nan,nan,nan,nan,nan,nan,nan,nan,nan,nan,0.145074,1.02665,0.141726,0,0,-0.521863,0.00673143,-0.00424002,-1,-0.000674282,Idle,,nan,nan,nan,nan,0,0,0,0,0,-0.520023,0.0396567,0.270293,0.056393,0.739356,0.413449,0.682347,0.244939,nan,nan,nan,nan,nan,nan,nan,nan
2.66101,0.126316,0.0888231,-0.00111191,0.365848,0.0752425,-0.173069,-0.0707097,-0.15233,-0.0400431,-0.0552421,-0.0979591,-0.200851,nan,nan,nan,nan,nan,nan,nan,nan,nan,nan,nan,nan,nan,nan,nan,0.145074,1.02665,0.141726,0,0,-0.521863,0.00673143,-0.00424002,-1,-0.000674282,Idle,,nan,nan,nan,nan,0,0,0,0,0,-0.524874,0.0265164,0.267684,0.0603212,0.755579,0.414783,0.672132,0.257001,nan,nan,nan,nan,nan,nan,nan,nan
2.67293,0.128846,0.0880241,-0.00285393,0.378373,0.0638531,-0.191388,-0.0703946,-0.153506,-0.0417754,0.00911863,-0.119298,-0.199295,nan,nan,nan,nan,nan,nan,nan,nan,nan,nan,nan,nan,nan,nan,nan,0.153689,1.0682,0.151921,0,0,-0.527939,0.00673143,-0.00424002,-1,-0.000674282,Idle,,nan,nan,nan,nan,0,0,0,0,0,-0.527939,0.0161233,0.27914,0.0619907,0.775762,0.404068,0.674274,0.257651,nan,nan,nan,nan,nan,nan,nan,nan
2.68085,0.131499,0.0872539,-0.00471184,0.386368,0.0535843,-0.205665,-0.07016,-0.154176,-0.0434278,0.00126291,-0.0636417,-0.186498,nan,nan,nan,nan,nan,nan,nan,nan,nan,nan,nan,nan,nan,nan,nan,0.153689,1.0682,0.151921,0,0,-0.527939,0.00673143,-0.00424002,-1,-0.000674282,Idle,,nan,nan,nan,nan,0,0,0,0,0,-0.528019,0.0411464,0.269321,0.063877,0.75309,0.430672,0.683223,0.245091,nan,nan,nan,nan,nan,nan,nan,nan
2.69454,0.134264,0.0864768,-0.00668377,0.397128,0.0542943,-0.215523,-0.0701765,-0.154178,-0.0452265,-0.0291779,0.011646,-0.19632,nan,nan,nan,nan,nan,nan,nan,nan,nan,nan,nan,nan,nan,nan,nan,0.190112,1.11254,0.161696,0,0,-0.531394,0.00673143,-0.00424002,-1,-0.000674282,Idle,,nan,nan,nan,nan,0,0,0,0,0,-0.528989,0.0373077,0.26386,0.0656857,0.75472,0.434598,0.67581,0.250827,nan,nan,nan,nan,nan,nan,nan,nan
2.70179,0.137143,0.085664,-0.00877046,0.413179,0.0511748,-0.224334,-0.0702081,-0.15403,-0.0470784,-0.0321581,0.0290633,-0.203078,nan,nan,nan,nan,nan,nan,nan,nan,nan,nan,nan,nan,nan,nan,nan,0.190112,1.11254,0.161696,0,0,-0.531394,0.00673143,-0.00424002,-1,-0.000674282,Idle,,nan,nan,nan,nan,0,0,0,0,0,-0.531394,0.0355988,0.269645,0.0672243,0.763963,0.433244,0.679557,0.248815,nan,nan,nan,nan,nan,nan,nan,nan
2.71417,0.14014,0.0848381,-0.0109714,0.427469,0.0379653,-0.243626,-0.0698648,-0.153632,-0.0489047,0.0101538,0.0564857,-0.197287,nan,nan,nan,nan,nan,nan,nan,nan,nan,nan,nan,nan,nan,nan,nan,0.219168,1.1585,0.169742,0,0,-0.534228,0.00673143,-0.00424002,-1,-0.000674282,Idle,,nan,nan,nan,nan,0,0,0,0,0,-0.534228,0.0427433,0.266655,0.0689714,0.761376,0.444992,0.683581,0.246965,nan,nan,nan,nan,nan,nan,nan,nan
2.72054,0.143664,0.0836896,-0.0137115,0.435893,0.0356949,-0.261042,-0.0695626,-0.153121,-0.0506648,0.00670609,0.0685121,-0.189207,nan,nan,nan,nan,nan,nan,nan,nan,nan,nan,nan,nan,nan,nan,nan,0.219168,1.1585,0.169742,0,0,-0.534228,0.00673143,-0.00424002,-1,-0.000674282,Idle,,nan,nan,nan,nan,0,0,0,0,0,-0.534395,0.0387967,0.271884,0.0706019,0.76966,0.4403,0.683022,0.244596,nan,nan,nan,nan,nan,nan,nan,nan
2.73065,0.146686,0.0825152,-0.0162423,0.449203,0.035922,-0.274128,-0.0694686,-0.152048,-0.0524846,-0.016413,0.130839,-0.191183,nan,nan,nan,nan,nan,nan,nan,nan,nan,nan,nan,nan,nan,nan,nan,0.197172,1.17025,0.181269,0,0,-0.536031,0.00673143,-0.00424002,-1,-0.000674282,Idle,,nan,nan,nan,nan,0,0,0,0,0,-0.534395,0.0387967,0.271884,0.0706019,0.76966,0.4403,0.683022,0.244596,nan,nan,nan,nan,nan,nan,nan,nan
2.73785,0.153086,0.0801223,-0.021684,0.469831,0.0185684,-0.310224,-0.0678584,-0.149991,-0.0559193,0.0809065,0.119673,-0.169872,nan,nan,nan,nan,nan,nan,nan,nan,nan,nan,nan,nan,nan,nan,nan,0.197172,1.17025,0.181269,0,0,-0.536031,0.00673143,-0.00424002,-1,-0.000674282,Idle,,nan,nan,nan,nan,0,0,0,0,0,-0.536031,0.0308929,0.262817,0.071895,0.771766,0.444053,0.671368,0.256938,nan,nan,nan,nan,nan,nan,nan,nan
2.75053,0.156463,0.0788976,-0.0246015,0.477438,0.0206487,-0.31582,-0.0670746,-0.148518,-0.0575888,0.0633116,0.17397,-0.172151,nan,nan,nan,nan,nan,nan,nan,nan,nan,nan,nan,nan,nan,nan,nan,0.21985,1.17643,0.18921,0,0,-0.536209,0.00673143,-0.00424002,-1,-0.000674282,Idle,,nan,nan,nan,nan,0,0,0,0,0,-0.535298,0.0257039,0.281495,0.0732367,0.789251,0.427785,0.678826,0.24533,nan,nan,nan,nan,nan,nan,nan,nan
2.75743,0.159959,0.0776794,-0.0276228,0.487945,0.0169236,-0.332949,-0.0660224,-0.147037,-0.059279,0.0930546,0.174853,-0.17457,nan,nan,nan,nan,nan,nan,nan,nan,nan,nan,nan,nan,nan,nan,nan,0.21985,1.17643,0.18921,0,0,-0.536209,0.00673143,-0.00424002,-1,-0.000674282,Idle,,nan,nan,nan,nan,0,0,0,0,0,-0.536209,0.0241801,0.274842,0.0742252,0.787522,0.433311,0.672969,0.251033,nan,nan,nan,nan,nan,nan,nan,nan
2.77438,0.163549,0.0764802,-0.0307649,0.498946,0.00695459,-0.350512,-0.064633,-0.14509,-0.0608064,0.133488,0.225418,-0.153545,nan,nan,nan,nan,nan,nan,nan,nan,nan,nan,nan,nan,nan,nan,nan,0.19436,1.1759,0.198653,0,0,-0.539992,0.00673143,-0.00424002,-1,-0.000674282,Idle,,nan,nan,nan,nan,0,0,0,0,0,-0.539992,0.0187277,0.257832,0.0762475,0.785154,0.44729,0.658851,0.268674,nan,nan,nan,nan,nan,nan,nan,nan
2.78169,0.167248,0.0752811,-0.0340281,0.511568,0.012072,-0.359617,-0.0636216,-0.142945,-0.0624204,0.0898134,0.246587,-0.16118,nan,nan,nan,nan,nan,nan,nan,nan,nan,nan,nan,nan,nan,nan,nan,0.19436,1.1759,0.198653,0,0,-0.539992,0.00673143,-0.00424002,-1,-0.000674282,Idle,,nan,nan,nan,nan,0,0,0,0,0,-0.540343,0.0248201,0.256931,0.077184,0.781496,0.453523,0.661937,0.264418,nan,nan,nan,nan,nan,nan,nan,nan
2.7907,0.171047,0.0740771,-0.0374207,0.51495,0.00885876,-0.375183,-0.0624755,-0.140132,-0.0641331,0.104648,0.324279,-0.169407,nan,nan,nan,nan,nan,nan,nan,nan,nan,nan,nan,nan,nan,nan,nan,0.181138,1.17177,0.20883,0,0,-0.543516,0.00673143,-0.00424002,-1,-0.000674282,Idle,,nan,nan,nan,nan,0,0,0,0,0,-0.540343,0.0248201,0.256931,0.077184,0.781496,0.453523,0.661937,0.264418,nan,nan,nan,nan,nan,nan,nan,nan
2.80169,0.174953,0.0728883,-0.0409358,0.526853,0.00262334,-0.391831,-0.0608752,-0.137189,-0.0656851,0.157638,0.335866,-0.15049,nan,nan,nan,nan,nan,nan,nan,nan,nan,nan,nan,nan,nan,nan,nan,0.181138,1.17177,0.20883,0,0,-0.543516,0.00673143,-0.00424002,-1,-0.000674282,Idle,,nan,nan,nan,nan,0,0,0,0,0,-0.544252,0.0106748,0.248191,0.0789665,0.791008,0.455393,0.647883,0.282726,nan,nan,nan,nan,nan,nan,nan,nan
2.81405,0.178968,0.071718,-0.0445713,0.539881,0.00903152,-0.403511,-0.0594299,-0.133861,-0.067269,0.140329,0.378702,-0.15201,nan,nan,nan,nan,nan,nan,nan,nan,nan,nan,nan,nan,nan,nan,nan,0.1516,1.18404,0.218359,0,0,-0.546426,0.00673143,-0.00424002,-1,-0.000674282,Idle,,nan,nan,nan,nan,0,0,0,0,0,-0.546426,0.00584523,0.240574,0.0798963,0.79214,0.460469,0.640327,0.29277,nan,nan,nan,nan,nan,nan,nan,nan
2.81883,0.18685,0.0686113,-0.0523722,0.554071,0.0026496,-0.433631,-0.0564058,-0.126345,-0.0705924,0.151196,0.417609,-0.148187,nan,nan,nan,nan,nan,nan,nan,nan,nan,nan,nan,nan,nan,nan,nan,0.1516,1.18404,0.218359,0,0,-0.546426,0.00673143,-0.00424002,-1,-0.000674282,Idle,,nan,nan,nan,nan,0,0,0,0,0,-0.546426,0.00584523,0.240574,0.0798963,0.79214,0.460469,0.640327,0.29277,nan,nan,nan,nan,nan,nan,nan,nan
2.83142,0.190935,0.0671044,-0.0564549,0.562871,0.00517623,-0.446653,-0.0550654,-0.122379,-0.0722405,0.131232,0.451447,-0.157539,nan,nan,nan,nan,nan,nan,nan,nan,nan,nan,nan,nan,nan,nan,nan,0.149772,1.15175,0.225957,0,0,-0.548115,0.00673143,-0.00424002,-1,-0.000674282,Idle,,nan,nan,nan,nan,0,0,0,0,0,-0.547829,0.0140192,0.239417,0.0809307,0.787978,0.469504,0.645657,0.288178,nan,nan,nan,nan,nan,nan,nan,nan
2.84089,0.195969,0.0655886,-0.0613545,0.575338,-0.00640216,-0.464213,-0.0535071,-0.118394,-0.0739145,0.1551,0.451171,-0.16022,nan,nan,nan,nan,nan,nan,nan,nan,nan,nan,nan,nan,nan,nan,nan,0.149772,1.15175,0.225957,0,0,-0.548115,0.00673143,-0.00424002,-1,-0.000674282,Idle,,nan,nan,nan,nan,0,0,0,0,0,-0.549668,0.00402028,0.243879,0.0828177,0.801928,0.463005,0.641692,0.292048,nan,nan,nan,nan,nan,nan,nan,nan
2.85448,0.200253,0.0640826,-0.0656981,0.580603,-0.00912556,-0.478698,-0.0517747,-0.114645,-0.0753876,0.177699,0.423431,-0.140225,nan,nan,nan,nan,nan,nan,nan,nan,nan,nan,nan,nan,nan,nan,nan,0.155588,1.15355,0.231152,0,0,-0.550258,0.00673143,-0.00424002,-1,-0.000674282,Idle,,nan,nan,nan,nan,0,0,0,0,0,-0.549668,0.00402028,0.243879,0.0828177,0.804509,0.463424,0.650518,0.28258,nan,nan,nan,nan,nan,nan,nan,nan
2.86298,0.204631,0.0625897,-0.0701694,0.586341,-0.00611577,-0.486669,-0.0503555,-0.110654,-0.0769346,0.142478,0.450717,-0.147813,nan,nan,nan,nan,nan,nan,nan,nan,nan,nan,nan,nan,nan,nan,nan,0.155588,1.15355,0.231152,0,0,-0.550258,0.00673143,-0.00424002,-1,-0.000674282,Idle,,nan,nan,nan,nan,0,0,0,0,0,-0.55115,0.0127821,0.247214,0.0844495,0.801203,0.469956,0.650094,0.283346,nan,nan,nan,nan,nan,nan,nan,nan
2.87411,0.209092,0.0611184,-0.0747558,0.597757,-0.0132084,-0.507242,-0.0491146,-0.106716,-0.0785032,0.122311,0.442593,-0.150365,nan,nan,nan,nan,nan,nan,nan,nan,nan,nan,nan,nan,nan,nan,nan,0.143157,1.1354,0.239763,0,0,-0.553719,0.00673143,-0.00424002,-1,-0.000674282,Idle,,nan,nan,nan,nan,0,0,0,0,0,-0.553899,0.0131824,0.250838,0.0852799,0.807061,0.471257,0.654856,0.282423,nan,nan,nan,nan,nan,nan,nan,nan
2.88309,0.213628,0.0596838,-0.0794645,0.601309,-0.0133813,-0.523312,-0.0475794,-0.103038,-0.079886,0.159283,0.416797,-0.133359,nan,nan,nan,nan,nan,nan,nan,nan,nan,nan,nan,nan,nan,nan,nan,0.143157,1.1354,0.239763,0,0,-0.553719,0.00673143,-0.00424002,-1,-0.000674282,Idle,,nan,nan,nan,nan,0,0,0,0,0,-0.55411,0.00644364,0.248441,0.0860389,0.8111,0.469157,0.647848,0.288333,nan,nan,nan,nan,nan,nan,nan,nan
2.89328,0.21825,0.058262,-0.0843116,0.604714,-0.010915,-0.533376,-0.046292,-0.0991746,-0.0813431,0.130537,0.435619,-0.1406,nan,nan,nan,nan,nan,nan,nan,nan,nan,nan,nan,nan,nan,nan,nan,0.114219,1.09871,0.247268,0,0,-0.556198,0.00673143,-0.00424002,-1,-0.000674282,Idle,,nan,nan,nan,nan,0,0,0,0,0,-0.556198,0.00315085,0.25809,0.0866207,0.822922,0.462676,0.653845,0.28535,nan,nan,nan,nan,nan,nan,nan,nan
2.90054,0.222962,0.0568501,-0.0892995,0.614717,-0.0173427,-0.552955,-0.0447781,-0.095722,-0.0827379,0.156942,0.389423,-0.136442,nan,nan,nan,nan,nan,nan,nan,nan,nan,nan,nan,nan,nan,nan,nan,0.114219,1.09871,0.247268,0,0,-0.556198,0.00673143,-0.00424002,-1,-0.000674282,Idle,,nan,nan,nan,nan,0,0,0,0,0,-0.552097,0.000374133,0.25353,0.0873465,0.818286,0.460561,0.643836,0.285707,nan,nan,nan,nan,nan,nan,nan,nan
2.91251,0.232387,0.0536978,-0.0998123,0.62182,-0.0134281,-0.584698,-0.0416276,-0.0886087,-0.0854891,0.135468,0.391758,-0.140495,nan,nan,nan,nan,nan,nan,nan,nan,nan,nan,nan,nan,nan,nan,nan,0.1068,1.08353,0.254159,0,0,-0.546545,0.00673143,-0.00424002,-1,-0.000674282,Idle,,nan,nan,nan,nan,0,0,0,0,0,-0.552097,0.000374133,0.25353,0.0873465,0.818286,0.460561,0.643836,0.285707,nan,nan,nan,nan,nan,nan,nan,nan
2.91941,0.237099,0.0519568,-0.105377,0.630858,-0.021668,-0.608805,-0.039945,-0.0848725,-0.086891,0.179104,0.422187,-0.138086,nan,nan,nan,nan,nan,nan,nan,nan,nan,nan,nan,nan,nan,nan,nan,0.1068,1.08353,0.254159,0,0,-0.546545,0.00673143,-0.00424002,-1,-0.000674282,Idle,,nan,nan,nan,nan,0,0,0,0,0,-0.546545,0.00536251,0.259234,0.0880806,0.813975,0.455235,0.645112,0.271857,nan,nan,nan,nan,nan,nan,nan,nan
2.93322,0.24186,0.0502539,-0.111082,0.632618,-0.0160584,-0.624374,-0.0384953,-0.0812235,-0.0882232,0.153382,0.409909,-0.130748,nan,nan,nan,nan,nan,nan,nan,nan,nan,nan,nan,nan,nan,nan,nan,0.104515,1.07293,0.259149,0,0,-0.534376,0.00673143,-0.00424002,-1,-0.000674282,Idle,,nan,nan,nan,nan,0,0,0,0,0,-0.534376,0.0061004,0.250203,0.0895851,0.796405,0.451476,0.625588,0.264036,nan,nan,nan,nan,nan,nan,nan,nan
2.94145,0.246709,0.0485807,-0.116948,0.637539,-0.0167888,-0.636823,-0.0372582,-0.0774277,-0.0896339,0.129452,0.426423,-0.139426,nan,nan,nan,nan,nan,nan,nan,nan,nan,nan,nan,nan,nan,nan,nan,0.104515,1.07293,0.259149,0,0,-0.534376,0.00673143,-0.00424002,-1,-0.000674282,Idle,,nan,nan,nan,nan,0,0,0,0,0,-0.528873,0.00257017,0.24243,0.0903877,0.788704,0.449774,0.611296,0.265716,nan,nan,nan,nan,nan,nan,nan,nan
2.95087,0.251598,0.0469472,-0.122935,0.640278,-0.0200977,-0.658013,-0.0359726,-0.073236,-0.0908872,0.136722,0.469765,-0.120938,nan,nan,nan,nan,nan,nan,nan,nan,nan,nan,nan,nan,nan,nan,nan,0.074672,1.04262,0.266861,0,0,-0.524428,0.00673143,-0.00424002,-1,-0.000674282,Idle,,nan,nan,nan,nan,0,0,0,0,0,-0.528873,0.00257017,0.24243,0.0903877,0.788704,0.449774,0.611296,0.265716,nan,nan,nan,nan,nan,nan,nan,nan
2.96108,0.257498,0.0453176,-0.130028,0.64003,-0.0196772,-0.668444,-0.0352474,-0.069164,-0.0921174,0.0745893,0.453917,-0.118734,nan,nan,nan,nan,nan,nan,nan,nan,nan,nan,nan,nan,nan,nan,nan,0.074672,1.04262,0.266861,0,0,-0.524428,0.00673143,-0.00424002,-1,-0.000674282,Idle,,nan,nan,nan,nan,0,0,0,0,0,-0.517414,0.0193394,0.23266,0.0916137,0.759708,0.458305,0.603573,0.248071,nan,nan,nan,nan,nan,nan,nan,nan
2.97031,0.262471,0.0437392,-0.13628,0.644076,-0.0263675,-0.687345,-0.0347961,-0.0645293,-0.0933647,0.0450891,0.521638,-0.119986,nan,nan,nan,nan,nan,nan,nan,nan,nan,nan,nan,nan,nan,nan,nan,0.0932869,1.00541,0.271713,0,0,-0.506484,0.00673143,-0.00424002,-1,-0.000674282,Idle,,nan,nan,nan,nan,0,0,0,0,0,-0.517414,0.0193394,0.23266,0.0916137,0.759708,0.458305,0.603573,0.248071,nan,nan,nan,nan,nan,nan,nan,nan
2.97723,0.267496,0.042198,-0.142639,0.646764,-0.0192463,-0.700279,-0.0344944,-0.0604303,-0.0944718,0.0296936,0.458772,-0.106064,nan,nan,nan,nan,nan,nan,nan,nan,nan,nan,nan,nan,nan,nan,nan,0.0932869,1.00541,0.271713,0,0,-0.506484,0.00673143,-0.00424002,-1,-0.000674282,Idle,,nan,nan,nan,nan,0,0,0,0,0,-0.512816,0.0271767,0.223635,0.0920534,0.743626,0.466069,0.597702,0.243865,nan,nan,nan,nan,nan,nan,nan,nan
2.99386,0.272571,0.0406741,-0.14911,0.648011,-0.0221019,-0.707574,-0.0345527,-0.0559487,-0.0955625,-0.00986,0.501325,-0.102861,nan,nan,nan,nan,nan,nan,nan,nan,nan,nan,nan,nan,nan,nan,nan,0.0747307,0.975324,0.278305,0,0,-0.498089,0.00673143,-0.00424002,-1,-0.000674282,Idle,,nan,nan,nan,nan,0,0,0,0,0,-0.498089,0.0238162,0.231165,0.0927589,0.737309,0.444343,0.585226,0.225477,nan,nan,nan,nan,nan,nan,nan,nan
2.99822,0.282808,0.0377073,-0.16229,0.650205,-0.0254985,-0.73015,-0.0342364,-0.0475828,-0.0974115,0.0125768,0.447928,-0.0754906,nan,nan,nan,nan,nan,nan,nan,nan,nan,nan,nan,nan,nan,nan,nan,0.0747307,0.975324,0.278305,0,0,-0.498089,0.00673143,-0.00424002,-1,-0.000674282,Idle,,nan,nan,nan,nan,0,0,0,0,0,-0.498089,0.0238162,0.231165,0.0927589,0.737309,0.444343,0.585226,0.225477,nan,nan,nan,nan,nan,nan,nan,nan
3.01201,0.287745,0.0358428,-0.169084,0.652524,-0.0212904,-0.73629,-0.0343602,-0.0430846,-0.0982897,-0.0148864,0.505158,-0.0797509,nan,nan,nan,nan,nan,nan,nan,nan,nan,nan,nan,nan,nan,nan,nan,0.0797653,0.935557,0.283714,0,0,-0.488802,0.00673143,-0.00424002,-1,-0.000674282,Idle,,nan,nan,nan,nan,0,0,0,0,0,-0.493273,0.0247716,0.24344,0.0928596,0.7406,0.431623,0.589665,0.211205,nan,nan,nan,nan,nan,nan,nan,nan
3.0212,0.292712,0.0340191,-0.175963,0.652486,-0.0299392,-0.748301,-0.0342618,-0.0390525,-0.0991132,0.0115999,0.449994,-0.0742348,nan,nan,nan,nan,nan,nan,nan,nan,nan,nan,nan,nan,nan,nan,nan,0.0797653,0.935557,0.283714,0,0,-0.488802,0.00673143,-0.00424002,-1,-0.000674282,Idle,,nan,nan,nan,nan,0,0,0,0,0,-0.485607,0.0188782,0.23921,0.0927356,0.733988,0.422654,0.574972,0.210814,nan,nan,nan,nan,nan,nan,nan,nan
3.03403,0.297688,0.0322483,-0.182902,0.654387,-0.0268535,-0.759639,-0.0338121,-0.0348206,-0.0997303,0.051858,0.47144,-0.0506431,nan,nan,nan,nan,nan,nan,nan,nan,nan,nan,nan,nan,nan,nan,nan,0.0902243,0.910699,0.285988,0,0,-0.480618,0.00673143,-0.00424002,-1,-0.000674282,Idle,,nan,nan,nan,nan,0,0,0,0,0,-0.480618,0.0131258,0.221342,0.0924834,0.72018,0.425979,0.553542,0.22277,nan,nan,nan,nan,nan,nan,nan,nan
3.04075,0.302681,0.0305257,-0.189914,0.650416,-0.0172073,-0.759497,-0.0334521,-0.0304669,-0.100421,0.0417811,0.485365,-0.0586128,nan,nan,nan,nan,nan,nan,nan,nan,nan,nan,nan,nan,nan,nan,nan,0.0902243,0.910699,0.285988,0,0,-0.480618,0.00673143,-0.00424002,-1,-0.000674282,Idle,,nan,nan,nan,nan,0,0,0,0,0,-0.475921,0.00285287,0.230108,0.0922311,0.728696,0.407566,0.548033,0.21939,nan,nan,nan,nan,nan,nan,nan,nan
3.05369,0.307698,0.02886,-0.196969,0.647791,-0.0184173,-0.765868,-0.0329078,-0.0258566,-0.101128,0.0621896,0.511326,-0.0592654,nan,nan,nan,nan,nan,nan,nan,nan,nan,nan,nan,nan,nan,nan,nan,0.0526944,0.855686,0.291649,0,0,-0.470237,0.00673143,-0.00424002,-1,-0.000674282,Idle,,nan,nan,nan,nan,0,0,0,0,0,-0.473896,-0.000411621,0.212771,0.0920307,0.716519,0.415291,0.531648,0.232125,nan,nan,nan,nan,nan,nan,nan,nan
3.0596,0.312719,0.0272687,-0.204054,0.650383,-0.0167182,-0.777657,-0.0319291,-0.0215709,-0.101627,0.112245,0.479536,-0.0383789,nan,nan,nan,nan,nan,nan,nan,nan,nan,nan,nan,nan,nan,nan,nan,0.0526944,0.855686,0.291649,0,0,-0.470237,0.00673143,-0.00424002,-1,-0.000674282,Idle,,nan,nan,nan,nan,0,0,0,0,0,-0.473896,-0.000411621,0.212771,0.0920307,0.716519,0.415291,0.531648,0.232125,nan,nan,nan,nan,nan,nan,nan,nan
3.07458,0.317751,0.0257178,-0.211181,0.645477,-0.0108663,-0.774556,-0.0313317,-0.0169258,-0.102148,0.0693267,0.517245,-0.039604,nan,nan,nan,nan,nan,nan,nan,nan,nan,nan,nan,nan,nan,nan,nan,0.0292127,0.819906,0.295068,0,0,-0.464177,0.00673143,-0.00424002,-1,-0.000674282,Idle,,nan,nan,nan,nan,0,0,0,0,0,-0.464177,-0.00598338,0.201616,0.0915338,0.702358,0.409021,0.51061,0.23472,nan,nan,nan,nan,nan,nan,nan,nan
3.08229,0.323726,0.0241785,-0.219489,0.638304,-0.0154702,-0.779107,-0.0304439,-0.0119203,-0.102788,0.101652,0.557726,-0.0520267,nan,nan,nan,nan,nan,nan,nan,nan,nan,nan,nan,nan,nan,nan,nan,0.0292127,0.819906,0.295068,0,0,-0.464177,0.00673143,-0.00424002,-1,-0.000674282,Idle,,nan,nan,nan,nan,0,0,0,0,0,-0.460404,0.00379705,0.201968,0.091375,0.691759,0.411756,0.514162,0.223939,nan,nan,nan,nan,nan,nan,nan,nan
3.09187,0.333712,0.0212724,-0.233761,0.634569,-0.00928237,-0.776896,-0.0286068,-0.00219501,-0.103676,0.0917482,0.582665,-0.0249773,nan,nan,nan,nan,nan,nan,nan,nan,nan,nan,nan,nan,nan,nan,nan,0.0453391,0.757969,0.295138,0,0,-0.458206,0.00673143,-0.00424002,-1,-0.000674282,Idle,,nan,nan,nan,nan,0,0,0,0,0,-0.460404,0.00379705,0.201968,0.091375,0.691759,0.411756,0.514162,0.223939,nan,nan,nan,nan,nan,nan,nan,nan
3.10114,0.338681,0.0199011,-0.240904,0.633052,-0.00385876,-0.775698,-0.0281974,0.00282745,-0.104163,0.0493846,0.562095,-0.0365775,nan,nan,nan,nan,nan,nan,nan,nan,nan,nan,nan,nan,nan,nan,nan,0.0453391,0.757969,0.295138,0,0,-0.458206,0.00673143,-0.00424002,-1,-0.000674282,Idle,,nan,nan,nan,nan,0,0,0,0,0,-0.45734,0.013292,0.197858,0.0908527,0.678554,0.417789,0.515431,0.217585,nan,nan,nan,nan,nan,nan,nan,nan
3.11234,0.343408,0.0181434,-0.248067,0.626973,-0.010893,-0.778167,-0.0273927,0.00800102,-0.104647,0.0932969,0.576,-0.0358494,nan,nan,nan,nan,nan,nan,nan,nan,nan,nan,nan,nan,nan,nan,nan,0.00889575,0.729773,0.29893,0,0,-0.455823,0.00673143,-0.00424002,-1,-0.000674282,Idle,,nan,nan,nan,nan,0,0,0,0,0,-0.455823,-0.00100546,0.188888,0.090696,0.680648,0.412347,0.497623,0.232673,nan,nan,nan,nan,nan,nan,nan,nan
3.12019,0.34812,0.0164271,-0.255193,0.621258,-0.013233,-0.774915,-0.0264805,0.012937,-0.104981,0.1064,0.548591,-0.0192433,nan,nan,nan,nan,nan,nan,nan,nan,nan,nan,nan,nan,nan,nan,nan,0.00889575,0.729773,0.29893,0,0,-0.455823,0.00673143,-0.00424002,-1,-0.000674282,Idle,,nan,nan,nan,nan,0,0,0,0,0,-0.452977,0.00467748,0.192614,0.0903396,0.676063,0.410529,0.501787,0.22353,nan,nan,nan,nan,nan,nan,nan,nan
3.13455,0.352833,0.0147599,-0.262289,0.61994,-0.00920125,-0.765187,-0.0260472,0.0177459,-0.105287,0.0530864,0.534456,-0.016746,nan,nan,nan,nan,nan,nan,nan,nan,nan,nan,nan,nan,nan,nan,nan,0.0275543,0.675291,0.298308,0,0,-0.452606,0.00673143,-0.00424002,-1,-0.000674282,Idle,,nan,nan,nan,nan,0,0,0,0,0,-0.451762,0.0118924,0.190027,0.0900025,0.66758,0.415908,0.504184,0.219378,nan,nan,nan,nan,nan,nan,nan,nan
3.14108,0.357508,0.0131449,-0.269346,0.615561,-0.00241363,-0.763637,-0.0257188,0.0229912,-0.105575,0.0412061,0.580009,-0.0136599,nan,nan,nan,nan,nan,nan,nan,nan,nan,nan,nan,nan,nan,nan,nan,0.0275543,0.675291,0.298308,0,0,-0.452606,0.00673143,-0.00424002,-1,-0.000674282,Idle,,nan,nan,nan,nan,0,0,0,0,0,-0.452606,0.00567896,0.192442,0.0896316,0.674154,0.410279,0.50271,0.22328,nan,nan,nan,nan,nan,nan,nan,nan
3.15285,0.362157,0.0115597,-0.276382,0.607663,-0.00923595,-0.768207,-0.0251202,0.0273286,-0.105791,0.0717255,0.484271,-0.00863427,nan,nan,nan,nan,nan,nan,nan,nan,nan,nan,nan,nan,nan,nan,nan,0.0336251,0.624436,0.297969,0,0,-0.44761,0.00673143,-0.00424002,-1,-0.000674282,Idle,,nan,nan,nan,nan,0,0,0,0,0,-0.44761,0.0102672,0.187808,0.0891372,0.662144,0.411309,0.498181,0.218806,nan,nan,nan,nan,nan,nan,nan,nan
3.1605,0.366758,0.0100718,-0.283392,0.597467,-0.00600042,-0.766369,-0.0243363,0.0318185,-0.105858,0.0914863,0.498357,0.00805321,nan,nan,nan,nan,nan,nan,nan,nan,nan,nan,nan,nan,nan,nan,nan,0.0336251,0.624436,0.297969,0,0,-0.44761,0.00673143,-0.00424002,-1,-0.000674282,Idle,,nan,nan,nan,nan,0,0,0,0,0,-0.445824,-0.00260761,0.191113,0.0885828,0.671246,0.397527,0.490184,0.224341,nan,nan,nan,nan,nan,nan,nan,nan
3.17093,0.37135,0.00864509,-0.290351,0.598383,0.000162869,-0.755072,-0.0239925,0.035954,-0.105932,0.0424314,0.458958,0.0060497,nan,nan,nan,nan,nan,nan,nan,nan,nan,nan,nan,nan,nan,nan,nan,0.00377347,0.591151,0.299359,0,0,-0.447335,0.00673143,-0.00424002,-1,-0.000674282,Idle,,nan,nan,nan,nan,0,0,0,0,0,-0.445824,-0.00260761,0.191113,0.0885828,0.671246,0.397527,0.490184,0.224341,nan,nan,nan,nan,nan,nan,nan,nan
3.17798,0.380466,0.00587028,-0.304046,0.590371,0.00962076,-0.740681,-0.0229164,0.0443072,-0.106037,0.0717638,0.453177,0.00731146,nan,nan,nan,nan,nan,nan,nan,nan,nan,nan,nan,nan,nan,nan,nan,0.00377347,0.591151,0.299359,0,0,-0.447335,0.00673143,-0.00424002,-1,-0.000674282,Idle,,nan,nan,nan,nan,0,0,0,0,0,-0.447335,-0.000589939,0.204174,0.0881268,0.680109,0.390773,0.502807,0.215651,nan,nan,nan,nan,nan,nan,nan,nan
3.19083,0.384967,0.00459762,-0.310815,0.573364,-0.000294498,-0.738451,-0.0221278,0.0478153,-0.106075,0.0920477,0.391207,0.0077326,nan,nan,nan,nan,nan,nan,nan,nan,nan,nan,nan,nan,nan,nan,nan,-0.0179936,0.553585,0.299265,0,0,-0.447469,0.00673143,-0.00424002,-1,-0.000674282,Idle,,nan,nan,nan,nan,0,0,0,0,0,-0.449095,0.00181963,0.188378,0.0875453,0.668414,0.404826,0.495686,0.227454,nan,nan,nan,nan,nan,nan,nan,nan
3.19776,0.390267,0.0033715,-0.318599,0.571017,0.0130684,-0.724505,-0.0215686,0.0514656,-0.105953,0.0650169,0.404654,0.0255744,nan,nan,nan,nan,nan,nan,nan,nan,nan,nan,nan,nan,nan,nan,nan,-0.0179936,0.553585,0.299265,0,0,-0.447469,0.00673143,-0.00424002,-1,-0.000674282,Idle,,nan,nan,nan,nan,0,0,0,0,0,-0.447469,-0.00437131,0.198117,0.0871251,0.677633,0.391515,0.496988,0.223742,nan,nan,nan,nan,nan,nan,nan,nan
3.21377,0.394379,0.00180903,-0.325183,0.562895,0.0117525,-0.716832,-0.0214875,0.0548233,-0.105868,0.0118336,0.372222,0.0205587,nan,nan,nan,nan,nan,nan,nan,nan,nan,nan,nan,nan,nan,nan,nan,-0.0202667,0.502064,0.29804,0,0,-0.447299,0.00673143,-0.00424002,-1,-0.000674282,Idle,,nan,nan,nan,nan,0,0,0,0,0,-0.447299,0.0077771,0.19754,0.0859812,0.667321,0.399199,0.506142,0.216533,nan,nan,nan,nan,nan,nan,nan,nan
3.22059,0.398444,0.00028119,-0.331688,0.553099,0.0108786,-0.715142,-0.0214163,0.0582518,-0.105799,0.0116519,0.379572,0.0201329,nan,nan,nan,nan,nan,nan,nan,nan,nan,nan,nan,nan,nan,nan,nan,-0.0202667,0.502064,0.29804,0,0,-0.447299,0.00673143,-0.00424002,-1,-0.000674282,Idle,,nan,nan,nan,nan,0,0,0,0,0,-0.447383,0.00101099,0.190972,0.0855238,0.667088,0.398686,0.497258,0.226501,nan,nan,nan,nan,nan,nan,nan,nan
3.23083,0.402489,-0.00115759,-0.338126,0.545058,0.00599845,-0.70976,-0.0210775,0.0610977,-0.105753,0.0412559,0.313163,0.0160651,nan,nan,nan,nan,nan,nan,nan,nan,nan,nan,nan,nan,nan,nan,nan,0.018261,0.451829,0.295132,0,0,-0.445378,0.00673143,-0.00424002,-1,-0.000674282,Idle,,nan,nan,nan,nan,0,0,0,0,0,-0.447383,0.00101099,0.190972,0.0855238,0.667088,0.398686,0.497258,0.226501,nan,nan,nan,nan,nan,nan,nan,nan
3.23994,0.406488,-0.00257827,-0.344486,0.539662,0.00771592,-0.697909,-0.0208925,0.0637855,-0.105607,0.023631,0.298549,0.0268943,nan,nan,nan,nan,nan,nan,nan,nan,nan,nan,nan,nan,nan,nan,nan,0.018261,0.451829,0.295132,0,0,-0.445378,0.00673143,-0.00424002,-1,-0.000674282,Idle,,nan,nan,nan,nan,0,0,0,0,0,-0.446872,0.0143383,0.187834,0.0846761,0.654087,0.40897,0.5048,0.219631,nan,nan,nan,nan,nan,nan,nan,nan
3.25402,0.410442,-0.00394143,-0.350773,0.537701,0.0174916,-0.685643,-0.0209939,0.0667442,-0.105435,-0.00874643,0.327133,0.0303069,nan,nan,nan,nan,nan,nan,nan,nan,nan,nan,nan,nan,nan,nan,nan,-0.0150689,0.443694,0.295708,0,0,-0.4487,0.00673143,-0.00424002,-1,-0.000674282,Idle,,nan,nan,nan,nan,0,0,0,0,0,-0.4487,0.0107004,0.208312,0.0843264,0.672618,0.393396,0.518877,0.20991,nan,nan,nan,nan,nan,nan,nan,nan
3.25861,0.418165,-0.00648063,-0.363146,0.518584,0.0245183,-0.676196,-0.0213863,0.0719426,-0.105267,-0.000998329,0.28395,0.020598,nan,nan,nan,nan,nan,nan,nan,nan,nan,nan,nan,nan,nan,nan,nan,-0.0150689,0.443694,0.295708,0,0,-0.4487,0.00673143,-0.00424002,-1,-0.000674282,Idle,,nan,nan,nan,nan,0,0,0,0,0,-0.4487,0.0107004,0.208312,0.0843264,0.672618,0.393396,0.518877,0.20991,nan,nan,nan,nan,nan,nan,nan,nan
3.27143,0.421937,-0.00766975,-0.369226,0.503774,0.0147663,-0.670836,-0.0211847,0.07405,-0.105104,0.0244399,0.231321,0.0271272,nan,nan,nan,nan,nan,nan,nan,nan,nan,nan,nan,nan,nan,nan,nan,-0.0192204,0.396782,0.294469,0,0,-0.447372,0.00673143,-0.00424002,-1,-0.000674282,Idle,,nan,nan,nan,nan,0,0,0,0,0,-0.448555,0.0135033,0.193214,0.0840506,0.659539,0.405633,0.510319,0.218729,nan,nan,nan,nan,nan,nan,nan,nan
3.28174,0.425667,-0.00879689,-0.375238,0.494947,0.0194554,-0.662615,-0.021273,0.0761417,-0.104832,-0.00881368,0.23175,0.039486,nan,nan,nan,nan,nan,nan,nan,nan,nan,nan,nan,nan,nan,nan,nan,-0.0192204,0.396782,0.294469,0,0,-0.447372,0.00673143,-0.00424002,-1,-0.000674282,Idle,,nan,nan,nan,nan,0,0,0,0,0,-0.446647,0.0136163,0.196435,0.0833787,0.659158,0.400855,0.511441,0.215136,nan,nan,nan,nan,nan,nan,nan,nan
3.29527,0.429345,-0.0098603,-0.381187,0.490804,0.0236569,-0.653022,-0.0216763,0.0781046,-0.104512,-0.0444333,0.216125,0.044226,nan,nan,nan,nan,nan,nan,nan,nan,nan,nan,nan,nan,nan,nan,nan,0.00752506,0.355856,0.291766,0,0,-0.447139,0.00673143,-0.00424002,-1,-0.000674282,Idle,,nan,nan,nan,nan,0,0,0,0,0,-0.447139,0.0197282,0.193519,0.0829752,0.652863,0.407328,0.514596,0.213771,nan,nan,nan,nan,nan,nan,nan,nan
3.30204,0.432954,-0.0108916,-0.387067,0.481947,0.0357216,-0.640122,-0.022069,0.0802088,-0.104272,-0.0427559,0.232108,0.0357665,nan,nan,nan,nan,nan,nan,nan,nan,nan,nan,nan,nan,nan,nan,nan,0.00752506,0.355856,0.291766,0,0,-0.447139,0.00673143,-0.00424002,-1,-0.000674282,Idle,,nan,nan,nan,nan,0,0,0,0,0,-0.448281,0.0124299,0.196741,0.08269,0.661158,0.400745,0.513139,0.218081,nan,nan,nan,nan,nan,nan,nan,nan
3.31701,0.436484,-0.0118725,-0.392876,0.470273,0.0379254,-0.637147,-0.0221126,0.082308,-0.104074,-0.00369155,0.231676,0.0311086,nan,nan,nan,nan,nan,nan,nan,nan,nan,nan,nan,nan,nan,nan,nan,-0.0274732,0.32402,0.290803,0,0,-0.448994,0.00673143,-0.00424002,-1,-0.000674282,Idle,,nan,nan,nan,nan,0,0,0,0,0,-0.447402,0.0158851,0.184619,0.0818965,0.672466,0.392225,0.506665,0.228852,nan,nan,nan,nan,nan,nan,nan,nan
3.32984,0.440254,-0.0131197,-0.39941,0.45715,0.0280876,-0.635182,-0.0218531,0.0841214,-0.103768,0.0287363,0.198625,0.0420573,nan,nan,nan,nan,nan,nan,nan,nan,nan,nan,nan,nan,nan,nan,nan,-0.0274732,0.32402,0.290803,0,0,-0.448994,0.00673143,-0.00424002,-1,-0.000674282,Idle,,nan,nan,nan,nan,0,0,0,0,0,-0.447402,0.0158851,0.184619,0.0818965,0.648471,0.410088,0.506929,0.224121,nan,nan,nan,nan,nan,nan,nan,nan
3.33342,0.443264,-0.0143294,-0.404933,0.448724,0.0325822,-0.626313,-0.021837,0.0859791,-0.103521,0.00306827,0.204912,0.0374174,nan,nan,nan,nan,nan,nan,nan,nan,nan,nan,nan,nan,nan,nan,nan,0.00169059,0.294491,0.288274,0,0,-0.448252,0.00673143,-0.00424002,-1,-0.000674282,Idle,,nan,nan,nan,nan,0,0,0,0,0,-0.448252,0.011123,0.190121,0.081617,0.656299,0.4034,0.508579,0.224729,nan,nan,nan,nan,nan,nan,nan,nan
3.34294,0.449096,-0.0165879,-0.415829,0.427077,0.0444824,-0.60947,-0.0223242,0.089884,-0.102921,-0.020634,0.227843,0.040023,nan,nan,nan,nan,nan,nan,nan,nan,nan,nan,nan,nan,nan,nan,nan,0.00169059,0.294491,0.288274,0,0,-0.448252,0.00673143,-0.00424002,-1,-0.000674282,Idle,,nan,nan,nan,nan,0,0,0,0,0,-0.449391,0.00426131,0.193382,0.0813409,0.664321,0.397106,0.507447,0.228692,nan,nan,nan,nan,nan,nan,nan,nan
3.35221,0.451934,-0.0176577,-0.42117,0.415343,0.036673,-0.608122,-0.022276,0.0915885,-0.102699,0.00633124,0.186991,0.0339872,nan,nan,nan,nan,nan,nan,nan,nan,nan,nan,nan,nan,nan,nan,nan,-0.0180081,0.256621,0.28657,0,0,-0.44948,0.00673143,-0.00424002,-1,-0.000674282,Idle,,nan,nan,nan,nan,0,0,0,0,0,-0.449391,0.00426131,0.193382,0.0813409,0.664321,0.397106,0.507447,0.228692,nan,nan,nan,nan,nan,nan,nan,nan
3.35902,0.454691,-0.018645,-0.426444,0.402761,0.0368134,-0.601169,-0.0219219,0.0931339,-0.102441,0.039695,0.168362,0.0371397,nan,nan,nan,nan,nan,nan,nan,nan,nan,nan,nan,nan,nan,nan,nan,-0.0180081,0.256621,0.28657,0,0,-0.44948,0.00673143,-0.00424002,-1,-0.000674282,Idle,,nan,nan,nan,nan,0,0,0,0,0,-0.44948,0.00947437,0.182665,0.0811037,0.652908,0.408222,0.503885,0.232906,nan,nan,nan,nan,nan,nan,nan,nan
3.37308,0.457358,-0.0195869,-0.431659,0.39467,0.0426339,-0.591711,-0.0217846,0.0945621,-0.102115,0.0149457,0.156869,0.0448954,nan,nan,nan,nan,nan,nan,nan,nan,nan,nan,nan,nan,nan,nan,nan,0.0132865,0.226268,0.283931,0,0,-0.448392,0.00673143,-0.00424002,-1,-0.000674282,Idle,,nan,nan,nan,nan,0,0,0,0,0,-0.448392,0.00819049,0.191512,0.0808298,0.65871,0.399696,0.508416,0.226747,nan,nan,nan,nan,nan,nan,nan,nan
3.38131,0.459961,-0.0204668,-0.436831,0.38632,0.0526771,-0.577767,-0.0220673,0.0961451,-0.101796,-0.0319831,0.173343,0.0440683,nan,nan,nan,nan,nan,nan,nan,nan,nan,nan,nan,nan,nan,nan,nan,0.0132865,0.226268,0.283931,0,0,-0.448392,0.00673143,-0.00424002,-1,-0.000674282,Idle,,nan,nan,nan,nan,0,0,0,0,0,-0.449548,0.0144783,0.185395,0.0807148,0.650979,0.409509,0.509808,0.227896,nan,nan,nan,nan,nan,nan,nan,nan
3.39191,0.462493,-0.0213037,-0.44192,0.377059,0.0544546,-0.572741,-0.0219016,0.0978992,-0.101516,0.0182169,0.192549,0.0401049,nan,nan,nan,nan,nan,nan,nan,nan,nan,nan,nan,nan,nan,nan,nan,-0.0274215,0.212028,0.28288,0,0,-0.451907,0.00673143,-0.00424002,-1,-0.000674282,Idle,,nan,nan,nan,nan,0,0,0,0,0,-0.451907,-0.00506946,0.190128,0.0805934,0.650979,0.409509,0.509808,0.227896,nan,nan,nan,nan,nan,nan,nan,nan
3.40011,0.464967,-0.0220866,-0.446962,0.369053,0.058674,-0.571519,-0.0214655,0.0990165,-0.101262,0.0484268,0.121749,0.0356043,nan,nan,nan,nan,nan,nan,nan,nan,nan,nan,nan,nan,nan,nan,nan,-0.0274215,0.212028,0.28288,0,0,-0.451907,0.00673143,-0.00424002,-1,-0.000674282,Idle,,nan,nan,nan,nan,0,0,0,0,0,-0.451805,0.00106301,0.199819,0.0804348,0.672641,0.3918,0.513052,0.229725,nan,nan,nan,nan,nan,nan,nan,nan
3.41058,0.467371,-0.0228014,-0.451934,0.35039,0.0518921,-0.564552,-0.0210585,0.100074,-0.10101,0.0448481,0.114547,0.034784,nan,nan,nan,nan,nan,nan,nan,nan,nan,nan,nan,nan,nan,nan,nan,-9.73834e-05,0.168356,0.279862,0,0,-0.4507,0.00673143,-0.00424002,-1,-0.000674282,Idle,,nan,nan,nan,nan,0,0,0,0,0,-0.451805,0.00106301,0.199819,0.0804348,0.672641,0.3918,0.513052,0.229725,nan,nan,nan,nan,nan,nan,nan,nan
3.41794,0.469203,-0.023852,-0.456618,0.336722,0.0493279,-0.557087,-0.0209594,0.100712,-0.100653,0.00951589,0.0686864,0.0458457,nan,nan,nan,nan,nan,nan,nan,nan,nan,nan,nan,nan,nan,nan,nan,-9.73834e-05,0.168356,0.279862,0,0,-0.4507,0.00673143,-0.00424002,-1,-0.000674282,Idle,,nan,nan,nan,nan,0,0,0,0,0,-0.451195,0.00983542,0.197571,0.0803238,0.663697,0.398442,0.516737,0.224182,nan,nan,nan,nan,nan,nan,nan,nan
3.43369,0.470971,-0.0248607,-0.461248,0.327905,0.0527164,-0.54832,-0.0211368,0.101441,-0.100235,-0.0212691,0.0770506,0.0540733,nan,nan,nan,nan,nan,nan,nan,nan,nan,nan,nan,nan,nan,nan,nan,0.00133263,0.151363,0.27786,0,0,-0.45232,0.00673143,-0.00424002,-1,-0.000674282,Idle,,nan,nan,nan,nan,0,0,0,0,0,-0.45232,0.0110399,0.201424,0.0799559,0.666758,0.397757,0.522235,0.222531,nan,nan,nan,nan,nan,nan,nan,nan
3.44131,0.472676,-0.0258069,-0.465838,0.319996,0.0696797,-0.539877,-0.0212649,0.102036,-0.0998035,-0.0160831,0.0622422,0.0552928,nan,nan,nan,nan,nan,nan,nan,nan,nan,nan,nan,nan,nan,nan,nan,0.00133263,0.151363,0.27786,0,0,-0.45232,0.00673143,-0.00424002,-1,-0.000674282,Idle,,nan,nan,nan,nan,0,0,0,0,0,-0.453455,0.0107454,0.19901,0.0795738,0.666011,0.400009,0.521836,0.225963,nan,nan,nan,nan,nan,nan,nan,nan
3.45097,0.476346,-0.0273961,-0.475625,0.291387,0.0609272,-0.533206,-0.0211769,0.102448,-0.0989347,0.0134724,0.010895,0.0589803,nan,nan,nan,nan,nan,nan,nan,nan,nan,nan,nan,nan,nan,nan,nan,-0.00740428,0.122089,0.274571,0,0,-0.452279,0.00673143,-0.00424002,-1,-0.000674282,Idle,,nan,nan,nan,nan,0,0,0,0,0,-0.453455,0.0107454,0.19901,0.0795738,0.666011,0.400009,0.521836,0.225963,nan,nan,nan,nan,nan,nan,nan,nan
3.46036,0.477829,-0.0281616,-0.480032,0.286139,0.0643399,-0.518089,-0.0214736,0.102318,-0.098427,-0.0362521,-0.0187243,0.0620029,nan,nan,nan,nan,nan,nan,nan,nan,nan,nan,nan,nan,nan,nan,nan,-0.00740428,0.122089,0.274571,0,0,-0.452279,0.00673143,-0.00424002,-1,-0.000674282,Idle,,nan,nan,nan,nan,0,0,0,0,0,-0.452043,0.019329,0.206089,0.0787172,0.66268,0.398804,0.532354,0.214335,nan,nan,nan,nan,nan,nan,nan,nan
3.475,0.479252,-0.028904,-0.484383,0.280328,0.0750255,-0.50838,-0.0219856,0.102663,-0.0978069,-0.0614252,0.0340701,0.0751609,nan,nan,nan,nan,nan,nan,nan,nan,nan,nan,nan,nan,nan,nan,nan,-0.00616597,0.128959,0.271538,0,0,-0.455083,0.00673143,-0.00424002,-1,-0.000674282,Idle,,nan,nan,nan,nan,0,0,0,0,0,-0.455083,0.0244019,0.19452,0.0782271,0.653461,0.413122,0.531292,0.222457,nan,nan,nan,nan,nan,nan,nan,nan
3.48151,0.48062,-0.0295719,-0.488691,0.267706,0.0797613,-0.503552,-0.0224384,0.102916,-0.0973064,-0.0535789,0.0241604,0.0615978,nan,nan,nan,nan,nan,nan,nan,nan,nan,nan,nan,nan,nan,nan,nan,-0.00616597,0.128959,0.271538,0,0,-0.455083,0.00673143,-0.00424002,-1,-0.000674282,Idle,,nan,nan,nan,nan,0,0,0,0,0,-0.456666,0.00538487,0.209814,0.0777449,0.678824,0.389961,0.530718,0.22716,nan,nan,nan,nan,nan,nan,nan,nan
3.49378,0.481898,-0.0301764,-0.492944,0.24951,0.0747819,-0.503509,-0.022647,0.102764,-0.0968006,-0.02654,-0.0209605,0.0610815,nan,nan,nan,nan,nan,nan,nan,nan,nan,nan,nan,nan,nan,nan,nan,-0.00756158,0.0893566,0.267392,0,0,-0.454959,0.00673143,-0.00424002,-1,-0.000674282,Idle,,nan,nan,nan,nan,0,0,0,0,0,-0.456577,0.012449,0.202871,0.0772757,0.668361,0.399308,0.531186,0.227453,nan,nan,nan,nan,nan,nan,nan,nan
3.50133,0.48308,-0.0307074,-0.497132,0.23641,0.0707717,-0.49682,-0.0227951,0.102398,-0.0962342,-0.0204533,-0.0447188,0.0668123,nan,nan,nan,nan,nan,nan,nan,nan,nan,nan,nan,nan,nan,nan,nan,-0.00756158,0.0893566,0.267392,0,0,-0.454959,0.00673143,-0.00424002,-1,-0.000674282,Idle,,nan,nan,nan,nan,0,0,0,0,0,-0.455448,0.0282636,0.196641,0.0767402,0.651109,0.413232,0.537373,0.220079,nan,nan,nan,nan,nan,nan,nan,nan
3.51472,0.484183,-0.0312198,-0.501257,0.225295,0.0722463,-0.486643,-0.0233619,0.102012,-0.0955774,-0.0686499,-0.0474829,0.077383,nan,nan,nan,nan,nan,nan,nan,nan,nan,nan,nan,nan,nan,nan,nan,0.0117595,0.0749413,0.264168,0,0,-0.457,0.00673143,-0.00424002,-1,-0.000674282,Idle,,nan,nan,nan,nan,0,0,0,0,0,-0.457,0.0205832,0.198384,0.0762358,0.65882,0.407616,0.535228,0.226336,nan,nan,nan,nan,nan,nan,nan,nan
3.52249,0.484714,-0.0320484,-0.505118,0.215467,0.0875324,-0.476562,-0.0241186,0.101946,-0.094906,-0.0896875,-0.0118149,0.0792659,nan,nan,nan,nan,nan,nan,nan,nan,nan,nan,nan,nan,nan,nan,nan,0.0117595,0.0749413,0.264168,0,0,-0.457,0.00673143,-0.00424002,-1,-0.000674282,Idle,,nan,nan,nan,nan,0,0,0,0,0,-0.458717,0.0186867,0.203001,0.0757862,0.664694,0.404278,0.539316,0.226581,nan,nan,nan,nan,nan,nan,nan,nan
3.53183,0.48556,-0.0335674,-0.5127,0.19455,0.0884259,-0.470216,-0.0252255,0.100988,-0.0937312,-0.0404216,-0.0625104,0.0718456,nan,nan,nan,nan,nan,nan,nan,nan,nan,nan,nan,nan,nan,nan,nan,-0.0195726,0.0684104,0.260091,0,0,-0.458802,0.00673143,-0.00424002,-1,-0.000674282,Idle,,nan,nan,nan,nan,0,0,0,0,0,-0.458717,0.0186867,0.203001,0.0757862,0.664694,0.404278,0.539316,0.226581,nan,nan,nan,nan,nan,nan,nan,nan
3.53662,0.485891,-0.034237,-0.516413,0.180303,0.0811117,-0.464358,-0.0255158,0.100154,-0.0930332,-0.0371756,-0.0980082,0.08094,nan,nan,nan,nan,nan,nan,nan,nan,nan,nan,nan,nan,nan,nan,nan,-0.0195726,0.0684104,0.260091,0,0,-0.458802,0.00673143,-0.00424002,-1,-0.000674282,Idle,,nan,nan,nan,nan,0,0,0,0,0,-0.458802,0.0191639,0.196221,0.0752465,0.659107,0.408954,0.535486,0.23166,nan,nan,nan,nan,nan,nan,nan,nan
3.55224,0.486155,-0.0348573,-0.520083,0.16804,0.0870068,-0.45637,-0.0260167,0.0995792,-0.0923234,-0.0612969,-0.0700955,0.0836894,nan,nan,nan,nan,nan,nan,nan,nan,nan,nan,nan,nan,nan,nan,nan,0.023719,0.0539113,0.255845,0,0,-0.458556,0.00673143,-0.00424002,-1,-0.000674282,Idle,,nan,nan,nan,nan,0,0,0,0,0,-0.458556,0.0212547,0.203017,0.0742428,0.661185,0.404379,0.542525,0.226137,nan,nan,nan,nan,nan,nan,nan,nan
3.56184,0.486571,-0.0353328,-0.524373,0.161842,0.0990546,-0.443717,-0.026488,0.0989855,-0.0916204,-0.0576574,-0.0717684,0.0822857,nan,nan,nan,nan,nan,nan,nan,nan,nan,nan,nan,nan,nan,nan,nan,0.023719,0.0539113,0.255845,0,0,-0.458556,0.00673143,-0.00424002,-1,-0.000674282,Idle,,nan,nan,nan,nan,0,0,0,0,0,-0.459619,0.0192518,0.203084,0.0736579,0.663127,0.403392,0.542802,0.229154,nan,nan,nan,nan,nan,nan,nan,nan
3.57614,0.486676,-0.035827,-0.527952,0.144234,0.10086,-0.445046,-0.0268051,0.098149,-0.0909503,-0.0401473,-0.0986683,0.0777716,nan,nan,nan,nan,nan,nan,nan,nan,nan,nan,nan,nan,nan,nan,nan,-0.0146805,0.0293519,0.250964,0,0,-0.460401,0.00673143,-0.00424002,-1,-0.000674282,Idle,,nan,nan,nan,nan,0,0,0,0,0,-0.46205,0.0107906,0.212414,0.0731054,0.677585,0.392691,0.546395,0.231528,nan,nan,nan,nan,nan,nan,nan,nan
3.5807,0.486704,-0.0362656,-0.53149,0.127102,0.0896246,-0.439389,-0.0269723,0.096946,-0.0902555,-0.0237361,-0.139524,0.0792928,nan,nan,nan,nan,nan,nan,nan,nan,nan,nan,nan,nan,nan,nan,nan,-0.0146805,0.0293519,0.250964,0,0,-0.460401,0.00673143,-0.00424002,-1,-0.000674282,Idle,,nan,nan,nan,nan,0,0,0,0,0,-0.460401,0.0149014,0.210009,0.0725671,0.670792,0.395111,0.546493,0.229209,nan,nan,nan,nan,nan,nan,nan,nan
3.59359,0.486669,-0.0366783,-0.534964,0.1193,0.091152,-0.433884,-0.0270294,0.0954291,-0.0895143,-0.0118599,-0.173646,0.0829302,nan,nan,nan,nan,nan,nan,nan,nan,nan,nan,nan,nan,nan,nan,nan,0.0276378,0.0219071,0.246489,0,0,-0.461291,0.00673143,-0.00424002,-1,-0.000674282,Idle,,nan,nan,nan,nan,0,0,0,0,0,-0.461291,0.0234444,0.201922,0.0719377,0.659293,0.407131,0.548336,0.230404,nan,nan,nan,nan,nan,nan,nan,nan
3.60126,0.486589,-0.0370299,-0.5384,0.114035,0.0981525,-0.421231,-0.0274162,0.0942594,-0.0886895,-0.04974,-0.136841,0.0940408,nan,nan,nan,nan,nan,nan,nan,nan,nan,nan,nan,nan,nan,nan,nan,0.0276378,0.0219071,0.246489,0,0,-0.461291,0.00673143,-0.00424002,-1,-0.000674282,Idle,,nan,nan,nan,nan,0,0,0,0,0,-0.463946,0.0148314,0.217373,0.0713485,0.678374,0.392181,0.556408,0.22882,nan,nan,nan,nan,nan,nan,nan,nan
3.61107,0.486441,-0.037368,-0.54178,0.10453,0.104403,-0.413455,-0.0279757,0.0930033,-0.087874,-0.0685985,-0.14566,0.0920174,nan,nan,nan,nan,nan,nan,nan,nan,nan,nan,nan,nan,nan,nan,nan,-0.00485158,0.0365114,0.242876,0,0,-0.465131,0.00673143,-0.00424002,-1,-0.000674282,Idle,,nan,nan,nan,nan,0,0,0,0,0,-0.463946,0.0148314,0.217373,0.0713485,0.678374,0.392181,0.556408,0.22882,nan,nan,nan,nan,nan,nan,nan,nan
3.61801,0.484836,-0.0386449,-0.54789,0.0789044,0.0982443,-0.405595,-0.028649,0.0902551,-0.0864793,-0.0227801,-0.177931,0.0754495,nan,nan,nan,nan,nan,nan,nan,nan,nan,nan,nan,nan,nan,nan,nan,-0.00485158,0.0365114,0.242876,0,0,-0.465131,0.00673143,-0.00424002,-1,-0.000674282,Idle,,nan,nan,nan,nan,0,0,0,0,0,-0.465131,0.0230548,0.21462,0.0708739,0.671323,0.400654,0.561935,0.226612,nan,nan,nan,nan,nan,nan,nan,nan
3.63069,0.483959,-0.0392085,-0.550875,0.0711286,0.100992,-0.400752,-0.0287417,0.0886031,-0.0857438,-0.014767,-0.189687,0.0822938,nan,nan,nan,nan,nan,nan,nan,nan,nan,nan,nan,nan,nan,nan,nan,0.0327858,0.0249976,0.237564,0,0,-0.465308,0.00673143,-0.00424002,-1,-0.000674282,Idle,,nan,nan,nan,nan,0,0,0,0,0,-0.465101,0.0202192,0.205437,0.0703886,0.666319,0.404626,0.553895,0.235562,nan,nan,nan,nan,nan,nan,nan,nan
3.63742,0.48303,-0.0397298,-0.55382,0.0613691,0.0990416,-0.38937,-0.0294275,0.0873739,-0.0850004,-0.08134,-0.14435,0.085205,nan,nan,nan,nan,nan,nan,nan,nan,nan,nan,nan,nan,nan,nan,nan,0.0327858,0.0249976,0.237564,0,0,-0.465308,0.00673143,-0.00424002,-1,-0.000674282,Idle,,nan,nan,nan,nan,0,0,0,0,0,-0.465308,0.0168448,0.213814,0.0700445,0.674493,0.39618,0.557981,0.232579,nan,nan,nan,nan,nan,nan,nan,nan
3.65451,0.482054,-0.0402066,-0.556726,0.0507436,0.108989,-0.38015,-0.0301571,0.0860249,-0.0843393,-0.0849639,-0.156633,0.0749888,nan,nan,nan,nan,nan,nan,nan,nan,nan,nan,nan,nan,nan,nan,nan,0.0400794,0.0287662,0.233761,0,0,-0.46809,0.00673143,-0.00424002,-1,-0.000674282,Idle,,nan,nan,nan,nan,0,0,0,0,0,-0.46809,0.0316934,0.212778,0.0694716,0.665469,0.409622,0.5711,0.226169,nan,nan,nan,nan,nan,nan,nan,nan
3.66085,0.481009,-0.0406296,-0.559594,0.0365979,0.110317,-0.378584,-0.0305418,0.0846858,-0.0837531,-0.0458302,-0.155273,0.0664924,nan,nan,nan,nan,nan,nan,nan,nan,nan,nan,nan,nan,nan,nan,nan,0.0400794,0.0287662,0.233761,0,0,-0.46809,0.00673143,-0.00424002,-1,-0.000674282,Idle,,nan,nan,nan,nan,0,0,0,0,0,-0.469784,0.0215533,0.217575,0.0693204,0.677573,0.400602,0.569164,0.231794,nan,nan,nan,nan,nan,nan,nan,nan
3.67082,0.479908,-0.0410338,-0.562425,0.0251213,0.104536,-0.378343,-0.0308842,0.0828674,-0.083145,-0.0412917,-0.208625,0.0670838,nan,nan,nan,nan,nan,nan,nan,nan,nan,nan,nan,nan,nan,nan,nan,0.0437011,0.00417576,0.229176,0,0,-0.468532,0.00673143,-0.00424002,-1,-0.000674282,Idle,,nan,nan,nan,nan,0,0,0,0,0,-0.469784,0.0215533,0.217575,0.0693204,0.677573,0.400602,0.569164,0.231794,nan,nan,nan,nan,nan,nan,nan,nan
3.68085,0.47879,-0.0412115,-0.565752,0.0130432,0.0988316,-0.367905,-0.0312232,0.0811176,-0.0825025,-0.0409436,-0.200038,0.0705817,nan,nan,nan,nan,nan,nan,nan,nan,nan,nan,nan,nan,nan,nan,nan,0.0437011,0.00417576,0.229176,0,0,-0.468532,0.00673143,-0.00424002,-1,-0.000674282,Idle,,nan,nan,nan,nan,0,0,0,0,0,-0.468532,0.033431,0.211465,0.0691662,0.663448,0.411916,0.572148,0.226616,nan,nan,nan,nan,nan,nan,nan,nan
3.69398,0.477578,-0.0415248,-0.568509,0.00532083,0.111426,-0.361717,-0.0320713,0.0794332,-0.0818352,-0.0985151,-0.194872,0.0740765,nan,nan,nan,nan,nan,nan,nan,nan,nan,nan,nan,nan,nan,nan,nan,0.0264353,0.00496304,0.226146,0,0,-0.471424,0.00673143,-0.00424002,-1,-0.000674282,Idle,,nan,nan,nan,nan,0,0,0,0,0,-0.471424,0.026259,0.225387,0.069148,0.681238,0.399875,0.579825,0.224761,nan,nan,nan,nan,nan,nan,nan,nan
3.69864,0.474975,-0.0420094,-0.573949,-0.0150722,0.110512,-0.359729,-0.0331079,0.0761341,-0.0807198,-0.0407233,-0.189176,0.057172,nan,nan,nan,nan,nan,nan,nan,nan,nan,nan,nan,nan,nan,nan,nan,0.0264353,0.00496304,0.226146,0,0,-0.471424,0.00673143,-0.00424002,-1,-0.000674282,Idle,,nan,nan,nan,nan,0,0,0,0,0,-0.471424,0.026259,0.225387,0.069148,0.681238,0.399875,0.579825,0.224761,nan,nan,nan,nan,nan,nan,nan,nan
3.71155,0.473046,-0.0425808,-0.576318,-0.0298545,0.103313,-0.356168,-0.0332358,0.0740517,-0.080153,-0.0167884,-0.237624,0.0603028,nan,nan,nan,nan,nan,nan,nan,nan,nan,nan,nan,nan,nan,nan,nan,0.0445146,0.00766119,0.222072,0,0,-0.470487,0.00673143,-0.00424002,-1,-0.000674282,Idle,,nan,nan,nan,nan,0,0,0,0,0,-0.471736,0.023803,0.214658,0.0691254,0.675676,0.406014,0.570839,0.234414,nan,nan,nan,nan,nan,nan,nan,nan
3.72068,0.47107,-0.0431254,-0.578662,-0.0372054,0.106536,-0.348385,-0.0333607,0.0720332,-0.0795766,-0.0154955,-0.230618,0.0622017,nan,nan,nan,nan,nan,nan,nan,nan,nan,nan,nan,nan,nan,nan,nan,0.0445146,0.00766119,0.222072,0,0,-0.470487,0.00673143,-0.00424002,-1,-0.000674282,Idle,,nan,nan,nan,nan,0,0,0,0,0,-0.470649,0.0239541,0.223615,0.0690579,0.680749,0.398633,0.576257,0.226957,nan,nan,nan,nan,nan,nan,nan,nan
3.73466,0.469057,-0.0436155,-0.580999,-0.0387899,0.116903,-0.339529,-0.0337632,0.0701749,-0.0789159,-0.0473416,-0.215349,0.072639,nan,nan,nan,nan,nan,nan,nan,nan,nan,nan,nan,nan,nan,nan,nan,0.060698,0.00344261,0.218603,0,0,-0.472207,0.00673143,-0.00424002,-1,-0.000674282,Idle,,nan,nan,nan,nan,0,0,0,0,0,-0.472207,0.0307967,0.215831,0.0689989,0.671905,0.410475,0.57721,0.229238,nan,nan,nan,nan,nan,nan,nan,nan
3.74302,0.467008,-0.0440785,-0.583317,-0.0469923,0.119646,-0.334769,-0.034032,0.0685991,-0.0783472,-0.0314385,-0.18235,0.0628736,nan,nan,nan,nan,nan,nan,nan,nan,nan,nan,nan,nan,nan,nan,nan,0.060698,0.00344261,0.218603,0,0,-0.472207,0.00673143,-0.00424002,-1,-0.000674282,Idle,,nan,nan,nan,nan,0,0,0,0,0,-0.474236,0.0184916,0.222433,0.0689436,0.687249,0.399079,0.575259,0.235359,nan,nan,nan,nan,nan,nan,nan,nan
3.75398,0.464902,-0.0444765,-0.58563,-0.0585898,0.11656,-0.33873,-0.0339925,0.0668401,-0.0778206,0.00324476,-0.20252,0.0573401,nan,nan,nan,nan,nan,nan,nan,nan,nan,nan,nan,nan,nan,nan,nan,0.0439109,0.011989,0.214829,0,0,-0.47316,0.00673143,-0.00424002,-1,-0.000674282,Idle,,nan,nan,nan,nan,0,0,0,0,0,-0.474918,0.0140416,0.226769,0.0688811,0.69408,0.393486,0.57592,0.236186,nan,nan,nan,nan,nan,nan,nan,nan
3.76076,0.46275,-0.044834,-0.587938,-0.0710155,0.108415,-0.337908,-0.0337725,0.0647775,-0.0773195,0.0235926,-0.236097,0.0532324,nan,nan,nan,nan,nan,nan,nan,nan,nan,nan,nan,nan,nan,nan,nan,0.0439109,0.011989,0.214829,0,0,-0.47316,0.00673143,-0.00424002,-1,-0.000674282,Idle,,nan,nan,nan,nan,0,0,0,0,0,-0.47266,0.0307208,0.213364,0.0688917,0.67056,0.412512,0.575973,0.231596,nan,nan,nan,nan,nan,nan,nan,nan
3.77308,0.460546,-0.0451509,-0.590235,-0.0813948,0.112824,-0.334049,-0.0336932,0.0629111,-0.0767641,0.00755019,-0.213284,0.0595754,nan,nan,nan,nan,nan,nan,nan,nan,nan,nan,nan,nan,nan,nan,nan,0.0593233,-0.00269257,0.212025,0,0,-0.473104,0.00673143,-0.00424002,-1,-0.000674282,Idle,,nan,nan,nan,nan,0,0,0,0,0,-0.473104,0.0243838,0.215858,0.0689789,0.677336,0.406799,0.573611,0.234672,nan,nan,nan,nan,nan,nan,nan,nan
3.78049,0.458183,-0.0453394,-0.592885,-0.0942491,0.111271,-0.32934,-0.0341455,0.0612098,-0.0762046,-0.0518478,-0.196975,0.0611115,nan,nan,nan,nan,nan,nan,nan,nan,nan,nan,nan,nan,nan,nan,nan,0.0593233,-0.00269257,0.212025,0,0,-0.473104,0.00673143,-0.00424002,-1,-0.000674282,Idle,,nan,nan,nan,nan,0,0,0,0,0,-0.473602,0.0273703,0.215467,0.0690388,0.675505,0.409744,0.575884,0.233274,nan,nan,nan,nan,nan,nan,nan,nan
3.79228,0.453466,-0.045931,-0.597538,-0.114779,0.10176,-0.332014,-0.0345104,0.0578608,-0.0753718,-0.005537,-0.210263,0.0411242,nan,nan,nan,nan,nan,nan,nan,nan,nan,nan,nan,nan,nan,nan,nan,0.0635026,-0.00884319,0.208686,0,0,-0.472319,0.00673143,-0.00424002,-1,-0.000674282,Idle,,nan,nan,nan,nan,0,0,0,0,0,-0.473602,0.0273703,0.215467,0.0690388,0.675505,0.409744,0.575884,0.233274,nan,nan,nan,nan,nan,nan,nan,nan
3.80514,0.451059,-0.0461803,-0.599831,-0.122779,0.099679,-0.33026,-0.0345164,0.0559206,-0.0748417,-0.00156057,-0.222173,0.0560214,nan,nan,nan,nan,nan,nan,nan,nan,nan,nan,nan,nan,nan,nan,nan,0.0635026,-0.00884319,0.208686,0,0,-0.472319,0.00673143,-0.00424002,-1,-0.000674282,Idle,,nan,nan,nan,nan,0,0,0,0,0,-0.471677,0.0272396,0.21595,0.0692299,0.674205,0.407576,0.574019,0.230908,nan,nan,nan,nan,nan,nan,nan,nan
3.81069,0.448101,-0.0467827,-0.601766,-0.126918,0.103807,-0.322755,-0.0349226,0.0543362,-0.0743566,-0.0455754,-0.181363,0.0519225,nan,nan,nan,nan,nan,nan,nan,nan,nan,nan,nan,nan,nan,nan,nan,0.100676,-0.00888455,0.20589,0,0,-0.471602,0.00673143,-0.00424002,-1,-0.000674282,Idle,,nan,nan,nan,nan,0,0,0,0,0,-0.471677,0.0272396,0.21595,0.0692299,0.674205,0.407576,0.574019,0.230908,nan,nan,nan,nan,nan,nan,nan,nan
3.8204,0.44511,-0.0473769,-0.603693,-0.134572,0.110045,-0.318463,-0.0353292,0.0527285,-0.0739238,-0.0448113,-0.18692,0.0469235,nan,nan,nan,nan,nan,nan,nan,nan,nan,nan,nan,nan,nan,nan,nan,0.100676,-0.00888455,0.20589,0,0,-0.471602,0.00673143,-0.00424002,-1,-0.000674282,Idle,,nan,nan,nan,nan,0,0,0,0,0,-0.473226,0.028282,0.216006,0.0694967,0.675323,0.41009,0.576076,0.231415,nan,nan,nan,nan,nan,nan,nan,nan
3.83075,0.442085,-0.0479086,-0.605625,-0.145506,0.111028,-0.317796,-0.0355125,0.0512068,-0.0735624,-0.0193131,-0.175983,0.0388439,nan,nan,nan,nan,nan,nan,nan,nan,nan,nan,nan,nan,nan,nan,nan,0.0663477,0.0022921,0.203881,0,0,-0.473933,0.00673143,-0.00424002,-1,-0.000674282,Idle,,nan,nan,nan,nan,0,0,0,0,0,-0.473226,0.028282,0.216006,0.0694967,0.675323,0.41009,0.576076,0.231415,nan,nan,nan,nan,nan,nan,nan,nan
3.83992,0.439027,-0.0483886,-0.607558,-0.157492,0.0992149,-0.31978,-0.0353537,0.0492845,-0.0732061,0.0188335,-0.22046,0.0365466,nan,nan,nan,nan,nan,nan,nan,nan,nan,nan,nan,nan,nan,nan,nan,0.0663477,0.0022921,0.203881,0,0,-0.473933,0.00673143,-0.00424002,-1,-0.000674282,Idle,,nan,nan,nan,nan,0,0,0,0,0,-0.47359,0.0223199,0.219064,0.0699009,0.68247,0.40448,0.573982,0.233429,nan,nan,nan,nan,nan,nan,nan,nan
3.8503,0.435932,-0.0488259,-0.609491,-0.165634,0.101953,-0.319162,-0.0352433,0.0474025,-0.072816,0.0132657,-0.215976,0.0403323,nan,nan,nan,nan,nan,nan,nan,nan,nan,nan,nan,nan,nan,nan,nan,0.093303,-0.0197801,0.201302,0,0,-0.472213,0.00673143,-0.00424002,-1,-0.000674282,Idle,,nan,nan,nan,nan,0,0,0,0,0,-0.47359,0.0223199,0.219064,0.0699009,0.68247,0.40448,0.573982,0.233429,nan,nan,nan,nan,nan,nan,nan,nan
3.85712,0.432809,-0.0492098,-0.611444,-0.166828,0.111237,-0.312274,-0.03533,0.0458036,-0.0724953,-0.00825074,-0.18316,0.0333956,nan,nan,nan,nan,nan,nan,nan,nan,nan,nan,nan,nan,nan,nan,nan,0.093303,-0.0197801,0.201302,0,0,-0.472213,0.00673143,-0.00424002,-1,-0.000674282,Idle,,nan,nan,nan,nan,0,0,0,0,0,-0.472493,0.0298151,0.20826,0.0701759,0.668707,0.416597,0.570274,0.234392,nan,nan,nan,nan,nan,nan,nan,nan
3.87386,0.429659,-0.049576,-0.613388,-0.171409,0.116885,-0.30417,-0.0353209,0.0442938,-0.0722323,0.00267524,-0.174789,0.0275008,nan,nan,nan,nan,nan,nan,nan,nan,nan,nan,nan,nan,nan,nan,nan,0.0465821,0.00694677,0.200098,0,0,-0.475484,0.00673143,-0.00424002,-1,-0.000674282,Idle,,nan,nan,nan,nan,0,0,0,0,0,-0.475484,0.0151631,0.214102,0.0710018,0.687016,0.405923,0.566207,0.242791,nan,nan,nan,nan,nan,nan,nan,nan
3.87829,0.423049,-0.0499707,-0.617725,-0.191849,0.10689,-0.310824,-0.0341933,0.0409378,-0.0717861,0.0802763,-0.206144,0.0236624,nan,nan,nan,nan,nan,nan,nan,nan,nan,nan,nan,nan,nan,nan,nan,0.0465821,0.00694677,0.200098,0,0,-0.475484,0.00673143,-0.00424002,-1,-0.000674282,Idle,,nan,nan,nan,nan,0,0,0,0,0,-0.475484,0.0151631,0.214102,0.0710018,0.687016,0.405923,0.566207,0.242791,nan,nan,nan,nan,nan,nan,nan,nan
3.89125,0.419829,-0.0502141,-0.619675,-0.19253,0.1115,-0.302199,-0.0338152,0.0392752,-0.0715217,0.0437284,-0.190546,0.0267256,nan,nan,nan,nan,nan,nan,nan,nan,nan,nan,nan,nan,nan,nan,nan,0.084055,-0.010779,0.198074,0,0,-0.472508,0.00673143,-0.00424002,-1,-0.000674282,Idle,,nan,nan,nan,nan,0,0,0,0,0,-0.474181,0.011739,0.218691,0.0714172,0.691795,0.399369,0.565312,0.24025,nan,nan,nan,nan,nan,nan,nan,nan
3.9005,0.416598,-0.0504325,-0.621628,-0.196948,0.116979,-0.297298,-0.0333446,0.0381169,-0.0712736,0.0537859,-0.133534,0.0265635,nan,nan,nan,nan,nan,nan,nan,nan,nan,nan,nan,nan,nan,nan,nan,0.084055,-0.010779,0.198074,0,0,-0.472508,0.00673143,-0.00424002,-1,-0.000674282,Idle,,nan,nan,nan,nan,0,0,0,0,0,-0.47445,0.0157049,0.212341,0.0722538,0.685605,0.407769,0.563061,0.241366,nan,nan,nan,nan,nan,nan,nan,nan
3.91399,0.412807,-0.0510019,-0.623188,-0.20711,0.116968,-0.2981,-0.0327864,0.0368449,-0.0711727,0.064725,-0.146964,0.00988884,nan,nan,nan,nan,nan,nan,nan,nan,nan,nan,nan,nan,nan,nan,nan,0.0488472,0.00961107,0.197455,0,0,-0.475348,0.00673143,-0.00424002,-1,-0.000674282,Idle,,nan,nan,nan,nan,0,0,0,0,0,-0.475348,0.00752121,0.218234,0.0727708,0.696973,0.39923,0.561819,0.243369,nan,nan,nan,nan,nan,nan,nan,nan
3.92081,0.408996,-0.0515415,-0.624752,-0.212412,0.108779,-0.300709,-0.0319596,0.035456,-0.0711307,0.0954529,-0.160235,0.00300193,nan,nan,nan,nan,nan,nan,nan,nan,nan,nan,nan,nan,nan,nan,nan,0.0488472,0.00961107,0.197455,0,0,-0.475348,0.00673143,-0.00424002,-1,-0.000674282,Idle,,nan,nan,nan,nan,0,0,0,0,0,-0.474718,0.0130966,0.213704,0.0733382,0.689765,0.406314,0.561363,0.241431,nan,nan,nan,nan,nan,nan,nan,nan
3.93368,0.405162,-0.0520378,-0.626317,-0.221493,0.107758,-0.296391,-0.0311211,0.0340475,-0.0709847,0.0962624,-0.162627,0.0144756,nan,nan,nan,nan,nan,nan,nan,nan,nan,nan,nan,nan,nan,nan,nan,0.0780449,-0.0150986,0.196443,0,0,-0.474403,0.00673143,-0.00424002,-1,-0.000674282,Idle,,nan,nan,nan,nan,0,0,0,0,0,-0.473646,0.0257223,0.208741,0.0738396,0.676757,0.41818,0.565211,0.234436,nan,nan,nan,nan,nan,nan,nan,nan
3.94034,0.401319,-0.0524804,-0.6279,-0.226097,0.113449,-0.292011,-0.0308005,0.0329902,-0.0708541,0.0386161,-0.123362,0.0139182,nan,nan,nan,nan,nan,nan,nan,nan,nan,nan,nan,nan,nan,nan,nan,0.0780449,-0.0150986,0.196443,0,0,-0.474403,0.00673143,-0.00424002,-1,-0.000674282,Idle,,nan,nan,nan,nan,0,0,0,0,0,-0.47526,0.0114989,0.207102,0.0744342,0.687864,0.41149,0.555014,0.246673,nan,nan,nan,nan,nan,nan,nan,nan
3.95452,0.397456,-0.0529082,-0.629492,-0.231304,0.118761,-0.288004,-0.0304816,0.0320522,-0.0708003,0.0384545,-0.109148,0.00565221,nan,nan,nan,nan,nan,nan,nan,nan,nan,nan,nan,nan,nan,nan,nan,0.0405085,-0.0118036,0.196066,0,0,-0.476009,0.00673143,-0.00424002,-1,-0.000674282,Idle,,nan,nan,nan,nan,0,0,0,0,0,-0.476009,0.0142643,0.209479,0.0749837,0.688886,0.413063,0.558848,0.243237,nan,nan,nan,nan,nan,nan,nan,nan
3.9635,0.393591,-0.0532851,-0.631098,-0.236806,0.116513,-0.29183,-0.0300449,0.0309656,-0.0707906,0.0521262,-0.126639,0.000176251,nan,nan,nan,nan,nan,nan,nan,nan,nan,nan,nan,nan,nan,nan,nan,0.0405085,-0.0118036,0.196066,0,0,-0.476009,0.00673143,-0.00424002,-1,-0.000674282,Idle,,nan,nan,nan,nan,0,0,0,0,0,-0.474625,0.0198083,0.204862,0.0754001,0.680734,0.419281,0.557706,0.240779,nan,nan,nan,nan,nan,nan,nan,nan
3.97187,0.38586,-0.0539037,-0.634307,-0.255466,0.103808,-0.289154,-0.0291299,0.02847,-0.0706138,0.0342567,-0.148186,0.0112647,nan,nan,nan,nan,nan,nan,nan,nan,nan,nan,nan,nan,nan,nan,nan,0.0870443,-0.0300593,0.195403,0,0,-0.474268,0.00673143,-0.00424002,-1,-0.000674282,Idle,,nan,nan,nan,nan,0,0,0,0,0,-0.474625,0.0198083,0.204862,0.0754001,0.680734,0.419281,0.557706,0.240779,nan,nan,nan,nan,nan,nan,nan,nan
3.97782,0.381986,-0.0541575,-0.635924,-0.255776,0.116914,-0.283407,-0.0289659,0.0275057,-0.0705363,0.0210928,-0.112254,0.00786997,nan,nan,nan,nan,nan,nan,nan,nan,nan,nan,nan,nan,nan,nan,nan,0.0870443,-0.0300593,0.195403,0,0,-0.474268,0.00673143,-0.00424002,-1,-0.000674282,Idle,,nan,nan,nan,nan,0,0,0,0,0,-0.474268,0.0191544,0.212049,0.0758715,0.686393,0.41385,0.561495,0.235333,nan,nan,nan,nan,nan,nan,nan,nan
3.9938,0.378104,-0.0543793,-0.637554,-0.261667,0.118818,-0.280072,-0.0288112,0.0263719,-0.0704694,0.0199309,-0.130319,0.00599615,nan,nan,nan,nan,nan,nan,nan,nan,nan,nan,nan,nan,nan,nan,nan,0.0398114,-0.0182534,0.195104,0,0,-0.475806,0.00673143,-0.00424002,-1,-0.000674282,Idle,,nan,nan,nan,nan,0,0,0,0,0,-0.475806,0.0182209,0.210447,0.0766849,0.688271,0.416675,0.560427,0.237851,nan,nan,nan,nan,nan,nan,nan,nan
4.00089,0.373814,-0.0544427,-0.639618,-0.270698,0.105182,-0.285494,-0.0286054,0.0249624,-0.0704186,0.0258399,-0.162337,0.00326484,nan,nan,nan,nan,nan,nan,nan,nan,nan,nan,nan,nan,nan,nan,nan,0.0398114,-0.0182534,0.195104,0,0,-0.475806,0.00673143,-0.00424002,-1,-0.000674282,Idle,,nan,nan,nan,nan,0,0,0,0,0,-0.476337,0.0134759,0.218089,0.07702,0.697896,0.408781,0.562669,0.236001,nan,nan,nan,nan,nan,nan,nan,nan
4.01464,0.36992,-0.0545861,-0.641244,-0.274223,0.103736,-0.28117,-0.0280981,0.0234314,-0.0703054,0.0590394,-0.17507,0.00974151,nan,nan,nan,nan,nan,nan,nan,nan,nan,nan,nan,nan,nan,nan,nan,0.0824914,-0.0278925,0.194281,0,0,-0.475151,0.00673143,-0.00424002,-1,-0.000674282,Idle,,nan,nan,nan,nan,0,0,0,0,0,-0.474345,0.0259022,0.210566,0.0772725,0.682051,0.421149,0.563896,0.230286,nan,nan,nan,nan,nan,nan,nan,nan
4.02075,0.365475,-0.0550924,-0.642482,-0.277711,0.12187,-0.276014,-0.0280507,0.0218653,-0.070069,0.00744497,-0.179253,0.023266,nan,nan,nan,nan,nan,nan,nan,nan,nan,nan,nan,nan,nan,nan,nan,0.0824914,-0.0278925,0.194281,0,0,-0.475151,0.00673143,-0.00424002,-1,-0.000674282,Idle,,nan,nan,nan,nan,0,0,0,0,0,-0.475151,0.0205709,0.215324,0.0774149,0.690132,0.414963,0.564151,0.231357,nan,nan,nan,nan,nan,nan,nan,nan
4.0328,0.361024,-0.0555445,-0.64374,-0.284436,0.11967,-0.274563,-0.0280798,0.0206351,-0.069926,5.00184e-05,-0.142731,0.0134185,nan,nan,nan,nan,nan,nan,nan,nan,nan,nan,nan,nan,nan,nan,nan,0.0361807,-0.0306464,0.193257,0,0,-0.47647,0.00673143,-0.00424002,-1,-0.000674282,Idle,,nan,nan,nan,nan,0,0,0,0,0,-0.47647,0.0192129,0.219208,0.0775105,0.695254,0.41267,0.567159,0.230796,nan,nan,nan,nan,nan,nan,nan,nan
4.04044,0.356577,-0.0559641,-0.645015,-0.29034,0.112412,-0.280092,-0.0279348,0.0190781,-0.0697807,0.0192743,-0.178085,0.0124988,nan,nan,nan,nan,nan,nan,nan,nan,nan,nan,nan,nan,nan,nan,nan,0.0361807,-0.0306464,0.193257,0,0,-0.47647,0.00673143,-0.00424002,-1,-0.000674282,Idle,,nan,nan,nan,nan,0,0,0,0,0,-0.474706,0.0235391,0.215006,0.0775635,0.687512,0.41699,0.565432,0.228889,nan,nan,nan,nan,nan,nan,nan,nan
4.05072,0.352134,-0.056313,-0.646307,-0.294961,0.11287,-0.281104,-0.0273592,0.0172362,-0.0695928,0.0675395,-0.211819,0.0164661,nan,nan,nan,nan,nan,nan,nan,nan,nan,nan,nan,nan,nan,nan,nan,0.0599679,-0.0317466,0.192262,0,0,-0.474181,0.00673143,-0.00424002,-1,-0.000674282,Idle,,nan,nan,nan,nan,0,0,0,0,0,-0.474706,0.0235391,0.215006,0.0775635,0.687512,0.41699,0.565432,0.228889,nan,nan,nan,nan,nan,nan,nan,nan
4.05797,0.343275,-0.0569226,-0.648931,-0.297373,0.12448,-0.265463,-0.0273606,0.0141601,-0.069149,-0.0101792,-0.165622,0.0168768,nan,nan,nan,nan,nan,nan,nan,nan,nan,nan,nan,nan,nan,nan,nan,0.0599679,-0.0317466,0.192262,0,0,-0.474181,0.00673143,-0.00424002,-1,-0.000674282,Idle,,nan,nan,nan,nan,0,0,0,0,0,-0.474181,0.0178651,0.21893,0.0776072,0.693819,0.409721,0.563626,0.229559,nan,nan,nan,nan,nan,nan,nan,nan
4.07058,0.338853,-0.0571764,-0.650251,-0.30265,0.124937,-0.267431,-0.0273423,0.0127663,-0.0690103,0.00508343,-0.160333,0.0120273,nan,nan,nan,nan,nan,nan,nan,nan,nan,nan,nan,nan,nan,nan,nan,0.0259475,-0.0102903,0.191195,0,0,-0.477886,0.00673143,-0.00424002,-1,-0.000674282,Idle,,nan,nan,nan,nan,0,0,0,0,0,-0.476157,0.0238933,0.223203,0.077601,0.694547,0.412933,0.572889,0.22426,nan,nan,nan,nan,nan,nan,nan,nan
4.08004,0.334443,-0.0573765,-0.651588,-0.307301,0.113557,-0.270241,-0.0270649,0.0110381,-0.0688307,0.033651,-0.196515,0.0154014,nan,nan,nan,nan,nan,nan,nan,nan,nan,nan,nan,nan,nan,nan,nan,0.0259475,-0.0102903,0.191195,0,0,-0.477886,0.00673143,-0.00424002,-1,-0.000674282,Idle,,nan,nan,nan,nan,0,0,0,0,0,-0.477886,0.0252994,0.215686,0.0776066,0.689971,0.420978,0.570292,0.230303,nan,nan,nan,nan,nan,nan,nan,nan
4.09354,0.330025,-0.0575544,-0.652931,-0.31545,0.112012,-0.267568,-0.0269986,0.00937353,-0.0686103,0.0103003,-0.191483,0.0202819,nan,nan,nan,nan,nan,nan,nan,nan,nan,nan,nan,nan,nan,nan,nan,0.0681639,-0.0139504,0.190044,0,0,-0.476018,0.00673143,-0.00424002,-1,-0.000674282,Idle,,nan,nan,nan,nan,0,0,0,0,0,-0.476018,0.0341161,0.219326,0.0777933,0.684629,0.422957,0.577046,0.21944,nan,nan,nan,nan,nan,nan,nan,nan
4.10045,0.325617,-0.0576804,-0.654311,-0.314802,0.122631,-0.263375,-0.0273283,0.00803875,-0.0684259,-0.0338795,-0.153526,0.0170397,nan,nan,nan,nan,nan,nan,nan,nan,nan,nan,nan,nan,nan,nan,nan,0.0681639,-0.0139504,0.190044,0,0,-0.476018,0.00673143,-0.00424002,-1,-0.000674282,Idle,,nan,nan,nan,nan,0,0,0,0,0,-0.476452,0.0258715,0.221103,0.0779196,0.692276,0.41643,0.572779,0.224322,nan,nan,nan,nan,nan,nan,nan,nan
4.11077,0.321218,-0.0577775,-0.65572,-0.315643,0.124072,-0.263978,-0.0274314,0.00654825,-0.0683588,-0.00860575,-0.170351,0.0033943,nan,nan,nan,nan,nan,nan,nan,nan,nan,nan,nan,nan,nan,nan,nan,0.0375854,-0.00668645,0.188965,0,0,-0.476918,0.00673143,-0.00424002,-1,-0.000674282,Idle,,nan,nan,nan,nan,0,0,0,0,0,-0.476452,0.0258715,0.221103,0.0779196,0.692276,0.41643,0.572779,0.224322,nan,nan,nan,nan,nan,nan,nan,nan
4.11991,0.31635,-0.058213,-0.65672,-0.32218,0.114753,-0.267152,-0.0274099,0.00496927,-0.0682871,0.00518724,-0.180076,0.00355535,nan,nan,nan,nan,nan,nan,nan,nan,nan,nan,nan,nan,nan,nan,nan,0.0375854,-0.00668645,0.188965,0,0,-0.476918,0.00673143,-0.00424002,-1,-0.000674282,Idle,,nan,nan,nan,nan,0,0,0,0,0,-0.475849,0.038171,0.218139,0.0783188,0.681279,0.427019,0.57838,0.216717,nan,nan,nan,nan,nan,nan,nan,nan
4.13397,0.31102,-0.0583852,-0.658128,-0.327075,0.111424,-0.264064,-0.0275245,0.0031595,-0.0681054,-0.00922401,-0.206086,0.0141644,nan,nan,nan,nan,nan,nan,nan,nan,nan,nan,nan,nan,nan,nan,nan,0.0701056,-0.012697,0.188649,0,0,-0.475849,0.00673143,-0.00424002,-1,-0.000674282,Idle,,nan,nan,nan,nan,0,0,0,0,0,-0.475849,0.0233896,0.226701,0.0786003,0.698067,0.410794,0.573698,0.220836,nan,nan,nan,nan,nan,nan,nan,nan
4.13851,0.301373,-0.0590172,-0.660227,-0.33205,0.122915,-0.261124,-0.0281313,0.000362159,-0.0678672,-0.026781,-0.160529,0.00501464,nan,nan,nan,nan,nan,nan,nan,nan,nan,nan,nan,nan,nan,nan,nan,0.0701056,-0.012697,0.188649,0,0,-0.475849,0.00673143,-0.00424002,-1,-0.000674282,Idle,,nan,nan,nan,nan,0,0,0,0,0,-0.475849,0.0233896,0.226701,0.0786003,0.698067,0.410794,0.573698,0.220836,nan,nan,nan,nan,nan,nan,nan,nan
4.15162,0.296593,-0.0592505,-0.661314,-0.341012,0.112466,-0.265407,-0.0281677,-0.00128744,-0.0678378,-0.000738262,-0.188464,-0.00256181,nan,nan,nan,nan,nan,nan,nan,nan,nan,nan,nan,nan,nan,nan,nan,0.0486063,-0.0123085,0.187891,0,0,-0.47684,0.00673143,-0.00424002,-1,-0.000674282,Idle,,nan,nan,nan,nan,0,0,0,0,0,-0.477892,0.0251095,0.221633,0.078852,0.695561,0.417889,0.573122,0.224994,nan,nan,nan,nan,nan,nan,nan,nan
4.1606,0.291806,-0.0594519,-0.662412,-0.346884,0.114187,-0.26506,-0.027883,-0.00297866,-0.0677373,0.0349658,-0.193195,0.00516581,nan,nan,nan,nan,nan,nan,nan,nan,nan,nan,nan,nan,nan,nan,nan,0.0486063,-0.0123085,0.187891,0,0,-0.47684,0.00673143,-0.00424002,-1,-0.000674282,Idle,,nan,nan,nan,nan,0,0,0,0,0,-0.475478,0.0221584,0.223665,0.0794011,0.697221,0.412501,0.569511,0.222681,nan,nan,nan,nan,nan,nan,nan,nan
4.17514,0.287044,-0.0596024,-0.663562,-0.342062,0.128004,-0.259986,-0.0280525,-0.00459322,-0.067616,-0.0155867,-0.18367,0.00763934,nan,nan,nan,nan,nan,nan,nan,nan,nan,nan,nan,nan,nan,nan,nan,0.0749394,-0.0315776,0.187018,0,0,-0.475389,0.00673143,-0.00424002,-1,-0.000674282,Idle,,nan,nan,nan,nan,0,0,0,0,0,-0.475389,0.0265149,0.215935,0.0797579,0.688942,0.421315,0.566682,0.224618,nan,nan,nan,nan,nan,nan,nan,nan
4.1812,0.282299,-0.0597222,-0.664745,-0.346,0.127918,-0.256929,-0.0280246,-0.0056691,-0.0675825,0.0062456,-0.124919,-0.000491256,nan,nan,nan,nan,nan,nan,nan,nan,nan,nan,nan,nan,nan,nan,nan,0.0749394,-0.0315776,0.187018,0,0,-0.475389,0.00673143,-0.00424002,-1,-0.000674282,Idle,,nan,nan,nan,nan,0,0,0,0,0,-0.476572,0.00818018,0.214035,0.0800642,0.702052,0.411183,0.553251,0.239802,nan,nan,nan,nan,nan,nan,nan,nan
4.19401,0.277591,-0.0598164,-0.665946,-0.345466,0.124017,-0.262562,-0.0275798,-0.00702425,-0.0675891,0.0525365,-0.155127,-0.00583826,nan,nan,nan,nan,nan,nan,nan,nan,nan,nan,nan,nan,nan,nan,nan,0.0499998,-0.00442174,0.18702,0,0,-0.475398,0.00673143,-0.00424002,-1,-0.000674282,Idle,,nan,nan,nan,nan,0,0,0,0,0,-0.477155,0.00781461,0.218598,0.0803804,0.706435,0.408597,0.556484,0.237102,nan,nan,nan,nan,nan,nan,nan,nan
4.20164,0.27291,-0.0598368,-0.667166,-0.349594,0.122537,-0.264788,-0.0270121,-0.00847536,-0.0675504,0.0661899,-0.165824,-0.00105991,nan,nan,nan,nan,nan,nan,nan,nan,nan,nan,nan,nan,nan,nan,nan,0.0499998,-0.00442174,0.18702,0,0,-0.475398,0.00673143,-0.00424002,-1,-0.000674282,Idle,,nan,nan,nan,nan,0,0,0,0,0,-0.474572,0.0189109,0.212308,0.0807494,0.691928,0.418677,0.556935,0.230748,nan,nan,nan,nan,nan,nan,nan,nan
4.21286,0.268223,-0.0598307,-0.668404,-0.350261,0.122713,-0.258394,-0.0267369,-0.00974954,-0.0674794,0.0335522,-0.146102,0.00308131,nan,nan,nan,nan,nan,nan,nan,nan,nan,nan,nan,nan,nan,nan,nan,0.0531625,-0.00539309,0.187305,0,0,-0.476021,0.00673143,-0.00424002,-1,-0.000674282,Idle,,nan,nan,nan,nan,0,0,0,0,0,-0.476021,0.0126985,0.220425,0.0811271,0.703887,0.410371,0.559349,0.230477,nan,nan,nan,nan,nan,nan,nan,nan
4.22009,0.263111,-0.0601864,-0.669273,-0.351862,0.134409,-0.251771,-0.0266665,-0.0107044,-0.0675621,0.0104295,-0.109384,-0.0130169,nan,nan,nan,nan,nan,nan,nan,nan,nan,nan,nan,nan,nan,nan,nan,0.0531625,-0.00539309,0.187305,0,0,-0.476021,0.00673143,-0.00424002,-1,-0.000674282,Idle,,nan,nan,nan,nan,0,0,0,0,0,-0.477714,0.0121463,0.213503,0.0816659,0.701614,0.417108,0.55522,0.236915,nan,nan,nan,nan,nan,nan,nan,nan
4.23223,0.252982,-0.0607772,-0.671054,-0.353546,0.122109,-0.253801,-0.0257304,-0.0129165,-0.0677718,0.0711216,-0.133786,-0.0133436,nan,nan,nan,nan,nan,nan,nan,nan,nan,nan,nan,nan,nan,nan,nan,0.0242599,-0.0014978,0.187871,0,0,-0.47709,0.00673143,-0.00424002,-1,-0.000674282,Idle,,nan,nan,nan,nan,0,0,0,0,0,-0.477714,0.0121463,0.213503,0.0816659,0.701614,0.417108,0.55522,0.236915,nan,nan,nan,nan,nan,nan,nan,nan
4.23907,0.247458,-0.0608037,-0.672318,-0.356407,0.13302,-0.248519,-0.0254995,-0.0139765,-0.0678628,0.0289295,-0.122333,-0.0154523,nan,nan,nan,nan,nan,nan,nan,nan,nan,nan,nan,nan,nan,nan,nan,0.0242599,-0.0014978,0.187871,0,0,-0.47709,0.00673143,-0.00424002,-1,-0.000674282,Idle,,nan,nan,nan,nan,0,0,0,0,0,-0.47709,0.0137971,0.21454,0.0823326,0.701222,0.417584,0.555829,0.233723,nan,nan,nan,nan,nan,nan,nan,nan
4.25317,0.242484,-0.0610144,-0.673256,-0.355368,0.13235,-0.245286,-0.0254139,-0.0147929,-0.0680156,0.01255,-0.0949064,-0.0216569,nan,nan,nan,nan,nan,nan,nan,nan,nan,nan,nan,nan,nan,nan,nan,0.0279806,-0.00669185,0.188462,0,0,-0.478036,0.00673143,-0.00424002,-1,-0.000674282,Idle,,nan,nan,nan,nan,0,0,0,0,0,-0.478036,0.0211563,0.213472,0.0835171,0.697392,0.425674,0.56004,0.229037,nan,nan,nan,nan,nan,nan,nan,nan
4.26121,0.237541,-0.0612035,-0.674228,-0.357471,0.128062,-0.251137,-0.0250301,-0.0156403,-0.0682104,0.0453571,-0.0976421,-0.0262886,nan,nan,nan,nan,nan,nan,nan,nan,nan,nan,nan,nan,nan,nan,nan,0.0279806,-0.00669185,0.188462,0,0,-0.478036,0.00673143,-0.00424002,-1,-0.000674282,Idle,,nan,nan,nan,nan,0,0,0,0,0,-0.47872,0.0101381,0.219879,0.0841388,0.71102,0.414659,0.55684,0.232363,nan,nan,nan,nan,nan,nan,nan,nan
4.27061,0.232634,-0.0613078,-0.675223,-0.363051,0.122844,-0.255154,-0.0245541,-0.0167381,-0.0683442,0.0561649,-0.126746,-0.0204106,nan,nan,nan,nan,nan,nan,nan,nan,nan,nan,nan,nan,nan,nan,nan,0.0458359,-0.00230985,0.189436,0,0,-0.476992,0.00673143,-0.00424002,-1,-0.000674282,Idle,,nan,nan,nan,nan,0,0,0,0,0,-0.47872,0.0101381,0.219879,0.0841388,0.71102,0.414659,0.55684,0.232363,nan,nan,nan,nan,nan,nan,nan,nan
4.28026,0.227744,-0.0613759,-0.676239,-0.364402,0.121225,-0.252276,-0.0243273,-0.01798,-0.0684161,0.0281201,-0.142193,-0.0137779,nan,nan,nan,nan,nan,nan,nan,nan,nan,nan,nan,nan,nan,nan,nan,0.0458359,-0.00230985,0.189436,0,0,-0.476992,0.00673143,-0.00424002,-1,-0.000674282,Idle,,nan,nan,nan,nan,0,0,0,0,0,-0.475769,0.0299266,0.216833,0.0852322,0.693016,0.428946,0.564638,0.216476,nan,nan,nan,nan,nan,nan,nan,nan
4.29031,0.22288,-0.0614119,-0.677293,-0.363346,0.135215,-0.248061,-0.0243388,-0.0189616,-0.0685908,0.00129251,-0.112801,-0.0245223,nan,nan,nan,nan,nan,nan,nan,nan,nan,nan,nan,nan,nan,nan,nan,0.0175302,-0.00877559,0.19028,0,0,-0.477347,0.00673143,-0.00424002,-1,-0.000674282,Idle,,nan,nan,nan,nan,0,0,0,0,0,-0.475769,0.0299266,0.216833,0.0852322,0.693016,0.428946,0.564638,0.216476,nan,nan,nan,nan,nan,nan,nan,nan
4.29813,0.218051,-0.06141,-0.678371,-0.366987,0.133217,-0.249024,-0.0242282,-0.0199017,-0.0687741,0.0147778,-0.108078,-0.0253835,nan,nan,nan,nan,nan,nan,nan,nan,nan,nan,nan,nan,nan,nan,nan,0.0175302,-0.00877559,0.19028,0,0,-0.477347,0.00673143,-0.00424002,-1,-0.000674282,Idle,,nan,nan,nan,nan,0,0,0,0,0,-0.47635,0.0207138,0.220542,0.0857229,0.703225,0.420881,0.560835,0.220459,nan,nan,nan,nan,nan,nan,nan,nan
4.31381,0.213274,-0.0613518,-0.679454,-0.368994,0.122104,-0.25125,-0.023958,-0.0212416,-0.0689362,0.0322961,-0.151698,-0.023928,nan,nan,nan,nan,nan,nan,nan,nan,nan,nan,nan,nan,nan,nan,nan,0.064519,-0.0151427,0.190658,0,0,-0.476065,0.00673143,-0.00424002,-1,-0.000674282,Idle,,nan,nan,nan,nan,0,0,0,0,0,-0.476065,0.0255549,0.223752,0.086582,0.702645,0.422609,0.565383,0.213624,nan,nan,nan,nan,nan,nan,nan,nan
4.31826,0.203009,-0.0619081,-0.680887,-0.367809,0.137646,-0.24187,-0.0234591,-0.0237929,-0.0689634,0.0200253,-0.129427,-0.00671408,nan,nan,nan,nan,nan,nan,nan,nan,nan,nan,nan,nan,nan,nan,nan,0.064519,-0.0151427,0.190658,0,0,-0.476065,0.00673143,-0.00424002,-1,-0.000674282,Idle,,nan,nan,nan,nan,0,0,0,0,0,-0.476065,0.0255549,0.223752,0.086582,0.702645,0.422609,0.565383,0.213624,nan,nan,nan,nan,nan,nan,nan,nan
4.33097,0.197928,-0.0621044,-0.68167,-0.367831,0.13496,-0.241581,-0.0234008,-0.0247452,-0.0691407,0.00932373,-0.109899,-0.0261392,nan,nan,nan,nan,nan,nan,nan,nan,nan,nan,nan,nan,nan,nan,nan,0.00761457,-0.00277428,0.191647,0,0,-0.478439,0.00673143,-0.00424002,-1,-0.000674282,Idle,,nan,nan,nan,nan,0,0,0,0,0,-0.47714,0.0195079,0.226563,0.0869216,0.710323,0.417761,0.563829,0.216649,nan,nan,nan,nan,nan,nan,nan,nan
4.34147,0.192872,-0.0622884,-0.682481,-0.373263,0.129825,-0.247442,-0.0227856,-0.0260267,-0.0692058,0.0715326,-0.146724,-0.0144494,nan,nan,nan,nan,nan,nan,nan,nan,nan,nan,nan,nan,nan,nan,nan,0.00761457,-0.00277428,0.191647,0,0,-0.478439,0.00673143,-0.00424002,-1,-0.000674282,Idle,,nan,nan,nan,nan,0,0,0,0,0,-0.47837,0.00556553,0.225719,0.0874585,0.721352,0.410265,0.554067,0.227798,nan,nan,nan,nan,nan,nan,nan,nan
4.35768,0.187854,-0.0623995,-0.683311,-0.373487,0.131328,-0.24421,-0.0222033,-0.0272755,-0.0691605,0.0677613,-0.142517,-0.00197461,nan,nan,nan,nan,nan,nan,nan,nan,nan,nan,nan,nan,nan,nan,nan,0.0332006,-0.0126255,0.191845,0,0,-0.477446,0.00673143,-0.00424002,-1,-0.000674282,Idle,,nan,nan,nan,nan,0,0,0,0,0,-0.476714,0.0157731,0.218755,0.0877016,0.707797,0.420994,0.554465,0.223602,nan,nan,nan,nan,nan,nan,nan,nan
4.36341,0.182899,-0.0624597,-0.68416,-0.369384,0.137604,-0.236447,-0.0220875,-0.0282787,-0.0691895,0.0159223,-0.116194,-0.0096213,nan,nan,nan,nan,nan,nan,nan,nan,nan,nan,nan,nan,nan,nan,nan,0.0332006,-0.0126255,0.191845,0,0,-0.477446,0.00673143,-0.00424002,-1,-0.000674282,Idle,,nan,nan,nan,nan,0,0,0,0,0,-0.477446,0.0146199,0.220863,0.0879819,0.711115,0.419701,0.555591,0.22338,nan,nan,nan,nan,nan,nan,nan,nan
4.37424,0.177427,-0.0623293,-0.685386,-0.369888,0.138037,-0.237509,-0.0219438,-0.0290206,-0.0692985,0.0186214,-0.0862383,-0.0178189,nan,nan,nan,nan,nan,nan,nan,nan,nan,nan,nan,nan,nan,nan,nan,0.0145758,0.00121858,0.192186,0,0,-0.478869,0.00673143,-0.00424002,-1,-0.000674282,Idle,,nan,nan,nan,nan,0,0,0,0,0,-0.479369,0.0134222,0.224394,0.0882054,0.716604,0.418504,0.558937,0.223432,nan,nan,nan,nan,nan,nan,nan,nan
4.38264,0.172553,-0.0623065,-0.686266,-0.371145,0.132914,-0.238171,-0.0214877,-0.0301899,-0.0694402,0.0532026,-0.133615,-0.0224229,nan,nan,nan,nan,nan,nan,nan,nan,nan,nan,nan,nan,nan,nan,nan,0.0145758,0.00121858,0.192186,0,0,-0.478869,0.00673143,-0.00424002,-1,-0.000674282,Idle,,nan,nan,nan,nan,0,0,0,0,0,-0.478539,0.0211989,0.217172,0.0885592,0.705522,0.428633,0.558148,0.221853,nan,nan,nan,nan,nan,nan,nan,nan
4.39444,0.167714,-0.0622611,-0.687165,-0.370104,0.132684,-0.23621,-0.0210926,-0.0313233,-0.069456,0.046728,-0.129817,-0.00824906,nan,nan,nan,nan,nan,nan,nan,nan,nan,nan,nan,nan,nan,nan,nan,0.0325511,0.00285781,0.193028,0,0,-0.47891,0.00673143,-0.00424002,-1,-0.000674282,Idle,,nan,nan,nan,nan,0,0,0,0,0,-0.47891,0.011243,0.224323,0.0889224,0.718352,0.417271,0.55617,0.223846,nan,nan,nan,nan,nan,nan,nan,nan
4.40215,0.162921,-0.0621871,-0.688099,-0.36924,0.14197,-0.229576,-0.0210732,-0.0322224,-0.0695026,0.00470157,-0.103023,-0.0110251,nan,nan,nan,nan,nan,nan,nan,nan,nan,nan,nan,nan,nan,nan,nan,0.0325511,0.00285781,0.193028,0,0,-0.47891,0.00673143,-0.00424002,-1,-0.000674282,Idle,,nan,nan,nan,nan,0,0,0,0,0,-0.48058,0.0147873,0.224788,0.0891783,0.718101,0.421375,0.560419,0.222427,nan,nan,nan,nan,nan,nan,nan,nan
4.41203,0.153085,-0.0622193,-0.689589,-0.371661,0.136082,-0.234794,-0.0206794,-0.0343062,-0.069819,0.0365301,-0.134232,-0.0221879,nan,nan,nan,nan,nan,nan,nan,nan,nan,nan,nan,nan,nan,nan,nan,-0.00567366,0.0099208,0.193705,0,0,-0.479709,0.00673143,-0.00424002,-1,-0.000674282,Idle,,nan,nan,nan,nan,0,0,0,0,0,-0.48058,0.0147873,0.224788,0.0891783,0.718101,0.421375,0.560419,0.222427,nan,nan,nan,nan,nan,nan,nan,nan
4.42125,0.148069,-0.0623501,-0.690151,-0.371335,0.128425,-0.232775,-0.0205664,-0.0356019,-0.0698634,0.0155693,-0.148187,-0.013213,nan,nan,nan,nan,nan,nan,nan,nan,nan,nan,nan,nan,nan,nan,nan,-0.00567366,0.0099208,0.193705,0,0,-0.479709,0.00673143,-0.00424002,-1,-0.000674282,Idle,,nan,nan,nan,nan,0,0,0,0,0,-0.478994,0.0198097,0.22709,0.0898572,0.71527,0.422391,0.563333,0.214983,nan,nan,nan,nan,nan,nan,nan,nan
4.43298,0.143107,-0.0624421,-0.690746,-0.368208,0.146115,-0.226139,-0.0207628,-0.0366385,-0.0698878,-0.0188968,-0.119267,-0.0103422,nan,nan,nan,nan,nan,nan,nan,nan,nan,nan,nan,nan,nan,nan,nan,0.0536773,0.00401034,0.193721,0,0,-0.479446,0.00673143,-0.00424002,-1,-0.000674282,Idle,,nan,nan,nan,nan,0,0,0,0,0,-0.479446,0.0264755,0.220502,0.0901037,0.706595,0.432461,0.563595,0.215131,nan,nan,nan,nan,nan,nan,nan,nan
4.4409,0.138174,-0.0624715,-0.691383,-0.365598,0.14441,-0.22906,-0.0208168,-0.037715,-0.0699721,-0.00336219,-0.122805,-0.0169654,nan,nan,nan,nan,nan,nan,nan,nan,nan,nan,nan,nan,nan,nan,nan,0.0536773,0.00401034,0.193721,0,0,-0.479446,0.00673143,-0.00424002,-1,-0.000674282,Idle,,nan,nan,nan,nan,0,0,0,0,0,-0.481233,0.011244,0.225995,0.0903322,0.723265,0.419822,0.558265,0.223579,nan,nan,nan,nan,nan,nan,nan,nan
4.4544,0.133313,-0.0624609,-0.692059,-0.367119,0.134772,-0.235475,-0.0207424,-0.0389686,-0.0700116,0.0110788,-0.143921,-0.0124831,nan,nan,nan,nan,nan,nan,nan,nan,nan,nan,nan,nan,nan,nan,nan,0.0399988,0.012233,0.193911,0,0,-0.478538,0.00673143,-0.00424002,-1,-0.000674282,Idle,,nan,nan,nan,nan,0,0,0,0,0,-0.480348,0.0191486,0.225499,0.0904748,0.716583,0.42502,0.562477,0.217311,nan,nan,nan,nan,nan,nan,nan,nan
4.46174,0.128495,-0.0624149,-0.692747,-0.368867,0.134751,-0.2327,-0.0206636,-0.040231,-0.0699744,0.0117553,-0.144235,-0.00383056,nan,nan,nan,nan,nan,nan,nan,nan,nan,nan,nan,nan,nan,nan,nan,0.0399988,0.012233,0.193911,0,0,-0.478538,0.00673143,-0.00424002,-1,-0.000674282,Idle,,nan,nan,nan,nan,0,0,0,0,0,-0.478538,0.0282681,0.220087,0.090576,0.704599,0.433586,0.56319,0.212775,nan,nan,nan,nan,nan,nan,nan,nan
4.47366,0.123734,-0.062324,-0.693471,-0.363119,0.149975,-0.225874,-0.0208827,-0.0411212,-0.0698937,-0.0212941,-0.102775,0.00191954,nan,nan,nan,nan,nan,nan,nan,nan,nan,nan,nan,nan,nan,nan,nan,-0.0111876,0.0214496,0.194245,0,0,-0.480989,0.00673143,-0.00424002,-1,-0.000674282,Idle,,nan,nan,nan,nan,0,0,0,0,0,-0.480989,0.0106185,0.225364,0.0906436,0.723329,0.419893,0.556822,0.223911,nan,nan,nan,nan,nan,nan,nan,nan
4.48051,0.119018,-0.0621754,-0.694237,-0.362816,0.151985,-0.226066,-0.0209515,-0.0418249,-0.0699326,-0.00518889,-0.0816297,-0.0109072,nan,nan,nan,nan,nan,nan,nan,nan,nan,nan,nan,nan,nan,nan,nan,-0.0111876,0.0214496,0.194245,0,0,-0.480989,0.00673143,-0.00424002,-1,-0.000674282,Idle,,nan,nan,nan,nan,0,0,0,0,0,-0.480854,0.0216483,0.220348,0.0906719,0.711876,0.431133,0.560912,0.219494,nan,nan,nan,nan,nan,nan,nan,nan
4.49288,0.113806,-0.0617877,-0.695373,-0.362945,0.139583,-0.232213,-0.0207495,-0.0429298,-0.0699128,0.0250306,-0.12568,-0.00521703,nan,nan,nan,nan,nan,nan,nan,nan,nan,nan,nan,nan,nan,nan,nan,0.0334922,0.0173423,0.193967,0,0,-0.478942,0.00673143,-0.00424002,-1,-0.000674282,Idle,,nan,nan,nan,nan,0,0,0,0,0,-0.478942,0.0188625,0.219947,0.0907597,0.711738,0.427622,0.55666,0.219746,nan,nan,nan,nan,nan,nan,nan,nan
4.4978,0.104592,-0.0612722,-0.697056,-0.360468,0.155171,-0.225838,-0.0210047,-0.0444396,-0.0698403,-0.0257703,-0.0648465,-0.00636657,nan,nan,nan,nan,nan,nan,nan,nan,nan,nan,nan,nan,nan,nan,nan,0.0334922,0.0173423,0.193967,0,0,-0.478942,0.00673143,-0.00424002,-1,-0.000674282,Idle,,nan,nan,nan,nan,0,0,0,0,0,-0.478942,0.0188625,0.219947,0.0907597,0.711738,0.427622,0.55666,0.219746,nan,nan,nan,nan,nan,nan,nan,nan
4.51372,0.100055,-0.0609977,-0.697952,-0.357814,0.147871,-0.230375,-0.0210553,-0.0450032,-0.0699013,-0.00362506,-0.0655562,-0.0127107,nan,nan,nan,nan,nan,nan,nan,nan,nan,nan,nan,nan,nan,nan,nan,-0.00823744,0.0200273,0.194046,0,0,-0.480483,0.00673143,-0.00424002,-1,-0.000674282,Idle,,nan,nan,nan,nan,0,0,0,0,0,-0.480483,0.0227877,0.214039,0.090955,0.706521,0.436312,0.556605,0.222492,nan,nan,nan,nan,nan,nan,nan,nan
4.51744,0.0953066,-0.0610051,-0.698474,-0.357492,0.146505,-0.227365,-0.0208178,-0.0459239,-0.069868,0.0288472,-0.105443,-0.00296539,nan,nan,nan,nan,nan,nan,nan,nan,nan,nan,nan,nan,nan,nan,nan,-0.00823744,0.0200273,0.194046,0,0,-0.480483,0.00673143,-0.00424002,-1,-0.000674282,Idle,,nan,nan,nan,nan,0,0,0,0,0,-0.480483,0.0227877,0.214039,0.090955,0.706521,0.436312,0.556605,0.222492,nan,nan,nan,nan,nan,nan,nan,nan
4.53454,0.0906212,-0.0609597,-0.699038,-0.351478,0.154179,-0.223196,-0.0207757,-0.0465097,-0.0697453,0.00809174,-0.0685291,0.00615941,nan,nan,nan,nan,nan,nan,nan,nan,nan,nan,nan,nan,nan,nan,nan,0.0217867,0.0235192,0.193566,0,0,-0.479817,0.00673143,-0.00424002,-1,-0.000674282,Idle,,nan,nan,nan,nan,0,0,0,0,0,-0.479817,0.0219059,0.217409,0.0911503,0.709057,0.432834,0.557503,0.219872,nan,nan,nan,nan,nan,nan,nan,nan
4.54038,0.0859761,-0.0608599,-0.699647,-0.352396,0.157331,-0.223091,-0.0209439,-0.0469457,-0.0697461,-0.0160946,-0.052099,-0.00714972,nan,nan,nan,nan,nan,nan,nan,nan,nan,nan,nan,nan,nan,nan,nan,0.0217867,0.0235192,0.193566,0,0,-0.479817,0.00673143,-0.00424002,-1,-0.000674282,Idle,,nan,nan,nan,nan,0,0,0,0,0,-0.480869,0.0128885,0.231809,0.0912149,0.726732,0.417393,0.562291,0.21706,nan,nan,nan,nan,nan,nan,nan,nan
4.55082,0.0813661,-0.060748,-0.700297,-0.351078,0.151696,-0.229453,-0.0207939,-0.0477606,-0.0697317,0.0194263,-0.0939539,-0.00619714,nan,nan,nan,nan,nan,nan,nan,nan,nan,nan,nan,nan,nan,nan,nan,0.0137306,0.0262024,0.193242,0,0,-0.479088,0.00673143,-0.00424002,-1,-0.000674282,Idle,,nan,nan,nan,nan,0,0,0,0,0,-0.480869,0.0128885,0.231809,0.0912149,0.726732,0.417393,0.562291,0.21706,nan,nan,nan,nan,nan,nan,nan,nan
4.56104,0.0768096,-0.0605708,-0.700979,-0.354664,0.148953,-0.230994,-0.0204992,-0.048478,-0.0696182,0.0359978,-0.0832248,0.00517548,nan,nan,nan,nan,nan,nan,nan,nan,nan,nan,nan,nan,nan,nan,nan,0.0137306,0.0262024,0.193242,0,0,-0.479088,0.00673143,-0.00424002,-1,-0.000674282,Idle,,nan,nan,nan,nan,0,0,0,0,0,-0.478653,0.0211633,0.226113,0.0913089,0.714732,0.425149,0.561808,0.212922,nan,nan,nan,nan,nan,nan,nan,nan
4.5741,0.0723236,-0.0603253,-0.701693,-0.350104,0.15699,-0.225863,-0.0206813,-0.0492488,-0.0695463,-0.0174132,-0.0889861,0.000526644,nan,nan,nan,nan,nan,nan,nan,nan,nan,nan,nan,nan,nan,nan,nan,-0.00361223,0.0226435,0.19306,0,0,-0.479923,0.00673143,-0.00424002,-1,-0.000674282,Idle,,nan,nan,nan,nan,0,0,0,0,0,-0.479923,0.0155264,0.228175,0.0913809,0.721518,0.421047,0.560477,0.21665,nan,nan,nan,nan,nan,nan,nan,nan
4.58101,0.06352,-0.0598088,-0.703205,-0.347216,0.150847,-0.229357,-0.0206241,-0.0505638,-0.0694783,0.0141284,-0.100878,-0.00511842,nan,nan,nan,nan,nan,nan,nan,nan,nan,nan,nan,nan,nan,nan,nan,-0.00361223,0.0226435,0.19306,0,0,-0.479923,0.00673143,-0.00424002,-1,-0.000674282,Idle,,nan,nan,nan,nan,0,0,0,0,0,-0.479923,0.0155264,0.228175,0.0913809,0.721518,0.421047,0.560477,0.21665,nan,nan,nan,nan,nan,nan,nan,nan
4.5916,0.0591739,-0.0594761,-0.704008,-0.349224,0.151243,-0.232858,-0.0203102,-0.051292,-0.0693513,0.0379487,-0.0840902,0.00704795,nan,nan,nan,nan,nan,nan,nan,nan,nan,nan,nan,nan,nan,nan,nan,0.0191994,0.0236793,0.192425,0,0,-0.478744,0.00673143,-0.00424002,-1,-0.000674282,Idle,,nan,nan,nan,nan,0,0,0,0,0,-0.480324,0.0179417,0.228175,0.0914357,0.720265,0.423211,0.56253,0.215289,nan,nan,nan,nan,nan,nan,nan,nan
4.60095,0.0548925,-0.0590765,-0.70485,-0.342775,0.162587,-0.22551,-0.0204699,-0.0519287,-0.0692467,-0.0150101,-0.0737454,0.00489454,nan,nan,nan,nan,nan,nan,nan,nan,nan,nan,nan,nan,nan,nan,nan,0.0191994,0.0236793,0.192425,0,0,-0.478744,0.00673143,-0.00424002,-1,-0.000674282,Idle,,nan,nan,nan,nan,0,0,0,0,0,-0.477753,0.0177972,0.221406,0.0915207,0.713096,0.42541,0.55499,0.217518,nan,nan,nan,nan,nan,nan,nan,nan
4.61463,0.049885,-0.0587572,-0.705706,-0.342523,0.156622,-0.227288,-0.0203532,-0.0522624,-0.0692668,0.0149579,-0.0396128,-0.00813976,nan,nan,nan,nan,nan,nan,nan,nan,nan,nan,nan,nan,nan,nan,nan,-0.0184754,0.0284097,0.192378,0,0,-0.479575,0.00673143,-0.00424002,-1,-0.000674282,Idle,,nan,nan,nan,nan,0,0,0,0,0,-0.479575,0.00392162,0.222495,0.0916652,0.725643,0.416794,0.547624,0.228237,nan,nan,nan,nan,nan,nan,nan,nan
4.62307,0.0454669,-0.0585804,-0.706253,-0.339661,0.153555,-0.228975,-0.0200045,-0.0528972,-0.0692101,0.0415208,-0.073464,-0.00178086,nan,nan,nan,nan,nan,nan,nan,nan,nan,nan,nan,nan,nan,nan,nan,-0.0184754,0.0284097,0.192378,0,0,-0.479575,0.00673143,-0.00424002,-1,-0.000674282,Idle,,nan,nan,nan,nan,0,0,0,0,0,-0.478928,0.0102315,0.227936,0.0917569,0.724473,0.416853,0.555193,0.219191,nan,nan,nan,nan,nan,nan,nan,nan
4.63401,0.0411055,-0.0583667,-0.706825,-0.333516,0.16187,-0.224009,-0.0196407,-0.0536585,-0.0691363,0.043681,-0.0883257,-1.15863e-05,nan,nan,nan,nan,nan,nan,nan,nan,nan,nan,nan,nan,nan,nan,nan,-0.0153401,0.0391637,0.192401,0,0,-0.47964,0.00673143,-0.00424002,-1,-0.000674282,Idle,,nan,nan,nan,nan,0,0,0,0,0,-0.478381,0.0129184,0.219027,0.091962,0.715932,0.42471,0.550045,0.222835,nan,nan,nan,nan,nan,nan,nan,nan
4.63838,0.0367697,-0.058137,-0.70743,-0.335531,0.166201,-0.216704,-0.0195196,-0.0538136,-0.0690946,0.0161329,-0.0201977,-0.00209891,nan,nan,nan,nan,nan,nan,nan,nan,nan,nan,nan,nan,nan,nan,nan,-0.0153401,0.0391637,0.192401,0,0,-0.47964,0.00673143,-0.00424002,-1,-0.000674282,Idle,,nan,nan,nan,nan,0,0,0,0,0,-0.478381,0.0129184,0.219027,0.091962,0.715932,0.42471,0.550045,0.222835,nan,nan,nan,nan,nan,nan,nan,nan
4.65322,0.0324871,-0.0578695,-0.708077,-0.332591,0.163792,-0.221167,-0.0194124,-0.0541289,-0.0691614,0.0138738,-0.0376999,-0.0143833,nan,nan,nan,nan,nan,nan,nan,nan,nan,nan,nan,nan,nan,nan,nan,-0.0140844,0.0289511,0.191935,0,0,-0.480301,0.00673143,-0.00424002,-1,-0.000674282,Idle,,nan,nan,nan,nan,0,0,0,0,0,-0.480301,0.0121467,0.217474,0.092487,0.717825,0.427709,0.549797,0.225875,nan,nan,nan,nan,nan,nan,nan,nan
4.66019,0.0282824,-0.057542,-0.708741,-0.328065,0.161019,-0.22324,-0.0188587,-0.054467,-0.0692372,0.0634614,-0.0401427,-0.015295,nan,nan,nan,nan,nan,nan,nan,nan,nan,nan,nan,nan,nan,nan,nan,-0.0140844,0.0289511,0.191935,0,0,-0.480301,0.00673143,-0.00424002,-1,-0.000674282,Idle,,nan,nan,nan,nan,0,0,0,0,0,-0.479597,0.0047289,0.215912,0.0928928,0.721667,0.42327,0.542338,0.231115,nan,nan,nan,nan,nan,nan,nan,nan
4.67244,0.0200311,-0.056804,-0.710149,-0.32682,0.16918,-0.21402,-0.0184001,-0.0547441,-0.0692887,0.00786459,-0.00140893,-0.0149603,nan,nan,nan,nan,nan,nan,nan,nan,nan,nan,nan,nan,nan,nan,nan,0.000631341,0.0388557,0.192461,0,0,-0.480087,0.00673143,-0.00424002,-1,-0.000674282,Idle,,nan,nan,nan,nan,0,0,0,0,0,-0.479597,0.0047289,0.215912,0.0928928,0.721667,0.42327,0.542338,0.231115,nan,nan,nan,nan,nan,nan,nan,nan
4.6791,0.0159485,-0.0563718,-0.710901,-0.324379,0.169442,-0.222036,-0.0181558,-0.0548443,-0.0694481,0.0282767,-0.0132399,-0.0236941,nan,nan,nan,nan,nan,nan,nan,nan,nan,nan,nan,nan,nan,nan,nan,0.000631341,0.0388557,0.192461,0,0,-0.480087,0.00673143,-0.00424002,-1,-0.000674282,Idle,,nan,nan,nan,nan,0,0,0,0,0,-0.480087,0.00933993,0.215698,0.09329,0.719141,0.427569,0.54554,0.228098,nan,nan,nan,nan,nan,nan,nan,nan
4.69365,0.0119332,-0.05587,-0.711689,-0.32512,0.163767,-0.225662,-0.0179082,-0.0552323,-0.0694993,0.0292378,-0.0454269,-0.0121226,nan,nan,nan,nan,nan,nan,nan,nan,nan,nan,nan,nan,nan,nan,nan,-0.0291849,0.0224436,0.192876,0,0,-0.479747,0.00673143,-0.00424002,-1,-0.000674282,Idle,,nan,nan,nan,nan,0,0,0,0,0,-0.479747,0.00939691,0.215996,0.0940836,0.719765,0.427852,0.544658,0.226713,nan,nan,nan,nan,nan,nan,nan,nan
4.70126,0.00799002,-0.055361,-0.712489,-0.31936,0.160945,-0.22052,-0.017985,-0.0554123,-0.069537,-0.00685994,-0.0222274,-0.0100952,nan,nan,nan,nan,nan,nan,nan,nan,nan,nan,nan,nan,nan,nan,nan,-0.0291849,0.0224436,0.192876,0,0,-0.479747,0.00673143,-0.00424002,-1,-0.000674282,Idle,,nan,nan,nan,nan,0,0,0,0,0,-0.478647,0.02215,0.212611,0.0944303,0.707601,0.43851,0.549837,0.21864,nan,nan,nan,nan,nan,nan,nan,nan
4.71186,0.00390099,-0.0551449,-0.713041,-0.314343,0.166709,-0.213076,-0.0183564,-0.0554694,-0.0696147,-0.0397941,-0.0083388,-0.0140564,nan,nan,nan,nan,nan,nan,nan,nan,nan,nan,nan,nan,nan,nan,nan,0.000714922,0.0267761,0.193184,0,0,-0.479787,0.00673143,-0.00424002,-1,-0.000674282,Idle,,nan,nan,nan,nan,0,0,0,0,0,-0.479787,0.0209361,0.215599,0.0946983,0.707601,0.43851,0.549837,0.21864,nan,nan,nan,nan,nan,nan,nan,nan
4.72007,-0.000139484,-0.0548769,-0.713619,-0.310896,0.172704,-0.216551,-0.0184653,-0.0556416,-0.0696598,-0.0100663,-0.0217763,-0.0123823,nan,nan,nan,nan,nan,nan,nan,nan,nan,nan,nan,nan,nan,nan,nan,0.000714922,0.0267761,0.193184,0,0,-0.479787,0.00673143,-0.00424002,-1,-0.000674282,Idle,,nan,nan,nan,nan,0,0,0,0,0,-0.481714,0.0146628,0.219402,0.0948688,0.721202,0.43192,0.551969,0.221766,nan,nan,nan,nan,nan,nan,nan,nan
4.73046,-0.00458555,-0.0542965,-0.714548,-0.310158,0.158166,-0.218056,-0.0184567,-0.0561143,-0.0695511,0.00394278,-0.0553722,0.00432423,nan,nan,nan,nan,nan,nan,nan,nan,nan,nan,nan,nan,nan,nan,nan,0.0148189,0.0284419,0.192923,0,0,-0.480122,0.00673143,-0.00424002,-1,-0.000674282,Idle,,nan,nan,nan,nan,0,0,0,0,0,-0.481714,0.0146628,0.219402,0.0948688,0.721202,0.43192,0.551969,0.221766,nan,nan,nan,nan,nan,nan,nan,nan
4.7372,-0.00850508,-0.053934,-0.715182,-0.308928,0.176087,-0.213339,-0.0189069,-0.056506,-0.0694175,-0.0470593,-0.0463164,0.00740262,nan,nan,nan,nan,nan,nan,nan,nan,nan,nan,nan,nan,nan,nan,nan,0.0148189,0.0284419,0.192923,0,0,-0.480122,0.00673143,-0.00424002,-1,-0.000674282,Idle,,nan,nan,nan,nan,0,0,0,0,0,-0.48078,0.0183901,0.219335,0.0949337,0.717649,0.433733,0.553559,0.218177,nan,nan,nan,nan,nan,nan,nan,nan
4.75357,-0.0123826,-0.053513,-0.715862,-0.3046,0.177752,-0.211758,-0.0191798,-0.0566689,-0.0693554,-0.0278243,-0.0206207,7.04262e-05,nan,nan,nan,nan,nan,nan,nan,nan,nan,nan,nan,nan,nan,nan,nan,-0.0417429,0.0288003,0.192462,0,0,-0.481789,0.00673143,-0.00424002,-1,-0.000674282,Idle,,nan,nan,nan,nan,0,0,0,0,0,-0.481789,0.0153171,0.220074,0.0948841,0.721304,0.431998,0.552967,0.220888,nan,nan,nan,nan,nan,nan,nan,nan
4.76583,-0.0199389,-0.0525765,-0.717277,-0.29671,0.162816,-0.213977,-0.0194396,-0.0575858,-0.0691131,-0.0024286,-0.0592571,0.0121326,nan,nan,nan,nan,nan,nan,nan,nan,nan,nan,nan,nan,nan,nan,nan,-0.0417429,0.0288003,0.192462,0,0,-0.481789,0.00673143,-0.00424002,-1,-0.000674282,Idle,,nan,nan,nan,nan,0,0,0,0,0,-0.48022,0.0153171,0.220074,0.0948841,0.721304,0.431998,0.552967,0.220888,nan,nan,nan,nan,nan,nan,nan,nan
4.77096,-0.0236092,-0.0520732,-0.718019,-0.289728,0.182936,-0.206755,-0.0200095,-0.0580653,-0.0689304,-0.060325,-0.055915,0.0131992,nan,nan,nan,nan,nan,nan,nan,nan,nan,nan,nan,nan,nan,nan,nan,0.011272,0.039842,0.19145,0,0,-0.480811,0.00673143,-0.00424002,-1,-0.000674282,Idle,,nan,nan,nan,nan,0,0,0,0,0,-0.48022,0.0170981,0.224972,0.0947733,0.721828,0.428113,0.55623,0.214707,nan,nan,nan,nan,nan,nan,nan,nan
4.78032,-0.0272556,-0.0515005,-0.718799,-0.290829,0.182281,-0.209715,-0.0204849,-0.0581552,-0.068907,-0.050866,-0.0121252,-0.00352777,nan,nan,nan,nan,nan,nan,nan,nan,nan,nan,nan,nan,nan,nan,nan,0.011272,0.039842,0.19145,0,0,-0.480811,0.00673143,-0.00424002,-1,-0.000674282,Idle,,nan,nan,nan,nan,0,0,0,0,0,-0.482774,0.02232,0.220629,0.0946827,0.717528,0.437341,0.559496,0.216731,nan,nan,nan,nan,nan,nan,nan,nan
4.79417,-0.0308412,-0.050893,-0.719615,-0.291066,0.173208,-0.215791,-0.0209294,-0.058715,-0.0688454,-0.047244,-0.0644737,-0.000229224,nan,nan,nan,nan,nan,nan,nan,nan,nan,nan,nan,nan,nan,nan,nan,-0.0394177,0.0351241,0.191369,0,0,-0.481915,0.00673143,-0.00424002,-1,-0.000674282,Idle,,nan,nan,nan,nan,0,0,0,0,0,-0.481915,0.022575,0.23183,0.0947028,0.724429,0.428762,0.566714,0.207754,nan,nan,nan,nan,nan,nan,nan,nan
4.80081,-0.0343935,-0.0502676,-0.720438,-0.287298,0.171887,-0.214053,-0.0212989,-0.0592059,-0.0686716,-0.0380276,-0.0566926,0.0124807,nan,nan,nan,nan,nan,nan,nan,nan,nan,nan,nan,nan,nan,nan,nan,-0.0394177,0.0351241,0.191369,0,0,-0.481915,0.00673143,-0.00424002,-1,-0.000674282,Idle,,nan,nan,nan,nan,0,0,0,0,0,-0.480111,0.0285182,0.217245,0.0946642,0.708072,0.441435,0.558844,0.212094,nan,nan,nan,nan,nan,nan,nan,nan
4.81369,-0.037861,-0.0496068,-0.721285,-0.28242,0.180397,-0.207312,-0.0221443,-0.0593862,-0.0685296,-0.0919671,-0.0223821,0.00995224,nan,nan,nan,nan,nan,nan,nan,nan,nan,nan,nan,nan,nan,nan,nan,-0.0257414,0.0401465,0.190389,0,0,-0.482102,0.00673143,-0.00424002,-1,-0.000674282,Idle,,nan,nan,nan,nan,0,0,0,0,0,-0.4804,0.0300106,0.225994,0.0946406,0.713469,0.436569,0.566396,0.205168,nan,nan,nan,nan,nan,nan,nan,nan
4.82042,-0.041452,-0.0492232,-0.721883,-0.28271,0.182321,-0.208067,-0.0229968,-0.0596507,-0.0684756,-0.0929245,-0.0313438,6.08582e-05,nan,nan,nan,nan,nan,nan,nan,nan,nan,nan,nan,nan,nan,nan,nan,-0.0257414,0.0401465,0.190389,0,0,-0.482102,0.00673143,-0.00424002,-1,-0.000674282,Idle,,nan,nan,nan,nan,0,0,0,0,0,-0.481899,0.0296413,0.223141,0.0945977,0.713168,0.439782,0.565659,0.208989,nan,nan,nan,nan,nan,nan,nan,nan
4.83477,-0.0450056,-0.0487928,-0.722521,-0.279307,0.17134,-0.216334,-0.0233763,-0.0601086,-0.0682969,-0.0388722,-0.0535429,0.0116834,nan,nan,nan,nan,nan,nan,nan,nan,nan,nan,nan,nan,nan,nan,nan,0.0147361,0.0344929,0.189376,0,0,-0.479482,0.00673143,-0.00424002,-1,-0.000674282,Idle,,nan,nan,nan,nan,0,0,0,0,0,-0.479482,0.0258715,0.224465,0.094584,0.714339,0.433748,0.561527,0.208312,nan,nan,nan,nan,nan,nan,nan,nan
4.8423,-0.0485032,-0.0483536,-0.723178,-0.277232,0.169263,-0.214413,-0.0240596,-0.0605442,-0.068099,-0.0726374,-0.0510626,0.0140236,nan,nan,nan,nan,nan,nan,nan,nan,nan,nan,nan,nan,nan,nan,nan,0.0147361,0.0344929,0.189376,0,0,-0.479482,0.00673143,-0.00424002,-1,-0.000674282,Idle,,nan,nan,nan,nan,0,0,0,0,0,-0.479896,0.0279047,0.230976,0.0945813,0.717917,0.430993,0.567983,0.20269,nan,nan,nan,nan,nan,nan,nan,nan
4.85189,-0.0556963,-0.047098,-0.724921,-0.267788,0.174793,-0.213455,-0.0253113,-0.0607386,-0.0678522,-0.0475488,-0.0133308,0.00474669,nan,nan,nan,nan,nan,nan,nan,nan,nan,nan,nan,nan,nan,nan,nan,-0.0157579,0.0346437,0.188595,0,0,-0.481052,0.00673143,-0.00424002,-1,-0.000674282,Idle,,nan,nan,nan,nan,0,0,0,0,0,-0.479896,0.0279047,0.230976,0.0945813,0.717917,0.430993,0.567983,0.20269,nan,nan,nan,nan,nan,nan,nan,nan
4.86114,-0.0590049,-0.0465552,-0.725661,-0.267998,0.168436,-0.212702,-0.0255485,-0.0612341,-0.0676757,-0.0232518,-0.0575054,0.0118544,nan,nan,nan,nan,nan,nan,nan,nan,nan,nan,nan,nan,nan,nan,nan,-0.0157579,0.0346437,0.188595,0,0,-0.481052,0.00673143,-0.00424002,-1,-0.000674282,Idle,,nan,nan,nan,nan,0,0,0,0,0,-0.479828,0.0206618,0.230125,0.0945647,0.722352,0.426389,0.562209,0.208362,nan,nan,nan,nan,nan,nan,nan,nan
4.87231,-0.0622786,-0.0459483,-0.726457,-0.265969,0.186524,-0.211254,-0.0261195,-0.0613089,-0.0674522,-0.0601529,-0.0107576,0.0183923,nan,nan,nan,nan,nan,nan,nan,nan,nan,nan,nan,nan,nan,nan,nan,0.0270927,0.0371921,0.187365,0,0,-0.479915,0.00673143,-0.00424002,-1,-0.000674282,Idle,,nan,nan,nan,nan,0,0,0,0,0,-0.479915,0.0298022,0.219779,0.0945321,0.708628,0.440222,0.56148,0.20933,nan,nan,nan,nan,nan,nan,nan,nan
4.88012,-0.0655118,-0.0453044,-0.727306,-0.261134,0.18988,-0.210372,-0.0266488,-0.061304,-0.067339,-0.0563185,-0.00151423,0.00652415,nan,nan,nan,nan,nan,nan,nan,nan,nan,nan,nan,nan,nan,nan,nan,0.0270927,0.0371921,0.187365,0,0,-0.479915,0.00673143,-0.00424002,-1,-0.000674282,Idle,,nan,nan,nan,nan,0,0,0,0,0,-0.480387,0.0171753,0.22084,0.0945199,0.718766,0.431003,0.553785,0.217993,nan,nan,nan,nan,nan,nan,nan,nan
4.89455,-0.0686791,-0.0446596,-0.728184,-0.25578,0.176917,-0.213515,-0.0269741,-0.061137,-0.0671979,-0.0332774,0.0164081,0.0101849,nan,nan,nan,nan,nan,nan,nan,nan,nan,nan,nan,nan,nan,nan,nan,0.0123288,0.0464041,0.18656,0,0,-0.479242,0.00673143,-0.00424002,-1,-0.000674282,Idle,,nan,nan,nan,nan,0,0,0,0,0,-0.48045,0.0126727,0.21846,0.0944137,0.720224,0.429459,0.549088,0.223028,nan,nan,nan,nan,nan,nan,nan,nan
4.90092,-0.0717765,-0.0439839,-0.729053,-0.25298,0.172074,-0.212248,-0.0269538,-0.0612546,-0.0670147,0.00529716,-0.0153172,0.0143173,nan,nan,nan,nan,nan,nan,nan,nan,nan,nan,nan,nan,nan,nan,nan,0.0123288,0.0464041,0.18656,0,0,-0.479242,0.00673143,-0.00424002,-1,-0.000674282,Idle,,nan,nan,nan,nan,0,0,0,0,0,-0.479242,0.0245549,0.219229,0.0943461,0.71109,0.436042,0.556894,0.212942,nan,nan,nan,nan,nan,nan,nan,nan
4.91297,-0.0748268,-0.0432735,-0.729967,-0.249758,0.190091,-0.209109,-0.0273954,-0.0613164,-0.0667652,-0.0457891,-0.00917957,0.0219647,nan,nan,nan,nan,nan,nan,nan,nan,nan,nan,nan,nan,nan,nan,nan,-0.0318893,0.0410879,0.185737,0,0,-0.480273,0.00673143,-0.00424002,-1,-0.000674282,Idle,,nan,nan,nan,nan,0,0,0,0,0,-0.480273,0.00997682,0.215036,0.094293,0.719412,0.429677,0.544706,0.227299,nan,nan,nan,nan,nan,nan,nan,nan
4.92685,-0.0780071,-0.0428559,-0.730673,-0.249728,0.185688,-0.207237,-0.0276175,-0.0608441,-0.0666597,-0.0223938,0.0507927,0.00776878,nan,nan,nan,nan,nan,nan,nan,nan,nan,nan,nan,nan,nan,nan,nan,0.0207553,0.0406991,0.184542,0,0,-0.478821,0.00673143,-0.00424002,-1,-0.000674282,Idle,,nan,nan,nan,nan,0,0,0,0,0,-0.480631,0.0208502,0.213946,0.0942651,0.711282,0.438466,0.552009,0.220766,nan,nan,nan,nan,nan,nan,nan,nan
4.93082,-0.0811238,-0.0424342,-0.731404,-0.244365,0.176285,-0.213011,-0.0276678,-0.0608703,-0.0665352,-0.00253473,-0.00505056,0.00674334,nan,nan,nan,nan,nan,nan,nan,nan,nan,nan,nan,nan,nan,nan,nan,0.0207553,0.0406991,0.184542,0,0,-0.478821,0.00673143,-0.00424002,-1,-0.000674282,Idle,,nan,nan,nan,nan,0,0,0,0,0,-0.480631,0.0208502,0.213946,0.0942651,0.711282,0.438466,0.552009,0.220766,nan,nan,nan,nan,nan,nan,nan,nan
4.93806,-0.0872364,-0.0414133,-0.733028,-0.233489,0.182004,-0.207714,-0.028359,-0.0606893,-0.0661278,-0.0615768,0.00776278,0.012826,nan,nan,nan,nan,nan,nan,nan,nan,nan,nan,nan,nan,nan,nan,nan,0.0207553,0.0406991,0.184542,0,0,-0.478821,0.00673143,-0.00424002,-1,-0.000674282,Idle,,nan,nan,nan,nan,0,0,0,0,0,-0.478821,0.0235702,0.213867,0.0942989,0.707527,0.438669,0.552035,0.217054,nan,nan,nan,nan,nan,nan,nan,nan
4.95074,-0.0901397,-0.0408793,-0.733855,-0.23394,0.182829,-0.21279,-0.0288736,-0.0604068,-0.0660257,-0.0545712,0.0295589,0.00572167,nan,nan,nan,nan,nan,nan,nan,nan,nan,nan,nan,nan,nan,nan,nan,-0.0028126,0.0507196,0.183905,0,0,-0.479947,0.00673143,-0.00424002,-1,-0.000674282,Idle,,nan,nan,nan,nan,0,0,0,0,0,-0.479178,0.0281523,0.222461,0.0943585,0.71078,0.436249,0.561645,0.208038,nan,nan,nan,nan,nan,nan,nan,nan
4.95971,-0.0929907,-0.0403075,-0.734716,-0.230956,0.174559,-0.219308,-0.0290947,-0.0606044,-0.065874,-0.0216068,-0.0240025,0.00984503,nan,nan,nan,nan,nan,nan,nan,nan,nan,nan,nan,nan,nan,nan,nan,-0.0028126,0.0507196,0.183905,0,0,-0.479947,0.00673143,-0.00424002,-1,-0.000674282,Idle,,nan,nan,nan,nan,0,0,0,0,0,-0.479947,0.0281632,0.217516,0.094403,0.708089,0.440567,0.558882,0.21225,nan,nan,nan,nan,nan,nan,nan,nan
4.97359,-0.0957933,-0.0397326,-0.735601,-0.230908,0.170406,-0.216356,-0.0294517,-0.0607459,-0.0656187,-0.0360819,-0.018044,0.0216779,nan,nan,nan,nan,nan,nan,nan,nan,nan,nan,nan,nan,nan,nan,nan,0.0252583,0.0397239,0.182405,0,0,-0.476542,0.00673143,-0.00424002,-1,-0.000674282,Idle,,nan,nan,nan,nan,0,0,0,0,0,-0.476542,0.0304127,0.216145,0.0944614,0.702183,0.43978,0.556043,0.208163,nan,nan,nan,nan,nan,nan,nan,nan
4.98031,-0.0985188,-0.0391137,-0.736516,-0.221904,0.183206,-0.209535,-0.030075,-0.0606791,-0.0654277,-0.0658883,0.0053631,0.0152866,nan,nan,nan,nan,nan,nan,nan,nan,nan,nan,nan,nan,nan,nan,nan,0.0252583,0.0397239,0.182405,0,0,-0.476542,0.00673143,-0.00424002,-1,-0.000674282,Idle,,nan,nan,nan,nan,0,0,0,0,0,-0.477173,0.0212818,0.218386,0.0944329,0.710827,0.432341,0.55183,0.213695,nan,nan,nan,nan,nan,nan,nan,nan
4.9907,-0.101197,-0.0384531,-0.737456,-0.217173,0.187851,-0.209994,-0.0303751,-0.0605873,-0.0652988,-0.0308587,0.00847295,0.00871766,nan,nan,nan,nan,nan,nan,nan,nan,nan,nan,nan,nan,nan,nan,nan,-0.0171984,0.0503104,0.181547,0,0,-0.478562,0.00673143,-0.00424002,-1,-0.000674282,Idle,,nan,nan,nan,nan,0,0,0,0,0,-0.477173,0.0212818,0.218386,0.0944329,0.710827,0.432341,0.55183,0.213695,nan,nan,nan,nan,nan,nan,nan,nan
5.00003,-0.103851,-0.0377833,-0.738422,-0.217381,0.176703,-0.213553,-0.0304015,-0.0607524,-0.0650771,0.000369122,-0.0204274,0.0182677,nan,nan,nan,nan,nan,nan,nan,nan,nan,nan,nan,nan,nan,nan,nan,-0.0171984,0.0503104,0.181547,0,0,-0.478562,0.00673143,-0.00424002,-1,-0.000674282,Idle,,nan,nan,nan,nan,0,0,0,0,0,-0.477342,0.0267072,0.214831,0.0943855,0.704599,0.438812,0.55337,0.212587,nan,nan,nan,nan,nan,nan,nan,nan
5.01436,-0.106754,-0.0367904,-0.739722,-0.212685,0.185989,-0.211263,-0.0306291,-0.0609113,-0.0648184,-0.0218445,-0.0198089,0.0225835,nan,nan,nan,nan,nan,nan,nan,nan,nan,nan,nan,nan,nan,nan,nan,-0.00740651,0.0432881,0.180539,0,0,-0.477753,0.00673143,-0.00424002,-1,-0.000674282,Idle,,nan,nan,nan,nan,0,0,0,0,0,-0.477753,0.0169258,0.22344,0.0943816,0.718009,0.426215,0.552952,0.213835,nan,nan,nan,nan,nan,nan,nan,nan
5.01884,-0.111995,-0.0359907,-0.74139,-0.2022,0.175413,-0.20939,-0.0312967,-0.0604401,-0.0645002,-0.0195278,0.0385907,0.0102938,nan,nan,nan,nan,nan,nan,nan,nan,nan,nan,nan,nan,nan,nan,nan,-0.00740651,0.0432881,0.180539,0,0,-0.477753,0.00673143,-0.00424002,-1,-0.000674282,Idle,,nan,nan,nan,nan,0,0,0,0,0,-0.477753,0.0169258,0.22344,0.0943816,0.718009,0.426215,0.552952,0.213835,nan,nan,nan,nan,nan,nan,nan,nan
5.03145,-0.114511,-0.0355475,-0.742235,-0.201807,0.172882,-0.210678,-0.0312695,-0.0604497,-0.0643213,0.0064892,-0.00301979,0.0131449,nan,nan,nan,nan,nan,nan,nan,nan,nan,nan,nan,nan,nan,nan,nan,0.0285325,0.0562829,0.179178,0,0,-0.477731,0.00673143,-0.00424002,-1,-0.000674282,Idle,,nan,nan,nan,nan,0,0,0,0,0,-0.479082,0.0244873,0.211427,0.0943685,0.705483,0.441373,0.551149,0.218321,nan,nan,nan,nan,nan,nan,nan,nan
5.04068,-0.117,-0.0350554,-0.743125,-0.201149,0.181639,-0.209773,-0.0314511,-0.0603498,-0.0641068,-0.0166182,0.00910777,0.0175895,nan,nan,nan,nan,nan,nan,nan,nan,nan,nan,nan,nan,nan,nan,nan,0.0285325,0.0562829,0.179178,0,0,-0.477731,0.00673143,-0.00424002,-1,-0.000674282,Idle,,nan,nan,nan,nan,0,0,0,0,0,-0.47727,0.0262895,0.213536,0.0944859,0.704006,0.439461,0.551986,0.213626,nan,nan,nan,nan,nan,nan,nan,nan
5.05537,-0.119464,-0.0345512,-0.744054,-0.199318,0.18088,-0.206178,-0.0318615,-0.059967,-0.0639848,-0.0427675,0.0409673,0.00847003,nan,nan,nan,nan,nan,nan,nan,nan,nan,nan,nan,nan,nan,nan,nan,0.00526341,0.0348553,0.177896,0,0,-0.477482,0.00673143,-0.00424002,-1,-0.000674282,Idle,,nan,nan,nan,nan,0,0,0,0,0,-0.477482,0.0245754,0.216291,0.0946193,0.707512,0.436647,0.552801,0.21297,nan,nan,nan,nan,nan,nan,nan,nan
5.06287,-0.121868,-0.0340431,-0.745003,-0.192076,0.175953,-0.211809,-0.0321409,-0.0597649,-0.06393,-0.0286962,0.0211439,0.000534177,nan,nan,nan,nan,nan,nan,nan,nan,nan,nan,nan,nan,nan,nan,nan,0.00526341,0.0348553,0.177896,0,0,-0.477482,0.00673143,-0.00424002,-1,-0.000674282,Idle,,nan,nan,nan,nan,0,0,0,0,0,-0.478249,0.020623,0.217192,0.0946718,0.711763,0.434034,0.551356,0.215842,nan,nan,nan,nan,nan,nan,nan,nan
5.07423,-0.124192,-0.0334633,-0.745956,-0.192946,0.17207,-0.211223,-0.0320943,-0.0598105,-0.0636905,0.00875878,-0.0070041,0.0202266,nan,nan,nan,nan,nan,nan,nan,nan,nan,nan,nan,nan,nan,nan,nan,0.0351831,0.0331444,0.17658,0,0,-0.47642,0.00673143,-0.00424002,-1,-0.000674282,Idle,,nan,nan,nan,nan,0,0,0,0,0,-0.476425,0.0273604,0.214996,0.0946655,0.703616,0.438521,0.552752,0.210812,nan,nan,nan,nan,nan,nan,nan,nan
5.0841,-0.126464,-0.0328557,-0.74693,-0.189053,0.173346,-0.206959,-0.0322335,-0.0596998,-0.0634405,-0.0119281,0.0103984,0.0223079,nan,nan,nan,nan,nan,nan,nan,nan,nan,nan,nan,nan,nan,nan,nan,0.0351831,0.0331444,0.17658,0,0,-0.47642,0.00673143,-0.00424002,-1,-0.000674282,Idle,,nan,nan,nan,nan,0,0,0,0,0,-0.477348,0.0166014,0.220436,0.094632,0.71596,0.427956,0.549945,0.215532,nan,nan,nan,nan,nan,nan,nan,nan
5.09472,-0.128705,-0.0322381,-0.747927,-0.186898,0.177101,-0.202372,-0.0325021,-0.0594672,-0.0632374,-0.0266352,0.0241236,0.0175909,nan,nan,nan,nan,nan,nan,nan,nan,nan,nan,nan,nan,nan,nan,nan,0.0129214,0.0346929,0.175311,0,0,-0.478417,0.00673143,-0.00424002,-1,-0.000674282,Idle,,nan,nan,nan,nan,0,0,0,0,0,-0.478417,0.0252349,0.225783,0.0945255,0.714599,0.431243,0.561003,0.206824,nan,nan,nan,nan,nan,nan,nan,nan
5.10231,-0.13091,-0.0316126,-0.748945,-0.181508,0.178524,-0.207039,-0.0326669,-0.0595024,-0.0630113,-0.0149587,-0.0057263,0.0193069,nan,nan,nan,nan,nan,nan,nan,nan,nan,nan,nan,nan,nan,nan,nan,0.0129214,0.0346929,0.175311,0,0,-0.478417,0.00673143,-0.00424002,-1,-0.000674282,Idle,,nan,nan,nan,nan,0,0,0,0,0,-0.476937,0.0248471,0.222,0.0943932,0.710586,0.432031,0.556708,0.208423,nan,nan,nan,nan,nan,nan,nan,nan
5.11279,-0.135181,-0.0305445,-0.750904,-0.177129,0.170572,-0.201727,-0.0324751,-0.0597961,-0.0624389,-0.00178812,-0.0104568,0.0217765,nan,nan,nan,nan,nan,nan,nan,nan,nan,nan,nan,nan,nan,nan,nan,0.0346186,0.0371296,0.173518,0,0,-0.47653,0.00673143,-0.00424002,-1,-0.000674282,Idle,,nan,nan,nan,nan,0,0,0,0,0,-0.476937,0.0248471,0.222,0.0943932,0.710586,0.432031,0.556708,0.208423,nan,nan,nan,nan,nan,nan,nan,nan
5.11941,-0.137288,-0.0301679,-0.751855,-0.172131,0.182162,-0.195902,-0.0324506,-0.0596542,-0.0621615,0.00700973,0.0139107,0.0247866,nan,nan,nan,nan,nan,nan,nan,nan,nan,nan,nan,nan,nan,nan,nan,0.0346186,0.0371296,0.173518,0,0,-0.47653,0.00673143,-0.00424002,-1,-0.000674282,Idle,,nan,nan,nan,nan,0,0,0,0,0,-0.47653,0.0169274,0.228864,0.0942403,0.72048,0.421017,0.555706,0.208918,nan,nan,nan,nan,nan,nan,nan,nan
5.13337,-0.139589,-0.0294726,-0.753111,-0.170095,0.169429,-0.201396,-0.0322415,-0.0596422,-0.0619654,0.0269428,-0.000294464,0.015351,nan,nan,nan,nan,nan,nan,nan,nan,nan,nan,nan,nan,nan,nan,nan,-0.00994256,0.0447158,0.172576,0,0,-0.47934,0.00673143,-0.00424002,-1,-0.000674282,Idle,,nan,nan,nan,nan,0,0,0,0,0,-0.47934,0.011344,0.224021,0.0940458,0.723619,0.42311,0.551338,0.219296,nan,nan,nan,nan,nan,nan,nan,nan
5.14243,-0.141607,-0.0290397,-0.754075,-0.16474,0.168027,-0.199519,-0.0317669,-0.0597398,-0.0617286,0.0567111,-0.0125784,0.019627,nan,nan,nan,nan,nan,nan,nan,nan,nan,nan,nan,nan,nan,nan,nan,-0.00994256,0.0447158,0.172576,0,0,-0.47934,0.00673143,-0.00424002,-1,-0.000674282,Idle,,nan,nan,nan,nan,0,0,0,0,0,-0.477467,0.0223431,0.224795,0.0939671,0.714437,0.428388,0.557869,0.209176,nan,nan,nan,nan,nan,nan,nan,nan
5.15088,-0.143542,-0.0285581,-0.755055,-0.156493,0.180686,-0.192193,-0.0317831,-0.059689,-0.0614609,0.00222168,0.00387225,0.023766,nan,nan,nan,nan,nan,nan,nan,nan,nan,nan,nan,nan,nan,nan,nan,0.0297055,0.0509854,0.171082,0,0,-0.477722,0.00673143,-0.00424002,-1,-0.000674282,Idle,,nan,nan,nan,nan,0,0,0,0,0,-0.477467,0.0223431,0.224795,0.0939671,0.714437,0.428388,0.557869,0.209176,nan,nan,nan,nan,nan,nan,nan,nan
5.16014,-0.145442,-0.0280426,-0.756041,-0.16043,0.178121,-0.188932,-0.0319239,-0.0594336,-0.0613355,-0.0125921,0.0270484,0.00878662,nan,nan,nan,nan,nan,nan,nan,nan,nan,nan,nan,nan,nan,nan,nan,0.0297055,0.0509854,0.171082,0,0,-0.477722,0.00673143,-0.00424002,-1,-0.000674282,Idle,,nan,nan,nan,nan,0,0,0,0,0,-0.479547,0.0180629,0.230289,0.0941342,0.723595,0.423724,0.560637,0.210233,nan,nan,nan,nan,nan,nan,nan,nan
5.17048,-0.147326,-0.0275326,-0.757043,-0.15914,0.168885,-0.194682,-0.0320021,-0.0594506,-0.0612291,-0.00588465,-0.00304996,0.00593368,nan,nan,nan,nan,nan,nan,nan,nan,nan,nan,nan,nan,nan,nan,nan,0.0300147,0.0383188,0.16959,0,0,-0.478478,0.00673143,-0.00424002,-1,-0.000674282,Idle,,nan,nan,nan,nan,0,0,0,0,0,-0.479547,0.0180629,0.230289,0.0941342,0.723595,0.423724,0.560637,0.210233,nan,nan,nan,nan,nan,nan,nan,nan
5.17755,-0.149161,-0.026975,-0.758033,-0.154664,0.163302,-0.192453,-0.0318801,-0.0595254,-0.0610006,0.0171943,-0.00985886,0.0194315,nan,nan,nan,nan,nan,nan,nan,nan,nan,nan,nan,nan,nan,nan,nan,0.0300147,0.0383188,0.16959,0,0,-0.478478,0.00673143,-0.00424002,-1,-0.000674282,Idle,,nan,nan,nan,nan,0,0,0,0,0,-0.480292,0.0246249,0.223737,0.0942476,0.71518,0.433855,0.561277,0.210856,nan,nan,nan,nan,nan,nan,nan,nan
5.19365,-0.15092,-0.0263866,-0.759023,-0.146395,0.171005,-0.186882,-0.032351,-0.0593985,-0.0608555,-0.0494332,0.0129125,0.0110218,nan,nan,nan,nan,nan,nan,nan,nan,nan,nan,nan,nan,nan,nan,nan,0.0139677,0.0590299,0.169767,0,0,-0.48007,0.00673143,-0.00424002,-1,-0.000674282,Idle,,nan,nan,nan,nan,0,0,0,0,0,-0.48007,0.0290342,0.226632,0.0947111,0.714351,0.435168,0.565756,0.205006,nan,nan,nan,nan,nan,nan,nan,nan
5.19829,-0.15453,-0.0257404,-0.761014,-0.146873,0.169705,-0.189034,-0.033091,-0.0589535,-0.060755,-0.027079,0.00537413,0.000663716,nan,nan,nan,nan,nan,nan,nan,nan,nan,nan,nan,nan,nan,nan,nan,0.0139677,0.0590299,0.169767,0,0,-0.48007,0.00673143,-0.00424002,-1,-0.000674282,Idle,,nan,nan,nan,nan,0,0,0,0,0,-0.48007,0.0290342,0.226632,0.0947111,0.714351,0.435168,0.565756,0.205006,nan,nan,nan,nan,nan,nan,nan,nan
5.21105,-0.156265,-0.0253406,-0.762036,-0.144648,0.166066,-0.191131,-0.0331255,-0.058956,-0.0606361,-0.000572416,-0.0014782,0.00691464,nan,nan,nan,nan,nan,nan,nan,nan,nan,nan,nan,nan,nan,nan,nan,0.0216334,0.0403226,0.168631,0,0,-0.479181,0.00673143,-0.00424002,-1,-0.000674282,Idle,,nan,nan,nan,nan,0,0,0,0,0,-0.480653,0.0302979,0.2174,0.0950015,0.707801,0.443462,0.560416,0.21093,nan,nan,nan,nan,nan,nan,nan,nan
5.22106,-0.157938,-0.0249159,-0.763057,-0.136313,0.167215,-0.182721,-0.0336009,-0.0587925,-0.0605015,-0.0496293,0.0169679,0.00942079,nan,nan,nan,nan,nan,nan,nan,nan,nan,nan,nan,nan,nan,nan,nan,0.0216334,0.0403226,0.168631,0,0,-0.479181,0.00673143,-0.00424002,-1,-0.000674282,Idle,,nan,nan,nan,nan,0,0,0,0,0,-0.478383,0.0298806,0.223775,0.095522,0.710856,0.43691,0.561839,0.203928,nan,nan,nan,nan,nan,nan,nan,nan
5.23488,-0.159565,-0.0244965,-0.764079,-0.135389,0.175466,-0.175249,-0.0338792,-0.0583436,-0.0604541,-0.0283146,0.0490895,0.000982093,nan,nan,nan,nan,nan,nan,nan,nan,nan,nan,nan,nan,nan,nan,nan,0.0263598,0.0553427,0.16848,0,0,-0.480327,0.00673143,-0.00424002,-1,-0.000674282,Idle,,nan,nan,nan,nan,0,0,0,0,0,-0.480327,0.0241147,0.224479,0.0957701,0.717622,0.434527,0.559954,0.209205,nan,nan,nan,nan,nan,nan,nan,nan
5.24093,-0.161191,-0.0240602,-0.765131,-0.13422,0.171495,-0.182879,-0.0339563,-0.0582632,-0.0603984,-0.00590006,0.00807974,0.000683352,nan,nan,nan,nan,nan,nan,nan,nan,nan,nan,nan,nan,nan,nan,nan,0.0263598,0.0553427,0.16848,0,0,-0.480327,0.00673143,-0.00424002,-1,-0.000674282,Idle,,nan,nan,nan,nan,0,0,0,0,0,-0.482249,0.0200034,0.228667,0.0959867,0.725629,0.430798,0.561711,0.210859,nan,nan,nan,nan,nan,nan,nan,nan
5.254,-0.162945,-0.0233188,-0.766451,-0.128396,0.160115,-0.182799,-0.0336851,-0.0583285,-0.0602614,0.0331811,-0.00836967,0.00928606,nan,nan,nan,nan,nan,nan,nan,nan,nan,nan,nan,nan,nan,nan,nan,0.0486945,0.0534246,0.167659,0,0,-0.479546,0.00673143,-0.00424002,-1,-0.000674282,Idle,,nan,nan,nan,nan,0,0,0,0,0,-0.479982,0.0282283,0.221977,0.0961412,0.71297,0.439231,0.560379,0.207347,nan,nan,nan,nan,nan,nan,nan,nan
5.26123,-0.164437,-0.0228251,-0.767542,-0.121592,0.172703,-0.178183,-0.0338743,-0.0583597,-0.0600763,-0.0177385,-0.00480409,0.0150182,nan,nan,nan,nan,nan,nan,nan,nan,nan,nan,nan,nan,nan,nan,nan,0.0486945,0.0534246,0.167659,0,0,-0.479546,0.00673143,-0.00424002,-1,-0.000674282,Idle,,nan,nan,nan,nan,0,0,0,0,0,-0.480644,0.0140308,0.231897,0.0963345,0.730879,0.423033,0.557819,0.210845,nan,nan,nan,nan,nan,nan,nan,nan
5.27451,-0.165892,-0.0222833,-0.768648,-0.121313,0.172684,-0.178826,-0.0340905,-0.0580791,-0.060073,-0.0218779,0.0306416,-0.00390677,nan,nan,nan,nan,nan,nan,nan,nan,nan,nan,nan,nan,nan,nan,nan,0.00610032,0.0547782,0.167318,0,0,-0.480285,0.00673143,-0.00424002,-1,-0.000674282,Idle,,nan,nan,nan,nan,0,0,0,0,0,-0.480285,0.0248786,0.224512,0.0965856,0.717878,0.435818,0.55966,0.207783,nan,nan,nan,nan,nan,nan,nan,nan
5.28226,-0.167299,-0.0217221,-0.769757,-0.121302,0.161069,-0.184371,-0.0341346,-0.0582771,-0.0600934,-0.00292827,-0.0225061,-0.00820515,nan,nan,nan,nan,nan,nan,nan,nan,nan,nan,nan,nan,nan,nan,nan,0.00610032,0.0547782,0.167318,0,0,-0.480285,0.00673143,-0.00424002,-1,-0.000674282,Idle,,nan,nan,nan,nan,0,0,0,0,0,-0.478493,0.0343051,0.223835,0.0968229,0.709179,0.441407,0.563819,0.199566,nan,nan,nan,nan,nan,nan,nan,nan
5.29229,-0.170045,-0.0205709,-0.772024,-0.113314,0.167795,-0.182777,-0.0344958,-0.0584475,-0.0599033,-0.0467528,0.0072046,0.00127736,nan,nan,nan,nan,nan,nan,nan,nan,nan,nan,nan,nan,nan,nan,nan,0.0651868,0.0434474,0.166497,0,0,-0.477708,0.00673143,-0.00424002,-1,-0.000674282,Idle,,nan,nan,nan,nan,0,0,0,0,0,-0.478493,0.0343051,0.223835,0.0968229,0.709179,0.441407,0.563819,0.199566,nan,nan,nan,nan,nan,nan,nan,nan
5.30122,-0.171327,-0.0199446,-0.773186,-0.110214,0.166426,-0.182281,-0.0350303,-0.0583138,-0.0598919,-0.0577804,0.0144286,-0.00297362,nan,nan,nan,nan,nan,nan,nan,nan,nan,nan,nan,nan,nan,nan,nan,0.0651868,0.0434474,0.166497,0,0,-0.477708,0.00673143,-0.00424002,-1,-0.000674282,Idle,,nan,nan,nan,nan,0,0,0,0,0,-0.478485,0.0345356,0.226085,0.0973682,0.711145,0.440516,0.56502,0.197259,nan,nan,nan,nan,nan,nan,nan,nan
5.31224,-0.172615,-0.0196047,-0.774357,-0.108635,0.158339,-0.185087,-0.0351959,-0.0584207,-0.0599031,-0.0166184,-0.0123077,-0.00621757,nan,nan,nan,nan,nan,nan,nan,nan,nan,nan,nan,nan,nan,nan,nan,0.0181502,0.058033,0.167111,0,0,-0.478337,0.00673143,-0.00424002,-1,-0.000674282,Idle,,nan,nan,nan,nan,0,0,0,0,0,-0.478337,0.0216186,0.224087,0.0976242,0.718973,0.432903,0.55407,0.207401,nan,nan,nan,nan,nan,nan,nan,nan
5.32106,-0.173908,-0.0192172,-0.775533,-0.11056,0.152661,-0.188275,-0.0351909,-0.0585861,-0.0598329,0.00344371,-0.0192175,0.00169215,nan,nan,nan,nan,nan,nan,nan,nan,nan,nan,nan,nan,nan,nan,nan,0.0181502,0.058033,0.167111,0,0,-0.478337,0.00673143,-0.00424002,-1,-0.000674282,Idle,,nan,nan,nan,nan,0,0,0,0,0,-0.477263,0.0264943,0.224889,0.0979425,0.715337,0.435028,0.556693,0.201994,nan,nan,nan,nan,nan,nan,nan,nan
5.33448,-0.175146,-0.0188049,-0.776749,-0.102916,0.165984,-0.181708,-0.0357036,-0.0586015,-0.0598013,-0.0545125,-0.00236205,-0.00184292,nan,nan,nan,nan,nan,nan,nan,nan,nan,nan,nan,nan,nan,nan,nan,0.0109378,0.0586582,0.167118,0,0,-0.477717,0.00673143,-0.00424002,-1,-0.000674282,Idle,,nan,nan,nan,nan,0,0,0,0,0,-0.476184,0.0315555,0.221477,0.0983018,0.708626,0.440299,0.556423,0.199387,nan,nan,nan,nan,nan,nan,nan,nan
5.34081,-0.176321,-0.0183669,-0.777978,-0.0952688,0.166947,-0.176814,-0.0360687,-0.058256,-0.0597949,-0.0381006,0.037732,-0.00302274,nan,nan,nan,nan,nan,nan,nan,nan,nan,nan,nan,nan,nan,nan,nan,0.0109378,0.0586582,0.167118,0,0,-0.477717,0.00673143,-0.00424002,-1,-0.000674282,Idle,,nan,nan,nan,nan,0,0,0,0,0,-0.477717,0.0219622,0.225742,0.0985497,0.720206,0.432282,0.553938,0.204443,nan,nan,nan,nan,nan,nan,nan,nan
5.35361,-0.177433,-0.0179451,-0.77921,-0.091883,0.156403,-0.183856,-0.0361025,-0.0582872,-0.0598338,-0.00175615,-0.00381656,-0.00948389,nan,nan,nan,nan,nan,nan,nan,nan,nan,nan,nan,nan,nan,nan,nan,0.0451228,0.0736338,0.167002,0,0,-0.476405,0.00673143,-0.00424002,-1,-0.000674282,Idle,,nan,nan,nan,nan,0,0,0,0,0,-0.476405,0.028397,0.220269,0.0988047,0.710729,0.439644,0.553054,0.202192,nan,nan,nan,nan,nan,nan,nan,nan
5.36621,-0.179767,-0.016741,-0.782012,-0.0906979,0.163309,-0.177091,-0.0360759,-0.0579228,-0.0596782,-0.0210666,0.0343494,0.0049853,nan,nan,nan,nan,nan,nan,nan,nan,nan,nan,nan,nan,nan,nan,nan,0.0451228,0.0736338,0.167002,0,0,-0.476405,0.00673143,-0.00424002,-1,-0.000674282,Idle,,nan,nan,nan,nan,0,0,0,0,0,-0.475106,0.0187821,0.219879,0.0990541,0.716202,0.432071,0.544432,0.207717,nan,nan,nan,nan,nan,nan,nan,nan
5.37774,-0.180803,-0.016233,-0.783298,-0.0849564,0.160664,-0.184898,-0.0360231,-0.0573976,-0.0597881,0.0072789,0.0584548,-0.0146342,nan,nan,nan,nan,nan,nan,nan,nan,nan,nan,nan,nan,nan,nan,nan,0.0161407,0.0595863,0.166898,0,0,-0.477697,0.00673143,-0.00424002,-1,-0.000674282,Idle,,nan,nan,nan,nan,0,0,0,0,0,-0.477697,0.01654,0.219547,0.0992489,0.720339,0.433506,0.545007,0.211935,nan,nan,nan,nan,nan,nan,nan,nan
5.3813,-0.181786,-0.0156631,-0.784602,-0.0837489,0.157792,-0.188619,-0.0357085,-0.0571282,-0.0598393,0.0365735,0.0296497,-0.00894608,nan,nan,nan,nan,nan,nan,nan,nan,nan,nan,nan,nan,nan,nan,nan,0.0161407,0.0595863,0.166898,0,0,-0.477697,0.00673143,-0.00424002,-1,-0.000674282,Idle,,nan,nan,nan,nan,0,0,0,0,0,-0.477697,0.01654,0.219547,0.0992489,0.720339,0.433506,0.545007,0.211935,nan,nan,nan,nan,nan,nan,nan,nan
5.40113,-0.18273,-0.0150713,-0.78591,-0.0820429,0.157036,-0.184275,-0.035327,-0.0568067,-0.0597657,0.0451602,0.0352891,0.00525942,nan,nan,nan,nan,nan,nan,nan,nan,nan,nan,nan,nan,nan,nan,nan,0.0307774,0.0608645,0.166732,0,0,-0.473949,0.00673143,-0.00424002,-1,-0.000674282,Idle,,nan,nan,nan,nan,0,0,0,0,0,-0.473949,0.0139181,0.217272,0.0996702,0.717258,0.429934,0.537379,0.211225,nan,nan,nan,nan,nan,nan,nan,nan
5.40186,-0.183646,-0.0144825,-0.78724,-0.082213,0.158326,-0.1785,-0.0352983,-0.0561298,-0.0597754,0.00504923,0.0750026,-0.0024614,nan,nan,nan,nan,nan,nan,nan,nan,nan,nan,nan,nan,nan,nan,nan,0.0307774,0.0608645,0.166732,0,0,-0.473949,0.00673143,-0.00424002,-1,-0.000674282,Idle,,nan,nan,nan,nan,0,0,0,0,0,-0.474798,0.0196463,0.206041,0.0999339,0.706378,0.443039,0.534076,0.215698,nan,nan,nan,nan,nan,nan,nan,nan
5.41468,-0.184545,-0.014103,-0.788606,-0.074762,0.159324,-0.18409,-0.0351923,-0.0553542,-0.0598835,0.0129913,0.0864067,-0.0128541,nan,nan,nan,nan,nan,nan,nan,nan,nan,nan,nan,nan,nan,nan,nan,0.0246136,0.0451936,0.166726,0,0,-0.476071,0.00673143,-0.00424002,-1,-0.000674282,Idle,,nan,nan,nan,nan,0,0,0,0,0,-0.476071,0.0143866,0.210776,0.100234,0.715018,0.437545,0.534676,0.217045,nan,nan,nan,nan,nan,nan,nan,nan
5.42149,-0.185371,-0.0136671,-0.789971,-0.0732985,0.148977,-0.187042,-0.0347223,-0.0548604,-0.0598999,0.0545356,0.0546915,-0.00423861,nan,nan,nan,nan,nan,nan,nan,nan,nan,nan,nan,nan,nan,nan,nan,0.0246136,0.0451936,0.166726,0,0,-0.476071,0.00673143,-0.00424002,-1,-0.000674282,Idle,,nan,nan,nan,nan,0,0,0,0,0,-0.4742,0.0217114,0.207577,0.100488,0.70596,0.44337,0.535471,0.212,nan,nan,nan,nan,nan,nan,nan,nan
5.43073,-0.186164,-0.0132245,-0.791342,-0.0758679,0.147684,-0.187839,-0.0343453,-0.0543111,-0.0598767,0.0441361,0.0604175,0.000482069,nan,nan,nan,nan,nan,nan,nan,nan,nan,nan,nan,nan,nan,nan,nan,0.0459701,0.0382947,0.166628,0,0,-0.472527,0.00673143,-0.00424002,-1,-0.000674282,Idle,,nan,nan,nan,nan,0,0,0,0,0,-0.4742,0.0217114,0.207577,0.100488,0.70596,0.44337,0.535471,0.212,nan,nan,nan,nan,nan,nan,nan,nan
5.44083,-0.186944,-0.0127688,-0.792743,-0.0724857,0.159474,-0.182024,-0.0342828,-0.0535181,-0.0598929,0.00909468,0.0884785,-0.00284014,nan,nan,nan,nan,nan,nan,nan,nan,nan,nan,nan,nan,nan,nan,nan,0.0459701,0.0382947,0.166628,0,0,-0.472527,0.00673143,-0.00424002,-1,-0.000674282,Idle,,nan,nan,nan,nan,0,0,0,0,0,-0.473842,0.0144491,0.21215,0.100916,0.714398,0.43507,0.532781,0.213117,nan,nan,nan,nan,nan,nan,nan,nan
5.45398,-0.187699,-0.0122572,-0.794152,-0.0631008,0.161414,-0.183011,-0.0340903,-0.0526741,-0.0599586,0.0231642,0.0938948,-0.00801045,nan,nan,nan,nan,nan,nan,nan,nan,nan,nan,nan,nan,nan,nan,nan,-0.0023263,0.0599333,0.167268,0,0,-0.473148,0.00673143,-0.00424002,-1,-0.000674282,Idle,,nan,nan,nan,nan,0,0,0,0,0,-0.473148,0.0196412,0.210582,0.101096,0.709105,0.439336,0.534472,0.209679,nan,nan,nan,nan,nan,nan,nan,nan
5.45934,-0.188385,-0.0117181,-0.795553,-0.0619255,0.150247,-0.183906,-0.0336185,-0.052153,-0.0599774,0.0545059,0.0577975,-0.00390617,nan,nan,nan,nan,nan,nan,nan,nan,nan,nan,nan,nan,nan,nan,nan,-0.0023263,0.0599333,0.167268,0,0,-0.473148,0.00673143,-0.00424002,-1,-0.000674282,Idle,,nan,nan,nan,nan,0,0,0,0,0,-0.473148,0.0196412,0.210582,0.101096,0.709105,0.439336,0.534472,0.209679,nan,nan,nan,nan,nan,nan,nan,nan
5.47147,-0.189689,-0.0106488,-0.798358,-0.0555765,0.159474,-0.177671,-0.0329166,-0.0507106,-0.0599435,0.0334907,0.10424,-0.000879587,nan,nan,nan,nan,nan,nan,nan,nan,nan,nan,nan,nan,nan,nan,nan,0.0365138,0.0484511,0.166852,0,0,-0.472391,0.00673143,-0.00424002,-1,-0.000674282,Idle,,nan,nan,nan,nan,0,0,0,0,0,-0.472453,0.0148165,0.211301,0.101287,0.71252,0.434912,0.530683,0.211696,nan,nan,nan,nan,nan,nan,nan,nan
5.48079,-0.190302,-0.0100437,-0.799794,-0.0521206,0.160996,-0.177694,-0.0326216,-0.0499722,-0.0599825,0.0347269,0.0825295,-0.00506492,nan,nan,nan,nan,nan,nan,nan,nan,nan,nan,nan,nan,nan,nan,nan,0.0365138,0.0484511,0.166852,0,0,-0.472391,0.00673143,-0.00424002,-1,-0.000674282,Idle,,nan,nan,nan,nan,0,0,0,0,0,-0.473532,0.0140034,0.213966,0.101642,0.716414,0.433887,0.532716,0.211113,nan,nan,nan,nan,nan,nan,nan,nan
5.50158,-0.190959,-0.009184,-0.801462,-0.0515815,0.149824,-0.181484,-0.0318972,-0.0495311,-0.0600232,0.0823096,0.049025,-0.00621737,nan,nan,nan,nan,nan,nan,nan,nan,nan,nan,nan,nan,nan,nan,nan,-0.0124724,0.0498964,0.167339,0,0,-0.473171,0.00673143,-0.00424002,-1,-0.000674282,Idle,,nan,nan,nan,nan,0,0,0,0,0,-0.471637,0.0278447,0.21155,0.101959,0.70334,0.443804,0.538584,0.200819,nan,nan,nan,nan,nan,nan,nan,nan
5.50302,-0.191514,-0.00870842,-0.802908,-0.0459618,0.157997,-0.176763,-0.031626,-0.0490637,-0.059968,0.0323016,0.0516331,0.00465882,nan,nan,nan,nan,nan,nan,nan,nan,nan,nan,nan,nan,nan,nan,nan,-0.0124724,0.0498964,0.167339,0,0,-0.473171,0.00673143,-0.00424002,-1,-0.000674282,Idle,,nan,nan,nan,nan,0,0,0,0,0,-0.471637,0.0278447,0.21155,0.101959,0.70334,0.443804,0.538584,0.200819,nan,nan,nan,nan,nan,nan,nan,nan
5.51421,-0.192066,-0.00821605,-0.804365,-0.0481623,0.15672,-0.177209,-0.031639,-0.04823,-0.0599808,0.000622859,0.0925995,-0.00183786,nan,nan,nan,nan,nan,nan,nan,nan,nan,nan,nan,nan,nan,nan,nan,-0.00151016,0.0351639,0.166691,0,0,-0.472149,0.00673143,-0.00424002,-1,-0.000674282,Idle,,nan,nan,nan,nan,0,0,0,0,0,-0.472589,0.0155028,0.215847,0.1021,0.716199,0.433132,0.533706,0.207321,nan,nan,nan,nan,nan,nan,nan,nan
5.52093,-0.192582,-0.00773616,-0.805825,-0.0453804,0.14954,-0.184066,-0.031527,-0.0477097,-0.0600761,0.0139781,0.0577225,-0.0119115,nan,nan,nan,nan,nan,nan,nan,nan,nan,nan,nan,nan,nan,nan,nan,-0.00151016,0.0351639,0.166691,0,0,-0.472149,0.00673143,-0.00424002,-1,-0.000674282,Idle,,nan,nan,nan,nan,0,0,0,0,0,-0.469869,0.0271504,0.211223,0.102227,0.702101,0.442044,0.535828,0.199503,nan,nan,nan,nan,nan,nan,nan,nan
5.53432,-0.193051,-0.00721851,-0.807271,-0.0468316,0.143784,-0.181572,-0.031169,-0.047072,-0.0599947,0.0425371,0.0708346,0.00822807,nan,nan,nan,nan,nan,nan,nan,nan,nan,nan,nan,nan,nan,nan,nan,0.0341549,0.0237445,0.166437,0,0,-0.470159,0.00673143,-0.00424002,-1,-0.000674282,Idle,,nan,nan,nan,nan,0,0,0,0,0,-0.470159,0.0335315,0.206465,0.102311,0.694598,0.450295,0.537183,0.198561,nan,nan,nan,nan,nan,nan,nan,nan
5.54028,-0.193483,-0.00662641,-0.808719,-0.0399225,0.156121,-0.178049,-0.0313876,-0.0465913,-0.0599288,-0.0220312,0.0530775,0.00604572,nan,nan,nan,nan,nan,nan,nan,nan,nan,nan,nan,nan,nan,nan,nan,0.0341549,0.0237445,0.166437,0,0,-0.470159,0.00673143,-0.00424002,-1,-0.000674282,Idle,,nan,nan,nan,nan,0,0,0,0,0,-0.470804,0.0222387,0.220069,0.102394,0.71293,0.433418,0.539374,0.197494,nan,nan,nan,nan,nan,nan,nan,nan
5.55229,-0.194321,-0.00546393,-0.81163,-0.0396498,0.15298,-0.176868,-0.0315875,-0.0452622,-0.0598823,0.00325939,0.0674367,0.00190949,nan,nan,nan,nan,nan,nan,nan,nan,nan,nan,nan,nan,nan,nan,nan,-0.00732705,0.0232852,0.166283,0,0,-0.472163,0.00673143,-0.00424002,-1,-0.000674282,Idle,,nan,nan,nan,nan,0,0,0,0,0,-0.470804,0.0222387,0.220069,0.102394,0.71293,0.433418,0.539374,0.197494,nan,nan,nan,nan,nan,nan,nan,nan
5.55912,-0.194682,-0.00481391,-0.813075,-0.0354683,0.147007,-0.175439,-0.0313015,-0.0449154,-0.0597545,0.0341159,0.0377779,0.0127643,nan,nan,nan,nan,nan,nan,nan,nan,nan,nan,nan,nan,nan,nan,nan,-0.00732705,0.0232852,0.166283,0,0,-0.472163,0.00673143,-0.00424002,-1,-0.000674282,Idle,,nan,nan,nan,nan,0,0,0,0,0,-0.472163,0.0229977,0.209391,0.102387,0.706195,0.442858,0.53373,0.205871,nan,nan,nan,nan,nan,nan,nan,nan
5.57303,-0.195005,-0.00415686,-0.814509,-0.0288444,0.154095,-0.170129,-0.0312665,-0.0444227,-0.0596217,0.00635036,0.0544973,0.0140613,nan,nan,nan,nan,nan,nan,nan,nan,nan,nan,nan,nan,nan,nan,nan,0.018447,0.0304811,0.165628,0,0,-0.470285,0.00673143,-0.00424002,-1,-0.000674282,Idle,,nan,nan,nan,nan,0,0,0,0,0,-0.470285,0.0231114,0.216508,0.102319,0.709202,0.43596,0.537031,0.198949,nan,nan,nan,nan,nan,nan,nan,nan
5.5805,-0.195326,-0.00349539,-0.815946,-0.0320144,0.155729,-0.165714,-0.031402,-0.0437322,-0.0595349,-0.012954,0.0764086,0.00968434,nan,nan,nan,nan,nan,nan,nan,nan,nan,nan,nan,nan,nan,nan,nan,0.018447,0.0304811,0.165628,0,0,-0.470285,0.00673143,-0.00424002,-1,-0.000674282,Idle,,nan,nan,nan,nan,0,0,0,0,0,-0.471366,0.0169293,0.220828,0.102252,0.717641,0.429547,0.53686,0.201417,nan,nan,nan,nan,nan,nan,nan,nan
5.59205,-0.195624,-0.00281463,-0.817387,-0.0266169,0.154803,-0.17191,-0.0311864,-0.0434057,-0.0594602,0.0260366,0.0359271,0.00716561,nan,nan,nan,nan,nan,nan,nan,nan,nan,nan,nan,nan,nan,nan,nan,-0.0112626,0.0223823,0.165094,0,0,-0.472261,0.00673143,-0.00424002,-1,-0.000674282,Idle,,nan,nan,nan,nan,0,0,0,0,0,-0.472261,0.0142091,0.219761,0.102114,0.717641,0.429547,0.53686,0.201417,nan,nan,nan,nan,nan,nan,nan,nan
5.60165,-0.195886,-0.00206949,-0.818807,-0.027206,0.148779,-0.173394,-0.0308096,-0.0432619,-0.0592473,0.0445862,0.0151404,0.0220117,nan,nan,nan,nan,nan,nan,nan,nan,nan,nan,nan,nan,nan,nan,nan,-0.0112626,0.0223823,0.165094,0,0,-0.472261,0.00673143,-0.00424002,-1,-0.000674282,Idle,,nan,nan,nan,nan,0,0,0,0,0,-0.470192,0.021223,0.214998,0.101874,0.708931,0.435153,0.53498,0.201703,nan,nan,nan,nan,nan,nan,nan,nan
5.61088,-0.196167,-0.00122065,-0.820457,-0.021598,0.155429,-0.163346,-0.0309284,-0.0429026,-0.0590106,-0.0104884,0.0388433,0.025371,nan,nan,nan,nan,nan,nan,nan,nan,nan,nan,nan,nan,nan,nan,nan,-0.0143473,0.0360752,0.163826,0,0,-0.471676,0.00673143,-0.00424002,-1,-0.000674282,Idle,,nan,nan,nan,nan,0,0,0,0,0,-0.470192,0.021223,0.214998,0.101874,0.708931,0.435153,0.53498,0.201703,nan,nan,nan,nan,nan,nan,nan,nan
5.61769,-0.196414,-0.000611195,-0.82187,-0.0248791,0.155759,-0.164447,-0.0310284,-0.042382,-0.0587597,-0.0081505,0.0571712,0.0277392,nan,nan,nan,nan,nan,nan,nan,nan,nan,nan,nan,nan,nan,nan,nan,-0.0143473,0.0360752,0.163826,0,0,-0.471676,0.00673143,-0.00424002,-1,-0.000674282,Idle,,nan,nan,nan,nan,0,0,0,0,0,-0.469394,0.0221802,0.214868,0.10161,0.707101,0.43486,0.535032,0.200584,nan,nan,nan,nan,nan,nan,nan,nan
5.63364,-0.196628,3.95809e-05,-0.823296,-0.0228214,0.14554,-0.169543,-0.0309352,-0.042226,-0.0584838,0.0134562,0.0162157,0.0292242,nan,nan,nan,nan,nan,nan,nan,nan,nan,nan,nan,nan,nan,nan,nan,0.0176918,0.021037,0.161708,0,0,-0.469245,0.00673143,-0.00424002,-1,-0.000674282,Idle,,nan,nan,nan,nan,0,0,0,0,0,-0.469245,0.0242876,0.212956,0.100765,0.703265,0.436708,0.535867,0.201141,nan,nan,nan,nan,nan,nan,nan,nan
5.63832,-0.196997,0.00140206,-0.826086,-0.0180226,0.159865,-0.15569,-0.0309878,-0.0416297,-0.0577652,-0.0256912,0.0400944,0.0397607,nan,nan,nan,nan,nan,nan,nan,nan,nan,nan,nan,nan,nan,nan,nan,0.0176918,0.021037,0.161708,0,0,-0.469245,0.00673143,-0.00424002,-1,-0.000674282,Idle,,nan,nan,nan,nan,0,0,0,0,0,-0.469245,0.0242876,0.212956,0.100765,0.703265,0.436708,0.535867,0.201141,nan,nan,nan,nan,nan,nan,nan,nan
5.65107,-0.197171,0.0021251,-0.827466,-0.0162661,0.158907,-0.155081,-0.0311509,-0.0409384,-0.057508,-0.0152838,0.0754844,0.0291378,nan,nan,nan,nan,nan,nan,nan,nan,nan,nan,nan,nan,nan,nan,nan,-0.0340039,0.0224332,0.159714,0,0,-0.472389,0.00673143,-0.00424002,-1,-0.000674282,Idle,,nan,nan,nan,nan,0,0,0,0,0,-0.47053,0.0235892,0.218641,0.100301,0.7086,0.433016,0.541139,0.199367,nan,nan,nan,nan,nan,nan,nan,nan
5.66429,-0.197314,0.00285498,-0.828828,-0.0110496,0.148822,-0.157872,-0.0311022,-0.0403947,-0.0572512,0.00821928,0.0597712,0.0289869,nan,nan,nan,nan,nan,nan,nan,nan,nan,nan,nan,nan,nan,nan,nan,-0.0340039,0.0224332,0.159714,0,0,-0.472389,0.00673143,-0.00424002,-1,-0.000674282,Idle,,nan,nan,nan,nan,0,0,0,0,0,-0.472169,0.0150602,0.212618,0.0994998,0.711209,0.432081,0.533289,0.212095,nan,nan,nan,nan,nan,nan,nan,nan
5.67431,-0.197414,0.00361257,-0.830158,-0.0119942,0.146496,-0.155097,-0.0308401,-0.040021,-0.0568951,0.0323108,0.0401981,0.0393674,nan,nan,nan,nan,nan,nan,nan,nan,nan,nan,nan,nan,nan,nan,nan,0.00416034,0.0324851,0.158104,0,0,-0.470907,0.00673143,-0.00424002,-1,-0.000674282,Idle,,nan,nan,nan,nan,0,0,0,0,0,-0.470907,0.022101,0.214096,0.0991121,0.705627,0.434365,0.538439,0.205198,nan,nan,nan,nan,nan,nan,nan,nan
5.68116,-0.197512,0.00439385,-0.831498,-0.0116543,0.157225,-0.149822,-0.0311064,-0.0396034,-0.0565217,-0.0265152,0.0450354,0.04152,nan,nan,nan,nan,nan,nan,nan,nan,nan,nan,nan,nan,nan,nan,nan,0.00416034,0.0324851,0.158104,0,0,-0.470907,0.00673143,-0.00424002,-1,-0.000674282,Idle,,nan,nan,nan,nan,0,0,0,0,0,-0.471326,0.025774,0.21791,0.0987721,0.705805,0.434345,0.54449,0.200664,nan,nan,nan,nan,nan,nan,nan,nan
5.69374,-0.19761,0.00519508,-0.832834,-0.0120935,0.153106,-0.147203,-0.0314908,-0.0390796,-0.0562561,-0.0402156,0.0572152,0.0300167,nan,nan,nan,nan,nan,nan,nan,nan,nan,nan,nan,nan,nan,nan,nan,-0.0104914,0.0121388,0.15519,0,0,-0.472867,0.00673143,-0.00424002,-1,-0.000674282,Idle,,nan,nan,nan,nan,0,0,0,0,0,-0.47255,0.0199351,0.219924,0.0984891,0.7123,0.429733,0.543291,0.204878,nan,nan,nan,nan,nan,nan,nan,nan
5.70058,-0.197649,0.00598964,-0.834148,-0.00684819,0.146615,-0.150906,-0.0315564,-0.0388934,-0.0559813,-0.004714,0.0195079,0.029792,nan,nan,nan,nan,nan,nan,nan,nan,nan,nan,nan,nan,nan,nan,nan,-0.0104914,0.0121388,0.15519,0,0,-0.472867,0.00673143,-0.00424002,-1,-0.000674282,Idle,,nan,nan,nan,nan,0,0,0,0,0,-0.471433,0.0284379,0.216081,0.0981955,0.702159,0.437052,0.545764,0.200757,nan,nan,nan,nan,nan,nan,nan,nan
5.71477,-0.197667,0.00682151,-0.835428,-0.0120732,0.150033,-0.149471,-0.0313906,-0.0388979,-0.0555472,0.0217856,-0.00217344,0.0473156,nan,nan,nan,nan,nan,nan,nan,nan,nan,nan,nan,nan,nan,nan,nan,-0.00484811,0.00202636,0.153527,0,0,-0.471628,0.00673143,-0.00424002,-1,-0.000674282,Idle,,nan,nan,nan,nan,0,0,0,0,0,-0.471628,0.0134903,0.222854,0.097935,0.717453,0.421627,0.540437,0.206995,nan,nan,nan,nan,nan,nan,nan,nan
5.72164,-0.197739,0.00758574,-0.836704,-0.00871542,0.156262,-0.14426,-0.0316382,-0.0387488,-0.055174,-0.0246935,0.0151449,0.0409302,nan,nan,nan,nan,nan,nan,nan,nan,nan,nan,nan,nan,nan,nan,nan,-0.00484811,0.00202636,0.153527,0,0,-0.471628,0.00673143,-0.00424002,-1,-0.000674282,Idle,,nan,nan,nan,nan,0,0,0,0,0,-0.47274,0.0128397,0.218242,0.0976689,0.715498,0.425276,0.538094,0.212094,nan,nan,nan,nan,nan,nan,nan,nan
5.73191,-0.197795,0.00939731,-0.839407,-0.0029059,0.149662,-0.143783,-0.0315629,-0.0385922,-0.0545961,0.0166957,-0.0154087,0.0301406,nan,nan,nan,nan,nan,nan,nan,nan,nan,nan,nan,nan,nan,nan,nan,-0.0306125,0.0274356,0.151699,0,0,-0.474514,0.00673143,-0.00424002,-1,-0.000674282,Idle,,nan,nan,nan,nan,0,0,0,0,0,-0.47274,0.0128397,0.218242,0.0976689,0.715498,0.425276,0.538094,0.212094,nan,nan,nan,nan,nan,nan,nan,nan
5.73723,-0.197778,0.0101997,-0.840632,0.00336244,0.147296,-0.136972,-0.0313345,-0.0386198,-0.0542371,0.0282408,-0.00454451,0.0386555,nan,nan,nan,nan,nan,nan,nan,nan,nan,nan,nan,nan,nan,nan,nan,-0.0306125,0.0274356,0.151699,0,0,-0.474514,0.00673143,-0.00424002,-1,-0.000674282,Idle,,nan,nan,nan,nan,0,0,0,0,0,-0.474514,0.0194273,0.224012,0.0974368,0.71646,0.427395,0.548835,0.205365,nan,nan,nan,nan,nan,nan,nan,nan
5.75227,-0.197742,0.0110023,-0.841838,0.00237122,0.160286,-0.129338,-0.0315156,-0.0386157,-0.0538715,-0.0173122,-0.00105926,0.0399821,nan,nan,nan,nan,nan,nan,nan,nan,nan,nan,nan,nan,nan,nan,nan,0.00110733,0.0368608,0.149775,0,0,-0.473494,0.00673143,-0.00424002,-1,-0.000674282,Idle,,nan,nan,nan,nan,0,0,0,0,0,-0.473494,0.0253058,0.222568,0.0970702,0.709897,0.431186,0.551319,0.201575,nan,nan,nan,nan,nan,nan,nan,nan
5.76004,-0.197714,0.0118628,-0.843042,0.00431175,0.160855,-0.134545,-0.0314802,-0.0385338,-0.053601,0.00643115,0.00794178,0.0295304,nan,nan,nan,nan,nan,nan,nan,nan,nan,nan,nan,nan,nan,nan,nan,0.00110733,0.0368608,0.149775,0,0,-0.473494,0.00673143,-0.00424002,-1,-0.000674282,Idle,,nan,nan,nan,nan,0,0,0,0,0,-0.47545,0.00999247,0.222896,0.0969435,0.722786,0.421956,0.542804,0.214256,nan,nan,nan,nan,nan,nan,nan,nan
5.77457,-0.197646,0.0127602,-0.844233,0.00314011,0.146723,-0.135492,-0.0313896,-0.0387518,-0.0533766,0.0123388,-0.02527,0.0234102,nan,nan,nan,nan,nan,nan,nan,nan,nan,nan,nan,nan,nan,nan,nan,0.00741791,0.0238401,0.147485,0,0,-0.473053,0.00673143,-0.00424002,-1,-0.000674282,Idle,,nan,nan,nan,nan,0,0,0,0,0,-0.473765,0.020525,0.225814,0.0968604,0.715634,0.425572,0.550713,0.203143,nan,nan,nan,nan,nan,nan,nan,nan
5.78163,-0.197554,0.0136296,-0.845373,0.00403391,0.142919,-0.130752,-0.0314228,-0.039159,-0.0530745,-0.00114107,-0.0466062,0.0314526,nan,nan,nan,nan,nan,nan,nan,nan,nan,nan,nan,nan,nan,nan,nan,0.00741791,0.0238401,0.147485,0,0,-0.473053,0.00673143,-0.00424002,-1,-0.000674282,Idle,,nan,nan,nan,nan,0,0,0,0,0,-0.473053,0.0333018,0.219535,0.096895,0.701482,0.438368,0.554563,0.197798,nan,nan,nan,nan,nan,nan,nan,nan
5.79361,-0.19746,0.0145166,-0.846515,0.00467415,0.158724,-0.125756,-0.0319543,-0.0393555,-0.0527473,-0.0562607,-0.0231243,0.0348439,nan,nan,nan,nan,nan,nan,nan,nan,nan,nan,nan,nan,nan,nan,nan,-0.0388591,0.0225643,0.146301,0,0,-0.475294,0.00673143,-0.00424002,-1,-0.000674282,Idle,,nan,nan,nan,nan,0,0,0,0,0,-0.475294,0.0182196,0.223729,0.0969821,0.71744,0.427067,0.549015,0.207654,nan,nan,nan,nan,nan,nan,nan,nan
5.80041,-0.197358,0.0154481,-0.847673,0.00627576,0.158739,-0.126574,-0.0324183,-0.0393266,-0.0525996,-0.0501298,0.00248934,0.0159977,nan,nan,nan,nan,nan,nan,nan,nan,nan,nan,nan,nan,nan,nan,nan,-0.0388591,0.0225643,0.146301,0,0,-0.475294,0.00673143,-0.00424002,-1,-0.000674282,Idle,,nan,nan,nan,nan,0,0,0,0,0,-0.474777,0.0292944,0.217054,0.0970881,0.704477,0.439207,0.551505,0.203917,nan,nan,nan,nan,nan,nan,nan,nan
5.81111,-0.197285,0.0163002,-0.848757,0.00751732,0.148824,-0.126912,-0.0326161,-0.0395195,-0.052436,-0.0202015,-0.0222758,0.0169358,nan,nan,nan,nan,nan,nan,nan,nan,nan,nan,nan,nan,nan,nan,nan,0.000337105,0.0278282,0.144972,0,0,-0.474279,0.00673143,-0.00424002,-1,-0.000674282,Idle,,nan,nan,nan,nan,0,0,0,0,0,-0.474777,0.0292944,0.217054,0.0970881,0.704477,0.439207,0.551505,0.203917,nan,nan,nan,nan,nan,nan,nan,nan
5.81832,-0.197107,0.0180324,-0.850857,0.0131086,0.15813,-0.117498,-0.0338835,-0.039594,-0.0518962,-0.0932648,0.00972979,0.0287267,nan,nan,nan,nan,nan,nan,nan,nan,nan,nan,nan,nan,nan,nan,nan,0.000337105,0.0278282,0.144972,0,0,-0.474279,0.00673143,-0.00424002,-1,-0.000674282,Idle,,nan,nan,nan,nan,0,0,0,0,0,-0.474279,0.0298834,0.216955,0.0971747,0.70358,0.439283,0.551268,0.202987,nan,nan,nan,nan,nan,nan,nan,nan
5.83064,-0.19698,0.0189488,-0.851927,0.0168065,0.159009,-0.115657,-0.0345657,-0.0393523,-0.0517683,-0.0738548,0.0259442,0.0145812,nan,nan,nan,nan,nan,nan,nan,nan,nan,nan,nan,nan,nan,nan,nan,-0.0291949,0.0389134,0.144165,0,0,-0.476404,0.00673143,-0.00424002,-1,-0.000674282,Idle,,nan,nan,nan,nan,0,0,0,0,0,-0.47498,0.0353076,0.221656,0.0972783,0.703873,0.440599,0.559023,0.196427,nan,nan,nan,nan,nan,nan,nan,nan
5.83768,-0.196822,0.0200687,-0.853176,0.014899,0.151224,-0.125458,-0.0348893,-0.0393539,-0.0516104,-0.0343982,-0.00112317,0.0171999,nan,nan,nan,nan,nan,nan,nan,nan,nan,nan,nan,nan,nan,nan,nan,-0.0291949,0.0389134,0.144165,0,0,-0.476404,0.00673143,-0.00424002,-1,-0.000674282,Idle,,nan,nan,nan,nan,0,0,0,0,0,-0.476404,0.0313393,0.216525,0.0974043,0.7046,0.44297,0.553887,0.204157,nan,nan,nan,nan,nan,nan,nan,nan
5.8527,-0.196654,0.0210333,-0.854238,0.0167832,0.15278,-0.119158,-0.0352837,-0.0394706,-0.0513774,-0.0418268,-0.0142193,0.0250482,nan,nan,nan,nan,nan,nan,nan,nan,nan,nan,nan,nan,nan,nan,nan,-0.000633208,0.03604,0.14289,0,0,-0.473644,0.00673143,-0.00424002,-1,-0.000674282,Idle,,nan,nan,nan,nan,0,0,0,0,0,-0.473644,0.0301645,0.216997,0.0976795,0.703281,0.439321,0.550357,0.201618,nan,nan,nan,nan,nan,nan,nan,nan
5.86038,-0.196475,0.0219818,-0.855288,0.0156233,0.158696,-0.112916,-0.0360155,-0.0393005,-0.0511567,-0.0794725,0.0177266,0.0248598,nan,nan,nan,nan,nan,nan,nan,nan,nan,nan,nan,nan,nan,nan,nan,-0.000633208,0.03604,0.14289,0,0,-0.473644,0.00673143,-0.00424002,-1,-0.000674282,Idle,,nan,nan,nan,nan,0,0,0,0,0,-0.475083,0.0241568,0.218805,0.0977528,0.710319,0.435307,0.548752,0.205955,nan,nan,nan,nan,nan,nan,nan,nan
5.87078,-0.196314,0.0229286,-0.856345,0.0162844,0.153649,-0.120749,-0.0364442,-0.0389369,-0.0509741,-0.0459473,0.0394211,0.0214396,nan,nan,nan,nan,nan,nan,nan,nan,nan,nan,nan,nan,nan,nan,nan,-0.00480695,0.0299768,0.141163,0,0,-0.474203,0.00673143,-0.00424002,-1,-0.000674282,Idle,,nan,nan,nan,nan,0,0,0,0,0,-0.475083,0.0241568,0.218805,0.0977528,0.710319,0.435307,0.548752,0.205955,nan,nan,nan,nan,nan,nan,nan,nan
5.88008,-0.196116,0.0239295,-0.85741,0.0171435,0.145854,-0.126084,-0.0365087,-0.0385618,-0.0508301,-0.00556502,0.0406353,0.0171527,nan,nan,nan,nan,nan,nan,nan,nan,nan,nan,nan,nan,nan,nan,nan,-0.00480695,0.0299768,0.141163,0,0,-0.474203,0.00673143,-0.00424002,-1,-0.000674282,Idle,,nan,nan,nan,nan,0,0,0,0,0,-0.472435,0.0289939,0.210521,0.0977293,0.69837,0.441913,0.543695,0.205762,nan,nan,nan,nan,nan,nan,nan,nan
5.8941,-0.195877,0.0249266,-0.858461,0.0199125,0.140422,-0.120919,-0.0366247,-0.0384145,-0.0506056,-0.0110778,0.0152384,0.0254244,nan,nan,nan,nan,nan,nan,nan,nan,nan,nan,nan,nan,nan,nan,nan,0.0295595,0.0345765,0.140325,0,0,-0.473482,0.00673143,-0.00424002,-1,-0.000674282,Idle,,nan,nan,nan,nan,0,0,0,0,0,-0.473482,0.0250144,0.221291,0.0978003,0.709918,0.432602,0.549468,0.201942,nan,nan,nan,nan,nan,nan,nan,nan
5.89889,-0.195496,0.0268831,-0.860495,0.0181903,0.15624,-0.118603,-0.037319,-0.037451,-0.0502191,-0.0276547,0.0594105,0.0160928,nan,nan,nan,nan,nan,nan,nan,nan,nan,nan,nan,nan,nan,nan,nan,0.0295595,0.0345765,0.140325,0,0,-0.473482,0.00673143,-0.00424002,-1,-0.000674282,Idle,,nan,nan,nan,nan,0,0,0,0,0,-0.473482,0.0250144,0.221291,0.0978003,0.709918,0.432602,0.549468,0.201942,nan,nan,nan,nan,nan,nan,nan,nan
5.91146,-0.195329,0.0278707,-0.861479,0.0214421,0.146719,-0.121957,-0.0372772,-0.0371965,-0.0500312,0.00641628,0.027057,0.0217108,nan,nan,nan,nan,nan,nan,nan,nan,nan,nan,nan,nan,nan,nan,nan,-0.0199112,0.0210589,0.13884,0,0,-0.473867,0.00673143,-0.00424002,-1,-0.000674282,Idle,,nan,nan,nan,nan,0,0,0,0,0,-0.475465,0.0215481,0.212272,0.0978021,0.707975,0.438513,0.542622,0.212749,nan,nan,nan,nan,nan,nan,nan,nan
5.9207,-0.195135,0.0288321,-0.862436,0.0237844,0.141774,-0.117025,-0.0372319,-0.0368727,-0.0497519,0.00708403,0.0342161,0.0320195,nan,nan,nan,nan,nan,nan,nan,nan,nan,nan,nan,nan,nan,nan,nan,-0.0199112,0.0210589,0.13884,0,0,-0.473867,0.00673143,-0.00424002,-1,-0.000674282,Idle,,nan,nan,nan,nan,0,0,0,0,0,-0.472569,0.0204269,0.218672,0.0978441,0.71044,0.43034,0.543417,0.206079,nan,nan,nan,nan,nan,nan,nan,nan
5.93537,-0.19491,0.0298135,-0.863397,0.0271425,0.156352,-0.112785,-0.0375497,-0.0363964,-0.0495266,-0.0337384,0.0518507,0.0269924,nan,nan,nan,nan,nan,nan,nan,nan,nan,nan,nan,nan,nan,nan,nan,0.0211882,0.0324522,0.137605,0,0,-0.473585,0.00673143,-0.00424002,-1,-0.000674282,Idle,,nan,nan,nan,nan,0,0,0,0,0,-0.473585,0.0302967,0.215599,0.0978405,0.7023,0.440505,0.549243,0.202292,nan,nan,nan,nan,nan,nan,nan,nan
5.94243,-0.194683,0.0308372,-0.864385,0.0282977,0.158006,-0.114584,-0.0375477,-0.0357021,-0.049448,0.00139894,0.0764674,0.0114664,nan,nan,nan,nan,nan,nan,nan,nan,nan,nan,nan,nan,nan,nan,nan,0.0211882,0.0324522,0.137605,0,0,-0.473585,0.00673143,-0.00424002,-1,-0.000674282,Idle,,nan,nan,nan,nan,0,0,0,0,0,-0.474693,0.0115194,0.217719,0.097906,0.71825,0.426902,0.538505,0.215114,nan,nan,nan,nan,nan,nan,nan,nan
5.95444,-0.194451,0.0318519,-0.865362,0.0294869,0.14974,-0.118138,-0.0372979,-0.0354471,-0.049324,0.0291363,0.027393,0.0147009,nan,nan,nan,nan,nan,nan,nan,nan,nan,nan,nan,nan,nan,nan,nan,-0.00292935,0.0331047,0.13674,0,0,-0.472676,0.00673143,-0.00424002,-1,-0.000674282,Idle,,nan,nan,nan,nan,0,0,0,0,0,-0.473994,0.0172493,0.217026,0.0979835,0.713087,0.430822,0.541291,0.210775,nan,nan,nan,nan,nan,nan,nan,nan
5.96177,-0.194192,0.0328806,-0.866321,0.0249304,0.143242,-0.117277,-0.037259,-0.0351311,-0.0491267,0.00589401,0.0338813,0.0231274,nan,nan,nan,nan,nan,nan,nan,nan,nan,nan,nan,nan,nan,nan,nan,-0.00292935,0.0331047,0.13674,0,0,-0.472676,0.00673143,-0.00424002,-1,-0.000674282,Idle,,nan,nan,nan,nan,0,0,0,0,0,-0.472649,0.0172617,0.210156,0.0980972,0.706989,0.434456,0.534987,0.214162,nan,nan,nan,nan,nan,nan,nan,nan
5.97334,-0.193879,0.0341875,-0.867448,0.0320463,0.15638,-0.108758,-0.0373814,-0.0345455,-0.0489897,-0.0122644,0.063791,0.0174609,nan,nan,nan,nan,nan,nan,nan,nan,nan,nan,nan,nan,nan,nan,nan,-0.0320556,0.0336303,0.13613,0,0,-0.474781,0.00673143,-0.00424002,-1,-0.000674282,Idle,,nan,nan,nan,nan,0,0,0,0,0,-0.474781,0.0121277,0.223155,0.0982192,0.722065,0.423889,0.542552,0.210617,nan,nan,nan,nan,nan,nan,nan,nan
5.98049,-0.193607,0.035215,-0.868419,0.0286032,0.148992,-0.115562,-0.0373743,-0.0341562,-0.0488793,0.00195624,0.042645,0.01387,nan,nan,nan,nan,nan,nan,nan,nan,nan,nan,nan,nan,nan,nan,nan,-0.0320556,0.0336303,0.13613,0,0,-0.474781,0.00673143,-0.00424002,-1,-0.000674282,Idle,,nan,nan,nan,nan,0,0,0,0,0,-0.472662,0.0223946,0.20837,0.098419,0.702431,0.439684,0.537045,0.211486,nan,nan,nan,nan,nan,nan,nan,nan
5.99231,-0.193004,0.0373911,-0.870378,0.0307288,0.141384,-0.112895,-0.0367268,-0.0334916,-0.0486665,0.0420583,0.0306242,0.0169796,nan,nan,nan,nan,nan,nan,nan,nan,nan,nan,nan,nan,nan,nan,nan,0.00317292,0.00837845,0.134618,0,0,-0.471092,0.00673143,-0.00424002,-1,-0.000674282,Idle,,nan,nan,nan,nan,0,0,0,0,0,-0.472662,0.0223946,0.20837,0.098419,0.702431,0.439684,0.537045,0.211486,nan,nan,nan,nan,nan,nan,nan,nan
5.99928,-0.192775,0.0383616,-0.871209,0.0313552,0.152595,-0.105276,-0.0367051,-0.0329898,-0.0485242,0.00357552,0.0548355,0.0178313,nan,nan,nan,nan,nan,nan,nan,nan,nan,nan,nan,nan,nan,nan,nan,0.00317292,0.00837845,0.134618,0,0,-0.471092,0.00673143,-0.00424002,-1,-0.000674282,Idle,,nan,nan,nan,nan,0,0,0,0,0,-0.471092,0.00829644,0.210658,0.0986225,0.712653,0.426731,0.526922,0.218064,nan,nan,nan,nan,nan,nan,nan,nan
6.01562,-0.192568,0.0393754,-0.872047,0.0284621,0.152408,-0.111853,-0.036609,-0.0323674,-0.0485227,0.0114806,0.068261,0.00267353,nan,nan,nan,nan,nan,nan,nan,nan,nan,nan,nan,nan,nan,nan,nan,-0.0318548,0.0160273,0.134507,0,0,-0.474799,0.00673143,-0.00424002,-1,-0.000674282,Idle,,nan,nan,nan,nan,0,0,0,0,0,-0.474799,0.0154891,0.207874,0.099069,0.70975,0.437939,0.533298,0.218208,nan,nan,nan,nan,nan,nan,nan,nan
6.02299,-0.192347,0.0404122,-0.872892,0.0243954,0.14551,-0.11548,-0.0362815,-0.032143,-0.0485403,0.0373904,0.0245191,-0.00105119,nan,nan,nan,nan,nan,nan,nan,nan,nan,nan,nan,nan,nan,nan,nan,-0.0318548,0.0160273,0.134507,0,0,-0.474799,0.00673143,-0.00424002,-1,-0.000674282,Idle,,nan,nan,nan,nan,0,0,0,0,0,-0.472879,0.00942987,0.212995,0.0993773,0.716045,0.428422,0.530406,0.216644,nan,nan,nan,nan,nan,nan,nan,nan
6.03127,-0.192098,0.041443,-0.873724,0.0333378,0.140509,-0.108667,-0.0360209,-0.031804,-0.0484388,0.0301624,0.0366921,0.0126736,nan,nan,nan,nan,nan,nan,nan,nan,nan,nan,nan,nan,nan,nan,nan,-0.00930747,-0.0077637,0.133564,0,0,-0.471645,0.00673143,-0.00424002,-1,-0.000674282,Idle,,nan,nan,nan,nan,0,0,0,0,0,-0.472879,0.00942987,0.212995,0.0993773,0.716045,0.428422,0.530406,0.216644,nan,nan,nan,nan,nan,nan,nan,nan
6.04063,-0.191803,0.0424788,-0.874552,0.0416908,0.154602,-0.103639,-0.0360538,-0.03122,-0.0483623,-0.00265895,0.0640612,0.0108665,nan,nan,nan,nan,nan,nan,nan,nan,nan,nan,nan,nan,nan,nan,nan,-0.00930747,-0.0077637,0.133564,0,0,-0.471645,0.00673143,-0.00424002,-1,-0.000674282,Idle,,nan,nan,nan,nan,0,0,0,0,0,-0.473096,0.0154711,0.21561,0.0999011,0.714363,0.431586,0.536219,0.210218,nan,nan,nan,nan,nan,nan,nan,nan
6.05042,-0.191518,0.0435592,-0.875394,0.0374809,0.156904,-0.105343,-0.0360566,-0.0305797,-0.0483749,0.000363886,0.0706997,0.00119147,nan,nan,nan,nan,nan,nan,nan,nan,nan,nan,nan,nan,nan,nan,nan,-0.0504379,0.018296,0.133922,0,0,-0.473835,0.00673143,-0.00424002,-1,-0.000674282,Idle,,nan,nan,nan,nan,0,0,0,0,0,-0.473096,0.0154711,0.21561,0.0999011,0.714363,0.431586,0.536219,0.210218,nan,nan,nan,nan,nan,nan,nan,nan
6.05729,-0.191231,0.044616,-0.876235,0.036885,0.146059,-0.108984,-0.0358901,-0.0304025,-0.0483006,0.0193898,0.0187176,0.00896989,nan,nan,nan,nan,nan,nan,nan,nan,nan,nan,nan,nan,nan,nan,nan,-0.0504379,0.018296,0.133922,0,0,-0.473835,0.00673143,-0.00424002,-1,-0.000674282,Idle,,nan,nan,nan,nan,0,0,0,0,0,-0.474414,0.0137957,0.222217,0.100094,0.721731,0.42724,0.540829,0.207858,nan,nan,nan,nan,nan,nan,nan,nan
6.07357,-0.190934,0.0457081,-0.877061,0.0329289,0.143484,-0.106929,-0.0357751,-0.0300996,-0.0481927,0.0139038,0.0328394,0.0133305,nan,nan,nan,nan,nan,nan,nan,nan,nan,nan,nan,nan,nan,nan,nan,-0.008141,-0.00147535,0.132961,0,0,-0.472856,0.00673143,-0.00424002,-1,-0.000674282,Idle,,nan,nan,nan,nan,0,0,0,0,0,-0.472856,0.0179811,0.215127,0.100324,0.712429,0.433885,0.53699,0.20812,nan,nan,nan,nan,nan,nan,nan,nan
6.08125,-0.190617,0.04684,-0.877877,0.0386346,0.151026,-0.101945,-0.0361662,-0.0297551,-0.0480123,-0.0423061,0.0370247,0.0214915,nan,nan,nan,nan,nan,nan,nan,nan,nan,nan,nan,nan,nan,nan,nan,-0.008141,-0.00147535,0.132961,0,0,-0.472856,0.00673143,-0.00424002,-1,-0.000674282,Idle,,nan,nan,nan,nan,0,0,0,0,0,-0.474061,0.0266372,0.209179,0.100266,0.703249,0.445358,0.54017,0.207468,nan,nan,nan,nan,nan,nan,nan,nan
6.09107,-0.189885,0.0492754,-0.879662,0.0320425,0.144308,-0.107229,-0.0367595,-0.0291603,-0.0477203,-0.0175197,0.0071801,0.0204132,nan,nan,nan,nan,nan,nan,nan,nan,nan,nan,nan,nan,nan,nan,nan,-0.0259463,0.0180942,0.132316,0,0,-0.473548,0.00673143,-0.00424002,-1,-0.000674282,Idle,,nan,nan,nan,nan,0,0,0,0,0,-0.474061,0.0266372,0.209179,0.100266,0.703249,0.445358,0.54017,0.207468,nan,nan,nan,nan,nan,nan,nan,nan
6.10046,-0.189445,0.0506159,-0.880553,0.0531506,0.168356,-0.105824,-0.037023,-0.0291145,-0.0474554,-0.0277669,0.00343729,0.029565,nan,nan,nan,nan,nan,nan,nan,nan,nan,nan,nan,nan,nan,nan,nan,-0.0259463,0.0180942,0.132316,0,0,-0.473548,0.00673143,-0.00424002,-1,-0.000674282,Idle,,nan,nan,nan,nan,0,0,0,0,0,-0.473548,0.0256145,0.213713,0.10015,0.706549,0.4408,0.542253,0.204589,nan,nan,nan,nan,nan,nan,nan,nan
6.11116,-0.189063,0.0518004,-0.881242,0.0520691,0.168021,-0.101712,-0.0377426,-0.0287895,-0.0471707,-0.0790895,0.0346123,0.0332735,nan,nan,nan,nan,nan,nan,nan,nan,nan,nan,nan,nan,nan,nan,nan,-0.0862763,0.0489192,0.132034,0,0,-0.472641,0.00673143,-0.00424002,-1,-0.000674282,Idle,,nan,nan,nan,nan,0,0,0,0,0,-0.47221,0.0246877,0.215197,0.0999511,0.706717,0.437558,0.541509,0.203056,nan,nan,nan,nan,nan,nan,nan,nan
6.12095,-0.188664,0.0529794,-0.881921,0.0523857,0.162441,-0.106158,-0.0382318,-0.0282814,-0.0469231,-0.0529489,0.0547371,0.0299409,nan,nan,nan,nan,nan,nan,nan,nan,nan,nan,nan,nan,nan,nan,nan,-0.0862763,0.0489192,0.132034,0,0,-0.472641,0.00673143,-0.00424002,-1,-0.000674282,Idle,,nan,nan,nan,nan,0,0,0,0,0,-0.473515,0.0105464,0.218677,0.0993455,0.719877,0.425797,0.535879,0.212507,nan,nan,nan,nan,nan,nan,nan,nan
6.13373,-0.18826,0.0542006,-0.882592,0.0482742,0.159581,-0.105241,-0.0386824,-0.0282085,-0.0466415,-0.0485729,0.00615618,0.0318813,nan,nan,nan,nan,nan,nan,nan,nan,nan,nan,nan,nan,nan,nan,nan,-0.0352013,0.0120224,0.128652,0,0,-0.472091,0.00673143,-0.00424002,-1,-0.000674282,Idle,,nan,nan,nan,nan,0,0,0,0,0,-0.472033,0.0289575,0.213687,0.099029,0.701531,0.440546,0.544205,0.201849,nan,nan,nan,nan,nan,nan,nan,nan
6.14186,-0.187874,0.0554104,-0.883256,0.0530953,0.162465,-0.0964533,-0.0391507,-0.0279889,-0.046209,-0.0500917,0.021823,0.0493141,nan,nan,nan,nan,nan,nan,nan,nan,nan,nan,nan,nan,nan,nan,nan,-0.0352013,0.0120224,0.128652,0,0,-0.472091,0.00673143,-0.00424002,-1,-0.000674282,Idle,,nan,nan,nan,nan,0,0,0,0,0,-0.474282,0.0184974,0.215616,0.0986485,0.712161,0.433655,0.540801,0.210513,nan,nan,nan,nan,nan,nan,nan,nan
6.15473,-0.187453,0.0566142,-0.88391,0.0563457,0.169057,-0.0892484,-0.0399577,-0.0274933,-0.0459082,-0.087799,0.0528248,0.0357109,nan,nan,nan,nan,nan,nan,nan,nan,nan,nan,nan,nan,nan,nan,nan,-0.0594009,0.0289854,0.127449,0,0,-0.47615,0.00673143,-0.00424002,-1,-0.000674282,Idle,,nan,nan,nan,nan,0,0,0,0,0,-0.47615,0.0209494,0.213021,0.0982333,0.710044,0.438676,0.542982,0.212897,nan,nan,nan,nan,nan,nan,nan,nan
6.16246,-0.187015,0.0578152,-0.884555,0.0582584,0.163768,-0.0946751,-0.0405762,-0.0269478,-0.0456472,-0.0677782,0.0591143,0.0319045,nan,nan,nan,nan,nan,nan,nan,nan,nan,nan,nan,nan,nan,nan,nan,-0.0594009,0.0289854,0.127449,0,0,-0.47615,0.00673143,-0.00424002,-1,-0.000674282,Idle,,nan,nan,nan,nan,0,0,0,0,0,-0.474441,0.029845,0.214513,0.0979003,0.702768,0.44187,0.548952,0.204176,nan,nan,nan,nan,nan,nan,nan,nan
6.17185,-0.186163,0.0603219,-0.885863,0.0504671,0.156553,-0.0948124,-0.0417827,-0.0267797,-0.0449113,-0.0866006,0.0151939,0.0432004,nan,nan,nan,nan,nan,nan,nan,nan,nan,nan,nan,nan,nan,nan,nan,-0.0146579,0.000190118,0.123954,0,0,-0.472734,0.00673143,-0.00424002,-1,-0.000674282,Idle,,nan,nan,nan,nan,0,0,0,0,0,-0.474441,0.029845,0.214513,0.0979003,0.702768,0.44187,0.548952,0.204176,nan,nan,nan,nan,nan,nan,nan,nan
6.18334,-0.185707,0.0615349,-0.886494,0.0537172,0.162488,-0.0866237,-0.042565,-0.0263311,-0.0445414,-0.0854137,0.0474927,0.0435084,nan,nan,nan,nan,nan,nan,nan,nan,nan,nan,nan,nan,nan,nan,nan,-0.0146579,0.000190118,0.123954,0,0,-0.472734,0.00673143,-0.00424002,-1,-0.000674282,Idle,,nan,nan,nan,nan,0,0,0,0,0,-0.474059,0.0294914,0.207077,0.0971053,0.696582,0.4457,0.543858,0.210093,nan,nan,nan,nan,nan,nan,nan,nan
6.19395,-0.185238,0.0627678,-0.887124,0.0538504,0.162222,-0.0901627,-0.0432816,-0.0260086,-0.0441533,-0.0776786,0.0331875,0.0447454,nan,nan,nan,nan,nan,nan,nan,nan,nan,nan,nan,nan,nan,nan,nan,-0.0287723,0.00935948,0.122165,0,0,-0.476183,0.00673143,-0.00424002,-1,-0.000674282,Idle,,nan,nan,nan,nan,0,0,0,0,0,-0.476183,0.0262372,0.214476,0.0966783,0.705813,0.439865,0.549337,0.209718,nan,nan,nan,nan,nan,nan,nan,nan
6.20179,-0.184771,0.0640521,-0.887766,0.0514434,0.15375,-0.0948891,-0.0436065,-0.0260927,-0.043708,-0.0345036,-0.0122183,0.0496382,nan,nan,nan,nan,nan,nan,nan,nan,nan,nan,nan,nan,nan,nan,nan,-0.0287723,0.00935948,0.122165,0,0,-0.476183,0.00673143,-0.00424002,-1,-0.000674282,Idle,,nan,nan,nan,nan,0,0,0,0,0,-0.475104,0.0220202,0.22026,0.0961768,0.711305,0.431213,0.549866,0.208034,nan,nan,nan,nan,nan,nan,nan,nan
6.21452,-0.184298,0.0653304,-0.8884,0.0543295,0.156181,-0.0892629,-0.044141,-0.0262884,-0.043256,-0.057658,-0.0246161,0.0495883,nan,nan,nan,nan,nan,nan,nan,nan,nan,nan,nan,nan,nan,nan,nan,-0.0103324,0.0103905,0.11952,0,0,-0.474973,0.00673143,-0.00424002,-1,-0.000674282,Idle,,nan,nan,nan,nan,0,0,0,0,0,-0.473585,0.0307267,0.217621,0.0957857,0.701372,0.437324,0.553029,0.202614,nan,nan,nan,nan,nan,nan,nan,nan
6.22187,-0.183899,0.0665115,-0.888833,0.0609536,0.165027,-0.0785357,-0.0448637,-0.0261858,-0.0428635,-0.078801,0.00886103,0.0444267,nan,nan,nan,nan,nan,nan,nan,nan,nan,nan,nan,nan,nan,nan,nan,-0.0103324,0.0103905,0.11952,0,0,-0.474973,0.00673143,-0.00424002,-1,-0.000674282,Idle,,nan,nan,nan,nan,0,0,0,0,0,-0.474973,0.0180872,0.22042,0.0955153,0.713407,0.427526,0.547728,0.211233,nan,nan,nan,nan,nan,nan,nan,nan
6.23366,-0.1835,0.0677116,-0.889256,0.0586978,0.166452,-0.0821294,-0.0452833,-0.0260766,-0.0425748,-0.0451857,0.00985124,0.0330976,nan,nan,nan,nan,nan,nan,nan,nan,nan,nan,nan,nan,nan,nan,nan,-0.037874,0.0193191,0.11749,0,0,-0.476878,0.00673143,-0.00424002,-1,-0.000674282,Idle,,nan,nan,nan,nan,0,0,0,0,0,-0.476878,0.0286617,0.225851,0.0953011,0.71146,0.432854,0.561161,0.202037,nan,nan,nan,nan,nan,nan,nan,nan
6.24089,-0.1831,0.0689115,-0.889686,0.0548801,0.154449,-0.0861141,-0.0454414,-0.0265143,-0.0422517,-0.0158842,-0.0508826,0.0339803,nan,nan,nan,nan,nan,nan,nan,nan,nan,nan,nan,nan,nan,nan,nan,-0.037874,0.0193191,0.11749,0,0,-0.476878,0.00673143,-0.00424002,-1,-0.000674282,Idle,,nan,nan,nan,nan,0,0,0,0,0,-0.475543,0.0245315,0.22498,0.0952081,0.712337,0.42912,0.556384,0.20433,nan,nan,nan,nan,nan,nan,nan,nan
6.25074,-0.182694,0.0701087,-0.890097,0.05587,0.150735,-0.0818882,-0.0457956,-0.0268885,-0.0419138,-0.0379619,-0.0443841,0.0363088,nan,nan,nan,nan,nan,nan,nan,nan,nan,nan,nan,nan,nan,nan,nan,0.0103312,0.0135111,0.115745,0,0,-0.476541,0.00673143,-0.00424002,-1,-0.000674282,Idle,,nan,nan,nan,nan,0,0,0,0,0,-0.475543,0.0245315,0.22498,0.0952081,0.712337,0.42912,0.556384,0.20433,nan,nan,nan,nan,nan,nan,nan,nan
6.25791,-0.181743,0.0727037,-0.891055,0.0607438,0.156457,-0.0796929,-0.0471118,-0.0274614,-0.0414329,-0.0568583,-0.0307133,0.0200616,nan,nan,nan,nan,nan,nan,nan,nan,nan,nan,nan,nan,nan,nan,nan,0.0103312,0.0135111,0.115745,0,0,-0.476541,0.00673143,-0.00424002,-1,-0.000674282,Idle,,nan,nan,nan,nan,0,0,0,0,0,-0.476541,0.0236666,0.231962,0.0951798,0.718855,0.424541,0.561733,0.201034,nan,nan,nan,nan,nan,nan,nan,nan
6.27066,-0.181298,0.0739321,-0.891456,0.054867,0.147826,-0.080583,-0.0473073,-0.02808,-0.0411568,-0.0202902,-0.0710322,0.0278823,nan,nan,nan,nan,nan,nan,nan,nan,nan,nan,nan,nan,nan,nan,nan,-0.00762231,0.0292778,0.114455,0,0,-0.477037,0.00673143,-0.00424002,-1,-0.000674282,Idle,,nan,nan,nan,nan,0,0,0,0,0,-0.478945,0.0302784,0.224953,0.0951829,0.71163,0.436581,0.563853,0.203716,nan,nan,nan,nan,nan,nan,nan,nan
6.2776,-0.180836,0.0751533,-0.891872,0.0572532,0.145119,-0.0767539,-0.047664,-0.0286406,-0.0408339,-0.0379045,-0.0644866,0.0332103,nan,nan,nan,nan,nan,nan,nan,nan,nan,nan,nan,nan,nan,nan,nan,-0.00762231,0.0292778,0.114455,0,0,-0.477037,0.00673143,-0.00424002,-1,-0.000674282,Idle,,nan,nan,nan,nan,0,0,0,0,0,-0.477037,0.0260089,0.227574,0.0952463,0.714658,0.429863,0.560717,0.202909,nan,nan,nan,nan,nan,nan,nan,nan
6.29528,-0.180371,0.0763419,-0.892285,0.0610003,0.156171,-0.070461,-0.0484523,-0.028971,-0.0405696,-0.0867851,-0.0391085,0.0281956,nan,nan,nan,nan,nan,nan,nan,nan,nan,nan,nan,nan,nan,nan,nan,0.0221002,0.0231481,0.112529,0,0,-0.477554,0.00673143,-0.00424002,-1,-0.000674282,Idle,,nan,nan,nan,nan,0,0,0,0,0,-0.477554,0.0367009,0.224808,0.0954732,0.705886,0.440124,0.566612,0.197595,nan,nan,nan,nan,nan,nan,nan,nan
6.30057,-0.179904,0.0775535,-0.892696,0.057861,0.155626,-0.0735554,-0.0489296,-0.0290416,-0.0403913,-0.0520045,-0.00953436,0.0198662,nan,nan,nan,nan,nan,nan,nan,nan,nan,nan,nan,nan,nan,nan,nan,0.0221002,0.0231481,0.112529,0,0,-0.477554,0.00673143,-0.00424002,-1,-0.000674282,Idle,,nan,nan,nan,nan,0,0,0,0,0,-0.479358,0.0211374,0.225205,0.0955837,0.719086,0.430753,0.55758,0.210013,nan,nan,nan,nan,nan,nan,nan,nan
6.31085,-0.179432,0.0788008,-0.893119,0.0536653,0.145352,-0.0785744,-0.0491451,-0.0294579,-0.0401497,-0.0226505,-0.0483243,0.025,nan,nan,nan,nan,nan,nan,nan,nan,nan,nan,nan,nan,nan,nan,nan,0.0193348,0.0126205,0.110673,0,0,-0.476933,0.00673143,-0.00424002,-1,-0.000674282,Idle,,nan,nan,nan,nan,0,0,0,0,0,-0.479358,0.0211374,0.225205,0.0955837,0.719086,0.430753,0.55758,0.210013,nan,nan,nan,nan,nan,nan,nan,nan
6.32085,-0.179057,0.0799071,-0.893344,0.0576806,0.145213,-0.0776385,-0.0494778,-0.0297747,-0.0398907,-0.0356663,-0.0373412,0.0274762,nan,nan,nan,nan,nan,nan,nan,nan,nan,nan,nan,nan,nan,nan,nan,0.0193348,0.0126205,0.110673,0,0,-0.476933,0.00673143,-0.00424002,-1,-0.000674282,Idle,,nan,nan,nan,nan,0,0,0,0,0,-0.477146,0.0242853,0.216508,0.0956373,0.708552,0.43697,0.551395,0.211667,nan,nan,nan,nan,nan,nan,nan,nan
6.33412,-0.17864,0.0810147,-0.893587,0.0646538,0.155315,-0.0685976,-0.0501186,-0.0296436,-0.0396387,-0.0694053,0.0122404,0.0292076,nan,nan,nan,nan,nan,nan,nan,nan,nan,nan,nan,nan,nan,nan,nan,-0.0198562,0.0472976,0.110802,0,0,-0.479684,0.00673143,-0.00424002,-1,-0.000674282,Idle,,nan,nan,nan,nan,0,0,0,0,0,-0.479684,0.0245887,0.219758,0.0956784,0.713215,0.437466,0.556402,0.211654,nan,nan,nan,nan,nan,nan,nan,nan
6.33877,-0.177795,0.083259,-0.894113,0.0603957,0.141619,-0.0754908,-0.0503989,-0.0293041,-0.0393025,0.0114204,-0.00707751,0.0265072,nan,nan,nan,nan,nan,nan,nan,nan,nan,nan,nan,nan,nan,nan,nan,-0.0198562,0.0472976,0.110802,0,0,-0.479684,0.00673143,-0.00424002,-1,-0.000674282,Idle,,nan,nan,nan,nan,0,0,0,0,0,-0.479684,0.0245887,0.219758,0.0956784,0.713215,0.437466,0.556402,0.211654,nan,nan,nan,nan,nan,nan,nan,nan
6.35173,-0.177382,0.0843761,-0.894387,0.0610046,0.139677,-0.0757716,-0.0504504,-0.0291581,-0.0390566,-0.00423009,0.0140297,0.0287477,nan,nan,nan,nan,nan,nan,nan,nan,nan,nan,nan,nan,nan,nan,nan,0.0267385,0.0300308,0.108548,0,0,-0.477574,0.00673143,-0.00424002,-1,-0.000674282,Idle,,nan,nan,nan,nan,0,0,0,0,0,-0.479369,0.0183117,0.213344,0.0957972,0.712921,0.437366,0.546997,0.220192,nan,nan,nan,nan,nan,nan,nan,nan
6.36187,-0.176941,0.085516,-0.894686,0.0661805,0.149896,-0.0722731,-0.0508394,-0.0288306,-0.0389025,-0.0421382,0.034733,0.0195709,nan,nan,nan,nan,nan,nan,nan,nan,nan,nan,nan,nan,nan,nan,nan,0.0267385,0.0300308,0.108548,0,0,-0.477574,0.00673143,-0.00424002,-1,-0.000674282,Idle,,nan,nan,nan,nan,0,0,0,0,0,-0.477466,0.0315885,0.212894,0.0960125,0.701527,0.445385,0.553949,0.209002,nan,nan,nan,nan,nan,nan,nan,nan
6.37741,-0.176399,0.0868609,-0.895117,0.0651585,0.146756,-0.0743886,-0.0508957,-0.0284327,-0.0388511,-0.00540089,0.0429425,0.00850391,nan,nan,nan,nan,nan,nan,nan,nan,nan,nan,nan,nan,nan,nan,nan,-0.000710763,0.0380597,0.107979,0,0,-0.477855,0.00673143,-0.00424002,-1,-0.000674282,Idle,,nan,nan,nan,nan,0,0,0,0,0,-0.478538,0.0138272,0.220915,0.0962065,0.721025,0.42842,0.547938,0.216771,nan,nan,nan,nan,nan,nan,nan,nan
6.38526,-0.175938,0.0880139,-0.895428,0.057088,0.140652,-0.0782298,-0.0505558,-0.0284578,-0.0387235,0.0391172,-0.00431109,0.0146944,nan,nan,nan,nan,nan,nan,nan,nan,nan,nan,nan,nan,nan,nan,nan,-0.000710763,0.0380597,0.107979,0,0,-0.477855,0.00673143,-0.00424002,-1,-0.000674282,Idle,,nan,nan,nan,nan,0,0,0,0,0,-0.477855,0.0142871,0.219158,0.0963656,0.718932,0.429463,0.546178,0.216845,nan,nan,nan,nan,nan,nan,nan,nan
6.39509,-0.175481,0.0891546,-0.895759,0.0593603,0.135536,-0.0751243,-0.0504867,-0.0284828,-0.0385331,0.0089461,-0.00461993,0.0215993,nan,nan,nan,nan,nan,nan,nan,nan,nan,nan,nan,nan,nan,nan,nan,0.0254148,0.0205477,0.106725,0,0,-0.477438,0.00673143,-0.00424002,-1,-0.000674282,Idle,,nan,nan,nan,nan,0,0,0,0,0,-0.476754,0.0218217,0.213524,0.0965172,0.708672,0.437825,0.546273,0.214245,nan,nan,nan,nan,nan,nan,nan,nan
6.40183,-0.175017,0.0902525,-0.896086,0.064112,0.145634,-0.0686836,-0.0503409,-0.0280843,-0.0384237,0.017212,0.0429575,0.0149554,nan,nan,nan,nan,nan,nan,nan,nan,nan,nan,nan,nan,nan,nan,nan,0.0254148,0.0205477,0.106725,0,0,-0.477438,0.00673143,-0.00424002,-1,-0.000674282,Idle,,nan,nan,nan,nan,0,0,0,0,0,-0.479278,0.0108182,0.224607,0.096668,0.726963,0.424883,0.548696,0.216568,nan,nan,nan,nan,nan,nan,nan,nan
6.4131,-0.17451,0.0913341,-0.896402,0.0639363,0.137254,-0.0704286,-0.0501253,-0.0276298,-0.0384133,0.0246468,0.0497669,0.00424649,nan,nan,nan,nan,nan,nan,nan,nan,nan,nan,nan,nan,nan,nan,nan,0.0104986,0.0322467,0.106397,0,0,-0.478624,0.00673143,-0.00424002,-1,-0.000674282,Idle,,nan,nan,nan,nan,0,0,0,0,0,-0.478624,0.0197443,0.219762,0.0968532,0.716756,0.434152,0.550745,0.212841,nan,nan,nan,nan,nan,nan,nan,nan
6.42156,-0.1741,0.0923548,-0.896573,0.0583291,0.130848,-0.0775931,-0.0496303,-0.0275682,-0.0383222,0.0557024,0.00561244,0.0109472,nan,nan,nan,nan,nan,nan,nan,nan,nan,nan,nan,nan,nan,nan,nan,0.0104986,0.0322467,0.106397,0,0,-0.478624,0.00673143,-0.00424002,-1,-0.000674282,Idle,,nan,nan,nan,nan,0,0,0,0,0,-0.476678,0.0210669,0.210933,0.0971657,0.707945,0.439696,0.543184,0.215886,nan,nan,nan,nan,nan,nan,nan,nan
6.43242,-0.173309,0.0943279,-0.896979,0.0624471,0.140335,-0.0672809,-0.049444,-0.0272286,-0.0381965,-0.0152734,0.0259962,0.00814992,nan,nan,nan,nan,nan,nan,nan,nan,nan,nan,nan,nan,nan,nan,nan,0.0281812,0.0210716,0.105818,0,0,-0.477685,0.00673143,-0.00424002,-1,-0.000674282,Idle,,nan,nan,nan,nan,0,0,0,0,0,-0.476678,0.0210669,0.210933,0.0971657,0.707945,0.439696,0.543184,0.215886,nan,nan,nan,nan,nan,nan,nan,nan
6.43914,-0.172892,0.095334,-0.897194,0.0643064,0.137894,-0.068499,-0.0491056,-0.0266494,-0.038278,0.038242,0.0639711,-0.0050848,nan,nan,nan,nan,nan,nan,nan,nan,nan,nan,nan,nan,nan,nan,nan,0.0281812,0.0210716,0.105818,0,0,-0.477685,0.00673143,-0.00424002,-1,-0.000674282,Idle,,nan,nan,nan,nan,0,0,0,0,0,-0.477685,0.0276463,0.223937,0.097524,0.713853,0.436519,0.557675,0.202692,nan,nan,nan,nan,nan,nan,nan,nan
6.45329,-0.17246,0.0963444,-0.897412,0.0643925,0.129112,-0.0747322,-0.0486392,-0.0266626,-0.0382822,0.0527119,-0.00232264,0.000240481,nan,nan,nan,nan,nan,nan,nan,nan,nan,nan,nan,nan,nan,nan,nan,-0.0142604,0.0293483,0.106462,0,0,-0.479189,0.00673143,-0.00424002,-1,-0.000674282,Idle,,nan,nan,nan,nan,0,0,0,0,0,-0.479189,0.0122361,0.22342,0.098291,0.726654,0.428259,0.547149,0.214692,nan,nan,nan,nan,nan,nan,nan,nan
6.46034,-0.172038,0.0973283,-0.897644,0.0623285,0.122844,-0.0741463,-0.0483607,-0.0264303,-0.0382463,0.031727,0.0246631,0.00597305,nan,nan,nan,nan,nan,nan,nan,nan,nan,nan,nan,nan,nan,nan,nan,-0.0142604,0.0293483,0.106462,0,0,-0.479189,0.00673143,-0.00424002,-1,-0.000674282,Idle,,nan,nan,nan,nan,0,0,0,0,0,-0.477367,0.0275485,0.214681,0.0986474,0.708183,0.443801,0.549624,0.207862,nan,nan,nan,nan,nan,nan,nan,nan
6.47086,-0.171591,0.0983121,-0.897911,0.0668355,0.137141,-0.0692715,-0.0484949,-0.0260199,-0.0382979,-0.014418,0.0453324,-0.00278384,nan,nan,nan,nan,nan,nan,nan,nan,nan,nan,nan,nan,nan,nan,nan,0.0241166,0.0198293,0.106058,0,0,-0.477439,0.00673143,-0.00424002,-1,-0.000674282,Idle,,nan,nan,nan,nan,0,0,0,0,0,-0.477367,0.0275485,0.214681,0.0986474,0.708183,0.443801,0.549624,0.207862,nan,nan,nan,nan,nan,nan,nan,nan
6.4801,-0.171134,0.0993152,-0.89819,0.0658,0.135759,-0.0700154,-0.0484538,-0.0255588,-0.0383898,0.00504695,0.0509755,-0.00698656,nan,nan,nan,nan,nan,nan,nan,nan,nan,nan,nan,nan,nan,nan,nan,0.0241166,0.0198293,0.106058,0,0,-0.477439,0.00673143,-0.00424002,-1,-0.000674282,Idle,,nan,nan,nan,nan,0,0,0,0,0,-0.478965,0.0148208,0.223078,0.0993214,0.725391,0.431135,0.547482,0.211851,nan,nan,nan,nan,nan,nan,nan,nan
6.49069,-0.17068,0.100311,-0.898476,0.0609299,0.12368,-0.0736361,-0.0482087,-0.0255269,-0.0383518,0.0281328,0.00254052,0.00513024,nan,nan,nan,nan,nan,nan,nan,nan,nan,nan,nan,nan,nan,nan,nan,0.0154277,0.0103414,0.105773,0,0,-0.477524,0.00673143,-0.00424002,-1,-0.000674282,Idle,,nan,nan,nan,nan,0,0,0,0,0,-0.478965,0.0148208,0.223078,0.0993214,0.725391,0.431135,0.547482,0.211851,nan,nan,nan,nan,nan,nan,nan,nan
6.49743,-0.170134,0.10153,-0.898871,0.0653322,0.134761,-0.0712957,-0.0481967,-0.0253332,-0.0382706,0.00226858,0.020334,0.0107922,nan,nan,nan,nan,nan,nan,nan,nan,nan,nan,nan,nan,nan,nan,nan,0.0154277,0.0103414,0.105773,0,0,-0.477524,0.00673143,-0.00424002,-1,-0.000674282,Idle,,nan,nan,nan,nan,0,0,0,0,0,-0.478705,0.0219028,0.216101,0.0995168,0.715385,0.441012,0.547103,0.21132,nan,nan,nan,nan,nan,nan,nan,nan
6.51402,-0.16968,0.10254,-0.899185,0.0644511,0.129785,-0.0688408,-0.048532,-0.0249018,-0.0382749,-0.0364688,0.0470042,0.00253706,nan,nan,nan,nan,nan,nan,nan,nan,nan,nan,nan,nan,nan,nan,nan,-0.00858015,0.0202413,0.105901,0,0,-0.47879,0.00673143,-0.00424002,-1,-0.000674282,Idle,,nan,nan,nan,nan,0,0,0,0,0,-0.47879,0.0283151,0.218655,0.0998293,0.713054,0.444137,0.553214,0.204753,nan,nan,nan,nan,nan,nan,nan,nan
6.51903,-0.168931,0.104252,-0.899435,0.0637291,0.114627,-0.0730233,-0.048857,-0.0243828,-0.0381182,0.00421813,0.0259757,0.0193175,nan,nan,nan,nan,nan,nan,nan,nan,nan,nan,nan,nan,nan,nan,nan,-0.00858015,0.0202413,0.105901,0,0,-0.47879,0.00673143,-0.00424002,-1,-0.000674282,Idle,,nan,nan,nan,nan,0,0,0,0,0,-0.47705,0.0283151,0.218655,0.0998293,0.713054,0.444137,0.553214,0.204753,nan,nan,nan,nan,nan,nan,nan,nan
6.53104,-0.168533,0.105147,-0.899565,0.0643541,0.128001,-0.0717565,-0.0492368,-0.0243762,-0.0379286,-0.0408669,-0.00127341,0.0221575,nan,nan,nan,nan,nan,nan,nan,nan,nan,nan,nan,nan,nan,nan,nan,0.0292748,0.0162795,0.104911,0,0,-0.477491,0.00673143,-0.00424002,-1,-0.000674282,Idle,,nan,nan,nan,nan,0,0,0,0,0,-0.47705,0.0291926,0.211837,0.0998424,0.705887,0.447852,0.547265,0.207197,nan,nan,nan,nan,nan,nan,nan,nan
6.5403,-0.168155,0.10603,-0.899724,0.0597247,0.124827,-0.0691924,-0.0497483,-0.0238683,-0.037814,-0.0557605,0.054907,0.0165632,nan,nan,nan,nan,nan,nan,nan,nan,nan,nan,nan,nan,nan,nan,nan,0.0292748,0.0162795,0.104911,0,0,-0.477491,0.00673143,-0.00424002,-1,-0.000674282,Idle,,nan,nan,nan,nan,0,0,0,0,0,-0.478099,0.0296341,0.21284,0.0996262,0.707116,0.448288,0.54955,0.207442,nan,nan,nan,nan,nan,nan,nan,nan
6.55411,-0.167754,0.106891,-0.899908,0.0670268,0.119417,-0.0745084,-0.049943,-0.0237313,-0.0377243,-0.0204713,0.0137447,0.0116823,nan,nan,nan,nan,nan,nan,nan,nan,nan,nan,nan,nan,nan,nan,nan,-0.00513543,0.00101703,0.103886,0,0,-0.478739,0.00673143,-0.00424002,-1,-0.000674282,Idle,,nan,nan,nan,nan,0,0,0,0,0,-0.478739,0.015924,0.218131,0.0994212,0.720987,0.435287,0.54444,0.214243,nan,nan,nan,nan,nan,nan,nan,nan
6.56085,-0.167339,0.107773,-0.900079,0.0657126,0.116849,-0.0724583,-0.0499052,-0.0236015,-0.0375368,0.00559922,0.0125454,0.0226793,nan,nan,nan,nan,nan,nan,nan,nan,nan,nan,nan,nan,nan,nan,nan,-0.00513543,0.00101703,0.103886,0,0,-0.478739,0.00673143,-0.00424002,-1,-0.000674282,Idle,,nan,nan,nan,nan,0,0,0,0,0,-0.477174,0.0254283,0.213704,0.0992158,0.709366,0.443368,0.546673,0.20929,nan,nan,nan,nan,nan,nan,nan,nan
6.57378,-0.166899,0.108675,-0.900264,0.065739,0.122608,-0.0664405,-0.0501584,-0.0233176,-0.0372843,-0.0267069,0.0292812,0.0306359,nan,nan,nan,nan,nan,nan,nan,nan,nan,nan,nan,nan,nan,nan,nan,-0.00817054,0.0170287,0.103235,0,0,-0.479406,0.00673143,-0.00424002,-1,-0.000674282,Idle,,nan,nan,nan,nan,0,0,0,0,0,-0.477693,0.0285679,0.222067,0.0990639,0.713427,0.440041,0.555474,0.20183,nan,nan,nan,nan,nan,nan,nan,nan
6.58055,-0.166467,0.109559,-0.900469,0.0644306,0.120964,-0.063238,-0.0504981,-0.0229447,-0.03716,-0.0366787,0.0399033,0.0168773,nan,nan,nan,nan,nan,nan,nan,nan,nan,nan,nan,nan,nan,nan,nan,-0.00817054,0.0170287,0.103235,0,0,-0.479406,0.00673143,-0.00424002,-1,-0.000674282,Idle,,nan,nan,nan,nan,0,0,0,0,0,-0.480224,0.0248206,0.222065,0.0988987,0.71844,0.43976,0.555517,0.20718,nan,nan,nan,nan,nan,nan,nan,nan
6.59492,-0.166052,0.110424,-0.900686,0.0680078,0.118799,-0.0704394,-0.0505251,-0.0228979,-0.0370433,-0.00190858,0.00370174,0.0141954,nan,nan,nan,nan,nan,nan,nan,nan,nan,nan,nan,nan,nan,nan,nan,0.00298411,0.0233135,0.102287,0,0,-0.478246,0.00673143,-0.00424002,-1,-0.000674282,Idle,,nan,nan,nan,nan,0,0,0,0,0,-0.478246,0.0234046,0.21995,0.0987369,0.715806,0.438113,0.551206,0.207858,nan,nan,nan,nan,nan,nan,nan,nan
6.60122,-0.165593,0.111327,-0.900901,0.0624293,0.109027,-0.0715508,-0.05042,-0.022947,-0.0368162,0.0130122,-0.00753265,0.0257743,nan,nan,nan,nan,nan,nan,nan,nan,nan,nan,nan,nan,nan,nan,nan,0.00298411,0.0233135,0.102287,0,0,-0.478246,0.00673143,-0.00424002,-1,-0.000674282,Idle,,nan,nan,nan,nan,0,0,0,0,0,-0.477816,0.0215862,0.222991,0.0986052,0.718681,0.434115,0.551771,0.206696,nan,nan,nan,nan,nan,nan,nan,nan
6.61318,-0.164713,0.113114,-0.901289,0.062999,0.114751,-0.0677635,-0.0507848,-0.0227045,-0.0363773,-0.00984575,0.0225258,0.0242475,nan,nan,nan,nan,nan,nan,nan,nan,nan,nan,nan,nan,nan,nan,nan,0.0130502,0.00317638,0.100173,0,0,-0.478332,0.00673143,-0.00424002,-1,-0.000674282,Idle,,nan,nan,nan,nan,0,0,0,0,0,-0.478332,0.0215862,0.222991,0.0986052,0.718681,0.434115,0.551771,0.206696,nan,nan,nan,nan,nan,nan,nan,nan
6.62207,-0.16435,0.113875,-0.901356,0.0618299,0.107727,-0.0742842,-0.0507832,-0.022866,-0.0362288,0.00160031,-0.019861,0.0169733,nan,nan,nan,nan,nan,nan,nan,nan,nan,nan,nan,nan,nan,nan,nan,0.0130502,0.00317638,0.100173,0,0,-0.478332,0.00673143,-0.00424002,-1,-0.000674282,Idle,,nan,nan,nan,nan,0,0,0,0,0,-0.478933,0.0176652,0.223589,0.0981506,0.722539,0.431583,0.550993,0.210619,nan,nan,nan,nan,nan,nan,nan,nan
6.63288,-0.163966,0.114627,-0.901411,0.0638105,0.104874,-0.0667844,-0.0505054,-0.023091,-0.0359656,0.0326402,-0.0275426,0.0293527,nan,nan,nan,nan,nan,nan,nan,nan,nan,nan,nan,nan,nan,nan,nan,0.0199852,0.00869899,0.0991961,0,0,-0.477117,0.00673143,-0.00424002,-1,-0.000674282,Idle,,nan,nan,nan,nan,0,0,0,0,0,-0.477117,0.0210089,0.22634,0.0979994,0.720153,0.430034,0.553637,0.204643,nan,nan,nan,nan,nan,nan,nan,nan
6.64101,-0.163579,0.115362,-0.901464,0.0642659,0.114769,-0.0572492,-0.0507915,-0.0232927,-0.0356584,-0.0299075,-0.0250497,0.0341822,nan,nan,nan,nan,nan,nan,nan,nan,nan,nan,nan,nan,nan,nan,nan,0.0199852,0.00869899,0.0991961,0,0,-0.477117,0.00673143,-0.00424002,-1,-0.000674282,Idle,,nan,nan,nan,nan,0,0,0,0,0,-0.479088,0.0247226,0.222487,0.0978437,0.716618,0.4372,0.555665,0.206869,nan,nan,nan,nan,nan,nan,nan,nan
6.65455,-0.163221,0.116126,-0.901527,0.063573,0.113686,-0.0604607,-0.0506803,-0.0231535,-0.035509,0.0138395,0.0137095,0.0188203,nan,nan,nan,nan,nan,nan,nan,nan,nan,nan,nan,nan,nan,nan,nan,-0.00804142,0.0154024,0.0978592,0,0,-0.48101,0.00673143,-0.00424002,-1,-0.000674282,Idle,,nan,nan,nan,nan,0,0,0,0,0,-0.48185,0.0166537,0.226981,0.0977194,0.728138,0.430955,0.55602,0.212287,nan,nan,nan,nan,nan,nan,nan,nan
6.66167,-0.162844,0.116875,-0.901593,0.0656291,0.102127,-0.0634085,-0.0506841,-0.0234612,-0.0353524,0.000949984,-0.0360701,0.0169714,nan,nan,nan,nan,nan,nan,nan,nan,nan,nan,nan,nan,nan,nan,nan,-0.00804142,0.0154024,0.0978592,0,0,-0.48101,0.00673143,-0.00424002,-1,-0.000674282,Idle,,nan,nan,nan,nan,0,0,0,0,0,-0.48101,0.0272877,0.228473,0.0976722,0.720787,0.436532,0.563802,0.202919,nan,nan,nan,nan,nan,nan,nan,nan
6.67424,-0.162431,0.117616,-0.901642,0.0690275,0.0969577,-0.0592185,-0.0504752,-0.0236906,-0.0351028,0.0248643,-0.0278696,0.0277492,nan,nan,nan,nan,nan,nan,nan,nan,nan,nan,nan,nan,nan,nan,nan,0.0363486,0.0331259,0.0976467,0,0,-0.481117,0.00673143,-0.00424002,-1,-0.000674282,Idle,,nan,nan,nan,nan,0,0,0,0,0,-0.481117,0.0297759,0.225902,0.0976716,0.717316,0.440216,0.563852,0.203085,nan,nan,nan,nan,nan,nan,nan,nan
6.68146,-0.162,0.118362,-0.901711,0.0668825,0.112406,-0.0553498,-0.0508579,-0.0237765,-0.0349232,-0.0412122,-0.0115006,0.0207467,nan,nan,nan,nan,nan,nan,nan,nan,nan,nan,nan,nan,nan,nan,nan,0.0363486,0.0331259,0.0976467,0,0,-0.481117,0.00673143,-0.00424002,-1,-0.000674282,Idle,,nan,nan,nan,nan,0,0,0,0,0,-0.482506,0.0214088,0.226754,0.0976403,0.725192,0.435055,0.559956,0.209821,nan,nan,nan,nan,nan,nan,nan,nan
6.69216,-0.161598,0.11913,-0.901808,0.065245,0.11065,-0.058095,-0.0509921,-0.0238204,-0.0348164,-0.0136691,-0.00635967,0.0128043,nan,nan,nan,nan,nan,nan,nan,nan,nan,nan,nan,nan,nan,nan,nan,-0.00893454,0.0205922,0.0959617,0,0,-0.481766,0.00673143,-0.00424002,-1,-0.000674282,Idle,,nan,nan,nan,nan,0,0,0,0,0,-0.481766,0.0333082,0.224811,0.097601,0.725192,0.435055,0.559956,0.209821,nan,nan,nan,nan,nan,nan,nan,nan
6.6981,-0.160757,0.120594,-0.901965,0.0653567,0.089599,-0.0589993,-0.0514144,-0.0245618,-0.0344525,-0.0181857,-0.0384668,0.023096,nan,nan,nan,nan,nan,nan,nan,nan,nan,nan,nan,nan,nan,nan,nan,-0.00893454,0.0205922,0.0959617,0,0,-0.481766,0.00673143,-0.00424002,-1,-0.000674282,Idle,,nan,nan,nan,nan,0,0,0,0,0,-0.481766,0.0333082,0.224811,0.097601,0.714625,0.444063,0.566297,0.202078,nan,nan,nan,nan,nan,nan,nan,nan
6.71087,-0.16029,0.121338,-0.902049,0.0649172,0.103794,-0.0534876,-0.0519357,-0.0247153,-0.0342305,-0.0565991,-0.0191939,0.0249611,nan,nan,nan,nan,nan,nan,nan,nan,nan,nan,nan,nan,nan,nan,nan,0.0492294,0.0260225,0.0948606,0,0,-0.481261,0.00673143,-0.00424002,-1,-0.000674282,Idle,,nan,nan,nan,nan,0,0,0,0,0,-0.481068,0.0313552,0.225456,0.0975961,0.715759,0.441524,0.56468,0.20231,nan,nan,nan,nan,nan,nan,nan,nan
6.7186,-0.159974,0.121948,-0.90198,0.0668047,0.101717,-0.0534515,-0.0521642,-0.0247373,-0.0340877,-0.0242263,-0.00408927,0.0168934,nan,nan,nan,nan,nan,nan,nan,nan,nan,nan,nan,nan,nan,nan,nan,0.0492294,0.0260225,0.0948606,0,0,-0.481261,0.00673143,-0.00424002,-1,-0.000674282,Idle,,nan,nan,nan,nan,0,0,0,0,0,-0.481261,0.0329894,0.228746,0.0975637,0.71709,0.440513,0.568386,0.199054,nan,nan,nan,nan,nan,nan,nan,nan
6.73369,-0.159581,0.122683,-0.90202,0.0609165,0.0901088,-0.0600626,-0.052299,-0.0251215,-0.0339246,-0.0133916,-0.0445759,0.0173658,nan,nan,nan,nan,nan,nan,nan,nan,nan,nan,nan,nan,nan,nan,nan,0.0059991,0.0311148,0.0943344,0,0,-0.483066,0.00673143,-0.00424002,-1,-0.000674282,Idle,,nan,nan,nan,nan,0,0,0,0,0,-0.483066,0.0262972,0.229497,0.0975164,0.724111,0.437008,0.566036,0.20511,nan,nan,nan,nan,nan,nan,nan,nan
6.74097,-0.159258,0.123308,-0.901992,0.0660647,0.0985603,-0.0557834,-0.0523905,-0.0254087,-0.0337046,-0.0085298,-0.0345017,0.0244532,nan,nan,nan,nan,nan,nan,nan,nan,nan,nan,nan,nan,nan,nan,nan,0.0059991,0.0311148,0.0943344,0,0,-0.483066,0.00673143,-0.00424002,-1,-0.000674282,Idle,,nan,nan,nan,nan,0,0,0,0,0,-0.481202,0.0322938,0.215212,0.0975099,0.7079,0.449479,0.558323,0.209106,nan,nan,nan,nan,nan,nan,nan,nan
6.75075,-0.158919,0.123907,-0.901959,0.0645718,0.0965936,-0.0498606,-0.0528021,-0.0254285,-0.03352,-0.0442579,-0.00436703,0.0219115,nan,nan,nan,nan,nan,nan,nan,nan,nan,nan,nan,nan,nan,nan,nan,0.0138066,0.0273447,0.0930988,0,0,-0.484145,0.00673143,-0.00424002,-1,-0.000674282,Idle,,nan,nan,nan,nan,0,0,0,0,0,-0.481202,0.0322938,0.215212,0.0975099,0.7079,0.449479,0.558323,0.209106,nan,nan,nan,nan,nan,nan,nan,nan
6.76025,-0.158568,0.124478,-0.90194,0.0671702,0.0919503,-0.0552821,-0.0531229,-0.0253757,-0.0334497,-0.0344882,0.00440237,0.00960017,nan,nan,nan,nan,nan,nan,nan,nan,nan,nan,nan,nan,nan,nan,nan,0.0138066,0.0273447,0.0930988,0,0,-0.484145,0.00673143,-0.00424002,-1,-0.000674282,Idle,,nan,nan,nan,nan,0,0,0,0,0,-0.482683,0.030348,0.219587,0.0975979,0.713937,0.446579,0.561431,0.208784,nan,nan,nan,nan,nan,nan,nan,nan
6.77402,-0.15821,0.125096,-0.901945,0.0656069,0.0916112,-0.0627002,-0.0529224,-0.0255365,-0.0333891,0.0235121,-0.0192808,0.00724845,nan,nan,nan,nan,nan,nan,nan,nan,nan,nan,nan,nan,nan,nan,nan,0.0250937,0.0295463,0.0924071,0,0,-0.480791,0.00673143,-0.00424002,-1,-0.000674282,Idle,,nan,nan,nan,nan,0,0,0,0,0,-0.480791,0.0228422,0.220902,0.0977473,0.718433,0.438598,0.555014,0.211119,nan,nan,nan,nan,nan,nan,nan,nan
6.77878,-0.157434,0.126299,-0.902034,0.0679404,0.0931915,-0.0497606,-0.0533074,-0.0253661,-0.0331231,-0.0334893,0.0305804,0.00832344,nan,nan,nan,nan,nan,nan,nan,nan,nan,nan,nan,nan,nan,nan,nan,0.0250937,0.0295463,0.0924071,0,0,-0.480791,0.00673143,-0.00424002,-1,-0.000674282,Idle,,nan,nan,nan,nan,0,0,0,0,0,-0.480791,0.0228422,0.220902,0.0977473,0.718433,0.438598,0.555014,0.211119,nan,nan,nan,nan,nan,nan,nan,nan
6.79166,-0.157055,0.126872,-0.902098,0.0655854,0.0929423,-0.0584141,-0.053416,-0.0253512,-0.0330737,-0.0110029,0.000392389,0.00697032,nan,nan,nan,nan,nan,nan,nan,nan,nan,nan,nan,nan,nan,nan,nan,0.0144381,0.0358427,0.0921198,0,0,-0.484349,0.00673143,-0.00424002,-1,-0.000674282,Idle,,nan,nan,nan,nan,0,0,0,0,0,-0.48255,0.0263895,0.217915,0.0978053,0.715628,0.445036,0.55711,0.212424,nan,nan,nan,nan,nan,nan,nan,nan
6.80086,-0.156671,0.12749,-0.902206,0.0622697,0.0813781,-0.0651398,-0.0532422,-0.0255352,-0.0329372,0.0206683,-0.0222185,0.015433,nan,nan,nan,nan,nan,nan,nan,nan,nan,nan,nan,nan,nan,nan,nan,0.0144381,0.0358427,0.0921198,0,0,-0.484349,0.00673143,-0.00424002,-1,-0.000674282,Idle,,nan,nan,nan,nan,0,0,0,0,0,-0.48211,0.0213952,0.219834,0.0980719,0.720343,0.439974,0.554229,0.213893,nan,nan,nan,nan,nan,nan,nan,nan
6.81553,-0.156273,0.128093,-0.90234,0.0656844,0.0769778,-0.0641269,-0.0532272,-0.0255763,-0.0328135,0.00292531,-0.00622956,0.014819,nan,nan,nan,nan,nan,nan,nan,nan,nan,nan,nan,nan,nan,nan,nan,0.0469701,0.0203135,0.0907325,0,0,-0.480177,0.00673143,-0.00424002,-1,-0.000674282,Idle,,nan,nan,nan,nan,0,0,0,0,0,-0.480177,0.0326094,0.213516,0.0982086,0.706151,0.450575,0.555626,0.208358,nan,nan,nan,nan,nan,nan,nan,nan
6.82125,-0.156002,0.12856,-0.902274,0.0665477,0.0872418,-0.057478,-0.0533179,-0.0252089,-0.0327585,-0.00902964,0.0394319,0.00952008,nan,nan,nan,nan,nan,nan,nan,nan,nan,nan,nan,nan,nan,nan,nan,0.0469701,0.0203135,0.0907325,0,0,-0.480177,0.00673143,-0.00424002,-1,-0.000674282,Idle,,nan,nan,nan,nan,0,0,0,0,0,-0.480393,0.02609,0.213029,0.0983144,0.710738,0.446631,0.550782,0.213422,nan,nan,nan,nan,nan,nan,nan,nan
6.83409,-0.155733,0.12903,-0.902221,0.0630289,0.0834076,-0.0627006,-0.0532301,-0.0249064,-0.0327713,0.010875,0.0326639,0.0020411,nan,nan,nan,nan,nan,nan,nan,nan,nan,nan,nan,nan,nan,nan,nan,0.0255029,0.020894,0.0903298,0,0,-0.481054,0.00673143,-0.00424002,-1,-0.000674282,Idle,,nan,nan,nan,nan,0,0,0,0,0,-0.48242,0.0232236,0.21926,0.0984847,0.719368,0.442396,0.555014,0.212903,nan,nan,nan,nan,nan,nan,nan,nan
6.83924,-0.155456,0.129541,-0.902212,0.0604595,0.0743726,-0.0696131,-0.0529362,-0.0247984,-0.0327176,0.0339181,0.0104848,0.0082307,nan,nan,nan,nan,nan,nan,nan,nan,nan,nan,nan,nan,nan,nan,nan,0.0255029,0.020894,0.0903298,0,0,-0.481054,0.00673143,-0.00424002,-1,-0.000674282,Idle,,nan,nan,nan,nan,0,0,0,0,0,-0.48242,0.0232236,0.21926,0.0984847,0.719368,0.442396,0.555014,0.212903,nan,nan,nan,nan,nan,nan,nan,nan
6.85291,-0.155192,0.130018,-0.902227,0.0637191,0.0724297,-0.0687293,-0.0528454,-0.0245729,-0.0325858,0.0114894,0.0231264,0.0175683,nan,nan,nan,nan,nan,nan,nan,nan,nan,nan,nan,nan,nan,nan,nan,0.0468749,0.0239794,0.0904435,0,0,-0.47939,0.00673143,-0.00424002,-1,-0.000674282,Idle,,nan,nan,nan,nan,0,0,0,0,0,-0.47939,0.0210824,0.2131,0.0987806,0.713793,0.442503,0.545823,0.215443,nan,nan,nan,nan,nan,nan,nan,nan
6.86018,-0.15481,0.130604,-0.902393,0.0632177,0.0832902,-0.0661077,-0.0528997,-0.0238412,-0.0326092,-0.00511588,0.0803533,0.00326069,nan,nan,nan,nan,nan,nan,nan,nan,nan,nan,nan,nan,nan,nan,nan,0.0468749,0.0239794,0.0904435,0,0,-0.47939,0.00673143,-0.00424002,-1,-0.000674282,Idle,,nan,nan,nan,nan,0,0,0,0,0,-0.480296,0.0152696,0.206081,0.0988833,0.713948,0.444364,0.537554,0.225317,nan,nan,nan,nan,nan,nan,nan,nan
6.87221,-0.154204,0.13157,-0.902522,0.0609685,0.0677264,-0.068095,-0.0517257,-0.0228623,-0.0325294,0.0727506,0.0511943,0.0160799,nan,nan,nan,nan,nan,nan,nan,nan,nan,nan,nan,nan,nan,nan,nan,0.0402779,0.0170802,0.089824,0,0,-0.478769,0.00673143,-0.00424002,-1,-0.000674282,Idle,,nan,nan,nan,nan,0,0,0,0,0,-0.480296,0.0152696,0.206081,0.0988833,0.713948,0.444364,0.537554,0.225317,nan,nan,nan,nan,nan,nan,nan,nan
6.87931,-0.153893,0.132056,-0.902632,0.0659046,0.0807331,-0.0656131,-0.0514145,-0.0222712,-0.032432,0.0358327,0.0641005,0.0156831,nan,nan,nan,nan,nan,nan,nan,nan,nan,nan,nan,nan,nan,nan,nan,0.0402779,0.0170802,0.089824,0,0,-0.478769,0.00673143,-0.00424002,-1,-0.000674282,Idle,,nan,nan,nan,nan,0,0,0,0,0,-0.478769,0.0181263,0.210524,0.0990003,0.71366,0.441832,0.541072,0.218512,nan,nan,nan,nan,nan,nan,nan,nan
6.89306,-0.153574,0.132541,-0.902769,0.0659641,0.0800758,-0.0653826,-0.0509483,-0.021432,-0.0324238,0.0528362,0.0922248,0.00711995,nan,nan,nan,nan,nan,nan,nan,nan,nan,nan,nan,nan,nan,nan,nan,-0.00343895,0.0220531,0.0898017,0,0,-0.480472,0.00673143,-0.00424002,-1,-0.000674282,Idle,,nan,nan,nan,nan,0,0,0,0,0,-0.480472,0.016668,0.211354,0.0991801,0.71716,0.442098,0.542149,0.220481,nan,nan,nan,nan,nan,nan,nan,nan
6.9017,-0.153222,0.133006,-0.902913,0.0686081,0.0708031,-0.0677844,-0.0501635,-0.0207924,-0.0324398,0.0882372,0.0701789,0.00322235,nan,nan,nan,nan,nan,nan,nan,nan,nan,nan,nan,nan,nan,nan,nan,-0.00343895,0.0220531,0.0898017,0,0,-0.480472,0.00673143,-0.00424002,-1,-0.000674282,Idle,,nan,nan,nan,nan,0,0,0,0,0,-0.480513,0.00838828,0.217822,0.0992477,0.727698,0.431778,0.540839,0.221738,nan,nan,nan,nan,nan,nan,nan,nan
6.91081,-0.153038,0.133394,-0.902803,0.0603899,0.0671329,-0.0704373,-0.0492532,-0.0205079,-0.0323086,0.102004,0.0297515,0.0174292,nan,nan,nan,nan,nan,nan,nan,nan,nan,nan,nan,nan,nan,nan,nan,0.021895,0.0249138,0.0894692,0,0,-0.4797,0.00673143,-0.00424002,-1,-0.000674282,Idle,,nan,nan,nan,nan,0,0,0,0,0,-0.480513,0.00838828,0.217822,0.0992477,0.727698,0.431778,0.540839,0.221738,nan,nan,nan,nan,nan,nan,nan,nan
6.92004,-0.152871,0.133828,-0.902744,0.0641256,0.0786131,-0.0709006,-0.0488351,-0.0202034,-0.0321939,0.0480812,0.0320293,0.0162716,nan,nan,nan,nan,nan,nan,nan,nan,nan,nan,nan,nan,nan,nan,nan,0.021895,0.0249138,0.0894692,0,0,-0.4797,0.00673143,-0.00424002,-1,-0.000674282,Idle,,nan,nan,nan,nan,0,0,0,0,0,-0.479077,0.017872,0.212459,0.0993188,0.715834,0.440911,0.542248,0.217314,nan,nan,nan,nan,nan,nan,nan,nan
6.93051,-0.152693,0.134248,-0.902727,0.0615636,0.074198,-0.0679369,-0.04824,-0.0195696,-0.0321996,0.0672511,0.0691838,0.00451617,nan,nan,nan,nan,nan,nan,nan,nan,nan,nan,nan,nan,nan,nan,nan,-0.00104098,0.00100475,0.0881595,0,0,-0.479944,0.00673143,-0.00424002,-1,-0.000674282,Idle,,nan,nan,nan,nan,0,0,0,0,0,-0.479077,0.017872,0.212459,0.0993188,0.715834,0.440911,0.542248,0.217314,nan,nan,nan,nan,nan,nan,nan,nan
6.93754,-0.152481,0.13464,-0.902716,0.063302,0.0668932,-0.0736713,-0.0477607,-0.0193541,-0.0321703,0.0543905,0.0224962,0.00610145,nan,nan,nan,nan,nan,nan,nan,nan,nan,nan,nan,nan,nan,nan,nan,-0.00104098,0.00100475,0.0881595,0,0,-0.479944,0.00673143,-0.00424002,-1,-0.000674282,Idle,,nan,nan,nan,nan,0,0,0,0,0,-0.479198,0.00601129,0.220074,0.0993483,0.729756,0.427289,0.539335,0.22041,nan,nan,nan,nan,nan,nan,nan,nan
6.95363,-0.152242,0.135061,-0.902709,0.0608795,0.0626181,-0.0740479,-0.0469298,-0.0191665,-0.0320384,0.0937378,0.0188836,0.0173061,nan,nan,nan,nan,nan,nan,nan,nan,nan,nan,nan,nan,nan,nan,nan,0.0249933,-0.00293388,0.0875275,0,0,-0.478234,0.00673143,-0.00424002,-1,-0.000674282,Idle,,nan,nan,nan,nan,0,0,0,0,0,-0.478234,0.0138833,0.216106,0.0992565,0.720329,0.434606,0.541226,0.216776,nan,nan,nan,nan,nan,nan,nan,nan
6.95833,-0.151811,0.135952,-0.902782,0.0545436,0.0705986,-0.065779,-0.0464373,-0.018238,-0.0317716,0.0222211,0.0577678,0.0153502,nan,nan,nan,nan,nan,nan,nan,nan,nan,nan,nan,nan,nan,nan,nan,0.0249933,-0.00293388,0.0875275,0,0,-0.478234,0.00673143,-0.00424002,-1,-0.000674282,Idle,,nan,nan,nan,nan,0,0,0,0,0,-0.478234,0.0138833,0.216106,0.0992565,0.720329,0.434606,0.541226,0.216776,nan,nan,nan,nan,nan,nan,nan,nan
6.97235,-0.151532,0.136442,-0.90297,0.0548981,0.0645527,-0.0756676,-0.0460358,-0.0180511,-0.0316959,0.0457261,0.0191891,0.0109289,nan,nan,nan,nan,nan,nan,nan,nan,nan,nan,nan,nan,nan,nan,nan,-0.00779595,-0.0215898,0.0862262,0,0,-0.480662,0.00673143,-0.00424002,-1,-0.000674282,Idle,,nan,nan,nan,nan,0,0,0,0,0,-0.479133,0.0205899,0.208805,0.0991611,0.711227,0.445315,0.541801,0.218188,nan,nan,nan,nan,nan,nan,nan,nan
6.98178,-0.151324,0.136897,-0.903051,0.0561462,0.0633768,-0.0711879,-0.0457598,-0.0177693,-0.0315104,0.0319254,0.0292085,0.0235654,nan,nan,nan,nan,nan,nan,nan,nan,nan,nan,nan,nan,nan,nan,nan,-0.00779595,-0.0215898,0.0862262,0,0,-0.480662,0.00673143,-0.00424002,-1,-0.000674282,Idle,,nan,nan,nan,nan,0,0,0,0,0,-0.477915,0.0244105,0.21512,0.0989901,0.711602,0.442162,0.54792,0.209976,nan,nan,nan,nan,nan,nan,nan,nan
6.99807,-0.151088,0.137312,-0.903131,0.0585649,0.0693491,-0.0618031,-0.0459739,-0.0173635,-0.0313511,-0.0227145,0.0431632,0.0212586,nan,nan,nan,nan,nan,nan,nan,nan,nan,nan,nan,nan,nan,nan,nan,0.00864502,-0.0122649,0.0855774,0,0,-0.479094,0.00673143,-0.00424002,-1,-0.000674282,Idle,,nan,nan,nan,nan,0,0,0,0,0,-0.479094,0.0302844,0.211517,0.0989097,0.705998,0.449962,0.550785,0.209629,nan,nan,nan,nan,nan,nan,nan,nan
7.00084,-0.150843,0.137728,-0.903214,0.059223,0.0710361,-0.065509,-0.0459505,-0.0167023,-0.0312624,0.00353546,0.0715902,0.0146114,nan,nan,nan,nan,nan,nan,nan,nan,nan,nan,nan,nan,nan,nan,nan,0.00864502,-0.0122649,0.0855774,0,0,-0.479094,0.00673143,-0.00424002,-1,-0.000674282,Idle,,nan,nan,nan,nan,0,0,0,0,0,-0.481697,0.0185447,0.218376,0.0988049,0.721648,0.439309,0.550037,0.215792,nan,nan,nan,nan,nan,nan,nan,nan
7.01475,-0.150598,0.138184,-0.903322,0.0588741,0.0592706,-0.0741692,-0.0457235,-0.0166317,-0.03116,0.0263607,0.00624957,0.0132136,nan,nan,nan,nan,nan,nan,nan,nan,nan,nan,nan,nan,nan,nan,nan,-0.0187401,-0.00514372,0.0852793,0,0,-0.480757,0.00673143,-0.00424002,-1,-0.000674282,Idle,,nan,nan,nan,nan,0,0,0,0,0,-0.480757,0.0216536,0.221354,0.0987284,0.72054,0.438385,0.553478,0.210625,nan,nan,nan,nan,nan,nan,nan,nan
7.02236,-0.150495,0.138548,-0.903225,0.0525895,0.0599599,-0.0731221,-0.0456194,-0.0165179,-0.0310026,0.0126046,0.0107761,0.0194337,nan,nan,nan,nan,nan,nan,nan,nan,nan,nan,nan,nan,nan,nan,nan,-0.0187401,-0.00514372,0.0852793,0,0,-0.480757,0.00673143,-0.00424002,-1,-0.000674282,Idle,,nan,nan,nan,nan,0,0,0,0,0,-0.47868,0.0245235,0.213083,0.0986389,0.710496,0.444097,0.547676,0.212453,nan,nan,nan,nan,nan,nan,nan,nan
7.03435,-0.150385,0.138901,-0.90316,0.057403,0.0675598,-0.0673354,-0.0459167,-0.0164448,-0.0308167,-0.0318938,0.00580919,0.0227655,nan,nan,nan,nan,nan,nan,nan,nan,nan,nan,nan,nan,nan,nan,nan,-0.0163903,-0.00769654,0.0841406,0,0,-0.480372,0.00673143,-0.00424002,-1,-0.000674282,Idle,,nan,nan,nan,nan,0,0,0,0,0,-0.480372,0.0204196,0.222799,0.0985516,0.721872,0.435928,0.553419,0.210267,nan,nan,nan,nan,nan,nan,nan,nan
7.04127,-0.150265,0.139268,-0.903103,0.0540006,0.0648505,-0.06944,-0.0459645,-0.0161455,-0.0307426,-0.00435028,0.0315742,0.0114562,nan,nan,nan,nan,nan,nan,nan,nan,nan,nan,nan,nan,nan,nan,nan,-0.0163903,-0.00769654,0.0841406,0,0,-0.480372,0.00673143,-0.00424002,-1,-0.000674282,Idle,,nan,nan,nan,nan,0,0,0,0,0,-0.479833,0.0267532,0.212134,0.0984783,0.70924,0.447336,0.549894,0.212861,nan,nan,nan,nan,nan,nan,nan,nan
7.05185,-0.150017,0.140014,-0.903024,0.0483042,0.0517634,-0.071834,-0.0456375,-0.0164781,-0.0303571,0.0243555,-0.0204618,0.0297222,nan,nan,nan,nan,nan,nan,nan,nan,nan,nan,nan,nan,nan,nan,nan,0.0178656,-0.0254388,0.0823921,0,0,-0.478833,0.00673143,-0.00424002,-1,-0.000674282,Idle,,nan,nan,nan,nan,0,0,0,0,0,-0.479833,0.0267532,0.212134,0.0984783,0.70924,0.447336,0.549894,0.212861,nan,nan,nan,nan,nan,nan,nan,nan
7.05664,-0.149887,0.140391,-0.903031,0.052797,0.0635507,-0.0669741,-0.0459431,-0.0162397,-0.0301813,-0.0329497,0.0243657,0.0223305,nan,nan,nan,nan,nan,nan,nan,nan,nan,nan,nan,nan,nan,nan,nan,0.0178656,-0.0254388,0.0823921,0,0,-0.478833,0.00673143,-0.00424002,-1,-0.000674282,Idle,,nan,nan,nan,nan,0,0,0,0,0,-0.478833,0.0177705,0.219972,0.0983814,0.720038,0.434346,0.54818,0.21277,nan,nan,nan,nan,nan,nan,nan,nan
7.07293,-0.149746,0.140794,-0.903051,0.0530864,0.0677386,-0.0676578,-0.0460668,-0.0160674,-0.0300791,-0.0128499,0.0174277,0.0137778,nan,nan,nan,nan,nan,nan,nan,nan,nan,nan,nan,nan,nan,nan,nan,-0.014796,-0.01554,0.0818961,0,0,-0.480638,0.00673143,-0.00424002,-1,-0.000674282,Idle,,nan,nan,nan,nan,0,0,0,0,0,-0.480638,0.0239687,0.21612,0.0981184,0.714473,0.442995,0.551907,0.213179,nan,nan,nan,nan,nan,nan,nan,nan
7.08184,-0.149601,0.141193,-0.903074,0.048213,0.0554843,-0.0711132,-0.0459232,-0.0161051,-0.0298581,0.017112,-0.00652642,0.0258755,nan,nan,nan,nan,nan,nan,nan,nan,nan,nan,nan,nan,nan,nan,nan,-0.014796,-0.01554,0.0818961,0,0,-0.480638,0.00673143,-0.00424002,-1,-0.000674282,Idle,,nan,nan,nan,nan,0,0,0,0,0,-0.480555,0.0190424,0.214478,0.0980044,0.716598,0.440475,0.547293,0.217853,nan,nan,nan,nan,nan,nan,nan,nan
7.09472,-0.149398,0.141701,-0.903188,0.0492113,0.0655266,-0.0664369,-0.0460103,-0.0161632,-0.0296357,-0.00856307,-0.00871619,0.0257609,nan,nan,nan,nan,nan,nan,nan,nan,nan,nan,nan,nan,nan,nan,nan,0.0134589,-0.0275139,0.080294,0,0,-0.479472,0.00673143,-0.00424002,-1,-0.000674282,Idle,,nan,nan,nan,nan,0,0,0,0,0,-0.479472,0.0256985,0.212879,0.0979285,0.709602,0.445153,0.549864,0.213269,nan,nan,nan,nan,nan,nan,nan,nan
7.10075,-0.149262,0.14211,-0.903256,0.0510349,0.0660064,-0.0667009,-0.0462052,-0.0157454,-0.0294953,-0.020896,0.0448568,0.0192743,nan,nan,nan,nan,nan,nan,nan,nan,nan,nan,nan,nan,nan,nan,nan,0.0134589,-0.0275139,0.080294,0,0,-0.479472,0.00673143,-0.00424002,-1,-0.000674282,Idle,,nan,nan,nan,nan,0,0,0,0,0,-0.480894,0.0131456,0.212106,0.0978832,0.719309,0.4382,0.541908,0.22416,nan,nan,nan,nan,nan,nan,nan,nan
7.11528,-0.14911,0.142465,-0.903342,0.0471003,0.053438,-0.0700545,-0.0462745,-0.0154455,-0.0294116,-0.00691839,0.0318198,0.012219,nan,nan,nan,nan,nan,nan,nan,nan,nan,nan,nan,nan,nan,nan,nan,0.0195094,-0.0276318,0.0793467,0,0,-0.479754,0.00673143,-0.00424002,-1,-0.000674282,Idle,,nan,nan,nan,nan,0,0,0,0,0,-0.479754,0.0289544,0.216286,0.0978208,0.709883,0.44522,0.554963,0.208948,nan,nan,nan,nan,nan,nan,nan,nan
7.12125,-0.149052,0.142787,-0.903184,0.0482049,0.0525075,-0.0705374,-0.0460653,-0.0156127,-0.0292705,0.024159,-0.020387,0.016164,nan,nan,nan,nan,nan,nan,nan,nan,nan,nan,nan,nan,nan,nan,nan,0.0195094,-0.0276318,0.0793467,0,0,-0.479754,0.00673143,-0.00424002,-1,-0.000674282,Idle,,nan,nan,nan,nan,0,0,0,0,0,-0.479699,0.0197672,0.21246,0.0978244,0.713623,0.441378,0.545704,0.21809,nan,nan,nan,nan,nan,nan,nan,nan
7.13079,-0.149005,0.143119,-0.903056,0.0494901,0.0612166,-0.0669528,-0.0461018,-0.0157071,-0.0291287,-0.00304824,-0.0125194,0.0169444,nan,nan,nan,nan,nan,nan,nan,nan,nan,nan,nan,nan,nan,nan,nan,-0.0135132,-0.0182443,0.079055,0,0,-0.480875,0.00673143,-0.00424002,-1,-0.000674282,Idle,,nan,nan,nan,nan,0,0,0,0,0,-0.479699,0.0197672,0.21246,0.0978244,0.713623,0.441378,0.545704,0.21809,nan,nan,nan,nan,nan,nan,nan,nan
7.13782,-0.148938,0.143754,-0.902881,0.0423758,0.0523003,-0.0716255,-0.0467081,-0.0157809,-0.0289529,-0.0345055,-0.0117705,0.00905747,nan,nan,nan,nan,nan,nan,nan,nan,nan,nan,nan,nan,nan,nan,nan,-0.0135132,-0.0182443,0.079055,0,0,-0.480875,0.00673143,-0.00424002,-1,-0.000674282,Idle,,nan,nan,nan,nan,0,0,0,0,0,-0.480875,0.0186956,0.224073,0.097867,0.723811,0.433627,0.554287,0.211775,nan,nan,nan,nan,nan,nan,nan,nan
7.15061,-0.148882,0.1441,-0.902816,0.0438957,0.0523812,-0.0740628,-0.046301,-0.0161218,-0.0287855,0.0463272,-0.0399811,0.0183862,nan,nan,nan,nan,nan,nan,nan,nan,nan,nan,nan,nan,nan,nan,nan,0.0144087,-0.0336547,0.0777146,0,0,-0.479645,0.00673143,-0.00424002,-1,-0.000674282,Idle,,nan,nan,nan,nan,0,0,0,0,0,-0.481382,0.0311083,0.212014,0.0979312,0.707077,0.451504,0.554983,0.211964,nan,nan,nan,nan,nan,nan,nan,nan
7.15841,-0.148801,0.144465,-0.902774,0.0409206,0.0501285,-0.0704009,-0.0462742,-0.0161528,-0.0286327,0.00392902,-0.00539429,0.018338,nan,nan,nan,nan,nan,nan,nan,nan,nan,nan,nan,nan,nan,nan,nan,0.0144087,-0.0336547,0.0777146,0,0,-0.479645,0.00673143,-0.00424002,-1,-0.000674282,Idle,,nan,nan,nan,nan,0,0,0,0,0,-0.479645,0.0189973,0.216567,0.09798,0.717173,0.438031,0.547853,0.215522,nan,nan,nan,nan,nan,nan,nan,nan
7.17449,-0.148732,0.144794,-0.902748,0.0379744,0.0577139,-0.0647249,-0.0462902,-0.0161578,-0.0286016,-0.00108688,-0.00184896,0.00488701,nan,nan,nan,nan,nan,nan,nan,nan,nan,nan,nan,nan,nan,nan,nan,0.0134851,-0.033463,0.0772034,0,0,-0.48006,0.00673143,-0.00424002,-1,-0.000674282,Idle,,nan,nan,nan,nan,0,0,0,0,0,-0.48006,0.0116368,0.2135,0.0981434,0.720788,0.435574,0.540733,0.223147,nan,nan,nan,nan,nan,nan,nan,nan
7.18054,-0.148695,0.14513,-0.902763,0.0388886,0.057128,-0.074469,-0.0459539,-0.0162831,-0.0285472,0.0379837,-0.0152419,0.00679238,nan,nan,nan,nan,nan,nan,nan,nan,nan,nan,nan,nan,nan,nan,nan,0.0134851,-0.033463,0.0772034,0,0,-0.48006,0.00673143,-0.00424002,-1,-0.000674282,Idle,,nan,nan,nan,nan,0,0,0,0,0,-0.481772,0.0153815,0.211454,0.0982889,0.71855,0.441526,0.5435,0.223512,nan,nan,nan,nan,nan,nan,nan,nan
7.19099,-0.148628,0.145499,-0.90281,0.0362807,0.0490462,-0.076269,-0.0455748,-0.0165693,-0.0285031,0.0431297,-0.0333132,0.00485807,nan,nan,nan,nan,nan,nan,nan,nan,nan,nan,nan,nan,nan,nan,nan,0.0122175,-0.0381003,0.0767865,0,0,-0.478601,0.00673143,-0.00424002,-1,-0.000674282,Idle,,nan,nan,nan,nan,0,0,0,0,0,-0.481772,0.0153815,0.211454,0.0982889,0.71855,0.441526,0.5435,0.223512,nan,nan,nan,nan,nan,nan,nan,nan
7.20091,-0.148539,0.145859,-0.902863,0.0423959,0.0450063,-0.072155,-0.0454804,-0.0168009,-0.0284173,0.0112616,-0.0272342,0.00971391,nan,nan,nan,nan,nan,nan,nan,nan,nan,nan,nan,nan,nan,nan,nan,0.0122175,-0.0381003,0.0767865,0,0,-0.478601,0.00673143,-0.00424002,-1,-0.000674282,Idle,,nan,nan,nan,nan,0,0,0,0,0,-0.479607,0.0146142,0.217795,0.0986889,0.721811,0.434735,0.544875,0.217007,nan,nan,nan,nan,nan,nan,nan,nan
7.21411,-0.148435,0.146179,-0.90293,0.0417203,0.0610622,-0.0653046,-0.0454389,-0.0166578,-0.0283976,0.00521578,0.0148045,0.00422321,nan,nan,nan,nan,nan,nan,nan,nan,nan,nan,nan,nan,nan,nan,nan,-0.0361661,-0.0181939,0.0770948,0,0,-0.48175,0.00673143,-0.00424002,-1,-0.000674282,Idle,,nan,nan,nan,nan,0,0,0,0,0,-0.48175,0.0126608,0.215813,0.0989046,0.724149,0.437114,0.54402,0.221718,nan,nan,nan,nan,nan,nan,nan,nan
7.21896,-0.148406,0.14678,-0.902832,0.0363439,0.0446199,-0.0722309,-0.044617,-0.0172066,-0.0283304,0.0592525,-0.0366441,0.0120477,nan,nan,nan,nan,nan,nan,nan,nan,nan,nan,nan,nan,nan,nan,nan,-0.0361661,-0.0181939,0.0770948,0,0,-0.48175,0.00673143,-0.00424002,-1,-0.000674282,Idle,,nan,nan,nan,nan,0,0,0,0,0,-0.48175,0.0126608,0.215813,0.0989046,0.724149,0.437114,0.54402,0.221718,nan,nan,nan,nan,nan,nan,nan,nan
7.2314,-0.148405,0.147071,-0.902777,0.0380049,0.0581403,-0.0695741,-0.0446057,-0.0173686,-0.028185,0.00223469,-0.0199685,0.0169834,nan,nan,nan,nan,nan,nan,nan,nan,nan,nan,nan,nan,nan,nan,nan,0.0121752,-0.0312029,0.0761342,0,0,-0.479757,0.00673143,-0.00424002,-1,-0.000674282,Idle,,nan,nan,nan,nan,0,0,0,0,0,-0.479192,0.0154252,0.212433,0.0990545,0.717397,0.43905,0.540879,0.219442,nan,nan,nan,nan,nan,nan,nan,nan
7.24069,-0.148409,0.147389,-0.902757,0.038037,0.0568284,-0.0703326,-0.0445911,-0.0172678,-0.028137,0.00238467,0.00989988,0.00732527,nan,nan,nan,nan,nan,nan,nan,nan,nan,nan,nan,nan,nan,nan,nan,0.0121752,-0.0312029,0.0761342,0,0,-0.479757,0.00673143,-0.00424002,-1,-0.000674282,Idle,,nan,nan,nan,nan,0,0,0,0,0,-0.480745,0.0167111,0.20617,0.0991496,0.713707,0.446036,0.538819,0.224418,nan,nan,nan,nan,nan,nan,nan,nan
7.25451,-0.148395,0.147698,-0.902736,0.0355575,0.0438006,-0.0755198,-0.0443075,-0.0175096,-0.0280601,0.0323811,-0.0283344,0.00881007,nan,nan,nan,nan,nan,nan,nan,nan,nan,nan,nan,nan,nan,nan,nan,-0.0266554,-0.0232036,0.0759812,0,0,-0.480532,0.00673143,-0.00424002,-1,-0.000674282,Idle,,nan,nan,nan,nan,0,0,0,0,0,-0.480532,0.00895179,0.215203,0.0990738,0.725292,0.433873,0.539579,0.223383,nan,nan,nan,nan,nan,nan,nan,nan
7.26304,-0.148359,0.148004,-0.902733,0.0326988,0.0373917,-0.0729113,-0.043928,-0.0178384,-0.0278368,0.043325,-0.0387034,0.0246304,nan,nan,nan,nan,nan,nan,nan,nan,nan,nan,nan,nan,nan,nan,nan,-0.0266554,-0.0232036,0.0759812,0,0,-0.480532,0.00673143,-0.00424002,-1,-0.000674282,Idle,,nan,nan,nan,nan,0,0,0,0,0,-0.478983,0.0230393,0.212396,0.0989406,0.711664,0.444137,0.546143,0.213989,nan,nan,nan,nan,nan,nan,nan,nan
7.27411,-0.148351,0.148275,-0.902723,0.0275387,0.0501182,-0.0672991,-0.0441253,-0.0179511,-0.0276113,-0.020803,-0.0145603,0.0257706,nan,nan,nan,nan,nan,nan,nan,nan,nan,nan,nan,nan,nan,nan,nan,-0.0183853,-0.0478778,0.0738648,0,0,-0.481456,0.00673143,-0.00424002,-1,-0.000674282,Idle,,nan,nan,nan,nan,0,0,0,0,0,-0.479657,0.0229931,0.205473,0.0987751,0.70731,0.449508,0.542055,0.219754,nan,nan,nan,nan,nan,nan,nan,nan
7.28304,-0.148363,0.148575,-0.902746,0.0288311,0.052855,-0.0721099,-0.0442226,-0.0178595,-0.0275054,-0.0100896,0.00875556,0.0136357,nan,nan,nan,nan,nan,nan,nan,nan,nan,nan,nan,nan,nan,nan,nan,-0.0183853,-0.0478778,0.0738648,0,0,-0.481456,0.00673143,-0.00424002,-1,-0.000674282,Idle,,nan,nan,nan,nan,0,0,0,0,0,-0.480225,0.0188859,0.206198,0.0985712,0.71109,0.446456,0.540434,0.222919,nan,nan,nan,nan,nan,nan,nan,nan
7.29385,-0.148366,0.148886,-0.902785,0.026255,0.040256,-0.0733126,-0.0440988,-0.0179293,-0.0273742,0.0146218,-0.00934066,0.0155491,nan,nan,nan,nan,nan,nan,nan,nan,nan,nan,nan,nan,nan,nan,nan,0.0143092,-0.043604,0.0731546,0,0,-0.479721,0.00673143,-0.00424002,-1,-0.000674282,Idle,,nan,nan,nan,nan,0,0,0,0,0,-0.479721,0.0250844,0.200319,0.0984258,0.701901,0.454347,0.540304,0.222332,nan,nan,nan,nan,nan,nan,nan,nan
7.30049,-0.148357,0.149168,-0.902811,0.0281664,0.0345096,-0.069561,-0.0438821,-0.0179879,-0.0271881,0.0250573,-0.00833705,0.0216791,nan,nan,nan,nan,nan,nan,nan,nan,nan,nan,nan,nan,nan,nan,nan,0.0143092,-0.043604,0.0731546,0,0,-0.479721,0.00673143,-0.00424002,-1,-0.000674282,Idle,,nan,nan,nan,nan,0,0,0,0,0,-0.480652,0.01778,0.209123,0.0983109,0.714107,0.443773,0.542407,0.222321,nan,nan,nan,nan,nan,nan,nan,nan
7.31298,-0.148434,0.149657,-0.902703,0.0287006,0.0502683,-0.0637245,-0.0440847,-0.0176446,-0.0268683,-0.00603709,0.0286065,0.0114412,nan,nan,nan,nan,nan,nan,nan,nan,nan,nan,nan,nan,nan,nan,nan,-0.0331933,-0.0234975,0.0726248,0,0,-0.482531,0.00673143,-0.00424002,-1,-0.000674282,Idle,,nan,nan,nan,nan,0,0,0,0,0,-0.480652,0.01778,0.209123,0.0983109,0.714107,0.443773,0.542407,0.222321,nan,nan,nan,nan,nan,nan,nan,nan
7.31943,-0.148502,0.149861,-0.902571,0.029612,0.0396956,-0.0679912,-0.0438183,-0.0176686,-0.0267771,0.0307522,-0.00415552,0.011588,nan,nan,nan,nan,nan,nan,nan,nan,nan,nan,nan,nan,nan,nan,nan,-0.0331933,-0.0234975,0.0726248,0,0,-0.482531,0.00673143,-0.00424002,-1,-0.000674282,Idle,,nan,nan,nan,nan,0,0,0,0,0,-0.482531,0.0186015,0.208133,0.0981979,0.714592,0.446819,0.544278,0.224433,nan,nan,nan,nan,nan,nan,nan,nan
7.33336,-0.148568,0.150062,-0.902432,0.0258569,0.0369966,-0.0673236,-0.0434396,-0.0179667,-0.0266026,0.0432495,-0.0349938,0.019436,nan,nan,nan,nan,nan,nan,nan,nan,nan,nan,nan,nan,nan,nan,nan,0.00662558,-0.0266883,0.0718464,0,0,-0.481307,0.00673143,-0.00424002,-1,-0.000674282,Idle,,nan,nan,nan,nan,0,0,0,0,0,-0.481307,0.0116128,0.213962,0.0980973,0.722332,0.436431,0.542335,0.224131,nan,nan,nan,nan,nan,nan,nan,nan
7.34048,-0.148635,0.150288,-0.902318,0.022914,0.0482199,-0.0623363,-0.0436522,-0.0181562,-0.0264217,-0.0225905,-0.0229254,0.0206246,nan,nan,nan,nan,nan,nan,nan,nan,nan,nan,nan,nan,nan,nan,nan,0.00662558,-0.0266883,0.0718464,0,0,-0.481307,0.00673143,-0.00424002,-1,-0.000674282,Idle,,nan,nan,nan,nan,0,0,0,0,0,-0.481569,0.0297925,0.211114,0.098068,0.707695,0.451533,0.553467,0.21358,nan,nan,nan,nan,nan,nan,nan,nan
7.35076,-0.148691,0.150521,-0.902232,0.0240325,0.0466578,-0.0630072,-0.0436625,-0.0183426,-0.026295,-0.00018592,-0.0222736,0.0145722,nan,nan,nan,nan,nan,nan,nan,nan,nan,nan,nan,nan,nan,nan,nan,-0.0262438,-0.0434182,0.0703672,0,0,-0.483193,0.00673143,-0.00424002,-1,-0.000674282,Idle,,nan,nan,nan,nan,0,0,0,0,0,-0.481569,0.0297925,0.211114,0.098068,0.707695,0.451533,0.553467,0.21358,nan,nan,nan,nan,nan,nan,nan,nan
7.36024,-0.148737,0.150724,-0.902151,0.0271055,0.0390649,-0.0667038,-0.0434553,-0.0188607,-0.0261623,0.0239074,-0.0588763,0.0135345,nan,nan,nan,nan,nan,nan,nan,nan,nan,nan,nan,nan,nan,nan,nan,-0.0262438,-0.0434182,0.0703672,0,0,-0.483193,0.00673143,-0.00424002,-1,-0.000674282,Idle,,nan,nan,nan,nan,0,0,0,0,0,-0.483017,0.0187622,0.2136,0.0978352,0.718468,0.443191,0.549104,0.221305,nan,nan,nan,nan,nan,nan,nan,nan
7.37037,-0.148771,0.150961,-0.902074,0.0210667,0.0355941,-0.0667588,-0.0433403,-0.0193565,-0.0259181,0.014061,-0.0575062,0.0262111,nan,nan,nan,nan,nan,nan,nan,nan,nan,nan,nan,nan,nan,nan,nan,0.0105545,-0.0400652,0.0694261,0,0,-0.482,0.00673143,-0.00424002,-1,-0.000674282,Idle,,nan,nan,nan,nan,0,0,0,0,0,-0.483017,0.0187622,0.2136,0.0978352,0.718468,0.443191,0.549104,0.221305,nan,nan,nan,nan,nan,nan,nan,nan
7.38026,-0.148765,0.151287,-0.902099,0.023453,0.0453439,-0.0575172,-0.0435505,-0.019812,-0.025719,-0.0223098,-0.0524841,0.0212284,nan,nan,nan,nan,nan,nan,nan,nan,nan,nan,nan,nan,nan,nan,nan,0.0105545,-0.0400652,0.0694261,0,0,-0.482,0.00673143,-0.00424002,-1,-0.000674282,Idle,,nan,nan,nan,nan,0,0,0,0,0,-0.481935,0.0249209,0.21612,0.097754,0.714732,0.444601,0.554241,0.214168,nan,nan,nan,nan,nan,nan,nan,nan
7.3936,-0.148797,0.151511,-0.902047,0.0237073,0.0457364,-0.0605448,-0.043519,-0.0200459,-0.0255792,0.00445151,-0.02752,0.0156582,nan,nan,nan,nan,nan,nan,nan,nan,nan,nan,nan,nan,nan,nan,nan,-0.0242033,-0.0236195,0.0686805,0,0,-0.483887,0.00673143,-0.00424002,-1,-0.000674282,Idle,,nan,nan,nan,nan,0,0,0,0,0,-0.483887,0.0221549,0.217195,0.0975785,0.719223,0.443661,0.555169,0.217492,nan,nan,nan,nan,nan,nan,nan,nan
7.39834,-0.148842,0.15204,-0.902001,0.0241207,0.0383203,-0.0596122,-0.0432435,-0.0213441,-0.025274,0.0174184,-0.0691538,0.0167588,nan,nan,nan,nan,nan,nan,nan,nan,nan,nan,nan,nan,nan,nan,nan,-0.0242033,-0.0236195,0.0686805,0,0,-0.483887,0.00673143,-0.00424002,-1,-0.000674282,Idle,,nan,nan,nan,nan,0,0,0,0,0,-0.483887,0.0221549,0.217195,0.0975785,0.719223,0.443661,0.555169,0.217492,nan,nan,nan,nan,nan,nan,nan,nan
7.41149,-0.148921,0.152159,-0.901821,0.0270873,0.0472409,-0.0544904,-0.0435023,-0.0217913,-0.025091,-0.0279386,-0.0516363,0.0194361,nan,nan,nan,nan,nan,nan,nan,nan,nan,nan,nan,nan,nan,nan,nan,-0.00267066,-0.0150249,0.0679508,0,0,-0.484105,0.00673143,-0.00424002,-1,-0.000674282,Idle,,nan,nan,nan,nan,0,0,0,0,0,-0.482698,0.0188843,0.220918,0.0976151,0.723017,0.437564,0.554264,0.215948,nan,nan,nan,nan,nan,nan,nan,nan
7.42043,-0.149013,0.152296,-0.901662,0.022128,0.0446588,-0.0599947,-0.0436826,-0.0221653,-0.0250655,-0.0191541,-0.0426478,0.00259604,nan,nan,nan,nan,nan,nan,nan,nan,nan,nan,nan,nan,nan,nan,nan,-0.00267066,-0.0150249,0.0679508,0,0,-0.484105,0.00673143,-0.00424002,-1,-0.000674282,Idle,,nan,nan,nan,nan,0,0,0,0,0,-0.485703,0.0214207,0.21959,0.0976871,0.72336,0.443374,0.558049,0.218028,nan,nan,nan,nan,nan,nan,nan,nan
7.43409,-0.1491,0.152475,-0.901528,0.0196997,0.0358919,-0.0655578,-0.0437363,-0.0229871,-0.0249338,-0.00480697,-0.0929608,0.012181,nan,nan,nan,nan,nan,nan,nan,nan,nan,nan,nan,nan,nan,nan,nan,-0.019707,-0.0183983,0.0673844,0,0,-0.484318,0.00673143,-0.00424002,-1,-0.000674282,Idle,,nan,nan,nan,nan,0,0,0,0,0,-0.484318,0.0229431,0.224653,0.0977387,0.724532,0.439537,0.561269,0.211936,nan,nan,nan,nan,nan,nan,nan,nan
7.44092,-0.149183,0.152612,-0.901411,0.0199549,0.026994,-0.0667767,-0.0438181,-0.023673,-0.0247408,-0.00778353,-0.078113,0.0196264,nan,nan,nan,nan,nan,nan,nan,nan,nan,nan,nan,nan,nan,nan,nan,-0.019707,-0.0183983,0.0673844,0,0,-0.484318,0.00673143,-0.00424002,-1,-0.000674282,Idle,,nan,nan,nan,nan,0,0,0,0,0,-0.482792,0.0317457,0.214524,0.0977966,0.709677,0.451455,0.558752,0.211285,nan,nan,nan,nan,nan,nan,nan,nan
7.45373,-0.149249,0.152741,-0.901334,0.0224398,0.0426529,-0.0620501,-0.0442902,-0.0239225,-0.0246364,-0.0512256,-0.0289545,0.0118003,nan,nan,nan,nan,nan,nan,nan,nan,nan,nan,nan,nan,nan,nan,nan,-0.022393,-0.00805835,0.0667728,0,0,-0.483993,0.00673143,-0.00424002,-1,-0.000674282,Idle,,nan,nan,nan,nan,0,0,0,0,0,-0.482421,0.0272356,0.215668,0.0978656,0.713373,0.447155,0.555932,0.213225,nan,nan,nan,nan,nan,nan,nan,nan
7.46049,-0.1493,0.15291,-0.901281,0.0208941,0.0423837,-0.0642733,-0.0446452,-0.0241234,-0.0246157,-0.0388866,-0.0233834,0.00275337,nan,nan,nan,nan,nan,nan,nan,nan,nan,nan,nan,nan,nan,nan,nan,-0.022393,-0.00805835,0.0667728,0,0,-0.483993,0.00673143,-0.00424002,-1,-0.000674282,Idle,,nan,nan,nan,nan,0,0,0,0,0,-0.483457,0.0224364,0.216704,0.0979298,0.718599,0.444129,0.554241,0.216858,nan,nan,nan,nan,nan,nan,nan,nan
7.47434,-0.149351,0.153087,-0.901251,0.0181252,0.0340129,-0.06785,-0.0444751,-0.0245097,-0.0244792,0.0200856,-0.0444448,0.0146576,nan,nan,nan,nan,nan,nan,nan,nan,nan,nan,nan,nan,nan,nan,nan,0.00944522,-0.0188702,0.0658722,0,0,-0.482433,0.00673143,-0.00424002,-1,-0.000674282,Idle,,nan,nan,nan,nan,0,0,0,0,0,-0.482433,0.0231371,0.215884,0.09799,0.716559,0.44424,0.553073,0.215858,nan,nan,nan,nan,nan,nan,nan,nan
7.48201,-0.149422,0.153259,-0.901243,0.0164744,0.0274772,-0.0700488,-0.0446977,-0.0249576,-0.0242993,-0.0235268,-0.0514855,0.0191555,nan,nan,nan,nan,nan,nan,nan,nan,nan,nan,nan,nan,nan,nan,nan,0.00944522,-0.0188702,0.0658722,0,0,-0.482433,0.00673143,-0.00424002,-1,-0.000674282,Idle,,nan,nan,nan,nan,0,0,0,0,0,-0.481818,0.0258807,0.217507,0.0980279,0.715191,0.444455,0.555508,0.212118,nan,nan,nan,nan,nan,nan,nan,nan
7.49194,-0.149506,0.153639,-0.901466,0.0175784,0.0330246,-0.0723547,-0.0451174,-0.0248288,-0.0241493,-0.00742162,0.00412675,0.00740589,nan,nan,nan,nan,nan,nan,nan,nan,nan,nan,nan,nan,nan,nan,nan,-0.0250328,-0.0125497,0.0653644,0,0,-0.483873,0.00673143,-0.00424002,-1,-0.000674282,Idle,,nan,nan,nan,nan,0,0,0,0,0,-0.481818,0.0258807,0.217507,0.0980279,0.715191,0.444455,0.555508,0.212118,nan,nan,nan,nan,nan,nan,nan,nan
7.49817,-0.149542,0.153823,-0.901543,0.021,0.0288119,-0.0712353,-0.0447322,-0.0249001,-0.0240542,0.0441071,-0.00914347,0.01154,nan,nan,nan,nan,nan,nan,nan,nan,nan,nan,nan,nan,nan,nan,nan,-0.0250328,-0.0125497,0.0653644,0,0,-0.483873,0.00673143,-0.00424002,-1,-0.000674282,Idle,,nan,nan,nan,nan,0,0,0,0,0,-0.483873,0.0227918,0.20984,0.0980095,0.713989,0.44973,0.549977,0.221796,nan,nan,nan,nan,nan,nan,nan,nan
7.51403,-0.149648,0.153878,-0.901469,0.0245945,0.0429796,-0.0693637,-0.0447379,-0.024936,-0.0239172,0.000447824,-0.00533581,0.01628,nan,nan,nan,nan,nan,nan,nan,nan,nan,nan,nan,nan,nan,nan,nan,0.0159022,-0.00207951,0.0650543,0,0,-0.48152,0.00673143,-0.00424002,-1,-0.000674282,Idle,,nan,nan,nan,nan,0,0,0,0,0,-0.48152,0.0251175,0.217647,0.0980811,0.715585,0.443571,0.554717,0.212207,nan,nan,nan,nan,nan,nan,nan,nan
7.52014,-0.149751,0.153948,-0.90143,0.0213066,0.040337,-0.0682695,-0.0448249,-0.0247276,-0.023897,-0.0086485,0.022217,0.00492784,nan,nan,nan,nan,nan,nan,nan,nan,nan,nan,nan,nan,nan,nan,nan,0.0159022,-0.00207951,0.0650543,0,0,-0.48152,0.00673143,-0.00424002,-1,-0.000674282,Idle,,nan,nan,nan,nan,0,0,0,0,0,-0.482305,0.0133445,0.215806,0.0982028,0.723514,0.437456,0.545754,0.222497,nan,nan,nan,nan,nan,nan,nan,nan
7.53451,-0.149866,0.154005,-0.901426,0.0182291,0.0335272,-0.0769689,-0.0445636,-0.0245141,-0.0238892,0.0300881,0.0228641,0.00353714,nan,nan,nan,nan,nan,nan,nan,nan,nan,nan,nan,nan,nan,nan,nan,0.00307397,-0.0154661,0.0642157,0,0,-0.480234,0.00673143,-0.00424002,-1,-0.000674282,Idle,,nan,nan,nan,nan,0,0,0,0,0,-0.482602,0.0159933,0.218383,0.0982653,0.723823,0.437866,0.549682,0.219037,nan,nan,nan,nan,nan,nan,nan,nan
7.54169,-0.14999,0.154079,-0.901442,0.0152054,0.0314246,-0.0789218,-0.0441618,-0.0247629,-0.0238185,0.0456601,-0.0286953,0.00816025,nan,nan,nan,nan,nan,nan,nan,nan,nan,nan,nan,nan,nan,nan,nan,0.00307397,-0.0154661,0.0642157,0,0,-0.480234,0.00673143,-0.00424002,-1,-0.000674282,Idle,,nan,nan,nan,nan,0,0,0,0,0,-0.480234,0.0247673,0.211998,0.098335,0.710806,0.446287,0.548938,0.214907,nan,nan,nan,nan,nan,nan,nan,nan
7.55273,-0.150075,0.154184,-0.901483,0.01663,0.036181,-0.0726996,-0.0441196,-0.0246059,-0.0237473,0.00586194,0.0163999,0.0102751,nan,nan,nan,nan,nan,nan,nan,nan,nan,nan,nan,nan,nan,nan,nan,-0.0111459,-0.0176948,0.0641102,0,0,-0.481478,0.00673143,-0.00424002,-1,-0.000674282,Idle,,nan,nan,nan,nan,0,0,0,0,0,-0.481478,0.0156121,0.214676,0.0984384,0.72052,0.439267,0.545496,0.220628,nan,nan,nan,nan,nan,nan,nan,nan
7.56049,-0.150147,0.154274,-0.901545,0.0205409,0.0358391,-0.0707455,-0.0442211,-0.0243216,-0.0237326,-0.0103464,0.0307933,0.00454329,nan,nan,nan,nan,nan,nan,nan,nan,nan,nan,nan,nan,nan,nan,nan,-0.0111459,-0.0176948,0.0641102,0,0,-0.481478,0.00673143,-0.00424002,-1,-0.000674282,Idle,,nan,nan,nan,nan,0,0,0,0,0,-0.481963,0.0213318,0.218555,0.0985423,0.719807,0.441157,0.552663,0.214224,nan,nan,nan,nan,nan,nan,nan,nan
7.57195,-0.150212,0.154334,-0.901624,0.0173543,0.0297012,-0.0792452,-0.0440247,-0.0243801,-0.0237315,0.0227872,-0.00727245,0.00129583,nan,nan,nan,nan,nan,nan,nan,nan,nan,nan,nan,nan,nan,nan,nan,0.00773188,-0.0165791,0.0637447,0,0,-0.479653,0.00673143,-0.00424002,-1,-0.000674282,Idle,,nan,nan,nan,nan,0,0,0,0,0,-0.479653,0.0244297,0.209346,0.0986606,0.719807,0.441157,0.552663,0.214224,nan,nan,nan,nan,nan,nan,nan,nan
7.57805,-0.150358,0.154572,-0.90189,0.0166832,0.0340428,-0.0772236,-0.0439372,-0.0244572,-0.0235874,-0.0253416,-0.00538513,0.0088932,nan,nan,nan,nan,nan,nan,nan,nan,nan,nan,nan,nan,nan,nan,nan,0.00773188,-0.0165791,0.0637447,0,0,-0.479653,0.00673143,-0.00424002,-1,-0.000674282,Idle,,nan,nan,nan,nan,0,0,0,0,0,-0.479653,0.0244297,0.209346,0.0986606,0.708913,0.447667,0.545918,0.216112,nan,nan,nan,nan,nan,nan,nan,nan
7.59093,-0.150417,0.15467,-0.902043,0.0177372,0.0381606,-0.0706324,-0.0440657,-0.0240961,-0.0236096,-0.0135755,0.0397963,0.000683409,nan,nan,nan,nan,nan,nan,nan,nan,nan,nan,nan,nan,nan,nan,nan,-0.0122525,-0.0159849,0.063754,0,0,-0.480266,0.00673143,-0.00424002,-1,-0.000674282,Idle,,nan,nan,nan,nan,0,0,0,0,0,-0.479085,0.0247718,0.219339,0.09884,0.71535,0.440455,0.552477,0.20806,nan,nan,nan,nan,nan,nan,nan,nan
7.59758,-0.150448,0.154731,-0.90221,0.0201755,0.0274678,-0.0759664,-0.0440544,-0.0242579,-0.0236296,0.00204734,-0.0185746,-0.00168685,nan,nan,nan,nan,nan,nan,nan,nan,nan,nan,nan,nan,nan,nan,nan,-0.0122525,-0.0159849,0.063754,0,0,-0.480266,0.00673143,-0.00424002,-1,-0.000674282,Idle,,nan,nan,nan,nan,0,0,0,0,0,-0.480266,0.0228654,0.211347,0.0989861,0.712372,0.446085,0.546513,0.216092,nan,nan,nan,nan,nan,nan,nan,nan
7.61396,-0.150596,0.154725,-0.902248,0.0145579,0.029049,-0.0817594,-0.0438384,-0.0243263,-0.0236241,0.0248811,-0.00828683,0.00156848,nan,nan,nan,nan,nan,nan,nan,nan,nan,nan,nan,nan,nan,nan,nan,0.00945169,-0.00455426,0.0641605,0,0,-0.480417,0.00673143,-0.00424002,-1,-0.000674282,Idle,,nan,nan,nan,nan,0,0,0,0,0,-0.480417,0.0237174,0.21735,0.0993539,0.716534,0.442962,0.551143,0.211031,nan,nan,nan,nan,nan,nan,nan,nan
7.6231,-0.150709,0.154733,-0.902433,0.0176932,0.0351896,-0.070687,-0.0441224,-0.0243159,-0.0235279,-0.0302659,-0.000202294,0.0125036,nan,nan,nan,nan,nan,nan,nan,nan,nan,nan,nan,nan,nan,nan,nan,0.00945169,-0.00455426,0.0641605,0,0,-0.480417,0.00673143,-0.00424002,-1,-0.000674282,Idle,,nan,nan,nan,nan,0,0,0,0,0,-0.478998,0.0257113,0.219405,0.0995632,0.715368,0.441708,0.552377,0.206538,nan,nan,nan,nan,nan,nan,nan,nan
7.63153,-0.150843,0.154724,-0.902517,0.0179252,0.0357048,-0.0771971,-0.0444066,-0.0241436,-0.0236489,-0.0307325,0.0188002,-0.0108515,nan,nan,nan,nan,nan,nan,nan,nan,nan,nan,nan,nan,nan,nan,nan,-0.0174201,-0.0112754,0.0637779,0,0,-0.480264,0.00673143,-0.00424002,-1,-0.000674282,Idle,,nan,nan,nan,nan,0,0,0,0,0,-0.478998,0.0257113,0.219405,0.0995632,0.715368,0.441708,0.552377,0.206538,nan,nan,nan,nan,nan,nan,nan,nan
7.64057,-0.150967,0.154749,-0.90263,0.0168238,0.0269315,-0.0842408,-0.0442281,-0.0243113,-0.0236908,0.0209422,-0.0193977,-0.00383053,nan,nan,nan,nan,nan,nan,nan,nan,nan,nan,nan,nan,nan,nan,nan,-0.0174201,-0.0112754,0.0637779,0,0,-0.480264,0.00673143,-0.00424002,-1,-0.000674282,Idle,,nan,nan,nan,nan,0,0,0,0,0,-0.478248,0.0276641,0.218503,0.0997993,0.712835,0.443213,0.552135,0.204809,nan,nan,nan,nan,nan,nan,nan,nan
7.65403,-0.151069,0.154755,-0.902747,0.0179639,0.0212907,-0.0799912,-0.0441475,-0.0247341,-0.0236117,0.0102315,-0.0482577,0.0083578,nan,nan,nan,nan,nan,nan,nan,nan,nan,nan,nan,nan,nan,nan,nan,0.0257075,-0.0101348,0.0638452,0,0,-0.479284,0.00673143,-0.00424002,-1,-0.000674282,Idle,,nan,nan,nan,nan,0,0,0,0,0,-0.479284,0.0241304,0.223768,0.0998882,0.720182,0.438116,0.554305,0.204534,nan,nan,nan,nan,nan,nan,nan,nan
7.65864,-0.151251,0.154754,-0.903021,0.0178091,0.0318221,-0.0768583,-0.0448816,-0.0248939,-0.0234822,-0.0312582,-0.0110531,0.00735379,nan,nan,nan,nan,nan,nan,nan,nan,nan,nan,nan,nan,nan,nan,nan,0.0257075,-0.0101348,0.0638452,0,0,-0.479284,0.00673143,-0.00424002,-1,-0.000674282,Idle,,nan,nan,nan,nan,0,0,0,0,0,-0.479284,0.0241304,0.223768,0.0998882,0.720182,0.438116,0.554305,0.204534,nan,nan,nan,nan,nan,nan,nan,nan
7.67167,-0.151337,0.154778,-0.903188,0.0119469,0.019805,-0.0817468,-0.0449252,-0.0250707,-0.0234573,-0.003772,-0.0204523,0.0033967,nan,nan,nan,nan,nan,nan,nan,nan,nan,nan,nan,nan,nan,nan,nan,-0.0100461,-0.0101376,0.0635121,0,0,-0.480289,0.00673143,-0.00424002,-1,-0.000674282,Idle,,nan,nan,nan,nan,0,0,0,0,0,-0.481769,0.0288714,0.21623,0.0998665,0.713962,0.449263,0.554834,0.209018,nan,nan,nan,nan,nan,nan,nan,nan
7.68094,-0.151414,0.154798,-0.903352,0.0136836,0.0160138,-0.0785542,-0.0450431,-0.0253925,-0.0232763,-0.0117147,-0.0376603,0.0201215,nan,nan,nan,nan,nan,nan,nan,nan,nan,nan,nan,nan,nan,nan,nan,-0.0100461,-0.0101376,0.0635121,0,0,-0.480289,0.00673143,-0.00424002,-1,-0.000674282,Idle,,nan,nan,nan,nan,0,0,0,0,0,-0.47884,0.0267638,0.21847,0.0997527,0.713994,0.443145,0.552114,0.206107,nan,nan,nan,nan,nan,nan,nan,nan
7.69795,-0.151472,0.154833,-0.903536,0.0183457,0.032395,-0.0712689,-0.045463,-0.025327,-0.0231617,-0.0454826,0.00597576,0.0145404,nan,nan,nan,nan,nan,nan,nan,nan,nan,nan,nan,nan,nan,nan,nan,0.0351567,-0.0183957,0.0624551,0,0,-0.479606,0.00673143,-0.00424002,-1,-0.000674282,Idle,,nan,nan,nan,nan,0,0,0,0,0,-0.479606,0.0302869,0.206941,0.0996773,0.704041,0.45448,0.547298,0.212607,nan,nan,nan,nan,nan,nan,nan,nan
7.70241,-0.151552,0.154874,-0.903725,0.0164124,0.0323389,-0.0721205,-0.0455887,-0.0249278,-0.0231613,-0.0130795,0.043689,0.00348867,nan,nan,nan,nan,nan,nan,nan,nan,nan,nan,nan,nan,nan,nan,nan,0.0351567,-0.0183957,0.0624551,0,0,-0.479606,0.00673143,-0.00424002,-1,-0.000674282,Idle,,nan,nan,nan,nan,0,0,0,0,0,-0.481756,0.0139386,0.211628,0.0996457,0.721034,0.441724,0.541231,0.223037,nan,nan,nan,nan,nan,nan,nan,nan
7.71409,-0.151601,0.154913,-0.903935,0.0169306,0.021222,-0.0770415,-0.0455624,-0.0249653,-0.0231544,0.00384702,-0.00489432,0.00196003,nan,nan,nan,nan,nan,nan,nan,nan,nan,nan,nan,nan,nan,nan,nan,0.0207861,-0.0125491,0.0623597,0,0,-0.479974,0.00673143,-0.00424002,-1,-0.000674282,Idle,,nan,nan,nan,nan,0,0,0,0,0,-0.481509,0.0205232,0.211394,0.0996221,0.715941,0.446275,0.545497,0.218323,nan,nan,nan,nan,nan,nan,nan,nan
7.72181,-0.151763,0.154809,-0.904028,0.0152092,0.021111,-0.0745041,-0.0454011,-0.0247315,-0.0230382,0.0190688,0.0246229,0.0153637,nan,nan,nan,nan,nan,nan,nan,nan,nan,nan,nan,nan,nan,nan,nan,0.0207861,-0.0125491,0.0623597,0,0,-0.479974,0.00673143,-0.00424002,-1,-0.000674282,Idle,,nan,nan,nan,nan,0,0,0,0,0,-0.48068,0.0149131,0.207117,0.0996253,0.716058,0.444507,0.537677,0.22448,nan,nan,nan,nan,nan,nan,nan,nan
7.73353,-0.151917,0.154745,-0.904149,0.0169266,0.0333667,-0.0705795,-0.0454535,-0.0244672,-0.0230065,-0.00455809,0.0284551,0.00668817,nan,nan,nan,nan,nan,nan,nan,nan,nan,nan,nan,nan,nan,nan,nan,-0.0245576,-0.013494,0.0620761,0,0,-0.48192,0.00673143,-0.00424002,-1,-0.000674282,Idle,,nan,nan,nan,nan,0,0,0,0,0,-0.48192,0.00220628,0.217979,0.0996454,0.733984,0.4291,0.537587,0.227008,nan,nan,nan,nan,nan,nan,nan,nan
7.74033,-0.152072,0.154676,-0.904303,0.0145363,0.0275363,-0.0687688,-0.0451587,-0.0241274,-0.0230189,0.0339781,0.0369451,0.00208237,nan,nan,nan,nan,nan,nan,nan,nan,nan,nan,nan,nan,nan,nan,nan,-0.0245576,-0.013494,0.0620761,0,0,-0.48192,0.00673143,-0.00424002,-1,-0.000674282,Idle,,nan,nan,nan,nan,0,0,0,0,0,-0.482288,0.0176374,0.20511,0.0996932,0.714387,0.449528,0.539722,0.225513,nan,nan,nan,nan,nan,nan,nan,nan
7.75232,-0.152352,0.154606,-0.904743,0.0121587,0.0179269,-0.0727158,-0.0442584,-0.0243582,-0.0229397,0.0394256,-0.0217022,0.00753447,nan,nan,nan,nan,nan,nan,nan,nan,nan,nan,nan,nan,nan,nan,nan,0.015288,-0.0259062,0.0615994,0,0,-0.479494,0.00673143,-0.00424002,-1,-0.000674282,Idle,,nan,nan,nan,nan,0,0,0,0,0,-0.482288,0.0176374,0.20511,0.0996932,0.714387,0.449528,0.539722,0.225513,nan,nan,nan,nan,nan,nan,nan,nan
7.75914,-0.152463,0.154518,-0.904927,0.0158413,0.0263761,-0.0667227,-0.0440628,-0.0241856,-0.0228688,0.0229664,0.0178947,0.0103192,nan,nan,nan,nan,nan,nan,nan,nan,nan,nan,nan,nan,nan,nan,nan,0.015288,-0.0259062,0.0615994,0,0,-0.479494,0.00673143,-0.00424002,-1,-0.000674282,Idle,,nan,nan,nan,nan,0,0,0,0,0,-0.479494,0.0134681,0.216901,0.0997896,0.722977,0.435544,0.54222,0.217236,nan,nan,nan,nan,nan,nan,nan,nan
7.77319,-0.152557,0.154454,-0.905117,0.0180286,0.025755,-0.0733889,-0.0438423,-0.0242411,-0.022869,0.0257894,-0.00704821,0.00131748,nan,nan,nan,nan,nan,nan,nan,nan,nan,nan,nan,nan,nan,nan,nan,-0.0109959,-0.0152949,0.0617035,0,0,-0.48274,0.00673143,-0.00424002,-1,-0.000674282,Idle,,nan,nan,nan,nan,0,0,0,0,0,-0.48274,0.0170255,0.218925,0.0999169,0.725265,0.440003,0.549282,0.216411,nan,nan,nan,nan,nan,nan,nan,nan
7.78125,-0.152641,0.154439,-0.90533,0.0109425,0.0163919,-0.0783484,-0.0434408,-0.0245736,-0.0228668,0.0458004,-0.0378261,0.000187469,nan,nan,nan,nan,nan,nan,nan,nan,nan,nan,nan,nan,nan,nan,nan,-0.0109959,-0.0152949,0.0617035,0,0,-0.48274,0.00673143,-0.00424002,-1,-0.000674282,Idle,,nan,nan,nan,nan,0,0,0,0,0,-0.480918,0.0147082,0.219739,0.100024,0.725765,0.436073,0.546292,0.215543,nan,nan,nan,nan,nan,nan,nan,nan
7.7918,-0.152736,0.154411,-0.905554,0.012599,0.0179687,-0.0744781,-0.0432473,-0.0250517,-0.0228514,0.0226448,-0.0540739,0.000936054,nan,nan,nan,nan,nan,nan,nan,nan,nan,nan,nan,nan,nan,nan,nan,0.0186541,-0.0287871,0.0612886,0,0,-0.479502,0.00673143,-0.00424002,-1,-0.000674282,Idle,,nan,nan,nan,nan,0,0,0,0,0,-0.479502,0.026721,0.219157,0.100196,0.725765,0.436073,0.546292,0.215543,nan,nan,nan,nan,nan,nan,nan,nan
7.80204,-0.152807,0.154365,-0.905791,0.0175756,0.0272455,-0.0659742,-0.0433577,-0.0251641,-0.0228546,-0.011281,-0.0132733,0.000590666,nan,nan,nan,nan,nan,nan,nan,nan,nan,nan,nan,nan,nan,nan,nan,0.0186541,-0.0287871,0.0612886,0,0,-0.479502,0.00673143,-0.00424002,-1,-0.000674282,Idle,,nan,nan,nan,nan,0,0,0,0,0,-0.480508,0.0198489,0.214546,0.100461,0.718484,0.443407,0.545409,0.214731,nan,nan,nan,nan,nan,nan,nan,nan
7.81053,-0.152979,0.154186,-0.905954,0.0180132,0.0267384,-0.0681669,-0.0433834,-0.0249905,-0.0229877,-0.00222332,0.0191028,-0.0124524,nan,nan,nan,nan,nan,nan,nan,nan,nan,nan,nan,nan,nan,nan,nan,-0.0174459,-0.00591112,0.0622151,0,0,-0.482223,0.00673143,-0.00424002,-1,-0.000674282,Idle,,nan,nan,nan,nan,0,0,0,0,0,-0.480508,0.0198489,0.214546,0.100461,0.718484,0.443407,0.545409,0.214731,nan,nan,nan,nan,nan,nan,nan,nan
7.8175,-0.153129,0.154032,-0.906134,0.0168544,0.0165303,-0.0733798,-0.0430004,-0.0254213,-0.0230247,0.0441108,-0.0490228,-0.0043613,nan,nan,nan,nan,nan,nan,nan,nan,nan,nan,nan,nan,nan,nan,nan,-0.0174459,-0.00591112,0.0622151,0,0,-0.482223,0.00673143,-0.00424002,-1,-0.000674282,Idle,,nan,nan,nan,nan,0,0,0,0,0,-0.482839,0.0133614,0.224851,0.100678,0.732906,0.434081,0.550218,0.214152,nan,nan,nan,nan,nan,nan,nan,nan
7.83372,-0.1533,0.153857,-0.906328,0.0144754,0.0109659,-0.0754635,-0.0428651,-0.025652,-0.0230081,0.0164358,-0.0267414,0.0025379,nan,nan,nan,nan,nan,nan,nan,nan,nan,nan,nan,nan,nan,nan,nan,0.0287462,-0.0170738,0.062351,0,0,-0.480055,0.00673143,-0.00424002,-1,-0.000674282,Idle,,nan,nan,nan,nan,0,0,0,0,0,-0.480055,0.0239204,0.219062,0.10117,0.719055,0.443348,0.55032,0.207498,nan,nan,nan,nan,nan,nan,nan,nan
7.83838,-0.15359,0.153544,-0.906812,0.0160159,0.0217814,-0.0717944,-0.0434143,-0.0258034,-0.0231532,-0.0260546,-0.00260931,-0.0066323,nan,nan,nan,nan,nan,nan,nan,nan,nan,nan,nan,nan,nan,nan,nan,0.0287462,-0.0170738,0.062351,0,0,-0.480055,0.00673143,-0.00424002,-1,-0.000674282,Idle,,nan,nan,nan,nan,0,0,0,0,0,-0.480055,0.0239204,0.219062,0.10117,0.719055,0.443348,0.55032,0.207498,nan,nan,nan,nan,nan,nan,nan,nan
7.85111,-0.153688,0.153408,-0.907176,0.0123898,0.00661969,-0.0762582,-0.0430712,-0.0261519,-0.0230929,0.0394152,-0.0397877,0.00667451,nan,nan,nan,nan,nan,nan,nan,nan,nan,nan,nan,nan,nan,nan,nan,-0.00803945,-0.0126564,0.0624186,0,0,-0.481116,0.00673143,-0.00424002,-1,-0.000674282,Idle,,nan,nan,nan,nan,0,0,0,0,0,-0.48116,0.0282083,0.212492,0.101346,0.712657,0.452307,0.549636,0.210039,nan,nan,nan,nan,nan,nan,nan,nan
7.85824,-0.153798,0.153278,-0.907452,0.0180036,0.0225879,-0.0730905,-0.0432363,-0.0263509,-0.0230034,-0.017001,-0.0236051,0.010689,nan,nan,nan,nan,nan,nan,nan,nan,nan,nan,nan,nan,nan,nan,nan,-0.00803945,-0.0126564,0.0624186,0,0,-0.481116,0.00673143,-0.00424002,-1,-0.000674282,Idle,,nan,nan,nan,nan,0,0,0,0,0,-0.481116,0.0162311,0.213338,0.101426,0.721762,0.443276,0.541641,0.217786,nan,nan,nan,nan,nan,nan,nan,nan
7.87489,-0.153905,0.15317,-0.907752,0.0144404,0.0241199,-0.0737731,-0.0433969,-0.0262376,-0.0230282,-0.0167709,0.0118383,-0.000605412,nan,nan,nan,nan,nan,nan,nan,nan,nan,nan,nan,nan,nan,nan,nan,-0.0159951,-0.00471803,0.0624868,0,0,-0.480674,0.00673143,-0.00424002,-1,-0.000674282,Idle,,nan,nan,nan,nan,0,0,0,0,0,-0.480674,0.0165203,0.209345,0.101414,0.718278,0.445849,0.538593,0.219974,nan,nan,nan,nan,nan,nan,nan,nan
7.88092,-0.154013,0.153036,-0.908077,0.0121785,0.0109834,-0.0801687,-0.0434761,-0.0262276,-0.0230264,-0.00765983,0.000224841,0.00181151,nan,nan,nan,nan,nan,nan,nan,nan,nan,nan,nan,nan,nan,nan,nan,-0.0159951,-0.00471803,0.0624868,0,0,-0.480674,0.00673143,-0.00424002,-1,-0.000674282,Idle,,nan,nan,nan,nan,0,0,0,0,0,-0.480487,0.0162342,0.213715,0.101389,0.72136,0.442345,0.541317,0.216924,nan,nan,nan,nan,nan,nan,nan,nan
7.89376,-0.154112,0.15293,-0.9084,0.0136784,0.0100718,-0.079318,-0.0432852,-0.0262761,-0.0230193,0.0224196,-0.00628524,0.00207649,nan,nan,nan,nan,nan,nan,nan,nan,nan,nan,nan,nan,nan,nan,nan,0.0228162,-0.0181818,0.0620023,0,0,-0.478669,0.00673143,-0.00424002,-1,-0.000674282,Idle,,nan,nan,nan,nan,0,0,0,0,0,-0.478528,0.0271804,0.201884,0.101378,0.703284,0.456482,0.53875,0.215598,nan,nan,nan,nan,nan,nan,nan,nan
7.9013,-0.15419,0.152826,-0.908734,0.0167786,0.0225381,-0.0723343,-0.0433981,-0.0263152,-0.0229251,-0.0111274,-0.00560451,0.0117243,nan,nan,nan,nan,nan,nan,nan,nan,nan,nan,nan,nan,nan,nan,nan,0.0228162,-0.0181818,0.0620023,0,0,-0.478669,0.00673143,-0.00424002,-1,-0.000674282,Idle,,nan,nan,nan,nan,0,0,0,0,0,-0.48063,0.0127581,0.214955,0.10142,0.724869,0.439185,0.539848,0.218619,nan,nan,nan,nan,nan,nan,nan,nan
7.91446,-0.154266,0.152729,-0.909078,0.0165515,0.0203391,-0.068919,-0.0435733,-0.0258672,-0.0229238,-0.018512,0.049272,0.00377335,nan,nan,nan,nan,nan,nan,nan,nan,nan,nan,nan,nan,nan,nan,nan,-0.00906427,-0.00981503,0.0620188,0,0,-0.481418,0.00673143,-0.00424002,-1,-0.000674282,Idle,,nan,nan,nan,nan,0,0,0,0,0,-0.481418,0.0221735,0.206972,0.101446,0.713379,0.452302,0.541625,0.218367,nan,nan,nan,nan,nan,nan,nan,nan
7.92242,-0.154441,0.152456,-0.909381,0.0164577,0.0139297,-0.0760964,-0.0435198,-0.025843,-0.0230158,0.00673858,0.00234779,-0.00870844,nan,nan,nan,nan,nan,nan,nan,nan,nan,nan,nan,nan,nan,nan,nan,-0.00906427,-0.00981503,0.0620188,0,0,-0.481418,0.00673143,-0.00424002,-1,-0.000674282,Idle,,nan,nan,nan,nan,0,0,0,0,0,-0.479354,0.0286452,0.21404,0.101539,0.711831,0.449909,0.549041,0.206636,nan,nan,nan,nan,nan,nan,nan,nan
7.93194,-0.154747,0.152013,-0.910015,0.0157138,0.0165914,-0.0725498,-0.0436138,-0.0259879,-0.0229659,-0.0263856,0.00377819,0.00153974,nan,nan,nan,nan,nan,nan,nan,nan,nan,nan,nan,nan,nan,nan,nan,0.0156379,-0.0158851,0.0619777,0,0,-0.479181,0.00673143,-0.00424002,-1,-0.000674282,Idle,,nan,nan,nan,nan,0,0,0,0,0,-0.479354,0.0286452,0.21404,0.101539,0.711831,0.449909,0.549041,0.206636,nan,nan,nan,nan,nan,nan,nan,nan
7.93755,-0.154892,0.151796,-0.910344,0.0131495,0.0169572,-0.0691122,-0.0439356,-0.0257736,-0.0230549,-0.0345763,0.0231886,-0.00710655,nan,nan,nan,nan,nan,nan,nan,nan,nan,nan,nan,nan,nan,nan,nan,0.0156379,-0.0158851,0.0619777,0,0,-0.479181,0.00673143,-0.00424002,-1,-0.000674282,Idle,,nan,nan,nan,nan,0,0,0,0,0,-0.479181,0.0215837,0.215233,0.101705,0.71766,0.444064,0.544552,0.210446,nan,nan,nan,nan,nan,nan,nan,nan
7.95241,-0.15503,0.151531,-0.910693,0.0142896,0.0105248,-0.0778612,-0.0438953,-0.0259267,-0.0231076,0.0056697,-0.0178137,-0.0049753,nan,nan,nan,nan,nan,nan,nan,nan,nan,nan,nan,nan,nan,nan,nan,0.00154731,-0.0225795,0.0621521,0,0,-0.481112,0.00673143,-0.00424002,-1,-0.000674282,Idle,,nan,nan,nan,nan,0,0,0,0,0,-0.481112,0.0177866,0.212234,0.101979,0.720429,0.445705,0.541404,0.21691,nan,nan,nan,nan,nan,nan,nan,nan
7.96094,-0.155144,0.151334,-0.911057,0.0102542,0.00925041,-0.0813007,-0.0436823,-0.026058,-0.0231237,0.0249602,-0.0154571,-0.000807301,nan,nan,nan,nan,nan,nan,nan,nan,nan,nan,nan,nan,nan,nan,nan,0.00154731,-0.0225795,0.0621521,0,0,-0.481112,0.00673143,-0.00424002,-1,-0.000674282,Idle,,nan,nan,nan,nan,0,0,0,0,0,-0.478606,0.0227626,0.21114,0.102114,0.713766,0.447626,0.541511,0.211523,nan,nan,nan,nan,nan,nan,nan,nan
7.97464,-0.155251,0.151168,-0.911433,0.01341,0.0147814,-0.0758566,-0.0439244,-0.0260856,-0.0231459,-0.0257679,-0.00386895,-0.0010225,nan,nan,nan,nan,nan,nan,nan,nan,nan,nan,nan,nan,nan,nan,nan,0.00190567,-0.0189747,0.0624799,0,0,-0.479058,0.00673143,-0.00424002,-1,-0.000674282,Idle,,nan,nan,nan,nan,0,0,0,0,0,-0.47765,0.0187318,0.205021,0.102288,0.711508,0.448321,0.533206,0.217566,nan,nan,nan,nan,nan,nan,nan,nan
7.98312,-0.155367,0.15097,-0.911807,0.011737,0.0178934,-0.0665236,-0.0439766,-0.0257475,-0.0231979,-0.00472554,0.0369815,-0.00258969,nan,nan,nan,nan,nan,nan,nan,nan,nan,nan,nan,nan,nan,nan,nan,0.00190567,-0.0189747,0.0624799,0,0,-0.479058,0.00673143,-0.00424002,-1,-0.000674282,Idle,,nan,nan,nan,nan,0,0,0,0,0,-0.479058,0.011231,0.215102,0.102413,0.725473,0.437422,0.536309,0.217029,nan,nan,nan,nan,nan,nan,nan,nan
7.99514,-0.155435,0.150842,-0.912285,0.0101057,0.00676118,-0.0776681,-0.0436652,-0.0259083,-0.0232778,0.0354685,-0.0182722,-0.0081325,nan,nan,nan,nan,nan,nan,nan,nan,nan,nan,nan,nan,nan,nan,nan,0.0280134,-0.0276361,0.0623515,0,0,-0.478296,0.00673143,-0.00424002,-1,-0.000674282,Idle,,nan,nan,nan,nan,0,0,0,0,0,-0.478296,0.0223226,0.204873,0.102501,0.709723,0.451824,0.536073,0.215565,nan,nan,nan,nan,nan,nan,nan,nan
8.00108,-0.155534,0.150653,-0.912684,0.0141416,0.00619144,-0.0746891,-0.0433075,-0.0259716,-0.0232122,0.0414104,-0.00823466,0.00849271,nan,nan,nan,nan,nan,nan,nan,nan,nan,nan,nan,nan,nan,nan,nan,0.0280134,-0.0276361,0.0623515,0,0,-0.478296,0.00673143,-0.00424002,-1,-0.000674282,Idle,,nan,nan,nan,nan,0,0,0,0,0,-0.478955,0.00703814,0.214385,0.102551,0.727965,0.434998,0.532597,0.22026,nan,nan,nan,nan,nan,nan,nan,nan
8.01224,-0.155612,0.150442,-0.913093,0.0168438,0.012991,-0.0660633,-0.0430631,-0.0258753,-0.0231851,0.0284254,0.00977265,0.00488455,nan,nan,nan,nan,nan,nan,nan,nan,nan,nan,nan,nan,nan,nan,nan,-0.00207777,-0.00696426,0.063055,0,0,-0.481244,0.00673143,-0.00424002,-1,-0.000674282,Idle,,nan,nan,nan,nan,0,0,0,0,0,-0.478955,0.00703814,0.214385,0.102551,0.727965,0.434998,0.532597,0.22026,nan,nan,nan,nan,nan,nan,nan,nan
8.01926,-0.155861,0.14992,-0.913809,0.0152196,0.00706282,-0.0729622,-0.0420982,-0.0256889,-0.023242,0.074642,-0.0215919,-0.00206492,nan,nan,nan,nan,nan,nan,nan,nan,nan,nan,nan,nan,nan,nan,nan,-0.00207777,-0.00696426,0.063055,0,0,-0.481244,0.00673143,-0.00424002,-1,-0.000674282,Idle,,nan,nan,nan,nan,0,0,0,0,0,-0.481244,0.0108505,0.215104,0.102571,0.728087,0.439496,0.538068,0.219326,nan,nan,nan,nan,nan,nan,nan,nan
8.03078,-0.156,0.14965,-0.914174,0.0120093,0.00136888,-0.0747773,-0.0415705,-0.0259244,-0.0232087,0.0598781,-0.0271292,0.00413048,nan,nan,nan,nan,nan,nan,nan,nan,nan,nan,nan,nan,nan,nan,nan,0.0168068,-0.0164311,0.0626612,0,0,-0.479189,0.00673143,-0.00424002,-1,-0.000674282,Idle,,nan,nan,nan,nan,0,0,0,0,0,-0.480533,0.00929307,0.211389,0.10258,0.725859,0.440318,0.533622,0.222332,nan,nan,nan,nan,nan,nan,nan,nan
8.03758,-0.156111,0.149385,-0.914557,0.0149401,0.0127535,-0.0685113,-0.041423,-0.0257204,-0.0232065,0.0178175,0.0218989,0.00271111,nan,nan,nan,nan,nan,nan,nan,nan,nan,nan,nan,nan,nan,nan,nan,0.0168068,-0.0164311,0.0626612,0,0,-0.479189,0.00673143,-0.00424002,-1,-0.000674282,Idle,,nan,nan,nan,nan,0,0,0,0,0,-0.479189,0.0126177,0.21586,0.102619,0.725366,0.438203,0.537751,0.215438,nan,nan,nan,nan,nan,nan,nan,nan
8.05449,-0.156212,0.149138,-0.914943,0.0160439,0.0160877,-0.0690209,-0.0412012,-0.0255537,-0.0233226,0.0256366,0.0182142,-0.010685,nan,nan,nan,nan,nan,nan,nan,nan,nan,nan,nan,nan,nan,nan,nan,-0.01047,-0.0180391,0.0629105,0,0,-0.480328,0.00673143,-0.00424002,-1,-0.000674282,Idle,,nan,nan,nan,nan,0,0,0,0,0,-0.480328,0.0076636,0.20973,0.102828,0.725881,0.440382,0.530845,0.224204,nan,nan,nan,nan,nan,nan,nan,nan
8.06043,-0.156296,0.148907,-0.915336,0.0116031,0.0015807,-0.0719746,-0.0405902,-0.0254185,-0.0233499,0.0691989,0.0143247,-0.000994379,nan,nan,nan,nan,nan,nan,nan,nan,nan,nan,nan,nan,nan,nan,nan,-0.01047,-0.0180391,0.0629105,0,0,-0.480328,0.00673143,-0.00424002,-1,-0.000674282,Idle,,nan,nan,nan,nan,0,0,0,0,0,-0.480145,0.00568454,0.203005,0.102931,0.722445,0.443658,0.524406,0.23007,nan,nan,nan,nan,nan,nan,nan,nan
8.07073,-0.156414,0.14866,-0.915719,0.0101037,-0.00135534,-0.0749142,-0.0398659,-0.0255348,-0.0232994,0.0820159,-0.013993,0.00647208,nan,nan,nan,nan,nan,nan,nan,nan,nan,nan,nan,nan,nan,nan,nan,0.0267529,-0.0333871,0.0626691,0,0,-0.47823,0.00673143,-0.00424002,-1,-0.000674282,Idle,,nan,nan,nan,nan,0,0,0,0,0,-0.480145,0.00568454,0.203005,0.102931,0.722445,0.443658,0.524406,0.23007,nan,nan,nan,nan,nan,nan,nan,nan
8.08212,-0.156514,0.148448,-0.916139,0.0160442,0.0162948,-0.0664215,-0.039765,-0.0253216,-0.0232742,0.0124147,0.0226964,0.00505923,nan,nan,nan,nan,nan,nan,nan,nan,nan,nan,nan,nan,nan,nan,nan,0.0267529,-0.0333871,0.0626691,0,0,-0.47823,0.00673143,-0.00424002,-1,-0.000674282,Idle,,nan,nan,nan,nan,0,0,0,0,0,-0.480599,0.00477841,0.211378,0.103044,0.729575,0.437664,0.530024,0.225134,nan,nan,nan,nan,nan,nan,nan,nan
8.09416,-0.156583,0.148235,-0.916547,0.0180079,0.0105803,-0.0640096,-0.0394349,-0.0249235,-0.0233308,0.0379557,0.0439847,-0.00324189,nan,nan,nan,nan,nan,nan,nan,nan,nan,nan,nan,nan,nan,nan,nan,-0.0128299,-0.0101343,0.0630443,0,0,-0.481017,0.00673143,-0.00424002,-1,-0.000674282,Idle,,nan,nan,nan,nan,0,0,0,0,0,-0.481017,0.0182481,0.209559,0.103037,0.719173,0.448885,0.538687,0.217321,nan,nan,nan,nan,nan,nan,nan,nan
8.09881,-0.156634,0.14785,-0.917449,0.0197054,0.013044,-0.0641201,-0.0384509,-0.0249115,-0.0231798,0.0568305,0.0109714,0.0137716,nan,nan,nan,nan,nan,nan,nan,nan,nan,nan,nan,nan,nan,nan,nan,-0.0128299,-0.0101343,0.0630443,0,0,-0.481017,0.00673143,-0.00424002,-1,-0.000674282,Idle,,nan,nan,nan,nan,0,0,0,0,0,-0.481017,0.0182481,0.209559,0.103037,0.719173,0.448885,0.538687,0.217321,nan,nan,nan,nan,nan,nan,nan,nan
8.11157,-0.156735,0.147587,-0.917846,0.0137582,0.0135433,-0.0605032,-0.038397,-0.0248597,-0.0231931,0.00700652,0.0051112,-8.52737e-05,nan,nan,nan,nan,nan,nan,nan,nan,nan,nan,nan,nan,nan,nan,nan,-0.0235953,-0.00997929,0.0628,0,0,-0.480827,0.00673143,-0.00424002,-1,-0.000674282,Idle,,nan,nan,nan,nan,0,0,0,0,0,-0.479973,0.00722355,0.209201,0.10302,0.725655,0.440282,0.529612,0.224341,nan,nan,nan,nan,nan,nan,nan,nan
8.12338,-0.156847,0.147313,-0.918257,0.013956,0.0099841,-0.0694113,-0.0384213,-0.0246779,-0.0231754,-0.00142779,0.0192194,0.0041693,nan,nan,nan,nan,nan,nan,nan,nan,nan,nan,nan,nan,nan,nan,nan,-0.0235953,-0.00997929,0.0628,0,0,-0.480827,0.00673143,-0.00424002,-1,-0.000674282,Idle,,nan,nan,nan,nan,0,0,0,0,0,-0.481769,0.0183315,0.205388,0.102921,0.716801,0.452531,0.536666,0.221078,nan,nan,nan,nan,nan,nan,nan,nan
8.13443,-0.156939,0.147092,-0.918673,0.0111538,0.00153572,-0.0702499,-0.0382353,-0.0249297,-0.0231026,0.0222094,-0.0292931,0.00846657,nan,nan,nan,nan,nan,nan,nan,nan,nan,nan,nan,nan,nan,nan,nan,-0.0103072,-0.0277665,0.0620512,0,0,-0.479248,0.00673143,-0.00424002,-1,-0.000674282,Idle,,nan,nan,nan,nan,0,0,0,0,0,-0.479248,0.0214681,0.211618,0.102747,0.716294,0.447648,0.540942,0.212109,nan,nan,nan,nan,nan,nan,nan,nan
8.14285,-0.157016,0.146871,-0.919089,0.0136172,0.00603597,-0.0669994,-0.0382852,-0.0249635,-0.0229776,-0.00405497,-0.00507933,0.0151164,nan,nan,nan,nan,nan,nan,nan,nan,nan,nan,nan,nan,nan,nan,nan,-0.0103072,-0.0277665,0.0620512,0,0,-0.479248,0.00673143,-0.00424002,-1,-0.000674282,Idle,,nan,nan,nan,nan,0,0,0,0,0,-0.478844,0.0264756,0.20224,0.102631,0.705602,0.4573,0.537566,0.214907,nan,nan,nan,nan,nan,nan,nan,nan
8.15419,-0.157088,0.146641,-0.919504,0.0114873,0.0125494,-0.060444,-0.0386103,-0.0248132,-0.0229415,-0.034988,0.0158034,0.00598073,nan,nan,nan,nan,nan,nan,nan,nan,nan,nan,nan,nan,nan,nan,nan,-0.0231663,-0.0324423,0.0613368,0,0,-0.481429,0.00673143,-0.00424002,-1,-0.000674282,Idle,,nan,nan,nan,nan,0,0,0,0,0,-0.479654,0.017503,0.21057,0.102604,0.71862,0.445848,0.537947,0.216203,nan,nan,nan,nan,nan,nan,nan,nan
8.16168,-0.157184,0.146402,-0.919941,0.0102029,0.00792992,-0.0667685,-0.0388245,-0.0249039,-0.0229083,-0.0226761,-0.0109714,0.00457668,nan,nan,nan,nan,nan,nan,nan,nan,nan,nan,nan,nan,nan,nan,nan,-0.0231663,-0.0324423,0.0613368,0,0,-0.481429,0.00673143,-0.00424002,-1,-0.000674282,Idle,,nan,nan,nan,nan,0,0,0,0,0,-0.479583,0.0252313,0.204341,0.102537,0.708612,0.45558,0.539004,0.215137,nan,nan,nan,nan,nan,nan,nan,nan
8.17289,-0.157267,0.14622,-0.920392,0.010168,0.00449877,-0.0702833,-0.0388426,-0.0250044,-0.022787,-0.000627592,-0.012371,0.014216,nan,nan,nan,nan,nan,nan,nan,nan,nan,nan,nan,nan,nan,nan,nan,0.00584689,-0.0341546,0.0610997,0,0,-0.478494,0.00673143,-0.00424002,-1,-0.000674282,Idle,,nan,nan,nan,nan,0,0,0,0,0,-0.478494,0.0271679,0.203668,0.102481,0.705624,0.45628,0.538866,0.213208,nan,nan,nan,nan,nan,nan,nan,nan
8.18017,-0.157329,0.146032,-0.920833,0.0165486,0.00648604,-0.063538,-0.0390639,-0.0251289,-0.0226813,-0.023447,-0.0150864,0.012483,nan,nan,nan,nan,nan,nan,nan,nan,nan,nan,nan,nan,nan,nan,nan,0.00584689,-0.0341546,0.0610997,0,0,-0.478494,0.00673143,-0.00424002,-1,-0.000674282,Idle,,nan,nan,nan,nan,0,0,0,0,0,-0.480145,0.0146526,0.215777,0.102468,0.724672,0.440506,0.540236,0.215164,nan,nan,nan,nan,nan,nan,nan,nan
8.19229,-0.157435,0.145636,-0.921706,0.0139402,0.0104114,-0.0658395,-0.0390584,-0.0247026,-0.0226438,0.0193331,0.00257354,0.000527895,nan,nan,nan,nan,nan,nan,nan,nan,nan,nan,nan,nan,nan,nan,nan,-0.018765,-0.02038,0.060954,0,0,-0.482105,0.00673143,-0.00424002,-1,-0.000674282,Idle,,nan,nan,nan,nan,0,0,0,0,0,-0.480145,0.0146526,0.215777,0.102468,0.724672,0.440506,0.540236,0.215164,nan,nan,nan,nan,nan,nan,nan,nan
8.19897,-0.157497,0.145485,-0.922161,0.00943665,0.0050537,-0.069944,-0.0388425,-0.0250214,-0.022588,0.025131,-0.036341,0.00591086,nan,nan,nan,nan,nan,nan,nan,nan,nan,nan,nan,nan,nan,nan,nan,-0.018765,-0.02038,0.060954,0,0,-0.482105,0.00673143,-0.00424002,-1,-0.000674282,Idle,,nan,nan,nan,nan,0,0,0,0,0,-0.482105,0.0152765,0.202538,0.102404,0.716766,0.452205,0.533343,0.226106,nan,nan,nan,nan,nan,nan,nan,nan
8.21308,-0.157529,0.145335,-0.922607,0.0111689,0.000120698,-0.0631895,-0.0390195,-0.0249786,-0.0225638,-0.0186541,0.00404278,0.00389659,nan,nan,nan,nan,nan,nan,nan,nan,nan,nan,nan,nan,nan,nan,nan,0.00472087,-0.0375938,0.0602885,0,0,-0.478209,0.00673143,-0.00424002,-1,-0.000674282,Idle,,nan,nan,nan,nan,0,0,0,0,0,-0.478209,0.0208133,0.204255,0.102522,0.710287,0.451127,0.534462,0.216962,nan,nan,nan,nan,nan,nan,nan,nan
8.2205,-0.157583,0.145123,-0.923073,0.0131922,0.00915506,-0.0565538,-0.0393001,-0.0250376,-0.022671,-0.0308568,-0.0067136,-0.0112348,nan,nan,nan,nan,nan,nan,nan,nan,nan,nan,nan,nan,nan,nan,nan,0.00472087,-0.0375938,0.0602885,0,0,-0.478209,0.00673143,-0.00424002,-1,-0.000674282,Idle,,nan,nan,nan,nan,0,0,0,0,0,-0.479809,0.0227174,0.211467,0.102737,0.715855,0.449189,0.542289,0.211903,nan,nan,nan,nan,nan,nan,nan,nan
8.23399,-0.157612,0.14496,-0.923618,0.014018,8.69688e-05,-0.064815,-0.0392437,-0.0251365,-0.0226619,0.00721953,-0.0117004,0.00171633,nan,nan,nan,nan,nan,nan,nan,nan,nan,nan,nan,nan,nan,nan,nan,-0.0135564,-0.0225129,0.0606513,0,0,-0.481585,0.00673143,-0.00424002,-1,-0.000674282,Idle,,nan,nan,nan,nan,0,0,0,0,0,-0.481585,0.01253,0.210891,0.102896,0.724586,0.444328,0.536294,0.221132,nan,nan,nan,nan,nan,nan,nan,nan
8.24107,-0.157654,0.144784,-0.924078,0.00726779,-0.00326476,-0.0641023,-0.0390671,-0.0255988,-0.0226033,0.0207137,-0.0523352,0.00559924,nan,nan,nan,nan,nan,nan,nan,nan,nan,nan,nan,nan,nan,nan,nan,-0.0135564,-0.0225129,0.0606513,0,0,-0.481585,0.00673143,-0.00424002,-1,-0.000674282,Idle,,nan,nan,nan,nan,0,0,0,0,0,-0.479128,0.0264712,0.211206,0.103034,0.712632,0.451644,0.543782,0.208455,nan,nan,nan,nan,nan,nan,nan,nan
8.25082,-0.157706,0.14462,-0.924572,0.0127559,0.0120607,-0.0605351,-0.039366,-0.02577,-0.0225528,-0.0322932,-0.0198758,0.00593385,nan,nan,nan,nan,nan,nan,nan,nan,nan,nan,nan,nan,nan,nan,nan,-0.0281422,-0.0221922,0.0609127,0,0,-0.480261,0.00673143,-0.00424002,-1,-0.000674282,Idle,,nan,nan,nan,nan,0,0,0,0,0,-0.479128,0.0264712,0.211206,0.103034,0.712632,0.451644,0.543782,0.208455,nan,nan,nan,nan,nan,nan,nan,nan
8.25745,-0.157764,0.144482,-0.925082,0.0136839,0.0120603,-0.0583615,-0.0394923,-0.0256244,-0.0225381,-0.0131378,0.0154638,0.00328127,nan,nan,nan,nan,nan,nan,nan,nan,nan,nan,nan,nan,nan,nan,nan,-0.0281422,-0.0221922,0.0609127,0,0,-0.480261,0.00673143,-0.00424002,-1,-0.000674282,Idle,,nan,nan,nan,nan,0,0,0,0,0,-0.479262,0.0200852,0.205133,0.10313,0.713084,0.451654,0.535011,0.217301,nan,nan,nan,nan,nan,nan,nan,nan
8.27381,-0.157796,0.144343,-0.92557,0.0149809,0.000173771,-0.0629551,-0.0394913,-0.0259192,-0.0225645,0.000824914,-0.0334252,-0.00325223,nan,nan,nan,nan,nan,nan,nan,nan,nan,nan,nan,nan,nan,nan,nan,0.0169783,-0.0150117,0.0607968,0,0,-0.479158,0.00673143,-0.00424002,-1,-0.000674282,Idle,,nan,nan,nan,nan,0,0,0,0,0,-0.479158,0.0185188,0.205614,0.103252,0.714549,0.450223,0.534017,0.217842,nan,nan,nan,nan,nan,nan,nan,nan
8.27819,-0.157836,0.144096,-0.926535,0.01411,0.0139167,-0.0598959,-0.0391793,-0.0262133,-0.0224167,-0.0145522,-0.020639,0.0115206,nan,nan,nan,nan,nan,nan,nan,nan,nan,nan,nan,nan,nan,nan,nan,0.0169783,-0.0150117,0.0607968,0,0,-0.479158,0.00673143,-0.00424002,-1,-0.000674282,Idle,,nan,nan,nan,nan,0,0,0,0,0,-0.479158,0.0185188,0.205614,0.103252,0.714549,0.450223,0.534017,0.217842,nan,nan,nan,nan,nan,nan,nan,nan
8.29115,-0.157858,0.144014,-0.927058,0.012427,0.0146723,-0.0590487,-0.0391864,-0.0259856,-0.0224551,-0.000203439,0.024986,-0.00238041,nan,nan,nan,nan,nan,nan,nan,nan,nan,nan,nan,nan,nan,nan,nan,-0.0301813,-0.0187861,0.0604559,0,0,-0.479986,0.00673143,-0.00424002,-1,-0.000674282,Idle,,nan,nan,nan,nan,0,0,0,0,0,-0.479937,0.0168184,0.215631,0.103286,0.723647,0.44275,0.540639,0.21271,nan,nan,nan,nan,nan,nan,nan,nan
8.30029,-0.157875,0.143916,-0.927571,0.0120678,0.00365082,-0.0643846,-0.0388364,-0.0263292,-0.0224753,0.039386,-0.0384335,-0.00286634,nan,nan,nan,nan,nan,nan,nan,nan,nan,nan,nan,nan,nan,nan,nan,-0.0301813,-0.0187861,0.0604559,0,0,-0.479986,0.00673143,-0.00424002,-1,-0.000674282,Idle,,nan,nan,nan,nan,0,0,0,0,0,-0.480095,0.00365256,0.211833,0.103275,0.730419,0.436273,0.528815,0.224874,nan,nan,nan,nan,nan,nan,nan,nan
8.31424,-0.15789,0.143844,-0.928054,0.00789762,-0.000867783,-0.0629517,-0.0385591,-0.0265493,-0.0223645,0.0320045,-0.0255679,0.0122635,nan,nan,nan,nan,nan,nan,nan,nan,nan,nan,nan,nan,nan,nan,nan,0.00686307,-0.0226668,0.0601459,0,0,-0.478376,0.00673143,-0.00424002,-1,-0.000674282,Idle,,nan,nan,nan,nan,0,0,0,0,0,-0.478376,0.0181845,0.203874,0.103222,0.712743,0.450405,0.5318,0.218556,nan,nan,nan,nan,nan,nan,nan,nan
8.31861,-0.157914,0.143817,-0.928563,0.0101609,0.0122924,-0.0604353,-0.0385271,-0.0265094,-0.0222343,0.00449715,0.00340322,0.0155743,nan,nan,nan,nan,nan,nan,nan,nan,nan,nan,nan,nan,nan,nan,nan,0.00686307,-0.0226668,0.0601459,0,0,-0.478376,0.00673143,-0.00424002,-1,-0.000674282,Idle,,nan,nan,nan,nan,0,0,0,0,0,-0.478376,0.0181845,0.203874,0.103222,0.712743,0.450405,0.5318,0.218556,nan,nan,nan,nan,nan,nan,nan,nan
8.33367,-0.157923,0.143798,-0.929101,0.0109807,0.0162103,-0.0579656,-0.0384529,-0.0264107,-0.022219,0.00882243,0.0104515,0.00300883,nan,nan,nan,nan,nan,nan,nan,nan,nan,nan,nan,nan,nan,nan,nan,-0.03639,-0.0241318,0.0594834,0,0,-0.47957,0.00673143,-0.00424002,-1,-0.000674282,Idle,,nan,nan,nan,nan,0,0,0,0,0,-0.479146,0.00651473,0.207278,0.103183,0.724132,0.440477,0.526762,0.225211,nan,nan,nan,nan,nan,nan,nan,nan
8.34042,-0.157935,0.143768,-0.929623,0.0111733,0.00627738,-0.0600972,-0.0379123,-0.0264505,-0.0221819,0.0608053,-0.00503332,0.00480792,nan,nan,nan,nan,nan,nan,nan,nan,nan,nan,nan,nan,nan,nan,nan,-0.03639,-0.0241318,0.0594834,0,0,-0.47957,0.00673143,-0.00424002,-1,-0.000674282,Idle,,nan,nan,nan,nan,0,0,0,0,0,-0.478882,0.0135202,0.203259,0.103105,0.715995,0.44793,0.52869,0.222912,nan,nan,nan,nan,nan,nan,nan,nan
8.3544,-0.157908,0.143781,-0.930199,0.0119127,0.0128447,-0.0594477,-0.0375147,-0.0267028,-0.0220933,0.0447667,-0.0287248,0.0095533,nan,nan,nan,nan,nan,nan,nan,nan,nan,nan,nan,nan,nan,nan,nan,-0.0260027,-0.0221683,0.059705,0,0,-0.479004,0.00673143,-0.00424002,-1,-0.000674282,Idle,,nan,nan,nan,nan,0,0,0,0,0,-0.479004,0.00158028,0.208846,0.103181,0.728587,0.435735,0.524242,0.227453,nan,nan,nan,nan,nan,nan,nan,nan
8.36208,-0.157914,0.143773,-0.9307,0.0104692,0.0151291,-0.0491315,-0.0372796,-0.0264217,-0.0220389,0.0269159,0.030807,0.00805382,nan,nan,nan,nan,nan,nan,nan,nan,nan,nan,nan,nan,nan,nan,nan,-0.0260027,-0.0221683,0.059705,0,0,-0.479004,0.00673143,-0.00424002,-1,-0.000674282,Idle,,nan,nan,nan,nan,0,0,0,0,0,-0.480981,0.00582352,0.205409,0.103273,0.725225,0.443235,0.526697,0.228768,nan,nan,nan,nan,nan,nan,nan,nan
8.37196,-0.157894,0.143801,-0.931698,0.0126173,0.0131012,-0.0637178,-0.0363443,-0.0261855,-0.0222074,0.069037,-0.00218905,-0.00992166,nan,nan,nan,nan,nan,nan,nan,nan,nan,nan,nan,nan,nan,nan,nan,-0.024262,-0.0193531,0.0597824,0,0,-0.479235,0.00673143,-0.00424002,-1,-0.000674282,Idle,,nan,nan,nan,nan,0,0,0,0,0,-0.480981,0.00582352,0.205409,0.103273,0.725225,0.443235,0.526697,0.228768,nan,nan,nan,nan,nan,nan,nan,nan
8.38332,-0.15787,0.143859,-0.932207,0.0102726,0.0116433,-0.0566287,-0.0359591,-0.0261607,-0.0221642,0.0433696,0.00223082,0.005601,nan,nan,nan,nan,nan,nan,nan,nan,nan,nan,nan,nan,nan,nan,nan,-0.024262,-0.0193531,0.0597824,0,0,-0.479235,0.00673143,-0.00424002,-1,-0.000674282,Idle,,nan,nan,nan,nan,0,0,0,0,0,-0.477889,0.00804593,0.205535,0.10364,0.721018,0.441992,0.524901,0.223646,nan,nan,nan,nan,nan,nan,nan,nan
8.39431,-0.157844,0.143892,-0.932695,0.0115264,0.0136712,-0.0473025,-0.0359948,-0.0259088,-0.0222006,-0.00373495,0.027699,-0.00236109,nan,nan,nan,nan,nan,nan,nan,nan,nan,nan,nan,nan,nan,nan,nan,-0.029753,-0.0250498,0.0595688,0,0,-0.480942,0.00673143,-0.00424002,-1,-0.000674282,Idle,,nan,nan,nan,nan,0,0,0,0,0,-0.477889,0.00804593,0.205535,0.10364,0.721018,0.441992,0.524901,0.223646,nan,nan,nan,nan,nan,nan,nan,nan
8.40479,-0.157834,0.143909,-0.933164,0.00969439,0.0135408,-0.0521389,-0.0359243,-0.0257521,-0.0222642,0.00802404,0.01746,-0.00583876,nan,nan,nan,nan,nan,nan,nan,nan,nan,nan,nan,nan,nan,nan,nan,-0.029753,-0.0250498,0.0595688,0,0,-0.480942,0.00673143,-0.00424002,-1,-0.000674282,Idle,,nan,nan,nan,nan,0,0,0,0,0,-0.480942,0.00976874,0.202496,0.103953,0.721015,0.448726,0.526709,0.227317,nan,nan,nan,nan,nan,nan,nan,nan
8.41502,-0.157798,0.143967,-0.933641,0.00840877,0.00746773,-0.0576504,-0.035645,-0.0257728,-0.022237,0.0314687,-0.00271981,0.00356245,nan,nan,nan,nan,nan,nan,nan,nan,nan,nan,nan,nan,nan,nan,nan,-0.0090159,-0.0364768,0.0593017,0,0,-0.478698,0.00673143,-0.00424002,-1,-0.000674282,Idle,,nan,nan,nan,nan,0,0,0,0,0,-0.479937,0.0205051,0.201635,0.104041,0.711898,0.456009,0.5326,0.21924,nan,nan,nan,nan,nan,nan,nan,nan
8.42126,-0.157766,0.144111,-0.934123,0.00858085,0.00636355,-0.0531567,-0.03564,-0.0257653,-0.0221429,0.00109428,0.000163998,0.011083,nan,nan,nan,nan,nan,nan,nan,nan,nan,nan,nan,nan,nan,nan,nan,-0.0090159,-0.0364768,0.0593017,0,0,-0.478698,0.00673143,-0.00424002,-1,-0.000674282,Idle,,nan,nan,nan,nan,0,0,0,0,0,-0.478698,0.0209338,0.195367,0.104049,0.705932,0.459513,0.527226,0.222119,nan,nan,nan,nan,nan,nan,nan,nan
8.43336,-0.157783,0.144107,-0.93459,0.00177383,0.00080956,-0.0394616,-0.0359755,-0.0253933,-0.0221026,-0.0371541,0.0409273,0.00667735,nan,nan,nan,nan,nan,nan,nan,nan,nan,nan,nan,nan,nan,nan,nan,0.00409326,-0.0550963,0.0587583,0,0,-0.482108,0.00673143,-0.00424002,-1,-0.000674282,Idle,,nan,nan,nan,nan,0,0,0,0,0,-0.482108,0.0170603,0.202581,0.10398,0.717112,0.455015,0.533064,0.223242,nan,nan,nan,nan,nan,nan,nan,nan
8.44039,-0.157815,0.144056,-0.935003,0.00561778,-0.00681021,-0.0426785,-0.0360374,-0.0251259,-0.0220595,-0.00667947,0.0291278,0.00651713,nan,nan,nan,nan,nan,nan,nan,nan,nan,nan,nan,nan,nan,nan,nan,0.00409326,-0.0550963,0.0587583,0,0,-0.482108,0.00673143,-0.00424002,-1,-0.000674282,Idle,,nan,nan,nan,nan,0,0,0,0,0,-0.481282,0.0306777,0.194971,0.103871,0.701168,0.469091,0.536597,0.218274,nan,nan,nan,nan,nan,nan,nan,nan
8.4507,-0.157842,0.144047,-0.935402,0.00144959,-0.0062124,-0.0462142,-0.0358936,-0.0249966,-0.0219998,0.0163102,0.0139411,0.00786565,nan,nan,nan,nan,nan,nan,nan,nan,nan,nan,nan,nan,nan,nan,nan,0.0143787,-0.052934,0.0583279,0,0,-0.480618,0.00673143,-0.00424002,-1,-0.000674282,Idle,,nan,nan,nan,nan,0,0,0,0,0,-0.481282,0.0306777,0.194971,0.103871,0.701168,0.469091,0.536597,0.218274,nan,nan,nan,nan,nan,nan,nan,nan
8.45785,-0.157883,0.144048,-0.936234,0.00359917,0.00302607,-0.0372041,-0.0363492,-0.0245182,-0.0218046,-0.0272672,0.0444672,0.00847109,nan,nan,nan,nan,nan,nan,nan,nan,nan,nan,nan,nan,nan,nan,nan,0.0143787,-0.052934,0.0583279,0,0,-0.480618,0.00673143,-0.00424002,-1,-0.000674282,Idle,,nan,nan,nan,nan,0,0,0,0,0,-0.480618,0.0202289,0.202599,0.10378,0.713195,0.455552,0.534027,0.219696,nan,nan,nan,nan,nan,nan,nan,nan
8.47062,-0.157896,0.144044,-0.936641,0.00481013,-0.00127528,-0.0429641,-0.0364118,-0.0245962,-0.0217901,-0.0069542,-0.00898416,0.00189176,nan,nan,nan,nan,nan,nan,nan,nan,nan,nan,nan,nan,nan,nan,nan,-0.0206203,-0.0439014,0.0579378,0,0,-0.482374,0.00673143,-0.00424002,-1,-0.000674282,Idle,,nan,nan,nan,nan,0,0,0,0,0,-0.481269,0.0195637,0.201596,0.103611,0.713438,0.456273,0.533667,0.221696,nan,nan,nan,nan,nan,nan,nan,nan
8.47746,-0.157889,0.144078,-0.937033,-0.000139632,-0.005066,-0.0458251,-0.0360887,-0.0249296,-0.0216136,0.0362547,-0.0378541,0.0187558,nan,nan,nan,nan,nan,nan,nan,nan,nan,nan,nan,nan,nan,nan,nan,-0.0206203,-0.0439014,0.0579378,0,0,-0.482374,0.00673143,-0.00424002,-1,-0.000674282,Idle,,nan,nan,nan,nan,0,0,0,0,0,-0.482374,0.0211567,0.202491,0.103464,0.713902,0.457725,0.536677,0.221191,nan,nan,nan,nan,nan,nan,nan,nan
8.49366,-0.157887,0.144136,-0.93744,0.00117999,-0.00337998,-0.0425,-0.0361718,-0.0251384,-0.0214371,-0.00885823,-0.0242935,0.019443,nan,nan,nan,nan,nan,nan,nan,nan,nan,nan,nan,nan,nan,nan,nan,0.00205277,-0.0516972,0.0568319,0,0,-0.480504,0.00673143,-0.00424002,-1,-0.000674282,Idle,,nan,nan,nan,nan,0,0,0,0,0,-0.480504,0.0212542,0.203062,0.103181,0.712084,0.455236,0.535564,0.219129,nan,nan,nan,nan,nan,nan,nan,nan
8.50043,-0.157879,0.14416,-0.937857,0.00247639,0.00350226,-0.0365296,-0.0362075,-0.0253065,-0.0213647,-0.00383811,-0.0192039,0.00790403,nan,nan,nan,nan,nan,nan,nan,nan,nan,nan,nan,nan,nan,nan,nan,0.00205277,-0.0516972,0.0568319,0,0,-0.480504,0.00673143,-0.00424002,-1,-0.000674282,Idle,,nan,nan,nan,nan,0,0,0,0,0,-0.4811,0.00752455,0.210103,0.103103,0.72729,0.441067,0.531506,0.224536,nan,nan,nan,nan,nan,nan,nan,nan
8.5109,-0.157848,0.144237,-0.938328,0.00246839,-0.00622904,-0.0464654,-0.0359225,-0.0257013,-0.0213204,0.0317814,-0.0442977,0.00383512,nan,nan,nan,nan,nan,nan,nan,nan,nan,nan,nan,nan,nan,nan,nan,0.00131339,-0.0374653,0.0566907,0,0,-0.480127,0.00673143,-0.00424002,-1,-0.000674282,Idle,,nan,nan,nan,nan,0,0,0,0,0,-0.4811,0.00752455,0.210103,0.103103,0.72729,0.441067,0.531506,0.224536,nan,nan,nan,nan,nan,nan,nan,nan
8.52011,-0.157841,0.144385,-0.938728,0.00427954,-0.00476741,-0.0427144,-0.0355061,-0.0263694,-0.0212321,0.0465299,-0.0748771,0.00763912,nan,nan,nan,nan,nan,nan,nan,nan,nan,nan,nan,nan,nan,nan,nan,0.00131339,-0.0374653,0.0566907,0,0,-0.480127,0.00673143,-0.00424002,-1,-0.000674282,Idle,,nan,nan,nan,nan,0,0,0,0,0,-0.48081,0.0114216,0.21136,0.10316,0.725191,0.442701,0.534803,0.220544,nan,nan,nan,nan,nan,nan,nan,nan
8.53405,-0.157822,0.144511,-0.939124,0.00749643,0.00585525,-0.0324151,-0.0354048,-0.0267059,-0.0211195,0.0112632,-0.0379333,0.0117849,nan,nan,nan,nan,nan,nan,nan,nan,nan,nan,nan,nan,nan,nan,nan,-0.0434225,-0.0198372,0.0569278,0,0,-0.482906,0.00673143,-0.00424002,-1,-0.000674282,Idle,,nan,nan,nan,nan,0,0,0,0,0,-0.482906,0.00237645,0.222267,0.103267,0.741501,0.430797,0.538104,0.221223,nan,nan,nan,nan,nan,nan,nan,nan
8.5388,-0.157775,0.144835,-0.939907,0.005304,-0.00107001,-0.042372,-0.0347473,-0.0275045,-0.021206,0.0398386,-0.062296,-0.0118104,nan,nan,nan,nan,nan,nan,nan,nan,nan,nan,nan,nan,nan,nan,nan,-0.0434225,-0.0198372,0.0569278,0,0,-0.482906,0.00673143,-0.00424002,-1,-0.000674282,Idle,,nan,nan,nan,nan,0,0,0,0,0,-0.482906,0.00237645,0.222267,0.103267,0.741501,0.430797,0.538104,0.221223,nan,nan,nan,nan,nan,nan,nan,nan
8.55167,-0.157756,0.144979,-0.940295,0.0036347,-0.00721093,-0.0423139,-0.034451,-0.0284786,-0.0211308,0.0328925,-0.108889,0.00519511,nan,nan,nan,nan,nan,nan,nan,nan,nan,nan,nan,nan,nan,nan,nan,-0.0170065,-0.0243558,0.0566625,0,0,-0.480745,0.00673143,-0.00424002,-1,-0.000674282,Idle,,nan,nan,nan,nan,0,0,0,0,0,-0.482192,0.00979292,0.213193,0.103413,0.729272,0.441889,0.536074,0.221531,nan,nan,nan,nan,nan,nan,nan,nan
8.56086,-0.157711,0.145119,-0.940671,0.00603569,0.0032726,-0.0324393,-0.0346813,-0.0290408,-0.0211501,-0.0260452,-0.0626938,-0.00374036,nan,nan,nan,nan,nan,nan,nan,nan,nan,nan,nan,nan,nan,nan,nan,-0.0170065,-0.0243558,0.0566625,0,0,-0.480745,0.00673143,-0.00424002,-1,-0.000674282,Idle,,nan,nan,nan,nan,0,0,0,0,0,-0.480642,0.0232798,0.215222,0.103867,0.720075,0.448896,0.545043,0.208555,nan,nan,nan,nan,nan,nan,nan,nan
8.57578,-0.157657,0.145286,-0.94105,0.00863888,0.00749932,-0.0365208,-0.0347009,-0.0295597,-0.0212914,-0.00297815,-0.0570836,-0.0170838,nan,nan,nan,nan,nan,nan,nan,nan,nan,nan,nan,nan,nan,nan,nan,-0.0351938,-0.0177768,0.0572592,0,0,-0.48266,0.00673143,-0.00424002,-1,-0.000674282,Idle,,nan,nan,nan,nan,0,0,0,0,0,-0.48266,0.00870984,0.220049,0.104248,0.736189,0.437578,0.539788,0.217084,nan,nan,nan,nan,nan,nan,nan,nan
8.58203,-0.157598,0.14546,-0.941438,0.0061265,-0.00242511,-0.0417003,-0.0346353,-0.0304245,-0.0213158,0.00689199,-0.096813,-0.00554496,nan,nan,nan,nan,nan,nan,nan,nan,nan,nan,nan,nan,nan,nan,nan,-0.0351938,-0.0177768,0.0572592,0,0,-0.48266,0.00673143,-0.00424002,-1,-0.000674282,Idle,,nan,nan,nan,nan,0,0,0,0,0,-0.48184,0.0126821,0.222099,0.104544,0.734307,0.438414,0.542931,0.211711,nan,nan,nan,nan,nan,nan,nan,nan
8.59767,-0.15756,0.145625,-0.941822,0.00321476,-0.00525022,-0.0412756,-0.034735,-0.031081,-0.0213717,-0.0116548,-0.0730219,-0.00823977,nan,nan,nan,nan,nan,nan,nan,nan,nan,nan,nan,nan,nan,nan,nan,-0.00550319,-0.0230072,0.0577775,0,0,-0.480669,0.00673143,-0.00424002,-1,-0.000674282,Idle,,nan,nan,nan,nan,0,0,0,0,0,-0.482826,0.00870957,0.216723,0.105292,0.735047,0.441141,0.536559,0.218558,nan,nan,nan,nan,nan,nan,nan,nan
8.60267,-0.157498,0.14579,-0.942219,0.00952895,0.00830349,-0.0306922,-0.0351585,-0.0315447,-0.021446,-0.0477981,-0.051467,-0.00956739,nan,nan,nan,nan,nan,nan,nan,nan,nan,nan,nan,nan,nan,nan,nan,-0.00550319,-0.0230072,0.0577775,0,0,-0.480669,0.00673143,-0.00424002,-1,-0.000674282,Idle,,nan,nan,nan,nan,0,0,0,0,0,-0.482826,0.00870957,0.216723,0.105292,0.735047,0.441141,0.536559,0.218558,nan,nan,nan,nan,nan,nan,nan,nan
8.61289,-0.157429,0.145975,-0.942605,0.011917,0.01328,-0.0332198,-0.0352658,-0.0315462,-0.0216027,-0.0128803,0.000300778,-0.016962,nan,nan,nan,nan,nan,nan,nan,nan,nan,nan,nan,nan,nan,nan,nan,-0.0597526,0.00466824,0.0588445,0,0,-0.482324,0.00673143,-0.00424002,-1,-0.000674282,Idle,,nan,nan,nan,nan,0,0,0,0,0,-0.482324,0.0112447,0.213818,0.105566,0.730972,0.444759,0.535523,0.218042,nan,nan,nan,nan,nan,nan,nan,nan
8.62,-0.157341,0.146269,-0.942999,0.0100242,-8.51752e-05,-0.0411512,-0.035008,-0.0320606,-0.0216826,0.0279045,-0.0567773,-0.0103789,nan,nan,nan,nan,nan,nan,nan,nan,nan,nan,nan,nan,nan,nan,nan,-0.0597526,0.00466824,0.0588445,0,0,-0.482324,0.00673143,-0.00424002,-1,-0.000674282,Idle,,nan,nan,nan,nan,0,0,0,0,0,-0.480499,0.0106961,0.210938,0.105889,0.727822,0.444906,0.530953,0.218316,nan,nan,nan,nan,nan,nan,nan,nan
8.63215,-0.157163,0.146907,-0.94385,0.00960651,0.0124645,-0.0377795,-0.035261,-0.0321367,-0.021907,-0.0294072,0.00509914,-0.0154918,nan,nan,nan,nan,nan,nan,nan,nan,nan,nan,nan,nan,nan,nan,nan,-0.0574888,-0.00146288,0.059443,0,0,-0.48182,0.00673143,-0.00424002,-1,-0.000674282,Idle,,nan,nan,nan,nan,0,0,0,0,0,-0.480499,0.0106961,0.210938,0.105889,0.727822,0.444906,0.530953,0.218316,nan,nan,nan,nan,nan,nan,nan,nan
8.63903,-0.157076,0.147211,-0.944276,0.00721601,0.00305463,-0.0450928,-0.0353387,-0.0321757,-0.0221049,-0.00996398,-0.0036808,-0.021703,nan,nan,nan,nan,nan,nan,nan,nan,nan,nan,nan,nan,nan,nan,nan,-0.0574888,-0.00146288,0.059443,0,0,-0.48182,0.00673143,-0.00424002,-1,-0.000674282,Idle,,nan,nan,nan,nan,0,0,0,0,0,-0.48182,0.0102245,0.210309,0.106172,0.729315,0.446621,0.531213,0.220132,nan,nan,nan,nan,nan,nan,nan,nan
8.65299,-0.156992,0.147498,-0.944678,0.0063301,-0.00189224,-0.0421528,-0.035033,-0.0323944,-0.0221703,0.0332061,-0.0241983,-0.00768671,nan,nan,nan,nan,nan,nan,nan,nan,nan,nan,nan,nan,nan,nan,nan,-0.0185425,-0.013356,0.0598477,0,0,-0.479594,0.00673143,-0.00424002,-1,-0.000674282,Idle,,nan,nan,nan,nan,0,0,0,0,0,-0.479594,0.00821465,0.210151,0.10671,0.728935,0.443622,0.526917,0.218899,nan,nan,nan,nan,nan,nan,nan,nan
8.66127,-0.156876,0.147783,-0.945089,0.00857395,0.011222,-0.035816,-0.0353117,-0.0324702,-0.0221968,-0.0315662,-0.00839026,-0.00280029,nan,nan,nan,nan,nan,nan,nan,nan,nan,nan,nan,nan,nan,nan,nan,-0.0185425,-0.013356,0.0598477,0,0,-0.479594,0.00673143,-0.00424002,-1,-0.000674282,Idle,,nan,nan,nan,nan,0,0,0,0,0,-0.480051,0.0230503,0.202595,0.106933,0.713782,0.460136,0.532302,0.213985,nan,nan,nan,nan,nan,nan,nan,nan
8.67083,-0.156767,0.148118,-0.945525,0.0100692,0.0148737,-0.0422507,-0.0354056,-0.0321138,-0.0223489,-0.0116605,0.0403727,-0.0151725,nan,nan,nan,nan,nan,nan,nan,nan,nan,nan,nan,nan,nan,nan,nan,-0.0486174,-0.00917774,0.0604494,0,0,-0.481418,0.00673143,-0.00424002,-1,-0.000674282,Idle,,nan,nan,nan,nan,0,0,0,0,0,-0.480051,0.0230503,0.202595,0.106933,0.713782,0.460136,0.532302,0.213985,nan,nan,nan,nan,nan,nan,nan,nan
8.67991,-0.156642,0.148449,-0.945975,0.0119626,0.00594808,-0.0465724,-0.0351973,-0.0322809,-0.022519,0.0219812,-0.0180274,-0.0191859,nan,nan,nan,nan,nan,nan,nan,nan,nan,nan,nan,nan,nan,nan,nan,-0.0486174,-0.00917774,0.0604494,0,0,-0.481418,0.00673143,-0.00424002,-1,-0.000674282,Idle,,nan,nan,nan,nan,0,0,0,0,0,-0.480118,0.00616209,0.210114,0.107424,0.731599,0.443436,0.52525,0.220188,nan,nan,nan,nan,nan,nan,nan,nan
8.6906,-0.156513,0.148768,-0.946411,0.00852973,0.00324565,-0.0442498,-0.0349511,-0.0322776,-0.0225776,0.0266176,0.000515678,-0.00611319,nan,nan,nan,nan,nan,nan,nan,nan,nan,nan,nan,nan,nan,nan,nan,-0.0206306,-0.0134976,0.0615774,0,0,-0.479396,0.00673143,-0.00424002,-1,-0.000674282,Idle,,nan,nan,nan,nan,0,0,0,0,0,-0.480118,0.00616209,0.210114,0.107424,0.731599,0.443436,0.52525,0.220188,nan,nan,nan,nan,nan,nan,nan,nan
8.69834,-0.156384,0.149082,-0.946857,0.0122103,0.016079,-0.0363338,-0.0350422,-0.0320075,-0.0227309,-0.011297,0.0305747,-0.0156229,nan,nan,nan,nan,nan,nan,nan,nan,nan,nan,nan,nan,nan,nan,nan,-0.0206306,-0.0134976,0.0615774,0,0,-0.479396,0.00673143,-0.00424002,-1,-0.000674282,Idle,,nan,nan,nan,nan,0,0,0,0,0,-0.479005,0.0132749,0.203086,0.107673,0.720735,0.45257,0.523952,0.218764,nan,nan,nan,nan,nan,nan,nan,nan
8.7159,-0.156257,0.149421,-0.947308,0.0131979,0.0212024,-0.0397935,-0.03496,-0.031787,-0.0229543,0.00774089,0.0252075,-0.0235073,nan,nan,nan,nan,nan,nan,nan,nan,nan,nan,nan,nan,nan,nan,nan,-0.0741544,-0.00129063,0.0625089,0,0,-0.480363,0.00673143,-0.00424002,-1,-0.000674282,Idle,,nan,nan,nan,nan,0,0,0,0,0,-0.480363,0.00742036,0.20158,0.10836,0.725855,0.451541,0.519418,0.224639,nan,nan,nan,nan,nan,nan,nan,nan
8.71827,-0.15593,0.150345,-0.948312,0.0110784,0.00744377,-0.0465237,-0.0342326,-0.0317914,-0.0233249,0.0272922,-0.00958229,-0.0199889,nan,nan,nan,nan,nan,nan,nan,nan,nan,nan,nan,nan,nan,nan,nan,-0.0741544,-0.00129063,0.0625089,0,0,-0.480363,0.00673143,-0.00424002,-1,-0.000674282,Idle,,nan,nan,nan,nan,0,0,0,0,0,-0.480363,0.00742036,0.20158,0.10836,0.725855,0.451541,0.519418,0.224639,nan,nan,nan,nan,nan,nan,nan,nan
8.73117,-0.155762,0.150784,-0.948818,0.0116828,0.0171238,-0.0394319,-0.0342851,-0.031581,-0.0234896,-0.00725179,0.0240171,-0.0171479,nan,nan,nan,nan,nan,nan,nan,nan,nan,nan,nan,nan,nan,nan,nan,-0.0298672,-0.0110945,0.063603,0,0,-0.478635,0.00673143,-0.00424002,-1,-0.000674282,Idle,,nan,nan,nan,nan,0,0,0,0,0,-0.478553,0.00182545,0.214559,0.108744,0.737563,0.43698,0.522443,0.217226,nan,nan,nan,nan,nan,nan,nan,nan
8.74138,-0.155599,0.15123,-0.94932,0.0114594,0.0176207,-0.0435558,-0.0340626,-0.0316681,-0.0237032,0.0232098,-0.00890065,-0.0237453,nan,nan,nan,nan,nan,nan,nan,nan,nan,nan,nan,nan,nan,nan,nan,-0.0298672,-0.0110945,0.063603,0,0,-0.478635,0.00673143,-0.00424002,-1,-0.000674282,Idle,,nan,nan,nan,nan,0,0,0,0,0,-0.480099,0.00193715,0.210406,0.109256,0.736605,0.442055,0.520619,0.221118,nan,nan,nan,nan,nan,nan,nan,nan
8.75483,-0.155397,0.151727,-0.949852,0.0121172,0.00740241,-0.0462261,-0.0336964,-0.0320369,-0.0237492,0.0395956,-0.0406779,-0.00613323,nan,nan,nan,nan,nan,nan,nan,nan,nan,nan,nan,nan,nan,nan,nan,-0.0623466,-0.00909033,0.0643777,0,0,-0.479199,0.00673143,-0.00424002,-1,-0.000674282,Idle,,nan,nan,nan,nan,0,0,0,0,0,-0.479199,0.00697823,0.209546,0.109354,0.73163,0.445425,0.522578,0.217162,nan,nan,nan,nan,nan,nan,nan,nan
8.76116,-0.155197,0.152178,-0.950357,0.013209,0.0210238,-0.040569,-0.0337845,-0.0321821,-0.0237367,-0.0106132,-0.0163115,0.00116992,nan,nan,nan,nan,nan,nan,nan,nan,nan,nan,nan,nan,nan,nan,nan,-0.0623466,-0.00909033,0.0643777,0,0,-0.479199,0.00673143,-0.00424002,-1,-0.000674282,Idle,,nan,nan,nan,nan,0,0,0,0,0,-0.478391,0.0142584,0.210529,0.109447,0.726462,0.449163,0.52752,0.210417,nan,nan,nan,nan,nan,nan,nan,nan
8.77376,-0.154989,0.152676,-0.950889,0.0164445,0.0246582,-0.0441047,-0.0340349,-0.0320976,-0.0238492,-0.0290818,0.00982705,-0.0118815,nan,nan,nan,nan,nan,nan,nan,nan,nan,nan,nan,nan,nan,nan,nan,-0.0811186,0.00428379,0.0650996,0,0,-0.478868,0.00673143,-0.00424002,-1,-0.000674282,Idle,,nan,nan,nan,nan,0,0,0,0,0,-0.479646,0.00309609,0.214183,0.109443,0.73819,0.439937,0.523469,0.216988,nan,nan,nan,nan,nan,nan,nan,nan
8.78133,-0.15477,0.153195,-0.951402,0.0173679,0.0174697,-0.0475166,-0.033921,-0.0322482,-0.0238966,0.0117329,-0.0165948,-0.00553907,nan,nan,nan,nan,nan,nan,nan,nan,nan,nan,nan,nan,nan,nan,nan,-0.0811186,0.00428379,0.0650996,0,0,-0.478868,0.00673143,-0.00424002,-1,-0.000674282,Idle,,nan,nan,nan,nan,0,0,0,0,0,-0.47794,0.0147082,0.204204,0.109362,0.721135,0.453417,0.523003,0.214204,nan,nan,nan,nan,nan,nan,nan,nan
8.79485,-0.154554,0.153661,-0.951888,0.0162766,0.0128033,-0.0429558,-0.0338143,-0.0324559,-0.0238057,0.0114405,-0.0234601,0.00961917,nan,nan,nan,nan,nan,nan,nan,nan,nan,nan,nan,nan,nan,nan,nan,-0.0395229,4.09019e-05,0.0649715,0,0,-0.478683,0.00673143,-0.00424002,-1,-0.000674282,Idle,,nan,nan,nan,nan,0,0,0,0,0,-0.478683,0.00592399,0.21253,0.109195,0.733811,0.441894,0.523586,0.215442,nan,nan,nan,nan,nan,nan,nan,nan
8.8023,-0.154324,0.154118,-0.952386,0.018316,0.0256327,-0.0380269,-0.034034,-0.0322248,-0.0237631,-0.0249386,0.0254285,0.00586065,nan,nan,nan,nan,nan,nan,nan,nan,nan,nan,nan,nan,nan,nan,nan,-0.0395229,4.09019e-05,0.0649715,0,0,-0.478683,0.00673143,-0.00424002,-1,-0.000674282,Idle,,nan,nan,nan,nan,0,0,0,0,0,-0.479782,0.0063588,0.211368,0.108983,0.733568,0.443911,0.524381,0.217267,nan,nan,nan,nan,nan,nan,nan,nan
8.8123,-0.153802,0.155279,-0.95344,0.0177405,0.0197279,-0.046478,-0.0339965,-0.032269,-0.0237077,0.0151356,-0.0202007,0.00755576,nan,nan,nan,nan,nan,nan,nan,nan,nan,nan,nan,nan,nan,nan,nan,-0.0846411,0.00958993,0.0648488,0,0,-0.478303,0.00673143,-0.00424002,-1,-0.000674282,Idle,,nan,nan,nan,nan,0,0,0,0,0,-0.479782,0.0063588,0.211368,0.108983,0.733568,0.443911,0.524381,0.217267,nan,nan,nan,nan,nan,nan,nan,nan
8.82147,-0.15351,0.155921,-0.95396,0.0149376,0.0186835,-0.0430039,-0.0341146,-0.0323318,-0.0235307,-0.0135366,-0.00758056,0.0197909,nan,nan,nan,nan,nan,nan,nan,nan,nan,nan,nan,nan,nan,nan,nan,-0.0846411,0.00958993,0.0648488,0,0,-0.478303,0.00673143,-0.00424002,-1,-0.000674282,Idle,,nan,nan,nan,nan,0,0,0,0,0,-0.477789,0.00963897,0.208515,0.108402,0.726658,0.445673,0.523274,0.215551,nan,nan,nan,nan,nan,nan,nan,nan
8.83291,-0.15322,0.156542,-0.954484,0.016774,0.028094,-0.037174,-0.0344221,-0.0322468,-0.0234196,-0.034865,0.00912038,0.0130005,nan,nan,nan,nan,nan,nan,nan,nan,nan,nan,nan,nan,nan,nan,nan,-0.0504075,-0.0101002,0.0634248,0,0,-0.478391,0.00673143,-0.00424002,-1,-0.000674282,Idle,,nan,nan,nan,nan,0,0,0,0,0,-0.478391,0.0151931,0.20675,0.108124,0.721807,0.451174,0.526833,0.213752,nan,nan,nan,nan,nan,nan,nan,nan
8.84095,-0.152925,0.15716,-0.955014,0.0207827,0.0252922,-0.0435631,-0.0344747,-0.0322991,-0.0233242,-0.00647719,-0.00606674,0.010663,nan,nan,nan,nan,nan,nan,nan,nan,nan,nan,nan,nan,nan,nan,nan,-0.0504075,-0.0101002,0.0634248,0,0,-0.478391,0.00673143,-0.00424002,-1,-0.000674282,Idle,,nan,nan,nan,nan,0,0,0,0,0,-0.479592,0.00103747,0.213717,0.107783,0.737604,0.437097,0.523289,0.220379,nan,nan,nan,nan,nan,nan,nan,nan
8.85471,-0.152611,0.157813,-0.955532,0.018033,0.0216172,-0.0438369,-0.0344209,-0.032564,-0.0231411,0.00569891,-0.0302473,0.0197482,nan,nan,nan,nan,nan,nan,nan,nan,nan,nan,nan,nan,nan,nan,nan,-0.0554498,-0.0029369,0.0628908,0,0,-0.477935,0.00673143,-0.00424002,-1,-0.000674282,Idle,,nan,nan,nan,nan,0,0,0,0,0,-0.478124,0.0119658,0.208333,0.107444,0.724262,0.446824,0.526083,0.215327,nan,nan,nan,nan,nan,nan,nan,nan
8.86215,-0.152305,0.158456,-0.956029,0.0233663,0.0290066,-0.0387724,-0.0347277,-0.0325848,-0.0229583,-0.0344711,-0.00292594,0.0205463,nan,nan,nan,nan,nan,nan,nan,nan,nan,nan,nan,nan,nan,nan,nan,-0.0554498,-0.0029369,0.0628908,0,0,-0.477935,0.00673143,-0.00424002,-1,-0.000674282,Idle,,nan,nan,nan,nan,0,0,0,0,0,-0.477935,0.00768838,0.214115,0.107245,0.730987,0.439323,0.527154,0.214275,nan,nan,nan,nan,nan,nan,nan,nan
8.87373,-0.151965,0.159085,-0.956583,0.0214055,0.0248897,-0.0363171,-0.0348766,-0.0322642,-0.0228871,-0.0172683,0.0354983,0.00944039,nan,nan,nan,nan,nan,nan,nan,nan,nan,nan,nan,nan,nan,nan,nan,-0.0639457,0.00588789,0.0622086,0,0,-0.479234,0.00673143,-0.00424002,-1,-0.000674282,Idle,,nan,nan,nan,nan,0,0,0,0,0,-0.479234,0.0101603,0.213664,0.107046,0.73002,0.44249,0.53008,0.214345,nan,nan,nan,nan,nan,nan,nan,nan
8.88052,-0.151651,0.159734,-0.957069,0.0225664,0.0297308,-0.043598,-0.0347814,-0.0322811,-0.0228428,0.00982681,-0.00196177,0.0051235,nan,nan,nan,nan,nan,nan,nan,nan,nan,nan,nan,nan,nan,nan,nan,-0.0639457,0.00588789,0.0622086,0,0,-0.479234,0.00673143,-0.00424002,-1,-0.000674282,Idle,,nan,nan,nan,nan,0,0,0,0,0,-0.477803,0.00709525,0.212725,0.106936,0.729984,0.439446,0.52593,0.215854,nan,nan,nan,nan,nan,nan,nan,nan
8.89183,-0.151323,0.160409,-0.957568,0.0251037,0.0306387,-0.0391296,-0.0348671,-0.0324527,-0.0227368,-0.010036,-0.0193093,0.0113291,nan,nan,nan,nan,nan,nan,nan,nan,nan,nan,nan,nan,nan,nan,nan,-0.0774907,0.0138471,0.0621443,0,0,-0.478565,0.00673143,-0.00424002,-1,-0.000674282,Idle,,nan,nan,nan,nan,0,0,0,0,0,-0.478565,0.00406675,0.219729,0.106854,0.729984,0.439446,0.52593,0.215854,nan,nan,nan,nan,nan,nan,nan,nan
8.89804,-0.150652,0.161625,-0.958514,0.0221371,0.0260921,-0.0372504,-0.0356557,-0.0323299,-0.0225713,-0.0330754,-0.00448544,0.00576568,nan,nan,nan,nan,nan,nan,nan,nan,nan,nan,nan,nan,nan,nan,nan,-0.0774907,0.0138471,0.0621443,0,0,-0.478565,0.00673143,-0.00424002,-1,-0.000674282,Idle,,nan,nan,nan,nan,0,0,0,0,0,-0.478565,0.00406675,0.219729,0.106854,0.737756,0.433031,0.529582,0.213889,nan,nan,nan,nan,nan,nan,nan,nan
8.91097,-0.150261,0.162382,-0.958988,0.0219918,0.028787,-0.0408685,-0.0357144,-0.0325659,-0.0223293,-0.00652462,-0.0271193,0.0261907,nan,nan,nan,nan,nan,nan,nan,nan,nan,nan,nan,nan,nan,nan,nan,-0.0593544,0.0013304,0.0607127,0,0,-0.478704,0.00673143,-0.00424002,-1,-0.000674282,Idle,,nan,nan,nan,nan,0,0,0,0,0,-0.479845,0.0148136,0.213369,0.106753,0.726839,0.446308,0.534065,0.212167,nan,nan,nan,nan,nan,nan,nan,nan
8.91783,-0.149862,0.163177,-0.959476,0.0251928,0.0328966,-0.0363564,-0.0362775,-0.0325579,-0.0221007,-0.0630183,0.000176432,0.0257189,nan,nan,nan,nan,nan,nan,nan,nan,nan,nan,nan,nan,nan,nan,nan,-0.0593544,0.0013304,0.0607127,0,0,-0.478704,0.00673143,-0.00424002,-1,-0.000674282,Idle,,nan,nan,nan,nan,0,0,0,0,0,-0.478704,0.0121115,0.214813,0.106593,0.72847,0.442074,0.532195,0.212075,nan,nan,nan,nan,nan,nan,nan,nan
8.93456,-0.149457,0.163933,-0.959958,0.0275275,0.0365726,-0.0302868,-0.0369893,-0.0323114,-0.0219347,-0.0793632,0.0268107,0.019601,nan,nan,nan,nan,nan,nan,nan,nan,nan,nan,nan,nan,nan,nan,nan,-0.0762721,0.00962709,0.0598984,0,0,-0.478801,0.00673143,-0.00424002,-1,-0.000674282,Idle,,nan,nan,nan,nan,0,0,0,0,0,-0.478801,0.0110833,0.214424,0.105985,0.728411,0.44111,0.531899,0.213783,nan,nan,nan,nan,nan,nan,nan,nan
8.94055,-0.149054,0.164647,-0.960412,0.0278872,0.029505,-0.0346911,-0.0373562,-0.0322542,-0.0217602,-0.0415158,0.00587266,0.019974,nan,nan,nan,nan,nan,nan,nan,nan,nan,nan,nan,nan,nan,nan,nan,-0.0762721,0.00962709,0.0598984,0,0,-0.478801,0.00673143,-0.00424002,-1,-0.000674282,Idle,,nan,nan,nan,nan,0,0,0,0,0,-0.479944,0.0108956,0.216289,0.105621,0.730643,0.44044,0.53459,0.214105,nan,nan,nan,nan,nan,nan,nan,nan
8.9509,-0.148652,0.165396,-0.96086,0.026758,0.0303959,-0.0376353,-0.0375687,-0.0322231,-0.0214647,-0.0236627,0.0024258,0.0332101,nan,nan,nan,nan,nan,nan,nan,nan,nan,nan,nan,nan,nan,nan,nan,-0.0607744,0.00787265,0.0583175,0,0,-0.478224,0.00673143,-0.00424002,-1,-0.000674282,Idle,,nan,nan,nan,nan,0,0,0,0,0,-0.479944,0.0108956,0.216289,0.105621,0.730643,0.44044,0.53459,0.214105,nan,nan,nan,nan,nan,nan,nan,nan
8.96106,-0.148232,0.166177,-0.961327,0.0311669,0.0397756,-0.0348694,-0.0382612,-0.031952,-0.0212392,-0.0773479,0.0294163,0.0264322,nan,nan,nan,nan,nan,nan,nan,nan,nan,nan,nan,nan,nan,nan,nan,-0.0607744,0.00787265,0.0583175,0,0,-0.478224,0.00673143,-0.00424002,-1,-0.000674282,Idle,,nan,nan,nan,nan,0,0,0,0,0,-0.478834,0.00940005,0.221082,0.104896,0.733254,0.434157,0.536536,0.21139,nan,nan,nan,nan,nan,nan,nan,nan
8.97403,-0.147815,0.166933,-0.961793,0.0284836,0.0398305,-0.0313396,-0.0388935,-0.03165,-0.0210304,-0.0706912,0.0328995,0.0247313,nan,nan,nan,nan,nan,nan,nan,nan,nan,nan,nan,nan,nan,nan,nan,-0.0820663,0.0094997,0.0567518,0,0,-0.479446,0.00673143,-0.00424002,-1,-0.000674282,Idle,,nan,nan,nan,nan,0,0,0,0,0,-0.479446,0.0111015,0.212105,0.104486,0.725905,0.44191,0.532416,0.217554,nan,nan,nan,nan,nan,nan,nan,nan
8.98062,-0.146968,0.1684,-0.962654,0.0276894,0.0280266,-0.0362346,-0.0396272,-0.0318821,-0.0204413,-0.0554458,-0.0213595,0.037886,nan,nan,nan,nan,nan,nan,nan,nan,nan,nan,nan,nan,nan,nan,nan,-0.0820663,0.0094997,0.0567518,0,0,-0.479446,0.00673143,-0.00424002,-1,-0.000674282,Idle,,nan,nan,nan,nan,0,0,0,0,0,-0.479446,0.0111015,0.212105,0.104486,0.725905,0.44191,0.532416,0.217554,nan,nan,nan,nan,nan,nan,nan,nan
8.99168,-0.146511,0.169173,-0.963153,0.0285793,0.04106,-0.0291281,-0.0404133,-0.0317734,-0.0201198,-0.0873678,0.0108683,0.0364276,nan,nan,nan,nan,nan,nan,nan,nan,nan,nan,nan,nan,nan,nan,nan,-0.0434421,0.00570509,0.0546724,0,0,-0.478115,0.00673143,-0.00424002,-1,-0.000674282,Idle,,nan,nan,nan,nan,0,0,0,0,0,-0.478527,0.0156174,0.218435,0.104126,0.725909,0.439348,0.539524,0.209327,nan,nan,nan,nan,nan,nan,nan,nan
9.00087,-0.14608,0.169906,-0.963588,0.0295915,0.0313712,-0.0356138,-0.0409673,-0.0316368,-0.0198705,-0.0617358,0.0142577,0.0285097,nan,nan,nan,nan,nan,nan,nan,nan,nan,nan,nan,nan,nan,nan,nan,-0.0434421,0.00570509,0.0546724,0,0,-0.478115,0.00673143,-0.00424002,-1,-0.000674282,Idle,,nan,nan,nan,nan,0,0,0,0,0,-0.479691,0.0108885,0.215448,0.103369,0.727548,0.438524,0.535988,0.216704,nan,nan,nan,nan,nan,nan,nan,nan
9.01504,-0.145611,0.170748,-0.963954,0.029978,0.0317359,-0.0354663,-0.0411691,-0.0318937,-0.0195498,-0.0222431,-0.0298525,0.0346526,nan,nan,nan,nan,nan,nan,nan,nan,nan,nan,nan,nan,nan,nan,nan,-0.049592,0.0113082,0.0532746,0,0,-0.478102,0.00673143,-0.00424002,-1,-0.000674282,Idle,,nan,nan,nan,nan,0,0,0,0,0,-0.478102,0.0108253,0.220149,0.102989,0.728948,0.433186,0.538057,0.212215,nan,nan,nan,nan,nan,nan,nan,nan
9.02334,-0.145137,0.171592,-0.964313,0.0339569,0.0438601,-0.0260858,-0.0417318,-0.0318642,-0.0191778,-0.062141,0.00182818,0.0415302,nan,nan,nan,nan,nan,nan,nan,nan,nan,nan,nan,nan,nan,nan,nan,-0.049592,0.0113082,0.0532746,0,0,-0.478102,0.00673143,-0.00424002,-1,-0.000674282,Idle,,nan,nan,nan,nan,0,0,0,0,0,-0.47808,0.0193296,0.216094,0.102694,0.71975,0.441748,0.541478,0.209341,nan,nan,nan,nan,nan,nan,nan,nan
9.03426,-0.144651,0.17243,-0.964676,0.0346781,0.0451063,-0.0261355,-0.0422565,-0.031629,-0.0189447,-0.0589947,0.0254765,0.0273973,nan,nan,nan,nan,nan,nan,nan,nan,nan,nan,nan,nan,nan,nan,nan,-0.0859962,0.0220879,0.0515876,0,0,-0.480005,0.00673143,-0.00424002,-1,-0.000674282,Idle,,nan,nan,nan,nan,0,0,0,0,0,-0.480084,0.00267708,0.22599,0.102401,0.740235,0.424688,0.538993,0.216421,nan,nan,nan,nan,nan,nan,nan,nan
9.04143,-0.144163,0.173244,-0.965039,0.0359697,0.0351085,-0.0334651,-0.0424748,-0.0316359,-0.0187401,-0.024653,-0.00147484,0.0229444,nan,nan,nan,nan,nan,nan,nan,nan,nan,nan,nan,nan,nan,nan,nan,-0.0859962,0.0220879,0.0515876,0,0,-0.480005,0.00673143,-0.00424002,-1,-0.000674282,Idle,,nan,nan,nan,nan,0,0,0,0,0,-0.478257,0.0153524,0.219415,0.102144,0.724539,0.436216,0.54174,0.210534,nan,nan,nan,nan,nan,nan,nan,nan
9.05332,-0.143671,0.174064,-0.96539,0.0329793,0.0329238,-0.0332035,-0.0426373,-0.031929,-0.0184244,-0.0180176,-0.0338459,0.0339363,nan,nan,nan,nan,nan,nan,nan,nan,nan,nan,nan,nan,nan,nan,nan,-0.0432384,0.0132135,0.0497504,0,0,-0.478249,0.00673143,-0.00424002,-1,-0.000674282,Idle,,nan,nan,nan,nan,0,0,0,0,0,-0.478249,0.0182454,0.221628,0.101958,0.723863,0.436502,0.545528,0.207102,nan,nan,nan,nan,nan,nan,nan,nan
9.06064,-0.143173,0.174896,-0.965735,0.0330994,0.04183,-0.0258877,-0.0433464,-0.0319945,-0.0180923,-0.0787968,-0.00861134,0.0368212,nan,nan,nan,nan,nan,nan,nan,nan,nan,nan,nan,nan,nan,nan,nan,-0.0432384,0.0132135,0.0497504,0,0,-0.478249,0.00673143,-0.00424002,-1,-0.000674282,Idle,,nan,nan,nan,nan,0,0,0,0,0,-0.479824,0.0139101,0.221129,0.101685,0.727879,0.435092,0.543956,0.212369,nan,nan,nan,nan,nan,nan,nan,nan
9.07244,-0.142153,0.176482,-0.966417,0.0357151,0.0328458,-0.0323512,-0.0442056,-0.0319677,-0.017574,-0.0320889,-0.0163416,0.0298227,nan,nan,nan,nan,nan,nan,nan,nan,nan,nan,nan,nan,nan,nan,nan,-0.0693282,0.0212288,0.0481695,0,0,-0.479657,0.00673143,-0.00424002,-1,-0.000674282,Idle,,nan,nan,nan,nan,0,0,0,0,0,-0.479824,0.0139101,0.221129,0.101685,0.727879,0.435092,0.543956,0.212369,nan,nan,nan,nan,nan,nan,nan,nan
9.07988,-0.141664,0.177275,-0.966755,0.0316061,0.0318686,-0.0335453,-0.0445515,-0.0320137,-0.01721,-0.0381732,-0.00666841,0.0404335,nan,nan,nan,nan,nan,nan,nan,nan,nan,nan,nan,nan,nan,nan,nan,-0.0693282,0.0212288,0.0481695,0,0,-0.479657,0.00673143,-0.00424002,-1,-0.000674282,Idle,,nan,nan,nan,nan,0,0,0,0,0,-0.479657,0.0139169,0.216264,0.101392,0.723974,0.438077,0.540648,0.215928,nan,nan,nan,nan,nan,nan,nan,nan
9.09424,-0.141158,0.178078,-0.967105,0.035322,0.0454119,-0.0250336,-0.0452516,-0.0317657,-0.0169168,-0.0778493,0.026385,0.0340323,nan,nan,nan,nan,nan,nan,nan,nan,nan,nan,nan,nan,nan,nan,nan,-0.0355105,0.00564146,0.0457177,0,0,-0.477956,0.00673143,-0.00424002,-1,-0.000674282,Idle,,nan,nan,nan,nan,0,0,0,0,0,-0.477956,0.0194867,0.210978,0.100978,0.714183,0.443638,0.539565,0.214437,nan,nan,nan,nan,nan,nan,nan,nan
9.10108,-0.140654,0.178869,-0.96744,0.0393945,0.045079,-0.021037,-0.0457235,-0.0311561,-0.0167174,-0.0527447,0.067048,0.0254354,nan,nan,nan,nan,nan,nan,nan,nan,nan,nan,nan,nan,nan,nan,nan,-0.0355105,0.00564146,0.0457177,0,0,-0.477956,0.00673143,-0.00424002,-1,-0.000674282,Idle,,nan,nan,nan,nan,0,0,0,0,0,-0.479833,0.00476042,0.209468,0.100801,0.725227,0.435993,0.530137,0.227973,nan,nan,nan,nan,nan,nan,nan,nan
9.111,-0.14009,0.179666,-0.967811,0.0378313,0.0310636,-0.0281409,-0.0458865,-0.0309299,-0.0164752,-0.0180766,0.0240413,0.0281,nan,nan,nan,nan,nan,nan,nan,nan,nan,nan,nan,nan,nan,nan,nan,-0.0725185,0.0257411,0.0453019,0,0,-0.480486,0.00673143,-0.00424002,-1,-0.000674282,Idle,,nan,nan,nan,nan,0,0,0,0,0,-0.479833,0.00476042,0.209468,0.100801,0.725227,0.435993,0.530137,0.227973,nan,nan,nan,nan,nan,nan,nan,nan
9.1205,-0.139547,0.180478,-0.968061,0.0404052,0.0454614,-0.0266021,-0.0460342,-0.0305335,-0.0161468,-0.0162474,0.0428735,0.0389135,nan,nan,nan,nan,nan,nan,nan,nan,nan,nan,nan,nan,nan,nan,nan,-0.0725185,0.0257411,0.0453019,0,0,-0.480486,0.00673143,-0.00424002,-1,-0.000674282,Idle,,nan,nan,nan,nan,0,0,0,0,0,-0.478739,0.0169371,0.205889,0.10044,0.712632,0.445679,0.535485,0.22116,nan,nan,nan,nan,nan,nan,nan,nan
9.13074,-0.139004,0.181274,-0.968342,0.0385007,0.0442279,-0.024245,-0.0464802,-0.0298367,-0.0159202,-0.0498155,0.0766523,0.0289657,nan,nan,nan,nan,nan,nan,nan,nan,nan,nan,nan,nan,nan,nan,nan,-0.0682617,0.0142428,0.0430129,0,0,-0.479704,0.00673143,-0.00424002,-1,-0.000674282,Idle,,nan,nan,nan,nan,0,0,0,0,0,-0.478739,0.0169371,0.205889,0.10044,0.712632,0.445679,0.535485,0.22116,nan,nan,nan,nan,nan,nan,nan,nan
9.14038,-0.138467,0.182055,-0.968618,0.0395901,0.0382795,-0.0324459,-0.0466159,-0.0292891,-0.0157677,-0.0154918,0.0604284,0.0199745,nan,nan,nan,nan,nan,nan,nan,nan,nan,nan,nan,nan,nan,nan,nan,-0.0682617,0.0142428,0.0430129,0,0,-0.479704,0.00673143,-0.00424002,-1,-0.000674282,Idle,,nan,nan,nan,nan,0,0,0,0,0,-0.479322,0.000668576,0.216536,0.100306,0.732113,0.427095,0.532224,0.225855,nan,nan,nan,nan,nan,nan,nan,nan
9.15361,-0.137932,0.182849,-0.96888,0.0359513,0.0355153,-0.0324042,-0.0465072,-0.0291351,-0.0154883,0.012151,0.01598,0.0320323,nan,nan,nan,nan,nan,nan,nan,nan,nan,nan,nan,nan,nan,nan,nan,-0.0406036,0.000363182,0.0410269,0,0,-0.477849,0.00673143,-0.00424002,-1,-0.000674282,Idle,,nan,nan,nan,nan,0,0,0,0,0,-0.477849,0.00390881,0.211472,0.099983,0.724446,0.431171,0.529787,0.225992,nan,nan,nan,nan,nan,nan,nan,nan
9.15841,-0.136838,0.184426,-0.96942,0.0369236,0.0418625,-0.023969,-0.0469351,-0.0281469,-0.0149113,-0.0353497,0.069958,0.0349259,nan,nan,nan,nan,nan,nan,nan,nan,nan,nan,nan,nan,nan,nan,nan,-0.0406036,0.000363182,0.0410269,0,0,-0.477849,0.00673143,-0.00424002,-1,-0.000674282,Idle,,nan,nan,nan,nan,0,0,0,0,0,-0.477849,0.00390881,0.211472,0.099983,0.724446,0.431171,0.529787,0.225992,nan,nan,nan,nan,nan,nan,nan,nan
9.17126,-0.136305,0.185169,-0.969706,0.0385709,0.0362848,-0.032528,-0.0470422,-0.0278101,-0.0147044,-0.0120602,0.0366656,0.0249218,nan,nan,nan,nan,nan,nan,nan,nan,nan,nan,nan,nan,nan,nan,nan,-0.0621241,0.00112785,0.0393829,0,0,-0.479543,0.00673143,-0.00424002,-1,-0.000674282,Idle,,nan,nan,nan,nan,0,0,0,0,0,-0.479126,0.00798213,0.207009,0.099779,0.719482,0.438281,0.530992,0.227748,nan,nan,nan,nan,nan,nan,nan,nan
9.18053,-0.135776,0.185931,-0.969992,0.0346231,0.0335089,-0.0333924,-0.0468992,-0.0275615,-0.014399,0.016104,0.0263322,0.0354116,nan,nan,nan,nan,nan,nan,nan,nan,nan,nan,nan,nan,nan,nan,nan,-0.0621241,0.00112785,0.0393829,0,0,-0.479543,0.00673143,-0.00424002,-1,-0.000674282,Idle,,nan,nan,nan,nan,0,0,0,0,0,-0.477675,0.00727954,0.213834,0.0994149,0.722991,0.431142,0.534233,0.222333,nan,nan,nan,nan,nan,nan,nan,nan
9.19419,-0.135239,0.186695,-0.970269,0.0383462,0.0401281,-0.0253215,-0.0471826,-0.0271693,-0.0140906,-0.0313534,0.0422905,0.0365087,nan,nan,nan,nan,nan,nan,nan,nan,nan,nan,nan,nan,nan,nan,nan,-0.039241,-0.00797616,0.037316,0,0,-0.477449,0.00673143,-0.00424002,-1,-0.000674282,Idle,,nan,nan,nan,nan,0,0,0,0,0,-0.477449,0.0113618,0.208311,0.0992691,0.715827,0.437562,0.533136,0.223269,nan,nan,nan,nan,nan,nan,nan,nan
9.20126,-0.134683,0.187419,-0.970533,0.0453541,0.0425559,-0.0208303,-0.0473656,-0.0265133,-0.0138837,-0.0203609,0.0717755,0.0264582,nan,nan,nan,nan,nan,nan,nan,nan,nan,nan,nan,nan,nan,nan,nan,-0.039241,-0.00797616,0.037316,0,0,-0.477449,0.00673143,-0.00424002,-1,-0.000674282,Idle,,nan,nan,nan,nan,0,0,0,0,0,-0.479104,0.00272792,0.212332,0.0991311,0.726293,0.430131,0.531665,0.228327,nan,nan,nan,nan,nan,nan,nan,nan
9.21402,-0.134136,0.188114,-0.970791,0.0417054,0.0362046,-0.0265085,-0.0472977,-0.0261996,-0.0136557,0.00760233,0.0341318,0.0272938,nan,nan,nan,nan,nan,nan,nan,nan,nan,nan,nan,nan,nan,nan,nan,-0.0485406,0.00678924,0.0361468,0,0,-0.478666,0.00673143,-0.00424002,-1,-0.000674282,Idle,,nan,nan,nan,nan,0,0,0,0,0,-0.479935,0.00783488,0.221523,0.0989857,0.729866,0.42793,0.542748,0.219198,nan,nan,nan,nan,nan,nan,nan,nan
9.22172,-0.133552,0.18889,-0.970951,0.0353211,0.0339894,-0.0309094,-0.0471596,-0.0260615,-0.0133242,0.0156907,0.0138725,0.0377112,nan,nan,nan,nan,nan,nan,nan,nan,nan,nan,nan,nan,nan,nan,nan,-0.0485406,0.00678924,0.0361468,0,0,-0.478666,0.00673143,-0.00424002,-1,-0.000674282,Idle,,nan,nan,nan,nan,0,0,0,0,0,-0.477808,0.010191,0.206166,0.0987278,0.714957,0.438069,0.531693,0.226514,nan,nan,nan,nan,nan,nan,nan,nan
9.23466,-0.132978,0.189682,-0.971111,0.0379153,0.0401629,-0.0248672,-0.0475061,-0.0258453,-0.0129843,-0.0383567,0.022623,0.0391121,nan,nan,nan,nan,nan,nan,nan,nan,nan,nan,nan,nan,nan,nan,nan,-0.0655159,-0.00368425,0.033973,0,0,-0.479087,0.00673143,-0.00424002,-1,-0.000674282,Idle,,nan,nan,nan,nan,0,0,0,0,0,-0.479087,0.0112564,0.221253,0.0983752,0.725797,0.42908,0.544739,0.21673,nan,nan,nan,nan,nan,nan,nan,nan
9.24239,-0.132332,0.190466,-0.971303,0.0380281,0.0374025,-0.0251794,-0.0478989,-0.0256133,-0.0127119,-0.0436878,0.0247313,0.0316811,nan,nan,nan,nan,nan,nan,nan,nan,nan,nan,nan,nan,nan,nan,nan,-0.0655159,-0.00368425,0.033973,0,0,-0.479087,0.00673143,-0.00424002,-1,-0.000674282,Idle,,nan,nan,nan,nan,0,0,0,0,0,-0.478922,0.0137584,0.207238,0.0980141,0.713592,0.440235,0.536799,0.225063,nan,nan,nan,nan,nan,nan,nan,nan
9.25195,-0.13116,0.191961,-0.971572,0.0398293,0.0328447,-0.022239,-0.0479538,-0.0256064,-0.0118755,-0.00360035,-0.0144321,0.0521571,nan,nan,nan,nan,nan,nan,nan,nan,nan,nan,nan,nan,nan,nan,nan,-0.0381578,-0.0055195,0.0311969,0,0,-0.478096,0.00673143,-0.00424002,-1,-0.000674282,Idle,,nan,nan,nan,nan,0,0,0,0,0,-0.478922,0.0137584,0.207238,0.0980141,0.713592,0.440235,0.536799,0.225063,nan,nan,nan,nan,nan,nan,nan,nan
9.2622,-0.130565,0.192656,-0.971688,0.0371313,0.0380245,-0.0140036,-0.0485222,-0.0252888,-0.0114534,-0.0627406,0.0334101,0.0487833,nan,nan,nan,nan,nan,nan,nan,nan,nan,nan,nan,nan,nan,nan,nan,-0.0381578,-0.0055195,0.0311969,0,0,-0.478096,0.00673143,-0.00424002,-1,-0.000674282,Idle,,nan,nan,nan,nan,0,0,0,0,0,-0.479373,0.017132,0.207123,0.0970744,0.710636,0.442212,0.540492,0.224149,nan,nan,nan,nan,nan,nan,nan,nan
9.27244,-0.130018,0.193364,-0.971802,0.0381123,0.0383296,-0.0198924,-0.0487457,-0.0249325,-0.011136,-0.0246273,0.0382519,0.0373749,nan,nan,nan,nan,nan,nan,nan,nan,nan,nan,nan,nan,nan,nan,nan,-0.0629441,-0.0085966,0.0289962,0,0,-0.481133,0.00673143,-0.00424002,-1,-0.000674282,Idle,,nan,nan,nan,nan,0,0,0,0,0,-0.481133,0.0126286,0.208669,0.0967317,0.716332,0.439353,0.540503,0.228346,nan,nan,nan,nan,nan,nan,nan,nan
9.28026,-0.129461,0.194085,-0.971912,0.0387571,0.0336998,-0.02118,-0.0487326,-0.024852,-0.0107649,0.00188172,0.00727349,0.041845,nan,nan,nan,nan,nan,nan,nan,nan,nan,nan,nan,nan,nan,nan,nan,-0.0629441,-0.0085966,0.0289962,0,0,-0.481133,0.00673143,-0.00424002,-1,-0.000674282,Idle,,nan,nan,nan,nan,0,0,0,0,0,-0.479959,0.00740193,0.213756,0.0963291,0.722049,0.430483,0.539631,0.227674,nan,nan,nan,nan,nan,nan,nan,nan
9.30616,-0.128885,0.194775,-0.972003,0.042919,0.0295208,-0.0138626,-0.0489359,-0.0246605,-0.010335,-0.0219231,0.0191999,0.0487241,nan,nan,nan,nan,nan,nan,nan,nan,nan,nan,nan,nan,nan,nan,nan,-0.0666566,-0.000857334,0.0243639,0,0,-0.481197,0.00673143,-0.00424002,-1,-0.000674282,Idle,,nan,nan,nan,nan,0,0,0,0,0,-0.480896,0.00969081,0.218152,0.0957366,0.723884,0.429337,0.545886,0.224478,nan,nan,nan,nan,nan,nan,nan,nan
9.30648,-0.12829,0.195435,-0.972089,0.0427844,0.0374589,-0.00723917,-0.0494299,-0.0243469,-0.00999366,-0.0549303,0.0335059,0.0400105,nan,nan,nan,nan,nan,nan,nan,nan,nan,nan,nan,nan,nan,nan,nan,-0.0666566,-0.000857334,0.0243639,0,0,-0.481197,0.00673143,-0.00424002,-1,-0.000674282,Idle,,nan,nan,nan,nan,0,0,0,0,0,-0.480896,0.00969081,0.218152,0.0957366,0.723884,0.429337,0.545886,0.224478,nan,nan,nan,nan,nan,nan,nan,nan
9.3132,-0.127724,0.196102,-0.972169,0.0407748,0.0390101,-0.0136816,-0.0496808,-0.0241271,-0.0096561,-0.0275613,0.0228995,0.0388717,nan,nan,nan,nan,nan,nan,nan,nan,nan,nan,nan,nan,nan,nan,nan,-0.0666566,-0.000857334,0.0243639,0,0,-0.481197,0.00673143,-0.00424002,-1,-0.000674282,Idle,,nan,nan,nan,nan,0,0,0,0,0,-0.481197,0.0125547,0.216135,0.0953601,0.720356,0.432714,0.547162,0.224557,nan,nan,nan,nan,nan,nan,nan,nan
9.32065,-0.127137,0.196863,-0.972147,0.0353992,0.0281408,-0.0169712,-0.0496393,-0.0244652,-0.00923852,0.00524527,-0.0396007,0.0446819,nan,nan,nan,nan,nan,nan,nan,nan,nan,nan,nan,nan,nan,nan,nan,-0.0666566,-0.000857334,0.0243639,0,0,-0.481197,0.00673143,-0.00424002,-1,-0.000674282,Idle,,nan,nan,nan,nan,0,0,0,0,0,-0.480366,0.00773335,0.211702,0.0949676,0.719408,0.431216,0.540182,0.23066,nan,nan,nan,nan,nan,nan,nan,nan
9.33079,-0.126542,0.197583,-0.972108,0.0371006,0.0223899,-0.0131387,-0.0499669,-0.0244678,-0.0087388,-0.0357894,-0.00266643,0.0557107,nan,nan,nan,nan,nan,nan,nan,nan,nan,nan,nan,nan,nan,nan,nan,-0.0194913,-0.00913735,0.021974,0,0,-0.481027,0.00673143,-0.00424002,-1,-0.000674282,Idle,,nan,nan,nan,nan,0,0,0,0,0,-0.480366,0.00773335,0.211702,0.0949676,0.719408,0.431216,0.540182,0.23066,nan,nan,nan,nan,nan,nan,nan,nan
9.33794,-0.125327,0.198963,-0.972036,0.0394484,0.0375923,-0.00909564,-0.0509272,-0.0245326,-0.00802472,-0.0470068,-0.00386623,0.0367106,nan,nan,nan,nan,nan,nan,nan,nan,nan,nan,nan,nan,nan,nan,nan,-0.0194913,-0.00913735,0.021974,0,0,-0.481027,0.00673143,-0.00424002,-1,-0.000674282,Idle,,nan,nan,nan,nan,0,0,0,0,0,-0.481027,0.0162436,0.221588,0.094596,0.720669,0.430532,0.554218,0.218688,nan,nan,nan,nan,nan,nan,nan,nan
9.35081,-0.124732,0.199681,-0.971999,0.0372595,0.0271887,-0.0112755,-0.0510238,-0.0248909,-0.00757485,-0.0101163,-0.0420309,0.048132,nan,nan,nan,nan,nan,nan,nan,nan,nan,nan,nan,nan,nan,nan,nan,-0.0675369,0.0013069,0.0194105,0,0,-0.482219,0.00673143,-0.00424002,-1,-0.000674282,Idle,,nan,nan,nan,nan,0,0,0,0,0,-0.482592,0.0186785,0.21475,0.0942578,0.71534,0.438316,0.553009,0.223703,nan,nan,nan,nan,nan,nan,nan,nan
9.35777,-0.124085,0.200406,-0.971974,0.0396966,0.037994,-0.00495781,-0.0516471,-0.0251708,-0.00708715,-0.0686249,-0.0335397,0.0527617,nan,nan,nan,nan,nan,nan,nan,nan,nan,nan,nan,nan,nan,nan,nan,-0.0675369,0.0013069,0.0194105,0,0,-0.482219,0.00673143,-0.00424002,-1,-0.000674282,Idle,,nan,nan,nan,nan,0,0,0,0,0,-0.482219,0.00742727,0.216987,0.0939891,0.724235,0.428137,0.546529,0.229974,nan,nan,nan,nan,nan,nan,nan,nan
9.37371,-0.123505,0.201072,-0.971934,0.040642,0.0345766,-0.0022787,-0.0521264,-0.0248547,-0.00672831,-0.0529378,0.0334396,0.0418577,nan,nan,nan,nan,nan,nan,nan,nan,nan,nan,nan,nan,nan,nan,nan,-0.0667846,0.00331176,0.0171231,0,0,-0.483099,0.00673143,-0.00424002,-1,-0.000674282,Idle,,nan,nan,nan,nan,0,0,0,0,0,-0.483099,0.00849071,0.215129,0.0932481,0.722309,0.430342,0.547589,0.232157,nan,nan,nan,nan,nan,nan,nan,nan
9.38054,-0.122908,0.201726,-0.971887,0.0421992,0.0252125,-0.00783318,-0.0524618,-0.0250297,-0.00633787,-0.0366207,-0.0212639,0.0423025,nan,nan,nan,nan,nan,nan,nan,nan,nan,nan,nan,nan,nan,nan,nan,-0.0667846,0.00331176,0.0171231,0,0,-0.483099,0.00673143,-0.00424002,-1,-0.000674282,Idle,,nan,nan,nan,nan,0,0,0,0,0,-0.483545,0.0108611,0.223187,0.0928561,0.726386,0.426374,0.555798,0.225624,nan,nan,nan,nan,nan,nan,nan,nan
9.39084,-0.122328,0.202371,-0.971834,0.0400266,0.0253886,-0.00848207,-0.0524058,-0.0252212,-0.00587467,0.00704326,-0.0237823,0.050769,nan,nan,nan,nan,nan,nan,nan,nan,nan,nan,nan,nan,nan,nan,nan,-0.0292218,0.0038694,0.014026,0,0,-0.482232,0.00673143,-0.00424002,-1,-0.000674282,Idle,,nan,nan,nan,nan,0,0,0,0,0,-0.483545,0.0108611,0.223187,0.0928561,0.726386,0.426374,0.555798,0.225624,nan,nan,nan,nan,nan,nan,nan,nan
9.40299,-0.121127,0.203753,-0.971686,0.0385365,0.0310525,-0.0023513,-0.0534438,-0.0251851,-0.00500104,-0.0562887,0.0136901,0.0413631,nan,nan,nan,nan,nan,nan,nan,nan,nan,nan,nan,nan,nan,nan,nan,-0.0292218,0.0038694,0.014026,0,0,-0.482232,0.00673143,-0.00424002,-1,-0.000674282,Idle,,nan,nan,nan,nan,0,0,0,0,0,-0.48362,0.00517576,0.223539,0.0920631,0.729936,0.421387,0.552893,0.230263,nan,nan,nan,nan,nan,nan,nan,nan
9.41509,-0.120487,0.204447,-0.971543,0.0408902,0.021378,-0.00731657,-0.0536207,-0.0255428,-0.00458132,-0.0192351,-0.0418216,0.0446598,nan,nan,nan,nan,nan,nan,nan,nan,nan,nan,nan,nan,nan,nan,nan,-0.0467817,0.00286892,0.0113995,0,0,-0.483661,0.00673143,-0.00424002,-1,-0.000674282,Idle,,nan,nan,nan,nan,0,0,0,0,0,-0.483661,0.0146293,0.214993,0.0916873,0.716874,0.433779,0.553954,0.230035,nan,nan,nan,nan,nan,nan,nan,nan
9.41877,-0.119852,0.205129,-0.971376,0.0356549,0.0174464,-0.00569002,-0.0538176,-0.0258913,-0.00410739,-0.0211691,-0.0409403,0.0504655,nan,nan,nan,nan,nan,nan,nan,nan,nan,nan,nan,nan,nan,nan,nan,-0.0467817,0.00286892,0.0113995,0,0,-0.483661,0.00673143,-0.00424002,-1,-0.000674282,Idle,,nan,nan,nan,nan,0,0,0,0,0,-0.483661,0.0146293,0.214993,0.0916873,0.716874,0.433779,0.553954,0.230035,nan,nan,nan,nan,nan,nan,nan,nan
9.43159,-0.119232,0.205814,-0.971235,0.037075,0.0289641,-0.00268456,-0.0545204,-0.0260645,-0.00366937,-0.078097,-0.0215716,0.0480173,nan,nan,nan,nan,nan,nan,nan,nan,nan,nan,nan,nan,nan,nan,nan,-0.00899267,-0.00350071,0.00826006,0,0,-0.482885,0.00673143,-0.00424002,-1,-0.000674282,Idle,,nan,nan,nan,nan,0,0,0,0,0,-0.482506,0.0146987,0.22173,0.0913793,0.720127,0.427602,0.557919,0.224377,nan,nan,nan,nan,nan,nan,nan,nan
9.44075,-0.118626,0.206494,-0.97111,0.0380705,0.0328701,-0.00139644,-0.0552553,-0.0260633,-0.00332377,-0.081508,-0.00155639,0.0385385,nan,nan,nan,nan,nan,nan,nan,nan,nan,nan,nan,nan,nan,nan,nan,-0.00899267,-0.00350071,0.00826006,0,0,-0.482885,0.00673143,-0.00424002,-1,-0.000674282,Idle,,nan,nan,nan,nan,0,0,0,0,0,-0.483811,0.0206355,0.217119,0.090851,0.713444,0.435838,0.56069,0.225273,nan,nan,nan,nan,nan,nan,nan,nan
9.45544,-0.118015,0.207129,-0.970978,0.0399775,0.0204614,-0.00333505,-0.055562,-0.0264891,-0.00287698,-0.0335066,-0.0496779,0.0471486,nan,nan,nan,nan,nan,nan,nan,nan,nan,nan,nan,nan,nan,nan,nan,-0.0571592,0.00929389,0.00658817,0,0,-0.484191,0.00673143,-0.00424002,-1,-0.000674282,Idle,,nan,nan,nan,nan,0,0,0,0,0,-0.484191,0.0102271,0.225165,0.0905107,0.726533,0.422827,0.559737,0.227666,nan,nan,nan,nan,nan,nan,nan,nan
9.46226,-0.117395,0.207749,-0.970822,0.0415361,0.0149608,-0.00242749,-0.0559333,-0.0267661,-0.00233508,-0.0403704,-0.0337488,0.0586213,nan,nan,nan,nan,nan,nan,nan,nan,nan,nan,nan,nan,nan,nan,nan,-0.0571592,0.00929389,0.00658817,0,0,-0.484191,0.00673143,-0.00424002,-1,-0.000674282,Idle,,nan,nan,nan,nan,0,0,0,0,0,-0.483534,0.0224845,0.223167,0.0901413,0.715427,0.431882,0.566704,0.220123,nan,nan,nan,nan,nan,nan,nan,nan
9.47436,-0.116756,0.208374,-0.970683,0.0458224,0.0271832,0.0012287,-0.0566775,-0.0268541,-0.00189345,-0.0817669,-0.0120849,0.0483902,nan,nan,nan,nan,nan,nan,nan,nan,nan,nan,nan,nan,nan,nan,nan,-0.0458819,0.0340858,0.00443751,0,0,-0.484739,0.00673143,-0.00424002,-1,-0.000674282,Idle,,nan,nan,nan,nan,0,0,0,0,0,-0.483672,0.0143325,0.224732,0.0897613,0.722057,0.424768,0.562565,0.225299,nan,nan,nan,nan,nan,nan,nan,nan
9.48089,-0.116055,0.20899,-0.970572,0.0462633,0.021093,-0.000562897,-0.0570252,-0.0268047,-0.00149163,-0.0383279,0.00335093,0.0453097,nan,nan,nan,nan,nan,nan,nan,nan,nan,nan,nan,nan,nan,nan,nan,-0.0458819,0.0340858,0.00443751,0,0,-0.484739,0.00673143,-0.00424002,-1,-0.000674282,Idle,,nan,nan,nan,nan,0,0,0,0,0,-0.483672,0.0143325,0.224732,0.0897613,0.722057,0.424768,0.562565,0.225299,nan,nan,nan,nan,nan,nan,nan,nan
9.49334,-0.115419,0.209578,-0.970441,0.0421352,0.0171489,-0.00588126,-0.0570754,-0.0271422,-0.00105467,-0.00487823,-0.0399161,0.0465231,nan,nan,nan,nan,nan,nan,nan,nan,nan,nan,nan,nan,nan,nan,nan,-0.0136943,0.01909,0.00100068,0,0,-0.483262,0.00673143,-0.00424002,-1,-0.000674282,Idle,,nan,nan,nan,nan,0,0,0,0,0,-0.483262,0.0176967,0.216075,0.0890786,0.712464,0.432176,0.559097,0.229311,nan,nan,nan,nan,nan,nan,nan,nan
9.5005,-0.114805,0.210179,-0.970333,0.0414307,0.024559,-0.00308019,-0.0572761,-0.0275455,-0.000571419,-0.021449,-0.0475171,0.0512252,nan,nan,nan,nan,nan,nan,nan,nan,nan,nan,nan,nan,nan,nan,nan,-0.0136943,0.01909,0.00100068,0,0,-0.483262,0.00673143,-0.00424002,-1,-0.000674282,Idle,,nan,nan,nan,nan,0,0,0,0,0,-0.484063,0.00729898,0.220905,0.0887587,0.723712,0.421889,0.556278,0.234371,nan,nan,nan,nan,nan,nan,nan,nan
9.51275,-0.113539,0.211355,-0.970076,0.042831,0.0155276,-0.00586199,-0.0579569,-0.0274584,0.000259949,-0.0234947,0.0032551,0.0385909,nan,nan,nan,nan,nan,nan,nan,nan,nan,nan,nan,nan,nan,nan,nan,-0.0304857,0.0225977,-0.00164214,0,0,-0.484664,0.00673143,-0.00424002,-1,-0.000674282,Idle,,nan,nan,nan,nan,0,0,0,0,0,-0.484063,0.00729898,0.220905,0.0887587,0.723712,0.421889,0.556278,0.234371,nan,nan,nan,nan,nan,nan,nan,nan
9.51941,-0.11285,0.211988,-0.969898,0.039998,0.00921841,-0.00858934,-0.057888,-0.0276037,0.000709852,0.00828109,-0.0185989,0.0494341,nan,nan,nan,nan,nan,nan,nan,nan,nan,nan,nan,nan,nan,nan,nan,-0.0304857,0.0225977,-0.00164214,0,0,-0.484664,0.00673143,-0.00424002,-1,-0.000674282,Idle,,nan,nan,nan,nan,0,0,0,0,0,-0.484664,0.0124328,0.215633,0.0883688,0.716565,0.429459,0.557173,0.235459,nan,nan,nan,nan,nan,nan,nan,nan
9.5333,-0.112152,0.212609,-0.96973,0.0424497,0.0122317,-0.00513227,-0.0580662,-0.0276858,0.00119914,-0.0191383,-0.0117558,0.0539658,nan,nan,nan,nan,nan,nan,nan,nan,nan,nan,nan,nan,nan,nan,nan,0.0028683,0.0159183,-0.00460903,0,0,-0.482841,0.00673143,-0.00424002,-1,-0.000674282,Idle,,nan,nan,nan,nan,0,0,0,0,0,-0.482841,0.0149521,0.216784,0.0877071,0.713114,0.427941,0.558608,0.231701,nan,nan,nan,nan,nan,nan,nan,nan
9.54135,-0.11146,0.213168,-0.969567,0.0409539,0.015709,0.00245219,-0.0585529,-0.0274668,0.001603,-0.0537332,0.0222465,0.046414,nan,nan,nan,nan,nan,nan,nan,nan,nan,nan,nan,nan,nan,nan,nan,0.0028683,0.0159183,-0.00460903,0,0,-0.482841,0.00673143,-0.00424002,-1,-0.000674282,Idle,,nan,nan,nan,nan,0,0,0,0,0,-0.483661,0.00947738,0.213662,0.0874352,0.715325,0.426825,0.553621,0.238871,nan,nan,nan,nan,nan,nan,nan,nan
9.55083,-0.110804,0.213738,-0.969418,0.0400483,0.0156959,-0.00665148,-0.0583578,-0.0272765,0.00196681,0.0220647,0.0192997,0.0417769,nan,nan,nan,nan,nan,nan,nan,nan,nan,nan,nan,nan,nan,nan,nan,-0.0259955,0.0190835,-0.00658398,0,0,-0.485325,0.00673143,-0.00424002,-1,-0.000674282,Idle,,nan,nan,nan,nan,0,0,0,0,0,-0.483661,0.00947738,0.213662,0.0874352,0.715325,0.426825,0.553621,0.238871,nan,nan,nan,nan,nan,nan,nan,nan
9.56026,-0.110145,0.214329,-0.969291,0.0411501,0.0122346,-0.0116906,-0.0580775,-0.0275164,0.00241043,0.0316523,-0.0288941,0.0476067,nan,nan,nan,nan,nan,nan,nan,nan,nan,nan,nan,nan,nan,nan,nan,-0.0259955,0.0190835,-0.00658398,0,0,-0.485325,0.00673143,-0.00424002,-1,-0.000674282,Idle,,nan,nan,nan,nan,0,0,0,0,0,-0.48361,0.00930533,0.21058,0.0868958,0.712678,0.428292,0.551809,0.241659,nan,nan,nan,nan,nan,nan,nan,nan
9.57032,-0.109492,0.214883,-0.969165,0.0416482,0.00884627,-0.00603468,-0.0580218,-0.0273665,0.00280044,0.00669025,0.0147281,0.044647,nan,nan,nan,nan,nan,nan,nan,nan,nan,nan,nan,nan,nan,nan,nan,-0.0127232,0.0234324,-0.00886564,0,0,-0.483676,0.00673143,-0.00424002,-1,-0.000674282,Idle,,nan,nan,nan,nan,0,0,0,0,0,-0.48361,0.00930533,0.21058,0.0868958,0.712678,0.428292,0.551809,0.241659,nan,nan,nan,nan,nan,nan,nan,nan
9.57715,-0.108817,0.215394,-0.969037,0.043981,0.0165229,0.00210882,-0.0581536,-0.0269394,0.00305404,-0.0146312,0.0463251,0.0310471,nan,nan,nan,nan,nan,nan,nan,nan,nan,nan,nan,nan,nan,nan,nan,-0.0127232,0.0234324,-0.00886564,0,0,-0.483676,0.00673143,-0.00424002,-1,-0.000674282,Idle,,nan,nan,nan,nan,0,0,0,0,0,-0.482584,0.00741762,0.215032,0.086782,0.716021,0.42267,0.55271,0.238934,nan,nan,nan,nan,nan,nan,nan,nan
9.59374,-0.108122,0.215898,-0.968899,0.0476902,0.017791,0.000327391,-0.0579863,-0.0268543,0.00328613,0.0186104,0.00844248,0.02644,nan,nan,nan,nan,nan,nan,nan,nan,nan,nan,nan,nan,nan,nan,nan,-0.0433918,0.0396756,-0.00986993,0,0,-0.485225,0.00673143,-0.00424002,-1,-0.000674282,Idle,,nan,nan,nan,nan,0,0,0,0,0,-0.485225,0.00483335,0.213129,0.0867798,0.719142,0.424828,0.552179,0.244753,nan,nan,nan,nan,nan,nan,nan,nan
9.59854,-0.106769,0.216962,-0.968537,0.0450961,0.0106996,0.00334113,-0.05739,-0.0265833,0.00392402,0.00607401,0.0224095,0.0422873,nan,nan,nan,nan,nan,nan,nan,nan,nan,nan,nan,nan,nan,nan,nan,-0.0433918,0.0396756,-0.00986993,0,0,-0.485225,0.00673143,-0.00424002,-1,-0.000674282,Idle,,nan,nan,nan,nan,0,0,0,0,0,-0.485225,0.00483335,0.213129,0.0867798,0.719142,0.424828,0.552179,0.244753,nan,nan,nan,nan,nan,nan,nan,nan
9.61131,-0.105991,0.21755,-0.968311,0.0435781,0.015048,0.00898101,-0.0574592,-0.0263093,0.00415299,-0.00772977,0.0295987,0.0274297,nan,nan,nan,nan,nan,nan,nan,nan,nan,nan,nan,nan,nan,nan,nan,-0.0265457,0.0260558,-0.0124302,0,0,-0.485825,0.00673143,-0.00424002,-1,-0.000674282,Idle,,nan,nan,nan,nan,0,0,0,0,0,-0.484935,0.00301042,0.217302,0.0868221,0.723133,0.42034,0.553507,0.242759,nan,nan,nan,nan,nan,nan,nan,nan
9.6205,-0.105241,0.218107,-0.968098,0.0432183,0.0112233,0.00200765,-0.0572377,-0.0262305,0.00438468,0.0244259,0.00800965,0.0264062,nan,nan,nan,nan,nan,nan,nan,nan,nan,nan,nan,nan,nan,nan,nan,-0.0265457,0.0260558,-0.0124302,0,0,-0.485825,0.00673143,-0.00424002,-1,-0.000674282,Idle,,nan,nan,nan,nan,0,0,0,0,0,-0.487143,0.00292937,0.210963,0.0867124,0.720806,0.426864,0.551286,0.249616,nan,nan,nan,nan,nan,nan,nan,nan
9.63508,-0.104485,0.218698,-0.967901,0.0423871,0.0061374,-0.00317511,-0.0570323,-0.026314,0.0047157,0.022945,-0.0106659,0.0364129,nan,nan,nan,nan,nan,nan,nan,nan,nan,nan,nan,nan,nan,nan,nan,-0.0319352,0.0216285,-0.0141937,0,0,-0.485756,0.00673143,-0.00424002,-1,-0.000674282,Idle,,nan,nan,nan,nan,0,0,0,0,0,-0.485756,0.013305,0.214363,0.0865884,0.714363,0.430285,0.559763,0.238612,nan,nan,nan,nan,nan,nan,nan,nan
9.64348,-0.10366,0.219316,-0.967681,0.0428494,0.0117918,0.00713967,-0.0574356,-0.0261206,0.0050204,-0.0448959,0.0202667,0.0352447,nan,nan,nan,nan,nan,nan,nan,nan,nan,nan,nan,nan,nan,nan,nan,-0.0319352,0.0216285,-0.0141937,0,0,-0.485756,0.00673143,-0.00424002,-1,-0.000674282,Idle,,nan,nan,nan,nan,0,0,0,0,0,-0.484708,0.0200823,0.211085,0.0864864,0.706104,0.436246,0.561294,0.235191,nan,nan,nan,nan,nan,nan,nan,nan
9.65434,-0.102923,0.219834,-0.967483,0.0450103,0.00772695,0.0041505,-0.0578078,-0.0256792,0.00526582,-0.041383,0.0479512,0.0300922,nan,nan,nan,nan,nan,nan,nan,nan,nan,nan,nan,nan,nan,nan,nan,-0.0251896,0.0283677,-0.0160877,0,0,-0.486339,0.00673143,-0.00424002,-1,-0.000674282,Idle,,nan,nan,nan,nan,0,0,0,0,0,-0.486963,0.0117139,0.215019,0.0863556,0.716926,0.429671,0.560541,0.240715,nan,nan,nan,nan,nan,nan,nan,nan
9.66183,-0.102171,0.220351,-0.967294,0.0435106,-0.00441044,-0.00150812,-0.0581762,-0.0255252,0.00554317,-0.0413093,0.0161008,0.0321369,nan,nan,nan,nan,nan,nan,nan,nan,nan,nan,nan,nan,nan,nan,nan,-0.0251896,0.0283677,-0.0160877,0,0,-0.486339,0.00673143,-0.00424002,-1,-0.000674282,Idle,,nan,nan,nan,nan,0,0,0,0,0,-0.485064,0.0277961,0.207565,0.0861978,0.698227,0.444257,0.564904,0.232869,nan,nan,nan,nan,nan,nan,nan,nan
9.67439,-0.101423,0.220823,-0.967087,0.0420639,-0.00736181,0.00218236,-0.0584326,-0.0255232,0.00587028,-0.0284599,-0.00120981,0.0365077,nan,nan,nan,nan,nan,nan,nan,nan,nan,nan,nan,nan,nan,nan,nan,0.0130912,0.0169008,-0.0179336,0,0,-0.485864,0.00673143,-0.00424002,-1,-0.000674282,Idle,,nan,nan,nan,nan,0,0,0,0,0,-0.485864,0.0222086,0.216156,0.0860462,0.708901,0.434879,0.567976,0.2317,nan,nan,nan,nan,nan,nan,nan,nan
9.68274,-0.100683,0.221256,-0.966887,0.043652,0.00587595,0.00967213,-0.0590517,-0.0253,0.00621213,-0.0687981,0.0232465,0.0395936,nan,nan,nan,nan,nan,nan,nan,nan,nan,nan,nan,nan,nan,nan,nan,0.0130912,0.0169008,-0.0179336,0,0,-0.485864,0.00673143,-0.00424002,-1,-0.000674282,Idle,,nan,nan,nan,nan,0,0,0,0,0,-0.487747,0.0175391,0.21772,0.0858641,0.715009,0.432173,0.567843,0.235964,nan,nan,nan,nan,nan,nan,nan,nan
9.6921,-0.0992263,0.222138,-0.966487,0.042724,-0.00790161,0.00436737,-0.0597846,-0.0249308,0.00679007,-0.0107082,-0.00297954,0.0353414,nan,nan,nan,nan,nan,nan,nan,nan,nan,nan,nan,nan,nan,nan,nan,-0.0315849,0.0231579,-0.0199071,0,0,-0.487498,0.00673143,-0.00424002,-1,-0.000674282,Idle,,nan,nan,nan,nan,0,0,0,0,0,-0.487747,0.0175391,0.21772,0.0858641,0.715009,0.432173,0.567843,0.235964,nan,nan,nan,nan,nan,nan,nan,nan
9.6967,-0.098346,0.22265,-0.966241,0.045852,-0.00854458,0.00463185,-0.0599749,-0.0251681,0.0071632,-0.0210274,-0.0283762,0.0402258,nan,nan,nan,nan,nan,nan,nan,nan,nan,nan,nan,nan,nan,nan,nan,-0.0315849,0.0231579,-0.0199071,0,0,-0.487498,0.00673143,-0.00424002,-1,-0.000674282,Idle,,nan,nan,nan,nan,0,0,0,0,0,-0.487498,0.0132185,0.215187,0.0855972,0.715757,0.430393,0.563015,0.240826,nan,nan,nan,nan,nan,nan,nan,nan
9.71223,-0.0974689,0.223132,-0.966019,0.0450155,0.00239542,0.0115488,-0.0605188,-0.0250363,0.00741418,-0.060915,0.0139726,0.0289833,nan,nan,nan,nan,nan,nan,nan,nan,nan,nan,nan,nan,nan,nan,nan,0.00861694,0.0315944,-0.0213672,0,0,-0.486692,0.00673143,-0.00424002,-1,-0.000674282,Idle,,nan,nan,nan,nan,0,0,0,0,0,-0.486692,0.0246185,0.21995,0.0852033,0.709865,0.433886,0.574031,0.228987,nan,nan,nan,nan,nan,nan,nan,nan
9.72593,-0.0966054,0.223631,-0.965801,0.0423325,0.00229215,0.0112629,-0.0607553,-0.0250465,0.00760987,-0.026806,-0.0014679,0.0218854,nan,nan,nan,nan,nan,nan,nan,nan,nan,nan,nan,nan,nan,nan,nan,0.00861694,0.0315944,-0.0213672,0,0,-0.486692,0.00673143,-0.00424002,-1,-0.000674282,Idle,,nan,nan,nan,nan,0,0,0,0,0,-0.488433,0.00784113,0.226203,0.0851842,0.727872,0.419323,0.568346,0.238192,nan,nan,nan,nan,nan,nan,nan,nan
9.73466,-0.0957538,0.224092,-0.965576,0.0421079,-0.0104308,0.00502782,-0.0606026,-0.0254038,0.0077771,0.0164703,-0.0398807,0.0163729,nan,nan,nan,nan,nan,nan,nan,nan,nan,nan,nan,nan,nan,nan,nan,0.0116028,0.0234893,-0.023173,0,0,-0.48703,0.00673143,-0.00424002,-1,-0.000674282,Idle,,nan,nan,nan,nan,0,0,0,0,0,-0.488468,0.0122296,0.221817,0.0852304,0.721748,0.425609,0.568338,0.238177,nan,nan,nan,nan,nan,nan,nan,nan
9.74079,-0.0949102,0.224522,-0.965342,0.0436443,-0.016927,0.00596276,-0.0606017,-0.025837,0.00800483,-0.00023125,-0.0484727,0.0224709,nan,nan,nan,nan,nan,nan,nan,nan,nan,nan,nan,nan,nan,nan,nan,0.0116028,0.0234893,-0.023173,0,0,-0.48703,0.00673143,-0.00424002,-1,-0.000674282,Idle,,nan,nan,nan,nan,0,0,0,0,0,-0.48703,0.0218637,0.218406,0.0853496,0.711206,0.433514,0.571184,0.232217,nan,nan,nan,nan,nan,nan,nan,nan
9.75365,-0.0940589,0.224943,-0.96512,0.0463824,-0.00413802,0.011908,-0.0610358,-0.0258272,0.008138,-0.0491809,0.00114002,0.0151412,nan,nan,nan,nan,nan,nan,nan,nan,nan,nan,nan,nan,nan,nan,nan,-0.0220449,0.0405002,-0.0232242,0,0,-0.488766,0.00673143,-0.00424002,-1,-0.000674282,Idle,,nan,nan,nan,nan,0,0,0,0,0,-0.488766,0.011193,0.228039,0.0855178,0.727466,0.421061,0.572013,0.234523,nan,nan,nan,nan,nan,nan,nan,nan
9.76056,-0.0932197,0.225354,-0.964907,0.0464393,-0.00734519,0.00978441,-0.0612753,-0.0259462,0.00820506,-0.0274156,-0.0127531,0.00683685,nan,nan,nan,nan,nan,nan,nan,nan,nan,nan,nan,nan,nan,nan,nan,-0.0220449,0.0405002,-0.0232242,0,0,-0.488766,0.00673143,-0.00424002,-1,-0.000674282,Idle,,nan,nan,nan,nan,0,0,0,0,0,-0.488355,0.0199904,0.221144,0.0857252,0.716166,0.431954,0.572743,0.232557,nan,nan,nan,nan,nan,nan,nan,nan
9.77148,-0.0923177,0.225724,-0.964655,0.0430055,-0.0176249,0.0028304,-0.0611799,-0.0262837,0.0083584,0.0101408,-0.0376304,0.0149333,nan,nan,nan,nan,nan,nan,nan,nan,nan,nan,nan,nan,nan,nan,nan,0.0191371,0.0281904,-0.0245986,0,0,-0.486887,0.00673143,-0.00424002,-1,-0.000674282,Idle,,nan,nan,nan,nan,0,0,0,0,0,-0.486887,0.0199904,0.221144,0.0857252,0.716166,0.431954,0.572743,0.232557,nan,nan,nan,nan,nan,nan,nan,nan
9.77803,-0.0906828,0.226406,-0.964248,0.0414219,-0.0120518,0.0135002,-0.0618023,-0.0263332,0.00876109,-0.0551995,0.0120725,0.0203865,nan,nan,nan,nan,nan,nan,nan,nan,nan,nan,nan,nan,nan,nan,nan,0.0191371,0.0281904,-0.0245986,0,0,-0.486887,0.00673143,-0.00424002,-1,-0.000674282,Idle,,nan,nan,nan,nan,0,0,0,0,0,-0.486887,0.0174558,0.219152,0.0858429,0.7152,0.43022,0.567958,0.234171,nan,nan,nan,nan,nan,nan,nan,nan
9.79076,-0.0898922,0.226675,-0.964052,0.0437252,-0.0183049,0.00739019,-0.0619429,-0.0261004,0.00888907,-0.0162358,0.0260242,0.0160928,nan,nan,nan,nan,nan,nan,nan,nan,nan,nan,nan,nan,nan,nan,nan,-0.00593125,0.0272601,-0.0256277,0,0,-0.489338,0.00673143,-0.00424002,-1,-0.000674282,Idle,,nan,nan,nan,nan,0,0,0,0,0,-0.488376,0.0205366,0.221916,0.0858602,0.716482,0.43195,0.57356,0.231511,nan,nan,nan,nan,nan,nan,nan,nan
9.79761,-0.0891017,0.226977,-0.963883,0.04254,-0.0229843,9.94225e-05,-0.0617861,-0.0262284,0.00912516,0.0173019,-0.014982,0.0255305,nan,nan,nan,nan,nan,nan,nan,nan,nan,nan,nan,nan,nan,nan,nan,-0.00593125,0.0272601,-0.0256277,0,0,-0.489338,0.00673143,-0.00424002,-1,-0.000674282,Idle,,nan,nan,nan,nan,0,0,0,0,0,-0.489338,0.0201528,0.21276,0.0858147,0.711195,0.439071,0.567825,0.239262,nan,nan,nan,nan,nan,nan,nan,nan
9.81465,-0.0881237,0.227402,-0.963685,0.0428842,-0.0159548,0.00748949,-0.0620862,-0.0261641,0.00938733,-0.0334817,0.00618702,0.0297525,nan,nan,nan,nan,nan,nan,nan,nan,nan,nan,nan,nan,nan,nan,nan,0.020997,0.0328441,-0.0268463,0,0,-0.486651,0.00673143,-0.00424002,-1,-0.000674282,Idle,,nan,nan,nan,nan,0,0,0,0,0,-0.486651,0.0261864,0.215959,0.0855062,0.706195,0.438078,0.571975,0.230354,nan,nan,nan,nan,nan,nan,nan,nan
9.82081,-0.0871546,0.227777,-0.963483,0.0465838,-0.0146929,0.0133987,-0.0625883,-0.0258711,0.00958438,-0.0564675,0.0324854,0.0241978,nan,nan,nan,nan,nan,nan,nan,nan,nan,nan,nan,nan,nan,nan,nan,0.020997,0.0328441,-0.0268463,0,0,-0.486651,0.00673143,-0.00424002,-1,-0.000674282,Idle,,nan,nan,nan,nan,0,0,0,0,0,-0.488369,0.0178893,0.225272,0.0853492,0.720209,0.427188,0.574564,0.231515,nan,nan,nan,nan,nan,nan,nan,nan
9.8308,-0.0861775,0.228077,-0.963284,0.0461638,-0.0207024,0.00818226,-0.0629866,-0.0256845,0.00974762,-0.0447642,0.0207487,0.0196062,nan,nan,nan,nan,nan,nan,nan,nan,nan,nan,nan,nan,nan,nan,nan,0.010302,0.0435038,-0.027775,0,0,-0.488553,0.00673143,-0.00424002,-1,-0.000674282,Idle,,nan,nan,nan,nan,0,0,0,0,0,-0.488369,0.0178893,0.225272,0.0853492,0.720209,0.427188,0.574564,0.231515,nan,nan,nan,nan,nan,nan,nan,nan
9.84086,-0.08521,0.228407,-0.9631,0.0452227,-0.0275759,0.0022007,-0.0629042,-0.0257008,0.0100376,0.00897177,-0.00261145,0.0325404,nan,nan,nan,nan,nan,nan,nan,nan,nan,nan,nan,nan,nan,nan,nan,0.010302,0.0435038,-0.027775,0,0,-0.488553,0.00673143,-0.00424002,-1,-0.000674282,Idle,,nan,nan,nan,nan,0,0,0,0,0,-0.487338,0.0229995,0.221107,0.0849216,0.712192,0.432287,0.57463,0.230241,nan,nan,nan,nan,nan,nan,nan,nan
9.85425,-0.0842506,0.228728,-0.96294,0.0488898,-0.0229103,0.00239659,-0.0632242,-0.0257339,0.010307,-0.0359232,-0.00433234,0.0299563,nan,nan,nan,nan,nan,nan,nan,nan,nan,nan,nan,nan,nan,nan,nan,0.00861614,0.0510704,-0.0286357,0,0,-0.487566,0.00673143,-0.00424002,-1,-0.000674282,Idle,,nan,nan,nan,nan,0,0,0,0,0,-0.487566,0.0145162,0.227713,0.0846757,0.722844,0.4216,0.573775,0.232045,nan,nan,nan,nan,nan,nan,nan,nan
9.85879,-0.0823956,0.229246,-0.962657,0.0456973,-0.0280221,0.00106406,-0.0635274,-0.0254965,0.0106867,-0.00019168,-0.00937884,0.0201881,nan,nan,nan,nan,nan,nan,nan,nan,nan,nan,nan,nan,nan,nan,nan,0.00861614,0.0510704,-0.0286357,0,0,-0.487566,0.00673143,-0.00424002,-1,-0.000674282,Idle,,nan,nan,nan,nan,0,0,0,0,0,-0.487566,0.0145162,0.227713,0.0846757,0.722844,0.4216,0.573775,0.232045,nan,nan,nan,nan,nan,nan,nan,nan
9.87179,-0.0814662,0.229498,-0.96252,0.046393,-0.0338245,-0.00416348,-0.063168,-0.0257797,0.0109797,0.0396621,-0.0321909,0.0306594,nan,nan,nan,nan,nan,nan,nan,nan,nan,nan,nan,nan,nan,nan,nan,0.0200472,0.0404734,-0.0309633,0,0,-0.487363,0.00673143,-0.00424002,-1,-0.000674282,Idle,,nan,nan,nan,nan,0,0,0,0,0,-0.488681,0.0140002,0.218563,0.084435,0.717613,0.42858,0.568298,0.240234,nan,nan,nan,nan,nan,nan,nan,nan
9.88183,-0.0804601,0.229684,-0.962371,0.0466196,-0.0273812,0.00610657,-0.0633475,-0.0259081,0.0112498,-0.0202922,-0.0150882,0.0294972,nan,nan,nan,nan,nan,nan,nan,nan,nan,nan,nan,nan,nan,nan,nan,0.0200472,0.0404734,-0.0309633,0,0,-0.487363,0.00673143,-0.00424002,-1,-0.000674282,Idle,,nan,nan,nan,nan,0,0,0,0,0,-0.486305,0.0176904,0.222583,0.0839589,0.714995,0.425493,0.57185,0.232881,nan,nan,nan,nan,nan,nan,nan,nan
9.89465,-0.0795458,0.229875,-0.96226,0.0486292,-0.0303904,0.00303292,-0.0635593,-0.025819,0.0114041,-0.0240949,0.00995095,0.0180151,nan,nan,nan,nan,nan,nan,nan,nan,nan,nan,nan,nan,nan,nan,nan,0.00825147,0.0447365,-0.0319195,0,0,-0.488565,0.00673143,-0.00424002,-1,-0.000674282,Idle,,nan,nan,nan,nan,0,0,0,0,0,-0.488565,0.0114212,0.221333,0.0838183,0.720663,0.424065,0.568933,0.240601,nan,nan,nan,nan,nan,nan,nan,nan
9.90306,-0.0786237,0.230039,-0.962142,0.0502573,-0.0432553,-0.00246887,-0.0635668,-0.0260444,0.0115916,-0.00120475,-0.0252775,0.0194821,nan,nan,nan,nan,nan,nan,nan,nan,nan,nan,nan,nan,nan,nan,nan,0.00825147,0.0447365,-0.0319195,0,0,-0.488565,0.00673143,-0.00424002,-1,-0.000674282,Idle,,nan,nan,nan,nan,0,0,0,0,0,-0.487957,0.0107908,0.228666,0.0836991,0.725567,0.417706,0.573181,0.235374,nan,nan,nan,nan,nan,nan,nan,nan
9.9145,-0.0777059,0.230151,-0.962023,0.0480048,-0.047485,-0.0017128,-0.063238,-0.0263463,0.0119288,0.036698,-0.0348435,0.0355584,nan,nan,nan,nan,nan,nan,nan,nan,nan,nan,nan,nan,nan,nan,nan,0.0540333,0.0473245,-0.0336516,0,0,-0.486885,0.00673143,-0.00424002,-1,-0.000674282,Idle,,nan,nan,nan,nan,0,0,0,0,0,-0.48669,0.0228743,0.217375,0.0834693,0.707543,0.432737,0.572709,0.233771,nan,nan,nan,nan,nan,nan,nan,nan
9.921,-0.0765838,0.230389,-0.961878,0.0500244,-0.034244,0.0018514,-0.0633377,-0.0263737,0.012266,-0.0109208,-0.00433322,0.0373112,nan,nan,nan,nan,nan,nan,nan,nan,nan,nan,nan,nan,nan,nan,nan,0.0540333,0.0473245,-0.0336516,0,0,-0.486885,0.00673143,-0.00424002,-1,-0.000674282,Idle,,nan,nan,nan,nan,0,0,0,0,0,-0.487965,0.00482356,0.224074,0.0832022,0.726051,0.416245,0.566221,0.243344,nan,nan,nan,nan,nan,nan,nan,nan
9.9343,-0.0754949,0.230638,-0.961757,0.0484596,-0.030801,-0.00016665,-0.0634185,-0.0262057,0.0124438,-0.00973232,0.0190466,0.021337,nan,nan,nan,nan,nan,nan,nan,nan,nan,nan,nan,nan,nan,nan,nan,-0.00767464,0.0513053,-0.0350951,0,0,-0.487718,0.00673143,-0.00424002,-1,-0.000674282,Idle,,nan,nan,nan,nan,0,0,0,0,0,-0.487718,0.0049964,0.218397,0.0829407,0.721406,0.419872,0.562346,0.247248,nan,nan,nan,nan,nan,nan,nan,nan
9.94017,-0.0744193,0.230855,-0.961655,0.0482568,-0.0408059,-0.00611627,-0.0630093,-0.0262798,0.0126684,0.0450523,-0.00830563,0.0247067,nan,nan,nan,nan,nan,nan,nan,nan,nan,nan,nan,nan,nan,nan,nan,-0.00767464,0.0513053,-0.0350951,0,0,-0.487718,0.00673143,-0.00424002,-1,-0.000674282,Idle,,nan,nan,nan,nan,0,0,0,0,0,-0.48637,0.0141513,0.21406,0.0826751,0.710253,0.427799,0.564672,0.242756,nan,nan,nan,nan,nan,nan,nan,nan
9.95233,-0.072302,0.231245,-0.961496,0.0535207,-0.0357884,-0.001734,-0.0626334,-0.0259298,0.0132972,0.00199822,0.0347079,0.0354712,nan,nan,nan,nan,nan,nan,nan,nan,nan,nan,nan,nan,nan,nan,nan,0.0308694,0.0486322,-0.0371751,0,0,-0.486246,0.00673143,-0.00424002,-1,-0.000674282,Idle,,nan,nan,nan,nan,0,0,0,0,0,-0.48637,0.0141513,0.21406,0.0826751,0.710253,0.427799,0.564672,0.242756,nan,nan,nan,nan,nan,nan,nan,nan
9.95912,-0.0712285,0.231409,-0.961444,0.0567647,-0.0315473,-0.00459503,-0.0622573,-0.0253755,0.0135164,0.0411896,0.0612062,0.028336,nan,nan,nan,nan,nan,nan,nan,nan,nan,nan,nan,nan,nan,nan,nan,0.0308694,0.0486322,-0.0371751,0,0,-0.486246,0.00673143,-0.00424002,-1,-0.000674282,Idle,,nan,nan,nan,nan,0,0,0,0,0,-0.486246,0.0149911,0.218672,0.0823433,0.712464,0.424675,0.568733,0.23911,nan,nan,nan,nan,nan,nan,nan,nan
9.97315,-0.0701635,0.231501,-0.961398,0.0547128,-0.0492771,-0.00892914,-0.0616727,-0.0250625,0.0137701,0.0650819,0.0346373,0.0307714,nan,nan,nan,nan,nan,nan,nan,nan,nan,nan,nan,nan,nan,nan,nan,-0.0174001,0.0718608,-0.0373124,0,0,-0.487038,0.00673143,-0.00424002,-1,-0.000674282,Idle,,nan,nan,nan,nan,0,0,0,0,0,-0.487038,-0.00300743,0.220145,0.0817225,0.726405,0.411078,0.55846,0.25221,nan,nan,nan,nan,nan,nan,nan,nan
9.9807,-0.0691207,0.231586,-0.961351,0.0484885,-0.0504208,-0.011767,-0.0610208,-0.024806,0.0141086,0.0724775,0.0275857,0.0396209,nan,nan,nan,nan,nan,nan,nan,nan,nan,nan,nan,nan,nan,nan,nan,-0.0174001,0.0718608,-0.0373124,0,0,-0.487038,0.00673143,-0.00424002,-1,-0.000674282,Idle,,nan,nan,nan,nan,0,0,0,0,0,-0.485837,0.0160261,0.215299,0.0813429,0.707938,0.426383,0.567672,0.241354,nan,nan,nan,nan,nan,nan,nan,nan
9.99249,-0.0681,0.231695,-0.961333,0.0500928,-0.0383404,-0.012607,-0.0608766,-0.0241863,0.0144424,0.0159328,0.0679881,0.0415443,nan,nan,nan,nan,nan,nan,nan,nan,nan,nan,nan,nan,nan,nan,nan,0.0307082,0.0392417,-0.0408168,0,0,-0.48537,0.00673143,-0.00424002,-1,-0.000674282,Idle,,nan,nan,nan,nan,0,0,0,0,0,-0.48537,0.0176084,0.208074,0.0810154,0.707938,0.426383,0.567672,0.241354,nan,nan,nan,nan,nan,nan,nan,nan
10.0003,-0.0670898,0.231777,-0.961349,0.0511533,-0.0402735,-0.00924918,-0.0605217,-0.0233922,0.0146728,0.0391344,0.0880613,0.0312188,nan,nan,nan,nan,nan,nan,nan,nan,nan,nan,nan,nan,nan,nan,nan,0.0307082,0.0392417,-0.0408168,0,0,-0.48537,0.00673143,-0.00424002,-1,-0.000674282,Idle,,nan,nan,nan,nan,0,0,0,0,0,-0.485518,0.00529188,0.214274,0.0806004,0.713743,0.418456,0.559781,0.250092,nan,nan,nan,nan,nan,nan,nan,nan
10.0142,-0.0659926,0.231784,-0.961369,0.0479603,-0.0517577,-0.0171876,-0.0600113,-0.022858,0.0149768,0.0563554,0.058343,0.0374133,nan,nan,nan,nan,nan,nan,nan,nan,nan,nan,nan,nan,nan,nan,nan,0.0271325,0.0360024,-0.043093,0,0,-0.484374,0.00673143,-0.00424002,-1,-0.000674282,Idle,,nan,nan,nan,nan,0,0,0,0,0,-0.486137,0.00529188,0.214274,0.0806004,0.713743,0.418456,0.559781,0.250092,nan,nan,nan,nan,nan,nan,nan,nan
10.0187,-0.0648469,0.231949,-0.961269,0.0505187,-0.0480346,-0.0159082,-0.0596991,-0.0223824,0.0153558,0.0349519,0.0518851,0.0457583,nan,nan,nan,nan,nan,nan,nan,nan,nan,nan,nan,nan,nan,nan,nan,0.0271325,0.0360024,-0.043093,0,0,-0.484374,0.00673143,-0.00424002,-1,-0.000674282,Idle,,nan,nan,nan,nan,0,0,0,0,0,-0.486137,0.0130281,0.208591,0.0801589,0.704431,0.428123,0.562294,0.249699,nan,nan,nan,nan,nan,nan,nan,nan
10.0338,-0.0637197,0.23207,-0.961187,0.0498617,-0.0454496,-0.0104595,-0.0599189,-0.0215702,0.0157063,-0.0248168,0.0895652,0.0446302,nan,nan,nan,nan,nan,nan,nan,nan,nan,nan,nan,nan,nan,nan,nan,-0.00237433,0.040232,-0.0446704,0,0,-0.485947,0.00673143,-0.00424002,-1,-0.000674282,Idle,,nan,nan,nan,nan,0,0,0,0,0,-0.485947,0.0166523,0.21247,0.0791133,0.703377,0.426707,0.568455,0.245251,nan,nan,nan,nan,nan,nan,nan,nan
10.0384,-0.0614879,0.232257,-0.961027,0.0507602,-0.0622287,-0.0200535,-0.0596335,-0.0201305,0.016399,0.0233626,0.0582685,0.04772,nan,nan,nan,nan,nan,nan,nan,nan,nan,nan,nan,nan,nan,nan,nan,-0.00237433,0.040232,-0.0446704,0,0,-0.485947,0.00673143,-0.00424002,-1,-0.000674282,Idle,,nan,nan,nan,nan,0,0,0,0,0,-0.485947,0.0166523,0.21247,0.0791133,0.703377,0.426707,0.568455,0.245251,nan,nan,nan,nan,nan,nan,nan,nan
10.0512,-0.0603731,0.232318,-0.960951,0.053193,-0.0602739,-0.0154635,-0.0594142,-0.0196656,0.0169004,0.0242915,0.0496164,0.0587686,nan,nan,nan,nan,nan,nan,nan,nan,nan,nan,nan,nan,nan,nan,nan,0.0416807,0.0370093,-0.0478645,0,0,-0.483834,0.00673143,-0.00424002,-1,-0.000674282,Idle,,nan,nan,nan,nan,0,0,0,0,0,-0.484748,0.0181285,0.212009,0.0785635,0.700258,0.426327,0.568523,0.243882,nan,nan,nan,nan,nan,nan,nan,nan
10.0606,-0.059269,0.232322,-0.96087,0.0535812,-0.052535,-0.00689434,-0.0594658,-0.0189829,0.0173148,-0.00598415,0.0750296,0.0510832,nan,nan,nan,nan,nan,nan,nan,nan,nan,nan,nan,nan,nan,nan,nan,0.0416807,0.0370093,-0.0478645,0,0,-0.483834,0.00673143,-0.00424002,-1,-0.000674282,Idle,,nan,nan,nan,nan,0,0,0,0,0,-0.484845,0.020258,0.217666,0.0773263,0.701614,0.422693,0.575361,0.239713,nan,nan,nan,nan,nan,nan,nan,nan
10.074,-0.0581863,0.232338,-0.960797,0.0523204,-0.0530301,-0.0106609,-0.0596356,-0.0184459,0.0177283,-0.0191136,0.0584014,0.0497505,nan,nan,nan,nan,nan,nan,nan,nan,nan,nan,nan,nan,nan,nan,nan,-0.000209572,0.0416038,-0.049877,0,0,-0.486761,0.00673143,-0.00424002,-1,-0.000674282,Idle,,nan,nan,nan,nan,0,0,0,0,0,-0.486761,0.00850051,0.225026,0.0767289,0.716451,0.410494,0.574761,0.24534,nan,nan,nan,nan,nan,nan,nan,nan
10.0783,-0.0571228,0.232343,-0.960729,0.0522516,-0.0611553,-0.0142999,-0.0592201,-0.0182277,0.0181423,0.0460757,0.02296,0.0476993,nan,nan,nan,nan,nan,nan,nan,nan,nan,nan,nan,nan,nan,nan,nan,-0.000209572,0.0416038,-0.049877,0,0,-0.486761,0.00673143,-0.00424002,-1,-0.000674282,Idle,,nan,nan,nan,nan,0,0,0,0,0,-0.486761,0.00850051,0.225026,0.0767289,0.716451,0.410494,0.574761,0.24534,nan,nan,nan,nan,nan,nan,nan,nan
10.0937,-0.0560741,0.232299,-0.96064,0.053655,-0.0667377,-0.00819955,-0.0591327,-0.0181675,0.0186387,0.00971984,0.00482346,0.055807,nan,nan,nan,nan,nan,nan,nan,nan,nan,nan,nan,nan,nan,nan,nan,0.034848,0.0392619,-0.053058,0,0,-0.486377,0.00673143,-0.00424002,-1,-0.000674282,Idle,,nan,nan,nan,nan,0,0,0,0,0,-0.485219,0.0179598,0.217933,0.0756977,0.702174,0.419625,0.575927,0.243152,nan,nan,nan,nan,nan,nan,nan,nan
10.1008,-0.0550305,0.232243,-0.960561,0.0552767,-0.0520993,-0.00173356,-0.0593444,-0.0176604,0.0190963,-0.023537,0.0544435,0.0541492,nan,nan,nan,nan,nan,nan,nan,nan,nan,nan,nan,nan,nan,nan,nan,0.034848,0.0392619,-0.053058,0,0,-0.486377,0.00673143,-0.00424002,-1,-0.000674282,Idle,,nan,nan,nan,nan,0,0,0,0,0,-0.488031,0.00887547,0.227019,0.0752229,0.717359,0.409114,0.579208,0.246443,nan,nan,nan,nan,nan,nan,nan,nan
10.1176,-0.0540018,0.232178,-0.960484,0.0559042,-0.054881,-0.0024904,-0.0594696,-0.0173423,0.0193837,-0.0144277,0.0349835,0.0344462,nan,nan,nan,nan,nan,nan,nan,nan,nan,nan,nan,nan,nan,nan,nan,-0.00366228,0.046004,-0.0552407,0,0,-0.487848,0.00673143,-0.00424002,-1,-0.000674282,Idle,,nan,nan,nan,nan,0,0,0,0,0,-0.486471,0.021241,0.219745,0.0745474,0.700977,0.42441,0.58113,0.244874,nan,nan,nan,nan,nan,nan,nan,nan
10.1221,-0.0528576,0.232152,-0.960238,0.0532483,-0.0651255,-0.00887085,-0.0593695,-0.0174092,0.0197669,0.0109544,-0.00867387,0.0423548,nan,nan,nan,nan,nan,nan,nan,nan,nan,nan,nan,nan,nan,nan,nan,-0.00366228,0.046004,-0.0552407,0,0,-0.487848,0.00673143,-0.00424002,-1,-0.000674282,Idle,,nan,nan,nan,nan,0,0,0,0,0,-0.486471,0.021241,0.219745,0.0745474,0.701236,0.420765,0.581927,0.241954,nan,nan,nan,nan,nan,nan,nan,nan
10.1319,-0.050549,0.231974,-0.959769,0.0534908,-0.057267,-0.00104687,-0.0600169,-0.0173632,0.0206522,-0.0667087,0.00598435,0.0453262,nan,nan,nan,nan,nan,nan,nan,nan,nan,nan,nan,nan,nan,nan,nan,0.0266413,0.0407972,-0.0581806,0,0,-0.487379,0.00673143,-0.00424002,-1,-0.000674282,Idle,,nan,nan,nan,nan,0,0,0,0,0,-0.486471,0.021241,0.219745,0.0745474,0.701236,0.420765,0.581927,0.241954,nan,nan,nan,nan,nan,nan,nan,nan
10.1373,-0.0494751,0.231902,-0.959547,0.0519645,-0.0610423,-0.00756467,-0.0604575,-0.0172751,0.0209864,-0.0492515,0.00899548,0.0377624,nan,nan,nan,nan,nan,nan,nan,nan,nan,nan,nan,nan,nan,nan,nan,0.0266413,0.0407972,-0.0581806,0,0,-0.487379,0.00673143,-0.00424002,-1,-0.000674282,Idle,,nan,nan,nan,nan,0,0,0,0,0,-0.487379,0.0230284,0.224852,0.0741947,0.704139,0.418974,0.58806,0.238343,nan,nan,nan,nan,nan,nan,nan,nan
10.1538,-0.0484143,0.231837,-0.95934,0.0479802,-0.0736874,-0.0121212,-0.0605907,-0.0175602,0.0213166,-0.0153306,-0.0326337,0.035181,nan,nan,nan,nan,nan,nan,nan,nan,nan,nan,nan,nan,nan,nan,nan,0.0125403,0.0361443,-0.0601801,0,0,-0.487091,0.00673143,-0.00424002,-1,-0.000674282,Idle,,nan,nan,nan,nan,0,0,0,0,0,-0.487091,0.0151456,0.225047,0.0735786,0.708947,0.412358,0.582953,0.244107,nan,nan,nan,nan,nan,nan,nan,nan
10.1617,-0.0473665,0.231732,-0.959128,0.0465389,-0.0789194,-0.00703987,-0.0608431,-0.0177796,0.0217267,-0.0283323,-0.0257419,0.0443048,nan,nan,nan,nan,nan,nan,nan,nan,nan,nan,nan,nan,nan,nan,nan,0.0125403,0.0361443,-0.0601801,0,0,-0.487091,0.00673143,-0.00424002,-1,-0.000674282,Idle,,nan,nan,nan,nan,0,0,0,0,0,-0.486044,0.0279525,0.218028,0.0732704,0.693573,0.425021,0.586309,0.239272,nan,nan,nan,nan,nan,nan,nan,nan
10.1744,-0.0463243,0.231588,-0.958921,0.049662,-0.06593,-0.00144087,-0.061375,-0.017797,0.0221532,-0.0593932,-0.00344935,0.0474812,nan,nan,nan,nan,nan,nan,nan,nan,nan,nan,nan,nan,nan,nan,nan,0.0135085,0.0396015,-0.0626329,0,0,-0.488517,0.00673143,-0.00424002,-1,-0.000674282,Idle,,nan,nan,nan,nan,0,0,0,0,0,-0.487064,0.0261314,0.220532,0.0730116,0.697393,0.422725,0.588069,0.24007,nan,nan,nan,nan,nan,nan,nan,nan
10.1807,-0.0452958,0.231432,-0.958724,0.0491621,-0.0682513,-0.0035784,-0.0617304,-0.0176645,0.0224291,-0.0400006,0.0141872,0.0317703,nan,nan,nan,nan,nan,nan,nan,nan,nan,nan,nan,nan,nan,nan,nan,0.0135085,0.0396015,-0.0626329,0,0,-0.488517,0.00673143,-0.00424002,-1,-0.000674282,Idle,,nan,nan,nan,nan,0,0,0,0,0,-0.488517,0.0168216,0.222436,0.0728383,0.706602,0.416076,0.584457,0.246935,nan,nan,nan,nan,nan,nan,nan,nan
10.1942,-0.0442806,0.231228,-0.95854,0.0460832,-0.083068,-0.0088339,-0.0618563,-0.0177517,0.0227341,-0.0142924,-0.0104215,0.0333018,nan,nan,nan,nan,nan,nan,nan,nan,nan,nan,nan,nan,nan,nan,nan,0.0662894,0.0306433,-0.0651202,0,0,-0.4869,0.00673143,-0.00424002,-1,-0.000674282,Idle,,nan,nan,nan,nan,0,0,0,0,0,-0.4869,0.0326048,0.219508,0.0726135,0.691529,0.427464,0.592157,0.23645,nan,nan,nan,nan,nan,nan,nan,nan
10.2004,-0.043282,0.231022,-0.958355,0.0450191,-0.0832569,-0.0107153,-0.0617891,-0.0179442,0.0231032,0.00732916,-0.0227738,0.0400833,nan,nan,nan,nan,nan,nan,nan,nan,nan,nan,nan,nan,nan,nan,nan,0.0662894,0.0306433,-0.0651202,0,0,-0.4869,0.00673143,-0.00424002,-1,-0.000674282,Idle,,nan,nan,nan,nan,0,0,0,0,0,-0.486639,0.0111312,0.220447,0.0724149,0.706918,0.411156,0.577575,0.250908,nan,nan,nan,nan,nan,nan,nan,nan
10.2107,-0.042317,0.230818,-0.958195,0.0447703,-0.0720766,-0.00721475,-0.0617652,-0.0178234,0.0234662,0.00249411,0.0121712,0.0413507,nan,nan,nan,nan,nan,nan,nan,nan,nan,nan,nan,nan,nan,nan,nan,0.0164904,0.0327203,-0.0664632,0,0,-0.487636,0.00673143,-0.00424002,-1,-0.000674282,Idle,,nan,nan,nan,nan,0,0,0,0,0,-0.486639,0.0111312,0.220447,0.0724149,0.706918,0.411156,0.577575,0.250908,nan,nan,nan,nan,nan,nan,nan,nan
10.2181,-0.0402207,0.230439,-0.9576,0.0445724,-0.0770448,-0.0119455,-0.0613088,-0.0171773,0.0238766,0.0463485,0.0260503,0.0240283,nan,nan,nan,nan,nan,nan,nan,nan,nan,nan,nan,nan,nan,nan,nan,0.0164904,0.0327203,-0.0664632,0,0,-0.487636,0.00673143,-0.00424002,-1,-0.000674282,Idle,,nan,nan,nan,nan,0,0,0,0,0,-0.487636,0.00776509,0.22139,0.0722551,0.710803,0.408946,0.577017,0.253779,nan,nan,nan,nan,nan,nan,nan,nan
10.2307,-0.0392038,0.230241,-0.957334,0.0409456,-0.0854709,-0.0171148,-0.0604434,-0.0170332,0.0240812,0.0952772,0.0159723,0.0237907,nan,nan,nan,nan,nan,nan,nan,nan,nan,nan,nan,nan,nan,nan,nan,0.029703,0.0344545,-0.068045,0,0,-0.486767,0.00673143,-0.00424002,-1,-0.000674282,Idle,,nan,nan,nan,nan,0,0,0,0,0,-0.488414,0.0137728,0.210307,0.0721632,0.699404,0.421718,0.574302,0.258234,nan,nan,nan,nan,nan,nan,nan,nan
10.2375,-0.0382109,0.229996,-0.957083,0.0414719,-0.0855388,-0.0112894,-0.0600329,-0.0166349,0.0243372,0.0454696,0.0441849,0.0314695,nan,nan,nan,nan,nan,nan,nan,nan,nan,nan,nan,nan,nan,nan,nan,0.029703,0.0344545,-0.068045,0,0,-0.486767,0.00673143,-0.00424002,-1,-0.000674282,Idle,,nan,nan,nan,nan,0,0,0,0,0,-0.486767,0.00328864,0.213292,0.0721532,0.707271,0.410536,0.567362,0.261899,nan,nan,nan,nan,nan,nan,nan,nan
10.2537,-0.0371638,0.229587,-0.956899,0.0396256,-0.0782728,-0.0105188,-0.059696,-0.0159274,0.0244832,0.0368519,0.0790076,0.0211155,nan,nan,nan,nan,nan,nan,nan,nan,nan,nan,nan,nan,nan,nan,nan,0.0434351,0.0260517,-0.0695374,0,0,-0.486948,0.00673143,-0.00424002,-1,-0.000674282,Idle,,nan,nan,nan,nan,0,0,0,0,0,-0.486948,0.013132,0.210265,0.0722748,0.698473,0.41994,0.572242,0.257139,nan,nan,nan,nan,nan,nan,nan,nan
10.2605,-0.0362075,0.229278,-0.956703,0.0387819,-0.086627,-0.0182321,-0.0591734,-0.0154598,0.024573,0.0574508,0.0527042,0.0132505,nan,nan,nan,nan,nan,nan,nan,nan,nan,nan,nan,nan,nan,nan,nan,0.0434351,0.0260517,-0.0695374,0,0,-0.486948,0.00673143,-0.00424002,-1,-0.000674282,Idle,,nan,nan,nan,nan,0,0,0,0,0,-0.487333,0.0047695,0.212693,0.0722976,0.706511,0.412717,0.568407,0.261698,nan,nan,nan,nan,nan,nan,nan,nan
10.2708,-0.0352765,0.228972,-0.956504,0.0377249,-0.0885489,-0.0168383,-0.0582608,-0.015102,0.02468,0.100935,0.0403611,0.0143944,nan,nan,nan,nan,nan,nan,nan,nan,nan,nan,nan,nan,nan,nan,nan,0.0386335,0.0185476,-0.0705506,0,0,-0.48605,0.00673143,-0.00424002,-1,-0.000674282,Idle,,nan,nan,nan,nan,0,0,0,0,0,-0.487333,0.0047695,0.212693,0.0722976,0.706511,0.412717,0.568407,0.261698,nan,nan,nan,nan,nan,nan,nan,nan
10.2801,-0.034354,0.228643,-0.956312,0.0402633,-0.0843456,-0.011048,-0.0579667,-0.0147362,0.0248966,0.0321005,0.0402929,0.0264702,nan,nan,nan,nan,nan,nan,nan,nan,nan,nan,nan,nan,nan,nan,nan,0.0386335,0.0185476,-0.0705506,0,0,-0.48605,0.00673143,-0.00424002,-1,-0.000674282,Idle,,nan,nan,nan,nan,0,0,0,0,0,-0.48734,0.0059695,0.211055,0.0724305,0.704643,0.414863,0.567971,0.261881,nan,nan,nan,nan,nan,nan,nan,nan
10.298,-0.0334419,0.228272,-0.956131,0.0432921,-0.08491,-0.00818265,-0.0577731,-0.0138194,0.0249462,0.0209132,0.103354,0.0116334,nan,nan,nan,nan,nan,nan,nan,nan,nan,nan,nan,nan,nan,nan,nan,0.0187471,0.0360081,-0.0704948,0,0,-0.487954,0.00673143,-0.00424002,-1,-0.000674282,Idle,,nan,nan,nan,nan,0,0,0,0,0,-0.487954,0.0137971,0.210709,0.0725338,0.699581,0.421361,0.573772,0.257102,nan,nan,nan,nan,nan,nan,nan,nan
10.2991,-0.0316543,0.227497,-0.955834,0.0411648,-0.0960511,-0.0219656,-0.0568209,-0.0128243,0.0250715,0.0631675,0.0441759,0.0128132,nan,nan,nan,nan,nan,nan,nan,nan,nan,nan,nan,nan,nan,nan,nan,0.0187471,0.0360081,-0.0704948,0,0,-0.487954,0.00673143,-0.00424002,-1,-0.000674282,Idle,,nan,nan,nan,nan,0,0,0,0,0,-0.487954,0.0137971,0.210709,0.0725338,0.699581,0.421361,0.573772,0.257102,nan,nan,nan,nan,nan,nan,nan,nan
10.3117,-0.0306701,0.22712,-0.955514,0.0389907,-0.101605,-0.0186283,-0.0566153,-0.0125325,0.025194,0.0223287,0.0327672,0.0155941,nan,nan,nan,nan,nan,nan,nan,nan,nan,nan,nan,nan,nan,nan,nan,0.0467788,0.0224043,-0.071712,0,0,-0.485182,0.00673143,-0.00424002,-1,-0.000674282,Idle,,nan,nan,nan,nan,0,0,0,0,0,-0.486037,0.0122016,0.210883,0.0726471,0.699029,0.418306,0.570738,0.256076,nan,nan,nan,nan,nan,nan,nan,nan
10.3212,-0.029707,0.226718,-0.955215,0.0380876,-0.0906774,-0.015308,-0.0566202,-0.0120103,0.0252382,-0.00129578,0.0588223,0.00836796,nan,nan,nan,nan,nan,nan,nan,nan,nan,nan,nan,nan,nan,nan,nan,0.0467788,0.0224043,-0.071712,0,0,-0.485182,0.00673143,-0.00424002,-1,-0.000674282,Idle,,nan,nan,nan,nan,0,0,0,0,0,-0.485871,0.0217119,0.208555,0.0728659,0.69071,0.426729,0.575433,0.250611,nan,nan,nan,nan,nan,nan,nan,nan
10.3355,-0.0287681,0.226303,-0.954938,0.0379568,-0.0895175,-0.0175706,-0.0562403,-0.0115035,0.025216,0.0417023,0.058108,0.000930935,nan,nan,nan,nan,nan,nan,nan,nan,nan,nan,nan,nan,nan,nan,nan,0.0158043,0.0133249,-0.0720847,0,0,-0.486834,0.00673143,-0.00424002,-1,-0.000674282,Idle,,nan,nan,nan,nan,0,0,0,0,0,-0.486834,0.00155113,0.212747,0.0730096,0.709037,0.410616,0.564959,0.262724,nan,nan,nan,nan,nan,nan,nan,nan
10.3427,-0.0278355,0.225845,-0.954656,0.0350333,-0.105934,-0.019168,-0.0557658,-0.0115513,0.0252225,0.0520874,-0.00407719,0.000621229,nan,nan,nan,nan,nan,nan,nan,nan,nan,nan,nan,nan,nan,nan,nan,0.0158043,0.0133249,-0.0720847,0,0,-0.486834,0.00673143,-0.00424002,-1,-0.000674282,Idle,,nan,nan,nan,nan,0,0,0,0,0,-0.48649,0.00876721,0.219819,0.073161,0.708742,0.410525,0.574565,0.252127,nan,nan,nan,nan,nan,nan,nan,nan
10.354,-0.0269265,0.225389,-0.95437,0.0314718,-0.104124,-0.0212192,-0.0553762,-0.0114714,0.0253308,0.0427921,0.00945311,0.0127295,nan,nan,nan,nan,nan,nan,nan,nan,nan,nan,nan,nan,nan,nan,nan,0.0449067,-0.00132565,-0.0729215,0,0,-0.485736,0.00673143,-0.00424002,-1,-0.000674282,Idle,,nan,nan,nan,nan,0,0,0,0,0,-0.485981,0.019643,0.209459,0.0733206,0.693377,0.425192,0.574264,0.251091,nan,nan,nan,nan,nan,nan,nan,nan
10.3586,-0.026032,0.224935,-0.954116,0.0322421,-0.0959115,-0.0156557,-0.0552381,-0.0113788,0.0253171,0.0146511,0.0115812,-0.000773052,nan,nan,nan,nan,nan,nan,nan,nan,nan,nan,nan,nan,nan,nan,nan,0.0449067,-0.00132565,-0.0729215,0,0,-0.485736,0.00673143,-0.00424002,-1,-0.000674282,Idle,,nan,nan,nan,nan,0,0,0,0,0,-0.485981,0.019643,0.209459,0.0733206,0.693377,0.425192,0.574264,0.251091,nan,nan,nan,nan,nan,nan,nan,nan
10.373,-0.0251341,0.224269,-0.953886,0.0345273,-0.0983978,-0.018261,-0.0549488,-0.0109464,0.0252141,0.0312488,0.0496295,-0.00856551,nan,nan,nan,nan,nan,nan,nan,nan,nan,nan,nan,nan,nan,nan,nan,0.0197695,0.0163097,-0.072057,0,0,-0.486562,0.00673143,-0.00424002,-1,-0.000674282,Idle,,nan,nan,nan,nan,0,0,0,0,0,-0.486562,0.0111341,0.217646,0.0739324,0.706375,0.414579,0.574003,0.251291,nan,nan,nan,nan,nan,nan,nan,nan
10.3802,-0.0242958,0.22377,-0.953642,0.0291011,-0.109812,-0.0204863,-0.0545407,-0.0112423,0.0251041,0.0448826,-0.0312552,-0.0139334,nan,nan,nan,nan,nan,nan,nan,nan,nan,nan,nan,nan,nan,nan,nan,0.0197695,0.0163097,-0.072057,0,0,-0.486562,0.00673143,-0.00424002,-1,-0.000674282,Idle,,nan,nan,nan,nan,0,0,0,0,0,-0.486033,0.0210569,0.21618,0.0743787,0.698239,0.42255,0.579009,0.244335,nan,nan,nan,nan,nan,nan,nan,nan
10.3923,-0.0226903,0.222705,-0.953193,0.0280356,-0.0916402,-0.00956152,-0.0539923,-0.0115595,0.0249098,0.0109017,-0.00538008,-0.0118206,nan,nan,nan,nan,nan,nan,nan,nan,nan,nan,nan,nan,nan,nan,nan,0.0380163,0.00491398,-0.0715378,0,0,-0.486743,0.00673143,-0.00424002,-1,-0.000674282,Idle,,nan,nan,nan,nan,0,0,0,0,0,-0.486033,0.0210569,0.21618,0.0743787,0.698239,0.42255,0.579009,0.244335,nan,nan,nan,nan,nan,nan,nan,nan
10.3993,-0.0219214,0.222158,-0.952998,0.0290401,-0.0935455,-0.0109042,-0.0539114,-0.0115219,0.024746,0.00821314,0.00620025,-0.0178249,nan,nan,nan,nan,nan,nan,nan,nan,nan,nan,nan,nan,nan,nan,nan,0.0380163,0.00491398,-0.0715378,0,0,-0.486743,0.00673143,-0.00424002,-1,-0.000674282,Idle,,nan,nan,nan,nan,0,0,0,0,0,-0.486743,0.015931,0.223208,0.0748544,0.708019,0.415141,0.580585,0.243227,nan,nan,nan,nan,nan,nan,nan,nan
10.4123,-0.0210803,0.221539,-0.952605,0.0258506,-0.109241,-0.015349,-0.0534763,-0.0115783,0.0245144,0.0473523,-0.00387509,-0.0258058,nan,nan,nan,nan,nan,nan,nan,nan,nan,nan,nan,nan,nan,nan,nan,-0.00396473,0.013583,-0.0701149,0,0,-0.488422,0.00673143,-0.00424002,-1,-0.000674282,Idle,,nan,nan,nan,nan,0,0,0,0,0,-0.488698,0.011222,0.219654,0.0752385,0.711175,0.416664,0.576314,0.250641,nan,nan,nan,nan,nan,nan,nan,nan
10.4235,-0.0202516,0.22094,-0.952223,0.0297089,-0.105106,-0.0203985,-0.0528405,-0.011983,0.0243488,0.0704406,-0.0430669,-0.0207236,nan,nan,nan,nan,nan,nan,nan,nan,nan,nan,nan,nan,nan,nan,nan,-0.00396473,0.013583,-0.0701149,0,0,-0.488422,0.00673143,-0.00424002,-1,-0.000674282,Idle,,nan,nan,nan,nan,0,0,0,0,0,-0.487374,0.0182746,0.224188,0.076189,0.709019,0.418071,0.582232,0.240174,nan,nan,nan,nan,nan,nan,nan,nan
10.4319,-0.0194404,0.220338,-0.951868,0.0283053,-0.101988,-0.0149393,-0.0528461,-0.0121213,0.0241904,-0.00131323,-0.0133114,-0.018258,nan,nan,nan,nan,nan,nan,nan,nan,nan,nan,nan,nan,nan,nan,nan,0.0256606,0.0224118,-0.0689185,0,0,-0.486563,0.00673143,-0.00424002,-1,-0.000674282,Idle,,nan,nan,nan,nan,0,0,0,0,0,-0.486563,0.0243085,0.215232,0.0766175,0.709019,0.418071,0.582232,0.240174,nan,nan,nan,nan,nan,nan,nan,nan
10.4401,-0.0186644,0.219685,-0.951531,0.0277053,-0.100616,-0.012601,-0.0528907,-0.0119867,0.0239664,-0.00572225,0.017383,-0.0239476,nan,nan,nan,nan,nan,nan,nan,nan,nan,nan,nan,nan,nan,nan,nan,0.0256606,0.0224118,-0.0689185,0,0,-0.486563,0.00673143,-0.00424002,-1,-0.000674282,Idle,,nan,nan,nan,nan,0,0,0,0,0,-0.4878,0.0117766,0.223817,0.0770813,0.71467,0.415057,0.576909,0.244565,nan,nan,nan,nan,nan,nan,nan,nan
10.4505,-0.0179206,0.219035,-0.951217,0.024033,-0.106043,-0.0216319,-0.0526483,-0.0120768,0.0236657,0.0261597,-0.00717382,-0.0337995,nan,nan,nan,nan,nan,nan,nan,nan,nan,nan,nan,nan,nan,nan,nan,0.0266801,0.00958148,-0.0679048,0,0,-0.486608,0.00673143,-0.00424002,-1,-0.000674282,Idle,,nan,nan,nan,nan,0,0,0,0,0,-0.4878,0.0117766,0.223817,0.0770813,0.71467,0.415057,0.576909,0.244565,nan,nan,nan,nan,nan,nan,nan,nan
10.4583,-0.0171997,0.218411,-0.950919,0.0223255,-0.112868,-0.0263983,-0.0521979,-0.0122975,0.023419,0.0491494,-0.0219583,-0.0284161,nan,nan,nan,nan,nan,nan,nan,nan,nan,nan,nan,nan,nan,nan,nan,0.0266801,0.00958148,-0.0679048,0,0,-0.486608,0.00673143,-0.00424002,-1,-0.000674282,Idle,,nan,nan,nan,nan,0,0,0,0,0,-0.48838,0.0142076,0.220879,0.077455,0.711826,0.419807,0.576757,0.245128,nan,nan,nan,nan,nan,nan,nan,nan
10.4738,-0.0164859,0.217733,-0.95064,0.022766,-0.116184,-0.0232946,-0.0521099,-0.0124195,0.0232856,0.00927507,-0.0118399,-0.0154651,nan,nan,nan,nan,nan,nan,nan,nan,nan,nan,nan,nan,nan,nan,nan,0.0478703,0.0112644,-0.0661171,0,0,-0.486314,0.00673143,-0.00424002,-1,-0.000674282,Idle,,nan,nan,nan,nan,0,0,0,0,0,-0.486314,0.00988284,0.221583,0.0783511,0.714212,0.415081,0.571236,0.244726,nan,nan,nan,nan,nan,nan,nan,nan
10.4786,-0.0150984,0.216373,-0.950168,0.0189014,-0.106051,-0.0222557,-0.0514671,-0.0119756,0.0226159,0.0557469,0.0224875,-0.0367984,nan,nan,nan,nan,nan,nan,nan,nan,nan,nan,nan,nan,nan,nan,nan,0.0478703,0.0112644,-0.0661171,0,0,-0.486314,0.00673143,-0.00424002,-1,-0.000674282,Idle,,nan,nan,nan,nan,0,0,0,0,0,-0.486314,0.00988284,0.221583,0.0783511,0.714212,0.415081,0.571236,0.244726,nan,nan,nan,nan,nan,nan,nan,nan
10.4911,-0.0144159,0.215499,-0.949996,0.0141184,-0.118707,-0.0269566,-0.0506957,-0.0120441,0.022316,0.0851818,-0.00499677,-0.0335912,nan,nan,nan,nan,nan,nan,nan,nan,nan,nan,nan,nan,nan,nan,nan,0.00767116,0.00439424,-0.0642928,0,0,-0.486856,0.00673143,-0.00424002,-1,-0.000674282,Idle,,nan,nan,nan,nan,0,0,0,0,0,-0.487578,0.0088251,0.211274,0.0787764,0.70936,0.423312,0.564041,0.253599,nan,nan,nan,nan,nan,nan,nan,nan
10.5013,-0.0137795,0.214804,-0.949813,0.0140764,-0.108389,-0.0226384,-0.0502359,-0.011912,0.0220684,0.0503125,0.0168741,-0.0265269,nan,nan,nan,nan,nan,nan,nan,nan,nan,nan,nan,nan,nan,nan,nan,0.00767116,0.00439424,-0.0642928,0,0,-0.486856,0.00673143,-0.00424002,-1,-0.000674282,Idle,,nan,nan,nan,nan,0,0,0,0,0,-0.485801,0.0106358,0.213718,0.0796987,0.708952,0.422009,0.56435,0.247891,nan,nan,nan,nan,nan,nan,nan,nan
10.5149,-0.0130873,0.214061,-0.949453,0.0144064,-0.106266,-0.0226768,-0.0498918,-0.0116985,0.0217623,0.0378338,0.0264363,-0.0328912,nan,nan,nan,nan,nan,nan,nan,nan,nan,nan,nan,nan,nan,nan,nan,0.00706108,-0.00270597,-0.0629833,0,0,-0.486889,0.00673143,-0.00424002,-1,-0.000674282,Idle,,nan,nan,nan,nan,0,0,0,0,0,-0.486889,0.0045028,0.216134,0.0801373,0.716524,0.417491,0.56237,0.25117,nan,nan,nan,nan,nan,nan,nan,nan
10.521,-0.0124282,0.213297,-0.949123,0.0130827,-0.109835,-0.0285371,-0.0493795,-0.0115167,0.0214298,0.0563909,0.0230639,-0.0358115,nan,nan,nan,nan,nan,nan,nan,nan,nan,nan,nan,nan,nan,nan,nan,0.00706108,-0.00270597,-0.0629833,0,0,-0.486889,0.00673143,-0.00424002,-1,-0.000674282,Idle,,nan,nan,nan,nan,0,0,0,0,0,-0.486999,0.00332763,0.217336,0.0804967,0.718674,0.41628,0.56214,0.250903,nan,nan,nan,nan,nan,nan,nan,nan
10.5337,-0.0117872,0.212574,-0.948821,0.00958714,-0.112851,-0.0334801,-0.0486997,-0.0115787,0.0211548,0.0751363,-0.00442267,-0.0307576,nan,nan,nan,nan,nan,nan,nan,nan,nan,nan,nan,nan,nan,nan,nan,0.0184489,-0.00732852,-0.0608771,0,0,-0.484934,0.00673143,-0.00424002,-1,-0.000674282,Idle,,nan,nan,nan,nan,0,0,0,0,0,-0.485863,0.0113013,0.214572,0.0807512,0.710201,0.422991,0.564435,0.245827,nan,nan,nan,nan,nan,nan,nan,nan
10.5413,-0.0111669,0.211848,-0.948546,0.0105654,-0.111909,-0.0285714,-0.0482802,-0.0116559,0.0209198,0.0462236,-0.00637425,-0.0263948,nan,nan,nan,nan,nan,nan,nan,nan,nan,nan,nan,nan,nan,nan,nan,0.0184489,-0.00732852,-0.0608771,0,0,-0.484934,0.00673143,-0.00424002,-1,-0.000674282,Idle,,nan,nan,nan,nan,0,0,0,0,0,-0.485981,0.00288303,0.214337,0.0810679,0.716421,0.417639,0.558118,0.251747,nan,nan,nan,nan,nan,nan,nan,nan
10.5546,-0.0105734,0.211083,-0.948282,0.0134651,-0.102771,-0.0240732,-0.04806,-0.0112956,0.0206256,0.0238472,0.0423523,-0.0304906,nan,nan,nan,nan,nan,nan,nan,nan,nan,nan,nan,nan,nan,nan,nan,-0.0179135,0.0119761,-0.0587261,0,0,-0.487086,0.00673143,-0.00424002,-1,-0.000674282,Idle,,nan,nan,nan,nan,0,0,0,0,0,-0.487086,0.00629148,0.214731,0.0813114,0.715638,0.42112,0.561667,0.24992,nan,nan,nan,nan,nan,nan,nan,nan
10.5622,-0.0100008,0.210299,-0.948042,0.0138171,-0.105949,-0.0274892,-0.0476882,-0.0110738,0.0203067,0.0410708,0.0273987,-0.0343243,nan,nan,nan,nan,nan,nan,nan,nan,nan,nan,nan,nan,nan,nan,nan,-0.0179135,0.0119761,-0.0587261,0,0,-0.487086,0.00673143,-0.00424002,-1,-0.000674282,Idle,,nan,nan,nan,nan,0,0,0,0,0,-0.486399,0.0105078,0.211747,0.0814795,0.710028,0.425692,0.561686,0.248192,nan,nan,nan,nan,nan,nan,nan,nan
10.572,-0.00888408,0.208764,-0.947582,0.0101887,-0.118891,-0.0319616,-0.0466185,-0.010932,0.0198217,0.0396579,0.0173575,-0.023916,nan,nan,nan,nan,nan,nan,nan,nan,nan,nan,nan,nan,nan,nan,nan,0.0214021,0.00776989,-0.057198,0,0,-0.48516,0.00673143,-0.00424002,-1,-0.000674282,Idle,,nan,nan,nan,nan,0,0,0,0,0,-0.486399,0.0105078,0.211747,0.0814795,0.710028,0.425692,0.561686,0.248192,nan,nan,nan,nan,nan,nan,nan,nan
10.5779,-0.00835771,0.207964,-0.947387,0.0109342,-0.106947,-0.0273189,-0.0466413,-0.0107059,0.0195245,-0.0030025,0.0274941,-0.0317465,nan,nan,nan,nan,nan,nan,nan,nan,nan,nan,nan,nan,nan,nan,nan,0.0214021,0.00776989,-0.057198,0,0,-0.48516,0.00673143,-0.00424002,-1,-0.000674282,Idle,,nan,nan,nan,nan,0,0,0,0,0,-0.48516,0.00542205,0.212538,0.0816935,0.713158,0.42051,0.557196,0.249775,nan,nan,nan,nan,nan,nan,nan,nan
10.5936,-0.00785955,0.207168,-0.947218,0.00781802,-0.106575,-0.0307236,-0.0464908,-0.0103342,0.0191687,0.0161699,0.0437393,-0.0373323,nan,nan,nan,nan,nan,nan,nan,nan,nan,nan,nan,nan,nan,nan,nan,-0.0108899,0.00426266,-0.0554803,0,0,-0.48664,0.00673143,-0.00424002,-1,-0.000674282,Idle,,nan,nan,nan,nan,0,0,0,0,0,-0.48664,0.00865937,0.208306,0.0820799,0.709743,0.427659,0.557587,0.251572,nan,nan,nan,nan,nan,nan,nan,nan
10.6019,-0.00737389,0.206383,-0.947062,0.00344527,-0.119975,-0.0349534,-0.0459939,-0.010451,0.0189637,0.0553113,-0.0112577,-0.0234067,nan,nan,nan,nan,nan,nan,nan,nan,nan,nan,nan,nan,nan,nan,nan,-0.0108899,0.00426266,-0.0554803,0,0,-0.48664,0.00673143,-0.00424002,-1,-0.000674282,Idle,,nan,nan,nan,nan,0,0,0,0,0,-0.486026,0.00513751,0.215012,0.082201,0.716482,0.419933,0.559101,0.248586,nan,nan,nan,nan,nan,nan,nan,nan
10.6147,-0.00688564,0.205463,-0.946935,0.00407839,-0.10311,-0.0311334,-0.0457669,-0.0104822,0.0187776,0.0249914,-0.00180743,-0.0207411,nan,nan,nan,nan,nan,nan,nan,nan,nan,nan,nan,nan,nan,nan,nan,-0.0239573,-0.00894851,-0.0544425,0,0,-0.486118,0.00673143,-0.00424002,-1,-0.000674282,Idle,,nan,nan,nan,nan,0,0,0,0,0,-0.485037,0.018471,0.205031,0.0822437,0.69905,0.435474,0.560444,0.245181,nan,nan,nan,nan,nan,nan,nan,nan
10.621,-0.00634898,0.20463,-0.946599,0.00404652,-0.107946,-0.0266275,-0.0457896,-0.0101751,0.0185983,-0.00278182,0.0357603,-0.0182698,nan,nan,nan,nan,nan,nan,nan,nan,nan,nan,nan,nan,nan,nan,nan,-0.0239573,-0.00894851,-0.0544425,0,0,-0.486118,0.00673143,-0.00424002,-1,-0.000674282,Idle,,nan,nan,nan,nan,0,0,0,0,0,-0.486118,9.63636e-05,0.212552,0.0822669,0.718464,0.418266,0.553824,0.253916,nan,nan,nan,nan,nan,nan,nan,nan
10.6337,-0.00581728,0.203767,-0.946267,0.0029671,-0.116731,-0.0333637,-0.0455804,-0.00997231,0.0183288,0.0229898,0.0248004,-0.0287988,nan,nan,nan,nan,nan,nan,nan,nan,nan,nan,nan,nan,nan,nan,nan,0.0207847,-0.0072444,-0.0534398,0,0,-0.485587,0.00673143,-0.00424002,-1,-0.000674282,Idle,,nan,nan,nan,nan,0,0,0,0,0,-0.485587,0.0129968,0.212021,0.0822859,0.708456,0.427252,0.562021,0.244619,nan,nan,nan,nan,nan,nan,nan,nan
10.6404,-0.00530296,0.202938,-0.945955,0.00272186,-0.115508,-0.0372743,-0.045049,-0.0103198,0.0180897,0.0586131,-0.0364143,-0.0280652,nan,nan,nan,nan,nan,nan,nan,nan,nan,nan,nan,nan,nan,nan,nan,0.0207847,-0.0072444,-0.0534398,0,0,-0.485587,0.00673143,-0.00424002,-1,-0.000674282,Idle,,nan,nan,nan,nan,0,0,0,0,0,-0.484929,0.00675953,0.215833,0.0823958,0.715013,0.419598,0.559537,0.245567,nan,nan,nan,nan,nan,nan,nan,nan
10.6509,-0.00482286,0.202127,-0.945676,0.00144886,-0.107258,-0.0321365,-0.0446827,-0.0104656,0.0179627,0.0408722,-0.0148443,-0.0147925,nan,nan,nan,nan,nan,nan,nan,nan,nan,nan,nan,nan,nan,nan,nan,-0.0157611,-0.00659911,-0.051877,0,0,-0.486155,0.00673143,-0.00424002,-1,-0.000674282,Idle,,nan,nan,nan,nan,0,0,0,0,0,-0.484929,0.00675953,0.215833,0.0823958,0.715013,0.419598,0.559537,0.245567,nan,nan,nan,nan,nan,nan,nan,nan
10.6592,-0.0039456,0.200432,-0.945175,0.00170209,-0.11014,-0.0310717,-0.0440529,-0.0103235,0.0174979,0.0322381,-0.00419875,-0.0261431,nan,nan,nan,nan,nan,nan,nan,nan,nan,nan,nan,nan,nan,nan,nan,-0.0157611,-0.00659911,-0.051877,0,0,-0.486155,0.00673143,-0.00424002,-1,-0.000674282,Idle,,nan,nan,nan,nan,0,0,0,0,0,-0.486155,-0.00608545,0.216356,0.082486,0.725782,0.411462,0.55196,0.255417,nan,nan,nan,nan,nan,nan,nan,nan
10.6708,-0.00352207,0.199596,-0.944937,0.000824345,-0.112354,-0.0371417,-0.043398,-0.0106849,0.0173443,0.0727974,-0.0387152,-0.0187245,nan,nan,nan,nan,nan,nan,nan,nan,nan,nan,nan,nan,nan,nan,nan,-0.00406315,0.000521411,-0.0504819,0,0,-0.486412,0.00673143,-0.00424002,-1,-0.000674282,Idle,,nan,nan,nan,nan,0,0,0,0,0,-0.487295,0.0107153,0.215152,0.0825518,0.714256,0.425399,0.564062,0.245463,nan,nan,nan,nan,nan,nan,nan,nan
10.6778,-0.0031102,0.198735,-0.944719,0.000357706,-0.116402,-0.0322357,-0.0430418,-0.010918,0.0173125,0.0394784,-0.0249326,-0.00451217,nan,nan,nan,nan,nan,nan,nan,nan,nan,nan,nan,nan,nan,nan,nan,-0.00406315,0.000521411,-0.0504819,0,0,-0.486412,0.00673143,-0.00424002,-1,-0.000674282,Idle,,nan,nan,nan,nan,0,0,0,0,0,-0.486412,0.00828261,0.216841,0.0825365,0.716273,0.421587,0.562669,0.245122,nan,nan,nan,nan,nan,nan,nan,nan
10.6976,-0.00270738,0.197858,-0.944524,-0.00163978,-0.105717,-0.0278424,-0.0429628,-0.0108652,0.0172206,0.00879084,0.00704914,-0.00989626,nan,nan,nan,nan,nan,nan,nan,nan,nan,nan,nan,nan,nan,nan,nan,0.0121604,-0.000158464,-0.050148,0,0,-0.48622,0.00673143,-0.00424002,-1,-0.000674282,Idle,,nan,nan,nan,nan,0,0,0,0,0,-0.487335,0.0176245,0.218035,0.0822269,0.71001,0.426846,0.570236,0.237789,nan,nan,nan,nan,nan,nan,nan,nan
10.7008,-0.0023358,0.197004,-0.944358,-0.00431016,-0.104441,-0.0341996,-0.0428212,-0.0109323,0.0170927,0.015688,-0.00618099,-0.0144343,nan,nan,nan,nan,nan,nan,nan,nan,nan,nan,nan,nan,nan,nan,nan,0.0121604,-0.000158464,-0.050148,0,0,-0.48622,0.00673143,-0.00424002,-1,-0.000674282,Idle,,nan,nan,nan,nan,0,0,0,0,0,-0.487335,0.0123022,0.224333,0.0819751,0.71909,0.419492,0.572289,0.238469,nan,nan,nan,nan,nan,nan,nan,nan
10.711,-0.00199579,0.196166,-0.944201,-0.00915687,-0.115212,-0.0373519,-0.0425435,-0.011315,0.0170547,0.0309411,-0.041754,-0.00594359,nan,nan,nan,nan,nan,nan,nan,nan,nan,nan,nan,nan,nan,nan,nan,0.0129354,-0.0201662,-0.0501188,0,0,-0.485412,0.00673143,-0.00424002,-1,-0.000674282,Idle,,nan,nan,nan,nan,0,0,0,0,0,-0.487335,0.0123022,0.224333,0.0819751,0.71909,0.419492,0.572289,0.238469,nan,nan,nan,nan,nan,nan,nan,nan
10.721,-0.0015855,0.195265,-0.943827,-0.0106431,-0.120177,-0.0360929,-0.0426095,-0.011465,0.0170004,-0.00734031,-0.0158018,-0.00663926,nan,nan,nan,nan,nan,nan,nan,nan,nan,nan,nan,nan,nan,nan,nan,0.0129354,-0.0201662,-0.0501188,0,0,-0.485412,0.00673143,-0.00424002,-1,-0.000674282,Idle,,nan,nan,nan,nan,0,0,0,0,0,-0.485693,0.018804,0.220363,0.0815923,0.70966,0.424871,0.572822,0.235416,nan,nan,nan,nan,nan,nan,nan,nan
10.7344,-0.00118402,0.194368,-0.943495,-0.0106998,-0.109904,-0.0317393,-0.0429643,-0.011537,0.0169239,-0.0392855,-0.00679511,-0.00863004,nan,nan,nan,nan,nan,nan,nan,nan,nan,nan,nan,nan,nan,nan,nan,-0.0101579,-0.0129037,-0.0496095,0,0,-0.486796,0.00673143,-0.00424002,-1,-0.000674282,Idle,,nan,nan,nan,nan,0,0,0,0,0,-0.486796,0.0174587,0.217419,0.0813949,0.709436,0.426909,0.57109,0.239751,nan,nan,nan,nan,nan,nan,nan,nan
10.7394,-0.000466944,0.192397,-0.942962,-0.0155864,-0.118764,-0.0397504,-0.042952,-0.0121261,0.0167954,0.0135214,-0.0535429,-0.00779219,nan,nan,nan,nan,nan,nan,nan,nan,nan,nan,nan,nan,nan,nan,nan,-0.0101579,-0.0129037,-0.0496095,0,0,-0.486796,0.00673143,-0.00424002,-1,-0.000674282,Idle,,nan,nan,nan,nan,0,0,0,0,0,-0.485475,0.0174587,0.217419,0.0813949,0.709436,0.426909,0.57109,0.239751,nan,nan,nan,nan,nan,nan,nan,nan
10.7548,-0.000158825,0.191395,-0.94268,-0.0156876,-0.114888,-0.0298731,-0.0432734,-0.0123868,0.0167904,-0.0356748,-0.028231,-0.00163218,nan,nan,nan,nan,nan,nan,nan,nan,nan,nan,nan,nan,nan,nan,nan,0.018609,-0.0202505,-0.049382,0,0,-0.485243,0.00673143,-0.00424002,-1,-0.000674282,Idle,,nan,nan,nan,nan,0,0,0,0,0,-0.485475,0.01778,0.227376,0.081073,0.714607,0.418452,0.577356,0.231486,nan,nan,nan,nan,nan,nan,nan,nan
10.7586,0.000136369,0.190454,-0.9424,-0.0146792,-0.109449,-0.0312233,-0.0435612,-0.0124568,0.0166709,-0.0320955,-0.00647936,-0.0134663,nan,nan,nan,nan,nan,nan,nan,nan,nan,nan,nan,nan,nan,nan,nan,0.018609,-0.0202505,-0.049382,0,0,-0.485243,0.00673143,-0.00424002,-1,-0.000674282,Idle,,nan,nan,nan,nan,0,0,0,0,0,-0.485475,0.01778,0.227376,0.081073,0.714607,0.418452,0.577356,0.231486,nan,nan,nan,nan,nan,nan,nan,nan
10.7702,0.000406462,0.189515,-0.94214,-0.0187916,-0.11903,-0.0369266,-0.0435623,-0.0128408,0.0165861,-0.000109172,-0.0413949,-0.0110749,nan,nan,nan,nan,nan,nan,nan,nan,nan,nan,nan,nan,nan,nan,nan,-0.0101647,-0.00541079,-0.0485438,0,0,-0.487201,0.00673143,-0.00424002,-1,-0.000674282,Idle,,nan,nan,nan,nan,0,0,0,0,0,-0.487316,0.0188518,0.217287,0.080952,0.708434,0.428063,0.572944,0.239821,nan,nan,nan,nan,nan,nan,nan,nan
10.7811,0.000651814,0.188558,-0.941886,-0.0209546,-0.123685,-0.0348756,-0.0432623,-0.0133285,0.016463,0.0335304,-0.0532411,-0.0159707,nan,nan,nan,nan,nan,nan,nan,nan,nan,nan,nan,nan,nan,nan,nan,-0.0101647,-0.00541079,-0.0485438,0,0,-0.487201,0.00673143,-0.00424002,-1,-0.000674282,Idle,,nan,nan,nan,nan,0,0,0,0,0,-0.486012,0.0138781,0.226651,0.0809025,0.717219,0.416572,0.574791,0.235465,nan,nan,nan,nan,nan,nan,nan,nan
10.7943,0.000896141,0.187614,-0.941652,-0.0152152,-0.107991,-0.0286143,-0.0433079,-0.0138709,0.0163754,-0.0050824,-0.0592602,-0.0122104,nan,nan,nan,nan,nan,nan,nan,nan,nan,nan,nan,nan,nan,nan,nan,-0.0187327,0.00726451,-0.0472123,0,0,-0.487952,0.00673143,-0.00424002,-1,-0.000674282,Idle,,nan,nan,nan,nan,0,0,0,0,0,-0.486438,0.0182458,0.222618,0.0809835,0.711786,0.423019,0.575374,0.235572,nan,nan,nan,nan,nan,nan,nan,nan
10.8009,0.00113551,0.186663,-0.941431,-0.0135545,-0.107307,-0.0260163,-0.0433924,-0.0140175,0.0162112,-0.00953856,-0.0148637,-0.0188088,nan,nan,nan,nan,nan,nan,nan,nan,nan,nan,nan,nan,nan,nan,nan,-0.0187327,0.00726451,-0.0472123,0,0,-0.487952,0.00673143,-0.00424002,-1,-0.000674282,Idle,,nan,nan,nan,nan,0,0,0,0,0,-0.488507,0.00647149,0.228895,0.0811139,0.726749,0.412455,0.573422,0.241402,nan,nan,nan,nan,nan,nan,nan,nan
10.8131,0.00136009,0.185676,-0.941231,-0.0132376,-0.11782,-0.0346956,-0.0432484,-0.0143963,0.0159902,0.0158131,-0.0404453,-0.0262609,nan,nan,nan,nan,nan,nan,nan,nan,nan,nan,nan,nan,nan,nan,nan,0.0195351,0.016055,-0.0462678,0,0,-0.486682,0.00673143,-0.00424002,-1,-0.000674282,Idle,,nan,nan,nan,nan,0,0,0,0,0,-0.486682,0.0124194,0.2264,0.0812947,0.719135,0.416781,0.57386,0.236953,nan,nan,nan,nan,nan,nan,nan,nan
10.8202,0.00166809,0.184709,-0.940863,-0.0174638,-0.119368,-0.0407402,-0.0427592,-0.0149203,0.0157981,0.0540238,-0.0564754,-0.0236119,nan,nan,nan,nan,nan,nan,nan,nan,nan,nan,nan,nan,nan,nan,nan,0.0195351,0.016055,-0.0462678,0,0,-0.486682,0.00673143,-0.00424002,-1,-0.000674282,Idle,,nan,nan,nan,nan,0,0,0,0,0,-0.485596,0.0095855,0.217051,0.0816057,0.713754,0.420612,0.563853,0.244165,nan,nan,nan,nan,nan,nan,nan,nan
10.8323,0.00219631,0.182781,-0.940223,-0.016891,-0.1081,-0.0326151,-0.042733,-0.0153316,0.0153753,-0.0110244,0.00270919,-0.0270084,nan,nan,nan,nan,nan,nan,nan,nan,nan,nan,nan,nan,nan,nan,nan,-0.00566118,0.0105295,-0.0446576,0,0,-0.486504,0.00673143,-0.00424002,-1,-0.000674282,Idle,,nan,nan,nan,nan,0,0,0,0,0,-0.485596,0.0095855,0.217051,0.0816057,0.713754,0.420612,0.563853,0.244165,nan,nan,nan,nan,nan,nan,nan,nan
10.8391,0.00243194,0.181799,-0.939944,-0.0208935,-0.114747,-0.0403541,-0.0425144,-0.0151677,0.015028,0.0239244,0.0206943,-0.0377144,nan,nan,nan,nan,nan,nan,nan,nan,nan,nan,nan,nan,nan,nan,nan,-0.00566118,0.0105295,-0.0446576,0,0,-0.486504,0.00673143,-0.00424002,-1,-0.000674282,Idle,,nan,nan,nan,nan,0,0,0,0,0,-0.486504,0.0106178,0.219644,0.0819471,0.716106,0.420758,0.566981,0.24217,nan,nan,nan,nan,nan,nan,nan,nan
10.8531,0.00265217,0.180842,-0.939691,-0.0241515,-0.12122,-0.0468438,-0.0420039,-0.0152821,0.0146964,0.0564692,-0.0103855,-0.0372897,nan,nan,nan,nan,nan,nan,nan,nan,nan,nan,nan,nan,nan,nan,nan,0.00888111,-0.00264385,-0.0431425,0,0,-0.485969,0.00673143,-0.00424002,-1,-0.000674282,Idle,,nan,nan,nan,nan,0,0,0,0,0,-0.485969,0.00324756,0.214486,0.0827054,0.717893,0.419416,0.556832,0.249733,nan,nan,nan,nan,nan,nan,nan,nan
10.8605,0.00285709,0.179875,-0.939461,-0.02418,-0.12083,-0.041879,-0.0417392,-0.0151521,0.0144106,0.0290087,0.0164683,-0.0308903,nan,nan,nan,nan,nan,nan,nan,nan,nan,nan,nan,nan,nan,nan,nan,0.00888111,-0.00264385,-0.0431425,0,0,-0.485969,0.00673143,-0.00424002,-1,-0.000674282,Idle,,nan,nan,nan,nan,0,0,0,0,0,-0.484689,0.0135324,0.202571,0.0831854,0.701395,0.434314,0.553924,0.249121,nan,nan,nan,nan,nan,nan,nan,nan
10.8709,0.00304532,0.178861,-0.939247,-0.025961,-0.111762,-0.034021,-0.0416929,-0.0146667,0.014091,0.00482633,0.0565369,-0.0333358,nan,nan,nan,nan,nan,nan,nan,nan,nan,nan,nan,nan,nan,nan,nan,0.0220689,-0.00855294,-0.0415985,0,0,-0.485734,0.00673143,-0.00424002,-1,-0.000674282,Idle,,nan,nan,nan,nan,0,0,0,0,0,-0.484689,0.0135324,0.202571,0.0831854,0.701395,0.434314,0.553924,0.249121,nan,nan,nan,nan,nan,nan,nan,nan
10.8803,0.00321859,0.177886,-0.939051,-0.0275192,-0.112626,-0.0384513,-0.0415202,-0.0143656,0.0137493,0.0188413,0.0358134,-0.0364929,nan,nan,nan,nan,nan,nan,nan,nan,nan,nan,nan,nan,nan,nan,nan,0.0220689,-0.00855294,-0.0415985,0,0,-0.485734,0.00673143,-0.00424002,-1,-0.000674282,Idle,,nan,nan,nan,nan,0,0,0,0,0,-0.487485,0.0103938,0.210163,0.0838953,0.712488,0.430233,0.559155,0.248063,nan,nan,nan,nan,nan,nan,nan,nan
10.8905,0.00337391,0.176931,-0.938879,-0.0280432,-0.118686,-0.0456177,-0.0410435,-0.0142263,0.0134457,0.0527793,0.017605,-0.0330132,nan,nan,nan,nan,nan,nan,nan,nan,nan,nan,nan,nan,nan,nan,nan,0.0171865,-0.0149321,-0.0395249,0,0,-0.485193,0.00673143,-0.00424002,-1,-0.000674282,Idle,,nan,nan,nan,nan,0,0,0,0,0,-0.487485,0.0103938,0.210163,0.0838953,0.712488,0.430233,0.559155,0.248063,nan,nan,nan,nan,nan,nan,nan,nan
10.8975,0.00347533,0.175805,-0.938755,-0.0292976,-0.110654,-0.0354101,-0.0410523,-0.0139061,0.0131565,-0.00126626,0.0376433,-0.0305809,nan,nan,nan,nan,nan,nan,nan,nan,nan,nan,nan,nan,nan,nan,nan,0.0171865,-0.0149321,-0.0395249,0,0,-0.485193,0.00673143,-0.00424002,-1,-0.000674282,Idle,,nan,nan,nan,nan,0,0,0,0,0,-0.486649,0.0128534,0.199995,0.0842186,0.703046,0.438649,0.552549,0.25235,nan,nan,nan,nan,nan,nan,nan,nan
10.9139,0.00359381,0.174841,-0.938618,-0.0289807,-0.107916,-0.0375143,-0.0412747,-0.0133137,0.0128355,-0.0249605,0.0677056,-0.0327071,nan,nan,nan,nan,nan,nan,nan,nan,nan,nan,nan,nan,nan,nan,nan,-0.0148559,-0.013525,-0.0377195,0,0,-0.487017,0.00673143,-0.00424002,-1,-0.000674282,Idle,,nan,nan,nan,nan,0,0,0,0,0,-0.487017,0.0139803,0.203676,0.0849474,0.705949,0.437941,0.555588,0.248592,nan,nan,nan,nan,nan,nan,nan,nan
10.9184,0.00398522,0.172898,-0.938011,-0.0313766,-0.11818,-0.042314,-0.0410053,-0.012846,0.0121815,0.0250805,0.0157509,-0.0293837,nan,nan,nan,nan,nan,nan,nan,nan,nan,nan,nan,nan,nan,nan,nan,-0.0148559,-0.013525,-0.0377195,0,0,-0.487017,0.00673143,-0.00424002,-1,-0.000674282,Idle,,nan,nan,nan,nan,0,0,0,0,0,-0.487017,0.0139803,0.203676,0.0849474,0.705949,0.437941,0.555588,0.248592,nan,nan,nan,nan,nan,nan,nan,nan
10.9311,0.00415783,0.171944,-0.937732,-0.0304508,-0.106064,-0.0355741,-0.0410687,-0.0125402,0.0119254,-0.0073067,0.0360788,-0.0269834,nan,nan,nan,nan,nan,nan,nan,nan,nan,nan,nan,nan,nan,nan,nan,0.0211472,-0.0201674,-0.0358398,0,0,-0.486068,0.00673143,-0.00424002,-1,-0.000674282,Idle,,nan,nan,nan,nan,0,0,0,0,0,-0.485874,0.0159365,0.21031,0.0852575,0.708424,0.433799,0.560207,0.241066,nan,nan,nan,nan,nan,nan,nan,nan
10.9404,0.00431844,0.170994,-0.937473,-0.0292204,-0.102747,-0.0341581,-0.0411851,-0.0120828,0.0115589,-0.0133458,0.0534276,-0.0385605,nan,nan,nan,nan,nan,nan,nan,nan,nan,nan,nan,nan,nan,nan,nan,0.0211472,-0.0201674,-0.0358398,0,0,-0.486068,0.00673143,-0.00424002,-1,-0.000674282,Idle,,nan,nan,nan,nan,0,0,0,0,0,-0.487642,0.014166,0.207434,0.0857395,0.709891,0.436832,0.558207,0.245638,nan,nan,nan,nan,nan,nan,nan,nan
10.9541,0.00445701,0.170023,-0.937226,-0.0312863,-0.109022,-0.0407,-0.0411769,-0.0120019,0.0112,0.000544704,0.011426,-0.0392469,nan,nan,nan,nan,nan,nan,nan,nan,nan,nan,nan,nan,nan,nan,nan,-0.0213306,-0.0119942,-0.0336467,0,0,-0.488013,0.00673143,-0.00424002,-1,-0.000674282,Idle,,nan,nan,nan,nan,0,0,0,0,0,-0.488013,0.00944444,0.219504,0.085997,0.722393,0.425587,0.563513,0.24056,nan,nan,nan,nan,nan,nan,nan,nan
10.961,0.00457202,0.169085,-0.936987,-0.0352382,-0.115445,-0.0434441,-0.0409094,-0.0121456,0.0108856,0.029643,-0.0137931,-0.0357253,nan,nan,nan,nan,nan,nan,nan,nan,nan,nan,nan,nan,nan,nan,nan,-0.0213306,-0.0119942,-0.0336467,0,0,-0.488013,0.00673143,-0.00424002,-1,-0.000674282,Idle,,nan,nan,nan,nan,0,0,0,0,0,-0.486683,0.0191771,0.212631,0.0862976,0.709622,0.436299,0.563908,0.236904,nan,nan,nan,nan,nan,nan,nan,nan
10.9737,0.00467194,0.168156,-0.936756,-0.034522,-0.115613,-0.0391304,-0.0410139,-0.0122592,0.010536,-0.0120075,-0.010242,-0.0393066,nan,nan,nan,nan,nan,nan,nan,nan,nan,nan,nan,nan,nan,nan,nan,0.0215147,-0.0230972,-0.0312034,0,0,-0.487047,0.00673143,-0.00424002,-1,-0.000674282,Idle,,nan,nan,nan,nan,0,0,0,0,0,-0.48614,0.018221,0.209426,0.0866872,0.707878,0.437735,0.560035,0.238911,nan,nan,nan,nan,nan,nan,nan,nan
10.9805,0.00476078,0.167185,-0.936522,-0.0315032,-0.104957,-0.031487,-0.041282,-0.0121803,0.010068,-0.0303859,0.011715,-0.0516216,nan,nan,nan,nan,nan,nan,nan,nan,nan,nan,nan,nan,nan,nan,nan,0.0215147,-0.0230972,-0.0312034,0,0,-0.487047,0.00673143,-0.00424002,-1,-0.000674282,Idle,,nan,nan,nan,nan,0,0,0,0,0,-0.488757,0.0114501,0.222839,0.0872592,0.72534,0.426653,0.566771,0.236266,nan,nan,nan,nan,nan,nan,nan,nan
10.9948,0.00483801,0.166229,-0.936298,-0.0336586,-0.108855,-0.0360407,-0.0412642,-0.0123052,0.00957432,0.00140625,-0.0108624,-0.0554047,nan,nan,nan,nan,nan,nan,nan,nan,nan,nan,nan,nan,nan,nan,nan,0.00454009,-0.0174103,-0.0289421,0,0,-0.487865,0.00673143,-0.00424002,-1,-0.000674282,Idle,,nan,nan,nan,nan,0,0,0,0,0,-0.487865,0.0215031,0.216794,0.0878239,0.713628,0.437708,0.56815,0.231973,nan,nan,nan,nan,nan,nan,nan,nan
11.0036,0.00490332,0.165302,-0.936086,-0.0373796,-0.115969,-0.0390541,-0.0410889,-0.0127264,0.00922858,0.0190411,-0.0442916,-0.0401025,nan,nan,nan,nan,nan,nan,nan,nan,nan,nan,nan,nan,nan,nan,nan,0.00454009,-0.0174103,-0.0289421,0,0,-0.487865,0.00673143,-0.00424002,-1,-0.000674282,Idle,,nan,nan,nan,nan,0,0,0,0,0,-0.487258,0.0192507,0.217995,0.0882111,0.71585,0.435047,0.566413,0.231722,nan,nan,nan,nan,nan,nan,nan,nan
11.0141,0.00505094,0.163454,-0.93553,-0.0338659,-0.102306,-0.0269208,-0.0417231,-0.0132391,0.00848592,-0.0464397,-0.011586,-0.0423259,nan,nan,nan,nan,nan,nan,nan,nan,nan,nan,nan,nan,nan,nan,nan,0.0215342,-0.0203557,-0.0262184,0,0,-0.487826,0.00673143,-0.00424002,-1,-0.000674282,Idle,,nan,nan,nan,nan,0,0,0,0,0,-0.487258,0.0192507,0.217995,0.0882111,0.71585,0.435047,0.566413,0.231722,nan,nan,nan,nan,nan,nan,nan,nan
11.0186,0.00510146,0.162398,-0.935217,-0.0381419,-0.111701,-0.0346821,-0.0419067,-0.0134313,0.00805218,-0.0210921,-0.0184858,-0.0489654,nan,nan,nan,nan,nan,nan,nan,nan,nan,nan,nan,nan,nan,nan,nan,0.0215342,-0.0203557,-0.0262184,0,0,-0.487826,0.00673143,-0.00424002,-1,-0.000674282,Idle,,nan,nan,nan,nan,0,0,0,0,0,-0.487826,0.0230823,0.222694,0.0885954,0.717416,0.435386,0.572627,0.225876,nan,nan,nan,nan,nan,nan,nan,nan
11.0348,0.00517082,0.161488,-0.93487,-0.0374895,-0.112022,-0.0346711,-0.0418814,-0.0140921,0.00767143,0.00223426,-0.0708943,-0.0452667,nan,nan,nan,nan,nan,nan,nan,nan,nan,nan,nan,nan,nan,nan,nan,0.0197649,-0.0191002,-0.0239076,0,0,-0.488407,0.00673143,-0.00424002,-1,-0.000674282,Idle,,nan,nan,nan,nan,0,0,0,0,0,-0.488407,0.0203674,0.230403,0.0892902,0.726063,0.429291,0.576042,0.222234,nan,nan,nan,nan,nan,nan,nan,nan
11.0424,0.00523037,0.160587,-0.934543,-0.0370669,-0.101672,-0.0258717,-0.0421837,-0.0143458,0.00733244,-0.0340432,-0.0256677,-0.038527,nan,nan,nan,nan,nan,nan,nan,nan,nan,nan,nan,nan,nan,nan,nan,0.0197649,-0.0191002,-0.0239076,0,0,-0.488407,0.00673143,-0.00424002,-1,-0.000674282,Idle,,nan,nan,nan,nan,0,0,0,0,0,-0.488493,0.0263893,0.217496,0.0897036,0.713176,0.443174,0.57085,0.22677,nan,nan,nan,nan,nan,nan,nan,nan
11.0545,0.00527984,0.159678,-0.934237,-0.0359485,-0.101033,-0.0246383,-0.0425771,-0.0145028,0.00692197,-0.0447131,-0.0147808,-0.0464757,nan,nan,nan,nan,nan,nan,nan,nan,nan,nan,nan,nan,nan,nan,nan,-0.0054564,-0.00459119,-0.020888,0,0,-0.490776,0.00673143,-0.00424002,-1,-0.000674282,Idle,,nan,nan,nan,nan,0,0,0,0,0,-0.490465,0.0106884,0.227518,0.0901124,0.733745,0.427367,0.568393,0.232354,nan,nan,nan,nan,nan,nan,nan,nan
11.0618,0.00531,0.158748,-0.933951,-0.0370181,-0.109274,-0.0335957,-0.0426659,-0.0148211,0.0064675,-0.0106468,-0.0324549,-0.0519001,nan,nan,nan,nan,nan,nan,nan,nan,nan,nan,nan,nan,nan,nan,nan,-0.0054564,-0.00459119,-0.020888,0,0,-0.490776,0.00673143,-0.00424002,-1,-0.000674282,Idle,,nan,nan,nan,nan,0,0,0,0,0,-0.490776,0.0159317,0.225505,0.0904161,0.729229,0.433113,0.570685,0.230077,nan,nan,nan,nan,nan,nan,nan,nan
11.0729,0.00531657,0.15784,-0.933674,-0.042437,-0.111593,-0.0355918,-0.0424494,-0.0153993,0.00616285,0.0235694,-0.0621018,-0.036466,nan,nan,nan,nan,nan,nan,nan,nan,nan,nan,nan,nan,nan,nan,nan,0.0323472,-0.0218293,-0.0192798,0,0,-0.488671,0.00673143,-0.00424002,-1,-0.000674282,Idle,,nan,nan,nan,nan,0,0,0,0,0,-0.488671,0.0207774,0.219294,0.0906791,0.719568,0.439089,0.567355,0.22867,nan,nan,nan,nan,nan,nan,nan,nan
11.0806,0.00530429,0.156962,-0.933431,-0.0428137,-0.104732,-0.0317847,-0.0426629,-0.0157752,0.00581661,-0.0244089,-0.0394206,-0.0401423,nan,nan,nan,nan,nan,nan,nan,nan,nan,nan,nan,nan,nan,nan,nan,0.0323472,-0.0218293,-0.0192798,0,0,-0.488671,0.00673143,-0.00424002,-1,-0.000674282,Idle,,nan,nan,nan,nan,0,0,0,0,0,-0.489591,0.0119741,0.219879,0.0909584,0.727407,0.43365,0.562185,0.235123,nan,nan,nan,nan,nan,nan,nan,nan
11.0935,0.00527615,0.156056,-0.933195,-0.0444056,-0.102502,-0.0284012,-0.0428592,-0.0158129,0.00541959,-0.022479,-0.00154486,-0.0439615,nan,nan,nan,nan,nan,nan,nan,nan,nan,nan,nan,nan,nan,nan,nan,0.00549869,-0.018881,-0.0172052,0,0,-0.490361,0.00673143,-0.00424002,-1,-0.000674282,Idle,,nan,nan,nan,nan,0,0,0,0,0,-0.490361,0.0181757,0.218598,0.0912222,0.723149,0.439974,0.56617,0.232149,nan,nan,nan,nan,nan,nan,nan,nan
11.0982,0.00519743,0.154206,-0.932771,-0.0482945,-0.113185,-0.0390676,-0.0425118,-0.0165575,0.00453792,0.0270823,-0.0377075,-0.0520826,nan,nan,nan,nan,nan,nan,nan,nan,nan,nan,nan,nan,nan,nan,nan,0.00549869,-0.018881,-0.0172052,0,0,-0.490361,0.00673143,-0.00424002,-1,-0.000674282,Idle,,nan,nan,nan,nan,0,0,0,0,0,-0.490361,0.0181757,0.218598,0.0912222,0.723149,0.439974,0.56617,0.232149,nan,nan,nan,nan,nan,nan,nan,nan
11.1088,0.0051847,0.153361,-0.932437,-0.0465872,-0.105504,-0.0345498,-0.0426739,-0.0169629,0.00411166,-0.0188915,-0.0423914,-0.0491918,nan,nan,nan,nan,nan,nan,nan,nan,nan,nan,nan,nan,nan,nan,nan,0.0387601,-0.0243104,-0.0140491,0,0,-0.488274,0.00673143,-0.00424002,-1,-0.000674282,Idle,,nan,nan,nan,nan,0,0,0,0,0,-0.488776,0.0119208,0.218461,0.0916264,0.726294,0.434467,0.559663,0.234679,nan,nan,nan,nan,nan,nan,nan,nan
0.00179927,0.00515058,0.152484,-0.932118,-0.0461366,-0.100536,-0.0267265,-0.0427467,-0.017038,0.00361138,-0.00919793,-0.00521155,-0.0557227,nan,nan,nan,nan,nan,nan,nan,nan,nan,nan,nan,nan,nan,nan,nan,0.0387601,-0.0243104,-0.0140491,0,0,-0.488274,0,0,-1,0.00411166,StepHold,step_start,nan,nan,nan,nan,0,0,0,0,0,-0.488274,0.0179765,0.226068,0.09207,0.727333,0.433312,0.568376,0.224075,nan,nan,nan,nan,nan,nan,nan,nan
0.0178084,0.00510246,0.151584,-0.931811,-0.0442633,-0.106744,-0.0321363,-0.042545,-0.0175881,0.00300193,0.0210365,-0.0572562,-0.0697581,nan,nan,nan,nan,nan,nan,nan,nan,nan,nan,nan,nan,nan,nan,nan,0.000448797,-0.00975422,-0.0105909,0,0,-0.491029,0,0,-1,0.00411166,StepHold,,nan,nan,nan,nan,0,0,0,0,0,-0.491029,0.00833759,0.228801,0.0932891,0.740054,0.428539,0.565026,0.230497,nan,nan,nan,nan,nan,nan,nan,nan
0.0247349,0.00498411,0.150578,-0.931553,-0.0471489,-0.105671,-0.0343017,-0.0423381,-0.0182244,0.00253839,0.0220745,-0.0682266,-0.0545624,nan,nan,nan,nan,nan,nan,nan,nan,nan,nan,nan,nan,nan,nan,nan,0.000448797,-0.00975422,-0.0105909,0,0,-0.491029,0,0,-1,0.00411166,StepHold,,nan,nan,nan,nan,0,0,0,0,0,-0.489934,0.0182761,0.218236,0.093903,0.725075,0.442555,0.562879,0.229226,nan,nan,nan,nan,nan,nan,nan,nan
0.0348117,0.00491729,0.149698,-0.931275,-0.0451871,-0.0991988,-0.0246251,-0.042396,-0.018558,0.00208846,-0.00751698,-0.0342807,-0.0513445,nan,nan,nan,nan,nan,nan,nan,nan,nan,nan,nan,nan,nan,nan,nan,0.00328997,0.00495908,0.00689186,0,0,-0.491658,0,0,-1,0.00411166,StepHold,,nan,nan,nan,nan,0,0,0,0,0,-0.489934,0.0182761,0.218236,0.093903,0.725075,0.442555,0.562879,0.229226,nan,nan,nan,nan,nan,nan,nan,nan
0.0463597,0.00484133,0.148822,-0.931018,-0.0443044,-0.103088,-0.031594,-0.0423204,-0.018744,0.00145754,0.0069524,-0.0170331,-0.0707769,nan,nan,nan,nan,nan,nan,nan,nan,nan,nan,nan,nan,nan,nan,nan,0.00328997,0.00495908,0.00689186,0,0,-0.491658,0,0,-1,0.00411166,StepHold,,nan,nan,nan,nan,0,0,0,0,0,-0.490294,0.0117285,0.222984,0.0954075,0.734926,0.436432,0.560461,0.229356,nan,nan,nan,nan,nan,nan,nan,nan
0.0581194,0.00476398,0.147973,-0.930781,-0.044208,-0.105358,-0.0368985,-0.0418236,-0.0192116,0.000842354,0.0538748,-0.0484837,-0.0703513,nan,nan,nan,nan,nan,nan,nan,nan,nan,nan,nan,nan,nan,nan,nan,0.0268934,0.0102801,0.0100242,0,0,-0.489294,0,0,-1,0.00411166,StepHold,,nan,nan,nan,nan,0,0,0,0,0,-0.489294,0.00982232,0.225915,0.0963679,0.738306,0.432972,0.559225,0.226671,nan,nan,nan,nan,nan,nan,nan,nan
0.0634156,0.00467369,0.147119,-0.930575,-0.0453978,-0.105957,-0.0338347,-0.0414642,-0.0198316,0.000373739,0.0386298,-0.0658175,-0.0544404,nan,nan,nan,nan,nan,nan,nan,nan,nan,nan,nan,nan,nan,nan,nan,0.0268934,0.0102801,0.0100242,0,0,-0.489294,0,0,-1,0.00411166,StepHold,,nan,nan,nan,nan,0,0,0,0,0,-0.489294,0.00982232,0.225915,0.0963679,0.738306,0.432972,0.559225,0.226671,nan,nan,nan,nan,nan,nan,nan,nan
0.0753896,0.00441169,0.145352,-0.930225,-0.0470285,-0.100836,-0.0365409,-0.0411143,-0.0203129,-0.000843414,0.0266711,-0.0318709,-0.072072,nan,nan,nan,nan,nan,nan,nan,nan,nan,nan,nan,nan,nan,nan,nan,0.0079927,-0.000500036,0.0138682,0,0,-0.491373,0,0,-1,0.00411166,StepHold,,nan,nan,nan,nan,0,0,0,0,0,-0.489967,0.00589272,0.226196,0.0971481,0.742736,0.431448,0.556538,0.229145,nan,nan,nan,nan,nan,nan,nan,nan
0.0846611,0.0042661,0.144511,-0.93008,-0.0500649,-0.105479,-0.0407649,-0.040343,-0.0207861,-0.0014041,0.0844457,-0.049521,-0.0642482,nan,nan,nan,nan,nan,nan,nan,nan,nan,nan,nan,nan,nan,nan,nan,0.0079927,-0.000500036,0.0138682,0,0,-0.491373,0,0,-1,0.00411166,StepHold,,nan,nan,nan,nan,0,0,0,0,0,-0.489633,-0.00236427,0.218651,0.0988598,0.744617,0.432323,0.543323,0.23827,nan,nan,nan,nan,nan,nan,nan,nan
0.0993275,0.00416836,0.143715,-0.929831,-0.0499961,-0.104253,-0.0368631,-0.0399404,-0.0210092,-0.00198075,0.0433249,-0.0216886,-0.0648881,nan,nan,nan,nan,nan,nan,nan,nan,nan,nan,nan,nan,nan,nan,nan,0.0247673,0.00069871,0.0170836,0,0,-0.48881,0,0,-1,0.00411166,StepHold,,nan,nan,nan,nan,0,0,0,0,0,-0.48881,0.0102108,0.211779,0.0997435,0.730926,0.446135,0.545652,0.232528,nan,nan,nan,nan,nan,nan,nan,nan
0.106118,0.00406996,0.142896,-0.929601,-0.0486024,-0.101819,-0.0314141,-0.0395983,-0.0209819,-0.00269145,0.0359707,0.00680074,-0.0781487,nan,nan,nan,nan,nan,nan,nan,nan,nan,nan,nan,nan,nan,nan,nan,0.0247673,0.00069871,0.0170836,0,0,-0.48881,0,0,-1,0.00411166,StepHold,,nan,nan,nan,nan,0,0,0,0,0,-0.489666,0.00432648,0.213873,0.100556,0.738236,0.442162,0.543015,0.235252,nan,nan,nan,nan,nan,nan,nan,nan
0.118125,0.00394397,0.142042,-0.92939,-0.0498567,-0.103805,-0.0406295,-0.0390931,-0.0211041,-0.00344818,0.0544947,-0.00970878,-0.0847841,nan,nan,nan,nan,nan,nan,nan,nan,nan,nan,nan,nan,nan,nan,nan,0.0170207,0.00485211,0.0219914,0,0,-0.489069,0,0,-1,0.00411166,StepHold,,nan,nan,nan,nan,0,0,0,0,0,-0.490831,0.00561433,0.212998,0.101489,0.738804,0.44579,0.543539,0.235194,nan,nan,nan,nan,nan,nan,nan,nan
0.122413,0.00379939,0.141234,-0.929205,-0.0543173,-0.104654,-0.0435149,-0.0383525,-0.0213398,-0.00402424,0.0808461,-0.0231475,-0.0647345,nan,nan,nan,nan,nan,nan,nan,nan,nan,nan,nan,nan,nan,nan,nan,0.0170207,0.00485211,0.0219914,0,0,-0.489069,0,0,-1,0.00411166,StepHold,,nan,nan,nan,nan,0,0,0,0,0,-0.490831,0.00561433,0.212998,0.101489,0.738804,0.44579,0.543539,0.235194,nan,nan,nan,nan,nan,nan,nan,nan
0.137489,0.00364684,0.140464,-0.929053,-0.0536651,-0.0985119,-0.0400206,-0.0380485,-0.0212766,-0.00466183,0.0320737,0.0103245,-0.0702946,nan,nan,nan,nan,nan,nan,nan,nan,nan,nan,nan,nan,nan,nan,nan,-0.00417774,-0.00290201,0.025542,0,0,-0.489395,0,0,-1,0.00411166,StepHold,,nan,nan,nan,nan,0,0,0,0,0,-0.489395,-0.00499593,0.21398,0.103043,0.747117,0.437709,0.533742,0.239011,nan,nan,nan,nan,nan,nan,nan,nan
0.145245,0.00348445,0.139672,-0.928925,-0.0493331,-0.091567,-0.0355581,-0.0375499,-0.0211231,-0.00532707,0.0536842,0.0204401,-0.0730059,nan,nan,nan,nan,nan,nan,nan,nan,nan,nan,nan,nan,nan,nan,nan,-0.00417774,-0.00290201,0.025542,0,0,-0.489395,0,0,-1,0.00411166,StepHold,,nan,nan,nan,nan,0,0,0,0,0,-0.490378,0.00356741,0.212912,0.103692,0.741939,0.446153,0.539375,0.234044,nan,nan,nan,nan,nan,nan,nan,nan
0.156395,0.00305746,0.13801,-0.928775,-0.05062,-0.0906075,-0.0404218,-0.0361401,-0.0213153,-0.00643462,0.0722225,-0.00487309,-0.0576678,nan,nan,nan,nan,nan,nan,nan,nan,nan,nan,nan,nan,nan,nan,nan,0.0148852,-0.00605095,0.0293931,0,0,-0.48796,0,0,-1,0.00411166,StepHold,,nan,nan,nan,nan,0,0,0,0,0,-0.490378,0.00356741,0.212912,0.103692,0.741939,0.446153,0.539375,0.234044,nan,nan,nan,nan,nan,nan,nan,nan
0.163191,0.00288036,0.137238,-0.928713,-0.0470403,-0.090845,-0.0382234,-0.0356678,-0.0210855,-0.00701385,0.0509536,0.0283968,-0.0631791,nan,nan,nan,nan,nan,nan,nan,nan,nan,nan,nan,nan,nan,nan,nan,0.0148852,-0.00605095,0.0293931,0,0,-0.48796,0,0,-1,0.00411166,StepHold,,nan,nan,nan,nan,0,0,0,0,0,-0.48796,0.00383983,0.217956,0.104233,0.743438,0.440901,0.540177,0.227326,nan,nan,nan,nan,nan,nan,nan,nan
0.177275,0.00270098,0.136445,-0.928665,-0.0461603,-0.0999006,-0.0442673,-0.034918,-0.0210776,-0.00762911,0.0817936,0.00377784,-0.0680752,nan,nan,nan,nan,nan,nan,nan,nan,nan,nan,nan,nan,nan,nan,nan,-0.0234071,0.0188974,0.0333966,0,0,-0.489916,0,0,-1,0.00411166,StepHold,,nan,nan,nan,nan,0,0,0,0,0,-0.489916,-0.00432632,0.220476,0.1051,0.753815,0.436168,0.537271,0.23241,nan,nan,nan,nan,nan,nan,nan,nan
0.185502,0.00249665,0.135663,-0.92862,-0.0510557,-0.100147,-0.0480306,-0.0338876,-0.0213692,-0.00816857,0.113203,-0.0299152,-0.0607975,nan,nan,nan,nan,nan,nan,nan,nan,nan,nan,nan,nan,nan,nan,nan,-0.0234071,0.0188974,0.0333966,0,0,-0.489916,0,0,-1,0.00411166,StepHold,,nan,nan,nan,nan,0,0,0,0,0,-0.488622,0.00264084,0.224158,0.10557,0.750668,0.437667,0.543037,0.223116,nan,nan,nan,nan,nan,nan,nan,nan
0.194837,0.00227978,0.134878,-0.928619,-0.0493117,-0.0910963,-0.0429008,-0.0333515,-0.0215322,-0.00860912,0.0580853,-0.0159669,-0.0490428,nan,nan,nan,nan,nan,nan,nan,nan,nan,nan,nan,nan,nan,nan,nan,0.00157569,0.00394291,0.0357219,0,0,-0.487953,0,0,-1,0.00411166,StepHold,,nan,nan,nan,nan,0,0,0,0,0,-0.488622,0.00264084,0.224158,0.10557,0.750668,0.437667,0.543037,0.223116,nan,nan,nan,nan,nan,nan,nan,nan
0.204276,0.00205202,0.134128,-0.928642,-0.0499285,-0.0909117,-0.0446232,-0.032785,-0.0215382,-0.00917746,0.0617918,0.00185177,-0.0632645,nan,nan,nan,nan,nan,nan,nan,nan,nan,nan,nan,nan,nan,nan,nan,0.00157569,0.00394291,0.0357219,0,0,-0.487953,0,0,-1,0.00411166,StepHold,,nan,nan,nan,nan,0,0,0,0,0,-0.489095,-0.00453191,0.226971,0.10624,0.758871,0.431748,0.539756,0.226003,nan,nan,nan,nan,nan,nan,nan,nan
0.214427,0.00189309,0.133497,-0.928581,-0.0525201,-0.0961194,-0.0508801,-0.0318939,-0.0219687,-0.00971545,0.0976738,-0.045566,-0.0610922,nan,nan,nan,nan,nan,nan,nan,nan,nan,nan,nan,nan,nan,nan,nan,-0.00990379,0.00107901,0.0393407,0,0,-0.487503,0,0,-1,0.00411166,StepHold,,nan,nan,nan,nan,0,0,0,0,0,-0.489095,-0.00453191,0.226971,0.10624,0.758871,0.431748,0.539756,0.226003,nan,nan,nan,nan,nan,nan,nan,nan
0.221261,0.00173364,0.132887,-0.928531,-0.0547249,-0.0863419,-0.0455225,-0.0311244,-0.0222738,-0.0100933,0.0842702,-0.032123,-0.0424436,nan,nan,nan,nan,nan,nan,nan,nan,nan,nan,nan,nan,nan,nan,nan,-0.00990379,0.00107901,0.0393407,0,0,-0.487503,0,0,-1,0.00411166,StepHold,,nan,nan,nan,nan,0,0,0,0,0,-0.488764,-0.000733173,0.217952,0.106526,0.749763,0.440767,0.535452,0.229075,nan,nan,nan,nan,nan,nan,nan,nan
0.237779,0.00154859,0.132261,-0.9285,-0.0563227,-0.0874155,-0.0399817,-0.030544,-0.0223623,-0.0106301,0.0628098,-0.00752193,-0.0593786,nan,nan,nan,nan,nan,nan,nan,nan,nan,nan,nan,nan,nan,nan,nan,-0.0386039,-0.00487902,0.0418646,0,0,-0.489824,0,0,-1,0.00411166,StepHold,,nan,nan,nan,nan,0,0,0,0,0,-0.489824,-0.006748,0.216596,0.107186,0.754777,0.439192,0.53064,0.234686,nan,nan,nan,nan,nan,nan,nan,nan
0.242318,0.00114042,0.131034,-0.92847,-0.0519404,-0.087498,-0.0485442,-0.0287729,-0.023127,-0.0116397,0.0956301,-0.0445628,-0.0490807,nan,nan,nan,nan,nan,nan,nan,nan,nan,nan,nan,nan,nan,nan,nan,-0.0386039,-0.00487902,0.0418646,0,0,-0.489824,0,0,-1,0.00411166,StepHold,,nan,nan,nan,nan,0,0,0,0,0,-0.489824,-0.006748,0.216596,0.107186,0.754777,0.439192,0.53064,0.234686,nan,nan,nan,nan,nan,nan,nan,nan
0.255047,0.000944317,0.130448,-0.928479,-0.0480131,-0.0777497,-0.0432147,-0.0282902,-0.0231927,-0.0121537,0.051955,-0.00524149,-0.0567689,nan,nan,nan,nan,nan,nan,nan,nan,nan,nan,nan,nan,nan,nan,nan,-0.0385543,0.0121938,0.0458464,0,0,-0.488125,0,0,-1,0.00411166,StepHold,,nan,nan,nan,nan,0,0,0,0,0,-0.488342,-0.00773232,0.227679,0.107574,0.762216,0.429565,0.535908,0.225678,nan,nan,nan,nan,nan,nan,nan,nan
0.264422,0.000675409,0.129736,-0.928589,-0.0484283,-0.083295,-0.0480227,-0.0276994,-0.0231624,-0.0127522,0.0637816,0.0056736,-0.0658788,nan,nan,nan,nan,nan,nan,nan,nan,nan,nan,nan,nan,nan,nan,nan,-0.0385543,0.0121938,0.0458464,0,0,-0.488125,0,0,-1,0.00411166,StepHold,,nan,nan,nan,nan,0,0,0,0,0,-0.489305,-0.00523663,0.224239,0.108361,0.759768,0.435513,0.535416,0.226521,nan,nan,nan,nan,nan,nan,nan,nan
0.279586,0.000460837,0.129163,-0.928623,-0.0492186,-0.0831868,-0.0495832,-0.0269028,-0.0234947,-0.0132223,0.0870118,-0.0351495,-0.0526934,nan,nan,nan,nan,nan,nan,nan,nan,nan,nan,nan,nan,nan,nan,nan,-0.0477009,0.0208511,0.0490394,0,0,-0.488249,0,0,-1,0.00411166,StepHold,,nan,nan,nan,nan,0,0,0,0,0,-0.488249,-0.00107895,0.22501,0.108728,0.756684,0.437219,0.53748,0.221613,nan,nan,nan,nan,nan,nan,nan,nan
0.284866,0.000228811,0.128599,-0.92869,-0.0520522,-0.0745299,-0.0446978,-0.0265693,-0.023596,-0.0136515,0.0353705,-0.00956016,-0.0471995,nan,nan,nan,nan,nan,nan,nan,nan,nan,nan,nan,nan,nan,nan,nan,-0.0477009,0.0208511,0.0490394,0,0,-0.488249,0,0,-1,0.00411166,StepHold,,nan,nan,nan,nan,0,0,0,0,0,-0.487955,0.0040032,0.222432,0.109041,0.751286,0.442654,0.538645,0.219235,nan,nan,nan,nan,nan,nan,nan,nan
0.29776,-2.68102e-05,0.128078,-0.928783,-0.0539109,-0.0708851,-0.0494041,-0.0265358,-0.0235129,-0.0141601,0.00194425,0.0111944,-0.0560321,nan,nan,nan,nan,nan,nan,nan,nan,nan,nan,nan,nan,nan,nan,nan,-0.076458,0.00327346,0.0515687,0,0,-0.488185,0,0,-1,0.00411166,StepHold,,nan,nan,nan,nan,0,0,0,0,0,-0.489067,-0.00102599,0.218996,0.109256,0.75374,0.442855,0.533557,0.226116,nan,nan,nan,nan,nan,nan,nan,nan
0.308706,-0.000433184,0.127368,-0.928861,-0.0534705,-0.0676717,-0.0497232,-0.0260795,-0.0237353,-0.0149126,0.00964612,-0.00723726,-0.0370142,nan,nan,nan,nan,nan,nan,nan,nan,nan,nan,nan,nan,nan,nan,nan,-0.076458,0.00327346,0.0515687,0,0,-0.488185,0,0,-1,0.00411166,StepHold,,nan,nan,nan,nan,0,0,0,0,0,-0.487276,0.00516374,0.213622,0.109435,0.743952,0.449419,0.532166,0.223566,nan,nan,nan,nan,nan,nan,nan,nan
0.319339,-0.000629422,0.127031,-0.928933,-0.0536361,-0.0649094,-0.0474936,-0.0262964,-0.0234694,-0.0153627,-0.0260698,0.031362,-0.0484219,nan,nan,nan,nan,nan,nan,nan,nan,nan,nan,nan,nan,nan,nan,nan,-0.076306,0.0071498,0.054324,0,0,-0.488123,0,0,-1,0.00411166,StepHold,,nan,nan,nan,nan,0,0,0,0,0,-0.488123,0.000280429,0.221488,0.109605,0.753983,0.441421,0.534949,0.222138,nan,nan,nan,nan,nan,nan,nan,nan
0.327041,-0.000848418,0.126695,-0.929009,-0.0508238,-0.0651169,-0.0525727,-0.0261753,-0.0235387,-0.0158086,0.0115275,-0.00594717,-0.0486943,nan,nan,nan,nan,nan,nan,nan,nan,nan,nan,nan,nan,nan,nan,nan,-0.076306,0.0071498,0.054324,0,0,-0.488123,0,0,-1,0.00411166,StepHold,,nan,nan,nan,nan,0,0,0,0,0,-0.488582,0.00253377,0.212967,0.109781,0.747,0.449676,0.530803,0.226851,nan,nan,nan,nan,nan,nan,nan,nan
0.335777,-0.00107766,0.12635,-0.929072,-0.053654,-0.0681722,-0.0506803,-0.0260612,-0.0235986,-0.0161348,0.0111838,-0.00532431,-0.0357953,nan,nan,nan,nan,nan,nan,nan,nan,nan,nan,nan,nan,nan,nan,nan,-0.0728505,0.0157625,0.0571142,0,0,-0.487532,0,0,-1,0.00411166,StepHold,,nan,nan,nan,nan,0,0,0,0,0,-0.488582,0.00253377,0.212967,0.109781,0.747,0.449676,0.530803,0.226851,nan,nan,nan,nan,nan,nan,nan,nan
0.340527,-0.00129481,0.12601,-0.929156,-0.0519635,-0.0584533,-0.0440758,-0.0262536,-0.0234742,-0.0165012,-0.023093,0.0153276,-0.0395448,nan,nan,nan,nan,nan,nan,nan,nan,nan,nan,nan,nan,nan,nan,nan,-0.0728505,0.0157625,0.0571142,0,0,-0.487532,0,0,-1,0.00411166,StepHold,,nan,nan,nan,nan,0,0,0,0,0,-0.487532,-0.00351908,0.22187,0.109946,0.75669,0.438215,0.531601,0.223621,nan,nan,nan,nan,nan,nan,nan,nan
0.356275,-0.00152767,0.1257,-0.929254,-0.0504177,-0.0539672,-0.0496056,-0.0262914,-0.0234787,-0.017008,-0.00625115,0.00137155,-0.0555752,nan,nan,nan,nan,nan,nan,nan,nan,nan,nan,nan,nan,nan,nan,nan,-0.0855607,0.0104516,0.0594486,0,0,-0.4893,0,0,-1,0.00411166,StepHold,,nan,nan,nan,nan,0,0,0,0,0,-0.4893,-0.00253487,0.221146,0.110264,0.757567,0.441508,0.533235,0.22489,nan,nan,nan,nan,nan,nan,nan,nan
0.365926,-0.00176706,0.125425,-0.929353,-0.0551447,-0.0591214,-0.0525416,-0.0261169,-0.0237544,-0.0173905,0.0177271,-0.0291934,-0.0425228,nan,nan,nan,nan,nan,nan,nan,nan,nan,nan,nan,nan,nan,nan,nan,-0.0855607,0.0104516,0.0594486,0,0,-0.4893,0,0,-1,0.00411166,StepHold,,nan,nan,nan,nan,0,0,0,0,0,-0.488247,0.000410857,0.221555,0.110531,0.754988,0.442516,0.534287,0.221196,nan,nan,nan,nan,nan,nan,nan,nan
0.378514,-0.00200678,0.12517,-0.929448,-0.0553283,-0.054185,-0.0459675,-0.0264628,-0.0239508,-0.0177868,-0.0400608,-0.020217,-0.0436172,nan,nan,nan,nan,nan,nan,nan,nan,nan,nan,nan,nan,nan,nan,nan,-0.0807532,0.0024081,0.0619843,0,0,-0.488935,0,0,-1,0.00411166,StepHold,,nan,nan,nan,nan,0,0,0,0,0,-0.487578,0.00316674,0.221622,0.110889,0.752776,0.444107,0.535257,0.218173,nan,nan,nan,nan,nan,nan,nan,nan
0.386078,-0.00224337,0.124913,-0.92956,-0.0522444,-0.0491979,-0.0437482,-0.0268214,-0.0240939,-0.0182739,-0.0421507,-0.0142056,-0.0540906,nan,nan,nan,nan,nan,nan,nan,nan,nan,nan,nan,nan,nan,nan,nan,-0.0807532,0.0024081,0.0619843,0,0,-0.488935,0,0,-1,0.00411166,StepHold,,nan,nan,nan,nan,0,0,0,0,0,-0.488935,0.000499854,0.222776,0.111224,0.757169,0.443097,0.535208,0.220266,nan,nan,nan,nan,nan,nan,nan,nan
0.397762,-0.00255989,0.124587,-0.929715,-0.054999,-0.0583639,-0.0499877,-0.0269016,-0.0246187,-0.0187456,-0.0108844,-0.0566498,-0.0532414,nan,nan,nan,nan,nan,nan,nan,nan,nan,nan,nan,nan,nan,nan,nan,-0.0545911,0.00459501,0.064824,0,0,-0.488006,0,0,-1,0.00411166,StepHold,,nan,nan,nan,nan,0,0,0,0,0,-0.488006,0.00935396,0.22113,0.111739,0.749331,0.450108,0.538862,0.213724,nan,nan,nan,nan,nan,nan,nan,nan
0.404588,-0.0027408,0.124499,-0.929805,-0.0532121,-0.0456974,-0.0477106,-0.0272391,-0.0250581,-0.0191148,-0.0392783,-0.0474658,-0.0416182,nan,nan,nan,nan,nan,nan,nan,nan,nan,nan,nan,nan,nan,nan,nan,-0.0545911,0.00459501,0.064824,0,0,-0.488006,0,0,-1,0.00411166,StepHold,,nan,nan,nan,nan,0,0,0,0,0,-0.488652,-0.00488402,0.224315,0.112217,0.762775,0.438912,0.531214,0.221709,nan,nan,nan,nan,nan,nan,nan,nan
0.4148,-0.00294738,0.124428,-0.929934,-0.0511765,-0.0385932,-0.0470479,-0.0276233,-0.0251652,-0.0196417,-0.0452517,-0.00984599,-0.0577963,nan,nan,nan,nan,nan,nan,nan,nan,nan,nan,nan,nan,nan,nan,nan,-0.106439,0.0187438,0.067715,0,0,-0.488858,0,0,-1,0.00411166,StepHold,,nan,nan,nan,nan,0,0,0,0,0,-0.488652,-0.00488402,0.224315,0.112217,0.762775,0.438912,0.531214,0.221709,nan,nan,nan,nan,nan,nan,nan,nan
0.421785,-0.0033411,0.124304,-0.930196,-0.0490071,-0.0451444,-0.0507219,-0.0277016,-0.0257915,-0.0204883,0.00447333,-0.0335243,-0.04309,nan,nan,nan,nan,nan,nan,nan,nan,nan,nan,nan,nan,nan,nan,nan,-0.106439,0.0187438,0.067715,0,0,-0.488858,0,0,-1,0.00411166,StepHold,,nan,nan,nan,nan,0,0,0,0,0,-0.488858,-0.00520669,0.219729,0.112571,0.76032,0.442487,0.527596,0.22503,nan,nan,nan,nan,nan,nan,nan,nan
0.434749,-0.00353861,0.124216,-0.93035,-0.051222,-0.0364997,-0.0442318,-0.028181,-0.0258646,-0.0209176,-0.0555752,-0.00636822,-0.0468829,nan,nan,nan,nan,nan,nan,nan,nan,nan,nan,nan,nan,nan,nan,nan,-0.0721105,0.0231398,0.0707345,0,0,-0.487922,0,0,-1,0.00411166,StepHold,,nan,nan,nan,nan,0,0,0,0,0,-0.487716,-0.00552405,0.224952,0.112934,0.763458,0.437789,0.529559,0.220057,nan,nan,nan,nan,nan,nan,nan,nan
0.44245,-0.00375928,0.124135,-0.930535,-0.0516809,-0.043865,-0.0539262,-0.0284187,-0.0260358,-0.0214032,-0.0288202,-0.017099,-0.053483,nan,nan,nan,nan,nan,nan,nan,nan,nan,nan,nan,nan,nan,nan,nan,-0.0721105,0.0231398,0.0707345,0,0,-0.487922,0,0,-1,0.00411166,StepHold,,nan,nan,nan,nan,0,0,0,0,0,-0.487922,0.00141959,0.220274,0.113244,0.755756,0.446523,0.531059,0.21835,nan,nan,nan,nan,nan,nan,nan,nan
0.458412,-0.00399184,0.124076,-0.930721,-0.0538238,-0.0473546,-0.0573196,-0.0285705,-0.0263495,-0.0217447,-0.0188301,-0.0334246,-0.0379109,nan,nan,nan,nan,nan,nan,nan,nan,nan,nan,nan,nan,nan,nan,nan,-0.0655159,0.0153977,0.0728394,0,0,-0.487261,0,0,-1,0.00411166,StepHold,,nan,nan,nan,nan,0,0,0,0,0,-0.487261,0.00638082,0.214173,0.113828,0.747857,0.454268,0.52901,0.217907,nan,nan,nan,nan,nan,nan,nan,nan
0.464477,-0.00420662,0.124028,-0.93093,-0.0488701,-0.0320927,-0.0543741,-0.0291163,-0.0265469,-0.0221153,-0.0624575,-0.0202758,-0.0405952,nan,nan,nan,nan,nan,nan,nan,nan,nan,nan,nan,nan,nan,nan,nan,-0.0655159,0.0153977,0.0728394,0,0,-0.487261,0,0,-1,0.00411166,StepHold,,nan,nan,nan,nan,0,0,0,0,0,-0.486525,0.00431482,0.216954,0.114071,0.750791,0.450349,0.528537,0.216425,nan,nan,nan,nan,nan,nan,nan,nan
0.474768,-0.00441975,0.124006,-0.931172,-0.0506823,-0.0307618,-0.0544545,-0.0295499,-0.0263262,-0.0225082,-0.050616,0.0263887,-0.0421652,nan,nan,nan,nan,nan,nan,nan,nan,nan,nan,nan,nan,nan,nan,nan,-0.0937554,0.0170722,0.0753681,0,0,-0.487256,0,0,-1,0.00411166,StepHold,,nan,nan,nan,nan,0,0,0,0,0,-0.486525,0.00431482,0.216954,0.114071,0.750791,0.450349,0.528537,0.216425,nan,nan,nan,nan,nan,nan,nan,nan
0.484913,-0.00463984,0.124022,-0.931434,-0.0531654,-0.0321882,-0.0624442,-0.0296127,-0.0266267,-0.0228262,-0.00882316,-0.0320151,-0.0353332,nan,nan,nan,nan,nan,nan,nan,nan,nan,nan,nan,nan,nan,nan,nan,-0.0937554,0.0170722,0.0753681,0,0,-0.487256,0,0,-1,0.00411166,StepHold,,nan,nan,nan,nan,0,0,0,0,0,-0.485599,-0.0023186,0.216339,0.114408,0.754458,0.445503,0.522149,0.220285,nan,nan,nan,nan,nan,nan,nan,nan
0.49808,-0.00488371,0.124044,-0.931714,-0.0490959,-0.0254608,-0.058856,-0.0299187,-0.0267028,-0.0231299,-0.0358493,-0.00709944,-0.0330346,nan,nan,nan,nan,nan,nan,nan,nan,nan,nan,nan,nan,nan,nan,nan,-0.098589,0.0221503,0.0776461,0,0,-0.486328,0,0,-1,0.00411166,StepHold,,nan,nan,nan,nan,0,0,0,0,0,-0.486328,-0.00789336,0.21895,0.114577,0.761143,0.440612,0.520613,0.222942,nan,nan,nan,nan,nan,nan,nan,nan
0.503836,-0.00525752,0.124242,-0.932384,-0.04945,-0.0299066,-0.062947,-0.0300734,-0.0265037,-0.0238906,0.0108017,-0.0116297,-0.0424281,nan,nan,nan,nan,nan,nan,nan,nan,nan,nan,nan,nan,nan,nan,nan,-0.098589,0.0221503,0.0776461,0,0,-0.486328,0,0,-1,0.00411166,StepHold,,nan,nan,nan,nan,0,0,0,0,0,-0.487475,-0.00742594,0.220036,0.11479,0.761143,0.440612,0.520613,0.222942,nan,nan,nan,nan,nan,nan,nan,nan
0.515583,-0.0054134,0.124381,-0.932698,-0.0441986,-0.0217149,-0.0604568,-0.0300134,-0.0265127,-0.0241713,0.00476064,0.000459211,-0.0301255,nan,nan,nan,nan,nan,nan,nan,nan,nan,nan,nan,nan,nan,nan,nan,-0.0733542,0.0172088,0.0797249,0,0,-0.485271,0,0,-1,0.00411166,StepHold,,nan,nan,nan,nan,0,0,0,0,0,-0.487475,-0.00742594,0.220036,0.11479,0.762941,0.441536,0.522644,0.22278,nan,nan,nan,nan,nan,nan,nan,nan
0.524849,-0.00556091,0.124531,-0.933053,-0.0450405,-0.0200291,-0.0616149,-0.0304,-0.026318,-0.0245545,-0.0452661,0.0234777,-0.0407189,nan,nan,nan,nan,nan,nan,nan,nan,nan,nan,nan,nan,nan,nan,nan,-0.0733542,0.0172088,0.0797249,0,0,-0.485271,0,0,-1,0.00411166,StepHold,,nan,nan,nan,nan,0,0,0,0,0,-0.485815,3.10466e-05,0.216224,0.11522,0.753743,0.448274,0.523134,0.21811,nan,nan,nan,nan,nan,nan,nan,nan
0.538515,-0.00573242,0.124701,-0.933411,-0.049744,-0.0237572,-0.0705109,-0.030627,-0.0263806,-0.0248948,-0.0273501,-0.00531981,-0.0368328,nan,nan,nan,nan,nan,nan,nan,nan,nan,nan,nan,nan,nan,nan,nan,-0.0944245,0.0260569,0.0820761,0,0,-0.485535,0,0,-1,0.00411166,StepHold,,nan,nan,nan,nan,0,0,0,0,0,-0.485535,-0.00238461,0.219013,0.115362,0.757285,0.444455,0.522976,0.217424,nan,nan,nan,nan,nan,nan,nan,nan
0.547046,-0.00591751,0.124846,-0.93378,-0.0510809,-0.0238838,-0.0694446,-0.0307822,-0.0265413,-0.0250699,-0.0188609,-0.0168096,-0.0188133,nan,nan,nan,nan,nan,nan,nan,nan,nan,nan,nan,nan,nan,nan,nan,-0.0944245,0.0260569,0.0820761,0,0,-0.485535,0,0,-1,0.00411166,StepHold,,nan,nan,nan,nan,0,0,0,0,0,-0.483655,0.00353771,0.210393,0.115405,0.745165,0.452902,0.519149,0.217404,nan,nan,nan,nan,nan,nan,nan,nan
0.558679,-0.00609698,0.124986,-0.934179,-0.0513426,-0.0182585,-0.0637082,-0.0312139,-0.0262804,-0.0253327,-0.049627,0.0302678,-0.0270037,nan,nan,nan,nan,nan,nan,nan,nan,nan,nan,nan,nan,nan,nan,nan,-0.090343,0.00663836,0.0829881,0,0,-0.484932,0,0,-1,0.00411166,StepHold,,nan,nan,nan,nan,0,0,0,0,0,-0.483786,-0.00886761,0.212435,0.115431,0.755538,0.442842,0.511925,0.224837,nan,nan,nan,nan,nan,nan,nan,nan
0.567336,-0.00628145,0.125133,-0.934591,-0.0482902,-0.0211323,-0.0700523,-0.031482,-0.0260192,-0.0256004,-0.031817,0.0306336,-0.0278368,nan,nan,nan,nan,nan,nan,nan,nan,nan,nan,nan,nan,nan,nan,nan,-0.090343,0.00663836,0.0829881,0,0,-0.484932,0,0,-1,0.00411166,StepHold,,nan,nan,nan,nan,0,0,0,0,0,-0.483498,0.00204042,0.208859,0.115344,0.744921,0.452709,0.51691,0.219451,nan,nan,nan,nan,nan,nan,nan,nan
0.578568,-0.00647813,0.12528,-0.935006,-0.0482856,-0.0201641,-0.0699517,-0.0316265,-0.0259582,-0.0257132,-0.0174254,0.00764571,-0.0111894,nan,nan,nan,nan,nan,nan,nan,nan,nan,nan,nan,nan,nan,nan,nan,-0.0765647,0.0130757,0.08439,0,0,-0.483444,0,0,-1,0.00411166,StepHold,,nan,nan,nan,nan,0,0,0,0,0,-0.483444,-0.000505522,0.208965,0.115235,0.746633,0.450671,0.51524,0.221232,nan,nan,nan,nan,nan,nan,nan,nan
0.585047,-0.00668764,0.125448,-0.93544,-0.0448358,-0.0112568,-0.0668654,-0.0319844,-0.0254901,-0.0258381,-0.0411951,0.0529805,-0.0111023,nan,nan,nan,nan,nan,nan,nan,nan,nan,nan,nan,nan,nan,nan,nan,-0.0765647,0.0130757,0.08439,0,0,-0.483444,0,0,-1,0.00411166,StepHold,,nan,nan,nan,nan,0,0,0,0,0,-0.484107,-0.00708976,0.211861,0.115029,0.753793,0.444423,0.5135,0.22471,nan,nan,nan,nan,nan,nan,nan,nan
0.596466,-0.00700671,0.125991,-0.936386,-0.0459025,-0.00917872,-0.0769245,-0.0321868,-0.0246368,-0.0260925,0.00766616,0.0275634,-0.00712337,nan,nan,nan,nan,nan,nan,nan,nan,nan,nan,nan,nan,nan,nan,nan,-0.108437,0.0170485,0.0852229,0,0,-0.483103,0,0,-1,0.00411166,StepHold,,nan,nan,nan,nan,0,0,0,0,0,-0.484107,-0.00708976,0.211861,0.115029,0.753793,0.444423,0.5135,0.22471,nan,nan,nan,nan,nan,nan,nan,nan
0.603772,-0.00711966,0.126327,-0.936851,-0.0486348,-0.0109269,-0.0714328,-0.0323709,-0.0243005,-0.0261342,-0.0219245,0.0383898,-0.00199978,nan,nan,nan,nan,nan,nan,nan,nan,nan,nan,nan,nan,nan,nan,nan,-0.108437,0.0170485,0.0852229,0,0,-0.483103,0,0,-1,0.00411166,StepHold,,nan,nan,nan,nan,0,0,0,0,0,-0.483103,-0.0105818,0.210794,0.114778,0.754254,0.441453,0.509525,0.22718,nan,nan,nan,nan,nan,nan,nan,nan
0.617403,-0.00724656,0.126638,-0.937321,-0.0503551,-0.00849377,-0.0681127,-0.0327201,-0.0236673,-0.0262753,-0.0404325,0.0715715,-0.0119871,nan,nan,nan,nan,nan,nan,nan,nan,nan,nan,nan,nan,nan,nan,nan,-0.0839837,-0.000785053,0.0851406,0,0,-0.482851,0,0,-1,0.00411166,StepHold,,nan,nan,nan,nan,0,0,0,0,0,-0.482851,-0.00115535,0.203021,0.114281,0.741343,0.452867,0.510941,0.226253,nan,nan,nan,nan,nan,nan,nan,nan
0.626632,-0.0073854,0.126933,-0.937818,-0.0473659,-0.00813473,-0.0776951,-0.0327272,-0.0235581,-0.0262912,-0.00197275,0.0127954,9.97436e-06,nan,nan,nan,nan,nan,nan,nan,nan,nan,nan,nan,nan,nan,nan,nan,-0.0839837,-0.000785053,0.0851406,0,0,-0.482851,0,0,-1,0.00411166,StepHold,,nan,nan,nan,nan,0,0,0,0,0,-0.483455,-0.00985246,0.210603,0.114051,0.753228,0.441729,0.510983,0.227878,nan,nan,nan,nan,nan,nan,nan,nan
0.63486,-0.00760595,0.12727,-0.938422,-0.0503249,-0.00198059,-0.0756274,-0.0328587,-0.0232344,-0.0262816,-0.0157347,0.0365643,0.00360602,nan,nan,nan,nan,nan,nan,nan,nan,nan,nan,nan,nan,nan,nan,nan,-0.0877686,0.00331634,0.0852904,0,0,-0.481426,0,0,-1,0.00411166,StepHold,,nan,nan,nan,nan,0,0,0,0,0,-0.483455,-0.00985246,0.210603,0.114051,0.753228,0.441729,0.510983,0.227878,nan,nan,nan,nan,nan,nan,nan,nan
0.643984,-0.00775292,0.127631,-0.938962,-0.0481119,0.0032114,-0.0736267,-0.0333795,-0.022684,-0.0263581,-0.0589737,0.0617848,-0.00512798,nan,nan,nan,nan,nan,nan,nan,nan,nan,nan,nan,nan,nan,nan,nan,-0.0877686,0.00331634,0.0852904,0,0,-0.481426,0,0,-1,0.00411166,StepHold,,nan,nan,nan,nan,0,0,0,0,0,-0.48184,-0.0119219,0.210137,0.113629,0.752327,0.438559,0.507998,0.228476,nan,nan,nan,nan,nan,nan,nan,nan
0.654258,-0.00791252,0.12797,-0.939492,-0.0430381,-0.00566979,-0.0766007,-0.0336505,-0.0221934,-0.0264128,-0.0315543,0.0556506,-0.00295723,nan,nan,nan,nan,nan,nan,nan,nan,nan,nan,nan,nan,nan,nan,nan,-0.0794536,0.0113217,0.0856481,0,0,-0.48121,0,0,-1,0.00411166,StepHold,,nan,nan,nan,nan,0,0,0,0,0,-0.48184,-0.0119219,0.210137,0.113629,0.752327,0.438559,0.507998,0.228476,nan,nan,nan,nan,nan,nan,nan,nan
0.661263,-0.00806921,0.12828,-0.939999,-0.0448227,-0.00942731,-0.0745809,-0.0337457,-0.0218736,-0.0263149,-0.0114116,0.0357635,0.01336,nan,nan,nan,nan,nan,nan,nan,nan,nan,nan,nan,nan,nan,nan,nan,-0.0794536,0.0113217,0.0856481,0,0,-0.48121,0,0,-1,0.00411166,StepHold,,nan,nan,nan,nan,0,0,0,0,0,-0.482175,-0.00468155,0.213484,0.113371,0.749649,0.441389,0.516076,0.221585,nan,nan,nan,nan,nan,nan,nan,nan
0.677707,-0.00822619,0.128594,-0.940526,-0.0453882,0.00482964,-0.0702139,-0.0343125,-0.0213975,-0.0262208,-0.0639132,0.0531549,0.0135296,nan,nan,nan,nan,nan,nan,nan,nan,nan,nan,nan,nan,nan,nan,nan,-0.109888,-0.00266192,0.0848089,0,0,-0.482499,0,0,-1,0.00411166,StepHold,,nan,nan,nan,nan,0,0,0,0,0,-0.482499,2.61987e-05,0.214835,0.112544,0.746774,0.44326,0.521511,0.218453,nan,nan,nan,nan,nan,nan,nan,nan
0.682499,-0.00860126,0.129308,-0.941651,-0.0497412,-0.00069758,-0.0796015,-0.0351897,-0.0207115,-0.0260224,-0.0365279,0.0207254,0.0170276,nan,nan,nan,nan,nan,nan,nan,nan,nan,nan,nan,nan,nan,nan,nan,-0.109888,-0.00266192,0.0848089,0,0,-0.482499,0,0,-1,0.00411166,StepHold,,nan,nan,nan,nan,0,0,0,0,0,-0.482499,2.61987e-05,0.214835,0.112544,0.746774,0.44326,0.521511,0.218453,nan,nan,nan,nan,nan,nan,nan,nan
0.695152,-0.0086712,0.129765,-0.942207,-0.0482497,0.00417406,-0.0755599,-0.0358468,-0.0204364,-0.0257405,-0.073856,0.0301542,0.0337838,nan,nan,nan,nan,nan,nan,nan,nan,nan,nan,nan,nan,nan,nan,nan,-0.0772251,-0.0205223,0.0830156,0,0,-0.480251,0,0,-1,0.00411166,StepHold,,nan,nan,nan,nan,0,0,0,0,0,-0.481144,-0.00189636,0.209392,0.112068,0.742455,0.443918,0.515426,0.222778,nan,nan,nan,nan,nan,nan,nan,nan
0.704468,-0.0087406,0.130202,-0.942781,-0.0468128,0.00961875,-0.0715306,-0.0366007,-0.0199259,-0.0255388,-0.084628,0.0567196,0.025949,nan,nan,nan,nan,nan,nan,nan,nan,nan,nan,nan,nan,nan,nan,nan,-0.0772251,-0.0205223,0.0830156,0,0,-0.480251,0,0,-1,0.00411166,StepHold,,nan,nan,nan,nan,0,0,0,0,0,-0.481003,0.00615161,0.207421,0.110978,0.734138,0.449772,0.520671,0.21943,nan,nan,nan,nan,nan,nan,nan,nan
0.718147,-0.00884465,0.130634,-0.943372,-0.0486573,0.0020845,-0.079776,-0.0370627,-0.0197985,-0.0253697,-0.0521792,0.0141943,0.0207458,nan,nan,nan,nan,nan,nan,nan,nan,nan,nan,nan,nan,nan,nan,nan,-0.100957,-0.0125772,0.0822237,0,0,-0.481757,0,0,-1,0.00411166,StepHold,,nan,nan,nan,nan,0,0,0,0,0,-0.481757,-0.00403913,0.214427,0.110372,0.746448,0.43776,0.519776,0.223044,nan,nan,nan,nan,nan,nan,nan,nan
0.724865,-0.00895802,0.131049,-0.943954,-0.0472563,-0.000882014,-0.0807071,-0.0375133,-0.0197621,-0.0250572,-0.0505581,0.00344389,0.0362952,nan,nan,nan,nan,nan,nan,nan,nan,nan,nan,nan,nan,nan,nan,nan,-0.100957,-0.0125772,0.0822237,0,0,-0.481757,0,0,-1,0.00411166,StepHold,,nan,nan,nan,nan,0,0,0,0,0,-0.479826,0.00721977,0.21143,0.109793,0.733857,0.445329,0.524268,0.215848,nan,nan,nan,nan,nan,nan,nan,nan
0.737555,-0.00906291,0.131457,-0.944544,-0.0418305,0.0121442,-0.0731012,-0.0382036,-0.0193922,-0.0247977,-0.0769494,0.0405332,0.0316134,nan,nan,nan,nan,nan,nan,nan,nan,nan,nan,nan,nan,nan,nan,nan,-0.102183,0.000423313,0.0807487,0,0,-0.481052,0,0,-1,0.00411166,StepHold,,nan,nan,nan,nan,0,0,0,0,0,-0.479439,-0.000211112,0.218263,0.109301,0.743065,0.434365,0.523949,0.216379,nan,nan,nan,nan,nan,nan,nan,nan
0.744674,-0.00917433,0.131897,-0.945151,-0.0444474,0.0126194,-0.0738906,-0.0387362,-0.0190227,-0.0245999,-0.0602156,0.0411503,0.0250368,nan,nan,nan,nan,nan,nan,nan,nan,nan,nan,nan,nan,nan,nan,nan,-0.102183,0.000423313,0.0807487,0,0,-0.481052,0,0,-1,0.00411166,StepHold,,nan,nan,nan,nan,0,0,0,0,0,-0.480759,0.000756353,0.216097,0.108686,0.741554,0.437285,0.525036,0.219161,nan,nan,nan,nan,nan,nan,nan,nan
0.758362,-0.00932489,0.132357,-0.945747,-0.0509338,0.00693209,-0.0808844,-0.0389204,-0.0191481,-0.0242887,-0.0208458,-0.014638,0.0353592,nan,nan,nan,nan,nan,nan,nan,nan,nan,nan,nan,nan,nan,nan,nan,-0.0722633,-0.0312623,0.0779544,0,0,-0.479151,0,0,-1,0.00411166,StepHold,,nan,nan,nan,nan,0,0,0,0,0,-0.479151,-0.00511468,0.217018,0.108129,0.744192,0.430317,0.520485,0.221609,nan,nan,nan,nan,nan,nan,nan,nan
0.766177,-0.00956022,0.132798,-0.946466,-0.0494936,0.0118019,-0.0719908,-0.0394773,-0.0191474,-0.0239081,-0.0621751,-0.0009407,0.0436069,nan,nan,nan,nan,nan,nan,nan,nan,nan,nan,nan,nan,nan,nan,nan,-0.0722633,-0.0312623,0.0779544,0,0,-0.479151,0,0,-1,0.00411166,StepHold,,nan,nan,nan,nan,0,0,0,0,0,-0.480824,-0.00118742,0.221212,0.107663,0.745588,0.431335,0.528364,0.218008,nan,nan,nan,nan,nan,nan,nan,nan
0.775888,-0.00988008,0.133669,-0.947665,-0.0477991,0.0103653,-0.0807794,-0.040423,-0.0191744,-0.0233643,-0.0379086,-0.0232523,0.0323902,nan,nan,nan,nan,nan,nan,nan,nan,nan,nan,nan,nan,nan,nan,nan,-0.0793675,-0.0222964,0.0762456,0,0,-0.480228,0,0,-1,0.00411166,StepHold,,nan,nan,nan,nan,0,0,0,0,0,-0.480824,-0.00118742,0.221212,0.107663,0.745588,0.431335,0.528364,0.218008,nan,nan,nan,nan,nan,nan,nan,nan
0.780578,-0.0100383,0.134114,-0.948253,-0.0496229,0.00944415,-0.0749302,-0.040718,-0.0193848,-0.022936,-0.0329913,-0.0248745,0.0481086,nan,nan,nan,nan,nan,nan,nan,nan,nan,nan,nan,nan,nan,nan,nan,-0.0793675,-0.0222964,0.0762456,0,0,-0.480228,0,0,-1,0.00411166,StepHold,,nan,nan,nan,nan,0,0,0,0,0,-0.480228,0.00414985,0.216151,0.107192,0.737168,0.437622,0.528435,0.217685,nan,nan,nan,nan,nan,nan,nan,nan
0.798178,-0.0101227,0.134569,-0.948928,-0.0491559,0.00773015,-0.0720474,-0.0416315,-0.0193531,-0.0225585,-0.10177,0.00239014,0.043263,nan,nan,nan,nan,nan,nan,nan,nan,nan,nan,nan,nan,nan,nan,nan,-0.0688186,-0.0235118,0.0749497,0,0,-0.479748,0,0,-1,0.00411166,StepHold,,nan,nan,nan,nan,0,0,0,0,0,-0.479748,0.0122164,0.214841,0.106261,0.729128,0.442841,0.533665,0.213359,nan,nan,nan,nan,nan,nan,nan,nan
0.805214,-0.0101994,0.13496,-0.949593,-0.0465492,0.000412169,-0.077853,-0.0422221,-0.01908,-0.0222345,-0.0660751,0.029698,0.0387994,nan,nan,nan,nan,nan,nan,nan,nan,nan,nan,nan,nan,nan,nan,nan,-0.0688186,-0.0235118,0.0749497,0,0,-0.479748,0,0,-1,0.00411166,StepHold,,nan,nan,nan,nan,0,0,0,0,0,-0.480123,0.0042189,0.216264,0.105668,0.735571,0.435961,0.529983,0.218977,nan,nan,nan,nan,nan,nan,nan,nan
0.818379,-0.0102872,0.135349,-0.950244,-0.0485799,-0.0018453,-0.0803624,-0.0424956,-0.0192643,-0.021803,-0.0305049,-0.0217232,0.0485764,nan,nan,nan,nan,nan,nan,nan,nan,nan,nan,nan,nan,nan,nan,nan,-0.033751,-0.0195049,0.0714994,0,0,-0.478032,0,0,-1,0.00411166,StepHold,,nan,nan,nan,nan,0,0,0,0,0,-0.478672,0.0168093,0.216786,0.105062,0.724981,0.442438,0.53841,0.208858,nan,nan,nan,nan,nan,nan,nan,nan
0.825578,-0.010392,0.135748,-0.950914,-0.0478795,0.00786268,-0.0745596,-0.0433345,-0.0191358,-0.0213935,-0.093011,0.0130717,0.0473341,nan,nan,nan,nan,nan,nan,nan,nan,nan,nan,nan,nan,nan,nan,nan,-0.033751,-0.0195049,0.0714994,0,0,-0.478032,0,0,-1,0.00411166,StepHold,,nan,nan,nan,nan,0,0,0,0,0,-0.478032,0.0152221,0.213788,0.104599,0.722881,0.442332,0.534992,0.211922,nan,nan,nan,nan,nan,nan,nan,nan
0.836831,-0.0105069,0.136146,-0.951582,-0.0493579,0.00919901,-0.0729061,-0.0443538,-0.018951,-0.0210443,-0.114283,0.0197455,0.0413471,nan,nan,nan,nan,nan,nan,nan,nan,nan,nan,nan,nan,nan,nan,nan,-0.0653023,-0.0218,0.0688801,0,0,-0.479444,0,0,-1,0.00411166,StepHold,,nan,nan,nan,nan,0,0,0,0,0,-0.479444,0.0108475,0.21862,0.104053,0.730256,0.436687,0.537271,0.213559,nan,nan,nan,nan,nan,nan,nan,nan
0.844358,-0.0106277,0.136543,-0.952236,-0.0501623,0.000580162,-0.0788503,-0.0449984,-0.0190895,-0.0206469,-0.0718246,-0.0166067,0.0448556,nan,nan,nan,nan,nan,nan,nan,nan,nan,nan,nan,nan,nan,nan,nan,-0.0653023,-0.0218,0.0688801,0,0,-0.479444,0,0,-1,0.00411166,StepHold,,nan,nan,nan,nan,0,0,0,0,0,-0.47794,0.0172112,0.215807,0.103555,0.721766,0.441175,0.538777,0.210041,nan,nan,nan,nan,nan,nan,nan,nan
0.85483,-0.0107593,0.136918,-0.95287,-0.0525494,-0.00429154,-0.0766887,-0.0456847,-0.0193236,-0.0201723,-0.0762846,-0.0276803,0.0529212,nan,nan,nan,nan,nan,nan,nan,nan,nan,nan,nan,nan,nan,nan,nan,-0.0197665,-0.0308389,0.0666754,0,0,-0.478162,0,0,-1,0.00411166,StepHold,,nan,nan,nan,nan,0,0,0,0,0,-0.47794,0.0172112,0.215807,0.103555,0.721766,0.441175,0.538777,0.210041,nan,nan,nan,nan,nan,nan,nan,nan
0.861821,-0.0110689,0.137612,-0.954164,-0.0480344,0.00755356,-0.0684651,-0.0476979,-0.0193014,-0.0194866,-0.0969368,0.0029264,0.0379164,nan,nan,nan,nan,nan,nan,nan,nan,nan,nan,nan,nan,nan,nan,nan,-0.0197665,-0.0308389,0.0666754,0,0,-0.478162,0,0,-1,0.00411166,StepHold,,nan,nan,nan,nan,0,0,0,0,0,-0.478162,0.0151185,0.21932,0.103192,0.725589,0.43707,0.540365,0.209623,nan,nan,nan,nan,nan,nan,nan,nan
0.874775,-0.0112179,0.137973,-0.954789,-0.0476874,0.00126332,-0.0743065,-0.0480887,-0.0195694,-0.019087,-0.0436698,-0.0313887,0.0444673,nan,nan,nan,nan,nan,nan,nan,nan,nan,nan,nan,nan,nan,nan,nan,-0.0513856,-0.0128606,0.06456,0,0,-0.479695,0,0,-1,0.00411166,StepHold,,nan,nan,nan,nan,0,0,0,0,0,-0.479631,0.0140653,0.216091,0.102843,0.72517,0.439729,0.539156,0.21447,nan,nan,nan,nan,nan,nan,nan,nan
0.88437,-0.0112561,0.1384,-0.955439,-0.0524021,0.00202249,-0.0730487,-0.048705,-0.019836,-0.0187162,-0.0685859,-0.0309557,0.0409784,nan,nan,nan,nan,nan,nan,nan,nan,nan,nan,nan,nan,nan,nan,nan,-0.0513856,-0.0128606,0.06456,0,0,-0.479695,0,0,-1,0.00411166,StepHold,,nan,nan,nan,nan,0,0,0,0,0,-0.478259,0.00433698,0.217376,0.102591,0.73277,0.431753,0.5335,0.220756,nan,nan,nan,nan,nan,nan,nan,nan
0.898842,-0.0113307,0.138767,-0.956098,-0.0507627,0.00822152,-0.0668384,-0.049398,-0.0198581,-0.0184219,-0.0774157,-0.00310467,0.034079,nan,nan,nan,nan,nan,nan,nan,nan,nan,nan,nan,nan,nan,nan,nan,-0.0304564,-0.0268193,0.0621707,0,0,-0.478428,0,0,-1,0.00411166,StepHold,,nan,nan,nan,nan,0,0,0,0,0,-0.478428,0.00806774,0.218213,0.102174,0.729041,0.432115,0.53588,0.216675,nan,nan,nan,nan,nan,nan,nan,nan
0.906752,-0.01142,0.139129,-0.956747,-0.0528643,0.00192575,-0.0684612,-0.0499097,-0.020194,-0.0182225,-0.0574149,-0.0375259,0.0217602,nan,nan,nan,nan,nan,nan,nan,nan,nan,nan,nan,nan,nan,nan,nan,-0.0304564,-0.0268193,0.0621707,0,0,-0.478428,0,0,-1,0.00411166,StepHold,,nan,nan,nan,nan,0,0,0,0,0,-0.479621,0.00771686,0.227353,0.102074,0.736846,0.426498,0.543384,0.211757,nan,nan,nan,nan,nan,nan,nan,nan
0.914782,-0.0115982,0.139516,-0.957457,-0.054589,-0.00334678,-0.0706416,-0.0502328,-0.020933,-0.0178805,-0.0358489,-0.0827541,0.0351314,nan,nan,nan,nan,nan,nan,nan,nan,nan,nan,nan,nan,nan,nan,nan,-0.0101467,-0.0261447,0.0602889,0,0,-0.478351,0,0,-1,0.00411166,StepHold,,nan,nan,nan,nan,0,0,0,0,0,-0.479621,0.00771686,0.227353,0.102074,0.736846,0.426498,0.543384,0.211757,nan,nan,nan,nan,nan,nan,nan,nan
0.923972,-0.0116894,0.139848,-0.958074,-0.0520681,0.00497037,-0.0611563,-0.0509441,-0.0212793,-0.0175621,-0.0796968,-0.0396115,0.0350105,nan,nan,nan,nan,nan,nan,nan,nan,nan,nan,nan,nan,nan,nan,nan,-0.0101467,-0.0261447,0.0602889,0,0,-0.478351,0,0,-1,0.00411166,StepHold,,nan,nan,nan,nan,0,0,0,0,0,-0.480247,0.00174642,0.223043,0.102071,0.738641,0.425946,0.536745,0.219655,nan,nan,nan,nan,nan,nan,nan,nan
0.938211,-0.0117868,0.140188,-0.958693,-0.0530621,0.00406556,-0.0661992,-0.0515839,-0.021462,-0.0173525,-0.0715336,-0.020624,0.0235959,nan,nan,nan,nan,nan,nan,nan,nan,nan,nan,nan,nan,nan,nan,nan,-0.0330299,-0.0162725,0.0589904,0,0,-0.479096,0,0,-1,0.00411166,StepHold,,nan,nan,nan,nan,0,0,0,0,0,-0.479096,0.0123471,0.214894,0.10207,0.724232,0.438052,0.537332,0.216767,nan,nan,nan,nan,nan,nan,nan,nan
0.942749,-0.0120535,0.140878,-0.959927,-0.0544689,-0.00399952,-0.0653097,-0.0522398,-0.0223368,-0.0168074,-0.0351386,-0.0509706,0.0369932,nan,nan,nan,nan,nan,nan,nan,nan,nan,nan,nan,nan,nan,nan,nan,-0.0330299,-0.0162725,0.0589904,0,0,-0.479096,0,0,-1,0.00411166,StepHold,,nan,nan,nan,nan,0,0,0,0,0,-0.479096,0.0123471,0.214894,0.10207,0.724232,0.438052,0.537332,0.216767,nan,nan,nan,nan,nan,nan,nan,nan
0.955455,-0.0122,0.141157,-0.960534,-0.0503618,0.00279051,-0.0553216,-0.0528263,-0.0222521,-0.0166078,-0.0651994,0.00904939,0.0237985,nan,nan,nan,nan,nan,nan,nan,nan,nan,nan,nan,nan,nan,nan,nan,-0.00659189,-0.0153101,0.0575058,0,0,-0.478837,0,0,-1,0.00411166,StepHold,,nan,nan,nan,nan,0,0,0,0,0,-0.477954,0.00750678,0.221472,0.102088,0.731181,0.428854,0.537399,0.21438,nan,nan,nan,nan,nan,nan,nan,nan
0.964905,-0.012346,0.141441,-0.961122,-0.0501378,0.00442668,-0.0599887,-0.0532522,-0.0221155,-0.0164451,-0.0479662,0.0151321,0.0202179,nan,nan,nan,nan,nan,nan,nan,nan,nan,nan,nan,nan,nan,nan,nan,-0.00659189,-0.0153101,0.0575058,0,0,-0.478837,0,0,-1,0.00411166,StepHold,,nan,nan,nan,nan,0,0,0,0,0,-0.480792,0.00999863,0.21566,0.102206,0.728266,0.437683,0.537771,0.219448,nan,nan,nan,nan,nan,nan,nan,nan
0.979378,-0.0125058,0.141747,-0.961705,-0.0542503,-0.000852283,-0.0658609,-0.0533746,-0.0224968,-0.0162467,-0.0138076,-0.0427798,0.0209746,nan,nan,nan,nan,nan,nan,nan,nan,nan,nan,nan,nan,nan,nan,nan,-0.0323805,-0.00318216,0.0569633,0,0,-0.479776,0,0,-1,0.00411166,StepHold,,nan,nan,nan,nan,0,0,0,0,0,-0.479776,0.00961004,0.224265,0.102228,0.733631,0.430329,0.542541,0.212603,nan,nan,nan,nan,nan,nan,nan,nan
0.987054,-0.0125844,0.14207,-0.96231,-0.0573318,-0.00369302,-0.0613762,-0.0537211,-0.0226202,-0.0159646,-0.0385098,-0.0146114,0.031767,nan,nan,nan,nan,nan,nan,nan,nan,nan,nan,nan,nan,nan,nan,nan,-0.0323805,-0.00318216,0.0569633,0,0,-0.479776,0,0,-1,0.00411166,StepHold,,nan,nan,nan,nan,0,0,0,0,0,-0.478403,0.0144135,0.206739,0.102214,0.716456,0.444731,0.532194,0.220233,nan,nan,nan,nan,nan,nan,nan,nan
0.998096,-0.0126602,0.14235,-0.962906,-0.0543987,-0.00135031,-0.0524808,-0.0544754,-0.0225292,-0.0157532,-0.0841917,0.00985268,0.0253765,nan,nan,nan,nan,nan,nan,nan,nan,nan,nan,nan,nan,nan,nan,nan,-0.0142235,-0.0124312,0.0547615,0,0,-0.480773,0,0,-1,0.00411166,StepHold,,nan,nan,nan,nan,0,0,0,0,0,-0.479125,0.0101655,0.219206,0.102149,0.728932,0.433569,0.538787,0.215212,nan,nan,nan,nan,nan,nan,nan,nan
1.00666,-0.0127394,0.142593,-0.963477,-0.0525007,-0.00208537,-0.0599346,-0.0548131,-0.0225253,-0.0155815,-0.0376652,0.000372937,0.0202958,nan,nan,nan,nan,nan,nan,nan,nan,nan,nan,nan,nan,nan,nan,nan,-0.0142235,-0.0124312,0.0547615,0,0,-0.480773,0,0,-1,0.00411166,StepHold,,nan,nan,nan,nan,0,0,0,0,0,-0.479154,0.0135451,0.211292,0.10199,0.720816,0.441425,0.535771,0.218604,nan,nan,nan,nan,nan,nan,nan,nan
1.01748,-0.0128165,0.142879,-0.964058,-0.056412,-0.00747308,-0.0627687,-0.0549627,-0.0227273,-0.0152708,-0.0166268,-0.0235178,0.0347451,nan,nan,nan,nan,nan,nan,nan,nan,nan,nan,nan,nan,nan,nan,nan,0.00567691,-0.0205996,0.0530896,0,0,-0.478399,0,0,-1,0.00411166,StepHold,,nan,nan,nan,nan,0,0,0,0,0,-0.478399,0.0162832,0.212519,0.101878,0.71888,0.441626,0.537932,0.215157,nan,nan,nan,nan,nan,nan,nan,nan
1.02501,-0.0129273,0.143152,-0.964637,-0.0583813,-0.00693821,-0.056875,-0.0555661,-0.0228199,-0.0149236,-0.0669598,-0.011482,0.0392569,nan,nan,nan,nan,nan,nan,nan,nan,nan,nan,nan,nan,nan,nan,nan,0.00567691,-0.0205996,0.0530896,0,0,-0.478399,0,0,-1,0.00411166,StepHold,,nan,nan,nan,nan,0,0,0,0,0,-0.479474,0.0152811,0.214584,0.101681,0.721927,0.440335,0.539954,0.215679,nan,nan,nan,nan,nan,nan,nan,nan
1.03636,-0.0132759,0.143511,-0.965868,-0.0569339,-0.010778,-0.0598906,-0.0566183,-0.0227815,-0.0144431,-0.0466005,-0.0150482,0.0267126,nan,nan,nan,nan,nan,nan,nan,nan,nan,nan,nan,nan,nan,nan,nan,-0.0135959,-0.010958,0.0515814,0,0,-0.480935,0,0,-1,0.00411166,StepHold,,nan,nan,nan,nan,0,0,0,0,0,-0.479474,0.0152811,0.214584,0.101681,0.721927,0.440335,0.539954,0.215679,nan,nan,nan,nan,nan,nan,nan,nan
1.04312,-0.013407,0.143712,-0.966417,-0.0522012,-0.0131432,-0.0521399,-0.056888,-0.0229168,-0.0141109,-0.0296026,-0.0161659,0.0369986,nan,nan,nan,nan,nan,nan,nan,nan,nan,nan,nan,nan,nan,nan,nan,-0.0135959,-0.010958,0.0515814,0,0,-0.480935,0,0,-1,0.00411166,StepHold,,nan,nan,nan,nan,0,0,0,0,0,-0.480935,0.01858,0.217224,0.101495,0.722737,0.442077,0.545799,0.213129,nan,nan,nan,nan,nan,nan,nan,nan
1.05884,-0.013528,0.143852,-0.966952,-0.0487051,-0.0046541,-0.0443881,-0.057532,-0.0229551,-0.0137924,-0.071825,-0.00544711,0.0364512,nan,nan,nan,nan,nan,nan,nan,nan,nan,nan,nan,nan,nan,nan,nan,0.0199432,-0.0024042,0.0500975,0,0,-0.479862,0,0,-1,0.00411166,StepHold,,nan,nan,nan,nan,0,0,0,0,0,-0.479862,0.0205238,0.2189,0.101161,0.72114,0.440859,0.547619,0.20983,nan,nan,nan,nan,nan,nan,nan,nan
1.06651,-0.0136804,0.143991,-0.967477,-0.0556147,-0.0108073,-0.0507974,-0.0579675,-0.0230336,-0.0135861,-0.048509,-0.0092083,0.0234886,nan,nan,nan,nan,nan,nan,nan,nan,nan,nan,nan,nan,nan,nan,nan,0.0199432,-0.0024042,0.0500975,0,0,-0.479862,0,0,-1,0.00411166,StepHold,,nan,nan,nan,nan,0,0,0,0,0,-0.481449,0.00734632,0.227947,0.101008,0.738289,0.426578,0.546435,0.214496,nan,nan,nan,nan,nan,nan,nan,nan
1.07699,-0.013847,0.144148,-0.968009,-0.0571584,-0.0169876,-0.0558988,-0.0581517,-0.0235637,-0.0133192,-0.0203202,-0.0598345,0.0272569,nan,nan,nan,nan,nan,nan,nan,nan,nan,nan,nan,nan,nan,nan,nan,0.0118185,-0.0153498,0.0482558,0,0,-0.480007,0,0,-1,0.00411166,StepHold,,nan,nan,nan,nan,0,0,0,0,0,-0.480007,0.0106959,0.225984,0.100874,0.732956,0.428757,0.546109,0.212205,nan,nan,nan,nan,nan,nan,nan,nan
1.0842,-0.0140089,0.144286,-0.968513,-0.0534917,-0.0146507,-0.0480579,-0.0584432,-0.0241235,-0.0130247,-0.0321607,-0.0633388,0.0300858,nan,nan,nan,nan,nan,nan,nan,nan,nan,nan,nan,nan,nan,nan,nan,0.0118185,-0.0153498,0.0482558,0,0,-0.480007,0,0,-1,0.00411166,StepHold,,nan,nan,nan,nan,0,0,0,0,0,-0.478791,0.0174403,0.220178,0.100774,0.722766,0.436316,0.545659,0.210423,nan,nan,nan,nan,nan,nan,nan,nan
1.09445,-0.0140399,0.14439,-0.968984,-0.0531642,-0.0148779,-0.037763,-0.0589516,-0.0243319,-0.0127349,-0.0560073,-0.0241678,0.0316342,nan,nan,nan,nan,nan,nan,nan,nan,nan,nan,nan,nan,nan,nan,nan,0.0152845,-0.00161648,0.0468089,0,0,-0.48219,0,0,-1,0.00411166,StepHold,,nan,nan,nan,nan,0,0,0,0,0,-0.478791,0.0174403,0.220178,0.100774,0.722766,0.436316,0.545659,0.210423,nan,nan,nan,nan,nan,nan,nan,nan
1.10129,-0.0141035,0.144481,-0.969441,-0.0572082,-0.0174427,-0.0449217,-0.0591946,-0.0247747,-0.0125916,-0.0273209,-0.0493965,0.0142464,nan,nan,nan,nan,nan,nan,nan,nan,nan,nan,nan,nan,nan,nan,nan,0.0152845,-0.00161648,0.0468089,0,0,-0.48219,0,0,-1,0.00411166,StepHold,,nan,nan,nan,nan,0,0,0,0,0,-0.480254,0.00281766,0.22354,0.100743,0.736916,0.425032,0.539189,0.219881,nan,nan,nan,nan,nan,nan,nan,nan
1.11763,-0.0141848,0.14459,-0.969912,-0.0557031,-0.0219351,-0.05004,-0.0592416,-0.0255559,-0.0123666,-0.0050939,-0.0873248,0.0209855,nan,nan,nan,nan,nan,nan,nan,nan,nan,nan,nan,nan,nan,nan,nan,0.0349354,-0.00579834,0.0458518,0,0,-0.47949,0,0,-1,0.00411166,StepHold,,nan,nan,nan,nan,0,0,0,0,0,-0.47949,0.016938,0.225424,0.100935,0.727691,0.433113,0.549548,0.207609,nan,nan,nan,nan,nan,nan,nan,nan
1.12236,-0.0143463,0.144692,-0.970817,-0.0498345,-0.0195929,-0.0343981,-0.0603279,-0.0260914,-0.0120084,-0.0668094,-0.00322023,0.0112989,nan,nan,nan,nan,nan,nan,nan,nan,nan,nan,nan,nan,nan,nan,nan,0.0349354,-0.00579834,0.0458518,0,0,-0.47949,0,0,-1,0.00411166,StepHold,,nan,nan,nan,nan,0,0,0,0,0,-0.47949,0.016938,0.225424,0.100935,0.727691,0.433113,0.549548,0.207609,nan,nan,nan,nan,nan,nan,nan,nan
1.13513,-0.0144352,0.14469,-0.971247,-0.0516945,-0.0219543,-0.038846,-0.0605767,-0.0263586,-0.0118824,-0.0276317,-0.029467,0.0131621,nan,nan,nan,nan,nan,nan,nan,nan,nan,nan,nan,nan,nan,nan,nan,0.0231638,0.0146363,0.0454343,0,0,-0.482416,0,0,-1,0.00411166,StepHold,,nan,nan,nan,nan,0,0,0,0,0,-0.481175,0.0214032,0.22186,0.101058,0.72382,0.440597,0.551748,0.208534,nan,nan,nan,nan,nan,nan,nan,nan
1.14457,-0.0145479,0.144711,-0.971691,-0.054551,-0.0266853,-0.0473172,-0.0605473,-0.0267284,-0.011683,0.0034776,-0.041755,0.0207615,nan,nan,nan,nan,nan,nan,nan,nan,nan,nan,nan,nan,nan,nan,nan,0.0231638,0.0146363,0.0454343,0,0,-0.482416,0,0,-1,0.00411166,StepHold,,nan,nan,nan,nan,0,0,0,0,0,-0.481438,0.0135418,0.223863,0.101183,0.731184,0.43401,0.547742,0.212814,nan,nan,nan,nan,nan,nan,nan,nan
1.15906,-0.014684,0.144717,-0.97214,-0.0562198,-0.0270739,-0.0402127,-0.0610329,-0.0267219,-0.011466,-0.0538206,0.000137996,0.0251259,nan,nan,nan,nan,nan,nan,nan,nan,nan,nan,nan,nan,nan,nan,nan,0.0421195,-0.00133689,0.0436102,0,0,-0.479628,0,0,-1,0.00411166,StepHold,,nan,nan,nan,nan,0,0,0,0,0,-0.479628,0.0232061,0.212312,0.101193,0.714382,0.447212,0.544593,0.212324,nan,nan,nan,nan,nan,nan,nan,nan
1.16242,-0.0149254,0.144596,-0.972656,-0.0531522,-0.0276634,-0.0422026,-0.0614252,-0.0266234,-0.0114354,-0.0439773,0.0116158,0.00500475,nan,nan,nan,nan,nan,nan,nan,nan,nan,nan,nan,nan,nan,nan,nan,0.0421195,-0.00133689,0.0436102,0,0,-0.479628,0,0,-1,0.00411166,StepHold,,nan,nan,nan,nan,0,0,0,0,0,-0.479628,0.0232061,0.212312,0.101193,0.714382,0.447212,0.544593,0.212324,nan,nan,nan,nan,nan,nan,nan,nan
1.17776,-0.015061,0.14455,-0.973096,-0.0553689,-0.0356637,-0.0454602,-0.0613428,-0.0267798,-0.0112859,0.00927508,-0.0175732,0.0164338,nan,nan,nan,nan,nan,nan,nan,nan,nan,nan,nan,nan,nan,nan,nan,0.0602251,-0.0027111,0.0426135,0,0,-0.479587,0,0,-1,0.00411166,StepHold,,nan,nan,nan,nan,0,0,0,0,0,-0.48043,0.0140885,0.21037,0.101291,0.720357,0.443039,0.537477,0.220847,nan,nan,nan,nan,nan,nan,nan,nan
1.18528,-0.0151879,0.144488,-0.973529,-0.0534062,-0.0354049,-0.0411011,-0.0612721,-0.0268674,-0.0111077,0.00802348,-0.010085,0.0199626,nan,nan,nan,nan,nan,nan,nan,nan,nan,nan,nan,nan,nan,nan,nan,0.0602251,-0.0027111,0.0426135,0,0,-0.479587,0,0,-1,0.00411166,StepHold,,nan,nan,nan,nan,0,0,0,0,0,-0.480366,0.0129118,0.21877,0.101355,0.727128,0.436266,0.542455,0.215615,nan,nan,nan,nan,nan,nan,nan,nan
1.19862,-0.0152295,0.144403,-0.973938,-0.0563725,-0.0330471,-0.0348935,-0.0615064,-0.0267032,-0.0109187,-0.0259831,0.017849,0.0230672,nan,nan,nan,nan,nan,nan,nan,nan,nan,nan,nan,nan,nan,nan,nan,0.0399406,-0.00614909,0.0416848,0,0,-0.481597,0,0,-1,0.00411166,StepHold,,nan,nan,nan,nan,0,0,0,0,0,-0.481597,0.0162987,0.215161,0.101352,0.723409,0.442442,0.543531,0.217006,nan,nan,nan,nan,nan,nan,nan,nan
1.20652,-0.0152903,0.144275,-0.974347,-0.053322,-0.0380311,-0.0417476,-0.0615983,-0.0264814,-0.0108278,-0.0103421,0.0250651,0.0126473,nan,nan,nan,nan,nan,nan,nan,nan,nan,nan,nan,nan,nan,nan,nan,0.0399406,-0.00614909,0.0416848,0,0,-0.481597,0,0,-1,0.00411166,StepHold,,nan,nan,nan,nan,0,0,0,0,0,-0.480051,0.0153661,0.216554,0.101413,0.723569,0.439312,0.542251,0.215072,nan,nan,nan,nan,nan,nan,nan,nan
1.21583,-0.015403,0.144064,-0.975178,-0.05144,-0.0377275,-0.0402089,-0.0609132,-0.0265946,-0.0105491,0.0299413,0.00832926,0.0158714,nan,nan,nan,nan,nan,nan,nan,nan,nan,nan,nan,nan,nan,nan,nan,0.0624567,-0.00130429,0.0410352,0,0,-0.479082,0,0,-1,0.00411166,StepHold,,nan,nan,nan,nan,0,0,0,0,0,-0.480051,0.0153661,0.216554,0.101413,0.723569,0.439312,0.542251,0.215072,nan,nan,nan,nan,nan,nan,nan,nan
1.22122,-0.0154703,0.143901,-0.975589,-0.0500562,-0.0343997,-0.0336489,-0.0608573,-0.026329,-0.0104225,0.00624492,0.0294672,0.0167191,nan,nan,nan,nan,nan,nan,nan,nan,nan,nan,nan,nan,nan,nan,nan,0.0624567,-0.00130429,0.0410352,0,0,-0.479082,0,0,-1,0.00411166,StepHold,,nan,nan,nan,nan,0,0,0,0,0,-0.479082,0.00647218,0.218544,0.101505,0.730389,0.430739,0.536309,0.218893,nan,nan,nan,nan,nan,nan,nan,nan
1.23621,-0.0155551,0.143708,-0.975999,-0.0507886,-0.0427271,-0.039835,-0.0605192,-0.0260197,-0.0104566,0.0374373,0.0357393,-0.000796615,nan,nan,nan,nan,nan,nan,nan,nan,nan,nan,nan,nan,nan,nan,nan,0.0259233,0.00944899,0.041222,0,0,-0.481478,0,0,-1,0.00411166,StepHold,,nan,nan,nan,nan,0,0,0,0,0,-0.481478,0.00761728,0.21758,0.101684,0.731471,0.434805,0.538651,0.220982,nan,nan,nan,nan,nan,nan,nan,nan
1.24505,-0.0156395,0.143538,-0.976422,-0.0523413,-0.0467873,-0.0475272,-0.0598705,-0.0260993,-0.0103089,0.0723621,-0.00892718,0.016754,nan,nan,nan,nan,nan,nan,nan,nan,nan,nan,nan,nan,nan,nan,nan,0.0259233,0.00944899,0.041222,0,0,-0.481478,0,0,-1,0.00411166,StepHold,,nan,nan,nan,nan,0,0,0,0,0,-0.480026,0.011614,0.223323,0.101745,0.731316,0.432179,0.544025,0.212584,nan,nan,nan,nan,nan,nan,nan,nan
1.25838,-0.0157299,0.14335,-0.976839,-0.0511515,-0.0436522,-0.0392877,-0.0597156,-0.0261327,-0.0101559,0.0174157,-0.00383425,0.0176297,nan,nan,nan,nan,nan,nan,nan,nan,nan,nan,nan,nan,nan,nan,nan,0.0411592,0.00334161,0.0401009,0,0,-0.479978,0,0,-1,0.00411166,StepHold,,nan,nan,nan,nan,0,0,0,0,0,-0.478386,0.0112004,0.215708,0.101781,0.724618,0.435666,0.536676,0.216582,nan,nan,nan,nan,nan,nan,nan,nan
1.26587,-0.0158407,0.143109,-0.977242,-0.0539437,-0.046537,-0.0330437,-0.059621,-0.0256393,-0.0100998,0.0104226,0.0553387,0.0103393,nan,nan,nan,nan,nan,nan,nan,nan,nan,nan,nan,nan,nan,nan,nan,0.0411592,0.00334161,0.0401009,0,0,-0.479978,0,0,-1,0.00411166,StepHold,,nan,nan,nan,nan,0,0,0,0,0,-0.479978,0.00434845,0.218245,0.101814,0.732883,0.430653,0.535182,0.221194,nan,nan,nan,nan,nan,nan,nan,nan
1.27796,-0.0159522,0.142836,-0.977652,-0.0503825,-0.0514075,-0.04188,-0.0590659,-0.02568,-0.0100633,0.0613497,-0.00389792,0.00456967,nan,nan,nan,nan,nan,nan,nan,nan,nan,nan,nan,nan,nan,nan,nan,0.056233,0.00337269,0.0393951,0,0,-0.479177,0,0,-1,0.00411166,StepHold,,nan,nan,nan,nan,0,0,0,0,0,-0.479177,0.0128568,0.208683,0.101846,0.719338,0.442662,0.533608,0.221102,nan,nan,nan,nan,nan,nan,nan,nan
1.28436,-0.0161491,0.142508,-0.978121,-0.0529001,-0.0566523,-0.0425523,-0.0584664,-0.0256241,-0.00992813,0.0672521,0.00618531,0.0162419,nan,nan,nan,nan,nan,nan,nan,nan,nan,nan,nan,nan,nan,nan,nan,0.056233,0.00337269,0.0393951,0,0,-0.479177,0,0,-1,0.00411166,StepHold,,nan,nan,nan,nan,0,0,0,0,0,-0.478905,0.0091316,0.218363,0.101901,0.728599,0.432966,0.537488,0.216567,nan,nan,nan,nan,nan,nan,nan,nan
1.29498,-0.0161842,0.142248,-0.978496,-0.053,-0.0499327,-0.0361801,-0.0582965,-0.0253453,-0.00976146,0.0191625,0.0307143,0.0210768,nan,nan,nan,nan,nan,nan,nan,nan,nan,nan,nan,nan,nan,nan,nan,0.0360299,-0.00733682,0.0386909,0,0,-0.480213,0,0,-1,0.00411166,StepHold,,nan,nan,nan,nan,0,0,0,0,0,-0.478905,0.0091316,0.218363,0.101901,0.728599,0.432966,0.537488,0.216567,nan,nan,nan,nan,nan,nan,nan,nan
1.30198,-0.0163027,0.141724,-0.97925,-0.0524347,-0.0559599,-0.0445865,-0.0571816,-0.0247885,-0.00966012,0.0867451,0.00280905,0.00799932,nan,nan,nan,nan,nan,nan,nan,nan,nan,nan,nan,nan,nan,nan,nan,0.0360299,-0.00733682,0.0386909,0,0,-0.480213,0,0,-1,0.00411166,StepHold,,nan,nan,nan,nan,0,0,0,0,0,-0.480213,0.00510701,0.212416,0.101886,0.728533,0.435619,0.531761,0.22494,nan,nan,nan,nan,nan,nan,nan,nan
1.31622,-0.0163685,0.141444,-0.979614,-0.0512033,-0.0593471,-0.040387,-0.0565122,-0.0245663,-0.00949022,0.0743412,0.0244318,0.0210935,nan,nan,nan,nan,nan,nan,nan,nan,nan,nan,nan,nan,nan,nan,nan,0.0458878,-0.00771605,0.0378405,0,0,-0.478288,0,0,-1,0.00411166,StepHold,,nan,nan,nan,nan,0,0,0,0,0,-0.478913,0.00595716,0.214572,0.101879,0.728148,0.433388,0.532594,0.221522,nan,nan,nan,nan,nan,nan,nan,nan
1.32406,-0.0164295,0.14112,-0.979992,-0.0483049,-0.0516262,-0.0339404,-0.0561377,-0.0240665,-0.00939321,0.0419094,0.0561593,0.0148809,nan,nan,nan,nan,nan,nan,nan,nan,nan,nan,nan,nan,nan,nan,nan,0.0458878,-0.00771605,0.0378405,0,0,-0.478288,0,0,-1,0.00411166,StepHold,,nan,nan,nan,nan,0,0,0,0,0,-0.478288,0.00912802,0.211166,0.101877,0.722871,0.437411,0.531807,0.221063,nan,nan,nan,nan,nan,nan,nan,nan
1.33839,-0.0165303,0.140787,-0.980367,-0.0477804,-0.0519066,-0.0416148,-0.0555402,-0.0236742,-0.00937878,0.0663099,0.0444133,0.00490274,nan,nan,nan,nan,nan,nan,nan,nan,nan,nan,nan,nan,nan,nan,nan,0.0205515,0.000230087,0.0378218,0,0,-0.480288,0,0,-1,0.00411166,StepHold,,nan,nan,nan,nan,0,0,0,0,0,-0.480288,-0.00261898,0.215972,0.101816,0.736515,0.427646,0.528957,0.228035,nan,nan,nan,nan,nan,nan,nan,nan
1.3443,-0.0166159,0.140472,-0.980751,-0.0524136,-0.0619332,-0.044538,-0.0546756,-0.023541,-0.00924833,0.0963599,0.014864,0.0161546,nan,nan,nan,nan,nan,nan,nan,nan,nan,nan,nan,nan,nan,nan,nan,0.0205515,0.000230087,0.0378218,0,0,-0.480288,0,0,-1,0.00411166,StepHold,,nan,nan,nan,nan,0,0,0,0,0,-0.478683,0.00606163,0.211801,0.101775,0.725781,0.435087,0.530584,0.223281,nan,nan,nan,nan,nan,nan,nan,nan
1.35483,-0.0167103,0.140141,-0.981126,-0.0518886,-0.0648286,-0.0410983,-0.054195,-0.0234702,-0.00912808,0.0535952,0.00798089,0.0146107,nan,nan,nan,nan,nan,nan,nan,nan,nan,nan,nan,nan,nan,nan,nan,0.0500643,-0.0148379,0.0365388,0,0,-0.478446,0,0,-1,0.00411166,StepHold,,nan,nan,nan,nan,0,0,0,0,0,-0.478683,0.00606163,0.211801,0.101775,0.725781,0.435087,0.530584,0.223281,nan,nan,nan,nan,nan,nan,nan,nan
1.36574,-0.0168202,0.139754,-0.981502,-0.0507377,-0.0569386,-0.0351698,-0.0538512,-0.0229646,-0.009053,0.0380428,0.0562933,0.0121155,nan,nan,nan,nan,nan,nan,nan,nan,nan,nan,nan,nan,nan,nan,nan,0.0500643,-0.0148379,0.0365388,0,0,-0.478446,0,0,-1,0.00411166,StepHold,,nan,nan,nan,nan,0,0,0,0,0,-0.479664,0.00676936,0.217357,0.101777,0.730192,0.432642,0.535988,0.219831,nan,nan,nan,nan,nan,nan,nan,nan
1.37804,-0.0169414,0.139355,-0.981877,-0.050868,-0.0624634,-0.0405318,-0.0535209,-0.0227757,-0.00898785,0.0369072,0.0215221,0.00918939,nan,nan,nan,nan,nan,nan,nan,nan,nan,nan,nan,nan,nan,nan,nan,0.0351744,-0.0138331,0.0358404,0,0,-0.478427,0,0,-1,0.00411166,StepHold,,nan,nan,nan,nan,0,0,0,0,0,-0.478427,0.0169599,0.212707,0.101726,0.718411,0.441849,0.538723,0.214726,nan,nan,nan,nan,nan,nan,nan,nan
1.38294,-0.0170896,0.1386,-0.982529,-0.0501911,-0.0624841,-0.0377542,-0.0528575,-0.0226644,-0.0086219,0.0137685,0.0210276,0.0198693,nan,nan,nan,nan,nan,nan,nan,nan,nan,nan,nan,nan,nan,nan,nan,0.0351744,-0.0138331,0.0358404,0,0,-0.478427,0,0,-1,0.00411166,StepHold,,nan,nan,nan,nan,0,0,0,0,0,-0.478427,0.0169599,0.212707,0.101726,0.718411,0.441849,0.538723,0.214726,nan,nan,nan,nan,nan,nan,nan,nan
1.39557,-0.0171166,0.138171,-0.98279,-0.0480706,-0.0589264,-0.0261216,-0.0528673,-0.0222391,-0.00849633,-0.000983797,0.0475123,0.0174524,nan,nan,nan,nan,nan,nan,nan,nan,nan,nan,nan,nan,nan,nan,nan,0.0262922,-0.0131805,0.0348735,0,0,-0.478833,0,0,-1,0.00411166,StepHold,,nan,nan,nan,nan,0,0,0,0,0,-0.477518,0.0108166,0.217527,0.101618,0.725146,0.433079,0.536985,0.214862,nan,nan,nan,nan,nan,nan,nan,nan
1.40479,-0.0172285,0.137679,-0.983064,-0.0487858,-0.0709593,-0.0368683,-0.0527047,-0.0220751,-0.0083877,0.01808,0.0184491,0.0139367,nan,nan,nan,nan,nan,nan,nan,nan,nan,nan,nan,nan,nan,nan,nan,0.0262922,-0.0131805,0.0348735,0,0,-0.478833,0,0,-1,0.00411166,StepHold,,nan,nan,nan,nan,0,0,0,0,0,-0.481105,0.0104488,0.215626,0.101343,0.727374,0.437475,0.539241,0.22033,nan,nan,nan,nan,nan,nan,nan,nan
1.41841,-0.017285,0.137239,-0.983305,-0.0489307,-0.068221,-0.0350424,-0.0523692,-0.0221229,-0.00819216,0.0378342,-0.00558678,0.0225169,nan,nan,nan,nan,nan,nan,nan,nan,nan,nan,nan,nan,nan,nan,nan,0.0498521,-0.0117961,0.0340898,0,0,-0.478739,0,0,-1,0.00411166,StepHold,,nan,nan,nan,nan,0,0,0,0,0,-0.478739,0.021023,0.217399,0.101149,0.718592,0.441139,0.545801,0.209426,nan,nan,nan,nan,nan,nan,nan,nan
1.42686,-0.0173532,0.136767,-0.983566,-0.0518636,-0.0630348,-0.0272899,-0.0524092,-0.0218071,-0.00797335,-0.00410133,0.0347334,0.027089,nan,nan,nan,nan,nan,nan,nan,nan,nan,nan,nan,nan,nan,nan,nan,0.0498521,-0.0117961,0.0340898,0,0,-0.478739,0,0,-1,0.00411166,StepHold,,nan,nan,nan,nan,0,0,0,0,0,-0.479105,0.0150526,0.209056,0.100972,0.717102,0.443005,0.536225,0.220087,nan,nan,nan,nan,nan,nan,nan,nan
1.43794,-0.017451,0.136297,-0.983812,-0.0484507,-0.0661808,-0.0307683,-0.0525021,-0.0215104,-0.00791531,-0.0103832,0.0335279,0.00908121,nan,nan,nan,nan,nan,nan,nan,nan,nan,nan,nan,nan,nan,nan,nan,0.0287438,-0.0116486,0.0325225,0,0,-0.479857,0,0,-1,0.00411166,StepHold,,nan,nan,nan,nan,0,0,0,0,0,-0.480692,0.00988718,0.221669,0.10075,0.731039,0.4318,0.543295,0.216636,nan,nan,nan,nan,nan,nan,nan,nan
1.44495,-0.0175277,0.135847,-0.984033,-0.0490793,-0.0728065,-0.0358957,-0.0521905,-0.0218312,-0.0076948,0.0350611,-0.0361278,0.0235231,nan,nan,nan,nan,nan,nan,nan,nan,nan,nan,nan,nan,nan,nan,nan,0.0287438,-0.0116486,0.0325225,0,0,-0.479857,0,0,-1,0.00411166,StepHold,,nan,nan,nan,nan,0,0,0,0,0,-0.478702,0.0174006,0.213472,0.100526,0.717716,0.440693,0.541051,0.21535,nan,nan,nan,nan,nan,nan,nan,nan
1.45785,-0.0176103,0.135372,-0.984244,-0.0517116,-0.0753219,-0.0292992,-0.0518747,-0.0220261,-0.00737655,0.0355994,-0.0225797,0.0349273,nan,nan,nan,nan,nan,nan,nan,nan,nan,nan,nan,nan,nan,nan,nan,0.0499655,-0.0237688,0.0313846,0,0,-0.479952,0,0,-1,0.00411166,StepHold,,nan,nan,nan,nan,0,0,0,0,0,-0.479952,0.0105198,0.217988,0.100349,0.726848,0.433708,0.540802,0.21845,nan,nan,nan,nan,nan,nan,nan,nan
1.46422,-0.0177099,0.134858,-0.98446,-0.0513074,-0.0666338,-0.0227744,-0.0520975,-0.0222686,-0.00721548,-0.0247023,-0.0272421,0.0174265,nan,nan,nan,nan,nan,nan,nan,nan,nan,nan,nan,nan,nan,nan,nan,0.0499655,-0.0237688,0.0313846,0,0,-0.479952,0,0,-1,0.00411166,StepHold,,nan,nan,nan,nan,0,0,0,0,0,-0.481334,0.016897,0.223562,0.100239,0.727551,0.435548,0.550742,0.211495,nan,nan,nan,nan,nan,nan,nan,nan
1.4764,-0.017954,0.133858,-0.984854,-0.0462764,-0.0765984,-0.0274351,-0.0519755,-0.0229897,-0.00694663,0.0295614,-0.0633489,0.0149903,nan,nan,nan,nan,nan,nan,nan,nan,nan,nan,nan,nan,nan,nan,nan,0.0185639,-0.0138826,0.0305059,0,0,-0.48091,0,0,-1,0.00411166,StepHold,,nan,nan,nan,nan,0,0,0,0,0,-0.481334,0.016897,0.223562,0.100239,0.727551,0.435548,0.550742,0.211495,nan,nan,nan,nan,nan,nan,nan,nan
1.48325,-0.017961,0.133327,-0.98495,-0.0450344,-0.0783787,-0.0222736,-0.0519487,-0.0234263,-0.00673966,0.00338117,-0.0490198,0.0212467,nan,nan,nan,nan,nan,nan,nan,nan,nan,nan,nan,nan,nan,nan,nan,0.0185639,-0.0138826,0.0305059,0,0,-0.48091,0,0,-1,0.00411166,StepHold,,nan,nan,nan,nan,0,0,0,0,0,-0.48091,0.0125945,0.223112,0.100235,0.729847,0.432397,0.546962,0.214435,nan,nan,nan,nan,nan,nan,nan,nan
1.49722,-0.0179955,0.132772,-0.985049,-0.0502568,-0.0652382,-0.0164919,-0.0521641,-0.0234893,-0.00668209,-0.0238353,-0.00637823,0.0070191,nan,nan,nan,nan,nan,nan,nan,nan,nan,nan,nan,nan,nan,nan,nan,0.0534567,0.00151386,0.0302887,0,0,-0.481087,0,0,-1,0.00411166,StepHold,,nan,nan,nan,nan,0,0,0,0,0,-0.481087,0.0214876,0.218198,0.10034,0.720366,0.442441,0.54985,0.211693,nan,nan,nan,nan,nan,nan,nan,nan
1.50495,-0.0180624,0.132225,-0.985157,-0.0474515,-0.0672844,-0.0217007,-0.052192,-0.0239142,-0.00661907,-0.0030692,-0.0469455,0.00556487,nan,nan,nan,nan,nan,nan,nan,nan,nan,nan,nan,nan,nan,nan,nan,0.0534567,0.00151386,0.0302887,0,0,-0.481087,0,0,-1,0.00411166,StepHold,,nan,nan,nan,nan,0,0,0,0,0,-0.482485,0.00823099,0.227435,0.100413,0.737742,0.428007,0.548327,0.215863,nan,nan,nan,nan,nan,nan,nan,nan
1.51495,-0.0181118,0.131694,-0.985259,-0.0498146,-0.0812512,-0.0258772,-0.0518937,-0.0244683,-0.00652887,0.0333605,-0.0612648,0.00779081,nan,nan,nan,nan,nan,nan,nan,nan,nan,nan,nan,nan,nan,nan,nan,0.0191374,-0.00338146,0.0297015,0,0,-0.48135,0,0,-1,0.00411166,StepHold,,nan,nan,nan,nan,0,0,0,0,0,-0.482485,0.00823099,0.227435,0.100413,0.737742,0.428007,0.548327,0.215863,nan,nan,nan,nan,nan,nan,nan,nan
1.52419,-0.0182554,0.131008,-0.9854,-0.0464697,-0.0701799,-0.0179861,-0.0520558,-0.0249002,-0.00639638,-0.0177825,-0.0479346,0.0131802,nan,nan,nan,nan,nan,nan,nan,nan,nan,nan,nan,nan,nan,nan,nan,0.0191374,-0.00338146,0.0297015,0,0,-0.48135,0,0,-1,0.00411166,StepHold,,nan,nan,nan,nan,0,0,0,0,0,-0.480307,0.0226603,0.219343,0.10056,0.719786,0.4419,0.550489,0.209053,nan,nan,nan,nan,nan,nan,nan,nan
1.53439,-0.0183218,0.130433,-0.985494,-0.0474535,-0.0727236,-0.017615,-0.0522965,-0.0250231,-0.00633946,-0.0267342,-0.0131535,0.00654218,nan,nan,nan,nan,nan,nan,nan,nan,nan,nan,nan,nan,nan,nan,nan,0.0337286,-0.00160273,0.0289977,0,0,-0.481998,0,0,-1,0.00411166,StepHold,,nan,nan,nan,nan,0,0,0,0,0,-0.480307,0.0226603,0.219343,0.10056,0.719786,0.4419,0.550489,0.209053,nan,nan,nan,nan,nan,nan,nan,nan
1.54129,-0.018384,0.129853,-0.985581,-0.0484942,-0.0837331,-0.0234435,-0.0523673,-0.0252523,-0.00631968,-0.00788006,-0.0246562,0.00176221,nan,nan,nan,nan,nan,nan,nan,nan,nan,nan,nan,nan,nan,nan,nan,0.0337286,-0.00160273,0.0289977,0,0,-0.481998,0,0,-1,0.00411166,StepHold,,nan,nan,nan,nan,0,0,0,0,0,-0.481983,0.0076108,0.218572,0.100651,0.73165,0.433571,0.540885,0.221825,nan,nan,nan,nan,nan,nan,nan,nan
1.55762,-0.0184799,0.129247,-0.985653,-0.0519026,-0.0863325,-0.0228747,-0.0521602,-0.0257888,-0.00619407,0.023473,-0.0599059,0.011792,nan,nan,nan,nan,nan,nan,nan,nan,nan,nan,nan,nan,nan,nan,nan,0.0700156,-0.0151121,0.0284195,0,0,-0.480801,0,0,-1,0.00411166,StepHold,,nan,nan,nan,nan,0,0,0,0,0,-0.480801,0.0167359,0.214333,0.100843,0.72121,0.442031,0.542969,0.216994,nan,nan,nan,nan,nan,nan,nan,nan
1.56374,-0.0186933,0.128008,-0.985861,-0.0452341,-0.0732337,-0.0163841,-0.0525292,-0.025584,-0.00606861,-0.0153018,0.0287851,0.00309167,nan,nan,nan,nan,nan,nan,nan,nan,nan,nan,nan,nan,nan,nan,nan,0.0700156,-0.0151121,0.0284195,0,0,-0.480801,0,0,-1,0.00411166,StepHold,,nan,nan,nan,nan,0,0,0,0,0,-0.480801,0.0167359,0.214333,0.100843,0.72121,0.442031,0.542969,0.216994,nan,nan,nan,nan,nan,nan,nan,nan
1.57517,-0.0187952,0.127389,-0.985961,-0.0445123,-0.0851796,-0.0203306,-0.0522372,-0.0256257,-0.00615,0.0322265,-0.00342962,-0.0084702,nan,nan,nan,nan,nan,nan,nan,nan,nan,nan,nan,nan,nan,nan,nan,0.025913,0.00635982,0.0289747,0,0,-0.482175,0,0,-1,0.00411166,StepHold,,nan,nan,nan,nan,0,0,0,0,0,-0.482432,0.0184305,0.213118,0.100948,0.720887,0.445825,0.544833,0.218182,nan,nan,nan,nan,nan,nan,nan,nan
1.5856,-0.018818,0.126725,-0.985945,-0.0481201,-0.0881596,-0.0196136,-0.0519638,-0.0257938,-0.00609884,0.0303782,-0.0181866,0.00548157,nan,nan,nan,nan,nan,nan,nan,nan,nan,nan,nan,nan,nan,nan,nan,0.025913,0.00635982,0.0289747,0,0,-0.482175,0,0,-1,0.00411166,StepHold,,nan,nan,nan,nan,0,0,0,0,0,-0.481187,0.0174546,0.223046,0.101408,0.727814,0.437329,0.549456,0.210149,nan,nan,nan,nan,nan,nan,nan,nan
1.59826,-0.0188572,0.126055,-0.985964,-0.0475301,-0.0798206,-0.0145325,-0.0520876,-0.0256329,-0.00614357,-0.0140633,0.0191858,-0.00311507,nan,nan,nan,nan,nan,nan,nan,nan,nan,nan,nan,nan,nan,nan,nan,0.0680975,-0.00577649,0.028549,0,0,-0.481344,0,0,-1,0.00411166,StepHold,,nan,nan,nan,nan,0,0,0,0,0,-0.481344,0.0225645,0.215471,0.101694,0.719286,0.446741,0.547587,0.211761,nan,nan,nan,nan,nan,nan,nan,nan
1.6051,-0.0189127,0.125409,-0.985997,-0.0445094,-0.0763582,-0.0190282,-0.0520119,-0.0254052,-0.00628296,0.00797911,0.0270266,-0.013262,nan,nan,nan,nan,nan,nan,nan,nan,nan,nan,nan,nan,nan,nan,nan,0.0680975,-0.00577649,0.028549,0,0,-0.481344,0,0,-1,0.00411166,StepHold,,nan,nan,nan,nan,0,0,0,0,0,-0.482467,0.010258,0.226523,0.101988,0.737221,0.431643,0.547524,0.213482,nan,nan,nan,nan,nan,nan,nan,nan
1.61772,-0.0189624,0.124758,-0.986022,-0.0463084,-0.0861902,-0.0219883,-0.0516171,-0.0258062,-0.00633423,0.0437588,-0.0434218,-0.00712044,nan,nan,nan,nan,nan,nan,nan,nan,nan,nan,nan,nan,nan,nan,nan,0.0602982,-0.00100985,0.0291031,0,0,-0.480869,0,0,-1,0.00411166,StepHold,,nan,nan,nan,nan,0,0,0,0,0,-0.481597,0.0156783,0.219066,0.102228,0.727485,0.440118,0.544978,0.213809,nan,nan,nan,nan,nan,nan,nan,nan
1.62446,-0.0190242,0.124067,-0.986015,-0.0502131,-0.0962534,-0.0202338,-0.0514191,-0.0259359,-0.00632063,0.0220331,-0.0136455,0.00163739,nan,nan,nan,nan,nan,nan,nan,nan,nan,nan,nan,nan,nan,nan,nan,0.0602982,-0.00100985,0.0291031,0,0,-0.480869,0,0,-1,0.00411166,StepHold,,nan,nan,nan,nan,0,0,0,0,0,-0.481138,0.0165311,0.219926,0.102476,0.727279,0.439902,0.545482,0.211891,nan,nan,nan,nan,nan,nan,nan,nan
1.63866,-0.0190866,0.123368,-0.986037,-0.0469751,-0.0818924,-0.0147322,-0.0515306,-0.0258707,-0.00633959,-0.0124556,0.00816105,-0.000883074,nan,nan,nan,nan,nan,nan,nan,nan,nan,nan,nan,nan,nan,nan,nan,0.0340331,-0.000935724,0.0292903,0,0,-0.482394,0,0,-1,0.00411166,StepHold,,nan,nan,nan,nan,0,0,0,0,0,-0.482394,0.0110315,0.218572,0.10264,0.73163,0.43839,0.541728,0.217829,nan,nan,nan,nan,nan,nan,nan,nan
1.64675,-0.0191686,0.122694,-0.986076,-0.045556,-0.0767752,-0.0174564,-0.051231,-0.0258499,-0.00645243,0.033163,0.0037851,-0.0116573,nan,nan,nan,nan,nan,nan,nan,nan,nan,nan,nan,nan,nan,nan,nan,0.0340331,-0.000935724,0.0292903,0,0,-0.482394,0,0,-1,0.00411166,StepHold,,nan,nan,nan,nan,0,0,0,0,0,-0.481909,0.0130231,0.21634,0.102829,0.728348,0.441082,0.540884,0.217324,nan,nan,nan,nan,nan,nan,nan,nan
1.65596,-0.0194161,0.121203,-0.986129,-0.0451317,-0.0829181,-0.0152385,-0.0507235,-0.0262213,-0.00648054,0.00477052,-0.00712953,-0.00175931,nan,nan,nan,nan,nan,nan,nan,nan,nan,nan,nan,nan,nan,nan,nan,0.0765671,-0.0141871,0.0292546,0,0,-0.481348,0,0,-1,0.00411166,StepHold,,nan,nan,nan,nan,0,0,0,0,0,-0.481909,0.0130231,0.21634,0.102829,0.728348,0.441082,0.540884,0.217324,nan,nan,nan,nan,nan,nan,nan,nan
1.66189,-0.0195233,0.120495,-0.98616,-0.0452952,-0.0792845,-0.0117176,-0.0505288,-0.0259406,-0.00658597,0.0213383,0.0325746,-0.00937611,nan,nan,nan,nan,nan,nan,nan,nan,nan,nan,nan,nan,nan,nan,nan,0.0765671,-0.0141871,0.0292546,0,0,-0.481348,0,0,-1,0.00411166,StepHold,,nan,nan,nan,nan,0,0,0,0,0,-0.481348,0.0187118,0.221794,0.103077,0.727869,0.440933,0.547953,0.208636,nan,nan,nan,nan,nan,nan,nan,nan
1.67763,-0.0196312,0.119773,-0.986192,-0.0446563,-0.0940386,-0.0181487,-0.0502988,-0.025924,-0.00675463,0.0249799,0.00350571,-0.0178297,nan,nan,nan,nan,nan,nan,nan,nan,nan,nan,nan,nan,nan,nan,nan,0.025256,0.00265087,0.0305349,0,0,-0.482972,0,0,-1,0.00411166,StepHold,,nan,nan,nan,nan,0,0,0,0,0,-0.482972,0.0088274,0.220752,0.103573,0.736241,0.436802,0.541354,0.217491,nan,nan,nan,nan,nan,nan,nan,nan
1.68466,-0.019651,0.119029,-0.986083,-0.0453881,-0.0937695,-0.0175368,-0.0496345,-0.0259754,-0.00682748,0.0741237,-0.00463155,-0.00771363,nan,nan,nan,nan,nan,nan,nan,nan,nan,nan,nan,nan,nan,nan,nan,0.025256,0.00265087,0.0305349,0,0,-0.482972,0,0,-1,0.00411166,StepHold,,nan,nan,nan,nan,0,0,0,0,0,-0.481482,0.0169626,0.220138,0.103825,0.728816,0.441749,0.544932,0.21043,nan,nan,nan,nan,nan,nan,nan,nan
1.69867,-0.0196698,0.118281,-0.985993,-0.0435007,-0.0824353,-0.0122872,-0.0494303,-0.0260518,-0.00688101,0.0225658,-0.00729555,-0.0053737,nan,nan,nan,nan,nan,nan,nan,nan,nan,nan,nan,nan,nan,nan,nan,0.0248974,0.00599249,0.0313234,0,0,-0.482859,0,0,-1,0.00411166,StepHold,,nan,nan,nan,nan,0,0,0,0,0,-0.481653,0.0121748,0.220388,0.104086,0.73281,0.43862,0.541633,0.213549,nan,nan,nan,nan,nan,nan,nan,nan
1.70581,-0.0197072,0.117541,-0.985918,-0.0447024,-0.0847012,-0.0118826,-0.0492236,-0.0257508,-0.00710123,0.0223691,0.0355727,-0.0218584,nan,nan,nan,nan,nan,nan,nan,nan,nan,nan,nan,nan,nan,nan,nan,0.0248974,0.00599249,0.0313234,0,0,-0.482859,0,0,-1,0.00411166,StepHold,,nan,nan,nan,nan,0,0,0,0,0,-0.482859,0.0052222,0.224409,0.104394,0.742083,0.432375,0.540456,0.216522,nan,nan,nan,nan,nan,nan,nan,nan
1.71672,-0.0197613,0.116798,-0.985841,-0.0476853,-0.0957027,-0.0175845,-0.0486863,-0.0259904,-0.00732744,0.0591766,-0.0245599,-0.0255101,nan,nan,nan,nan,nan,nan,nan,nan,nan,nan,nan,nan,nan,nan,nan,0.0674205,-0.00889006,0.0317384,0,0,-0.481694,0,0,-1,0.00411166,StepHold,,nan,nan,nan,nan,0,0,0,0,0,-0.481694,0.0187985,0.214556,0.104794,0.724751,0.448176,0.541528,0.21232,nan,nan,nan,nan,nan,nan,nan,nan
1.72454,-0.0198283,0.116012,-0.985752,-0.0459567,-0.0995564,-0.0177505,-0.0480668,-0.0261982,-0.00744358,0.0682815,-0.0215307,-0.013039,nan,nan,nan,nan,nan,nan,nan,nan,nan,nan,nan,nan,nan,nan,nan,0.0674205,-0.00889006,0.0317384,0,0,-0.481694,0,0,-1,0.00411166,StepHold,,nan,nan,nan,nan,0,0,0,0,0,-0.481629,0.0108787,0.224062,0.105218,0.737431,0.436213,0.542158,0.210713,nan,nan,nan,nan,nan,nan,nan,nan
1.73478,-0.0198675,0.115242,-0.985678,-0.0456182,-0.0889012,-0.0110732,-0.0479849,-0.0261942,-0.00757806,0.00877327,0.00199658,-0.0141009,nan,nan,nan,nan,nan,nan,nan,nan,nan,nan,nan,nan,nan,nan,nan,0.0328941,-0.00112659,0.0330327,0,0,-0.483108,0,0,-1,0.00411166,StepHold,,nan,nan,nan,nan,0,0,0,0,0,-0.481629,0.0108787,0.224062,0.105218,0.737431,0.436213,0.542158,0.210713,nan,nan,nan,nan,nan,nan,nan,nan
1.74206,-0.0200004,0.113752,-0.985552,-0.0440364,-0.091176,-0.017824,-0.0471365,-0.0264268,-0.00780658,0.058994,-0.0325629,-0.00777629,nan,nan,nan,nan,nan,nan,nan,nan,nan,nan,nan,nan,nan,nan,nan,0.0328941,-0.00112659,0.0330327,0,0,-0.483108,0,0,-1,0.00411166,StepHold,,nan,nan,nan,nan,0,0,0,0,0,-0.483108,0.00977067,0.222996,0.105513,0.739235,0.437958,0.541804,0.213435,nan,nan,nan,nan,nan,nan,nan,nan
1.75463,-0.0200828,0.112954,-0.985475,-0.0455435,-0.101617,-0.013857,-0.0469483,-0.0266731,-0.00781251,0.0209423,-0.0266082,-0.00111345,nan,nan,nan,nan,nan,nan,nan,nan,nan,nan,nan,nan,nan,nan,nan,0.0426509,0.00412857,0.0335219,0,0,-0.481743,0,0,-1,0.00411166,StepHold,,nan,nan,nan,nan,0,0,0,0,0,-0.483188,0.00935082,0.219801,0.105727,0.737566,0.440214,0.539115,0.215857,nan,nan,nan,nan,nan,nan,nan,nan
1.76159,-0.0202095,0.112026,-0.985427,-0.0436644,-0.0843801,-0.00774128,-0.047042,-0.0264898,-0.00794826,-0.010786,0.0217268,-0.013252,nan,nan,nan,nan,nan,nan,nan,nan,nan,nan,nan,nan,nan,nan,nan,0.0426509,0.00412857,0.0335219,0,0,-0.481743,0,0,-1,0.00411166,StepHold,,nan,nan,nan,nan,0,0,0,0,0,-0.481743,0.0132481,0.226412,0.105793,0.738108,0.436916,0.545034,0.206915,nan,nan,nan,nan,nan,nan,nan,nan
1.77659,-0.0202813,0.111226,-0.985364,-0.0376449,-0.0953352,-0.0116389,-0.0468434,-0.0263218,-0.00805922,0.0219037,0.0200928,-0.0107215,nan,nan,nan,nan,nan,nan,nan,nan,nan,nan,nan,nan,nan,nan,nan,0.0162186,0.00281344,0.0341884,0,0,-0.483875,0,0,-1,0.00411166,StepHold,,nan,nan,nan,nan,0,0,0,0,0,-0.483875,0.00858454,0.225259,0.105884,0.742812,0.436658,0.54296,0.213071,nan,nan,nan,nan,nan,nan,nan,nan
1.78461,-0.0203595,0.110413,-0.985272,-0.0410657,-0.0998791,-0.0124476,-0.0464767,-0.0265874,-0.00805422,0.0408612,-0.0288839,-5.75181e-05,nan,nan,nan,nan,nan,nan,nan,nan,nan,nan,nan,nan,nan,nan,nan,0.0162186,0.00281344,0.0341884,0,0,-0.483875,0,0,-1,0.00411166,StepHold,,nan,nan,nan,nan,0,0,0,0,0,-0.482904,0.0232672,0.219916,0.105827,0.727624,0.449789,0.548654,0.205551,nan,nan,nan,nan,nan,nan,nan,nan
1.79474,-0.020338,0.109634,-0.985054,-0.0412412,-0.0846553,-0.00883494,-0.0465425,-0.0266074,-0.00803064,-0.00726269,-0.00167743,0.00326238,nan,nan,nan,nan,nan,nan,nan,nan,nan,nan,nan,nan,nan,nan,nan,0.0155751,0.00586293,0.0342514,0,0,-0.483739,0,0,-1,0.00411166,StepHold,,nan,nan,nan,nan,0,0,0,0,0,-0.482904,0.0232672,0.219916,0.105827,0.727624,0.449789,0.548654,0.205551,nan,nan,nan,nan,nan,nan,nan,nan
1.80403,-0.020332,0.108854,-0.984856,-0.0416247,-0.0907478,-0.00648323,-0.0467992,-0.0266074,-0.00807788,-0.028748,0.00116496,-0.00426904,nan,nan,nan,nan,nan,nan,nan,nan,nan,nan,nan,nan,nan,nan,nan,0.0155751,0.00586293,0.0342514,0,0,-0.483739,0,0,-1,0.00411166,StepHold,,nan,nan,nan,nan,0,0,0,0,0,-0.48414,0.0197738,0.229437,0.105677,0.737911,0.441673,0.554296,0.202678,nan,nan,nan,nan,nan,nan,nan,nan
1.8184,-0.020314,0.108046,-0.984634,-0.0388398,-0.102314,-0.010182,-0.0466858,-0.0266561,-0.00810547,0.0124588,-0.00436101,-0.00234548,nan,nan,nan,nan,nan,nan,nan,nan,nan,nan,nan,nan,nan,nan,nan,0.074671,0.0122925,0.034274,0,0,-0.4833,0,0,-1,0.00411166,StepHold,,nan,nan,nan,nan,0,0,0,0,0,-0.4833,0.0209676,0.222347,0.105564,0.731101,0.446577,0.549404,0.206118,nan,nan,nan,nan,nan,nan,nan,nan
1.82276,-0.0202799,0.106416,-0.984195,-0.042251,-0.0884629,-0.00661827,-0.0467285,-0.0274766,-0.00798607,-0.0339298,-0.0373346,0.00485182,nan,nan,nan,nan,nan,nan,nan,nan,nan,nan,nan,nan,nan,nan,nan,0.074671,0.0122925,0.034274,0,0,-0.4833,0,0,-1,0.00411166,StepHold,,nan,nan,nan,nan,0,0,0,0,0,-0.4833,0.0209676,0.222347,0.105564,0.731101,0.446577,0.549404,0.206118,nan,nan,nan,nan,nan,nan,nan,nan
1.83544,-0.020301,0.105617,-0.984012,-0.0396233,-0.0884073,-0.00679127,-0.0467908,-0.0274648,-0.00808303,-0.00724729,0.002647,-0.00982039,nan,nan,nan,nan,nan,nan,nan,nan,nan,nan,nan,nan,nan,nan,nan,0.0251936,0.00219616,0.03423,0,0,-0.484342,0,0,-1,0.00411166,StepHold,,nan,nan,nan,nan,0,0,0,0,0,-0.483272,0.0230674,0.233412,0.105527,0.737376,0.440173,0.558717,0.196821,nan,nan,nan,nan,nan,nan,nan,nan
1.84468,-0.0203024,0.104795,-0.983821,-0.0358504,-0.101141,-0.00966125,-0.0465557,-0.0279592,-0.00809691,0.0261257,-0.054102,-0.003233,nan,nan,nan,nan,nan,nan,nan,nan,nan,nan,nan,nan,nan,nan,nan,0.0251936,0.00219616,0.03423,0,0,-0.484342,0,0,-1,0.00411166,StepHold,,nan,nan,nan,nan,0,0,0,0,0,-0.484306,0.00970011,0.233453,0.105526,0.74789,0.431724,0.550329,0.20728,nan,nan,nan,nan,nan,nan,nan,nan
1.8593,-0.0202974,0.103938,-0.983614,-0.035558,-0.101935,-0.00748549,-0.0464346,-0.0282255,-0.0080856,0.0134312,-0.0287369,0.000735558,nan,nan,nan,nan,nan,nan,nan,nan,nan,nan,nan,nan,nan,nan,nan,0.0693825,0.0240689,0.0347982,0,0,-0.483584,0,0,-1,0.00411166,StepHold,,nan,nan,nan,nan,0,0,0,0,0,-0.483584,0.0263482,0.224954,0.105592,0.729452,0.448851,0.555307,0.200728,nan,nan,nan,nan,nan,nan,nan,nan
1.86617,-0.0203087,0.103092,-0.983441,-0.037536,-0.0919185,-0.00308343,-0.0467594,-0.0283073,-0.00814552,-0.0365671,-0.00806257,-0.00627818,nan,nan,nan,nan,nan,nan,nan,nan,nan,nan,nan,nan,nan,nan,nan,0.0693825,0.0240689,0.0347982,0,0,-0.483584,0,0,-1,0.00411166,StepHold,,nan,nan,nan,nan,0,0,0,0,0,-0.484069,0.0295261,0.228253,0.105672,0.730102,0.44933,0.56029,0.196554,nan,nan,nan,nan,nan,nan,nan,nan
1.88556,-0.02034,0.102267,-0.983295,-0.0374049,-0.0900372,-0.00853938,-0.0467835,-0.0284151,-0.00822256,-0.00293391,-0.0108288,-0.00831291,nan,nan,nan,nan,nan,nan,nan,nan,nan,nan,nan,nan,nan,nan,nan,0.0333155,0.0158328,0.0347388,0,0,-0.484116,0,0,-1,0.00411166,StepHold,,nan,nan,nan,nan,0,0,0,0,0,-0.485136,0.013713,0.225445,0.105712,0.740406,0.441242,0.54815,0.210747,nan,nan,nan,nan,nan,nan,nan,nan
1.88619,-0.0204384,0.101303,-0.983162,-0.0383037,-0.102862,-0.0127754,-0.0464345,-0.028775,-0.00821409,0.0388603,-0.0393493,-0.000137296,nan,nan,nan,nan,nan,nan,nan,nan,nan,nan,nan,nan,nan,nan,nan,0.0333155,0.0158328,0.0347388,0,0,-0.484116,0,0,-1,0.00411166,StepHold,,nan,nan,nan,nan,0,0,0,0,0,-0.484116,0.0219116,0.218077,0.105771,0.728437,0.451288,0.547661,0.209077,nan,nan,nan,nan,nan,nan,nan,nan
1.8994,-0.020472,0.100454,-0.983032,-0.0350842,-0.0945059,-0.00545984,-0.046502,-0.0288469,-0.00823276,-0.00759295,-0.00718841,-0.00168524,nan,nan,nan,nan,nan,nan,nan,nan,nan,nan,nan,nan,nan,nan,nan,0.0456337,0.0217404,0.0354812,0,0,-0.484709,0,0,-1,0.00411166,StepHold,,nan,nan,nan,nan,0,0,0,0,0,-0.484709,0.00962564,0.220133,0.1059,0.739301,0.441868,0.540891,0.216776,nan,nan,nan,nan,nan,nan,nan,nan
1.90678,-0.0203812,0.0996222,-0.982729,-0.035289,-0.094052,-0.00724802,-0.0464961,-0.028501,-0.00836454,0.000225383,0.0396359,-0.0120606,nan,nan,nan,nan,nan,nan,nan,nan,nan,nan,nan,nan,nan,nan,nan,0.0456337,0.0217404,0.0354812,0,0,-0.484709,0,0,-1,0.00411166,StepHold,,nan,nan,nan,nan,0,0,0,0,0,-0.484432,0.0158955,0.217576,0.106079,0.732962,0.448011,0.543063,0.213694,nan,nan,nan,nan,nan,nan,nan,nan
1.91635,-0.0202321,0.0979136,-0.982161,-0.0398729,-0.10855,-0.0157158,-0.0456022,-0.0284355,-0.00860209,0.0594239,0.00789871,-0.00828167,nan,nan,nan,nan,nan,nan,nan,nan,nan,nan,nan,nan,nan,nan,nan,0.07922,0.0116658,0.035894,0,0,-0.482721,0,0,-1,0.00411166,StepHold,,nan,nan,nan,nan,0,0,0,0,0,-0.484432,0.0158955,0.217576,0.106079,0.732962,0.448011,0.543063,0.213694,nan,nan,nan,nan,nan,nan,nan,nan
1.92303,-0.0201633,0.0970483,-0.981911,-0.035885,-0.0959075,-0.00875674,-0.0455717,-0.0282499,-0.00867592,0.00309748,0.021947,-0.00635335,nan,nan,nan,nan,nan,nan,nan,nan,nan,nan,nan,nan,nan,nan,nan,0.07922,0.0116658,0.035894,0,0,-0.482721,0,0,-1,0.00411166,StepHold,,nan,nan,nan,nan,0,0,0,0,0,-0.482721,0.0118194,0.216917,0.106305,0.733892,0.44411,0.537778,0.215104,nan,nan,nan,nan,nan,nan,nan,nan
1.93692,-0.0201257,0.0961994,-0.981666,-0.0358398,-0.0935248,-0.00828903,-0.045335,-0.0275926,-0.00877406,0.0259804,0.0745239,-0.00669431,nan,nan,nan,nan,nan,nan,nan,nan,nan,nan,nan,nan,nan,nan,nan,0.0387559,0.0134232,0.0364758,0,0,-0.484324,0,0,-1,0.00411166,StepHold,,nan,nan,nan,nan,0,0,0,0,0,-0.484324,0.014232,0.208382,0.106605,0.728053,0.453754,0.534753,0.220733,nan,nan,nan,nan,nan,nan,nan,nan
1.94528,-0.020082,0.0953619,-0.981434,-0.0342549,-0.103461,-0.0146471,-0.0446679,-0.0273185,-0.00879674,0.0737586,0.0313268,-0.000277049,nan,nan,nan,nan,nan,nan,nan,nan,nan,nan,nan,nan,nan,nan,nan,0.0387559,0.0134232,0.0364758,0,0,-0.484324,0,0,-1,0.00411166,StepHold,,nan,nan,nan,nan,0,0,0,0,0,-0.484493,0.0031899,0.218708,0.106582,0.743309,0.43879,0.534436,0.221436,nan,nan,nan,nan,nan,nan,nan,nan
1.95479,-0.0200401,0.0944851,-0.981208,-0.0323808,-0.107408,-0.0133716,-0.0439943,-0.0269281,-0.0088235,0.0752501,0.044667,-0.000197261,nan,nan,nan,nan,nan,nan,nan,nan,nan,nan,nan,nan,nan,nan,nan,0.0624481,0.0140402,0.0365821,0,0,-0.483153,0,0,-1,0.00411166,StepHold,,nan,nan,nan,nan,0,0,0,0,0,-0.484493,0.0031899,0.218708,0.106582,0.743309,0.43879,0.534436,0.221436,nan,nan,nan,nan,nan,nan,nan,nan
1.96425,-0.0200511,0.0936505,-0.981026,-0.0368365,-0.0784116,-0.00447768,-0.0437383,-0.0263208,-0.00883695,0.0284049,0.068481,0.00229977,nan,nan,nan,nan,nan,nan,nan,nan,nan,nan,nan,nan,nan,nan,nan,0.0624481,0.0140402,0.0365821,0,0,-0.483153,0,0,-1,0.00411166,StepHold,,nan,nan,nan,nan,0,0,0,0,0,-0.483408,0.0125535,0.219343,0.106554,0.736025,0.44385,0.54045,0.213308,nan,nan,nan,nan,nan,nan,nan,nan
1.97434,-0.0200812,0.0929271,-0.980833,-0.039541,-0.0793527,-0.0128272,-0.0433045,-0.0257412,-0.00896386,0.0478719,0.0659324,-0.0104972,nan,nan,nan,nan,nan,nan,nan,nan,nan,nan,nan,nan,nan,nan,nan,-0.00657065,-0.00892821,0.036112,0,0,-0.483998,0,0,-1,0.00411166,StepHold,,nan,nan,nan,nan,0,0,0,0,0,-0.483408,0.0125535,0.219343,0.106554,0.736025,0.44385,0.54045,0.213308,nan,nan,nan,nan,nan,nan,nan,nan
1.98144,-0.0201306,0.0922446,-0.980657,-0.0442452,-0.0820349,-0.0202079,-0.0425772,-0.0256537,-0.00892842,0.0810159,0.0103671,0.00514458,nan,nan,nan,nan,nan,nan,nan,nan,nan,nan,nan,nan,nan,nan,nan,-0.00657065,-0.00892821,0.036112,0,0,-0.483998,0,0,-1,0.00411166,StepHold,,nan,nan,nan,nan,0,0,0,0,0,-0.485654,0.00148158,0.214859,0.106515,0.74289,0.441398,0.531735,0.226592,nan,nan,nan,nan,nan,nan,nan,nan
1.99808,-0.0201887,0.0915628,-0.9805,-0.0431806,-0.0811955,-0.0139687,-0.042333,-0.0254215,-0.00888656,0.0270968,0.0262884,0.00647978,nan,nan,nan,nan,nan,nan,nan,nan,nan,nan,nan,nan,nan,nan,nan,0.0112918,-0.0169695,0.0361339,0,0,-0.483758,0,0,-1,0.00411166,StepHold,,nan,nan,nan,nan,0,0,0,0,0,-0.483758,0.0105234,0.215717,0.106362,0.735055,0.445137,0.536993,0.217849,nan,nan,nan,nan,nan,nan,nan,nan
2.0024,-0.0200472,0.0901405,-0.979811,-0.0407099,-0.0830763,-0.0139428,-0.0421426,-0.0247681,-0.00901735,0.0187607,0.0144818,-0.00572133,nan,nan,nan,nan,nan,nan,nan,nan,nan,nan,nan,nan,nan,nan,nan,0.0112918,-0.0169695,0.0361339,0,0,-0.483758,0,0,-1,0.00411166,StepHold,,nan,nan,nan,nan,0,0,0,0,0,-0.483758,0.0105234,0.215717,0.106362,0.735055,0.445137,0.536993,0.217849,nan,nan,nan,nan,nan,nan,nan,nan
2.01508,-0.0200001,0.0894656,-0.979472,-0.0443724,-0.0861038,-0.0161028,-0.0416572,-0.024763,-0.00898196,0.0540171,0.00142396,0.00491691,nan,nan,nan,nan,nan,nan,nan,nan,nan,nan,nan,nan,nan,nan,nan,0.0230175,-0.00822641,0.0364511,0,0,-0.483812,1,0,-1,0.00411166,StepApplied,,nan,nan,nan,nan,0,0,0,0,0,-0.484999,0.0180161,0.214563,0.106325,0.730144,0.452455,0.542752,0.214645,nan,nan,nan,nan,nan,nan,nan,nan
2.02436,-0.0199662,0.0888018,-0.979148,-0.040797,-0.0784172,-0.00886949,-0.0419333,-0.0247726,-0.00894599,-0.0307928,-0.000247699,0.00488789,nan,nan,nan,nan,nan,nan,nan,nan,nan,nan,nan,nan,nan,nan,nan,0.0230175,-0.00822641,0.0364511,0,0,-0.483812,1,0,-1,0.00411166,StepApplied,,nan,nan,nan,nan,0,0,0,0,0,-0.483448,0.0237899,0.219599,0.10635,0.728095,0.45145,0.54882,0.205427,nan,nan,nan,nan,nan,nan,nan,nan
2.03879,-0.0199296,0.0881014,-0.978826,-0.0346529,-0.0757685,-0.00251123,-0.0420517,-0.0245008,-0.00904465,-0.0135407,0.0315113,-0.00874815,nan,nan,nan,nan,nan,nan,nan,nan,nan,nan,nan,nan,nan,nan,nan,0.0125707,-0.00706481,0.0366539,0,0,-0.484998,1,0,-1,0.00411166,StepApplied,,nan,nan,nan,nan,0,0,0,0,0,-0.484998,0.0140246,0.220238,0.106444,0.737097,0.445737,0.543821,0.213336,nan,nan,nan,nan,nan,nan,nan,nan
2.0448,-0.0199571,0.0872422,-0.97853,-0.0393887,-0.08338,-0.011754,-0.0419734,-0.0244184,-0.00910248,0.008468,0.0104428,-0.00518326,nan,nan,nan,nan,nan,nan,nan,nan,nan,nan,nan,nan,nan,nan,nan,0.0125707,-0.00706481,0.0366539,0,0,-0.484998,1,0,-1,0.00411166,StepApplied,,nan,nan,nan,nan,0,0,0,0,0,-0.497286,0.0189848,0.108858,0.106014,0.666685,0.539865,0.481318,0.301276,nan,nan,nan,nan,nan,nan,nan,nan
2.05785,-0.0199241,0.0865668,-0.978215,-0.0361995,-0.0814333,-0.00663335,-0.0418017,-0.0246295,-0.00908135,0.0190233,-0.0226483,0.00223288,nan,nan,nan,nan,nan,nan,nan,nan,nan,nan,nan,nan,nan,nan,nan,0.0375293,-0.758357,0.0163997,0,0,-0.49679,1,0,-1,0.00411166,StepApplied,,nan,nan,nan,nan,0,0,0,0,0,-0.49587,0.0288106,0.109353,0.10566,0.658319,0.544693,0.487554,0.292915,nan,nan,nan,nan,nan,nan,nan,nan
2.06701,-0.0198875,0.0858491,-0.977907,-0.0356475,-0.0768096,-8.06664e-05,-0.0422549,-0.0252469,-0.00904781,-0.0505103,-0.0679266,0.00168678,nan,nan,nan,nan,nan,nan,nan,nan,nan,nan,nan,nan,nan,nan,nan,0.0375293,-0.758357,0.0163997,0,0,-0.49679,1,0,-1,0.00411166,StepApplied,,nan,nan,nan,nan,0,0,0,0,0,-0.49828,0.0167214,0.131914,0.105349,0.684919,0.52229,0.497671,0.288241,nan,nan,nan,nan,nan,nan,nan,nan
2.07854,-0.0198663,0.0851447,-0.977606,-0.034483,-0.0797604,-0.00966888,-0.0424335,-0.0260128,-0.00915634,-0.0203432,-0.0838216,-0.0148576,nan,nan,nan,nan,nan,nan,nan,nan,nan,nan,nan,nan,nan,nan,nan,0.0370206,-0.748784,0.0163141,0,0,-0.496365,1,0,-1,0.00411166,StepApplied,,nan,nan,nan,nan,0,0,0,0,0,-0.496365,0.020875,0.155935,0.105109,0.696812,0.506086,0.515911,0.266651,nan,nan,nan,nan,nan,nan,nan,nan
2.0863,-0.0198058,0.0844789,-0.977325,-0.0315648,-0.0847423,-0.0173129,-0.042317,-0.0285591,-0.00914791,0.0127866,-0.281022,-0.0102156,nan,nan,nan,nan,nan,nan,nan,nan,nan,nan,nan,nan,nan,nan,nan,0.0370206,-0.748784,0.0163141,0,0,-0.496365,1,0,-1,0.00411166,StepApplied,,nan,nan,nan,nan,0,0,0,0,0,-0.494691,0.012322,0.174214,0.105024,0.714028,0.485354,0.521194,0.258189,nan,nan,nan,nan,nan,nan,nan,nan
2.09616,-0.0195055,0.0831799,-0.97666,-0.0206049,-0.071475,-0.0073701,-0.0420995,-0.0356749,-0.00895301,-0.0149559,-0.462044,-0.00711287,nan,nan,nan,nan,nan,nan,nan,nan,nan,nan,nan,nan,nan,nan,nan,0.0543029,-0.712448,0.0182191,0,0,-0.495999,1,0,-1,0.00411166,StepApplied,,nan,nan,nan,nan,0,0,0,0,0,-0.494691,0.012322,0.174214,0.105024,0.714028,0.485354,0.521194,0.258189,nan,nan,nan,nan,nan,nan,nan,nan
2.10185,-0.0192817,0.082557,-0.976275,-0.0194726,-0.0747224,-0.00702679,-0.0419563,-0.0402678,-0.00889903,0.0159061,-0.510241,-0.0144865,nan,nan,nan,nan,nan,nan,nan,nan,nan,nan,nan,nan,nan,nan,nan,0.0543029,-0.712448,0.0182191,0,0,-0.495999,1,0,-1,0.00411166,StepApplied,,nan,nan,nan,nan,0,0,0,0,0,-0.495999,0.0160624,0.210876,0.105013,0.738603,0.463371,0.551068,0.230953,nan,nan,nan,nan,nan,nan,nan,nan
2.11701,-0.019008,0.0818987,-0.975889,-0.0129478,-0.0862872,-0.013258,-0.0412731,-0.0462306,-0.00884708,0.0760572,-0.662636,-0.020873,nan,nan,nan,nan,nan,nan,nan,nan,nan,nan,nan,nan,nan,nan,nan,0.0215327,-0.650547,0.0179941,0,0,-0.496623,1,0,-1,0.00411166,StepApplied,,nan,nan,nan,nan,0,0,0,0,0,-0.496623,0.000597788,0.249302,0.105042,0.777364,0.425917,0.567886,0.215325,nan,nan,nan,nan,nan,nan,nan,nan
2.12527,-0.0187124,0.0812944,-0.975525,-0.0114905,-0.0769919,-0.0148514,-0.0406452,-0.052953,-0.0086787,0.0702226,-0.743906,-0.0109304,nan,nan,nan,nan,nan,nan,nan,nan,nan,nan,nan,nan,nan,nan,nan,0.0215327,-0.650547,0.0179941,0,0,-0.496623,1,0,-1,0.00411166,StepApplied,,nan,nan,nan,nan,0,0,0,0,0,-0.495011,0.016423,0.251297,0.105181,0.766111,0.434223,0.578736,0.200973,nan,nan,nan,nan,nan,nan,nan,nan
2.13843,-0.0184032,0.0807214,-0.975201,-0.0085918,-0.0689857,-0.0108103,-0.0404976,-0.0597365,-0.00851557,0.0172805,-0.758486,-0.0116452,nan,nan,nan,nan,nan,nan,nan,nan,nan,nan,nan,nan,nan,nan,nan,0.00319312,-0.573282,0.0184651,0,0,-0.495985,1,0,-1,0.00411166,StepApplied,,nan,nan,nan,nan,0,0,0,0,0,-0.495014,0.0127531,0.261612,0.105326,0.776149,0.424482,0.583288,0.196135,nan,nan,nan,nan,nan,nan,nan,nan
2.1469,-0.0180587,0.0801091,-0.974883,-0.00283323,-0.0729536,-0.00761453,-0.0406263,-0.0670381,-0.0084628,-0.014229,-0.811688,-0.026203,nan,nan,nan,nan,nan,nan,nan,nan,nan,nan,nan,nan,nan,nan,nan,0.00319312,-0.573282,0.0184651,0,0,-0.495985,1,0,-1,0.00411166,StepApplied,,nan,nan,nan,nan,0,0,0,0,0,-0.495985,0.010541,0.266752,0.105449,0.782442,0.420378,0.586205,0.194916,nan,nan,nan,nan,nan,nan,nan,nan
2.15768,-0.0176665,0.0794164,-0.974575,0.00389638,-0.0858742,-0.0176846,-0.0403223,-0.0746046,-0.00832612,0.0346584,-0.841568,-0.0180361,nan,nan,nan,nan,nan,nan,nan,nan,nan,nan,nan,nan,nan,nan,nan,0.0614789,-0.496702,0.0222858,0,0,-0.494021,1,0,-1,0.00411166,StepApplied,,nan,nan,nan,nan,0,0,0,0,0,-0.494021,0.0279304,0.256284,0.105601,0.760931,0.438264,0.588989,0.187901,nan,nan,nan,nan,nan,nan,nan,nan
2.16463,-0.0172489,0.0788043,-0.974316,0.00384204,-0.0846854,-0.0236861,-0.0401781,-0.0821613,-0.0081231,0.0175698,-0.840884,-0.010477,nan,nan,nan,nan,nan,nan,nan,nan,nan,nan,nan,nan,nan,nan,nan,0.0614789,-0.496702,0.0222858,0,0,-0.494021,1,0,-1,0.00411166,StepApplied,,nan,nan,nan,nan,0,0,0,0,0,-0.493167,0.0255219,0.267655,0.105834,0.770053,0.427898,0.594236,0.18048,nan,nan,nan,nan,nan,nan,nan,nan
2.17697,-0.0167791,0.0780281,-0.974142,0.0124034,-0.069942,-0.0160372,-0.0407298,-0.0893866,-0.00796584,-0.0598959,-0.799638,-0.0141871,nan,nan,nan,nan,nan,nan,nan,nan,nan,nan,nan,nan,nan,nan,nan,0.0547885,-0.461863,0.0221836,0,0,-0.493167,1,0,-1,0.00411166,StepApplied,,nan,nan,nan,nan,0,0,0,0,0,-0.493167,0.0327989,0.248923,0.105934,0.751762,0.44639,0.586042,0.188473,nan,nan,nan,nan,nan,nan,nan,nan
2.18207,-0.0157839,0.0767405,-0.973828,0.0238896,-0.0844781,-0.0310655,-0.0414366,-0.10276,-0.0075668,-0.0305356,-0.747411,-0.000931624,nan,nan,nan,nan,nan,nan,nan,nan,nan,nan,nan,nan,nan,nan,nan,0.0547885,-0.461863,0.0221836,0,0,-0.493167,1,0,-1,0.00411166,StepApplied,,nan,nan,nan,nan,0,0,0,0,0,-0.493167,0.0327989,0.248923,0.105934,0.751762,0.44639,0.586042,0.188473,nan,nan,nan,nan,nan,nan,nan,nan
2.19482,-0.0151121,0.0761564,-0.973585,0.035331,-0.0698381,-0.02608,-0.0421938,-0.108828,-0.00730296,-0.0814716,-0.675597,0.00171615,nan,nan,nan,nan,nan,nan,nan,nan,nan,nan,nan,nan,nan,nan,nan,0.059273,-0.355746,0.0226952,0,0,-0.491084,1,0,-1,0.00411166,StepApplied,,nan,nan,nan,nan,0,0,0,0,0,-0.492473,0.0351093,0.252338,0.105884,0.7518,0.444865,0.589446,0.183781,nan,nan,nan,nan,nan,nan,nan,nan
2.20175,-0.0143925,0.0755861,-0.973377,0.042708,-0.070953,-0.0290012,-0.0428056,-0.114161,-0.00713157,-0.0663708,-0.593151,-0.00536534,nan,nan,nan,nan,nan,nan,nan,nan,nan,nan,nan,nan,nan,nan,nan,0.059273,-0.355746,0.0226952,0,0,-0.491084,1,0,-1,0.00411166,StepApplied,,nan,nan,nan,nan,0,0,0,0,0,-0.491084,0.0337876,0.248063,0.105781,0.74822,0.445461,0.584205,0.18645,nan,nan,nan,nan,nan,nan,nan,nan
2.2188,-0.0135979,0.0750152,-0.973199,0.0486538,-0.0773215,-0.0389148,-0.0431733,-0.119305,-0.00689506,-0.0380266,-0.569384,0.00239764,nan,nan,nan,nan,nan,nan,nan,nan,nan,nan,nan,nan,nan,nan,nan,0.0269949,-0.286218,0.0223079,0,0,-0.491061,1,0,-1,0.00411166,StepApplied,,nan,nan,nan,nan,0,0,0,0,0,-0.491061,0.0203931,0.240685,0.105347,0.752017,0.440749,0.56993,0.201546,nan,nan,nan,nan,nan,nan,nan,nan
2.22445,-0.0127543,0.0743999,-0.97304,0.0552466,-0.0795946,-0.0378003,-0.0435267,-0.123887,-0.00653135,-0.0349749,-0.513103,0.0190283,nan,nan,nan,nan,nan,nan,nan,nan,nan,nan,nan,nan,nan,nan,nan,0.0269949,-0.286218,0.0223079,0,0,-0.491061,1,0,-1,0.00411166,StepApplied,,nan,nan,nan,nan,0,0,0,0,0,-0.488962,0.0357928,0.228825,0.104939,0.730236,0.457519,0.570748,0.197347,nan,nan,nan,nan,nan,nan,nan,nan
2.23473,-0.011834,0.073767,-0.972918,0.0612884,-0.0733182,-0.032165,-0.0442756,-0.127924,-0.00624005,-0.079674,-0.449669,0.0132668,nan,nan,nan,nan,nan,nan,nan,nan,nan,nan,nan,nan,nan,nan,nan,0.041069,-0.233491,0.0216117,0,0,-0.490227,1,0,-1,0.00411166,StepApplied,,nan,nan,nan,nan,0,0,0,0,0,-0.488962,0.0357928,0.228825,0.104939,0.730236,0.457519,0.570748,0.197347,nan,nan,nan,nan,nan,nan,nan,nan
2.24493,-0.0108823,0.073141,-0.972843,0.0668881,-0.0748844,-0.0437388,-0.0447374,-0.131465,-0.00597141,-0.0478931,-0.394276,0.0129173,nan,nan,nan,nan,nan,nan,nan,nan,nan,nan,nan,nan,nan,nan,nan,0.041069,-0.233491,0.0216117,0,0,-0.490227,1,0,-1,0.00411166,StepApplied,,nan,nan,nan,nan,0,0,0,0,0,-0.487843,0.027155,0.222918,0.103958,0.730067,0.453486,0.560327,0.207491,nan,nan,nan,nan,nan,nan,nan,nan
2.25803,-0.00986409,0.0725585,-0.972813,0.0769187,-0.0755986,-0.050399,-0.0449179,-0.135065,-0.00552351,-0.0138076,-0.401728,0.0322266,nan,nan,nan,nan,nan,nan,nan,nan,nan,nan,nan,nan,nan,nan,nan,0.055596,-0.190743,0.0209635,0,0,-0.486137,1,0,-1,0.00411166,StepApplied,,nan,nan,nan,nan,0,0,0,0,0,-0.486137,0.0179014,0.230583,0.103313,0.73968,0.439171,0.558141,0.207555,nan,nan,nan,nan,nan,nan,nan,nan
2.26258,-0.00876738,0.0720073,-0.972811,0.087557,-0.0714257,-0.0458674,-0.0453554,-0.138014,-0.00508933,-0.0422456,-0.327652,0.0336448,nan,nan,nan,nan,nan,nan,nan,nan,nan,nan,nan,nan,nan,nan,nan,0.055596,-0.190743,0.0209635,0,0,-0.486137,1,0,-1,0.00411166,StepApplied,,nan,nan,nan,nan,0,0,0,0,0,-0.486137,0.0179014,0.230583,0.103313,0.73968,0.439171,0.558141,0.207555,nan,nan,nan,nan,nan,nan,nan,nan
2.27545,-0.00632982,0.0708124,-0.972883,0.111029,-0.0827124,-0.0525109,-0.045634,-0.143015,-0.00429648,0.0237033,-0.284425,0.0355427,nan,nan,nan,nan,nan,nan,nan,nan,nan,nan,nan,nan,nan,nan,nan,0.0481215,-0.139078,0.0193293,0,0,-0.486792,1,0,-1,0.00411166,StepApplied,,nan,nan,nan,nan,0,0,0,0,0,-0.486732,0.0205906,0.23016,0.102718,0.73748,0.441373,0.560933,0.207143,nan,nan,nan,nan,nan,nan,nan,nan
2.28651,-0.00481288,0.0701248,-0.973018,0.118242,-0.0715217,-0.0509766,-0.0456811,-0.145124,-0.00373223,0.00347097,-0.23661,0.0521202,nan,nan,nan,nan,nan,nan,nan,nan,nan,nan,nan,nan,nan,nan,nan,0.0481215,-0.139078,0.0193293,0,0,-0.486792,1,0,-1,0.00411166,StepApplied,,nan,nan,nan,nan,0,0,0,0,0,-0.484502,0.0218256,0.227184,0.101107,0.730662,0.440509,0.559085,0.207752,nan,nan,nan,nan,nan,nan,nan,nan
2.29858,-0.00324203,0.069585,-0.972967,0.13207,-0.0696113,-0.0469197,-0.0460582,-0.146923,-0.00318305,-0.033388,-0.201991,0.0519555,nan,nan,nan,nan,nan,nan,nan,nan,nan,nan,nan,nan,nan,nan,nan,0.0455366,-0.0998215,0.017317,0,0,-0.484886,1,0,-1,0.00411166,StepApplied,,nan,nan,nan,nan,0,0,0,0,0,-0.484886,0.0178119,0.225541,0.100134,0.73175,0.438243,0.556442,0.213109,nan,nan,nan,nan,nan,nan,nan,nan
2.30691,-0.00158266,0.0690075,-0.97291,0.144001,-0.0805308,-0.0512256,-0.0460159,-0.148338,-0.00263169,0.0132925,-0.158235,0.0540172,nan,nan,nan,nan,nan,nan,nan,nan,nan,nan,nan,nan,nan,nan,nan,0.0455366,-0.0998215,0.017317,0,0,-0.484886,1,0,-1,0.00411166,StepApplied,,nan,nan,nan,nan,0,0,0,0,0,-0.485264,0.00859906,0.226256,0.0991962,0.738211,0.430663,0.551748,0.220434,nan,nan,nan,nan,nan,nan,nan,nan
2.31841,0.000138199,0.0684399,-0.972848,0.148503,-0.085315,-0.0537251,-0.0457999,-0.150057,-0.00196498,0.0349151,-0.194573,0.0658157,nan,nan,nan,nan,nan,nan,nan,nan,nan,nan,nan,nan,nan,nan,nan,0.0879159,-0.0609119,0.0145301,0,0,-0.483643,1,0,-1,0.00411166,StepApplied,,nan,nan,nan,nan,0,0,0,0,0,-0.484002,0.02769,0.225475,0.0981328,0.721834,0.44239,0.564497,0.207288,nan,nan,nan,nan,nan,nan,nan,nan
2.32495,0.00193979,0.0678873,-0.972841,0.161463,-0.0699715,-0.0480995,-0.0459874,-0.151355,-0.00130142,-0.0101308,-0.146688,0.0672145,nan,nan,nan,nan,nan,nan,nan,nan,nan,nan,nan,nan,nan,nan,nan,0.0879159,-0.0609119,0.0145301,0,0,-0.483643,1,0,-1,0.00411166,StepApplied,,nan,nan,nan,nan,0,0,0,0,0,-0.484002,0.02769,0.225475,0.0981328,0.721834,0.44239,0.564497,0.207288,nan,nan,nan,nan,nan,nan,nan,nan
2.33834,0.00381971,0.0673362,-0.972834,0.174916,-0.0653505,-0.0426977,-0.0460711,-0.152101,-0.00071019,0.000285555,-0.084999,0.0620283,nan,nan,nan,nan,nan,nan,nan,nan,nan,nan,nan,nan,nan,nan,nan,0.026559,-0.0138204,0.0120623,0,0,-0.485307,1,0,-1,0.00411166,StepApplied,,nan,nan,nan,nan,0,0,0,0,0,-0.485307,0.0142468,0.233213,0.0962748,0.73626,0.426859,0.563621,0.214488,nan,nan,nan,nan,nan,nan,nan,nan
2.34493,0.00580464,0.0667735,-0.972823,0.184649,-0.0813772,-0.0494454,-0.0459637,-0.153243,-9.45804e-05,0.0220564,-0.129188,0.0626512,nan,nan,nan,nan,nan,nan,nan,nan,nan,nan,nan,nan,nan,nan,nan,0.026559,-0.0138204,0.0120623,0,0,-0.485307,1,0,-1,0.00411166,StepApplied,,nan,nan,nan,nan,0,0,0,0,0,-0.483634,0.0270998,0.217496,0.0952908,0.7134,0.444405,0.560913,0.215818,nan,nan,nan,nan,nan,nan,nan,nan
2.35621,0.0100382,0.0655967,-0.972799,0.211119,-0.0685269,-0.0427712,-0.0461037,-0.154796,0.0013228,-0.0295835,-0.0798772,0.0789295,nan,nan,nan,nan,nan,nan,nan,nan,nan,nan,nan,nan,nan,nan,nan,0.0782112,0.0100914,0.00797868,0,0,-0.483657,1,0,-1,0.00411166,StepApplied,,nan,nan,nan,nan,0,0,0,0,0,-0.483634,0.0270998,0.217496,0.0952908,0.7134,0.444405,0.560913,0.215818,nan,nan,nan,nan,nan,nan,nan,nan
2.36313,0.0122943,0.0650275,-0.972814,0.218219,-0.0689405,-0.0415375,-0.0462685,-0.15493,0.00200964,-0.00684643,-0.0174518,0.0755622,nan,nan,nan,nan,nan,nan,nan,nan,nan,nan,nan,nan,nan,nan,nan,0.0782112,0.0100914,0.00797868,0,0,-0.483657,1,0,-1,0.00411166,StepApplied,,nan,nan,nan,nan,0,0,0,0,0,-0.483657,0.028872,0.231703,0.0942922,0.721218,0.434636,0.573228,0.205545,nan,nan,nan,nan,nan,nan,nan,nan
2.37829,0.0146084,0.0644511,-0.972827,0.225331,-0.0800613,-0.0481418,-0.0461682,-0.155494,0.00273904,0.0234569,-0.0654439,0.0780181,nan,nan,nan,nan,nan,nan,nan,nan,nan,nan,nan,nan,nan,nan,nan,0.040976,0.0318508,0.00471989,0,0,-0.484759,1,0,-1,0.00411166,StepApplied,,nan,nan,nan,nan,0,0,0,0,0,-0.484759,0.0149124,0.224065,0.0922014,0.7247,0.429177,0.56115,0.224008,nan,nan,nan,nan,nan,nan,nan,nan
2.38435,0.0170144,0.0638661,-0.972834,0.237792,-0.0817199,-0.0477238,-0.0461829,-0.156014,0.00362948,0.0134767,-0.0615545,0.0958987,nan,nan,nan,nan,nan,nan,nan,nan,nan,nan,nan,nan,nan,nan,nan,0.040976,0.0318508,0.00471989,0,0,-0.484759,1,0,-1,0.00411166,StepApplied,,nan,nan,nan,nan,0,0,0,0,0,-0.483315,0.0316084,0.217132,0.0909945,0.705342,0.443235,0.567819,0.216865,nan,nan,nan,nan,nan,nan,nan,nan
2.39497,0.0196875,0.0633124,-0.97272,0.251312,-0.0728543,-0.0381848,-0.0466771,-0.155929,0.00443471,-0.0411436,0.00626031,0.0891713,nan,nan,nan,nan,nan,nan,nan,nan,nan,nan,nan,nan,nan,nan,nan,0.0803813,0.0487951,0.000355781,0,0,-0.483082,1,0,-1,0.00411166,StepApplied,,nan,nan,nan,nan,0,0,0,0,0,-0.483315,0.0316084,0.217132,0.0909945,0.705342,0.443235,0.567819,0.216865,nan,nan,nan,nan,nan,nan,nan,nan
2.40405,0.0224601,0.0627791,-0.972606,0.264097,-0.070975,-0.0386865,-0.0468652,-0.155866,0.00523353,-0.00750835,0.0041186,0.0893877,nan,nan,nan,nan,nan,nan,nan,nan,nan,nan,nan,nan,nan,nan,nan,0.0803813,0.0487951,0.000355781,0,0,-0.483082,1,0,-1,0.00411166,StepApplied,,nan,nan,nan,nan,0,0,0,0,0,-0.484773,0.0208946,0.225136,0.0887815,0.717824,0.429244,0.569569,0.222455,nan,nan,nan,nan,nan,nan,nan,nan
2.41441,0.0257223,0.0620879,-0.972558,0.273457,-0.0820546,-0.0436055,-0.0467792,-0.155762,0.00613987,0.024927,0.00806889,0.100929,nan,nan,nan,nan,nan,nan,nan,nan,nan,nan,nan,nan,nan,nan,nan,0.0847681,0.0841613,-0.00478097,0,0,-0.483274,1,0,-1,0.00411166,StepApplied,,nan,nan,nan,nan,0,0,0,0,0,-0.484773,0.0208946,0.225136,0.0887815,0.717824,0.429244,0.569569,0.222455,nan,nan,nan,nan,nan,nan,nan,nan
2.42135,0.0286696,0.0615454,-0.972442,0.282524,-0.0747752,-0.036765,-0.0469864,-0.155709,0.00709259,-0.00692274,0.0021087,0.105751,nan,nan,nan,nan,nan,nan,nan,nan,nan,nan,nan,nan,nan,nan,nan,0.0847681,0.0841613,-0.00478097,0,0,-0.483274,1,0,-1,0.00411166,StepApplied,,nan,nan,nan,nan,0,0,0,0,0,-0.484449,0.0256215,0.216936,0.0876708,0.707249,0.436951,0.567903,0.225695,nan,nan,nan,nan,nan,nan,nan,nan
2.43776,0.0317002,0.0609793,-0.972333,0.295217,-0.0690883,-0.0324275,-0.0474996,-0.155034,0.00798317,-0.0420948,0.0715834,0.102169,nan,nan,nan,nan,nan,nan,nan,nan,nan,nan,nan,nan,nan,nan,nan,0.0432538,0.102708,-0.00900573,0,0,-0.485334,1,0,-1,0.00411166,StepApplied,,nan,nan,nan,nan,0,0,0,0,0,-0.485334,0.0274425,0.22142,0.0851958,0.707543,0.433478,0.575717,0.224599,nan,nan,nan,nan,nan,nan,nan,nan
2.4422,0.038,0.0598435,-0.972103,0.318548,-0.079149,-0.0387384,-0.0477677,-0.154098,0.00984483,0.0112707,0.0363259,0.107822,nan,nan,nan,nan,nan,nan,nan,nan,nan,nan,nan,nan,nan,nan,nan,0.0432538,0.102708,-0.00900573,0,0,-0.485334,1,0,-1,0.00411166,StepApplied,,nan,nan,nan,nan,0,0,0,0,0,-0.485334,0.0274425,0.22142,0.0851958,0.707543,0.433478,0.575717,0.224599,nan,nan,nan,nan,nan,nan,nan,nan
2.45524,0.0412836,0.0592957,-0.971989,0.329767,-0.0739787,-0.0303012,-0.0479627,-0.153535,0.0107672,-0.00624242,0.0589237,0.105084,nan,nan,nan,nan,nan,nan,nan,nan,nan,nan,nan,nan,nan,nan,nan,0.0785302,0.121166,-0.0152669,0,0,-0.483633,1,0,-1,0.00411166,StepApplied,,nan,nan,nan,nan,0,0,0,0,0,-0.484278,0.0307179,0.227536,0.0839605,0.70726,0.429177,0.582535,0.218139,nan,nan,nan,nan,nan,nan,nan,nan
2.46422,0.0446429,0.0587265,-0.971866,0.342346,-0.0656951,-0.0229777,-0.0483181,-0.152611,0.0117533,-0.0230918,0.0985957,0.11404,nan,nan,nan,nan,nan,nan,nan,nan,nan,nan,nan,nan,nan,nan,nan,0.0785302,0.121166,-0.0152669,0,0,-0.483633,1,0,-1,0.00411166,StepApplied,,nan,nan,nan,nan,0,0,0,0,0,-0.485221,0.030245,0.22348,0.0818018,0.703512,0.430495,0.582435,0.224442,nan,nan,nan,nan,nan,nan,nan,nan
2.47828,0.0480896,0.0581495,-0.971758,0.354278,-0.0696316,-0.0270256,-0.0485404,-0.151558,0.0126286,-0.0102222,0.113462,0.102563,nan,nan,nan,nan,nan,nan,nan,nan,nan,nan,nan,nan,nan,nan,nan,0.0398275,0.139185,-0.0194573,0,0,-0.486578,1,0,-1,0.00411166,StepApplied,,nan,nan,nan,nan,0,0,0,0,0,-0.486578,0.0223795,0.22758,0.080689,0.712217,0.422278,0.582238,0.229577,nan,nan,nan,nan,nan,nan,nan,nan
2.48567,0.0516298,0.0575884,-0.971639,0.364437,-0.0808234,-0.029667,-0.0484219,-0.150815,0.0135718,0.0286416,0.0781663,0.107808,nan,nan,nan,nan,nan,nan,nan,nan,nan,nan,nan,nan,nan,nan,nan,0.0398275,0.139185,-0.0194573,0,0,-0.486578,1,0,-1,0.00411166,StepApplied,,nan,nan,nan,nan,0,0,0,0,0,-0.485557,0.0309397,0.226207,0.079585,0.703069,0.427177,0.587404,0.224577,nan,nan,nan,nan,nan,nan,nan,nan
2.49766,0.0552493,0.0570077,-0.971511,0.372923,-0.07934,-0.0272607,-0.0484998,-0.149885,0.0146084,0.00843148,0.0994673,0.120256,nan,nan,nan,nan,nan,nan,nan,nan,nan,nan,nan,nan,nan,nan,nan,0.0837514,0.151469,-0.0263733,0,0,-0.485329,1,0,-1,0.00411166,StepApplied,,nan,nan,nan,nan,0,0,0,0,0,-0.484843,0.0309384,0.215999,0.078579,0.694133,0.432675,0.580481,0.232084,nan,nan,nan,nan,nan,nan,nan,nan
2.50444,0.0589462,0.0564324,-0.971404,0.382639,-0.065517,-0.0239258,-0.048653,-0.148594,0.0156249,-0.000434278,0.139029,0.119373,nan,nan,nan,nan,nan,nan,nan,nan,nan,nan,nan,nan,nan,nan,nan,0.0837514,0.151469,-0.0263733,0,0,-0.485329,1,0,-1,0.00411166,StepApplied,,nan,nan,nan,nan,0,0,0,0,0,-0.486069,0.0112448,0.226141,0.0774187,0.715296,0.411643,0.576109,0.241229,nan,nan,nan,nan,nan,nan,nan,nan
2.51888,0.0628972,0.0559031,-0.971201,0.390491,-0.0680819,-0.0245641,-0.0485459,-0.147212,0.0165627,0.0271176,0.149586,0.111205,nan,nan,nan,nan,nan,nan,nan,nan,nan,nan,nan,nan,nan,nan,nan,0.0516092,0.154525,-0.0317417,0,0,-0.485889,1,0,-1,0.00411166,StepApplied,,nan,nan,nan,nan,0,0,0,0,0,-0.485889,0.024942,0.218541,0.0762713,0.69891,0.425376,0.581389,0.237882,nan,nan,nan,nan,nan,nan,nan,nan
2.52614,0.0669165,0.0553614,-0.970998,0.398979,-0.0759286,-0.0318296,-0.0483056,-0.146235,0.0175025,0.0418098,0.105059,0.109326,nan,nan,nan,nan,nan,nan,nan,nan,nan,nan,nan,nan,nan,nan,nan,0.0516092,0.154525,-0.0317417,0,0,-0.485889,1,0,-1,0.00411166,StepApplied,,nan,nan,nan,nan,0,0,0,0,0,-0.484314,0.0255952,0.219879,0.0754072,0.696956,0.422452,0.582087,0.235763,nan,nan,nan,nan,nan,nan,nan,nan
2.53589,0.0758066,0.0541854,-0.970626,0.421804,-0.0702505,-0.0216475,-0.0479943,-0.143446,0.0194812,0.0179123,0.168601,0.114591,nan,nan,nan,nan,nan,nan,nan,nan,nan,nan,nan,nan,nan,nan,nan,0.064629,0.170213,-0.0380815,0,0,-0.485147,1,0,-1,0.00411166,StepApplied,,nan,nan,nan,nan,0,0,0,0,0,-0.484314,0.0255952,0.219879,0.0754072,0.696956,0.422452,0.582087,0.235763,nan,nan,nan,nan,nan,nan,nan,nan
2.54065,0.0800668,0.0536419,-0.970439,0.435269,-0.0675033,-0.0268645,-0.0476913,-0.14186,0.020325,0.0468672,0.173264,0.101919,nan,nan,nan,nan,nan,nan,nan,nan,nan,nan,nan,nan,nan,nan,nan,0.064629,0.170213,-0.0380815,0,0,-0.485147,1,0,-1,0.00411166,StepApplied,,nan,nan,nan,nan,0,0,0,0,0,-0.485147,0.0160053,0.224137,0.074448,0.706621,0.412534,0.580106,0.241327,nan,nan,nan,nan,nan,nan,nan,nan
2.55624,0.0843996,0.0531156,-0.970247,0.443489,-0.0787432,-0.0293307,-0.047078,-0.140542,0.0211851,0.0815541,0.143246,0.102204,nan,nan,nan,nan,nan,nan,nan,nan,nan,nan,nan,nan,nan,nan,nan,0.0474507,0.186022,-0.0422638,0,0,-0.484882,1,0,-1,0.00411166,StepApplied,,nan,nan,nan,nan,0,0,0,0,0,-0.484882,0.00575689,0.226355,0.0728532,0.713578,0.401859,0.575756,0.248336,nan,nan,nan,nan,nan,nan,nan,nan
2.56501,0.0888159,0.0525625,-0.970057,0.450509,-0.0854992,-0.0248537,-0.0464805,-0.139197,0.022136,0.0810963,0.145995,0.112295,nan,nan,nan,nan,nan,nan,nan,nan,nan,nan,nan,nan,nan,nan,nan,0.0474507,0.186022,-0.0422638,0,0,-0.484882,1,0,-1,0.00411166,StepApplied,,nan,nan,nan,nan,0,0,0,0,0,-0.48427,0.0153072,0.221347,0.0720403,0.701859,0.410728,0.579171,0.245323,nan,nan,nan,nan,nan,nan,nan,nan
2.57858,0.0932988,0.0519872,-0.969882,0.459346,-0.0699048,-0.0191634,-0.0461991,-0.137533,0.0230949,0.0456251,0.180367,0.114151,nan,nan,nan,nan,nan,nan,nan,nan,nan,nan,nan,nan,nan,nan,nan,0.0420827,0.184158,-0.0488766,0,0,-0.486368,1,0,-1,0.00411166,StepApplied,,nan,nan,nan,nan,0,0,0,0,0,-0.485133,0.0172494,0.218576,0.0712967,0.698645,0.41418,0.58019,0.247515,nan,nan,nan,nan,nan,nan,nan,nan
2.58473,0.0978618,0.0514325,-0.969725,0.470259,-0.0649538,-0.0197118,-0.0459644,-0.135844,0.0239561,0.0392092,0.185681,0.104607,nan,nan,nan,nan,nan,nan,nan,nan,nan,nan,nan,nan,nan,nan,nan,0.0420827,0.184158,-0.0488766,0,0,-0.486368,1,0,-1,0.00411166,StepApplied,,nan,nan,nan,nan,0,0,0,0,0,-0.486368,0.0112843,0.224731,0.0706894,0.707844,0.406238,0.582164,0.249226,nan,nan,nan,nan,nan,nan,nan,nan
2.59668,0.102475,0.0508508,-0.969565,0.474862,-0.0754682,-0.021873,-0.0453865,-0.134254,0.0247235,0.0756737,0.174106,0.0931411,nan,nan,nan,nan,nan,nan,nan,nan,nan,nan,nan,nan,nan,nan,nan,0.0642317,0.181654,-0.054305,0,0,-0.485703,1,0,-1,0.00411166,StepApplied,,nan,nan,nan,nan,0,0,0,0,0,-0.485703,0.0176403,0.213942,0.0700524,0.694419,0.417059,0.579006,0.252328,nan,nan,nan,nan,nan,nan,nan,nan
2.60551,0.10735,0.050312,-0.969281,0.481489,-0.0785534,-0.0259557,-0.044612,-0.132815,0.0255816,0.0988002,0.156924,0.102272,nan,nan,nan,nan,nan,nan,nan,nan,nan,nan,nan,nan,nan,nan,nan,0.0642317,0.181654,-0.054305,0,0,-0.485703,1,0,-1,0.00411166,StepApplied,,nan,nan,nan,nan,0,0,0,0,0,-0.484887,0.0139975,0.219013,0.0695437,0.699256,0.409574,0.579707,0.251013,nan,nan,nan,nan,nan,nan,nan,nan
2.61548,0.112289,0.0497866,-0.96902,0.492446,-0.0694746,-0.0194224,-0.0443912,-0.131133,0.0264041,0.0364344,0.184583,0.0995199,nan,nan,nan,nan,nan,nan,nan,nan,nan,nan,nan,nan,nan,nan,nan,0.0387418,0.191858,-0.0578054,0,0,-0.486144,1,0,-1,0.00411166,StepApplied,,nan,nan,nan,nan,0,0,0,0,0,-0.486144,0.0139975,0.219013,0.0695437,0.699256,0.409574,0.579707,0.251013,nan,nan,nan,nan,nan,nan,nan,nan
2.62186,0.122353,0.0486643,-0.968475,0.512374,-0.0658178,-0.014449,-0.0440809,-0.127473,0.0278645,0.0303334,0.185365,0.0852101,nan,nan,nan,nan,nan,nan,nan,nan,nan,nan,nan,nan,nan,nan,nan,0.0387418,0.191858,-0.0578054,0,0,-0.486144,1,0,-1,0.00411166,StepApplied,,nan,nan,nan,nan,0,0,0,0,0,-0.486144,0.0140588,0.220986,0.0691306,0.701451,0.409065,0.582813,0.251245,nan,nan,nan,nan,nan,nan,nan,nan
2.63476,0.12749,0.0481291,-0.968202,0.51624,-0.078112,-0.0163764,-0.0434225,-0.125825,0.0286139,0.0836955,0.181251,0.0911652,nan,nan,nan,nan,nan,nan,nan,nan,nan,nan,nan,nan,nan,nan,nan,0.0328311,0.201864,-0.0628924,0,0,-0.487018,1,0,-1,0.00411166,StepApplied,,nan,nan,nan,nan,0,0,0,0,0,-0.487927,0.026622,0.221191,0.0687104,0.694076,0.419167,0.594044,0.244422,nan,nan,nan,nan,nan,nan,nan,nan
2.64168,0.132686,0.0475825,-0.967921,0.527013,-0.0741491,-0.0159658,-0.0432439,-0.124192,0.0293925,0.0305315,0.179303,0.0942251,nan,nan,nan,nan,nan,nan,nan,nan,nan,nan,nan,nan,nan,nan,nan,0.0328311,0.201864,-0.0628924,0,0,-0.487018,1,0,-1,0.00411166,StepApplied,,nan,nan,nan,nan,0,0,0,0,0,-0.487018,0.0133058,0.219335,0.0683505,0.700911,0.409795,0.582767,0.2546,nan,nan,nan,nan,nan,nan,nan,nan
2.65777,0.138733,0.046948,-0.967679,0.535683,-0.0622686,-0.00742965,-0.0433,-0.12206,0.030154,0.00400869,0.235002,0.0947444,nan,nan,nan,nan,nan,nan,nan,nan,nan,nan,nan,nan,nan,nan,nan,0.0564983,0.200187,-0.0676795,0,0,-0.486644,1,0,-1,0.00411166,StepApplied,,nan,nan,nan,nan,0,0,0,0,0,-0.486644,0.029995,0.214826,0.0674315,0.684628,0.423491,0.591926,0.246531,nan,nan,nan,nan,nan,nan,nan,nan
2.66447,0.144048,0.0463772,-0.967418,0.543244,-0.0704973,-0.0133285,-0.0433626,-0.120055,0.0308303,0.00196207,0.2201,0.0843034,nan,nan,nan,nan,nan,nan,nan,nan,nan,nan,nan,nan,nan,nan,nan,0.0564983,0.200187,-0.0676795,0,0,-0.486644,1,0,-1,0.00411166,StepApplied,,nan,nan,nan,nan,0,0,0,0,0,-0.488427,0.0202614,0.22585,0.0669962,0.700655,0.410161,0.595052,0.247841,nan,nan,nan,nan,nan,nan,nan,nan
2.67474,0.149422,0.0458439,-0.967163,0.55301,-0.0724346,-0.0181444,-0.0429517,-0.118216,0.0314913,0.0546456,0.203851,0.0826397,nan,nan,nan,nan,nan,nan,nan,nan,nan,nan,nan,nan,nan,nan,nan,0.0565124,0.214841,-0.0722368,0,0,-0.486134,1,0,-1,0.00411166,StepApplied,,nan,nan,nan,nan,0,0,0,0,0,-0.488427,0.0202614,0.22585,0.0669962,0.700655,0.410161,0.595052,0.247841,nan,nan,nan,nan,nan,nan,nan,nan
2.68408,0.154838,0.0453039,-0.966921,0.559557,-0.0728291,-0.0125317,-0.0427092,-0.116452,0.0322819,0.0371734,0.193877,0.0961134,nan,nan,nan,nan,nan,nan,nan,nan,nan,nan,nan,nan,nan,nan,nan,0.0565124,0.214841,-0.0722368,0,0,-0.486134,1,0,-1,0.00411166,StepApplied,,nan,nan,nan,nan,0,0,0,0,0,-0.487265,0.0223281,0.220156,0.0659849,0.692994,0.413476,0.592339,0.250253,nan,nan,nan,nan,nan,nan,nan,nan
2.69807,0.160295,0.0447477,-0.966694,0.564797,-0.0624298,-0.00639094,-0.0428192,-0.114285,0.0331174,-0.00167388,0.238497,0.102978,nan,nan,nan,nan,nan,nan,nan,nan,nan,nan,nan,nan,nan,nan,nan,0.0232179,0.206947,-0.0760454,0,0,-0.488644,1,0,-1,0.00411166,StepApplied,,nan,nan,nan,nan,0,0,0,0,0,-0.488644,0.0194403,0.22127,0.0653518,0.696569,0.411392,0.593094,0.25352,nan,nan,nan,nan,nan,nan,nan,nan
2.70273,0.171799,0.0437584,-0.965963,0.579772,-0.069006,-0.0137301,-0.0426989,-0.110308,0.0344464,0.0360477,0.198581,0.0785385,nan,nan,nan,nan,nan,nan,nan,nan,nan,nan,nan,nan,nan,nan,nan,0.0232179,0.206947,-0.0760454,0,0,-0.488644,1,0,-1,0.00411166,StepApplied,,nan,nan,nan,nan,0,0,0,0,0,-0.488644,0.0194403,0.22127,0.0653518,0.696569,0.411392,0.593094,0.25352,nan,nan,nan,nan,nan,nan,nan,nan
2.71547,0.177612,0.0432679,-0.965585,0.586854,-0.0720177,-0.0146306,-0.0423301,-0.108491,0.0351764,0.0500153,0.201504,0.0901345,nan,nan,nan,nan,nan,nan,nan,nan,nan,nan,nan,nan,nan,nan,nan,0.0507079,0.207202,-0.0816548,0,0,-0.487126,1,0,-1,0.00411166,StepApplied,,nan,nan,nan,nan,0,0,0,0,0,-0.487915,0.0207556,0.217508,0.0647967,0.691695,0.413698,0.591191,0.255075,nan,nan,nan,nan,nan,nan,nan,nan
2.72468,0.183474,0.0427886,-0.965223,0.594861,-0.07128,-0.00726669,-0.0424872,-0.106625,0.0358461,-0.00966869,0.206279,0.0832165,nan,nan,nan,nan,nan,nan,nan,nan,nan,nan,nan,nan,nan,nan,nan,0.0507079,0.207202,-0.0816548,0,0,-0.487126,1,0,-1,0.00411166,StepApplied,,nan,nan,nan,nan,0,0,0,0,0,-0.48695,0.0225919,0.221194,0.0639647,0.691207,0.410593,0.594963,0.251038,nan,nan,nan,nan,nan,nan,nan,nan
2.73951,0.189375,0.0422787,-0.964847,0.60353,-0.0641787,-0.00230456,-0.0425681,-0.10445,0.0364181,-0.00247793,0.241014,0.0738858,nan,nan,nan,nan,nan,nan,nan,nan,nan,nan,nan,nan,nan,nan,nan,0.0565808,0.212238,-0.0850975,0,0,-0.488423,1,0,-1,0.00411166,StepApplied,,nan,nan,nan,nan,0,0,0,0,0,-0.488423,0.0216182,0.217401,0.0636623,0.690384,0.413757,0.593369,0.256184,nan,nan,nan,nan,nan,nan,nan,nan
2.74619,0.195337,0.0418005,-0.964489,0.60984,-0.0579277,-0.00616847,-0.0424539,-0.102557,0.0369798,0.0190073,0.209601,0.0713982,nan,nan,nan,nan,nan,nan,nan,nan,nan,nan,nan,nan,nan,nan,nan,0.0565808,0.212238,-0.0850975,0,0,-0.488423,1,0,-1,0.00411166,StepApplied,,nan,nan,nan,nan,0,0,0,0,0,-0.489492,0.0110139,0.22535,0.0634242,0.704334,0.40147,0.592794,0.259372,nan,nan,nan,nan,nan,nan,nan,nan
2.75802,0.201323,0.0413148,-0.96412,0.609515,-0.0711696,-0.00763875,-0.0421723,-0.10069,0.037611,0.038133,0.205367,0.0785369,nan,nan,nan,nan,nan,nan,nan,nan,nan,nan,nan,nan,nan,nan,nan,0.0634735,0.199586,-0.0901996,0,0,-0.488578,1,0,-1,0.00411166,StepApplied,,nan,nan,nan,nan,0,0,0,0,0,-0.488858,0.0227445,0.214931,0.0630679,0.687681,0.416141,0.593447,0.258163,nan,nan,nan,nan,nan,nan,nan,nan
2.76818,0.207346,0.0408378,-0.963764,0.615947,-0.0694081,-0.00911765,-0.0420285,-0.098804,0.0382458,0.0230142,0.209563,0.0797907,nan,nan,nan,nan,nan,nan,nan,nan,nan,nan,nan,nan,nan,nan,nan,0.0634735,0.199586,-0.0901996,0,0,-0.488578,1,0,-1,0.00411166,StepApplied,,nan,nan,nan,nan,0,0,0,0,0,-0.488337,0.0224774,0.21811,0.0626836,0.689213,0.412798,0.595368,0.255967,nan,nan,nan,nan,nan,nan,nan,nan
2.77744,0.213404,0.0403856,-0.963422,0.623441,-0.0637547,-0.00326691,-0.0422415,-0.0967315,0.0388735,-0.0170503,0.229237,0.0794716,nan,nan,nan,nan,nan,nan,nan,nan,nan,nan,nan,nan,nan,nan,nan,0.0366211,0.211014,-0.0927139,0,0,-0.489562,1,0,-1,0.00411166,StepApplied,,nan,nan,nan,nan,0,0,0,0,0,-0.489562,0.0188818,0.2205,0.0623901,0.694377,0.409498,0.596032,0.25834,nan,nan,nan,nan,nan,nan,nan,nan
2.78543,0.22042,0.0397983,-0.963092,0.632132,-0.0598044,-0.00273435,-0.0423441,-0.0944478,0.0394391,-0.00556629,0.253015,0.0736307,nan,nan,nan,nan,nan,nan,nan,nan,nan,nan,nan,nan,nan,nan,nan,0.0366211,0.211014,-0.0927139,0,0,-0.489562,1,0,-1,0.00411166,StepApplied,,nan,nan,nan,nan,0,0,0,0,0,-0.489707,0.0283453,0.218323,0.0620788,0.685979,0.417563,0.601641,0.253644,nan,nan,nan,nan,nan,nan,nan,nan
2.79652,0.232939,0.0389147,-0.962289,0.637242,-0.0670217,-0.0060767,-0.0421183,-0.0906981,0.040526,0.0221871,0.213827,0.0732324,nan,nan,nan,nan,nan,nan,nan,nan,nan,nan,nan,nan,nan,nan,nan,0.0641748,0.201172,-0.0971067,0,0,-0.489047,1,0,-1,0.00411166,StepApplied,,nan,nan,nan,nan,0,0,0,0,0,-0.489707,0.0283453,0.218323,0.0620788,0.685979,0.417563,0.601641,0.253644,nan,nan,nan,nan,nan,nan,nan,nan
2.80323,0.239333,0.0385287,-0.96185,0.644417,-0.054477,-0.00071098,-0.0422416,-0.0887914,0.0411314,-0.00800561,0.212373,0.0765296,nan,nan,nan,nan,nan,nan,nan,nan,nan,nan,nan,nan,nan,nan,nan,0.0641748,0.201172,-0.0971067,0,0,-0.489047,1,0,-1,0.00411166,StepApplied,,nan,nan,nan,nan,0,0,0,0,0,-0.489047,0.0275182,0.21783,0.0618164,0.685294,0.416404,0.600312,0.254179,nan,nan,nan,nan,nan,nan,nan,nan
2.8173,0.245746,0.0381248,-0.961424,0.649129,-0.0483661,0.00109401,-0.0426322,-0.0866617,0.0416033,-0.0391496,0.236646,0.062435,nan,nan,nan,nan,nan,nan,nan,nan,nan,nan,nan,nan,nan,nan,nan,0.0164977,0.207162,-0.0990956,0,0,-0.490436,1,0,-1,0.00411166,StepApplied,,nan,nan,nan,nan,0,0,0,0,0,-0.490436,0.0324033,0.217682,0.0613998,0.682707,0.420936,0.605465,0.252636,nan,nan,nan,nan,nan,nan,nan,nan
2.82619,0.252191,0.0377302,-0.961011,0.653738,-0.054354,-0.00352598,-0.0427277,-0.084764,0.042021,-0.00691172,0.211063,0.0553965,nan,nan,nan,nan,nan,nan,nan,nan,nan,nan,nan,nan,nan,nan,nan,0.0164977,0.207162,-0.0990956,0,0,-0.490436,1,0,-1,0.00411166,StepApplied,,nan,nan,nan,nan,0,0,0,0,0,-0.490933,0.0152863,0.227485,0.0613149,0.702155,0.402313,0.600872,0.258393,nan,nan,nan,nan,nan,nan,nan,nan
2.83537,0.258659,0.0373419,-0.960597,0.654729,-0.0603035,-0.00662357,-0.0424602,-0.0831519,0.0423577,0.0326757,0.179613,0.0450187,nan,nan,nan,nan,nan,nan,nan,nan,nan,nan,nan,nan,nan,nan,nan,0.0307291,0.206465,-0.101511,0,0,-0.489995,1,0,-1,0.00411166,StepApplied,,nan,nan,nan,nan,0,0,0,0,0,-0.489995,0.0152863,0.227485,0.0613149,0.702155,0.402313,0.600872,0.258393,nan,nan,nan,nan,nan,nan,nan,nan
2.84416,0.265159,0.0369487,-0.96018,0.658773,-0.0606669,0.00181801,-0.0423385,-0.0815686,0.0428013,0.0172793,0.174988,0.0564111,nan,nan,nan,nan,nan,nan,nan,nan,nan,nan,nan,nan,nan,nan,nan,0.0307291,0.206465,-0.101511,0,0,-0.489995,1,0,-1,0.00411166,StepApplied,,nan,nan,nan,nan,0,0,0,0,0,-0.489433,0.0303414,0.221858,0.061354,0.68607,0.415476,0.606003,0.250184,nan,nan,nan,nan,nan,nan,nan,nan
2.85454,0.271681,0.0365342,-0.959788,0.665626,-0.0475111,0.00403319,-0.042399,-0.0798347,0.0431467,-0.00389394,0.194083,0.0467582,nan,nan,nan,nan,nan,nan,nan,nan,nan,nan,nan,nan,nan,nan,nan,0.0111999,0.212067,-0.103323,0,0,-0.491823,1,0,-1,0.00411166,StepApplied,,nan,nan,nan,nan,0,0,0,0,0,-0.489433,0.0303414,0.221858,0.061354,0.68607,0.415476,0.606003,0.250184,nan,nan,nan,nan,nan,nan,nan,nan
2.86139,0.278239,0.0361277,-0.959406,0.672274,-0.0520532,0.00410243,-0.0421875,-0.0778687,0.0433879,0.0254355,0.219343,0.0360405,nan,nan,nan,nan,nan,nan,nan,nan,nan,nan,nan,nan,nan,nan,nan,0.0111999,0.212067,-0.103323,0,0,-0.491823,1,0,-1,0.00411166,StepApplied,,nan,nan,nan,nan,0,0,0,0,0,-0.491173,0.0166562,0.226122,0.0615312,0.700679,0.404701,0.600901,0.258412,nan,nan,nan,nan,nan,nan,nan,nan
2.87777,0.284805,0.0356954,-0.959035,0.674014,-0.0535171,-0.00442468,-0.0415856,-0.076271,0.043651,0.0690511,0.178252,0.0366455,nan,nan,nan,nan,nan,nan,nan,nan,nan,nan,nan,nan,nan,nan,nan,0.0371036,0.209989,-0.10578,0,0,-0.490227,1,0,-1,0.00411166,StepApplied,,nan,nan,nan,nan,0,0,0,0,0,-0.490227,0.0161236,0.218313,0.0618841,0.694941,0.409253,0.593708,0.263008,nan,nan,nan,nan,nan,nan,nan,nan
2.88233,0.297979,0.03487,-0.958337,0.678044,-0.0608611,-0.00324378,-0.0407964,-0.0726711,0.0441634,0.0187282,0.210255,0.0369816,nan,nan,nan,nan,nan,nan,nan,nan,nan,nan,nan,nan,nan,nan,nan,0.0371036,0.209989,-0.10578,0,0,-0.490227,1,0,-1,0.00411166,StepApplied,,nan,nan,nan,nan,0,0,0,0,0,-0.490227,0.0161236,0.218313,0.0618841,0.694941,0.409253,0.593708,0.263008,nan,nan,nan,nan,nan,nan,nan,nan
2.89617,0.305826,0.0344634,-0.957887,0.685057,-0.0483875,0.000381401,-0.0405764,-0.0705388,0.0443844,0.0261779,0.239073,0.0343554,nan,nan,nan,nan,nan,nan,nan,nan,nan,nan,nan,nan,nan,nan,nan,0.0545502,0.194059,-0.108188,0,0,-0.490576,1,0,-1,0.00411166,StepApplied,,nan,nan,nan,nan,0,0,0,0,0,-0.490295,0.0166126,0.219243,0.062137,0.695573,0.409262,0.594525,0.26182,nan,nan,nan,nan,nan,nan,nan,nan
2.90624,0.312656,0.0341111,-0.95744,0.691747,-0.0489902,-0.00788444,-0.0401428,-0.068278,0.0444688,0.0485791,0.253252,0.0193817,nan,nan,nan,nan,nan,nan,nan,nan,nan,nan,nan,nan,nan,nan,nan,0.0545502,0.194059,-0.108188,0,0,-0.490576,1,0,-1,0.00411166,StepApplied,,nan,nan,nan,nan,0,0,0,0,0,-0.49151,0.00997442,0.208249,0.0625394,0.694109,0.413961,0.582873,0.275098,nan,nan,nan,nan,nan,nan,nan,nan
2.91894,0.319502,0.0337651,-0.957012,0.693487,-0.0582774,-0.0102943,-0.0393777,-0.066412,0.0446182,0.0859483,0.208983,0.0246979,nan,nan,nan,nan,nan,nan,nan,nan,nan,nan,nan,nan,nan,nan,nan,0.0185551,0.21432,-0.107909,0,0,-0.489947,1,0,-1,0.00411166,StepApplied,,nan,nan,nan,nan,0,0,0,0,0,-0.489947,0.0142488,0.222842,0.0627804,0.700085,0.405341,0.594407,0.259955,nan,nan,nan,nan,nan,nan,nan,nan
2.92244,0.32635,0.0334394,-0.956609,0.691961,-0.0569773,-0.00625525,-0.0390627,-0.0643899,0.0447637,0.0357861,0.226373,0.0248296,nan,nan,nan,nan,nan,nan,nan,nan,nan,nan,nan,nan,nan,nan,nan,0.0185551,0.21432,-0.107909,0,0,-0.489947,1,0,-1,0.00411166,StepApplied,,nan,nan,nan,nan,0,0,0,0,0,-0.489947,0.0142488,0.222842,0.0627804,0.700085,0.405341,0.594407,0.259955,nan,nan,nan,nan,nan,nan,nan,nan
2.93759,0.333189,0.0330793,-0.956242,0.695806,-0.0502264,-0.00638856,-0.0388895,-0.0620304,0.044927,0.0199781,0.262399,0.0280624,nan,nan,nan,nan,nan,nan,nan,nan,nan,nan,nan,nan,nan,nan,nan,0.0202749,0.195321,-0.109175,0,0,-0.490547,1,0,-1,0.00411166,StepApplied,,nan,nan,nan,nan,0,0,0,0,0,-0.490412,0.016603,0.21099,0.0632485,0.690971,0.41632,0.587691,0.266665,nan,nan,nan,nan,nan,nan,nan,nan
2.94527,0.340041,0.0327363,-0.955912,0.699548,-0.0434387,-0.0104141,-0.0385301,-0.0595458,0.0449757,0.0402176,0.279638,0.0160219,nan,nan,nan,nan,nan,nan,nan,nan,nan,nan,nan,nan,nan,nan,nan,0.0202749,0.195321,-0.109175,0,0,-0.490547,1,0,-1,0.00411166,StepApplied,,nan,nan,nan,nan,0,0,0,0,0,-0.489911,0.00809261,0.204311,0.0634003,0.691918,0.414676,0.576301,0.27675,nan,nan,nan,nan,nan,nan,nan,nan
2.95865,0.346894,0.0323984,-0.9556,0.69554,-0.057451,-0.0158342,-0.0377748,-0.0571567,0.0450164,0.0840298,0.267525,0.0144923,nan,nan,nan,nan,nan,nan,nan,nan,nan,nan,nan,nan,nan,nan,nan,0.0475619,0.170569,-0.111244,0,0,-0.488776,1,0,-1,0.00411166,StepApplied,,nan,nan,nan,nan,0,0,0,0,0,-0.488776,0.0184191,0.201208,0.0634601,0.681346,0.423097,0.580216,0.270446,nan,nan,nan,nan,nan,nan,nan,nan
2.96618,0.353748,0.0320767,-0.955307,0.699164,-0.0581757,-0.0206069,-0.037082,-0.0549046,0.0451569,0.0776931,0.251834,0.0248072,nan,nan,nan,nan,nan,nan,nan,nan,nan,nan,nan,nan,nan,nan,nan,0.0475619,0.170569,-0.111244,0,0,-0.488776,1,0,-1,0.00411166,StepApplied,,nan,nan,nan,nan,0,0,0,0,0,-0.487901,0.00718532,0.202092,0.0634969,0.689077,0.413689,0.571987,0.276851,nan,nan,nan,nan,nan,nan,nan,nan
2.97617,0.367466,0.0314433,-0.954822,0.705707,-0.0458934,-0.013688,-0.0359442,-0.049633,0.0454091,0.0593527,0.296751,0.0213654,nan,nan,nan,nan,nan,nan,nan,nan,nan,nan,nan,nan,nan,nan,nan,0.0222307,0.172298,-0.111679,0,0,-0.488511,1,0,-1,0.00411166,StepApplied,,nan,nan,nan,nan,0,0,0,0,0,-0.487901,0.00718532,0.202092,0.0634969,0.689077,0.413689,0.571987,0.276851,nan,nan,nan,nan,nan,nan,nan,nan
2.98061,0.374332,0.0311205,-0.954613,0.703601,-0.0475873,-0.0188454,-0.0354257,-0.0471631,0.0453762,0.0575476,0.278143,0.00598224,nan,nan,nan,nan,nan,nan,nan,nan,nan,nan,nan,nan,nan,nan,nan,0.0222307,0.172298,-0.111679,0,0,-0.488511,1,0,-1,0.00411166,StepApplied,,nan,nan,nan,nan,0,0,0,0,0,-0.488511,0.0061304,0.204179,0.0635375,0.691949,0.412118,0.573284,0.276692,nan,nan,nan,nan,nan,nan,nan,nan
2.99715,0.381412,0.0308582,-0.954325,0.69705,-0.0583873,-0.0216323,-0.0343046,-0.0447026,0.0453805,0.12457,0.275469,0.0098266,nan,nan,nan,nan,nan,nan,nan,nan,nan,nan,nan,nan,nan,nan,nan,0.00558225,0.153986,-0.111984,0,0,-0.488541,1,0,-1,0.00411166,StepApplied,,nan,nan,nan,nan,0,0,0,0,0,-0.488541,-0.00298517,0.205495,0.0639056,0.699723,0.40514,0.567431,0.28187,nan,nan,nan,nan,nan,nan,nan,nan
3.00503,0.388488,0.0305741,-0.954065,0.701189,-0.0560225,-0.0266645,-0.0333842,-0.0423922,0.0453587,0.102001,0.259344,0.00602648,nan,nan,nan,nan,nan,nan,nan,nan,nan,nan,nan,nan,nan,nan,nan,0.00558225,0.153986,-0.111984,0,0,-0.488541,1,0,-1,0.00411166,StepApplied,,nan,nan,nan,nan,0,0,0,0,0,-0.487974,0.00363741,0.191556,0.0641824,0.684893,0.419389,0.561419,0.286194,nan,nan,nan,nan,nan,nan,nan,nan
3.0186,0.396596,0.0302824,-0.953878,0.703066,-0.0422602,-0.0209829,-0.0325148,-0.0397152,0.0454229,0.0967192,0.299796,0.0167101,nan,nan,nan,nan,nan,nan,nan,nan,nan,nan,nan,nan,nan,nan,nan,-0.0215461,0.142847,-0.111707,0,0,-0.488395,1,0,-1,0.00411166,StepApplied,,nan,nan,nan,nan,0,0,0,0,0,-0.487066,0.000884502,0.198317,0.0644988,0.69103,0.41207,0.563027,0.282138,nan,nan,nan,nan,nan,nan,nan,nan
3.0257,0.403635,0.0300516,-0.953689,0.705268,-0.0419482,-0.0276433,-0.0320997,-0.037166,0.045311,0.0451246,0.284639,-0.00351223,nan,nan,nan,nan,nan,nan,nan,nan,nan,nan,nan,nan,nan,nan,nan,-0.0215461,0.142847,-0.111707,0,0,-0.488395,1,0,-1,0.00411166,StepApplied,,nan,nan,nan,nan,0,0,0,0,0,-0.488395,0.00212597,0.208426,0.0648121,0.698942,0.407442,0.572064,0.275132,nan,nan,nan,nan,nan,nan,nan,nan
3.03766,0.410647,0.0298041,-0.953501,0.69997,-0.0533968,-0.0286001,-0.0314603,-0.0349085,0.0451572,0.0706,0.2552,-0.00942572,nan,nan,nan,nan,nan,nan,nan,nan,nan,nan,nan,nan,nan,nan,nan,0.0194581,0.119512,-0.112482,0,0,-0.486841,1,0,-1,0.00411166,StepApplied,,nan,nan,nan,nan,0,0,0,0,0,-0.486841,0.0202753,0.193801,0.0651626,0.674563,0.429414,0.572658,0.270729,nan,nan,nan,nan,nan,nan,nan,nan
3.04444,0.41764,0.029567,-0.95333,0.70018,-0.0473023,-0.0279263,-0.0307039,-0.0329911,0.0450182,0.0833513,0.215858,-0.00907976,nan,nan,nan,nan,nan,nan,nan,nan,nan,nan,nan,nan,nan,nan,nan,0.0194581,0.119512,-0.112482,0,0,-0.486841,1,0,-1,0.00411166,StepApplied,,nan,nan,nan,nan,0,0,0,0,0,-0.48709,0.00880225,0.204619,0.065579,0.690991,0.414317,0.572024,0.271029,nan,nan,nan,nan,nan,nan,nan,nan
3.05527,0.424608,0.0293472,-0.953182,0.701118,-0.0333831,-0.0207123,-0.0304708,-0.0307235,0.0449718,0.0254354,0.254458,0.00230042,nan,nan,nan,nan,nan,nan,nan,nan,nan,nan,nan,nan,nan,nan,nan,-0.0440296,0.12005,-0.110963,0,0,-0.488729,1,0,-1,0.00411166,StepApplied,,nan,nan,nan,nan,0,0,0,0,0,-0.488729,0.00880225,0.204619,0.065579,0.690991,0.414317,0.572024,0.271029,nan,nan,nan,nan,nan,nan,nan,nan
3.06185,0.438513,0.0288761,-0.952897,0.707391,-0.034486,-0.0258362,-0.0302809,-0.0263578,0.0446007,0.0120598,0.228382,-0.0198044,nan,nan,nan,nan,nan,nan,nan,nan,nan,nan,nan,nan,nan,nan,nan,-0.0440296,0.12005,-0.110963,0,0,-0.488729,1,0,-1,0.00411166,StepApplied,,nan,nan,nan,nan,0,0,0,0,0,-0.488729,0.00237963,0.203121,0.065911,0.696444,0.412806,0.56773,0.277938,nan,nan,nan,nan,nan,nan,nan,nan
3.07447,0.445449,0.0286789,-0.952769,0.703854,-0.0432763,-0.0263454,-0.0299245,-0.0246446,0.0444044,0.0390034,0.194143,-0.016451,nan,nan,nan,nan,nan,nan,nan,nan,nan,nan,nan,nan,nan,nan,nan,-0.0290857,0.127848,-0.10988,0,0,-0.487761,1,0,-1,0.00411166,StepApplied,,nan,nan,nan,nan,0,0,0,0,0,-0.488924,0.0223057,0.202849,0.0662689,0.682714,0.427642,0.581464,0.263877,nan,nan,nan,nan,nan,nan,nan,nan
3.08405,0.452343,0.0284641,-0.95266,0.702307,-0.0386826,-0.0243246,-0.0295885,-0.0231238,0.0442903,0.0367837,0.171377,-0.00791123,nan,nan,nan,nan,nan,nan,nan,nan,nan,nan,nan,nan,nan,nan,nan,-0.0290857,0.127848,-0.10988,0,0,-0.487761,1,0,-1,0.00411166,StepApplied,,nan,nan,nan,nan,0,0,0,0,0,-0.487761,0.0136848,0.207373,0.0666582,0.691235,0.417571,0.577015,0.265221,nan,nan,nan,nan,nan,nan,nan,nan
3.09856,0.459417,0.0283005,-0.952536,0.698946,-0.0312789,-0.0192076,-0.0296234,-0.0212923,0.0441251,-0.00460737,0.206096,-0.0126059,nan,nan,nan,nan,nan,nan,nan,nan,nan,nan,nan,nan,nan,nan,nan,-0.0133741,0.106777,-0.109752,0,0,-0.488065,1,0,-1,0.00411166,StepApplied,,nan,nan,nan,nan,0,0,0,0,0,-0.488065,0.0126188,0.20652,0.0675673,0.692599,0.418634,0.575053,0.265973,nan,nan,nan,nan,nan,nan,nan,nan
3.1044,0.466449,0.0281136,-0.95243,0.704029,-0.0286779,-0.0235878,-0.0293741,-0.019784,0.0437662,0.0266148,0.171174,-0.0351823,nan,nan,nan,nan,nan,nan,nan,nan,nan,nan,nan,nan,nan,nan,nan,-0.0133741,0.106777,-0.109752,0,0,-0.488065,1,0,-1,0.00411166,StepApplied,,nan,nan,nan,nan,0,0,0,0,0,-0.489203,0.00713658,0.219809,0.0681672,0.70761,0.4071,0.581107,0.260997,nan,nan,nan,nan,nan,nan,nan,nan
3.11468,0.473458,0.0279175,-0.952329,0.70134,-0.0385891,-0.0298623,-0.0288963,-0.0184056,0.0433386,0.0517252,0.15607,-0.0430874,nan,nan,nan,nan,nan,nan,nan,nan,nan,nan,nan,nan,nan,nan,nan,-0.00219501,0.108431,-0.107328,0,0,-0.487071,1,0,-1,0.00411166,StepApplied,,nan,nan,nan,nan,0,0,0,0,0,-0.489203,0.00713658,0.219809,0.0681672,0.70761,0.4071,0.581107,0.260997,nan,nan,nan,nan,nan,nan,nan,nan
3.12481,0.48076,0.0277022,-0.952245,0.689877,-0.0608058,-0.0275764,-0.0286867,-0.0172676,0.0429544,0.022393,0.1306,-0.0395101,nan,nan,nan,nan,nan,nan,nan,nan,nan,nan,nan,nan,nan,nan,nan,-0.00219501,0.108431,-0.107328,0,0,-0.487071,1,0,-1,0.00411166,StepApplied,,nan,nan,nan,nan,0,0,0,0,0,-0.487365,0.0324782,0.209633,0.0695693,0.682058,0.431778,0.588595,0.247028,nan,nan,nan,nan,nan,nan,nan,nan
3.13797,0.48763,0.0273648,-0.952121,0.689627,-0.0585313,-0.0231638,-0.0288181,-0.0159277,0.042645,-0.0154975,0.152074,-0.0303203,nan,nan,nan,nan,nan,nan,nan,nan,nan,nan,nan,nan,nan,nan,nan,0.0430027,0.0800717,-0.1059,0,0,-0.488315,1,0,-1,0.00411166,StepApplied,,nan,nan,nan,nan,0,0,0,0,0,-0.488315,0.018471,0.211449,0.0702646,0.694892,0.422235,0.580229,0.255905,nan,nan,nan,nan,nan,nan,nan,nan
3.14283,0.501258,0.0266905,-0.951954,0.683075,-0.0453261,-0.0262498,-0.0289206,-0.0132167,0.0417561,-0.00909893,0.137879,-0.0501299,nan,nan,nan,nan,nan,nan,nan,nan,nan,nan,nan,nan,nan,nan,nan,0.0430027,0.0800717,-0.1059,0,0,-0.488315,1,0,-1,0.00411166,StepApplied,,nan,nan,nan,nan,0,0,0,0,0,-0.488315,0.018471,0.211449,0.0702646,0.694892,0.422235,0.580229,0.255905,nan,nan,nan,nan,nan,nan,nan,nan
3.15557,0.508015,0.0263791,-0.951891,0.673779,-0.0557446,-0.0302452,-0.0284553,-0.011973,0.0412736,0.0506155,0.141072,-0.0496513,nan,nan,nan,nan,nan,nan,nan,nan,nan,nan,nan,nan,nan,nan,nan,-0.00560596,0.0689549,-0.102688,0,0,-0.487923,1,0,-1,0.00411166,StepApplied,,nan,nan,nan,nan,0,0,0,0,0,-0.488605,0.0217106,0.207544,0.0709406,0.690805,0.428253,0.579373,0.255988,nan,nan,nan,nan,nan,nan,nan,nan
3.1647,0.514722,0.0260752,-0.951854,0.673155,-0.0538558,-0.0335793,-0.0286034,-0.0109607,0.0408208,-0.0174126,0.116506,-0.0476055,nan,nan,nan,nan,nan,nan,nan,nan,nan,nan,nan,nan,nan,nan,nan,-0.00560596,0.0689549,-0.102688,0,0,-0.487923,1,0,-1,0.00411166,StepApplied,,nan,nan,nan,nan,0,0,0,0,0,-0.487064,0.0198668,0.203128,0.0723555,0.68886,0.429945,0.571995,0.257455,nan,nan,nan,nan,nan,nan,nan,nan
3.17848,0.521393,0.0257987,-0.951842,0.674363,-0.0399435,-0.0260702,-0.0287104,-0.0094537,0.0403728,-0.0126724,0.170915,-0.0452154,nan,nan,nan,nan,nan,nan,nan,nan,nan,nan,nan,nan,nan,nan,nan,0.0167928,0.0555521,-0.100527,0,0,-0.486463,1,0,-1,0.00411166,StepApplied,,nan,nan,nan,nan,0,0,0,0,0,-0.486463,0.0190109,0.196039,0.0731819,0.684677,0.434578,0.564953,0.261643,nan,nan,nan,nan,nan,nan,nan,nan
3.18706,0.529007,0.0254587,-0.951905,0.670938,-0.0394517,-0.0333495,-0.0286435,-0.00805836,0.0397873,0.0066454,0.158883,-0.0608923,nan,nan,nan,nan,nan,nan,nan,nan,nan,nan,nan,nan,nan,nan,nan,0.0167928,0.0555521,-0.100527,0,0,-0.486463,1,0,-1,0.00411166,StepApplied,,nan,nan,nan,nan,0,0,0,0,0,-0.488129,0.00338573,0.207535,0.0739362,0.706275,0.417821,0.562941,0.26548,nan,nan,nan,nan,nan,nan,nan,nan
3.19796,0.535588,0.0251903,-0.95194,0.664289,-0.0460515,-0.0356127,-0.0282816,-0.00687759,0.0391768,0.039569,0.134992,-0.0643664,nan,nan,nan,nan,nan,nan,nan,nan,nan,nan,nan,nan,nan,nan,nan,-0.000842523,0.0517876,-0.0964025,0,0,-0.486149,1,0,-1,0.00411166,StepApplied,,nan,nan,nan,nan,0,0,0,0,0,-0.486688,0.00807289,0.204547,0.0747758,0.700246,0.422646,0.561863,0.261995,nan,nan,nan,nan,nan,nan,nan,nan
3.20231,0.542281,0.0248962,-0.951913,0.664958,-0.0442527,-0.0318176,-0.0279182,-0.00583665,0.0385303,0.0395876,0.118855,-0.0685121,nan,nan,nan,nan,nan,nan,nan,nan,nan,nan,nan,nan,nan,nan,nan,-0.000842523,0.0517876,-0.0964025,0,0,-0.486149,1,0,-1,0.00411166,StepApplied,,nan,nan,nan,nan,0,0,0,0,0,-0.486688,0.00807289,0.204547,0.0747758,0.700246,0.422646,0.561863,0.261995,nan,nan,nan,nan,nan,nan,nan,nan
3.21834,0.548939,0.0246084,-0.951912,0.666059,-0.0346848,-0.0272958,-0.0280353,-0.00443636,0.0380273,-0.0135569,0.160157,-0.0517769,nan,nan,nan,nan,nan,nan,nan,nan,nan,nan,nan,nan,nan,nan,nan,-0.0336994,0.0733865,-0.0920513,0,0,-0.487983,1,0,-1,0.00411166,StepApplied,,nan,nan,nan,nan,0,0,0,0,0,-0.487983,0.00997362,0.212079,0.0764059,0.707152,0.42159,0.568196,0.254995,nan,nan,nan,nan,nan,nan,nan,nan
3.22413,0.555559,0.0243149,-0.951924,0.663953,-0.0346467,-0.0288731,-0.0284202,-0.00305529,0.0373765,-0.0432945,0.157602,-0.0679689,nan,nan,nan,nan,nan,nan,nan,nan,nan,nan,nan,nan,nan,nan,nan,-0.0336994,0.0733865,-0.0920513,0,0,-0.487983,1,0,-1,0.00411166,StepApplied,,nan,nan,nan,nan,0,0,0,0,0,-0.487668,0.0207964,0.205214,0.0772552,0.695179,0.434632,0.569833,0.251029,nan,nan,nan,nan,nan,nan,nan,nan
3.23619,0.568637,0.0237884,-0.952011,0.655442,-0.0443921,-0.0436323,-0.0286333,-0.00114534,0.0360486,-0.00974608,0.0924167,-0.065096,nan,nan,nan,nan,nan,nan,nan,nan,nan,nan,nan,nan,nan,nan,nan,-0.0250625,0.0754918,-0.0877805,0,0,-0.485691,1,0,-1,0.00411166,StepApplied,,nan,nan,nan,nan,0,0,0,0,0,-0.487668,0.0207964,0.205214,0.0772552,0.695179,0.434632,0.569833,0.251029,nan,nan,nan,nan,nan,nan,nan,nan
3.24323,0.575102,0.0235307,-0.952077,0.6517,-0.0452622,-0.0376017,-0.0290439,-0.000284766,0.0354359,-0.0456685,0.0989325,-0.0649464,nan,nan,nan,nan,nan,nan,nan,nan,nan,nan,nan,nan,nan,nan,nan,-0.0250625,0.0754918,-0.0877805,0,0,-0.485691,1,0,-1,0.00411166,StepApplied,,nan,nan,nan,nan,0,0,0,0,0,-0.485691,0.0185351,0.209334,0.0781118,0.698571,0.428998,0.568314,0.24688,nan,nan,nan,nan,nan,nan,nan,nan
3.25703,0.581542,0.0232729,-0.952158,0.648869,-0.0307453,-0.0365869,-0.0295227,0.000955106,0.0347713,-0.0536975,0.14256,-0.0701483,nan,nan,nan,nan,nan,nan,nan,nan,nan,nan,nan,nan,nan,nan,nan,0.0154373,0.0483626,-0.0849352,0,0,-0.485797,1,0,-1,0.00411166,StepApplied,,nan,nan,nan,nan,0,0,0,0,0,-0.485797,0.0227644,0.198936,0.079535,0.689756,0.44087,0.562639,0.249921,nan,nan,nan,nan,nan,nan,nan,nan
3.26434,0.587952,0.0230286,-0.952269,0.647323,-0.0291576,-0.0373305,-0.029848,0.00201946,0.0341079,-0.0362264,0.122253,-0.0701633,nan,nan,nan,nan,nan,nan,nan,nan,nan,nan,nan,nan,nan,nan,nan,0.0154373,0.0483626,-0.0849352,0,0,-0.485797,1,0,-1,0.00411166,StepApplied,,nan,nan,nan,nan,0,0,0,0,0,-0.486172,0.00837402,0.205637,0.0802806,0.705791,0.427078,0.556829,0.254992,nan,nan,nan,nan,nan,nan,nan,nan
3.27693,0.594319,0.0227573,-0.95238,0.643387,-0.0406178,-0.0456591,-0.0299222,0.0028713,0.0333595,-0.00816353,0.098853,-0.0802985,nan,nan,nan,nan,nan,nan,nan,nan,nan,nan,nan,nan,nan,nan,nan,-0.027376,0.0532402,-0.0806914,0,0,-0.486022,1,0,-1,0.00411166,StepApplied,,nan,nan,nan,nan,0,0,0,0,0,-0.486022,0.00887011,0.211366,0.0809235,0.709984,0.42387,0.560437,0.249798,nan,nan,nan,nan,nan,nan,nan,nan
3.28426,0.600638,0.0225351,-0.952499,0.638891,-0.0409542,-0.047051,-0.0299726,0.0035879,0.0327086,-0.00547937,0.0834313,-0.0698911,nan,nan,nan,nan,nan,nan,nan,nan,nan,nan,nan,nan,nan,nan,nan,-0.027376,0.0532402,-0.0806914,0,0,-0.486022,1,0,-1,0.00411166,StepApplied,,nan,nan,nan,nan,0,0,0,0,0,-0.484214,0.0286204,0.204024,0.0816949,0.689789,0.441991,0.566635,0.238441,nan,nan,nan,nan,nan,nan,nan,nan
3.29463,0.606907,0.0223196,-0.952638,0.638959,-0.0368494,-0.0451094,-0.030416,0.00432782,0.032048,-0.0489263,0.0855777,-0.0704973,nan,nan,nan,nan,nan,nan,nan,nan,nan,nan,nan,nan,nan,nan,nan,-0.000168955,0.0544493,-0.0757259,0,0,-0.484348,1,0,-1,0.00411166,StepApplied,,nan,nan,nan,nan,0,0,0,0,0,-0.484214,0.0286204,0.204024,0.0816949,0.689789,0.441991,0.566635,0.238441,nan,nan,nan,nan,nan,nan,nan,nan
3.30249,0.614155,0.0220276,-0.952756,0.631514,-0.0253477,-0.0433662,-0.0307759,0.00547041,0.0313205,-0.0399713,0.131716,-0.0772987,nan,nan,nan,nan,nan,nan,nan,nan,nan,nan,nan,nan,nan,nan,nan,-0.000168955,0.0544493,-0.0757259,0,0,-0.484348,1,0,-1,0.00411166,StepApplied,,nan,nan,nan,nan,0,0,0,0,0,-0.484791,0.010603,0.20553,0.0831922,0.695154,0.437431,0.556625,0.246464,nan,nan,nan,nan,nan,nan,nan,nan
3.3176,0.620423,0.0217929,-0.952822,0.627022,-0.0352929,-0.0494543,-0.0310072,0.00629613,0.0305359,-0.0252536,0.0961987,-0.0838839,nan,nan,nan,nan,nan,nan,nan,nan,nan,nan,nan,nan,nan,nan,nan,0.00400934,0.0370135,-0.0722608,0,0,-0.483429,1,0,-1,0.00411166,StepApplied,,nan,nan,nan,nan,0,0,0,0,0,-0.483429,0.0232278,0.198439,0.0839694,0.691142,0.443615,0.555817,0.243141,nan,nan,nan,nan,nan,nan,nan,nan
3.32232,0.632849,0.0213698,-0.952998,0.625901,-0.0273156,-0.0449648,-0.0309279,0.00774444,0.0291037,-0.0121305,0.088658,-0.0721862,nan,nan,nan,nan,nan,nan,nan,nan,nan,nan,nan,nan,nan,nan,nan,0.00400934,0.0370135,-0.0722608,0,0,-0.483429,1,0,-1,0.00411166,StepApplied,,nan,nan,nan,nan,0,0,0,0,0,-0.483429,0.0232278,0.198439,0.0839694,0.691142,0.443615,0.555817,0.243141,nan,nan,nan,nan,nan,nan,nan,nan
3.33503,0.638994,0.021149,-0.953121,0.622023,-0.0211854,-0.0408482,-0.0313671,0.00867827,0.0283822,-0.0480007,0.107328,-0.0760505,nan,nan,nan,nan,nan,nan,nan,nan,nan,nan,nan,nan,nan,nan,nan,-0.0148007,0.0511495,-0.0667926,0,0,-0.484405,1,0,-1,0.00411166,StepApplied,,nan,nan,nan,nan,0,0,0,0,0,-0.483105,0.0128291,0.21173,0.0847061,0.708306,0.427276,0.556798,0.240039,nan,nan,nan,nan,nan,nan,nan,nan
3.34752,0.645081,0.0209623,-0.953266,0.620844,-0.012495,-0.0483618,-0.0314519,0.00963465,0.0275673,-0.00864771,0.111272,-0.0871676,nan,nan,nan,nan,nan,nan,nan,nan,nan,nan,nan,nan,nan,nan,nan,-0.0148007,0.0511495,-0.0667926,0,0,-0.484405,1,0,-1,0.00411166,StepApplied,,nan,nan,nan,nan,0,0,0,0,0,-0.485257,0.0150394,0.204191,0.0861054,0.704962,0.437723,0.553784,0.244559,nan,nan,nan,nan,nan,nan,nan,nan
3.3582,0.651113,0.0207981,-0.953438,0.610069,-0.0266731,-0.0555937,-0.0312192,0.00996276,0.0267513,0.0268213,0.0407161,-0.0890541,nan,nan,nan,nan,nan,nan,nan,nan,nan,nan,nan,nan,nan,nan,nan,-0.0498366,0.0535164,-0.062024,0,0,-0.483876,1,0,-1,0.00411166,StepApplied,,nan,nan,nan,nan,0,0,0,0,0,-0.483876,0.00559557,0.220953,0.0868214,0.722827,0.418526,0.556857,0.237292,nan,nan,nan,nan,nan,nan,nan,nan
3.36274,0.657072,0.0206391,-0.953625,0.603341,-0.0243388,-0.055042,-0.0309225,0.0106399,0.0260019,0.0339303,0.079258,-0.0804249,nan,nan,nan,nan,nan,nan,nan,nan,nan,nan,nan,nan,nan,nan,nan,-0.0498366,0.0535164,-0.062024,0,0,-0.483876,1,0,-1,0.00411166,StepApplied,,nan,nan,nan,nan,0,0,0,0,0,-0.483876,0.00559557,0.220953,0.0868214,0.722827,0.418526,0.556857,0.237292,nan,nan,nan,nan,nan,nan,nan,nan
3.38198,0.662993,0.0205026,-0.953833,0.60511,-0.0136131,-0.0501584,-0.0310562,0.011116,0.0252513,-0.0139547,0.0568444,-0.0812502,nan,nan,nan,nan,nan,nan,nan,nan,nan,nan,nan,nan,nan,nan,nan,-0.0380628,0.04169,-0.0568956,0,0,-0.48331,1,0,-1,0.00411166,StepApplied,,nan,nan,nan,nan,0,0,0,0,0,-0.483896,0.0151447,0.212782,0.0881312,0.709943,0.430703,0.554863,0.23334,nan,nan,nan,nan,nan,nan,nan,nan
3.38599,0.669013,0.0203243,-0.953842,0.603863,-0.012272,-0.0472171,-0.0312305,0.0118666,0.0244544,-0.0182715,0.0870833,-0.085003,nan,nan,nan,nan,nan,nan,nan,nan,nan,nan,nan,nan,nan,nan,nan,-0.0380628,0.04169,-0.0568956,0,0,-0.48331,1,0,-1,0.00411166,StepApplied,,nan,nan,nan,nan,0,0,0,0,0,-0.483896,0.0117962,0.213108,0.0889003,0.714994,0.430557,0.55364,0.236393,nan,nan,nan,nan,nan,nan,nan,nan
3.39853,0.674996,0.0201143,-0.953856,0.600571,-0.0230514,-0.0547473,-0.0310912,0.0123554,0.0235672,0.0168742,0.0592819,-0.0963505,nan,nan,nan,nan,nan,nan,nan,nan,nan,nan,nan,nan,nan,nan,nan,0.00326222,0.0465006,-0.0527599,0,0,-0.482251,1,0,-1,0.00411166,StepApplied,,nan,nan,nan,nan,0,0,0,0,0,-0.482251,0.0253976,0.217291,0.0896569,0.707445,0.436328,0.563813,0.221416,nan,nan,nan,nan,nan,nan,nan,nan
3.40642,0.680947,0.0199645,-0.953884,0.59661,-0.0273531,-0.0588715,-0.0310535,0.0124928,0.0228207,0.00532084,0.0193206,-0.0814063,nan,nan,nan,nan,nan,nan,nan,nan,nan,nan,nan,nan,nan,nan,nan,0.00326222,0.0465006,-0.0527599,0,0,-0.482251,1,0,-1,0.00411166,StepApplied,,nan,nan,nan,nan,0,0,0,0,0,-0.481384,0.0186961,0.215143,0.0901977,0.710339,0.432782,0.55615,0.226265,nan,nan,nan,nan,nan,nan,nan,nan
3.41595,0.693537,0.0196302,-0.954102,0.59094,-0.00991601,-0.0541238,-0.0317611,0.013377,0.0214136,-0.0552898,0.051056,-0.0845563,nan,nan,nan,nan,nan,nan,nan,nan,nan,nan,nan,nan,nan,nan,nan,-0.00220389,0.0410023,-0.0475374,0,0,-0.482213,1,0,-1,0.00411166,StepApplied,,nan,nan,nan,nan,0,0,0,0,0,-0.481384,0.0186961,0.215143,0.0901977,0.710339,0.432782,0.55615,0.226265,nan,nan,nan,nan,nan,nan,nan,nan
3.42205,0.699323,0.0194806,-0.954195,0.57937,-0.0202114,-0.056552,-0.0318803,0.0137772,0.0206724,-0.0119938,0.0482153,-0.0794489,nan,nan,nan,nan,nan,nan,nan,nan,nan,nan,nan,nan,nan,nan,nan,-0.00220389,0.0410023,-0.0475374,0,0,-0.482213,1,0,-1,0.00411166,StepApplied,,nan,nan,nan,nan,0,0,0,0,0,-0.482213,0.023316,0.218381,0.0906838,0.710676,0.435075,0.562048,0.221053,nan,nan,nan,nan,nan,nan,nan,nan
3.43637,0.705023,0.0193695,-0.954299,0.575587,-0.0142461,-0.0605829,-0.031875,0.0138266,0.0200018,0.00171328,0.00920214,-0.0736778,nan,nan,nan,nan,nan,nan,nan,nan,nan,nan,nan,nan,nan,nan,nan,-0.00119246,0.0250811,-0.0439442,0,0,-0.48178,1,0,-1,0.00411166,StepApplied,,nan,nan,nan,nan,0,0,0,0,0,-0.48178,0.016423,0.218548,0.0915643,0.716116,0.43053,0.555979,0.224495,nan,nan,nan,nan,nan,nan,nan,nan
3.44412,0.710676,0.0193022,-0.95445,0.570077,-0.00382133,-0.0532133,-0.0319813,0.0140744,0.0193787,-0.0107804,0.0310127,-0.0672905,nan,nan,nan,nan,nan,nan,nan,nan,nan,nan,nan,nan,nan,nan,nan,-0.00119246,0.0250811,-0.0439442,0,0,-0.48178,1,0,-1,0.00411166,StepApplied,,nan,nan,nan,nan,0,0,0,0,0,-0.481043,0.0205954,0.210995,0.0919339,0.707458,0.438454,0.552486,0.225776,nan,nan,nan,nan,nan,nan,nan,nan
3.45849,0.716275,0.019211,-0.954619,0.57368,-0.00453925,-0.0521538,-0.032505,0.0146252,0.0187984,-0.0572959,0.0645753,-0.0614287,nan,nan,nan,nan,nan,nan,nan,nan,nan,nan,nan,nan,nan,nan,nan,-0.0365203,0.0517871,-0.0388595,0,0,-0.482779,1,0,-1,0.00411166,StepApplied,,nan,nan,nan,nan,0,0,0,0,0,-0.482587,0.00469412,0.214681,0.0921944,0.723111,0.426408,0.545129,0.235699,nan,nan,nan,nan,nan,nan,nan,nan
3.46593,0.721864,0.0191013,-0.954783,0.57506,-0.00298923,-0.0574031,-0.0325575,0.0148412,0.0181408,-0.00467816,0.0275698,-0.0712332,nan,nan,nan,nan,nan,nan,nan,nan,nan,nan,nan,nan,nan,nan,nan,-0.0365203,0.0517871,-0.0388595,0,0,-0.482779,1,0,-1,0.00411166,StepApplied,,nan,nan,nan,nan,0,0,0,0,0,-0.482779,0.00960566,0.225221,0.0923225,0.727412,0.422748,0.556115,0.224841,nan,nan,nan,nan,nan,nan,nan,nan
3.48579,0.727434,0.0190333,-0.954949,0.570342,-0.0111309,-0.0614997,-0.0322434,0.0150878,0.0176108,0.0357645,0.0303039,-0.0566406,nan,nan,nan,nan,nan,nan,nan,nan,nan,nan,nan,nan,nan,nan,nan,-0.00429483,0.0586042,-0.0358221,0,0,-0.480754,1,0,-1,0.00411166,StepApplied,,nan,nan,nan,nan,0,0,0,0,0,-0.481343,0.0119812,0.221755,0.0923954,0.721919,0.425515,0.553838,0.224101,nan,nan,nan,nan,nan,nan,nan,nan
3.48609,0.732957,0.0189618,-0.955138,0.560328,-0.0101586,-0.0579894,-0.0323796,0.0150772,0.017176,-0.014418,0.00146387,-0.0475084,nan,nan,nan,nan,nan,nan,nan,nan,nan,nan,nan,nan,nan,nan,nan,-0.00429483,0.0586042,-0.0358221,0,0,-0.480754,1,0,-1,0.00411166,StepApplied,,nan,nan,nan,nan,0,0,0,0,0,-0.481343,0.0119812,0.221755,0.0923954,0.721919,0.425515,0.553838,0.224101,nan,nan,nan,nan,nan,nan,nan,nan
3.49545,0.738442,0.0188845,-0.955117,0.555981,0.00574303,-0.0585377,-0.0326297,0.0153838,0.0166943,-0.0269398,0.0369011,-0.0513518,nan,nan,nan,nan,nan,nan,nan,nan,nan,nan,nan,nan,nan,nan,nan,-0.0569892,0.0400997,-0.0334476,0,0,-0.481464,1,0,-1,0.00411166,StepApplied,,nan,nan,nan,nan,0,0,0,0,0,-0.481464,0.0119812,0.221755,0.0923954,0.721919,0.425515,0.553838,0.224101,nan,nan,nan,nan,nan,nan,nan,nan
3.50198,0.74928,0.0188054,-0.955163,0.549549,-0.00980427,-0.0616595,-0.0321996,0.0158012,0.0157041,0.025099,0.0114875,-0.0566379,nan,nan,nan,nan,nan,nan,nan,nan,nan,nan,nan,nan,nan,nan,nan,-0.0569892,0.0400997,-0.0334476,0,0,-0.481464,1,0,-1,0.00411166,StepApplied,,nan,nan,nan,nan,0,0,0,0,0,-0.481464,0.0029287,0.214969,0.0923305,0.723578,0.423969,0.542827,0.235484,nan,nan,nan,nan,nan,nan,nan,nan
3.51472,0.754664,0.0187607,-0.955156,0.54549,-0.0137357,-0.0624597,-0.0320842,0.0159544,0.0152762,0.0136271,0.0195629,-0.0453222,nan,nan,nan,nan,nan,nan,nan,nan,nan,nan,nan,nan,nan,nan,nan,0.00158055,0.0454818,-0.0302493,0,0,-0.48056,1,0,-1,0.00411166,StepApplied,,nan,nan,nan,nan,0,0,0,0,0,-0.480643,0.00910612,0.215024,0.0923036,0.7184,0.42745,0.546439,0.230282,nan,nan,nan,nan,nan,nan,nan,nan
3.52148,0.760001,0.0187062,-0.955183,0.538876,0.00940504,-0.0555682,-0.032078,0.0164224,0.0149038,0.00146564,0.0547552,-0.0384683,nan,nan,nan,nan,nan,nan,nan,nan,nan,nan,nan,nan,nan,nan,nan,0.00158055,0.0454818,-0.0302493,0,0,-0.48056,1,0,-1,0.00411166,StepApplied,,nan,nan,nan,nan,0,0,0,0,0,-0.48056,0.0110995,0.217253,0.0922812,0.718462,0.427177,0.549364,0.227236,nan,nan,nan,nan,nan,nan,nan,nan
3.53764,0.765237,0.0187038,-0.955256,0.532543,0.00992176,-0.0567157,-0.0320572,0.0169545,0.0144435,0.00326412,0.0618819,-0.0478346,nan,nan,nan,nan,nan,nan,nan,nan,nan,nan,nan,nan,nan,nan,nan,-0.0631358,0.0360122,-0.0279405,0,0,-0.482017,1,0,-1,0.00411166,StepApplied,,nan,nan,nan,nan,0,0,0,0,0,-0.482017,-0.00397112,0.211492,0.0922499,0.72647,0.422021,0.536124,0.243454,nan,nan,nan,nan,nan,nan,nan,nan
3.54229,0.771226,0.0187456,-0.955389,0.525541,0.000172542,-0.0659322,-0.0316385,0.01724,0.0140144,0.047527,0.0342735,-0.0452796,nan,nan,nan,nan,nan,nan,nan,nan,nan,nan,nan,nan,nan,nan,nan,-0.0631358,0.0360122,-0.0279405,0,0,-0.482017,1,0,-1,0.00411166,StepApplied,,nan,nan,nan,nan,0,0,0,0,0,-0.482017,-0.00397112,0.211492,0.0922499,0.72647,0.422021,0.536124,0.243454,nan,nan,nan,nan,nan,nan,nan,nan
3.55476,0.776361,0.0187674,-0.955493,0.525962,0.00558993,-0.0615228,-0.0314927,0.0174934,0.0136948,0.0169402,0.0302742,-0.0332248,nan,nan,nan,nan,nan,nan,nan,nan,nan,nan,nan,nan,nan,nan,nan,-0.0376359,0.0386267,-0.0250902,0,0,-0.480621,1,0,-1,0.00411166,StepApplied,,nan,nan,nan,nan,0,0,0,0,0,-0.481712,0.00619668,0.205906,0.0921804,0.714955,0.432786,0.539129,0.239977,nan,nan,nan,nan,nan,nan,nan,nan
3.56398,0.781422,0.018769,-0.955618,0.523328,0.0114273,-0.0570471,-0.0315979,0.0183419,0.0133557,-0.0108919,0.0960452,-0.0331606,nan,nan,nan,nan,nan,nan,nan,nan,nan,nan,nan,nan,nan,nan,nan,-0.0376359,0.0386267,-0.0250902,0,0,-0.480621,1,0,-1,0.00411166,StepApplied,,nan,nan,nan,nan,0,0,0,0,0,-0.481555,0.00123026,0.210717,0.0920107,0.721543,0.425546,0.539031,0.240101,nan,nan,nan,nan,nan,nan,nan,nan
3.58162,0.786472,0.0187613,-0.955737,0.524796,0.00476884,-0.0588867,-0.0316882,0.0192516,0.0129994,-0.00928285,0.103915,-0.0352137,nan,nan,nan,nan,nan,nan,nan,nan,nan,nan,nan,nan,nan,nan,nan,-0.0264758,0.0560369,-0.0232506,0,0,-0.481093,1,0,-1,0.00411166,StepApplied,,nan,nan,nan,nan,0,0,0,0,0,-0.481093,0.0223198,0.203564,0.0917657,0.700866,0.44481,0.548671,0.230027,nan,nan,nan,nan,nan,nan,nan,nan
3.58504,0.796507,0.0188364,-0.955715,0.511259,0.00676461,-0.0609415,-0.0317338,0.0203142,0.012503,-0.0161366,0.0646949,-0.0220628,nan,nan,nan,nan,nan,nan,nan,nan,nan,nan,nan,nan,nan,nan,nan,-0.0264758,0.0560369,-0.0232506,0,0,-0.481093,1,0,-1,0.00411166,StepApplied,,nan,nan,nan,nan,0,0,0,0,0,-0.481093,0.0223198,0.203564,0.0917657,0.700866,0.44481,0.548671,0.230027,nan,nan,nan,nan,nan,nan,nan,nan
3.59565,0.801425,0.0188639,-0.955603,0.504553,0.0130193,-0.0580262,-0.0321612,0.0210676,0.0123284,-0.0471314,0.0853277,-0.0150384,nan,nan,nan,nan,nan,nan,nan,nan,nan,nan,nan,nan,nan,nan,nan,-0.0279809,0.0282138,-0.0223097,0,0,-0.480603,1,0,-1,0.00411166,StepApplied,,nan,nan,nan,nan,0,0,0,0,0,-0.479647,0.0106072,0.210354,0.091494,0.712232,0.430007,0.544014,0.232334,nan,nan,nan,nan,nan,nan,nan,nan
3.60503,0.806285,0.0189115,-0.955531,0.49868,0.0177283,-0.0646983,-0.0321957,0.0218669,0.0120861,-0.00318858,0.0901678,-0.0223031,nan,nan,nan,nan,nan,nan,nan,nan,nan,nan,nan,nan,nan,nan,nan,-0.0279809,0.0282138,-0.0223097,0,0,-0.480603,1,0,-1,0.00411166,StepApplied,,nan,nan,nan,nan,0,0,0,0,0,-0.481254,0.00418872,0.199502,0.0907758,0.709985,0.434031,0.53413,0.246868,nan,nan,nan,nan,nan,nan,nan,nan
3.61929,0.811101,0.0189851,-0.95548,0.493666,0.00433522,-0.0687621,-0.032065,0.0222541,0.0119522,0.0150228,0.0445801,-0.011928,nan,nan,nan,nan,nan,nan,nan,nan,nan,nan,nan,nan,nan,nan,nan,-0.0562478,0.0152578,-0.0215487,0,0,-0.479989,1,0,-1,0.00411166,StepApplied,,nan,nan,nan,nan,0,0,0,0,0,-0.479989,0.00653132,0.206532,0.090281,0.711541,0.428958,0.539985,0.239474,nan,nan,nan,nan,nan,nan,nan,nan
3.62633,0.815881,0.0190578,-0.955409,0.489132,0.0038869,-0.0636619,-0.032276,0.0226226,0.0118637,-0.0232272,0.042078,-0.00691122,nan,nan,nan,nan,nan,nan,nan,nan,nan,nan,nan,nan,nan,nan,nan,-0.0562478,0.0152578,-0.0215487,0,0,-0.479989,1,0,-1,0.00411166,StepApplied,,nan,nan,nan,nan,0,0,0,0,0,-0.478961,0.0220394,0.20463,0.0898896,0.69781,0.439848,0.54897,0.229214,nan,nan,nan,nan,nan,nan,nan,nan
3.63806,0.820616,0.0191419,-0.955374,0.490345,0.0209839,-0.0601614,-0.032823,0.0231542,0.0118101,-0.0607208,0.0600721,-0.00244027,nan,nan,nan,nan,nan,nan,nan,nan,nan,nan,nan,nan,nan,nan,nan,-0.0640071,0.0313325,-0.0205729,0,0,-0.480983,1,0,-1,0.00411166,StepApplied,,nan,nan,nan,nan,0,0,0,0,0,-0.479969,0.0105175,0.206597,0.0894499,0.707918,0.430879,0.543661,0.23742,nan,nan,nan,nan,nan,nan,nan,nan
3.6457,0.825299,0.0192494,-0.955372,0.485312,0.0267051,-0.0581857,-0.0330973,0.0236621,0.0117297,-0.0302894,0.0575123,-0.0055275,nan,nan,nan,nan,nan,nan,nan,nan,nan,nan,nan,nan,nan,nan,nan,-0.0640071,0.0313325,-0.0205729,0,0,-0.480983,1,0,-1,0.00411166,StepApplied,,nan,nan,nan,nan,0,0,0,0,0,-0.481408,0.00673429,0.211054,0.0889781,0.714711,0.426019,0.546045,0.238856,nan,nan,nan,nan,nan,nan,nan,nan
3.65699,0.829914,0.0193186,-0.955379,0.477716,0.0157348,-0.0631782,-0.0331376,0.0238699,0.0116322,-0.00416682,0.0240122,-0.00851545,nan,nan,nan,nan,nan,nan,nan,nan,nan,nan,nan,nan,nan,nan,nan,-0.0296489,0.0151991,-0.0207413,0,0,-0.48015,1,0,-1,0.00411166,StepApplied,,nan,nan,nan,nan,0,0,0,0,0,-0.48015,0.020873,0.207462,0.0886106,0.700548,0.436931,0.552613,0.230506,nan,nan,nan,nan,nan,nan,nan,nan
3.66579,0.834488,0.019473,-0.955417,0.473743,0.0197532,-0.0692448,-0.0332238,0.0239594,0.0116894,-0.00975756,0.0104319,0.0082429,nan,nan,nan,nan,nan,nan,nan,nan,nan,nan,nan,nan,nan,nan,nan,-0.0296489,0.0151991,-0.0207413,0,0,-0.48015,1,0,-1,0.00411166,StepApplied,,nan,nan,nan,nan,0,0,0,0,0,-0.478998,0.0123307,0.215873,0.0880598,0.710834,0.423241,0.551918,0.23,nan,nan,nan,nan,nan,nan,nan,nan
3.68158,0.844155,0.019849,-0.955638,0.469159,0.0285014,-0.0662697,-0.0342218,0.0245935,0.0118051,-0.0451051,0.0387227,0.006064,nan,nan,nan,nan,nan,nan,nan,nan,nan,nan,nan,nan,nan,nan,nan,-0.0622883,0.0328443,-0.0205868,0,0,-0.481168,1,0,-1,0.00411166,StepApplied,,nan,nan,nan,nan,0,0,0,0,0,-0.481168,0.0134679,0.212948,0.0873868,0.709458,0.427611,0.553496,0.234108,nan,nan,nan,nan,nan,nan,nan,nan
3.68328,0.848544,0.0200779,-0.95545,0.46084,0.0154369,-0.0707922,-0.0344394,0.0244931,0.0119042,-0.0244648,-0.011008,0.0120334,nan,nan,nan,nan,nan,nan,nan,nan,nan,nan,nan,nan,nan,nan,nan,-0.0622883,0.0328443,-0.0205868,0,0,-0.481168,1,0,-1,0.00411166,StepApplied,,nan,nan,nan,nan,0,0,0,0,0,-0.481168,0.0134679,0.212948,0.0873868,0.709458,0.427611,0.553496,0.234108,nan,nan,nan,nan,nan,nan,nan,nan
3.69699,0.852871,0.0202711,-0.95525,0.454935,0.0140511,-0.0639621,-0.0347507,0.0241528,0.0120848,-0.0350887,-0.0379072,0.0200793,nan,nan,nan,nan,nan,nan,nan,nan,nan,nan,nan,nan,nan,nan,nan,-0.00932937,0.0163314,-0.0219203,0,0,-0.478502,1,0,-1,0.00411166,StepApplied,,nan,nan,nan,nan,0,0,0,0,0,-0.478502,0.0206073,0.219949,0.0861059,0.705414,0.42376,0.562108,0.222724,nan,nan,nan,nan,nan,nan,nan,nan
3.70626,0.857169,0.0204506,-0.955056,0.450189,0.030254,-0.0565794,-0.0354262,0.0241566,0.0122528,-0.0761804,0.000214776,0.0201633,nan,nan,nan,nan,nan,nan,nan,nan,nan,nan,nan,nan,nan,nan,nan,-0.00932937,0.0163314,-0.0219203,0,0,-0.478502,1,0,-1,0.00411166,StepApplied,,nan,nan,nan,nan,0,0,0,0,0,-0.479848,0.0275369,0.209662,0.0855152,0.693996,0.43669,0.561673,0.227032,nan,nan,nan,nan,nan,nan,nan,nan
3.71549,0.861414,0.0206856,-0.954906,0.442594,0.0321594,-0.0598202,-0.0361685,0.0241892,0.0124247,-0.0832331,0.00336145,0.0205693,nan,nan,nan,nan,nan,nan,nan,nan,nan,nan,nan,nan,nan,nan,nan,-0.0544232,0.0142861,-0.0228632,0,0,-0.481596,1,0,-1,0.00411166,StepApplied,,nan,nan,nan,nan,0,0,0,0,0,-0.481596,0.0275369,0.209662,0.0855152,0.693996,0.43669,0.561673,0.227032,nan,nan,nan,nan,nan,nan,nan,nan
3.72407,0.865588,0.0208906,-0.954768,0.434279,0.023851,-0.0672508,-0.0365928,0.0238689,0.0125477,-0.0477007,-0.035758,0.0136671,nan,nan,nan,nan,nan,nan,nan,nan,nan,nan,nan,nan,nan,nan,nan,-0.0544232,0.0142861,-0.0228632,0,0,-0.481596,1,0,-1,0.00411166,StepApplied,,nan,nan,nan,nan,0,0,0,0,0,-0.480951,0.0124179,0.219135,0.084291,0.711264,0.41918,0.560003,0.233356,nan,nan,nan,nan,nan,nan,nan,nan
3.73443,0.869717,0.0211348,-0.954653,0.432783,0.0255373,-0.0662131,-0.036839,0.023324,0.0128451,-0.0283042,-0.0614859,0.0320951,nan,nan,nan,nan,nan,nan,nan,nan,nan,nan,nan,nan,nan,nan,nan,-0.0242949,0.0118041,-0.0242812,0,0,-0.479581,1,0,-1,0.00411166,StepApplied,,nan,nan,nan,nan,0,0,0,0,0,-0.480951,0.0124179,0.219135,0.084291,0.711264,0.41918,0.560003,0.233356,nan,nan,nan,nan,nan,nan,nan,nan
3.74224,0.873799,0.0213905,-0.954533,0.432358,0.0294873,-0.0565827,-0.0376425,0.0231056,0.0131545,-0.0899373,-0.0251151,0.0345401,nan,nan,nan,nan,nan,nan,nan,nan,nan,nan,nan,nan,nan,nan,nan,-0.0242949,0.0118041,-0.0242812,0,0,-0.479581,1,0,-1,0.00411166,StepApplied,,nan,nan,nan,nan,0,0,0,0,0,-0.481588,0.0110547,0.228982,0.0829875,0.695445,0.430498,0.564681,0.226609,nan,nan,nan,nan,nan,nan,nan,nan
3.75778,0.877851,0.0216155,-0.954414,0.434025,0.0309847,-0.0502832,-0.038402,0.0229964,0.0133977,-0.0857765,-0.0129223,0.0279092,nan,nan,nan,nan,nan,nan,nan,nan,nan,nan,nan,nan,nan,nan,nan,-0.0336459,0.0473484,-0.0250355,0,0,-0.482919,1,0,-1,0.00411166,StepApplied,,nan,nan,nan,nan,0,0,0,0,0,-0.482919,0.0229495,0.223983,0.0822227,0.707146,0.4231,0.57491,0.226521,nan,nan,nan,nan,nan,nan,nan,nan
3.76242,0.885773,0.0221218,-0.954241,0.420138,0.024724,-0.0645449,-0.0390903,0.0219223,0.0140233,-0.0252147,-0.071522,0.0365403,nan,nan,nan,nan,nan,nan,nan,nan,nan,nan,nan,nan,nan,nan,nan,-0.0336459,0.0473484,-0.0250355,0,0,-0.482919,1,0,-1,0.00411166,StepApplied,,nan,nan,nan,nan,0,0,0,0,0,-0.482919,0.0229495,0.223983,0.0822227,0.707146,0.4231,0.57491,0.226521,nan,nan,nan,nan,nan,nan,nan,nan
3.77512,0.889642,0.0223807,-0.954175,0.411993,0.0222439,-0.0601877,-0.0396547,0.0215625,0.0145072,-0.0641517,-0.0419085,0.0532964,nan,nan,nan,nan,nan,nan,nan,nan,nan,nan,nan,nan,nan,nan,nan,-0.00264294,0.0296696,-0.0282881,0,0,-0.479912,1,0,-1,0.00411166,StepApplied,,nan,nan,nan,nan,0,0,0,0,0,-0.481116,0.0130621,0.22879,0.0815191,0.715031,0.410202,0.570218,0.229014,nan,nan,nan,nan,nan,nan,nan,nan
3.78434,0.8941,0.0226929,-0.954224,0.410697,0.0403728,-0.057057,-0.040419,0.0212306,0.0148827,-0.0856987,-0.0381777,0.0410836,nan,nan,nan,nan,nan,nan,nan,nan,nan,nan,nan,nan,nan,nan,nan,-0.00264294,0.0296696,-0.0282881,0,0,-0.479912,1,0,-1,0.00411166,StepApplied,,nan,nan,nan,nan,0,0,0,0,0,-0.480707,0.0298089,0.220374,0.0799426,0.695253,0.426009,0.577278,0.224288,nan,nan,nan,nan,nan,nan,nan,nan
3.79894,0.89777,0.0229845,-0.953825,0.403724,0.0276756,-0.0592425,-0.041014,0.0209209,0.0152919,-0.0677022,-0.0362834,0.0453191,nan,nan,nan,nan,nan,nan,nan,nan,nan,nan,nan,nan,nan,nan,nan,-0.0492374,0.0339528,-0.0302097,0,0,-0.48166,1,0,-1,0.00411166,StepApplied,,nan,nan,nan,nan,0,0,0,0,0,-0.48166,0.014893,0.225484,0.0790722,0.709496,0.411931,0.572165,0.233047,nan,nan,nan,nan,nan,nan,nan,nan
3.80489,0.901407,0.023306,-0.953421,0.39683,0.0216577,-0.0598612,-0.0414233,0.0202898,0.0157393,-0.0469173,-0.0722958,0.0476589,nan,nan,nan,nan,nan,nan,nan,nan,nan,nan,nan,nan,nan,nan,nan,-0.0492374,0.0339528,-0.0302097,0,0,-0.48166,1,0,-1,0.00411166,StepApplied,,nan,nan,nan,nan,0,0,0,0,0,-0.481012,0.0316704,0.223909,0.0782053,0.695005,0.423394,0.583134,0.222516,nan,nan,nan,nan,nan,nan,nan,nan
3.8183,0.905017,0.0236191,-0.953026,0.394939,0.0317781,-0.0543342,-0.0421176,0.0198947,0.0162258,-0.0787173,-0.046278,0.0530298,nan,nan,nan,nan,nan,nan,nan,nan,nan,nan,nan,nan,nan,nan,nan,-0.0155625,0.0329432,-0.0333167,0,0,-0.482221,1,0,-1,0.00411166,StepApplied,,nan,nan,nan,nan,0,0,0,0,0,-0.480859,0.0347338,0.216304,0.0775481,0.68665,0.430127,0.580429,0.226229,nan,nan,nan,nan,nan,nan,nan,nan
3.82534,0.908569,0.0239325,-0.952642,0.388828,0.0357206,-0.0475286,-0.0431633,0.0196248,0.0167001,-0.117805,-0.0323349,0.0521877,nan,nan,nan,nan,nan,nan,nan,nan,nan,nan,nan,nan,nan,nan,nan,-0.0155625,0.0329432,-0.0333167,0,0,-0.482221,1,0,-1,0.00411166,StepApplied,,nan,nan,nan,nan,0,0,0,0,0,-0.483672,0.0218813,0.228489,0.0767888,0.706408,0.414477,0.583523,0.230279,nan,nan,nan,nan,nan,nan,nan,nan
3.83849,0.912063,0.0242293,-0.952278,0.382201,0.0343342,-0.0524942,-0.0438499,0.0195625,0.0170802,-0.077208,-0.00881603,0.0424181,nan,nan,nan,nan,nan,nan,nan,nan,nan,nan,nan,nan,nan,nan,nan,-0.013425,0.0253958,-0.0364561,0,0,-0.482704,1,0,-1,0.00411166,StepApplied,,nan,nan,nan,nan,0,0,0,0,0,-0.482704,0.0311939,0.221302,0.0760088,0.692994,0.424396,0.58484,0.228585,nan,nan,nan,nan,nan,nan,nan,nan
3.84544,0.915519,0.0245557,-0.951926,0.374439,0.0227423,-0.052823,-0.0443491,0.0190328,0.0175196,-0.05715,-0.0614972,0.0471444,nan,nan,nan,nan,nan,nan,nan,nan,nan,nan,nan,nan,nan,nan,nan,-0.013425,0.0253958,-0.0364561,0,0,-0.482704,1,0,-1,0.00411166,StepApplied,,nan,nan,nan,nan,0,0,0,0,0,-0.48249,0.0310799,0.220486,0.0753475,0.691623,0.424017,0.584631,0.229689,nan,nan,nan,nan,nan,nan,nan,nan
3.85712,0.922345,0.0251721,-0.951251,0.373836,0.0384442,-0.0402649,-0.045615,0.0183506,0.0187188,-0.0822084,-0.0222945,0.0712374,nan,nan,nan,nan,nan,nan,nan,nan,nan,nan,nan,nan,nan,nan,nan,0.0224836,0.0382172,-0.0397734,0,0,-0.483247,1,0,-1,0.00411166,StepApplied,,nan,nan,nan,nan,0,0,0,0,0,-0.48249,0.0310799,0.220486,0.0753475,0.691623,0.424017,0.584631,0.229689,nan,nan,nan,nan,nan,nan,nan,nan
3.86332,0.925682,0.025488,-0.95094,0.370517,0.0386885,-0.0409122,-0.0463692,0.018291,0.0192163,-0.0853302,-0.0093282,0.0555431,nan,nan,nan,nan,nan,nan,nan,nan,nan,nan,nan,nan,nan,nan,nan,0.0224836,0.0382172,-0.0397734,0,0,-0.483247,1,0,-1,0.00411166,StepApplied,,nan,nan,nan,nan,0,0,0,0,0,-0.483247,0.0278059,0.230894,0.0745808,0.701288,0.414333,0.591194,0.226174,nan,nan,nan,nan,nan,nan,nan,nan
3.87931,0.92897,0.0257858,-0.950649,0.364371,0.0301764,-0.0486717,-0.0465744,0.0179637,0.019709,-0.0240336,-0.0389133,0.053305,nan,nan,nan,nan,nan,nan,nan,nan,nan,nan,nan,nan,nan,nan,nan,-0.0161432,0.0502936,-0.0419948,0,0,-0.485393,1,0,-1,0.00411166,StepApplied,,nan,nan,nan,nan,0,0,0,0,0,-0.485393,0.0164899,0.229726,0.073017,0.709046,0.407739,0.586074,0.238711,nan,nan,nan,nan,nan,nan,nan,nan
3.88709,0.932217,0.0261234,-0.950381,0.363478,0.032596,-0.052954,-0.0466626,0.0174157,0.0202642,-0.0112987,-0.0643393,0.0596598,nan,nan,nan,nan,nan,nan,nan,nan,nan,nan,nan,nan,nan,nan,nan,-0.0161432,0.0502936,-0.0419948,0,0,-0.485393,1,0,-1,0.00411166,StepApplied,,nan,nan,nan,nan,0,0,0,0,0,-0.483735,0.0257776,0.231269,0.0722267,0.701122,0.410767,0.592866,0.230184,nan,nan,nan,nan,nan,nan,nan,nan
3.89984,0.935429,0.0264313,-0.950111,0.361872,0.0235236,-0.0414327,-0.0472808,0.0172057,0.0208784,-0.0703336,-0.0267513,0.0676145,nan,nan,nan,nan,nan,nan,nan,nan,nan,nan,nan,nan,nan,nan,nan,0.0351527,0.0603243,-0.0455092,0,0,-0.485224,1,0,-1,0.00411166,StepApplied,,nan,nan,nan,nan,0,0,0,0,0,-0.483025,0.0274796,0.229605,0.0715157,0.697322,0.411726,0.592894,0.230158,nan,nan,nan,nan,nan,nan,nan,nan
3.90697,0.938462,0.0267485,-0.949432,0.357101,0.0347095,-0.0387744,-0.0478347,0.017222,0.021385,-0.0629529,-0.00105827,0.0567961,nan,nan,nan,nan,nan,nan,nan,nan,nan,nan,nan,nan,nan,nan,nan,0.0351527,0.0603243,-0.0455092,0,0,-0.485224,1,0,-1,0.00411166,StepApplied,,nan,nan,nan,nan,0,0,0,0,0,-0.485224,0.0211827,0.232738,0.0709368,0.705609,0.406679,0.593432,0.235176,nan,nan,nan,nan,nan,nan,nan,nan
3.91906,0.941976,0.0271314,-0.948866,0.350514,0.0284847,-0.0468495,-0.0480385,0.016954,0.0218776,-0.0241111,-0.0329665,0.0535845,nan,nan,nan,nan,nan,nan,nan,nan,nan,nan,nan,nan,nan,nan,nan,0.0205556,0.0490027,-0.049172,0,0,-0.484457,1,0,-1,0.00411166,StepApplied,,nan,nan,nan,nan,0,0,0,0,0,-0.484457,0.0286596,0.229477,0.0702622,0.696576,0.412831,0.596322,0.232101,nan,nan,nan,nan,nan,nan,nan,nan
3.92487,0.944925,0.0274659,-0.948229,0.346515,0.0244079,-0.0444869,-0.0480832,0.0164869,0.0224452,-0.00646568,-0.0552409,0.0604927,nan,nan,nan,nan,nan,nan,nan,nan,nan,nan,nan,nan,nan,nan,nan,0.0205556,0.0490027,-0.049172,0,0,-0.484457,1,0,-1,0.00411166,StepApplied,,nan,nan,nan,nan,0,0,0,0,0,-0.484998,0.0271608,0.23252,0.0696087,0.699675,0.409506,0.598606,0.232205,nan,nan,nan,nan,nan,nan,nan,nan
3.93521,0.94784,0.0277954,-0.947618,0.342636,0.0274375,-0.0406738,-0.0485269,0.0160464,0.0230926,-0.0513199,-0.0533072,0.0701474,nan,nan,nan,nan,nan,nan,nan,nan,nan,nan,nan,nan,nan,nan,nan,0.0218306,0.0516033,-0.0519999,0,0,-0.48594,1,0,-1,0.00411166,StepApplied,,nan,nan,nan,nan,0,0,0,0,0,-0.48594,0.0271608,0.23252,0.0696087,0.699675,0.409506,0.598606,0.232205,nan,nan,nan,nan,nan,nan,nan,nan
3.94193,0.953481,0.0284324,-0.946469,0.331121,0.0340775,-0.0448514,-0.0493213,0.0156791,0.0242498,-0.0279637,-0.0234788,0.0566868,nan,nan,nan,nan,nan,nan,nan,nan,nan,nan,nan,nan,nan,nan,nan,0.0218306,0.0516033,-0.0519999,0,0,-0.48594,1,0,-1,0.00411166,StepApplied,,nan,nan,nan,nan,0,0,0,0,0,-0.48594,0.0245007,0.237266,0.0690168,0.705262,0.404619,0.601613,0.232266,nan,nan,nan,nan,nan,nan,nan,nan
3.95494,0.956245,0.0287544,-0.945939,0.321942,0.0215149,-0.0476847,-0.0490928,0.0153202,0.0248507,0.023959,-0.0437798,0.0649305,nan,nan,nan,nan,nan,nan,nan,nan,nan,nan,nan,nan,nan,nan,nan,0.00390693,0.0449821,-0.0565861,0,0,-0.485438,1,0,-1,0.00411166,StepApplied,,nan,nan,nan,nan,0,0,0,0,0,-0.486345,0.0209139,0.224927,0.0682442,0.698706,0.410441,0.591533,0.244701,nan,nan,nan,nan,nan,nan,nan,nan
3.96172,0.958979,0.0290741,-0.945418,0.318623,0.0185473,-0.0438605,-0.0489019,0.0150256,0.0255249,0.0195541,-0.0368285,0.0730272,nan,nan,nan,nan,nan,nan,nan,nan,nan,nan,nan,nan,nan,nan,nan,0.00390693,0.0449821,-0.0565861,0,0,-0.485438,1,0,-1,0.00411166,StepApplied,,nan,nan,nan,nan,0,0,0,0,0,-0.485438,0.0132549,0.226117,0.0676036,0.703416,0.402635,0.586692,0.249008,nan,nan,nan,nan,nan,nan,nan,nan
3.98611,0.961701,0.02937,-0.944899,0.32121,0.0261864,-0.0386259,-0.0491609,0.0148574,0.0262255,-0.0306141,-0.023237,0.0774182,nan,nan,nan,nan,nan,nan,nan,nan,nan,nan,nan,nan,nan,nan,nan,0.0468761,0.0365938,-0.0608407,0,0,-0.4856,1,0,-1,0.00411166,StepApplied,,nan,nan,nan,nan,0,0,0,0,0,-0.4856,0.0301024,0.222989,0.0659176,0.687767,0.415236,0.598241,0.241154,nan,nan,nan,nan,nan,nan,nan,nan
3.98696,0.964402,0.0296513,-0.944414,0.320161,0.031409,-0.0375084,-0.0492726,0.0148245,0.0268873,-0.0139741,-0.00785988,0.0734182,nan,nan,nan,nan,nan,nan,nan,nan,nan,nan,nan,nan,nan,nan,nan,0.0468761,0.0365938,-0.0608407,0,0,-0.4856,1,0,-1,0.00411166,StepApplied,,nan,nan,nan,nan,0,0,0,0,0,-0.486952,0.014048,0.230116,0.0650652,0.70466,0.399345,0.59413,0.249675,nan,nan,nan,nan,nan,nan,nan,nan
3.99482,0.967056,0.0299206,-0.94394,0.314162,0.0224988,-0.0421051,-0.0491536,0.014613,0.0275305,0.0117646,-0.0276215,0.0703455,nan,nan,nan,nan,nan,nan,nan,nan,nan,nan,nan,nan,nan,nan,nan,0.0320156,0.0577472,-0.0652674,0,0,-0.486408,1,0,-1,0.00411166,StepApplied,,nan,nan,nan,nan,0,0,0,0,0,-0.486952,0.014048,0.230116,0.0650652,0.70466,0.399345,0.59413,0.249675,nan,nan,nan,nan,nan,nan,nan,nan
4.00626,0.96955,0.0303565,-0.94311,0.303737,0.0150933,-0.0434315,-0.0488951,0.0142143,0.0282772,0.027161,-0.0490088,0.0808249,nan,nan,nan,nan,nan,nan,nan,nan,nan,nan,nan,nan,nan,nan,nan,0.0320156,0.0577472,-0.0652674,0,0,-0.486408,1,0,-1,0.00411166,StepApplied,,nan,nan,nan,nan,0,0,0,0,0,-0.486167,0.0260766,0.221619,0.0634057,0.687702,0.411414,0.597503,0.248049,nan,nan,nan,nan,nan,nan,nan,nan
4.01811,0.971989,0.0307531,-0.942304,0.299491,0.0132365,-0.039655,-0.0488204,0.0140195,0.0289872,0.00640558,-0.0262209,0.0772349,nan,nan,nan,nan,nan,nan,nan,nan,nan,nan,nan,nan,nan,nan,nan,0.0493257,0.0383884,-0.0696644,0,0,-0.487086,1,0,-1,0.00411166,StepApplied,,nan,nan,nan,nan,0,0,0,0,0,-0.487086,0.0237519,0.228874,0.0625848,0.694574,0.404738,0.602727,0.246306,nan,nan,nan,nan,nan,nan,nan,nan
4.0227,0.976778,0.0315356,-0.940823,0.293155,0.0273435,-0.0349411,-0.0491936,0.0140639,0.0303567,-0.0283157,0.00338126,0.0716381,nan,nan,nan,nan,nan,nan,nan,nan,nan,nan,nan,nan,nan,nan,nan,0.0493257,0.0383884,-0.0696644,0,0,-0.487086,1,0,-1,0.00411166,StepApplied,,nan,nan,nan,nan,0,0,0,0,0,-0.487086,0.0237519,0.228874,0.0625848,0.694574,0.404738,0.602727,0.246306,nan,nan,nan,nan,nan,nan,nan,nan
4.0356,0.97955,0.0320073,-0.940154,0.286149,0.0116791,-0.0446611,-0.0489275,0.0138352,0.0310496,0.0278271,-0.0300457,0.0754911,nan,nan,nan,nan,nan,nan,nan,nan,nan,nan,nan,nan,nan,nan,nan,0.00637814,0.0452304,-0.0739646,0,0,-0.488578,1,0,-1,0.00411166,StepApplied,,nan,nan,nan,nan,0,0,0,0,0,-0.488244,0.0276694,0.22341,0.0618234,0.688337,0.411769,0.603553,0.249318,nan,nan,nan,nan,nan,nan,nan,nan
4.04473,0.981849,0.0323658,-0.939464,0.285335,0.0135992,-0.0378553,-0.0486066,0.0136906,0.0318219,0.0338211,-0.0210918,0.0847766,nan,nan,nan,nan,nan,nan,nan,nan,nan,nan,nan,nan,nan,nan,nan,0.00637814,0.0452304,-0.0739646,0,0,-0.488578,1,0,-1,0.00411166,StepApplied,,nan,nan,nan,nan,0,0,0,0,0,-0.486546,0.0190798,0.225938,0.060323,0.693001,0.400708,0.599069,0.253406,nan,nan,nan,nan,nan,nan,nan,nan
4.05861,0.984133,0.0327017,-0.938801,0.281976,0.024414,-0.0303481,-0.0486937,0.0137901,0.0326471,-0.0116272,0.00576052,0.0915016,nan,nan,nan,nan,nan,nan,nan,nan,nan,nan,nan,nan,nan,nan,nan,0.0412401,0.0465881,-0.0785192,0,0,-0.488122,1,0,-1,0.00411166,StepApplied,,nan,nan,nan,nan,0,0,0,0,0,-0.488122,0.0265579,0.220953,0.0594765,0.684918,0.410252,0.603254,0.254065,nan,nan,nan,nan,nan,nan,nan,nan
4.06699,0.986389,0.0330427,-0.938159,0.275252,0.0245075,-0.0322318,-0.0489724,0.0139928,0.0333797,-0.0330562,0.0178411,0.0826579,nan,nan,nan,nan,nan,nan,nan,nan,nan,nan,nan,nan,nan,nan,nan,0.0412401,0.0465881,-0.0785192,0,0,-0.488122,1,0,-1,0.00411166,StepApplied,,nan,nan,nan,nan,0,0,0,0,0,-0.489949,0.0238234,0.223568,0.0587523,0.689803,0.407572,0.605718,0.256702,nan,nan,nan,nan,nan,nan,nan,nan
4.07823,0.988611,0.0333774,-0.937535,0.268316,0.0148532,-0.0367674,-0.0489675,0.0140444,0.0340164,-0.00115581,0.00147115,0.0707249,nan,nan,nan,nan,nan,nan,nan,nan,nan,nan,nan,nan,nan,nan,nan,0.0367243,0.0286765,-0.0841691,0,0,-0.488763,1,0,-1,0.00411166,StepApplied,,nan,nan,nan,nan,0,0,0,0,0,-0.489693,0.0157188,0.222311,0.0580167,0.693654,0.401739,0.599578,0.263802,nan,nan,nan,nan,nan,nan,nan,nan
4.08599,0.990805,0.0337034,-0.936932,0.266895,0.0139802,-0.0383397,-0.0486323,0.0139101,0.0347344,0.0355207,-0.0196355,0.0787527,nan,nan,nan,nan,nan,nan,nan,nan,nan,nan,nan,nan,nan,nan,nan,0.0367243,0.0286765,-0.0841691,0,0,-0.488763,1,0,-1,0.00411166,StepApplied,,nan,nan,nan,nan,0,0,0,0,0,-0.488624,0.0232217,0.219201,0.0573316,0.684396,0.407489,0.602302,0.26031,nan,nan,nan,nan,nan,nan,nan,nan
4.09866,0.992867,0.0341677,-0.936004,0.262124,0.0194108,-0.031325,-0.0485871,0.0138588,0.0355149,0.00314307,-0.0107222,0.0861376,nan,nan,nan,nan,nan,nan,nan,nan,nan,nan,nan,nan,nan,nan,nan,0.0156537,0.0348641,-0.0874404,0,0,-0.490305,1,0,-1,0.00411166,StepApplied,,nan,nan,nan,nan,0,0,0,0,0,-0.490305,0.0139434,0.226082,0.0567708,0.696943,0.397183,0.602845,0.26425,nan,nan,nan,nan,nan,nan,nan,nan
4.10482,0.994893,0.0346214,-0.935114,0.259011,0.0288838,-0.0275449,-0.0488001,0.0140951,0.036233,-0.0257263,0.0213352,0.0800946,nan,nan,nan,nan,nan,nan,nan,nan,nan,nan,nan,nan,nan,nan,nan,0.0156537,0.0348641,-0.0874404,0,0,-0.490305,1,0,-1,0.00411166,StepApplied,,nan,nan,nan,nan,0,0,0,0,0,-0.491429,0.0121746,0.225585,0.0560333,0.698228,0.39667,0.603103,0.267714,nan,nan,nan,nan,nan,nan,nan,nan
4.11631,0.998837,0.0355068,-0.933419,0.249135,0.0231924,-0.0361957,-0.0482524,0.0139757,0.0376252,0.0464383,-0.0356016,0.0754001,nan,nan,nan,nan,nan,nan,nan,nan,nan,nan,nan,nan,nan,nan,nan,-0.00135243,0.0254788,-0.0930669,0,0,-0.491266,1,0,-1,0.00411166,StepApplied,,nan,nan,nan,nan,0,0,0,0,0,-0.491429,0.0121746,0.225585,0.0560333,0.698228,0.39667,0.603103,0.267714,nan,nan,nan,nan,nan,nan,nan,nan
4.12326,1.00077,0.0359585,-0.932618,0.245117,0.0213168,-0.0351017,-0.04789,0.0137557,0.0384244,0.0381441,-0.0296635,0.08707,nan,nan,nan,nan,nan,nan,nan,nan,nan,nan,nan,nan,nan,nan,nan,-0.00135243,0.0254788,-0.0930669,0,0,-0.491266,1,0,-1,0.00411166,StepApplied,,nan,nan,nan,nan,0,0,0,0,0,-0.491266,0.0161446,0.224106,0.0552932,0.693473,0.39962,0.605443,0.26653,nan,nan,nan,nan,nan,nan,nan,nan
4.1347,1.00265,0.036373,-0.931833,0.243563,0.0192081,-0.0289548,-0.0481488,0.0137122,0.0391902,-0.0309692,-0.00981751,0.0842826,nan,nan,nan,nan,nan,nan,nan,nan,nan,nan,nan,nan,nan,nan,nan,0.0153861,0.0322579,-0.0972539,0,0,-0.49033,1,0,-1,0.00411166,StepApplied,,nan,nan,nan,nan,0,0,0,0,0,-0.489964,0.01177,0.230455,0.0546394,0.6991,0.390081,0.606188,0.264486,nan,nan,nan,nan,nan,nan,nan,nan
4.14448,1.00451,0.0367676,-0.931079,0.241489,0.0275705,-0.0263582,-0.0486454,0.0136608,0.0399584,-0.0571376,-0.0106794,0.0840823,nan,nan,nan,nan,nan,nan,nan,nan,nan,nan,nan,nan,nan,nan,nan,0.0153861,0.0322579,-0.0972539,0,0,-0.49033,1,0,-1,0.00411166,StepApplied,,nan,nan,nan,nan,0,0,0,0,0,-0.491711,0.0284446,0.229263,0.0531073,0.686682,0.402931,0.620414,0.256819,nan,nan,nan,nan,nan,nan,nan,nan
4.15539,1.00669,0.037169,-0.930411,0.237443,0.0196817,-0.0337506,-0.0487274,0.0133073,0.0406621,-0.0112022,-0.0442267,0.076094,nan,nan,nan,nan,nan,nan,nan,nan,nan,nan,nan,nan,nan,nan,nan,-0.00345243,0.0445579,-0.100904,0,0,-0.492571,1,0,-1,0.00411166,StepApplied,,nan,nan,nan,nan,0,0,0,0,0,-0.492571,0.0284446,0.229263,0.0531073,0.686682,0.402931,0.620414,0.256819,nan,nan,nan,nan,nan,nan,nan,nan
4.16509,1.00848,0.0375531,-0.929694,0.235102,0.0166891,-0.0349673,-0.0487746,0.0128329,0.0414505,-0.00734072,-0.0578868,0.0844562,nan,nan,nan,nan,nan,nan,nan,nan,nan,nan,nan,nan,nan,nan,nan,-0.00345243,0.0445579,-0.100904,0,0,-0.492571,1,0,-1,0.00411166,StepApplied,,nan,nan,nan,nan,0,0,0,0,0,-0.491123,0.036323,0.234299,0.0516165,0.682594,0.402862,0.630446,0.248592,nan,nan,nan,nan,nan,nan,nan,nan
4.17448,1.01026,0.0379589,-0.929018,0.235443,0.0200569,-0.0291536,-0.0493787,0.0122921,0.0423034,-0.0693922,-0.0656463,0.0912518,nan,nan,nan,nan,nan,nan,nan,nan,nan,nan,nan,nan,nan,nan,nan,0.0206478,0.0575833,-0.105878,0,0,-0.492435,1,0,-1,0.00411166,StepApplied,,nan,nan,nan,nan,0,0,0,0,0,-0.491123,0.036323,0.234299,0.0516165,0.682594,0.402862,0.630446,0.248592,nan,nan,nan,nan,nan,nan,nan,nan
4.1837,1.01201,0.0383082,-0.928342,0.231445,0.0215993,-0.0239793,-0.0500793,0.0119011,0.0431041,-0.0800303,-0.0487326,0.086247,nan,nan,nan,nan,nan,nan,nan,nan,nan,nan,nan,nan,nan,nan,nan,0.0206478,0.0575833,-0.105878,0,0,-0.492435,1,0,-1,0.00411166,StepApplied,,nan,nan,nan,nan,0,0,0,0,0,-0.491026,0.0402097,0.238517,0.0509221,0.682037,0.401836,0.636773,0.24346,nan,nan,nan,nan,nan,nan,nan,nan
4.19788,1.01365,0.038776,-0.9274,0.231884,0.0285559,-0.0269217,-0.0505423,0.0114541,0.0437892,-0.0530785,-0.0540669,0.0726709,nan,nan,nan,nan,nan,nan,nan,nan,nan,nan,nan,nan,nan,nan,nan,-0.00174138,0.0676518,-0.109821,0,0,-0.493441,1,0,-1,0.00411166,StepApplied,,nan,nan,nan,nan,0,0,0,0,0,-0.493441,0.0345198,0.239866,0.049574,0.688081,0.397925,0.637463,0.250294,nan,nan,nan,nan,nan,nan,nan,nan
4.20228,1.01688,0.0396516,-0.925545,0.219393,0.0120908,-0.0257101,-0.051619,0.00979542,0.0451328,-0.0745867,-0.107162,0.0706963,nan,nan,nan,nan,nan,nan,nan,nan,nan,nan,nan,nan,nan,nan,nan,-0.00174138,0.0676518,-0.109821,0,0,-0.493441,1,0,-1,0.00411166,StepApplied,,nan,nan,nan,nan,0,0,0,0,0,-0.493441,0.0345198,0.239866,0.049574,0.688081,0.397925,0.637463,0.250294,nan,nan,nan,nan,nan,nan,nan,nan
4.2149,1.01846,0.0400963,-0.92465,0.215288,0.0146515,-0.0189027,-0.0526515,0.00909246,0.0459103,-0.116913,-0.0835698,0.0816408,nan,nan,nan,nan,nan,nan,nan,nan,nan,nan,nan,nan,nan,nan,nan,0.0520448,0.0514717,-0.11545,0,0,-0.493802,1,0,-1,0.00411166,StepApplied,,nan,nan,nan,nan,0,0,0,0,0,-0.493545,0.041696,0.244211,0.0490971,0.685706,0.399554,0.646188,0.24273,nan,nan,nan,nan,nan,nan,nan,nan
4.22437,1.02,0.0404729,-0.923769,0.211576,0.0203127,-0.0157079,-0.0537575,0.00847703,0.0465779,-0.124956,-0.0732781,0.0698787,nan,nan,nan,nan,nan,nan,nan,nan,nan,nan,nan,nan,nan,nan,nan,0.0520448,0.0514717,-0.11545,0,0,-0.493802,1,0,-1,0.00411166,StepApplied,,nan,nan,nan,nan,0,0,0,0,0,-0.495419,0.046925,0.237929,0.0481393,0.678483,0.408611,0.648276,0.246305,nan,nan,nan,nan,nan,nan,nan,nan
4.23799,1.02153,0.0408622,-0.922916,0.207055,0.0251762,-0.0176127,-0.0545035,0.00817614,0.0472248,-0.0843306,-0.0380098,0.0690458,nan,nan,nan,nan,nan,nan,nan,nan,nan,nan,nan,nan,nan,nan,nan,0.0281745,0.0523422,-0.118967,0,0,-0.496377,1,0,-1,0.00411166,StepApplied,,nan,nan,nan,nan,0,0,0,0,0,-0.496377,0.034898,0.238396,0.047631,0.687768,0.400226,0.641567,0.255947,nan,nan,nan,nan,nan,nan,nan,nan
4.24561,1.02302,0.0412417,-0.922069,0.20204,0.00953683,-0.0200163,-0.0551153,0.0075285,0.0478935,-0.0701442,-0.077316,0.0700499,nan,nan,nan,nan,nan,nan,nan,nan,nan,nan,nan,nan,nan,nan,nan,0.0281745,0.0523422,-0.118967,0,0,-0.496377,1,0,-1,0.00411166,StepApplied,,nan,nan,nan,nan,0,0,0,0,0,-0.496297,0.0424052,0.236291,0.0470813,0.680341,0.406393,0.645857,0.252596,nan,nan,nan,nan,nan,nan,nan,nan
4.25788,1.02448,0.0416162,-0.921235,0.198776,0.0127257,-0.0228757,-0.0559289,0.00698509,0.0486066,-0.0922449,-0.0656405,0.0752339,nan,nan,nan,nan,nan,nan,nan,nan,nan,nan,nan,nan,nan,nan,nan,0.0588131,0.0481731,-0.123941,0,0,-0.495481,1,0,-1,0.00411166,StepApplied,,nan,nan,nan,nan,0,0,0,0,0,-0.49575,0.0570483,0.228656,0.0466135,0.663574,0.421132,0.650736,0.247558,nan,nan,nan,nan,nan,nan,nan,nan
4.26517,1.0259,0.0419881,-0.920431,0.19693,0.0119141,-0.0171349,-0.0570141,0.00665296,0.049313,-0.122429,-0.0421498,0.0757511,nan,nan,nan,nan,nan,nan,nan,nan,nan,nan,nan,nan,nan,nan,nan,0.0588131,0.0481731,-0.123941,0,0,-0.495481,1,0,-1,0.00411166,StepApplied,,nan,nan,nan,nan,0,0,0,0,0,-0.496831,0.0436713,0.237515,0.0460974,0.679862,0.405974,0.649135,0.252355,nan,nan,nan,nan,nan,nan,nan,nan
4.27865,1.02729,0.0423182,-0.919647,0.195253,0.0206885,-0.0141712,-0.0582305,0.00649949,0.0499284,-0.136938,-0.021774,0.0667628,nan,nan,nan,nan,nan,nan,nan,nan,nan,nan,nan,nan,nan,nan,nan,0.03609,0.0620424,-0.127072,0,0,-0.497801,1,0,-1,0.00411166,StepApplied,,nan,nan,nan,nan,0,0,0,0,0,-0.497801,0.0377024,0.235253,0.0455852,0.68294,0.40381,0.644796,0.259656,nan,nan,nan,nan,nan,nan,nan,nan
4.28862,1.02894,0.042638,-0.918882,0.193706,0.00709655,-0.0153508,-0.059056,0.00619081,0.0505322,-0.0928744,-0.0387955,0.0641194,nan,nan,nan,nan,nan,nan,nan,nan,nan,nan,nan,nan,nan,nan,nan,0.03609,0.0620424,-0.127072,0,0,-0.497801,1,0,-1,0.00411166,StepApplied,,nan,nan,nan,nan,0,0,0,0,0,-0.497801,0.0443486,0.23415,0.0451792,0.677055,0.408883,0.649122,0.256142,nan,nan,nan,nan,nan,nan,nan,nan
4.29803,1.03038,0.0428798,-0.918102,0.184999,-5.38802e-05,-0.0141995,-0.0596614,0.00562451,0.0511627,-0.0691536,-0.0681789,0.0660342,nan,nan,nan,nan,nan,nan,nan,nan,nan,nan,nan,nan,nan,nan,nan,0.103227,0.0466586,-0.131205,0,0,-0.497869,1,0,-1,0.00411166,StepApplied,,nan,nan,nan,nan,0,0,0,0,0,-0.497547,0.0382288,0.240054,0.0448366,0.684961,0.399785,0.649057,0.256385,nan,nan,nan,nan,nan,nan,nan,nan
4.30254,1.03273,0.0434597,-0.91609,0.179594,0.0112707,-0.00582902,-0.0612982,0.00492588,0.0523729,-0.101017,-0.0318235,0.0641376,nan,nan,nan,nan,nan,nan,nan,nan,nan,nan,nan,nan,nan,nan,nan,0.103227,0.0466586,-0.131205,0,0,-0.497869,1,0,-1,0.00411166,StepApplied,,nan,nan,nan,nan,0,0,0,0,0,-0.497547,0.0382288,0.240054,0.0448366,0.684961,0.399785,0.649057,0.256385,nan,nan,nan,nan,nan,nan,nan,nan
4.31539,1.03387,0.0437435,-0.915129,0.173428,0.00977496,-0.0093944,-0.0620765,0.0046992,0.0528331,-0.0879909,-0.0292152,0.0491017,nan,nan,nan,nan,nan,nan,nan,nan,nan,nan,nan,nan,nan,nan,nan,0.0684424,0.0552556,-0.134485,0,0,-0.500255,1,0,-1,0.00411166,StepApplied,,nan,nan,nan,nan,0,0,0,0,0,-0.49929,0.0423872,0.235864,0.0445288,0.680493,0.407124,0.651085,0.258458,nan,nan,nan,nan,nan,nan,nan,nan
4.32456,1.03499,0.0439953,-0.914174,0.16799,-0.00392567,-0.0122747,-0.0627559,0.00427091,0.05325,-0.0765313,-0.0510722,0.0426612,nan,nan,nan,nan,nan,nan,nan,nan,nan,nan,nan,nan,nan,nan,nan,0.0684424,0.0552556,-0.134485,0,0,-0.500255,1,0,-1,0.00411166,StepApplied,,nan,nan,nan,nan,0,0,0,0,0,-0.499769,0.0481358,0.245469,0.0442475,0.683418,0.404595,0.662698,0.248365,nan,nan,nan,nan,nan,nan,nan,nan
4.33838,1.03609,0.04424,-0.913247,0.167644,-0.00159182,-0.0127372,-0.0631126,0.00379307,0.053656,-0.0411533,-0.057064,0.0415378,nan,nan,nan,nan,nan,nan,nan,nan,nan,nan,nan,nan,nan,nan,nan,0.104685,0.0521724,-0.137494,0,0,-0.499491,1,0,-1,0.00411166,StepApplied,,nan,nan,nan,nan,0,0,0,0,0,-0.49925,0.0569832,0.230573,0.044163,0.666025,0.42078,0.657992,0.252202,nan,nan,nan,nan,nan,nan,nan,nan
4.34739,1.0382,0.0446356,-0.911478,0.161187,0.00218087,-0.00348241,-0.0643574,0.00349556,0.0545192,-0.0669281,0.00558858,0.039263,nan,nan,nan,nan,nan,nan,nan,nan,nan,nan,nan,nan,nan,nan,nan,0.104685,0.0521724,-0.137494,0,0,-0.499491,1,0,-1,0.00411166,StepApplied,,nan,nan,nan,nan,0,0,0,0,0,-0.499491,0.0504912,0.226482,0.044138,0.667939,0.419298,0.650776,0.25995,nan,nan,nan,nan,nan,nan,nan,nan
4.35942,1.03922,0.0448089,-0.910634,0.15507,-0.00300174,-0.00528515,-0.0645968,0.00358815,0.054803,-0.0277304,0.00750716,0.0317932,nan,nan,nan,nan,nan,nan,nan,nan,nan,nan,nan,nan,nan,nan,nan,0.0852471,0.0535633,-0.139169,0,0,-0.501904,1,0,-1,0.00411166,StepApplied,,nan,nan,nan,nan,0,0,0,0,0,-0.501904,0.0247303,0.232538,0.0441773,0.692888,0.399253,0.639212,0.276261,nan,nan,nan,nan,nan,nan,nan,nan
4.36711,1.04023,0.0449448,-0.909799,0.155412,-0.0104752,-0.00855025,-0.0647431,0.00336678,0.0550189,-0.0172243,-0.0267407,0.021894,nan,nan,nan,nan,nan,nan,nan,nan,nan,nan,nan,nan,nan,nan,nan,0.0852471,0.0535633,-0.139169,0,0,-0.501904,1,0,-1,0.00411166,StepApplied,,nan,nan,nan,nan,0,0,0,0,0,-0.501697,0.0433965,0.225773,0.0442095,0.674731,0.417061,0.647391,0.267604,nan,nan,nan,nan,nan,nan,nan,nan
4.38198,1.04122,0.045045,-0.908971,0.151078,-0.0191547,-0.00844279,-0.0647149,0.00315035,0.0553151,0.00213185,-0.0270205,0.0311407,nan,nan,nan,nan,nan,nan,nan,nan,nan,nan,nan,nan,nan,nan,nan,0.122052,0.0534192,-0.14116,0,0,-0.50122,1,0,-1,0.00411166,StepApplied,,nan,nan,nan,nan,0,0,0,0,0,-0.50122,0.0502339,0.230058,0.0443073,0.672548,0.418487,0.65468,0.259167,nan,nan,nan,nan,nan,nan,nan,nan
4.38248,1.04218,0.0451227,-0.908194,0.14839,-0.0211601,-0.00625787,-0.0652257,0.0030126,0.0556202,-0.0578723,-0.018192,0.0325695,nan,nan,nan,nan,nan,nan,nan,nan,nan,nan,nan,nan,nan,nan,nan,0.122052,0.0534192,-0.14116,0,0,-0.50122,1,0,-1,0.00411166,StepApplied,,nan,nan,nan,nan,0,0,0,0,0,-0.50122,0.0502339,0.230058,0.0443073,0.672548,0.418487,0.65468,0.259167,nan,nan,nan,nan,nan,nan,nan,nan
4.393,1.04306,0.0452307,-0.907173,0.143221,-0.0154654,-0.00178798,-0.0653901,0.00308408,0.0558699,-0.0192425,0.00547944,0.0279384,nan,nan,nan,nan,nan,nan,nan,nan,nan,nan,nan,nan,nan,nan,nan,0.140139,0.0481421,-0.143386,0,0,-0.502057,1,0,-1,0.00411166,StepApplied,,nan,nan,nan,nan,0,0,0,0,0,-0.501387,0.0497513,0.236876,0.0444231,0.677993,0.413608,0.659209,0.254741,nan,nan,nan,nan,nan,nan,nan,nan
4.40168,1.04391,0.0453086,-0.90619,0.141098,-0.013327,-0.00638545,-0.0653362,0.00310149,0.0560473,0.00492739,-0.000144646,0.0196441,nan,nan,nan,nan,nan,nan,nan,nan,nan,nan,nan,nan,nan,nan,nan,0.140139,0.0481421,-0.143386,0,0,-0.502057,1,0,-1,0.00411166,StepApplied,,nan,nan,nan,nan,0,0,0,0,0,-0.502057,0.0414444,0.23266,0.0444976,0.681629,0.411459,0.65095,0.26419,nan,nan,nan,nan,nan,nan,nan,nan
4.41783,1.04473,0.0453811,-0.905232,0.13616,-0.023261,-0.0102989,-0.0650531,0.00295841,0.0562211,0.0303351,-0.0178347,0.0179988,nan,nan,nan,nan,nan,nan,nan,nan,nan,nan,nan,nan,nan,nan,nan,0.103796,0.0451326,-0.144385,0,0,-0.50273,1,0,-1,0.00411166,StepApplied,,nan,nan,nan,nan,0,0,0,0,0,-0.50273,0.0317898,0.23601,0.0445994,0.691599,0.403038,0.647062,0.26922,nan,nan,nan,nan,nan,nan,nan,nan
4.42447,1.04553,0.0454486,-0.904308,0.13325,-0.0339207,-0.0121991,-0.0645131,0.00267433,0.0564426,0.059422,-0.0340884,0.0225145,nan,nan,nan,nan,nan,nan,nan,nan,nan,nan,nan,nan,nan,nan,nan,0.103796,0.0451326,-0.144385,0,0,-0.50273,1,0,-1,0.00411166,StepApplied,,nan,nan,nan,nan,0,0,0,0,0,-0.502087,0.039399,0.227893,0.0446213,0.679859,0.413538,0.646042,0.268912,nan,nan,nan,nan,nan,nan,nan,nan
4.43475,1.0463,0.0454845,-0.9034,0.126721,-0.0315077,-0.00774114,-0.0642688,0.00256855,0.0566772,0.0262077,-0.0141575,0.0251733,nan,nan,nan,nan,nan,nan,nan,nan,nan,nan,nan,nan,nan,nan,nan,0.135105,0.0265974,-0.14647,0,0,-0.503056,1,0,-1,0.00411166,StepApplied,,nan,nan,nan,nan,0,0,0,0,0,-0.502087,0.039399,0.227893,0.0446213,0.679859,0.413538,0.646042,0.268912,nan,nan,nan,nan,nan,nan,nan,nan
4.44479,1.04724,0.0454185,-0.902557,0.123564,-0.0319208,-0.00460282,-0.0639951,0.00271207,0.0568281,0.0295516,0.0141737,0.0176725,nan,nan,nan,nan,nan,nan,nan,nan,nan,nan,nan,nan,nan,nan,nan,0.135105,0.0265974,-0.14647,0,0,-0.503056,1,0,-1,0.00411166,StepApplied,,nan,nan,nan,nan,0,0,0,0,0,-0.503941,0.0283602,0.233959,0.0447233,0.693909,0.403398,0.644273,0.274183,nan,nan,nan,nan,nan,nan,nan,nan
4.4581,1.04797,0.0453756,-0.901712,0.121618,-0.0359655,-0.0116394,-0.0634587,0.00267502,0.0569194,0.0588316,-0.00544433,0.00977364,nan,nan,nan,nan,nan,nan,nan,nan,nan,nan,nan,nan,nan,nan,nan,0.132997,0.0326877,-0.14712,0,0,-0.502779,1,0,-1,0.00411166,StepApplied,,nan,nan,nan,nan,0,0,0,0,0,-0.502779,0.044078,0.231902,0.0449013,0.680357,0.414984,0.652595,0.263183,nan,nan,nan,nan,nan,nan,nan,nan
4.46233,1.04869,0.0453578,-0.900894,0.114967,-0.0508001,-0.0101632,-0.0628215,0.00233427,0.0569273,0.0697468,-0.0383893,-0.00159445,nan,nan,nan,nan,nan,nan,nan,nan,nan,nan,nan,nan,nan,nan,nan,0.132997,0.0326877,-0.14712,0,0,-0.502779,1,0,-1,0.00411166,StepApplied,,nan,nan,nan,nan,0,0,0,0,0,-0.502779,0.044078,0.231902,0.0449013,0.680357,0.414984,0.652595,0.263183,nan,nan,nan,nan,nan,nan,nan,nan
4.47539,1.05005,0.0452406,-0.899347,0.112986,-0.0408347,-0.00628856,-0.0613009,0.00180791,0.0572936,0.0616187,-0.0302319,0.0216604,nan,nan,nan,nan,nan,nan,nan,nan,nan,nan,nan,nan,nan,nan,nan,0.11697,0.0325275,-0.14794,0,0,-0.50319,1,0,-1,0.00411166,StepApplied,,nan,nan,nan,nan,0,0,0,0,0,-0.503176,0.0392991,0.227457,0.045122,0.68121,0.415365,0.64625,0.269879,nan,nan,nan,nan,nan,nan,nan,nan
4.48477,1.05071,0.0451473,-0.898622,0.110252,-0.0363098,-0.00868256,-0.0608294,0.00180335,0.057369,0.051735,-0.0016182,0.00831141,nan,nan,nan,nan,nan,nan,nan,nan,nan,nan,nan,nan,nan,nan,nan,0.11697,0.0325275,-0.14794,0,0,-0.50319,1,0,-1,0.00411166,StepApplied,,nan,nan,nan,nan,0,0,0,0,0,-0.504562,0.0352917,0.229756,0.0452735,0.687206,0.412443,0.646275,0.272323,nan,nan,nan,nan,nan,nan,nan,nan
4.49456,1.05129,0.0451334,-0.897633,0.106908,-0.0479776,-0.0139387,-0.0599088,0.00170711,0.0573902,0.101767,-0.0114167,0.00168043,nan,nan,nan,nan,nan,nan,nan,nan,nan,nan,nan,nan,nan,nan,nan,0.0966325,0.0356154,-0.148097,0,0,-0.504388,1,0,-1,0.00411166,StepApplied,,nan,nan,nan,nan,0,0,0,0,0,-0.504562,0.0352917,0.229756,0.0452735,0.687206,0.412443,0.646275,0.272323,nan,nan,nan,nan,nan,nan,nan,nan
4.50383,1.05184,0.045111,-0.896683,0.103047,-0.049602,-0.0176937,-0.0589772,0.00109092,0.0574577,0.102252,-0.0692893,0.00357983,nan,nan,nan,nan,nan,nan,nan,nan,nan,nan,nan,nan,nan,nan,nan,0.0966325,0.0356154,-0.148097,0,0,-0.504388,1,0,-1,0.00411166,StepApplied,,nan,nan,nan,nan,0,0,0,0,0,-0.503486,0.0294896,0.236193,0.0454039,0.694916,0.402843,0.645516,0.27067,nan,nan,nan,nan,nan,nan,nan,nan
4.51797,1.05239,0.0450574,-0.895751,0.10107,-0.0519897,-0.011771,-0.0581413,0.000845716,0.0576111,0.0926136,-0.0290882,0.0157261,nan,nan,nan,nan,nan,nan,nan,nan,nan,nan,nan,nan,nan,nan,nan,0.124069,0.0310894,-0.148801,0,0,-0.504436,1,0,-1,0.00411166,StepApplied,,nan,nan,nan,nan,0,0,0,0,0,-0.503013,0.0383633,0.228816,0.0454761,0.683023,0.413933,0.646031,0.269063,nan,nan,nan,nan,nan,nan,nan,nan
4.52241,1.05291,0.0450201,-0.894873,0.0985638,-0.0422508,-0.0113524,-0.0576422,0.000598686,0.0577094,0.0546724,-0.028758,0.00954051,nan,nan,nan,nan,nan,nan,nan,nan,nan,nan,nan,nan,nan,nan,nan,0.124069,0.0310894,-0.148801,0,0,-0.504436,1,0,-1,0.00411166,StepApplied,,nan,nan,nan,nan,0,0,0,0,0,-0.503013,0.0383633,0.228816,0.0454761,0.683023,0.413933,0.646031,0.269063,nan,nan,nan,nan,nan,nan,nan,nan
4.53729,1.05342,0.0449455,-0.894013,0.0989573,-0.046898,-0.0105901,-0.0571919,0.000532529,0.0577251,0.0492636,-0.00809405,0.00153811,nan,nan,nan,nan,nan,nan,nan,nan,nan,nan,nan,nan,nan,nan,nan,0.0991884,0.0426929,-0.149112,0,0,-0.505257,1,0,-1,0.00411166,StepApplied,,nan,nan,nan,nan,0,0,0,0,0,-0.505257,0.0387119,0.238784,0.0454901,0.692083,0.409389,0.655552,0.264003,nan,nan,nan,nan,nan,nan,nan,nan
4.54424,1.05391,0.0448612,-0.893192,0.095491,-0.0437705,-0.0197411,-0.0567224,2.15307e-05,0.057744,0.0514313,-0.0575568,-0.000914903,nan,nan,nan,nan,nan,nan,nan,nan,nan,nan,nan,nan,nan,nan,nan,0.0991884,0.0426929,-0.149112,0,0,-0.505257,1,0,-1,0.00411166,StepApplied,,nan,nan,nan,nan,0,0,0,0,0,-0.503741,0.0448665,0.239182,0.0454946,0.686501,0.411948,0.658665,0.257848,nan,nan,nan,nan,nan,nan,nan,nan
4.55628,1.05496,0.0446641,-0.891627,0.084764,-0.0459998,-0.0121171,-0.0557176,-0.000941637,0.0578676,0.0352457,-0.0508732,0.000644615,nan,nan,nan,nan,nan,nan,nan,nan,nan,nan,nan,nan,nan,nan,nan,0.119337,0.0233445,-0.149916,0,0,-0.504383,1,0,-1,0.00411166,StepApplied,,nan,nan,nan,nan,0,0,0,0,0,-0.503741,0.0448665,0.239182,0.0454946,0.686501,0.411948,0.658665,0.257848,nan,nan,nan,nan,nan,nan,nan,nan
4.56329,1.05539,0.0445132,-0.890883,0.0851355,-0.046373,-0.00841473,-0.0555905,-0.00143006,0.0578333,0.0133679,-0.054663,-0.0065891,nan,nan,nan,nan,nan,nan,nan,nan,nan,nan,nan,nan,nan,nan,nan,0.119337,0.0233445,-0.149916,0,0,-0.504383,1,0,-1,0.00411166,StepApplied,,nan,nan,nan,nan,0,0,0,0,0,-0.504383,0.0342451,0.240534,0.04559,0.695705,0.404219,0.652657,0.26495,nan,nan,nan,nan,nan,nan,nan,nan
4.57784,1.0558,0.0443446,-0.890161,0.0810042,-0.0508059,-0.0154489,-0.0553447,-0.00187566,0.0577933,0.0265965,-0.0498449,-0.00692953,nan,nan,nan,nan,nan,nan,nan,nan,nan,nan,nan,nan,nan,nan,nan,0.0845455,0.0372013,-0.149245,0,0,-0.506654,1,0,-1,0.00411166,StepApplied,,nan,nan,nan,nan,0,0,0,0,0,-0.506654,0.0326682,0.239024,0.0459597,0.698392,0.406813,0.652374,0.269035,nan,nan,nan,nan,nan,nan,nan,nan
4.58539,1.05619,0.0441782,-0.889474,0.0785783,-0.0616751,-0.0196555,-0.0547613,-0.00249328,0.0577148,0.0642274,-0.0687253,-0.0122566,nan,nan,nan,nan,nan,nan,nan,nan,nan,nan,nan,nan,nan,nan,nan,0.0845455,0.0372013,-0.149245,0,0,-0.506654,1,0,-1,0.00411166,StepApplied,,nan,nan,nan,nan,0,0,0,0,0,-0.505438,0.0285643,0.243601,0.0461416,0.703497,0.399641,0.651311,0.267304,nan,nan,nan,nan,nan,nan,nan,nan
4.59532,1.05651,0.0440861,-0.888568,0.0731703,-0.0594567,-0.019089,-0.0541721,-0.00322425,0.0577539,0.0645755,-0.0815948,0.000193257,nan,nan,nan,nan,nan,nan,nan,nan,nan,nan,nan,nan,nan,nan,nan,0.123534,0.0339053,-0.149333,0,0,-0.504723,1,0,-1,0.00411166,StepApplied,,nan,nan,nan,nan,0,0,0,0,0,-0.504723,0.0285643,0.243601,0.0461416,0.703497,0.399641,0.651311,0.267304,nan,nan,nan,nan,nan,nan,nan,nan
4.60562,1.05681,0.0439812,-0.887708,0.0736131,-0.0496396,-0.0147876,-0.0540015,-0.00369484,0.0577265,0.0181433,-0.0530765,-0.00525232,nan,nan,nan,nan,nan,nan,nan,nan,nan,nan,nan,nan,nan,nan,nan,0.123534,0.0339053,-0.149333,0,0,-0.504723,1,0,-1,0.00411166,StepApplied,,nan,nan,nan,nan,0,0,0,0,0,-0.505134,0.0444135,0.236941,0.0464324,0.687567,0.415544,0.657216,0.260209,nan,nan,nan,nan,nan,nan,nan,nan
4.61493,1.05709,0.0438343,-0.886873,0.07025,-0.0520491,-0.0120992,-0.0541898,-0.00402339,0.0576741,-0.0219076,-0.0368382,-0.00714507,nan,nan,nan,nan,nan,nan,nan,nan,nan,nan,nan,nan,nan,nan,nan,0.0846987,0.0364742,-0.148657,0,0,-0.507109,1,0,-1,0.00411166,StepApplied,,nan,nan,nan,nan,0,0,0,0,0,-0.505134,0.0444135,0.236941,0.0464324,0.687567,0.415544,0.657216,0.260209,nan,nan,nan,nan,nan,nan,nan,nan
4.62156,1.05735,0.0436464,-0.886079,0.0687992,-0.056974,-0.0212544,-0.0541683,-0.00440958,0.0575116,0.0014272,-0.0425596,-0.0197375,nan,nan,nan,nan,nan,nan,nan,nan,nan,nan,nan,nan,nan,nan,nan,0.0846987,0.0364742,-0.148657,0,0,-0.507109,1,0,-1,0.00411166,StepApplied,,nan,nan,nan,nan,0,0,0,0,0,-0.50637,0.045534,0.244951,0.046564,0.693806,0.41204,0.664773,0.25486,nan,nan,nan,nan,nan,nan,nan,nan
4.63775,1.0576,0.0434861,-0.885333,0.0639855,-0.0662062,-0.0271044,-0.0539714,-0.00482837,0.057454,0.0210301,-0.0468,-0.0082582,nan,nan,nan,nan,nan,nan,nan,nan,nan,nan,nan,nan,nan,nan,nan,0.125862,0.0293225,-0.148421,0,0,-0.504482,1,0,-1,0.00411166,StepApplied,,nan,nan,nan,nan,0,0,0,0,0,-0.504482,0.0475706,0.233442,0.0468752,0.682651,0.420041,0.655881,0.259354,nan,nan,nan,nan,nan,nan,nan,nan
4.64227,1.05804,0.0430533,-0.883975,0.0613701,-0.0541294,-0.0199925,-0.05415,-0.0054287,0.0573984,-0.0182856,-0.0108275,-0.00209251,nan,nan,nan,nan,nan,nan,nan,nan,nan,nan,nan,nan,nan,nan,nan,0.125862,0.0293225,-0.148421,0,0,-0.504482,1,0,-1,0.00411166,StepApplied,,nan,nan,nan,nan,0,0,0,0,0,-0.504482,0.0475706,0.233442,0.0468752,0.682651,0.420041,0.655881,0.259354,nan,nan,nan,nan,nan,nan,nan,nan
4.65504,1.05825,0.0427988,-0.883357,0.0607158,-0.0533255,-0.0220755,-0.0544252,-0.00559354,0.0572683,-0.0315303,-0.0180722,-0.0147957,nan,nan,nan,nan,nan,nan,nan,nan,nan,nan,nan,nan,nan,nan,nan,0.0799905,0.0392434,-0.147721,0,0,-0.506479,1,0,-1,0.00411166,StepApplied,,nan,nan,nan,nan,0,0,0,0,0,-0.505286,0.0394727,0.23518,0.0469468,0.690482,0.413962,0.652115,0.264585,nan,nan,nan,nan,nan,nan,nan,nan
4.66424,1.05845,0.0425518,-0.88278,0.0554385,-0.062658,-0.0303287,-0.054163,-0.00585923,0.0571194,0.028328,-0.0291556,-0.0174766,nan,nan,nan,nan,nan,nan,nan,nan,nan,nan,nan,nan,nan,nan,nan,0.0799905,0.0392434,-0.147721,0,0,-0.506479,1,0,-1,0.00411166,StepApplied,,nan,nan,nan,nan,0,0,0,0,0,-0.506276,0.0367193,0.240093,0.0470512,0.696998,0.409636,0.654527,0.263946,nan,nan,nan,nan,nan,nan,nan,nan
4.67968,1.05863,0.0422902,-0.88224,0.0578776,-0.0632662,-0.0377079,-0.0537421,-0.0062748,0.0570447,0.0460542,-0.0462568,-0.0101269,nan,nan,nan,nan,nan,nan,nan,nan,nan,nan,nan,nan,nan,nan,nan,0.106802,0.0324269,-0.147365,0,0,-0.504727,1,0,-1,0.00411166,StepApplied,,nan,nan,nan,nan,0,0,0,0,0,-0.504727,0.0386743,0.233724,0.0470725,0.689583,0.413994,0.649837,0.265494,nan,nan,nan,nan,nan,nan,nan,nan
4.68496,1.05886,0.0419195,-0.881852,0.0498946,-0.047509,-0.0283424,-0.0533923,-0.00629705,0.0570024,0.0379943,-0.00268461,-0.00414477,nan,nan,nan,nan,nan,nan,nan,nan,nan,nan,nan,nan,nan,nan,nan,0.106802,0.0324269,-0.147365,0,0,-0.504727,1,0,-1,0.00411166,StepApplied,,nan,nan,nan,nan,0,0,0,0,0,-0.503462,0.034078,0.236653,0.0471838,0.693751,0.407519,0.647283,0.265296,nan,nan,nan,nan,nan,nan,nan,nan
4.6976,1.05898,0.0416457,-0.881434,0.048207,-0.0512716,-0.0325631,-0.0532156,-0.00626999,0.0568779,0.0189795,0.00330623,-0.0130803,nan,nan,nan,nan,nan,nan,nan,nan,nan,nan,nan,nan,nan,nan,nan,0.0691861,0.0304504,-0.146465,0,0,-0.504911,1,0,-1,0.00411166,StepApplied,,nan,nan,nan,nan,0,0,0,0,0,-0.505664,0.0236273,0.238483,0.0472722,0.704725,0.401125,0.643298,0.273507,nan,nan,nan,nan,nan,nan,nan,nan
4.70522,1.05906,0.0414835,-0.88084,0.0485582,-0.0548093,-0.0411011,-0.0528805,-0.00642917,0.0566776,0.0364764,-0.016959,-0.0225504,nan,nan,nan,nan,nan,nan,nan,nan,nan,nan,nan,nan,nan,nan,nan,0.0691861,0.0304504,-0.146465,0,0,-0.504911,1,0,-1,0.00411166,StepApplied,,nan,nan,nan,nan,0,0,0,0,0,-0.503363,0.0390609,0.234112,0.0473531,0.688501,0.412908,0.648742,0.2633,nan,nan,nan,nan,nan,nan,nan,nan
4.71861,1.05913,0.0413223,-0.880285,0.0450306,-0.0599667,-0.0463991,-0.0522499,-0.0067097,0.0565282,0.0691275,-0.0308509,-0.017055,nan,nan,nan,nan,nan,nan,nan,nan,nan,nan,nan,nan,nan,nan,nan,0.0962077,0.0297052,-0.145567,0,0,-0.502437,1,0,-1,0.00411166,StepApplied,,nan,nan,nan,nan,0,0,0,0,0,-0.502437,0.0212665,0.226094,0.0474962,0.694632,0.405213,0.629425,0.28048,nan,nan,nan,nan,nan,nan,nan,nan
4.72606,1.05918,0.0411453,-0.879798,0.0434968,-0.0629402,-0.0454313,-0.0515413,-0.00676763,0.056429,0.077851,-0.00637735,-0.0101627,nan,nan,nan,nan,nan,nan,nan,nan,nan,nan,nan,nan,nan,nan,nan,0.0962077,0.0297052,-0.145567,0,0,-0.502437,1,0,-1,0.00411166,StepApplied,,nan,nan,nan,nan,0,0,0,0,0,-0.502767,0.0200908,0.230647,0.0476443,0.69916,0.40164,0.631992,0.278275,nan,nan,nan,nan,nan,nan,nan,nan
4.7357,1.05922,0.0406901,-0.878974,0.0406373,-0.0503771,-0.0479937,-0.0508782,-0.00657059,0.0559072,0.0244043,0.00617613,-0.0309689,nan,nan,nan,nan,nan,nan,nan,nan,nan,nan,nan,nan,nan,nan,nan,0.0700475,0.0238485,-0.144417,0,0,-0.503589,1,0,-1,0.00411166,StepApplied,,nan,nan,nan,nan,0,0,0,0,0,-0.502767,0.0200908,0.230647,0.0476443,0.69916,0.40164,0.631992,0.278275,nan,nan,nan,nan,nan,nan,nan,nan
4.7404,1.05922,0.0404336,-0.878615,0.0344191,-0.0653334,-0.0507167,-0.0503685,-0.00661433,0.0556285,0.0556385,-0.00375529,-0.0300575,nan,nan,nan,nan,nan,nan,nan,nan,nan,nan,nan,nan,nan,nan,nan,0.0700475,0.0238485,-0.144417,0,0,-0.503589,1,0,-1,0.00411166,StepApplied,,nan,nan,nan,nan,0,0,0,0,0,-0.503589,0.0410454,0.230731,0.0479213,0.685501,0.417497,0.647413,0.263944,nan,nan,nan,nan,nan,nan,nan,nan
4.75666,1.0592,0.0401682,-0.878284,0.0320509,-0.0701116,-0.0566386,-0.0497281,-0.00681905,0.0554088,0.0702581,-0.0219929,-0.0244053,nan,nan,nan,nan,nan,nan,nan,nan,nan,nan,nan,nan,nan,nan,nan,0.101556,0.0177626,-0.143226,0,0,-0.502132,1,0,-1,0.00411166,StepApplied,,nan,nan,nan,nan,0,0,0,0,0,-0.502132,0.0371745,0.235442,0.0484371,0.690629,0.410488,0.646035,0.261378,nan,nan,nan,nan,nan,nan,nan,nan
4.76489,1.05916,0.0398921,-0.878008,0.0294275,-0.0680183,-0.0554555,-0.0494378,-0.00684391,0.0552242,0.0313086,-0.0021786,-0.019499,nan,nan,nan,nan,nan,nan,nan,nan,nan,nan,nan,nan,nan,nan,nan,0.101556,0.0177626,-0.143226,0,0,-0.502132,1,0,-1,0.00411166,StepApplied,,nan,nan,nan,nan,0,0,0,0,0,-0.501066,0.0441771,0.226519,0.048626,0.67849,0.420871,0.643425,0.261477,nan,nan,nan,nan,nan,nan,nan,nan
4.77841,1.0591,0.0395843,-0.877785,0.0277022,-0.0575431,-0.0527068,-0.0492114,-0.00671695,0.0549631,0.0240393,0.0150586,-0.0270334,nan,nan,nan,nan,nan,nan,nan,nan,nan,nan,nan,nan,nan,nan,nan,0.0589196,0.0172368,-0.141625,0,0,-0.50222,1,0,-1,0.00411166,StepApplied,,nan,nan,nan,nan,0,0,0,0,0,-0.501448,0.027373,0.231782,0.0487816,0.694632,0.405805,0.63549,0.269867,nan,nan,nan,nan,nan,nan,nan,nan
4.78594,1.05903,0.0392766,-0.877606,0.023818,-0.056802,-0.0566232,-0.0485993,-0.00652187,0.0547349,0.0675155,0.0226569,-0.0232947,nan,nan,nan,nan,nan,nan,nan,nan,nan,nan,nan,nan,nan,nan,nan,0.0589196,0.0172368,-0.141625,0,0,-0.50222,1,0,-1,0.00411166,StepApplied,,nan,nan,nan,nan,0,0,0,0,0,-0.50222,0.0189544,0.233628,0.048831,0.702711,0.399368,0.631563,0.275238,nan,nan,nan,nan,nan,nan,nan,nan
4.79772,1.05895,0.038943,-0.877458,0.0208316,-0.0711765,-0.0632382,-0.0477288,-0.00680458,0.0545186,0.0959747,-0.0306711,-0.024449,nan,nan,nan,nan,nan,nan,nan,nan,nan,nan,nan,nan,nan,nan,nan,0.100457,0.00547513,-0.140989,0,0,-0.500173,1,0,-1,0.00411166,StepApplied,,nan,nan,nan,nan,0,0,0,0,0,-0.500173,0.0329609,0.225732,0.0488491,0.685195,0.412826,0.633823,0.268847,nan,nan,nan,nan,nan,nan,nan,nan
4.80429,1.05886,0.0386561,-0.877259,0.0200802,-0.0734619,-0.0623363,-0.0468076,-0.00690527,0.0543182,0.101651,-0.0105174,-0.0217076,nan,nan,nan,nan,nan,nan,nan,nan,nan,nan,nan,nan,nan,nan,nan,0.100457,0.00547513,-0.140989,0,0,-0.500173,1,0,-1,0.00411166,StepApplied,,nan,nan,nan,nan,0,0,0,0,0,-0.500173,0.0211328,0.232977,0.0489611,0.698794,0.399452,0.630468,0.271979,nan,nan,nan,nan,nan,nan,nan,nan
4.81528,1.0587,0.0384278,-0.877012,0.0165777,-0.0639807,-0.0604707,-0.0461021,-0.00692274,0.0541233,0.077299,-0.00139365,-0.0200385,nan,nan,nan,nan,nan,nan,nan,nan,nan,nan,nan,nan,nan,nan,nan,0.0594682,0.00570113,-0.139295,0,0,-0.501019,1,0,-1,0.00411166,StepApplied,,nan,nan,nan,nan,0,0,0,0,0,-0.501019,0.0211328,0.232977,0.0489611,0.698794,0.399452,0.630468,0.271979,nan,nan,nan,nan,nan,nan,nan,nan
4.82214,1.05836,0.0379955,-0.876687,0.00702721,-0.07438,-0.0735013,-0.0441338,-0.00691762,0.0534846,0.126597,-0.019336,-0.0369536,nan,nan,nan,nan,nan,nan,nan,nan,nan,nan,nan,nan,nan,nan,nan,0.0594682,0.00570113,-0.139295,0,0,-0.501019,1,0,-1,0.00411166,StepApplied,,nan,nan,nan,nan,0,0,0,0,0,-0.501019,0.0133007,0.233673,0.0491431,0.705852,0.394449,0.626085,0.277689,nan,nan,nan,nan,nan,nan,nan,nan
4.83483,1.05816,0.0377855,-0.876579,0.00618471,-0.0715264,-0.0774791,-0.0428133,-0.00730353,0.0532134,0.145783,-0.0420379,-0.0303662,nan,nan,nan,nan,nan,nan,nan,nan,nan,nan,nan,nan,nan,nan,nan,0.0820254,-0.0106021,-0.137761,0,0,-0.49853,1,0,-1,0.00411166,StepApplied,,nan,nan,nan,nan,0,0,0,0,0,-0.499729,0.0246421,0.228201,0.0493529,0.692882,0.405258,0.628738,0.272037,nan,nan,nan,nan,nan,nan,nan,nan
4.84163,1.05795,0.0375713,-0.876513,0.00749633,-0.0712457,-0.073255,-0.0417094,-0.00744706,0.0530518,0.121762,-0.0156113,-0.0169888,nan,nan,nan,nan,nan,nan,nan,nan,nan,nan,nan,nan,nan,nan,nan,0.0820254,-0.0106021,-0.137761,0,0,-0.49853,1,0,-1,0.00411166,StepApplied,,nan,nan,nan,nan,0,0,0,0,0,-0.49853,0.0236326,0.233404,0.0495209,0.696246,0.399833,0.630337,0.267705,nan,nan,nan,nan,nan,nan,nan,nan
4.85884,1.05773,0.0373305,-0.876477,0.00537925,-0.0639707,-0.0711133,-0.040956,-0.00756333,0.0528725,0.082744,-0.0125029,-0.0188377,nan,nan,nan,nan,nan,nan,nan,nan,nan,nan,nan,nan,nan,nan,nan,0.0589411,0.00644306,-0.13643,0,0,-0.498728,1,0,-1,0.00411166,StepApplied,,nan,nan,nan,nan,0,0,0,0,0,-0.498728,0.0252334,0.232149,0.0497147,0.694618,0.402244,0.630586,0.267464,nan,nan,nan,nan,nan,nan,nan,nan
4.86678,1.0575,0.0371152,-0.87649,-0.00073271,-0.0649542,-0.0770074,-0.040124,-0.00759149,0.0525584,0.0909293,-0.00208221,-0.0332731,nan,nan,nan,nan,nan,nan,nan,nan,nan,nan,nan,nan,nan,nan,nan,0.0589411,0.00644306,-0.13643,0,0,-0.498728,1,0,-1,0.00411166,StepApplied,,nan,nan,nan,nan,0,0,0,0,0,-0.499287,0.0162471,0.237671,0.0497288,0.70545,0.392559,0.628678,0.270462,nan,nan,nan,nan,nan,nan,nan,nan
4.87505,1.05725,0.0368657,-0.876531,-0.0030214,-0.0707904,-0.0834453,-0.0391517,-0.0081193,0.0523482,0.107672,-0.0584687,-0.0242232,nan,nan,nan,nan,nan,nan,nan,nan,nan,nan,nan,nan,nan,nan,nan,0.051594,-0.00822317,-0.135583,0,0,-0.496862,1,0,-1,0.00411166,StepApplied,,nan,nan,nan,nan,0,0,0,0,0,-0.499287,0.0162471,0.237671,0.0497288,0.70545,0.392559,0.628678,0.270462,nan,nan,nan,nan,nan,nan,nan,nan
4.88593,1.05699,0.036636,-0.876608,-0.00605122,-0.070064,-0.0843671,-0.0381429,-0.00850523,0.052251,0.111305,-0.0428835,-0.0108853,nan,nan,nan,nan,nan,nan,nan,nan,nan,nan,nan,nan,nan,nan,nan,0.051594,-0.00822317,-0.135583,0,0,-0.496862,1,0,-1,0.00411166,StepApplied,,nan,nan,nan,nan,0,0,0,0,0,-0.496717,0.024035,0.227354,0.049519,0.689869,0.402581,0.624535,0.269884,nan,nan,nan,nan,nan,nan,nan,nan
4.89816,1.0567,0.0364007,-0.876727,-0.00659346,-0.0667919,-0.0812252,-0.0375631,-0.00853881,0.0522254,0.0636112,-0.00396663,-0.00143126,nan,nan,nan,nan,nan,nan,nan,nan,nan,nan,nan,nan,nan,nan,nan,0.0301014,-0.00430914,-0.134661,0,0,-0.497378,1,0,-1,0.00411166,StepApplied,,nan,nan,nan,nan,0,0,0,0,0,-0.497378,0.0214628,0.235761,0.0492457,0.69802,0.395206,0.629592,0.266697,nan,nan,nan,nan,nan,nan,nan,nan
4.90297,1.05606,0.0361962,-0.876721,-0.0107595,-0.06066,-0.087594,-0.0364489,-0.00899006,0.0519711,0.0614793,-0.0317431,-0.0138877,nan,nan,nan,nan,nan,nan,nan,nan,nan,nan,nan,nan,nan,nan,nan,0.0301014,-0.00430914,-0.134661,0,0,-0.497378,1,0,-1,0.00411166,StepApplied,,nan,nan,nan,nan,0,0,0,0,0,-0.497378,0.0214628,0.235761,0.0492457,0.69802,0.395206,0.629592,0.266697,nan,nan,nan,nan,nan,nan,nan,nan
4.91565,1.05572,0.0361075,-0.876777,-0.0144608,-0.0677045,-0.0898586,-0.0356121,-0.00940775,0.0519636,0.0924316,-0.0470834,-0.000320134,nan,nan,nan,nan,nan,nan,nan,nan,nan,nan,nan,nan,nan,nan,nan,0.00974501,-0.00396319,-0.134145,0,0,-0.496258,1,0,-1,0.00411166,StepApplied,,nan,nan,nan,nan,0,0,0,0,0,-0.497831,0.0306584,0.22943,0.0489165,0.687164,0.406308,0.632401,0.265451,nan,nan,nan,nan,nan,nan,nan,nan
4.92479,1.05534,0.0359563,-0.877015,-0.0166052,-0.0577101,-0.0889689,-0.0351353,-0.00952213,0.0520443,0.0519741,-0.0134177,0.0106986,nan,nan,nan,nan,nan,nan,nan,nan,nan,nan,nan,nan,nan,nan,nan,0.00974501,-0.00396319,-0.134145,0,0,-0.496258,1,0,-1,0.00411166,StepApplied,,nan,nan,nan,nan,0,0,0,0,0,-0.495753,0.0231566,0.226971,0.0481285,0.687865,0.399876,0.624069,0.271202,nan,nan,nan,nan,nan,nan,nan,nan
4.93903,1.05495,0.0358689,-0.877158,-0.0150942,-0.0553224,-0.0903989,-0.0346961,-0.00945577,0.0520979,0.0477835,0.00681988,0.00834678,nan,nan,nan,nan,nan,nan,nan,nan,nan,nan,nan,nan,nan,nan,nan,-0.000929155,-0.0109764,-0.134696,0,0,-0.49603,1,0,-1,0.00411166,StepApplied,,nan,nan,nan,nan,0,0,0,0,0,-0.49603,0.0170024,0.223989,0.0475676,0.689824,0.397348,0.618448,0.278499,nan,nan,nan,nan,nan,nan,nan,nan
4.94737,1.05456,0.0357721,-0.877333,-0.0152488,-0.0544655,-0.0980326,-0.0341828,-0.00943033,0.0521269,0.0560289,0.00237449,0.00543237,nan,nan,nan,nan,nan,nan,nan,nan,nan,nan,nan,nan,nan,nan,nan,-0.000929155,-0.0109764,-0.134696,0,0,-0.49603,1,0,-1,0.00411166,StepApplied,,nan,nan,nan,nan,0,0,0,0,0,-0.495746,0.00989092,0.226847,0.047028,0.696051,0.389476,0.615695,0.281764,nan,nan,nan,nan,nan,nan,nan,nan
4.95821,1.05416,0.0357053,-0.877542,-0.0212104,-0.0638633,-0.0998584,-0.0335505,-0.00953072,0.052217,0.0690088,-0.0117858,0.0116603,nan,nan,nan,nan,nan,nan,nan,nan,nan,nan,nan,nan,nan,nan,nan,0.0255157,-0.0153414,-0.13567,0,0,-0.493747,1,0,-1,0.00411166,StepApplied,,nan,nan,nan,nan,0,0,0,0,0,-0.494222,0.028683,0.228525,0.0463132,0.681711,0.399338,0.629361,0.266479,nan,nan,nan,nan,nan,nan,nan,nan
4.96475,1.05374,0.0356155,-0.877777,-0.0233892,-0.064532,-0.0985797,-0.0330596,-0.00970496,0.0524225,0.0540497,-0.0205849,0.0243981,nan,nan,nan,nan,nan,nan,nan,nan,nan,nan,nan,nan,nan,nan,nan,0.0255157,-0.0153414,-0.13567,0,0,-0.493747,1,0,-1,0.00411166,StepApplied,,nan,nan,nan,nan,0,0,0,0,0,-0.494222,0.028683,0.228525,0.0463132,0.681711,0.399338,0.629361,0.266479,nan,nan,nan,nan,nan,nan,nan,nan
4.98559,1.05332,0.0355364,-0.87805,-0.0261978,-0.0514882,-0.0941136,-0.0330673,-0.00949228,0.0526339,-0.00172578,0.0225844,0.0263173,nan,nan,nan,nan,nan,nan,nan,nan,nan,nan,nan,nan,nan,nan,nan,-0.0186268,-0.0194052,-0.136785,0,0,-0.49499,1,0,-1,0.00411166,StepApplied,,nan,nan,nan,nan,0,0,0,0,0,-0.494421,0.0333311,0.222436,0.0440592,0.672065,0.404876,0.630795,0.269949,nan,nan,nan,nan,nan,nan,nan,nan
4.98595,1.05289,0.0354478,-0.878346,-0.0255872,-0.050157,-0.0967256,-0.0329238,-0.0092473,0.0528311,0.0151027,0.0262406,0.0248324,nan,nan,nan,nan,nan,nan,nan,nan,nan,nan,nan,nan,nan,nan,nan,-0.0186268,-0.0194052,-0.136785,0,0,-0.49499,1,0,-1,0.00411166,StepApplied,,nan,nan,nan,nan,0,0,0,0,0,-0.494421,0.0333311,0.222436,0.0440592,0.672065,0.404876,0.630795,0.269949,nan,nan,nan,nan,nan,nan,nan,nan
4.99694,1.05193,0.0353965,-0.878845,-0.0317118,-0.0589337,-0.105742,-0.0326292,-0.00907432,0.053205,0.0316748,0.00202452,0.0260387,nan,nan,nan,nan,nan,nan,nan,nan,nan,nan,nan,nan,nan,nan,nan,-0.00520793,-0.0209336,-0.138008,0,0,-0.493317,1,0,-1,0.00411166,StepApplied,,nan,nan,nan,nan,0,0,0,0,0,-0.494421,0.0333311,0.222436,0.0440592,0.672065,0.404876,0.630795,0.269949,nan,nan,nan,nan,nan,nan,nan,nan
5.00399,1.05141,0.0354582,-0.879058,-0.0308528,-0.0540312,-0.1043,-0.032515,-0.00896807,0.0534698,0.0117092,0.0105332,0.0326349,nan,nan,nan,nan,nan,nan,nan,nan,nan,nan,nan,nan,nan,nan,nan,-0.00520793,-0.0209336,-0.138008,0,0,-0.493317,1,0,-1,0.00411166,StepApplied,,nan,nan,nan,nan,0,0,0,0,0,-0.493317,0.0303464,0.223137,0.0433524,0.67286,0.400458,0.628783,0.271166,nan,nan,nan,nan,nan,nan,nan,nan
5.01809,1.0509,0.0355129,-0.879299,-0.029748,-0.0457401,-0.0992891,-0.0327355,-0.00864645,0.0538256,-0.025507,0.0341355,0.0433231,nan,nan,nan,nan,nan,nan,nan,nan,nan,nan,nan,nan,nan,nan,nan,2.58524e-05,-0.0198795,-0.139711,0,0,-0.492774,1,0,-1,0.00411166,StepApplied,,nan,nan,nan,nan,0,0,0,0,0,-0.492774,0.0322115,0.219358,0.0418137,0.666788,0.402367,0.628426,0.273513,nan,nan,nan,nan,nan,nan,nan,nan
5.02471,1.05038,0.035561,-0.879554,-0.0286162,-0.0421526,-0.101049,-0.0328789,-0.00832997,0.0541443,-0.0169511,0.0337009,0.0391366,nan,nan,nan,nan,nan,nan,nan,nan,nan,nan,nan,nan,nan,nan,nan,2.58524e-05,-0.0198795,-0.139711,0,0,-0.492774,1,0,-1,0.00411166,StepApplied,,nan,nan,nan,nan,0,0,0,0,0,-0.493819,0.0235928,0.224598,0.0408516,0.676671,0.392651,0.628041,0.277912,nan,nan,nan,nan,nan,nan,nan,nan
5.03575,1.04984,0.0356055,-0.879842,-0.0328304,-0.0462655,-0.105163,-0.0330931,-0.00816479,0.0545036,-0.0247738,0.0167171,0.0430622,nan,nan,nan,nan,nan,nan,nan,nan,nan,nan,nan,nan,nan,nan,nan,-0.0266741,-0.00932776,-0.141426,0,0,-0.493457,1,0,-1,0.00411166,StepApplied,,nan,nan,nan,nan,0,0,0,0,0,-0.493457,0.028703,0.229269,0.0400211,0.676671,0.392651,0.628041,0.277912,nan,nan,nan,nan,nan,nan,nan,nan
5.04414,1.0493,0.0356476,-0.880143,-0.0386321,-0.0552284,-0.10609,-0.0330486,-0.00819356,0.0548606,0.00403663,-0.00482759,0.0418422,nan,nan,nan,nan,nan,nan,nan,nan,nan,nan,nan,nan,nan,nan,nan,-0.0266741,-0.00932776,-0.141426,0,0,-0.493457,1,0,-1,0.00411166,StepApplied,,nan,nan,nan,nan,0,0,0,0,0,-0.492544,0.0361843,0.220876,0.0389922,0.662002,0.401052,0.634899,0.272223,nan,nan,nan,nan,nan,nan,nan,nan
5.05451,1.04868,0.0355994,-0.880631,-0.0356401,-0.0433129,-0.101551,-0.0334127,-0.00817751,0.055409,-0.0414553,-0.000570788,0.0638254,nan,nan,nan,nan,nan,nan,nan,nan,nan,nan,nan,nan,nan,nan,nan,-0.0154149,-0.0234704,-0.145172,0,0,-0.49317,1,0,-1,0.00411166,StepApplied,,nan,nan,nan,nan,0,0,0,0,0,-0.492544,0.0361843,0.220876,0.0389922,0.662002,0.401052,0.634899,0.272223,nan,nan,nan,nan,nan,nan,nan,nan
5.06118,1.04811,0.0355902,-0.880976,-0.0382629,-0.0415834,-0.0964749,-0.0340539,-0.00806889,0.0559634,-0.0720819,0.00969341,0.0644522,nan,nan,nan,nan,nan,nan,nan,nan,nan,nan,nan,nan,nan,nan,nan,-0.0154149,-0.0234704,-0.145172,0,0,-0.49317,1,0,-1,0.00411166,StepApplied,,nan,nan,nan,nan,0,0,0,0,0,-0.492236,0.042481,0.220479,0.0380441,0.656014,0.404528,0.639711,0.268691,nan,nan,nan,nan,nan,nan,nan,nan
5.07794,1.04755,0.0355888,-0.881324,-0.0395574,-0.0378473,-0.101074,-0.0345651,-0.00793337,0.0564954,-0.057606,0.0127489,0.0620334,nan,nan,nan,nan,nan,nan,nan,nan,nan,nan,nan,nan,nan,nan,nan,-0.0213257,-0.0286617,-0.148507,0,0,-0.493216,1,0,-1,0.00411166,StepApplied,,nan,nan,nan,nan,0,0,0,0,0,-0.493216,0.039718,0.226405,0.0356151,0.66071,0.396936,0.645352,0.269867,nan,nan,nan,nan,nan,nan,nan,nan
5.08296,1.04638,0.0356033,-0.882029,-0.0417039,-0.0479668,-0.102736,-0.0348649,-0.0085667,0.0575802,-0.0145864,-0.0500969,0.0644791,nan,nan,nan,nan,nan,nan,nan,nan,nan,nan,nan,nan,nan,nan,nan,-0.0213257,-0.0286617,-0.148507,0,0,-0.493216,1,0,-1,0.00411166,StepApplied,,nan,nan,nan,nan,0,0,0,0,0,-0.493216,0.039718,0.226405,0.0356151,0.66071,0.396936,0.645352,0.269867,nan,nan,nan,nan,nan,nan,nan,nan
5.09535,1.04575,0.035775,-0.882283,-0.0441462,-0.0408129,-0.098487,-0.0354009,-0.00886697,0.0581696,-0.0604932,-0.0361824,0.0669328,nan,nan,nan,nan,nan,nan,nan,nan,nan,nan,nan,nan,nan,nan,nan,0.0161864,-0.0268871,-0.152044,0,0,-0.492629,1,0,-1,0.00411166,StepApplied,,nan,nan,nan,nan,0,0,0,0,0,-0.492476,0.0326382,0.229929,0.0344385,0.666291,0.387521,0.643273,0.272818,nan,nan,nan,nan,nan,nan,nan,nan
5.10704,1.04511,0.0359305,-0.882562,-0.0426696,-0.0375495,-0.0959032,-0.0360446,-0.00917505,0.0588411,-0.0724369,-0.0373063,0.0764292,nan,nan,nan,nan,nan,nan,nan,nan,nan,nan,nan,nan,nan,nan,nan,0.0161864,-0.0268871,-0.152044,0,0,-0.492629,1,0,-1,0.00411166,StepApplied,,nan,nan,nan,nan,0,0,0,0,0,-0.493537,0.040548,0.23,0.0324426,0.659815,0.39213,0.651972,0.270233,nan,nan,nan,nan,nan,nan,nan,nan
5.11822,1.04446,0.0360706,-0.882842,-0.0460294,-0.0394846,-0.0965808,-0.0366737,-0.00928069,0.0594124,-0.0708662,-0.0144078,0.0660269,nan,nan,nan,nan,nan,nan,nan,nan,nan,nan,nan,nan,nan,nan,nan,-0.00846621,-0.0222458,-0.155519,0,0,-0.494026,1,0,-1,0.00411166,StepApplied,,nan,nan,nan,nan,0,0,0,0,0,-0.494026,0.0357601,0.229656,0.0313693,0.662373,0.388403,0.649904,0.275424,nan,nan,nan,nan,nan,nan,nan,nan
5.12487,1.0438,0.0362201,-0.883143,-0.0467309,-0.0384885,-0.101036,-0.0371215,-0.00962898,0.0600642,-0.0505542,-0.0417707,0.0739368,nan,nan,nan,nan,nan,nan,nan,nan,nan,nan,nan,nan,nan,nan,nan,-0.00846621,-0.0222458,-0.155519,0,0,-0.494026,1,0,-1,0.00411166,StepApplied,,nan,nan,nan,nan,0,0,0,0,0,-0.493833,0.0358231,0.233864,0.0301699,0.663913,0.38408,0.653929,0.273412,nan,nan,nan,nan,nan,nan,nan,nan
5.13758,1.04314,0.0363517,-0.88346,-0.0507286,-0.0424899,-0.101199,-0.0373486,-0.0101108,0.0607062,-0.0257863,-0.0563101,0.0718369,nan,nan,nan,nan,nan,nan,nan,nan,nan,nan,nan,nan,nan,nan,nan,0.0181052,-0.038109,-0.160908,0,0,-0.492803,1,0,-1,0.00411166,StepApplied,,nan,nan,nan,nan,0,0,0,0,0,-0.492917,0.0410436,0.226995,0.0291083,0.653387,0.39065,0.652911,0.27472,nan,nan,nan,nan,nan,nan,nan,nan
5.14443,1.04246,0.0364671,-0.883788,-0.0502378,-0.0446035,-0.0995396,-0.0379018,-0.0105799,0.0614919,-0.062329,-0.056085,0.0886477,nan,nan,nan,nan,nan,nan,nan,nan,nan,nan,nan,nan,nan,nan,nan,0.0181052,-0.038109,-0.160908,0,0,-0.492803,1,0,-1,0.00411166,StepApplied,,nan,nan,nan,nan,0,0,0,0,0,-0.493045,0.0498364,0.230129,0.0278628,0.648268,0.393534,0.662716,0.267661,nan,nan,nan,nan,nan,nan,nan,nan
5.15849,1.04178,0.0365793,-0.884133,-0.053847,-0.0430185,-0.0945004,-0.0388687,-0.0107972,0.0623026,-0.108005,-0.0279438,0.0919471,nan,nan,nan,nan,nan,nan,nan,nan,nan,nan,nan,nan,nan,nan,nan,0.0217623,-0.037924,-0.164808,0,0,-0.494034,1,0,-1,0.00411166,StepApplied,,nan,nan,nan,nan,0,0,0,0,0,-0.494034,0.0472984,0.232911,0.0266667,0.651823,0.389565,0.665071,0.269675,nan,nan,nan,nan,nan,nan,nan,nan
5.16534,1.0411,0.0366873,-0.884497,-0.0569844,-0.0357431,-0.0923489,-0.0398135,-0.0110499,0.0630134,-0.105605,-0.0315277,0.0805992,nan,nan,nan,nan,nan,nan,nan,nan,nan,nan,nan,nan,nan,nan,nan,0.0217623,-0.037924,-0.164808,0,0,-0.494034,1,0,-1,0.00411166,StepApplied,,nan,nan,nan,nan,0,0,0,0,0,-0.494519,0.0480616,0.23188,0.0256147,0.649988,0.390267,0.666419,0.271402,nan,nan,nan,nan,nan,nan,nan,nan
5.17593,1.03961,0.0367727,-0.885382,-0.052042,-0.0429869,-0.097744,-0.0410107,-0.011908,0.0644968,-0.0454099,-0.0594521,0.0840152,nan,nan,nan,nan,nan,nan,nan,nan,nan,nan,nan,nan,nan,nan,nan,0.00526199,-0.0139835,-0.169578,0,0,-0.492973,1,0,-1,0.00411166,StepApplied,,nan,nan,nan,nan,0,0,0,0,0,-0.494519,0.0480616,0.23188,0.0256147,0.649988,0.390267,0.666419,0.271402,nan,nan,nan,nan,nan,nan,nan,nan
5.18065,1.03891,0.0368253,-0.885779,-0.0533397,-0.044396,-0.0972051,-0.0415828,-0.0126204,0.0652722,-0.0641528,-0.0835243,0.0858867,nan,nan,nan,nan,nan,nan,nan,nan,nan,nan,nan,nan,nan,nan,nan,0.00526199,-0.0139835,-0.169578,0,0,-0.492973,1,0,-1,0.00411166,StepApplied,,nan,nan,nan,nan,0,0,0,0,0,-0.492973,0.0387277,0.231082,0.024403,0.653267,0.381474,0.658921,0.278231,nan,nan,nan,nan,nan,nan,nan,nan
5.19676,1.03818,0.0370873,-0.886082,-0.0559997,-0.0370505,-0.0918051,-0.0424651,-0.0133101,0.0660237,-0.0983115,-0.0805145,0.0827722,nan,nan,nan,nan,nan,nan,nan,nan,nan,nan,nan,nan,nan,nan,nan,0.0436488,-0.0197942,-0.173925,0,0,-0.493185,1,0,-1,0.00411166,StepApplied,,nan,nan,nan,nan,0,0,0,0,0,-0.493185,0.0493718,0.240366,0.0224433,0.650559,0.380688,0.67518,0.266315,nan,nan,nan,nan,nan,nan,nan,nan
5.20494,1.03744,0.0373195,-0.886392,-0.0596393,-0.0308159,-0.0896843,-0.0433272,-0.013888,0.0667989,-0.0963818,-0.0683133,0.0867443,nan,nan,nan,nan,nan,nan,nan,nan,nan,nan,nan,nan,nan,nan,nan,0.0436488,-0.0197942,-0.173925,0,0,-0.493185,1,0,-1,0.00411166,StepApplied,,nan,nan,nan,nan,0,0,0,0,0,-0.494326,0.0493731,0.2363,0.0215008,0.647881,0.383762,0.674388,0.271272,nan,nan,nan,nan,nan,nan,nan,nan
5.2186,1.03669,0.0375208,-0.886719,-0.0566832,-0.0295063,-0.0921239,-0.0441544,-0.0145815,0.067559,-0.092445,-0.081166,0.0843919,nan,nan,nan,nan,nan,nan,nan,nan,nan,nan,nan,nan,nan,nan,nan,0.0102379,-0.0137603,-0.179143,0,0,-0.494245,1,0,-1,0.00411166,StepApplied,,nan,nan,nan,nan,0,0,0,0,0,-0.494808,0.0376453,0.242004,0.0205658,0.659755,0.370983,0.671544,0.276951,nan,nan,nan,nan,nan,nan,nan,nan
5.22594,1.03595,0.0377375,-0.88706,-0.0576461,-0.0302095,-0.0957516,-0.04481,-0.0152878,0.0683192,-0.0728619,-0.0822341,0.0837909,nan,nan,nan,nan,nan,nan,nan,nan,nan,nan,nan,nan,nan,nan,nan,0.0102379,-0.0137603,-0.179143,0,0,-0.494245,1,0,-1,0.00411166,StepApplied,,nan,nan,nan,nan,0,0,0,0,0,-0.494245,0.0392976,0.245139,0.0197637,0.659439,0.368569,0.675167,0.273805,nan,nan,nan,nan,nan,nan,nan,nan
5.23686,1.03519,0.0379329,-0.8874,-0.0601459,-0.0399642,-0.0930754,-0.0451709,-0.0162753,0.0690087,-0.0406557,-0.114184,0.0752277,nan,nan,nan,nan,nan,nan,nan,nan,nan,nan,nan,nan,nan,nan,nan,0.0542008,-0.0186206,-0.183434,0,0,-0.493813,1,0,-1,0.00411166,StepApplied,,nan,nan,nan,nan,0,0,0,0,0,-0.493813,0.0564436,0.237435,0.0188908,0.640562,0.384836,0.682286,0.267567,nan,nan,nan,nan,nan,nan,nan,nan
5.24584,1.03444,0.0381212,-0.887741,-0.0623328,-0.0378581,-0.0918668,-0.0457428,-0.0171617,0.0697502,-0.0637517,-0.102653,0.0810181,nan,nan,nan,nan,nan,nan,nan,nan,nan,nan,nan,nan,nan,nan,nan,0.0542008,-0.0186206,-0.183434,0,0,-0.493813,1,0,-1,0.00411166,StepApplied,,nan,nan,nan,nan,0,0,0,0,0,-0.494052,0.0440097,0.238726,0.0180379,0.649654,0.374517,0.675498,0.276538,nan,nan,nan,nan,nan,nan,nan,nan
5.25535,1.03366,0.0382824,-0.88809,-0.0642291,-0.0369315,-0.0849465,-0.0465934,-0.0178811,0.0705496,-0.0945578,-0.0844116,0.0881786,nan,nan,nan,nan,nan,nan,nan,nan,nan,nan,nan,nan,nan,nan,nan,0.04472,-0.0195396,-0.187569,0,0,-0.495394,1,0,-1,0.00411166,StepApplied,,nan,nan,nan,nan,0,0,0,0,0,-0.495394,0.0440097,0.238726,0.0180379,0.649654,0.374517,0.675498,0.276538,nan,nan,nan,nan,nan,nan,nan,nan
5.26195,1.0321,0.0386138,-0.888805,-0.0636556,-0.0300173,-0.0812434,-0.0478356,-0.0190712,0.0720555,-0.061731,-0.0679352,0.0821173,nan,nan,nan,nan,nan,nan,nan,nan,nan,nan,nan,nan,nan,nan,nan,0.04472,-0.0195396,-0.187569,0,0,-0.495394,1,0,-1,0.00411166,StepApplied,,nan,nan,nan,nan,0,0,0,0,0,-0.495394,0.0374585,0.239893,0.0173171,0.655734,0.369681,0.673753,0.28241,nan,nan,nan,nan,nan,nan,nan,nan
5.27477,1.03132,0.0387422,-0.889154,-0.0647218,-0.025676,-0.0817347,-0.0482953,-0.0199217,0.0728328,-0.0510967,-0.0995363,0.0851307,nan,nan,nan,nan,nan,nan,nan,nan,nan,nan,nan,nan,nan,nan,nan,0.0348123,-0.00731996,-0.192744,0,0,-0.496089,1,0,-1,0.00411166,StepApplied,,nan,nan,nan,nan,0,0,0,0,0,-0.495623,0.0423685,0.239215,0.0164933,0.651187,0.373037,0.677797,0.28047,nan,nan,nan,nan,nan,nan,nan,nan
5.28158,1.03045,0.0388445,-0.889631,-0.0654019,-0.0372708,-0.0828368,-0.0485637,-0.0206525,0.0735544,-0.0295407,-0.0854265,0.0790309,nan,nan,nan,nan,nan,nan,nan,nan,nan,nan,nan,nan,nan,nan,nan,0.0348123,-0.00731996,-0.192744,0,0,-0.496089,1,0,-1,0.00411166,StepApplied,,nan,nan,nan,nan,0,0,0,0,0,-0.496089,0.0467707,0.240981,0.0157364,0.649033,0.374611,0.68338,0.277333,nan,nan,nan,nan,nan,nan,nan,nan
5.29813,1.02965,0.0391341,-0.889842,-0.0641029,-0.036786,-0.0791947,-0.0489084,-0.0215241,0.074341,-0.037779,-0.101461,0.0853852,nan,nan,nan,nan,nan,nan,nan,nan,nan,nan,nan,nan,nan,nan,nan,0.0638761,-0.00451076,-0.196829,0,0,-0.495555,1,0,-1,0.00411166,StepApplied,,nan,nan,nan,nan,0,0,0,0,0,-0.495555,0.0496146,0.239174,0.0138921,0.643366,0.375521,0.685423,0.277909,nan,nan,nan,nan,nan,nan,nan,nan
5.30456,1.02884,0.039423,-0.890063,-0.0668147,-0.0343754,-0.0735527,-0.0494004,-0.0220679,0.0751947,-0.054352,-0.0654423,0.0953945,nan,nan,nan,nan,nan,nan,nan,nan,nan,nan,nan,nan,nan,nan,nan,0.0638761,-0.00451076,-0.196829,0,0,-0.495555,1,0,-1,0.00411166,StepApplied,,nan,nan,nan,nan,0,0,0,0,0,-0.49626,0.0424192,0.234336,0.0129708,0.644818,0.373638,0.678543,0.288043,nan,nan,nan,nan,nan,nan,nan,nan
5.31496,1.02804,0.0396834,-0.89027,-0.0701719,-0.0366728,-0.0698741,-0.0498371,-0.0225848,0.0760231,-0.0479349,-0.0620312,0.0921702,nan,nan,nan,nan,nan,nan,nan,nan,nan,nan,nan,nan,nan,nan,nan,0.0578328,-0.0094639,-0.202558,0,0,-0.498144,1,0,-1,0.00411166,StepApplied,,nan,nan,nan,nan,0,0,0,0,0,-0.49626,0.0424192,0.234336,0.0129708,0.644818,0.373638,0.678543,0.288043,nan,nan,nan,nan,nan,nan,nan,nan
5.32408,1.02723,0.0398941,-0.890483,-0.0678795,-0.0374825,-0.0735858,-0.0503327,-0.0230187,0.0768206,-0.0550243,-0.0532635,0.0900354,nan,nan,nan,nan,nan,nan,nan,nan,nan,nan,nan,nan,nan,nan,nan,0.0578328,-0.0094639,-0.202558,0,0,-0.498144,1,0,-1,0.00411166,StepApplied,,nan,nan,nan,nan,0,0,0,0,0,-0.497369,0.0481395,0.240783,0.0111557,0.644626,0.372419,0.690066,0.282367,nan,nan,nan,nan,nan,nan,nan,nan
5.33805,1.02643,0.0401318,-0.890706,-0.0651217,-0.0396742,-0.0792191,-0.0505656,-0.0236482,0.0775601,-0.0255444,-0.0744255,0.0819343,nan,nan,nan,nan,nan,nan,nan,nan,nan,nan,nan,nan,nan,nan,nan,0.067697,0.0129859,-0.206712,0,0,-0.496198,1,0,-1,0.00411166,StepApplied,,nan,nan,nan,nan,0,0,0,0,0,-0.496198,0.0506415,0.233177,0.0102428,0.635395,0.377481,0.686201,0.285713,nan,nan,nan,nan,nan,nan,nan,nan
5.34282,1.02484,0.0405523,-0.891201,-0.0692491,-0.0432224,-0.0760922,-0.0507219,-0.0245576,0.0791285,-0.011514,-0.0494485,0.0925026,nan,nan,nan,nan,nan,nan,nan,nan,nan,nan,nan,nan,nan,nan,nan,0.067697,0.0129859,-0.206712,0,0,-0.496198,1,0,-1,0.00411166,StepApplied,,nan,nan,nan,nan,0,0,0,0,0,-0.496198,0.0506415,0.233177,0.0102428,0.635395,0.377481,0.686201,0.285713,nan,nan,nan,nan,nan,nan,nan,nan
5.35555,1.02404,0.0407392,-0.891466,-0.0651246,-0.0418611,-0.0715771,-0.0510326,-0.0248053,0.0800453,-0.0333475,-0.0328225,0.103046,nan,nan,nan,nan,nan,nan,nan,nan,nan,nan,nan,nan,nan,nan,nan,0.071606,0.00578771,-0.212504,0,0,-0.496796,1,0,-1,0.00411166,StepApplied,,nan,nan,nan,nan,0,0,0,0,0,-0.496945,0.0434207,0.233538,0.00932219,0.640583,0.371947,0.683017,0.292233,nan,nan,nan,nan,nan,nan,nan,nan
5.36308,1.02326,0.0409177,-0.891741,-0.0708363,-0.041428,-0.0675893,-0.051382,-0.0247116,0.0808262,-0.038363,0.00575858,0.0908007,nan,nan,nan,nan,nan,nan,nan,nan,nan,nan,nan,nan,nan,nan,nan,0.071606,0.00578771,-0.212504,0,0,-0.496796,1,0,-1,0.00411166,StepApplied,,nan,nan,nan,nan,0,0,0,0,0,-0.496796,0.0441342,0.239802,0.00848837,0.643526,0.36704,0.688634,0.287986,nan,nan,nan,nan,nan,nan,nan,nan
5.37706,1.02248,0.0410485,-0.892019,-0.0722704,-0.0467282,-0.0715662,-0.0515571,-0.024768,0.0816223,-0.0186748,-0.0110747,0.0910971,nan,nan,nan,nan,nan,nan,nan,nan,nan,nan,nan,nan,nan,nan,nan,0.0640361,1.39618e-05,-0.217098,0,0,-0.49849,1,0,-1,0.00411166,StepApplied,,nan,nan,nan,nan,0,0,0,0,0,-0.49849,0.0500125,0.228777,0.00754186,0.631483,0.378902,0.6868,0.293425,nan,nan,nan,nan,nan,nan,nan,nan
5.38678,1.0217,0.0411742,-0.892332,-0.0713923,-0.0358045,-0.0787288,-0.0515044,-0.0245164,0.0823802,0.00661246,0.0234015,0.0885515,nan,nan,nan,nan,nan,nan,nan,nan,nan,nan,nan,nan,nan,nan,nan,0.0640361,1.39618e-05,-0.217098,0,0,-0.49849,1,0,-1,0.00411166,StepApplied,,nan,nan,nan,nan,0,0,0,0,0,-0.497637,0.0391185,0.222593,0.00576936,0.633026,0.373783,0.676482,0.307255,nan,nan,nan,nan,nan,nan,nan,nan
5.39828,1.02091,0.0413052,-0.892659,-0.0700496,-0.0412019,-0.0785589,-0.0513106,-0.0245683,0.0831909,0.0225162,-0.0106379,0.0925763,nan,nan,nan,nan,nan,nan,nan,nan,nan,nan,nan,nan,nan,nan,nan,0.0633058,0.00438075,-0.222639,0,0,-0.496222,1,0,-1,0.00411166,StepApplied,,nan,nan,nan,nan,0,0,0,0,0,-0.496329,0.0432588,0.225984,0.00482177,0.630241,0.372058,0.681446,0.301571,nan,nan,nan,nan,nan,nan,nan,nan
5.4035,1.02014,0.0416347,-0.892916,-0.0739858,-0.0406483,-0.0755646,-0.0510514,-0.0241763,0.0839899,0.0296261,0.0386274,0.0932537,nan,nan,nan,nan,nan,nan,nan,nan,nan,nan,nan,nan,nan,nan,nan,0.0633058,0.00438075,-0.222639,0,0,-0.496222,1,0,-1,0.00411166,StepApplied,,nan,nan,nan,nan,0,0,0,0,0,-0.496329,0.0432588,0.225984,0.00482177,0.630241,0.372058,0.681446,0.301571,nan,nan,nan,nan,nan,nan,nan,nan
5.41779,1.01927,0.0419044,-0.893314,-0.0706416,-0.0322937,-0.0751184,-0.0510683,-0.0238555,0.0848137,-0.0013755,0.0309844,0.0976068,nan,nan,nan,nan,nan,nan,nan,nan,nan,nan,nan,nan,nan,nan,nan,0.0334025,0.00368079,-0.226812,0,0,-0.496955,1,0,-1,0.00411166,StepApplied,,nan,nan,nan,nan,0,0,0,0,0,-0.496955,0.0328399,0.232111,0.00312322,0.64087,0.359286,0.680733,0.306933,nan,nan,nan,nan,nan,nan,nan,nan
5.4251,1.01849,0.0422107,-0.893616,-0.0725195,-0.0319997,-0.0726534,-0.0510649,-0.0234753,0.0855619,0.000695301,0.0378493,0.0889435,nan,nan,nan,nan,nan,nan,nan,nan,nan,nan,nan,nan,nan,nan,nan,0.0334025,0.00368079,-0.226812,0,0,-0.496955,1,0,-1,0.00411166,StepApplied,,nan,nan,nan,nan,0,0,0,0,0,-0.497416,0.0358222,0.22336,0.00234083,0.632252,0.367262,0.6779,0.312253,nan,nan,nan,nan,nan,nan,nan,nan
5.43621,1.01699,0.0426929,-0.894264,-0.0666376,-0.0266506,-0.0789632,-0.0510053,-0.0226131,0.0869722,0.000301023,0.0245364,0.0787005,nan,nan,nan,nan,nan,nan,nan,nan,nan,nan,nan,nan,nan,nan,nan,0.0543318,-0.00603125,-0.232284,0,0,-0.496752,1,0,-1,0.00411166,StepApplied,,nan,nan,nan,nan,0,0,0,0,0,-0.497416,0.0358222,0.22336,0.00234083,0.632252,0.367262,0.6779,0.312253,nan,nan,nan,nan,nan,nan,nan,nan
5.44331,1.01619,0.0429061,-0.89465,-0.0679393,-0.0456602,-0.0822003,-0.05082,-0.0222316,0.0876743,0.0207363,0.0380973,0.0831841,nan,nan,nan,nan,nan,nan,nan,nan,nan,nan,nan,nan,nan,nan,nan,0.0543318,-0.00603125,-0.232284,0,0,-0.496752,1,0,-1,0.00411166,StepApplied,,nan,nan,nan,nan,0,0,0,0,0,-0.496752,0.04693,0.22301,0.00153445,0.62268,0.373893,0.685649,0.304787,nan,nan,nan,nan,nan,nan,nan,nan
5.45699,1.01545,0.0430965,-0.895039,-0.0667339,-0.0497178,-0.0842041,-0.0506281,-0.0220264,0.0884052,0.0217863,0.0186404,0.0861691,nan,nan,nan,nan,nan,nan,nan,nan,nan,nan,nan,nan,nan,nan,nan,0.0834453,-0.00236222,-0.236133,0,0,-0.495167,1,0,-1,0.00411166,StepApplied,,nan,nan,nan,nan,0,0,0,0,0,-0.495167,0.0462797,0.230458,9.6537e-05,0.625384,0.365143,0.690306,0.299835,nan,nan,nan,nan,nan,nan,nan,nan
5.46492,1.01474,0.0432993,-0.895466,-0.0702269,-0.047776,-0.0823496,-0.0507345,-0.021677,0.0891854,-0.0114239,0.0343193,0.0919609,nan,nan,nan,nan,nan,nan,nan,nan,nan,nan,nan,nan,nan,nan,nan,0.0834453,-0.00236222,-0.236133,0,0,-0.495167,1,0,-1,0.00411166,StepApplied,,nan,nan,nan,nan,0,0,0,0,0,-0.494688,0.0497214,0.219937,-0.000781734,0.614154,0.373658,0.685703,0.305236,nan,nan,nan,nan,nan,nan,nan,nan
5.47693,1.01401,0.0434955,-0.895888,-0.0648904,-0.04316,-0.0809049,-0.0508642,-0.0212759,0.0900519,-0.0137928,0.0395608,0.101779,nan,nan,nan,nan,nan,nan,nan,nan,nan,nan,nan,nan,nan,nan,nan,0.0774847,-0.015433,-0.241118,0,0,-0.495072,1,0,-1,0.00411166,StepApplied,,nan,nan,nan,nan,0,0,0,0,0,-0.495072,0.0534283,0.220343,-0.00163178,0.611355,0.375526,0.689845,0.303562,nan,nan,nan,nan,nan,nan,nan,nan
5.48489,1.01328,0.0436663,-0.896303,-0.0715946,-0.0405419,-0.0773628,-0.0511046,-0.0207422,0.0909105,-0.0261544,0.0543588,0.101579,nan,nan,nan,nan,nan,nan,nan,nan,nan,nan,nan,nan,nan,nan,nan,0.0774847,-0.015433,-0.241118,0,0,-0.495072,1,0,-1,0.00411166,StepApplied,,nan,nan,nan,nan,0,0,0,0,0,-0.495311,0.0394182,0.221333,-0.0026589,0.621174,0.364132,0.681904,0.314035,nan,nan,nan,nan,nan,nan,nan,nan
5.49441,1.01254,0.0438077,-0.896739,-0.0715812,-0.0472425,-0.0815321,-0.0512076,-0.0202853,0.0916493,-0.0110663,0.0462361,0.0872802,nan,nan,nan,nan,nan,nan,nan,nan,nan,nan,nan,nan,nan,nan,nan,0.071565,-0.024659,-0.246971,0,0,-0.495087,1,0,-1,0.00411166,StepApplied,,nan,nan,nan,nan,0,0,0,0,0,-0.495311,0.0394182,0.221333,-0.0026589,0.621174,0.364132,0.681904,0.314035,nan,nan,nan,nan,nan,nan,nan,nan
5.50224,1.01181,0.0439243,-0.8972,-0.072454,-0.0418032,-0.0864811,-0.0511661,-0.0199177,0.0923695,0.00496131,0.0368594,0.0855411,nan,nan,nan,nan,nan,nan,nan,nan,nan,nan,nan,nan,nan,nan,nan,0.071565,-0.024659,-0.246971,0,0,-0.495087,1,0,-1,0.00411166,StepApplied,,nan,nan,nan,nan,0,0,0,0,0,-0.496064,0.0371161,0.222305,-0.00347513,0.623425,0.361753,0.68253,0.316546,nan,nan,nan,nan,nan,nan,nan,nan
5.51775,1.01105,0.0440598,-0.897666,-0.0740335,-0.04538,-0.0848413,-0.0510224,-0.0195167,0.0930717,0.016288,0.0404939,0.083171,nan,nan,nan,nan,nan,nan,nan,nan,nan,nan,nan,nan,nan,nan,nan,0.0645428,-0.0335736,-0.251424,0,0,-0.494336,1,0,-1,0.00411166,StepApplied,,nan,nan,nan,nan,0,0,0,0,0,-0.494336,0.0480773,0.216624,-0.00500022,0.608406,0.370268,0.686064,0.312606,nan,nan,nan,nan,nan,nan,nan,nan
5.52311,1.00954,0.0442588,-0.898616,-0.0733445,-0.0509345,-0.0819265,-0.0508311,-0.0186653,0.0945052,0.00667212,0.0430636,0.0906293,nan,nan,nan,nan,nan,nan,nan,nan,nan,nan,nan,nan,nan,nan,nan,0.0645428,-0.0335736,-0.251424,0,0,-0.494336,1,0,-1,0.00411166,StepApplied,,nan,nan,nan,nan,0,0,0,0,0,-0.494336,0.0480773,0.216624,-0.00500022,0.608406,0.370268,0.686064,0.312606,nan,nan,nan,nan,nan,nan,nan,nan
5.53519,1.00879,0.0442859,-0.899111,-0.0707179,-0.0463795,-0.0818737,-0.0508747,-0.0182118,0.0953378,-0.00426062,0.0454044,0.097226,nan,nan,nan,nan,nan,nan,nan,nan,nan,nan,nan,nan,nan,nan,nan,0.0762197,-0.0328096,-0.256416,0,0,-0.494686,1,0,-1,0.00411166,StepApplied,,nan,nan,nan,nan,0,0,0,0,0,-0.494658,0.0387747,0.216855,-0.00575144,0.614718,0.363098,0.680721,0.320094,nan,nan,nan,nan,nan,nan,nan,nan
5.54515,1.00806,0.0443449,-0.899611,-0.0744507,-0.044476,-0.076484,-0.0509296,-0.0176897,0.0961173,-0.00569403,0.0538481,0.0926245,nan,nan,nan,nan,nan,nan,nan,nan,nan,nan,nan,nan,nan,nan,nan,0.0762197,-0.0328096,-0.256416,0,0,-0.494686,1,0,-1,0.00411166,StepApplied,,nan,nan,nan,nan,0,0,0,0,0,-0.494655,0.0466508,0.215243,-0.00724073,0.606517,0.368315,0.686637,0.317151,nan,nan,nan,nan,nan,nan,nan,nan
5.55816,1.00731,0.0443545,-0.900103,-0.0733303,-0.0435805,-0.0781252,-0.0510519,-0.0171621,0.0968174,-0.0133286,0.0546293,0.0832679,nan,nan,nan,nan,nan,nan,nan,nan,nan,nan,nan,nan,nan,nan,nan,0.0537347,-0.0404028,-0.260902,0,0,-0.495711,1,0,-1,0.00411166,StepApplied,,nan,nan,nan,nan,0,0,0,0,0,-0.495711,0.0449658,0.212606,-0.00799166,0.606149,0.369293,0.685387,0.322014,nan,nan,nan,nan,nan,nan,nan,nan
5.56338,1.00653,0.0443444,-0.900618,-0.0768491,-0.0416038,-0.0817537,-0.0511122,-0.0167294,0.0974827,-0.00648648,0.0442735,0.0787801,nan,nan,nan,nan,nan,nan,nan,nan,nan,nan,nan,nan,nan,nan,nan,0.0537347,-0.0404028,-0.260902,0,0,-0.495711,1,0,-1,0.00411166,StepApplied,,nan,nan,nan,nan,0,0,0,0,0,-0.495711,0.0449658,0.212606,-0.00799166,0.606149,0.369293,0.685387,0.322014,nan,nan,nan,nan,nan,nan,nan,nan
5.57779,1.00567,0.0442433,-0.901273,-0.0730465,-0.0470157,-0.0804861,-0.0510866,-0.0162859,0.0982469,0.00325377,0.0449203,0.0897855,nan,nan,nan,nan,nan,nan,nan,nan,nan,nan,nan,nan,nan,nan,nan,0.0653596,-0.0392968,-0.265673,0,0,-0.494578,1,0,-1,0.00411166,StepApplied,,nan,nan,nan,nan,0,0,0,0,0,-0.494567,0.0414064,0.217973,-0.00943074,0.60988,0.360398,0.68696,0.321031,nan,nan,nan,nan,nan,nan,nan,nan
5.58541,1.0049,0.04419,-0.901791,-0.0744611,-0.0543973,-0.0794432,-0.0510424,-0.016036,0.0988576,0.00503415,0.0241396,0.0711661,nan,nan,nan,nan,nan,nan,nan,nan,nan,nan,nan,nan,nan,nan,nan,0.0653596,-0.0392968,-0.265673,0,0,-0.494578,1,0,-1,0.00411166,StepApplied,,nan,nan,nan,nan,0,0,0,0,0,-0.494643,0.0586837,0.213654,-0.0101607,0.593955,0.375015,0.696929,0.312674,nan,nan,nan,nan,nan,nan,nan,nan
5.59853,1.00422,0.0443682,-0.902252,-0.0776412,-0.0559157,-0.0781893,-0.051215,-0.0158396,0.0994709,-0.0191581,0.0184029,0.0717918,nan,nan,nan,nan,nan,nan,nan,nan,nan,nan,nan,nan,nan,nan,nan,0.086962,-0.0589233,-0.269738,0,0,-0.494857,1,0,-1,0.00411166,StepApplied,,nan,nan,nan,nan,0,0,0,0,0,-0.494857,0.0567016,0.219791,-0.0107293,0.599341,0.368919,0.700647,0.310521,nan,nan,nan,nan,nan,nan,nan,nan
5.6062,1.00354,0.0445325,-0.902732,-0.0776998,-0.0562541,-0.0751891,-0.0516574,-0.0155311,0.100106,-0.049601,0.0308262,0.075638,nan,nan,nan,nan,nan,nan,nan,nan,nan,nan,nan,nan,nan,nan,nan,0.086962,-0.0589233,-0.269738,0,0,-0.494857,1,0,-1,0.00411166,StepApplied,,nan,nan,nan,nan,0,0,0,0,0,-0.49538,0.0526183,0.216804,-0.0111265,0.600242,0.36827,0.696568,0.316439,nan,nan,nan,nan,nan,nan,nan,nan
5.61603,1.00219,0.0449167,-0.903714,-0.0775741,-0.0563789,-0.0735961,-0.0524355,-0.0149792,0.10126,-0.0367157,0.0219638,0.069713,nan,nan,nan,nan,nan,nan,nan,nan,nan,nan,nan,nan,nan,nan,nan,0.0601768,-0.0455066,-0.273527,0,0,-0.494771,1,0,-1,0.00411166,StepApplied,,nan,nan,nan,nan,0,0,0,0,0,-0.49538,0.0526183,0.216804,-0.0111265,0.600242,0.36827,0.696568,0.316439,nan,nan,nan,nan,nan,nan,nan,nan
5.62224,1.00152,0.0450171,-0.904173,-0.075069,-0.0534264,-0.0724871,-0.0527635,-0.014696,0.101862,-0.0366705,0.0280089,0.0711804,nan,nan,nan,nan,nan,nan,nan,nan,nan,nan,nan,nan,nan,nan,nan,0.0601768,-0.0455066,-0.273527,0,0,-0.494771,1,0,-1,0.00411166,StepApplied,,nan,nan,nan,nan,0,0,0,0,0,-0.494771,0.0514026,0.220015,-0.0115131,0.602377,0.364144,0.697756,0.314806,nan,nan,nan,nan,nan,nan,nan,nan
5.63679,1.00082,0.045095,-0.904649,-0.0766885,-0.053793,-0.0762475,-0.0533221,-0.0145324,0.10244,-0.0628892,0.0150382,0.0684526,nan,nan,nan,nan,nan,nan,nan,nan,nan,nan,nan,nan,nan,nan,nan,0.0763619,-0.051372,-0.276939,0,0,-0.495705,1,0,-1,0.00411166,StepApplied,,nan,nan,nan,nan,0,0,0,0,0,-0.495705,0.0632243,0.217456,-0.0124942,0.592162,0.374267,0.70622,0.310173,nan,nan,nan,nan,nan,nan,nan,nan
5.64496,1.00013,0.0451256,-0.905153,-0.0800357,-0.0549167,-0.0754751,-0.0538717,-0.0144189,0.103042,-0.0614823,0.00920715,0.0704708,nan,nan,nan,nan,nan,nan,nan,nan,nan,nan,nan,nan,nan,nan,nan,0.0763619,-0.051372,-0.276939,0,0,-0.495705,1,0,-1,0.00411166,StepApplied,,nan,nan,nan,nan,0,0,0,0,0,-0.494911,0.0576244,0.2195,-0.0130717,0.596195,0.367489,0.703489,0.31247,nan,nan,nan,nan,nan,nan,nan,nan
5.65845,0.999416,0.0452,-0.905648,-0.0785853,-0.048539,-0.0766017,-0.0544141,-0.014389,0.103646,-0.0606484,-0.000122612,0.0700674,nan,nan,nan,nan,nan,nan,nan,nan,nan,nan,nan,nan,nan,nan,nan,0.0646313,-0.0603074,-0.281634,0,0,-0.494768,1,0,-1,0.00411166,StepApplied,,nan,nan,nan,nan,0,0,0,0,0,-0.495013,0.0684983,0.220145,-0.0136775,0.588459,0.374219,0.712341,0.305034,nan,nan,nan,nan,nan,nan,nan,nan
5.66563,0.998704,0.0452402,-0.906141,-0.0811726,-0.0631559,-0.0741902,-0.055192,-0.0144347,0.104219,-0.0868894,-0.00838044,0.0660657,nan,nan,nan,nan,nan,nan,nan,nan,nan,nan,nan,nan,nan,nan,nan,0.0646313,-0.0603074,-0.281634,0,0,-0.494768,1,0,-1,0.00411166,StepApplied,,nan,nan,nan,nan,0,0,0,0,0,-0.494768,0.0705461,0.219802,-0.0142106,0.585991,0.375131,0.713835,0.304116,nan,nan,nan,nan,nan,nan,nan,nan
5.67689,0.99799,0.0452282,-0.906625,-0.0833473,-0.0646473,-0.0709442,-0.0560014,-0.0144742,0.104886,-0.0897378,-0.00828425,0.0760902,nan,nan,nan,nan,nan,nan,nan,nan,nan,nan,nan,nan,nan,nan,nan,0.114767,-0.0760021,-0.285419,0,0,-0.495615,1,0,-1,0.00411166,StepApplied,,nan,nan,nan,nan,0,0,0,0,0,-0.495615,0.0727099,0.221814,-0.0149282,0.586013,0.375367,0.718351,0.302729,nan,nan,nan,nan,nan,nan,nan,nan
5.68472,0.997265,0.0451874,-0.907104,-0.0825281,-0.0669924,-0.0700548,-0.0568237,-0.014805,0.105506,-0.0921507,-0.0406738,0.069729,nan,nan,nan,nan,nan,nan,nan,nan,nan,nan,nan,nan,nan,nan,nan,0.114767,-0.0760021,-0.285419,0,0,-0.495615,1,0,-1,0.00411166,StepApplied,,nan,nan,nan,nan,0,0,0,0,0,-0.49569,0.0619888,0.231659,-0.0155931,0.599967,0.360235,0.718468,0.304092,nan,nan,nan,nan,nan,nan,nan,nan
5.69755,0.996411,0.0450182,-0.90769,-0.08053,-0.058809,-0.0660851,-0.0575509,-0.0152379,0.106135,-0.0810065,-0.0519313,0.0695588,nan,nan,nan,nan,nan,nan,nan,nan,nan,nan,nan,nan,nan,nan,nan,0.0928796,-0.0583303,-0.288354,0,0,-0.496452,1,0,-1,0.00411166,StepApplied,,nan,nan,nan,nan,0,0,0,0,0,-0.496452,0.0547155,0.234401,-0.0160751,0.607328,0.353434,0.716506,0.308542,nan,nan,nan,nan,nan,nan,nan,nan
5.70196,0.995208,0.0453163,-0.90855,-0.081103,-0.0592512,-0.0633519,-0.0587885,-0.0164626,0.107215,-0.0687514,-0.0859995,0.0480298,nan,nan,nan,nan,nan,nan,nan,nan,nan,nan,nan,nan,nan,nan,nan,0.0928796,-0.0583303,-0.288354,0,0,-0.496452,1,0,-1,0.00411166,StepApplied,,nan,nan,nan,nan,0,0,0,0,0,-0.496452,0.0547155,0.234401,-0.0160751,0.607328,0.353434,0.716506,0.308542,nan,nan,nan,nan,nan,nan,nan,nan
5.71488,0.994582,0.0454483,-0.908966,-0.0828797,-0.0618476,-0.0628986,-0.0591052,-0.0172215,0.107686,-0.0357826,-0.0865597,0.0506548,nan,nan,nan,nan,nan,nan,nan,nan,nan,nan,nan,nan,nan,nan,nan,0.0972454,-0.0530228,-0.291781,0,0,-0.49688,1,0,-1,0.00411166,StepApplied,,nan,nan,nan,nan,0,0,0,0,0,-0.496706,0.0615415,0.237853,-0.0165069,0.604765,0.355642,0.724457,0.301961,nan,nan,nan,nan,nan,nan,nan,nan
5.72262,0.993964,0.045499,-0.909386,-0.0806253,-0.0683477,-0.0625195,-0.0594106,-0.018126,0.108129,-0.0348614,-0.103533,0.0469123,nan,nan,nan,nan,nan,nan,nan,nan,nan,nan,nan,nan,nan,nan,nan,0.0972454,-0.0530228,-0.291781,0,0,-0.49688,1,0,-1,0.00411166,StepApplied,,nan,nan,nan,nan,0,0,0,0,0,-0.49688,0.0566799,0.234853,-0.0167606,0.606001,0.354246,0.719327,0.307947,nan,nan,nan,nan,nan,nan,nan,nan
5.73805,0.99336,0.0455824,-0.909812,-0.0769365,-0.0550322,-0.0647029,-0.0596836,-0.0190749,0.10848,-0.03119,-0.107325,0.036073,nan,nan,nan,nan,nan,nan,nan,nan,nan,nan,nan,nan,nan,nan,nan,0.125736,-0.0459855,-0.293619,0,0,-0.49683,1,0,-1,0.00411166,StepApplied,,nan,nan,nan,nan,0,0,0,0,0,-0.49683,0.0585434,0.238539,-0.0170598,0.606941,0.352607,0.723498,0.304272,nan,nan,nan,nan,nan,nan,nan,nan
5.74549,0.992738,0.0456822,-0.910231,-0.0802824,-0.0672728,-0.0627453,-0.059757,-0.0201295,0.108839,-0.00888727,-0.119125,0.0360879,nan,nan,nan,nan,nan,nan,nan,nan,nan,nan,nan,nan,nan,nan,nan,0.125736,-0.0459855,-0.293619,0,0,-0.49683,1,0,-1,0.00411166,StepApplied,,nan,nan,nan,nan,0,0,0,0,0,-0.496463,0.0510088,0.23747,-0.0171672,0.611038,0.347561,0.717156,0.310096,nan,nan,nan,nan,nan,nan,nan,nan
5.7548,0.992129,0.0457054,-0.910658,-0.0812875,-0.07722,-0.061433,-0.0597155,-0.0208661,0.109192,0.00396379,-0.0837339,0.0375297,nan,nan,nan,nan,nan,nan,nan,nan,nan,nan,nan,nan,nan,nan,nan,0.148417,-0.0461141,-0.296049,0,0,-0.496829,1,0,-1,0.00411166,StepApplied,,nan,nan,nan,nan,0,0,0,0,0,-0.496463,0.0510088,0.23747,-0.0171672,0.611038,0.347561,0.717156,0.310096,nan,nan,nan,nan,nan,nan,nan,nan
5.76515,0.991474,0.04567,-0.911069,-0.0839186,-0.0786623,-0.0624251,-0.0597514,-0.0215519,0.109445,-0.00481896,-0.0770367,0.0266533,nan,nan,nan,nan,nan,nan,nan,nan,nan,nan,nan,nan,nan,nan,nan,0.148417,-0.0461141,-0.296049,0,0,-0.496829,1,0,-1,0.00411166,StepApplied,,nan,nan,nan,nan,0,0,0,0,0,-0.49662,0.0715966,0.227823,-0.0172717,0.589712,0.368994,0.725157,0.302619,nan,nan,nan,nan,nan,nan,nan,nan
5.77843,0.990844,0.0456297,-0.911494,-0.0831545,-0.0811609,-0.0592276,-0.0599517,-0.0221194,0.109705,-0.0232097,-0.0646505,0.0283056,nan,nan,nan,nan,nan,nan,nan,nan,nan,nan,nan,nan,nan,nan,nan,0.146526,-0.0455997,-0.297363,0,0,-0.497175,1,0,-1,0.00411166,StepApplied,,nan,nan,nan,nan,0,0,0,0,0,-0.497175,0.0637739,0.226971,-0.0171894,0.595277,0.364701,0.719495,0.309225,nan,nan,nan,nan,nan,nan,nan,nan
5.78347,0.990207,0.0455588,-0.91191,-0.0801747,-0.0777585,-0.0575272,-0.0601709,-0.0226089,0.109995,-0.025073,-0.0558705,0.0320424,nan,nan,nan,nan,nan,nan,nan,nan,nan,nan,nan,nan,nan,nan,nan,0.146526,-0.0455997,-0.297363,0,0,-0.497175,1,0,-1,0.00411166,StepApplied,,nan,nan,nan,nan,0,0,0,0,0,-0.497175,0.0637739,0.226971,-0.0171894,0.595277,0.364701,0.719495,0.309225,nan,nan,nan,nan,nan,nan,nan,nan
5.79595,0.989069,0.045633,-0.912725,-0.0838879,-0.0699931,-0.0580577,-0.0601487,-0.0232989,0.110347,0.00247945,-0.0207197,0.0206233,nan,nan,nan,nan,nan,nan,nan,nan,nan,nan,nan,nan,nan,nan,nan,0.0969933,-0.0336873,-0.298617,0,0,-0.497547,1,0,-1,0.00411166,StepApplied,,nan,nan,nan,nan,0,0,0,0,0,-0.497459,0.0516991,0.231822,-0.0171067,0.607612,0.3531,0.714587,0.314536,nan,nan,nan,nan,nan,nan,nan,nan
5.80591,0.988537,0.0457138,-0.913107,-0.0833781,-0.070861,-0.0563094,-0.0601472,-0.0236909,0.1104,-0.0014871,-0.0429654,0.00719183,nan,nan,nan,nan,nan,nan,nan,nan,nan,nan,nan,nan,nan,nan,nan,0.0969933,-0.0336873,-0.298617,0,0,-0.497547,1,0,-1,0.00411166,StepApplied,,nan,nan,nan,nan,0,0,0,0,0,-0.497382,0.060805,0.227269,-0.0168359,0.598148,0.362952,0.717461,0.310968,nan,nan,nan,nan,nan,nan,nan,nan
5.81874,0.987899,0.0456728,-0.91358,-0.0807957,-0.0739219,-0.0602598,-0.0599543,-0.0239205,0.110346,0.0196767,-0.0245455,-0.00379143,nan,nan,nan,nan,nan,nan,nan,nan,nan,nan,nan,nan,nan,nan,nan,0.108635,-0.0364841,-0.298623,0,0,-0.497655,1,0,-1,0.00411166,StepApplied,,nan,nan,nan,nan,0,0,0,0,0,-0.497655,0.0512166,0.224344,-0.0164841,0.603485,0.358865,0.708535,0.319736,nan,nan,nan,nan,nan,nan,nan,nan
5.82657,0.987372,0.045711,-0.913979,-0.0784572,-0.0794829,-0.0606204,-0.0596913,-0.0244002,0.110277,0.0273843,-0.0521312,-0.00704996,nan,nan,nan,nan,nan,nan,nan,nan,nan,nan,nan,nan,nan,nan,nan,0.108635,-0.0364841,-0.298623,0,0,-0.497655,1,0,-1,0.00411166,StepApplied,,nan,nan,nan,nan,0,0,0,0,0,-0.496739,0.0507946,0.234795,-0.0160781,0.610663,0.350667,0.714301,0.311326,nan,nan,nan,nan,nan,nan,nan,nan
5.83803,0.986853,0.0457099,-0.91438,-0.0829341,-0.0876094,-0.0596031,-0.0593043,-0.0248388,0.110162,0.0410765,-0.0472597,-0.0120333,nan,nan,nan,nan,nan,nan,nan,nan,nan,nan,nan,nan,nan,nan,nan,0.150447,-0.0392576,-0.298003,0,0,-0.496704,1,0,-1,0.00411166,StepApplied,,nan,nan,nan,nan,0,0,0,0,0,-0.496541,0.0548644,0.227474,-0.0155252,0.602963,0.359076,0.711254,0.312871,nan,nan,nan,nan,nan,nan,nan,nan
5.84593,0.986295,0.0456568,-0.914791,-0.0799953,-0.0907411,-0.0611046,-0.0588223,-0.0251258,0.109965,0.0514681,-0.0298866,-0.0201597,nan,nan,nan,nan,nan,nan,nan,nan,nan,nan,nan,nan,nan,nan,nan,0.150447,-0.0392576,-0.298003,0,0,-0.496704,1,0,-1,0.00411166,StepApplied,,nan,nan,nan,nan,0,0,0,0,0,-0.496302,0.0603145,0.222598,-0.0149795,0.595968,0.366684,0.710878,0.311678,nan,nan,nan,nan,nan,nan,nan,nan
5.8575,0.985757,0.0455651,-0.91522,-0.0798795,-0.0902997,-0.0595487,-0.0584173,-0.0253395,0.109819,0.042837,-0.0219633,-0.0140257,nan,nan,nan,nan,nan,nan,nan,nan,nan,nan,nan,nan,nan,nan,nan,0.142328,-0.0296623,-0.296594,0,0,-0.49657,1,0,-1,0.00411166,StepApplied,,nan,nan,nan,nan,0,0,0,0,0,-0.49657,0.0623665,0.219963,-0.014455,0.593446,0.370791,0.71021,0.311833,nan,nan,nan,nan,nan,nan,nan,nan
5.86499,0.985221,0.0454659,-0.915647,-0.081211,-0.093603,-0.0583857,-0.0581547,-0.0254658,0.109617,0.0272073,-0.0120741,-0.0198536,nan,nan,nan,nan,nan,nan,nan,nan,nan,nan,nan,nan,nan,nan,nan,0.142328,-0.0296623,-0.296594,0,0,-0.49657,1,0,-1,0.00411166,StepApplied,,nan,nan,nan,nan,0,0,0,0,0,-0.49675,0.0581894,0.225168,-0.013766,0.600949,0.365026,0.710426,0.3106,nan,nan,nan,nan,nan,nan,nan,nan
5.87645,0.984132,0.0451699,-0.916591,-0.0849523,-0.0885986,-0.0621393,-0.05765,-0.025553,0.109045,0.0403154,0.00232029,-0.0335179,nan,nan,nan,nan,nan,nan,nan,nan,nan,nan,nan,nan,nan,nan,nan,0.120552,-0.0295718,-0.294634,0,0,-0.496194,1,0,-1,0.00411166,StepApplied,,nan,nan,nan,nan,0,0,0,0,0,-0.49675,0.0581894,0.225168,-0.013766,0.600949,0.365026,0.710426,0.3106,nan,nan,nan,nan,nan,nan,nan,nan
5.88334,0.983573,0.0449888,-0.917067,-0.0817489,-0.0842284,-0.0617283,-0.0571668,-0.0255047,0.1087,0.051316,0.00826795,-0.0348273,nan,nan,nan,nan,nan,nan,nan,nan,nan,nan,nan,nan,nan,nan,nan,0.120552,-0.0295718,-0.294634,0,0,-0.496194,1,0,-1,0.00411166,StepApplied,,nan,nan,nan,nan,0,0,0,0,0,-0.496194,0.0544811,0.224495,-0.0130935,0.603211,0.362996,0.706101,0.312468,nan,nan,nan,nan,nan,nan,nan,nan
5.89684,0.983149,0.044974,-0.917505,-0.0821244,-0.0923089,-0.0662835,-0.0565434,-0.0254821,0.108256,0.066363,0.00597037,-0.0458084,nan,nan,nan,nan,nan,nan,nan,nan,nan,nan,nan,nan,nan,nan,nan,0.103322,-0.0322939,-0.292547,0,0,-0.495976,1,0,-1,0.00411166,StepApplied,,nan,nan,nan,nan,0,0,0,0,0,-0.495978,0.0525885,0.218809,-0.0124952,0.600911,0.366061,0.69993,0.317011,nan,nan,nan,nan,nan,nan,nan,nan
5.90698,0.982732,0.0449166,-0.917974,-0.0811359,-0.084571,-0.0655767,-0.0559049,-0.0254664,0.107722,0.0680511,0.0060713,-0.0554179,nan,nan,nan,nan,nan,nan,nan,nan,nan,nan,nan,nan,nan,nan,nan,0.103322,-0.0322939,-0.292547,0,0,-0.495976,1,0,-1,0.00411166,StepApplied,,nan,nan,nan,nan,0,0,0,0,0,-0.494939,0.0503667,0.223695,-0.0109312,0.606462,0.361559,0.699211,0.312524,nan,nan,nan,nan,nan,nan,nan,nan
5.9165,0.982308,0.0448924,-0.91845,-0.0770318,-0.0870079,-0.0701417,-0.0553573,-0.0256904,0.107188,0.0576225,-0.0206666,-0.056678,nan,nan,nan,nan,nan,nan,nan,nan,nan,nan,nan,nan,nan,nan,nan,0.0977574,-0.0305799,-0.289498,0,0,-0.495066,1,0,-1,0.00411166,StepApplied,,nan,nan,nan,nan,0,0,0,0,0,-0.495066,0.0480213,0.226633,-0.0101286,0.606462,0.361559,0.699211,0.312524,nan,nan,nan,nan,nan,nan,nan,nan
5.9256,0.981884,0.0447764,-0.918945,-0.0826837,-0.107298,-0.0693694,-0.0546497,-0.0258264,0.106607,0.0753445,-0.0106381,-0.0614307,nan,nan,nan,nan,nan,nan,nan,nan,nan,nan,nan,nan,nan,nan,nan,0.0977574,-0.0305799,-0.289498,0,0,-0.495066,1,0,-1,0.00411166,StepApplied,,nan,nan,nan,nan,0,0,0,0,0,-0.494004,0.0468876,0.227692,-0.00917148,0.612572,0.357098,0.696882,0.309465,nan,nan,nan,nan,nan,nan,nan,nan
5.93477,0.981446,0.0446649,-0.91946,-0.0772437,-0.098726,-0.0723416,-0.0538833,-0.0260545,0.105991,0.0817983,-0.0207318,-0.065991,nan,nan,nan,nan,nan,nan,nan,nan,nan,nan,nan,nan,nan,nan,nan,0.125836,-0.0242596,-0.285321,0,0,-0.493335,1,0,-1,0.00411166,StepApplied,,nan,nan,nan,nan,0,0,0,0,0,-0.494004,0.0468876,0.227692,-0.00917148,0.612572,0.357098,0.696882,0.309465,nan,nan,nan,nan,nan,nan,nan,nan
5.94237,0.980906,0.0443934,-0.920083,-0.07939,-0.103819,-0.0673656,-0.0532914,-0.0263624,0.105382,0.0621009,-0.0295499,-0.0653968,nan,nan,nan,nan,nan,nan,nan,nan,nan,nan,nan,nan,nan,nan,nan,0.125836,-0.0242596,-0.285321,0,0,-0.493335,1,0,-1,0.00411166,StepApplied,,nan,nan,nan,nan,0,0,0,0,0,-0.494027,0.0604723,0.223461,-0.00831405,0.600855,0.370576,0.702664,0.302015,nan,nan,nan,nan,nan,nan,nan,nan
5.95783,0.980488,0.0442262,-0.920622,-0.0754436,-0.0979486,-0.0683279,-0.0526948,-0.0266651,0.104667,0.0629737,-0.0287101,-0.0779766,nan,nan,nan,nan,nan,nan,nan,nan,nan,nan,nan,nan,nan,nan,nan,0.109097,-0.0184911,-0.280804,0,0,-0.493937,1,0,-1,0.00411166,StepApplied,,nan,nan,nan,nan,0,0,0,0,0,-0.493937,0.0393616,0.232117,-0.00600274,0.624123,0.351747,0.691454,0.308422,nan,nan,nan,nan,nan,nan,nan,nan
5.96236,0.979598,0.0437778,-0.921692,-0.0801363,-0.0981134,-0.0668754,-0.0508892,-0.0271528,0.103087,0.102945,-0.0252785,-0.0859073,nan,nan,nan,nan,nan,nan,nan,nan,nan,nan,nan,nan,nan,nan,nan,0.109097,-0.0184911,-0.280804,0,0,-0.493937,1,0,-1,0.00411166,StepApplied,,nan,nan,nan,nan,0,0,0,0,0,-0.493937,0.0393616,0.232117,-0.00600274,0.624123,0.351747,0.691454,0.308422,nan,nan,nan,nan,nan,nan,nan,nan
5.97501,0.979164,0.0435394,-0.922241,-0.0753276,-0.0949153,-0.0723424,-0.0498711,-0.0274652,0.102251,0.109264,-0.0291994,-0.0913002,nan,nan,nan,nan,nan,nan,nan,nan,nan,nan,nan,nan,nan,nan,nan,0.0968333,-0.0327803,-0.275555,0,0,-0.494111,1,0,-1,0.00411166,StepApplied,,nan,nan,nan,nan,0,0,0,0,0,-0.493823,0.0418814,0.229381,-0.0047674,0.621527,0.356586,0.689953,0.307225,nan,nan,nan,nan,nan,nan,nan,nan
5.98515,0.978718,0.0432927,-0.92281,-0.0799945,-0.0915539,-0.071672,-0.0488877,-0.027766,0.101369,0.104739,-0.0276275,-0.0958111,nan,nan,nan,nan,nan,nan,nan,nan,nan,nan,nan,nan,nan,nan,nan,0.0968333,-0.0327803,-0.275555,0,0,-0.494111,1,0,-1,0.00411166,StepApplied,,nan,nan,nan,nan,0,0,0,0,0,-0.492893,0.0403544,0.229634,-0.00247401,0.624149,0.356691,0.685831,0.304903,nan,nan,nan,nan,nan,nan,nan,nan
5.99807,0.978416,0.0432636,-0.923275,-0.0731023,-0.0991334,-0.0735653,-0.0478397,-0.0281736,0.100483,0.113057,-0.0399692,-0.0979818,nan,nan,nan,nan,nan,nan,nan,nan,nan,nan,nan,nan,nan,nan,nan,0.0705629,-0.0308668,-0.27061,0,0,-0.49302,1,0,-1,0.00411166,StepApplied,,nan,nan,nan,nan,0,0,0,0,0,-0.49302,0.0389984,0.2274,-0.00126942,0.624859,0.358643,0.682216,0.306362,nan,nan,nan,nan,nan,nan,nan,nan
6.00575,0.978077,0.0431369,-0.923739,-0.0744898,-0.105077,-0.072854,-0.0469605,-0.0286168,0.0994602,0.0927732,-0.0428496,-0.111839,nan,nan,nan,nan,nan,nan,nan,nan,nan,nan,nan,nan,nan,nan,nan,0.0705629,-0.0308668,-0.27061,0,0,-0.49302,1,0,-1,0.00411166,StepApplied,,nan,nan,nan,nan,0,0,0,0,0,-0.49239,0.0514029,0.228713,-8.91257e-05,0.617566,0.367036,0.690107,0.294852,nan,nan,nan,nan,nan,nan,nan,nan
6.01776,0.977749,0.043004,-0.924239,-0.0746421,-0.103464,-0.0771204,-0.046207,-0.0289121,0.0985307,0.0790755,-0.0269959,-0.100802,nan,nan,nan,nan,nan,nan,nan,nan,nan,nan,nan,nan,nan,nan,nan,0.0968337,-0.0209062,-0.263605,0,0,-0.491528,1,0,-1,0.00411166,StepApplied,,nan,nan,nan,nan,0,0,0,0,0,-0.492438,0.054208,0.220544,0.000888259,0.610831,0.375821,0.685387,0.297713,nan,nan,nan,nan,nan,nan,nan,nan
6.0253,0.977397,0.042895,-0.924774,-0.0749875,-0.101872,-0.0730206,-0.045575,-0.0289924,0.0976298,0.065678,-0.00331538,-0.0966007,nan,nan,nan,nan,nan,nan,nan,nan,nan,nan,nan,nan,nan,nan,nan,0.0968337,-0.0209062,-0.263605,0,0,-0.491528,1,0,-1,0.00411166,StepApplied,,nan,nan,nan,nan,0,0,0,0,0,-0.492261,0.0381115,0.225737,0.00203107,0.62685,0.361733,0.676357,0.304104,nan,nan,nan,nan,nan,nan,nan,nan
6.0387,0.977043,0.0427549,-0.925309,-0.0746079,-0.10282,-0.073987,-0.0449313,-0.0290406,0.0966785,0.0665026,0.000426186,-0.101612,nan,nan,nan,nan,nan,nan,nan,nan,nan,nan,nan,nan,nan,nan,nan,0.0840179,-0.0213168,-0.257948,0,0,-0.491961,1,0,-1,0.00411166,StepApplied,,nan,nan,nan,nan,0,0,0,0,0,-0.491961,0.0499265,0.22607,0.00313607,0.619535,0.370657,0.683541,0.294109,nan,nan,nan,nan,nan,nan,nan,nan
6.04665,0.976693,0.0425791,-0.925847,-0.0758609,-0.102772,-0.0740721,-0.0442646,-0.0290529,0.0956673,0.0695987,0.00465007,-0.109263,nan,nan,nan,nan,nan,nan,nan,nan,nan,nan,nan,nan,nan,nan,nan,0.0840179,-0.0213168,-0.257948,0,0,-0.491961,1,0,-1,0.00411166,StepApplied,,nan,nan,nan,nan,0,0,0,0,0,-0.491863,0.0486745,0.222904,0.00407937,0.619027,0.372856,0.679379,0.296191,nan,nan,nan,nan,nan,nan,nan,nan
6.05603,0.975867,0.0420361,-0.927056,-0.0772493,-0.107554,-0.0784921,-0.0425666,-0.0296714,0.0934145,0.0907008,-0.0371513,-0.129862,nan,nan,nan,nan,nan,nan,nan,nan,nan,nan,nan,nan,nan,nan,nan,0.0761793,-0.0141113,-0.250293,0,0,-0.491129,1,0,-1,0.00411166,StepApplied,,nan,nan,nan,nan,0,0,0,0,0,-0.491863,0.0486745,0.222904,0.00407937,0.619027,0.372856,0.679379,0.296191,nan,nan,nan,nan,nan,nan,nan,nan
6.0637,0.97548,0.0418184,-0.927618,-0.0751069,-0.106784,-0.0789498,-0.0415541,-0.030025,0.092237,0.107239,-0.0329058,-0.129081,nan,nan,nan,nan,nan,nan,nan,nan,nan,nan,nan,nan,nan,nan,nan,0.0761793,-0.0141113,-0.250293,0,0,-0.491129,1,0,-1,0.00411166,StepApplied,,nan,nan,nan,nan,0,0,0,0,0,-0.491129,0.0488457,0.228532,0.00526058,0.623332,0.369444,0.681563,0.290176,nan,nan,nan,nan,nan,nan,nan,nan
6.07794,0.975092,0.041572,-0.928184,-0.0771897,-0.112202,-0.0770848,-0.0407991,-0.030269,0.0910273,0.0780433,-0.0205937,-0.131503,nan,nan,nan,nan,nan,nan,nan,nan,nan,nan,nan,nan,nan,nan,nan,0.0775909,-0.0223603,-0.243737,0,0,-0.490518,1,0,-1,0.00411166,StepApplied,,nan,nan,nan,nan,0,0,0,0,0,-0.490518,0.0431636,0.229845,0.00780998,0.630217,0.366437,0.675315,0.290106,nan,nan,nan,nan,nan,nan,nan,nan
6.08583,0.974724,0.0413731,-0.928778,-0.076537,-0.0984033,-0.0777542,-0.0401267,-0.0305578,0.0898827,0.0698485,-0.0262204,-0.125895,nan,nan,nan,nan,nan,nan,nan,nan,nan,nan,nan,nan,nan,nan,nan,0.0775909,-0.0223603,-0.243737,0,0,-0.490518,1,0,-1,0.00411166,StepApplied,,nan,nan,nan,nan,0,0,0,0,0,-0.490773,0.0511073,0.223608,0.00914017,0.621773,0.378049,0.675449,0.287822,nan,nan,nan,nan,nan,nan,nan,nan
6.09852,0.974345,0.0411594,-0.929375,-0.0681559,-0.100165,-0.0781296,-0.039541,-0.0306038,0.0887183,0.0597848,0.000909764,-0.126474,nan,nan,nan,nan,nan,nan,nan,nan,nan,nan,nan,nan,nan,nan,nan,0.0512844,0.000869778,-0.235001,0,0,-0.490282,1,0,-1,0.00411166,StepApplied,,nan,nan,nan,nan,0,0,0,0,0,-0.490619,0.0386058,0.222404,0.0104301,0.630897,0.371196,0.664314,0.296068,nan,nan,nan,nan,nan,nan,nan,nan
6.10618,0.97413,0.0410868,-0.929887,-0.0741744,-0.0988933,-0.0737696,-0.0389189,-0.0306881,0.0875171,0.0637558,-0.00329234,-0.130828,nan,nan,nan,nan,nan,nan,nan,nan,nan,nan,nan,nan,nan,nan,nan,0.0512844,0.000869778,-0.235001,0,0,-0.490282,1,0,-1,0.00411166,StepApplied,,nan,nan,nan,nan,0,0,0,0,0,-0.490282,0.0484413,0.231437,0.0114422,0.631005,0.372438,0.676305,0.281379,nan,nan,nan,nan,nan,nan,nan,nan
6.11871,0.9739,0.0410193,-0.930429,-0.0695364,-0.0903274,-0.0811362,-0.0385309,-0.0309009,0.0862845,0.0371148,-0.01724,-0.133924,nan,nan,nan,nan,nan,nan,nan,nan,nan,nan,nan,nan,nan,nan,nan,0.0216648,-0.00512999,-0.228399,0,0,-0.489585,1,0,-1,0.00411166,StepApplied,,nan,nan,nan,nan,0,0,0,0,0,-0.489585,0.0337998,0.22564,0.0126083,0.637727,0.366654,0.659993,0.293966,nan,nan,nan,nan,nan,nan,nan,nan
6.12625,0.973653,0.0409623,-0.930985,-0.0689507,-0.0852987,-0.0813862,-0.0378149,-0.0307874,0.0851198,0.0735413,0.0185935,-0.124452,nan,nan,nan,nan,nan,nan,nan,nan,nan,nan,nan,nan,nan,nan,nan,0.0216648,-0.00512999,-0.228399,0,0,-0.489585,1,0,-1,0.00411166,StepApplied,,nan,nan,nan,nan,0,0,0,0,0,-0.489452,0.0420787,0.218703,0.0136556,0.627882,0.378327,0.659765,0.291835,nan,nan,nan,nan,nan,nan,nan,nan
6.13578,0.973427,0.0409197,-0.931559,-0.069255,-0.0942287,-0.0845491,-0.0371064,-0.0309281,0.083874,0.0732294,-0.00941197,-0.13597,nan,nan,nan,nan,nan,nan,nan,nan,nan,nan,nan,nan,nan,nan,nan,0.0433801,-0.0121267,-0.2219,0,0,-0.488601,1,0,-1,0.00411166,StepApplied,,nan,nan,nan,nan,0,0,0,0,0,-0.488601,0.0454021,0.217419,0.0145391,0.627882,0.378327,0.659765,0.291835,nan,nan,nan,nan,nan,nan,nan,nan
6.14267,0.972917,0.0407299,-0.932759,-0.0620962,-0.0948306,-0.0846408,-0.0362194,-0.0310134,0.0813962,0.0242942,0.00897074,-0.129759,nan,nan,nan,nan,nan,nan,nan,nan,nan,nan,nan,nan,nan,nan,nan,0.0433801,-0.0121267,-0.2219,0,0,-0.488601,1,0,-1,0.00411166,StepApplied,,nan,nan,nan,nan,0,0,0,0,0,-0.488601,0.0454021,0.217419,0.0145391,0.624656,0.381617,0.659474,0.288656,nan,nan,nan,nan,nan,nan,nan,nan
6.15473,0.972671,0.0406265,-0.933398,-0.0688605,-0.0892729,-0.0826744,-0.0359422,-0.0307825,0.0801223,0.0248349,0.0318443,-0.137163,nan,nan,nan,nan,nan,nan,nan,nan,nan,nan,nan,nan,nan,nan,nan,0.0443539,0.00511972,-0.212684,0,0,-0.488229,1,0,-1,0.00411166,StepApplied,,nan,nan,nan,nan,0,0,0,0,0,-0.488182,0.0437217,0.22518,0.0156324,0.632006,0.375615,0.662259,0.282846,nan,nan,nan,nan,nan,nan,nan,nan
6.16261,0.972399,0.0405074,-0.934041,-0.0670272,-0.084029,-0.0840616,-0.0358173,-0.0307532,0.078839,0.00786601,0.0093422,-0.138408,nan,nan,nan,nan,nan,nan,nan,nan,nan,nan,nan,nan,nan,nan,nan,0.0443539,0.00511972,-0.212684,0,0,-0.488229,1,0,-1,0.00411166,StepApplied,,nan,nan,nan,nan,0,0,0,0,0,-0.488229,0.0448279,0.227064,0.0166054,0.633576,0.376085,0.663448,0.279807,nan,nan,nan,nan,nan,nan,nan,nan
6.17793,0.972116,0.0403721,-0.934695,-0.0668246,-0.084471,-0.0870424,-0.035486,-0.0305556,0.0774659,0.0307896,0.0285751,-0.149302,nan,nan,nan,nan,nan,nan,nan,nan,nan,nan,nan,nan,nan,nan,nan,0.013051,-0.0142096,-0.205696,0,0,-0.488234,1,0,-1,0.00411166,StepApplied,,nan,nan,nan,nan,0,0,0,0,0,-0.488234,0.0411128,0.222574,0.0189658,0.635392,0.378999,0.655293,0.283252,nan,nan,nan,nan,nan,nan,nan,nan
6.18564,0.971708,0.0400612,-0.935516,-0.0696014,-0.0925106,-0.089415,-0.0353339,-0.0306702,0.0760763,0.0106834,-0.00630932,-0.151721,nan,nan,nan,nan,nan,nan,nan,nan,nan,nan,nan,nan,nan,nan,nan,0.013051,-0.0142096,-0.205696,0,0,-0.488234,1,0,-1,0.00411166,StepApplied,,nan,nan,nan,nan,0,0,0,0,0,-0.487478,0.0439244,0.226474,0.0202191,0.636659,0.378727,0.65803,0.276498,nan,nan,nan,nan,nan,nan,nan,nan
6.19475,0.971432,0.0399019,-0.936202,-0.0642188,-0.0968846,-0.0924544,-0.034872,-0.0305589,0.0746688,0.045171,0.0188246,-0.15293,nan,nan,nan,nan,nan,nan,nan,nan,nan,nan,nan,nan,nan,nan,nan,0.0577794,-0.0116487,-0.19582,0,0,-0.485926,1,0,-1,0.00411166,StepApplied,,nan,nan,nan,nan,0,0,0,0,0,-0.487478,0.0439244,0.226474,0.0202191,0.636659,0.378727,0.65803,0.276498,nan,nan,nan,nan,nan,nan,nan,nan
6.20487,0.97129,0.0399455,-0.936848,-0.062207,-0.0995878,-0.0942882,-0.034648,-0.030622,0.0731939,0.0184986,-0.000406356,-0.161199,nan,nan,nan,nan,nan,nan,nan,nan,nan,nan,nan,nan,nan,nan,nan,0.0577794,-0.0116487,-0.19582,0,0,-0.485926,1,0,-1,0.00411166,StepApplied,,nan,nan,nan,nan,0,0,0,0,0,-0.485385,0.0522707,0.216978,0.0225699,0.624299,0.3916,0.652779,0.272862,nan,nan,nan,nan,nan,nan,nan,nan
6.218,0.971135,0.0400118,-0.937535,-0.0673778,-0.0928847,-0.0896056,-0.0343947,-0.0305099,0.0718283,0.0215395,0.0188037,-0.146666,nan,nan,nan,nan,nan,nan,nan,nan,nan,nan,nan,nan,nan,nan,nan,0.036361,-0.0270238,-0.188254,0,0,-0.486286,1,0,-1,0.00411166,StepApplied,,nan,nan,nan,nan,0,0,0,0,0,-0.486286,0.0437466,0.222481,0.0237699,0.636318,0.383783,0.650342,0.274702,nan,nan,nan,nan,nan,nan,nan,nan
6.22326,0.970823,0.0401302,-0.938949,-0.0674058,-0.0855787,-0.0950048,-0.0341532,-0.0299757,0.0690741,0.0125171,0.0411921,-0.150632,nan,nan,nan,nan,nan,nan,nan,nan,nan,nan,nan,nan,nan,nan,nan,0.036361,-0.0270238,-0.188254,0,0,-0.486286,1,0,-1,0.00411166,StepApplied,,nan,nan,nan,nan,0,0,0,0,0,-0.486286,0.0437466,0.222481,0.0237699,0.636318,0.383783,0.650342,0.274702,nan,nan,nan,nan,nan,nan,nan,nan
6.23532,0.970654,0.0401784,-0.939683,-0.0634057,-0.0864894,-0.0970929,-0.0338018,-0.0296093,0.0676408,0.0326011,0.0473048,-0.154308,nan,nan,nan,nan,nan,nan,nan,nan,nan,nan,nan,nan,nan,nan,nan,0.013642,-0.0277854,-0.178456,0,0,-0.48495,1,0,-1,0.00411166,StepApplied,,nan,nan,nan,nan,0,0,0,0,0,-0.485795,0.0485276,0.218623,0.0248893,0.630837,0.390519,0.649386,0.272437,nan,nan,nan,nan,nan,nan,nan,nan
6.24569,0.970494,0.0402273,-0.94044,-0.0640116,-0.0791266,-0.104799,-0.0330239,-0.0295285,0.0661777,0.0800743,0.0155168,-0.158793,nan,nan,nan,nan,nan,nan,nan,nan,nan,nan,nan,nan,nan,nan,nan,0.013642,-0.0277854,-0.178456,0,0,-0.48495,1,0,-1,0.00411166,StepApplied,,nan,nan,nan,nan,0,0,0,0,0,-0.484284,0.0302683,0.221412,0.026987,0.646308,0.376223,0.63484,0.279767,nan,nan,nan,nan,nan,nan,nan,nan
6.25847,0.970318,0.0402964,-0.941224,-0.0692421,-0.0833101,-0.0993607,-0.0321763,-0.0295896,0.0647315,0.0874719,-0.000487721,-0.156726,nan,nan,nan,nan,nan,nan,nan,nan,nan,nan,nan,nan,nan,nan,nan,-0.0046434,-0.0193862,-0.170157,0,0,-0.48266,1,0,-1,0.00411166,StepApplied,,nan,nan,nan,nan,0,0,0,0,0,-0.48266,0.0278748,0.225223,0.0280341,0.650118,0.371258,0.633172,0.276094,nan,nan,nan,nan,nan,nan,nan,nan
6.26621,0.97013,0.040325,-0.941988,-0.0670646,-0.0892914,-0.100179,-0.0316512,-0.0295992,0.0633356,0.0524952,0.00496606,-0.152622,nan,nan,nan,nan,nan,nan,nan,nan,nan,nan,nan,nan,nan,nan,nan,-0.0046434,-0.0193862,-0.170157,0,0,-0.48266,1,0,-1,0.00411166,StepApplied,,nan,nan,nan,nan,0,0,0,0,0,-0.483557,0.0396828,0.223855,0.0289749,0.642637,0.382412,0.64051,0.268668,nan,nan,nan,nan,nan,nan,nan,nan
6.27822,0.96995,0.040347,-0.942788,-0.0599012,-0.0846357,-0.106015,-0.0313075,-0.029735,0.0618922,0.0318851,-0.00904913,-0.157649,nan,nan,nan,nan,nan,nan,nan,nan,nan,nan,nan,nan,nan,nan,nan,0.0159077,-0.00855305,-0.160231,0,0,-0.481709,1,0,-1,0.00411166,StepApplied,,nan,nan,nan,nan,0,0,0,0,0,-0.48311,0.0481096,0.219688,0.0301204,0.63443,0.392016,0.641932,0.264061,nan,nan,nan,nan,nan,nan,nan,nan
6.2858,0.969767,0.0404007,-0.943573,-0.0607851,-0.0842108,-0.0955229,-0.0309081,-0.0297309,0.0605911,0.0385804,0.0059585,-0.141416,nan,nan,nan,nan,nan,nan,nan,nan,nan,nan,nan,nan,nan,nan,nan,0.0159077,-0.00855305,-0.160231,0,0,-0.481709,1,0,-1,0.00411166,StepApplied,,nan,nan,nan,nan,0,0,0,0,0,-0.483613,0.0411299,0.230633,0.0311925,0.64868,0.380916,0.644163,0.260692,nan,nan,nan,nan,nan,nan,nan,nan
6.29726,0.969582,0.0404182,-0.944352,-0.0644416,-0.0755713,-0.0947594,-0.0306948,-0.0298025,0.0591781,0.0175284,-0.00215795,-0.154242,nan,nan,nan,nan,nan,nan,nan,nan,nan,nan,nan,nan,nan,nan,nan,-0.0124306,-0.025177,-0.152514,0,0,-0.483718,1,0,-1,0.00411166,StepApplied,,nan,nan,nan,nan,0,0,0,0,0,-0.483718,0.0426541,0.230168,0.032071,0.648256,0.383307,0.644139,0.25917,nan,nan,nan,nan,nan,nan,nan,nan
6.30547,0.969416,0.0405846,-0.945282,-0.0609463,-0.0663496,-0.104157,-0.0305649,-0.0298066,0.0578038,0.00837328,0.00514377,-0.149041,nan,nan,nan,nan,nan,nan,nan,nan,nan,nan,nan,nan,nan,nan,nan,-0.0124306,-0.025177,-0.152514,0,0,-0.483718,1,0,-1,0.00411166,StepApplied,,nan,nan,nan,nan,0,0,0,0,0,-0.483718,0.0478723,0.222226,0.0329415,0.639821,0.393483,0.641346,0.260223,nan,nan,nan,nan,nan,nan,nan,nan
6.31623,0.96924,0.0410979,-0.946829,-0.0633383,-0.0760953,-0.10187,-0.0296985,-0.0302029,0.0550858,0.0433957,-0.0142871,-0.146055,nan,nan,nan,nan,nan,nan,nan,nan,nan,nan,nan,nan,nan,nan,nan,0.00456796,-0.023911,-0.143171,0,0,-0.481446,1,0,-1,0.00411166,StepApplied,,nan,nan,nan,nan,0,0,0,0,0,-0.483718,0.0478723,0.222226,0.0329415,0.639821,0.393483,0.641346,0.260223,nan,nan,nan,nan,nan,nan,nan,nan
6.32326,0.96914,0.0413557,-0.947626,-0.0633113,-0.0673901,-0.100959,-0.0293546,-0.030395,0.053854,0.0322709,-0.0162029,-0.133944,nan,nan,nan,nan,nan,nan,nan,nan,nan,nan,nan,nan,nan,nan,nan,0.00456796,-0.023911,-0.143171,0,0,-0.481446,1,0,-1,0.00411166,StepApplied,,nan,nan,nan,nan,0,0,0,0,0,-0.481446,0.0387797,0.221647,0.0336581,0.644286,0.385907,0.631521,0.264071,nan,nan,nan,nan,nan,nan,nan,nan
6.33712,0.969039,0.041631,-0.948433,-0.059962,-0.0639674,-0.0994872,-0.0290644,-0.0304184,0.052746,0.0267444,0.002116,-0.119739,nan,nan,nan,nan,nan,nan,nan,nan,nan,nan,nan,nan,nan,nan,nan,-0.0248998,-0.0233788,-0.136682,0,0,-0.481703,1,0,-1,0.00411166,StepApplied,,nan,nan,nan,nan,0,0,0,0,0,-0.481703,0.0305564,0.220045,0.0348371,0.650403,0.382661,0.623652,0.270096,nan,nan,nan,nan,nan,nan,nan,nan
6.34494,0.968907,0.0418788,-0.949233,-0.0627951,-0.0597419,-0.0997312,-0.0286709,-0.0304214,0.0515251,0.0377062,0.00465033,-0.131621,nan,nan,nan,nan,nan,nan,nan,nan,nan,nan,nan,nan,nan,nan,nan,-0.0248998,-0.0233788,-0.136682,0,0,-0.481703,1,0,-1,0.00411166,StepApplied,,nan,nan,nan,nan,0,0,0,0,0,-0.481768,0.0346421,0.223023,0.0353796,0.650226,0.384052,0.628168,0.264625,nan,nan,nan,nan,nan,nan,nan,nan
6.35587,0.968761,0.0421119,-0.950057,-0.0612298,-0.0586868,-0.101765,-0.0284484,-0.0302694,0.0503078,0.0190062,0.0219622,-0.132189,nan,nan,nan,nan,nan,nan,nan,nan,nan,nan,nan,nan,nan,nan,nan,-0.03849,-0.0244249,-0.129907,0,0,-0.481593,1,0,-1,0.00411166,StepApplied,,nan,nan,nan,nan,0,0,0,0,0,-0.481593,0.0299462,0.219163,0.035857,0.650226,0.384052,0.628168,0.264625,nan,nan,nan,nan,nan,nan,nan,nan
6.36524,0.968626,0.0423897,-0.950891,-0.0623075,-0.0523842,-0.107321,-0.027884,-0.0302349,0.0491607,0.0572768,0.00846174,-0.124164,nan,nan,nan,nan,nan,nan,nan,nan,nan,nan,nan,nan,nan,nan,nan,-0.03849,-0.0244249,-0.129907,0,0,-0.481593,1,0,-1,0.00411166,StepApplied,,nan,nan,nan,nan,0,0,0,0,0,-0.480948,0.0285814,0.223908,0.0362836,0.655222,0.379224,0.622785,0.26656,nan,nan,nan,nan,nan,nan,nan,nan
6.37736,0.968354,0.0428842,-0.952553,-0.0568322,-0.0562416,-0.104274,-0.0268809,-0.0305877,0.0469421,0.0399558,-0.0112509,-0.112851,nan,nan,nan,nan,nan,nan,nan,nan,nan,nan,nan,nan,nan,nan,nan,-0.0196784,-0.0238155,-0.122138,0,0,-0.479598,1,0,-1,0.00411166,StepApplied,,nan,nan,nan,nan,0,0,0,0,0,-0.480948,0.0285814,0.223908,0.0362836,0.655222,0.379224,0.622785,0.26656,nan,nan,nan,nan,nan,nan,nan,nan
6.38644,0.96821,0.0431414,-0.953374,-0.055826,-0.053357,-0.100275,-0.0267725,-0.0306436,0.0460871,0.00753637,-0.00271297,-0.0917245,nan,nan,nan,nan,nan,nan,nan,nan,nan,nan,nan,nan,nan,nan,nan,-0.0196784,-0.0238155,-0.122138,0,0,-0.479598,1,0,-1,0.00411166,StepApplied,,nan,nan,nan,nan,0,0,0,0,0,-0.479729,0.0382438,0.224936,0.0368225,0.648437,0.384649,0.628588,0.257243,nan,nan,nan,nan,nan,nan,nan,nan
6.39796,0.968064,0.043408,-0.954211,-0.0555057,-0.0507626,-0.097865,-0.0264752,-0.0305595,0.0451884,0.0286505,0.0130132,-0.0972602,nan,nan,nan,nan,nan,nan,nan,nan,nan,nan,nan,nan,nan,nan,nan,-0.0386801,-0.00764005,-0.11605,0,0,-0.48033,1,0,-1,0.00411166,StepApplied,,nan,nan,nan,nan,0,0,0,0,0,-0.48033,0.0247419,0.22949,0.0368872,0.661869,0.372547,0.622795,0.264107,nan,nan,nan,nan,nan,nan,nan,nan
6.40278,0.968033,0.0438665,-0.954977,-0.0604819,-0.0474794,-0.0983686,-0.0262228,-0.0304884,0.0442054,0.0232685,0.0116784,-0.106294,nan,nan,nan,nan,nan,nan,nan,nan,nan,nan,nan,nan,nan,nan,nan,-0.0386801,-0.00764005,-0.11605,0,0,-0.48033,1,0,-1,0.00411166,StepApplied,,nan,nan,nan,nan,0,0,0,0,0,-0.48033,0.0247419,0.22949,0.0368872,0.661869,0.372547,0.622795,0.264107,nan,nan,nan,nan,nan,nan,nan,nan
6.41516,0.968011,0.044327,-0.955749,-0.055798,-0.0405668,-0.0987503,-0.0259292,-0.0305845,0.0432494,0.0275053,-0.00677891,-0.103108,nan,nan,nan,nan,nan,nan,nan,nan,nan,nan,nan,nan,nan,nan,nan,-0.0519898,-0.027032,-0.110188,0,0,-0.480421,1,0,-1,0.00411166,StepApplied,,nan,nan,nan,nan,0,0,0,0,0,-0.480618,0.0324498,0.221075,0.036911,0.65078,0.38426,0.622562,0.264869,nan,nan,nan,nan,nan,nan,nan,nan
6.42517,0.967865,0.0447196,-0.956633,-0.0528226,-0.0432494,-0.0963956,-0.025442,-0.0306033,0.0422859,0.0490858,0.00177975,-0.10383,nan,nan,nan,nan,nan,nan,nan,nan,nan,nan,nan,nan,nan,nan,nan,-0.0519898,-0.027032,-0.110188,0,0,-0.480421,1,0,-1,0.00411166,StepApplied,,nan,nan,nan,nan,0,0,0,0,0,-0.480154,0.0220013,0.221008,0.0370084,0.657755,0.376553,0.614565,0.271743,nan,nan,nan,nan,nan,nan,nan,nan
6.43829,0.967814,0.0451539,-0.957382,-0.0557579,-0.041499,-0.092596,-0.0248451,-0.0306115,0.0414186,0.0613447,0.00258862,-0.0926899,nan,nan,nan,nan,nan,nan,nan,nan,nan,nan,nan,nan,nan,nan,nan,-0.0560568,-0.00552951,-0.104591,0,0,-0.480297,1,0,-1,0.00411166,StepApplied,,nan,nan,nan,nan,0,0,0,0,0,-0.480297,0.0251616,0.219706,0.0371316,0.654865,0.379974,0.615899,0.270449,nan,nan,nan,nan,nan,nan,nan,nan
6.44593,0.967777,0.045648,-0.95814,-0.055075,-0.0317136,-0.0900224,-0.024694,-0.0303494,0.0406338,0.0124232,0.0325761,-0.0837741,nan,nan,nan,nan,nan,nan,nan,nan,nan,nan,nan,nan,nan,nan,nan,-0.0560568,-0.00552951,-0.104591,0,0,-0.480297,1,0,-1,0.00411166,StepApplied,,nan,nan,nan,nan,0,0,0,0,0,-0.480908,0.0313545,0.216851,0.0371603,0.649108,0.387012,0.618843,0.268671,nan,nan,nan,nan,nan,nan,nan,nan
6.45769,0.967714,0.046083,-0.958872,-0.0565181,-0.0304991,-0.0866667,-0.0243775,-0.0299855,0.0398977,0.03101,0.0435639,-0.0777615,nan,nan,nan,nan,nan,nan,nan,nan,nan,nan,nan,nan,nan,nan,nan,-0.0819888,-0.0236811,-0.0991653,0,0,-0.481822,1,0,-1,0.00411166,StepApplied,,nan,nan,nan,nan,0,0,0,0,0,-0.481344,0.0202003,0.216617,0.0371005,0.657204,0.379666,0.611285,0.277219,nan,nan,nan,nan,nan,nan,nan,nan
6.46569,0.967628,0.046496,-0.959598,-0.0487357,-0.0225875,-0.091351,-0.0241438,-0.0295474,0.0390309,0.0214268,0.0521146,-0.0921849,nan,nan,nan,nan,nan,nan,nan,nan,nan,nan,nan,nan,nan,nan,nan,-0.0819888,-0.0236811,-0.0991653,0,0,-0.481822,1,0,-1,0.00411166,StepApplied,,nan,nan,nan,nan,0,0,0,0,0,-0.480706,0.0275328,0.219239,0.0370882,0.653224,0.382348,0.617698,0.269555,nan,nan,nan,nan,nan,nan,nan,nan
6.47856,0.967565,0.047009,-0.960338,-0.050604,-0.0189358,-0.0907682,-0.0239329,-0.0291973,0.0382488,0.0192336,0.0420533,-0.0830995,nan,nan,nan,nan,nan,nan,nan,nan,nan,nan,nan,nan,nan,nan,nan,-0.100248,-0.0121806,-0.0948201,0,0,-0.480679,1,0,-1,0.00411166,StepApplied,,nan,nan,nan,nan,0,0,0,0,0,-0.480679,0.0396263,0.212911,0.0370673,0.64015,0.395325,0.621771,0.26547,nan,nan,nan,nan,nan,nan,nan,nan
6.48655,0.967486,0.0474772,-0.961056,-0.0563862,-0.0331076,-0.0880523,-0.0237673,-0.0289419,0.0374051,0.0139894,0.031459,-0.0898336,nan,nan,nan,nan,nan,nan,nan,nan,nan,nan,nan,nan,nan,nan,nan,-0.100248,-0.0121806,-0.0948201,0,0,-0.480679,1,0,-1,0.00411166,StepApplied,,nan,nan,nan,nan,0,0,0,0,0,-0.480861,0.0363777,0.204512,0.0370817,0.636705,0.399164,0.613706,0.273871,nan,nan,nan,nan,nan,nan,nan,nan
6.49584,0.96755,0.0487727,-0.962308,-0.0460265,-0.0179462,-0.0824671,-0.024063,-0.0282806,0.0361116,-0.041238,0.048819,-0.0639065,nan,nan,nan,nan,nan,nan,nan,nan,nan,nan,nan,nan,nan,nan,nan,-0.0799826,-0.0113481,-0.0898933,0,0,-0.480242,1,0,-1,0.00411166,StepApplied,,nan,nan,nan,nan,0,0,0,0,0,-0.480861,0.0363777,0.204512,0.0370817,0.636705,0.399164,0.613706,0.273871,nan,nan,nan,nan,nan,nan,nan,nan
6.5009,0.96756,0.0494035,-0.962907,-0.0465,-0.0113398,-0.077654,-0.0243807,-0.0277138,0.0355259,-0.0390866,0.0657845,-0.0604274,nan,nan,nan,nan,nan,nan,nan,nan,nan,nan,nan,nan,nan,nan,nan,-0.0799826,-0.0113481,-0.0898933,0,0,-0.480242,1,0,-1,0.00411166,StepApplied,,nan,nan,nan,nan,0,0,0,0,0,-0.480242,0.0300966,0.220449,0.0369852,0.651701,0.382737,0.620006,0.266525,nan,nan,nan,nan,nan,nan,nan,nan
6.51675,0.967564,0.0500543,-0.963483,-0.0460122,-0.0121905,-0.0767801,-0.0247738,-0.0275689,0.034864,-0.0476281,0.0190102,-0.0701292,nan,nan,nan,nan,nan,nan,nan,nan,nan,nan,nan,nan,nan,nan,nan,-0.101781,-0.0150409,-0.0865403,0,0,-0.482603,1,0,-1,0.00411166,StepApplied,,nan,nan,nan,nan,0,0,0,0,0,-0.482603,0.0357248,0.220435,0.0365831,0.64967,0.388686,0.626737,0.26532,nan,nan,nan,nan,nan,nan,nan,nan
6.52492,0.967583,0.0507192,-0.964051,-0.0481703,-0.00688441,-0.0782042,-0.0250087,-0.0273096,0.0341944,-0.0298307,0.0315929,-0.070402,nan,nan,nan,nan,nan,nan,nan,nan,nan,nan,nan,nan,nan,nan,nan,-0.101781,-0.0150409,-0.0865403,0,0,-0.482603,1,0,-1,0.00411166,StepApplied,,nan,nan,nan,nan,0,0,0,0,0,-0.482571,0.0322138,0.219249,0.0365104,0.651209,0.386938,0.623456,0.268683,nan,nan,nan,nan,nan,nan,nan,nan
6.53858,0.967595,0.0513716,-0.964588,-0.0516221,-0.0163059,-0.0746374,-0.0252889,-0.0274519,0.0335362,-0.035136,-0.013056,-0.0710608,nan,nan,nan,nan,nan,nan,nan,nan,nan,nan,nan,nan,nan,nan,nan,-0.0629465,-0.0378113,-0.0825155,0,0,-0.48266,1,0,-1,0.00411166,StepApplied,,nan,nan,nan,nan,0,0,0,0,0,-0.482237,0.0399332,0.224112,0.0364607,0.648805,0.388574,0.632068,0.259502,nan,nan,nan,nan,nan,nan,nan,nan
6.54612,0.967523,0.0520392,-0.965185,-0.0448202,-0.00098964,-0.0668625,-0.0255757,-0.0274255,0.0329024,-0.0355657,0.00570795,-0.0675964,nan,nan,nan,nan,nan,nan,nan,nan,nan,nan,nan,nan,nan,nan,nan,-0.0629465,-0.0378113,-0.0825155,0,0,-0.48266,1,0,-1,0.00411166,StepApplied,,nan,nan,nan,nan,0,0,0,0,0,-0.48266,0.0406577,0.213465,0.0364352,0.641161,0.397011,0.625503,0.266963,nan,nan,nan,nan,nan,nan,nan,nan
6.5569,0.96752,0.05271,-0.965694,-0.042852,-4.083e-05,-0.0645753,-0.0260514,-0.0273279,0.0324235,-0.056085,0.0132034,-0.050249,nan,nan,nan,nan,nan,nan,nan,nan,nan,nan,nan,nan,nan,nan,nan,-0.101626,-0.0116749,-0.0784961,0,0,-0.48449,1,0,-1,0.00411166,StepApplied,,nan,nan,nan,nan,0,0,0,0,0,-0.48449,0.0265632,0.230897,0.0363771,0.665226,0.376491,0.629744,0.266499,nan,nan,nan,nan,nan,nan,nan,nan
6.56463,0.967512,0.0533391,-0.966179,-0.0469203,-0.001324,-0.0597622,-0.0264612,-0.0272912,0.0318383,-0.049025,0.00671939,-0.0623253,nan,nan,nan,nan,nan,nan,nan,nan,nan,nan,nan,nan,nan,nan,nan,-0.101626,-0.0116749,-0.0784961,0,0,-0.48449,1,0,-1,0.00411166,StepApplied,,nan,nan,nan,nan,0,0,0,0,0,-0.485322,0.0299281,0.221139,0.0363429,0.656743,0.386569,0.626092,0.271883,nan,nan,nan,nan,nan,nan,nan,nan
6.57694,0.967504,0.0539887,-0.966657,-0.0462709,0.00886928,-0.0627774,-0.0267132,-0.0272544,0.031275,-0.0311704,0.00662938,-0.0596424,nan,nan,nan,nan,nan,nan,nan,nan,nan,nan,nan,nan,nan,nan,nan,-0.116111,-0.0235881,-0.075858,0,0,-0.484763,1,0,-1,0.00411166,StepApplied,,nan,nan,nan,nan,0,0,0,0,0,-0.484763,0.0353165,0.225342,0.0363209,0.655324,0.386826,0.632336,0.264565,nan,nan,nan,nan,nan,nan,nan,nan
6.58194,0.967457,0.05531,-0.967545,-0.0420566,0.000218866,-0.0627613,-0.0269973,-0.027932,0.030082,-0.0153086,-0.0339817,-0.0658859,nan,nan,nan,nan,nan,nan,nan,nan,nan,nan,nan,nan,nan,nan,nan,-0.116111,-0.0235881,-0.075858,0,0,-0.484763,1,0,-1,0.00411166,StepApplied,,nan,nan,nan,nan,0,0,0,0,0,-0.484763,0.0353165,0.225342,0.0363209,0.655324,0.386826,0.632336,0.264565,nan,nan,nan,nan,nan,nan,nan,nan
6.59522,0.967532,0.0561449,-0.967891,-0.0388977,0.00775363,-0.0545887,-0.0272774,-0.0282656,0.0296595,-0.0339605,-0.0350423,-0.0456519,nan,nan,nan,nan,nan,nan,nan,nan,nan,nan,nan,nan,nan,nan,nan,-0.0768109,-0.0133589,-0.0719045,0,0,-0.484274,1,0,-1,0.00411166,StepApplied,,nan,nan,nan,nan,0,0,0,0,0,-0.483936,0.0313135,0.226204,0.0363635,0.657981,0.382601,0.629246,0.265915,nan,nan,nan,nan,nan,nan,nan,nan
6.60374,0.967617,0.0570021,-0.968233,-0.0435172,0.00709901,-0.0487356,-0.0275284,-0.0282845,0.0291704,-0.0312774,0.00043545,-0.0517244,nan,nan,nan,nan,nan,nan,nan,nan,nan,nan,nan,nan,nan,nan,nan,-0.0768109,-0.0133589,-0.0719045,0,0,-0.484274,1,0,-1,0.00411166,StepApplied,,nan,nan,nan,nan,0,0,0,0,0,-0.485897,0.0258226,0.222999,0.0363687,0.666133,0.375206,0.6256,0.270158,nan,nan,nan,nan,nan,nan,nan,nan
6.6178,0.967658,0.0579536,-0.968577,-0.0431024,0.029129,-0.0495023,-0.0278733,-0.0284873,0.0286304,-0.0416425,-0.0197912,-0.0577389,nan,nan,nan,nan,nan,nan,nan,nan,nan,nan,nan,nan,nan,nan,nan,-0.0901668,-0.0216619,-0.0692749,0,0,-0.486999,1,0,-1,0.00411166,StepApplied,,nan,nan,nan,nan,0,0,0,0,0,-0.486999,0.0284793,0.227534,0.0363447,0.663969,0.382701,0.631262,0.270064,nan,nan,nan,nan,nan,nan,nan,nan
6.6298,0.967723,0.0589517,-0.968875,-0.0409762,0.035974,-0.0508225,-0.0280983,-0.0288692,0.0280818,-0.0286557,-0.0400192,-0.0599446,nan,nan,nan,nan,nan,nan,nan,nan,nan,nan,nan,nan,nan,nan,nan,-0.0901668,-0.0216619,-0.0692749,0,0,-0.486999,1,0,-1,0.00411166,StepApplied,,nan,nan,nan,nan,0,0,0,0,0,-0.487197,0.0244741,0.23278,0.0364262,0.67079,0.376439,0.632253,0.269305,nan,nan,nan,nan,nan,nan,nan,nan
6.63547,0.967777,0.0599422,-0.969138,-0.0423281,0.0295148,-0.0466289,-0.0280427,-0.0293852,0.0274919,0.00263204,-0.0546442,-0.0647455,nan,nan,nan,nan,nan,nan,nan,nan,nan,nan,nan,nan,nan,nan,nan,-0.124168,-0.014836,-0.0655498,0,0,-0.487429,1,0,-1,0.00411166,StepApplied,,nan,nan,nan,nan,0,0,0,0,0,-0.487197,0.0244741,0.23278,0.0364262,0.67079,0.376439,0.632253,0.269305,nan,nan,nan,nan,nan,nan,nan,nan
6.64554,0.967832,0.0609258,-0.969386,-0.036576,0.0300185,-0.0445881,-0.0283184,-0.0299075,0.0270739,-0.0336952,-0.0558957,-0.045722,nan,nan,nan,nan,nan,nan,nan,nan,nan,nan,nan,nan,nan,nan,nan,-0.124168,-0.014836,-0.0655498,0,0,-0.487429,1,0,-1,0.00411166,StepApplied,,nan,nan,nan,nan,0,0,0,0,0,-0.487667,0.0313956,0.231404,0.0365875,0.665554,0.382938,0.636484,0.265693,nan,nan,nan,nan,nan,nan,nan,nan
6.65799,0.967878,0.061933,-0.969627,-0.0422346,0.0306768,-0.0371113,-0.0289284,-0.030218,0.0266666,-0.070862,-0.0323616,-0.0439725,nan,nan,nan,nan,nan,nan,nan,nan,nan,nan,nan,nan,nan,nan,nan,-0.113583,-0.0142379,-0.0627227,0,0,-0.489149,1,0,-1,0.00411166,StepApplied,,nan,nan,nan,nan,0,0,0,0,0,-0.489149,0.0348472,0.238267,0.0365988,0.669459,0.382019,0.645244,0.259873,nan,nan,nan,nan,nan,nan,nan,nan
6.66347,0.967917,0.0629177,-0.969855,-0.0424362,0.0400159,-0.0332732,-0.0297453,-0.0307797,0.0262721,-0.0933486,-0.0600381,-0.0432304,nan,nan,nan,nan,nan,nan,nan,nan,nan,nan,nan,nan,nan,nan,nan,-0.113583,-0.0142379,-0.0627227,0,0,-0.489149,1,0,-1,0.00411166,StepApplied,,nan,nan,nan,nan,0,0,0,0,0,-0.489149,0.0348472,0.238267,0.0365988,0.669459,0.382019,0.645244,0.259873,nan,nan,nan,nan,nan,nan,nan,nan
6.6755,0.967981,0.0648625,-0.970259,-0.0391736,0.0431476,-0.0371638,-0.0314059,-0.0319954,0.0253808,-0.0985014,-0.0857647,-0.0505503,nan,nan,nan,nan,nan,nan,nan,nan,nan,nan,nan,nan,nan,nan,nan,-0.122416,-0.00596434,-0.0598036,0,0,-0.489963,1,0,-1,0.00411166,StepApplied,,nan,nan,nan,nan,0,0,0,0,0,-0.490033,0.0382641,0.237401,0.0365117,0.667228,0.385845,0.648019,0.259041,nan,nan,nan,nan,nan,nan,nan,nan
6.68564,0.968,0.06586,-0.970455,-0.0399702,0.039735,-0.0354913,-0.0322694,-0.0327573,0.0251352,-0.0984308,-0.0831345,-0.0280005,nan,nan,nan,nan,nan,nan,nan,nan,nan,nan,nan,nan,nan,nan,nan,-0.122416,-0.00596434,-0.0598036,0,0,-0.489963,1,0,-1,0.00411166,StepApplied,,nan,nan,nan,nan,0,0,0,0,0,-0.489103,0.0405297,0.24118,0.0362878,0.667144,0.383621,0.651586,0.254062,nan,nan,nan,nan,nan,nan,nan,nan
6.69924,0.968136,0.0670047,-0.970585,-0.0421124,0.0365482,-0.0339485,-0.0334056,-0.0333449,0.024901,-0.128728,-0.0637842,-0.0262663,nan,nan,nan,nan,nan,nan,nan,nan,nan,nan,nan,nan,nan,nan,nan,-0.101061,0.00276078,-0.0581698,0,0,-0.48929,1,0,-1,0.00411166,StepApplied,,nan,nan,nan,nan,0,0,0,0,0,-0.48929,0.0432227,0.230247,0.0359801,0.657387,0.393135,0.646257,0.260379,nan,nan,nan,nan,nan,nan,nan,nan
6.70645,0.968224,0.0682566,-0.970756,-0.0364319,0.0511608,-0.0249344,-0.0345338,-0.0338281,0.0247306,-0.127283,-0.0518891,-0.0184085,nan,nan,nan,nan,nan,nan,nan,nan,nan,nan,nan,nan,nan,nan,nan,-0.101061,0.00276078,-0.0581698,0,0,-0.48929,1,0,-1,0.00411166,StepApplied,,nan,nan,nan,nan,0,0,0,0,0,-0.489514,0.0468107,0.232169,0.0356708,0.656124,0.394228,0.650686,0.257017,nan,nan,nan,nan,nan,nan,nan,nan
6.71823,0.968341,0.06936,-0.970864,-0.0294273,0.057868,-0.0276945,-0.0356657,-0.0341306,0.0244843,-0.129272,-0.0319199,-0.0265051,nan,nan,nan,nan,nan,nan,nan,nan,nan,nan,nan,nan,nan,nan,nan,-0.135156,0.0387783,-0.055428,0,0,-0.490992,1,0,-1,0.00411166,StepApplied,,nan,nan,nan,nan,0,0,0,0,0,-0.491515,0.033777,0.242418,0.0352693,0.674188,0.379365,0.651115,0.261394,nan,nan,nan,nan,nan,nan,nan,nan
6.72259,0.968464,0.0704991,-0.970954,-0.0353449,0.0512546,-0.0248735,-0.0364809,-0.0347875,0.0241809,-0.0935362,-0.070971,-0.034256,nan,nan,nan,nan,nan,nan,nan,nan,nan,nan,nan,nan,nan,nan,nan,-0.135156,0.0387783,-0.055428,0,0,-0.490992,1,0,-1,0.00411166,StepApplied,,nan,nan,nan,nan,0,0,0,0,0,-0.491515,0.033777,0.242418,0.0352693,0.674188,0.379365,0.651115,0.261394,nan,nan,nan,nan,nan,nan,nan,nan
6.73748,0.968575,0.0716193,-0.971024,-0.0341898,0.044361,-0.0258693,-0.0372718,-0.0352822,0.0239749,-0.0904154,-0.0533151,-0.022879,nan,nan,nan,nan,nan,nan,nan,nan,nan,nan,nan,nan,nan,nan,nan,-0.074985,0.0195571,-0.0547893,0,0,-0.491004,1,0,-1,0.00411166,StepApplied,,nan,nan,nan,nan,0,0,0,0,0,-0.491004,0.0497828,0.232255,0.0348428,0.654746,0.396931,0.655165,0.257174,nan,nan,nan,nan,nan,nan,nan,nan
6.74502,0.968687,0.0727406,-0.971109,-0.0329678,0.051915,-0.0235284,-0.0379093,-0.0359163,0.0238062,-0.073147,-0.068991,-0.01943,nan,nan,nan,nan,nan,nan,nan,nan,nan,nan,nan,nan,nan,nan,nan,-0.074985,0.0195571,-0.0547893,0,0,-0.491004,1,0,-1,0.00411166,StepApplied,,nan,nan,nan,nan,0,0,0,0,0,-0.491621,0.0257711,0.237102,0.034658,0.675584,0.376957,0.642413,0.271529,nan,nan,nan,nan,nan,nan,nan,nan
6.75654,0.968913,0.0749531,-0.971291,-0.0271885,0.0582656,-0.0179466,-0.0396392,-0.0362792,0.0234495,-0.0991922,-0.00627315,-0.024664,nan,nan,nan,nan,nan,nan,nan,nan,nan,nan,nan,nan,nan,nan,nan,-0.112002,0.0442572,-0.0525649,0,0,-0.491975,1,0,-1,0.00411166,StepApplied,,nan,nan,nan,nan,0,0,0,0,0,-0.491621,0.0257711,0.237102,0.034658,0.675584,0.376957,0.642413,0.271529,nan,nan,nan,nan,nan,nan,nan,nan
6.76312,0.969026,0.0760612,-0.971393,-0.0317877,0.0662866,-0.020399,-0.0404792,-0.0366108,0.0232612,-0.0956977,-0.0352642,-0.020621,nan,nan,nan,nan,nan,nan,nan,nan,nan,nan,nan,nan,nan,nan,nan,-0.112002,0.0442572,-0.0525649,0,0,-0.491975,1,0,-1,0.00411166,StepApplied,,nan,nan,nan,nan,0,0,0,0,0,-0.491975,0.0318304,0.231881,0.034408,0.667712,0.385038,0.643612,0.271539,nan,nan,nan,nan,nan,nan,nan,nan
6.77724,0.969129,0.0771599,-0.971476,-0.0331181,0.0525193,-0.0239376,-0.040972,-0.0368472,0.0230864,-0.0569227,-0.0247419,-0.0187835,nan,nan,nan,nan,nan,nan,nan,nan,nan,nan,nan,nan,nan,nan,nan,-0.119474,0.0215491,-0.0523658,0,0,-0.492488,1,0,-1,0.00411166,StepApplied,,nan,nan,nan,nan,0,0,0,0,0,-0.492488,0.026428,0.231034,0.0339166,0.670955,0.381838,0.640196,0.276962,nan,nan,nan,nan,nan,nan,nan,nan
6.78543,0.969228,0.0782314,-0.971572,-0.0270791,0.0552015,-0.0286101,-0.0416503,-0.037167,0.0229456,-0.0774043,-0.0341899,-0.0154705,nan,nan,nan,nan,nan,nan,nan,nan,nan,nan,nan,nan,nan,nan,nan,-0.119474,0.0215491,-0.0523658,0,0,-0.492488,1,0,-1,0.00411166,StepApplied,,nan,nan,nan,nan,0,0,0,0,0,-0.491419,0.0437377,0.227464,0.0336409,0.654846,0.395258,0.64912,0.266452,nan,nan,nan,nan,nan,nan,nan,nan
6.79603,0.969422,0.079484,-0.971568,-0.0254388,0.0590785,-0.0195334,-0.0426183,-0.0370667,0.0228656,-0.108815,0.0121941,-0.00679979,nan,nan,nan,nan,nan,nan,nan,nan,nan,nan,nan,nan,nan,nan,nan,-0.075684,0.0363996,-0.0512469,0,0,-0.490481,1,0,-1,0.00411166,StepApplied,,nan,nan,nan,nan,0,0,0,0,0,-0.490481,0.0494938,0.224864,0.0334799,0.654846,0.395258,0.64912,0.266452,nan,nan,nan,nan,nan,nan,nan,nan
6.8049,0.969618,0.0806814,-0.97157,-0.0266419,0.06638,-0.0163457,-0.0437257,-0.0369214,0.0226839,-0.126299,0.0180458,-0.0177429,nan,nan,nan,nan,nan,nan,nan,nan,nan,nan,nan,nan,nan,nan,nan,-0.075684,0.0363996,-0.0512469,0,0,-0.490481,1,0,-1,0.00411166,StepApplied,,nan,nan,nan,nan,0,0,0,0,0,-0.492369,0.0417007,0.237657,0.0333654,0.664168,0.387284,0.656108,0.261914,nan,nan,nan,nan,nan,nan,nan,nan
6.81457,0.969817,0.0818812,-0.971588,-0.0290793,0.0696861,-0.0183968,-0.0446297,-0.0368975,0.0224641,-0.103092,0.00463053,-0.0225359,nan,nan,nan,nan,nan,nan,nan,nan,nan,nan,nan,nan,nan,nan,nan,-0.104927,0.0248662,-0.0499313,0,0,-0.492882,1,0,-1,0.00411166,StepApplied,,nan,nan,nan,nan,0,0,0,0,0,-0.492369,0.0417007,0.237657,0.0333654,0.664168,0.387284,0.656108,0.261914,nan,nan,nan,nan,nan,nan,nan,nan
6.8223,0.969994,0.0830719,-0.971592,-0.0270098,0.0643476,-0.0232796,-0.0454845,-0.0370087,0.022195,-0.097784,-0.0101581,-0.028757,nan,nan,nan,nan,nan,nan,nan,nan,nan,nan,nan,nan,nan,nan,nan,-0.104927,0.0248662,-0.0499313,0,0,-0.492882,1,0,-1,0.00411166,StepApplied,,nan,nan,nan,nan,0,0,0,0,0,-0.493202,0.0391858,0.236485,0.0333355,0.665921,0.387138,0.654364,0.265384,nan,nan,nan,nan,nan,nan,nan,nan
6.83763,0.970129,0.0843384,-0.971639,-0.0213275,0.0635732,-0.0198236,-0.0461321,-0.0372481,0.0219843,-0.0744179,-0.0247223,-0.022986,nan,nan,nan,nan,nan,nan,nan,nan,nan,nan,nan,nan,nan,nan,nan,-0.0730676,0.0456601,-0.0479498,0,0,-0.492326,1,0,-1,0.00411166,StepApplied,,nan,nan,nan,nan,0,0,0,0,0,-0.492326,0.029138,0.231196,0.0333776,0.668453,0.382939,0.642604,0.275308,nan,nan,nan,nan,nan,nan,nan,nan
6.84223,0.970469,0.086639,-0.971698,-0.0227474,0.0729972,-0.0127317,-0.0479206,-0.0370846,0.0215735,-0.112822,0.00384175,-0.0225129,nan,nan,nan,nan,nan,nan,nan,nan,nan,nan,nan,nan,nan,nan,nan,-0.0730676,0.0456601,-0.0479498,0,0,-0.492326,1,0,-1,0.00411166,StepApplied,,nan,nan,nan,nan,0,0,0,0,0,-0.492326,0.029138,0.231196,0.0333776,0.668453,0.382939,0.642604,0.275308,nan,nan,nan,nan,nan,nan,nan,nan
6.85735,0.970651,0.087742,-0.971717,-0.024761,0.0711507,-0.0162604,-0.0486853,-0.0368939,0.0213796,-0.0872767,0.0230189,-0.019029,nan,nan,nan,nan,nan,nan,nan,nan,nan,nan,nan,nan,nan,nan,nan,-0.0907667,0.0349992,-0.0469632,0,0,-0.493982,1,0,-1,0.00411166,StepApplied,,nan,nan,nan,nan,0,0,0,0,0,-0.493226,0.0345485,0.234457,0.0335067,0.667961,0.385488,0.649505,0.26995,nan,nan,nan,nan,nan,nan,nan,nan
6.86539,0.970816,0.0888379,-0.971756,-0.0226695,0.0658688,-0.0218051,-0.0494681,-0.0369242,0.0210051,-0.089989,-0.000584759,-0.0403524,nan,nan,nan,nan,nan,nan,nan,nan,nan,nan,nan,nan,nan,nan,nan,-0.0907667,0.0349992,-0.0469632,0,0,-0.493982,1,0,-1,0.00411166,StepApplied,,nan,nan,nan,nan,0,0,0,0,0,-0.493243,0.0429654,0.228259,0.0337211,0.657858,0.396054,0.650878,0.268181,nan,nan,nan,nan,nan,nan,nan,nan
6.87836,0.970974,0.0899011,-0.971784,-0.0177847,0.0580626,-0.0227581,-0.0502106,-0.0370853,0.0207985,-0.0847892,-0.0160442,-0.0224709,nan,nan,nan,nan,nan,nan,nan,nan,nan,nan,nan,nan,nan,nan,nan,-0.0587913,0.0341401,-0.0454144,0,0,-0.491983,1,0,-1,0.00411166,StepApplied,,nan,nan,nan,nan,0,0,0,0,0,-0.491983,0.0521379,0.236075,0.0338808,0.655798,0.395913,0.661469,0.25475,nan,nan,nan,nan,nan,nan,nan,nan
6.88602,0.971127,0.0909393,-0.971842,-0.0203913,0.0608691,-0.0196412,-0.0512516,-0.0370653,0.0205421,-0.117581,0.00433934,-0.0269097,nan,nan,nan,nan,nan,nan,nan,nan,nan,nan,nan,nan,nan,nan,nan,-0.0587913,0.0341401,-0.0454144,0,0,-0.491983,1,0,-1,0.00411166,StepApplied,,nan,nan,nan,nan,0,0,0,0,0,-0.491586,0.0547179,0.223609,0.0339968,0.644879,0.406271,0.653971,0.261223,nan,nan,nan,nan,nan,nan,nan,nan
6.89865,0.971369,0.092095,-0.971782,-0.0171588,0.066624,-0.013565,-0.0521931,-0.0367891,0.0203896,-0.107179,0.0324347,-0.0141601,nan,nan,nan,nan,nan,nan,nan,nan,nan,nan,nan,nan,nan,nan,nan,-0.0624868,0.0438523,-0.0428042,0,0,-0.4937,1,0,-1,0.00411166,StepApplied,,nan,nan,nan,nan,0,0,0,0,0,-0.49234,0.046666,0.228984,0.0340944,0.655224,0.397629,0.652732,0.263775,nan,nan,nan,nan,nan,nan,nan,nan
6.90623,0.971609,0.0932107,-0.971716,-0.0197882,0.0640623,-0.0150825,-0.0533393,-0.0364063,0.0200646,-0.130395,0.0452903,-0.0324325,nan,nan,nan,nan,nan,nan,nan,nan,nan,nan,nan,nan,nan,nan,nan,-0.0624868,0.0438523,-0.0428042,0,0,-0.4937,1,0,-1,0.00411166,StepApplied,,nan,nan,nan,nan,0,0,0,0,0,-0.493396,0.0368024,0.230516,0.0342815,0.664525,0.390813,0.647709,0.270536,nan,nan,nan,nan,nan,nan,nan,nan
6.91864,0.971835,0.0942918,-0.971671,-0.0202186,0.0652943,-0.0201474,-0.0538793,-0.0361718,0.0197455,-0.0628037,0.0287687,-0.0326817,nan,nan,nan,nan,nan,nan,nan,nan,nan,nan,nan,nan,nan,nan,nan,-0.0540134,0.030359,-0.0421847,0,0,-0.492459,1,0,-1,0.00411166,StepApplied,,nan,nan,nan,nan,0,0,0,0,0,-0.492459,0.0437436,0.225747,0.0344375,0.655464,0.398313,0.648154,0.267905,nan,nan,nan,nan,nan,nan,nan,nan
6.92613,0.972069,0.0953755,-0.971629,-0.0147025,0.0613179,-0.0265639,-0.0542522,-0.0362265,0.0194199,-0.0441754,-0.00336117,-0.0351804,nan,nan,nan,nan,nan,nan,nan,nan,nan,nan,nan,nan,nan,nan,nan,-0.0540134,0.030359,-0.0421847,0,0,-0.492459,1,0,-1,0.00411166,StepApplied,,nan,nan,nan,nan,0,0,0,0,0,-0.491055,0.0440366,0.227315,0.0346266,0.655151,0.396196,0.647878,0.264995,nan,nan,nan,nan,nan,nan,nan,nan
6.93604,0.972511,0.0974763,-0.971582,-0.0123033,0.0596624,-0.020102,-0.055482,-0.0361474,0.0188829,-0.0885502,0.0170606,-0.0226659,nan,nan,nan,nan,nan,nan,nan,nan,nan,nan,nan,nan,nan,nan,nan,-0.0145822,0.0469268,-0.0395321,0,0,-0.491068,1,0,-1,0.00411166,StepApplied,,nan,nan,nan,nan,0,0,0,0,0,-0.491055,0.0440366,0.227315,0.0346266,0.655151,0.396196,0.647878,0.264995,nan,nan,nan,nan,nan,nan,nan,nan
6.94162,0.9727,0.0986102,-0.971634,-0.0201841,0.0568621,-0.0196259,-0.0562724,-0.0358629,0.0185917,-0.0904173,0.0341452,-0.0293997,nan,nan,nan,nan,nan,nan,nan,nan,nan,nan,nan,nan,nan,nan,nan,-0.0145822,0.0469268,-0.0395321,0,0,-0.491068,1,0,-1,0.00411166,StepApplied,,nan,nan,nan,nan,0,0,0,0,0,-0.491068,0.0453197,0.237807,0.0349177,0.661966,0.389988,0.655921,0.256395,nan,nan,nan,nan,nan,nan,nan,nan
6.9569,0.972913,0.0996094,-0.971643,-0.0158531,0.0595354,-0.0251363,-0.0568468,-0.035586,0.0182375,-0.0665635,0.0336767,-0.0364754,nan,nan,nan,nan,nan,nan,nan,nan,nan,nan,nan,nan,nan,nan,nan,-0.0294415,0.0177104,-0.0388583,0,0,-0.492518,1,0,-1,0.00411166,StepApplied,,nan,nan,nan,nan,0,0,0,0,0,-0.492518,0.0477583,0.22504,0.0354602,0.653206,0.402734,0.64953,0.264603,nan,nan,nan,nan,nan,nan,nan,nan
6.96494,0.973133,0.100579,-0.971663,-0.0138277,0.0554595,-0.0280691,-0.0570541,-0.0354845,0.017837,-0.0258315,0.014481,-0.0427534,nan,nan,nan,nan,nan,nan,nan,nan,nan,nan,nan,nan,nan,nan,nan,-0.0294415,0.0177104,-0.0388583,0,0,-0.492518,1,0,-1,0.00411166,StepApplied,,nan,nan,nan,nan,0,0,0,0,0,-0.491463,0.0306243,0.229434,0.0357512,0.667665,0.386746,0.639175,0.272265,nan,nan,nan,nan,nan,nan,nan,nan
6.97882,0.973336,0.101533,-0.9717,-0.0114654,0.0420051,-0.0282182,-0.0572036,-0.0354047,0.0175346,-0.0188705,0.0113722,-0.0318708,nan,nan,nan,nan,nan,nan,nan,nan,nan,nan,nan,nan,nan,nan,nan,0.0113977,0.0409178,-0.0356796,0,0,-0.490453,1,0,-1,0.00411166,StepApplied,,nan,nan,nan,nan,0,0,0,0,0,-0.490774,0.0457795,0.226289,0.0359817,0.654266,0.399228,0.646749,0.262852,nan,nan,nan,nan,nan,nan,nan,nan
6.98602,0.973545,0.102445,-0.971745,-0.0122257,0.0452185,-0.0258673,-0.0576321,-0.0352013,0.0172772,-0.0500749,0.0249884,-0.0264275,nan,nan,nan,nan,nan,nan,nan,nan,nan,nan,nan,nan,nan,nan,nan,0.0113977,0.0409178,-0.0356796,0,0,-0.490453,1,0,-1,0.00411166,StepApplied,,nan,nan,nan,nan,0,0,0,0,0,-0.490453,0.0514592,0.223482,0.0361949,0.648158,0.405122,0.648248,0.260285,nan,nan,nan,nan,nan,nan,nan,nan
6.99706,0.973753,0.10337,-0.971803,-0.0138729,0.0481518,-0.0217694,-0.05808,-0.034886,0.0170226,-0.0519217,0.0372864,-0.025287,nan,nan,nan,nan,nan,nan,nan,nan,nan,nan,nan,nan,nan,nan,nan,-0.0211731,0.0287856,-0.034414,0,0,-0.491994,1,0,-1,0.00411166,StepApplied,,nan,nan,nan,nan,0,0,0,0,0,-0.491994,0.037459,0.231999,0.036359,0.665784,0.390904,0.645743,0.265543,nan,nan,nan,nan,nan,nan,nan,nan
7.00698,0.974048,0.104358,-0.971706,-0.0120014,0.0519623,-0.0225736,-0.0585804,-0.0345342,0.0167126,-0.057925,0.0416809,-0.031239,nan,nan,nan,nan,nan,nan,nan,nan,nan,nan,nan,nan,nan,nan,nan,-0.0211731,0.0287856,-0.034414,0,0,-0.491994,1,0,-1,0.00411166,StepApplied,,nan,nan,nan,nan,0,0,0,0,0,-0.491956,0.0412093,0.225427,0.0364958,0.658584,0.398303,0.643575,0.267362,nan,nan,nan,nan,nan,nan,nan,nan
7.01587,0.97434,0.105349,-0.971635,-0.0139929,0.0511418,-0.0256439,-0.0587988,-0.034145,0.0163534,-0.0269553,0.0463321,-0.0362789,nan,nan,nan,nan,nan,nan,nan,nan,nan,nan,nan,nan,nan,nan,nan,-0.0313812,0.0258053,-0.0331476,0,0,-0.491375,1,0,-1,0.00411166,StepApplied,,nan,nan,nan,nan,0,0,0,0,0,-0.491375,0.0448889,0.225079,0.036627,0.658584,0.398303,0.643575,0.267362,nan,nan,nan,nan,nan,nan,nan,nan
7.02234,0.974935,0.107255,-0.971512,-0.0112795,0.0370143,-0.0312538,-0.0587521,-0.0340527,0.0158208,-0.00284117,0.00878238,-0.0254166,nan,nan,nan,nan,nan,nan,nan,nan,nan,nan,nan,nan,nan,nan,nan,-0.0313812,0.0258053,-0.0331476,0,0,-0.491375,1,0,-1,0.00411166,StepApplied,,nan,nan,nan,nan,0,0,0,0,0,-0.491375,0.0448889,0.225079,0.036627,0.655287,0.400701,0.645221,0.264293,nan,nan,nan,nan,nan,nan,nan,nan
7.03466,0.975229,0.108166,-0.971453,-0.00511873,0.0372775,-0.0250111,-0.0589733,-0.0338887,0.0156795,-0.0263292,0.0198145,-0.0136582,nan,nan,nan,nan,nan,nan,nan,nan,nan,nan,nan,nan,nan,nan,nan,0.00423984,0.0317146,-0.0311342,0,0,-0.489998,1,0,-1,0.00411166,StepApplied,,nan,nan,nan,nan,0,0,0,0,0,-0.490191,0.0372122,0.231585,0.0367658,0.66427,0.389626,0.643068,0.263799,nan,nan,nan,nan,nan,nan,nan,nan
7.04264,0.975528,0.109073,-0.971399,-0.00464833,0.0462304,-0.0226326,-0.0592811,-0.0335572,0.0155131,-0.036031,0.0385943,-0.0153726,nan,nan,nan,nan,nan,nan,nan,nan,nan,nan,nan,nan,nan,nan,nan,0.00423984,0.0317146,-0.0311342,0,0,-0.489998,1,0,-1,0.00411166,StepApplied,,nan,nan,nan,nan,0,0,0,0,0,-0.489998,0.0375973,0.234314,0.0367911,0.665761,0.387801,0.645052,0.26138,nan,nan,nan,nan,nan,nan,nan,nan
7.05766,0.975813,0.109932,-0.971349,-0.00222615,0.039803,-0.0204109,-0.0595091,-0.0332476,0.0153442,-0.0271088,0.0361431,-0.0158271,nan,nan,nan,nan,nan,nan,nan,nan,nan,nan,nan,nan,nan,nan,nan,-0.0333084,0.0443752,-0.0295307,0,0,-0.491993,1,0,-1,0.00411166,StepApplied,,nan,nan,nan,nan,0,0,0,0,0,-0.491993,0.0317197,0.232034,0.036611,0.670118,0.387072,0.641457,0.269324,nan,nan,nan,nan,nan,nan,nan,nan
7.06562,0.976083,0.110822,-0.971343,-0.0110786,0.0350309,-0.0255671,-0.0596275,-0.0329411,0.0151517,-0.0148839,0.0357673,-0.0183941,nan,nan,nan,nan,nan,nan,nan,nan,nan,nan,nan,nan,nan,nan,nan,-0.0333084,0.0443752,-0.0295307,0,0,-0.491993,1,0,-1,0.00411166,StepApplied,,nan,nan,nan,nan,0,0,0,0,0,-0.492282,0.0424497,0.231625,0.0363987,0.662319,0.395026,0.649256,0.262527,nan,nan,nan,nan,nan,nan,nan,nan
7.07505,0.976353,0.11162,-0.971297,-0.00426145,0.0294173,-0.0270405,-0.0596412,-0.0328385,0.0151074,-0.00272824,0.012343,-0.00342474,nan,nan,nan,nan,nan,nan,nan,nan,nan,nan,nan,nan,nan,nan,nan,0.0113275,0.0375431,-0.0294604,0,0,-0.490844,1,0,-1,0.00411166,StepApplied,,nan,nan,nan,nan,0,0,0,0,0,-0.492282,0.0424497,0.231625,0.0363987,0.662319,0.395026,0.649256,0.262527,nan,nan,nan,nan,nan,nan,nan,nan
7.08507,0.97662,0.1124,-0.971261,-0.00334775,0.0359905,-0.0210858,-0.0597112,-0.0326339,0.0151359,-0.00868966,0.0231114,0.00531551,nan,nan,nan,nan,nan,nan,nan,nan,nan,nan,nan,nan,nan,nan,nan,0.0113275,0.0375431,-0.0294604,0,0,-0.490844,1,0,-1,0.00411166,StepApplied,,nan,nan,nan,nan,0,0,0,0,0,-0.492229,0.0405934,0.225479,0.035693,0.658527,0.397301,0.644253,0.268836,nan,nan,nan,nan,nan,nan,nan,nan
7.09815,0.976972,0.113214,-0.971048,0.000237777,0.0394481,-0.0203093,-0.0600288,-0.032275,0.0152311,-0.0359833,0.0398099,0.0137236,nan,nan,nan,nan,nan,nan,nan,nan,nan,nan,nan,nan,nan,nan,nan,-0.0283654,0.0453544,-0.0287321,0,0,-0.492508,1,0,-1,0.00411166,StepApplied,,nan,nan,nan,nan,0,0,0,0,0,-0.492508,0.0284016,0.234588,0.035256,0.673432,0.38208,0.642785,0.271735,nan,nan,nan,nan,nan,nan,nan,nan
7.10603,0.977675,0.114739,-0.970627,0.00126477,0.0355965,-0.0228506,-0.0602063,-0.0313903,0.015199,-0.00726145,0.0448011,0.000617868,nan,nan,nan,nan,nan,nan,nan,nan,nan,nan,nan,nan,nan,nan,nan,-0.0283654,0.0453544,-0.0287321,0,0,-0.492508,1,0,-1,0.00411166,StepApplied,,nan,nan,nan,nan,0,0,0,0,0,-0.492981,0.0413909,0.223719,0.0347832,0.656561,0.398951,0.645233,0.271178,nan,nan,nan,nan,nan,nan,nan,nan
7.11556,0.978019,0.115451,-0.970416,-0.000139735,0.0256755,-0.0205509,-0.059964,-0.0313249,0.0152322,0.0262353,0.00775518,0.00500109,nan,nan,nan,nan,nan,nan,nan,nan,nan,nan,nan,nan,nan,nan,nan,-0.0199191,0.0391616,-0.0294789,0,0,-0.492044,1,0,-1,0.00411166,StepApplied,,nan,nan,nan,nan,0,0,0,0,0,-0.492981,0.0413909,0.223719,0.0347832,0.656561,0.398951,0.645233,0.271178,nan,nan,nan,nan,nan,nan,nan,nan
7.12476,0.978365,0.116153,-0.970211,0.000179414,0.0296942,-0.0190537,-0.0597917,-0.0310877,0.0153447,0.0186101,0.0262761,0.0149085,nan,nan,nan,nan,nan,nan,nan,nan,nan,nan,nan,nan,nan,nan,nan,-0.0199191,0.0391616,-0.0294789,0,0,-0.492044,1,0,-1,0.00411166,StepApplied,,nan,nan,nan,nan,0,0,0,0,0,-0.492044,0.0366761,0.225609,0.0343784,0.65989,0.392938,0.642703,0.272643,nan,nan,nan,nan,nan,nan,nan,nan
7.13872,0.97871,0.116834,-0.970009,-0.00156986,0.0232029,-0.0118115,-0.060031,-0.0307675,0.0155822,-0.0267627,0.0346483,0.0293205,nan,nan,nan,nan,nan,nan,nan,nan,nan,nan,nan,nan,nan,nan,nan,-0.0103322,0.0304202,-0.0308627,0,0,-0.492838,1,0,-1,0.00411166,StepApplied,,nan,nan,nan,nan,0,0,0,0,0,-0.492838,0.0445416,0.223728,0.0332017,0.652616,0.399449,0.648905,0.270383,nan,nan,nan,nan,nan,nan,nan,nan
7.14639,0.979062,0.117485,-0.96982,-0.000157124,0.036253,-0.0124546,-0.0602166,-0.030398,0.0158139,-0.0207875,0.0401511,0.0289889,nan,nan,nan,nan,nan,nan,nan,nan,nan,nan,nan,nan,nan,nan,nan,-0.0103322,0.0304202,-0.0308627,0,0,-0.492838,1,0,-1,0.00411166,StepApplied,,nan,nan,nan,nan,0,0,0,0,0,-0.494223,0.0438323,0.223325,0.0325766,0.653592,0.399992,0.650127,0.27318,nan,nan,nan,nan,nan,nan,nan,nan
7.15816,0.97939,0.118124,-0.96962,0.001693,0.0299202,-0.0116535,-0.0603512,-0.0299655,0.0160094,-0.0151246,0.0471263,0.0252323,nan,nan,nan,nan,nan,nan,nan,nan,nan,nan,nan,nan,nan,nan,nan,-0.0173091,0.031979,-0.0321027,0,0,-0.494515,1,0,-1,0.00411166,StepApplied,,nan,nan,nan,nan,0,0,0,0,0,-0.494487,0.0340182,0.231094,0.0318412,0.665554,0.387088,0.649678,0.275629,nan,nan,nan,nan,nan,nan,nan,nan
7.1671,0.979708,0.118707,-0.969422,0.00575819,0.0333019,-0.0162333,-0.0602113,-0.0297308,0.0162031,0.0154564,0.0255055,0.0239417,nan,nan,nan,nan,nan,nan,nan,nan,nan,nan,nan,nan,nan,nan,nan,-0.0173091,0.031979,-0.0321027,0,0,-0.494515,1,0,-1,0.00411166,StepApplied,,nan,nan,nan,nan,0,0,0,0,0,-0.493728,0.041647,0.227427,0.0311045,0.656072,0.393579,0.652459,0.272804,nan,nan,nan,nan,nan,nan,nan,nan
7.17807,0.980023,0.119295,-0.969229,0.00206803,0.0204525,-0.0131141,-0.0601788,-0.0295676,0.0164534,0.00362299,0.0170276,0.0295896,nan,nan,nan,nan,nan,nan,nan,nan,nan,nan,nan,nan,nan,nan,nan,0.0115249,0.0251789,-0.0337701,0,0,-0.494141,1,0,-1,0.00411166,StepApplied,,nan,nan,nan,nan,0,0,0,0,0,-0.494141,0.0553011,0.226844,0.0305371,0.64585,0.403491,0.66268,0.264541,nan,nan,nan,nan,nan,nan,nan,nan
7.1853,0.980332,0.119835,-0.969023,0.00474851,0.0171813,-0.01255,-0.0604702,-0.0294701,0.0167191,-0.032366,0.0096148,0.0308431,nan,nan,nan,nan,nan,nan,nan,nan,nan,nan,nan,nan,nan,nan,nan,0.0115249,0.0251789,-0.0337701,0,0,-0.494141,1,0,-1,0.00411166,StepApplied,,nan,nan,nan,nan,0,0,0,0,0,-0.494265,0.0388868,0.232576,0.0299126,0.66101,0.387331,0.655874,0.272845,nan,nan,nan,nan,nan,nan,nan,nan
7.19657,0.981051,0.12094,-0.968477,0.0052419,0.0278439,-0.00346759,-0.0608488,-0.0288548,0.0173847,-0.00907387,0.0279693,0.0337251,nan,nan,nan,nan,nan,nan,nan,nan,nan,nan,nan,nan,nan,nan,nan,-0.0283975,0.0246352,-0.0361242,0,0,-0.496926,1,0,-1,0.00411166,StepApplied,,nan,nan,nan,nan,0,0,0,0,0,-0.494265,0.0388868,0.232576,0.0299126,0.66101,0.387331,0.655874,0.272845,nan,nan,nan,nan,nan,nan,nan,nan
7.20333,0.981469,0.121436,-0.96814,0.0080477,0.0244198,-0.0097565,-0.0609077,-0.0286653,0.0176786,-0.00640882,0.0198957,0.0349568,nan,nan,nan,nan,nan,nan,nan,nan,nan,nan,nan,nan,nan,nan,nan,-0.0283975,0.0246352,-0.0361242,0,0,-0.496926,1,0,-1,0.00411166,StepApplied,,nan,nan,nan,nan,0,0,0,0,0,-0.496926,0.0324895,0.227618,0.0291472,0.663923,0.38821,0.65127,0.284301,nan,nan,nan,nan,nan,nan,nan,nan
7.21746,0.981863,0.121907,-0.96781,0.00549968,0.0106383,-0.00829112,-0.0607147,-0.0287933,0.0178964,0.0214619,-0.0149962,0.024151,nan,nan,nan,nan,nan,nan,nan,nan,nan,nan,nan,nan,nan,nan,nan,-0.0129711,0.0382506,-0.0369954,0,0,-0.49525,1,0,-1,0.00411166,StepApplied,,nan,nan,nan,nan,0,0,0,0,0,-0.49525,0.033218,0.235816,0.0279768,0.666359,0.380081,0.657074,0.277485,nan,nan,nan,nan,nan,nan,nan,nan
7.22494,0.982262,0.122338,-0.967484,0.0103099,0.0122875,-0.00692569,-0.0606529,-0.0288575,0.0182122,0.00719754,-0.00858076,0.0354467,nan,nan,nan,nan,nan,nan,nan,nan,nan,nan,nan,nan,nan,nan,nan,-0.0129711,0.0382506,-0.0369954,0,0,-0.49525,1,0,-1,0.00411166,StepApplied,,nan,nan,nan,nan,0,0,0,0,0,-0.495369,0.0474396,0.232409,0.0274425,0.653479,0.392131,0.665375,0.27049,nan,nan,nan,nan,nan,nan,nan,nan
7.23594,0.98265,0.122768,-0.967181,0.00940051,0.0133759,-0.00208215,-0.0608183,-0.0288335,0.0185415,-0.0180415,0.0011174,0.0375129,nan,nan,nan,nan,nan,nan,nan,nan,nan,nan,nan,nan,nan,nan,nan,0.0127412,0.0422258,-0.038712,0,0,-0.495783,1,0,-1,0.00411166,StepApplied,,nan,nan,nan,nan,0,0,0,0,0,-0.495783,0.0457303,0.230047,0.0269837,0.653479,0.392131,0.665375,0.27049,nan,nan,nan,nan,nan,nan,nan,nan
7.24493,0.983024,0.123145,-0.966881,0.00751433,0.0185774,0.00152487,-0.0607568,-0.0285407,0.0188731,0.00722691,0.0307967,0.0393647,nan,nan,nan,nan,nan,nan,nan,nan,nan,nan,nan,nan,nan,nan,nan,0.0127412,0.0422258,-0.038712,0,0,-0.495783,1,0,-1,0.00411166,StepApplied,,nan,nan,nan,nan,0,0,0,0,0,-0.496907,0.0321274,0.232373,0.0264491,0.664826,0.381874,0.657053,0.283876,nan,nan,nan,nan,nan,nan,nan,nan
7.255,0.983413,0.123504,-0.96659,0.00506992,0.0149518,-0.00272002,-0.0607936,-0.0283918,0.0191711,-0.00379139,0.0152637,0.0350245,nan,nan,nan,nan,nan,nan,nan,nan,nan,nan,nan,nan,nan,nan,nan,-0.00783943,0.0218539,-0.0416089,0,0,-0.497066,1,0,-1,0.00411166,StepApplied,,nan,nan,nan,nan,0,0,0,0,0,-0.496907,0.0321274,0.232373,0.0264491,0.664826,0.381874,0.657053,0.283876,nan,nan,nan,nan,nan,nan,nan,nan
7.26242,0.983788,0.12384,-0.966313,0.00752979,0.0095518,-0.00829986,-0.0605324,-0.0284232,0.0194069,0.0292463,-0.00445743,0.026693,nan,nan,nan,nan,nan,nan,nan,nan,nan,nan,nan,nan,nan,nan,nan,-0.00783943,0.0218539,-0.0416089,0,0,-0.497066,1,0,-1,0.00411166,StepApplied,,nan,nan,nan,nan,0,0,0,0,0,-0.497879,0.0299427,0.235313,0.0259619,0.668934,0.378736,0.659044,0.284803,nan,nan,nan,nan,nan,nan,nan,nan
7.27821,0.984163,0.124164,-0.966029,0.00885721,0.00190768,-0.00605807,-0.0601215,-0.0284456,0.0196592,0.0459909,-0.00357234,0.0285696,nan,nan,nan,nan,nan,nan,nan,nan,nan,nan,nan,nan,nan,nan,nan,0.0244985,0.0317777,-0.0427957,0,0,-0.496302,1,0,-1,0.00411166,StepApplied,,nan,nan,nan,nan,0,0,0,0,0,-0.496302,0.0410157,0.227381,0.0251793,0.653136,0.389814,0.660473,0.281783,nan,nan,nan,nan,nan,nan,nan,nan
7.28258,0.984885,0.124694,-0.965509,0.0100993,0.002323,0.0011369,-0.0604518,-0.0282343,0.0202537,-0.0374073,0.0182283,0.0335264,nan,nan,nan,nan,nan,nan,nan,nan,nan,nan,nan,nan,nan,nan,nan,0.0244985,0.0317777,-0.0427957,0,0,-0.496302,1,0,-1,0.00411166,StepApplied,,nan,nan,nan,nan,0,0,0,0,0,-0.496302,0.0410157,0.227381,0.0251793,0.653136,0.389814,0.660473,0.281783,nan,nan,nan,nan,nan,nan,nan,nan
7.29529,0.985312,0.12491,-0.96512,0.00562929,-0.00257126,0.00324316,-0.0604852,-0.0279005,0.0204662,-0.00356587,0.036426,0.0266105,nan,nan,nan,nan,nan,nan,nan,nan,nan,nan,nan,nan,nan,nan,nan,0.00760888,0.0325846,-0.044503,0,0,-0.497997,1,0,-1,0.00411166,StepApplied,,nan,nan,nan,nan,0,0,0,0,0,-0.496143,0.0494068,0.23673,0.0249144,0.65339,0.388713,0.67312,0.269349,nan,nan,nan,nan,nan,nan,nan,nan
7.30549,0.985751,0.125075,-0.964787,0.00742934,-0.00297815,-0.0104161,-0.0603412,-0.0277151,0.0207011,0.0163119,0.0197192,0.0281212,nan,nan,nan,nan,nan,nan,nan,nan,nan,nan,nan,nan,nan,nan,nan,0.00760888,0.0325846,-0.044503,0,0,-0.497997,1,0,-1,0.00411166,StepApplied,,nan,nan,nan,nan,0,0,0,0,0,-0.498486,0.0399144,0.2255,0.0243901,0.65398,0.391762,0.661337,0.286867,nan,nan,nan,nan,nan,nan,nan,nan
7.31816,0.986145,0.125322,-0.964439,0.00970594,-0.00382243,-0.0110255,-0.0600979,-0.0278812,0.0209268,0.0273523,-0.0192989,0.0247345,nan,nan,nan,nan,nan,nan,nan,nan,nan,nan,nan,nan,nan,nan,nan,0.0125997,0.0256304,-0.0460973,0,0,-0.495884,1,0,-1,0.00411166,StepApplied,,nan,nan,nan,nan,0,0,0,0,0,-0.495884,0.0375582,0.235536,0.0240837,0.659835,0.38009,0.66447,0.279142,nan,nan,nan,nan,nan,nan,nan,nan
7.32588,0.986537,0.125523,-0.964106,0.00970886,-0.00649573,-0.0049385,-0.059951,-0.0279845,0.0211445,0.0166324,-0.0122683,0.0242457,nan,nan,nan,nan,nan,nan,nan,nan,nan,nan,nan,nan,nan,nan,nan,0.0125997,0.0256304,-0.0460973,0,0,-0.495884,1,0,-1,0.00411166,StepApplied,,nan,nan,nan,nan,0,0,0,0,0,-0.495849,0.0475723,0.229416,0.023826,0.648134,0.391204,0.667448,0.276608,nan,nan,nan,nan,nan,nan,nan,nan
7.33761,0.986946,0.12573,-0.963796,0.0073661,-0.00326302,-0.00209664,-0.0600496,-0.0279202,0.0214756,-0.0102803,0.00555468,0.0377462,nan,nan,nan,nan,nan,nan,nan,nan,nan,nan,nan,nan,nan,nan,nan,0.00122639,0.0252762,-0.0478818,0,0,-0.497891,1,0,-1,0.00411166,StepApplied,,nan,nan,nan,nan,0,0,0,0,0,-0.497117,0.0454852,0.234124,0.0236308,0.654011,0.387474,0.670762,0.276222,nan,nan,nan,nan,nan,nan,nan,nan
7.34527,0.987346,0.12589,-0.963494,0.00708643,-0.00709335,-0.00120948,-0.0603619,-0.0279094,0.0217261,-0.0345363,0.000159432,0.0287647,nan,nan,nan,nan,nan,nan,nan,nan,nan,nan,nan,nan,nan,nan,nan,0.00122639,0.0252762,-0.0478818,0,0,-0.497891,1,0,-1,0.00411166,StepApplied,,nan,nan,nan,nan,0,0,0,0,0,-0.498087,0.0398226,0.237621,0.0233495,0.661177,0.381686,0.67048,0.279006,nan,nan,nan,nan,nan,nan,nan,nan
7.35871,0.987746,0.126019,-0.963188,0.0101075,-0.00229501,-0.00493841,-0.0604013,-0.0279136,0.0220083,-0.00385818,-0.00175025,0.0320182,nan,nan,nan,nan,nan,nan,nan,nan,nan,nan,nan,nan,nan,nan,nan,-0.00674436,0.0369597,-0.0491726,0,0,-0.497543,1,0,-1,0.00411166,StepApplied,,nan,nan,nan,nan,0,0,0,0,0,-0.497543,0.0450483,0.232305,0.0230307,0.65286,0.388276,0.670192,0.278842,nan,nan,nan,nan,nan,nan,nan,nan
7.36628,0.98814,0.126128,-0.962882,0.0126651,-0.00875761,-0.00757997,-0.060248,-0.0280843,0.0222551,0.0175192,-0.0200295,0.0269388,nan,nan,nan,nan,nan,nan,nan,nan,nan,nan,nan,nan,nan,nan,nan,-0.00674436,0.0369597,-0.0491726,0,0,-0.497543,1,0,-1,0.00411166,StepApplied,,nan,nan,nan,nan,0,0,0,0,0,-0.496951,0.0454107,0.234366,0.022773,0.653211,0.386225,0.671571,0.276795,nan,nan,nan,nan,nan,nan,nan,nan
7.37607,0.988907,0.126312,-0.962273,0.0115175,-0.0167986,-0.00141198,-0.0599206,-0.0285207,0.0227837,-0.00452319,-0.0273558,0.0289801,nan,nan,nan,nan,nan,nan,nan,nan,nan,nan,nan,nan,nan,nan,nan,0.0305507,0.0426882,-0.0506699,0,0,-0.497662,1,0,-1,0.00411166,StepApplied,,nan,nan,nan,nan,0,0,0,0,0,-0.496951,0.0454107,0.234366,0.022773,0.653211,0.386225,0.671571,0.276795,nan,nan,nan,nan,nan,nan,nan,nan
7.3808,0.989305,0.126392,-0.96198,0.0112638,-0.0144514,0.00475549,-0.0600623,-0.0284956,0.0230635,-0.0152266,0.00149481,0.0320403,nan,nan,nan,nan,nan,nan,nan,nan,nan,nan,nan,nan,nan,nan,nan,0.0305507,0.0426882,-0.0506699,0,0,-0.497662,1,0,-1,0.00411166,StepApplied,,nan,nan,nan,nan,0,0,0,0,0,-0.497662,0.0378479,0.240834,0.0225964,0.663668,0.376839,0.671683,0.27846,nan,nan,nan,nan,nan,nan,nan,nan
7.39889,0.98974,0.126445,-0.961555,0.0135924,-0.008217,0.00252184,-0.0605762,-0.0285933,0.0233199,-0.0566667,-0.0120495,0.028421,nan,nan,nan,nan,nan,nan,nan,nan,nan,nan,nan,nan,nan,nan,nan,0.015184,0.0373494,-0.0523249,0,0,-0.499675,1,0,-1,0.00411166,StepApplied,,nan,nan,nan,nan,0,0,0,0,0,-0.499675,0.0587161,0.23549,0.022182,0.646731,0.396973,0.685087,0.26991,nan,nan,nan,nan,nan,nan,nan,nan
7.40647,0.990187,0.126455,-0.961156,0.0198202,-0.010734,0.000688507,-0.0607822,-0.0285783,0.0236235,-0.022232,0.000288424,0.0345415,nan,nan,nan,nan,nan,nan,nan,nan,nan,nan,nan,nan,nan,nan,nan,0.015184,0.0373494,-0.0523249,0,0,-0.499675,1,0,-1,0.00411166,StepApplied,,nan,nan,nan,nan,0,0,0,0,0,-0.499495,0.0395639,0.235378,0.0217981,0.65963,0.382945,0.671669,0.283735,nan,nan,nan,nan,nan,nan,nan,nan
7.41857,0.990615,0.126462,-0.960757,0.0182204,-0.0151003,-0.0012783,-0.0608836,-0.028581,0.0238957,-0.0106727,-0.0015015,0.0309083,nan,nan,nan,nan,nan,nan,nan,nan,nan,nan,nan,nan,nan,nan,nan,0.0179424,0.0530692,-0.0538584,0,0,-0.498797,1,0,-1,0.00411166,StepApplied,,nan,nan,nan,nan,0,0,0,0,0,-0.499146,0.0478524,0.237148,0.0214591,0.654333,0.386867,0.678771,0.276613,nan,nan,nan,nan,nan,nan,nan,nan
7.42616,0.991033,0.126436,-0.960351,0.0140429,-0.0295808,0.000646685,-0.0610172,-0.0286197,0.0242029,-0.0140531,-0.00572406,0.034351,nan,nan,nan,nan,nan,nan,nan,nan,nan,nan,nan,nan,nan,nan,nan,0.0179424,0.0530692,-0.0538584,0,0,-0.498797,1,0,-1,0.00411166,StepApplied,,nan,nan,nan,nan,0,0,0,0,0,-0.498797,0.05118,0.225751,0.0211526,0.643266,0.396623,0.673027,0.282272,nan,nan,nan,nan,nan,nan,nan,nan
7.43687,0.991482,0.126339,-0.959989,0.0213846,-0.00891575,0.00486223,-0.0610609,-0.0282753,0.0245753,-0.00391771,0.0365548,0.0445936,nan,nan,nan,nan,nan,nan,nan,nan,nan,nan,nan,nan,nan,nan,nan,-0.0130255,0.0598506,-0.0549682,0,0,-0.500456,1,0,-1,0.00411166,StepApplied,,nan,nan,nan,nan,0,0,0,0,0,-0.500456,0.0308581,0.233956,0.020748,0.664692,0.377706,0.666518,0.292907,nan,nan,nan,nan,nan,nan,nan,nan
7.44486,0.991895,0.126276,-0.959617,0.0214422,-0.00822727,0.00637522,-0.0613278,-0.0278883,0.0249191,-0.0288415,0.0412746,0.0414732,nan,nan,nan,nan,nan,nan,nan,nan,nan,nan,nan,nan,nan,nan,nan,-0.0130255,0.0598506,-0.0549682,0,0,-0.500456,1,0,-1,0.00411166,StepApplied,,nan,nan,nan,nan,0,0,0,0,0,-0.500864,0.0308823,0.23065,0.0203205,0.662318,0.380042,0.665034,0.296063,nan,nan,nan,nan,nan,nan,nan,nan
7.45583,0.99231,0.126197,-0.959249,0.0222469,-0.0119652,0.00606903,-0.0612995,-0.0274101,0.0251972,0.00383586,0.0518386,0.0347721,nan,nan,nan,nan,nan,nan,nan,nan,nan,nan,nan,nan,nan,nan,nan,0.000704743,0.0543263,-0.057114,0,0,-0.500808,1,0,-1,0.00411166,StepApplied,,nan,nan,nan,nan,0,0,0,0,0,-0.500808,0.0377783,0.226698,0.0199774,0.662318,0.380042,0.665034,0.296063,nan,nan,nan,nan,nan,nan,nan,nan
7.46202,0.993119,0.12599,-0.958487,0.017711,-0.0258553,0.00713343,-0.0608834,-0.0269344,0.0255486,0.0361236,0.0250054,0.0180933,nan,nan,nan,nan,nan,nan,nan,nan,nan,nan,nan,nan,nan,nan,nan,0.000704743,0.0543263,-0.057114,0,0,-0.500808,1,0,-1,0.00411166,StepApplied,,nan,nan,nan,nan,0,0,0,0,0,-0.500808,0.0377783,0.226698,0.0199774,0.654249,0.387314,0.667404,0.294267,nan,nan,nan,nan,nan,nan,nan,nan
7.47477,0.993521,0.125831,-0.95812,0.0185817,-0.0244018,0.00786082,-0.0609372,-0.0266997,0.0257886,-0.00543066,0.0251269,0.0289705,nan,nan,nan,nan,nan,nan,nan,nan,nan,nan,nan,nan,nan,nan,nan,0.0375331,0.0349476,-0.0593932,0,0,-0.50103,1,0,-1,0.00411166,StepApplied,,nan,nan,nan,nan,0,0,0,0,0,-0.500408,0.0435791,0.228365,0.0198101,0.650758,0.389669,0.672451,0.288754,nan,nan,nan,nan,nan,nan,nan,nan
7.48293,0.99392,0.125685,-0.957761,0.0253502,-0.0172744,0.012909,-0.061119,-0.0263795,0.0259794,-0.0198131,0.0348187,0.0239187,nan,nan,nan,nan,nan,nan,nan,nan,nan,nan,nan,nan,nan,nan,nan,0.0375331,0.0349476,-0.0593932,0,0,-0.50103,1,0,-1,0.00411166,StepApplied,,nan,nan,nan,nan,0,0,0,0,0,-0.50103,0.0435453,0.229528,0.0197469,0.652163,0.389382,0.673934,0.288642,nan,nan,nan,nan,nan,nan,nan,nan
7.49783,0.994365,0.125506,-0.957254,0.0227185,-0.0209981,0.0152774,-0.0613819,-0.0258756,0.0261477,-0.0289067,0.0553535,0.0226538,nan,nan,nan,nan,nan,nan,nan,nan,nan,nan,nan,nan,nan,nan,nan,0.00487967,0.0562182,-0.0594133,0,0,-0.502603,1,0,-1,0.00411166,StepApplied,,nan,nan,nan,nan,0,0,0,0,0,-0.502603,0.0467268,0.232625,0.01972,0.653649,0.390988,0.679971,0.285804,nan,nan,nan,nan,nan,nan,nan,nan
7.50544,0.99481,0.125299,-0.956752,0.0238322,-0.02313,0.0144909,-0.0615979,-0.0256192,0.0262374,-0.0239146,0.0285174,0.0123681,nan,nan,nan,nan,nan,nan,nan,nan,nan,nan,nan,nan,nan,nan,nan,0.00487967,0.0562182,-0.0594133,0,0,-0.502603,1,0,-1,0.00411166,StepApplied,,nan,nan,nan,nan,0,0,0,0,0,-0.503155,0.0425014,0.237389,0.0197748,0.660613,0.385239,0.680848,0.285923,nan,nan,nan,nan,nan,nan,nan,nan
7.51495,0.99526,0.125108,-0.956247,0.0192324,-0.0304364,0.0133867,-0.0616558,-0.0253978,0.0263032,-0.00633179,0.0246574,0.00941524,nan,nan,nan,nan,nan,nan,nan,nan,nan,nan,nan,nan,nan,nan,nan,0.0419373,0.029164,-0.0614431,0,0,-0.502943,1,0,-1,0.00411166,StepApplied,,nan,nan,nan,nan,0,0,0,0,0,-0.503155,0.0425014,0.237389,0.0197748,0.660613,0.385239,0.680848,0.285923,nan,nan,nan,nan,nan,nan,nan,nan
7.52516,0.995708,0.124888,-0.955756,0.0203183,-0.0380159,0.0122535,-0.0614378,-0.0252259,0.0264296,0.0246726,0.0189325,0.0159267,nan,nan,nan,nan,nan,nan,nan,nan,nan,nan,nan,nan,nan,nan,nan,0.0419373,0.029164,-0.0614431,0,0,-0.502943,1,0,-1,0.00411166,StepApplied,,nan,nan,nan,nan,0,0,0,0,0,-0.50275,0.0539256,0.224753,0.0197196,0.643139,0.401791,0.679645,0.286425,nan,nan,nan,nan,nan,nan,nan,nan
7.54548,0.996156,0.124636,-0.955278,0.0245815,-0.0300706,0.00996109,-0.0616855,-0.0250771,0.026644,-0.0270734,0.0156534,0.025439,nan,nan,nan,nan,nan,nan,nan,nan,nan,nan,nan,nan,nan,nan,nan,0.0294106,0.0447105,-0.0616264,0,0,-0.502611,1,0,-1,0.00411166,StepApplied,,nan,nan,nan,nan,0,0,0,0,0,-0.503975,0.0504479,0.23014,0.0194499,0.650362,0.396479,0.682487,0.286572,nan,nan,nan,nan,nan,nan,nan,nan
7.54574,0.997065,0.123994,-0.954332,0.0232758,-0.0414718,0.0141865,-0.0619438,-0.0241573,0.0270005,-0.00378438,0.0485322,0.0197115,nan,nan,nan,nan,nan,nan,nan,nan,nan,nan,nan,nan,nan,nan,nan,0.0294106,0.0447105,-0.0616264,0,0,-0.502611,1,0,-1,0.00411166,StepApplied,,nan,nan,nan,nan,0,0,0,0,0,-0.503975,0.0504479,0.23014,0.0194499,0.650362,0.396479,0.682487,0.286572,nan,nan,nan,nan,nan,nan,nan,nan
7.55776,0.99751,0.123698,-0.953867,0.0208235,-0.0426478,0.00993915,-0.0617589,-0.0239564,0.0271215,0.0207469,0.0219216,0.0152964,nan,nan,nan,nan,nan,nan,nan,nan,nan,nan,nan,nan,nan,nan,nan,0.0531472,0.0365864,-0.0631273,0,0,-0.50359,1,0,-1,0.00411166,StepApplied,,nan,nan,nan,nan,0,0,0,0,0,-0.503975,0.053836,0.230102,0.0193229,0.647812,0.398774,0.684982,0.284331,nan,nan,nan,nan,nan,nan,nan,nan
7.5656,0.997934,0.123393,-0.953403,0.0187031,-0.0465516,0.0154344,-0.0613648,-0.0241358,0.0271802,0.0442108,-0.0199152,0.00585256,nan,nan,nan,nan,nan,nan,nan,nan,nan,nan,nan,nan,nan,nan,nan,0.0531472,0.0365864,-0.0631273,0,0,-0.50359,1,0,-1,0.00411166,StepApplied,,nan,nan,nan,nan,0,0,0,0,0,-0.502922,0.0386912,0.238794,0.0193255,0.663618,0.380868,0.679362,0.28784,nan,nan,nan,nan,nan,nan,nan,nan
7.58164,0.998339,0.123053,-0.952959,0.0160729,-0.0481245,0.013787,-0.0609173,-0.0240196,0.0273374,0.0502099,0.012351,0.0187731,nan,nan,nan,nan,nan,nan,nan,nan,nan,nan,nan,nan,nan,nan,nan,0.0555529,0.0231143,-0.0642258,0,0,-0.504127,1,0,-1,0.00411166,StepApplied,,nan,nan,nan,nan,0,0,0,0,0,-0.504127,0.0397794,0.231163,0.019375,0.658707,0.388288,0.675893,0.29362,nan,nan,nan,nan,nan,nan,nan,nan
7.58621,0.998744,0.122738,-0.952528,0.0195326,-0.0456622,0.0164986,-0.0607387,-0.0238738,0.027432,0.0201049,0.0160645,0.0119871,nan,nan,nan,nan,nan,nan,nan,nan,nan,nan,nan,nan,nan,nan,nan,0.0555529,0.0231143,-0.0642258,0,0,-0.504127,1,0,-1,0.00411166,StepApplied,,nan,nan,nan,nan,0,0,0,0,0,-0.503964,0.0446548,0.228873,0.0194413,0.653543,0.393258,0.677493,0.291562,nan,nan,nan,nan,nan,nan,nan,nan
7.59834,0.999134,0.122386,-0.952095,0.021634,-0.0405138,0.0154219,-0.0603993,-0.0237334,0.0275654,0.0381149,0.0151773,0.0162505,nan,nan,nan,nan,nan,nan,nan,nan,nan,nan,nan,nan,nan,nan,nan,0.0209646,0.0371051,-0.0641501,0,0,-0.504718,1,0,-1,0.00411166,StepApplied,,nan,nan,nan,nan,0,0,0,0,0,-0.504685,0.0361234,0.231582,0.0195162,0.662287,0.386107,0.674021,0.296327,nan,nan,nan,nan,nan,nan,nan,nan
7.60597,0.999616,0.122098,-0.951546,0.0250928,-0.0407566,0.0144438,-0.060129,-0.0234299,0.0276278,0.0300809,0.033606,0.00937934,nan,nan,nan,nan,nan,nan,nan,nan,nan,nan,nan,nan,nan,nan,nan,0.0209646,0.0371051,-0.0641501,0,0,-0.504718,1,0,-1,0.00411166,StepApplied,,nan,nan,nan,nan,0,0,0,0,0,-0.504662,0.0386461,0.23509,0.0195051,0.662949,0.385375,0.678271,0.292051,nan,nan,nan,nan,nan,nan,nan,nan
7.61776,1.0001,0.121826,-0.951009,0.0211623,-0.0420952,0.0144314,-0.0595319,-0.0232311,0.0276707,0.0667089,0.0225864,0.00663554,nan,nan,nan,nan,nan,nan,nan,nan,nan,nan,nan,nan,nan,nan,nan,0.0241352,0.0319483,-0.0650697,0,0,-0.504819,1,0,-1,0.00411166,StepApplied,,nan,nan,nan,nan,0,0,0,0,0,-0.504819,0.04233,0.23023,0.0195122,0.657072,0.391581,0.677591,0.293031,nan,nan,nan,nan,nan,nan,nan,nan
7.62521,1.00056,0.121525,-0.950479,0.0173851,-0.0536837,0.0134523,-0.0589951,-0.0231366,0.0277035,0.0596189,0.0109252,0.0047647,nan,nan,nan,nan,nan,nan,nan,nan,nan,nan,nan,nan,nan,nan,nan,0.0241352,0.0319483,-0.0650697,0,0,-0.504819,1,0,-1,0.00411166,StepApplied,,nan,nan,nan,nan,0,0,0,0,0,-0.5046,0.0367006,0.224493,0.0195302,0.656796,0.391456,0.66932,0.300829,nan,nan,nan,nan,nan,nan,nan,nan
7.63672,1.00148,0.120887,-0.949477,0.0223496,-0.0495463,0.0158003,-0.0581684,-0.0226338,0.0279135,0.0290804,0.0410817,0.0146017,nan,nan,nan,nan,nan,nan,nan,nan,nan,nan,nan,nan,nan,nan,nan,0.0290507,0.0242252,-0.0657999,0,0,-0.504593,1,0,-1,0.00411166,StepApplied,,nan,nan,nan,nan,0,0,0,0,0,-0.5046,0.0367006,0.224493,0.0195302,0.656796,0.391456,0.66932,0.300829,nan,nan,nan,nan,nan,nan,nan,nan
7.64345,1.00191,0.120521,-0.948991,0.0242495,-0.0367905,0.0178972,-0.0579429,-0.0222025,0.0279649,0.0248919,0.0479598,0.00889794,nan,nan,nan,nan,nan,nan,nan,nan,nan,nan,nan,nan,nan,nan,nan,0.0290507,0.0242252,-0.0657999,0,0,-0.504593,1,0,-1,0.00411166,StepApplied,,nan,nan,nan,nan,0,0,0,0,0,-0.504593,0.0333055,0.229976,0.0195611,0.663097,0.385203,0.670756,0.299317,nan,nan,nan,nan,nan,nan,nan,nan
7.6576,1.00234,0.120171,-0.948525,0.0257565,-0.0438673,0.0132837,-0.057632,-0.0218154,0.0279844,0.0346306,0.0437217,0.00512082,nan,nan,nan,nan,nan,nan,nan,nan,nan,nan,nan,nan,nan,nan,nan,-0.00859192,0.0389609,-0.0653521,0,0,-0.506294,1,0,-1,0.00411166,StepApplied,,nan,nan,nan,nan,0,0,0,0,0,-0.506294,0.0354971,0.227386,0.019627,0.661483,0.39035,0.672109,0.301234,nan,nan,nan,nan,nan,nan,nan,nan
7.66548,1.00278,0.119822,-0.948066,0.0223944,-0.0426924,0.0133492,-0.0570297,-0.021616,0.0278591,0.0665504,0.0235365,-0.0122391,nan,nan,nan,nan,nan,nan,nan,nan,nan,nan,nan,nan,nan,nan,nan,-0.00859192,0.0389609,-0.0653521,0,0,-0.506294,1,0,-1,0.00411166,StepApplied,,nan,nan,nan,nan,0,0,0,0,0,-0.505341,0.0371929,0.232621,0.019829,0.663235,0.387097,0.675855,0.295179,nan,nan,nan,nan,nan,nan,nan,nan
7.67723,1.00323,0.119396,-0.947605,0.0222845,-0.0491167,0.0118519,-0.0564688,-0.0213834,0.0277839,0.0620722,0.0268888,-0.00649587,nan,nan,nan,nan,nan,nan,nan,nan,nan,nan,nan,nan,nan,nan,nan,0.00937182,0.027765,-0.0652966,0,0,-0.505547,1,0,-1,0.00411166,StepApplied,,nan,nan,nan,nan,0,0,0,0,0,-0.505547,0.0392196,0.22908,0.0201112,0.659785,0.391522,0.674708,0.296173,nan,nan,nan,nan,nan,nan,nan,nan
7.68501,1.00365,0.119041,-0.947192,0.0226945,-0.0449305,0.0157452,-0.056437,-0.021146,0.0277018,0.00313163,0.0274457,-0.00724101,nan,nan,nan,nan,nan,nan,nan,nan,nan,nan,nan,nan,nan,nan,nan,0.00937182,0.027765,-0.0652966,0,0,-0.505547,1,0,-1,0.00411166,StepApplied,,nan,nan,nan,nan,0,0,0,0,0,-0.50527,0.045331,0.222778,0.0205077,0.651127,0.400419,0.673903,0.295631,nan,nan,nan,nan,nan,nan,nan,nan
7.6945,1.0041,0.118726,-0.946612,0.0225493,-0.0472824,0.0174641,-0.056394,-0.0204885,0.0276208,0.00436476,0.0737493,-0.00448291,nan,nan,nan,nan,nan,nan,nan,nan,nan,nan,nan,nan,nan,nan,nan,0.0193711,0.0247553,-0.0641382,0,0,-0.506748,1,0,-1,0.00411166,StepApplied,,nan,nan,nan,nan,0,0,0,0,0,-0.50527,0.045331,0.222778,0.0205077,0.651127,0.400419,0.673903,0.295631,nan,nan,nan,nan,nan,nan,nan,nan
7.70277,1.00455,0.118389,-0.946053,0.0219629,-0.049121,0.0128453,-0.0563811,-0.019899,0.0274233,0.000587963,0.0678026,-0.0179049,nan,nan,nan,nan,nan,nan,nan,nan,nan,nan,nan,nan,nan,nan,nan,0.0193711,0.0247553,-0.0641382,0,0,-0.506748,1,0,-1,0.00411166,StepApplied,,nan,nan,nan,nan,0,0,0,0,0,-0.50598,0.0405854,0.224274,0.0208982,0.656937,0.397403,0.672219,0.298547,nan,nan,nan,nan,nan,nan,nan,nan
7.71788,1.00499,0.11806,-0.9455,0.0200976,-0.0585556,0.010676,-0.0562489,-0.0194295,0.0271975,0.0138256,0.0542631,-0.0217212,nan,nan,nan,nan,nan,nan,nan,nan,nan,nan,nan,nan,nan,nan,nan,0.0504322,0.0138046,-0.0641994,0,0,-0.505574,1,0,-1,0.00411166,StepApplied,,nan,nan,nan,nan,0,0,0,0,0,-0.505574,0.0538247,0.218152,0.0216189,0.643264,0.411111,0.675831,0.292089,nan,nan,nan,nan,nan,nan,nan,nan
7.72238,1.00585,0.117298,-0.944454,0.0175736,-0.0564826,0.0112009,-0.0557841,-0.0186467,0.0267634,0.0140272,0.0498036,-0.014735,nan,nan,nan,nan,nan,nan,nan,nan,nan,nan,nan,nan,nan,nan,nan,0.0504322,0.0138046,-0.0641994,0,0,-0.505574,1,0,-1,0.00411166,StepApplied,,nan,nan,nan,nan,0,0,0,0,0,-0.505574,0.0538247,0.218152,0.0216189,0.643264,0.411111,0.675831,0.292089,nan,nan,nan,nan,nan,nan,nan,nan
7.73532,1.00626,0.116907,-0.943972,0.0174214,-0.0598883,0.0133498,-0.055953,-0.0180339,0.0266236,-0.0193908,0.0692523,-0.0112881,nan,nan,nan,nan,nan,nan,nan,nan,nan,nan,nan,nan,nan,nan,nan,0.0296555,0.00592619,-0.0628851,0,0,-0.506127,1,0,-1,0.00411166,StepApplied,,nan,nan,nan,nan,0,0,0,0,0,-0.50572,0.0442341,0.221372,0.0220648,0.652914,0.402645,0.671026,0.296295,nan,nan,nan,nan,nan,nan,nan,nan
7.7453,1.00665,0.116487,-0.943489,0.0157954,-0.057759,0.0132066,-0.0560469,-0.0174094,0.0264074,-0.0113436,0.0717467,-0.0198626,nan,nan,nan,nan,nan,nan,nan,nan,nan,nan,nan,nan,nan,nan,nan,0.0296555,0.00592619,-0.0628851,0,0,-0.506127,1,0,-1,0.00411166,StepApplied,,nan,nan,nan,nan,0,0,0,0,0,-0.506654,0.0538892,0.220749,0.0226796,0.647195,0.411462,0.677732,0.290228,nan,nan,nan,nan,nan,nan,nan,nan
7.75804,1.00704,0.116055,-0.943028,0.0178838,-0.0580216,0.00939442,-0.0559469,-0.0170281,0.0261359,0.0102184,0.0446597,-0.027448,nan,nan,nan,nan,nan,nan,nan,nan,nan,nan,nan,nan,nan,nan,nan,0.0290338,6.13273e-05,-0.0617327,0,0,-0.506846,1,0,-1,0.00411166,StepApplied,,nan,nan,nan,nan,0,0,0,0,0,-0.506846,0.0344456,0.226946,0.0230657,0.665904,0.393909,0.668169,0.299403,nan,nan,nan,nan,nan,nan,nan,nan
7.76385,1.00742,0.115631,-0.942567,0.0192424,-0.0570612,0.00628571,-0.0555869,-0.0170105,0.0258339,0.0391316,0.00439136,-0.0331188,nan,nan,nan,nan,nan,nan,nan,nan,nan,nan,nan,nan,nan,nan,nan,0.0290338,6.13273e-05,-0.0617327,0,0,-0.506846,1,0,-1,0.00411166,StepApplied,,nan,nan,nan,nan,0,0,0,0,0,-0.506846,0.0344456,0.226946,0.0230657,0.665904,0.393909,0.668169,0.299403,nan,nan,nan,nan,nan,nan,nan,nan
7.77803,1.0078,0.115183,-0.942121,0.0201143,-0.0617844,0.00676947,-0.0553436,-0.0169283,0.0255186,0.0260988,0.011641,-0.0341981,nan,nan,nan,nan,nan,nan,nan,nan,nan,nan,nan,nan,nan,nan,nan,0.0380693,0.0136668,-0.0593655,0,0,-0.505925,1,0,-1,0.00411166,StepApplied,,nan,nan,nan,nan,0,0,0,0,0,-0.505772,0.0453968,0.228273,0.0240759,0.659034,0.40065,0.674768,0.288636,nan,nan,nan,nan,nan,nan,nan,nan
7.78487,1.0082,0.114776,-0.941717,0.0219137,-0.0601796,0.00546285,-0.0552124,-0.0170071,0.0251862,0.0135206,-0.00614172,-0.0369335,nan,nan,nan,nan,nan,nan,nan,nan,nan,nan,nan,nan,nan,nan,nan,0.0380693,0.0136668,-0.0593655,0,0,-0.505925,1,0,-1,0.00411166,StepApplied,,nan,nan,nan,nan,0,0,0,0,0,-0.505837,0.0421312,0.23433,0.0248114,0.666427,0.394859,0.67607,0.285994,nan,nan,nan,nan,nan,nan,nan,nan
7.79852,1.0086,0.114376,-0.941323,0.0226671,-0.0569966,0.00919338,-0.0551805,-0.0169512,0.024846,0.002534,0.00886367,-0.0373597,nan,nan,nan,nan,nan,nan,nan,nan,nan,nan,nan,nan,nan,nan,nan,0.018347,0.0210939,-0.0567046,0,0,-0.506777,1,0,-1,0.00411166,StepApplied,,nan,nan,nan,nan,0,0,0,0,0,-0.506777,0.0425801,0.238738,0.0255773,0.670931,0.393765,0.679676,0.282736,nan,nan,nan,nan,nan,nan,nan,nan
7.80629,1.00901,0.114013,-0.940734,0.022077,-0.0578365,0.00909567,-0.0551995,-0.0169357,0.0244045,-0.00333466,0.00494192,-0.0486854,nan,nan,nan,nan,nan,nan,nan,nan,nan,nan,nan,nan,nan,nan,nan,0.018347,0.0210939,-0.0567046,0,0,-0.506777,1,0,-1,0.00411166,StepApplied,,nan,nan,nan,nan,0,0,0,0,0,-0.506918,0.0516164,0.233728,0.0262722,0.661834,0.404534,0.681971,0.279333,nan,nan,nan,nan,nan,nan,nan,nan
7.81601,1.00978,0.113257,-0.939637,0.0178141,-0.063789,0.00230533,-0.0549546,-0.0170985,0.0234359,0.0273463,-0.011786,-0.0580275,nan,nan,nan,nan,nan,nan,nan,nan,nan,nan,nan,nan,nan,nan,nan,0.0236663,0.00881508,-0.053848,0,0,-0.506428,1,0,-1,0.00411166,StepApplied,,nan,nan,nan,nan,0,0,0,0,0,-0.506918,0.0516164,0.233728,0.0262722,0.661834,0.404534,0.681971,0.279333,nan,nan,nan,nan,nan,nan,nan,nan
7.82217,1.01017,0.112803,-0.939081,0.0164502,-0.0611616,0.00810411,-0.0548683,-0.0172766,0.0229501,0.00802459,-0.0161781,-0.0545333,nan,nan,nan,nan,nan,nan,nan,nan,nan,nan,nan,nan,nan,nan,nan,0.0236663,0.00881508,-0.053848,0,0,-0.506428,1,0,-1,0.00411166,StepApplied,,nan,nan,nan,nan,0,0,0,0,0,-0.506428,0.0459047,0.225717,0.0271009,0.660547,0.406498,0.670952,0.287715,nan,nan,nan,nan,nan,nan,nan,nan
7.83691,1.01054,0.112426,-0.938577,0.0172327,-0.0541398,0.0106489,-0.0551245,-0.0172335,0.0224927,-0.0301745,0.00820098,-0.0505854,nan,nan,nan,nan,nan,nan,nan,nan,nan,nan,nan,nan,nan,nan,nan,0.0295029,0.00417589,-0.0513711,0,0,-0.507207,1,0,-1,0.00411166,StepApplied,,nan,nan,nan,nan,0,0,0,0,0,-0.507207,0.0490757,0.226947,0.0286056,0.661457,0.410154,0.673338,0.283878,nan,nan,nan,nan,nan,nan,nan,nan
7.84505,1.01088,0.112011,-0.93807,0.0153978,-0.0589552,0.0106104,-0.0554174,-0.0171377,0.0220486,-0.0340742,0.0139342,-0.0485189,nan,nan,nan,nan,nan,nan,nan,nan,nan,nan,nan,nan,nan,nan,nan,0.0295029,0.00417589,-0.0513711,0,0,-0.507207,1,0,-1,0.00411166,StepApplied,,nan,nan,nan,nan,0,0,0,0,0,-0.508003,0.0502947,0.22846,0.0293968,0.663252,0.411534,0.675274,0.281952,nan,nan,nan,nan,nan,nan,nan,nan
7.8586,1.01123,0.111562,-0.937587,0.014161,-0.0590587,0.00665573,-0.0556129,-0.0172297,0.021426,-0.0235571,-0.00585456,-0.0695492,nan,nan,nan,nan,nan,nan,nan,nan,nan,nan,nan,nan,nan,nan,nan,0.0271416,0.00418638,-0.0472918,0,0,-0.507432,1,0,-1,0.00411166,StepApplied,,nan,nan,nan,nan,0,0,0,0,0,-0.508056,0.0473088,0.240065,0.0302871,0.674513,0.402159,0.680528,0.275024,nan,nan,nan,nan,nan,nan,nan,nan
7.86563,1.01157,0.111098,-0.937103,0.015214,-0.067589,0.00337453,-0.0555152,-0.0173902,0.0207967,0.00907067,-0.0134393,-0.0707145,nan,nan,nan,nan,nan,nan,nan,nan,nan,nan,nan,nan,nan,nan,nan,0.0271416,0.00418638,-0.0472918,0,0,-0.507432,1,0,-1,0.00411166,StepApplied,,nan,nan,nan,nan,0,0,0,0,0,-0.507432,0.0456442,0.236522,0.0310962,0.673369,0.403673,0.675415,0.277272,nan,nan,nan,nan,nan,nan,nan,nan
7.87694,1.0119,0.110604,-0.936632,0.019325,-0.0733375,0.00331599,-0.0552854,-0.0178982,0.0200895,0.0234995,-0.0513509,-0.0811114,nan,nan,nan,nan,nan,nan,nan,nan,nan,nan,nan,nan,nan,nan,nan,0.0667554,0.02272,-0.0431411,0,0,-0.506832,1,0,-1,0.00411166,StepApplied,,nan,nan,nan,nan,0,0,0,0,0,-0.506832,0.0537105,0.235222,0.0320875,0.667136,0.410687,0.678609,0.270894,nan,nan,nan,nan,nan,nan,nan,nan
7.88611,1.01223,0.110097,-0.936198,0.0172481,-0.0668936,0.00618216,-0.05538,-0.0183532,0.0194812,-0.0124044,-0.0466042,-0.070574,nan,nan,nan,nan,nan,nan,nan,nan,nan,nan,nan,nan,nan,nan,nan,0.0667554,0.02272,-0.0431411,0,0,-0.506832,1,0,-1,0.00411166,StepApplied,,nan,nan,nan,nan,0,0,0,0,0,-0.507695,0.0419873,0.245487,0.0331564,0.684616,0.397071,0.677369,0.271724,nan,nan,nan,nan,nan,nan,nan,nan
7.89842,1.01255,0.109612,-0.935796,0.017892,-0.0658791,0.00715864,-0.0556385,-0.0186997,0.0188423,-0.0306766,-0.0341129,-0.0729672,nan,nan,nan,nan,nan,nan,nan,nan,nan,nan,nan,nan,nan,nan,nan,0.0355306,0.0225263,-0.0392011,0,0,-0.508052,1,0,-1,0.00411166,StepApplied,,nan,nan,nan,nan,0,0,0,0,0,-0.508052,0.0472673,0.242342,0.0339926,0.679851,0.404221,0.6784,0.269734,nan,nan,nan,nan,nan,nan,nan,nan
7.90407,1.01318,0.108748,-0.934693,0.0189284,-0.0637575,0.00021089,-0.0555868,-0.0197276,0.0173515,0.015711,-0.0703703,-0.0843586,nan,nan,nan,nan,nan,nan,nan,nan,nan,nan,nan,nan,nan,nan,nan,0.0355306,0.0225263,-0.0392011,0,0,-0.508052,1,0,-1,0.00411166,StepApplied,,nan,nan,nan,nan,0,0,0,0,0,-0.508052,0.0472673,0.242342,0.0339926,0.679851,0.404221,0.6784,0.269734,nan,nan,nan,nan,nan,nan,nan,nan
7.91501,1.01348,0.10828,-0.934155,0.0141899,-0.0797729,0.00281508,-0.0553236,-0.0203234,0.0165827,0.0266888,-0.06072,-0.088475,nan,nan,nan,nan,nan,nan,nan,nan,nan,nan,nan,nan,nan,nan,nan,0.0289493,0.031305,-0.0338247,0,0,-0.50705,1,0,-1,0.00411166,StepApplied,,nan,nan,nan,nan,0,0,0,0,0,-0.507674,0.0522182,0.239797,0.0349591,0.675139,0.410111,0.678759,0.266687,nan,nan,nan,nan,nan,nan,nan,nan
7.9226,1.01377,0.107793,-0.933633,0.0179242,-0.0817407,-0.00114814,-0.0552155,-0.0210733,0.0158879,0.00973689,-0.0790736,-0.0820967,nan,nan,nan,nan,nan,nan,nan,nan,nan,nan,nan,nan,nan,nan,nan,0.0289493,0.031305,-0.0338247,0,0,-0.50705,1,0,-1,0.00411166,StepApplied,,nan,nan,nan,nan,0,0,0,0,0,-0.50705,0.046335,0.240302,0.0358023,0.679875,0.405812,0.673489,0.269022,nan,nan,nan,nan,nan,nan,nan,nan
7.93795,1.01406,0.107312,-0.933142,0.0169413,-0.0796603,0.00496094,-0.0550293,-0.0214619,0.0151763,0.0183109,-0.038412,-0.0813128,nan,nan,nan,nan,nan,nan,nan,nan,nan,nan,nan,nan,nan,nan,nan,0.0749203,0.0333596,-0.0299356,0,0,-0.506862,1,0,-1,0.00411166,StepApplied,,nan,nan,nan,nan,0,0,0,0,0,-0.506862,0.0538425,0.23929,0.0378063,0.675666,0.413653,0.675892,0.262238,nan,nan,nan,nan,nan,nan,nan,nan
7.94546,1.01434,0.10679,-0.932658,0.015445,-0.0701118,0.00553323,-0.0551047,-0.0218204,0.0143717,-0.0110589,-0.0345055,-0.0914667,nan,nan,nan,nan,nan,nan,nan,nan,nan,nan,nan,nan,nan,nan,nan,0.0749203,0.0333596,-0.0299356,0,0,-0.506862,1,0,-1,0.00411166,StepApplied,,nan,nan,nan,nan,0,0,0,0,0,-0.508298,0.0444331,0.247548,0.0388888,0.690677,0.403679,0.675429,0.263409,nan,nan,nan,nan,nan,nan,nan,nan
7.95498,1.01461,0.106288,-0.932215,0.014977,-0.07457,0.00203654,-0.0549312,-0.0223914,0.0135274,0.0165217,-0.0579142,-0.097211,nan,nan,nan,nan,nan,nan,nan,nan,nan,nan,nan,nan,nan,nan,nan,0.044011,0.0308144,-0.024471,0,0,-0.508128,1,0,-1,0.00411166,StepApplied,,nan,nan,nan,nan,0,0,0,0,0,-0.508298,0.0444331,0.247548,0.0388888,0.690677,0.403679,0.675429,0.263409,nan,nan,nan,nan,nan,nan,nan,nan
7.96495,1.01492,0.10566,-0.931764,0.0158215,-0.0835001,-0.00430356,-0.0545667,-0.0231189,0.0126108,0.0373637,-0.0745276,-0.105621,nan,nan,nan,nan,nan,nan,nan,nan,nan,nan,nan,nan,nan,nan,nan,0.044011,0.0308144,-0.024471,0,0,-0.508128,1,0,-1,0.00411166,StepApplied,,nan,nan,nan,nan,0,0,0,0,0,-0.50688,0.0582933,0.241235,0.0409698,0.677075,0.418606,0.67727,0.25457,nan,nan,nan,nan,nan,nan,nan,nan
7.97831,1.0152,0.105103,-0.931339,0.0146331,-0.0818297,0.0019141,-0.054228,-0.0238535,0.0117196,0.0348645,-0.0763031,-0.103913,nan,nan,nan,nan,nan,nan,nan,nan,nan,nan,nan,nan,nan,nan,nan,0.0594461,0.0347396,-0.019138,0,0,-0.508312,1.01492,0.10566,0,0.0126108,Idle,landing_start,nan,nan,nan,nan,0,0,0,0,0,-0.508312,0.0418349,0.245436,0.0422216,0.694366,0.406681,0.668781,0.263419,nan,nan,nan,nan,nan,nan,nan,nan
7.98349,1.01574,0.103928,-0.930537,0.0157767,-0.0770191,0.00329407,-0.0542594,-0.0246232,0.00988963,-0.0067381,-0.036163,-0.110468,nan,nan,nan,nan,nan,nan,nan,nan,nan,nan,nan,nan,nan,nan,nan,0.0594461,0.0347396,-0.019138,0,0,-0.508312,1.01492,0.10566,0,0.0126108,Idle,,nan,nan,nan,nan,0,0,0,0,0,-0.508312,0.0418349,0.245436,0.0422216,0.694366,0.406681,0.668781,0.263419,nan,nan,nan,nan,nan,nan,nan,nan
7.99577,1.01603,0.103426,-0.929971,0.0127642,-0.0776391,-0.00366288,-0.0538779,-0.0250146,0.00884543,0.0389368,-0.036898,-0.118311,nan,nan,nan,nan,nan,nan,nan,nan,nan,nan,nan,nan,nan,nan,nan,0.042699,0.0439625,-0.011772,0,0,-0.508941,1.01492,0.10566,0,0.0126108,Idle,,nan,nan,nan,nan,0,0,0,0,0,-0.509283,0.0471537,0.244174,0.043477,0.691938,0.413562,0.671365,0.260267,nan,nan,nan,nan,nan,nan,nan,nan
8.00579,1.01631,0.102916,-0.92941,0.0159084,-0.0832911,-0.0028271,-0.0532144,-0.0254777,0.0077992,0.0697233,-0.0446385,-0.118263,nan,nan,nan,nan,nan,nan,nan,nan,nan,nan,nan,nan,nan,nan,nan,0.042699,0.0439625,-0.011772,0,0,-0.508941,1.01492,0.10566,0,0.0126108,Idle,,nan,nan,nan,nan,0,0,0,0,0,-0.507744,0.0353447,0.243386,0.0459113,0.700626,0.406663,0.658487,0.265199,nan,nan,nan,nan,nan,nan,nan,nan
8.01849,1.01658,0.102395,-0.928869,0.0152685,-0.0779442,-0.000129393,-0.0530348,-0.0260699,0.00684921,0.0165039,-0.060175,-0.109492,nan,nan,nan,nan,nan,nan,nan,nan,nan,nan,nan,nan,nan,nan,nan,0.139472,0.0379387,0.0170798,0,0,-0.309076,1.01492,0.10566,0,0.0126108,Idle,,nan,nan,nan,nan,0,0,0,0,0,-0.309076,0.0685718,0.23978,0.0476195,0.477666,0.235703,0.479206,0.0437296,nan,nan,nan,nan,nan,nan,nan,nan
8.02658,1.01685,0.101893,-0.928355,0.0155823,-0.0686982,0.00587641,-0.0529099,-0.0262013,0.00583449,0.0101167,-0.00826342,-0.113394,nan,nan,nan,nan,nan,nan,nan,nan,nan,nan,nan,nan,nan,nan,nan,0.139472,0.0379387,0.0170798,0,0,-0.309076,1.01492,0.10566,0,0.0126108,Idle,,nan,nan,nan,nan,0,0,0,0,0,-0.308916,0.0610234,0.235801,0.0491571,0.481567,0.234556,0.46936,0.0501814,nan,nan,nan,nan,nan,nan,nan,nan
8.03801,1.01709,0.10138,-0.927796,0.0133783,-0.0732635,0.0153063,-0.0526616,-0.0261141,0.00483154,0.0239078,0.015936,-0.110819,nan,nan,nan,nan,nan,nan,nan,nan,nan,nan,nan,nan,nan,nan,nan,0.108787,0.0317084,0.0241315,0,0,-0.310569,1.01492,0.10566,0,0.0126108,Idle,,nan,nan,nan,nan,0,0,0,0,0,-0.309439,0.0414106,0.231708,0.0506909,0.494597,0.225639,0.451588,0.0659322,nan,nan,nan,nan,nan,nan,nan,nan
8.04567,1.01733,0.100855,-0.927144,0.0119557,-0.0688891,0.0239431,-0.051961,-0.0258453,0.00384008,0.0743417,0.0359995,-0.108487,nan,nan,nan,nan,nan,nan,nan,nan,nan,nan,nan,nan,nan,nan,nan,0.108787,0.0317084,0.0241315,0,0,-0.310569,1.01492,0.10566,0,0.0126108,Idle,,nan,nan,nan,nan,0,0,0,0,0,-0.311627,0.044323,0.207172,0.0519575,0.478641,0.248503,0.437226,0.0821366,nan,nan,nan,nan,nan,nan,nan,nan
8.05755,1.01757,0.100347,-0.92637,0.0169158,-0.0723876,0.0424763,-0.0510486,-0.0252191,0.00285939,0.0975203,0.0751936,-0.104738,nan,nan,nan,nan,nan,nan,nan,nan,nan,nan,nan,nan,nan,nan,nan,0.108177,0.0376044,0.0296365,0,0,-0.314604,1.01492,0.10566,0,0.0126108,Idle,,nan,nan,nan,nan,0,0,0,0,0,-0.314604,0.0475327,0.198328,0.052903,0.47404,0.260949,0.435276,0.088151,nan,nan,nan,nan,nan,nan,nan,nan
8.06506,1.01779,0.0998284,-0.92541,0.0106166,-0.077343,0.0637541,-0.0502347,-0.0239382,0.00195205,0.0878344,0.148653,-0.0939946,nan,nan,nan,nan,nan,nan,nan,nan,nan,nan,nan,nan,nan,nan,nan,0.108177,0.0376044,0.0296365,0,0,-0.314604,1.01492,0.10566,0,0.0126108,Idle,,nan,nan,nan,nan,0,0,0,0,0,-0.318227,0.0393334,0.186224,0.0538495,0.475846,0.268281,0.423597,0.105182,nan,nan,nan,nan,nan,nan,nan,nan
8.07636,1.01818,0.0986745,-0.922832,0.0103367,-0.0715339,0.1181,-0.0483204,-0.0196103,7.44825e-05,0.107909,0.272092,-0.0947231,nan,nan,nan,nan,nan,nan,nan,nan,nan,nan,nan,nan,nan,nan,nan,0.109194,-0.00149802,0.0350695,0,0,-0.322342,1.01492,0.10566,0,0.0126108,Idle,,nan,nan,nan,nan,0,0,0,0,0,-0.318227,0.0393334,0.186224,0.0538495,0.475846,0.268281,0.423597,0.105182,nan,nan,nan,nan,nan,nan,nan,nan
8.08552,1.01834,0.0981855,-0.921252,0.00702793,-0.0718109,0.145226,-0.046866,-0.0167716,-0.000773866,0.159479,0.320452,-0.079149,nan,nan,nan,nan,nan,nan,nan,nan,nan,nan,nan,nan,nan,nan,nan,0.109194,-0.00149802,0.0350695,0,0,-0.322342,1.01492,0.10566,0,0.0126108,Idle,,nan,nan,nan,nan,0,0,0,0,0,-0.328045,0.0252992,0.165383,0.055227,0.482225,0.284292,0.407378,0.138283,nan,nan,nan,nan,nan,nan,nan,nan
8.09466,1.01852,0.0977661,-0.919226,0.00600481,-0.0724417,0.177115,-0.0452654,-0.0138269,-0.00167283,0.17514,0.330819,-0.0843379,nan,nan,nan,nan,nan,nan,nan,nan,nan,nan,nan,nan,nan,nan,nan,0.0861395,-0.029594,0.0392854,0,0,-0.333034,1.01492,0.10566,0,0.0126108,Idle,,nan,nan,nan,nan,0,0,0,0,0,-0.328045,0.0252992,0.165383,0.055227,0.482225,0.284292,0.407378,0.138283,nan,nan,nan,nan,nan,nan,nan,nan
8.10476,1.01868,0.0973289,-0.91694,0.00366863,-0.0670818,0.203434,-0.0432828,-0.0104878,-0.00251397,0.219897,0.377925,-0.0773433,nan,nan,nan,nan,nan,nan,nan,nan,nan,nan,nan,nan,nan,nan,nan,0.0861395,-0.029594,0.0392854,0,0,-0.333034,1.01492,0.10566,0,0.0126108,Idle,,nan,nan,nan,nan,0,0,0,0,0,-0.339069,0.0154519,0.151428,0.0564058,0.49152,0.299402,0.40039,0.164962,nan,nan,nan,nan,nan,nan,nan,nan
8.11592,1.01883,0.0969338,-0.91442,0.000450159,-0.0678846,0.234046,-0.0411753,-0.00718615,-0.00343313,0.23291,0.371978,-0.0865702,nan,nan,nan,nan,nan,nan,nan,nan,nan,nan,nan,nan,nan,nan,nan,0.0584345,-0.0604961,0.0434963,0,0,-0.344122,1.01492,0.10566,0,0.0126108,Idle,,nan,nan,nan,nan,0,0,0,0,0,-0.344122,0.0100195,0.154994,0.0569031,0.49152,0.299402,0.40039,0.164962,nan,nan,nan,nan,nan,nan,nan,nan
8.12503,1.01896,0.0965016,-0.911642,0.000786186,-0.0687426,0.268665,-0.0390208,-0.00367962,-0.00427241,0.238586,0.394265,-0.0775755,nan,nan,nan,nan,nan,nan,nan,nan,nan,nan,nan,nan,nan,nan,nan,0.0584345,-0.0604961,0.0434963,0,0,-0.344122,1.01492,0.10566,0,0.0126108,Idle,,nan,nan,nan,nan,0,0,0,0,0,-0.350067,0.00334031,0.141598,0.0574625,0.505185,0.309846,0.394812,0.190424,nan,nan,nan,nan,nan,nan,nan,nan
8.1344,1.01907,0.0960755,-0.908579,0.000722619,-0.0645332,0.29976,-0.0364743,-9.61658e-05,-0.00514198,0.282555,0.402714,-0.0815437,nan,nan,nan,nan,nan,nan,nan,nan,nan,nan,nan,nan,nan,nan,nan,0.0343276,-0.0943417,0.0493171,0,0,-0.363093,1.01492,0.10566,0,0.0126108,Idle,,nan,nan,nan,nan,0,0,0,0,0,-0.350067,0.00334031,0.141598,0.0574625,0.505185,0.309846,0.394812,0.190424,nan,nan,nan,nan,nan,nan,nan,nan
8.1437,1.01918,0.0956772,-0.905292,0.0012838,-0.0600958,0.327092,-0.0339781,0.0033485,-0.00611139,0.275905,0.385467,-0.0937381,nan,nan,nan,nan,nan,nan,nan,nan,nan,nan,nan,nan,nan,nan,nan,0.0343276,-0.0943417,0.0493171,0,0,-0.363093,1.01492,0.10566,0,0.0126108,Idle,,nan,nan,nan,nan,0,0,0,0,0,-0.356864,0.00201722,0.155677,0.0579948,0.523405,0.306286,0.410087,0.187679,nan,nan,nan,nan,nan,nan,nan,nan
8.15773,1.01925,0.0952621,-0.90172,-0.00591028,-0.0672843,0.362582,-0.0313519,0.00678036,-0.00700644,0.293691,0.38752,-0.0874383,nan,nan,nan,nan,nan,nan,nan,nan,nan,nan,nan,nan,nan,nan,nan,0.0310973,-0.135928,0.0534907,0,0,-0.375867,1.01492,0.10566,0,0.0126108,Idle,,nan,nan,nan,nan,0,0,0,0,0,-0.375867,0.00131568,0.161888,0.0593339,0.54863,0.321744,0.431631,0.201462,nan,nan,nan,nan,nan,nan,nan,nan
8.16307,1.01935,0.0944863,-0.893835,-0.0130559,-0.0631625,0.421542,-0.0264056,0.01261,-0.00868399,0.265344,0.33326,-0.0826648,nan,nan,nan,nan,nan,nan,nan,nan,nan,nan,nan,nan,nan,nan,nan,0.0310973,-0.135928,0.0534907,0,0,-0.375867,1.01492,0.10566,0,0.0126108,Idle,,nan,nan,nan,nan,0,0,0,0,0,-0.375867,0.00131568,0.161888,0.0593339,0.54863,0.321744,0.431631,0.201462,nan,nan,nan,nan,nan,nan,nan,nan
8.17523,1.01935,0.094092,-0.889515,-0.00792936,-0.053409,0.448195,-0.0240513,0.0150383,-0.00945272,0.26263,0.272752,-0.0786122,nan,nan,nan,nan,nan,nan,nan,nan,nan,nan,nan,nan,nan,nan,nan,0.000170505,-0.176315,0.0588015,0,0,-0.388263,1.01492,0.10566,0,0.0126108,Idle,,nan,nan,nan,nan,0,0,0,0,0,-0.381496,0.00137723,0.160179,0.0600343,0.553705,0.329327,0.435391,0.20756,nan,nan,nan,nan,nan,nan,nan,nan
8.18546,1.01934,0.0937314,-0.88496,-0.0126534,-0.0555954,0.4796,-0.0217128,0.0175225,-0.0104077,0.260083,0.277814,-0.0993259,nan,nan,nan,nan,nan,nan,nan,nan,nan,nan,nan,nan,nan,nan,nan,0.000170505,-0.176315,0.0588015,0,0,-0.388263,1.01492,0.10566,0,0.0126108,Idle,,nan,nan,nan,nan,0,0,0,0,0,-0.394014,0.00124501,0.168462,0.0612599,0.573395,0.337123,0.452435,0.213101,nan,nan,nan,nan,nan,nan,nan,nan
8.19805,1.01927,0.0933483,-0.879156,-0.0192415,-0.0539542,0.512317,-0.0194554,0.0193029,-0.0111822,0.253563,0.201242,-0.0824131,nan,nan,nan,nan,nan,nan,nan,nan,nan,nan,nan,nan,nan,nan,nan,-0.0332306,-0.183224,0.0635882,0,0,-0.400757,1.01492,0.10566,0,0.0126108,Idle,,nan,nan,nan,nan,0,0,0,0,0,-0.400757,0.00111748,0.177538,0.0619236,0.587309,0.338024,0.464835,0.212861,nan,nan,nan,nan,nan,nan,nan,nan
8.20343,1.01922,0.0930625,-0.873841,-0.0193629,-0.0558895,0.534634,-0.0174563,0.0207487,-0.011986,0.22355,0.162886,-0.086346,nan,nan,nan,nan,nan,nan,nan,nan,nan,nan,nan,nan,nan,nan,nan,-0.0332306,-0.183224,0.0635882,0,0,-0.400757,1.01492,0.10566,0,0.0126108,Idle,,nan,nan,nan,nan,0,0,0,0,0,-0.400757,0.00111748,0.177538,0.0619236,0.587309,0.338024,0.464835,0.212861,nan,nan,nan,nan,nan,nan,nan,nan
8.21795,1.01914,0.0927699,-0.868325,-0.0236612,-0.0575705,0.562088,-0.0155904,0.0218684,-0.012784,0.208791,0.126355,-0.0866022,nan,nan,nan,nan,nan,nan,nan,nan,nan,nan,nan,nan,nan,nan,nan,-0.0377148,-0.211753,0.0699545,0,0,-0.419474,1.01492,0.10566,0,0.0126108,Idle,,nan,nan,nan,nan,0,0,0,0,0,-0.413218,0.00245216,0.189842,0.0633296,0.608928,0.344137,0.48552,0.214285,nan,nan,nan,nan,nan,nan,nan,nan
8.22576,1.01904,0.092471,-0.862586,-0.0205533,-0.0501298,0.585806,-0.0138405,0.0224433,-0.0136385,0.196176,0.0656472,-0.0940439,nan,nan,nan,nan,nan,nan,nan,nan,nan,nan,nan,nan,nan,nan,nan,-0.0377148,-0.211753,0.0699545,0,0,-0.419474,1.01492,0.10566,0,0.0126108,Idle,,nan,nan,nan,nan,0,0,0,0,0,-0.425071,0.00265539,0.191158,0.0641932,0.622429,0.356069,0.497576,0.224209,nan,nan,nan,nan,nan,nan,nan,nan
8.23868,1.01894,0.0922305,-0.856674,-0.0230341,-0.0449646,0.605619,-0.0120847,0.0229624,-0.0145931,0.196084,0.0590878,-0.104816,nan,nan,nan,nan,nan,nan,nan,nan,nan,nan,nan,nan,nan,nan,nan,-0.0825006,-0.203234,0.0741504,0,0,-0.429987,1.01492,0.10566,0,0.0126108,Idle,,nan,nan,nan,nan,0,0,0,0,0,-0.429987,0.00826105,0.203655,0.0650385,0.633062,0.356958,0.51444,0.215488,nan,nan,nan,nan,nan,nan,nan,nan
8.24637,1.01881,0.0920043,-0.850569,-0.026905,-0.0447783,0.632,-0.0107119,0.0226673,-0.0155186,0.155241,-0.0316552,-0.103798,nan,nan,nan,nan,nan,nan,nan,nan,nan,nan,nan,nan,nan,nan,nan,-0.0825006,-0.203234,0.0741504,0,0,-0.429987,1.01492,0.10566,0,0.0126108,Idle,,nan,nan,nan,nan,0,0,0,0,0,-0.436228,0.0194291,0.203907,0.0657902,0.632334,0.371672,0.528,0.212907,nan,nan,nan,nan,nan,nan,nan,nan
8.25599,1.01851,0.0915776,-0.837782,-0.0347207,-0.0493576,0.674263,-0.00864712,0.0212709,-0.0171439,0.102361,-0.112247,-0.0919572,nan,nan,nan,nan,nan,nan,nan,nan,nan,nan,nan,nan,nan,nan,nan,-0.0778017,-0.193279,0.0808155,0,0,-0.441616,1.01492,0.10566,0,0.0126108,Idle,,nan,nan,nan,nan,0,0,0,0,0,-0.436228,0.0194291,0.203907,0.0657902,0.632334,0.371672,0.528,0.212907,nan,nan,nan,nan,nan,nan,nan,nan
8.26194,1.01829,0.0913534,-0.831159,-0.0317855,-0.046955,0.692928,-0.00798988,0.0202238,-0.0179232,0.0742447,-0.115691,-0.0875958,nan,nan,nan,nan,nan,nan,nan,nan,nan,nan,nan,nan,nan,nan,nan,-0.0778017,-0.193279,0.0808155,0,0,-0.441616,1.01492,0.10566,0,0.0126108,Idle,,nan,nan,nan,nan,0,0,0,0,0,-0.441616,0.0152966,0.218159,0.0666094,0.65154,0.36488,0.539716,0.210329,nan,nan,nan,nan,nan,nan,nan,nan
8.27818,1.01807,0.0911619,-0.824399,-0.0310797,-0.0391717,0.71252,-0.00757764,0.0190181,-0.018675,0.0465827,-0.132762,-0.0841855,nan,nan,nan,nan,nan,nan,nan,nan,nan,nan,nan,nan,nan,nan,nan,-0.0769354,-0.197363,0.0852012,0,0,-0.451651,1.01492,0.10566,0,0.0126108,Idle,,nan,nan,nan,nan,0,0,0,0,0,-0.451651,0.024639,0.22204,0.0680017,0.659102,0.380172,0.557701,0.20963,nan,nan,nan,nan,nan,nan,nan,nan
8.28589,1.01784,0.0910266,-0.817513,-0.0322591,-0.0357246,0.727477,-0.00728636,0.0176797,-0.0193967,0.0333806,-0.149055,-0.0817725,nan,nan,nan,nan,nan,nan,nan,nan,nan,nan,nan,nan,nan,nan,nan,-0.0769354,-0.197363,0.0852012,0,0,-0.451651,1.01492,0.10566,0,0.0126108,Idle,,nan,nan,nan,nan,0,0,0,0,0,-0.456822,0.0259546,0.220753,0.0686046,0.663034,0.387788,0.562286,0.214182,nan,nan,nan,nan,nan,nan,nan,nan
8.29867,1.01757,0.0908823,-0.810487,-0.0423863,-0.0337474,0.745709,-0.00717103,0.016065,-0.02017,0.0136143,-0.179033,-0.087286,nan,nan,nan,nan,nan,nan,nan,nan,nan,nan,nan,nan,nan,nan,nan,-0.105274,-0.203556,0.0901362,0,0,-0.466141,1.01492,0.10566,0,0.0126108,Idle,,nan,nan,nan,nan,0,0,0,0,0,-0.46109,0.0178172,0.234042,0.0692194,0.683067,0.37752,0.569575,0.214199,nan,nan,nan,nan,nan,nan,nan,nan
8.30588,1.01728,0.090849,-0.802958,-0.0414985,-0.0287603,0.755155,-0.00701914,0.0141572,-0.020882,0.017455,-0.211759,-0.080691,nan,nan,nan,nan,nan,nan,nan,nan,nan,nan,nan,nan,nan,nan,nan,-0.105274,-0.203556,0.0901362,0,0,-0.466141,1.01492,0.10566,0,0.0126108,Idle,,nan,nan,nan,nan,0,0,0,0,0,-0.466141,0.0146623,0.226328,0.0696687,0.685342,0.386245,0.56649,0.226487,nan,nan,nan,nan,nan,nan,nan,nan
8.31696,1.01698,0.0908389,-0.795351,-0.0434731,-0.0238161,0.766185,-0.00678333,0.0120357,-0.0216307,0.0264554,-0.23549,-0.0848164,nan,nan,nan,nan,nan,nan,nan,nan,nan,nan,nan,nan,nan,nan,nan,-0.122858,-0.180477,0.0941186,0,0,-0.473167,1.01492,0.10566,0,0.0126108,Idle,,nan,nan,nan,nan,0,0,0,0,0,-0.473167,0.0185409,0.230398,0.0702126,0.693045,0.393682,0.578586,0.227356,nan,nan,nan,nan,nan,nan,nan,nan
8.32466,1.01659,0.090797,-0.786501,-0.0446586,-0.026248,0.778461,-0.00653629,0.00963735,-0.0224806,0.0275191,-0.264925,-0.0957616,nan,nan,nan,nan,nan,nan,nan,nan,nan,nan,nan,nan,nan,nan,nan,-0.122858,-0.180477,0.0941186,0,0,-0.473167,1.01492,0.10566,0,0.0126108,Idle,,nan,nan,nan,nan,0,0,0,0,0,-0.477279,0.0194621,0.233607,0.0708445,0.699405,0.396808,0.584982,0.227919,nan,nan,nan,nan,nan,nan,nan,nan
8.33588,1.01624,0.0908195,-0.778708,-0.0466604,-0.0232051,0.79327,-0.00646767,0.00726058,-0.0232124,0.00751147,-0.265371,-0.0834773,nan,nan,nan,nan,nan,nan,nan,nan,nan,nan,nan,nan,nan,nan,nan,-0.11243,-0.164011,0.0987864,0,0,-0.481798,1.01492,0.10566,0,0.0126108,Idle,,nan,nan,nan,nan,0,0,0,0,0,-0.481798,0.0125505,0.240057,0.071418,0.699405,0.396808,0.584982,0.227919,nan,nan,nan,nan,nan,nan,nan,nan
8.342,1.01544,0.0909463,-0.762918,-0.0534088,-0.013995,0.816463,-0.00679823,0.00262158,-0.0246264,-0.0150714,-0.24751,-0.08033,nan,nan,nan,nan,nan,nan,nan,nan,nan,nan,nan,nan,nan,nan,nan,-0.11243,-0.164011,0.0987864,0,0,-0.481798,1.01492,0.10566,0,0.0126108,Idle,,nan,nan,nan,nan,0,0,0,0,0,-0.481798,0.0125505,0.240057,0.071418,0.713945,0.392454,0.588597,0.232197,nan,nan,nan,nan,nan,nan,nan,nan
8.35464,1.01504,0.0910423,-0.754943,-0.0487006,-0.00295896,0.818449,-0.00668289,0.000196795,-0.0254043,0.0121694,-0.269295,-0.088296,nan,nan,nan,nan,nan,nan,nan,nan,nan,nan,nan,nan,nan,nan,nan,-0.126413,-0.1499,0.104057,0,0,-0.489719,1.01492,0.10566,0,0.0126108,Idle,,nan,nan,nan,nan,0,0,0,0,0,-0.486324,0.017396,0.2359,0.0720814,0.712767,0.404009,0.592944,0.235574,nan,nan,nan,nan,nan,nan,nan,nan
8.36265,1.01462,0.091146,-0.746924,-0.0502955,-0.00983252,0.824399,-0.00648049,-0.0025625,-0.0262306,0.0215413,-0.304968,-0.0934188,nan,nan,nan,nan,nan,nan,nan,nan,nan,nan,nan,nan,nan,nan,nan,-0.126413,-0.1499,0.104057,0,0,-0.489719,1.01492,0.10566,0,0.0126108,Idle,,nan,nan,nan,nan,0,0,0,0,0,-0.489719,0.0190496,0.235443,0.0726231,0.71521,0.40944,0.596642,0.237584,nan,nan,nan,nan,nan,nan,nan,nan
8.37782,1.01418,0.091274,-0.738864,-0.0503995,-0.00735023,0.830235,-0.00631529,-0.00539883,-0.0269757,0.0173934,-0.316812,-0.0852981,nan,nan,nan,nan,nan,nan,nan,nan,nan,nan,nan,nan,nan,nan,nan,-0.122756,-0.112082,0.109129,0,0,-0.4945,1.01492,0.10566,0,0.0126108,Idle,,nan,nan,nan,nan,0,0,0,0,0,-0.4945,0.0213791,0.253347,0.074006,0.732385,0.404592,0.614338,0.226684,nan,nan,nan,nan,nan,nan,nan,nan
8.38561,1.01373,0.0914423,-0.730781,-0.0561464,-0.00380783,0.83811,-0.0064974,-0.00811243,-0.0276998,-0.0215646,-0.301577,-0.0824479,nan,nan,nan,nan,nan,nan,nan,nan,nan,nan,nan,nan,nan,nan,nan,-0.122756,-0.112082,0.109129,0,0,-0.4945,1.01492,0.10566,0,0.0126108,Idle,,nan,nan,nan,nan,0,0,0,0,0,-0.497345,0.0161552,0.250236,0.0747658,0.737483,0.406703,0.610528,0.234664,nan,nan,nan,nan,nan,nan,nan,nan
8.39668,1.01326,0.0917307,-0.722208,-0.0570567,0.00259229,0.842775,-0.00666885,-0.0106738,-0.0284554,-0.0205987,-0.284564,-0.0858953,nan,nan,nan,nan,nan,nan,nan,nan,nan,nan,nan,nan,nan,nan,nan,-0.143905,-0.0981527,0.114523,0,0,-0.503502,1.01492,0.10566,0,0.0126108,Idle,,nan,nan,nan,nan,0,0,0,0,0,-0.497345,0.0161552,0.250236,0.0747658,0.737483,0.406703,0.610528,0.234664,nan,nan,nan,nan,nan,nan,nan,nan
8.40673,1.01278,0.0920606,-0.713636,-0.0602397,0.00990425,0.839732,-0.00660214,-0.0133549,-0.0292966,0.00528168,-0.297814,-0.0955622,nan,nan,nan,nan,nan,nan,nan,nan,nan,nan,nan,nan,nan,nan,nan,-0.143905,-0.0981527,0.114523,0,0,-0.503502,1.01492,0.10566,0,0.0126108,Idle,,nan,nan,nan,nan,0,0,0,0,0,-0.504823,0.0148326,0.246835,0.076047,0.74477,0.416934,0.613382,0.244205,nan,nan,nan,nan,nan,nan,nan,nan
8.41833,1.01229,0.0924184,-0.705067,-0.0618026,0.00204871,0.83967,-0.00635604,-0.0162757,-0.0300664,0.025005,-0.3229,-0.0872794,nan,nan,nan,nan,nan,nan,nan,nan,nan,nan,nan,nan,nan,nan,nan,-0.123776,-0.0854752,0.119038,0,0,-0.506458,1.01492,0.10566,0,0.0126108,Idle,,nan,nan,nan,nan,0,0,0,0,0,-0.506458,0.0100647,0.250748,0.0767719,0.753268,0.413156,0.613685,0.245723,nan,nan,nan,nan,nan,nan,nan,nan
8.42291,1.0113,0.0931508,-0.687933,-0.0579232,0.0189309,0.850523,-0.00661768,-0.0211177,-0.0316139,-0.0411588,-0.257169,-0.0935561,nan,nan,nan,nan,nan,nan,nan,nan,nan,nan,nan,nan,nan,nan,nan,-0.123776,-0.0854752,0.119038,0,0,-0.506458,1.01492,0.10566,0,0.0126108,Idle,,nan,nan,nan,nan,0,0,0,0,0,-0.506458,0.0100647,0.250748,0.0767719,0.753268,0.413156,0.613685,0.245723,nan,nan,nan,nan,nan,nan,nan,nan
8.43819,1.01071,0.0935799,-0.678186,-0.0594213,0.0117294,0.842675,-0.0066402,-0.0234033,-0.0324613,-0.00554877,-0.253757,-0.0959373,nan,nan,nan,nan,nan,nan,nan,nan,nan,nan,nan,nan,nan,nan,nan,-0.169598,-0.0447264,0.125353,0,0,-0.512466,1.01492,0.10566,0,0.0126108,Idle,,nan,nan,nan,nan,0,0,0,0,0,-0.512466,0.0122873,0.246622,0.0782601,0.756272,0.425143,0.616857,0.251591,nan,nan,nan,nan,nan,nan,nan,nan
8.44583,1.01021,0.0939867,-0.66968,-0.0605454,0.0103344,0.84425,-0.00661988,-0.0259151,-0.0331964,-0.000677036,-0.279078,-0.0836094,nan,nan,nan,nan,nan,nan,nan,nan,nan,nan,nan,nan,nan,nan,nan,-0.169598,-0.0447264,0.125353,0,0,-0.512466,1.01492,0.10566,0,0.0126108,Idle,,nan,nan,nan,nan,0,0,0,0,0,-0.512822,0.0125876,0.253148,0.079045,0.761816,0.421881,0.621253,0.246338,nan,nan,nan,nan,nan,nan,nan,nan
8.45861,1.00971,0.0944445,-0.661222,-0.0560736,0.0276746,0.846796,-0.00691004,-0.0280356,-0.0339071,-0.035165,-0.234253,-0.0802175,nan,nan,nan,nan,nan,nan,nan,nan,nan,nan,nan,nan,nan,nan,nan,-0.128034,-0.0326475,0.129708,0,0,-0.514947,1.01492,0.10566,0,0.0126108,Idle,,nan,nan,nan,nan,0,0,0,0,0,-0.514947,0.0200777,0.245025,0.0797354,0.75359,0.435738,0.622241,0.248219,nan,nan,nan,nan,nan,nan,nan,nan
8.46621,1.00923,0.0949487,-0.652812,-0.0553887,0.0312031,0.846914,-0.00739032,-0.0300174,-0.0347185,-0.0572915,-0.221088,-0.0922898,nan,nan,nan,nan,nan,nan,nan,nan,nan,nan,nan,nan,nan,nan,nan,-0.128034,-0.0326475,0.129708,0,0,-0.514947,1.01492,0.10566,0,0.0126108,Idle,,nan,nan,nan,nan,0,0,0,0,0,-0.517529,0.00617607,0.253679,0.0803528,0.772738,0.422988,0.620491,0.253899,nan,nan,nan,nan,nan,nan,nan,nan
8.47851,1.00873,0.0954903,-0.64443,-0.0549425,0.0307013,0.836879,-0.00757379,-0.0321126,-0.0355081,-0.0240307,-0.23258,-0.089562,nan,nan,nan,nan,nan,nan,nan,nan,nan,nan,nan,nan,nan,nan,nan,-0.163102,0.000673081,0.135475,0,0,-0.519166,1.01492,0.10566,0,0.0126108,Idle,,nan,nan,nan,nan,0,0,0,0,0,-0.519395,0.00604073,0.254467,0.0810271,0.77593,0.424876,0.622143,0.254631,nan,nan,nan,nan,nan,nan,nan,nan
8.48612,1.00825,0.0960244,-0.636082,-0.0557582,0.0265725,0.838022,-0.00751638,-0.0344389,-0.0361927,0.003007,-0.258371,-0.0780702,nan,nan,nan,nan,nan,nan,nan,nan,nan,nan,nan,nan,nan,nan,nan,-0.163102,0.000673081,0.135475,0,0,-0.519166,1.01492,0.10566,0,0.0126108,Idle,,nan,nan,nan,nan,0,0,0,0,0,-0.521129,0.0119054,0.257743,0.0817362,0.776542,0.42915,0.629629,0.249195,nan,nan,nan,nan,nan,nan,nan,nan
8.49747,1.00779,0.0965277,-0.627783,-0.0536143,0.0351928,0.842096,-0.00800557,-0.0363016,-0.0369265,-0.0581908,-0.20669,-0.0831957,nan,nan,nan,nan,nan,nan,nan,nan,nan,nan,nan,nan,nan,nan,nan,-0.165547,0.0186226,0.139929,0,0,-0.523894,1.01492,0.10566,0,0.0126108,Idle,,nan,nan,nan,nan,0,0,0,0,0,-0.523894,0.0055801,0.25949,0.0823143,0.785593,0.426786,0.628576,0.254622,nan,nan,nan,nan,nan,nan,nan,nan
8.50513,1.00735,0.0971752,-0.619043,-0.0520541,0.0339544,0.835945,-0.00831414,-0.038185,-0.037706,-0.0382016,-0.20787,-0.0879359,nan,nan,nan,nan,nan,nan,nan,nan,nan,nan,nan,nan,nan,nan,nan,-0.165547,0.0186226,0.139929,0,0,-0.523894,1.01492,0.10566,0,0.0126108,Idle,,nan,nan,nan,nan,0,0,0,0,0,-0.524525,0.013997,0.252033,0.0829381,0.775622,0.439265,0.629265,0.253948,nan,nan,nan,nan,nan,nan,nan,nan
8.51641,1.00654,0.0985787,-0.601747,-0.0485595,0.0450354,0.830955,-0.00864125,-0.0418973,-0.0390901,-0.0501252,-0.192138,-0.0785583,nan,nan,nan,nan,nan,nan,nan,nan,nan,nan,nan,nan,nan,nan,nan,-0.161609,0.0372195,0.145556,0,0,-0.524988,1.01492,0.10566,0,0.0126108,Idle,,nan,nan,nan,nan,0,0,0,0,0,-0.524525,0.013997,0.252033,0.0829381,0.775622,0.439265,0.629265,0.253948,nan,nan,nan,nan,nan,nan,nan,nan
8.5232,1.00617,0.0993319,-0.593208,-0.0447641,0.0518563,0.828863,-0.0091431,-0.0433668,-0.0398532,-0.0606136,-0.162728,-0.0863572,nan,nan,nan,nan,nan,nan,nan,nan,nan,nan,nan,nan,nan,nan,nan,-0.161609,0.0372195,0.145556,0,0,-0.524988,1.01492,0.10566,0,0.0126108,Idle,,nan,nan,nan,nan,0,0,0,0,0,-0.524988,0.011835,0.259638,0.0835635,0.783617,0.433448,0.632949,0.24994,nan,nan,nan,nan,nan,nan,nan,nan
8.53724,1.00582,0.100101,-0.584734,-0.0421569,0.0512435,0.815677,-0.00921288,-0.0450817,-0.0405384,-0.0122289,-0.190117,-0.0779857,nan,nan,nan,nan,nan,nan,nan,nan,nan,nan,nan,nan,nan,nan,nan,-0.185515,0.0650558,0.150386,0,0,-0.529055,1.01492,0.10566,0,0.0126108,Idle,,nan,nan,nan,nan,0,0,0,0,0,-0.529055,0.00354738,0.260232,0.0848088,0.795208,0.432481,0.630328,0.258205,nan,nan,nan,nan,nan,nan,nan,nan
8.54542,1.00549,0.100896,-0.576327,-0.044752,0.0581101,0.816292,-0.00945789,-0.0464987,-0.0411161,-0.0311346,-0.15625,-0.0654074,nan,nan,nan,nan,nan,nan,nan,nan,nan,nan,nan,nan,nan,nan,nan,-0.185515,0.0650558,0.150386,0,0,-0.529055,1.01492,0.10566,0,0.0126108,Idle,,nan,nan,nan,nan,0,0,0,0,0,-0.528237,0.00710887,0.252073,0.0854525,0.786745,0.440593,0.625618,0.25999,nan,nan,nan,nan,nan,nan,nan,nan
8.55587,1.00516,0.1017,-0.568008,-0.0433369,0.0589921,0.817104,-0.00997341,-0.047605,-0.0419153,-0.0629718,-0.122825,-0.0905701,nan,nan,nan,nan,nan,nan,nan,nan,nan,nan,nan,nan,nan,nan,nan,-0.185245,0.0654112,0.15428,0,0,-0.530394,1.01492,0.10566,0,0.0126108,Idle,,nan,nan,nan,nan,0,0,0,0,0,-0.530394,0.00313959,0.251294,0.0860221,0.786745,0.440593,0.625618,0.25999,nan,nan,nan,nan,nan,nan,nan,nan
8.565,1.00479,0.102601,-0.558542,-0.0411766,0.0538927,0.802303,-0.0100722,-0.0489197,-0.0426345,-0.015889,-0.145455,-0.0814738,nan,nan,nan,nan,nan,nan,nan,nan,nan,nan,nan,nan,nan,nan,nan,-0.185245,0.0654112,0.15428,0,0,-0.530394,1.01492,0.10566,0,0.0126108,Idle,,nan,nan,nan,nan,0,0,0,0,0,-0.532383,0.0113166,0.250739,0.0866899,0.788209,0.449896,0.630557,0.260869,nan,nan,nan,nan,nan,nan,nan,nan
8.57451,1.00449,0.103409,-0.550368,-0.0380841,0.0588587,0.800902,-0.0105715,-0.0500183,-0.0432802,-0.0601653,-0.121462,-0.0730801,nan,nan,nan,nan,nan,nan,nan,nan,nan,nan,nan,nan,nan,nan,nan,-0.168143,0.0884532,0.159765,0,0,-0.533008,1.01492,0.10566,0,0.0126108,Idle,,nan,nan,nan,nan,0,0,0,0,0,-0.532383,0.0113166,0.250739,0.0866899,0.788209,0.449896,0.630557,0.260869,nan,nan,nan,nan,nan,nan,nan,nan
8.58243,1.0042,0.104205,-0.542285,-0.0352289,0.0613122,0.792838,-0.0111565,-0.0508549,-0.0440448,-0.0704285,-0.0921138,-0.0860669,nan,nan,nan,nan,nan,nan,nan,nan,nan,nan,nan,nan,nan,nan,nan,-0.168143,0.0884532,0.159765,0,0,-0.533008,1.01492,0.10566,0,0.0126108,Idle,,nan,nan,nan,nan,0,0,0,0,0,-0.531372,0.0123733,0.251819,0.0873099,0.787835,0.449489,0.630438,0.257727,nan,nan,nan,nan,nan,nan,nan,nan
8.59797,1.00394,0.105042,-0.53429,-0.0356115,0.060005,0.781817,-0.0113598,-0.0518491,-0.0447383,-0.0274163,-0.109154,-0.0779783,nan,nan,nan,nan,nan,nan,nan,nan,nan,nan,nan,nan,nan,nan,nan,-0.158834,0.0933661,0.163803,0,0,-0.532828,1.01492,0.10566,0,0.0126108,Idle,,nan,nan,nan,nan,0,0,0,0,0,-0.532828,0.00976264,0.253641,0.0886152,0.793729,0.449116,0.63003,0.258438,nan,nan,nan,nan,nan,nan,nan,nan
8.6023,1.00353,0.107088,-0.517821,-0.0245632,0.0708741,0.774272,-0.0123574,-0.0532084,-0.0460853,-0.0641077,-0.0511153,-0.0813838,nan,nan,nan,nan,nan,nan,nan,nan,nan,nan,nan,nan,nan,nan,nan,-0.158834,0.0933661,0.163803,0,0,-0.532828,1.01492,0.10566,0,0.0126108,Idle,,nan,nan,nan,nan,0,0,0,0,0,-0.532828,0.00976264,0.253641,0.0886152,0.793729,0.449116,0.63003,0.258438,nan,nan,nan,nan,nan,nan,nan,nan
8.61515,1.00337,0.108167,-0.509727,-0.025712,0.0738135,0.760783,-0.0124825,-0.0539223,-0.0466812,-0.018795,-0.0784907,-0.0673731,nan,nan,nan,nan,nan,nan,nan,nan,nan,nan,nan,nan,nan,nan,nan,-0.179419,0.122731,0.169159,0,0,-0.535157,1.01492,0.10566,0,0.0126108,Idle,,nan,nan,nan,nan,0,0,0,0,0,-0.534682,0.00827514,0.251476,0.0892086,0.795697,0.452043,0.628707,0.262281,nan,nan,nan,nan,nan,nan,nan,nan
8.6254,1.00324,0.10925,-0.501729,-0.0163163,0.0807596,0.757814,-0.0128323,-0.0545044,-0.0472316,-0.0435654,-0.0638712,-0.0621552,nan,nan,nan,nan,nan,nan,nan,nan,nan,nan,nan,nan,nan,nan,nan,-0.179419,0.122731,0.169159,0,0,-0.535157,1.01492,0.10566,0,0.0126108,Idle,,nan,nan,nan,nan,0,0,0,0,0,-0.53437,0.0048253,0.251132,0.090103,0.798475,0.450429,0.624819,0.263757,nan,nan,nan,nan,nan,nan,nan,nan
8.63829,1.00314,0.110358,-0.493851,-0.0139294,0.0836073,0.75163,-0.0132972,-0.054652,-0.0478957,-0.0567813,-0.0152197,-0.0737951,nan,nan,nan,nan,nan,nan,nan,nan,nan,nan,nan,nan,nan,nan,nan,-0.195675,0.13786,0.17325,0,0,-0.535662,1.01492,0.10566,0,0.0126108,Idle,,nan,nan,nan,nan,0,0,0,0,0,-0.535662,-0.000621316,0.251255,0.0905646,0.804166,0.448244,0.621884,0.268352,nan,nan,nan,nan,nan,nan,nan,nan
8.64518,1.00308,0.111496,-0.486063,-0.0123807,0.0860607,0.737967,-0.0134642,-0.0550604,-0.0484398,-0.0232935,-0.0447325,-0.0615591,nan,nan,nan,nan,nan,nan,nan,nan,nan,nan,nan,nan,nan,nan,nan,-0.195675,0.13786,0.17325,0,0,-0.535662,1.01492,0.10566,0,0.0126108,Idle,,nan,nan,nan,nan,0,0,0,0,0,-0.535662,-0.000621316,0.251255,0.0905646,0.804166,0.448244,0.621884,0.268352,nan,nan,nan,nan,nan,nan,nan,nan
8.65813,1.00304,0.11265,-0.478365,-0.0032387,0.0927748,0.73453,-0.0138198,-0.0553044,-0.0489414,-0.043901,-0.0262368,-0.0562506,nan,nan,nan,nan,nan,nan,nan,nan,nan,nan,nan,nan,nan,nan,nan,-0.209321,0.155674,0.177797,0,0,-0.536467,1.01492,0.10566,0,0.0126108,Idle,,nan,nan,nan,nan,0,0,0,0,0,-0.535315,0.000686154,0.24799,0.0912884,0.801309,0.451854,0.619431,0.268664,nan,nan,nan,nan,nan,nan,nan,nan
8.66588,1.00303,0.113837,-0.470777,-0.00123592,0.0955157,0.729714,-0.0143084,-0.0551585,-0.0495749,-0.0595059,0.0173915,-0.0703359,nan,nan,nan,nan,nan,nan,nan,nan,nan,nan,nan,nan,nan,nan,nan,-0.209321,0.155674,0.177797,0,0,-0.536467,1.01492,0.10566,0,0.0126108,Idle,,nan,nan,nan,nan,0,0,0,0,0,-0.537259,0.00379039,0.248616,0.0916605,0.801873,0.455924,0.623639,0.267601,nan,nan,nan,nan,nan,nan,nan,nan
8.67864,1.00306,0.115052,-0.463289,-0.000430868,0.0999047,0.714845,-0.014618,-0.0552919,-0.0500268,-0.0384294,-0.0139673,-0.0505773,nan,nan,nan,nan,nan,nan,nan,nan,nan,nan,nan,nan,nan,nan,nan,-0.210745,0.144898,0.180628,0,0,-0.536085,1.01492,0.10566,0,0.0126108,Idle,,nan,nan,nan,nan,0,0,0,0,0,-0.536085,0.00437815,0.247465,0.0919775,0.799786,0.456296,0.621751,0.266507,nan,nan,nan,nan,nan,nan,nan,nan
8.68645,1.00311,0.116445,-0.454834,-0.000442997,0.104019,0.714559,-0.0152076,-0.0552455,-0.0505335,-0.0695701,0.00613328,-0.0560844,nan,nan,nan,nan,nan,nan,nan,nan,nan,nan,nan,nan,nan,nan,nan,-0.210745,0.144898,0.180628,0,0,-0.536085,1.01492,0.10566,0,0.0126108,Idle,,nan,nan,nan,nan,0,0,0,0,0,-0.538003,0.00658532,0.247838,0.0922417,0.800671,0.459775,0.625228,0.266337,nan,nan,nan,nan,nan,nan,nan,nan
8.69608,1.00333,0.11919,-0.440075,0.00731295,0.111727,0.692383,-0.01632,-0.0548773,-0.0514411,-0.0452221,0.014732,-0.0441716,nan,nan,nan,nan,nan,nan,nan,nan,nan,nan,nan,nan,nan,nan,nan,-0.20027,0.158962,0.184199,0,0,-0.536385,1.01492,0.10566,0,0.0126108,Idle,,nan,nan,nan,nan,0,0,0,0,0,-0.538003,0.00658532,0.247838,0.0922417,0.800671,0.459775,0.625228,0.266337,nan,nan,nan,nan,nan,nan,nan,nan
8.70079,1.00352,0.120658,-0.43272,0.0104747,0.112997,0.689966,-0.0171084,-0.0546289,-0.0519327,-0.0923244,0.0288193,-0.0544196,nan,nan,nan,nan,nan,nan,nan,nan,nan,nan,nan,nan,nan,nan,nan,-0.20027,0.158962,0.184199,0,0,-0.536385,1.01492,0.10566,0,0.0126108,Idle,,nan,nan,nan,nan,0,0,0,0,0,-0.536385,0.00395168,0.249536,0.0925527,0.802427,0.455405,0.622638,0.26507,nan,nan,nan,nan,nan,nan,nan,nan
8.71678,1.00372,0.122164,-0.425482,0.0182195,0.111329,0.671336,-0.0176142,-0.0541731,-0.0523307,-0.0602364,0.0517649,-0.0436054,nan,nan,nan,nan,nan,nan,nan,nan,nan,nan,nan,nan,nan,nan,nan,-0.212072,0.146418,0.186647,0,0,-0.538229,1.01492,0.10566,0,0.0126108,Idle,,nan,nan,nan,nan,0,0,0,0,0,-0.538229,-0.00147756,0.243714,0.0929561,0.804396,0.45793,0.616123,0.274465,nan,nan,nan,nan,nan,nan,nan,nan
8.72514,1.00394,0.123651,-0.418342,0.0168381,0.119939,0.667536,-0.0179722,-0.0539785,-0.0526949,-0.0432975,0.0225018,-0.0401263,nan,nan,nan,nan,nan,nan,nan,nan,nan,nan,nan,nan,nan,nan,nan,-0.212072,0.146418,0.186647,0,0,-0.538229,1.01492,0.10566,0,0.0126108,Idle,,nan,nan,nan,nan,0,0,0,0,0,-0.536052,0.00260735,0.248381,0.0932,0.802875,0.455585,0.619891,0.265855,nan,nan,nan,nan,nan,nan,nan,nan
8.73863,1.00419,0.125151,-0.411321,0.0222665,0.118484,0.663141,-0.0187129,-0.0534384,-0.0532134,-0.0874924,0.0617409,-0.0570737,nan,nan,nan,nan,nan,nan,nan,nan,nan,nan,nan,nan,nan,nan,nan,-0.207629,0.157582,0.190018,0,0,-0.537792,1.01492,0.10566,0,0.0126108,Idle,,nan,nan,nan,nan,0,0,0,0,0,-0.53717,-0.00220413,0.246814,0.0935061,0.806593,0.454715,0.616194,0.271178,nan,nan,nan,nan,nan,nan,nan,nan
8.74605,1.00445,0.126656,-0.404401,0.0281684,0.118371,0.645245,-0.0190779,-0.0530999,-0.053649,-0.0446506,0.0388394,-0.0479417,nan,nan,nan,nan,nan,nan,nan,nan,nan,nan,nan,nan,nan,nan,nan,-0.207629,0.157582,0.190018,0,0,-0.537792,1.01492,0.10566,0,0.0126108,Idle,,nan,nan,nan,nan,0,0,0,0,0,-0.537792,0.00299459,0.249355,0.0938024,0.805632,0.457513,0.621991,0.266033,nan,nan,nan,nan,nan,nan,nan,nan
8.7569,1.00474,0.128159,-0.39758,0.0282283,0.123863,0.643439,-0.019733,-0.0527868,-0.0540812,-0.076887,0.0360155,-0.0476042,nan,nan,nan,nan,nan,nan,nan,nan,nan,nan,nan,nan,nan,nan,nan,-0.21216,0.155947,0.192808,0,0,-0.53713,1.01492,0.10566,0,0.0126108,Idle,,nan,nan,nan,nan,0,0,0,0,0,-0.53713,0.0004423,0.249022,0.0942142,0.80695,0.455694,0.618877,0.266998,nan,nan,nan,nan,nan,nan,nan,nan
8.76555,1.00506,0.129681,-0.390875,0.0351182,0.126733,0.636879,-0.0203845,-0.0522642,-0.0545734,-0.076795,0.0594958,-0.0537739,nan,nan,nan,nan,nan,nan,nan,nan,nan,nan,nan,nan,nan,nan,nan,-0.21216,0.155947,0.192808,0,0,-0.53713,1.01492,0.10566,0,0.0126108,Idle,,nan,nan,nan,nan,0,0,0,0,0,-0.537403,0.00480238,0.247588,0.0945907,0.803503,0.460441,0.620843,0.264826,nan,nan,nan,nan,nan,nan,nan,nan
8.77702,1.0054,0.131218,-0.384273,0.037605,0.128541,0.619107,-0.0208973,-0.0518025,-0.0549425,-0.0602745,0.0521988,-0.0399902,nan,nan,nan,nan,nan,nan,nan,nan,nan,nan,nan,nan,nan,nan,nan,-0.212446,0.164776,0.195658,0,0,-0.535402,1.01492,0.10566,0,0.0126108,Idle,,nan,nan,nan,nan,0,0,0,0,0,-0.535402,-9.67705e-05,0.246397,0.0948851,0.804419,0.456111,0.614243,0.266834,nan,nan,nan,nan,nan,nan,nan,nan
8.78278,1.00617,0.134332,-0.371394,0.0446269,0.137003,0.609377,-0.0221947,-0.0506144,-0.0558151,-0.0808029,0.0896414,-0.0526994,nan,nan,nan,nan,nan,nan,nan,nan,nan,nan,nan,nan,nan,nan,nan,-0.212446,0.164776,0.195658,0,0,-0.535402,1.01492,0.10566,0,0.0126108,Idle,,nan,nan,nan,nan,0,0,0,0,0,-0.535402,-9.67705e-05,0.246397,0.0948851,0.804419,0.456111,0.614243,0.266834,nan,nan,nan,nan,nan,nan,nan,nan
8.79298,1.00663,0.136127,-0.364931,0.0435847,0.139193,0.593345,-0.0227087,-0.0499429,-0.0561872,-0.0605832,0.0758969,-0.0399209,nan,nan,nan,nan,nan,nan,nan,nan,nan,nan,nan,nan,nan,nan,nan,-0.222473,0.164734,0.19887,0,0,-0.536615,1.01492,0.10566,0,0.0126108,Idle,,nan,nan,nan,nan,0,0,0,0,0,-0.536707,0.00418799,0.243031,0.0952674,0.800696,0.463208,0.615817,0.267107,nan,nan,nan,nan,nan,nan,nan,nan
8.80476,1.00719,0.138124,-0.357713,0.0439807,0.141814,0.59047,-0.0235402,-0.0493501,-0.056642,-0.0968247,0.0674745,-0.0493305,nan,nan,nan,nan,nan,nan,nan,nan,nan,nan,nan,nan,nan,nan,nan,-0.222473,0.164734,0.19887,0,0,-0.536615,1.01492,0.10566,0,0.0126108,Idle,,nan,nan,nan,nan,0,0,0,0,0,-0.534939,0.00449734,0.242661,0.0960486,0.799228,0.462702,0.613226,0.264599,nan,nan,nan,nan,nan,nan,nan,nan
8.81812,1.00768,0.139939,-0.351485,0.0494129,0.138077,0.573496,-0.0243058,-0.0482384,-0.0571086,-0.0890206,0.12467,-0.0489652,nan,nan,nan,nan,nan,nan,nan,nan,nan,nan,nan,nan,nan,nan,nan,-0.219796,0.142867,0.200819,0,0,-0.536049,1.01492,0.10566,0,0.0126108,Idle,,nan,nan,nan,nan,0,0,0,0,0,-0.536049,-0.00327347,0.234685,0.0964484,0.800593,0.464357,0.602804,0.276442,nan,nan,nan,nan,nan,nan,nan,nan
8.82563,1.0082,0.141732,-0.345359,0.0493738,0.145361,0.568622,-0.0248848,-0.047446,-0.0574451,-0.0682737,0.0898965,-0.0357211,nan,nan,nan,nan,nan,nan,nan,nan,nan,nan,nan,nan,nan,nan,nan,-0.219796,0.142867,0.200819,0,0,-0.536049,1.01492,0.10566,0,0.0126108,Idle,,nan,nan,nan,nan,0,0,0,0,0,-0.533936,0.00119017,0.237128,0.0969224,0.797526,0.464146,0.605102,0.268971,nan,nan,nan,nan,nan,nan,nan,nan
8.83483,1.00874,0.143526,-0.339354,0.0551541,0.146411,0.562524,-0.0256567,-0.046285,-0.0579753,-0.0903455,0.131031,-0.0559694,nan,nan,nan,nan,nan,nan,nan,nan,nan,nan,nan,nan,nan,nan,nan,-0.218214,0.151874,0.204278,0,0,-0.534767,1.01492,0.10566,0,0.0126108,Idle,,nan,nan,nan,nan,0,0,0,0,0,-0.533936,0.00119017,0.237128,0.0969224,0.797526,0.464146,0.605102,0.268971,nan,nan,nan,nan,nan,nan,nan,nan
8.84511,1.00928,0.145325,-0.333448,0.0558498,0.144726,0.545921,-0.0263587,-0.045283,-0.0584494,-0.0821868,0.113216,-0.0501041,nan,nan,nan,nan,nan,nan,nan,nan,nan,nan,nan,nan,nan,nan,nan,-0.218214,0.151874,0.204278,0,0,-0.534767,1.01492,0.10566,0,0.0126108,Idle,,nan,nan,nan,nan,0,0,0,0,0,-0.532743,0.00339749,0.233598,0.0979467,0.793299,0.468035,0.601951,0.267687,nan,nan,nan,nan,nan,nan,nan,nan
8.85828,1.00985,0.147129,-0.327641,0.0567411,0.151566,0.543904,-0.0270591,-0.0441781,-0.0588795,-0.0816949,0.124558,-0.0448223,nan,nan,nan,nan,nan,nan,nan,nan,nan,nan,nan,nan,nan,nan,nan,-0.222485,0.135808,0.2068,0,0,-0.533899,1.01492,0.10566,0,0.0126108,Idle,,nan,nan,nan,nan,0,0,0,0,0,-0.533899,0.000711026,0.231848,0.0985249,0.795695,0.469106,0.599392,0.271401,nan,nan,nan,nan,nan,nan,nan,nan
8.86352,1.01043,0.148951,-0.321952,0.0619652,0.156437,0.536411,-0.0279419,-0.0428769,-0.0594235,-0.101958,0.146044,-0.0564956,nan,nan,nan,nan,nan,nan,nan,nan,nan,nan,nan,nan,nan,nan,nan,-0.222485,0.135808,0.2068,0,0,-0.533899,1.01492,0.10566,0,0.0126108,Idle,,nan,nan,nan,nan,0,0,0,0,0,-0.533899,0.000711026,0.231848,0.0985249,0.795695,0.469106,0.599392,0.271401,nan,nan,nan,nan,nan,nan,nan,nan
8.87576,1.01164,0.152664,-0.310888,0.0613627,0.165352,0.517558,-0.029171,-0.0403555,-0.0602366,-0.0793728,0.150389,-0.0413828,nan,nan,nan,nan,nan,nan,nan,nan,nan,nan,nan,nan,nan,nan,nan,-0.223949,0.122822,0.209421,0,0,-0.531956,1.01492,0.10566,0,0.0126108,Idle,,nan,nan,nan,nan,0,0,0,0,0,-0.533843,-0.00189248,0.230475,0.0989872,0.796971,0.468644,0.596063,0.273695,nan,nan,nan,nan,nan,nan,nan,nan
8.88464,1.01226,0.154522,-0.305524,0.0683568,0.16391,0.508417,-0.0299894,-0.0389213,-0.0607232,-0.0947239,0.161511,-0.0496601,nan,nan,nan,nan,nan,nan,nan,nan,nan,nan,nan,nan,nan,nan,nan,-0.223949,0.122822,0.209421,0,0,-0.531956,1.01492,0.10566,0,0.0126108,Idle,,nan,nan,nan,nan,0,0,0,0,0,-0.531956,-0.0041176,0.228679,0.0994066,0.795807,0.466871,0.590915,0.27423,nan,nan,nan,nan,nan,nan,nan,nan
8.89988,1.01292,0.156549,-0.300133,0.0680607,0.163649,0.495311,-0.0306294,-0.0376334,-0.0610832,-0.0742036,0.144833,-0.0359552,nan,nan,nan,nan,nan,nan,nan,nan,nan,nan,nan,nan,nan,nan,nan,-0.227001,0.129661,0.212273,0,0,-0.532164,1.01492,0.10566,0,0.0126108,Idle,,nan,nan,nan,nan,0,0,0,0,0,-0.532164,-0.00053895,0.230712,0.100223,0.795738,0.468988,0.594275,0.269654,nan,nan,nan,nan,nan,nan,nan,nan
8.90806,1.0136,0.158569,-0.294838,0.069425,0.169204,0.490276,-0.0315597,-0.036254,-0.0614373,-0.106273,0.154334,-0.0348543,nan,nan,nan,nan,nan,nan,nan,nan,nan,nan,nan,nan,nan,nan,nan,-0.227001,0.129661,0.212273,0,0,-0.532164,1.01492,0.10566,0,0.0126108,Idle,,nan,nan,nan,nan,0,0,0,0,0,-0.530752,0.00460711,0.228333,0.100488,0.789271,0.473163,0.594557,0.266019,nan,nan,nan,nan,nan,nan,nan,nan
8.91832,1.01429,0.160588,-0.289658,0.0730206,0.170167,0.485068,-0.0323635,-0.0347423,-0.0618392,-0.0933224,0.170937,-0.0399554,nan,nan,nan,nan,nan,nan,nan,nan,nan,nan,nan,nan,nan,nan,nan,-0.227751,0.115788,0.214532,0,0,-0.531299,1.01492,0.10566,0,0.0126108,Idle,,nan,nan,nan,nan,0,0,0,0,0,-0.531145,-0.00788864,0.228756,0.100723,0.799034,0.464656,0.586177,0.274714,nan,nan,nan,nan,nan,nan,nan,nan
8.92592,1.0151,0.162864,-0.283862,0.0736093,0.169057,0.471574,-0.032949,-0.0334773,-0.0621153,-0.0679422,0.142148,-0.026521,nan,nan,nan,nan,nan,nan,nan,nan,nan,nan,nan,nan,nan,nan,nan,-0.227751,0.115788,0.214532,0,0,-0.531299,1.01492,0.10566,0,0.0126108,Idle,,nan,nan,nan,nan,0,0,0,0,0,-0.531299,-0.00513276,0.229163,0.100967,0.797771,0.466715,0.588324,0.272387,nan,nan,nan,nan,nan,nan,nan,nan
8.93768,1.01581,0.164836,-0.278866,0.0705514,0.170049,0.471419,-0.0337894,-0.0322862,-0.0624377,-0.0964278,0.134103,-0.0318484,nan,nan,nan,nan,nan,nan,nan,nan,nan,nan,nan,nan,nan,nan,nan,-0.216394,0.105758,0.215243,0,0,-0.529861,1.01492,0.10566,0,0.0126108,Idle,,nan,nan,nan,nan,0,0,0,0,0,-0.529861,-0.00278213,0.233981,0.101177,0.798287,0.463741,0.591744,0.265671,nan,nan,nan,nan,nan,nan,nan,nan
8.9453,1.01649,0.166815,-0.273693,0.0690374,0.152796,0.460334,-0.0346666,-0.0309057,-0.0628644,-0.100808,0.155624,-0.0426112,nan,nan,nan,nan,nan,nan,nan,nan,nan,nan,nan,nan,nan,nan,nan,-0.216394,0.105758,0.215243,0,0,-0.529861,1.01492,0.10566,0,0.0126108,Idle,,nan,nan,nan,nan,0,0,0,0,0,-0.531018,-0.00467077,0.223517,0.10147,0.793674,0.471256,0.583877,0.275267,nan,nan,nan,nan,nan,nan,nan,nan
8.95853,1.01715,0.168668,-0.268834,0.0692255,0.161148,0.455905,-0.0352201,-0.0299141,-0.0631167,-0.0637524,0.111088,-0.0244711,nan,nan,nan,nan,nan,nan,nan,nan,nan,nan,nan,nan,nan,nan,nan,-0.190136,0.0771228,0.216551,0,0,-0.530044,1.01492,0.10566,0,0.0126108,Idle,,nan,nan,nan,nan,0,0,0,0,0,-0.529441,0.00563321,0.229376,0.101614,0.789097,0.472966,0.593583,0.262118,nan,nan,nan,nan,nan,nan,nan,nan
8.96315,1.01852,0.172417,-0.259436,0.0744696,0.160095,0.436081,-0.0368464,-0.027657,-0.0636927,-0.0888838,0.120366,-0.0310005,nan,nan,nan,nan,nan,nan,nan,nan,nan,nan,nan,nan,nan,nan,nan,-0.190136,0.0771228,0.216551,0,0,-0.530044,1.01492,0.10566,0,0.0126108,Idle,,nan,nan,nan,nan,0,0,0,0,0,-0.529441,0.00563321,0.229376,0.101614,0.789097,0.472966,0.593583,0.262118,nan,nan,nan,nan,nan,nan,nan,nan
8.97439,1.01921,0.174277,-0.254859,0.0738307,0.164925,0.431575,-0.037493,-0.0270825,-0.0638393,-0.0739382,0.0648527,-0.0143145,nan,nan,nan,nan,nan,nan,nan,nan,nan,nan,nan,nan,nan,nan,nan,-0.185121,0.0820203,0.218119,0,0,-0.528304,1.01492,0.10566,0,0.0126108,Idle,,nan,nan,nan,nan,0,0,0,0,0,-0.530038,0.00224647,0.227249,0.101715,0.790686,0.472772,0.590181,0.266513,nan,nan,nan,nan,nan,nan,nan,nan
8.98453,1.0199,0.176117,-0.250393,0.073288,0.160798,0.425098,-0.0383137,-0.0259982,-0.0640238,-0.0933804,0.121755,-0.0163214,nan,nan,nan,nan,nan,nan,nan,nan,nan,nan,nan,nan,nan,nan,nan,-0.185121,0.0820203,0.218119,0,0,-0.528304,1.01492,0.10566,0,0.0126108,Idle,,nan,nan,nan,nan,0,0,0,0,0,-0.528674,-0.00104211,0.2301,0.101756,0.793705,0.467108,0.588467,0.265416,nan,nan,nan,nan,nan,nan,nan,nan
8.99602,1.02062,0.17808,-0.245918,0.0778181,0.161976,0.408862,-0.0390135,-0.0253618,-0.0641987,-0.0794262,0.0714922,-0.0170016,nan,nan,nan,nan,nan,nan,nan,nan,nan,nan,nan,nan,nan,nan,nan,-0.183797,0.0684411,0.218636,0,0,-0.528291,1.01492,0.10566,0,0.0126108,Idle,,nan,nan,nan,nan,0,0,0,0,0,-0.528291,0.000796402,0.236276,0.101665,0.793705,0.467108,0.588467,0.265416,nan,nan,nan,nan,nan,nan,nan,nan
9.00499,1.02133,0.180033,-0.241526,0.0748866,0.162535,0.405699,-0.0396719,-0.0247138,-0.0642596,-0.0755201,0.0731037,-0.0043922,nan,nan,nan,nan,nan,nan,nan,nan,nan,nan,nan,nan,nan,nan,nan,-0.183797,0.0684411,0.218636,0,0,-0.528291,1.01492,0.10566,0,0.0126108,Idle,,nan,nan,nan,nan,0,0,0,0,0,-0.526166,0.00496799,0.232283,0.10156,0.788295,0.46711,0.59195,0.257311,nan,nan,nan,nan,nan,nan,nan,nan
9.0145,1.02206,0.181969,-0.237246,0.0748736,0.160126,0.39877,-0.0405962,-0.0239569,-0.0643777,-0.104843,0.0850746,-0.0101799,nan,nan,nan,nan,nan,nan,nan,nan,nan,nan,nan,nan,nan,nan,nan,-0.180092,0.0645788,0.218852,0,0,-0.526155,1.01492,0.10566,0,0.0126108,Idle,,nan,nan,nan,nan,0,0,0,0,0,-0.526166,0.00496799,0.232283,0.10156,0.788295,0.46711,0.59195,0.257311,nan,nan,nan,nan,nan,nan,nan,nan
9.02228,1.02277,0.183913,-0.233048,0.0752156,0.162142,0.383052,-0.0412146,-0.0235481,-0.0643975,-0.0704788,0.045915,-0.000764071,nan,nan,nan,nan,nan,nan,nan,nan,nan,nan,nan,nan,nan,nan,nan,-0.180092,0.0645788,0.218852,0,0,-0.526155,1.01492,0.10566,0,0.0126108,Idle,,nan,nan,nan,nan,0,0,0,0,0,-0.526602,0.000506972,0.240031,0.101412,0.797216,0.458764,0.594855,0.255573,nan,nan,nan,nan,nan,nan,nan,nan
9.03771,1.02349,0.185849,-0.228936,0.0741936,0.16559,0.380393,-0.0419029,-0.0230494,-0.0643962,-0.0781473,0.0557984,0.00202938,nan,nan,nan,nan,nan,nan,nan,nan,nan,nan,nan,nan,nan,nan,nan,-0.194982,0.0568382,0.219249,0,0,-0.524667,1.01492,0.10566,0,0.0126108,Idle,,nan,nan,nan,nan,0,0,0,0,0,-0.524667,-0.00184763,0.240419,0.101123,0.796933,0.454601,0.591818,0.255316,nan,nan,nan,nan,nan,nan,nan,nan
9.04303,1.02491,0.189717,-0.220982,0.0749815,0.16334,0.360365,-0.0433736,-0.0220074,-0.0645765,-0.0709404,0.0481107,-0.000484396,nan,nan,nan,nan,nan,nan,nan,nan,nan,nan,nan,nan,nan,nan,nan,-0.194982,0.0568382,0.219249,0,0,-0.524667,1.01492,0.10566,0,0.0126108,Idle,,nan,nan,nan,nan,0,0,0,0,0,-0.524667,-0.00184763,0.240419,0.101123,0.796933,0.454601,0.591818,0.255316,nan,nan,nan,nan,nan,nan,nan,nan
9.05576,1.02562,0.191622,-0.217127,0.0721359,0.167009,0.358609,-0.0441322,-0.021553,-0.0644515,-0.0855677,0.05025,0.0157235,nan,nan,nan,nan,nan,nan,nan,nan,nan,nan,nan,nan,nan,nan,nan,-0.182234,0.0560539,0.219083,0,0,-0.522451,1.01492,0.10566,0,0.0126108,Idle,,nan,nan,nan,nan,0,0,0,0,0,-0.524933,-0.00020172,0.232814,0.101047,0.79058,0.461332,0.587949,0.25987,nan,nan,nan,nan,nan,nan,nan,nan
9.0654,1.02633,0.193529,-0.213377,0.0726685,0.166251,0.355886,-0.0450456,-0.020867,-0.0645128,-0.10323,0.0769107,-0.0038116,nan,nan,nan,nan,nan,nan,nan,nan,nan,nan,nan,nan,nan,nan,nan,-0.182234,0.0560539,0.219083,0,0,-0.522451,1.01492,0.10566,0,0.0126108,Idle,,nan,nan,nan,nan,0,0,0,0,0,-0.523151,-0.000137545,0.231501,0.100657,0.787435,0.460133,0.585677,0.259359,nan,nan,nan,nan,nan,nan,nan,nan
9.07813,1.02703,0.195435,-0.209703,0.0773352,0.16816,0.338719,-0.0455227,-0.0204293,-0.0644148,-0.0542209,0.0484861,0.0127141,nan,nan,nan,nan,nan,nan,nan,nan,nan,nan,nan,nan,nan,nan,nan,-0.186846,0.0461392,0.218618,0,0,-0.523453,1.01492,0.10566,0,0.0126108,Idle,,nan,nan,nan,nan,0,0,0,0,0,-0.523453,-0.0047435,0.23193,0.100393,0.791034,0.456611,0.583289,0.262879,nan,nan,nan,nan,nan,nan,nan,nan
9.08606,1.02784,0.197548,-0.205611,0.0725535,0.164528,0.33938,-0.0462949,-0.0198289,-0.0642705,-0.0864965,0.0659875,0.0186318,nan,nan,nan,nan,nan,nan,nan,nan,nan,nan,nan,nan,nan,nan,nan,-0.186846,0.0461392,0.218618,0,0,-0.523453,1.01492,0.10566,0,0.0126108,Idle,,nan,nan,nan,nan,0,0,0,0,0,-0.52096,-0.0027951,0.230892,0.100168,0.786205,0.456004,0.581666,0.259965,nan,nan,nan,nan,nan,nan,nan,nan
9.09583,1.02854,0.199429,-0.202052,0.0734024,0.16031,0.32833,-0.0472246,-0.0190513,-0.0642719,-0.105316,0.0872187,0.00353698,nan,nan,nan,nan,nan,nan,nan,nan,nan,nan,nan,nan,nan,nan,nan,-0.176044,0.0405385,0.21795,0,0,-0.521901,1.01492,0.10566,0,0.0126108,Idle,,nan,nan,nan,nan,0,0,0,0,0,-0.52096,-0.0027951,0.230892,0.100168,0.786205,0.456004,0.581666,0.259965,nan,nan,nan,nan,nan,nan,nan,nan
9.10596,1.02923,0.201314,-0.198562,0.0772875,0.160889,0.318049,-0.0477524,-0.0185239,-0.0640836,-0.0597183,0.0579241,0.0232883,nan,nan,nan,nan,nan,nan,nan,nan,nan,nan,nan,nan,nan,nan,nan,-0.176044,0.0405385,0.21795,0,0,-0.521901,1.01492,0.10566,0,0.0126108,Idle,,nan,nan,nan,nan,0,0,0,0,0,-0.519228,-0.00162202,0.22922,0.0996606,0.781954,0.455777,0.58009,0.259091,nan,nan,nan,nan,nan,nan,nan,nan
9.11862,1.02991,0.20318,-0.19516,0.0732749,0.168011,0.318724,-0.0485207,-0.0178094,-0.0638839,-0.0864638,0.078662,0.0256108,nan,nan,nan,nan,nan,nan,nan,nan,nan,nan,nan,nan,nan,nan,nan,-0.190764,0.0371922,0.216949,0,0,-0.520452,1.01492,0.10566,0,0.0126108,Idle,,nan,nan,nan,nan,0,0,0,0,0,-0.520452,-0.00440655,0.225066,0.0992942,0.781843,0.457603,0.576775,0.265588,nan,nan,nan,nan,nan,nan,nan,nan
9.12622,1.0306,0.205036,-0.19185,0.0735557,0.165207,0.308343,-0.0492998,-0.0169892,-0.0638256,-0.0878999,0.0911355,0.010518,nan,nan,nan,nan,nan,nan,nan,nan,nan,nan,nan,nan,nan,nan,nan,-0.190764,0.0371922,0.216949,0,0,-0.520452,1.01492,0.10566,0,0.0126108,Idle,,nan,nan,nan,nan,0,0,0,0,0,-0.519038,0.00125798,0.225583,0.0990214,0.776517,0.459556,0.580005,0.260074,nan,nan,nan,nan,nan,nan,nan,nan
9.13594,1.03196,0.208758,-0.185441,0.0744623,0.167632,0.296912,-0.0505379,-0.0158818,-0.0634454,-0.0762989,0.0725337,0.0213401,nan,nan,nan,nan,nan,nan,nan,nan,nan,nan,nan,nan,nan,nan,nan,-0.163705,0.0444127,0.21589,0,0,-0.517514,1.01492,0.10566,0,0.0126108,Idle,,nan,nan,nan,nan,0,0,0,0,0,-0.519038,0.00125798,0.225583,0.0990214,0.776517,0.459556,0.580005,0.260074,nan,nan,nan,nan,nan,nan,nan,nan
9.14169,1.03262,0.210581,-0.18236,0.0729022,0.165352,0.287303,-0.0513096,-0.0152686,-0.063358,-0.086921,0.0679078,0.012793,nan,nan,nan,nan,nan,nan,nan,nan,nan,nan,nan,nan,nan,nan,nan,-0.163705,0.0444127,0.21589,0,0,-0.517514,1.01492,0.10566,0,0.0126108,Idle,,nan,nan,nan,nan,0,0,0,0,0,-0.517514,-0.00450039,0.230699,0.0987364,0.782398,0.450057,0.578311,0.25929,nan,nan,nan,nan,nan,nan,nan,nan
9.15846,1.03329,0.212409,-0.179356,0.0724204,0.156557,0.276198,-0.0517682,-0.0151082,-0.0631661,-0.0518414,0.0169331,0.0218738,nan,nan,nan,nan,nan,nan,nan,nan,nan,nan,nan,nan,nan,nan,nan,-0.175365,0.0290674,0.214458,0,0,-0.5171,1.01492,0.10566,0,0.0126108,Idle,,nan,nan,nan,nan,0,0,0,0,0,-0.5171,-0.00452783,0.233912,0.0983716,0.783911,0.446987,0.580514,0.25699,nan,nan,nan,nan,nan,nan,nan,nan
9.16608,1.03395,0.214219,-0.176421,0.0721318,0.161461,0.274315,-0.0526188,-0.0146218,-0.0630042,-0.0955186,0.0533514,0.0204547,nan,nan,nan,nan,nan,nan,nan,nan,nan,nan,nan,nan,nan,nan,nan,-0.175365,0.0290674,0.214458,0,0,-0.5171,1.01492,0.10566,0,0.0126108,Idle,,nan,nan,nan,nan,0,0,0,0,0,-0.515279,0.00812574,0.227629,0.0982587,0.768588,0.458443,0.583314,0.250773,nan,nan,nan,nan,nan,nan,nan,nan
9.17872,1.03461,0.216015,-0.173569,0.0739372,0.164488,0.266308,-0.0535658,-0.014266,-0.0628957,-0.105747,0.0389033,0.0137155,nan,nan,nan,nan,nan,nan,nan,nan,nan,nan,nan,nan,nan,nan,nan,-0.173949,0.032952,0.213553,0,0,-0.51502,1.01492,0.10566,0,0.0126108,Idle,,nan,nan,nan,nan,0,0,0,0,0,-0.515822,0.00569608,0.232871,0.0981427,0.774439,0.453444,0.585959,0.249445,nan,nan,nan,nan,nan,nan,nan,nan
9.18604,1.03527,0.217811,-0.170782,0.066499,0.159132,0.255952,-0.0541969,-0.0139691,-0.0626386,-0.0712254,0.0318226,0.0301654,nan,nan,nan,nan,nan,nan,nan,nan,nan,nan,nan,nan,nan,nan,nan,-0.173949,0.032952,0.213553,0,0,-0.51502,1.01492,0.10566,0,0.0126108,Idle,,nan,nan,nan,nan,0,0,0,0,0,-0.51502,0.00117098,0.224466,0.0980108,0.770762,0.455254,0.57615,0.257915,nan,nan,nan,nan,nan,nan,nan,nan
9.19715,1.03592,0.219606,-0.168065,0.0703172,0.160674,0.25454,-0.0550932,-0.013756,-0.0624586,-0.10047,0.0227649,0.020964,nan,nan,nan,nan,nan,nan,nan,nan,nan,nan,nan,nan,nan,nan,nan,-0.161445,0.0244203,0.211985,0,0,-0.513843,1.01492,0.10566,0,0.0126108,Idle,,nan,nan,nan,nan,0,0,0,0,0,-0.513843,-0.0003604,0.236734,0.0978483,0.77918,0.444157,0.582723,0.249312,nan,nan,nan,nan,nan,nan,nan,nan
9.2047,1.03663,0.22162,-0.165032,0.0717563,0.154985,0.24866,-0.0559198,-0.0133013,-0.0623161,-0.0927333,0.0498318,0.0183119,nan,nan,nan,nan,nan,nan,nan,nan,nan,nan,nan,nan,nan,nan,nan,-0.161445,0.0244203,0.211985,0,0,-0.513843,1.01492,0.10566,0,0.0126108,Idle,,nan,nan,nan,nan,0,0,0,0,0,-0.513843,0.0078601,0.22764,0.0977194,0.766808,0.456272,0.582237,0.250056,nan,nan,nan,nan,nan,nan,nan,nan
9.21684,1.03722,0.223381,-0.162394,0.069758,0.153792,0.239433,-0.0566669,-0.0130753,-0.0620697,-0.0837602,0.0236424,0.0284736,nan,nan,nan,nan,nan,nan,nan,nan,nan,nan,nan,nan,nan,nan,nan,-0.14151,0.0223334,0.210928,0,0,-0.511958,1.01492,0.10566,0,0.0126108,Idle,,nan,nan,nan,nan,0,0,0,0,0,-0.511958,0.00970335,0.240126,0.0976221,0.772352,0.446763,0.590579,0.238139,nan,nan,nan,nan,nan,nan,nan,nan
9.22203,1.03838,0.22678,-0.157319,0.0672733,0.151374,0.236956,-0.058726,-0.0124184,-0.0616586,-0.113826,0.0601277,0.0251653,nan,nan,nan,nan,nan,nan,nan,nan,nan,nan,nan,nan,nan,nan,nan,-0.14151,0.0223334,0.210928,0,0,-0.511958,1.01492,0.10566,0,0.0126108,Idle,,nan,nan,nan,nan,0,0,0,0,0,-0.511958,0.00970335,0.240126,0.0976221,0.772352,0.446763,0.590579,0.238139,nan,nan,nan,nan,nan,nan,nan,nan
9.23462,1.03896,0.228459,-0.154848,0.0682519,0.147781,0.23062,-0.0594979,-0.012465,-0.061421,-0.0864519,-0.00670855,0.0257986,nan,nan,nan,nan,nan,nan,nan,nan,nan,nan,nan,nan,nan,nan,nan,-0.131974,0.0192956,0.20907,0,0,-0.512616,1.01492,0.10566,0,0.0126108,Idle,,nan,nan,nan,nan,0,0,0,0,0,-0.513817,0.00903395,0.225143,0.0974732,0.76394,0.458595,0.581523,0.251211,nan,nan,nan,nan,nan,nan,nan,nan
9.24274,1.03953,0.230101,-0.152426,0.0698272,0.157186,0.232617,-0.0605384,-0.0121764,-0.0611707,-0.116325,0.0304314,0.0294608,nan,nan,nan,nan,nan,nan,nan,nan,nan,nan,nan,nan,nan,nan,nan,-0.131974,0.0192956,0.20907,0,0,-0.512616,1.01492,0.10566,0,0.0126108,Idle,,nan,nan,nan,nan,0,0,0,0,0,-0.512616,0.00898968,0.239138,0.0973523,0.772545,0.447345,0.590303,0.240269,nan,nan,nan,nan,nan,nan,nan,nan
9.25779,1.04009,0.231739,-0.150058,0.0711144,0.155975,0.227139,-0.0614607,-0.011878,-0.0610176,-0.103252,0.032137,0.0187551,nan,nan,nan,nan,nan,nan,nan,nan,nan,nan,nan,nan,nan,nan,nan,-0.153608,0.0259409,0.208489,0,0,-0.513224,1.01492,0.10566,0,0.0126108,Idle,,nan,nan,nan,nan,0,0,0,0,0,-0.513224,0.00184495,0.242556,0.0971938,0.780464,0.440326,0.588433,0.243673,nan,nan,nan,nan,nan,nan,nan,nan
9.26557,1.04067,0.233387,-0.147752,0.0672737,0.153105,0.217073,-0.0622166,-0.0119016,-0.0607431,-0.0840959,-0.0044738,0.0299231,nan,nan,nan,nan,nan,nan,nan,nan,nan,nan,nan,nan,nan,nan,nan,-0.153608,0.0259409,0.208489,0,0,-0.513224,1.01492,0.10566,0,0.0126108,Idle,,nan,nan,nan,nan,0,0,0,0,0,-0.512634,0.00491587,0.230472,0.0970854,0.769049,0.450343,0.581582,0.24956,nan,nan,nan,nan,nan,nan,nan,nan
9.27484,1.04123,0.235024,-0.145496,0.0676058,0.154857,0.217779,-0.0630813,-0.0116138,-0.0604835,-0.0971394,0.0303278,0.0307499,nan,nan,nan,nan,nan,nan,nan,nan,nan,nan,nan,nan,nan,nan,nan,-0.142991,0.0203311,0.206423,0,0,-0.511818,1.01492,0.10566,0,0.0126108,Idle,,nan,nan,nan,nan,0,0,0,0,0,-0.512634,0.00491587,0.230472,0.0970854,0.769049,0.450343,0.581582,0.24956,nan,nan,nan,nan,nan,nan,nan,nan
9.2901,1.04178,0.23662,-0.143301,0.0687451,0.153634,0.216598,-0.0642061,-0.0115175,-0.06029,-0.125664,0.00933019,0.0219382,nan,nan,nan,nan,nan,nan,nan,nan,nan,nan,nan,nan,nan,nan,nan,-0.142991,0.0203311,0.206423,0,0,-0.511818,1.01492,0.10566,0,0.0126108,Idle,,nan,nan,nan,nan,0,0,0,0,0,-0.51206,0.00657283,0.234493,0.0968826,0.769945,0.447895,0.585225,0.245175,nan,nan,nan,nan,nan,nan,nan,nan
9.29811,1.04231,0.238207,-0.14114,0.0661754,0.145923,0.202183,-0.0648615,-0.0113284,-0.060019,-0.0732516,0.019055,0.0312309,nan,nan,nan,nan,nan,nan,nan,nan,nan,nan,nan,nan,nan,nan,nan,-0.11238,0.017292,0.204669,0,0,-0.509424,1.01492,0.10566,0,0.0126108,Idle,,nan,nan,nan,nan,0,0,0,0,0,-0.509424,0.00534989,0.235611,0.0967636,0.768845,0.443484,0.582635,0.24273,nan,nan,nan,nan,nan,nan,nan,nan
9.30298,1.04332,0.241251,-0.137038,0.0600536,0.144201,0.204247,-0.0667684,-0.0110605,-0.0595278,-0.10847,0.0413338,0.0227321,nan,nan,nan,nan,nan,nan,nan,nan,nan,nan,nan,nan,nan,nan,nan,-0.11238,0.017292,0.204669,0,0,-0.509424,1.01492,0.10566,0,0.0126108,Idle,,nan,nan,nan,nan,0,0,0,0,0,-0.509424,0.00534989,0.235611,0.0967636,0.768845,0.443484,0.582635,0.24273,nan,nan,nan,nan,nan,nan,nan,nan
9.31584,1.0438,0.242703,-0.135082,0.0655934,0.13427,0.19241,-0.0674148,-0.0111852,-0.0592585,-0.0724736,-0.016052,0.0289516,nan,nan,nan,nan,nan,nan,nan,nan,nan,nan,nan,nan,nan,nan,nan,-0.108698,0.0041947,0.202262,0,0,-0.510825,1.01492,0.10566,0,0.0126108,Idle,,nan,nan,nan,nan,0,0,0,0,0,-0.509714,0.00703293,0.229224,0.0966483,0.763314,0.449364,0.579716,0.246459,nan,nan,nan,nan,nan,nan,nan,nan
9.32561,1.04428,0.244137,-0.133147,0.0590143,0.133458,0.187126,-0.0681464,-0.0112385,-0.0589027,-0.0814548,-0.00872726,0.0389515,nan,nan,nan,nan,nan,nan,nan,nan,nan,nan,nan,nan,nan,nan,nan,-0.108698,0.0041947,0.202262,0,0,-0.510825,1.01492,0.10566,0,0.0126108,Idle,,nan,nan,nan,nan,0,0,0,0,0,-0.508621,0.00936866,0.24022,0.0964159,0.768113,0.441916,0.58828,0.236176,nan,nan,nan,nan,nan,nan,nan,nan
9.33871,1.04481,0.245724,-0.131025,0.0594202,0.136668,0.186286,-0.0690418,-0.0109952,-0.0587011,-0.0998496,0.0253796,0.024085,nan,nan,nan,nan,nan,nan,nan,nan,nan,nan,nan,nan,nan,nan,nan,-0.0851923,0.00530086,0.200701,0,0,-0.50809,1.01492,0.10566,0,0.0126108,Idle,,nan,nan,nan,nan,0,0,0,0,0,-0.50809,0.00784078,0.234748,0.0963364,0.764714,0.444094,0.582882,0.240671,nan,nan,nan,nan,nan,nan,nan,nan
9.34629,1.04528,0.24714,-0.129234,0.0581823,0.134028,0.17289,-0.069733,-0.011314,-0.0584539,-0.0770427,-0.0374548,0.0248476,nan,nan,nan,nan,nan,nan,nan,nan,nan,nan,nan,nan,nan,nan,nan,-0.0851923,0.00530086,0.200701,0,0,-0.50809,1.01492,0.10566,0,0.0126108,Idle,,nan,nan,nan,nan,0,0,0,0,0,-0.508601,0.00280095,0.244368,0.0962772,0.775532,0.43418,0.586687,0.238007,nan,nan,nan,nan,nan,nan,nan,nan
9.35812,1.04573,0.248538,-0.127494,0.0573594,0.137258,0.171781,-0.0701245,-0.0114755,-0.0580748,-0.04323,-0.0209076,0.0405052,nan,nan,nan,nan,nan,nan,nan,nan,nan,nan,nan,nan,nan,nan,nan,-0.10904,0.0098096,0.199006,0,0,-0.506644,1.01492,0.10566,0,0.0126108,Idle,,nan,nan,nan,nan,0,0,0,0,0,-0.506296,0.00334571,0.231903,0.0961775,0.763929,0.440974,0.576058,0.244224,nan,nan,nan,nan,nan,nan,nan,nan
9.36474,1.04618,0.24988,-0.125818,0.0538382,0.13244,0.172371,-0.0707218,-0.0116497,-0.0577651,-0.0667747,-0.02203,0.0330666,nan,nan,nan,nan,nan,nan,nan,nan,nan,nan,nan,nan,nan,nan,nan,-0.10904,0.0098096,0.199006,0,0,-0.506644,1.01492,0.10566,0,0.0126108,Idle,,nan,nan,nan,nan,0,0,0,0,0,-0.506296,0.00334571,0.231903,0.0961775,0.763929,0.440974,0.576058,0.244224,nan,nan,nan,nan,nan,nan,nan,nan
9.37779,1.04659,0.251195,-0.124181,0.0530289,0.124916,0.162704,-0.0712014,-0.0117647,-0.0575044,-0.0533523,-0.0149703,0.0279268,nan,nan,nan,nan,nan,nan,nan,nan,nan,nan,nan,nan,nan,nan,nan,-0.076426,0.00655718,0.196729,0,0,-0.505229,1.01492,0.10566,0,0.0126108,Idle,,nan,nan,nan,nan,0,0,0,0,0,-0.505229,0.00909938,0.229836,0.0958774,0.757032,0.445137,0.577899,0.240849,nan,nan,nan,nan,nan,nan,nan,nan
9.38567,1.04701,0.252465,-0.12259,0.055601,0.124718,0.155219,-0.0715084,-0.0122113,-0.0570714,-0.0338797,-0.053176,0.0444282,nan,nan,nan,nan,nan,nan,nan,nan,nan,nan,nan,nan,nan,nan,nan,-0.076426,0.00655718,0.196729,0,0,-0.505229,1.01492,0.10566,0,0.0126108,Idle,,nan,nan,nan,nan,0,0,0,0,0,-0.504166,-0.000465398,0.245186,0.0957744,0.773483,0.426353,0.581025,0.235803,nan,nan,nan,nan,nan,nan,nan,nan
9.39658,1.0478,0.254789,-0.11966,0.0500219,0.117321,0.150155,-0.0724955,-0.0122379,-0.0565775,-0.055477,0.00101931,0.0239943,nan,nan,nan,nan,nan,nan,nan,nan,nan,nan,nan,nan,nan,nan,nan,-0.0880468,0.00389889,0.194733,0,0,-0.505535,1.01492,0.10566,0,0.0126108,Idle,,nan,nan,nan,nan,0,0,0,0,0,-0.504166,-0.000465398,0.245186,0.0957744,0.773483,0.426353,0.581025,0.235803,nan,nan,nan,nan,nan,nan,nan,nan
9.40363,1.04818,0.255865,-0.118291,0.0520912,0.115064,0.141588,-0.0725701,-0.0126754,-0.0562146,-0.00783199,-0.0519943,0.037008,nan,nan,nan,nan,nan,nan,nan,nan,nan,nan,nan,nan,nan,nan,nan,-0.0880468,0.00389889,0.194733,0,0,-0.505535,1.01492,0.10566,0,0.0126108,Idle,,nan,nan,nan,nan,0,0,0,0,0,-0.505535,0.0084928,0.229282,0.0957074,0.757205,0.445236,0.577555,0.242146,nan,nan,nan,nan,nan,nan,nan,nan
9.41737,1.04855,0.256921,-0.116986,0.0497913,0.117323,0.142045,-0.0729149,-0.0124721,-0.0559425,-0.037974,0.0201629,0.0319347,nan,nan,nan,nan,nan,nan,nan,nan,nan,nan,nan,nan,nan,nan,nan,-0.0683376,0.0193383,0.19377,0,0,-0.502285,1.01492,0.10566,0,0.0126108,Idle,,nan,nan,nan,nan,0,0,0,0,0,-0.503684,0.00448183,0.242489,0.095691,0.767513,0.431193,0.58222,0.233811,nan,nan,nan,nan,nan,nan,nan,nan
9.42747,1.0489,0.257946,-0.115737,0.0506996,0.112263,0.135306,-0.0734707,-0.0128069,-0.0557873,-0.0616081,-0.0386515,0.0145847,nan,nan,nan,nan,nan,nan,nan,nan,nan,nan,nan,nan,nan,nan,nan,-0.0683376,0.0193383,0.19377,0,0,-0.502285,1.01492,0.10566,0,0.0126108,Idle,,nan,nan,nan,nan,0,0,0,0,0,-0.502825,0.0102175,0.251905,0.0957822,0.769348,0.427823,0.591981,0.222151,nan,nan,nan,nan,nan,nan,nan,nan
9.43672,1.04924,0.258952,-0.114534,0.0466277,0.108516,0.123283,-0.0735884,-0.0131096,-0.0554753,-0.0125762,-0.0363846,0.0322523,nan,nan,nan,nan,nan,nan,nan,nan,nan,nan,nan,nan,nan,nan,nan,-0.0697124,0.0214956,0.192609,0,0,-0.501631,1.01492,0.10566,0,0.0126108,Idle,,nan,nan,nan,nan,0,0,0,0,0,-0.501631,0.00884858,0.238286,0.095855,0.769348,0.427823,0.591981,0.222151,nan,nan,nan,nan,nan,nan,nan,nan
9.44572,1.04964,0.260101,-0.113172,0.0466452,0.106186,0.130052,-0.0740105,-0.0134507,-0.0551477,-0.0461754,-0.0405676,0.0334894,nan,nan,nan,nan,nan,nan,nan,nan,nan,nan,nan,nan,nan,nan,nan,-0.0697124,0.0214956,0.192609,0,0,-0.501631,1.01492,0.10566,0,0.0126108,Idle,,nan,nan,nan,nan,0,0,0,0,0,-0.499442,0.00635776,0.251702,0.0958814,0.76865,0.421952,0.585628,0.221538,nan,nan,nan,nan,nan,nan,nan,nan
9.45467,1.04998,0.261008,-0.112058,0.0439982,0.0965265,0.121634,-0.0745434,-0.013742,-0.0549839,-0.0592876,-0.0340977,0.0159648,nan,nan,nan,nan,nan,nan,nan,nan,nan,nan,nan,nan,nan,nan,nan,-0.0387897,0.0140277,0.19011,0,0,-0.499396,1.01492,0.10566,0,0.0126108,Idle,,nan,nan,nan,nan,0,0,0,0,0,-0.499442,0.00635776,0.251702,0.0958814,0.76865,0.421952,0.585628,0.221538,nan,nan,nan,nan,nan,nan,nan,nan
9.46361,1.05029,0.2619,-0.110966,0.0476435,0.0943429,0.112165,-0.0748142,-0.0142201,-0.0546872,-0.0295673,-0.0557816,0.0290777,nan,nan,nan,nan,nan,nan,nan,nan,nan,nan,nan,nan,nan,nan,nan,-0.0387897,0.0140277,0.19011,0,0,-0.499396,1.01492,0.10566,0,0.0126108,Idle,,nan,nan,nan,nan,0,0,0,0,0,-0.497768,0.0196864,0.249011,0.095931,0.763395,0.43054,0.583151,0.227219,nan,nan,nan,nan,nan,nan,nan,nan
9.47796,1.05062,0.262777,-0.109938,0.0475866,0.095983,0.112228,-0.0753775,-0.0148381,-0.0542995,-0.0619464,-0.0720728,0.0379912,nan,nan,nan,nan,nan,nan,nan,nan,nan,nan,nan,nan,nan,nan,nan,-0.0534801,0.0313837,0.189557,0,0,-0.498142,1.01492,0.10566,0,0.0126108,Idle,,nan,nan,nan,nan,0,0,0,0,0,-0.498142,0.00514823,0.243368,0.095893,0.762324,0.425701,0.577572,0.226971,nan,nan,nan,nan,nan,nan,nan,nan
9.48255,1.05125,0.264475,-0.108002,0.0428859,0.0881792,0.0977627,-0.0761427,-0.0155212,-0.0537692,-0.0299608,-0.0845252,0.0329768,nan,nan,nan,nan,nan,nan,nan,nan,nan,nan,nan,nan,nan,nan,nan,-0.0534801,0.0313837,0.189557,0,0,-0.498142,1.01492,0.10566,0,0.0126108,Idle,,nan,nan,nan,nan,0,0,0,0,0,-0.498142,0.00514823,0.243368,0.095893,0.762324,0.425701,0.577572,0.226971,nan,nan,nan,nan,nan,nan,nan,nan
9.49531,1.05154,0.265185,-0.107219,0.0423751,0.0898335,0.0991356,-0.0763089,-0.0158351,-0.0534141,-0.0177904,-0.0382836,0.0370804,nan,nan,nan,nan,nan,nan,nan,nan,nan,nan,nan,nan,nan,nan,nan,-0.0398185,0.0241818,0.186901,0,0,-0.49553,1.01492,0.10566,0,0.0126108,Idle,,nan,nan,nan,nan,0,0,0,0,0,-0.497453,0.00897509,0.249567,0.0958213,0.763241,0.423262,0.584042,0.219265,nan,nan,nan,nan,nan,nan,nan,nan
9.50566,1.05182,0.265857,-0.106468,0.0394552,0.0840168,0.100221,-0.0765359,-0.015973,-0.0531515,-0.0243102,-0.0178241,0.0283271,nan,nan,nan,nan,nan,nan,nan,nan,nan,nan,nan,nan,nan,nan,nan,-0.0398185,0.0241818,0.186901,0,0,-0.49553,1.01492,0.10566,0,0.0126108,Idle,,nan,nan,nan,nan,0,0,0,0,0,-0.496091,-0.000217301,0.241529,0.0956236,0.762498,0.420887,0.570698,0.230282,nan,nan,nan,nan,nan,nan,nan,nan
9.51856,1.05211,0.266493,-0.105736,0.042292,0.0746828,0.0926024,-0.0764847,-0.0162508,-0.0528073,0.00682569,-0.0340582,0.0362077,nan,nan,nan,nan,nan,nan,nan,nan,nan,nan,nan,nan,nan,nan,nan,-0.0398177,0.0209859,0.185018,0,0,-0.496324,1.01492,0.10566,0,0.0126108,Idle,,nan,nan,nan,nan,0,0,0,0,0,-0.496324,0.000249623,0.241986,0.0954894,0.76259,0.420992,0.571718,0.229995,nan,nan,nan,nan,nan,nan,nan,nan
9.52594,1.05236,0.267095,-0.105,0.040143,0.0755208,0.0895635,-0.0764524,-0.0165344,-0.0524123,0.00484435,-0.0351325,0.041798,nan,nan,nan,nan,nan,nan,nan,nan,nan,nan,nan,nan,nan,nan,nan,-0.0398177,0.0209859,0.185018,0,0,-0.496324,1.01492,0.10566,0,0.0126108,Idle,,nan,nan,nan,nan,0,0,0,0,0,-0.494722,0.0120541,0.238578,0.0953871,0.750129,0.430045,0.576158,0.222557,nan,nan,nan,nan,nan,nan,nan,nan
9.53778,1.05261,0.267657,-0.1043,0.0361741,0.077624,0.0952765,-0.0768451,-0.0166714,-0.0521123,-0.042425,-0.0179574,0.0323308,nan,nan,nan,nan,nan,nan,nan,nan,nan,nan,nan,nan,nan,nan,nan,-0.0463723,0.0201935,0.182543,0,0,-0.495811,1.01492,0.10566,0,0.0126108,Idle,,nan,nan,nan,nan,0,0,0,0,0,-0.494388,-0.00211898,0.244228,0.0952832,0.763708,0.415589,0.569899,0.228355,nan,nan,nan,nan,nan,nan,nan,nan
9.54534,1.05284,0.268176,-0.103628,0.0348759,0.0696227,0.0886309,-0.0767046,-0.0166162,-0.0518333,0.0167787,0.00349331,0.031973,nan,nan,nan,nan,nan,nan,nan,nan,nan,nan,nan,nan,nan,nan,nan,-0.0463723,0.0201935,0.182543,0,0,-0.495811,1.01492,0.10566,0,0.0126108,Idle,,nan,nan,nan,nan,0,0,0,0,0,-0.494409,0.00562049,0.230679,0.095141,0.748534,0.430522,0.565959,0.232621,nan,nan,nan,nan,nan,nan,nan,nan
9.55886,1.05307,0.268688,-0.102983,0.0343643,0.0672732,0.0810379,-0.0764474,-0.0169178,-0.0514076,0.0299975,-0.0373963,0.0450664,nan,nan,nan,nan,nan,nan,nan,nan,nan,nan,nan,nan,nan,nan,nan,-0.0276853,0.022522,0.18097,0,0,-0.493019,1.01492,0.10566,0,0.0126108,Idle,,nan,nan,nan,nan,0,0,0,0,0,-0.493019,0.00438357,0.237943,0.0949691,0.752983,0.422949,0.569001,0.227143,nan,nan,nan,nan,nan,nan,nan,nan
9.56632,1.0533,0.269194,-0.102377,0.0372954,0.0746785,0.0814139,-0.07677,-0.016761,-0.0510611,-0.0347305,0.0141918,0.0401667,nan,nan,nan,nan,nan,nan,nan,nan,nan,nan,nan,nan,nan,nan,nan,-0.0276853,0.022522,0.18097,0,0,-0.493019,1.01492,0.10566,0,0.0126108,Idle,,nan,nan,nan,nan,0,0,0,0,0,-0.493507,-0.00309296,0.232253,0.0948329,0.754599,0.422037,0.560318,0.237076,nan,nan,nan,nan,nan,nan,nan,nan
9.57863,1.05357,0.26975,-0.101721,0.0354954,0.0611817,0.0739577,-0.0766788,-0.0164956,-0.0507709,0.0112623,0.0267285,0.0348638,nan,nan,nan,nan,nan,nan,nan,nan,nan,nan,nan,nan,nan,nan,nan,-0.0203262,0.0304271,0.179188,0,0,-0.491728,1.01492,0.10566,0,0.0126108,Idle,,nan,nan,nan,nan,0,0,0,0,0,-0.493507,-0.00192876,0.237233,0.0946657,0.75713,0.419172,0.564827,0.2329,nan,nan,nan,nan,nan,nan,nan,nan
9.5813,1.054,0.27061,-0.100647,0.0332777,0.0654598,0.0776385,-0.0762988,-0.0164474,-0.0501268,0.01187,0.00977513,0.0356968,nan,nan,nan,nan,nan,nan,nan,nan,nan,nan,nan,nan,nan,nan,nan,-0.0203262,0.0304271,0.179188,0,0,-0.491728,1.01492,0.10566,0,0.0126108,Idle,,nan,nan,nan,nan,0,0,0,0,0,-0.493507,-0.00192876,0.237233,0.0946657,0.75713,0.419172,0.564827,0.2329,nan,nan,nan,nan,nan,nan,nan,nan
9.5975,1.05418,0.270866,-0.100227,0.0321892,0.0569233,0.0730892,-0.07629,-0.0160187,-0.0498892,0.00197551,0.0453294,0.0303966,nan,nan,nan,nan,nan,nan,nan,nan,nan,nan,nan,nan,nan,nan,nan,-0.0483612,0.0237666,0.177016,0,0,-0.492914,1.01492,0.10566,0,0.0126108,Idle,,nan,nan,nan,nan,0,0,0,0,0,-0.492914,0.00502277,0.230077,0.0945062,0.746402,0.428395,0.564252,0.232609,nan,nan,nan,nan,nan,nan,nan,nan
9.60419,1.05437,0.271134,-0.0998192,0.027823,0.0518755,0.0680611,-0.0760194,-0.0157564,-0.0496126,0.0314961,0.0264872,0.0334327,nan,nan,nan,nan,nan,nan,nan,nan,nan,nan,nan,nan,nan,nan,nan,-0.0483612,0.0237666,0.177016,0,0,-0.492914,1.01492,0.10566,0,0.0126108,Idle,,nan,nan,nan,nan,0,0,0,0,0,-0.491835,0.00679815,0.23389,0.0944386,0.746696,0.425807,0.567191,0.227646,nan,nan,nan,nan,nan,nan,nan,nan
9.61855,1.05454,0.2714,-0.0994182,0.0338833,0.0560663,0.0683838,-0.0759853,-0.0156178,-0.0492887,0.00523151,0.0123512,0.0376396,nan,nan,nan,nan,nan,nan,nan,nan,nan,nan,nan,nan,nan,nan,nan,-0.0397118,0.0320792,0.175395,0,0,-0.491127,1.01492,0.10566,0,0.0126108,Idle,,nan,nan,nan,nan,0,0,0,0,0,-0.490817,0.0102806,0.231971,0.0944021,0.741822,0.428572,0.567316,0.225557,nan,nan,nan,nan,nan,nan,nan,nan
9.62608,1.0547,0.27163,-0.0990424,0.0328359,0.0506759,0.070158,-0.0760185,-0.0150209,-0.0490436,-0.00240898,0.0635841,0.0325971,nan,nan,nan,nan,nan,nan,nan,nan,nan,nan,nan,nan,nan,nan,nan,-0.0397118,0.0320792,0.175395,0,0,-0.491127,1.01492,0.10566,0,0.0126108,Idle,,nan,nan,nan,nan,0,0,0,0,0,-0.491127,-0.00267868,0.233867,0.0943736,0.752609,0.418348,0.559832,0.233719,nan,nan,nan,nan,nan,nan,nan,nan
9.63684,1.05487,0.271833,-0.0986772,0.033056,0.040366,0.0607138,-0.0758431,-0.0148056,-0.0488069,0.020901,0.0217289,0.0287457,nan,nan,nan,nan,nan,nan,nan,nan,nan,nan,nan,nan,nan,nan,nan,-0.00347713,0.0279593,0.173319,0,0,-0.489323,1.01492,0.10566,0,0.0126108,Idle,,nan,nan,nan,nan,0,0,0,0,0,-0.489323,0.0124676,0.227039,0.0943194,0.735212,0.432029,0.563967,0.226084,nan,nan,nan,nan,nan,nan,nan,nan
9.64573,1.05504,0.272,-0.098287,0.030475,0.0352138,0.0623517,-0.075648,-0.0142692,-0.0484684,0.0231466,0.056418,0.0426088,nan,nan,nan,nan,nan,nan,nan,nan,nan,nan,nan,nan,nan,nan,nan,-0.00347713,0.0279593,0.173319,0,0,-0.489323,1.01492,0.10566,0,0.0126108,Idle,,nan,nan,nan,nan,0,0,0,0,0,-0.489647,0.00501574,0.22713,0.0942415,0.740792,0.426941,0.559164,0.231691,nan,nan,nan,nan,nan,nan,nan,nan
9.65589,1.0552,0.27214,-0.097913,0.0265724,0.0453373,0.0654426,-0.0756748,-0.0135427,-0.0481728,-0.00167151,0.077908,0.039419,nan,nan,nan,nan,nan,nan,nan,nan,nan,nan,nan,nan,nan,nan,nan,-0.0396351,0.004804,0.170508,0,0,-0.490715,1.01492,0.10566,0,0.0126108,Idle,,nan,nan,nan,nan,0,0,0,0,0,-0.490715,0.00308779,0.226121,0.094073,0.740792,0.426941,0.559164,0.231691,nan,nan,nan,nan,nan,nan,nan,nan
9.6642,1.05548,0.2724,-0.097211,0.0179236,0.0339747,0.0597073,-0.0752248,-0.0123009,-0.0475204,0.049019,0.0532331,0.0478247,nan,nan,nan,nan,nan,nan,nan,nan,nan,nan,nan,nan,nan,nan,nan,-0.0396351,0.004804,0.170508,0,0,-0.490715,1.01492,0.10566,0,0.0126108,Idle,,nan,nan,nan,nan,0,0,0,0,0,-0.490715,0.00308779,0.226121,0.094073,0.742341,0.427191,0.558322,0.235005,nan,nan,nan,nan,nan,nan,nan,nan
9.67488,1.05561,0.272528,-0.0968701,0.0205439,0.0385299,0.0598758,-0.0751374,-0.0118689,-0.0471413,0.011144,0.0447686,0.0464344,nan,nan,nan,nan,nan,nan,nan,nan,nan,nan,nan,nan,nan,nan,nan,-0.0149946,-0.018388,0.166809,0,0,-0.489416,1.01492,0.10566,0,0.0126108,Idle,,nan,nan,nan,nan,0,0,0,0,0,-0.490289,-0.002174,0.223123,0.0938388,0.743282,0.42493,0.552292,0.240653,nan,nan,nan,nan,nan,nan,nan,nan
9.68279,1.05571,0.272611,-0.096544,0.0218633,0.037307,0.0667101,-0.0749683,-0.0109494,-0.0469008,0.0199727,0.0998512,0.0348608,nan,nan,nan,nan,nan,nan,nan,nan,nan,nan,nan,nan,nan,nan,nan,-0.0149946,-0.018388,0.166809,0,0,-0.489416,1.01492,0.10566,0,0.0126108,Idle,,nan,nan,nan,nan,0,0,0,0,0,-0.489416,0.00333531,0.22837,0.0936204,0.742005,0.424024,0.559241,0.232393,nan,nan,nan,nan,nan,nan,nan,nan
9.698,1.05583,0.272632,-0.0962067,0.0183988,0.0244669,0.0572493,-0.0747424,-0.0105437,-0.046621,0.0263106,0.0424697,0.0349136,nan,nan,nan,nan,nan,nan,nan,nan,nan,nan,nan,nan,nan,nan,nan,-0.0369754,-0.00283897,0.166245,0,0,-0.491049,1.01492,0.10566,0,0.0126108,Idle,,nan,nan,nan,nan,0,0,0,0,0,-0.491049,0.00173393,0.233525,0.0933312,0.748127,0.420591,0.563674,0.231806,nan,nan,nan,nan,nan,nan,nan,nan
9.70549,1.0559,0.272594,-0.0959779,0.0238158,0.0331371,0.0585904,-0.0742688,-0.010053,-0.04626,0.0542201,0.0511512,0.0447474,nan,nan,nan,nan,nan,nan,nan,nan,nan,nan,nan,nan,nan,nan,nan,-0.0369754,-0.00283897,0.166245,0,0,-0.491049,1.01492,0.10566,0,0.0126108,Idle,,nan,nan,nan,nan,0,0,0,0,0,-0.488866,0.00182945,0.222231,0.0932076,0.737766,0.426337,0.553701,0.237659,nan,nan,nan,nan,nan,nan,nan,nan
9.71494,1.05597,0.272519,-0.095761,0.0259915,0.0286643,0.0625343,-0.0741951,-0.00931256,-0.0459632,0.0095294,0.0790201,0.0394545,nan,nan,nan,nan,nan,nan,nan,nan,nan,nan,nan,nan,nan,nan,nan,-0.0295807,0.0106895,0.164718,0,0,-0.490147,1.01492,0.10566,0,0.0126108,Idle,,nan,nan,nan,nan,0,0,0,0,0,-0.488866,0.00182945,0.222231,0.0932076,0.737766,0.426337,0.553701,0.237659,nan,nan,nan,nan,nan,nan,nan,nan
